=== PIPELINE compound overlap run_id=compound_overlap_20260719_1735 per_pe1=2 ===
Traceback (most recent call last):
  File "/home/brain/deca-isro/scripts/deca_compound_overlap_campaign.py", line 171, in <module>
    main()
  File "/home/brain/deca-isro/scripts/deca_compound_overlap_campaign.py", line 145, in main
    parser.add_argument("--rest-max", type=float, default=REST_BETWEEN_MAX[0])
NameError: name 'REST_BETWEEN_MAX' is not defined. Did you mean: 'REST_BETWEEN_MIN'?
=== PIPELINE compound overlap run_id=compound_overlap_20260719_1735 per_pe1=2 ===
[2026-07-19T12:05:23.070181+00:00] Run directory: /home/brain/deca-isro/data/rpi-net/runs/compound_overlap_20260719_1735
[2026-07-19T12:05:23.070268+00:00] ============================================================
[2026-07-19T12:05:23.070293+00:00] DECA COMPOUND OVERLAP CAMPAIGN — 2× each PE1 + vrf_leakage (retry=2)
[2026-07-19T12:05:23.070315+00:00] ============================================================
[2026-07-19T12:05:27.671204+00:00]    iperf3 server listening on station2 (192.168.50.20)
[2026-07-19T12:05:29.132071+00:00] Baseline traffic: 33 Mbps (station1 -> 192.168.50.20 via eth0)
[2026-07-19T12:05:35.031142+00:00]    iperf3 client running (~33 Mbps)
[2026-07-19T12:05:35.031270+00:00] Normal ops before compound congestion_breach+vrf_leakage 5.2 min...
[2026-07-19T12:10:45.578905+00:00] Compound slot congestion_breach #1 attempt 1/3
[2026-07-19T12:10:45.579063+00:00] === COMPOUND congestion_breach_01: congestion_breach (station1) + vrf_leakage (station2) ===
[2026-07-19T12:10:45.579489+00:00]   congestion_breach run=congestion_breach_01_congestion_breach: 95->8mbit over 6.4min, 4 steps
[2026-07-19T12:10:45.580026+00:00]   vrf_leakage run=congestion_breach_01_vrf_leakage: wrong RT import + PE2 symptom ramp to 3.7%/14ms over 7.6min, hold 8.9min
[2026-07-19T12:27:21.564232+00:00] Logged congestion_breach 2026-07-19T12:10:45.579471+00:00 -> 2026-07-19T12:17:21.851526+00:00
[2026-07-19T12:27:21.564297+00:00] Logged vrf_leakage 2026-07-19T12:10:45.579981+00:00 -> 2026-07-19T12:18:26.681045+00:00
[2026-07-19T12:27:26.935355+00:00]   recovery settle 3.8 min...
[2026-07-19T12:31:14.997445+00:00]    iperf3 server listening on station2 (192.168.50.20)
[2026-07-19T12:31:16.453055+00:00] Baseline traffic: 37 Mbps (station1 -> 192.168.50.20 via eth0)
[2026-07-19T12:31:21.323957+00:00]    iperf3 client running (~37 Mbps)
[2026-07-19T12:31:21.324135+00:00] Normal ops before compound congestion_breach+vrf_leakage 5.1 min...
[2026-07-19T12:36:30.280064+00:00] Compound slot congestion_breach #2 attempt 1/3
[2026-07-19T12:36:30.280236+00:00] === COMPOUND congestion_breach_02: congestion_breach (station1) + vrf_leakage (station2) ===
[2026-07-19T12:36:30.280517+00:00]   congestion_breach run=congestion_breach_02_congestion_breach: 95->5mbit over 12.1min, 5 steps
[2026-07-19T12:36:30.280717+00:00]   vrf_leakage run=congestion_breach_02_vrf_leakage: wrong RT import + PE2 symptom ramp to 3.1%/8ms over 6.3min, hold 5.2min
[2026-07-19T12:52:31.648449+00:00] Logged congestion_breach 2026-07-19T12:36:30.280502+00:00 -> 2026-07-19T12:48:48.156079+00:00
[2026-07-19T12:52:31.648603+00:00] Logged vrf_leakage 2026-07-19T12:36:30.280706+00:00 -> 2026-07-19T12:42:52.149052+00:00
[2026-07-19T12:52:37.260396+00:00]   recovery settle 2.8 min...
[2026-07-19T12:55:28.031876+00:00]    iperf3 server listening on station2 (192.168.50.20)
[2026-07-19T12:55:30.530067+00:00] Baseline traffic: 67 Mbps (station1 -> 192.168.50.20 via eth0)
[2026-07-19T12:55:35.376769+00:00]    iperf3 client running (~67 Mbps)
[2026-07-19T12:55:35.376946+00:00] Normal ops before compound tunnel_degradation+vrf_leakage 3.7 min...
[2026-07-19T12:59:16.034049+00:00] Compound slot tunnel_degradation #1 attempt 1/3
[2026-07-19T12:59:16.034338+00:00] === COMPOUND tunnel_degradation_01: tunnel_degradation (station1) + vrf_leakage (station2) ===
[2026-07-19T12:59:16.034880+00:00]   tunnel_degradation run=tunnel_degradation_01_tunnel_degradation: ramping to 11.9% loss / 45ms delay over 8.3min
[2026-07-19T12:59:16.035172+00:00]   vrf_leakage run=tunnel_degradation_01_vrf_leakage: wrong RT import + PE2 symptom ramp to 3.8%/12ms over 7.4min, hold 7.7min
[2026-07-19T13:14:31.572768+00:00] Logged tunnel_degradation 2026-07-19T12:59:16.034857+00:00 -> 2026-07-19T13:05:31.298037+00:00
[2026-07-19T13:14:31.572894+00:00] Logged vrf_leakage 2026-07-19T12:59:16.035154+00:00 -> 2026-07-19T13:06:48.416638+00:00
[2026-07-19T13:14:33.777492+00:00]   recovery settle 2.8 min...
[2026-07-19T13:17:24.914205+00:00]    iperf3 server listening on station2 (192.168.50.20)
[2026-07-19T13:17:27.951632+00:00] Baseline traffic: 79 Mbps (station1 -> 192.168.50.20 via eth0)
[2026-07-19T13:17:32.767184+00:00]    iperf3 client running (~79 Mbps)
[2026-07-19T13:17:32.767335+00:00] Normal ops before compound tunnel_degradation+vrf_leakage 5.3 min...
[2026-07-19T13:22:52.425112+00:00] Compound slot tunnel_degradation #2 attempt 1/3
[2026-07-19T13:22:52.425342+00:00] === COMPOUND tunnel_degradation_02: tunnel_degradation (station1) + vrf_leakage (station2) ===
[2026-07-19T13:22:52.425781+00:00]   tunnel_degradation run=tunnel_degradation_02_tunnel_degradation: ramping to 8.6% loss / 34ms delay over 8.2min
[2026-07-19T13:22:52.426121+00:00]   vrf_leakage run=tunnel_degradation_02_vrf_leakage: wrong RT import + PE2 symptom ramp to 2.5%/20ms over 4.8min, hold 6.2min
[2026-07-19T13:33:56.112364+00:00] Logged tunnel_degradation 2026-07-19T13:22:52.425754+00:00 -> 2026-07-19T13:29:02.619293+00:00
[2026-07-19T13:33:56.112545+00:00] Logged vrf_leakage 2026-07-19T13:22:52.426106+00:00 -> 2026-07-19T13:27:41.826310+00:00
[2026-07-19T13:33:58.342872+00:00]   recovery settle 3.1 min...
[2026-07-19T13:37:05.278811+00:00]    iperf3 server listening on station2 (192.168.50.20)
[2026-07-19T13:37:07.787108+00:00] Baseline traffic: 17 Mbps (station1 -> 192.168.50.20 via eth0)
[2026-07-19T13:37:13.692801+00:00]    iperf3 client running (~17 Mbps)
[2026-07-19T13:37:13.692926+00:00] Normal ops before compound bgp_route_flap+vrf_leakage 4.8 min...
[2026-07-19T13:42:00.440094+00:00] Compound slot bgp_route_flap #1 attempt 1/3
[2026-07-19T13:42:00.440276+00:00] === COMPOUND bgp_route_flap_01: bgp_route_flap (station1) + vrf_leakage (station2) ===
[2026-07-19T13:42:00.440664+00:00]   bgp_route_flap run=bgp_route_flap_01_bgp_route_flap: 2 slow flaps over 6.8min, then 4 rapid flaps
[2026-07-19T13:42:00.440869+00:00]   vrf_leakage run=bgp_route_flap_01_vrf_leakage: wrong RT import + PE2 symptom ramp to 2.9%/12ms over 4.5min, hold 4.8min
[2026-07-19T13:51:27.100571+00:00] Logged bgp_route_flap 2026-07-19T13:42:00.440644+00:00 -> 2026-07-19T13:48:46.948973+00:00
[2026-07-19T13:51:27.100745+00:00] Logged vrf_leakage 2026-07-19T13:42:00.440855+00:00 -> 2026-07-19T13:46:38.243041+00:00
[2026-07-19T13:51:29.628134+00:00]   recovery settle 3.0 min...
[2026-07-19T13:54:29.076581+00:00]    iperf3 server listening on station2 (192.168.50.20)
[2026-07-19T13:54:30.538074+00:00] Baseline traffic: 58 Mbps (station1 -> 192.168.50.20 via eth0)
[2026-07-19T13:54:35.435188+00:00]    iperf3 client running (~58 Mbps)
[2026-07-19T13:54:35.435324+00:00] Normal ops before compound bgp_route_flap+vrf_leakage 4.1 min...
[2026-07-19T13:58:43.616995+00:00] Compound slot bgp_route_flap #2 attempt 1/3
[2026-07-19T13:58:43.617245+00:00] === COMPOUND bgp_route_flap_02: bgp_route_flap (station1) + vrf_leakage (station2) ===
[2026-07-19T13:58:43.617603+00:00]   bgp_route_flap run=bgp_route_flap_02_bgp_route_flap: 3 slow flaps over 6.1min, then 6 rapid flaps
[2026-07-19T13:58:43.617765+00:00]   vrf_leakage run=bgp_route_flap_02_vrf_leakage: wrong RT import + PE2 symptom ramp to 1.6%/12ms over 6.7min, hold 7.7min
[2026-07-19T14:05:31.616294+00:00]    SSH timeout on station1@192.168.50.10
[2026-07-19T14:13:14.023103+00:00] Logged bgp_route_flap 2026-07-19T13:58:43.617584+00:00 -> 2026-07-19T14:04:53.107512+00:00
[2026-07-19T14:13:14.023315+00:00] Logged vrf_leakage 2026-07-19T13:58:43.617751+00:00 -> 2026-07-19T14:05:32.275579+00:00
[2026-07-19T14:13:26.229611+00:00]   recovery settle 2.5 min...
[2026-07-19T14:16:00.027223+00:00]    iperf3 server listening on station2 (192.168.50.20)
[2026-07-19T14:16:02.735097+00:00] Baseline traffic: 55 Mbps (station1 -> 192.168.50.20 via eth0)
[2026-07-19T14:16:08.675547+00:00]    iperf3 client running (~55 Mbps)
[2026-07-19T14:16:08.675646+00:00] ============================================================
[2026-07-19T14:16:08.675685+00:00] COMPOUND OVERLAP CAMPAIGN DONE — pe1 counts {'congestion_breach': 2, 'tunnel_degradation': 2, 'bgp_route_flap': 2} attempts=6
[2026-07-19T14:16:08.675724+00:00] ============================================================
[2026-07-19T14:16:11.156142+00:00] Exported /home/brain/deca-isro/data/rpi-net/runs/compound_overlap_20260719_1735/network_telemetry.csv (9429 rows)
[2026-07-19T14:16:11.253976+00:00] Exported /home/brain/deca-isro/data/rpi-net/runs/compound_overlap_20260719_1735/network_campaign_export.csv (1572 rows)
[2026-07-19T14:16:11.255178+00:00] ============================================================
[2026-07-19T14:16:11.255282+00:00] VALIDATING fault_injection_log.csv
[2026-07-19T14:16:11.255308+00:00] ============================================================
[2026-07-19T14:16:11.255439+00:00] Total runs: 12
[2026-07-19T14:16:11.255581+00:00]   congestion_breach     n=2  avg=  9.5min  spread= 4.0min
[2026-07-19T14:16:11.255666+00:00]   tunnel_degradation    n=2  avg=  6.2min  spread= 0.1min  WARN: durations suspiciously uniform
[2026-07-19T14:16:11.255739+00:00]   bgp_route_flap        n=2  avg=  6.5min  spread= 0.4min  WARN: durations suspiciously uniform
[2026-07-19T14:16:11.255839+00:00]   vrf_leakage           n=6  avg=  6.3min  spread= 1.3min
[2026-07-19T14:16:11.255872+00:00] VALIDATION RESULT: WARN -- review flags before training
[2026-07-19T14:16:11.255895+00:00] ============================================================
=== REBUILD ===
RPI_RUNS=['20260713_155333', '20260714_165648_tier6_x10', '20260715_191519_circ_v2', 'compound_overlap_20260719_1735', 'spec_data_20260717_2352', 'vrf_recall_20260718_1752']
=== Loading RPi campaign(s) ===
  loading campaign 20260713_155333
    clean telemetry 20260713_155333: 52723 → 35152 rows
    clean faults 20260713_155333: 21 → 21 windows
  loading campaign 20260714_165648_tier6_x10
    clean telemetry 20260714_165648_tier6_x10: 93809 → 62547 rows
    clean faults 20260714_165648_tier6_x10: 40 → 40 windows
  loading campaign 20260715_191519_circ_v2
    clean telemetry 20260715_191519_circ_v2: 47253 → 31472 rows
    clean faults 20260715_191519_circ_v2: 27 → 27 windows
  loading campaign compound_overlap_20260719_1735
    clean telemetry compound_overlap_20260719_1735: 9429 → 6287 rows
    clean faults compound_overlap_20260719_1735: 12 → 12 windows
  loading campaign spec_data_20260717_2352
    clean telemetry spec_data_20260717_2352: 35801 → 23843 rows
    clean faults spec_data_20260717_2352: 24 → 24 windows
  loading campaign vrf_recall_20260718_1752
    clean telemetry vrf_recall_20260718_1752: 10851 → 7235 rows
    clean faults vrf_recall_20260718_1752: 7 → 7 windows
  merged network rows=166536  fault windows=131
  network_df=166536  fault_windows=131
=== Loading public lake ===
  mawi_sample: 15 rows
  cisco_sandbox: 232 rows
  bgp_update_rates_full: 320 rows
  ripe_atlas_ping_sampled: 187971 probe rows -> 7200 minute buckets x2 metrics
  ripe_atlas_ping_baseline: 13902 rows
  public fault labels from bgp_routing_labels.csv: 1138 events (span 2026-07-05 02:20:00+00:00 → 2026-07-13 00:00:00+00:00) — provenance only, not applied
  public fault labels from ioda_outage_labels.csv: 1138 events (span 2026-07-05 02:20:00+00:00 → 2026-07-13 00:00:00+00:00) — provenance only, not applied
  public_df=28869
  NOTE: IODA/BGP outage labels are NOT merged into the training labeler — no overlapping public telemetry for those Jul-5-centric windows.
=== Synthetic ===
  synthetic: 0 rows (deliberate — RPi ground truth replaces synthetic noise)
  wrote public_outage_labels_provenance.csv (2276 rows) — inventory only

=== Provenance audit ===
  network   :   166536 rows  ( 85.2%)
  synthetic :        0 rows  (  0.0%)
  public    :    28869 rows  ( 14.8%)
  TOTAL     :   195405 rows (pre-dropna)
  unified_raw after clean: 195405
  training fault windows (RPi only): 131
  backed up deca_unified_raw.parquet -> deca_unified_raw.parquet.bak_pre_rebuild
  backed up deca_unified_dataset.parquet -> deca_unified_dataset.parquet.bak_pre_rebuild

Wrote /home/brain/deca-isro/data/processed/deca_unified_raw.parquet (195405 rows)

=== Feature engineering ===
  features=49749 rows, cols=42
  features by source: {'network': 41590, 'public': 8159}

=== Circumstance existence labels (additive) ===
  circumstance existence labels applied for 20 events
circumstance_label
healthy               46749
congestion_breach       981
vrf_leakage             807
tunnel_degradation      672
bgp_route_flap          540
Wrote /home/brain/deca-isro/data/processed/deca_unified_dataset.parquet (49749 rows)

Fault type distribution:
fault_type
none                  39092
congestion_breach      3109
vrf_leakage            2670
bgp_route_flap         2454
tunnel_degradation     2262
precursor_aborted       162

Unified label distribution:
unified_label
healthy               39254
congestion_breach      3109
vrf_leakage            2670
bgp_route_flap         2454
tunnel_degradation     2262

By source × unified_label:
source   unified_label     
network  bgp_route_flap         2454
         congestion_breach      3109
         healthy               31095
         tunnel_degradation     2262
         vrf_leakage            2670
public   healthy                8159
=== SCHOOL EXAM PROMOTE ===
Exam paper seed=1784470579  policy=random  (new questions each run unless --exam-seed fixed)
Exam label counts: {'healthy': 7851, 'congestion_breach': 622, 'tunnel_degradation': 452, 'bgp_route_flap': 491, 'vrf_leakage': 534}

=== Unit test (active model on new paper) ===
  Macro-F1=0.7323  rare-recall=0.6368
Lake rows=49,749  features=40  exam rows=9,950
Baseline Macro-F1 to beat: 0.7170
Rare boosts β=[1.0, 1.5, 2.0, 3.0]
Heads (families): ['plain', 'wm', 'moe']  [plain=champion, wm=cluster booster, moe=cluster + per-fault experts]
Classes: ['healthy', 'congestion_breach', 'tunnel_degradation', 'bgp_route_flap', 'vrf_leakage']

=== Teaching the anomaly gate (once) ===

=== Study hall  head=plain  β=1.0 ===
  val macro-F1=0.7011  EXAM macro-F1=0.6996  rare-recall=0.5490  gate_thr=0.50
    vrf_leakage: P=0.51 R=0.60 F1=0.55
    bgp_route_flap: P=0.34 R=0.50 F1=0.40

=== Study hall  head=plain  β=1.5 ===
  val macro-F1=0.6968  EXAM macro-F1=0.6948  rare-recall=0.5528  gate_thr=0.50
    vrf_leakage: P=0.50 R=0.61 F1=0.55
    bgp_route_flap: P=0.33 R=0.50 F1=0.40

=== Study hall  head=plain  β=2.0 ===
  val macro-F1=0.6963  EXAM macro-F1=0.6968  rare-recall=0.5594  gate_thr=0.50
    vrf_leakage: P=0.49 R=0.62 F1=0.55
    bgp_route_flap: P=0.33 R=0.50 F1=0.40

=== Study hall  head=plain  β=3.0 ===
  val macro-F1=0.6942  EXAM macro-F1=0.6968  rare-recall=0.5623  gate_thr=0.50
    vrf_leakage: P=0.48 R=0.62 F1=0.54
    bgp_route_flap: P=0.32 R=0.50 F1=0.39

=== Study hall  head=wm  β=1.0 ===
  val macro-F1=0.6993  EXAM macro-F1=0.7032  rare-recall=0.5538  gate_thr=0.50
    vrf_leakage: P=0.52 R=0.61 F1=0.56
    bgp_route_flap: P=0.34 R=0.50 F1=0.41

=== Study hall  head=wm  β=1.5 ===
  val macro-F1=0.6947  EXAM macro-F1=0.6965  rare-recall=0.5547  gate_thr=0.50
    vrf_leakage: P=0.49 R=0.61 F1=0.54
    bgp_route_flap: P=0.33 R=0.50 F1=0.40

=== Study hall  head=wm  β=2.0 ===
  val macro-F1=0.6948  EXAM macro-F1=0.6975  rare-recall=0.5612  gate_thr=0.50
    vrf_leakage: P=0.49 R=0.63 F1=0.55
    bgp_route_flap: P=0.33 R=0.50 F1=0.40

=== Study hall  head=wm  β=3.0 ===
  val macro-F1=0.6939  EXAM macro-F1=0.6947  rare-recall=0.5613  gate_thr=0.50
    vrf_leakage: P=0.47 R=0.62 F1=0.53
    bgp_route_flap: P=0.33 R=0.50 F1=0.40

=== Study hall  head=moe  β=1.0 ===
  val macro-F1=0.6818  EXAM macro-F1=0.6810  rare-recall=0.5473  gate_thr=0.50
    vrf_leakage: P=0.41 R=0.62 F1=0.49
    bgp_route_flap: P=0.36 R=0.48 F1=0.41

=== Study hall  head=moe  β=1.5 ===
  val macro-F1=0.6806  EXAM macro-F1=0.6853  rare-recall=0.5617  gate_thr=0.50
    vrf_leakage: P=0.41 R=0.64 F1=0.50
    bgp_route_flap: P=0.36 R=0.49 F1=0.42

=== Study hall  head=moe  β=2.0 ===
  val macro-F1=0.6828  EXAM macro-F1=0.6858  rare-recall=0.5656  gate_thr=0.50
    vrf_leakage: P=0.41 R=0.64 F1=0.50
    bgp_route_flap: P=0.36 R=0.49 F1=0.42

=== Study hall  head=moe  β=3.0 ===
  val macro-F1=0.6809  EXAM macro-F1=0.6844  rare-recall=0.5636  gate_thr=0.50
    vrf_leakage: P=0.41 R=0.64 F1=0.50
    bgp_route_flap: P=0.35 R=0.49 F1=0.41

Wrote /home/brain/deca-isro/models/school_exam/weight_sweep.csv
Wrote /home/brain/deca-isro/models/school_exam/latest_exam.json

=== Great Exam / promotion gate (repeated-holdout validation) ===
  candidate Macro-F1=0.7032
  bar=0.7170 = max(honest champion same-paper 0.6996, manifest floor 0.7170)   [basis=honest_same_paper_champion_config]
  deployed artifact (same paper, leakage-inflated)=0.7323  [informational only]
  candidate rare-recall=0.5538  floor≈0.5190
  GATE: FAIL
  Auto-promote: gate FAIL — keeping active models/
=== SOFT STREAK ===
Network rows=41,590  temporal test tail=10,398  from 2026-07-16 04:41:45+00:00
  soft_streak ENABLED  enter threshold=3 cumulative confidence  (mean fault conf=0.806 when gate open)

=== Temporal Loom score (chronological network tail) ===
  loom global fallback  enter_k=3  exit_k=2
  soft_streak ON   entry uses cumulative confidence >= enter_k (3); exit stays frame-based
    congestion_breach    enter_k=3  exit_k=2
    tunnel_degradation   enter_k=4  exit_k=2
    bgp_route_flap       enter_k=3  exit_k=3
    vrf_leakage          enter_k=3  exit_k=3
  raw_frame     Macro-F1=0.6486  Acc=0.7730  rareR=0.6071
    vrf_leakage: F1=0.553
    bgp_route_flap: F1=0.475
  persistent    Macro-F1=0.6962  Acc=0.8216  rareR=0.5527
    vrf_leakage: F1=0.543
    bgp_route_flap: F1=0.636
  advisory      Macro-F1=0.6856  Acc=0.8360  rareR=0.4639
    vrf_leakage: F1=0.574
    bgp_route_flap: F1=0.489
  boost ΔMacro-F1=+0.0476  frames_changed=1716  fault frames 3879 → 3044 (suppressed 835)

  advisory tier  enter_k=2  exit_k=1
    events=30  advisory caught=26  confirmed caught=25
    mean lead=12.44 frames  max lead=56 frames  (over 25 events where both caught it)
    advisory-only window: 401 frames — 161 correct early warning, 21 wrong-class, 219 pure noise  (precision=0.401)

Wrote /home/brain/deca-isro/models/temporal_persist_score.json
Patched loom into promoted artifacts (/home/brain/deca-isro/models/fault_classifier/decision_thresholds.json)
=== TRUST: 20m control ===
==============================================================
 DECA BLIND TEST  run_id=control_post_overlap_20260719_1952_20m  start_at=now  budget=20m
==============================================================
Pre-flight: run 'bash ~/deca_diagnostic.sh' and confirm all green,
and that Prometheus is healthy: curl -s localhost:9090/-/ready
Operator NOC feed will stream to: data/rpi-net/live/control_post_overlap_20260719_1952_20m/operator_feed.log  (tail -f to watch)

Operator armed (pid 708133). tail -f data/rpi-net/live/control_post_overlap_20260719_1952_20m/operator_feed.log
[2026-07-19T14:22:10.038941+00:00] ================================================================
[2026-07-19T14:22:10.039229+00:00] DECA BLIND CONTROL (all-healthy) armed — run_id=control_post_overlap_20260719_1952_20m seed=318124 (SEALED)
[2026-07-19T14:22:10.039390+00:00] Budget 20 min | NO real faults | 2 near-miss bait(s) | simulate=False
[2026-07-19T14:22:10.039559+00:00] Sealed truth: /home/brain/deca-isro/data/rpi-net/live/control_post_overlap_20260719_1952_20m/ground_truth.sealed.jsonl
[2026-07-19T14:22:10.039722+00:00] ================================================================
[2026-07-19T14:22:14.313591+00:00]    iperf3 server listening on station2 (192.168.50.20)
[2026-07-19T14:22:15.739100+00:00] Baseline traffic: 35 Mbps (station1 -> 192.168.50.20 via eth0)
[2026-07-19T14:22:20.642211+00:00]    iperf3 client running (~35 Mbps)
[2026-07-19T14:22:20.642414+00:00] [control] healthy baseline 5.7 min...
[2026-07-19T14:28:03.975826+00:00] [control] near-miss control_post_overlap_20260719_1952_20m_nm01 (bait — MUST stay healthy)
[2026-07-19T14:28:03.975972+00:00] NEAR-MISS aborted onset for 52s (not a real fault)...
[2026-07-19T14:28:57.425628+00:00] [control] sealed control_post_overlap_20260719_1952_20m_nm01: 2026-07-19T14:28:03.975965+00:00 -> 2026-07-19T14:28:57.425312+00:00
[2026-07-19T14:28:58.819814+00:00] [control] healthy baseline 7.3 min...
[2026-07-19T14:36:18.091347+00:00] [control] near-miss control_post_overlap_20260719_1952_20m_nm02 (bait — MUST stay healthy)
[2026-07-19T14:36:18.091500+00:00] NEAR-MISS aborted onset for 27s (not a real fault)...
[2026-07-19T14:36:48.156879+00:00] [control] sealed control_post_overlap_20260719_1952_20m_nm02: 2026-07-19T14:36:18.091493+00:00 -> 2026-07-19T14:36:48.156667+00:00
[2026-07-19T14:36:56.524315+00:00] [control] healthy baseline 5.2 min to end (no baits left)...
[2026-07-19T14:42:10.139056+00:00] ================================================================
[2026-07-19T14:42:10.139234+00:00] BLIND CONTROL COMPLETE — 0 real faults, 2 near-misses
[2026-07-19T14:42:10.139295+00:00] Any confirmed alarm here is a false positive. Grade with:
[2026-07-19T14:42:10.139340+00:00]   python scripts/deca_blind_scorecard.py --run-id control_post_overlap_20260719_1952_20m
[2026-07-19T14:42:10.139384+00:00] ================================================================
Chaos finished; letting the operator settle for 30s before stopping...
Operator ignored SIGINT — sending TERM...

Grading...
====================================================================
  DECA BLIND TEST SCORECARD — control_post_overlap_20260719_1952_20m
====================================================================
  Circumstances the network created : 0
  Detected by the models            : 0  (rate None)
  Correct fault class (first decl)  : 0  (accuracy None)
  Correct class (ever, in-window)   : 0  (accuracy None)
  Missed                            : 0
  Mean confirmed lead before breach : None min
  Mean advisory lead before breach  : None min  (class-agnostic; 'something forming')
  LSTM ETA mean abs error           : None min
  Severity bucket agreement         : None  (0 scored)
  Severity continuous Pearson r     : None  (0 pairs)
  Near-miss false alarms            : 0 / 2
  Spurious false alarms             : 0
====================================================================
  Per-circumstance:
====================================================================

  scorecard.json -> /home/brain/deca-isro/data/rpi-net/live/control_post_overlap_20260719_1952_20m/scorecard.json
  canvas         -> /home/brain/.cursor/projects/home-brain-deca-isro/canvases/deca-blind-test.canvas.tsx
=== VERIFY: tunnel+VRF compound blind ===
==============================================================
 DECA BLIND TEST  run_id=blind_compound_tunnel_recheck_20260719_2012_40m  start_at=now  budget=40m
==============================================================
Pre-flight: run 'bash ~/deca_diagnostic.sh' and confirm all green,
and that Prometheus is healthy: curl -s localhost:9090/-/ready
Operator NOC feed will stream to: data/rpi-net/live/blind_compound_tunnel_recheck_20260719_2012_40m/operator_feed.log  (tail -f to watch)

Operator armed (pid 715110). tail -f data/rpi-net/live/blind_compound_tunnel_recheck_20260719_2012_40m/operator_feed.log
[2026-07-19T14:42:49.837777+00:00] ================================================================
[2026-07-19T14:42:49.838059+00:00] DECA BLIND CHAOS armed — run_id=blind_compound_tunnel_recheck_20260719_2012_40m seed=777028 (SEALED)
[2026-07-19T14:42:49.838227+00:00] Budget 40 min | target 2-2 events + 1 near-misses | simulate=False
[2026-07-19T14:42:49.838376+00:00] Fault pool: ['congestion_breach', 'tunnel_degradation', 'bgp_route_flap', 'vrf_leakage']
[2026-07-19T14:42:49.838521+00:00] Compound prob=1.0 pe1=tunnel_degradation
[2026-07-19T14:42:49.838694+00:00] Sealed truth: /home/brain/deca-isro/data/rpi-net/live/blind_compound_tunnel_recheck_20260719_2012_40m/ground_truth.sealed.jsonl
[2026-07-19T14:42:49.838867+00:00] ================================================================
[2026-07-19T14:42:53.307164+00:00]    iperf3 server listening on station2 (192.168.50.20)
[2026-07-19T14:42:54.729867+00:00] Baseline traffic: 22 Mbps (station1 -> 192.168.50.20 via eth0)
[2026-07-19T14:42:59.562339+00:00]    iperf3 client running (~22 Mbps)
[2026-07-19T14:42:59.562515+00:00] [chaos] normal ops 2.0 min...
[2026-07-19T14:44:56.847059+00:00] [chaos] === COMPOUND blind_compound_tunnel_recheck_20260719_2012_40m_cg01: tunnel_degradation (station1) + vrf_leakage (station2) OVERLAPPING, 38 min budget left ===
[2026-07-19T14:44:56.848162+00:00]   tunnel_degradation run=blind_compound_tunnel_recheck_20260719_2012_40m_cg01_tunnel_degradation: ramping to 11.7% loss / 45ms delay over 11.4min
[2026-07-19T14:44:56.851228+00:00]   vrf_leakage run=blind_compound_tunnel_recheck_20260719_2012_40m_cg01_vrf_leakage: wrong RT import + PE2 symptom ramp to 3.3%/9ms over 6.7min, hold 8.5min
[2026-07-19T15:00:14.056536+00:00] [chaos] sealed blind_compound_tunnel_recheck_20260719_2012_40m_cg01_e01_tunnel_degradation (compound blind_compound_tunnel_recheck_20260719_2012_40m_cg01): 2026-07-19T14:44:56.848147+00:00 -> 2026-07-19T14:54:07.748046+00:00
[2026-07-19T15:00:14.056665+00:00] [chaos] sealed blind_compound_tunnel_recheck_20260719_2012_40m_cg01_e02_vrf_leakage (compound blind_compound_tunnel_recheck_20260719_2012_40m_cg01): 2026-07-19T14:44:56.851214+00:00 -> 2026-07-19T14:51:42.648281+00:00
[2026-07-19T15:00:16.581109+00:00] ================================================================
[2026-07-19T15:00:16.581271+00:00] BLIND CHAOS COMPLETE — 2 circumstances, 0 near-misses in 17.4 min
[2026-07-19T15:00:16.581327+00:00] Run the scorecard AFTER the operator has stopped:
[2026-07-19T15:00:16.581374+00:00]   python scripts/deca_blind_scorecard.py --run-id blind_compound_tunnel_recheck_20260719_2012_40m
[2026-07-19T15:00:16.581419+00:00] ================================================================
Chaos finished; letting the operator settle for 30s before stopping...
Operator ignored SIGINT — sending TERM...

Grading...
====================================================================
  DECA BLIND TEST SCORECARD — blind_compound_tunnel_recheck_20260719_2012_40m
====================================================================
  Circumstances the network created : 2
  Detected by the models            : 1  (rate 0.5)
  Correct fault class (first decl)  : 1  (accuracy 0.5)
  Correct class (ever, in-window)   : 1  (accuracy 0.5)
  Missed                            : 1
  Mean confirmed lead before breach : 7.6 min
  Mean advisory lead before breach  : 7.2 min  (class-agnostic; 'something forming')
  LSTM ETA mean abs error           : 3.9 min
  Severity bucket agreement         : 1.0  (1 scored)
  Severity continuous Pearson r     : None  (1 pairs)
  Near-miss false alarms            : 0 / 0
  Spurious false alarms             : 0
====================================================================
  Per-circumstance:
   [HIT ] tunnel_degradation station1  lead(conf/adv)=7.6/8.7min ETA=3.7/7.6 sev=medium~medium ok [cascade cg01]
   [MISS] vrf_leakage        station2  lead(conf/adv)=None/5.7min ETA=None/None sev=None~high ->None [cascade cg01]
====================================================================

  scorecard.json -> /home/brain/deca-isro/data/rpi-net/live/blind_compound_tunnel_recheck_20260719_2012_40m/scorecard.json
  canvas         -> /home/brain/.cursor/projects/home-brain-deca-isro/canvases/deca-blind-test.canvas.tsx
GRADE control_post_overlap_20260719_1952_20m: detect=0/0 class=None spur=0 nm_fa=0
GRADE blind_compound_tunnel_recheck_20260719_2012_40m: detect=1/2 class=0.5 spur=0 nm_fa=0
  tunnel_degradation @station1 det=True pred=tunnel_degradation
  vrf_leakage @station2 det=False pred=None
=== PIPELINE COMPLETE ===
=== PIPELINE compound overlap run_id=compound_overlap_w2_20260719_2045 per_pe1=4 ===
lab cleared (faults + iperf)
[2026-07-19T15:15:38.612540+00:00] Run directory: /home/brain/deca-isro/data/rpi-net/runs/compound_overlap_w2_20260719_2045
[2026-07-19T15:15:38.612739+00:00] ============================================================
[2026-07-19T15:15:38.612808+00:00] DECA COMPOUND OVERLAP CAMPAIGN — 4× each PE1 + vrf_leakage (retry=2)
[2026-07-19T15:15:38.612865+00:00] ============================================================
[2026-07-19T15:15:41.649990+00:00]    iperf3 server listening on station2 (192.168.50.20)
[2026-07-19T15:15:42.991074+00:00] Baseline traffic: 51 Mbps (station1 -> 192.168.50.20 via eth0)
[2026-07-19T15:15:47.715190+00:00]    iperf3 client running (~51 Mbps)
[2026-07-19T15:15:47.715352+00:00] Normal ops before compound congestion_breach+vrf_leakage 5.3 min...
[2026-07-19T15:21:06.203611+00:00] Compound slot congestion_breach #1 attempt 1/3
[2026-07-19T15:21:06.203875+00:00] === COMPOUND congestion_breach_01: congestion_breach (station1) + vrf_leakage (station2) ===
[2026-07-19T15:21:06.204376+00:00]   congestion_breach run=congestion_breach_01_congestion_breach: 95->12mbit over 10.7min, 3 steps
[2026-07-19T15:21:06.204658+00:00]   vrf_leakage run=congestion_breach_01_vrf_leakage: wrong RT import + PE2 symptom ramp to 2.3%/11ms over 7.2min, hold 6.2min
[2026-07-19T15:38:14.549438+00:00] Logged congestion_breach 2026-07-19T15:21:06.204356+00:00 -> 2026-07-19T15:31:57.833485+00:00
[2026-07-19T15:38:14.549503+00:00] Logged vrf_leakage 2026-07-19T15:21:06.204637+00:00 -> 2026-07-19T15:28:22.046056+00:00
[2026-07-19T15:38:19.757078+00:00]   recovery settle 3.2 min...
[2026-07-19T15:41:34.371327+00:00]    iperf3 server listening on station2 (192.168.50.20)
[2026-07-19T15:41:55.394584+00:00] Baseline traffic: 69 Mbps (station1 -> 192.168.50.20 via eth0)
[2026-07-19T15:42:20.892547+00:00]    iperf3 client exited unexpectedly, check /tmp/iperf3-lan.log on station1
[2026-07-19T15:42:20.892678+00:00] Normal ops before compound congestion_breach+vrf_leakage 4.9 min...
[2026-07-19T15:47:16.337767+00:00] Compound slot congestion_breach #2 attempt 1/3
[2026-07-19T15:47:16.337979+00:00] === COMPOUND congestion_breach_02: congestion_breach (station1) + vrf_leakage (station2) ===
[2026-07-19T15:47:16.338512+00:00]   congestion_breach run=congestion_breach_02_congestion_breach: 95->5mbit over 9.2min, 3 steps
[2026-07-19T15:47:16.338814+00:00]   vrf_leakage run=congestion_breach_02_vrf_leakage: wrong RT import + PE2 symptom ramp to 3.1%/16ms over 6.7min, hold 6.0min
[2026-07-19T16:01:55.486431+00:00] Logged congestion_breach 2026-07-19T15:47:16.338491+00:00 -> 2026-07-19T15:56:38.221064+00:00
[2026-07-19T16:01:55.486570+00:00] Logged vrf_leakage 2026-07-19T15:47:16.338795+00:00 -> 2026-07-19T15:54:05.040047+00:00
[2026-07-19T16:02:00.954590+00:00]   recovery settle 3.8 min...
[2026-07-19T16:05:49.207162+00:00]    iperf3 server listening on station2 (192.168.50.20)
[2026-07-19T16:05:50.671052+00:00] Baseline traffic: 53 Mbps (station1 -> 192.168.50.20 via eth0)
[2026-07-19T16:05:56.571459+00:00]    iperf3 client running (~53 Mbps)
[2026-07-19T16:05:56.571585+00:00] Normal ops before compound congestion_breach+vrf_leakage 4.6 min...
[2026-07-19T16:10:32.257676+00:00] Compound slot congestion_breach #3 attempt 1/3
[2026-07-19T16:10:32.257938+00:00] === COMPOUND congestion_breach_03: congestion_breach (station1) + vrf_leakage (station2) ===
[2026-07-19T16:10:32.258437+00:00]   congestion_breach run=congestion_breach_03_congestion_breach: 95->5mbit over 11.1min, 5 steps
[2026-07-19T16:10:32.258634+00:00]   vrf_leakage run=congestion_breach_03_vrf_leakage: wrong RT import + PE2 symptom ramp to 2.6%/18ms over 4.6min, hold 8.5min
[2026-07-19T16:26:46.363761+00:00] Logged congestion_breach 2026-07-19T16:10:32.258414+00:00 -> 2026-07-19T16:21:55.803290+00:00
[2026-07-19T16:26:46.363852+00:00] Logged vrf_leakage 2026-07-19T16:10:32.258625+00:00 -> 2026-07-19T16:15:10.577816+00:00
[2026-07-19T16:26:53.051361+00:00]   recovery settle 3.3 min...
[2026-07-19T16:30:11.497671+00:00]    iperf3 server listening on station2 (192.168.50.20)
[2026-07-19T16:30:25.580517+00:00] Baseline traffic: 67 Mbps (station1 -> 192.168.50.20 via eth0)
[2026-07-19T16:30:30.256610+00:00]    iperf3 client running (~67 Mbps)
[2026-07-19T16:30:30.256713+00:00] Normal ops before compound tunnel_degradation+vrf_leakage 4.9 min...
[2026-07-19T16:35:24.585460+00:00] Compound slot tunnel_degradation #1 attempt 1/3
[2026-07-19T16:35:24.585633+00:00] === COMPOUND tunnel_degradation_01: tunnel_degradation (station1) + vrf_leakage (station2) ===
[2026-07-19T16:35:24.585887+00:00]   tunnel_degradation run=tunnel_degradation_01_tunnel_degradation: ramping to 11.9% loss / 45ms delay over 7.1min
[2026-07-19T16:35:24.586194+00:00]   vrf_leakage run=tunnel_degradation_01_vrf_leakage: wrong RT import + PE2 symptom ramp to 1.9%/17ms over 4.8min, hold 4.2min
[2026-07-19T16:46:41.953116+00:00] Logged tunnel_degradation 2026-07-19T16:35:24.585879+00:00 -> 2026-07-19T16:41:09.549533+00:00
[2026-07-19T16:46:41.953208+00:00] Logged vrf_leakage 2026-07-19T16:35:24.586171+00:00 -> 2026-07-19T16:40:15.714954+00:00
[2026-07-19T16:46:44.143179+00:00]   recovery settle 3.1 min...
[2026-07-19T16:49:51.413236+00:00]    iperf3 server listening on station2 (192.168.50.20)
[2026-07-19T16:49:53.925320+00:00] Baseline traffic: 66 Mbps (station1 -> 192.168.50.20 via eth0)
[2026-07-19T16:49:58.822370+00:00]    iperf3 client running (~66 Mbps)
[2026-07-19T16:49:58.822533+00:00] Normal ops before compound congestion_breach+vrf_leakage 4.9 min...
[2026-07-19T16:54:54.976382+00:00] Compound slot congestion_breach #4 attempt 1/3
[2026-07-19T16:54:54.976623+00:00] === COMPOUND congestion_breach_04: congestion_breach (station1) + vrf_leakage (station2) ===
[2026-07-19T16:54:54.976947+00:00]   congestion_breach run=congestion_breach_04_congestion_breach: 95->5mbit over 13.7min, 3 steps
[2026-07-19T16:54:54.977169+00:00]   vrf_leakage run=congestion_breach_04_vrf_leakage: wrong RT import + PE2 symptom ramp to 2.4%/14ms over 5.2min, hold 6.7min
[2026-07-19T17:11:50.997803+00:00] Logged congestion_breach 2026-07-19T16:54:54.976935+00:00 -> 2026-07-19T17:08:40.335478+00:00
[2026-07-19T17:11:50.997989+00:00] Logged vrf_leakage 2026-07-19T16:54:54.977155+00:00 -> 2026-07-19T17:00:12.712210+00:00
[2026-07-19T17:11:56.560842+00:00]   recovery settle 3.3 min...
[2026-07-19T17:15:14.716221+00:00]    iperf3 server listening on station2 (192.168.50.20)
[2026-07-19T17:15:16.160345+00:00] Baseline traffic: 84 Mbps (station1 -> 192.168.50.20 via eth0)
[2026-07-19T17:15:21.022954+00:00]    iperf3 client running (~84 Mbps)
[2026-07-19T17:15:21.023068+00:00] Normal ops before compound bgp_route_flap+vrf_leakage 4.4 min...
[2026-07-19T17:19:46.767234+00:00] Compound slot bgp_route_flap #1 attempt 1/3
[2026-07-19T17:19:46.767460+00:00] === COMPOUND bgp_route_flap_01: bgp_route_flap (station1) + vrf_leakage (station2) ===
[2026-07-19T17:19:46.767840+00:00]   bgp_route_flap run=bgp_route_flap_01_bgp_route_flap: 3 slow flaps over 6.2min, then 7 rapid flaps
[2026-07-19T17:19:46.768225+00:00]   vrf_leakage run=bgp_route_flap_01_vrf_leakage: wrong RT import + PE2 symptom ramp to 2.4%/20ms over 8.9min, hold 8.4min
[2026-07-19T17:24:20.779947+00:00]    SSH timeout on station1@192.168.50.10
[2026-07-19T17:37:09.811706+00:00] Logged bgp_route_flap 2026-07-19T17:19:46.767824+00:00 -> 2026-07-19T17:26:25.196892+00:00
[2026-07-19T17:37:09.811892+00:00] Logged vrf_leakage 2026-07-19T17:19:46.768207+00:00 -> 2026-07-19T17:28:45.780715+00:00
[2026-07-19T17:37:11.543802+00:00]   recovery settle 2.8 min...
[2026-07-19T17:40:03.642704+00:00]    iperf3 server listening on station2 (192.168.50.20)
[2026-07-19T17:40:24.666119+00:00] Baseline traffic: 22 Mbps (station1 -> 192.168.50.20 via eth0)
[2026-07-19T17:40:30.565920+00:00]    iperf3 client running (~22 Mbps)
[2026-07-19T17:40:30.566037+00:00] Normal ops before compound tunnel_degradation+vrf_leakage 5.1 min...
[2026-07-19T17:45:36.099599+00:00] Compound slot tunnel_degradation #2 attempt 1/3
[2026-07-19T17:45:36.099828+00:00] === COMPOUND tunnel_degradation_02: tunnel_degradation (station1) + vrf_leakage (station2) ===
[2026-07-19T17:45:36.100256+00:00]   tunnel_degradation run=tunnel_degradation_02_tunnel_degradation: ramping to 8.0% loss / 31ms delay over 11.2min
[2026-07-19T17:45:36.100552+00:00]   vrf_leakage run=tunnel_degradation_02_vrf_leakage: wrong RT import + PE2 symptom ramp to 2.1%/10ms over 6.2min, hold 7.3min
[2026-07-19T17:59:12.589460+00:00] Logged tunnel_degradation 2026-07-19T17:45:36.100239+00:00 -> 2026-07-19T17:54:38.166092+00:00
[2026-07-19T17:59:12.589589+00:00] Logged vrf_leakage 2026-07-19T17:45:36.100540+00:00 -> 2026-07-19T17:51:52.130028+00:00
[2026-07-19T17:59:14.486621+00:00]   recovery settle 3.4 min...
[2026-07-19T18:02:39.117763+00:00]    iperf3 server listening on station2 (192.168.50.20)
[2026-07-19T18:02:46.419054+00:00] Baseline traffic: 26 Mbps (station1 -> 192.168.50.20 via eth0)
[2026-07-19T18:02:55.427940+00:00]    iperf3 client running (~26 Mbps)
[2026-07-19T18:02:55.428265+00:00] Normal ops before compound tunnel_degradation+vrf_leakage 4.8 min...
[2026-07-19T18:07:43.329034+00:00] Compound slot tunnel_degradation #3 attempt 1/3
[2026-07-19T18:07:43.329266+00:00] === COMPOUND tunnel_degradation_03: tunnel_degradation (station1) + vrf_leakage (station2) ===
[2026-07-19T18:07:43.329657+00:00]   tunnel_degradation run=tunnel_degradation_03_tunnel_degradation: ramping to 9.2% loss / 36ms delay over 12.0min
[2026-07-19T18:07:43.329918+00:00]   vrf_leakage run=tunnel_degradation_03_vrf_leakage: wrong RT import + PE2 symptom ramp to 3.8%/8ms over 6.5min, hold 8.2min
[2026-07-19T18:22:29.757304+00:00] Logged tunnel_degradation 2026-07-19T18:07:43.329641+00:00 -> 2026-07-19T18:17:21.212297+00:00
[2026-07-19T18:22:29.757461+00:00] Logged vrf_leakage 2026-07-19T18:07:43.329904+00:00 -> 2026-07-19T18:14:16.474624+00:00
[2026-07-19T18:22:33.024714+00:00]   recovery settle 3.1 min...
[2026-07-19T18:25:38.734268+00:00]    iperf3 server listening on station2 (192.168.50.20)
[2026-07-19T18:25:40.185076+00:00] Baseline traffic: 29 Mbps (station1 -> 192.168.50.20 via eth0)
[2026-07-19T18:25:47.000845+00:00]    iperf3 client running (~29 Mbps)
[2026-07-19T18:25:47.000972+00:00] Normal ops before compound tunnel_degradation+vrf_leakage 3.9 min...
[2026-07-19T18:29:42.588047+00:00] Compound slot tunnel_degradation #4 attempt 1/3
[2026-07-19T18:29:42.588323+00:00] === COMPOUND tunnel_degradation_04: tunnel_degradation (station1) + vrf_leakage (station2) ===
[2026-07-19T18:29:42.588664+00:00]   tunnel_degradation run=tunnel_degradation_04_tunnel_degradation: ramping to 11.4% loss / 45ms delay over 11.1min
[2026-07-19T18:29:42.588864+00:00]   vrf_leakage run=tunnel_degradation_04_vrf_leakage: wrong RT import + PE2 symptom ramp to 2.2%/9ms over 8.4min, hold 8.8min
[2026-07-19T18:46:57.393976+00:00] Logged tunnel_degradation 2026-07-19T18:29:42.588648+00:00 -> 2026-07-19T18:38:38.907034+00:00
[2026-07-19T18:46:57.394241+00:00] Logged vrf_leakage 2026-07-19T18:29:42.588852+00:00 -> 2026-07-19T18:38:11.838080+00:00
[2026-07-19T18:47:00.791470+00:00]   recovery settle 3.9 min...
[2026-07-19T18:50:58.831821+00:00]    iperf3 server listening on station2 (192.168.50.20)
[2026-07-19T18:51:09.840238+00:00] Baseline traffic: 31 Mbps (station1 -> 192.168.50.20 via eth0)
[2026-07-19T18:51:14.831901+00:00]    iperf3 client running (~31 Mbps)
[2026-07-19T18:51:14.832029+00:00] Normal ops before compound bgp_route_flap+vrf_leakage 4.8 min...
[2026-07-19T18:56:04.763101+00:00] Compound slot bgp_route_flap #2 attempt 1/3
[2026-07-19T18:56:04.763273+00:00] === COMPOUND bgp_route_flap_02: bgp_route_flap (station1) + vrf_leakage (station2) ===
[2026-07-19T18:56:04.763661+00:00]   bgp_route_flap run=bgp_route_flap_02_bgp_route_flap: 4 slow flaps over 10.0min, then 4 rapid flaps
[2026-07-19T18:56:04.763816+00:00]   vrf_leakage run=bgp_route_flap_02_vrf_leakage: wrong RT import + PE2 symptom ramp to 1.7%/20ms over 7.6min, hold 6.7min
[2026-07-19T19:10:28.822414+00:00] Logged bgp_route_flap 2026-07-19T18:56:04.763642+00:00 -> 2026-07-19T19:06:16.673422+00:00
[2026-07-19T19:10:28.822579+00:00] Logged vrf_leakage 2026-07-19T18:56:04.763808+00:00 -> 2026-07-19T19:03:46.816033+00:00
[2026-07-19T19:10:34.643428+00:00]   recovery settle 4.0 min...
[2026-07-19T19:14:35.253242+00:00]    iperf3 server listening on station2 (192.168.50.20)
[2026-07-19T19:14:37.714952+00:00] Baseline traffic: 20 Mbps (station1 -> 192.168.50.20 via eth0)
[2026-07-19T19:14:43.617118+00:00]    iperf3 client running (~20 Mbps)
[2026-07-19T19:14:43.617223+00:00] Normal ops before compound bgp_route_flap+vrf_leakage 4.2 min...
[2026-07-19T19:18:53.335762+00:00] Compound slot bgp_route_flap #3 attempt 1/3
[2026-07-19T19:18:53.335946+00:00] === COMPOUND bgp_route_flap_03: bgp_route_flap (station1) + vrf_leakage (station2) ===
[2026-07-19T19:18:53.336350+00:00]   bgp_route_flap run=bgp_route_flap_03_bgp_route_flap: 3 slow flaps over 11.0min, then 6 rapid flaps
[2026-07-19T19:18:53.336570+00:00]   vrf_leakage run=bgp_route_flap_03_vrf_leakage: wrong RT import + PE2 symptom ramp to 3.2%/12ms over 5.0min, hold 8.3min
[2026-07-19T19:32:19.804746+00:00] Logged bgp_route_flap 2026-07-19T19:18:53.336330+00:00 -> 2026-07-19T19:29:57.851386+00:00
[2026-07-19T19:32:19.804909+00:00] Logged vrf_leakage 2026-07-19T19:18:53.336556+00:00 -> 2026-07-19T19:23:57.325824+00:00
[2026-07-19T19:32:21.398889+00:00]   recovery settle 3.1 min...
[2026-07-19T19:35:30.476591+00:00]    iperf3 server listening on station2 (192.168.50.20)
[2026-07-19T19:35:39.457051+00:00] Baseline traffic: 41 Mbps (station1 -> 192.168.50.20 via eth0)
[2026-07-19T19:35:51.664059+00:00]    iperf3 client running (~41 Mbps)
[2026-07-19T19:35:51.664171+00:00] Normal ops before compound bgp_route_flap+vrf_leakage 4.5 min...
[2026-07-19T19:40:18.907224+00:00] Compound slot bgp_route_flap #4 attempt 1/3
[2026-07-19T19:40:18.907461+00:00] === COMPOUND bgp_route_flap_04: bgp_route_flap (station1) + vrf_leakage (station2) ===
[2026-07-19T19:40:18.907885+00:00]   bgp_route_flap run=bgp_route_flap_04_bgp_route_flap: 2 slow flaps over 11.5min, then 6 rapid flaps
[2026-07-19T19:40:18.908123+00:00]   vrf_leakage run=bgp_route_flap_04_vrf_leakage: wrong RT import + PE2 symptom ramp to 3.2%/9ms over 8.7min, hold 4.8min
[2026-07-19T19:54:00.873554+00:00] Logged bgp_route_flap 2026-07-19T19:40:18.907866+00:00 -> 2026-07-19T19:51:54.267098+00:00
[2026-07-19T19:54:00.873683+00:00] Logged vrf_leakage 2026-07-19T19:40:18.908113+00:00 -> 2026-07-19T19:49:08.235817+00:00
[2026-07-19T19:54:03.772315+00:00]   recovery settle 3.8 min...
[2026-07-19T19:57:56.313947+00:00]    iperf3 server listening on station2 (192.168.50.20)
[2026-07-19T19:57:58.794884+00:00] Baseline traffic: 27 Mbps (station1 -> 192.168.50.20 via eth0)
[2026-07-19T19:58:03.724587+00:00]    iperf3 client running (~27 Mbps)
[2026-07-19T19:58:03.724694+00:00] ============================================================
[2026-07-19T19:58:03.724724+00:00] COMPOUND OVERLAP CAMPAIGN DONE — pe1 counts {'congestion_breach': 4, 'tunnel_degradation': 4, 'bgp_route_flap': 4} attempts=12
[2026-07-19T19:58:03.724749+00:00] ============================================================
[2026-07-19T19:58:06.738648+00:00] Exported /home/brain/deca-isro/data/rpi-net/runs/compound_overlap_w2_20260719_2045/network_telemetry.csv (20337 rows)
[2026-07-19T19:58:06.837822+00:00] Exported /home/brain/deca-isro/data/rpi-net/runs/compound_overlap_w2_20260719_2045/network_campaign_export.csv (3390 rows)
[2026-07-19T19:58:06.840091+00:00] ============================================================
[2026-07-19T19:58:06.840231+00:00] VALIDATING fault_injection_log.csv
[2026-07-19T19:58:06.840258+00:00] ============================================================
[2026-07-19T19:58:06.840444+00:00] Total runs: 24
[2026-07-19T19:58:06.840588+00:00]   congestion_breach     n=4  avg= 11.3min  spread= 1.8min
[2026-07-19T19:58:06.840698+00:00]   tunnel_degradation    n=4  avg=  8.3min  spread= 1.8min
[2026-07-19T19:58:06.840793+00:00]   bgp_route_flap        n=4  avg=  9.9min  spread= 2.2min
[2026-07-19T19:58:06.840897+00:00]   vrf_leakage           n=12  avg=  6.7min  spread= 1.6min
[2026-07-19T19:58:06.840937+00:00] VALIDATION RESULT: PASS
[2026-07-19T19:58:06.840970+00:00] ============================================================
=== REBUILD ===
RPI_RUNS=['20260713_155333', '20260714_165648_tier6_x10', '20260715_191519_circ_v2', 'compound_overlap_20260719_1735', 'compound_overlap_w2_20260719_2045', 'spec_data_20260717_2352', 'vrf_recall_20260718_1752']
=== Loading RPi campaign(s) ===
  loading campaign 20260713_155333
    clean telemetry 20260713_155333: 52723 → 35152 rows
    clean faults 20260713_155333: 21 → 21 windows
  loading campaign 20260714_165648_tier6_x10
    clean telemetry 20260714_165648_tier6_x10: 93809 → 62547 rows
    clean faults 20260714_165648_tier6_x10: 40 → 40 windows
  loading campaign 20260715_191519_circ_v2
    clean telemetry 20260715_191519_circ_v2: 47253 → 31472 rows
    clean faults 20260715_191519_circ_v2: 27 → 27 windows
  loading campaign compound_overlap_20260719_1735
    clean telemetry compound_overlap_20260719_1735: 9429 → 6287 rows
    clean faults compound_overlap_20260719_1735: 12 → 12 windows
  loading campaign compound_overlap_w2_20260719_2045
    clean telemetry compound_overlap_w2_20260719_2045: 20337 → 13559 rows
    clean faults compound_overlap_w2_20260719_2045: 24 → 24 windows
  loading campaign spec_data_20260717_2352
    clean telemetry spec_data_20260717_2352: 35801 → 23843 rows
    clean faults spec_data_20260717_2352: 24 → 24 windows
  loading campaign vrf_recall_20260718_1752
    clean telemetry vrf_recall_20260718_1752: 10851 → 7235 rows
    clean faults vrf_recall_20260718_1752: 7 → 7 windows
  merged network rows=180095  fault windows=155
  network_df=180095  fault_windows=155
=== Loading public lake ===
  mawi_sample: 15 rows
  cisco_sandbox: 232 rows
  bgp_update_rates_full: 320 rows
  ripe_atlas_ping_sampled: 187971 probe rows -> 7200 minute buckets x2 metrics
  ripe_atlas_ping_baseline: 13902 rows
  public fault labels from bgp_routing_labels.csv: 1138 events (span 2026-07-05 02:20:00+00:00 → 2026-07-13 00:00:00+00:00) — provenance only, not applied
  public fault labels from ioda_outage_labels.csv: 1138 events (span 2026-07-05 02:20:00+00:00 → 2026-07-13 00:00:00+00:00) — provenance only, not applied
  public_df=28869
  NOTE: IODA/BGP outage labels are NOT merged into the training labeler — no overlapping public telemetry for those Jul-5-centric windows.
=== Synthetic ===
  synthetic: 0 rows (deliberate — RPi ground truth replaces synthetic noise)
  wrote public_outage_labels_provenance.csv (2276 rows) — inventory only

=== Provenance audit ===
  network   :   180095 rows  ( 86.2%)
  synthetic :        0 rows  (  0.0%)
  public    :    28869 rows  ( 13.8%)
  TOTAL     :   208964 rows (pre-dropna)
  unified_raw after clean: 208964
  training fault windows (RPi only): 155
  backed up deca_unified_raw.parquet -> deca_unified_raw.parquet.bak_pre_rebuild
  backed up deca_unified_dataset.parquet -> deca_unified_dataset.parquet.bak_pre_rebuild

Wrote /home/brain/deca-isro/data/processed/deca_unified_raw.parquet (208964 rows)

=== Feature engineering ===
  features=53133 rows, cols=42
  features by source: {'network': 44974, 'public': 8159}

=== Circumstance existence labels (additive) ===
  circumstance existence labels applied for 20 events
circumstance_label
healthy               50133
congestion_breach       981
vrf_leakage             807
tunnel_degradation      672
bgp_route_flap          540
Wrote /home/brain/deca-isro/data/processed/deca_unified_dataset.parquet (53133 rows)

Fault type distribution:
fault_type
none                  41033
vrf_leakage            3639
congestion_breach      3364
bgp_route_flap         2589
tunnel_degradation     2346
precursor_aborted       162

Unified label distribution:
unified_label
healthy               41195
vrf_leakage            3639
congestion_breach      3364
bgp_route_flap         2589
tunnel_degradation     2346

By source × unified_label:
source   unified_label     
network  bgp_route_flap         2589
         congestion_breach      3364
         healthy               33036
         tunnel_degradation     2346
         vrf_leakage            3639
public   healthy                8159
=== SCHOOL EXAM PROMOTE ===
Exam paper seed=1784491093  policy=random  (new questions each run unless --exam-seed fixed)
Exam label counts: {'healthy': 8239, 'congestion_breach': 673, 'tunnel_degradation': 469, 'bgp_route_flap': 518, 'vrf_leakage': 728}

=== Unit test (active model on new paper) ===
  Macro-F1=0.7079  rare-recall=0.5714
Lake rows=53,133  features=40  exam rows=10,627
Baseline Macro-F1 to beat: 0.7170
Rare boosts β=[1.0, 1.5, 2.0, 3.0]
Heads (families): ['plain', 'wm', 'moe']  [plain=champion, wm=cluster booster, moe=cluster + per-fault experts]
Classes: ['healthy', 'congestion_breach', 'tunnel_degradation', 'bgp_route_flap', 'vrf_leakage']

=== Teaching the anomaly gate (once) ===

=== Study hall  head=plain  β=1.0 ===
  val macro-F1=0.6962  EXAM macro-F1=0.7028  rare-recall=0.5410  gate_thr=0.50
    bgp_route_flap: P=0.34 R=0.45 F1=0.39
    vrf_leakage: P=0.56 R=0.64 F1=0.60

=== Study hall  head=plain  β=1.5 ===
  val macro-F1=0.6960  EXAM macro-F1=0.7029  rare-recall=0.5511  gate_thr=0.50
    bgp_route_flap: P=0.34 R=0.45 F1=0.39
    vrf_leakage: P=0.55 R=0.65 F1=0.60

=== Study hall  head=plain  β=2.0 ===
  val macro-F1=0.6936  EXAM macro-F1=0.7022  rare-recall=0.5628  gate_thr=0.50
    bgp_route_flap: P=0.33 R=0.45 F1=0.38
    vrf_leakage: P=0.53 R=0.68 F1=0.59

=== Study hall  head=plain  β=3.0 ===
  val macro-F1=0.6929  EXAM macro-F1=0.7038  rare-recall=0.5660  gate_thr=0.50
    bgp_route_flap: P=0.33 R=0.46 F1=0.39
    vrf_leakage: P=0.53 R=0.67 F1=0.60

=== Study hall  head=wm  β=1.0 ===
  val macro-F1=0.6937  EXAM macro-F1=0.7027  rare-recall=0.5379  gate_thr=0.50
    bgp_route_flap: P=0.34 R=0.44 F1=0.39
    vrf_leakage: P=0.56 R=0.63 F1=0.59

=== Study hall  head=wm  β=1.5 ===
  val macro-F1=0.6958  EXAM macro-F1=0.6992  rare-recall=0.5372  gate_thr=0.50
    bgp_route_flap: P=0.33 R=0.43 F1=0.38
    vrf_leakage: P=0.53 R=0.64 F1=0.58

=== Study hall  head=wm  β=2.0 ===
  val macro-F1=0.6923  EXAM macro-F1=0.7017  rare-recall=0.5521  gate_thr=0.50
    bgp_route_flap: P=0.33 R=0.44 F1=0.38
    vrf_leakage: P=0.53 R=0.66 F1=0.59

=== Study hall  head=wm  β=3.0 ===
  val macro-F1=0.6914  EXAM macro-F1=0.7006  rare-recall=0.5570  gate_thr=0.50
    bgp_route_flap: P=0.33 R=0.45 F1=0.38
    vrf_leakage: P=0.52 R=0.67 F1=0.59

=== Study hall  head=moe  β=1.0 ===
  val macro-F1=0.6792  EXAM macro-F1=0.6896  rare-recall=0.5557  gate_thr=0.50
    bgp_route_flap: P=0.32 R=0.45 F1=0.37
    vrf_leakage: P=0.48 R=0.66 F1=0.56

=== Study hall  head=moe  β=1.5 ===
  val macro-F1=0.6797  EXAM macro-F1=0.6876  rare-recall=0.5525  gate_thr=0.50
    bgp_route_flap: P=0.32 R=0.45 F1=0.37
    vrf_leakage: P=0.49 R=0.66 F1=0.56

=== Study hall  head=moe  β=2.0 ===
  val macro-F1=0.6796  EXAM macro-F1=0.6871  rare-recall=0.5627  gate_thr=0.50
    bgp_route_flap: P=0.32 R=0.45 F1=0.38
    vrf_leakage: P=0.48 R=0.67 F1=0.56

=== Study hall  head=moe  β=3.0 ===
  val macro-F1=0.6717  EXAM macro-F1=0.6813  rare-recall=0.5675  gate_thr=0.50
    bgp_route_flap: P=0.32 R=0.45 F1=0.37
    vrf_leakage: P=0.47 R=0.68 F1=0.55

Wrote /home/brain/deca-isro/models/school_exam/weight_sweep.csv
Wrote /home/brain/deca-isro/models/school_exam/latest_exam.json

=== Great Exam / promotion gate (repeated-holdout validation) ===
  candidate Macro-F1=0.7038
  bar=0.7170 = max(honest champion same-paper 0.7038, manifest floor 0.7170)   [basis=honest_same_paper_champion_config]
  deployed artifact (same paper, leakage-inflated)=0.7079  [informational only]
  candidate rare-recall=0.5660  floor≈0.5360
  GATE: FAIL
  Auto-promote: gate FAIL — keeping active models/
=== SOFT STREAK ===
Network rows=44,974  temporal test tail=11,244  from 2026-07-17 20:16:15+00:00
  soft_streak ENABLED  enter threshold=3 cumulative confidence  (mean fault conf=0.829 when gate open)

=== Temporal Loom score (chronological network tail) ===
  loom global fallback  enter_k=3  exit_k=2
  soft_streak ON   entry uses cumulative confidence >= enter_k (3); exit stays frame-based
    congestion_breach    enter_k=3  exit_k=2
    tunnel_degradation   enter_k=4  exit_k=2
    bgp_route_flap       enter_k=3  exit_k=3
    vrf_leakage          enter_k=3  exit_k=3
  raw_frame     Macro-F1=0.5681  Acc=0.7256  rareR=0.4034
    bgp_route_flap: F1=0.392
    vrf_leakage: F1=0.449
  persistent    Macro-F1=0.5943  Acc=0.7506  rareR=0.3512
    bgp_route_flap: F1=0.455
    vrf_leakage: F1=0.413
  advisory      Macro-F1=0.5776  Acc=0.7745  rareR=0.2858
    bgp_route_flap: F1=0.348
    vrf_leakage: F1=0.432
  boost ΔMacro-F1=+0.0262  frames_changed=1779  fault frames 4466 → 3802 (suppressed 664)

  advisory tier  enter_k=2  exit_k=1
    events=50  advisory caught=34  confirmed caught=33
    mean lead=10.27 frames  max lead=67 frames  (over 33 events where both caught it)
    advisory-only window: 406 frames — 163 correct early warning, 94 wrong-class, 149 pure noise  (precision=0.401)

Wrote /home/brain/deca-isro/models/temporal_persist_score.json
Patched loom into promoted artifacts (/home/brain/deca-isro/models/fault_classifier/decision_thresholds.json)
PROMOTE gate_ok=False candidate=0.7038170953024172 bar=0.717
=== TRUST: 20m control ===
==============================================================
 DECA BLIND TEST  run_id=control_post_overlap_20260720_0133_20m  start_at=now  budget=20m
==============================================================
Pre-flight: run 'bash ~/deca_diagnostic.sh' and confirm all green,
and that Prometheus is healthy: curl -s localhost:9090/-/ready
Operator NOC feed will stream to: data/rpi-net/live/control_post_overlap_20260720_0133_20m/operator_feed.log  (tail -f to watch)

Operator armed (pid 737010). tail -f data/rpi-net/live/control_post_overlap_20260720_0133_20m/operator_feed.log
[2026-07-19T20:03:47.939473+00:00] ================================================================
[2026-07-19T20:03:47.939556+00:00] DECA BLIND CONTROL (all-healthy) armed — run_id=control_post_overlap_20260720_0133_20m seed=558247 (SEALED)
[2026-07-19T20:03:47.939589+00:00] Budget 20 min | NO real faults | 2 near-miss bait(s) | simulate=False
[2026-07-19T20:03:47.939640+00:00] Sealed truth: /home/brain/deca-isro/data/rpi-net/live/control_post_overlap_20260720_0133_20m/ground_truth.sealed.jsonl
[2026-07-19T20:03:47.939666+00:00] ================================================================
[2026-07-19T20:03:51.251431+00:00]    iperf3 server listening on station2 (192.168.50.20)
[2026-07-19T20:03:52.731181+00:00] Baseline traffic: 81 Mbps (station1 -> 192.168.50.20 via eth0)
[2026-07-19T20:03:58.644762+00:00]    iperf3 client running (~81 Mbps)
[2026-07-19T20:03:58.644898+00:00] [control] healthy baseline 6.8 min...
[2026-07-19T20:10:47.853571+00:00] [control] near-miss control_post_overlap_20260720_0133_20m_nm01 (bait — MUST stay healthy)
[2026-07-19T20:10:47.853887+00:00] NEAR-MISS aborted onset for 36s (not a real fault)...
[2026-07-19T20:11:24.762926+00:00] [control] sealed control_post_overlap_20260720_0133_20m_nm01: 2026-07-19T20:10:47.853870+00:00 -> 2026-07-19T20:11:24.762537+00:00
[2026-07-19T20:11:45.744297+00:00] [control] healthy baseline 5.9 min...
[2026-07-19T20:17:42.256046+00:00] [control] near-miss control_post_overlap_20260720_0133_20m_nm02 (bait — MUST stay healthy)
[2026-07-19T20:17:42.256354+00:00] NEAR-MISS aborted onset for 31s (not a real fault)...
[2026-07-19T20:18:14.524454+00:00] [control] sealed control_post_overlap_20260720_0133_20m_nm02: 2026-07-19T20:17:42.256342+00:00 -> 2026-07-19T20:18:14.524227+00:00
[2026-07-19T20:18:30.786619+00:00] [control] healthy baseline 5.3 min to end (no baits left)...
[2026-07-19T20:23:48.039832+00:00] ================================================================
[2026-07-19T20:23:48.040099+00:00] BLIND CONTROL COMPLETE — 0 real faults, 2 near-misses
[2026-07-19T20:23:48.040204+00:00] Any confirmed alarm here is a false positive. Grade with:
[2026-07-19T20:23:48.040295+00:00]   python scripts/deca_blind_scorecard.py --run-id control_post_overlap_20260720_0133_20m
[2026-07-19T20:23:48.040383+00:00] ================================================================
Chaos finished; letting the operator settle for 30s before stopping...
Operator ignored SIGINT — sending TERM...

Grading...
====================================================================
  DECA BLIND TEST SCORECARD — control_post_overlap_20260720_0133_20m
====================================================================
  Circumstances the network created : 0
  Detected by the models            : 0  (rate None)
  Correct fault class (first decl)  : 0  (accuracy None)
  Correct class (ever, in-window)   : 0  (accuracy None)
  Missed                            : 0
  Mean confirmed lead before breach : None min
  Mean advisory lead before breach  : None min  (class-agnostic; 'something forming')
  LSTM ETA mean abs error           : None min
  Severity bucket agreement         : None  (0 scored)
  Severity continuous Pearson r     : None  (0 pairs)
  Near-miss false alarms            : 0 / 2
  Spurious false alarms             : 0
====================================================================
  Per-circumstance:
====================================================================

  scorecard.json -> /home/brain/deca-isro/data/rpi-net/live/control_post_overlap_20260720_0133_20m/scorecard.json
  canvas         -> /home/brain/.cursor/projects/home-brain-deca-isro/canvases/deca-blind-test.canvas.tsx
=== VERIFY: tunnel+VRF compound blind ===
==============================================================
 DECA BLIND TEST  run_id=blind_compound_tunnel_recheck_20260720_0154_40m  start_at=now  budget=40m
==============================================================
Pre-flight: run 'bash ~/deca_diagnostic.sh' and confirm all green,
and that Prometheus is healthy: curl -s localhost:9090/-/ready
Operator NOC feed will stream to: data/rpi-net/live/blind_compound_tunnel_recheck_20260720_0154_40m/operator_feed.log  (tail -f to watch)

Operator armed (pid 743677). tail -f data/rpi-net/live/blind_compound_tunnel_recheck_20260720_0154_40m/operator_feed.log
[2026-07-19T20:24:37.619713+00:00] ================================================================
[2026-07-19T20:24:37.619796+00:00] DECA BLIND CHAOS armed — run_id=blind_compound_tunnel_recheck_20260720_0154_40m seed=222300 (SEALED)
[2026-07-19T20:24:37.619831+00:00] Budget 40 min | target 2-2 events + 1 near-misses | simulate=False
[2026-07-19T20:24:37.619859+00:00] Fault pool: ['congestion_breach', 'tunnel_degradation', 'bgp_route_flap', 'vrf_leakage']
[2026-07-19T20:24:37.619883+00:00] Compound prob=1.0 pe1=tunnel_degradation
[2026-07-19T20:24:37.619934+00:00] Sealed truth: /home/brain/deca-isro/data/rpi-net/live/blind_compound_tunnel_recheck_20260720_0154_40m/ground_truth.sealed.jsonl
[2026-07-19T20:24:37.619960+00:00] ================================================================
[2026-07-19T20:24:41.033261+00:00]    iperf3 server listening on station2 (192.168.50.20)
[2026-07-19T20:24:43.534464+00:00] Baseline traffic: 76 Mbps (station1 -> 192.168.50.20 via eth0)
[2026-07-19T20:24:49.435737+00:00]    iperf3 client running (~76 Mbps)
[2026-07-19T20:24:49.435903+00:00] [chaos] near-miss blind_compound_tunnel_recheck_20260720_0154_40m_nm01 (bait — should stay healthy)
[2026-07-19T20:24:49.435941+00:00] NEAR-MISS aborted onset for 35s (not a real fault)...
[2026-07-19T20:25:27.026098+00:00] [chaos] normal ops 3.0 min...
[2026-07-19T20:28:26.298189+00:00] [chaos] === COMPOUND blind_compound_tunnel_recheck_20260720_0154_40m_cg01: tunnel_degradation (station1) + vrf_leakage (station2) OVERLAPPING, 36 min budget left ===
[2026-07-19T20:28:26.298948+00:00]   tunnel_degradation run=blind_compound_tunnel_recheck_20260720_0154_40m_cg01_tunnel_degradation: ramping to 11.1% loss / 44ms delay over 8.4min
[2026-07-19T20:28:26.299271+00:00]   vrf_leakage run=blind_compound_tunnel_recheck_20260720_0154_40m_cg01_vrf_leakage: wrong RT import + PE2 symptom ramp to 3.5%/18ms over 8.8min, hold 5.7min
[2026-07-19T20:43:06.372176+00:00] [chaos] sealed blind_compound_tunnel_recheck_20260720_0154_40m_cg01_e01_tunnel_degradation (compound blind_compound_tunnel_recheck_20260720_0154_40m_cg01): 2026-07-19T20:28:26.298931+00:00 -> 2026-07-19T20:35:14.866397+00:00
[2026-07-19T20:43:06.372588+00:00] [chaos] sealed blind_compound_tunnel_recheck_20260720_0154_40m_cg01_e02_vrf_leakage (compound blind_compound_tunnel_recheck_20260720_0154_40m_cg01): 2026-07-19T20:28:26.299262+00:00 -> 2026-07-19T20:37:21.039470+00:00
[2026-07-19T20:43:09.719385+00:00] ================================================================
[2026-07-19T20:43:09.719494+00:00] BLIND CHAOS COMPLETE — 2 circumstances, 1 near-misses in 18.5 min
[2026-07-19T20:43:09.719531+00:00] Run the scorecard AFTER the operator has stopped:
[2026-07-19T20:43:09.719560+00:00]   python scripts/deca_blind_scorecard.py --run-id blind_compound_tunnel_recheck_20260720_0154_40m
[2026-07-19T20:43:09.719583+00:00] ================================================================
Chaos finished; letting the operator settle for 30s before stopping...
Operator ignored SIGINT — sending TERM...

Grading...
====================================================================
  DECA BLIND TEST SCORECARD — blind_compound_tunnel_recheck_20260720_0154_40m
====================================================================
  Circumstances the network created : 2
  Detected by the models            : 1  (rate 0.5)
  Correct fault class (first decl)  : 1  (accuracy 0.5)
  Correct class (ever, in-window)   : 1  (accuracy 0.5)
  Missed                            : 1
  Mean confirmed lead before breach : 5.4 min
  Mean advisory lead before breach  : 7.2 min  (class-agnostic; 'something forming')
  LSTM ETA mean abs error           : 0.6 min
  Severity bucket agreement         : 0.0  (1 scored)
  Severity continuous Pearson r     : None  (1 pairs)
  Near-miss false alarms            : 0 / 1
  Spurious false alarms             : 0
====================================================================
  Per-circumstance:
   [HIT ] tunnel_degradation station1  lead(conf/adv)=5.4/6.2min ETA=4.8/5.4 sev=medium~high ok [cascade cg01]
   [MISS] vrf_leakage        station2  lead(conf/adv)=None/8.3min ETA=None/None sev=None~low ->None [cascade cg01]
====================================================================

  scorecard.json -> /home/brain/deca-isro/data/rpi-net/live/blind_compound_tunnel_recheck_20260720_0154_40m/scorecard.json
  canvas         -> /home/brain/.cursor/projects/home-brain-deca-isro/canvases/deca-blind-test.canvas.tsx
=== VERIFY: BGP+VRF compound blind ===
==============================================================
 DECA BLIND TEST  run_id=blind_compound_bgp_recheck_20260720_0213_40m  start_at=now  budget=40m
==============================================================
Pre-flight: run 'bash ~/deca_diagnostic.sh' and confirm all green,
and that Prometheus is healthy: curl -s localhost:9090/-/ready
Operator NOC feed will stream to: data/rpi-net/live/blind_compound_bgp_recheck_20260720_0213_40m/operator_feed.log  (tail -f to watch)

Operator armed (pid 749862). tail -f data/rpi-net/live/blind_compound_bgp_recheck_20260720_0213_40m/operator_feed.log
[2026-07-19T20:43:50.547984+00:00] ================================================================
[2026-07-19T20:43:50.548083+00:00] DECA BLIND CHAOS armed — run_id=blind_compound_bgp_recheck_20260720_0213_40m seed=413689 (SEALED)
[2026-07-19T20:43:50.548123+00:00] Budget 40 min | target 2-2 events + 1 near-misses | simulate=False
[2026-07-19T20:43:50.548149+00:00] Fault pool: ['congestion_breach', 'tunnel_degradation', 'bgp_route_flap', 'vrf_leakage']
[2026-07-19T20:43:50.548176+00:00] Compound prob=1.0 pe1=bgp_route_flap
[2026-07-19T20:43:50.548231+00:00] Sealed truth: /home/brain/deca-isro/data/rpi-net/live/blind_compound_bgp_recheck_20260720_0213_40m/ground_truth.sealed.jsonl
[2026-07-19T20:43:50.548258+00:00] ================================================================
[2026-07-19T20:43:54.195447+00:00]    iperf3 server listening on station2 (192.168.50.20)
[2026-07-19T20:43:56.694139+00:00] Baseline traffic: 81 Mbps (station1 -> 192.168.50.20 via eth0)
[2026-07-19T20:44:02.587398+00:00]    iperf3 client running (~81 Mbps)
[2026-07-19T20:44:02.587556+00:00] [chaos] normal ops 1.3 min...
[2026-07-19T20:45:20.150572+00:00] [chaos] === COMPOUND blind_compound_bgp_recheck_20260720_0213_40m_cg01: bgp_route_flap (station1) + vrf_leakage (station2) OVERLAPPING, 39 min budget left ===
[2026-07-19T20:45:20.151208+00:00]   bgp_route_flap run=blind_compound_bgp_recheck_20260720_0213_40m_cg01_bgp_route_flap: 3 slow flaps over 7.4min, then 5 rapid flaps
[2026-07-19T20:45:20.152007+00:00]   vrf_leakage run=blind_compound_bgp_recheck_20260720_0213_40m_cg01_vrf_leakage: wrong RT import + PE2 symptom ramp to 2.1%/14ms over 8.1min, hold 4.4min
[2026-07-19T20:57:56.991186+00:00] [chaos] sealed blind_compound_bgp_recheck_20260720_0213_40m_cg01_e01_bgp_route_flap (compound blind_compound_bgp_recheck_20260720_0213_40m_cg01): 2026-07-19T20:45:20.151202+00:00 -> 2026-07-19T20:52:57.407466+00:00
[2026-07-19T20:57:56.991553+00:00] [chaos] sealed blind_compound_bgp_recheck_20260720_0213_40m_cg01_e02_vrf_leakage (compound blind_compound_bgp_recheck_20260720_0213_40m_cg01): 2026-07-19T20:45:20.151986+00:00 -> 2026-07-19T20:53:29.832689+00:00
[2026-07-19T20:58:01.277704+00:00] ================================================================
[2026-07-19T20:58:01.277821+00:00] BLIND CHAOS COMPLETE — 2 circumstances, 0 near-misses in 14.2 min
[2026-07-19T20:58:01.277854+00:00] Run the scorecard AFTER the operator has stopped:
[2026-07-19T20:58:01.277883+00:00]   python scripts/deca_blind_scorecard.py --run-id blind_compound_bgp_recheck_20260720_0213_40m
[2026-07-19T20:58:01.277913+00:00] ================================================================
Chaos finished; letting the operator settle for 30s before stopping...
Operator ignored SIGINT — sending TERM...

Grading...
====================================================================
  DECA BLIND TEST SCORECARD — blind_compound_bgp_recheck_20260720_0213_40m
====================================================================
  Circumstances the network created : 2
  Detected by the models            : 1  (rate 0.5)
  Correct fault class (first decl)  : 1  (accuracy 0.5)
  Correct class (ever, in-window)   : 1  (accuracy 0.5)
  Missed                            : 1
  Mean confirmed lead before breach : -0.6 min
  Mean advisory lead before breach  : -0.2 min  (class-agnostic; 'something forming')
  LSTM ETA mean abs error           : 4.2 min
  Severity bucket agreement         : 0.0  (1 scored)
  Severity continuous Pearson r     : None  (1 pairs)
  Near-miss false alarms            : 0 / 0
  Spurious false alarms             : 0
====================================================================
  Per-circumstance:
   [MISS] bgp_route_flap     station1  lead(conf/adv)=None/-0.2min ETA=None/None sev=None~medium ->None [cascade cg01]
   [HIT ] vrf_leakage        station2  lead(conf/adv)=-0.6/-0.1min ETA=3.6/-0.6 sev=medium~high ok [cascade cg01]
====================================================================

  scorecard.json -> /home/brain/deca-isro/data/rpi-net/live/blind_compound_bgp_recheck_20260720_0213_40m/scorecard.json
  canvas         -> /home/brain/.cursor/projects/home-brain-deca-isro/canvases/deca-blind-test.canvas.tsx
PROMOTE gate_ok=False candidate=0.7038170953024172 bar=0.717
GRADE control_post_overlap_20260720_0133_20m: detect=0/0 class=None spur=0 nm_fa=0
GRADE blind_compound_tunnel_recheck_20260720_0154_40m: detect=1/2 class=0.5 spur=0 nm_fa=0
  tunnel_degradation @station1 det=True pred=tunnel_degradation
  vrf_leakage @station2 det=False pred=None
GRADE blind_compound_bgp_recheck_20260720_0213_40m: detect=1/2 class=0.5 spur=0 nm_fa=0
  bgp_route_flap @station1 det=False pred=None
  vrf_leakage @station2 det=True pred=vrf_leakage
=== PIPELINE COMPLETE run_id=compound_overlap_w2_20260719_2045 ===
=== PIPELINE compound overlap run_id=tier5_vrf_overlap_20260720_0252 per_pe1=2 ===
lab cleared (faults + iperf)
[2026-07-20T02:52:32.447394+00:00] Run directory: /home/brain/deca-isro/data/rpi-net/runs/tier5_vrf_overlap_20260720_0252
[2026-07-20T02:52:32.447474+00:00] ============================================================
[2026-07-20T02:52:32.447500+00:00] DECA COMPOUND OVERLAP CAMPAIGN — 2× each PE1 + vrf_leakage (retry=2)
[2026-07-20T02:52:32.447525+00:00] ============================================================
[2026-07-20T02:52:35.891928+00:00]    iperf3 server listening on station2 (192.168.50.20)
[2026-07-20T02:52:46.384078+00:00] Baseline traffic: 82 Mbps (station1 -> 192.168.50.20 via eth0)
[2026-07-20T02:52:51.285766+00:00]    iperf3 client running (~82 Mbps)
[2026-07-20T02:52:51.285890+00:00] Normal ops before compound bgp_route_flap+vrf_leakage 4.8 min...
[2026-07-20T02:57:38.360805+00:00] Compound slot bgp_route_flap #1 attempt 1/3
[2026-07-20T02:57:38.361067+00:00] === COMPOUND bgp_route_flap_01: bgp_route_flap (station1) + vrf_leakage (station2) ===
[2026-07-20T02:57:38.361597+00:00]   bgp_route_flap run=bgp_route_flap_01_bgp_route_flap: 3 slow flaps over 8.6min, then 4 rapid flaps
[2026-07-20T02:57:38.362075+00:00]   vrf_leakage run=bgp_route_flap_01_vrf_leakage: wrong RT import + PE2 symptom ramp to 2.5%/20ms over 6.6min, hold 6.7min
[2026-07-20T03:11:05.831242+00:00] Logged bgp_route_flap 2026-07-20T02:57:38.361582+00:00 -> 2026-07-20T03:06:17.067138+00:00
[2026-07-20T03:11:05.831326+00:00] Logged vrf_leakage 2026-07-20T02:57:38.362049+00:00 -> 2026-07-20T03:04:22.795073+00:00
[2026-07-20T03:11:13.160790+00:00]   recovery settle 2.7 min...
[2026-07-20T03:13:57.214610+00:00]    iperf3 server listening on station2 (192.168.50.20)
[2026-07-20T03:13:59.740071+00:00] Baseline traffic: 25 Mbps (station1 -> 192.168.50.20 via eth0)
[2026-07-20T03:14:04.604275+00:00]    iperf3 client running (~25 Mbps)
[2026-07-20T03:14:04.604381+00:00] Normal ops before compound bgp_route_flap+vrf_leakage 5.4 min...
[2026-07-20T03:19:28.719812+00:00] Compound slot bgp_route_flap #2 attempt 1/3
[2026-07-20T03:19:28.719981+00:00] === COMPOUND bgp_route_flap_02: bgp_route_flap (station1) + vrf_leakage (station2) ===
[2026-07-20T03:19:28.720259+00:00]   bgp_route_flap run=bgp_route_flap_02_bgp_route_flap: 2 slow flaps over 10.9min, then 6 rapid flaps
[2026-07-20T03:19:28.720603+00:00]   vrf_leakage run=bgp_route_flap_02_vrf_leakage: wrong RT import + PE2 symptom ramp to 3.2%/16ms over 4.1min, hold 8.9min
[2026-07-20T03:32:35.019319+00:00] Logged bgp_route_flap 2026-07-20T03:19:28.720251+00:00 -> 2026-07-20T03:30:24.106856+00:00
[2026-07-20T03:32:35.019384+00:00] Logged vrf_leakage 2026-07-20T03:19:28.720583+00:00 -> 2026-07-20T03:23:39.793438+00:00
[2026-07-20T03:32:42.226896+00:00]   recovery settle 3.8 min...
[2026-07-20T03:36:36.034637+00:00]    iperf3 server listening on station2 (192.168.50.20)
[2026-07-20T03:36:38.734231+00:00] Baseline traffic: 66 Mbps (station1 -> 192.168.50.20 via eth0)
[2026-07-20T03:36:44.631982+00:00]    iperf3 client running (~66 Mbps)
[2026-07-20T03:36:44.632172+00:00] Normal ops before compound congestion_breach+vrf_leakage 4.5 min...
[2026-07-20T03:41:16.344868+00:00] Compound slot congestion_breach #1 attempt 1/3
[2026-07-20T03:41:16.345135+00:00] === COMPOUND congestion_breach_01: congestion_breach (station1) + vrf_leakage (station2) ===
[2026-07-20T03:41:16.345582+00:00]   congestion_breach run=congestion_breach_01_congestion_breach: 95->7mbit over 11.5min, 5 steps
[2026-07-20T03:41:16.345797+00:00]   vrf_leakage run=congestion_breach_01_vrf_leakage: wrong RT import + PE2 symptom ramp to 3.9%/9ms over 8.8min, hold 8.3min
[2026-07-20T03:58:35.315048+00:00] Logged congestion_breach 2026-07-20T03:41:16.345556+00:00 -> 2026-07-20T03:53:04.308538+00:00
[2026-07-20T03:58:35.315203+00:00] Logged vrf_leakage 2026-07-20T03:41:16.345785+00:00 -> 2026-07-20T03:50:08.452282+00:00
[2026-07-20T03:58:40.829743+00:00]   recovery settle 2.5 min...
[2026-07-20T04:01:14.953435+00:00]    iperf3 server listening on station2 (192.168.50.20)
[2026-07-20T04:01:16.430078+00:00] Baseline traffic: 66 Mbps (station1 -> 192.168.50.20 via eth0)
[2026-07-20T04:01:22.338114+00:00]    iperf3 client running (~66 Mbps)
[2026-07-20T04:01:22.338245+00:00] Normal ops before compound congestion_breach+vrf_leakage 5.2 min...
[2026-07-20T04:06:35.611077+00:00] Compound slot congestion_breach #2 attempt 1/3
[2026-07-20T04:06:35.611258+00:00] === COMPOUND congestion_breach_02: congestion_breach (station1) + vrf_leakage (station2) ===
[2026-07-20T04:06:35.611551+00:00]   congestion_breach run=congestion_breach_02_congestion_breach: 95->5mbit over 9.7min, 4 steps
[2026-07-20T04:06:35.611755+00:00]   vrf_leakage run=congestion_breach_02_vrf_leakage: wrong RT import + PE2 symptom ramp to 3.9%/10ms over 8.9min, hold 5.0min
[2026-07-20T04:20:51.030455+00:00] Logged congestion_breach 2026-07-20T04:06:35.611542+00:00 -> 2026-07-20T04:16:29.976461+00:00
[2026-07-20T04:20:51.030629+00:00] Logged vrf_leakage 2026-07-20T04:06:35.611749+00:00 -> 2026-07-20T04:15:33.825300+00:00
[2026-07-20T04:20:56.749165+00:00]   recovery settle 3.7 min...
[2026-07-20T04:24:42.344927+00:00]    iperf3 server listening on station2 (192.168.50.20)
[2026-07-20T04:24:43.858058+00:00] Baseline traffic: 31 Mbps (station1 -> 192.168.50.20 via eth0)
[2026-07-20T04:25:10.465720+00:00]    iperf3 client running (~31 Mbps)
[2026-07-20T04:25:10.465844+00:00] Normal ops before compound tunnel_degradation+vrf_leakage 3.6 min...
[2026-07-20T04:28:44.138077+00:00] Compound slot tunnel_degradation #1 attempt 1/3
[2026-07-20T04:28:44.138256+00:00] === COMPOUND tunnel_degradation_01: tunnel_degradation (station1) + vrf_leakage (station2) ===
[2026-07-20T04:28:44.138659+00:00]   tunnel_degradation run=tunnel_degradation_01_tunnel_degradation: ramping to 9.6% loss / 38ms delay over 6.3min
[2026-07-20T04:28:44.138859+00:00]   vrf_leakage run=tunnel_degradation_01_vrf_leakage: wrong RT import + PE2 symptom ramp to 3.0%/15ms over 4.1min, hold 5.3min
[2026-07-20T04:38:41.928273+00:00] Logged tunnel_degradation 2026-07-20T04:28:44.138638+00:00 -> 2026-07-20T04:33:31.230034+00:00
[2026-07-20T04:38:41.928400+00:00] Logged vrf_leakage 2026-07-20T04:28:44.138849+00:00 -> 2026-07-20T04:33:00.891386+00:00
[2026-07-20T04:38:44.170556+00:00]   recovery settle 3.5 min...
[2026-07-20T04:42:16.958603+00:00]    iperf3 server listening on station2 (192.168.50.20)
[2026-07-20T04:42:18.440122+00:00] Baseline traffic: 83 Mbps (station1 -> 192.168.50.20 via eth0)
[2026-07-20T04:42:23.295737+00:00]    iperf3 client running (~83 Mbps)
[2026-07-20T04:42:23.295866+00:00] Normal ops before compound tunnel_degradation+vrf_leakage 3.6 min...
[2026-07-20T04:46:00.378882+00:00] Compound slot tunnel_degradation #2 attempt 1/3
[2026-07-20T04:46:00.379054+00:00] === COMPOUND tunnel_degradation_02: tunnel_degradation (station1) + vrf_leakage (station2) ===
[2026-07-20T04:46:00.379319+00:00]   tunnel_degradation run=tunnel_degradation_02_tunnel_degradation: ramping to 7.9% loss / 31ms delay over 9.5min
[2026-07-20T04:46:00.379576+00:00]   vrf_leakage run=tunnel_degradation_02_vrf_leakage: wrong RT import + PE2 symptom ramp to 2.0%/8ms over 8.7min, hold 4.4min
[2026-07-20T04:59:09.120822+00:00] Logged tunnel_degradation 2026-07-20T04:46:00.379298+00:00 -> 2026-07-20T04:52:24.995595+00:00
[2026-07-20T04:59:09.121052+00:00] Logged vrf_leakage 2026-07-20T04:46:00.379560+00:00 -> 2026-07-20T04:54:46.098393+00:00
[2026-07-20T04:59:11.115421+00:00]   recovery settle 2.6 min...
[2026-07-20T05:01:51.896557+00:00]    iperf3 server listening on station2 (192.168.50.20)
[2026-07-20T05:02:12.900647+00:00] Baseline traffic: 32 Mbps (station1 -> 192.168.50.20 via eth0)
[2026-07-20T05:02:24.768429+00:00]    iperf3 client running (~32 Mbps)
[2026-07-20T05:02:24.768546+00:00] ============================================================
[2026-07-20T05:02:24.768586+00:00] COMPOUND OVERLAP CAMPAIGN DONE — pe1 counts {'congestion_breach': 2, 'tunnel_degradation': 2, 'bgp_route_flap': 2} attempts=6
[2026-07-20T05:02:24.768619+00:00] ============================================================
[2026-07-20T05:02:27.339405+00:00] Exported /home/brain/deca-isro/data/rpi-net/runs/tier5_vrf_overlap_20260720_0252/network_telemetry.csv (10396 rows)
[2026-07-20T05:02:27.394605+00:00] Exported /home/brain/deca-isro/data/rpi-net/runs/tier5_vrf_overlap_20260720_0252/network_campaign_export.csv (1560 rows)
[2026-07-20T05:02:27.395869+00:00] ============================================================
[2026-07-20T05:02:27.395982+00:00] VALIDATING fault_injection_log.csv
[2026-07-20T05:02:27.396030+00:00] ============================================================
[2026-07-20T05:02:27.396174+00:00] Total runs: 12
[2026-07-20T05:02:27.396324+00:00]   congestion_breach     n=2  avg= 10.9min  spread= 1.3min
[2026-07-20T05:02:27.396409+00:00]   tunnel_degradation    n=2  avg=  5.6min  spread= 1.1min
[2026-07-20T05:02:27.396493+00:00]   bgp_route_flap        n=2  avg=  9.8min  spread= 1.6min
[2026-07-20T05:02:27.396595+00:00]   vrf_leakage           n=6  avg=  7.0min  spread= 2.3min
[2026-07-20T05:02:27.396640+00:00] VALIDATION RESULT: PASS
[2026-07-20T05:02:27.396669+00:00] ============================================================
=== REBUILD ===
RPI_RUNS=['20260713_155333', '20260714_165648_tier6_x10', '20260715_191519_circ_v2', 'compound_overlap_20260719_1735', 'compound_overlap_w2_20260719_2045', 'spec_data_20260717_2352', 'tier5_vrf_overlap_20260720_0252', 'vrf_recall_20260718_1752']
=== Loading RPi campaign(s) ===
  loading campaign 20260713_155333
    clean telemetry 20260713_155333: 52723 → 35152 rows
    clean faults 20260713_155333: 21 → 21 windows
  loading campaign 20260714_165648_tier6_x10
    clean telemetry 20260714_165648_tier6_x10: 93809 → 62547 rows
    clean faults 20260714_165648_tier6_x10: 40 → 40 windows
  loading campaign 20260715_191519_circ_v2
    clean telemetry 20260715_191519_circ_v2: 47253 → 31472 rows
    clean faults 20260715_191519_circ_v2: 27 → 27 windows
  loading campaign compound_overlap_20260719_1735
    clean telemetry compound_overlap_20260719_1735: 9429 → 6287 rows
    clean faults compound_overlap_20260719_1735: 12 → 12 windows
  loading campaign compound_overlap_w2_20260719_2045
    clean telemetry compound_overlap_w2_20260719_2045: 20337 → 13559 rows
    clean faults compound_overlap_w2_20260719_2045: 24 → 24 windows
  loading campaign spec_data_20260717_2352
    clean telemetry spec_data_20260717_2352: 35801 → 23843 rows
    clean faults spec_data_20260717_2352: 24 → 24 windows
  loading campaign tier5_vrf_overlap_20260720_0252
    clean telemetry tier5_vrf_overlap_20260720_0252: 10396 → 7278 rows
    clean faults tier5_vrf_overlap_20260720_0252: 12 → 12 windows
  loading campaign vrf_recall_20260718_1752
    clean telemetry vrf_recall_20260718_1752: 10851 → 7235 rows
    clean faults vrf_recall_20260718_1752: 7 → 7 windows
  merged network rows=187373  fault windows=167
  network_df=187373  fault_windows=167
=== Loading public lake ===
  mawi_sample: 15 rows
  cisco_sandbox: 232 rows
  bgp_update_rates_full: 320 rows
  ripe_atlas_ping_sampled: 187971 probe rows -> 7200 minute buckets x2 metrics
  ripe_atlas_ping_baseline: 13902 rows
  public fault labels from bgp_routing_labels.csv: 1138 events (span 2026-07-05 02:20:00+00:00 → 2026-07-13 00:00:00+00:00) — provenance only, not applied
  public fault labels from ioda_outage_labels.csv: 1138 events (span 2026-07-05 02:20:00+00:00 → 2026-07-13 00:00:00+00:00) — provenance only, not applied
  public_df=28869
  NOTE: IODA/BGP outage labels are NOT merged into the training labeler — no overlapping public telemetry for those Jul-5-centric windows.
=== Synthetic ===
  synthetic: 0 rows (deliberate — RPi ground truth replaces synthetic noise)
  wrote public_outage_labels_provenance.csv (2276 rows) — inventory only

=== Provenance audit ===
  network   :   187373 rows  ( 86.6%)
  synthetic :        0 rows  (  0.0%)
  public    :    28869 rows  ( 13.4%)
  TOTAL     :   216242 rows (pre-dropna)
  unified_raw after clean: 216242
  training fault windows (RPi only): 167
  backed up deca_unified_raw.parquet -> deca_unified_raw.parquet.bak_pre_rebuild
  backed up deca_unified_dataset.parquet -> deca_unified_dataset.parquet.bak_pre_rebuild

Wrote /home/brain/deca-isro/data/processed/deca_unified_raw.parquet (216242 rows)

=== Feature engineering ===
  features=54687 rows, cols=50
  features by source: {'network': 46528, 'public': 8159}

=== Circumstance existence labels (additive) ===
  circumstance existence labels applied for 20 events
circumstance_label
healthy               51687
congestion_breach       981
vrf_leakage             807
tunnel_degradation      672
bgp_route_flap          540
Wrote /home/brain/deca-isro/data/processed/deca_unified_dataset.parquet (54687 rows)

Fault type distribution:
fault_type
none                  41927
vrf_leakage            4143
congestion_breach      3409
bgp_route_flap         2694
tunnel_degradation     2352
precursor_aborted       162

Unified label distribution:
unified_label
healthy               42089
vrf_leakage            4143
congestion_breach      3409
bgp_route_flap         2694
tunnel_degradation     2352

By source × unified_label:
source   unified_label     
network  bgp_route_flap         2694
         congestion_breach      3409
         healthy               33930
         tunnel_degradation     2352
         vrf_leakage            4143
public   healthy                8159
=== SCHOOL EXAM PROMOTE ===
Exam paper seed=1784523754  policy=random  (new questions each run unless --exam-seed fixed)
Exam label counts: {'healthy': 8418, 'congestion_breach': 682, 'tunnel_degradation': 470, 'bgp_route_flap': 539, 'vrf_leakage': 829}
  Active model expects 40 features, lake has 48 — skip unit test (schema drift)

=== Unit test (active model) ===
  Active model is not weighted_multiclass — skip
Lake rows=54,687  features=48  exam rows=10,938
Baseline Macro-F1 to beat: 0.7170
Rare boosts β=[1.0, 1.5, 2.0, 3.0]
Heads (families): ['plain', 'wm', 'moe']  [plain=champion, wm=cluster booster, moe=cluster + per-fault experts]
Classes: ['healthy', 'congestion_breach', 'tunnel_degradation', 'bgp_route_flap', 'vrf_leakage']

=== Teaching the anomaly gate (once) ===

=== Study hall  head=plain  β=1.0 ===
  val macro-F1=0.6878  EXAM macro-F1=0.6944  rare-recall=0.5332  gate_thr=0.50
    vrf_leakage: P=0.57 R=0.63 F1=0.60
    bgp_route_flap: P=0.37 R=0.44 F1=0.40

=== Study hall  head=plain  β=1.5 ===
  val macro-F1=0.6881  EXAM macro-F1=0.6923  rare-recall=0.5558  gate_thr=0.50
    vrf_leakage: P=0.52 R=0.67 F1=0.59
    bgp_route_flap: P=0.36 R=0.44 F1=0.39

=== Study hall  head=plain  β=2.0 ===
  val macro-F1=0.6891  EXAM macro-F1=0.6949  rare-recall=0.5562  gate_thr=0.50
    vrf_leakage: P=0.54 R=0.66 F1=0.59
    bgp_route_flap: P=0.36 R=0.45 F1=0.40

=== Study hall  head=plain  β=3.0 ===
  val macro-F1=0.6856  EXAM macro-F1=0.6910  rare-recall=0.5619  gate_thr=0.50
    vrf_leakage: P=0.52 R=0.68 F1=0.59
    bgp_route_flap: P=0.36 R=0.44 F1=0.40

=== Study hall  head=wm  β=1.0 ===
  val macro-F1=0.6879  EXAM macro-F1=0.6964  rare-recall=0.5350  gate_thr=0.50
    vrf_leakage: P=0.56 R=0.63 F1=0.59
    bgp_route_flap: P=0.38 R=0.44 F1=0.41

=== Study hall  head=wm  β=1.5 ===
  val macro-F1=0.6847  EXAM macro-F1=0.6938  rare-recall=0.5486  gate_thr=0.50
    vrf_leakage: P=0.54 R=0.65 F1=0.59
    bgp_route_flap: P=0.37 R=0.44 F1=0.40

=== Study hall  head=wm  β=2.0 ===
  val macro-F1=0.6859  EXAM macro-F1=0.6926  rare-recall=0.5592  gate_thr=0.50
    vrf_leakage: P=0.52 R=0.67 F1=0.59
    bgp_route_flap: P=0.36 R=0.45 F1=0.40

=== Study hall  head=wm  β=3.0 ===
  val macro-F1=0.6851  EXAM macro-F1=0.6965  rare-recall=0.5686  gate_thr=0.50
    vrf_leakage: P=0.52 R=0.69 F1=0.59
    bgp_route_flap: P=0.37 R=0.45 F1=0.40

=== Study hall  head=moe  β=1.0 ===
  val macro-F1=0.6685  EXAM macro-F1=0.6769  rare-recall=0.5335  gate_thr=0.50
    vrf_leakage: P=0.53 R=0.60 F1=0.56
    bgp_route_flap: P=0.29 R=0.47 F1=0.36

=== Study hall  head=moe  β=1.5 ===
  val macro-F1=0.6653  EXAM macro-F1=0.6770  rare-recall=0.5532  gate_thr=0.50
    vrf_leakage: P=0.52 R=0.63 F1=0.57
    bgp_route_flap: P=0.30 R=0.48 F1=0.37

=== Study hall  head=moe  β=2.0 ===
  val macro-F1=0.6691  EXAM macro-F1=0.6733  rare-recall=0.5639  gate_thr=0.50
    vrf_leakage: P=0.51 R=0.65 F1=0.57
    bgp_route_flap: P=0.30 R=0.48 F1=0.37

=== Study hall  head=moe  β=3.0 ===
  val macro-F1=0.6578  EXAM macro-F1=0.6682  rare-recall=0.5735  gate_thr=0.50
    vrf_leakage: P=0.49 R=0.67 F1=0.56
    bgp_route_flap: P=0.31 R=0.48 F1=0.37

Wrote /home/brain/deca-isro/models/school_exam/weight_sweep.csv
Wrote /home/brain/deca-isro/models/school_exam/latest_exam.json

=== Great Exam / promotion gate (repeated-holdout validation) ===
  candidate Macro-F1=0.6965
  bar=0.7170 = max(honest champion same-paper 0.6949, manifest floor 0.7170)   [basis=honest_same_paper_champion_config]
  candidate rare-recall=0.5686  floor≈0.5262
  GATE: FAIL
  Auto-promote: gate FAIL — keeping active models/
=== SOFT STREAK ===
Network rows=46,528  temporal test tail=11,634  from 2026-07-17 21:53:15+00:00
Traceback (most recent call last):
  File "/home/brain/deca-isro/scripts/deca_score_temporal.py", line 518, in <module>
    raise SystemExit(main())
  File "/home/brain/deca-isro/scripts/deca_score_temporal.py", line 248, in main
    raw, conf = predict_weighted_multiclass_with_confidence(
  File "/home/brain/deca-isro/scripts/deca_school_exam_train.py", line 92, in predict_weighted_multiclass_with_confidence
    p_anom = gate.predict_proba(X)[:, 1]
  File "/home/brain/deca-isro/.venv/lib/python3.10/site-packages/sklearn/pipeline.py", line 904, in predict_proba
    Xt = transform.transform(Xt)
  File "/home/brain/deca-isro/.venv/lib/python3.10/site-packages/sklearn/utils/_set_output.py", line 316, in wrapped
    data_to_wrap = f(self, X, *args, **kwargs)
  File "/home/brain/deca-isro/.venv/lib/python3.10/site-packages/sklearn/impute/_base.py", line 625, in transform
    X = self._validate_input(X, in_fit=False)
  File "/home/brain/deca-isro/.venv/lib/python3.10/site-packages/sklearn/impute/_base.py", line 379, in _validate_input
    raise ve
  File "/home/brain/deca-isro/.venv/lib/python3.10/site-packages/sklearn/impute/_base.py", line 360, in _validate_input
    X = validate_data(
  File "/home/brain/deca-isro/.venv/lib/python3.10/site-packages/sklearn/utils/validation.py", line 2929, in validate_data
    _check_feature_names(_estimator, X, reset=reset)
  File "/home/brain/deca-isro/.venv/lib/python3.10/site-packages/sklearn/utils/validation.py", line 2787, in _check_feature_names
    raise ValueError(message)
ValueError: The feature names should match those that were passed during fit.
Feature names unseen at fit time:
- vrf_route_count_accel
- vrf_route_count_rolling_mean
- vrf_route_count_rolling_std
- vrf_route_count_slope
- vrf_route_count_w2m_accel
- ...

=== PIPELINE compound overlap run_id=tier5_vrf_consolidate_20260720_1418 counts=tunnel_degradation=4,congestion_breach=4,bgp_route_flap=0 ===
lab cleared (faults + iperf)
[2026-07-20T14:18:31.656302+00:00] Run directory: /home/brain/deca-isro/data/rpi-net/runs/tier5_vrf_consolidate_20260720_1418
[2026-07-20T14:18:31.656381+00:00] ============================================================
[2026-07-20T14:18:31.656409+00:00] DECA COMPOUND OVERLAP CAMPAIGN — weighted counts {'tunnel_degradation': 4, 'congestion_breach': 4, 'bgp_route_flap': 0} (retry=2)
[2026-07-20T14:18:31.656432+00:00] ============================================================
[2026-07-20T14:18:36.192989+00:00]    iperf3 server listening on station2 (192.168.50.20)
[2026-07-20T14:18:38.620102+00:00] Baseline traffic: 34 Mbps (station1 -> 192.168.50.20 via eth0)
[2026-07-20T14:18:43.292504+00:00]    iperf3 client running (~34 Mbps)
[2026-07-20T14:18:43.292634+00:00] Normal ops before compound tunnel_degradation+vrf_leakage 3.7 min...
[2026-07-20T14:22:25.876086+00:00] Compound slot tunnel_degradation #1 attempt 1/3
[2026-07-20T14:22:25.876334+00:00] === COMPOUND tunnel_degradation_01: tunnel_degradation (station1) + vrf_leakage (station2) ===
[2026-07-20T14:22:25.876976+00:00]   tunnel_degradation run=tunnel_degradation_01_tunnel_degradation: ramping to 9.6% loss / 38ms delay over 10.5min
[2026-07-20T14:22:25.877474+00:00]   vrf_leakage run=tunnel_degradation_01_vrf_leakage: wrong RT import + PE2 symptom ramp to 3.5%/19ms over 8.4min, hold 7.0min
[2026-07-20T14:37:56.710251+00:00] Logged tunnel_degradation 2026-07-20T14:22:25.876953+00:00 -> 2026-07-20T14:29:37.419097+00:00
[2026-07-20T14:37:56.710318+00:00] Logged vrf_leakage 2026-07-20T14:22:25.877459+00:00 -> 2026-07-20T14:30:54.752847+00:00
[2026-07-20T14:37:59.447413+00:00]   recovery settle 2.9 min...
[2026-07-20T14:40:54.515926+00:00]    iperf3 server listening on station2 (192.168.50.20)
[2026-07-20T14:40:55.984078+00:00] Baseline traffic: 68 Mbps (station1 -> 192.168.50.20 via eth0)
[2026-07-20T14:41:01.924348+00:00]    iperf3 client running (~68 Mbps)
[2026-07-20T14:41:01.924461+00:00] Normal ops before compound tunnel_degradation+vrf_leakage 4.9 min...
[2026-07-20T14:45:56.652053+00:00] Compound slot tunnel_degradation #2 attempt 1/3
[2026-07-20T14:45:56.652195+00:00] === COMPOUND tunnel_degradation_02: tunnel_degradation (station1) + vrf_leakage (station2) ===
[2026-07-20T14:45:56.652450+00:00]   tunnel_degradation run=tunnel_degradation_02_tunnel_degradation: ramping to 8.8% loss / 34ms delay over 10.6min
[2026-07-20T14:45:56.652579+00:00]   vrf_leakage run=tunnel_degradation_02_vrf_leakage: wrong RT import + PE2 symptom ramp to 3.0%/12ms over 5.7min, hold 6.3min
[2026-07-20T14:58:23.552306+00:00] Logged tunnel_degradation 2026-07-20T14:45:56.652443+00:00 -> 2026-07-20T14:53:58.827037+00:00
[2026-07-20T14:58:23.552379+00:00] Logged vrf_leakage 2026-07-20T14:45:56.652571+00:00 -> 2026-07-20T14:51:41.448973+00:00
[2026-07-20T14:58:25.519818+00:00]   recovery settle 2.9 min...
[2026-07-20T15:01:18.802662+00:00]    iperf3 server listening on station2 (192.168.50.20)
[2026-07-20T15:01:21.270034+00:00] Baseline traffic: 44 Mbps (station1 -> 192.168.50.20 via eth0)
[2026-07-20T15:01:26.181733+00:00]    iperf3 client running (~44 Mbps)
[2026-07-20T15:01:26.181888+00:00] Normal ops before compound congestion_breach+vrf_leakage 4.2 min...
[2026-07-20T15:05:39.013599+00:00] Compound slot congestion_breach #1 attempt 1/3
[2026-07-20T15:05:39.013841+00:00] === COMPOUND congestion_breach_01: congestion_breach (station1) + vrf_leakage (station2) ===
[2026-07-20T15:05:39.014322+00:00]   congestion_breach run=congestion_breach_01_congestion_breach: 95->5mbit over 9.8min, 5 steps
[2026-07-20T15:05:39.014625+00:00]   vrf_leakage run=congestion_breach_01_vrf_leakage: wrong RT import + PE2 symptom ramp to 3.0%/19ms over 5.3min, hold 8.4min
[2026-07-20T15:15:44.235073+00:00]    SSH failed on station1@192.168.50.10: ssh: connect to host 192.168.50.10 port 22: Network is unreachable
=== PIPELINE compound overlap run_id=tier5_vrf_consolidate_20260720_1418 counts=tunnel_degradation=4,congestion_breach=4,bgp_route_flap=0 ===
lab cleared (faults + iperf)
[2026-07-20T15:39:00.825709+00:00] Run directory: /home/brain/deca-isro/data/rpi-net/runs/tier5_vrf_consolidate_20260720_1418
[2026-07-20T15:39:00.825797+00:00] ============================================================
[2026-07-20T15:39:00.825827+00:00] DECA COMPOUND OVERLAP CAMPAIGN — weighted counts {'tunnel_degradation': 4, 'congestion_breach': 4, 'bgp_route_flap': 0} (retry=2)
[2026-07-20T15:39:00.825850+00:00] ============================================================
[2026-07-20T15:39:03.936484+00:00]    iperf3 server listening on station2 (192.168.50.20)
[2026-07-20T15:39:05.360111+00:00] Baseline traffic: 58 Mbps (station1 -> 192.168.50.20 via eth0)
[2026-07-20T15:39:10.176376+00:00]    iperf3 client running (~58 Mbps)
[2026-07-20T15:39:10.176557+00:00] Resuming: already-completed compounds {'congestion_breach': 0, 'tunnel_degradation': 2, 'bgp_route_flap': 0} — remaining schedule {'congestion_breach': 4, 'tunnel_degradation': 2, 'bgp_route_flap': 0} (targets {'tunnel_degradation': 4, 'congestion_breach': 4, 'bgp_route_flap': 0})
[2026-07-20T15:39:10.176632+00:00] Normal ops before compound tunnel_degradation+vrf_leakage 3.7 min...
[2026-07-20T15:42:50.831487+00:00] Compound slot tunnel_degradation #3 attempt 1/3
[2026-07-20T15:42:50.831775+00:00] === COMPOUND tunnel_degradation_03: tunnel_degradation (station1) + vrf_leakage (station2) ===
[2026-07-20T15:42:50.832432+00:00]   tunnel_degradation run=tunnel_degradation_03_tunnel_degradation: ramping to 9.6% loss / 38ms delay over 7.7min
[2026-07-20T15:42:50.832617+00:00]   vrf_leakage run=tunnel_degradation_03_vrf_leakage: wrong RT import + PE2 symptom ramp to 3.8%/17ms over 4.0min, hold 7.9min
[2026-07-20T15:54:52.540408+00:00] Logged tunnel_degradation 2026-07-20T15:42:50.832414+00:00 -> 2026-07-20T15:49:06.373718+00:00
[2026-07-20T15:54:52.540474+00:00] Logged vrf_leakage 2026-07-20T15:42:50.832611+00:00 -> 2026-07-20T15:47:00.300440+00:00
[2026-07-20T15:54:56.814714+00:00]   recovery settle 4.0 min...
[2026-07-20T15:58:58.016578+00:00]    iperf3 server listening on station2 (192.168.50.20)
[2026-07-20T15:59:00.539088+00:00] Baseline traffic: 41 Mbps (station1 -> 192.168.50.20 via eth0)
[2026-07-20T15:59:05.364669+00:00]    iperf3 client running (~41 Mbps)
[2026-07-20T15:59:05.364822+00:00] Normal ops before compound congestion_breach+vrf_leakage 4.3 min...
[2026-07-20T16:03:23.291840+00:00] Compound slot congestion_breach #1 attempt 1/3
[2026-07-20T16:03:23.292072+00:00] === COMPOUND congestion_breach_01: congestion_breach (station1) + vrf_leakage (station2) ===
[2026-07-20T16:03:23.292377+00:00]   congestion_breach run=congestion_breach_01_congestion_breach: 95->6mbit over 10.8min, 3 steps
[2026-07-20T16:03:23.292558+00:00]   vrf_leakage run=congestion_breach_01_vrf_leakage: wrong RT import + PE2 symptom ramp to 2.4%/9ms over 8.6min, hold 4.2min
[2026-07-20T16:21:16.174481+00:00] Logged congestion_breach 2026-07-20T16:03:23.292369+00:00 -> 2026-07-20T16:14:14.819059+00:00
[2026-07-20T16:21:16.174725+00:00] Logged vrf_leakage 2026-07-20T16:03:23.292548+00:00 -> 2026-07-20T16:12:02.930590+00:00
[2026-07-20T16:21:32.181153+00:00]   recovery settle 3.5 min...
[2026-07-20T16:25:07.133844+00:00]    iperf3 server listening on station2 (192.168.50.20)
[2026-07-20T16:25:09.658071+00:00] Baseline traffic: 74 Mbps (station1 -> 192.168.50.20 via eth0)
[2026-07-20T16:25:14.474268+00:00]    iperf3 client running (~74 Mbps)
[2026-07-20T16:25:14.474439+00:00] Normal ops before compound congestion_breach+vrf_leakage 3.5 min...
[2026-07-20T16:28:46.775121+00:00] Compound slot congestion_breach #2 attempt 1/3
[2026-07-20T16:28:46.775346+00:00] === COMPOUND congestion_breach_02: congestion_breach (station1) + vrf_leakage (station2) ===
[2026-07-20T16:28:46.775656+00:00]   congestion_breach run=congestion_breach_02_congestion_breach: 95->5mbit over 11.0min, 3 steps
[2026-07-20T16:28:46.775811+00:00]   vrf_leakage run=congestion_breach_02_vrf_leakage: wrong RT import + PE2 symptom ramp to 2.1%/20ms over 6.9min, hold 4.6min
[2026-07-20T16:45:37.095256+00:00] Logged congestion_breach 2026-07-20T16:28:46.775644+00:00 -> 2026-07-20T16:39:54.527062+00:00
[2026-07-20T16:45:37.095419+00:00] Logged vrf_leakage 2026-07-20T16:28:46.775804+00:00 -> 2026-07-20T16:35:51.270847+00:00
[2026-07-20T16:45:41.997450+00:00]   recovery settle 2.9 min...
[2026-07-20T16:48:36.871525+00:00]    iperf3 server listening on station2 (192.168.50.20)
[2026-07-20T16:48:39.393057+00:00] Baseline traffic: 67 Mbps (station1 -> 192.168.50.20 via eth0)
[2026-07-20T16:48:44.211907+00:00]    iperf3 client running (~67 Mbps)
[2026-07-20T16:48:44.212043+00:00] Normal ops before compound congestion_breach+vrf_leakage 4.4 min...
[2026-07-20T16:53:05.911333+00:00] Compound slot congestion_breach #3 attempt 1/3
[2026-07-20T16:53:05.911559+00:00] === COMPOUND congestion_breach_03: congestion_breach (station1) + vrf_leakage (station2) ===
[2026-07-20T16:53:05.912056+00:00]   congestion_breach run=congestion_breach_03_congestion_breach: 95->5mbit over 13.3min, 3 steps
[2026-07-20T16:53:05.912216+00:00]   vrf_leakage run=congestion_breach_03_vrf_leakage: wrong RT import + PE2 symptom ramp to 2.8%/19ms over 8.3min, hold 6.6min
[2026-07-20T17:13:20.316252+00:00] Logged congestion_breach 2026-07-20T16:53:05.912034+00:00 -> 2026-07-20T17:06:30.354085+00:00
[2026-07-20T17:13:20.316336+00:00] Logged vrf_leakage 2026-07-20T16:53:05.912206+00:00 -> 2026-07-20T17:01:30.943053+00:00
[2026-07-20T17:13:25.498689+00:00]   recovery settle 2.9 min...
[2026-07-20T17:16:23.300949+00:00]    iperf3 server listening on station2 (192.168.50.20)
[2026-07-20T17:16:25.822225+00:00] Baseline traffic: 52 Mbps (station1 -> 192.168.50.20 via eth0)
[2026-07-20T17:16:30.638641+00:00]    iperf3 client running (~52 Mbps)
[2026-07-20T17:16:30.638751+00:00] Normal ops before compound congestion_breach+vrf_leakage 5.3 min...
[2026-07-20T17:21:48.438073+00:00] Compound slot congestion_breach #4 attempt 1/3
[2026-07-20T17:21:48.438227+00:00] === COMPOUND congestion_breach_04: congestion_breach (station1) + vrf_leakage (station2) ===
[2026-07-20T17:21:48.438523+00:00]   congestion_breach run=congestion_breach_04_congestion_breach: 95->9mbit over 10.8min, 5 steps
[2026-07-20T17:21:48.438673+00:00]   vrf_leakage run=congestion_breach_04_vrf_leakage: wrong RT import + PE2 symptom ramp to 3.1%/16ms over 8.5min, hold 8.6min
[2026-07-20T17:39:05.402393+00:00] Logged congestion_breach 2026-07-20T17:21:48.438502+00:00 -> 2026-07-20T17:32:53.668158+00:00
[2026-07-20T17:39:05.402593+00:00] Logged vrf_leakage 2026-07-20T17:21:48.438662+00:00 -> 2026-07-20T17:30:25.760091+00:00
[2026-07-20T17:39:10.784148+00:00]   recovery settle 3.9 min...
[2026-07-20T17:43:08.848295+00:00]    iperf3 server listening on station2 (192.168.50.20)
[2026-07-20T17:43:10.297885+00:00] Baseline traffic: 17 Mbps (station1 -> 192.168.50.20 via eth0)
[2026-07-20T17:43:15.249352+00:00]    iperf3 client running (~17 Mbps)
[2026-07-20T17:43:15.249471+00:00] Normal ops before compound tunnel_degradation+vrf_leakage 5.2 min...
[2026-07-20T17:48:27.658450+00:00] Compound slot tunnel_degradation #4 attempt 1/3
[2026-07-20T17:48:27.658684+00:00] === COMPOUND tunnel_degradation_04: tunnel_degradation (station1) + vrf_leakage (station2) ===
[2026-07-20T17:48:27.659136+00:00]   tunnel_degradation run=tunnel_degradation_04_tunnel_degradation: ramping to 11.6% loss / 45ms delay over 7.4min
[2026-07-20T17:48:27.659497+00:00]   vrf_leakage run=tunnel_degradation_04_vrf_leakage: wrong RT import + PE2 symptom ramp to 2.7%/14ms over 8.6min, hold 8.7min
[2026-07-20T18:05:50.774208+00:00] Logged tunnel_degradation 2026-07-20T17:48:27.659109+00:00 -> 2026-07-20T17:53:24.618053+00:00
[2026-07-20T18:05:50.774374+00:00] Logged vrf_leakage 2026-07-20T17:48:27.659485+00:00 -> 2026-07-20T17:57:05.844788+00:00
[2026-07-20T18:05:53.780287+00:00]   recovery settle 2.9 min...
[2026-07-20T18:08:48.084243+00:00]    iperf3 server listening on station2 (192.168.50.20)
[2026-07-20T18:08:59.102166+00:00] Baseline traffic: 74 Mbps (station1 -> 192.168.50.20 via eth0)
[2026-07-20T18:09:09.118744+00:00]    SSH failed on station1@192.168.50.10: ssh: connect to host 192.168.50.10 port 22: Connection timed out
[2026-07-20T18:09:09.118881+00:00]    Could not launch iperf3 client on station1
[2026-07-20T18:09:09.118957+00:00] ============================================================
[2026-07-20T18:09:09.119046+00:00] COMPOUND OVERLAP CAMPAIGN DONE — pe1 counts {'congestion_breach': 4, 'tunnel_degradation': 4, 'bgp_route_flap': 0} attempts=6
[2026-07-20T18:09:09.119114+00:00] ============================================================
[2026-07-20T18:09:29.796828+00:00] Exported /home/brain/deca-isro/data/rpi-net/runs/tier5_vrf_consolidate_20260720_1418/network_telemetry.csv (17974 rows)
[2026-07-20T18:09:29.876114+00:00] Exported /home/brain/deca-isro/data/rpi-net/runs/tier5_vrf_consolidate_20260720_1418/network_campaign_export.csv (2710 rows)
[2026-07-20T18:09:29.878439+00:00] ============================================================
[2026-07-20T18:09:29.878564+00:00] VALIDATING fault_injection_log.csv
[2026-07-20T18:09:29.878599+00:00] ============================================================
[2026-07-20T18:09:29.878769+00:00] Total runs: 16
[2026-07-20T18:09:29.878964+00:00]   congestion_breach     n=4  avg= 11.6min  spread= 1.2min  WARN: durations suspiciously uniform
[2026-07-20T18:09:29.879090+00:00]   tunnel_degradation    n=4  avg=  6.6min  spread= 1.3min
[2026-07-20T18:09:29.879129+00:00]   bgp_route_flap        WARN: zero runs recorded
[2026-07-20T18:09:29.879241+00:00]   vrf_leakage           n=8  avg=  7.5min  spread= 1.7min
[2026-07-20T18:09:29.879284+00:00] VALIDATION RESULT: WARN -- review flags before training
[2026-07-20T18:09:29.879311+00:00] ============================================================
=== REBUILD ===
RPI_RUNS=['20260713_155333', '20260714_165648_tier6_x10', '20260715_191519_circ_v2', 'compound_overlap_20260719_1735', 'compound_overlap_w2_20260719_2045', 'spec_data_20260717_2352', 'tier5_vrf_consolidate_20260720_1418', 'tier5_vrf_overlap_20260720_0252', 'vrf_recall_20260718_1752']
=== Loading RPi campaign(s) ===
  loading campaign 20260713_155333
    clean telemetry 20260713_155333: 52723 → 35152 rows
    clean faults 20260713_155333: 21 → 21 windows
  loading campaign 20260714_165648_tier6_x10
    clean telemetry 20260714_165648_tier6_x10: 93809 → 62547 rows
    clean faults 20260714_165648_tier6_x10: 40 → 40 windows
  loading campaign 20260715_191519_circ_v2
    clean telemetry 20260715_191519_circ_v2: 47253 → 31472 rows
    clean faults 20260715_191519_circ_v2: 27 → 27 windows
  loading campaign compound_overlap_20260719_1735
    clean telemetry compound_overlap_20260719_1735: 9429 → 6287 rows
    clean faults compound_overlap_20260719_1735: 12 → 12 windows
  loading campaign compound_overlap_w2_20260719_2045
    clean telemetry compound_overlap_w2_20260719_2045: 20337 → 13559 rows
    clean faults compound_overlap_w2_20260719_2045: 24 → 24 windows
  loading campaign spec_data_20260717_2352
    clean telemetry spec_data_20260717_2352: 35801 → 23843 rows
    clean faults spec_data_20260717_2352: 24 → 24 windows
  loading campaign tier5_vrf_consolidate_20260720_1418
    clean telemetry tier5_vrf_consolidate_20260720_1418: 17974 → 12598 rows
    clean faults tier5_vrf_consolidate_20260720_1418: 16 → 16 windows
  loading campaign tier5_vrf_overlap_20260720_0252
    clean telemetry tier5_vrf_overlap_20260720_0252: 10396 → 7278 rows
    clean faults tier5_vrf_overlap_20260720_0252: 12 → 12 windows
  loading campaign vrf_recall_20260718_1752
    clean telemetry vrf_recall_20260718_1752: 10851 → 7235 rows
    clean faults vrf_recall_20260718_1752: 7 → 7 windows
  merged network rows=199971  fault windows=183
  network_df=199971  fault_windows=183
=== Loading public lake ===
  mawi_sample: 15 rows
  cisco_sandbox: 232 rows
  bgp_update_rates_full: 320 rows
  ripe_atlas_ping_sampled: 187971 probe rows -> 7200 minute buckets x2 metrics
  ripe_atlas_ping_baseline: 13902 rows
  public fault labels from bgp_routing_labels.csv: 1138 events (span 2026-07-05 02:20:00+00:00 → 2026-07-13 00:00:00+00:00) — provenance only, not applied
  public fault labels from ioda_outage_labels.csv: 1138 events (span 2026-07-05 02:20:00+00:00 → 2026-07-13 00:00:00+00:00) — provenance only, not applied
  public_df=28869
  NOTE: IODA/BGP outage labels are NOT merged into the training labeler — no overlapping public telemetry for those Jul-5-centric windows.
=== Synthetic ===
  synthetic: 0 rows (deliberate — RPi ground truth replaces synthetic noise)
  wrote public_outage_labels_provenance.csv (2276 rows) — inventory only

=== Provenance audit ===
  network   :   199971 rows  ( 87.4%)
  synthetic :        0 rows  (  0.0%)
  public    :    28869 rows  ( 12.6%)
  TOTAL     :   228840 rows (pre-dropna)
  unified_raw after clean: 228840
  training fault windows (RPi only): 183
  backed up deca_unified_raw.parquet -> deca_unified_raw.parquet.bak_pre_rebuild
  backed up deca_unified_dataset.parquet -> deca_unified_dataset.parquet.bak_pre_rebuild

Wrote /home/brain/deca-isro/data/processed/deca_unified_raw.parquet (228840 rows)

=== Feature engineering ===
  features=57392 rows, cols=50
  features by source: {'network': 49233, 'public': 8159}

=== Circumstance existence labels (additive) ===
  circumstance existence labels applied for 20 events
circumstance_label
healthy               54392
congestion_breach       981
vrf_leakage             807
tunnel_degradation      672
bgp_route_flap          540
Wrote /home/brain/deca-isro/data/processed/deca_unified_dataset.parquet (57392 rows)

Fault type distribution:
fault_type
none                  43699
vrf_leakage            4863
congestion_breach      3571
bgp_route_flap         2694
tunnel_degradation     2403
precursor_aborted       162

Unified label distribution:
unified_label
healthy               43861
vrf_leakage            4863
congestion_breach      3571
bgp_route_flap         2694
tunnel_degradation     2403

By source × unified_label:
source   unified_label     
network  bgp_route_flap         2694
         congestion_breach      3571
         healthy               35702
         tunnel_degradation     2403
         vrf_leakage            4863
public   healthy                8159
=== SCHOOL EXAM PROMOTE ===
Exam paper seed=1784570977  policy=random  (new questions each run unless --exam-seed fixed)
Exam label counts: {'healthy': 8772, 'congestion_breach': 714, 'tunnel_degradation': 481, 'bgp_route_flap': 539, 'vrf_leakage': 973}
  Active model expects 40 features, lake has 48 — skip unit test (schema drift)

=== Unit test (active model) ===
  Active model is not weighted_multiclass — skip
Lake rows=57,392  features=48  exam rows=11,479
Baseline Macro-F1 to beat: 0.7170
Rare boosts β=[1.0, 1.5, 2.0, 3.0]
Heads (families): ['plain', 'wm', 'moe']  [plain=champion, wm=cluster booster, moe=cluster + per-fault experts]
Classes: ['healthy', 'congestion_breach', 'tunnel_degradation', 'bgp_route_flap', 'vrf_leakage']

=== Teaching the anomaly gate (once) ===

=== Study hall  head=plain  β=1.0 ===
  val macro-F1=0.6708  EXAM macro-F1=0.6780  rare-recall=0.7007  gate_thr=0.40
    bgp_route_flap: P=0.24 R=0.71 F1=0.36
    vrf_leakage: P=0.56 R=0.69 F1=0.62

=== Study hall  head=plain  β=1.5 ===
  val macro-F1=0.6849  EXAM macro-F1=0.6948  rare-recall=0.5067  gate_thr=0.50
    bgp_route_flap: P=0.34 R=0.35 F1=0.35
    vrf_leakage: P=0.60 R=0.66 F1=0.63

=== Study hall  head=plain  β=2.0 ===
  val macro-F1=0.6862  EXAM macro-F1=0.6926  rare-recall=0.5196  gate_thr=0.50
    bgp_route_flap: P=0.34 R=0.36 F1=0.35
    vrf_leakage: P=0.57 R=0.68 F1=0.62

=== Study hall  head=plain  β=3.0 ===
  val macro-F1=0.6841  EXAM macro-F1=0.6905  rare-recall=0.5164  gate_thr=0.50
    bgp_route_flap: P=0.33 R=0.35 F1=0.34
    vrf_leakage: P=0.57 R=0.68 F1=0.62

=== Study hall  head=wm  β=1.0 ===
  val macro-F1=0.6781  EXAM macro-F1=0.6815  rare-recall=0.6995  gate_thr=0.40
    bgp_route_flap: P=0.25 R=0.70 F1=0.37
    vrf_leakage: P=0.56 R=0.70 F1=0.62

=== Study hall  head=wm  β=1.5 ===
  val macro-F1=0.6887  EXAM macro-F1=0.6913  rare-recall=0.5057  gate_thr=0.50
    bgp_route_flap: P=0.35 R=0.35 F1=0.35
    vrf_leakage: P=0.59 R=0.66 F1=0.62

=== Study hall  head=wm  β=2.0 ===
  val macro-F1=0.6865  EXAM macro-F1=0.6893  rare-recall=0.5126  gate_thr=0.50
    bgp_route_flap: P=0.34 R=0.36 F1=0.35
    vrf_leakage: P=0.58 R=0.67 F1=0.62

=== Study hall  head=wm  β=3.0 ===
  val macro-F1=0.6850  EXAM macro-F1=0.6928  rare-recall=0.5252  gate_thr=0.50
    bgp_route_flap: P=0.34 R=0.36 F1=0.35
    vrf_leakage: P=0.57 R=0.69 F1=0.62

=== Study hall  head=moe  β=1.0 ===
  val macro-F1=0.6641  EXAM macro-F1=0.6704  rare-recall=0.4774  gate_thr=0.50
    bgp_route_flap: P=0.25 R=0.39 F1=0.30
    vrf_leakage: P=0.62 R=0.57 F1=0.59

=== Study hall  head=moe  β=1.5 ===
  val macro-F1=0.6708  EXAM macro-F1=0.6772  rare-recall=0.4963  gate_thr=0.50
    bgp_route_flap: P=0.25 R=0.39 F1=0.31
    vrf_leakage: P=0.59 R=0.60 F1=0.60

=== Study hall  head=moe  β=2.0 ===
  val macro-F1=0.6717  EXAM macro-F1=0.6781  rare-recall=0.5085  gate_thr=0.50
    bgp_route_flap: P=0.26 R=0.40 F1=0.31
    vrf_leakage: P=0.57 R=0.62 F1=0.60

=== Study hall  head=moe  β=3.0 ===
  val macro-F1=0.6721  EXAM macro-F1=0.6738  rare-recall=0.5051  gate_thr=0.50
    bgp_route_flap: P=0.26 R=0.39 F1=0.31
    vrf_leakage: P=0.58 R=0.62 F1=0.60

Wrote /home/brain/deca-isro/models/school_exam/weight_sweep.csv
Wrote /home/brain/deca-isro/models/school_exam/latest_exam.json

=== Great Exam / promotion gate (repeated-holdout validation) ===
  candidate Macro-F1=0.6948
  bar=0.7170 = max(honest champion same-paper 0.6948, manifest floor 0.7170)   [basis=honest_same_paper_champion_config]
  candidate rare-recall=0.5067  floor≈0.4767
  GATE: FAIL
  Auto-promote: gate FAIL — keeping active models/
=== SOFT STREAK ===
Network rows=49,233  temporal test tail=12,311  from 2026-07-18 00:42:15+00:00
  soft_streak ENABLED  enter threshold=3 cumulative confidence  (mean fault conf=0.827 when gate open)

=== Temporal Loom score (chronological network tail) ===
  loom global fallback  enter_k=3  exit_k=2
  soft_streak ON   entry uses cumulative confidence >= enter_k (3); exit stays frame-based
    congestion_breach    enter_k=3  exit_k=2
    tunnel_degradation   enter_k=4  exit_k=2
    bgp_route_flap       enter_k=3  exit_k=3
    vrf_leakage          enter_k=3  exit_k=3
  raw_frame     Macro-F1=0.3683  Acc=0.6463  rareR=0.1259
    bgp_route_flap: F1=0.008
    vrf_leakage: F1=0.334
  persistent    Macro-F1=0.3903  Acc=0.6853  rareR=0.1131
    bgp_route_flap: F1=0.000
    vrf_leakage: F1=0.314
  advisory      Macro-F1=0.3757  Acc=0.6969  rareR=0.0916
    bgp_route_flap: F1=0.000
    vrf_leakage: F1=0.287
  boost ΔMacro-F1=+0.0220  frames_changed=2155  fault frames 4983 → 3954 (suppressed 1029)

  advisory tier  enter_k=2  exit_k=1
    events=64  advisory caught=33  confirmed caught=31
    mean lead=7.84 frames  max lead=36 frames  (over 31 events where both caught it)
    advisory-only window: 561 frames — 113 correct early warning, 246 wrong-class, 202 pure noise  (precision=0.201)

Wrote /home/brain/deca-isro/models/temporal_persist_score.json
Patched loom into promoted artifacts (/home/brain/deca-isro/models/fault_classifier/decision_thresholds.json)
PROMOTE gate_ok=False candidate=0.6948310071873777 bar=0.717
=== TRUST: 20m control ===
==============================================================
 DECA BLIND TEST  run_id=control_post_overlap_20260720_2346_20m  start_at=now  budget=20m
==============================================================
Pre-flight: run 'bash ~/deca_diagnostic.sh' and confirm all green,
and that Prometheus is healthy: curl -s localhost:9090/-/ready
Operator NOC feed will stream to: data/rpi-net/live/control_post_overlap_20260720_2346_20m/operator_feed.log  (tail -f to watch)

Operator armed (pid 824214). tail -f data/rpi-net/live/control_post_overlap_20260720_2346_20m/operator_feed.log
[2026-07-20T18:16:56.193934+00:00] ================================================================
[2026-07-20T18:16:56.194039+00:00] DECA BLIND CONTROL (all-healthy) armed — run_id=control_post_overlap_20260720_2346_20m seed=862843 (SEALED)
[2026-07-20T18:16:56.194080+00:00] Budget 20 min | NO real faults | 2 near-miss bait(s) | simulate=False
[2026-07-20T18:16:56.194135+00:00] Sealed truth: /home/brain/deca-isro/data/rpi-net/live/control_post_overlap_20260720_2346_20m/ground_truth.sealed.jsonl
[2026-07-20T18:16:56.194162+00:00] ================================================================
[2026-07-20T18:17:01.458494+00:00]    iperf3 server listening on station2 (192.168.50.20)
[2026-07-20T18:17:02.803047+00:00] Baseline traffic: 24 Mbps (station1 -> 192.168.50.20 via eth0)
[2026-07-20T18:17:07.546222+00:00]    iperf3 client running (~24 Mbps)
[2026-07-20T18:17:07.546430+00:00] [control] healthy baseline 9.0 min...
[2026-07-20T18:26:10.364308+00:00] [control] near-miss control_post_overlap_20260720_2346_20m_nm01 (bait — MUST stay healthy)
[2026-07-20T18:26:10.364563+00:00] NEAR-MISS aborted onset for 26s (not a real fault)...
[2026-07-20T18:26:40.525102+00:00] [control] sealed control_post_overlap_20260720_2346_20m_nm01: 2026-07-20T18:26:10.364549+00:00 -> 2026-07-20T18:26:40.524807+00:00
[2026-07-20T18:26:48.147601+00:00] [control] healthy baseline 6.2 min...
[2026-07-20T18:33:01.903882+00:00] [control] near-miss control_post_overlap_20260720_2346_20m_nm02 (bait — MUST stay healthy)
[2026-07-20T18:33:01.904232+00:00] NEAR-MISS aborted onset for 51s (not a real fault)...
[2026-07-20T18:33:55.353268+00:00] [control] sealed control_post_overlap_20260720_2346_20m_nm02: 2026-07-20T18:33:01.904216+00:00 -> 2026-07-20T18:33:55.352977+00:00
[2026-07-20T18:33:56.875334+00:00] [control] healthy baseline 3.0 min to end (no baits left)...
[2026-07-20T18:36:56.294073+00:00] ================================================================
[2026-07-20T18:36:56.294294+00:00] BLIND CONTROL COMPLETE — 0 real faults, 2 near-misses
[2026-07-20T18:36:56.294380+00:00] Any confirmed alarm here is a false positive. Grade with:
[2026-07-20T18:36:56.294443+00:00]   python scripts/deca_blind_scorecard.py --run-id control_post_overlap_20260720_2346_20m
[2026-07-20T18:36:56.294506+00:00] ================================================================
Chaos finished; letting the operator settle for 30s before stopping...
Operator ignored SIGINT — sending TERM...

Grading...
====================================================================
  DECA BLIND TEST SCORECARD — control_post_overlap_20260720_2346_20m
====================================================================
  Circumstances the network created : 0
  Detected by the models            : 0  (rate None)
  Correct fault class (first decl)  : 0  (accuracy None)
  Correct class (ever, in-window)   : 0  (accuracy None)
  Missed                            : 0
  Mean confirmed lead before breach : None min
  Mean advisory lead before breach  : None min  (class-agnostic; 'something forming')
  LSTM ETA mean abs error           : None min
  Severity bucket agreement         : None  (0 scored)
  Severity continuous Pearson r     : None  (0 pairs)
  Near-miss false alarms            : 0 / 2
  Spurious false alarms             : 0
====================================================================
  Per-circumstance:
====================================================================

  scorecard.json -> /home/brain/deca-isro/data/rpi-net/live/control_post_overlap_20260720_2346_20m/scorecard.json
  canvas         -> /home/brain/.cursor/projects/home-brain-deca-isro/canvases/deca-blind-test.canvas.tsx
=== VERIFY: tunnel+VRF compound blind ===
==============================================================
 DECA BLIND TEST  run_id=blind_compound_tunnel_recheck_20260721_0007_40m  start_at=now  budget=40m
==============================================================
Pre-flight: run 'bash ~/deca_diagnostic.sh' and confirm all green,
and that Prometheus is healthy: curl -s localhost:9090/-/ready
Operator NOC feed will stream to: data/rpi-net/live/blind_compound_tunnel_recheck_20260721_0007_40m/operator_feed.log  (tail -f to watch)

Operator armed (pid 831911). tail -f data/rpi-net/live/blind_compound_tunnel_recheck_20260721_0007_40m/operator_feed.log
[2026-07-20T18:37:37.821422+00:00] ================================================================
[2026-07-20T18:37:37.821663+00:00] DECA BLIND CHAOS armed — run_id=blind_compound_tunnel_recheck_20260721_0007_40m seed=946733 (SEALED)
[2026-07-20T18:37:37.821814+00:00] Budget 40 min | target 2-2 events + 1 near-misses | simulate=False
[2026-07-20T18:37:37.821944+00:00] Fault pool: ['congestion_breach', 'tunnel_degradation', 'bgp_route_flap', 'vrf_leakage']
[2026-07-20T18:37:37.822080+00:00] Compound prob=1.0 pe1=tunnel_degradation
[2026-07-20T18:37:37.822239+00:00] Sealed truth: /home/brain/deca-isro/data/rpi-net/live/blind_compound_tunnel_recheck_20260721_0007_40m/ground_truth.sealed.jsonl
[2026-07-20T18:37:37.822349+00:00] ================================================================
[2026-07-20T18:37:43.180166+00:00]    iperf3 server listening on station2 (192.168.50.20)
[2026-07-20T18:37:44.601123+00:00] Baseline traffic: 26 Mbps (station1 -> 192.168.50.20 via eth0)
[2026-07-20T18:37:49.464222+00:00]    iperf3 client running (~26 Mbps)
[2026-07-20T18:37:49.464386+00:00] [chaos] near-miss blind_compound_tunnel_recheck_20260721_0007_40m_nm01 (bait — should stay healthy)
[2026-07-20T18:37:49.464445+00:00] NEAR-MISS aborted onset for 33s (not a real fault)...
[2026-07-20T18:38:23.826850+00:00] [chaos] normal ops 2.0 min...
[2026-07-20T18:40:21.457306+00:00] [chaos] === COMPOUND blind_compound_tunnel_recheck_20260721_0007_40m_cg01: tunnel_degradation (station1) + vrf_leakage (station2) OVERLAPPING, 37 min budget left ===
[2026-07-20T18:40:21.457881+00:00]   tunnel_degradation run=blind_compound_tunnel_recheck_20260721_0007_40m_cg01_tunnel_degradation: ramping to 11.9% loss / 45ms delay over 9.0min
[2026-07-20T18:40:21.458120+00:00]   vrf_leakage run=blind_compound_tunnel_recheck_20260721_0007_40m_cg01_vrf_leakage: wrong RT import + PE2 symptom ramp to 2.6%/13ms over 4.2min, hold 7.1min
[2026-07-20T18:52:24.210739+00:00] [chaos] sealed blind_compound_tunnel_recheck_20260721_0007_40m_cg01_e01_tunnel_degradation (compound blind_compound_tunnel_recheck_20260721_0007_40m_cg01): 2026-07-20T18:40:21.457860+00:00 -> 2026-07-20T18:47:37.892073+00:00
[2026-07-20T18:52:24.211247+00:00] [chaos] sealed blind_compound_tunnel_recheck_20260721_0007_40m_cg01_e02_vrf_leakage (compound blind_compound_tunnel_recheck_20260721_0007_40m_cg01): 2026-07-20T18:40:21.458108+00:00 -> 2026-07-20T18:44:41.295516+00:00
[2026-07-20T18:52:27.443963+00:00] ================================================================
[2026-07-20T18:52:27.444201+00:00] BLIND CHAOS COMPLETE — 2 circumstances, 1 near-misses in 14.8 min
[2026-07-20T18:52:27.444313+00:00] Run the scorecard AFTER the operator has stopped:
[2026-07-20T18:52:27.444352+00:00]   python scripts/deca_blind_scorecard.py --run-id blind_compound_tunnel_recheck_20260721_0007_40m
[2026-07-20T18:52:27.444383+00:00] ================================================================
Chaos finished; letting the operator settle for 30s before stopping...
Operator ignored SIGINT — sending TERM...

Grading...
====================================================================
  DECA BLIND TEST SCORECARD — blind_compound_tunnel_recheck_20260721_0007_40m
====================================================================
  Circumstances the network created : 2
  Detected by the models            : 1  (rate 0.5)
  Correct fault class (first decl)  : 1  (accuracy 0.5)
  Correct class (ever, in-window)   : 1  (accuracy 0.5)
  Missed                            : 1
  Mean confirmed lead before breach : 4.6 min
  Mean advisory lead before breach  : 4.5 min  (class-agnostic; 'something forming')
  LSTM ETA mean abs error           : 2.8 min
  Severity bucket agreement         : 0.0  (1 scored)
  Severity continuous Pearson r     : None  (1 pairs)
  Near-miss false alarms            : 0 / 1
  Spurious false alarms             : 0
====================================================================
  Per-circumstance:
   [HIT ] tunnel_degradation station1  lead(conf/adv)=4.6/5.8min ETA=7.4/4.6 sev=high~low ok [cascade cg01]
   [MISS] vrf_leakage        station2  lead(conf/adv)=None/3.1min ETA=None/None sev=None~high ->None [cascade cg01]
====================================================================

  scorecard.json -> /home/brain/deca-isro/data/rpi-net/live/blind_compound_tunnel_recheck_20260721_0007_40m/scorecard.json
  canvas         -> /home/brain/.cursor/projects/home-brain-deca-isro/canvases/deca-blind-test.canvas.tsx
=== VERIFY: BGP+VRF compound blind ===
==============================================================
 DECA BLIND TEST  run_id=blind_compound_bgp_recheck_20260721_0023_40m  start_at=now  budget=40m
==============================================================
Pre-flight: run 'bash ~/deca_diagnostic.sh' and confirm all green,
and that Prometheus is healthy: curl -s localhost:9090/-/ready
Operator NOC feed will stream to: data/rpi-net/live/blind_compound_bgp_recheck_20260721_0023_40m/operator_feed.log  (tail -f to watch)

Operator armed (pid 837602). tail -f data/rpi-net/live/blind_compound_bgp_recheck_20260721_0023_40m/operator_feed.log
[2026-07-20T18:53:08.514514+00:00] ================================================================
[2026-07-20T18:53:08.514602+00:00] DECA BLIND CHAOS armed — run_id=blind_compound_bgp_recheck_20260721_0023_40m seed=462739 (SEALED)
[2026-07-20T18:53:08.514638+00:00] Budget 40 min | target 2-2 events + 1 near-misses | simulate=False
[2026-07-20T18:53:08.514666+00:00] Fault pool: ['congestion_breach', 'tunnel_degradation', 'bgp_route_flap', 'vrf_leakage']
[2026-07-20T18:53:08.514690+00:00] Compound prob=1.0 pe1=bgp_route_flap
[2026-07-20T18:53:08.514742+00:00] Sealed truth: /home/brain/deca-isro/data/rpi-net/live/blind_compound_bgp_recheck_20260721_0023_40m/ground_truth.sealed.jsonl
[2026-07-20T18:53:08.514768+00:00] ================================================================
[2026-07-20T18:53:11.886220+00:00]    iperf3 server listening on station2 (192.168.50.20)
[2026-07-20T18:53:13.350155+00:00] Baseline traffic: 41 Mbps (station1 -> 192.168.50.20 via eth0)
[2026-07-20T18:53:19.273525+00:00]    iperf3 client running (~41 Mbps)
[2026-07-20T18:53:19.273679+00:00] [chaos] near-miss blind_compound_bgp_recheck_20260721_0023_40m_nm01 (bait — should stay healthy)
[2026-07-20T18:53:19.273719+00:00] NEAR-MISS aborted onset for 48s (not a real fault)...
[2026-07-20T18:54:08.575392+00:00] [chaos] normal ops 2.6 min...
[2026-07-20T18:56:42.273645+00:00] [chaos] === COMPOUND blind_compound_bgp_recheck_20260721_0023_40m_cg01: bgp_route_flap (station1) + vrf_leakage (station2) OVERLAPPING, 36 min budget left ===
[2026-07-20T18:56:42.274396+00:00]   bgp_route_flap run=blind_compound_bgp_recheck_20260721_0023_40m_cg01_bgp_route_flap: 4 slow flaps over 7.7min, then 5 rapid flaps
[2026-07-20T18:56:42.274810+00:00]   vrf_leakage run=blind_compound_bgp_recheck_20260721_0023_40m_cg01_vrf_leakage: wrong RT import + PE2 symptom ramp to 3.3%/12ms over 6.4min, hold 5.8min
[2026-07-20T19:09:02.867478+00:00] [chaos] sealed blind_compound_bgp_recheck_20260721_0023_40m_cg01_e01_bgp_route_flap (compound blind_compound_bgp_recheck_20260721_0023_40m_cg01): 2026-07-20T18:56:42.274379+00:00 -> 2026-07-20T19:04:26.004939+00:00
[2026-07-20T19:09:02.867779+00:00] [chaos] sealed blind_compound_bgp_recheck_20260721_0023_40m_cg01_e02_vrf_leakage (compound blind_compound_bgp_recheck_20260721_0023_40m_cg01): 2026-07-20T18:56:42.274796+00:00 -> 2026-07-20T19:03:12.022609+00:00
[2026-07-20T19:09:05.736428+00:00] ================================================================
[2026-07-20T19:09:05.736648+00:00] BLIND CHAOS COMPLETE — 2 circumstances, 1 near-misses in 16.0 min
[2026-07-20T19:09:05.736747+00:00] Run the scorecard AFTER the operator has stopped:
[2026-07-20T19:09:05.736847+00:00]   python scripts/deca_blind_scorecard.py --run-id blind_compound_bgp_recheck_20260721_0023_40m
[2026-07-20T19:09:05.736930+00:00] ================================================================
Chaos finished; letting the operator settle for 30s before stopping...
Operator ignored SIGINT — sending TERM...

Grading...
====================================================================
  DECA BLIND TEST SCORECARD — blind_compound_bgp_recheck_20260721_0023_40m
====================================================================
  Circumstances the network created : 2
  Detected by the models            : 0  (rate 0.0)
  Correct fault class (first decl)  : 0  (accuracy 0.0)
  Correct class (ever, in-window)   : 0  (accuracy 0.0)
  Missed                            : 2
  Mean confirmed lead before breach : None min
  Mean advisory lead before breach  : None min  (class-agnostic; 'something forming')
  LSTM ETA mean abs error           : None min
  Severity bucket agreement         : None  (0 scored)
  Severity continuous Pearson r     : None  (0 pairs)
  Near-miss false alarms            : 0 / 1
  Spurious false alarms             : 0
====================================================================
  Per-circumstance:
   [MISS] bgp_route_flap     station1  lead(conf/adv)=None/Nonemin ETA=None/None sev=None~high ->None [cascade cg01]
   [MISS] vrf_leakage        station2  lead(conf/adv)=None/Nonemin ETA=None/None sev=None~low ->None [cascade cg01]
====================================================================

  scorecard.json -> /home/brain/deca-isro/data/rpi-net/live/blind_compound_bgp_recheck_20260721_0023_40m/scorecard.json
  canvas         -> /home/brain/.cursor/projects/home-brain-deca-isro/canvases/deca-blind-test.canvas.tsx
PROMOTE gate_ok=False candidate=0.6948310071873777 bar=0.717
GRADE control_post_overlap_20260720_2346_20m: detect=0/0 class=None spur=0 nm_fa=0
GRADE blind_compound_tunnel_recheck_20260721_0007_40m: detect=1/2 class=0.5 spur=0 nm_fa=0
  tunnel_degradation @station1 det=True pred=tunnel_degradation
  vrf_leakage @station2 det=False pred=None
GRADE blind_compound_bgp_recheck_20260721_0023_40m: detect=0/2 class=0.0 spur=0 nm_fa=0
  bgp_route_flap @station1 det=False pred=None
  vrf_leakage @station2 det=False pred=None
=== PIPELINE COMPLETE run_id=tier5_vrf_consolidate_20260720_1418 ===
=== PIPELINE compound overlap run_id=tier5_bgp_vrf_focus_20260721_0618 counts=bgp_route_flap=6,tunnel_degradation=0,congestion_breach=0 ===
lab cleared (faults + iperf)
[2026-07-21T06:18:56.123788+00:00] Run directory: /home/brain/deca-isro/data/rpi-net/runs/tier5_bgp_vrf_focus_20260721_0618
[2026-07-21T06:18:56.123849+00:00] ============================================================
[2026-07-21T06:18:56.123878+00:00] DECA COMPOUND OVERLAP CAMPAIGN — weighted counts {'bgp_route_flap': 6, 'tunnel_degradation': 0, 'congestion_breach': 0} (retry=2)
[2026-07-21T06:18:56.123899+00:00] ============================================================
[2026-07-21T06:18:59.390903+00:00]    iperf3 server listening on station2 (192.168.50.20)
[2026-07-21T06:19:00.871083+00:00] Baseline traffic: 24 Mbps (station1 -> 192.168.50.20 via eth0)
[2026-07-21T06:19:05.819757+00:00]    iperf3 client running (~24 Mbps)
[2026-07-21T06:19:05.819959+00:00] Normal ops before compound bgp_route_flap+vrf_leakage 3.8 min...
[2026-07-21T06:22:53.406651+00:00] Compound slot bgp_route_flap #1 attempt 1/3
[2026-07-21T06:22:53.406839+00:00] === COMPOUND bgp_route_flap_01: bgp_route_flap (station1) + vrf_leakage (station2) ===
[2026-07-21T06:22:53.407396+00:00]   bgp_route_flap run=bgp_route_flap_01_bgp_route_flap: 3 slow flaps over 8.6min, then 5 rapid flaps
[2026-07-21T06:22:53.407602+00:00]   vrf_leakage run=bgp_route_flap_01_vrf_leakage: wrong RT import + PE2 symptom ramp to 2.8%/15ms over 5.2min, hold 5.8min
[2026-07-21T06:33:57.607418+00:00] Logged bgp_route_flap 2026-07-21T06:22:53.407382+00:00 -> 2026-07-21T06:31:57.466101+00:00
[2026-07-21T06:33:57.607489+00:00] Logged vrf_leakage 2026-07-21T06:22:53.407595+00:00 -> 2026-07-21T06:28:10.152639+00:00
[2026-07-21T06:34:11.129949+00:00]   recovery settle 2.7 min...
[2026-07-21T06:36:52.660488+00:00]    iperf3 server listening on station2 (192.168.50.20)
[2026-07-21T06:36:55.287112+00:00] Baseline traffic: 19 Mbps (station1 -> 192.168.50.20 via eth0)
[2026-07-21T06:37:00.191561+00:00]    iperf3 client running (~19 Mbps)
[2026-07-21T06:37:00.191732+00:00] Normal ops before compound bgp_route_flap+vrf_leakage 3.7 min...
[2026-07-21T06:40:40.760088+00:00] Compound slot bgp_route_flap #2 attempt 1/3
[2026-07-21T06:40:40.760269+00:00] === COMPOUND bgp_route_flap_02: bgp_route_flap (station1) + vrf_leakage (station2) ===
[2026-07-21T06:40:40.760528+00:00]   bgp_route_flap run=bgp_route_flap_02_bgp_route_flap: 4 slow flaps over 7.1min, then 6 rapid flaps
[2026-07-21T06:40:40.760684+00:00]   vrf_leakage run=bgp_route_flap_02_vrf_leakage: wrong RT import + PE2 symptom ramp to 3.2%/16ms over 8.4min, hold 7.8min
[2026-07-21T06:56:56.849421+00:00] Logged bgp_route_flap 2026-07-21T06:40:40.760520+00:00 -> 2026-07-21T06:47:50.125046+00:00
[2026-07-21T06:56:56.849633+00:00] Logged vrf_leakage 2026-07-21T06:40:40.760669+00:00 -> 2026-07-21T06:49:09.672884+00:00
[2026-07-21T06:57:06.381954+00:00]   recovery settle 3.3 min...
[2026-07-21T07:00:24.858241+00:00]    iperf3 server listening on station2 (192.168.50.20)
[2026-07-21T07:00:36.012079+00:00] Baseline traffic: 17 Mbps (station1 -> 192.168.50.20 via eth0)
[2026-07-21T07:00:46.021231+00:00]    SSH failed on station1@192.168.50.10: Connection timed out during banner exchange
Connection to 192.168.50.10 port 22 timed out
[2026-07-21T07:00:46.021387+00:00]    Could not launch iperf3 client on station1
[2026-07-21T07:00:46.021448+00:00] Normal ops before compound bgp_route_flap+vrf_leakage 5.0 min...
[2026-07-21T07:05:43.168083+00:00] Compound slot bgp_route_flap #3 attempt 1/3
[2026-07-21T07:05:43.168320+00:00] === COMPOUND bgp_route_flap_03: bgp_route_flap (station1) + vrf_leakage (station2) ===
[2026-07-21T07:05:43.168714+00:00]   bgp_route_flap run=bgp_route_flap_03_bgp_route_flap: 3 slow flaps over 7.2min, then 7 rapid flaps
[2026-07-21T07:05:43.168904+00:00]   vrf_leakage run=bgp_route_flap_03_vrf_leakage: wrong RT import + PE2 symptom ramp to 2.2%/17ms over 7.9min, hold 6.2min
[2026-07-21T07:19:53.835904+00:00] Logged bgp_route_flap 2026-07-21T07:05:43.168706+00:00 -> 2026-07-21T07:13:00.878882+00:00
[2026-07-21T07:19:53.836113+00:00] Logged vrf_leakage 2026-07-21T07:05:43.168884+00:00 -> 2026-07-21T07:13:37.573116+00:00
[2026-07-21T07:19:56.394296+00:00]   recovery settle 3.5 min...
[2026-07-21T07:23:31.884961+00:00]    iperf3 server listening on station2 (192.168.50.20)
[2026-07-21T07:23:34.362059+00:00] Baseline traffic: 48 Mbps (station1 -> 192.168.50.20 via eth0)
[2026-07-21T07:23:39.185270+00:00]    iperf3 client running (~48 Mbps)
[2026-07-21T07:23:39.185379+00:00] Normal ops before compound bgp_route_flap+vrf_leakage 5.0 min...
[2026-07-21T07:28:39.652093+00:00] Compound slot bgp_route_flap #4 attempt 1/3
[2026-07-21T07:28:39.652264+00:00] === COMPOUND bgp_route_flap_04: bgp_route_flap (station1) + vrf_leakage (station2) ===
[2026-07-21T07:28:39.652631+00:00]   bgp_route_flap run=bgp_route_flap_04_bgp_route_flap: 2 slow flaps over 8.1min, then 7 rapid flaps
[2026-07-21T07:28:39.652937+00:00]   vrf_leakage run=bgp_route_flap_04_vrf_leakage: wrong RT import + PE2 symptom ramp to 3.8%/13ms over 8.8min, hold 6.2min
[2026-07-21T07:43:44.705194+00:00] Logged bgp_route_flap 2026-07-21T07:28:39.652607+00:00 -> 2026-07-21T07:36:48.167902+00:00
[2026-07-21T07:43:44.705438+00:00] Logged vrf_leakage 2026-07-21T07:28:39.652916+00:00 -> 2026-07-21T07:37:32.903095+00:00
[2026-07-21T07:43:46.667574+00:00]   recovery settle 2.9 min...
[2026-07-21T07:46:43.112958+00:00]    iperf3 server listening on station2 (192.168.50.20)
[2026-07-21T07:46:54.128078+00:00] Baseline traffic: 19 Mbps (station1 -> 192.168.50.20 via eth0)
[2026-07-21T07:47:01.193184+00:00]    iperf3 client running (~19 Mbps)
[2026-07-21T07:47:01.193304+00:00] Normal ops before compound bgp_route_flap+vrf_leakage 3.8 min...
[2026-07-21T07:50:51.420369+00:00] Compound slot bgp_route_flap #5 attempt 1/3
[2026-07-21T07:50:51.420609+00:00] === COMPOUND bgp_route_flap_05: bgp_route_flap (station1) + vrf_leakage (station2) ===
[2026-07-21T07:50:51.421095+00:00]   bgp_route_flap run=bgp_route_flap_05_bgp_route_flap: 4 slow flaps over 9.6min, then 7 rapid flaps
[2026-07-21T07:50:51.421330+00:00]   vrf_leakage run=bgp_route_flap_05_vrf_leakage: wrong RT import + PE2 symptom ramp to 3.4%/9ms over 7.6min, hold 7.2min
[2026-07-21T08:05:39.537306+00:00] Logged bgp_route_flap 2026-07-21T07:50:51.421069+00:00 -> 2026-07-21T08:00:30.836231+00:00
[2026-07-21T08:05:39.537469+00:00] Logged vrf_leakage 2026-07-21T07:50:51.421311+00:00 -> 2026-07-21T07:58:29.144094+00:00
[2026-07-21T08:05:41.280364+00:00]   recovery settle 3.2 min...
[2026-07-21T08:08:56.279846+00:00]    iperf3 server listening on station2 (192.168.50.20)
[2026-07-21T08:08:57.728066+00:00] Baseline traffic: 33 Mbps (station1 -> 192.168.50.20 via eth0)
[2026-07-21T08:09:04.699027+00:00]    iperf3 client running (~33 Mbps)
[2026-07-21T08:09:04.699162+00:00] Normal ops before compound bgp_route_flap+vrf_leakage 4.5 min...
[2026-07-21T08:13:32.179080+00:00] Compound slot bgp_route_flap #6 attempt 1/3
[2026-07-21T08:13:32.179254+00:00] === COMPOUND bgp_route_flap_06: bgp_route_flap (station1) + vrf_leakage (station2) ===
[2026-07-21T08:13:32.179559+00:00]   bgp_route_flap run=bgp_route_flap_06_bgp_route_flap: 2 slow flaps over 8.9min, then 5 rapid flaps
[2026-07-21T08:13:32.179760+00:00]   vrf_leakage run=bgp_route_flap_06_vrf_leakage: wrong RT import + PE2 symptom ramp to 2.5%/8ms over 7.9min, hold 4.4min
[2026-07-21T08:25:57.705321+00:00] Logged bgp_route_flap 2026-07-21T08:13:32.179542+00:00 -> 2026-07-21T08:22:45.493053+00:00
[2026-07-21T08:25:57.705389+00:00] Logged vrf_leakage 2026-07-21T08:13:32.179749+00:00 -> 2026-07-21T08:21:30.409055+00:00
[2026-07-21T08:26:00.519472+00:00]   recovery settle 3.9 min...
[2026-07-21T08:29:56.720610+00:00]    iperf3 server listening on station2 (192.168.50.20)
[2026-07-21T08:29:58.204071+00:00] Baseline traffic: 15 Mbps (station1 -> 192.168.50.20 via eth0)
[2026-07-21T08:30:04.121565+00:00]    iperf3 client running (~15 Mbps)
[2026-07-21T08:30:04.121668+00:00] ============================================================
[2026-07-21T08:30:04.121709+00:00] COMPOUND OVERLAP CAMPAIGN DONE — pe1 counts {'congestion_breach': 0, 'tunnel_degradation': 0, 'bgp_route_flap': 6} attempts=6
[2026-07-21T08:30:04.121742+00:00] ============================================================
[2026-07-21T08:30:36.117803+00:00] Exported /home/brain/deca-isro/data/rpi-net/runs/tier5_bgp_vrf_focus_20260721_0618/network_telemetry.csv (11067 rows)
[2026-07-21T08:30:36.177988+00:00] Exported /home/brain/deca-isro/data/rpi-net/runs/tier5_bgp_vrf_focus_20260721_0618/network_campaign_export.csv (1581 rows)
[2026-07-21T08:30:36.179313+00:00] ============================================================
[2026-07-21T08:30:36.179424+00:00] VALIDATING fault_injection_log.csv
[2026-07-21T08:30:36.179450+00:00] ============================================================
[2026-07-21T08:30:36.179595+00:00] Total runs: 12
[2026-07-21T08:30:36.179631+00:00]   congestion_breach     WARN: zero runs recorded
[2026-07-21T08:30:36.179657+00:00]   tunnel_degradation    WARN: zero runs recorded
[2026-07-21T08:30:36.179808+00:00]   bgp_route_flap        n=6  avg=  8.4min  spread= 1.1min
[2026-07-21T08:30:36.179912+00:00]   vrf_leakage           n=6  avg=  7.7min  spread= 1.3min
[2026-07-21T08:30:36.179950+00:00] VALIDATION RESULT: WARN -- review flags before training
[2026-07-21T08:30:36.179974+00:00] ============================================================
=== REBUILD ===
RPI_RUNS=['20260713_155333', '20260714_165648_tier6_x10', '20260715_191519_circ_v2', 'bgp_flap_recall_20260721_0406', 'compound_overlap_20260719_1735', 'compound_overlap_w2_20260719_2045', 'spec_data_20260717_2352', 'tier5_bgp_vrf_focus_20260721_0618', 'tier5_vrf_consolidate_20260720_1418', 'tier5_vrf_overlap_20260720_0252', 'vrf_recall_20260718_1752']
=== Loading RPi campaign(s) ===
  loading campaign 20260713_155333
    clean telemetry 20260713_155333: 52723 → 35152 rows
    clean faults 20260713_155333: 21 → 21 windows
  loading campaign 20260714_165648_tier6_x10
    clean telemetry 20260714_165648_tier6_x10: 93809 → 62547 rows
    clean faults 20260714_165648_tier6_x10: 40 → 40 windows
  loading campaign 20260715_191519_circ_v2
    clean telemetry 20260715_191519_circ_v2: 47253 → 31472 rows
    clean faults 20260715_191519_circ_v2: 27 → 27 windows
  loading campaign bgp_flap_recall_20260721_0406
    clean telemetry bgp_flap_recall_20260721_0406: 9093 → 6495 rows
    clean faults bgp_flap_recall_20260721_0406: 6 → 6 windows
  loading campaign compound_overlap_20260719_1735
    clean telemetry compound_overlap_20260719_1735: 9429 → 6287 rows
    clean faults compound_overlap_20260719_1735: 12 → 12 windows
  loading campaign compound_overlap_w2_20260719_2045
    clean telemetry compound_overlap_w2_20260719_2045: 20337 → 13559 rows
    clean faults compound_overlap_w2_20260719_2045: 24 → 24 windows
  loading campaign spec_data_20260717_2352
    clean telemetry spec_data_20260717_2352: 35801 → 23843 rows
    clean faults spec_data_20260717_2352: 24 → 24 windows
  loading campaign tier5_bgp_vrf_focus_20260721_0618
    clean telemetry tier5_bgp_vrf_focus_20260721_0618: 11067 → 7905 rows
    clean faults tier5_bgp_vrf_focus_20260721_0618: 12 → 12 windows
  loading campaign tier5_vrf_consolidate_20260720_1418
    clean telemetry tier5_vrf_consolidate_20260720_1418: 17974 → 12598 rows
    clean faults tier5_vrf_consolidate_20260720_1418: 16 → 16 windows
  loading campaign tier5_vrf_overlap_20260720_0252
    clean telemetry tier5_vrf_overlap_20260720_0252: 10396 → 7278 rows
    clean faults tier5_vrf_overlap_20260720_0252: 12 → 12 windows
  loading campaign vrf_recall_20260718_1752
    clean telemetry vrf_recall_20260718_1752: 10851 → 7235 rows
    clean faults vrf_recall_20260718_1752: 7 → 7 windows
  merged network rows=214371  fault windows=201
  network_df=214371  fault_windows=201
=== Loading public lake ===
  mawi_sample: 15 rows
  cisco_sandbox: 232 rows
  bgp_update_rates_full: 320 rows
  ripe_atlas_ping_sampled: 187971 probe rows -> 7200 minute buckets x2 metrics
  ripe_atlas_ping_baseline: 13902 rows
  public fault labels from bgp_routing_labels.csv: 1138 events (span 2026-07-05 02:20:00+00:00 → 2026-07-13 00:00:00+00:00) — provenance only, not applied
  public fault labels from ioda_outage_labels.csv: 1138 events (span 2026-07-05 02:20:00+00:00 → 2026-07-13 00:00:00+00:00) — provenance only, not applied
  public_df=28869
  NOTE: IODA/BGP outage labels are NOT merged into the training labeler — no overlapping public telemetry for those Jul-5-centric windows.
=== Synthetic ===
  synthetic: 0 rows (deliberate — RPi ground truth replaces synthetic noise)
  wrote public_outage_labels_provenance.csv (2276 rows) — inventory only

=== Provenance audit ===
  network   :   214371 rows  ( 88.1%)
  synthetic :        0 rows  (  0.0%)
  public    :    28869 rows  ( 11.9%)
  TOTAL     :   243240 rows (pre-dropna)
  unified_raw after clean: 243240
  training fault windows (RPi only): 201
  backed up deca_unified_raw.parquet -> deca_unified_raw.parquet.bak_pre_rebuild
  backed up deca_unified_dataset.parquet -> deca_unified_dataset.parquet.bak_pre_rebuild

Wrote /home/brain/deca-isro/data/processed/deca_unified_raw.parquet (243240 rows)

=== Feature engineering ===
  features=60260 rows, cols=58
  features by source: {'network': 52101, 'public': 8159}

=== Circumstance existence labels (additive) ===
  circumstance existence labels applied for 20 events
circumstance_label
healthy               57260
congestion_breach       981
vrf_leakage             807
tunnel_degradation      672
bgp_route_flap          540
Wrote /home/brain/deca-isro/data/processed/deca_unified_dataset.parquet (60260 rows)

Fault type distribution:
fault_type
none                  45328
vrf_leakage            5418
congestion_breach      3571
bgp_route_flap         3378
tunnel_degradation     2403
precursor_aborted       162

Unified label distribution:
unified_label
healthy               45490
vrf_leakage            5418
congestion_breach      3571
bgp_route_flap         3378
tunnel_degradation     2403

By source × unified_label:
source   unified_label     
network  bgp_route_flap         3378
         congestion_breach      3571
         healthy               37331
         tunnel_degradation     2403
         vrf_leakage            5418
public   healthy                8159
=== SCHOOL EXAM PROMOTE ===
Exam paper seed=1784622644  policy=random  (new questions each run unless --exam-seed fixed)
Exam label counts: {'healthy': 9098, 'congestion_breach': 714, 'tunnel_degradation': 481, 'bgp_route_flap': 676, 'vrf_leakage': 1084}
  Active model expects 40 features, lake has 56 — skip unit test (schema drift)

=== Unit test (active model) ===
  Active model is not weighted_multiclass — skip
Lake rows=60,260  features=56  exam rows=12,053
Baseline Macro-F1 to beat: 0.7170
Rare boosts β=[1.0, 1.5, 2.0, 3.0]
Heads (families): ['plain', 'wm', 'moe']  [plain=champion, wm=cluster booster, moe=cluster + per-fault experts]
Classes: ['healthy', 'congestion_breach', 'tunnel_degradation', 'bgp_route_flap', 'vrf_leakage']

=== Teaching the anomaly gate (once) ===

=== Study hall  head=plain  β=1.0 ===
  val macro-F1=0.7034  EXAM macro-F1=0.7084  rare-recall=0.5228  gate_thr=0.50
    bgp_route_flap: P=0.42 R=0.40 F1=0.41
    vrf_leakage: P=0.65 R=0.65 F1=0.65

=== Study hall  head=plain  β=1.5 ===
  val macro-F1=0.7075  EXAM macro-F1=0.7077  rare-recall=0.5298  gate_thr=0.50
    bgp_route_flap: P=0.42 R=0.39 F1=0.40
    vrf_leakage: P=0.61 R=0.67 F1=0.64

=== Study hall  head=plain  β=2.0 ===
  val macro-F1=0.7066  EXAM macro-F1=0.7073  rare-recall=0.5381  gate_thr=0.50
    bgp_route_flap: P=0.41 R=0.40 F1=0.40
    vrf_leakage: P=0.61 R=0.68 F1=0.64

=== Study hall  head=plain  β=3.0 ===
  val macro-F1=0.7088  EXAM macro-F1=0.7094  rare-recall=0.5549  gate_thr=0.50
    bgp_route_flap: P=0.41 R=0.41 F1=0.41
    vrf_leakage: P=0.59 R=0.70 F1=0.64

=== Study hall  head=wm  β=1.0 ===
  val macro-F1=0.7056  EXAM macro-F1=0.7071  rare-recall=0.5206  gate_thr=0.50
    bgp_route_flap: P=0.43 R=0.40 F1=0.41
    vrf_leakage: P=0.63 R=0.64 F1=0.64

=== Study hall  head=wm  β=1.5 ===
  val macro-F1=0.7074  EXAM macro-F1=0.7042  rare-recall=0.5418  gate_thr=0.50
    bgp_route_flap: P=0.40 R=0.39 F1=0.40
    vrf_leakage: P=0.58 R=0.69 F1=0.63

=== Study hall  head=wm  β=2.0 ===
  val macro-F1=0.7049  EXAM macro-F1=0.7038  rare-recall=0.5385  gate_thr=0.50
    bgp_route_flap: P=0.41 R=0.40 F1=0.41
    vrf_leakage: P=0.58 R=0.68 F1=0.63

=== Study hall  head=wm  β=3.0 ===
  val macro-F1=0.7070  EXAM macro-F1=0.7051  rare-recall=0.5489  gate_thr=0.50
    bgp_route_flap: P=0.42 R=0.40 F1=0.41
    vrf_leakage: P=0.57 R=0.70 F1=0.63

=== Study hall  head=moe  β=1.0 ===
  val macro-F1=0.6842  EXAM macro-F1=0.6868  rare-recall=0.5004  gate_thr=0.50
    bgp_route_flap: P=0.32 R=0.43 F1=0.37
    vrf_leakage: P=0.65 R=0.57 F1=0.61

=== Study hall  head=moe  β=1.5 ===
  val macro-F1=0.6926  EXAM macro-F1=0.6912  rare-recall=0.5150  gate_thr=0.50
    bgp_route_flap: P=0.33 R=0.42 F1=0.37
    vrf_leakage: P=0.63 R=0.61 F1=0.62

=== Study hall  head=moe  β=2.0 ===
  val macro-F1=0.6901  EXAM macro-F1=0.6919  rare-recall=0.5174  gate_thr=0.50
    bgp_route_flap: P=0.33 R=0.42 F1=0.37
    vrf_leakage: P=0.64 R=0.61 F1=0.62

=== Study hall  head=moe  β=3.0 ===
  val macro-F1=0.6948  EXAM macro-F1=0.6935  rare-recall=0.5329  gate_thr=0.50
    bgp_route_flap: P=0.33 R=0.43 F1=0.37
    vrf_leakage: P=0.62 R=0.63 F1=0.63

Wrote /home/brain/deca-isro/models/school_exam/weight_sweep.csv
Wrote /home/brain/deca-isro/models/school_exam/latest_exam.json

=== Great Exam / promotion gate (repeated-holdout validation) ===
  candidate Macro-F1=0.7094
  bar=0.7170 = max(honest champion same-paper 0.7094, manifest floor 0.7170)   [basis=honest_same_paper_champion_config]
  candidate rare-recall=0.5549  floor≈0.5249
  GATE: FAIL
  Auto-promote: gate FAIL — keeping active models/
=== SOFT STREAK ===
Network rows=52,101  temporal test tail=13,028  from 2026-07-18 13:34:00+00:00
  soft_streak ENABLED  enter threshold=3 cumulative confidence  (mean fault conf=0.828 when gate open)

=== Temporal Loom score (chronological network tail) ===
  loom global fallback  enter_k=3  exit_k=2
  soft_streak ON   entry uses cumulative confidence >= enter_k (3); exit stays frame-based
    congestion_breach    enter_k=3  exit_k=2
    tunnel_degradation   enter_k=4  exit_k=2
    bgp_route_flap       enter_k=3  exit_k=3
    vrf_leakage          enter_k=3  exit_k=3
  raw_frame     Macro-F1=0.3361  Acc=0.5919  rareR=0.1099
    bgp_route_flap: F1=0.040
    vrf_leakage: F1=0.289
  persistent    Macro-F1=0.3390  Acc=0.6187  rareR=0.0754
    bgp_route_flap: F1=0.000
    vrf_leakage: F1=0.233
  advisory      Macro-F1=0.3365  Acc=0.6321  rareR=0.0753
    bgp_route_flap: F1=0.008
    vrf_leakage: F1=0.242
  boost ΔMacro-F1=+0.0029  frames_changed=2101  fault frames 4695 → 3467 (suppressed 1228)

  advisory tier  enter_k=2  exit_k=1
    events=76  advisory caught=35  confirmed caught=24
    mean lead=5.62 frames  max lead=67 frames  (over 24 events where both caught it)
    advisory-only window: 604 frames — 169 correct early warning, 233 wrong-class, 202 pure noise  (precision=0.280)

Wrote /home/brain/deca-isro/models/temporal_persist_score.json
Patched loom into promoted artifacts (/home/brain/deca-isro/models/fault_classifier/decision_thresholds.json)
PROMOTE gate_ok=False candidate=0.709399903908472 bar=0.717
=== TRUST: 20m control ===
==============================================================
 DECA BLIND TEST  run_id=control_post_overlap_20260721_1409_20m  start_at=now  budget=20m
==============================================================
Pre-flight: run 'bash ~/deca_diagnostic.sh' and confirm all green,
and that Prometheus is healthy: curl -s localhost:9090/-/ready
Operator NOC feed will stream to: data/rpi-net/live/control_post_overlap_20260721_1409_20m/operator_feed.log  (tail -f to watch)

Operator armed (pid 887316). tail -f data/rpi-net/live/control_post_overlap_20260721_1409_20m/operator_feed.log
[2026-07-21T08:39:21.343288+00:00] ================================================================
[2026-07-21T08:39:21.343931+00:00] DECA BLIND CONTROL (all-healthy) armed — run_id=control_post_overlap_20260721_1409_20m seed=187860 (SEALED)
[2026-07-21T08:39:21.344131+00:00] Budget 20 min | NO real faults | 2 near-miss bait(s) | simulate=False
[2026-07-21T08:39:21.344351+00:00] Sealed truth: /home/brain/deca-isro/data/rpi-net/live/control_post_overlap_20260721_1409_20m/ground_truth.sealed.jsonl
[2026-07-21T08:39:21.344505+00:00] ================================================================
[2026-07-21T08:39:25.869546+00:00]    iperf3 server listening on station2 (192.168.50.20)
[2026-07-21T08:39:29.329110+00:00] Baseline traffic: 56 Mbps (station1 -> 192.168.50.20 via eth0)
[2026-07-21T08:39:40.413406+00:00]    iperf3 client running (~56 Mbps)
[2026-07-21T08:39:40.413563+00:00] [control] healthy baseline 5.7 min...
[2026-07-21T08:45:20.213079+00:00] [control] near-miss control_post_overlap_20260721_1409_20m_nm01 (bait — MUST stay healthy)
[2026-07-21T08:45:20.213223+00:00] NEAR-MISS aborted onset for 32s (not a real fault)...
[2026-07-21T08:45:54.033787+00:00] [control] sealed control_post_overlap_20260721_1409_20m_nm01: 2026-07-21T08:45:20.213216+00:00 -> 2026-07-21T08:45:54.033518+00:00
[2026-07-21T08:45:56.597290+00:00] [control] healthy baseline 6.7 min...
[2026-07-21T08:52:37.048520+00:00] [control] near-miss control_post_overlap_20260721_1409_20m_nm02 (bait — MUST stay healthy)
[2026-07-21T08:52:37.048719+00:00] NEAR-MISS aborted onset for 41s (not a real fault)...
[2026-07-21T08:53:27.542784+00:00] [control] sealed control_post_overlap_20260721_1409_20m_nm02: 2026-07-21T08:52:37.048709+00:00 -> 2026-07-21T08:53:27.542549+00:00
[2026-07-21T08:53:31.376520+00:00] [control] healthy baseline 5.8 min to end (no baits left)...
[2026-07-21T08:59:21.443501+00:00] ================================================================
[2026-07-21T08:59:21.443769+00:00] BLIND CONTROL COMPLETE — 0 real faults, 2 near-misses
[2026-07-21T08:59:21.443882+00:00] Any confirmed alarm here is a false positive. Grade with:
[2026-07-21T08:59:21.443988+00:00]   python scripts/deca_blind_scorecard.py --run-id control_post_overlap_20260721_1409_20m
[2026-07-21T08:59:21.444128+00:00] ================================================================
Chaos finished; letting the operator settle for 30s before stopping...
Operator ignored SIGINT — sending TERM...

Grading...
====================================================================
  DECA BLIND TEST SCORECARD — control_post_overlap_20260721_1409_20m
====================================================================
  Circumstances the network created : 0
  Detected by the models            : 0  (rate None)
  Correct fault class (first decl)  : 0  (accuracy None)
  Correct class (ever, in-window)   : 0  (accuracy None)
  Missed                            : 0
  Mean confirmed lead before breach : None min
  Mean advisory lead before breach  : None min  (class-agnostic; 'something forming')
  LSTM ETA mean abs error           : None min
  Severity bucket agreement         : None  (0 scored)
  Severity continuous Pearson r     : None  (0 pairs)
  Near-miss false alarms            : 0 / 2
  Spurious false alarms             : 0
====================================================================
  Per-circumstance:
====================================================================

  scorecard.json -> /home/brain/deca-isro/data/rpi-net/live/control_post_overlap_20260721_1409_20m/scorecard.json
  canvas         -> /home/brain/.cursor/projects/home-brain-deca-isro/canvases/deca-blind-test.canvas.tsx
=== VERIFY: tunnel+VRF compound blind ===
==============================================================
 DECA BLIND TEST  run_id=blind_compound_tunnel_recheck_20260721_1430_40m  start_at=now  budget=40m
==============================================================
Pre-flight: run 'bash ~/deca_diagnostic.sh' and confirm all green,
and that Prometheus is healthy: curl -s localhost:9090/-/ready
Operator NOC feed will stream to: data/rpi-net/live/blind_compound_tunnel_recheck_20260721_1430_40m/operator_feed.log  (tail -f to watch)

Operator armed (pid 894044). tail -f data/rpi-net/live/blind_compound_tunnel_recheck_20260721_1430_40m/operator_feed.log
[2026-07-21T09:00:02.804954+00:00] ================================================================
[2026-07-21T09:00:02.805060+00:00] DECA BLIND CHAOS armed — run_id=blind_compound_tunnel_recheck_20260721_1430_40m seed=900877 (SEALED)
[2026-07-21T09:00:02.805098+00:00] Budget 40 min | target 2-2 events + 1 near-misses | simulate=False
[2026-07-21T09:00:02.805130+00:00] Fault pool: ['congestion_breach', 'tunnel_degradation', 'bgp_route_flap', 'vrf_leakage']
[2026-07-21T09:00:02.805157+00:00] Compound prob=1.0 pe1=tunnel_degradation
[2026-07-21T09:00:02.805215+00:00] Sealed truth: /home/brain/deca-isro/data/rpi-net/live/blind_compound_tunnel_recheck_20260721_1430_40m/ground_truth.sealed.jsonl
[2026-07-21T09:00:02.805243+00:00] ================================================================
[2026-07-21T09:00:06.074012+00:00]    iperf3 server listening on station2 (192.168.50.20)
[2026-07-21T09:00:17.084082+00:00] Baseline traffic: 50 Mbps (station1 -> 192.168.50.20 via eth0)
[2026-07-21T09:00:26.126319+00:00]    iperf3 client running (~50 Mbps)
[2026-07-21T09:00:26.126499+00:00] [chaos] normal ops 2.3 min...
[2026-07-21T09:02:42.731089+00:00] [chaos] === COMPOUND blind_compound_tunnel_recheck_20260721_1430_40m_cg01: tunnel_degradation (station1) + vrf_leakage (station2) OVERLAPPING, 37 min budget left ===
[2026-07-21T09:02:42.731703+00:00]   tunnel_degradation run=blind_compound_tunnel_recheck_20260721_1430_40m_cg01_tunnel_degradation: ramping to 9.5% loss / 37ms delay over 8.1min
[2026-07-21T09:02:42.732153+00:00]   vrf_leakage run=blind_compound_tunnel_recheck_20260721_1430_40m_cg01_vrf_leakage: wrong RT import + PE2 symptom ramp to 3.4%/19ms over 6.6min, hold 6.0min
[2026-07-21T09:15:22.920733+00:00] [chaos] sealed blind_compound_tunnel_recheck_20260721_1430_40m_cg01_e01_tunnel_degradation (compound blind_compound_tunnel_recheck_20260721_1430_40m_cg01): 2026-07-21T09:02:42.731685+00:00 -> 2026-07-21T09:09:17.975083+00:00
[2026-07-21T09:15:22.921020+00:00] [chaos] sealed blind_compound_tunnel_recheck_20260721_1430_40m_cg01_e02_vrf_leakage (compound blind_compound_tunnel_recheck_20260721_1430_40m_cg01): 2026-07-21T09:02:42.732137+00:00 -> 2026-07-21T09:09:24.595615+00:00
[2026-07-21T09:15:25.650179+00:00] ================================================================
[2026-07-21T09:15:25.650312+00:00] BLIND CHAOS COMPLETE — 2 circumstances, 0 near-misses in 15.4 min
[2026-07-21T09:15:25.650349+00:00] Run the scorecard AFTER the operator has stopped:
[2026-07-21T09:15:25.650380+00:00]   python scripts/deca_blind_scorecard.py --run-id blind_compound_tunnel_recheck_20260721_1430_40m
[2026-07-21T09:15:25.650412+00:00] ================================================================
Chaos finished; letting the operator settle for 30s before stopping...
Operator ignored SIGINT — sending TERM...

Grading...
====================================================================
  DECA BLIND TEST SCORECARD — blind_compound_tunnel_recheck_20260721_1430_40m
====================================================================
  Circumstances the network created : 2
  Detected by the models            : 1  (rate 0.5)
  Correct fault class (first decl)  : 1  (accuracy 0.5)
  Correct class (ever, in-window)   : 1  (accuracy 0.5)
  Missed                            : 1
  Mean confirmed lead before breach : 4.8 min
  Mean advisory lead before breach  : 5.7 min  (class-agnostic; 'something forming')
  LSTM ETA mean abs error           : 2.6 min
  Severity bucket agreement         : 0.0  (1 scored)
  Severity continuous Pearson r     : None  (1 pairs)
  Near-miss false alarms            : 0 / 0
  Spurious false alarms             : 0
====================================================================
  Per-circumstance:
   [HIT ] tunnel_degradation station1  lead(conf/adv)=4.8/5.6min ETA=7.4/4.8 sev=medium~low ok [cascade cg01]
   [MISS] vrf_leakage        station2  lead(conf/adv)=None/5.7min ETA=None/None sev=None~low ->None [cascade cg01]
====================================================================

  scorecard.json -> /home/brain/deca-isro/data/rpi-net/live/blind_compound_tunnel_recheck_20260721_1430_40m/scorecard.json
  canvas         -> /home/brain/.cursor/projects/home-brain-deca-isro/canvases/deca-blind-test.canvas.tsx
=== VERIFY: BGP+VRF compound blind ===
==============================================================
 DECA BLIND TEST  run_id=blind_compound_bgp_recheck_20260721_1446_40m  start_at=now  budget=40m
==============================================================
Pre-flight: run 'bash ~/deca_diagnostic.sh' and confirm all green,
and that Prometheus is healthy: curl -s localhost:9090/-/ready
Operator NOC feed will stream to: data/rpi-net/live/blind_compound_bgp_recheck_20260721_1446_40m/operator_feed.log  (tail -f to watch)

Operator armed (pid 899625). tail -f data/rpi-net/live/blind_compound_bgp_recheck_20260721_1446_40m/operator_feed.log
[2026-07-21T09:16:05.861618+00:00] ================================================================
[2026-07-21T09:16:05.861881+00:00] DECA BLIND CHAOS armed — run_id=blind_compound_bgp_recheck_20260721_1446_40m seed=855903 (SEALED)
[2026-07-21T09:16:05.862021+00:00] Budget 40 min | target 2-2 events + 1 near-misses | simulate=False
[2026-07-21T09:16:05.862148+00:00] Fault pool: ['congestion_breach', 'tunnel_degradation', 'bgp_route_flap', 'vrf_leakage']
[2026-07-21T09:16:05.862226+00:00] Compound prob=1.0 pe1=bgp_route_flap
[2026-07-21T09:16:05.862292+00:00] Sealed truth: /home/brain/deca-isro/data/rpi-net/live/blind_compound_bgp_recheck_20260721_1446_40m/ground_truth.sealed.jsonl
[2026-07-21T09:16:05.862318+00:00] ================================================================
[2026-07-21T09:16:09.074906+00:00]    iperf3 server listening on station2 (192.168.50.20)
[2026-07-21T09:16:10.536078+00:00] Baseline traffic: 83 Mbps (station1 -> 192.168.50.20 via eth0)
[2026-07-21T09:16:15.529985+00:00]    iperf3 client running (~83 Mbps)
[2026-07-21T09:16:15.530152+00:00] [chaos] normal ops 2.2 min...
[2026-07-21T09:18:24.976238+00:00] [chaos] === COMPOUND blind_compound_bgp_recheck_20260721_1446_40m_cg01: bgp_route_flap (station1) + vrf_leakage (station2) OVERLAPPING, 38 min budget left ===
[2026-07-21T09:18:24.976745+00:00]   bgp_route_flap run=blind_compound_bgp_recheck_20260721_1446_40m_cg01_bgp_route_flap: 2 slow flaps over 11.1min, then 7 rapid flaps
[2026-07-21T09:18:24.976958+00:00]   vrf_leakage run=blind_compound_bgp_recheck_20260721_1446_40m_cg01_vrf_leakage: wrong RT import + PE2 symptom ramp to 2.3%/11ms over 6.6min, hold 4.3min
[2026-07-21T09:31:19.224484+00:00] [chaos] sealed blind_compound_bgp_recheck_20260721_1446_40m_cg01_e01_bgp_route_flap (compound blind_compound_bgp_recheck_20260721_1446_40m_cg01): 2026-07-21T09:18:24.976727+00:00 -> 2026-07-21T09:29:40.294975+00:00
[2026-07-21T09:31:19.224630+00:00] [chaos] sealed blind_compound_bgp_recheck_20260721_1446_40m_cg01_e02_vrf_leakage (compound blind_compound_bgp_recheck_20260721_1446_40m_cg01): 2026-07-21T09:18:24.976944+00:00 -> 2026-07-21T09:25:08.093889+00:00
[2026-07-21T09:31:23.337602+00:00] ================================================================
[2026-07-21T09:31:23.337732+00:00] BLIND CHAOS COMPLETE — 2 circumstances, 0 near-misses in 15.3 min
[2026-07-21T09:31:23.337760+00:00] Run the scorecard AFTER the operator has stopped:
[2026-07-21T09:31:23.337782+00:00]   python scripts/deca_blind_scorecard.py --run-id blind_compound_bgp_recheck_20260721_1446_40m
[2026-07-21T09:31:23.337801+00:00] ================================================================
Chaos finished; letting the operator settle for 30s before stopping...
Operator ignored SIGINT — sending TERM...

Grading...
====================================================================
  DECA BLIND TEST SCORECARD — blind_compound_bgp_recheck_20260721_1446_40m
====================================================================
  Circumstances the network created : 2
  Detected by the models            : 1  (rate 0.5)
  Correct fault class (first decl)  : 0  (accuracy 0.0)
  Correct class (ever, in-window)   : 0  (accuracy 0.0)
  Missed                            : 1
  Mean confirmed lead before breach : -4.9 min
  Mean advisory lead before breach  : -2.1 min  (class-agnostic; 'something forming')
  LSTM ETA mean abs error           : 5.6 min
  Severity bucket agreement         : 1.0  (1 scored)
  Severity continuous Pearson r     : None  (1 pairs)
  Near-miss false alarms            : 0 / 0
  Spurious false alarms             : 0
====================================================================
  Per-circumstance:
   [MISS] bgp_route_flap     station1  lead(conf/adv)=None/Nonemin ETA=None/None sev=None~high ->None [cascade cg01]
   [HIT ] vrf_leakage        station2  lead(conf/adv)=-4.9/-2.1min ETA=0.7/-4.9 sev=high~high ->bgp_route_flap [cascade cg01]
====================================================================

  scorecard.json -> /home/brain/deca-isro/data/rpi-net/live/blind_compound_bgp_recheck_20260721_1446_40m/scorecard.json
  canvas         -> /home/brain/.cursor/projects/home-brain-deca-isro/canvases/deca-blind-test.canvas.tsx
PROMOTE gate_ok=False candidate=0.709399903908472 bar=0.717
GRADE control_post_overlap_20260721_1409_20m: detect=0/0 class=None spur=0 nm_fa=0
GRADE blind_compound_tunnel_recheck_20260721_1430_40m: detect=1/2 class=0.5 spur=0 nm_fa=0
  tunnel_degradation @station1 det=True pred=tunnel_degradation
  vrf_leakage @station2 det=False pred=None
GRADE blind_compound_bgp_recheck_20260721_1446_40m: detect=1/2 class=0.0 spur=0 nm_fa=0
  bgp_route_flap @station1 det=False pred=None
  vrf_leakage @station2 det=True pred=bgp_route_flap
=== PIPELINE COMPLETE run_id=tier5_bgp_vrf_focus_20260721_0618 ===
=== PIPELINE compound overlap run_id=tier5_bgp_vrf_focus2_20260721_1159 counts=bgp_route_flap=6,tunnel_degradation=0,congestion_breach=0 ===
lab cleared (faults + iperf)
[2026-07-21T11:59:34.944909+00:00] Run directory: /home/brain/deca-isro/data/rpi-net/runs/tier5_bgp_vrf_focus2_20260721_1159
[2026-07-21T11:59:34.944992+00:00] ============================================================
[2026-07-21T11:59:34.945049+00:00] DECA COMPOUND OVERLAP CAMPAIGN — weighted counts {'bgp_route_flap': 6, 'tunnel_degradation': 0, 'congestion_breach': 0} (retry=2)
[2026-07-21T11:59:34.945080+00:00] ============================================================
[2026-07-21T11:59:58.941173+00:00]    iperf3 server listening on station2 (192.168.50.20)
[2026-07-21T12:00:01.478108+00:00] Baseline traffic: 43 Mbps (station1 -> 192.168.50.20 via eth0)
[2026-07-21T12:00:06.159787+00:00]    iperf3 client running (~43 Mbps)
[2026-07-21T12:00:06.160109+00:00] Normal ops before compound bgp_route_flap+vrf_leakage 5.3 min...
[2026-07-21T12:05:26.967091+00:00] Compound slot bgp_route_flap #1 attempt 1/3
[2026-07-21T12:05:26.967268+00:00] === COMPOUND bgp_route_flap_01: bgp_route_flap (station1) + vrf_leakage (station2) ===
[2026-07-21T12:05:26.967670+00:00]   bgp_route_flap run=bgp_route_flap_01_bgp_route_flap: 2 slow flaps over 8.6min, then 6 rapid flaps
[2026-07-21T12:05:26.967951+00:00]   vrf_leakage run=bgp_route_flap_01_vrf_leakage: wrong RT import + PE2 symptom ramp to 3.5%/12ms over 7.9min, hold 6.1min
[2026-07-21T12:19:30.409390+00:00] Logged bgp_route_flap 2026-07-21T12:05:26.967657+00:00 -> 2026-07-21T12:14:07.291057+00:00
[2026-07-21T12:19:30.409617+00:00] Logged vrf_leakage 2026-07-21T12:05:26.967944+00:00 -> 2026-07-21T12:13:24.362077+00:00
[2026-07-21T12:19:35.391295+00:00]   recovery settle 3.2 min...
[2026-07-21T12:22:47.807066+00:00]    iperf3 server listening on station2 (192.168.50.20)
[2026-07-21T12:22:50.289919+00:00] Baseline traffic: 57 Mbps (station1 -> 192.168.50.20 via eth0)
[2026-07-21T12:22:55.229166+00:00]    iperf3 client running (~57 Mbps)
[2026-07-21T12:22:55.229293+00:00] Normal ops before compound bgp_route_flap+vrf_leakage 3.7 min...
[2026-07-21T12:26:38.211068+00:00] Compound slot bgp_route_flap #2 attempt 1/3
[2026-07-21T12:26:38.211195+00:00] === COMPOUND bgp_route_flap_02: bgp_route_flap (station1) + vrf_leakage (station2) ===
[2026-07-21T12:26:38.211447+00:00]   bgp_route_flap run=bgp_route_flap_02_bgp_route_flap: 3 slow flaps over 10.7min, then 5 rapid flaps
[2026-07-21T12:26:38.211668+00:00]   vrf_leakage run=bgp_route_flap_02_vrf_leakage: wrong RT import + PE2 symptom ramp to 3.7%/10ms over 8.0min, hold 7.1min
[2026-07-21T12:41:52.635650+00:00] Logged bgp_route_flap 2026-07-21T12:26:38.211430+00:00 -> 2026-07-21T12:37:20.722467+00:00
[2026-07-21T12:41:52.635737+00:00] Logged vrf_leakage 2026-07-21T12:26:38.211650+00:00 -> 2026-07-21T12:34:45.587099+00:00
[2026-07-21T12:41:56.375256+00:00]   recovery settle 3.6 min...
[2026-07-21T12:45:37.006852+00:00]    iperf3 server listening on station2 (192.168.50.20)
[2026-07-21T12:45:39.537078+00:00] Baseline traffic: 15 Mbps (station1 -> 192.168.50.20 via eth0)
[2026-07-21T12:45:44.425560+00:00]    iperf3 client running (~15 Mbps)
[2026-07-21T12:45:44.425720+00:00] Normal ops before compound bgp_route_flap+vrf_leakage 3.9 min...
[2026-07-21T12:49:38.430824+00:00] Compound slot bgp_route_flap #3 attempt 1/3
[2026-07-21T12:49:38.431071+00:00] === COMPOUND bgp_route_flap_03: bgp_route_flap (station1) + vrf_leakage (station2) ===
[2026-07-21T12:49:38.431467+00:00]   bgp_route_flap run=bgp_route_flap_03_bgp_route_flap: 2 slow flaps over 8.1min, then 6 rapid flaps
[2026-07-21T12:49:38.431616+00:00]   vrf_leakage run=bgp_route_flap_03_vrf_leakage: wrong RT import + PE2 symptom ramp to 2.8%/18ms over 7.3min, hold 4.2min
[2026-07-21T13:01:19.762203+00:00] Logged bgp_route_flap 2026-07-21T12:49:38.431450+00:00 -> 2026-07-21T12:57:47.997054+00:00
[2026-07-21T13:01:19.762332+00:00] Logged vrf_leakage 2026-07-21T12:49:38.431605+00:00 -> 2026-07-21T12:57:04.381047+00:00
[2026-07-21T13:01:21.387249+00:00]   recovery settle 2.7 min...
[2026-07-21T13:04:05.911282+00:00]    iperf3 server listening on station2 (192.168.50.20)
[2026-07-21T13:04:08.428067+00:00] Baseline traffic: 49 Mbps (station1 -> 192.168.50.20 via eth0)
[2026-07-21T13:04:15.412350+00:00]    iperf3 client running (~49 Mbps)
[2026-07-21T13:04:15.412462+00:00] Normal ops before compound bgp_route_flap+vrf_leakage 3.8 min...
[2026-07-21T13:08:00.513866+00:00] Compound slot bgp_route_flap #4 attempt 1/3
[2026-07-21T13:08:00.514131+00:00] === COMPOUND bgp_route_flap_04: bgp_route_flap (station1) + vrf_leakage (station2) ===
[2026-07-21T13:08:00.514623+00:00]   bgp_route_flap run=bgp_route_flap_04_bgp_route_flap: 3 slow flaps over 7.5min, then 7 rapid flaps
[2026-07-21T13:08:00.514850+00:00]   vrf_leakage run=bgp_route_flap_04_vrf_leakage: wrong RT import + PE2 symptom ramp to 3.3%/20ms over 8.5min, hold 7.5min
[2026-07-21T13:11:04.698558+00:00]    SSH timeout on station1@192.168.50.10
[2026-07-21T13:24:03.683246+00:00] Logged bgp_route_flap 2026-07-21T13:08:00.514601+00:00 -> 2026-07-21T13:16:04.269079+00:00
[2026-07-21T13:24:03.683455+00:00] Logged vrf_leakage 2026-07-21T13:08:00.514837+00:00 -> 2026-07-21T13:16:35.686245+00:00
[2026-07-21T13:24:07.264077+00:00]   recovery settle 2.9 min...
[2026-07-21T13:27:02.055629+00:00]    iperf3 server listening on station2 (192.168.50.20)
[2026-07-21T13:27:05.540064+00:00] Baseline traffic: 78 Mbps (station1 -> 192.168.50.20 via eth0)
[2026-07-21T13:27:28.104188+00:00]    iperf3 client running (~78 Mbps)
[2026-07-21T13:27:28.104305+00:00] Normal ops before compound bgp_route_flap+vrf_leakage 4.4 min...
[2026-07-21T13:31:51.885859+00:00] Compound slot bgp_route_flap #5 attempt 1/3
[2026-07-21T13:31:51.886125+00:00] === COMPOUND bgp_route_flap_05: bgp_route_flap (station1) + vrf_leakage (station2) ===
[2026-07-21T13:31:51.886473+00:00]   bgp_route_flap run=bgp_route_flap_05_bgp_route_flap: 2 slow flaps over 6.8min, then 4 rapid flaps
[2026-07-21T13:31:51.886818+00:00]   vrf_leakage run=bgp_route_flap_05_vrf_leakage: wrong RT import + PE2 symptom ramp to 3.5%/19ms over 5.8min, hold 7.0min
[2026-07-21T13:44:42.585279+00:00] Logged bgp_route_flap 2026-07-21T13:31:51.886457+00:00 -> 2026-07-21T13:38:43.733775+00:00
[2026-07-21T13:44:42.587363+00:00] Logged vrf_leakage 2026-07-21T13:31:51.886794+00:00 -> 2026-07-21T13:37:44.003379+00:00
[2026-07-21T13:44:44.407448+00:00]   recovery settle 3.8 min...
[2026-07-21T13:48:36.952959+00:00]    iperf3 server listening on station2 (192.168.50.20)
[2026-07-21T13:48:39.473753+00:00] Baseline traffic: 50 Mbps (station1 -> 192.168.50.20 via eth0)
[2026-07-21T13:48:44.331064+00:00]    iperf3 client running (~50 Mbps)
[2026-07-21T13:48:44.331198+00:00] Normal ops before compound bgp_route_flap+vrf_leakage 3.8 min...
[2026-07-21T13:52:30.762519+00:00] Compound slot bgp_route_flap #6 attempt 1/3
[2026-07-21T13:52:30.762747+00:00] === COMPOUND bgp_route_flap_06: bgp_route_flap (station1) + vrf_leakage (station2) ===
[2026-07-21T13:52:30.763137+00:00]   bgp_route_flap run=bgp_route_flap_06_bgp_route_flap: 2 slow flaps over 11.3min, then 6 rapid flaps
[2026-07-21T13:52:30.763482+00:00]   vrf_leakage run=bgp_route_flap_06_vrf_leakage: wrong RT import + PE2 symptom ramp to 1.6%/19ms over 7.7min, hold 7.3min
[2026-07-21T14:07:42.097400+00:00] Logged bgp_route_flap 2026-07-21T13:52:30.763119+00:00 -> 2026-07-21T14:03:53.545087+00:00
[2026-07-21T14:07:42.097612+00:00] Logged vrf_leakage 2026-07-21T13:52:30.763469+00:00 -> 2026-07-21T14:00:21.096068+00:00
[2026-07-21T14:07:45.680155+00:00]   recovery settle 2.6 min...
[2026-07-21T14:10:22.699703+00:00]    iperf3 server listening on station2 (192.168.50.20)
[2026-07-21T14:10:43.722067+00:00] Baseline traffic: 84 Mbps (station1 -> 192.168.50.20 via eth0)
[2026-07-21T14:10:49.636461+00:00]    iperf3 client running (~84 Mbps)
[2026-07-21T14:10:49.636577+00:00] ============================================================
[2026-07-21T14:10:49.636619+00:00] COMPOUND OVERLAP CAMPAIGN DONE — pe1 counts {'congestion_breach': 0, 'tunnel_degradation': 0, 'bgp_route_flap': 6} attempts=6
[2026-07-21T14:10:49.636656+00:00] ============================================================
[2026-07-21T14:10:57.598040+00:00] Exported /home/brain/deca-isro/data/rpi-net/runs/tier5_bgp_vrf_focus2_20260721_1159/network_telemetry.csv (11046 rows)
[2026-07-21T14:10:57.663931+00:00] Exported /home/brain/deca-isro/data/rpi-net/runs/tier5_bgp_vrf_focus2_20260721_1159/network_campaign_export.csv (1578 rows)
[2026-07-21T14:10:57.665206+00:00] ============================================================
[2026-07-21T14:10:57.665310+00:00] VALIDATING fault_injection_log.csv
[2026-07-21T14:10:57.665334+00:00] ============================================================
[2026-07-21T14:10:57.665475+00:00] Total runs: 12
[2026-07-21T14:10:57.665509+00:00]   congestion_breach     WARN: zero runs recorded
[2026-07-21T14:10:57.665533+00:00]   tunnel_degradation    WARN: zero runs recorded
[2026-07-21T14:10:57.665697+00:00]   bgp_route_flap        n=6  avg=  9.0min  spread= 1.7min
[2026-07-21T14:10:57.665815+00:00]   vrf_leakage           n=6  avg=  7.6min  spread= 0.9min
[2026-07-21T14:10:57.665856+00:00] VALIDATION RESULT: WARN -- review flags before training
[2026-07-21T14:10:57.665880+00:00] ============================================================
=== REBUILD ===
RPI_RUNS=['20260713_155333', '20260714_165648_tier6_x10', '20260715_191519_circ_v2', 'bgp_flap_recall_20260721_0406', 'compound_overlap_20260719_1735', 'compound_overlap_w2_20260719_2045', 'spec_data_20260717_2352', 'tier5_bgp_vrf_focus2_20260721_1159', 'tier5_bgp_vrf_focus_20260721_0618', 'tier5_vrf_consolidate_20260720_1418', 'tier5_vrf_overlap_20260720_0252', 'vrf_recall_20260718_1752']
=== Loading RPi campaign(s) ===
  loading campaign 20260713_155333
    clean telemetry 20260713_155333: 52723 → 35152 rows
    clean faults 20260713_155333: 21 → 21 windows
  loading campaign 20260714_165648_tier6_x10
    clean telemetry 20260714_165648_tier6_x10: 93809 → 62547 rows
    clean faults 20260714_165648_tier6_x10: 40 → 40 windows
  loading campaign 20260715_191519_circ_v2
    clean telemetry 20260715_191519_circ_v2: 47253 → 31472 rows
    clean faults 20260715_191519_circ_v2: 27 → 27 windows
  loading campaign bgp_flap_recall_20260721_0406
    clean telemetry bgp_flap_recall_20260721_0406: 9093 → 6495 rows
    clean faults bgp_flap_recall_20260721_0406: 6 → 6 windows
  loading campaign compound_overlap_20260719_1735
    clean telemetry compound_overlap_20260719_1735: 9429 → 6287 rows
    clean faults compound_overlap_20260719_1735: 12 → 12 windows
  loading campaign compound_overlap_w2_20260719_2045
    clean telemetry compound_overlap_w2_20260719_2045: 20337 → 13559 rows
    clean faults compound_overlap_w2_20260719_2045: 24 → 24 windows
  loading campaign spec_data_20260717_2352
    clean telemetry spec_data_20260717_2352: 35801 → 23843 rows
    clean faults spec_data_20260717_2352: 24 → 24 windows
  loading campaign tier5_bgp_vrf_focus2_20260721_1159
    clean telemetry tier5_bgp_vrf_focus2_20260721_1159: 11046 → 7890 rows
    clean faults tier5_bgp_vrf_focus2_20260721_1159: 12 → 12 windows
  loading campaign tier5_bgp_vrf_focus_20260721_0618
    clean telemetry tier5_bgp_vrf_focus_20260721_0618: 11067 → 7905 rows
    clean faults tier5_bgp_vrf_focus_20260721_0618: 12 → 12 windows
  loading campaign tier5_vrf_consolidate_20260720_1418
    clean telemetry tier5_vrf_consolidate_20260720_1418: 17974 → 12598 rows
    clean faults tier5_vrf_consolidate_20260720_1418: 16 → 16 windows
  loading campaign tier5_vrf_overlap_20260720_0252
    clean telemetry tier5_vrf_overlap_20260720_0252: 10396 → 7278 rows
    clean faults tier5_vrf_overlap_20260720_0252: 12 → 12 windows
  loading campaign vrf_recall_20260718_1752
    clean telemetry vrf_recall_20260718_1752: 10851 → 7235 rows
    clean faults vrf_recall_20260718_1752: 7 → 7 windows
  merged network rows=222261  fault windows=213
  network_df=222261  fault_windows=213
=== Loading public lake ===
  mawi_sample: 15 rows
  cisco_sandbox: 232 rows
  bgp_update_rates_full: 320 rows
  ripe_atlas_ping_sampled: 187971 probe rows -> 7200 minute buckets x2 metrics
  ripe_atlas_ping_baseline: 13902 rows
  public fault labels from bgp_routing_labels.csv: 1138 events (span 2026-07-05 02:20:00+00:00 → 2026-07-13 00:00:00+00:00) — provenance only, not applied
  public fault labels from ioda_outage_labels.csv: 1138 events (span 2026-07-05 02:20:00+00:00 → 2026-07-13 00:00:00+00:00) — provenance only, not applied
  public_df=28869
  NOTE: IODA/BGP outage labels are NOT merged into the training labeler — no overlapping public telemetry for those Jul-5-centric windows.
=== Synthetic ===
  synthetic: 0 rows (deliberate — RPi ground truth replaces synthetic noise)
  wrote public_outage_labels_provenance.csv (2276 rows) — inventory only

=== Provenance audit ===
  network   :   222261 rows  ( 88.5%)
  synthetic :        0 rows  (  0.0%)
  public    :    28869 rows  ( 11.5%)
  TOTAL     :   251130 rows (pre-dropna)
  unified_raw after clean: 251130
  training fault windows (RPi only): 213
  backed up deca_unified_raw.parquet -> deca_unified_raw.parquet.bak_pre_rebuild
  backed up deca_unified_dataset.parquet -> deca_unified_dataset.parquet.bak_pre_rebuild

Wrote /home/brain/deca-isro/data/processed/deca_unified_raw.parquet (251130 rows)

=== Feature engineering ===
  features=61832 rows, cols=58
  features by source: {'network': 53673, 'public': 8159}

=== Circumstance existence labels (additive) ===
  circumstance existence labels applied for 20 events
circumstance_label
healthy               58832
congestion_breach       981
vrf_leakage             807
tunnel_degradation      672
bgp_route_flap          540
Wrote /home/brain/deca-isro/data/processed/deca_unified_dataset.parquet (61832 rows)

Fault type distribution:
fault_type
none                  46249
vrf_leakage            5967
congestion_breach      3571
bgp_route_flap         3480
tunnel_degradation     2403
precursor_aborted       162

Unified label distribution:
unified_label
healthy               46411
vrf_leakage            5967
congestion_breach      3571
bgp_route_flap         3480
tunnel_degradation     2403

By source × unified_label:
source   unified_label     
network  bgp_route_flap         3480
         congestion_breach      3571
         healthy               38252
         tunnel_degradation     2403
         vrf_leakage            5967
public   healthy                8159
=== SCHOOL EXAM PROMOTE ===
Exam paper seed=1784643066  policy=random  (new questions each run unless --exam-seed fixed)
Exam label counts: {'healthy': 9282, 'congestion_breach': 714, 'tunnel_degradation': 481, 'bgp_route_flap': 696, 'vrf_leakage': 1193}
  Active model expects 40 features, lake has 56 — skip unit test (schema drift)

=== Unit test (active model) ===
  Active model is not weighted_multiclass — skip
Lake rows=61,832  features=56  exam rows=12,366
Baseline Macro-F1 to beat: 0.7170
Rare boosts β=[1.0, 1.5, 2.0, 3.0]
Heads (families): ['plain', 'wm', 'moe']  [plain=champion, wm=cluster booster, moe=cluster + per-fault experts]
Classes: ['healthy', 'congestion_breach', 'tunnel_degradation', 'bgp_route_flap', 'vrf_leakage']

=== Teaching the anomaly gate (once) ===

=== Study hall  head=plain  β=1.0 ===
  val macro-F1=0.7025  EXAM macro-F1=0.7075  rare-recall=0.5388  gate_thr=0.50
    bgp_route_flap: P=0.44 R=0.42 F1=0.43
    vrf_leakage: P=0.64 R=0.66 F1=0.65

=== Study hall  head=plain  β=1.5 ===
  val macro-F1=0.6993  EXAM macro-F1=0.7068  rare-recall=0.5398  gate_thr=0.50
    bgp_route_flap: P=0.44 R=0.42 F1=0.43
    vrf_leakage: P=0.64 R=0.66 F1=0.65

=== Study hall  head=plain  β=2.0 ===
  val macro-F1=0.6993  EXAM macro-F1=0.7076  rare-recall=0.5633  gate_thr=0.50
    bgp_route_flap: P=0.43 R=0.43 F1=0.43
    vrf_leakage: P=0.60 R=0.70 F1=0.65

=== Study hall  head=plain  β=3.0 ===
  val macro-F1=0.7017  EXAM macro-F1=0.7077  rare-recall=0.5676  gate_thr=0.50
    bgp_route_flap: P=0.42 R=0.43 F1=0.42
    vrf_leakage: P=0.60 R=0.71 F1=0.65

=== Study hall  head=wm  β=1.0 ===
  val macro-F1=0.6958  EXAM macro-F1=0.7072  rare-recall=0.5304  gate_thr=0.50
    bgp_route_flap: P=0.45 R=0.42 F1=0.43
    vrf_leakage: P=0.65 R=0.64 F1=0.65

=== Study hall  head=wm  β=1.5 ===
  val macro-F1=0.6999  EXAM macro-F1=0.7077  rare-recall=0.5588  gate_thr=0.50
    bgp_route_flap: P=0.42 R=0.43 F1=0.42
    vrf_leakage: P=0.60 R=0.69 F1=0.65

=== Study hall  head=wm  β=2.0 ===
  val macro-F1=0.6966  EXAM macro-F1=0.7072  rare-recall=0.5501  gate_thr=0.50
    bgp_route_flap: P=0.44 R=0.42 F1=0.43
    vrf_leakage: P=0.61 R=0.68 F1=0.64

=== Study hall  head=wm  β=3.0 ===
  val macro-F1=0.6991  EXAM macro-F1=0.7053  rare-recall=0.5632  gate_thr=0.50
    bgp_route_flap: P=0.42 R=0.42 F1=0.42
    vrf_leakage: P=0.59 R=0.71 F1=0.64

=== Study hall  head=moe  β=1.0 ===
  val macro-F1=0.6784  EXAM macro-F1=0.6855  rare-recall=0.5173  gate_thr=0.50
    bgp_route_flap: P=0.34 R=0.45 F1=0.38
    vrf_leakage: P=0.65 R=0.59 F1=0.62

=== Study hall  head=moe  β=1.5 ===
  val macro-F1=0.6803  EXAM macro-F1=0.6887  rare-recall=0.5221  gate_thr=0.50
    bgp_route_flap: P=0.34 R=0.44 F1=0.38
    vrf_leakage: P=0.65 R=0.60 F1=0.62

=== Study hall  head=moe  β=2.0 ===
  val macro-F1=0.6827  EXAM macro-F1=0.6897  rare-recall=0.5236  gate_thr=0.50
    bgp_route_flap: P=0.34 R=0.45 F1=0.39
    vrf_leakage: P=0.65 R=0.60 F1=0.63

=== Study hall  head=moe  β=3.0 ===
  val macro-F1=0.6873  EXAM macro-F1=0.6914  rare-recall=0.5427  gate_thr=0.50
    bgp_route_flap: P=0.34 R=0.45 F1=0.39
    vrf_leakage: P=0.63 R=0.64 F1=0.63

Wrote /home/brain/deca-isro/models/school_exam/weight_sweep.csv
Wrote /home/brain/deca-isro/models/school_exam/latest_exam.json

=== Great Exam / promotion gate (repeated-holdout validation) ===
  candidate Macro-F1=0.7077
  bar=0.7170 = max(honest champion same-paper 0.7077, manifest floor 0.7170)   [basis=honest_same_paper_champion_config]
  candidate rare-recall=0.5676  floor≈0.5376
  GATE: FAIL
  Auto-promote: gate FAIL — keeping active models/
=== SOFT STREAK ===
Network rows=53,673  temporal test tail=13,421  from 2026-07-19 12:24:45+00:00
  soft_streak ENABLED  enter threshold=3 cumulative confidence  (mean fault conf=0.810 when gate open)

=== Temporal Loom score (chronological network tail) ===
  loom global fallback  enter_k=3  exit_k=2
  soft_streak ON   entry uses cumulative confidence >= enter_k (3); exit stays frame-based
    congestion_breach    enter_k=3  exit_k=2
    tunnel_degradation   enter_k=4  exit_k=2
    bgp_route_flap       enter_k=3  exit_k=3
    vrf_leakage          enter_k=3  exit_k=3
  raw_frame     Macro-F1=0.3165  Acc=0.5710  rareR=0.0843
    vrf_leakage: F1=0.203
    bgp_route_flap: F1=0.061
  persistent    Macro-F1=0.3186  Acc=0.6044  rareR=0.0417
    vrf_leakage: F1=0.138
    bgp_route_flap: F1=0.000
  advisory      Macro-F1=0.3129  Acc=0.6148  rareR=0.0442
    vrf_leakage: F1=0.152
    bgp_route_flap: F1=0.004
  boost ΔMacro-F1=+0.0020  frames_changed=2216  fault frames 4423 → 2990 (suppressed 1433)

  advisory tier  enter_k=2  exit_k=1
    events=82  advisory caught=32  confirmed caught=22
    mean lead=8.50 frames  max lead=68 frames  (over 22 events where both caught it)
    advisory-only window: 598 frames — 130 correct early warning, 260 wrong-class, 208 pure noise  (precision=0.217)

Wrote /home/brain/deca-isro/models/temporal_persist_score.json
Patched loom into promoted artifacts (/home/brain/deca-isro/models/fault_classifier/decision_thresholds.json)
PROMOTE gate_ok=False candidate=0.7077408000755334 bar=0.717
=== TRUST: 20m control ===
==============================================================
 DECA BLIND TEST  run_id=control_post_overlap_20260721_1951_20m  start_at=now  budget=20m
==============================================================
Pre-flight: run 'bash ~/deca_diagnostic.sh' and confirm all green,
and that Prometheus is healthy: curl -s localhost:9090/-/ready
Operator NOC feed will stream to: data/rpi-net/live/control_post_overlap_20260721_1951_20m/operator_feed.log  (tail -f to watch)

Operator armed (pid 918956). tail -f data/rpi-net/live/control_post_overlap_20260721_1951_20m/operator_feed.log
[2026-07-21T14:21:38.282827+00:00] ================================================================
[2026-07-21T14:21:38.283316+00:00] DECA BLIND CONTROL (all-healthy) armed — run_id=control_post_overlap_20260721_1951_20m seed=436957 (SEALED)
[2026-07-21T14:21:38.283460+00:00] Budget 20 min | NO real faults | 2 near-miss bait(s) | simulate=False
[2026-07-21T14:21:38.283634+00:00] Sealed truth: /home/brain/deca-isro/data/rpi-net/live/control_post_overlap_20260721_1951_20m/ground_truth.sealed.jsonl
[2026-07-21T14:21:38.283757+00:00] ================================================================
[2026-07-21T14:21:41.702492+00:00]    iperf3 server listening on station2 (192.168.50.20)
[2026-07-21T14:21:43.170088+00:00] Baseline traffic: 80 Mbps (station1 -> 192.168.50.20 via eth0)
[2026-07-21T14:21:48.026683+00:00]    iperf3 client running (~80 Mbps)
[2026-07-21T14:21:48.026830+00:00] [control] healthy baseline 8.8 min...
[2026-07-21T14:30:34.755064+00:00] [control] near-miss control_post_overlap_20260721_1951_20m_nm01 (bait — MUST stay healthy)
[2026-07-21T14:30:34.755199+00:00] NEAR-MISS aborted onset for 27s (not a real fault)...
[2026-07-21T14:31:03.867809+00:00] [control] sealed control_post_overlap_20260721_1951_20m_nm01: 2026-07-21T14:30:34.755192+00:00 -> 2026-07-21T14:31:03.867376+00:00
[2026-07-21T14:31:05.170535+00:00] [control] healthy baseline 7.6 min...
[2026-07-21T14:38:39.989074+00:00] [control] near-miss control_post_overlap_20260721_1951_20m_nm02 (bait — MUST stay healthy)
[2026-07-21T14:38:39.989249+00:00] NEAR-MISS aborted onset for 53s (not a real fault)...
[2026-07-21T14:39:33.675048+00:00] [control] sealed control_post_overlap_20260721_1951_20m_nm02: 2026-07-21T14:38:39.989238+00:00 -> 2026-07-21T14:39:33.674691+00:00
[2026-07-21T14:39:35.101016+00:00] [control] healthy baseline 2.1 min to end (no baits left)...
[2026-07-21T14:41:38.382037+00:00] ================================================================
[2026-07-21T14:41:38.382183+00:00] BLIND CONTROL COMPLETE — 0 real faults, 2 near-misses
[2026-07-21T14:41:38.382219+00:00] Any confirmed alarm here is a false positive. Grade with:
[2026-07-21T14:41:38.382249+00:00]   python scripts/deca_blind_scorecard.py --run-id control_post_overlap_20260721_1951_20m
[2026-07-21T14:41:38.382279+00:00] ================================================================
Chaos finished; letting the operator settle for 30s before stopping...
Operator ignored SIGINT — sending TERM...

Grading...
====================================================================
  DECA BLIND TEST SCORECARD — control_post_overlap_20260721_1951_20m
====================================================================
  Circumstances the network created : 0
  Detected by the models            : 0  (rate None)
  Correct fault class (first decl)  : 0  (accuracy None)
  Correct class (ever, in-window)   : 0  (accuracy None)
  Missed                            : 0
  Mean confirmed lead before breach : None min
  Mean advisory lead before breach  : None min  (class-agnostic; 'something forming')
  LSTM ETA mean abs error           : None min
  Severity bucket agreement         : None  (0 scored)
  Severity continuous Pearson r     : None  (0 pairs)
  Near-miss false alarms            : 0 / 2
  Spurious false alarms             : 0
====================================================================
  Per-circumstance:
====================================================================

  scorecard.json -> /home/brain/deca-isro/data/rpi-net/live/control_post_overlap_20260721_1951_20m/scorecard.json
  canvas         -> /home/brain/.cursor/projects/home-brain-deca-isro/canvases/deca-blind-test.canvas.tsx
=== VERIFY: tunnel+VRF compound blind ===
==============================================================
 DECA BLIND TEST  run_id=blind_compound_tunnel_recheck_20260721_2012_40m  start_at=now  budget=40m
==============================================================
Pre-flight: run 'bash ~/deca_diagnostic.sh' and confirm all green,
and that Prometheus is healthy: curl -s localhost:9090/-/ready
Operator NOC feed will stream to: data/rpi-net/live/blind_compound_tunnel_recheck_20260721_2012_40m/operator_feed.log  (tail -f to watch)

Operator armed (pid 926599). tail -f data/rpi-net/live/blind_compound_tunnel_recheck_20260721_2012_40m/operator_feed.log
[2026-07-21T14:42:19.670747+00:00] ================================================================
[2026-07-21T14:42:19.671398+00:00] DECA BLIND CHAOS armed — run_id=blind_compound_tunnel_recheck_20260721_2012_40m seed=718475 (SEALED)
[2026-07-21T14:42:19.671750+00:00] Budget 40 min | target 2-2 events + 1 near-misses | simulate=False
[2026-07-21T14:42:19.672020+00:00] Fault pool: ['congestion_breach', 'tunnel_degradation', 'bgp_route_flap', 'vrf_leakage']
[2026-07-21T14:42:19.672304+00:00] Compound prob=1.0 pe1=tunnel_degradation
[2026-07-21T14:42:19.672711+00:00] Sealed truth: /home/brain/deca-isro/data/rpi-net/live/blind_compound_tunnel_recheck_20260721_2012_40m/ground_truth.sealed.jsonl
[2026-07-21T14:42:19.673244+00:00] ================================================================
[2026-07-21T14:42:25.041495+00:00]    iperf3 server listening on station2 (192.168.50.20)
[2026-07-21T14:42:46.047078+00:00] Baseline traffic: 58 Mbps (station1 -> 192.168.50.20 via eth0)
[2026-07-21T14:43:02.580783+00:00]    iperf3 client running (~58 Mbps)
[2026-07-21T14:43:02.580954+00:00] [chaos] normal ops 2.2 min...
[2026-07-21T14:45:12.062438+00:00] [chaos] === COMPOUND blind_compound_tunnel_recheck_20260721_2012_40m_cg01: tunnel_degradation (station1) + vrf_leakage (station2) OVERLAPPING, 37 min budget left ===
[2026-07-21T14:45:12.063099+00:00]   tunnel_degradation run=blind_compound_tunnel_recheck_20260721_2012_40m_cg01_tunnel_degradation: ramping to 8.6% loss / 34ms delay over 8.6min
[2026-07-21T14:45:12.063358+00:00]   vrf_leakage run=blind_compound_tunnel_recheck_20260721_2012_40m_cg01_vrf_leakage: wrong RT import + PE2 symptom ramp to 2.0%/13ms over 5.6min, hold 8.2min
[2026-07-21T14:59:04.675701+00:00] [chaos] sealed blind_compound_tunnel_recheck_20260721_2012_40m_cg01_e01_tunnel_degradation (compound blind_compound_tunnel_recheck_20260721_2012_40m_cg01): 2026-07-21T14:45:12.063082+00:00 -> 2026-07-21T14:52:07.794053+00:00
[2026-07-21T14:59:04.675970+00:00] [chaos] sealed blind_compound_tunnel_recheck_20260721_2012_40m_cg01_e02_vrf_leakage (compound blind_compound_tunnel_recheck_20260721_2012_40m_cg01): 2026-07-21T14:45:12.063351+00:00 -> 2026-07-21T14:50:50.229054+00:00
[2026-07-21T14:59:06.846921+00:00] ================================================================
[2026-07-21T14:59:06.847115+00:00] BLIND CHAOS COMPLETE — 2 circumstances, 0 near-misses in 16.8 min
[2026-07-21T14:59:06.847186+00:00] Run the scorecard AFTER the operator has stopped:
[2026-07-21T14:59:06.847251+00:00]   python scripts/deca_blind_scorecard.py --run-id blind_compound_tunnel_recheck_20260721_2012_40m
[2026-07-21T14:59:06.847317+00:00] ================================================================
Chaos finished; letting the operator settle for 30s before stopping...
Operator ignored SIGINT — sending TERM...

Grading...
====================================================================
  DECA BLIND TEST SCORECARD — blind_compound_tunnel_recheck_20260721_2012_40m
====================================================================
  Circumstances the network created : 2
  Detected by the models            : 1  (rate 0.5)
  Correct fault class (first decl)  : 1  (accuracy 0.5)
  Correct class (ever, in-window)   : 1  (accuracy 0.5)
  Missed                            : 1
  Mean confirmed lead before breach : 5.1 min
  Mean advisory lead before breach  : 4.7 min  (class-agnostic; 'something forming')
  LSTM ETA mean abs error           : 2.7 min
  Severity bucket agreement         : 0.0  (1 scored)
  Severity continuous Pearson r     : None  (1 pairs)
  Near-miss false alarms            : 0 / 0
  Spurious false alarms             : 0
====================================================================
  Per-circumstance:
   [HIT ] tunnel_degradation station1  lead(conf/adv)=5.1/5.1min ETA=7.8/5.1 sev=medium~high ok [cascade cg01]
   [MISS] vrf_leakage        station2  lead(conf/adv)=None/4.3min ETA=None/None sev=None~high ->None [cascade cg01]
====================================================================

  scorecard.json -> /home/brain/deca-isro/data/rpi-net/live/blind_compound_tunnel_recheck_20260721_2012_40m/scorecard.json
  canvas         -> /home/brain/.cursor/projects/home-brain-deca-isro/canvases/deca-blind-test.canvas.tsx
=== VERIFY: BGP+VRF compound blind ===
==============================================================
 DECA BLIND TEST  run_id=blind_compound_bgp_recheck_20260721_2029_40m  start_at=now  budget=40m
==============================================================
Pre-flight: run 'bash ~/deca_diagnostic.sh' and confirm all green,
and that Prometheus is healthy: curl -s localhost:9090/-/ready
Operator NOC feed will stream to: data/rpi-net/live/blind_compound_bgp_recheck_20260721_2029_40m/operator_feed.log  (tail -f to watch)

Operator armed (pid 932964). tail -f data/rpi-net/live/blind_compound_bgp_recheck_20260721_2029_40m/operator_feed.log
[2026-07-21T14:59:47.240590+00:00] ================================================================
[2026-07-21T14:59:47.240877+00:00] DECA BLIND CHAOS armed — run_id=blind_compound_bgp_recheck_20260721_2029_40m seed=921868 (SEALED)
[2026-07-21T14:59:47.241039+00:00] Budget 40 min | target 2-2 events + 1 near-misses | simulate=False
[2026-07-21T14:59:47.241119+00:00] Fault pool: ['congestion_breach', 'tunnel_degradation', 'bgp_route_flap', 'vrf_leakage']
[2026-07-21T14:59:47.241149+00:00] Compound prob=1.0 pe1=bgp_route_flap
[2026-07-21T14:59:47.241208+00:00] Sealed truth: /home/brain/deca-isro/data/rpi-net/live/blind_compound_bgp_recheck_20260721_2029_40m/ground_truth.sealed.jsonl
[2026-07-21T14:59:47.241235+00:00] ================================================================
[2026-07-21T14:59:50.615710+00:00]    iperf3 server listening on station2 (192.168.50.20)
[2026-07-21T14:59:52.066455+00:00] Baseline traffic: 78 Mbps (station1 -> 192.168.50.20 via eth0)
[2026-07-21T14:59:58.124670+00:00]    iperf3 client running (~78 Mbps)
[2026-07-21T14:59:58.124890+00:00] [chaos] normal ops 2.2 min...
[2026-07-21T15:02:10.852099+00:00] [chaos] === COMPOUND blind_compound_bgp_recheck_20260721_2029_40m_cg01: bgp_route_flap (station1) + vrf_leakage (station2) OVERLAPPING, 38 min budget left ===
[2026-07-21T15:02:10.852537+00:00]   bgp_route_flap run=blind_compound_bgp_recheck_20260721_2029_40m_cg01_bgp_route_flap: 4 slow flaps over 9.9min, then 7 rapid flaps
[2026-07-21T15:02:10.852704+00:00]   vrf_leakage run=blind_compound_bgp_recheck_20260721_2029_40m_cg01_vrf_leakage: wrong RT import + PE2 symptom ramp to 2.7%/9ms over 4.0min, hold 4.8min
[2026-07-21T15:14:09.205611+00:00] [chaos] sealed blind_compound_bgp_recheck_20260721_2029_40m_cg01_e01_bgp_route_flap (compound blind_compound_bgp_recheck_20260721_2029_40m_cg01): 2026-07-21T15:02:10.852527+00:00 -> 2026-07-21T15:12:13.794052+00:00
[2026-07-21T15:14:09.205774+00:00] [chaos] sealed blind_compound_bgp_recheck_20260721_2029_40m_cg01_e02_vrf_leakage (compound blind_compound_bgp_recheck_20260721_2029_40m_cg01): 2026-07-21T15:02:10.852698+00:00 -> 2026-07-21T15:06:15.130721+00:00
[2026-07-21T15:14:10.886762+00:00] ================================================================
[2026-07-21T15:14:10.886898+00:00] BLIND CHAOS COMPLETE — 2 circumstances, 0 near-misses in 14.4 min
[2026-07-21T15:14:10.886935+00:00] Run the scorecard AFTER the operator has stopped:
[2026-07-21T15:14:10.886963+00:00]   python scripts/deca_blind_scorecard.py --run-id blind_compound_bgp_recheck_20260721_2029_40m
[2026-07-21T15:14:10.886984+00:00] ================================================================
Chaos finished; letting the operator settle for 30s before stopping...
Operator ignored SIGINT — sending TERM...

Grading...
====================================================================
  DECA BLIND TEST SCORECARD — blind_compound_bgp_recheck_20260721_2029_40m
====================================================================
  Circumstances the network created : 2
  Detected by the models            : 0  (rate 0.0)
  Correct fault class (first decl)  : 0  (accuracy 0.0)
  Correct class (ever, in-window)   : 0  (accuracy 0.0)
  Missed                            : 2
  Mean confirmed lead before breach : None min
  Mean advisory lead before breach  : -4.7 min  (class-agnostic; 'something forming')
  LSTM ETA mean abs error           : None min
  Severity bucket agreement         : None  (0 scored)
  Severity continuous Pearson r     : None  (0 pairs)
  Near-miss false alarms            : 0 / 0
  Spurious false alarms             : 0
====================================================================
  Per-circumstance:
   [MISS] bgp_route_flap     station1  lead(conf/adv)=None/Nonemin ETA=None/None sev=None~high ->None [cascade cg01]
   [MISS] vrf_leakage        station2  lead(conf/adv)=None/-4.7min ETA=None/None sev=None~high ->None [cascade cg01]
====================================================================

  scorecard.json -> /home/brain/deca-isro/data/rpi-net/live/blind_compound_bgp_recheck_20260721_2029_40m/scorecard.json
  canvas         -> /home/brain/.cursor/projects/home-brain-deca-isro/canvases/deca-blind-test.canvas.tsx
PROMOTE gate_ok=False candidate=0.7077408000755334 bar=0.717
GRADE control_post_overlap_20260721_1951_20m: detect=0/0 class=None spur=0 nm_fa=0
GRADE blind_compound_tunnel_recheck_20260721_2012_40m: detect=1/2 class=0.5 spur=0 nm_fa=0
  tunnel_degradation @station1 det=True pred=tunnel_degradation
  vrf_leakage @station2 det=False pred=None
GRADE blind_compound_bgp_recheck_20260721_2029_40m: detect=0/2 class=0.0 spur=0 nm_fa=0
  bgp_route_flap @station1 det=False pred=None
  vrf_leakage @station2 det=False pred=None
=== PIPELINE COMPLETE run_id=tier5_bgp_vrf_focus2_20260721_1159 ===
