timestamp,host,bgp_flap_count,drop_out_rate,jitter_ms,latency_ms,packet_loss_pct,throughput_in_bps,throughput_out_bps,vrf_route_count,throughput_in_mbps,throughput_out_mbps,fault_type,run_id
2026-07-21T06:18:56+00:00,station1,253.0,0.0,0.121,0.971,0.0,443289.7636363636,8861364.181818182,0.0,3.546318109090909,70.89091345454545,none,
2026-07-21T06:18:56+00:00,station2,,0.0,0.565,1.305,0.0,11092721.909090908,555974.5272727272,0.0,88.74177527272727,4.447796218181818,none,
2026-07-21T06:18:56+00:00,station3,,0.0,1.432,4.814,0.0,248.5090909090909,1284.5272727272725,,0.0019880727272727273,0.01027621818181818,none,
2026-07-21T06:19:11+00:00,station1,253.0,0.0,0.061,0.84,0.0,544756.5498809112,11093028.454028107,0.0,4.35805239904729,88.74422763222486,none,
2026-07-21T06:19:11+00:00,station2,,0.0,0.465,1.122,0.0,8858391.509090908,442015.6545454545,0.0,70.86713207272726,3.536125236363636,none,
2026-07-21T06:19:11+00:00,station3,,0.0,1.678,5.193,0.0,197.23636363636362,1074.0181818181818,,0.0015778909090909089,0.008592145454545454,none,
2026-07-21T06:19:26+00:00,station1,253.0,0.0,0.146,0.899,0.0,411787.70909090905,8860671.909090908,0.0,3.2943016727272725,70.88537527272726,none,
2026-07-21T06:19:26+00:00,station2,,0.0,0.296,1.154,0.0,11094776.8,513779.8727272727,0.0,88.7582144,4.110238981818181,none,
2026-07-21T06:19:26+00:00,station3,,0.0,0.31,4.158,0.0,236.03636363636363,1290.0181818181816,,0.001888290909090909,0.010320145454545453,none,
2026-07-21T06:19:41+00:00,station1,253.0,0.0,0.188,0.862,0.0,538810.3307212596,12271155.778985836,0.0,4.310482645770077,98.16924623188669,none,
2026-07-21T06:19:41+00:00,station2,,0.0,1.152,1.581,0.0,11152150.69090909,494934.2545454545,0.0,89.21720552727271,3.9594740363636363,none,
2026-07-21T06:19:41+00:00,station3,,0.0,2.12,3.264,0.0,198.94545454545454,1078.5636363636363,,0.0015915636363636363,0.00862850909090909,none,
2026-07-21T06:19:56+00:00,station1,253.0,0.0,0.182,0.435,0.0,418459.9174530446,10350541.300750922,0.0,3.347679339624357,82.80433040600738,none,
2026-07-21T06:19:56+00:00,station2,,0.0,0.054,0.296,0.0,11570704.236363636,475118.8363636363,0.0,92.5656338909091,3.8009506909090907,none,
2026-07-21T06:19:56+00:00,station3,,0.0,0.026,0.292,0.0,235.56363636363633,1291.0545454545454,,0.0018845090909090907,0.010328436363636364,none,
2026-07-21T06:20:11+00:00,station1,253.0,0.0,0.058,0.839,0.0,476537.309090909,11437301.0,0.0,3.812298472727272,91.498408,none,
2026-07-21T06:20:11+00:00,station2,,0.0,1.12,1.545,0.0,9200957.272727273,377213.16363636364,0.0,73.60765818181818,3.017705309090909,none,
2026-07-21T06:20:11+00:00,station3,,0.0,1.428,3.923,0.0,197.85454545454544,1076.290909090909,,0.0015828363636363637,0.008610327272727272,none,
2026-07-21T06:20:26+00:00,station1,253.0,0.0,0.076,0.821,0.0,406818.3818181818,9199915.963636363,0.0,3.254547054545454,73.5993277090909,none,
2026-07-21T06:20:26+00:00,station2,,0.0,0.209,0.851,0.0,11431207.745454544,508849.0363636363,0.0,91.44966196363636,4.070792290909091,none,
2026-07-21T06:20:26+00:00,station3,,0.0,0.518,3.678,0.0,233.9272727272727,1286.4,,0.0018714181818181817,0.0102912,none,
2026-07-21T06:20:41+00:00,station1,253.0,0.0,0.329,0.987,0.0,538865.8339242531,11434818.305787379,0.0,4.310926671394025,91.47854644629903,none,
2026-07-21T06:20:41+00:00,station2,,0.0,0.029,0.899,0.0,9199257.09090909,439467.43636363634,0.0,73.59405672727272,3.5157394909090907,none,
2026-07-21T06:20:41+00:00,station3,,0.0,0.765,4.31,0.0,198.94545454545454,1075.8727272727272,,0.0015915636363636363,0.008606981818181817,none,
2026-07-21T06:20:56+00:00,station1,253.0,0.0,0.235,1.072,0.0,553801.3672478682,11168345.320994163,0.0,4.430410937982946,89.3467625679533,none,
2026-07-21T06:20:56+00:00,station2,,0.0,0.074,0.869,0.0,13265271.181818182,660182.2909090909,0.0,106.12216945454546,5.281458327272727,none,
2026-07-21T06:20:56+00:00,station3,,0.0,1.419,3.945,0.0,236.65454545454543,1289.4727272727273,,0.0018932363636363634,0.010315781818181819,none,
2026-07-21T06:21:11+00:00,station1,253.0,0.0,1.239,1.79,0.0,550613.970655079,11083257.668042399,0.0,4.404911765240632,88.6660613443392,none,
2026-07-21T06:21:11+00:00,station2,,0.0,0.025,0.293,0.0,9074020.454545455,451193.23636363633,0.0,72.59216363636364,3.6095458909090907,none,
2026-07-21T06:21:11+00:00,station3,,0.0,0.047,0.259,0.0,199.1272727272727,1076.7454545454543,,0.0015930181818181815,0.008613963636363634,none,
2026-07-21T06:21:26+00:00,station1,253.0,0.0,0.273,0.872,0.0,440158.94545454544,8851212.836363636,0.0,3.5212715636363634,70.80970269090909,none,
2026-07-21T06:21:26+00:00,station2,,0.0,0.593,1.183,0.0,11083712.2,552345.7636363636,0.0,88.66969759999999,4.4187661090909085,none,
2026-07-21T06:21:26+00:00,station3,,0.0,0.148,3.659,0.0,236.83636363636364,1290.7636363636364,,0.0018946909090909092,0.010326109090909091,none,
2026-07-21T06:21:41+00:00,station1,253.0,0.0,0.26,1.02,0.0,550914.7818181817,11082865.454545455,0.0,4.407318254545454,88.66292363636364,none,
2026-07-21T06:21:41+00:00,station2,,0.0,0.178,0.966,0.0,8847632.6,441247.99999999994,0.0,70.78106079999999,3.5299839999999993,none,
2026-07-21T06:21:41+00:00,station3,,0.0,0.64,3.291,0.0,199.1272727272727,1076.9636363636362,,0.0015930181818181815,0.00861570909090909,none,
2026-07-21T06:21:56+00:00,station1,253.0,0.0,0.242,0.567,0.0,489004.8181818182,9826075.163636362,0.0,3.9120385454545454,78.6086013090909,none,
2026-07-21T06:21:56+00:00,station2,,0.0,0.184,0.602,0.0,11081778.563636363,552716.6545454545,0.0,88.6542285090909,4.421733236363636,none,
2026-07-21T06:21:56+00:00,station3,,0.0,0.354,3.245,0.0,236.83636363636364,1290.5454545454545,,0.0018946909090909092,0.010324363636363637,none,
2026-07-21T06:22:11+00:00,station1,253.0,0.0,0.017,0.219,0.0,621316.1397065507,12512306.48533663,0.0,4.970529117652406,100.09845188269304,none,
2026-07-21T06:22:11+00:00,station2,,0.0,0.094,0.941,0.0,11164953.07272727,555346.8545454545,0.0,89.31962458181816,4.442774836363636,none,
2026-07-21T06:22:11+00:00,station3,,0.0,0.214,4.157,0.0,197.85454545454544,1075.5272727272727,,0.0015828363636363637,0.008604218181818182,none,
2026-07-21T06:22:26+00:00,station1,253.0,0.0,1151.034,1166.728,0.0,440538.0727272727,8848427.927272728,0.0,3.5243045818181815,70.78742341818182,none,
2026-07-21T06:22:26+00:00,station2,,0.0,1148.589,1162.116,0.0,11081181.836363636,553208.5636363636,0.0,88.64945469090908,4.425668509090909,none,
2026-07-21T06:22:26+00:00,station3,,0.0,1140.191,1149.591,0.0,234.03636363636363,1286.9818181818182,,0.001872290909090909,0.010295854545454546,none,
2026-07-21T06:22:41+00:00,station1,253.0,0.0,1420.352,1977.589,0.0,552891.2343860797,11084135.057001036,0.0,4.423129875088637,88.67308045600828,none,
2026-07-21T06:22:41+00:00,station2,,0.0,1695.753,2325.949,40.0,8847681.618181817,442581.7818181818,0.0,70.78145294545453,3.5406542545454545,none,
2026-07-21T06:22:41+00:00,station3,,0.0,1417.101,1980.063,0.0,193.6,1071.1636363636362,,0.0015488,0.00856930909090909,none,
2026-07-21T06:22:56+00:00,station1,253.0,0.0,2044.447,4093.401,0.0,442378.4113016127,8850561.2625225,0.0,3.5390272904129016,70.80449010018,vrf_leakage,compound_bgp_route_flap_01_vrf_leakage
2026-07-21T06:22:56+00:00,station2,,0.0,0.0,91.078,90.0,11082616.454545455,554813.8727272727,0.0,88.66093163636364,4.438510981818181,vrf_leakage,compound_bgp_route_flap_01_vrf_leakage
2026-07-21T06:22:56+00:00,station3,,0.0,0.0,87.983,90.0,227.05454545454543,1291.0363636363634,,0.0018164363636363635,0.010328290909090907,vrf_leakage,compound_bgp_route_flap_01_vrf_leakage
2026-07-21T06:23:11+00:00,station1,253.0,0.0,1389.496,1973.453,0.0,599126.4658291365,11973305.492427686,0.0,4.793011726633092,95.78644393942149,vrf_leakage,compound_bgp_route_flap_01_vrf_leakage
2026-07-21T06:23:11+00:00,station2,,0.0,1389.487,1991.541,0.0,10855883.872727273,544227.5454545454,4.0,86.84707098181818,4.3538203636363635,vrf_leakage,compound_bgp_route_flap_01_vrf_leakage
2026-07-21T06:23:11+00:00,station3,,0.0,1389.55,1997.548,0.0,196.94545454545454,1077.3454545454545,,0.0015755636363636364,0.008618763636363635,vrf_leakage,compound_bgp_route_flap_01_vrf_leakage
2026-07-21T06:23:26+00:00,station1,256.0,0.0,0.164,3.028,0.0,519008.16363636364,10377842.29090909,0.0,4.152065309090909,83.02273832727272,vrf_leakage,compound_bgp_route_flap_01_vrf_leakage
2026-07-21T06:23:26+00:00,station2,,0.0,0.438,3.275,0.0,11492959.872727271,576114.1818181818,4.0,91.94367898181817,4.608913454545454,vrf_leakage,compound_bgp_route_flap_01_vrf_leakage
2026-07-21T06:23:26+00:00,station3,,0.0,0.047,0.243,0.0,241.63636363636363,1292.2,,0.001933090909090909,0.0103376,vrf_leakage,compound_bgp_route_flap_01_vrf_leakage
2026-07-21T06:23:41+00:00,station1,257.0,0.0,0.458,5.486,0.0,454467.6545454545,9062688.890909089,0.0,3.6357412363636357,72.5015111272727,vrf_leakage,compound_bgp_route_flap_01_vrf_leakage
2026-07-21T06:23:41+00:00,station2,,0.0,0.35,3.302,0.0,7025952.672727272,353063.23636363633,4.0,56.20762138181818,2.8245058909090908,vrf_leakage,compound_bgp_route_flap_01_vrf_leakage
2026-07-21T06:23:41+00:00,station3,,0.0,0.035,0.262,0.0,201.9272727272727,1078.8545454545454,,0.0016154181818181816,0.008630836363636363,vrf_leakage,compound_bgp_route_flap_01_vrf_leakage
2026-07-21T06:23:56+00:00,station1,257.0,0.0,0.16,4.907,0.0,343517.7548682703,6829461.862942963,0.0,2.7481420389461624,54.6356949035437,vrf_leakage,compound_bgp_route_flap_01_vrf_leakage
2026-07-21T06:23:56+00:00,station2,,0.0,0.082,4.539,0.0,9062697.218181817,456218.4727272727,4.0,72.50157774545454,3.649747781818182,vrf_leakage,compound_bgp_route_flap_01_vrf_leakage
2026-07-21T06:23:56+00:00,station3,,0.0,505.425,402.016,100.0,236.87272727272727,1291.8363636363636,,0.001894981818181818,0.010334690909090909,vrf_leakage,compound_bgp_route_flap_01_vrf_leakage
2026-07-21T06:24:11+00:00,station1,257.0,0.0,0.577,4.678,0.0,454436.16363636364,9063747.036363635,0.0,3.635489309090909,72.50997629090908,vrf_leakage,compound_bgp_route_flap_01_vrf_leakage
2026-07-21T06:24:11+00:00,station2,,0.0,0.513,5.54,0.0,6827034.890909091,343401.3272727272,4.0,54.616279127272726,2.7472106181818177,vrf_leakage,compound_bgp_route_flap_01_vrf_leakage
2026-07-21T06:24:11+00:00,station3,,0.0,1418.456,1972.875,0.0,204.47272727272727,1082.1090909090908,,0.001635781818181818,0.008656872727272726,vrf_leakage,compound_bgp_route_flap_01_vrf_leakage
2026-07-21T06:24:26+00:00,station1,257.0,0.0,1.478,10.009,0.0,493175.2727272727,9855864.872727273,0.0,3.9454021818181815,78.84691898181818,vrf_leakage,compound_bgp_route_flap_01_vrf_leakage
2026-07-21T06:24:26+00:00,station2,,0.0,1.506,9.736,0.0,10972486.581818182,550818.7090909091,4.0,87.77989265454545,4.406549672727273,vrf_leakage,compound_bgp_route_flap_01_vrf_leakage
2026-07-21T06:24:26+00:00,station3,,0.0,1416.865,1968.442,0.0,232.54545454545453,1295.0181818181816,,0.0018603636363636363,0.010360145454545453,vrf_leakage,compound_bgp_route_flap_01_vrf_leakage
2026-07-21T06:24:41+00:00,station1,257.0,0.0,0.738,6.26,0.0,625374.6727272726,12491028.163636362,0.0,5.002997381818181,99.92822530909089,vrf_leakage,compound_bgp_route_flap_01_vrf_leakage
2026-07-21T06:24:41+00:00,station2,,0.0,1.021,9.127,0.0,11169614.618181817,560566.3818181817,4.0,89.35691694545454,4.484531054545454,vrf_leakage,compound_bgp_route_flap_01_vrf_leakage
2026-07-21T06:24:41+00:00,station3,,0.0,2940.918,5391.393,0.0,202.76363636363632,1073.8363636363636,,0.0016221090909090906,0.008590690909090908,vrf_leakage,compound_bgp_route_flap_01_vrf_leakage
2026-07-21T06:24:56+00:00,station1,257.0,0.0,0.236,8.01,0.0,402094.6,8022562.381818181,0.0,3.2167567999999997,64.18049905454545,vrf_leakage,compound_bgp_route_flap_01_vrf_leakage
2026-07-21T06:24:56+00:00,station2,,0.0,1.435,7.168,0.0,9138326.472727273,459576.3272727272,4.0,73.10661178181819,3.676610618181818,vrf_leakage,compound_bgp_route_flap_01_vrf_leakage
2026-07-21T06:24:56+00:00,station3,,0.0,0.056,0.318,0.0,249.1272727272727,1287.509090909091,,0.0019930181818181817,0.010300072727272727,vrf_leakage,compound_bgp_route_flap_01_vrf_leakage
2026-07-21T06:25:11+00:00,station1,257.0,0.0,0.847,10.296,0.0,441212.1415974255,8772577.062235232,0.0,3.529697132779404,70.18061649788186,vrf_leakage,compound_bgp_route_flap_01_vrf_leakage
2026-07-21T06:25:11+00:00,station2,,0.0,0.269,8.589,25.0,6538773.69090909,330176.6545454545,4.0,52.310189527272726,2.641413236363636,vrf_leakage,compound_bgp_route_flap_01_vrf_leakage
2026-07-21T06:25:11+00:00,station3,,0.0,1142.492,1153.018,0.0,203.38181818181818,1075.1090909090908,,0.0016270545454545454,0.008600872727272727,vrf_leakage,compound_bgp_route_flap_01_vrf_leakage
2026-07-21T06:25:26+00:00,station1,257.0,0.0,1.252,8.716,0.0,329336.41206523514,6537858.729841275,0.0,2.634691296521881,52.3028698387302,vrf_leakage,compound_bgp_route_flap_01_vrf_leakage
2026-07-21T06:25:26+00:00,station2,,0.0,1.258,9.555,0.0,8771118.872727271,443040.94545454544,4.0,70.16895098181817,3.5443275636363634,vrf_leakage,compound_bgp_route_flap_01_vrf_leakage
2026-07-21T06:25:26+00:00,station3,,0.0,1406.78,2146.683,16.666666666666664,240.5090909090909,1290.4181818181817,,0.0019240727272727273,0.010323345454545453,vrf_leakage,compound_bgp_route_flap_01_vrf_leakage
2026-07-21T06:25:41+00:00,station1,257.0,0.0,1.463,11.935,0.0,486654.24825905927,9685294.587174313,0.0,3.8932339860724743,77.48235669739451,vrf_leakage,compound_bgp_route_flap_01_vrf_leakage
2026-07-21T06:25:41+00:00,station2,,0.0,0.849,7.97,0.0,8567589.38181818,431887.94545454544,4.0,68.54071505454544,3.4551035636363636,vrf_leakage,compound_bgp_route_flap_01_vrf_leakage
2026-07-21T06:25:41+00:00,station3,,0.0,1406.78,2146.683,16.666666666666664,196.4,1081.2727272727273,,0.0015712,0.008650181818181817,vrf_leakage,compound_bgp_route_flap_01_vrf_leakage
2026-07-21T06:25:56+00:00,station1,257.0,0.0,1.828,13.189,0.0,560688.478391302,11167025.308630753,0.0,4.485507827130417,89.33620246904603,vrf_leakage,compound_bgp_route_flap_01_vrf_leakage
2026-07-21T06:25:56+00:00,station2,,0.0,1.293,12.014,0.0,13033713.781818181,656501.1272727272,4.0,104.26971025454544,5.252009018181818,vrf_leakage,compound_bgp_route_flap_01_vrf_leakage
2026-07-21T06:25:56+00:00,station3,,0.0,1371.614,2293.649,33.33333333333333,236.76363636363632,1295.8181818181815,,0.0018941090909090905,0.010366545454545453,vrf_leakage,compound_bgp_route_flap_01_vrf_leakage
2026-07-21T06:26:11+00:00,station1,257.0,0.0,0.85,10.795,0.0,555212.4688642024,11053031.18125125,0.0,4.441699750913619,88.42424945001,vrf_leakage,compound_bgp_route_flap_01_vrf_leakage
2026-07-21T06:26:11+00:00,station2,,0.0,0.686,10.319,0.0,9295147.98181818,467947.8363636363,4.0,74.36118385454544,3.7435826909090903,vrf_leakage,compound_bgp_route_flap_01_vrf_leakage
2026-07-21T06:26:11+00:00,station3,,0.0,0.054,0.29,0.0,205.96363636363634,1075.2727272727273,,0.0016477090909090908,0.008602181818181818,vrf_leakage,compound_bgp_route_flap_01_vrf_leakage
2026-07-21T06:26:26+00:00,station1,260.0,0.0,451.167,1072.053,25.0,443273.0727272727,8818047.09090909,0.0,3.5461845818181814,70.54437672727272,vrf_leakage,compound_bgp_route_flap_01_vrf_leakage
2026-07-21T06:26:26+00:00,station2,,0.0,507.023,437.424,0.0,11049108.563636363,556373.9818181818,4.0,88.3928685090909,4.450991854545454,vrf_leakage,compound_bgp_route_flap_01_vrf_leakage
2026-07-21T06:26:26+00:00,station3,,0.0,507.808,423.092,0.0,242.07272727272726,1292.0181818181816,,0.001936581818181818,0.010336145454545453,vrf_leakage,compound_bgp_route_flap_01_vrf_leakage
2026-07-21T06:26:41+00:00,station1,261.0,0.0,1276.946,2291.67,40.0,555411.3529336897,11053490.408916527,0.0,4.443290823469518,88.42792327133222,vrf_leakage,compound_bgp_route_flap_01_vrf_leakage
2026-07-21T06:26:41+00:00,station2,,0.0,1450.875,2956.435,0.0,8817179.945454545,444037.99999999994,4.0,70.53743956363637,3.5523039999999995,vrf_leakage,compound_bgp_route_flap_01_vrf_leakage
2026-07-21T06:26:41+00:00,station3,,0.0,1445.427,2967.072,0.0,200.7272727272727,1076.4545454545453,,0.0016058181818181816,0.008611636363636363,vrf_leakage,compound_bgp_route_flap_01_vrf_leakage
2026-07-21T06:26:56+00:00,station1,261.0,0.0,1190.952,1118.683,40.0,480233.3636363636,9572643.345454544,0.0,3.8418669090909088,76.58114676363635,vrf_leakage,compound_bgp_route_flap_01_vrf_leakage
2026-07-21T06:26:56+00:00,station2,,0.0,1067.807,1300.022,0.0,11049624.927272728,555833.1636363636,4.0,88.39699941818182,4.446665309090909,vrf_leakage,compound_bgp_route_flap_01_vrf_leakage
2026-07-21T06:26:56+00:00,station3,,0.0,1066.502,1288.512,0.0,237.27272727272728,1287.9818181818182,,0.0018981818181818182,0.010303854545454546,vrf_leakage,compound_bgp_route_flap_01_vrf_leakage
2026-07-21T06:27:11+00:00,station1,261.0,0.0,0.366,14.677,0.0,640064.5260995254,12760768.42239232,0.0,5.120516208796203,102.08614737913855,vrf_leakage,compound_bgp_route_flap_01_vrf_leakage
2026-07-21T06:27:11+00:00,station2,,0.0,1118.877,1249.026,0.0,11163220.69090909,561111.2181818181,4.0,89.30576552727271,4.4888897454545456,vrf_leakage,compound_bgp_route_flap_01_vrf_leakage
2026-07-21T06:27:11+00:00,station3,,0.0,1128.196,1243.533,0.0,203.67272727272726,1084.2363636363636,,0.0016293818181818181,0.008673890909090909,vrf_leakage,compound_bgp_route_flap_01_vrf_leakage
2026-07-21T06:27:26+00:00,station1,261.0,0.0,176.033,139.343,25.0,438806.4146620848,8752283.477881417,0.0,3.510451317296678,70.01826782305133,vrf_leakage,compound_bgp_route_flap_01_vrf_leakage
2026-07-21T06:27:26+00:00,station2,,0.0,517.019,681.833,0.0,10985389.418181816,552409.6363636364,4.0,87.88311534545453,4.419277090909091,vrf_leakage,compound_bgp_route_flap_01_vrf_leakage
2026-07-21T06:27:26+00:00,station3,,0.0,513.458,682.37,0.0,237.05454545454543,1295.0363636363634,,0.0018964363636363635,0.010360290909090906,vrf_leakage,compound_bgp_route_flap_01_vrf_leakage
2026-07-21T06:27:41+00:00,station1,261.0,0.0,505.189,409.908,0.0,550748.1500336357,10982364.411556153,0.0,4.405985200269085,87.85891529244923,vrf_leakage,compound_bgp_route_flap_01_vrf_leakage
2026-07-21T06:27:41+00:00,station2,,0.0,505.09,1203.174,0.0,8751401.818181818,439966.7818181818,4.0,70.01121454545455,3.519734254545454,vrf_leakage,compound_bgp_route_flap_01_vrf_leakage
2026-07-21T06:27:41+00:00,station3,,0.0,775.91,929.879,0.0,201.4181818181818,1082.7818181818182,,0.0016113454545454544,0.008662254545454546,vrf_leakage,compound_bgp_route_flap_01_vrf_leakage
2026-07-21T06:27:56+00:00,station1,261.0,0.0,1562.05,1355.67,40.0,439240.29598385544,8756498.827336691,0.0,3.5139223678708436,70.05199061869354,vrf_leakage,compound_bgp_route_flap_01_vrf_leakage
2026-07-21T06:27:56+00:00,station2,,0.0,475.793,1166.754,25.0,10983161.29090909,552403.0727272726,4.0,87.86529032727272,4.419224581818181,vrf_leakage,compound_bgp_route_flap_01_vrf_leakage
2026-07-21T06:27:56+00:00,station3,,0.0,682.954,908.076,0.0,250.29090909090908,1302.6909090909091,,0.0020023272727272725,0.010421527272727273,vrf_leakage,compound_bgp_route_flap_01_vrf_leakage
2026-07-21T06:28:11+00:00,station1,261.0,0.0,475.812,1162.965,50.0,582342.3210487082,11622309.121652333,0.0,4.658738568389666,92.97847297321866,vrf_leakage,compound_bgp_route_flap_01_vrf_leakage
2026-07-21T06:28:11+00:00,station2,,0.0,468.435,684.326,0.0,10504947.272727273,527461.5818181818,4.0,84.03957818181819,4.2196926545454545,vrf_leakage,compound_bgp_route_flap_01_vrf_leakage
2026-07-21T06:28:11+00:00,station3,,0.0,464.168,685.543,0.0,210.1090909090909,1084.6363636363635,,0.0016808727272727272,0.008677090909090909,vrf_leakage,compound_bgp_route_flap_01_vrf_leakage
2026-07-21T06:28:26+00:00,station1,261.0,0.0,1.87,17.043,0.0,534910.3090909091,10703039.436363636,0.0,4.279282472727273,85.62431549090908,vrf_leakage,compound_bgp_route_flap_01_vrf_leakage
2026-07-21T06:28:26+00:00,station2,,0.0,2.598,16.088,0.0,11818885.781818181,592414.5636363636,4.0,94.55108625454545,4.739316509090909,vrf_leakage,compound_bgp_route_flap_01_vrf_leakage
2026-07-21T06:28:26+00:00,station3,,0.0,0.035,0.268,0.0,247.8181818181818,1297.6909090909091,,0.0019825454545454547,0.010381527272727273,vrf_leakage,compound_bgp_route_flap_01_vrf_leakage
2026-07-21T06:28:41+00:00,station1,261.0,0.0,408.322,334.223,0.0,560923.3818181817,11220585.145454545,0.0,4.4873870545454535,89.76468116363635,vrf_leakage,compound_bgp_route_flap_01_vrf_leakage
2026-07-21T06:28:41+00:00,station2,,0.0,364.965,323.439,0.0,8989066.890909089,450133.50909090904,4.0,71.9125351272727,3.6010680727272724,vrf_leakage,compound_bgp_route_flap_01_vrf_leakage
2026-07-21T06:28:41+00:00,station3,,0.0,666.594,953.982,0.0,204.4,1082.2363636363636,,0.0016352,0.00865789090909091,vrf_leakage,compound_bgp_route_flap_01_vrf_leakage
2026-07-21T06:28:56+00:00,station1,261.0,0.0,400.596,312.41,0.0,449362.7454545454,8985518.872727273,0.0,3.5949019636363633,71.88415098181818,vrf_leakage,compound_bgp_route_flap_01_vrf_leakage
2026-07-21T06:28:56+00:00,station2,,0.0,400.365,319.144,0.0,11216626.963636363,562489.5818181818,4.0,89.7330157090909,4.499916654545454,vrf_leakage,compound_bgp_route_flap_01_vrf_leakage
2026-07-21T06:28:56+00:00,station3,,0.0,408.383,305.252,0.0,236.18181818181816,1291.6181818181817,,0.0018894545454545453,0.010332945454545453,vrf_leakage,compound_bgp_route_flap_01_vrf_leakage
2026-07-21T06:29:11+00:00,station1,261.0,0.0,133.76,200.513,25.0,560689.1636363636,11214620.836363636,0.0,4.4855133090909085,89.71696669090909,vrf_leakage,compound_bgp_route_flap_01_vrf_leakage
2026-07-21T06:29:11+00:00,station2,,0.0,424.525,749.954,0.0,8982274.054545455,450685.43636363634,4.0,71.85819243636364,3.6054834909090907,vrf_leakage,compound_bgp_route_flap_01_vrf_leakage
2026-07-21T06:29:11+00:00,station3,,0.0,415.763,749.326,0.0,196.83636363636364,1076.3999999999999,,0.0015746909090909092,0.0086112,vrf_leakage,compound_bgp_route_flap_01_vrf_leakage
2026-07-21T06:29:26+00:00,station1,264.0,0.0,627.168,681.115,25.0,559167.6727272726,11154814.4,0.0,4.473341381818181,89.23851520000001,vrf_leakage,compound_bgp_route_flap_01_vrf_leakage
2026-07-21T06:29:26+00:00,station2,,0.0,479.35,824.939,0.0,12788601.927272728,642181.7454545455,4.0,102.30881541818182,5.137453963636363,vrf_leakage,compound_bgp_route_flap_01_vrf_leakage
2026-07-21T06:29:26+00:00,station3,,0.0,475.102,826.323,0.0,244.25454545454542,1321.9272727272726,,0.0019540363636363633,0.01057541818181818,vrf_leakage,compound_bgp_route_flap_01_vrf_leakage
2026-07-21T06:29:41+00:00,station1,265.0,0.0,1.398,12.307,0.0,551813.0909090909,11018276.872727271,0.0,4.414504727272727,88.14621498181818,vrf_leakage,compound_bgp_route_flap_01_vrf_leakage
2026-07-21T06:29:41+00:00,station2,,0.0,0.971,18.342,0.0,9520997.6,477622.19999999995,4.0,76.1679808,3.8209775999999995,vrf_leakage,compound_bgp_route_flap_01_vrf_leakage
2026-07-21T06:29:41+00:00,station3,,0.0,0.022,0.243,0.0,207.74545454545452,1110.1636363636362,,0.001661963636363636,0.00888130909090909,vrf_leakage,compound_bgp_route_flap_01_vrf_leakage
2026-07-21T06:29:56+00:00,station1,265.0,0.0,175.978,255.439,0.0,439671.63636363635,8786455.418181818,0.0,3.517373090909091,70.29164334545455,vrf_leakage,compound_bgp_route_flap_01_vrf_leakage
2026-07-21T06:29:56+00:00,station2,,0.0,641.126,882.529,0.0,11016563.781818181,552453.0181818182,4.0,88.13251025454545,4.419624145454545,vrf_leakage,compound_bgp_route_flap_01_vrf_leakage
2026-07-21T06:29:56+00:00,station3,,0.0,641.178,872.752,0.0,248.1090909090909,1325.381818181818,,0.0019848727272727272,0.010603054545454545,vrf_leakage,compound_bgp_route_flap_01_vrf_leakage
2026-07-21T06:30:11+00:00,station1,265.0,0.0,705.492,760.51,25.0,551348.3209396193,11020454.573553208,0.0,4.410786567516954,88.16363658842566,vrf_leakage,compound_bgp_route_flap_01_vrf_leakage
2026-07-21T06:30:11+00:00,station2,,0.0,427.06,511.023,0.0,8788325.799999999,441370.5636363636,4.0,70.30660639999999,3.530964509090909,vrf_leakage,compound_bgp_route_flap_01_vrf_leakage
2026-07-21T06:30:11+00:00,station3,,0.0,431.917,501.105,0.0,201.1272727272727,1108.0363636363634,,0.0016090181818181816,0.008864290909090907,vrf_leakage,compound_bgp_route_flap_01_vrf_leakage
2026-07-21T06:30:26+00:00,station1,265.0,0.0,889.896,1169.07,40.0,465691.16363636364,9308858.29090909,0.0,3.725529309090909,74.47086632727272,vrf_leakage,compound_bgp_route_flap_01_vrf_leakage
2026-07-21T06:30:26+00:00,station2,,0.0,506.553,847.875,0.0,11020462.454545455,553073.7272727272,4.0,88.16369963636365,4.4245898181818175,vrf_leakage,compound_bgp_route_flap_01_vrf_leakage
2026-07-21T06:30:26+00:00,station3,,0.0,510.143,832.846,0.0,242.76363636363632,1298.2181818181816,,0.0019421090909090906,0.010385745454545453,vrf_leakage,compound_bgp_route_flap_01_vrf_leakage
2026-07-21T06:30:41+00:00,station1,265.0,0.0,1.669,18.226,0.0,651795.2909090909,13026532.872727271,0.0,5.2143623272727275,104.21226298181817,vrf_leakage,compound_bgp_route_flap_01_vrf_leakage
2026-07-21T06:30:41+00:00,station2,,0.0,582.711,1007.567,0.0,11161227.872727271,559686.1272727272,4.0,89.28982298181818,4.477489018181817,vrf_leakage,compound_bgp_route_flap_01_vrf_leakage
2026-07-21T06:30:41+00:00,station3,,0.0,508.143,1368.573,0.0,204.94545454545454,1083.9272727272726,,0.0016395636363636364,0.00867141818181818,vrf_leakage,compound_bgp_route_flap_01_vrf_leakage
2026-07-21T06:30:56+00:00,station1,265.0,0.0,2.334,15.05,0.0,428270.309090909,8563166.218181817,0.0,3.426162472727272,68.50532974545453,vrf_leakage,compound_bgp_route_flap_01_vrf_leakage
2026-07-21T06:30:56+00:00,station2,,0.0,0.937,16.185,0.0,9677903.509090908,485656.0545454545,4.0,77.42322807272727,3.885248436363636,vrf_leakage,compound_bgp_route_flap_01_vrf_leakage
2026-07-21T06:30:56+00:00,station3,,0.0,0.014,0.313,0.0,241.56363636363633,1295.2181818181816,,0.0019325090909090906,0.010361745454545454,vrf_leakage,compound_bgp_route_flap_01_vrf_leakage
2026-07-21T06:31:11+00:00,station1,265.0,0.0,2.059,15.388,0.0,436688.0181818182,8702143.509090908,0.0,3.4935041454545455,69.61714807272726,vrf_leakage,compound_bgp_route_flap_01_vrf_leakage
2026-07-21T06:31:11+00:00,station2,,0.0,2.496,17.423,0.0,6468382.236363635,325622.2727272727,4.0,51.74705789090908,2.604978181818182,vrf_leakage,compound_bgp_route_flap_01_vrf_leakage
2026-07-21T06:31:11+00:00,station3,,0.0,0.308,4.646,0.0,202.76363636363632,1080.8,,0.0016221090909090906,0.0086464,vrf_leakage,compound_bgp_route_flap_01_vrf_leakage
2026-07-21T06:31:26+00:00,station1,265.0,0.0,2.581,17.319,0.0,325174.0940744377,6473823.869524901,0.0,2.6013927525955016,51.7905909561992,vrf_leakage,compound_bgp_route_flap_01_vrf_leakage
2026-07-21T06:31:26+00:00,station2,,0.0,2.219,15.205,0.0,8703707.290909091,438646.19999999995,4.0,69.62965832727272,3.5091695999999994,vrf_leakage,compound_bgp_route_flap_01_vrf_leakage
2026-07-21T06:31:26+00:00,station3,,0.0,0.275,4.784,0.0,245.0181818181818,1291.2363636363634,,0.0019601454545454546,0.010329890909090908,vrf_leakage,compound_bgp_route_flap_01_vrf_leakage
2026-07-21T06:31:41+00:00,station1,265.0,0.0,0.819,18.045,0.0,457201.3636363636,9075603.4,0.0,3.657610909090909,72.6048272,vrf_leakage,compound_bgp_route_flap_01_vrf_leakage
2026-07-21T06:31:41+00:00,station2,,0.0,4.146,15.786,0.0,7957533.436363636,402364.5636363636,4.0,63.660267490909085,3.2189165090909087,vrf_leakage,compound_bgp_route_flap_01_vrf_leakage
2026-07-21T06:31:41+00:00,station3,,0.0,0.494,4.362,0.0,206.2181818181818,1076.8545454545454,,0.0016497454545454542,0.008614836363636363,vrf_leakage,compound_bgp_route_flap_01_vrf_leakage
2026-07-21T06:31:56+00:00,station1,265.0,0.0,1.082,14.278,0.0,562083.7636363636,11169162.781818181,0.0,4.496670109090909,89.35330225454545,vrf_leakage,compound_bgp_route_flap_01_vrf_leakage
2026-07-21T06:31:56+00:00,station2,,0.0,1.118,17.488,0.0,12423620.163636362,626923.5818181818,4.0,99.3889613090909,5.015388654545454,vrf_leakage,compound_bgp_route_flap_01_vrf_leakage
2026-07-21T06:31:56+00:00,station3,,0.0,0.066,4.468,0.0,242.83636363636361,1290.2,,0.0019426909090909088,0.0103216,vrf_leakage,compound_bgp_route_flap_01_vrf_leakage
2026-07-21T06:32:11+00:00,station1,268.0,0.0,3.216,16.44,0.0,558625.5272727272,11087070.6,0.0,4.4690042181818175,88.69656479999999,vrf_leakage,compound_bgp_route_flap_01_vrf_leakage
2026-07-21T06:32:11+00:00,station2,,0.0,2.661,15.156,0.0,9914986.018181818,500369.3272727272,4.0,79.31988814545454,4.002954618181818,vrf_leakage,compound_bgp_route_flap_01_vrf_leakage
2026-07-21T06:32:11+00:00,station3,,0.0,0.054,0.281,0.0,202.18181818181816,1077.9999999999998,,0.0016174545454545452,0.008623999999999998,vrf_leakage,compound_bgp_route_flap_01_vrf_leakage
2026-07-21T06:32:26+00:00,station1,271.0,0.0,1.436,12.688,0.0,446023.6545454545,8853078.49090909,0.0,3.568189236363636,70.82462792727272,vrf_leakage,compound_bgp_route_flap_01_vrf_leakage
2026-07-21T06:32:26+00:00,station2,,0.0,1.81,15.953,0.0,11084581.836363636,559489.5818181818,4.0,88.67665469090909,4.475916654545454,vrf_leakage,compound_bgp_route_flap_01_vrf_leakage
2026-07-21T06:32:26+00:00,station3,,0.0,0.73,4.41,0.0,239.3090909090909,1289.6727272727271,,0.0019144727272727272,0.010317381818181816,vrf_leakage,compound_bgp_route_flap_01_vrf_leakage
2026-07-21T06:32:41+00:00,station1,275.0,0.0,2.812,15.797,0.0,558335.4727272727,11085917.363636363,0.0,4.4666837818181815,88.68733890909091,vrf_leakage,compound_bgp_route_flap_01_vrf_leakage
2026-07-21T06:32:41+00:00,station2,,0.0,1.925,15.258,0.0,8850875.654545454,447016.70909090905,4.0,70.80700523636364,3.5761336727272726,vrf_leakage,compound_bgp_route_flap_01_vrf_leakage
2026-07-21T06:32:41+00:00,station3,,0.0,0.16,4.556,0.0,203.89090909090908,1077.5454545454545,,0.0016311272727272726,0.008620363636363636,vrf_leakage,compound_bgp_route_flap_01_vrf_leakage
2026-07-21T06:32:56+00:00,station1,275.0,0.0,2.217,14.585,0.0,452078.05596465396,8990018.40033455,0.0,3.6166244477172316,71.9201472026764,vrf_leakage,compound_bgp_route_flap_01_vrf_leakage
2026-07-21T06:32:56+00:00,station2,,0.0,3.969,14.168,0.0,11085044.818181816,558874.2909090909,4.0,88.68035854545454,4.470994327272727,vrf_leakage,compound_bgp_route_flap_01_vrf_leakage
2026-07-21T06:32:56+00:00,station3,,0.0,0.296,4.255,0.0,245.89090909090908,1291.1636363636362,,0.0019671272727272726,0.01032930909090909,vrf_leakage,compound_bgp_route_flap_01_vrf_leakage
2026-07-21T06:33:11+00:00,station1,281.0,0.0,0.663,15.268,0.0,671433.3454545455,13352725.909090908,0.0,5.371466763636364,106.82180727272727,vrf_leakage,compound_bgp_route_flap_01_vrf_leakage
2026-07-21T06:33:11+00:00,station2,,0.0,0.684,14.598,25.0,11169229.218181817,562465.9818181818,4.0,89.35383374545454,4.499727854545455,vrf_leakage,compound_bgp_route_flap_01_vrf_leakage
2026-07-21T06:33:11+00:00,station3,,0.0,0.397,4.481,0.0,206.03636363636363,1076.3454545454545,,0.001648290909090909,0.008610763636363636,vrf_leakage,compound_bgp_route_flap_01_vrf_leakage
2026-07-21T06:33:26+00:00,station1,281.0,0.0,3.013,15.392,0.0,447591.79999999993,8895952.727272727,0.0,3.5807343999999994,71.16762181818181,vrf_leakage,compound_bgp_route_flap_01_vrf_leakage
2026-07-21T06:33:26+00:00,station2,,0.0,182.386,261.9,0.0,11127710.38181818,558194.3999999999,4.0,89.02168305454545,4.465555199999999,vrf_leakage,compound_bgp_route_flap_01_vrf_leakage
2026-07-21T06:33:26+00:00,station3,,0.0,182.718,256.493,0.0,242.65454545454543,1289.8363636363636,,0.0019412363636363635,0.010318690909090909,vrf_leakage,compound_bgp_route_flap_01_vrf_leakage
2026-07-21T06:33:41+00:00,station1,282.0,0.0,486.898,389.171,0.0,550247.3045944619,11116065.889711095,0.0,4.401978436755695,88.92852711768876,vrf_leakage,compound_bgp_route_flap_01_vrf_leakage
2026-07-21T06:33:41+00:00,station2,,0.0,369.272,517.574,40.0,8880751.581818182,438979.8181818182,4.0,71.04601265454545,3.5118385454545455,vrf_leakage,compound_bgp_route_flap_01_vrf_leakage
2026-07-21T06:33:41+00:00,station3,,0.0,239.443,280.245,0.0,204.43636363636364,1078.9272727272726,,0.0016354909090909092,0.00863141818181818,vrf_leakage,compound_bgp_route_flap_01_vrf_leakage
2026-07-21T06:33:56+00:00,station1,282.0,0.0,947.895,1221.556,25.0,438556.7454545454,8881771.999999998,0.0,3.5084539636363634,71.05417599999998,vrf_leakage,compound_bgp_route_flap_01_vrf_leakage
2026-07-21T06:33:56+00:00,station2,,0.0,599.702,1029.275,0.0,11113196.527272727,551948.0545454544,4.0,88.90557221818182,4.415584436363636,vrf_leakage,compound_bgp_route_flap_01_vrf_leakage
2026-07-21T06:33:56+00:00,station3,,0.0,601.578,1022.196,0.0,240.2181818181818,1293.890909090909,,0.0019217454545454543,0.010351127272727271,vrf_leakage,compound_bgp_route_flap_01_vrf_leakage
2026-07-21T06:34:11+00:00,station1,282.0,0.0,1290.212,2013.425,40.0,552426.3272727273,11166920.98181818,0.0,4.419410618181818,89.33536785454544,vrf_leakage,compound_bgp_route_flap_01_vrf_leakage
2026-07-21T06:34:11+00:00,station2,,0.0,446.098,307.503,0.0,10045359.327272726,497471.5818181818,4.0,80.3628746181818,3.9797726545454544,vrf_leakage,compound_bgp_route_flap_01_vrf_leakage
2026-07-21T06:34:11+00:00,station3,,0.0,442.568,306.748,0.0,201.45454545454544,1081.3636363636363,,0.0016116363636363635,0.00865090909090909,vrf_leakage,compound_bgp_route_flap_01_vrf_leakage
2026-07-21T06:34:26+00:00,station1,282.0,0.0,0.021,0.233,0.0,555802.3999999999,11143594.545454543,0.0,4.446419199999999,89.14875636363634,vrf_leakage,compound_bgp_route_flap_01_vrf_leakage
2026-07-21T06:34:26+00:00,station2,,0.0,0.01,0.306,0.0,12253723.145454545,609043.0545454546,0.0,98.02978516363636,4.872344436363637,vrf_leakage,compound_bgp_route_flap_01_vrf_leakage
2026-07-21T06:34:26+00:00,station3,,0.0,0.019,0.249,0.0,244.6181818181818,1300.4363636363635,,0.0019569454545454545,0.010403490909090908,vrf_leakage,compound_bgp_route_flap_01_vrf_leakage
2026-07-21T06:34:41+00:00,station1,282.0,0.0,0.22,2.349,0.0,563885.6545454545,11349002.436363636,0.0,4.511085236363637,90.79201949090908,vrf_leakage,compound_bgp_route_flap_01_vrf_leakage
2026-07-21T06:34:41+00:00,station2,,0.0,0.064,1.67,0.0,9114456.927272728,455235.7454545454,0.0,72.91565541818183,3.6418859636363634,vrf_leakage,compound_bgp_route_flap_01_vrf_leakage
2026-07-21T06:34:41+00:00,station3,,0.0,0.031,0.272,0.0,199.23636363636362,1085.6727272727271,,0.001593890909090909,0.008685381818181816,vrf_leakage,compound_bgp_route_flap_01_vrf_leakage
2026-07-21T06:34:56+00:00,station1,282.0,0.0,0.279,1.819,0.0,446141.18181818177,9120875.709090909,0.0,3.569129454545454,72.96700567272727,vrf_leakage,compound_bgp_route_flap_01_vrf_leakage
2026-07-21T06:34:56+00:00,station2,,0.0,0.602,2.352,0.0,11350252.236363636,556862.2545454545,0.0,90.80201789090908,4.454898036363637,vrf_leakage,compound_bgp_route_flap_01_vrf_leakage
2026-07-21T06:34:56+00:00,station3,,0.0,1445.056,2955.068,0.0,237.8181818181818,1294.509090909091,,0.0019025454545454545,0.010356072727272727,vrf_leakage,compound_bgp_route_flap_01_vrf_leakage
2026-07-21T06:35:11+00:00,station1,282.0,0.0,0.292,1.206,0.0,548174.4909090908,11351425.127272727,0.0,4.385395927272727,90.81140101818181,vrf_leakage,compound_bgp_route_flap_01_vrf_leakage
2026-07-21T06:35:11+00:00,station2,,0.0,0.34,1.959,0.0,9120924.054545455,440079.5999999999,0.0,72.96739243636364,3.5206367999999992,vrf_leakage,compound_bgp_route_flap_01_vrf_leakage
2026-07-21T06:35:11+00:00,station3,,0.0,2049.856,4069.843,0.0,198.4,1078.890909090909,,0.0015872,0.008631127272727272,vrf_leakage,compound_bgp_route_flap_01_vrf_leakage
2026-07-21T06:35:26+00:00,station1,282.0,0.0,0.182,1.842,0.0,534612.1929489628,11171144.366261207,0.0,4.276897543591702,89.36915493008965,vrf_leakage,compound_bgp_route_flap_01_vrf_leakage
2026-07-21T06:35:26+00:00,station2,,0.0,0.476,2.042,0.0,12484461.218181817,599853.6909090909,0.0,99.87568974545454,4.798829527272727,vrf_leakage,compound_bgp_route_flap_01_vrf_leakage
2026-07-21T06:35:26+00:00,station3,,0.0,1215.508,2133.583,0.0,230.18181818181816,1289.1636363636362,,0.0018414545454545452,0.010313309090909089,vrf_leakage,compound_bgp_route_flap_01_vrf_leakage
2026-07-21T06:35:41+00:00,station1,282.0,0.0,0.042,0.24,0.0,531893.4727272727,11091973.745454544,0.0,4.255147781818181,88.73578996363635,vrf_leakage,compound_bgp_route_flap_01_vrf_leakage
2026-07-21T06:35:41+00:00,station2,,0.0,0.052,0.246,0.0,9857408.054545455,472961.7818181818,0.0,78.85926443636363,3.7836942545454546,vrf_leakage,compound_bgp_route_flap_01_vrf_leakage
2026-07-21T06:35:41+00:00,station3,,0.0,0.022,0.319,0.0,194.03636363636363,1075.7818181818182,,0.0015522909090909091,0.008606254545454545,vrf_leakage,compound_bgp_route_flap_01_vrf_leakage
2026-07-21T06:35:56+00:00,station1,282.0,0.0,837.354,3972.497,40.0,429628.99999999994,8856999.727272727,0.0,3.4370319999999994,70.85599781818182,vrf_leakage,compound_bgp_route_flap_01_vrf_leakage
2026-07-21T06:35:56+00:00,station2,,0.0,1696.258,2328.097,40.0,11089760.67272727,540580.0545454544,0.0,88.71808538181816,4.3246404363636355,vrf_leakage,compound_bgp_route_flap_01_vrf_leakage
2026-07-21T06:35:56+00:00,station3,,0.0,2940.861,5391.41,0.0,232.94545454545454,1291.6727272727271,,0.0018635636363636362,0.010333381818181817,vrf_leakage,compound_bgp_route_flap_01_vrf_leakage
2026-07-21T06:36:11+00:00,station1,282.0,0.0,1696.296,2329.438,100.0,546199.8763613884,11092091.474390443,0.0,4.369599010891107,88.73673179512355,vrf_leakage,compound_bgp_route_flap_01_vrf_leakage
2026-07-21T06:36:11+00:00,station2,,0.0,1696.258,2328.097,40.0,8856205.581818182,438422.0363636363,0.0,70.84964465454546,3.5073762909090904,vrf_leakage,compound_bgp_route_flap_01_vrf_leakage
2026-07-21T06:36:11+00:00,station3,,0.0,1449.739,2946.199,0.0,192.58181818181816,1076.1636363636362,,0.0015406545454545453,0.00860930909090909,vrf_leakage,compound_bgp_route_flap_01_vrf_leakage
2026-07-21T06:36:26+00:00,station1,282.0,0.0,1696.296,2329.438,100.0,452581.39238895255,9053504.663721157,0.0,3.6206511391116205,72.42803730976925,vrf_leakage,compound_bgp_route_flap_01_vrf_leakage
2026-07-21T06:36:26+00:00,station2,,0.0,0.0,2.244,90.0,11090927.0,553712.7636363636,0.0,88.727416,4.429702109090909,vrf_leakage,compound_bgp_route_flap_01_vrf_leakage
2026-07-21T06:36:26+00:00,station3,,0.0,2790.595,4492.495,0.0,226.39999999999998,1293.709090909091,,0.0018111999999999998,0.010349672727272727,vrf_leakage,compound_bgp_route_flap_01_vrf_leakage
2026-07-21T06:36:41+00:00,station1,282.0,0.0,0.021,0.276,0.0,662290.5636363636,13302036.945454543,0.0,5.298324509090909,106.41629556363635,vrf_leakage,compound_bgp_route_flap_01_vrf_leakage
2026-07-21T06:36:41+00:00,station2,,0.0,1046.001,1340.282,0.0,11171805.836363636,557560.2,0.0,89.37444669090908,4.4604816,vrf_leakage,compound_bgp_route_flap_01_vrf_leakage
2026-07-21T06:36:41+00:00,station3,,0.0,1271.024,2079.883,0.0,200.4,1075.8545454545454,,0.0016032,0.008606836363636364,vrf_leakage,compound_bgp_route_flap_01_vrf_leakage
2026-07-21T06:36:56+00:00,station1,282.0,0.0,0.045,0.231,0.0,438871.0475116825,8834093.041438624,0.0,3.51096838009346,70.672744331509,vrf_leakage,compound_bgp_route_flap_01_vrf_leakage
2026-07-21T06:36:56+00:00,station2,,0.0,0.023,0.216,0.0,9949526.636363635,496074.27272727265,0.0,79.59621309090907,3.9685941818181814,vrf_leakage,compound_bgp_route_flap_01_vrf_leakage
2026-07-21T06:36:56+00:00,station3,,0.0,0.029,0.317,0.0,233.74545454545452,1286.9454545454544,,0.0018699636363636361,0.010295563636363634,vrf_leakage,compound_bgp_route_flap_01_vrf_leakage
2026-07-21T06:37:11+00:00,station1,282.0,0.0,0.0,3.099,90.0,440383.21818181814,8833018.109090907,0.0,3.523065745454545,70.66414487272726,vrf_leakage,compound_bgp_route_flap_01_vrf_leakage
2026-07-21T06:37:11+00:00,station2,,0.0,0.031,0.316,0.0,6597381.018181818,330049.2909090909,0.0,52.77904814545454,2.6403943272727273,vrf_leakage,compound_bgp_route_flap_01_vrf_leakage
2026-07-21T06:37:11+00:00,station3,,0.0,0.051,0.271,0.0,194.47272727272727,1077.4363636363637,,0.001555781818181818,0.008619490909090909,vrf_leakage,compound_bgp_route_flap_01_vrf_leakage
2026-07-21T06:37:26+00:00,station1,282.0,0.0,1180.206,2435.978,20.0,330969.83691205614,6598652.915401538,0.0,2.647758695296449,52.789223323212305,vrf_leakage,compound_bgp_route_flap_01_vrf_leakage
2026-07-21T06:37:26+00:00,station2,,0.0,1215.362,2147.473,0.0,8832213.89090909,443412.8181818182,0.0,70.65771112727272,3.5473025454545453,vrf_leakage,compound_bgp_route_flap_01_vrf_leakage
2026-07-21T06:37:26+00:00,station3,,0.0,1364.87,2657.269,40.0,242.47272727272727,1284.0181818181816,,0.001939781818181818,0.010272145454545453,vrf_leakage,compound_bgp_route_flap_01_vrf_leakage
2026-07-21T06:37:41+00:00,station1,282.0,0.0,1443.226,2966.086,0.0,448354.9337260678,8938915.39846179,0.0,3.586839469808542,71.51132318769433,vrf_leakage,compound_bgp_route_flap_01_vrf_leakage
2026-07-21T06:37:41+00:00,station2,,0.0,1148.563,3459.018,20.0,7819784.399999999,393627.14545454545,0.0,62.5582752,3.1490171636363637,vrf_leakage,compound_bgp_route_flap_01_vrf_leakage
2026-07-21T06:37:41+00:00,station3,,0.0,1144.81,2447.598,20.0,193.56363636363633,1074.5272727272727,,0.0015485090909090906,0.008596218181818181,vrf_leakage,compound_bgp_route_flap_01_vrf_leakage
2026-07-21T06:37:56+00:00,station1,282.0,0.0,1443.226,2966.086,0.0,559635.0562696581,11172077.923022382,0.0,4.477080450157265,89.37662338417906,vrf_leakage,compound_bgp_route_flap_01_vrf_leakage
2026-07-21T06:37:56+00:00,station2,,0.0,0.0,1.557,90.0,12289076.509090908,616991.4727272727,0.0,98.31261207272726,4.935931781818181,vrf_leakage,compound_bgp_route_flap_01_vrf_leakage
2026-07-21T06:37:56+00:00,station3,,0.0,1449.246,2768.212,16.666666666666664,226.98181818181817,1292.3272727272727,,0.0018158545454545455,0.010338618181818181,vrf_leakage,compound_bgp_route_flap_01_vrf_leakage
2026-07-21T06:38:11+00:00,station1,282.0,0.0,0.025,0.749,0.0,559185.3090909091,12738942.927272728,0.0,4.473482472727273,101.91154341818182,vrf_leakage,compound_bgp_route_flap_01_vrf_leakage
2026-07-21T06:38:11+00:00,station2,,0.0,0.911,1.428,0.0,11173422.345454544,504024.2545454545,0.0,89.38737876363635,4.032194036363636,vrf_leakage,compound_bgp_route_flap_01_vrf_leakage
2026-07-21T06:38:11+00:00,station3,,0.0,4.207,4.986,0.0,203.3090909090909,1076.890909090909,,0.0016264727272727274,0.008615127272727272,vrf_leakage,compound_bgp_route_flap_01_vrf_leakage
2026-07-21T06:38:26+00:00,station1,282.0,0.0,3791.48,5361.98,70.0,440213.0363636363,10339071.2,0.0,3.5217042909090908,82.7125696,vrf_leakage,compound_bgp_route_flap_01_vrf_leakage
2026-07-21T06:38:26+00:00,station2,,0.0,4036.21,4036.448,80.0,12572201.054545455,553088.5818181818,0.0,100.57760843636363,4.424708654545454,vrf_leakage,compound_bgp_route_flap_01_vrf_leakage
2026-07-21T06:38:26+00:00,station3,,0.0,0.0,0.273,90.0,218.87272727272727,1292.0727272727272,,0.0017509818181818183,0.010336581818181818,vrf_leakage,compound_bgp_route_flap_01_vrf_leakage
2026-07-21T06:38:41+00:00,station1,282.0,0.0,1389.393,1969.499,0.0,552279.4181818182,12570178.6,0.0,4.418235345454546,100.5614288,vrf_leakage,compound_bgp_route_flap_01_vrf_leakage
2026-07-21T06:38:41+00:00,station2,,0.0,1389.559,1994.518,0.0,10334441.309090909,441405.16363636364,0.0,82.67553047272727,3.531241309090909,vrf_leakage,compound_bgp_route_flap_01_vrf_leakage
2026-07-21T06:38:41+00:00,station3,,0.0,1390.134,1998.567,0.0,202.76363636363632,1071.6181818181817,,0.0016221090909090906,0.008572945454545454,vrf_leakage,compound_bgp_route_flap_01_vrf_leakage
2026-07-21T06:38:56+00:00,station1,282.0,0.0,0.0,1.578,90.0,440496.0724416321,10336048.403520256,0.0,3.5239685795330566,82.68838722816206,vrf_leakage,compound_bgp_route_flap_01_vrf_leakage
2026-07-21T06:38:56+00:00,station2,,0.0,1420.544,1978.671,0.0,12567217.018181818,553775.8363636363,0.0,100.53773614545455,4.43020669090909,vrf_leakage,compound_bgp_route_flap_01_vrf_leakage
2026-07-21T06:38:56+00:00,station3,,0.0,1403.026,1975.107,0.0,233.45454545454544,1288.0727272727272,,0.0018676363636363634,0.010304581818181818,vrf_leakage,compound_bgp_route_flap_01_vrf_leakage
2026-07-21T06:39:11+00:00,station1,282.0,0.0,0.912,0.901,0.0,663502.8545454546,13236201.618181817,0.0,5.308022836363637,105.88961294545454,vrf_leakage,compound_bgp_route_flap_01_vrf_leakage
2026-07-21T06:39:11+00:00,station2,,0.0,1695.382,2323.365,40.0,11166780.927272728,560268.8363636363,0.0,89.33424741818182,4.482150690909091,vrf_leakage,compound_bgp_route_flap_01_vrf_leakage
2026-07-21T06:39:11+00:00,station3,,0.0,1447.75,2949.3,0.0,194.65454545454543,1074.3090909090909,,0.0015572363636363635,0.008594472727272727,vrf_leakage,compound_bgp_route_flap_01_vrf_leakage
2026-07-21T06:39:26+00:00,station1,282.0,0.0,0.015,0.255,0.0,456024.21818181814,9105395.636363635,0.0,3.6481937454545452,72.84316509090908,vrf_leakage,compound_bgp_route_flap_01_vrf_leakage
2026-07-21T06:39:26+00:00,station2,,0.0,0.045,0.311,0.0,11082974.818181816,555021.6727272726,0.0,88.66379854545453,4.440173381818181,vrf_leakage,compound_bgp_route_flap_01_vrf_leakage
2026-07-21T06:39:26+00:00,station3,,0.0,0.076,0.271,0.0,243.1272727272727,1287.9818181818182,,0.0019450181818181816,0.010303854545454546,vrf_leakage,compound_bgp_route_flap_01_vrf_leakage
2026-07-21T06:39:41+00:00,station1,282.0,0.0,1443.755,2969.934,0.0,546580.5272727272,11087763.272727272,0.0,4.372644218181818,88.70210618181817,vrf_leakage,compound_bgp_route_flap_01_vrf_leakage
2026-07-21T06:39:41+00:00,station2,,0.0,0.025,0.311,80.0,8851617.109090907,438320.0545454545,0.0,70.81293687272726,3.5065604363636362,vrf_leakage,compound_bgp_route_flap_01_vrf_leakage
2026-07-21T06:39:41+00:00,station3,,0.0,0.007,0.253,80.0,205.4181818181818,1072.090909090909,,0.0016433454545454545,0.008576727272727272,vrf_leakage,compound_bgp_route_flap_01_vrf_leakage
2026-07-21T06:39:56+00:00,station1,282.0,0.0,1447.02,2950.112,0.0,430448.70909090905,8853782.854545454,0.0,3.4435896727272723,70.83026283636363,vrf_leakage,compound_bgp_route_flap_01_vrf_leakage
2026-07-21T06:39:56+00:00,station2,,0.0,1215.911,2135.404,0.0,11085953.036363635,541173.6545454545,0.0,88.68762429090908,4.329389236363636,vrf_leakage,compound_bgp_route_flap_01_vrf_leakage
2026-07-21T06:39:56+00:00,station3,,0.0,1445.122,2954.619,0.0,235.56363636363633,1286.2363636363634,,0.0018845090909090907,0.010289890909090908,vrf_leakage,compound_bgp_route_flap_01_vrf_leakage
2026-07-21T06:40:11+00:00,station1,282.0,0.0,1214.631,2110.829,0.0,533504.2637138857,11088731.995127184,0.0,4.268034109711086,88.70985596101747,vrf_leakage,compound_bgp_route_flap_01_vrf_leakage
2026-07-21T06:40:11+00:00,station2,,0.0,1221.177,1903.265,0.0,9800704.854545454,472353.10909090907,0.0,78.40563883636362,3.7788248727272724,vrf_leakage,compound_bgp_route_flap_01_vrf_leakage
2026-07-21T06:40:11+00:00,station3,,0.0,1649.855,2330.527,0.0,197.85454545454544,1077.3272727272727,,0.0015828363636363637,0.008618618181818182,vrf_leakage,compound_bgp_route_flap_01_vrf_leakage
2026-07-21T06:40:26+00:00,station1,282.0,0.0,76.865,54.956,0.0,536904.1384827987,11171250.56367736,0.0,4.29523310786239,89.37000450941888,vrf_leakage,compound_bgp_route_flap_01_vrf_leakage
2026-07-21T06:40:26+00:00,station2,,0.0,77.401,55.959,0.0,12548429.145454545,604245.2181818181,0.0,100.38743316363636,4.833961745454545,vrf_leakage,compound_bgp_route_flap_01_vrf_leakage
2026-07-21T06:40:26+00:00,station3,,0.0,518.183,434.529,0.0,235.56363636363633,1287.7818181818182,,0.0018845090909090907,0.010302254545454545,vrf_leakage,compound_bgp_route_flap_01_vrf_leakage
2026-07-21T06:40:41+00:00,station1,282.0,0.0,0.009,0.339,0.0,442530.35509736545,9198623.411334751,0.0,3.5402428407789235,73.588987290678,vrf_leakage,compound_bgp_route_flap_02_vrf_leakage
2026-07-21T06:40:41+00:00,station2,,0.0,0.067,0.245,0.0,8080836.709090908,389857.18181818177,0.0,64.64669367272727,3.118857454545454,vrf_leakage,compound_bgp_route_flap_02_vrf_leakage
2026-07-21T06:40:41+00:00,station3,,0.0,0.076,0.276,0.0,199.4181818181818,1076.6545454545453,,0.0015953454545454544,0.008613236363636362,vrf_leakage,compound_bgp_route_flap_02_vrf_leakage
2026-07-21T06:40:56+00:00,station1,285.0,0.0,1703.818,1205.037,57.14285714285714,323450.3636363636,6629455.4,0.0,2.5876029090909087,53.0356432,vrf_leakage,compound_bgp_route_flap_02_vrf_leakage
2026-07-21T06:40:56+00:00,station2,,0.0,1448.451,2951.722,0.0,8862746.563636363,434748.5818181818,4.0,70.9019725090909,3.477988654545454,vrf_leakage,compound_bgp_route_flap_02_vrf_leakage
2026-07-21T06:40:56+00:00,station3,,0.0,0.014,0.282,80.0,229.5272727272727,1290.109090909091,,0.0018362181818181815,0.010320872727272728,vrf_leakage,compound_bgp_route_flap_02_vrf_leakage
2026-07-21T06:41:11+00:00,station1,285.0,0.0,2458.23,3067.378,50.0,440873.4545454545,8864455.309090909,0.0,3.5269876363636357,70.91564247272727,vrf_leakage,compound_bgp_route_flap_02_vrf_leakage
2026-07-21T06:41:11+00:00,station2,,0.0,1448.451,2951.722,0.0,6628478.8545454545,332071.8,4.0,53.027830836363634,2.6565744,vrf_leakage,compound_bgp_route_flap_02_vrf_leakage
2026-07-21T06:41:11+00:00,station3,,0.0,1207.616,1829.322,0.0,202.1090909090909,1075.5636363636363,,0.0016168727272727272,0.00860450909090909,vrf_leakage,compound_bgp_route_flap_02_vrf_leakage
2026-07-21T06:41:26+00:00,station1,285.0,0.0,2458.23,3067.378,50.0,433052.4373170422,8602605.211003836,0.0,3.4644194985363375,68.8208416880307,vrf_leakage,compound_bgp_route_flap_02_vrf_leakage
2026-07-21T06:41:26+00:00,station2,,0.0,2497.195,4870.543,0.0,9718538.272727273,490611.2727272727,4.0,77.7483061818182,3.924890181818182,vrf_leakage,compound_bgp_route_flap_02_vrf_leakage
2026-07-21T06:41:26+00:00,station3,,0.0,2942.206,5380.953,0.0,230.14545454545453,1295.1454545454544,,0.0018411636363636363,0.010361163636363635,vrf_leakage,compound_bgp_route_flap_02_vrf_leakage
2026-07-21T06:41:41+00:00,station1,286.0,0.0,1343.178,6987.301,50.0,657990.2,13071654.29090909,0.0,5.2639216,104.57323432727271,vrf_leakage,compound_bgp_route_flap_02_vrf_leakage
2026-07-21T06:41:41+00:00,station2,,0.0,2497.195,4870.543,0.0,11171119.145454545,562900.8363636363,4.0,89.36895316363636,4.50320669090909,vrf_leakage,compound_bgp_route_flap_02_vrf_leakage
2026-07-21T06:41:41+00:00,station3,,0.0,2942.206,5380.953,0.0,200.18181818181816,1081.6,,0.0016014545454545452,0.008652799999999999,vrf_leakage,compound_bgp_route_flap_02_vrf_leakage
2026-07-21T06:41:56+00:00,station1,286.0,0.0,0.467,4.344,0.0,467110.23836797033,9281788.741613483,0.0,3.7368819069437627,74.25430993290786,vrf_leakage,compound_bgp_route_flap_02_vrf_leakage
2026-07-21T06:41:56+00:00,station2,,0.0,0.679,4.496,0.0,10397066.272727273,524702.0363636364,4.0,83.1765301818182,4.197616290909091,vrf_leakage,compound_bgp_route_flap_02_vrf_leakage
2026-07-21T06:41:56+00:00,station3,,0.0,0.062,0.237,0.0,247.59999999999997,1294.9818181818182,,0.0019807999999999996,0.010359854545454546,vrf_leakage,compound_bgp_route_flap_02_vrf_leakage
2026-07-21T06:42:11+00:00,station1,286.0,0.0,1462.172,1037.997,50.0,445738.7636363636,8855267.49090909,0.0,3.565910109090909,70.84213992727273,vrf_leakage,compound_bgp_route_flap_02_vrf_leakage
2026-07-21T06:42:11+00:00,station2,,0.0,1460.619,1036.623,50.0,6619941.981818181,335012.0,4.0,52.95953585454545,2.680096,vrf_leakage,compound_bgp_route_flap_02_vrf_leakage
2026-07-21T06:42:11+00:00,station3,,0.0,1410.657,1494.406,0.0,205.09090909090907,1086.8727272727272,,0.0016407272727272724,0.008694981818181817,vrf_leakage,compound_bgp_route_flap_02_vrf_leakage
2026-07-21T06:42:26+00:00,station1,286.0,0.0,1462.172,1037.997,100.0,332237.8909090909,6621076.6,0.0,2.657903127272727,52.968612799999995,vrf_leakage,compound_bgp_route_flap_02_vrf_leakage
2026-07-21T06:42:26+00:00,station2,,0.0,1460.619,1036.623,100.0,8853539.327272726,445572.14545454545,4.0,70.8283146181818,3.5645771636363635,vrf_leakage,compound_bgp_route_flap_02_vrf_leakage
2026-07-21T06:42:26+00:00,station3,,0.0,2938.454,5403.686,0.0,250.6181818181818,1295.2363636363634,,0.0020049454545454544,0.010361890909090907,vrf_leakage,compound_bgp_route_flap_02_vrf_leakage
2026-07-21T06:42:41+00:00,station1,289.0,0.0,511.707,426.083,0.0,441798.4727272727,8853322.872727271,0.0,3.534387781818182,70.82658298181816,vrf_leakage,compound_bgp_route_flap_02_vrf_leakage
2026-07-21T06:42:41+00:00,station2,,0.0,1448.645,2954.335,0.0,7393023.618181818,370215.90909090906,4.0,59.144188945454545,2.9617272727272725,vrf_leakage,compound_bgp_route_flap_02_vrf_leakage
2026-07-21T06:42:41+00:00,station3,,0.0,1445.544,2965.542,0.0,204.65454545454543,1083.4363636363637,,0.0016372363636363635,0.00866749090909091,vrf_leakage,compound_bgp_route_flap_02_vrf_leakage
2026-07-21T06:42:56+00:00,station1,289.0,0.0,1707.806,1647.96,40.0,535519.5912652957,10745032.29149621,0.0,4.284156730122366,85.96025833196968,vrf_leakage,compound_bgp_route_flap_02_vrf_leakage
2026-07-21T06:42:56+00:00,station2,,0.0,931.857,1026.481,0.0,11860302.181818182,592242.3636363635,4.0,94.88241745454545,4.737938909090908,vrf_leakage,compound_bgp_route_flap_02_vrf_leakage
2026-07-21T06:42:56+00:00,station3,,0.0,1138.499,1859.695,0.0,246.07272727272726,1298.7454545454543,,0.001968581818181818,0.010389963636363634,vrf_leakage,compound_bgp_route_flap_02_vrf_leakage
2026-07-21T06:43:11+00:00,station1,289.0,0.0,1.094,7.856,0.0,577868.8727272727,11604075.2,0.0,4.622950981818182,92.83260159999999,vrf_leakage,compound_bgp_route_flap_02_vrf_leakage
2026-07-21T06:43:11+00:00,station2,,0.0,1390.364,2009.604,0.0,10485615.854545454,523207.9272727272,4.0,83.88492683636363,4.185663418181817,vrf_leakage,compound_bgp_route_flap_02_vrf_leakage
2026-07-21T06:43:11+00:00,station3,,0.0,1390.345,1994.482,0.0,205.67272727272726,1079.9636363636362,,0.001645381818181818,0.00863970909090909,vrf_leakage,compound_bgp_route_flap_02_vrf_leakage
2026-07-21T06:43:26+00:00,station1,289.0,0.0,0.93,8.166,0.0,355384.34545454546,7135666.527272727,0.0,2.8430747636363636,57.08533221818182,vrf_leakage,compound_bgp_route_flap_02_vrf_leakage
2026-07-21T06:43:26+00:00,station2,,0.0,1.484,7.654,0.0,8790268.799999999,439722.61818181816,4.0,70.32215039999998,3.5177809454545454,vrf_leakage,compound_bgp_route_flap_02_vrf_leakage
2026-07-21T06:43:26+00:00,station3,,0.0,0.056,0.301,0.0,242.4363636363636,1295.490909090909,,0.0019394909090909088,0.010363927272727273,vrf_leakage,compound_bgp_route_flap_02_vrf_leakage
2026-07-21T06:43:41+00:00,station1,290.0,0.0,1.554,8.875,0.0,438745.9272727272,8792364.49090909,0.0,3.5099674181818177,70.33891592727272,vrf_leakage,compound_bgp_route_flap_02_vrf_leakage
2026-07-21T06:43:41+00:00,station2,,0.0,0.636,9.887,0.0,6556295.454545454,328949.4727272727,4.0,52.45036363636363,2.6315957818181817,vrf_leakage,compound_bgp_route_flap_02_vrf_leakage
2026-07-21T06:43:41+00:00,station3,,0.0,0.851,4.104,0.0,211.56363636363633,1084.7090909090907,,0.0016925090909090906,0.008677672727272726,vrf_leakage,compound_bgp_route_flap_02_vrf_leakage
2026-07-21T06:43:56+00:00,station1,290.0,0.0,0.565,8.804,0.0,327613.4909090909,6556572.49090909,0.0,2.6209079272727274,52.45257992727272,vrf_leakage,compound_bgp_route_flap_02_vrf_leakage
2026-07-21T06:43:56+00:00,station2,,0.0,1.378,8.784,25.0,8790237.509090908,440981.94545454544,4.0,70.32190007272726,3.5278555636363635,vrf_leakage,compound_bgp_route_flap_02_vrf_leakage
2026-07-21T06:43:56+00:00,station3,,0.0,0.169,4.046,0.0,245.27272727272728,1298.6545454545453,,0.001962181818181818,0.010389236363636362,vrf_leakage,compound_bgp_route_flap_02_vrf_leakage
2026-07-21T06:44:11+00:00,station1,290.0,0.0,0.581,11.062,0.0,528698.9217985781,10592038.655248279,0.0,4.229591374388625,84.73630924198623,vrf_leakage,compound_bgp_route_flap_02_vrf_leakage
2026-07-21T06:44:11+00:00,station2,,0.0,0.757,9.614,0.0,9474135.618181817,474225.21818181814,4.0,75.79308494545454,3.793801745454545,vrf_leakage,compound_bgp_route_flap_02_vrf_leakage
2026-07-21T06:44:11+00:00,station3,,0.0,0.383,4.257,0.0,203.8181818181818,1080.6909090909091,,0.0016305454545454544,0.008645527272727273,vrf_leakage,compound_bgp_route_flap_02_vrf_leakage
2026-07-21T06:44:26+00:00,station1,290.0,0.0,0.338,9.675,0.0,556977.4545454545,11169167.418181816,0.0,4.4558196363636355,89.35333934545453,vrf_leakage,compound_bgp_route_flap_02_vrf_leakage
2026-07-21T06:44:26+00:00,station2,,0.0,1.364,9.218,0.0,12867791.0,643242.1636363636,4.0,102.942328,5.145937309090908,vrf_leakage,compound_bgp_route_flap_02_vrf_leakage
2026-07-21T06:44:26+00:00,station3,,0.0,0.909,5.013,0.0,247.49090909090907,1297.6545454545453,,0.0019799272727272724,0.010381236363636363,vrf_leakage,compound_bgp_route_flap_02_vrf_leakage
2026-07-21T06:44:41+00:00,station1,294.0,0.0,1.21,8.098,0.0,553131.509090909,11069628.654545454,0.0,4.425052072727272,88.55702923636363,vrf_leakage,compound_bgp_route_flap_02_vrf_leakage
2026-07-21T06:44:41+00:00,station2,,0.0,0.548,7.172,0.0,8833720.709090909,442463.98181818175,4.0,70.66976567272727,3.539711854545454,vrf_leakage,compound_bgp_route_flap_02_vrf_leakage
2026-07-21T06:44:41+00:00,station3,,0.0,0.085,0.276,0.0,206.79999999999998,1080.0727272727272,,0.0016543999999999999,0.008640581818181817,vrf_leakage,compound_bgp_route_flap_02_vrf_leakage
2026-07-21T06:44:56+00:00,station1,294.0,0.0,0.289,9.373,0.0,441237.7636363636,8835038.254545454,0.0,3.529902109090909,70.68030603636363,vrf_leakage,compound_bgp_route_flap_02_vrf_leakage
2026-07-21T06:44:56+00:00,station2,,0.0,1.55,9.135,0.0,11068119.654545454,554173.3636363636,4.0,88.54495723636363,4.433386909090909,vrf_leakage,compound_bgp_route_flap_02_vrf_leakage
2026-07-21T06:44:56+00:00,station3,,0.0,0.064,4.097,0.0,241.09090909090907,1291.0,,0.0019287272727272725,0.010328,vrf_leakage,compound_bgp_route_flap_02_vrf_leakage
2026-07-21T06:45:11+00:00,station1,294.0,0.0,0.687,12.855,0.0,553897.2125752313,11069684.637343856,0.0,4.43117770060185,88.55747709875085,vrf_leakage,compound_bgp_route_flap_02_vrf_leakage
2026-07-21T06:45:11+00:00,station2,,0.0,1.246,11.774,0.0,8836110.272727272,443002.63636363635,4.0,70.68888218181817,3.544021090909091,vrf_leakage,compound_bgp_route_flap_02_vrf_leakage
2026-07-21T06:45:11+00:00,station3,,0.0,0.64,5.341,0.0,202.83636363636364,1077.3090909090909,,0.001622690909090909,0.008618472727272727,vrf_leakage,compound_bgp_route_flap_02_vrf_leakage
2026-07-21T06:45:26+00:00,station1,294.0,0.0,1.423,14.687,0.0,525761.7134233923,10485380.138542933,0.0,4.206093707387138,83.88304110834346,vrf_leakage,compound_bgp_route_flap_02_vrf_leakage
2026-07-21T06:45:26+00:00,station2,,0.0,3.559,11.985,0.0,11600517.727272727,583133.8727272727,4.0,92.80414181818182,4.6650709818181815,vrf_leakage,compound_bgp_route_flap_02_vrf_leakage
2026-07-21T06:45:26+00:00,station3,,0.0,0.946,4.772,0.0,235.78181818181818,1288.6909090909091,,0.0018862545454545454,0.010309527272727274,vrf_leakage,compound_bgp_route_flap_02_vrf_leakage
2026-07-21T06:45:41+00:00,station1,294.0,0.0,2.158,11.855,0.0,594861.7272727272,11855844.636363635,0.0,4.758893818181817,94.84675709090908,vrf_leakage,compound_bgp_route_flap_02_vrf_leakage
2026-07-21T06:45:41+00:00,station2,,0.0,1.888,11.936,0.0,10737394.272727273,540348.9999999999,4.0,85.89915418181819,4.322791999999999,vrf_leakage,compound_bgp_route_flap_02_vrf_leakage
2026-07-21T06:45:41+00:00,station3,,0.0,0.363,3.835,0.0,196.87272727272727,1074.2727272727273,,0.0015749818181818181,0.008594181818181819,vrf_leakage,compound_bgp_route_flap_02_vrf_leakage
2026-07-21T06:45:56+00:00,station1,294.0,0.0,2.027,13.758,0.0,441837.43636363634,8772802.072727272,0.0,3.5346994909090905,70.18241658181817,vrf_leakage,compound_bgp_route_flap_02_vrf_leakage
2026-07-21T06:45:56+00:00,station2,,0.0,0.841,12.305,0.0,11007157.581818182,555281.2545454545,4.0,88.05726065454546,4.442250036363636,vrf_leakage,compound_bgp_route_flap_02_vrf_leakage
2026-07-21T06:45:56+00:00,station3,,0.0,1.278,5.289,0.0,234.58181818181816,1287.8181818181815,,0.0018766545454545454,0.010302545454545451,vrf_leakage,compound_bgp_route_flap_02_vrf_leakage
2026-07-21T06:46:11+00:00,station1,297.0,0.0,1.971,13.905,0.0,555074.2323146011,11008633.619984364,0.0,4.4405938585168085,88.06906895987491,vrf_leakage,compound_bgp_route_flap_02_vrf_leakage
2026-07-21T06:46:11+00:00,station2,,0.0,1.333,15.015,0.0,8775001.98181818,443419.0363636363,4.0,70.20001585454544,3.5473522909090907,vrf_leakage,compound_bgp_route_flap_02_vrf_leakage
2026-07-21T06:46:11+00:00,station3,,0.0,1.036,5.792,0.0,196.87272727272727,1074.1272727272726,,0.0015749818181818181,0.008593018181818181,vrf_leakage,compound_bgp_route_flap_02_vrf_leakage
2026-07-21T06:46:26+00:00,station1,297.0,0.0,1.099,13.666,0.0,442593.98181818175,8777170.109090907,0.0,3.540751854545454,70.21736087272726,vrf_leakage,compound_bgp_route_flap_02_vrf_leakage
2026-07-21T06:46:26+00:00,station2,,0.0,0.249,15.64,0.0,11009633.47272727,556445.3636363636,4.0,88.07706778181817,4.451562909090909,vrf_leakage,compound_bgp_route_flap_02_vrf_leakage
2026-07-21T06:46:26+00:00,station3,,0.0,0.307,4.842,0.0,239.34545454545454,1289.2727272727273,,0.0019147636363636364,0.010314181818181818,vrf_leakage,compound_bgp_route_flap_02_vrf_leakage
2026-07-21T06:46:41+00:00,station1,298.0,0.0,3.035,11.826,0.0,632671.3636363635,12557135.018181818,0.0,5.0613709090909085,100.45708014545454,vrf_leakage,compound_bgp_route_flap_02_vrf_leakage
2026-07-21T06:46:41+00:00,station2,,0.0,0.509,11.918,0.0,11168146.49090909,563495.8545454546,4.0,89.34517192727272,4.507966836363637,vrf_leakage,compound_bgp_route_flap_02_vrf_leakage
2026-07-21T06:46:41+00:00,station3,,0.0,0.841,4.751,0.0,202.83636363636364,1076.6363636363635,,0.001622690909090909,0.008613090909090909,vrf_leakage,compound_bgp_route_flap_02_vrf_leakage
2026-07-21T06:46:56+00:00,station1,298.0,0.0,1.568,11.315,0.0,493088.8909090909,9784980.927272728,0.0,3.944711127272727,78.27984741818182,vrf_leakage,compound_bgp_route_flap_02_vrf_leakage
2026-07-21T06:46:56+00:00,station2,,0.0,1.828,11.302,0.0,10993661.945454543,555325.3454545455,4.0,87.94929556363635,4.442602763636364,vrf_leakage,compound_bgp_route_flap_02_vrf_leakage
2026-07-21T06:46:56+00:00,station3,,0.0,0.012,0.283,0.0,240.76363636363632,1291.709090909091,,0.0019261090909090907,0.010333672727272727,vrf_leakage,compound_bgp_route_flap_02_vrf_leakage
2026-07-21T06:47:11+00:00,station1,298.0,0.0,1.627,17.036,0.0,553645.5466065487,10995479.501118122,0.0,4.42916437285239,87.96383600894498,vrf_leakage,compound_bgp_route_flap_02_vrf_leakage
2026-07-21T06:47:11+00:00,station2,,0.0,1.4,11.755,0.0,8760395.145454545,442650.8363636363,4.0,70.08316116363636,3.5412066909090902,vrf_leakage,compound_bgp_route_flap_02_vrf_leakage
2026-07-21T06:47:11+00:00,station3,,0.0,0.89,4.275,0.0,199.8181818181818,1077.4181818181817,,0.0015985454545454545,0.008619345454545454,vrf_leakage,compound_bgp_route_flap_02_vrf_leakage
2026-07-21T06:47:26+00:00,station1,298.0,0.0,2.551,17.291,0.0,441389.70909090905,8760353.818181818,0.0,3.531117672727272,70.08283054545454,vrf_leakage,compound_bgp_route_flap_02_vrf_leakage
2026-07-21T06:47:26+00:00,station2,,0.0,2.604,16.118,25.0,10994098.363636363,554814.2545454545,4.0,87.9527869090909,4.438514036363636,vrf_leakage,compound_bgp_route_flap_02_vrf_leakage
2026-07-21T06:47:26+00:00,station3,,0.0,0.43,4.643,0.0,240.76363636363632,1294.581818181818,,0.0019261090909090907,0.010356654545454544,vrf_leakage,compound_bgp_route_flap_02_vrf_leakage
2026-07-21T06:47:41+00:00,station1,298.0,0.0,2.022,16.366,0.0,552570.8909090909,10994479.745454544,0.0,4.420567127272727,87.95583796363636,vrf_leakage,compound_bgp_route_flap_02_vrf_leakage
2026-07-21T06:47:41+00:00,station2,,0.0,2.979,18.179,0.0,9026588.29090909,454922.2727272727,4.0,72.21270632727271,3.6393781818181816,vrf_leakage,compound_bgp_route_flap_02_vrf_leakage
2026-07-21T06:47:41+00:00,station3,,0.0,0.803,5.144,0.0,202.94545454545454,1081.6,,0.0016235636363636362,0.008652799999999999,vrf_leakage,compound_bgp_route_flap_02_vrf_leakage
2026-07-21T06:47:56+00:00,station1,298.0,0.0,0.738,15.069,0.0,559986.4545454546,11170089.781818181,0.0,4.479891636363637,89.36071825454545,vrf_leakage,compound_bgp_route_flap_02_vrf_leakage
2026-07-21T06:47:56+00:00,station2,,0.0,3.938,17.687,0.0,13311405.818181816,669663.3636363635,4.0,106.49124654545453,5.357306909090909,vrf_leakage,compound_bgp_route_flap_02_vrf_leakage
2026-07-21T06:47:56+00:00,station3,,0.0,0.438,4.686,0.0,240.43636363636364,1293.909090909091,,0.001923490909090909,0.010351272727272728,vrf_leakage,compound_bgp_route_flap_02_vrf_leakage
2026-07-21T06:48:11+00:00,station1,304.0,0.0,2.811,17.884,0.0,564592.5744104439,11264008.527427772,0.0,4.516740595283551,90.11206821942217,vrf_leakage,compound_bgp_route_flap_02_vrf_leakage
2026-07-21T06:48:11+00:00,station2,,0.0,2.564,15.85,25.0,9030146.0,453306.39999999997,4.0,72.241168,3.6264511999999995,vrf_leakage,compound_bgp_route_flap_02_vrf_leakage
2026-07-21T06:48:11+00:00,station3,,0.0,0.037,0.255,0.0,202.4,1080.5454545454545,,0.0016192000000000001,0.008644363636363636,vrf_leakage,compound_bgp_route_flap_02_vrf_leakage
2026-07-21T06:48:26+00:00,station1,304.0,0.0,3.688,19.084,0.0,451661.8545454545,9027717.236363636,0.0,3.613294836363636,72.2217378909091,vrf_leakage,compound_bgp_route_flap_02_vrf_leakage
2026-07-21T06:48:26+00:00,station2,,0.0,1.46,17.3,0.0,11257499.163636362,564371.4727272727,4.0,90.0599933090909,4.514971781818181,vrf_leakage,compound_bgp_route_flap_02_vrf_leakage
2026-07-21T06:48:26+00:00,station3,,0.0,231.006,451.664,0.0,270.1818181818182,1326.2545454545455,,0.0021614545454545454,0.010610036363636364,vrf_leakage,compound_bgp_route_flap_02_vrf_leakage
2026-07-21T06:48:41+00:00,station1,311.0,0.0,2.916,17.444,0.0,562616.3300183626,11257158.500445431,0.0,4.500930640146901,90.05726800356345,vrf_leakage,compound_bgp_route_flap_02_vrf_leakage
2026-07-21T06:48:41+00:00,station2,,0.0,2.669,18.222,0.0,9022938.363636363,452189.4909090909,4.0,72.18350690909091,3.617515927272727,vrf_leakage,compound_bgp_route_flap_02_vrf_leakage
2026-07-21T06:48:41+00:00,station3,,0.0,770.116,1005.302,0.0,234.39999999999998,1114.6545454545453,,0.0018751999999999998,0.008917236363636363,vrf_leakage,compound_bgp_route_flap_02_vrf_leakage
2026-07-21T06:48:56+00:00,station1,314.0,0.0,0.505,18.332,0.0,510643.9389807088,10230324.07861961,0.0,4.0851515118456705,81.84259262895688,vrf_leakage,compound_bgp_route_flap_02_vrf_leakage
2026-07-21T06:48:56+00:00,station2,,0.0,1.628,18.951,25.0,11343661.2,567320.4,4.0,90.7492896,4.5385632000000005,vrf_leakage,compound_bgp_route_flap_02_vrf_leakage
2026-07-21T06:48:56+00:00,station3,,0.0,574.059,864.419,0.0,272.94545454545454,1326.7818181818182,,0.002183563636363636,0.010614254545454544,vrf_leakage,compound_bgp_route_flap_02_vrf_leakage
2026-07-21T06:49:11+00:00,station1,317.0,0.0,3.612,17.774,0.0,603777.2363636363,12088616.8,0.0,4.830217890909091,96.7089344,vrf_leakage,compound_bgp_route_flap_02_vrf_leakage
2026-07-21T06:49:11+00:00,station2,,0.0,2.766,17.716,0.0,10970283.181818182,548529.6181818182,4.0,87.76226545454546,4.388236945454545,vrf_leakage,compound_bgp_route_flap_02_vrf_leakage
2026-07-21T06:49:11+00:00,station3,,0.0,520.058,451.148,0.0,207.63636363636363,1080.581818181818,,0.001661090909090909,0.008644654545454544,vrf_leakage,compound_bgp_route_flap_02_vrf_leakage
2026-07-21T06:49:26+00:00,station1,317.0,0.0,494.354,404.306,0.0,448313.97610952525,8971188.542026509,0.0,3.586511808876202,71.76950833621207,vrf_leakage,compound_bgp_route_flap_02_vrf_leakage
2026-07-21T06:49:26+00:00,station2,,0.0,490.757,391.753,0.0,11200396.6,560899.8545454546,4.0,89.6031728,4.487198836363637,vrf_leakage,compound_bgp_route_flap_02_vrf_leakage
2026-07-21T06:49:26+00:00,station3,,0.0,491.159,387.072,0.0,247.45454545454544,1298.9272727272726,,0.0019796363636363635,0.01039141818181818,vrf_leakage,compound_bgp_route_flap_02_vrf_leakage
2026-07-21T06:49:41+00:00,station1,318.0,0.0,664.052,520.582,25.0,560342.2545454545,11200257.618181817,0.0,4.482738036363636,89.60206094545454,vrf_leakage,compound_bgp_route_flap_02_vrf_leakage
2026-07-21T06:49:41+00:00,station2,,0.0,514.302,1180.703,0.0,8965892.709090909,449519.7636363636,4.0,71.72714167272727,3.5961581090909087,vrf_leakage,compound_bgp_route_flap_02_vrf_leakage
2026-07-21T06:49:41+00:00,station3,,0.0,507.612,1189.595,0.0,205.96363636363634,1083.0181818181818,,0.0016477090909090908,0.008664145454545455,vrf_leakage,compound_bgp_route_flap_02_vrf_leakage
2026-07-21T06:49:56+00:00,station1,318.0,0.0,420.877,1374.567,50.0,449015.16363636364,8970667.345454544,0.0,3.592121309090909,71.76533876363635,vrf_leakage,compound_bgp_route_flap_02_vrf_leakage
2026-07-21T06:49:56+00:00,station2,,0.0,449.717,405.683,0.0,11199526.127272727,562062.4363636363,4.0,89.59620901818181,4.49649949090909,vrf_leakage,compound_bgp_route_flap_02_vrf_leakage
2026-07-21T06:49:56+00:00,station3,,0.0,514.624,429.524,0.0,236.25454545454542,1294.3272727272727,,0.0018900363636363633,0.010354618181818181,vrf_leakage,compound_bgp_route_flap_02_vrf_leakage
2026-07-21T06:50:11+00:00,station1,318.0,0.0,793.86,992.005,0.0,625748.3682114871,12501553.480845803,0.0,5.005986945691896,100.01242784676643,vrf_leakage,compound_bgp_route_flap_02_vrf_leakage
2026-07-21T06:50:11+00:00,station2,,0.0,508.56,622.22,0.0,11156335.036363635,559611.6727272726,4.0,89.25068029090909,4.476893381818181,vrf_leakage,compound_bgp_route_flap_02_vrf_leakage
2026-07-21T06:50:11+00:00,station3,,0.0,511.698,608.795,0.0,192.14545454545453,1074.090909090909,,0.0015371636363636363,0.008592727272727273,vrf_leakage,compound_bgp_route_flap_02_vrf_leakage
2026-07-21T06:50:26+00:00,station1,318.0,0.0,3.946,16.497,0.0,491583.8545454545,9822461.236363636,0.0,3.932670836363636,78.5796898909091,vrf_leakage,compound_bgp_route_flap_02_vrf_leakage
2026-07-21T06:50:26+00:00,station2,,0.0,2.858,15.048,0.0,10935116.163636362,548686.3454545455,4.0,87.4809293090909,4.389490763636363,vrf_leakage,compound_bgp_route_flap_02_vrf_leakage
2026-07-21T06:50:26+00:00,station3,,0.0,0.044,0.253,0.0,235.19999999999996,1293.3272727272727,,0.0018815999999999998,0.01034661818181818,vrf_leakage,compound_bgp_route_flap_02_vrf_leakage
2026-07-21T06:50:41+00:00,station1,318.0,0.0,0.44,21.246,0.0,439357.4246804488,8778059.328351425,0.0,3.5148593974435904,70.2244746268114,vrf_leakage,compound_bgp_route_flap_02_vrf_leakage
2026-07-21T06:50:41+00:00,station2,,0.0,3.253,17.51,0.0,6542445.8,328987.63636363635,4.0,52.339566399999995,2.631901090909091,vrf_leakage,compound_bgp_route_flap_02_vrf_leakage
2026-07-21T06:50:41+00:00,station3,,0.0,0.046,0.315,0.0,198.29090909090908,1075.7818181818182,,0.0015863272727272726,0.008606254545454545,vrf_leakage,compound_bgp_route_flap_02_vrf_leakage
2026-07-21T06:50:56+00:00,station1,318.0,0.0,2.456,18.61,0.0,327361.94545454544,6545069.272727272,0.0,2.6188955636363636,52.36055418181817,vrf_leakage,compound_bgp_route_flap_02_vrf_leakage
2026-07-21T06:50:56+00:00,station2,,0.0,1.195,17.193,0.0,8774547.290909091,440189.70909090905,4.0,70.19637832727273,3.5215176727272723,vrf_leakage,compound_bgp_route_flap_02_vrf_leakage
2026-07-21T06:50:56+00:00,station3,,0.0,709.617,870.373,0.0,235.99999999999997,1289.4181818181817,,0.0018879999999999997,0.010315345454545453,vrf_leakage,compound_bgp_route_flap_02_vrf_leakage
2026-07-21T06:51:11+00:00,station1,318.0,0.0,1.066,20.856,0.0,438496.5272727272,8777405.272727272,0.0,3.5079722181818176,70.21924218181817,vrf_leakage,compound_bgp_route_flap_02_vrf_leakage
2026-07-21T06:51:11+00:00,station2,,0.0,1.552,17.68,0.0,6766759.545454545,339202.61818181816,4.0,54.13407636363636,2.7136209454545455,vrf_leakage,compound_bgp_route_flap_02_vrf_leakage
2026-07-21T06:51:11+00:00,station3,,0.0,564.776,1230.72,0.0,189.67272727272726,1067.581818181818,,0.001517381818181818,0.008540654545454544,vrf_leakage,compound_bgp_route_flap_02_vrf_leakage
2026-07-21T06:51:26+00:00,station1,318.0,0.0,3.117,18.872,0.0,505011.3818181818,10114982.418181816,0.0,4.040091054545454,80.91985934545453,vrf_leakage,compound_bgp_route_flap_02_vrf_leakage
2026-07-21T06:51:26+00:00,station2,,0.0,1.209,14.992,0.0,11228245.727272727,561889.3636363635,4.0,89.82596581818181,4.495114909090908,vrf_leakage,compound_bgp_route_flap_02_vrf_leakage
2026-07-21T06:51:26+00:00,station3,,0.0,168.358,218.248,0.0,234.9090909090909,1289.909090909091,,0.0018792727272727273,0.010319272727272727,vrf_leakage,compound_bgp_route_flap_02_vrf_leakage
2026-07-21T06:51:41+00:00,station1,318.0,0.0,1.646,18.028,0.0,608874.1636363636,12202451.163636362,0.0,4.870993309090909,97.6196093090909,vrf_leakage,compound_bgp_route_flap_02_vrf_leakage
2026-07-21T06:51:41+00:00,station2,,0.0,2.336,17.915,0.0,11085096.09090909,554241.0909090909,4.0,88.68076872727272,4.433928727272727,vrf_leakage,compound_bgp_route_flap_02_vrf_leakage
2026-07-21T06:51:41+00:00,station3,,0.0,601.22,1334.067,25.0,200.47272727272727,1080.8,,0.0016037818181818182,0.0086464,vrf_leakage,compound_bgp_route_flap_02_vrf_leakage
2026-07-21T06:51:56+00:00,station1,318.0,0.0,575.029,423.289,25.0,428913.87272727274,8625701.290909091,0.0,3.4313109818181817,69.00561032727273,vrf_leakage,compound_bgp_route_flap_02_vrf_leakage
2026-07-21T06:51:56+00:00,station2,,0.0,544.584,1164.936,0.0,10856134.927272728,541550.8545454545,4.0,86.84907941818182,4.332406836363636,vrf_leakage,compound_bgp_route_flap_02_vrf_leakage
2026-07-21T06:51:56+00:00,station3,,0.0,547.367,1156.983,0.0,235.56363636363633,1292.9636363636362,,0.0018845090909090907,0.010343709090909089,vrf_leakage,compound_bgp_route_flap_02_vrf_leakage
2026-07-21T06:52:11+00:00,station1,318.0,0.0,769.562,967.89,0.0,539934.3454545455,10856160.654545454,0.0,4.3194747636363635,86.84928523636363,vrf_leakage,compound_bgp_route_flap_02_vrf_leakage
2026-07-21T06:52:11+00:00,station2,,0.0,509.974,468.782,0.0,8623455.98181818,429785.99999999994,4.0,68.98764785454544,3.4382879999999996,vrf_leakage,compound_bgp_route_flap_02_vrf_leakage
2026-07-21T06:52:11+00:00,station3,,0.0,506.496,470.849,0.0,191.4181818181818,1071.5272727272727,,0.0015313454545454544,0.008572218181818182,vrf_leakage,compound_bgp_route_flap_02_vrf_leakage
2026-07-21T06:52:26+00:00,station1,318.0,0.0,839.533,1031.98,25.0,428855.2519136712,8628207.567410316,0.0,3.4308420153093695,69.02566053928253,vrf_leakage,compound_bgp_route_flap_02_vrf_leakage
2026-07-21T06:52:26+00:00,station2,,0.0,538.274,822.744,0.0,10858564.2,541301.3818181817,4.0,86.8685136,4.330411054545454,vrf_leakage,compound_bgp_route_flap_02_vrf_leakage
2026-07-21T06:52:26+00:00,station3,,0.0,540.455,811.704,0.0,237.74545454545452,1293.1454545454544,,0.0019019636363636363,0.010345163636363635,vrf_leakage,compound_bgp_route_flap_02_vrf_leakage
2026-07-21T06:52:41+00:00,station1,318.0,0.0,348.372,471.086,25.0,598731.8727272727,12046977.07272727,0.0,4.7898549818181815,96.37581658181816,vrf_leakage,compound_bgp_route_flap_02_vrf_leakage
2026-07-21T06:52:41+00:00,station2,,0.0,1448.628,2273.818,0.0,10929444.745454544,544356.7999999999,4.0,87.43555796363636,4.3548544,vrf_leakage,compound_bgp_route_flap_02_vrf_leakage
2026-07-21T06:52:41+00:00,station3,,0.0,1246.176,1422.202,0.0,202.65454545454543,1081.381818181818,,0.0016212363636363635,0.008651054545454544,vrf_leakage,compound_bgp_route_flap_02_vrf_leakage
2026-07-21T06:52:56+00:00,station1,318.0,0.0,1.668,17.027,0.0,513483.10909090907,10307409.309090909,0.0,4.107864872727273,82.45927447272727,vrf_leakage,compound_bgp_route_flap_02_vrf_leakage
2026-07-21T06:52:56+00:00,station2,,0.0,3.767,14.164,0.0,11420797.909090908,570104.9636363635,4.0,91.36638327272726,4.560839709090908,vrf_leakage,compound_bgp_route_flap_02_vrf_leakage
2026-07-21T06:52:56+00:00,station3,,0.0,0.049,0.236,0.0,241.99999999999997,1297.9454545454544,,0.0019359999999999998,0.010383563636363636,vrf_leakage,compound_bgp_route_flap_02_vrf_leakage
2026-07-21T06:53:11+00:00,station1,318.0,0.0,3.857,17.804,0.0,430469.4641915601,8641035.799349103,0.0,3.443755713532481,69.12828639479282,vrf_leakage,compound_bgp_route_flap_02_vrf_leakage
2026-07-21T06:53:11+00:00,station2,,0.0,0.393,13.586,25.0,6958172.054545454,347469.309090909,4.0,55.66537643636363,2.779754472727272,vrf_leakage,compound_bgp_route_flap_02_vrf_leakage
2026-07-21T06:53:11+00:00,station3,,0.0,0.039,0.26,0.0,196.76363636363632,1077.1090909090908,,0.0015741090909090906,0.008616872727272726,vrf_leakage,compound_bgp_route_flap_02_vrf_leakage
2026-07-21T06:53:26+00:00,station1,318.0,0.0,0.315,14.383,0.0,319288.7426368992,6409459.27568904,0.0,2.5543099410951933,51.275674205512324,vrf_leakage,compound_bgp_route_flap_02_vrf_leakage
2026-07-21T06:53:26+00:00,station2,,0.0,1.129,18.697,0.0,8640124.38181818,431971.99999999994,4.0,69.12099505454545,3.4557759999999997,vrf_leakage,compound_bgp_route_flap_02_vrf_leakage
2026-07-21T06:53:26+00:00,station3,,0.0,0.293,4.281,0.0,239.8181818181818,1295.4363636363635,,0.0019185454545454545,0.010363490909090908,vrf_leakage,compound_bgp_route_flap_02_vrf_leakage
2026-07-21T06:53:41+00:00,station1,318.0,0.0,2.567,19.021,0.0,430836.3725614967,8644131.411013944,0.0,3.4466909804919736,69.15305128811156,vrf_leakage,compound_bgp_route_flap_02_vrf_leakage
2026-07-21T06:53:41+00:00,station2,,0.0,2.088,15.053,0.0,6411908.418181818,320829.41818181815,4.0,51.29526734545454,2.566635345454545,vrf_leakage,compound_bgp_route_flap_02_vrf_leakage
2026-07-21T06:53:41+00:00,station3,,0.0,0.373,4.261,0.0,198.83636363636364,1076.8181818181818,,0.0015906909090909092,0.008614545454545455,vrf_leakage,compound_bgp_route_flap_02_vrf_leakage
2026-07-21T06:53:56+00:00,station1,318.0,0.0,2.924,16.469,0.0,474008.1274204986,9501277.386861581,0.0,3.7920650193639887,76.01021909489265,vrf_leakage,compound_bgp_route_flap_02_vrf_leakage
2026-07-21T06:53:56+00:00,station2,,0.0,2.332,17.232,0.0,10617339.836363636,530665.0909090909,4.0,84.93871869090908,4.245320727272728,vrf_leakage,compound_bgp_route_flap_02_vrf_leakage
2026-07-21T06:53:56+00:00,station3,,0.0,0.573,4.371,0.0,233.8181818181818,1287.6181818181817,,0.0018705454545454546,0.010300945454545454,vrf_leakage,compound_bgp_route_flap_02_vrf_leakage
2026-07-21T06:54:11+00:00,station1,318.0,0.0,3.032,15.404,0.0,639919.909090909,12841007.254545454,0.0,5.119359272727271,102.72805803636363,vrf_leakage,compound_bgp_route_flap_02_vrf_leakage
2026-07-21T06:54:11+00:00,station2,,0.0,1.461,19.173,0.0,11169606.781818181,557750.2545454545,4.0,89.35685425454545,4.462002036363637,vrf_leakage,compound_bgp_route_flap_02_vrf_leakage
2026-07-21T06:54:11+00:00,station3,,0.0,0.562,5.49,0.0,190.76363636363632,1068.290909090909,,0.0015261090909090907,0.008546327272727272,vrf_leakage,compound_bgp_route_flap_02_vrf_leakage
2026-07-21T06:54:26+00:00,station1,318.0,0.0,3.607,16.481,0.0,433240.9266128446,8699635.48258055,0.0,3.4659274129027566,69.5970838606444,vrf_leakage,compound_bgp_route_flap_02_vrf_leakage
2026-07-21T06:54:26+00:00,station2,,0.0,433.021,778.387,0.0,10931713.327272726,545747.7090909091,4.0,87.45370661818181,4.365981672727273,vrf_leakage,compound_bgp_route_flap_02_vrf_leakage
2026-07-21T06:54:26+00:00,station3,,0.0,511.109,937.196,25.0,233.8181818181818,1288.0727272727272,,0.0018705454545454546,0.010304581818181818,vrf_leakage,compound_bgp_route_flap_02_vrf_leakage
2026-07-21T06:54:41+00:00,station1,318.0,0.0,497.454,449.523,0.0,544466.6,10930116.909090908,0.0,4.3557328,87.44093527272726,vrf_leakage,compound_bgp_route_flap_02_vrf_leakage
2026-07-21T06:54:41+00:00,station2,,0.0,552.654,1073.756,0.0,8696183.509090908,434202.10909090907,4.0,69.56946807272726,3.4736168727272725,vrf_leakage,compound_bgp_route_flap_02_vrf_leakage
2026-07-21T06:54:41+00:00,station3,,0.0,553.981,1061.237,0.0,196.76363636363632,1076.5272727272727,,0.0015741090909090906,0.008612218181818182,vrf_leakage,compound_bgp_route_flap_02_vrf_leakage
2026-07-21T06:54:56+00:00,station1,318.0,0.0,824.488,890.273,25.0,433040.79777466686,8694054.70610694,0.0,3.464326382197335,69.55243764885552,vrf_leakage,compound_bgp_route_flap_02_vrf_leakage
2026-07-21T06:54:56+00:00,station2,,0.0,608.844,826.514,25.0,10927543.545454543,545891.7818181817,4.0,87.42034836363635,4.367134254545454,vrf_leakage,compound_bgp_route_flap_02_vrf_leakage
2026-07-21T06:54:56+00:00,station3,,0.0,608.017,1029.341,25.0,235.56363636363633,1293.1454545454544,,0.0018845090909090907,0.010345163636363635,vrf_leakage,compound_bgp_route_flap_02_vrf_leakage
2026-07-21T06:55:11+00:00,station1,318.0,0.0,484.288,377.567,0.0,572683.4,11492548.69090909,0.0,4.5814672000000005,91.94038952727271,vrf_leakage,compound_bgp_route_flap_02_vrf_leakage
2026-07-21T06:55:11+00:00,station2,,0.0,222.316,251.623,0.0,10374318.763636362,518404.7818181818,4.0,82.9945501090909,4.147238254545455,vrf_leakage,compound_bgp_route_flap_02_vrf_leakage
2026-07-21T06:55:11+00:00,station3,,0.0,350.296,511.329,0.0,194.9090909090909,1077.6545454545453,,0.0015592727272727273,0.008621236363636363,vrf_leakage,compound_bgp_route_flap_02_vrf_leakage
2026-07-21T06:55:26+00:00,station1,318.0,0.0,1.32,19.073,0.0,541388.7020235995,10857216.250613626,0.0,4.3311096161887965,86.85773000490902,vrf_leakage,compound_bgp_route_flap_02_vrf_leakage
2026-07-21T06:55:26+00:00,station2,,0.0,0.967,13.058,0.0,11972058.4,598496.3818181817,4.0,95.7764672,4.787971054545454,vrf_leakage,compound_bgp_route_flap_02_vrf_leakage
2026-07-21T06:55:26+00:00,station3,,0.0,0.049,0.245,0.0,235.34545454545454,1297.3090909090909,,0.0018827636363636365,0.010378472727272726,vrf_leakage,compound_bgp_route_flap_02_vrf_leakage
2026-07-21T06:55:41+00:00,station1,318.0,0.0,3.038,15.107,0.0,437990.16381520336,8786071.998690933,0.0,3.5039213105216267,70.28857598952746,vrf_leakage,compound_bgp_route_flap_02_vrf_leakage
2026-07-21T06:55:41+00:00,station2,,0.0,0.955,14.367,0.0,7508209.927272727,375768.5272727272,4.0,60.065679418181816,3.006148218181818,vrf_leakage,compound_bgp_route_flap_02_vrf_leakage
2026-07-21T06:55:41+00:00,station3,,0.0,0.018,0.313,0.0,199.16363636363633,1081.7090909090907,,0.0015933090909090906,0.008653672727272726,vrf_leakage,compound_bgp_route_flap_02_vrf_leakage
2026-07-21T06:55:56+00:00,station1,318.0,0.0,1173.409,966.421,50.0,326794.65827894036,6552294.794640097,0.0,2.614357266231523,52.41835835712077,vrf_leakage,compound_bgp_route_flap_02_vrf_leakage
2026-07-21T06:55:56+00:00,station2,,0.0,1164.478,1637.984,0.0,8785099.49090909,439850.2909090909,4.0,70.28079592727272,3.518802327272727,vrf_leakage,compound_bgp_route_flap_02_vrf_leakage
2026-07-21T06:55:56+00:00,station3,,0.0,1313.746,1420.67,0.0,234.69090909090906,1292.9454545454544,,0.0018775272727272726,0.010343563636363635,vrf_leakage,compound_bgp_route_flap_02_vrf_leakage
2026-07-21T06:56:11+00:00,station1,318.0,0.0,837.337,966.041,40.0,438827.42131961236,8783961.36433883,0.0,3.510619370556899,70.27169091471065,vrf_leakage,compound_bgp_route_flap_02_vrf_leakage
2026-07-21T06:56:11+00:00,station2,,0.0,451.957,377.918,0.0,6551872.018181818,328463.6,4.0,52.41497614545454,2.6277087999999997,vrf_leakage,compound_bgp_route_flap_02_vrf_leakage
2026-07-21T06:56:11+00:00,station3,,0.0,477.695,339.354,0.0,190.3272727272727,1069.8727272727272,,0.0015226181818181817,0.008558981818181818,vrf_leakage,compound_bgp_route_flap_02_vrf_leakage
2026-07-21T06:56:26+00:00,station1,318.0,0.0,39.012,83.393,25.0,453836.58478936745,9090164.469736913,0.0,3.6306926783149396,72.72131575789531,vrf_leakage,compound_bgp_route_flap_02_vrf_leakage
2026-07-21T06:56:26+00:00,station2,,0.0,585.47,1054.094,0.0,10206454.236363636,510424.72727272724,4.0,81.6516338909091,4.083397818181818,vrf_leakage,compound_bgp_route_flap_02_vrf_leakage
2026-07-21T06:56:26+00:00,station3,,0.0,582.866,1052.997,0.0,240.47272727272727,1292.8363636363636,,0.0019237818181818181,0.010342690909090908,vrf_leakage,compound_bgp_route_flap_02_vrf_leakage
2026-07-21T06:56:41+00:00,station1,318.0,0.0,481.418,689.037,40.0,660848.3454545455,13249469.98181818,0.0,5.286786763636363,105.99575985454544,vrf_leakage,compound_bgp_route_flap_02_vrf_leakage
2026-07-21T06:56:41+00:00,station2,,0.0,836.532,1214.347,0.0,11161123.654545454,557792.4909090908,4.0,89.28898923636363,4.462339927272727,vrf_leakage,compound_bgp_route_flap_02_vrf_leakage
2026-07-21T06:56:41+00:00,station3,,0.0,536.094,480.87,0.0,202.76363636363632,1079.6545454545453,,0.0016221090909090906,0.008637236363636362,vrf_leakage,compound_bgp_route_flap_02_vrf_leakage
2026-07-21T06:56:56+00:00,station1,318.0,0.0,2.243,15.245,0.0,437668.2423955928,8782749.78636752,0.0,3.5013459391647426,70.26199829094017,vrf_leakage,compound_bgp_route_flap_02_vrf_leakage
2026-07-21T06:56:56+00:00,station2,,0.0,0.883,19.614,0.0,9897645.945454543,494678.14545454545,4.0,79.18116756363635,3.9574251636363638,vrf_leakage,compound_bgp_route_flap_02_vrf_leakage
2026-07-21T06:56:56+00:00,station3,,0.0,0.025,0.235,0.0,240.03636363636363,1293.909090909091,,0.001920290909090909,0.010351272727272728,vrf_leakage,compound_bgp_route_flap_02_vrf_leakage
2026-07-21T06:57:11+00:00,station1,318.0,0.0,704.665,828.64,0.0,435508.3543935565,8733414.647006417,0.0,3.484066835148452,69.86731717605133,vrf_leakage,compound_bgp_route_flap_02_vrf_leakage
2026-07-21T06:57:11+00:00,station2,,0.0,815.835,1233.285,20.0,6501730.2,324848.4545454545,4.0,52.0138416,2.5987876363636357,vrf_leakage,compound_bgp_route_flap_02_vrf_leakage
2026-07-21T06:57:11+00:00,station3,,0.0,799.418,963.976,0.0,192.5090909090909,1070.290909090909,,0.0015400727272727273,0.008562327272727273,vrf_leakage,compound_bgp_route_flap_02_vrf_leakage
2026-07-21T06:57:26+00:00,station1,318.0,0.0,1489.044,1779.66,0.0,322940.61818181816,6502986.818181817,0.0,2.5835249454545455,52.02389454545454,vrf_leakage,compound_bgp_route_flap_02_vrf_leakage
2026-07-21T06:57:26+00:00,station2,,0.0,1420.558,1969.434,0.0,8735684.38181818,434965.0727272727,0.0,69.88547505454545,3.4797205818181816,vrf_leakage,compound_bgp_route_flap_02_vrf_leakage
2026-07-21T06:57:26+00:00,station3,,0.0,1447.264,2948.106,0.0,231.38181818181818,1293.0545454545454,,0.0018510545454545454,0.010344436363636363,vrf_leakage,compound_bgp_route_flap_02_vrf_leakage
2026-07-21T06:57:41+00:00,station1,318.0,0.0,2045.601,4085.559,0.0,439120.16363636364,8885710.6,0.0,3.512961309090909,71.0856848,vrf_leakage,compound_bgp_route_flap_02_vrf_leakage
2026-07-21T06:57:41+00:00,station2,,0.0,1420.558,1969.434,0.0,7767646.818181817,385432.2,0.0,62.14117454545454,3.0834576,vrf_leakage,compound_bgp_route_flap_02_vrf_leakage
2026-07-21T06:57:41+00:00,station3,,0.0,1447.264,2948.106,0.0,194.1090909090909,1077.890909090909,,0.0015528727272727271,0.00862312727272727,vrf_leakage,compound_bgp_route_flap_02_vrf_leakage
2026-07-21T06:57:56+00:00,station1,318.0,0.0,1666.114,2344.366,40.0,548942.0503309331,11120577.605644045,0.0,4.391536402647464,88.96462084515237,vrf_leakage,compound_bgp_route_flap_02_vrf_leakage
2026-07-21T06:57:56+00:00,station2,,0.0,1451.516,2242.791,20.0,12236370.563636363,605432.4,0.0,97.8909645090909,4.8434592,vrf_leakage,compound_bgp_route_flap_02_vrf_leakage
2026-07-21T06:57:56+00:00,station3,,0.0,1402.333,1987.568,0.0,230.7272727272727,1291.8181818181815,,0.0018458181818181815,0.010334545454545452,vrf_leakage,compound_bgp_route_flap_02_vrf_leakage
2026-07-21T06:58:11+00:00,station1,318.0,0.0,0.719,1.353,0.0,551701.1508881657,11216993.563753387,0.0,4.413609207105326,89.7359485100271,vrf_leakage,compound_bgp_route_flap_02_vrf_leakage
2026-07-21T06:58:11+00:00,station2,,0.0,1451.516,2242.791,100.0,10098486.818181816,498400.0909090909,0.0,80.78789454545453,3.987200727272727,vrf_leakage,compound_bgp_route_flap_02_vrf_leakage
2026-07-21T06:58:11+00:00,station3,,0.0,2938.254,5406.432,0.0,194.03636363636363,1068.2727272727273,,0.0015522909090909091,0.008546181818181817,vrf_leakage,compound_bgp_route_flap_02_vrf_leakage
2026-07-21T06:58:26+00:00,station1,318.0,0.0,0.141,2.291,0.0,437699.7454545454,8859187.290909091,0.0,3.5015979636363634,70.87349832727273,vrf_leakage,compound_bgp_route_flap_02_vrf_leakage
2026-07-21T06:58:26+00:00,station2,,0.0,0.413,2.127,0.0,11091578.709090909,549313.1636363636,0.0,88.73262967272727,4.394505309090909,vrf_leakage,compound_bgp_route_flap_02_vrf_leakage
2026-07-21T06:58:26+00:00,station3,,0.0,1418.002,1962.232,0.0,235.0181818181818,1289.3636363636363,,0.0018801454545454544,0.01031490909090909,vrf_leakage,compound_bgp_route_flap_02_vrf_leakage
2026-07-21T06:58:41+00:00,station1,318.0,0.0,0.257,1.857,0.0,549045.9818181818,11093615.545454543,0.0,4.392367854545454,88.74892436363635,vrf_leakage,compound_bgp_route_flap_02_vrf_leakage
2026-07-21T06:58:41+00:00,station2,,0.0,0.439,2.632,0.0,8857974.709090909,439682.3272727272,0.0,70.86379767272727,3.5174586181818177,vrf_leakage,compound_bgp_route_flap_02_vrf_leakage
2026-07-21T06:58:41+00:00,station3,,0.0,2941.349,5390.719,0.0,200.58181818181816,1074.2363636363636,,0.0016046545454545453,0.00859389090909091,vrf_leakage,compound_bgp_route_flap_02_vrf_leakage
2026-07-21T06:58:56+00:00,station1,318.0,0.0,1.012,2.445,0.0,440066.67272727273,8858506.89090909,0.0,3.520533381818182,70.86805512727273,vrf_leakage,compound_bgp_route_flap_02_vrf_leakage
2026-07-21T06:58:56+00:00,station2,,0.0,1.113,3.012,0.0,11090758.527272727,551853.3272727273,0.0,88.72606821818182,4.414826618181818,vrf_leakage,compound_bgp_route_flap_02_vrf_leakage
2026-07-21T06:58:56+00:00,station3,,0.0,2789.919,4501.072,0.0,242.0363636363636,1289.109090909091,,0.001936290909090909,0.010312872727272729,vrf_leakage,compound_bgp_route_flap_02_vrf_leakage
2026-07-21T06:59:11+00:00,station1,318.0,0.0,0.821,0.856,0.0,659811.9454545454,13281502.236363636,0.0,5.278495563636364,106.25201789090909,vrf_leakage,compound_bgp_route_flap_02_vrf_leakage
2026-07-21T06:59:11+00:00,station2,,0.0,0.315,2.109,0.0,11171003.69090909,555403.6545454545,0.0,89.36802952727271,4.443229236363637,vrf_leakage,compound_bgp_route_flap_02_vrf_leakage
2026-07-21T06:59:11+00:00,station3,,0.0,2942.002,5382.515,0.0,185.9272727272727,1073.1272727272726,,0.0014874181818181817,0.00858501818181818,vrf_leakage,compound_bgp_route_flap_02_vrf_leakage
2026-07-21T06:59:26+00:00,station1,318.0,0.0,0.016,0.255,0.0,450158.90909090906,9066630.745454544,0.0,3.6012712727272724,72.53304596363635,vrf_leakage,compound_bgp_route_flap_02_vrf_leakage
2026-07-21T06:59:26+00:00,station2,,0.0,1418.999,1964.9,0.0,11084454.67272727,552688.9090909091,0.0,88.67563738181816,4.4215112727272725,vrf_leakage,compound_bgp_route_flap_02_vrf_leakage
2026-07-21T06:59:26+00:00,station3,,0.0,1413.691,1949.665,0.0,239.85454545454544,1291.1272727272726,,0.0019188363636363636,0.010329018181818181,vrf_leakage,compound_bgp_route_flap_02_vrf_leakage
2026-07-21T06:59:41+00:00,station1,318.0,0.0,1401.156,1998.255,0.0,552748.7954326443,11086387.75250459,0.0,4.421990363461155,88.69110202003672,vrf_leakage,compound_bgp_route_flap_02_vrf_leakage
2026-07-21T06:59:41+00:00,station2,,0.0,1215.274,2144.296,0.0,8850615.98181818,442824.6545454545,0.0,70.80492785454544,3.542597236363636,vrf_leakage,compound_bgp_route_flap_02_vrf_leakage
2026-07-21T06:59:41+00:00,station3,,0.0,1213.822,2150.543,0.0,198.6181818181818,1099.8,,0.0015889454545454545,0.0087984,vrf_leakage,compound_bgp_route_flap_02_vrf_leakage
2026-07-21T06:59:56+00:00,station1,318.0,0.0,0.0,0.675,90.0,442230.8909090909,8851689.618181817,0.0,3.5378471272727268,70.81351694545454,vrf_leakage,compound_bgp_route_flap_02_vrf_leakage
2026-07-21T06:59:56+00:00,station2,,0.0,0.0,1.282,90.0,11085335.98181818,554933.109090909,0.0,88.68268785454545,4.439464872727272,vrf_leakage,compound_bgp_route_flap_02_vrf_leakage
2026-07-21T06:59:56+00:00,station3,,0.0,1213.822,2150.543,100.0,220.1090909090909,1311.509090909091,,0.0017608727272727272,0.010492072727272728,vrf_leakage,compound_bgp_route_flap_02_vrf_leakage
2026-07-21T07:00:11+00:00,station1,318.0,0.0,0.0,1.863,90.0,554543.0296197975,11087439.04212957,0.0,4.43634423695838,88.69951233703657,vrf_leakage,compound_bgp_route_flap_02_vrf_leakage
2026-07-21T07:00:11+00:00,station2,,0.0,0.0,4.285,90.0,9838998.163636362,493486.79999999993,0.0,78.71198530909089,3.9478943999999996,vrf_leakage,compound_bgp_route_flap_02_vrf_leakage
2026-07-21T07:00:11+00:00,station3,,0.0,2942.021,5384.596,0.0,181.78181818181818,1096.2181818181816,,0.0014542545454545456,0.008769745454545452,vrf_leakage,compound_bgp_route_flap_02_vrf_leakage
2026-07-21T07:00:26+00:00,station1,318.0,0.0,0.0,1.863,100.0,553461.6727272726,11172652.47272727,0.0,4.427693381818181,89.38121978181816,vrf_leakage,compound_bgp_route_flap_02_vrf_leakage
2026-07-21T07:00:26+00:00,station2,,0.0,0.0,4.285,100.0,12508109.727272727,621155.109090909,0.0,100.06487781818181,4.969240872727272,vrf_leakage,compound_bgp_route_flap_02_vrf_leakage
2026-07-21T07:00:26+00:00,station3,,0.0,1138.394,8477.56,60.0,238.5090909090909,1309.290909090909,,0.0019080727272727273,0.010474327272727272,vrf_leakage,compound_bgp_route_flap_02_vrf_leakage
2026-07-21T07:00:41+00:00,station1,318.0,0.0,1150.502,1164.873,0.0,547929.6181818182,11049097.363636363,0.0,4.383436945454545,88.39277890909091,vrf_leakage,compound_bgp_route_flap_02_vrf_leakage
2026-07-21T07:00:41+00:00,station2,,0.0,1146.73,1159.393,0.0,8814324.672727272,437570.3818181818,0.0,70.51459738181818,3.500563054545454,vrf_leakage,compound_bgp_route_flap_02_vrf_leakage
2026-07-21T07:00:41+00:00,station3,,0.0,1151.887,1166.961,0.0,203.89090909090908,1076.9999999999998,,0.0016311272727272726,0.008615999999999999,vrf_leakage,compound_bgp_route_flap_02_vrf_leakage
2026-07-21T07:00:56+00:00,station1,318.0,0.0,2939.637,5386.912,0.0,436708.2727272727,8815260.872727271,0.0,3.4936661818181816,70.52208698181816,vrf_leakage,compound_bgp_route_flap_02_vrf_leakage
2026-07-21T07:00:56+00:00,station2,,0.0,0.0,4.075,90.0,11047477.145454545,549368.6545454545,0.0,88.37981716363636,4.394949236363637,vrf_leakage,compound_bgp_route_flap_02_vrf_leakage
2026-07-21T07:00:56+00:00,station3,,0.0,2940.807,5389.874,0.0,248.14545454545453,1289.1272727272726,,0.001985163636363636,0.01031301818181818,vrf_leakage,compound_bgp_route_flap_02_vrf_leakage
2026-07-21T07:01:11+00:00,station1,318.0,0.0,0.0,830.047,90.0,548136.0206549211,11048900.052728232,0.0,4.3850881652393685,88.39120042182586,vrf_leakage,compound_bgp_route_flap_02_vrf_leakage
2026-07-21T07:01:11+00:00,station2,,0.0,0.0,828.472,90.0,8813405.145454545,440067.2545454545,0.0,70.50724116363635,3.5205380363636363,vrf_leakage,compound_bgp_route_flap_02_vrf_leakage
2026-07-21T07:01:11+00:00,station3,,0.0,2790.239,4492.752,0.0,188.14545454545453,1072.2727272727273,,0.0015051636363636362,0.008578181818181818,vrf_leakage,compound_bgp_route_flap_02_vrf_leakage
2026-07-21T07:01:26+00:00,station1,318.0,0.0,834.753,1120.059,0.0,541817.2330406008,10829415.898470882,0.0,4.3345378643248065,86.63532718776706,vrf_leakage,compound_bgp_route_flap_02_vrf_leakage
2026-07-21T07:01:26+00:00,station2,,0.0,829.458,1139.384,0.0,11947804.818181816,599220.9818181818,0.0,95.58243854545454,4.793767854545455,vrf_leakage,compound_bgp_route_flap_02_vrf_leakage
2026-07-21T07:01:26+00:00,station3,,0.0,835.291,1124.409,0.0,235.0181818181818,1288.3090909090909,,0.0018801454545454544,0.010306472727272727,vrf_leakage,compound_bgp_route_flap_02_vrf_leakage
2026-07-21T07:01:41+00:00,station1,318.0,0.0,0.265,0.402,0.0,575627.4363636363,11520262.272727272,0.0,4.605019490909091,92.16209818181817,vrf_leakage,compound_bgp_route_flap_02_vrf_leakage
2026-07-21T07:01:41+00:00,station2,,0.0,2042.745,3495.892,0.0,10401538.563636363,520862.8909090909,0.0,83.2123085090909,4.166903127272727,vrf_leakage,compound_bgp_route_flap_02_vrf_leakage
2026-07-21T07:01:41+00:00,station3,,0.0,2045.936,3479.381,0.0,206.94545454545454,1076.1272727272726,,0.0016555636363636364,0.008609018181818182,vrf_leakage,compound_bgp_route_flap_02_vrf_leakage
2026-07-21T07:01:56+00:00,station1,318.0,0.0,0.026,0.752,0.0,443709.39999999997,8875257.963636363,0.0,3.5496752,71.0020637090909,vrf_leakage,compound_bgp_route_flap_02_vrf_leakage
2026-07-21T07:01:56+00:00,station2,,0.0,0.195,0.887,0.0,11108748.127272727,556428.1818181818,0.0,88.86998501818182,4.451425454545454,vrf_leakage,compound_bgp_route_flap_02_vrf_leakage
2026-07-21T07:01:56+00:00,station3,,0.0,0.304,3.063,0.0,239.19999999999996,1289.3454545454545,,0.0019135999999999997,0.010314763636363636,vrf_leakage,compound_bgp_route_flap_02_vrf_leakage
2026-07-21T07:02:11+00:00,station1,318.0,0.0,0.295,1.053,0.0,553654.0181818182,11108568.527272727,0.0,4.429232145454545,88.86854821818181,vrf_leakage,compound_bgp_route_flap_02_vrf_leakage
2026-07-21T07:02:11+00:00,station2,,0.0,0.078,0.794,0.0,8872590.854545454,443727.50909090904,0.0,70.98072683636363,3.549820072727272,vrf_leakage,compound_bgp_route_flap_02_vrf_leakage
2026-07-21T07:02:11+00:00,station3,,0.0,0.228,4.479,0.0,196.03636363636363,1068.0545454545454,,0.001568290909090909,0.008544436363636363,vrf_leakage,compound_bgp_route_flap_02_vrf_leakage
2026-07-21T07:02:26+00:00,station1,318.0,0.0,0.165,0.856,0.0,441173.1185337382,8871718.839209411,0.0,3.5293849482699056,70.97375071367529,vrf_leakage,compound_bgp_route_flap_02_vrf_leakage
2026-07-21T07:02:26+00:00,station2,,0.0,0.568,1.122,0.0,11102016.09090909,553797.8363636363,0.0,88.81612872727271,4.430382690909091,vrf_leakage,compound_bgp_route_flap_02_vrf_leakage
2026-07-21T07:02:26+00:00,station3,,0.0,0.635,5.036,0.0,235.0181818181818,1288.7454545454543,,0.0018801454545454544,0.010309963636363634,vrf_leakage,compound_bgp_route_flap_02_vrf_leakage
2026-07-21T07:02:41+00:00,station1,318.0,0.0,0.406,0.789,0.0,645186.2579319625,12991004.272804962,0.0,5.1614900634557,103.9280341824397,vrf_leakage,compound_bgp_route_flap_02_vrf_leakage
2026-07-21T07:02:41+00:00,station2,,0.0,0.814,1.433,0.0,11165517.436363636,555197.8727272727,0.0,89.32413949090909,4.441582981818182,vrf_leakage,compound_bgp_route_flap_02_vrf_leakage
2026-07-21T07:02:41+00:00,station3,,0.0,0.406,3.75,0.0,197.3090909090909,1073.9454545454544,,0.0015784727272727273,0.008591563636363635,vrf_leakage,compound_bgp_route_flap_02_vrf_leakage
2026-07-21T07:02:56+00:00,station1,318.0,0.0,0.027,0.253,0.0,463319.2545454545,9346709.09090909,0.0,3.7065540363636362,74.77367272727273,vrf_leakage,compound_bgp_route_flap_02_vrf_leakage
2026-07-21T07:02:56+00:00,station2,,0.0,0.019,0.264,0.0,11098457.109090907,552674.4181818182,0.0,88.78765687272725,4.421395345454545,vrf_leakage,compound_bgp_route_flap_02_vrf_leakage
2026-07-21T07:02:56+00:00,station3,,0.0,0.06,0.314,0.0,233.9272727272727,1287.1636363636362,,0.0018714181818181817,0.01029730909090909,vrf_leakage,compound_bgp_route_flap_02_vrf_leakage
2026-07-21T07:03:11+00:00,station1,318.0,0.0,2054.726,2805.602,0.0,552738.4909090908,11101292.363636363,0.0,4.421907927272727,88.8103389090909,vrf_leakage,compound_bgp_route_flap_02_vrf_leakage
2026-07-21T07:03:11+00:00,station2,,0.0,1361.7,2027.426,0.0,8866573.581818182,442660.0363636363,0.0,70.93258865454546,3.5412802909090906,vrf_leakage,compound_bgp_route_flap_02_vrf_leakage
2026-07-21T07:03:11+00:00,station3,,0.0,1216.615,2133.941,0.0,188.1090909090909,1067.8363636363636,,0.0015048727272727273,0.008542690909090909,vrf_leakage,compound_bgp_route_flap_02_vrf_leakage
2026-07-21T07:03:26+00:00,station1,318.0,0.0,1507.256,2442.907,0.0,442500.87272727274,8869288.781818181,0.0,3.540006981818182,70.95431025454545,vrf_leakage,compound_bgp_route_flap_02_vrf_leakage
2026-07-21T07:03:26+00:00,station2,,0.0,1677.15,2323.977,0.0,11100368.236363636,554867.4181818182,0.0,88.80294589090909,4.438939345454545,vrf_leakage,compound_bgp_route_flap_02_vrf_leakage
2026-07-21T07:03:26+00:00,station3,,0.0,1508.71,2447.764,0.0,236.1090909090909,1287.3636363636363,,0.001888872727272727,0.01029890909090909,vrf_leakage,compound_bgp_route_flap_02_vrf_leakage
2026-07-21T07:03:41+00:00,station1,318.0,0.0,515.112,423.345,0.0,555171.8088104285,11102110.430340165,0.0,4.441374470483428,88.81688344272132,vrf_leakage,compound_bgp_route_flap_02_vrf_leakage
2026-07-21T07:03:41+00:00,station2,,0.0,1420.967,1972.617,0.0,9571067.254545454,479891.1272727272,0.0,76.56853803636363,3.8391290181818176,vrf_leakage,compound_bgp_route_flap_02_vrf_leakage
2026-07-21T07:03:41+00:00,station3,,0.0,1445.083,2953.612,0.0,196.83636363636364,1074.5454545454545,,0.0015746909090909092,0.008596363636363636,vrf_leakage,compound_bgp_route_flap_02_vrf_leakage
2026-07-21T07:03:56+00:00,station1,318.0,0.0,510.171,431.964,0.0,557683.7272727272,11168706.854545454,0.0,4.4614698181818175,89.34965483636363,vrf_leakage,compound_bgp_route_flap_02_vrf_leakage
2026-07-21T07:03:56+00:00,station2,,0.0,512.538,430.345,0.0,12766774.563636363,638909.7454545455,0.0,102.1341965090909,5.111277963636364,vrf_leakage,compound_bgp_route_flap_02_vrf_leakage
2026-07-21T07:03:56+00:00,station3,,0.0,828.696,1132.338,0.0,243.96363636363634,1287.5272727272725,,0.0019517090909090906,0.01030021818181818,vrf_leakage,compound_bgp_route_flap_02_vrf_leakage
2026-07-21T07:04:11+00:00,station1,318.0,0.0,0.04,0.259,0.0,555662.5881754054,11104198.949167334,0.0,4.445300705403243,88.83359159333867,vrf_leakage,compound_bgp_route_flap_02_vrf_leakage
2026-07-21T07:04:11+00:00,station2,,0.0,0.029,0.308,0.0,8868539.836363636,445047.7454545454,0.0,70.94831869090909,3.5603819636363636,vrf_leakage,compound_bgp_route_flap_02_vrf_leakage
2026-07-21T07:04:11+00:00,station3,,0.0,0.012,0.303,0.0,205.3090909090909,1069.0727272727272,,0.0016424727272727274,0.008552581818181818,vrf_leakage,compound_bgp_route_flap_02_vrf_leakage
2026-07-21T07:04:26+00:00,station1,318.0,0.0,0.0,9971.988,90.0,444369.7252877116,8870948.930058362,0.0,3.5549578023016926,70.96759144046689,vrf_leakage,compound_bgp_route_flap_02_vrf_leakage
2026-07-21T07:04:26+00:00,station2,,0.0,1482.076,1100.476,50.0,11103693.872727271,557244.1454545454,0.0,88.82955098181817,4.457953163636363,vrf_leakage,compound_bgp_route_flap_02_vrf_leakage
2026-07-21T07:04:26+00:00,station3,,0.0,0.012,0.303,100.0,249.19999999999996,1290.2727272727273,,0.0019936,0.010322181818181817,vrf_leakage,compound_bgp_route_flap_02_vrf_leakage
2026-07-21T07:04:41+00:00,station1,318.0,0.0,1322.835,2603.641,40.0,556008.236812917,11107020.619306507,0.0,4.448065894503336,88.85616495445205,vrf_leakage,compound_bgp_route_flap_02_vrf_leakage
2026-07-21T07:04:41+00:00,station2,,0.0,1685.783,2312.375,40.0,8870331.109090907,445302.0545454545,0.0,70.96264887272726,3.562416436363636,vrf_leakage,compound_bgp_route_flap_02_vrf_leakage
2026-07-21T07:04:41+00:00,station3,,0.0,2896.825,4423.501,0.0,222.87272727272727,1074.490909090909,,0.0017829818181818182,0.008595927272727273,vrf_leakage,compound_bgp_route_flap_02_vrf_leakage
2026-07-21T07:04:56+00:00,station1,318.0,0.0,1419.96,1969.264,0.0,531847.3999999999,10623859.963636363,0.0,4.254779199999999,84.9908797090909,vrf_leakage,compound_bgp_route_flap_02_vrf_leakage
2026-07-21T07:04:56+00:00,station2,,0.0,1419.997,1976.536,0.0,11739901.4,588973.6363636364,0.0,93.9192112,4.7117890909090905,vrf_leakage,compound_bgp_route_flap_02_vrf_leakage
2026-07-21T07:04:56+00:00,station3,,0.0,1444.941,2959.57,0.0,246.39999999999998,1288.909090909091,,0.0019711999999999998,0.010311272727272728,vrf_leakage,compound_bgp_route_flap_02_vrf_leakage
2026-07-21T07:05:11+00:00,station1,318.0,0.0,0.018,0.224,0.0,585735.1866329703,11723582.207596224,0.0,4.6858814930637624,93.78865766076979,vrf_leakage,compound_bgp_route_flap_02_vrf_leakage
2026-07-21T07:05:11+00:00,station2,,0.0,610.117,626.527,0.0,10604881.036363635,531021.6727272726,0.0,84.83904829090908,4.248173381818181,vrf_leakage,compound_bgp_route_flap_02_vrf_leakage
2026-07-21T07:05:11+00:00,station3,,0.0,1385.871,1991.428,0.0,205.99999999999997,1063.9999999999998,,0.0016479999999999997,0.008511999999999999,vrf_leakage,compound_bgp_route_flap_02_vrf_leakage
2026-07-21T07:05:26+00:00,station1,318.0,0.0,0.007,0.23,0.0,362559.9272727272,7255740.49090909,0.0,2.9004794181818174,58.045923927272725,vrf_leakage,compound_bgp_route_flap_02_vrf_leakage
2026-07-21T07:05:26+00:00,station2,,0.0,0.02,0.289,0.0,8875863.109090907,445864.2727272727,0.0,71.00690487272726,3.5669141818181815,vrf_leakage,compound_bgp_route_flap_02_vrf_leakage
2026-07-21T07:05:26+00:00,station3,,0.0,0.046,0.259,0.0,240.98181818181817,1284.5272727272725,,0.0019278545454545454,0.01027621818181818,vrf_leakage,compound_bgp_route_flap_02_vrf_leakage
2026-07-21T07:05:41+00:00,station1,318.0,0.0,0.475,2.007,0.0,444344.2539497846,8874835.827136703,0.0,3.554754031598277,70.99868661709363,vrf_leakage,compound_bgp_route_flap_02_vrf_leakage
2026-07-21T07:05:41+00:00,station2,,0.0,0.195,2.309,0.0,6640088.927272727,333903.309090909,0.0,53.12071141818181,2.6712264727272723,vrf_leakage,compound_bgp_route_flap_02_vrf_leakage
2026-07-21T07:05:41+00:00,station3,,0.0,1259.946,2174.817,0.0,196.9090909090909,1071.9818181818182,,0.0015752727272727272,0.008575854545454545,vrf_leakage,compound_bgp_route_flap_02_vrf_leakage
2026-07-21T07:05:56+00:00,station1,321.0,0.0,0.408,7.062,0.0,332738.7272727273,6641756.345454545,0.0,2.6619098181818184,53.13405076363636,vrf_leakage,compound_bgp_route_flap_03_vrf_leakage
2026-07-21T07:05:56+00:00,station2,,0.0,0.288,7.564,0.0,8873122.454545455,446233.87272727274,4.0,70.98497963636365,3.5698709818181817,vrf_leakage,compound_bgp_route_flap_03_vrf_leakage
2026-07-21T07:05:56+00:00,station3,,0.0,1443.288,2965.675,0.0,233.78181818181818,1289.2181818181816,,0.0018702545454545455,0.010313745454545453,vrf_leakage,compound_bgp_route_flap_03_vrf_leakage
2026-07-21T07:06:11+00:00,station1,321.0,0.0,0.875,7.073,0.0,529499.3090909091,10555283.327272726,0.0,4.235994472727272,84.4422666181818,vrf_leakage,compound_bgp_route_flap_03_vrf_leakage
2026-07-21T07:06:11+00:00,station2,,0.0,0.161,6.89,0.0,9436286.963636363,474587.0727272727,4.0,75.4902957090909,3.7966965818181815,vrf_leakage,compound_bgp_route_flap_03_vrf_leakage
2026-07-21T07:06:11+00:00,station3,,0.0,1443.288,2965.675,0.0,189.78181818181818,1071.7636363636364,,0.0015182545454545454,0.008574109090909091,vrf_leakage,compound_bgp_route_flap_03_vrf_leakage
2026-07-21T07:06:26+00:00,station1,321.0,0.0,0.759,7.532,0.0,560104.6727272726,11169873.909090908,0.0,4.480837381818181,89.35899127272727,vrf_leakage,compound_bgp_route_flap_03_vrf_leakage
2026-07-21T07:06:26+00:00,station2,,0.0,0.625,6.893,0.0,12904323.909090908,648454.0909090909,4.0,103.23459127272727,5.187632727272727,vrf_leakage,compound_bgp_route_flap_03_vrf_leakage
2026-07-21T07:06:26+00:00,station3,,0.0,1450.12,2948.03,0.0,237.78181818181818,1287.581818181818,,0.0019022545454545454,0.010300654545454545,vrf_leakage,compound_bgp_route_flap_03_vrf_leakage
2026-07-21T07:06:41+00:00,station1,322.0,0.0,0.314,5.527,0.0,479765.3679024018,9556612.479773095,0.0,3.838122943219214,76.45289983818476,vrf_leakage,compound_bgp_route_flap_03_vrf_leakage
2026-07-21T07:06:41+00:00,station2,,0.0,0.315,5.71,0.0,8438395.618181817,425002.5272727272,4.0,67.50716494545453,3.400020218181818,vrf_leakage,compound_bgp_route_flap_03_vrf_leakage
2026-07-21T07:06:41+00:00,station3,,0.0,0.027,0.208,0.0,204.47272727272727,1076.7272727272727,,0.001635781818181818,0.008613818181818183,vrf_leakage,compound_bgp_route_flap_03_vrf_leakage
2026-07-21T07:06:56+00:00,station1,322.0,0.0,1588.182,1986.594,20.0,333267.7454545454,6621369.672727272,0.0,2.6661419636363632,52.970957381818174,vrf_leakage,compound_bgp_route_flap_03_vrf_leakage
2026-07-21T07:06:56+00:00,station2,,0.0,1419.496,1974.201,0.0,8852354.636363635,446040.9636363636,4.0,70.81883709090908,3.568327709090909,vrf_leakage,compound_bgp_route_flap_03_vrf_leakage
2026-07-21T07:06:56+00:00,station3,,0.0,1416.278,1957.455,0.0,241.1272727272727,1285.509090909091,,0.0019290181818181816,0.010284072727272726,vrf_leakage,compound_bgp_route_flap_03_vrf_leakage
2026-07-21T07:07:11+00:00,station1,322.0,0.0,882.354,887.599,80.0,443459.9901816397,8852986.527027765,0.0,3.5476799214531174,70.82389221622212,vrf_leakage,compound_bgp_route_flap_03_vrf_leakage
2026-07-21T07:07:11+00:00,station2,,0.0,879.227,886.412,80.0,6618396.018181818,332609.50909090904,4.0,52.94716814545454,2.6608760727272722,vrf_leakage,compound_bgp_route_flap_03_vrf_leakage
2026-07-21T07:07:11+00:00,station3,,0.0,2906.45,4409.053,0.0,190.87272727272727,1073.8,,0.0015269818181818183,0.0085904,vrf_leakage,compound_bgp_route_flap_03_vrf_leakage
2026-07-21T07:07:26+00:00,station1,322.0,0.0,1196.645,1884.413,33.33333333333333,411096.01992763503,8232405.298278151,0.0,3.2887681594210805,65.8592423862252,vrf_leakage,compound_bgp_route_flap_03_vrf_leakage
2026-07-21T07:07:26+00:00,station2,,0.0,1443.488,2960.24,0.0,9348058.018181818,468054.8363636363,4.0,74.78446414545454,3.7444386909090905,vrf_leakage,compound_bgp_route_flap_03_vrf_leakage
2026-07-21T07:07:26+00:00,station3,,0.0,1447.196,2943.082,0.0,228.76363636363632,1291.8363636363636,,0.0018301090909090905,0.010334690909090909,vrf_leakage,compound_bgp_route_flap_03_vrf_leakage
2026-07-21T07:07:41+00:00,station1,322.0,0.0,1443.034,2978.154,0.0,633311.8125124997,12696972.327775858,0.0,5.066494500099998,101.57577862220687,vrf_leakage,compound_bgp_route_flap_03_vrf_leakage
2026-07-21T07:07:41+00:00,station2,,0.0,512.341,432.335,0.0,11163760.527272727,557271.6545454545,4.0,89.31008421818181,4.458173236363637,vrf_leakage,compound_bgp_route_flap_03_vrf_leakage
2026-07-21T07:07:41+00:00,station3,,0.0,514.855,422.787,0.0,194.69090909090906,1073.6181818181817,,0.0015575272727272726,0.008588945454545454,vrf_leakage,compound_bgp_route_flap_03_vrf_leakage
2026-07-21T07:07:56+00:00,station1,322.0,0.0,0.544,5.367,0.0,479957.3272727272,9634353.454545455,0.0,3.8396586181818178,77.07482763636364,vrf_leakage,compound_bgp_route_flap_03_vrf_leakage
2026-07-21T07:07:56+00:00,station2,,0.0,0.318,4.863,0.0,10989519.327272726,549531.4545454545,4.0,87.9161546181818,4.396251636363636,vrf_leakage,compound_bgp_route_flap_03_vrf_leakage
2026-07-21T07:07:56+00:00,station3,,0.0,0.048,0.313,0.0,231.3090909090909,1287.8545454545454,,0.0018504727272727272,0.010302836363636363,vrf_leakage,compound_bgp_route_flap_03_vrf_leakage
2026-07-21T07:08:11+00:00,station1,322.0,0.0,0.268,6.176,0.0,548053.509090909,10991275.98181818,0.0,4.384428072727272,87.93020785454544,vrf_leakage,compound_bgp_route_flap_03_vrf_leakage
2026-07-21T07:08:11+00:00,station2,,0.0,0.648,6.724,0.0,8757248.999999998,438102.9272727272,4.0,70.05799199999998,3.5048234181818176,vrf_leakage,compound_bgp_route_flap_03_vrf_leakage
2026-07-21T07:08:11+00:00,station3,,0.0,1450.07,2948.294,0.0,188.83636363636364,1064.3272727272727,,0.0015106909090909092,0.008514618181818182,vrf_leakage,compound_bgp_route_flap_03_vrf_leakage
2026-07-21T07:08:26+00:00,station1,325.0,0.0,0.679,6.338,0.0,436911.4133498191,8759962.37976617,0.0,3.4952913067985527,70.07969903812936,vrf_leakage,compound_bgp_route_flap_03_vrf_leakage
2026-07-21T07:08:26+00:00,station2,,0.0,0.926,6.459,0.0,10990479.0,549427.9636363636,4.0,87.923832,4.395423709090909,vrf_leakage,compound_bgp_route_flap_03_vrf_leakage
2026-07-21T07:08:26+00:00,station3,,0.0,2496.356,4927.863,0.0,242.69090909090906,1285.0363636363634,,0.0019415272727272724,0.010280290909090908,vrf_leakage,compound_bgp_route_flap_03_vrf_leakage
2026-07-21T07:08:41+00:00,station1,326.0,0.0,1.466,14.125,0.0,550412.6075019545,10991276.059564719,0.0,4.403300860015636,87.93020847651775,vrf_leakage,compound_bgp_route_flap_03_vrf_leakage
2026-07-21T07:08:41+00:00,station2,,0.0,0.729,11.684,0.0,9172245.963636363,460213.16363636364,4.0,73.37796770909091,3.681705309090909,vrf_leakage,compound_bgp_route_flap_03_vrf_leakage
2026-07-21T07:08:41+00:00,station3,,0.0,1021.0,1380.008,0.0,208.3272727272727,1079.0363636363636,,0.0016666181818181817,0.00863229090909091,vrf_leakage,compound_bgp_route_flap_03_vrf_leakage
2026-07-21T07:08:56+00:00,station1,326.0,0.0,0.792,11.379,0.0,559826.9636363635,11164976.054545455,0.0,4.478615709090908,89.31980843636364,vrf_leakage,compound_bgp_route_flap_03_vrf_leakage
2026-07-21T07:08:56+00:00,station2,,0.0,1.023,13.359,0.0,13157611.563636363,661479.1272727272,4.0,105.2608925090909,5.291833018181817,vrf_leakage,compound_bgp_route_flap_03_vrf_leakage
2026-07-21T07:08:56+00:00,station3,,0.0,1429.389,2012.746,0.0,242.76363636363632,1290.490909090909,,0.0019421090909090906,0.010323927272727273,vrf_leakage,compound_bgp_route_flap_03_vrf_leakage
2026-07-21T07:09:11+00:00,station1,326.0,0.0,1.429,10.81,0.0,555708.0128729613,11034833.615156641,0.0,4.445664102983691,88.27866892125313,vrf_leakage,compound_bgp_route_flap_03_vrf_leakage
2026-07-21T07:09:11+00:00,station2,,0.0,2.154,12.156,0.0,8799874.963636363,444938.0545454545,4.0,70.3989997090909,3.559504436363636,vrf_leakage,compound_bgp_route_flap_03_vrf_leakage
2026-07-21T07:09:11+00:00,station3,,0.0,0.037,0.284,0.0,201.2,1072.3090909090909,,0.0016095999999999999,0.008578472727272727,vrf_leakage,compound_bgp_route_flap_03_vrf_leakage
2026-07-21T07:09:26+00:00,station1,326.0,0.0,1.246,12.188,0.0,444990.63619338535,8800290.18709431,0.0,3.559925089547083,70.40232149675448,vrf_leakage,compound_bgp_route_flap_03_vrf_leakage
2026-07-21T07:09:26+00:00,station2,,0.0,0.574,9.401,0.0,11031988.890909089,558662.2,4.0,88.25591112727271,4.4692976,vrf_leakage,compound_bgp_route_flap_03_vrf_leakage
2026-07-21T07:09:26+00:00,station3,,0.0,0.747,4.238,0.0,236.76363636363632,1288.8,,0.0018941090909090905,0.010310399999999999,vrf_leakage,compound_bgp_route_flap_03_vrf_leakage
2026-07-21T07:09:41+00:00,station1,326.0,0.0,0.943,9.835,0.0,557329.8967197614,11036572.714379227,0.0,4.458639173758091,88.29258171503382,vrf_leakage,compound_bgp_route_flap_03_vrf_leakage
2026-07-21T07:09:41+00:00,station2,,0.0,0.189,9.765,0.0,8801038.836363636,445492.21818181814,4.0,70.40831069090909,3.5639377454545453,vrf_leakage,compound_bgp_route_flap_03_vrf_leakage
2026-07-21T07:09:41+00:00,station3,,0.0,1.095,4.65,0.0,196.3272727272727,1072.9999999999998,,0.0015706181818181818,0.008583999999999998,vrf_leakage,compound_bgp_route_flap_03_vrf_leakage
2026-07-21T07:09:56+00:00,station1,326.0,0.0,0.794,12.739,0.0,512305.61818181816,10159891.763636362,0.0,4.0984449454545455,81.27913410909089,vrf_leakage,compound_bgp_route_flap_03_vrf_leakage
2026-07-21T07:09:56+00:00,station2,,0.0,1.456,13.131,0.0,11275453.09090909,569940.3818181817,4.0,90.20362472727273,4.559523054545454,vrf_leakage,compound_bgp_route_flap_03_vrf_leakage
2026-07-21T07:09:56+00:00,station3,,0.0,0.257,5.348,0.0,234.03636363636363,1286.4363636363635,,0.001872290909090909,0.010291490909090907,vrf_leakage,compound_bgp_route_flap_03_vrf_leakage
2026-07-21T07:10:11+00:00,station1,326.0,0.0,2.399,11.917,0.0,613267.0,12173952.727272727,0.0,4.906136,97.39162181818182,vrf_leakage,compound_bgp_route_flap_03_vrf_leakage
2026-07-21T07:10:11+00:00,station2,,0.0,1.453,12.235,0.0,11054933.218181817,558097.7818181817,4.0,88.43946574545454,4.464782254545454,vrf_leakage,compound_bgp_route_flap_03_vrf_leakage
2026-07-21T07:10:11+00:00,station3,,0.0,0.228,4.4,0.0,189.67272727272726,1066.381818181818,,0.001517381818181818,0.008531054545454544,vrf_leakage,compound_bgp_route_flap_03_vrf_leakage
2026-07-21T07:10:26+00:00,station1,326.0,0.0,2.026,12.021,0.0,443981.1269295805,8803311.169293988,0.0,3.551849015436644,70.42648935435192,vrf_leakage,compound_bgp_route_flap_03_vrf_leakage
2026-07-21T07:10:26+00:00,station2,,0.0,1.361,10.437,0.0,11034805.545454543,558002.6181818182,4.0,88.27844436363634,4.464020945454545,vrf_leakage,compound_bgp_route_flap_03_vrf_leakage
2026-07-21T07:10:26+00:00,station3,,0.0,0.345,4.283,0.0,233.9272727272727,1286.3090909090909,,0.0018714181818181817,0.010290472727272727,vrf_leakage,compound_bgp_route_flap_03_vrf_leakage
2026-07-21T07:10:41+00:00,station1,326.0,0.0,2.043,11.703,0.0,556827.8150511828,11036343.188057965,0.0,4.454622520409462,88.29074550446371,vrf_leakage,compound_bgp_route_flap_03_vrf_leakage
2026-07-21T07:10:41+00:00,station2,,0.0,0.897,11.762,0.0,8801799.072727272,445322.34545454546,4.0,70.41439258181818,3.5625787636363637,vrf_leakage,compound_bgp_route_flap_03_vrf_leakage
2026-07-21T07:10:41+00:00,station3,,0.0,0.11,4.343,0.0,197.3090909090909,1073.3272727272727,,0.0015784727272727273,0.008586618181818181,vrf_leakage,compound_bgp_route_flap_03_vrf_leakage
2026-07-21T07:10:56+00:00,station1,329.0,0.0,2.584,12.694,0.0,444862.67023036786,8804492.445317188,0.0,3.558901361842943,70.43593956253751,vrf_leakage,compound_bgp_route_flap_03_vrf_leakage
2026-07-21T07:10:56+00:00,station2,,0.0,2.194,12.02,0.0,11036639.436363636,558521.6909090909,4.0,88.29311549090909,4.468173527272727,vrf_leakage,compound_bgp_route_flap_03_vrf_leakage
2026-07-21T07:10:56+00:00,station3,,0.0,0.556,3.964,0.0,236.07272727272726,1286.6363636363635,,0.0018885818181818182,0.010293090909090908,vrf_leakage,compound_bgp_route_flap_03_vrf_leakage
2026-07-21T07:11:11+00:00,station1,329.0,0.0,3.725,19.071,0.0,618880.8727272727,12267109.963636363,0.0,4.951046981818181,98.1368797090909,vrf_leakage,compound_bgp_route_flap_03_vrf_leakage
2026-07-21T07:11:11+00:00,station2,,0.0,0.575,11.746,0.0,11148087.509090908,563805.0909090909,4.0,89.18470007272727,4.510440727272727,vrf_leakage,compound_bgp_route_flap_03_vrf_leakage
2026-07-21T07:11:11+00:00,station3,,0.0,1.022,4.111,0.0,195.38181818181818,1070.2181818181818,,0.0015630545454545454,0.008561745454545454,vrf_leakage,compound_bgp_route_flap_03_vrf_leakage
2026-07-21T07:11:26+00:00,station1,329.0,0.0,0.841,20.607,0.0,507763.2416313617,10074435.969234684,0.0,4.062105933050893,80.59548775387748,vrf_leakage,compound_bgp_route_flap_03_vrf_leakage
2026-07-21T07:11:26+00:00,station2,,0.0,1.713,17.324,0.0,11189350.018181818,565529.309090909,4.0,89.51480014545454,4.524234472727271,vrf_leakage,compound_bgp_route_flap_03_vrf_leakage
2026-07-21T07:11:26+00:00,station3,,0.0,0.05,0.281,0.0,241.8181818181818,1292.3272727272727,,0.0019345454545454544,0.010338618181818181,vrf_leakage,compound_bgp_route_flap_03_vrf_leakage
2026-07-21T07:11:41+00:00,station1,330.0,0.0,2.146,16.548,0.0,550058.2405993163,10920899.465415666,0.0,4.40046592479453,87.36719572332532,vrf_leakage,compound_bgp_route_flap_03_vrf_leakage
2026-07-21T07:11:41+00:00,station2,,0.0,2.446,18.911,0.0,8688449.581818182,438910.8545454545,4.0,69.50759665454545,3.511286836363636,vrf_leakage,compound_bgp_route_flap_03_vrf_leakage
2026-07-21T07:11:41+00:00,station3,,0.0,204.141,210.57,0.0,206.58181818181816,1081.7636363636364,,0.0016526545454545454,0.008654109090909091,vrf_leakage,compound_bgp_route_flap_03_vrf_leakage
2026-07-21T07:11:56+00:00,station1,330.0,0.0,2.292,17.641,0.0,437435.63636363635,8682155.672727272,0.0,3.499485090909091,69.45724538181817,vrf_leakage,compound_bgp_route_flap_03_vrf_leakage
2026-07-21T07:11:56+00:00,station2,,0.0,2.098,17.48,0.0,10913596.2,551194.5272727272,4.0,87.30876959999999,4.409556218181818,vrf_leakage,compound_bgp_route_flap_03_vrf_leakage
2026-07-21T07:11:56+00:00,station3,,0.0,536.459,725.93,0.0,247.56363636363633,1298.581818181818,,0.0019805090909090907,0.010388654545454545,vrf_leakage,compound_bgp_route_flap_03_vrf_leakage
2026-07-21T07:12:11+00:00,station1,330.0,0.0,2.041,16.973,0.0,549420.883256668,10910898.910928892,0.0,4.395367066053344,87.28719128743114,vrf_leakage,compound_bgp_route_flap_03_vrf_leakage
2026-07-21T07:12:11+00:00,station2,,0.0,3.014,19.11,0.0,8675220.418181818,438259.8545454545,4.0,69.40176334545454,3.506078836363636,vrf_leakage,compound_bgp_route_flap_03_vrf_leakage
2026-07-21T07:12:11+00:00,station3,,0.0,560.914,1158.207,0.0,201.63636363636363,1077.6545454545453,,0.001613090909090909,0.008621236363636363,vrf_leakage,compound_bgp_route_flap_03_vrf_leakage
2026-07-21T07:12:26+00:00,station1,330.0,0.0,2.086,20.024,0.0,561667.6363636364,11158651.49090909,0.0,4.493341090909091,89.26921192727272,vrf_leakage,compound_bgp_route_flap_03_vrf_leakage
2026-07-21T07:12:26+00:00,station2,,0.0,2.275,17.458,0.0,13121183.763636362,661768.909090909,4.0,104.96947010909089,5.294151272727271,vrf_leakage,compound_bgp_route_flap_03_vrf_leakage
2026-07-21T07:12:26+00:00,station3,,0.0,578.543,873.194,0.0,246.94545454545454,1296.1636363636362,,0.0019755636363636363,0.01036930909090909,vrf_leakage,compound_bgp_route_flap_03_vrf_leakage
2026-07-21T07:12:41+00:00,station1,330.0,0.0,550.327,404.735,40.0,552643.6558005927,11009215.515517335,0.0,4.421149246404742,88.07372412413868,vrf_leakage,compound_bgp_route_flap_03_vrf_leakage
2026-07-21T07:12:41+00:00,station2,,0.0,1.037,19.18,0.0,9192097.98181818,463711.54545454547,4.0,73.53678385454545,3.7096923636363637,vrf_leakage,compound_bgp_route_flap_03_vrf_leakage
2026-07-21T07:12:41+00:00,station3,,0.0,0.07,0.28,0.0,204.6181818181818,1078.9454545454544,,0.0016369454545454543,0.008631563636363635,vrf_leakage,compound_bgp_route_flap_03_vrf_leakage
2026-07-21T07:12:56+00:00,station1,330.0,0.0,311.768,412.806,0.0,439753.9046164476,8776842.01530937,0.0,3.5180312369315807,70.21473612247496,vrf_leakage,compound_bgp_route_flap_03_vrf_leakage
2026-07-21T07:12:56+00:00,station2,,0.0,759.223,778.546,0.0,11006091.509090908,553365.5454545454,4.0,88.04873207272726,4.426924363636363,vrf_leakage,compound_bgp_route_flap_03_vrf_leakage
2026-07-21T07:12:56+00:00,station3,,0.0,758.336,790.299,0.0,251.19999999999996,1300.109090909091,,0.0020096,0.010400872727272728,vrf_leakage,compound_bgp_route_flap_03_vrf_leakage
2026-07-21T07:13:11+00:00,station1,333.0,0.0,140.333,173.057,0.0,552078.8042984162,11003418.004618434,0.0,4.41663043438733,88.02734403694747,vrf_leakage,compound_bgp_route_flap_03_vrf_leakage
2026-07-21T07:13:11+00:00,station2,,0.0,302.107,267.562,0.0,8771762.345454546,441078.9272727272,4.0,70.17409876363637,3.5286314181818175,vrf_leakage,compound_bgp_route_flap_03_vrf_leakage
2026-07-21T07:13:11+00:00,station3,,0.0,301.83,261.033,0.0,208.43636363636364,1081.7818181818182,,0.001667490909090909,0.008654254545454544,vrf_leakage,compound_bgp_route_flap_03_vrf_leakage
2026-07-21T07:13:26+00:00,station1,333.0,0.0,618.541,1053.881,25.0,482424.7322581232,9620446.369801989,0.0,3.8593978580649853,76.96357095841591,vrf_leakage,compound_bgp_route_flap_03_vrf_leakage
2026-07-21T07:13:26+00:00,station2,,0.0,552.879,953.393,0.0,10999109.4,552801.9999999999,4.0,87.9928752,4.422415999999999,vrf_leakage,compound_bgp_route_flap_03_vrf_leakage
2026-07-21T07:13:26+00:00,station3,,0.0,644.399,652.664,0.0,254.65454545454543,1307.3636363636363,,0.0020372363636363636,0.01045890909090909,vrf_leakage,compound_bgp_route_flap_03_vrf_leakage
2026-07-21T07:13:41+00:00,station1,337.0,0.0,1.028,14.439,0.0,639404.1856828554,12719527.065112643,0.0,5.115233485462843,101.75621652090115,vrf_leakage,compound_bgp_route_flap_03_vrf_leakage
2026-07-21T07:13:41+00:00,station2,,0.0,765.579,780.908,0.0,11148428.272727272,561141.9454545454,4.0,89.18742618181817,4.4891355636363635,vrf_leakage,compound_bgp_route_flap_03_vrf_leakage
2026-07-21T07:13:41+00:00,station3,,0.0,771.065,765.993,0.0,222.58181818181816,1099.490909090909,,0.0017806545454545453,0.008795927272727273,vrf_leakage,compound_bgp_route_flap_03_vrf_leakage
2026-07-21T07:13:56+00:00,station1,337.0,0.0,1.014,18.433,0.0,414959.7818181818,8258544.290909091,0.0,3.3196782545454546,66.06835432727273,vrf_leakage,compound_bgp_route_flap_03_vrf_leakage
2026-07-21T07:13:56+00:00,station2,,0.0,1.44,16.193,0.0,9372526.236363636,472401.70909090905,4.0,74.9802098909091,3.7792136727272725,vrf_leakage,compound_bgp_route_flap_03_vrf_leakage
2026-07-21T07:13:56+00:00,station3,,0.0,0.031,0.293,0.0,249.27272727272728,1306.5636363636363,,0.001994181818181818,0.01045250909090909,vrf_leakage,compound_bgp_route_flap_03_vrf_leakage
2026-07-21T07:14:11+00:00,station1,340.0,0.0,186.745,242.621,0.0,465952.7636363636,9263220.181818182,0.0,3.727622109090909,74.10576145454546,vrf_leakage,compound_bgp_route_flap_03_vrf_leakage
2026-07-21T07:14:11+00:00,station2,,0.0,565.495,979.747,0.0,7032305.836363635,354527.50909090904,4.0,56.25844669090908,2.836220072727272,vrf_leakage,compound_bgp_route_flap_03_vrf_leakage
2026-07-21T07:14:11+00:00,station3,,0.0,564.938,977.676,0.0,201.89090909090908,1082.6363636363635,,0.0016151272727272727,0.008661090909090908,vrf_leakage,compound_bgp_route_flap_03_vrf_leakage
2026-07-21T07:14:26+00:00,station1,343.0,0.0,1316.158,1124.937,40.0,354375.53862657043,7030290.721986873,0.0,2.8350043090125636,56.24232577589498,vrf_leakage,compound_bgp_route_flap_03_vrf_leakage
2026-07-21T07:14:26+00:00,station2,,0.0,1084.203,1261.997,0.0,9260654.854545454,467544.18181818177,4.0,74.08523883636363,3.740353454545454,vrf_leakage,compound_bgp_route_flap_03_vrf_leakage
2026-07-21T07:14:26+00:00,station3,,0.0,1085.992,1264.176,0.0,248.39999999999998,1303.8181818181815,,0.0019871999999999997,0.010430545454545453,vrf_leakage,compound_bgp_route_flap_03_vrf_leakage
2026-07-21T07:14:41+00:00,station1,347.0,0.0,716.401,967.348,0.0,499490.9272727272,9923031.0,0.0,3.9959274181818176,79.384248,vrf_leakage,compound_bgp_route_flap_03_vrf_leakage
2026-07-21T07:14:41+00:00,station2,,0.0,564.878,1170.038,20.0,8805724.054545455,444044.5818181818,4.0,70.44579243636363,3.5523566545454544,vrf_leakage,compound_bgp_route_flap_03_vrf_leakage
2026-07-21T07:14:41+00:00,station3,,0.0,648.92,1189.664,40.0,207.78181818181818,1086.1454545454544,,0.0016622545454545454,0.008689163636363635,vrf_leakage,compound_bgp_route_flap_03_vrf_leakage
2026-07-21T07:14:56+00:00,station1,347.0,0.0,473.598,362.3,0.0,561122.5454545454,11152328.2,0.0,4.488980363636363,89.2186256,vrf_leakage,compound_bgp_route_flap_03_vrf_leakage
2026-07-21T07:14:56+00:00,station2,,0.0,544.066,780.125,20.0,13264379.836363636,668620.1818181818,4.0,106.11503869090909,5.348961454545454,vrf_leakage,compound_bgp_route_flap_03_vrf_leakage
2026-07-21T07:14:56+00:00,station3,,0.0,476.47,338.078,0.0,249.34545454545454,1302.4,,0.0019947636363636364,0.0104192,vrf_leakage,compound_bgp_route_flap_03_vrf_leakage
2026-07-21T07:15:11+00:00,station1,350.0,0.0,1.359,17.695,0.0,511395.8727272727,10166680.545454543,0.0,4.091166981818182,81.33344436363635,vrf_leakage,compound_bgp_route_flap_03_vrf_leakage
2026-07-21T07:15:11+00:00,station2,,0.0,3.167,15.666,0.0,9050701.654545454,456000.72727272724,4.0,72.40561323636364,3.648005818181818,vrf_leakage,compound_bgp_route_flap_03_vrf_leakage
2026-07-21T07:15:11+00:00,station3,,0.0,0.049,0.244,0.0,198.07272727272726,1078.2545454545455,,0.0015845818181818181,0.008626036363636364,vrf_leakage,compound_bgp_route_flap_03_vrf_leakage
2026-07-21T07:15:26+00:00,station1,353.0,0.0,2.44,19.945,0.0,341735.7855883048,6787463.261632453,0.0,2.7338862847064385,54.29970609305962,vrf_leakage,compound_bgp_route_flap_03_vrf_leakage
2026-07-21T07:15:26+00:00,station2,,0.0,3.736,20.18,0.0,9015418.49090909,454022.5272727272,4.0,72.12334792727272,3.632180218181818,vrf_leakage,compound_bgp_route_flap_03_vrf_leakage
2026-07-21T07:15:26+00:00,station3,,0.0,572.702,845.511,0.0,243.9272727272727,1298.890909090909,,0.0019514181818181817,0.010391127272727271,vrf_leakage,compound_bgp_route_flap_03_vrf_leakage
2026-07-21T07:15:41+00:00,station1,354.0,0.0,0.812,20.207,0.0,453544.1537426592,9014705.859893458,0.0,3.6283532299412737,72.11764687914767,vrf_leakage,compound_bgp_route_flap_03_vrf_leakage
2026-07-21T07:15:41+00:00,station2,,0.0,1.374,19.356,0.0,6786342.672727272,342504.3818181818,4.0,54.29074138181817,2.740035054545454,vrf_leakage,compound_bgp_route_flap_03_vrf_leakage
2026-07-21T07:15:41+00:00,station3,,0.0,493.853,398.1,0.0,199.7090909090909,1079.4545454545453,,0.0015976727272727271,0.008635636363636363,vrf_leakage,compound_bgp_route_flap_03_vrf_leakage
2026-07-21T07:15:56+00:00,station1,354.0,0.0,1.241,19.355,0.0,391080.03199825465,7768361.143937604,0.0,3.128640255986037,62.14688915150083,vrf_leakage,compound_bgp_route_flap_03_vrf_leakage
2026-07-21T07:15:56+00:00,station2,,0.0,2.179,17.883,0.0,9013422.163636362,454765.8181818182,4.0,72.1073773090909,3.6381265454545453,vrf_leakage,compound_bgp_route_flap_03_vrf_leakage
2026-07-21T07:15:56+00:00,station3,,0.0,272.862,501.816,0.0,235.89090909090908,1293.290909090909,,0.0018871272727272726,0.010346327272727272,vrf_leakage,compound_bgp_route_flap_03_vrf_leakage
2026-07-21T07:16:11+00:00,station1,354.0,0.0,3.559,17.124,0.0,615087.7272727272,12225681.363636363,0.0,4.920701818181818,97.80545090909091,vrf_leakage,compound_bgp_route_flap_03_vrf_leakage
2026-07-21T07:16:11+00:00,station2,,0.0,3.02,17.378,0.0,11107855.145454545,559743.8727272727,4.0,88.86284116363636,4.477950981818181,vrf_leakage,compound_bgp_route_flap_03_vrf_leakage
2026-07-21T07:16:11+00:00,station3,,0.0,559.598,497.818,0.0,193.23636363636362,1075.2545454545455,,0.001545890909090909,0.008602036363636363,vrf_leakage,compound_bgp_route_flap_03_vrf_leakage
2026-07-21T07:16:26+00:00,station1,354.0,0.0,2.055,19.158,0.0,506643.9648746432,10064709.670381615,0.0,4.053151718997145,80.51767736305293,vrf_leakage,compound_bgp_route_flap_03_vrf_leakage
2026-07-21T07:16:26+00:00,station2,,0.0,1.604,19.078,0.0,11178828.49090909,564329.9636363635,4.0,89.43062792727272,4.514639709090908,vrf_leakage,compound_bgp_route_flap_03_vrf_leakage
2026-07-21T07:16:26+00:00,station3,,0.0,0.038,0.246,0.0,236.43636363636364,1293.3272727272727,,0.0018914909090909091,0.01034661818181818,vrf_leakage,compound_bgp_route_flap_03_vrf_leakage
2026-07-21T07:16:41+00:00,station1,354.0,0.0,2.932,19.265,0.0,549033.1981891898,10941480.75559515,0.0,4.392265585513518,87.5318460447612,vrf_leakage,compound_bgp_route_flap_03_vrf_leakage
2026-07-21T07:16:41+00:00,station2,,0.0,1.725,18.066,0.0,8710405.399999999,437917.8363636363,4.0,69.68324319999999,3.5033426909090903,vrf_leakage,compound_bgp_route_flap_03_vrf_leakage
2026-07-21T07:16:41+00:00,station3,,0.0,1.14,4.549,0.0,198.6181818181818,1078.3999999999999,,0.0015889454545454545,0.008627199999999998,vrf_leakage,compound_bgp_route_flap_03_vrf_leakage
2026-07-21T07:16:56+00:00,station1,354.0,0.0,1.829,16.511,0.0,436998.7818181818,8717649.963636363,0.0,3.4959902545454544,69.7411997090909,vrf_leakage,compound_bgp_route_flap_03_vrf_leakage
2026-07-21T07:16:56+00:00,station2,,0.0,1.352,21.307,25.0,10946740.781818181,550182.9818181818,4.0,87.57392625454546,4.4014638545454545,vrf_leakage,compound_bgp_route_flap_03_vrf_leakage
2026-07-21T07:16:56+00:00,station3,,0.0,0.093,4.768,0.0,235.67272727272726,1289.581818181818,,0.001885381818181818,0.010316654545454544,vrf_leakage,compound_bgp_route_flap_03_vrf_leakage
2026-07-21T07:17:11+00:00,station1,354.0,0.0,0.785,18.909,0.0,548093.1818181818,10952254.818181816,0.0,4.384745454545454,87.61803854545454,vrf_leakage,compound_bgp_route_flap_03_vrf_leakage
2026-07-21T07:17:11+00:00,station2,,0.0,1.777,18.257,0.0,8721332.854545454,437486.2727272727,4.0,69.77066283636363,3.4998901818181816,vrf_leakage,compound_bgp_route_flap_03_vrf_leakage
2026-07-21T07:17:11+00:00,station3,,0.0,0.31,4.008,0.0,188.58181818181816,1067.0545454545454,,0.0015086545454545454,0.008536436363636364,vrf_leakage,compound_bgp_route_flap_03_vrf_leakage
2026-07-21T07:17:26+00:00,station1,354.0,0.0,1.5,18.893,0.0,559730.1867238778,11162125.506808966,0.0,4.477841493791022,89.29700405447173,vrf_leakage,compound_bgp_route_flap_03_vrf_leakage
2026-07-21T07:17:26+00:00,station2,,0.0,2.051,19.017,0.0,13149914.38181818,659407.4727272727,4.0,105.19931505454545,5.275259781818181,vrf_leakage,compound_bgp_route_flap_03_vrf_leakage
2026-07-21T07:17:26+00:00,station3,,0.0,0.12,4.787,0.0,233.9272727272727,1286.9272727272726,,0.0018714181818181817,0.010295418181818181,vrf_leakage,compound_bgp_route_flap_03_vrf_leakage
2026-07-21T07:17:41+00:00,station1,354.0,0.0,3.592,17.298,0.0,547786.9675096816,10918804.021745058,0.0,4.382295740077453,87.35043217396046,vrf_leakage,compound_bgp_route_flap_03_vrf_leakage
2026-07-21T07:17:41+00:00,station2,,0.0,2.019,18.353,0.0,9174953.145454545,460905.0363636363,4.0,73.39962516363636,3.6872402909090907,vrf_leakage,compound_bgp_route_flap_03_vrf_leakage
2026-07-21T07:17:41+00:00,station3,,0.0,0.038,0.268,0.0,197.3090909090909,1074.090909090909,,0.0015784727272727273,0.008592727272727273,vrf_leakage,compound_bgp_route_flap_03_vrf_leakage
2026-07-21T07:17:56+00:00,station1,354.0,0.0,613.515,1173.496,0.0,436261.4316103344,8684416.065162452,0.0,3.490091452882675,69.47532852129962,vrf_leakage,compound_bgp_route_flap_03_vrf_leakage
2026-07-21T07:17:56+00:00,station2,,0.0,628.031,1171.835,0.0,10914058.418181816,549962.7090909091,4.0,87.31246734545454,4.399701672727272,vrf_leakage,compound_bgp_route_flap_03_vrf_leakage
2026-07-21T07:17:56+00:00,station3,,0.0,629.091,1163.248,0.0,233.9272727272727,1286.7272727272725,,0.0018714181818181817,0.01029381818181818,vrf_leakage,compound_bgp_route_flap_03_vrf_leakage
2026-07-21T07:18:11+00:00,station1,354.0,0.0,647.205,1046.512,0.0,550574.3090909091,10917148.127272727,0.0,4.404594472727273,87.33718501818181,vrf_leakage,compound_bgp_route_flap_03_vrf_leakage
2026-07-21T07:18:11+00:00,station2,,0.0,610.565,1073.55,0.0,8683002.745454544,439196.72727272724,4.0,69.46402196363636,3.513573818181818,vrf_leakage,compound_bgp_route_flap_03_vrf_leakage
2026-07-21T07:18:11+00:00,station3,,0.0,611.21,1063.975,0.0,189.67272727272726,1066.581818181818,,0.001517381818181818,0.008532654545454545,vrf_leakage,compound_bgp_route_flap_03_vrf_leakage
2026-07-21T07:18:26+00:00,station1,354.0,0.0,627.588,1099.973,0.0,483230.5034820081,9555718.839209411,0.0,3.865844027856065,76.4457507136753,vrf_leakage,compound_bgp_route_flap_03_vrf_leakage
2026-07-21T07:18:26+00:00,station2,,0.0,576.727,1227.353,0.0,10917462.272727273,552908.3818181817,4.0,87.33969818181819,4.4232670545454535,vrf_leakage,compound_bgp_route_flap_03_vrf_leakage
2026-07-21T07:18:26+00:00,station3,,0.0,574.347,1227.251,0.0,232.39999999999998,1285.9454545454544,,0.0018591999999999999,0.010287563636363635,vrf_leakage,compound_bgp_route_flap_03_vrf_leakage
2026-07-21T07:18:41+00:00,station1,354.0,0.0,0.728,17.135,0.0,645100.7618043309,12767707.478045853,0.0,5.160806094434647,102.14165982436683,vrf_leakage,compound_bgp_route_flap_03_vrf_leakage
2026-07-21T07:18:41+00:00,station2,,0.0,805.94,993.694,25.0,11160417.945454543,565013.7818181817,4.0,89.28334356363635,4.520110254545454,vrf_leakage,compound_bgp_route_flap_03_vrf_leakage
2026-07-21T07:18:41+00:00,station3,,0.0,694.511,1105.573,0.0,196.9090909090909,1075.1454545454544,,0.0015752727272727272,0.008601163636363636,vrf_leakage,compound_bgp_route_flap_03_vrf_leakage
2026-07-21T07:18:56+00:00,station1,354.0,0.0,2.76,17.294,0.0,430796.0326551392,8552743.522609502,0.0,3.4463682612411137,68.42194818087602,vrf_leakage,compound_bgp_route_flap_03_vrf_leakage
2026-07-21T07:18:56+00:00,station2,,0.0,611.177,1090.081,25.0,10782658.890909089,544285.8545454545,4.0,86.2612711272727,4.354286836363636,vrf_leakage,compound_bgp_route_flap_03_vrf_leakage
2026-07-21T07:18:56+00:00,station3,,0.0,552.675,1002.327,0.0,234.6181818181818,1287.8727272727272,,0.0018769454545454543,0.010302981818181817,vrf_leakage,compound_bgp_route_flap_03_vrf_leakage
2026-07-21T07:19:11+00:00,station1,354.0,0.0,529.605,1251.012,25.0,541458.3553026308,10781775.87680224,0.0,4.331666842421046,86.25420701441791,vrf_leakage,compound_bgp_route_flap_03_vrf_leakage
2026-07-21T07:19:11+00:00,station2,,0.0,720.327,785.84,0.0,8547918.054545455,429960.2909090909,4.0,68.38334443636364,3.439682327272727,vrf_leakage,compound_bgp_route_flap_03_vrf_leakage
2026-07-21T07:19:11+00:00,station3,,0.0,735.657,770.827,0.0,192.54545454545453,1070.290909090909,,0.0015403636363636362,0.008562327272727273,vrf_leakage,compound_bgp_route_flap_03_vrf_leakage
2026-07-21T07:19:26+00:00,station1,354.0,0.0,243.93,547.362,25.0,427777.9595992655,8548919.216713032,0.0,3.4222236767941236,68.39135373370425,vrf_leakage,compound_bgp_route_flap_03_vrf_leakage
2026-07-21T07:19:26+00:00,station2,,0.0,634.205,683.606,0.0,10777110.781818181,541248.1272727272,4.0,86.21688625454546,4.329985018181818,vrf_leakage,compound_bgp_route_flap_03_vrf_leakage
2026-07-21T07:19:26+00:00,station3,,0.0,634.629,683.744,0.0,241.59999999999997,1293.890909090909,,0.0019327999999999997,0.010351127272727271,vrf_leakage,compound_bgp_route_flap_03_vrf_leakage
2026-07-21T07:19:41+00:00,station1,354.0,0.0,286.224,232.574,25.0,570108.2304601568,11407492.44586659,0.0,4.560865843681254,91.25993956693273,vrf_leakage,compound_bgp_route_flap_03_vrf_leakage
2026-07-21T07:19:41+00:00,station2,,0.0,625.171,937.112,25.0,10289728.818181816,515132.0909090909,4.0,82.31783054545453,4.121056727272727,vrf_leakage,compound_bgp_route_flap_03_vrf_leakage
2026-07-21T07:19:41+00:00,station3,,0.0,631.192,1073.506,25.0,206.03636363636363,1082.9818181818182,,0.001648290909090909,0.008663854545454545,vrf_leakage,compound_bgp_route_flap_03_vrf_leakage
2026-07-21T07:19:56+00:00,station1,354.0,0.0,0.967,15.465,0.0,549065.2909090909,10960296.654545454,0.0,4.392522327272727,87.68237323636363,vrf_leakage,compound_bgp_route_flap_03_vrf_leakage
2026-07-21T07:19:56+00:00,station2,,0.0,1.576,18.112,0.0,12074045.909090908,606076.309090909,4.0,96.59236727272726,4.848610472727271,vrf_leakage,compound_bgp_route_flap_03_vrf_leakage
2026-07-21T07:19:56+00:00,station3,,0.0,0.025,0.225,0.0,246.1090909090909,1298.2363636363634,,0.0019688727272727273,0.010385890909090907,vrf_leakage,compound_bgp_route_flap_03_vrf_leakage
2026-07-21T07:20:11+00:00,station1,354.0,0.0,0.415,2.303,0.0,469047.79999999993,9343386.963636363,0.0,3.7523823999999992,74.7470957090909,vrf_leakage,compound_bgp_route_flap_03_vrf_leakage
2026-07-21T07:20:11+00:00,station2,,0.0,6.822,5.075,0.0,7611088.745454545,382507.8909090909,0.0,60.88870996363636,3.060063127272727,vrf_leakage,compound_bgp_route_flap_03_vrf_leakage
2026-07-21T07:20:11+00:00,station3,,0.0,0.053,0.278,0.0,198.58181818181816,1075.1999999999998,,0.0015886545454545454,0.0086016,vrf_leakage,compound_bgp_route_flap_03_vrf_leakage
2026-07-21T07:20:26+00:00,station1,354.0,0.0,0.387,1.703,0.0,357252.2864883539,7112747.640780406,0.0,2.858018291906831,56.90198112624325,vrf_leakage,compound_bgp_route_flap_03_vrf_leakage
2026-07-21T07:20:26+00:00,station2,,0.0,1.459,3.058,0.0,9344864.6,470494.8181818182,0.0,74.7589168,3.7639585454545452,vrf_leakage,compound_bgp_route_flap_03_vrf_leakage
2026-07-21T07:20:26+00:00,station3,,0.0,838.874,3979.89,40.0,235.8181818181818,1289.6181818181817,,0.0018865454545454545,0.010316945454545454,vrf_leakage,compound_bgp_route_flap_03_vrf_leakage
2026-07-21T07:20:41+00:00,station1,354.0,0.0,0.234,1.799,0.0,468669.23034964275,9347079.692358043,0.0,3.749353842797142,74.77663753886435,vrf_leakage,compound_bgp_route_flap_03_vrf_leakage
2026-07-21T07:20:41+00:00,station2,,0.0,0.85,2.022,0.0,7112417.69090909,358060.7454545454,0.0,56.899341527272725,2.8644859636363633,vrf_leakage,compound_bgp_route_flap_03_vrf_leakage
2026-07-21T07:20:41+00:00,station3,,0.0,831.594,1124.472,0.0,194.03636363636363,1075.0363636363636,,0.0015522909090909091,0.008600290909090908,vrf_leakage,compound_bgp_route_flap_03_vrf_leakage
2026-07-21T07:20:56+00:00,station1,354.0,0.0,0.456,1.551,0.0,478591.2801585425,9549515.990618352,0.0,3.82873024126834,76.39612792494681,vrf_leakage,compound_bgp_route_flap_03_vrf_leakage
2026-07-21T07:20:56+00:00,station2,,0.0,0.928,2.686,0.0,10664937.036363635,535857.8909090909,0.0,85.31949629090909,4.286863127272727,vrf_leakage,compound_bgp_route_flap_03_vrf_leakage
2026-07-21T07:20:56+00:00,station3,,0.0,1445.411,2955.87,0.0,235.09090909090907,1283.909090909091,,0.0018807272727272724,0.010271272727272728,vrf_leakage,compound_bgp_route_flap_03_vrf_leakage
2026-07-21T07:21:11+00:00,station1,354.0,0.0,0.02,0.3,0.0,639814.6727272726,12793319.6,0.0,5.118517381818181,102.3465568,vrf_leakage,compound_bgp_route_flap_03_vrf_leakage
2026-07-21T07:21:11+00:00,station2,,0.0,0.18,1.885,0.0,11168580.054545455,559613.2545454545,0.0,89.34864043636364,4.476906036363636,vrf_leakage,compound_bgp_route_flap_03_vrf_leakage
2026-07-21T07:21:11+00:00,station3,,0.0,1215.665,2133.559,0.0,189.27272727272728,1067.381818181818,,0.0015141818181818182,0.008539054545454545,vrf_leakage,compound_bgp_route_flap_03_vrf_leakage
2026-07-21T07:21:26+00:00,station1,354.0,0.0,0.032,0.263,0.0,444557.5272727272,8867945.418181818,0.0,3.556460218181818,70.94356334545455,vrf_leakage,compound_bgp_route_flap_03_vrf_leakage
2026-07-21T07:21:26+00:00,station2,,0.0,1443.365,2968.037,0.0,11100203.909090908,557611.4181818182,0.0,88.80163127272726,4.460891345454546,vrf_leakage,compound_bgp_route_flap_03_vrf_leakage
2026-07-21T07:21:26+00:00,station3,,0.0,1447.313,2949.914,0.0,232.9090909090909,1286.8545454545454,,0.0018632727272727273,0.010294836363636362,vrf_leakage,compound_bgp_route_flap_03_vrf_leakage
2026-07-21T07:21:41+00:00,station1,354.0,0.0,1422.008,1973.428,100.0,556420.4545454545,11102723.509090908,0.0,4.451363636363636,88.82178807272726,vrf_leakage,compound_bgp_route_flap_03_vrf_leakage
2026-07-21T07:21:41+00:00,station2,,0.0,1443.365,2968.037,0.0,8868169.945454545,445847.10909090907,0.0,70.94535956363636,3.5667768727272726,vrf_leakage,compound_bgp_route_flap_03_vrf_leakage
2026-07-21T07:21:41+00:00,station3,,0.0,1447.313,2949.914,0.0,191.45454545454544,1072.2545454545455,,0.0015316363636363635,0.008578036363636363,vrf_leakage,compound_bgp_route_flap_03_vrf_leakage
2026-07-21T07:21:56+00:00,station1,354.0,0.0,2169.026,2699.422,0.0,444744.19999999995,8869463.799999999,0.0,3.5579536,70.95571039999999,vrf_leakage,compound_bgp_route_flap_03_vrf_leakage
2026-07-21T07:21:56+00:00,station2,,0.0,2168.191,2692.231,0.0,11102068.527272727,557919.4363636363,0.0,88.81654821818182,4.46335549090909,vrf_leakage,compound_bgp_route_flap_03_vrf_leakage
2026-07-21T07:21:56+00:00,station3,,0.0,2157.012,2709.606,0.0,233.9272727272727,1287.6545454545453,,0.0018714181818181817,0.010301236363636362,vrf_leakage,compound_bgp_route_flap_03_vrf_leakage
2026-07-21T07:22:11+00:00,station1,354.0,0.0,890.504,1681.171,20.0,587084.9106347389,11713969.36307933,0.0,4.696679285077911,93.71175490463465,vrf_leakage,compound_bgp_route_flap_03_vrf_leakage
2026-07-21T07:22:11+00:00,station2,,0.0,1008.307,1575.28,40.0,10594450.818181816,532108.8909090909,0.0,84.75560654545453,4.256871127272727,vrf_leakage,compound_bgp_route_flap_03_vrf_leakage
2026-07-21T07:22:11+00:00,station3,,0.0,838.951,1117.168,0.0,189.67272727272726,1072.9999999999998,,0.001517381818181818,0.008583999999999998,vrf_leakage,compound_bgp_route_flap_03_vrf_leakage
2026-07-21T07:22:26+00:00,station1,354.0,0.0,0.029,0.272,0.0,531766.1454545454,10632768.545454543,0.0,4.254129163636363,85.06214836363634,vrf_leakage,compound_bgp_route_flap_03_vrf_leakage
2026-07-21T07:22:26+00:00,station2,,0.0,0.059,0.274,0.0,11748322.054545455,588996.4727272727,0.0,93.98657643636363,4.711971781818181,vrf_leakage,compound_bgp_route_flap_03_vrf_leakage
2026-07-21T07:22:26+00:00,station3,,0.0,0.017,0.24,0.0,242.0363636363636,1288.2181818181816,,0.001936290909090909,0.010305745454545453,vrf_leakage,compound_bgp_route_flap_03_vrf_leakage
2026-07-21T07:22:41+00:00,station1,354.0,0.0,1444.702,2960.391,0.0,556316.7090909091,11106126.4,0.0,4.450533672727273,88.8490112,vrf_leakage,compound_bgp_route_flap_03_vrf_leakage
2026-07-21T07:22:41+00:00,station2,,0.0,1448.202,2953.742,0.0,8868410.418181818,445570.61818181816,0.0,70.94728334545455,3.564564945454545,vrf_leakage,compound_bgp_route_flap_03_vrf_leakage
2026-07-21T07:22:41+00:00,station3,,0.0,1443.05,2963.004,0.0,195.74545454545452,1079.4727272727273,,0.0015659636363636361,0.008635781818181818,vrf_leakage,compound_bgp_route_flap_03_vrf_leakage
2026-07-21T07:22:56+00:00,station1,354.0,0.0,830.337,1130.455,0.0,444554.91718332394,8871949.56455337,0.0,3.5564393374665917,70.97559651642696,vrf_leakage,compound_bgp_route_flap_03_vrf_leakage
2026-07-21T07:22:56+00:00,station2,,0.0,512.709,429.694,0.0,11103900.236363636,557575.4909090908,0.0,88.83120189090909,4.460603927272727,vrf_leakage,compound_bgp_route_flap_03_vrf_leakage
2026-07-21T07:22:56+00:00,station3,,0.0,829.438,1132.12,0.0,237.38181818181818,1288.7454545454543,,0.0018990545454545453,0.010309963636363634,vrf_leakage,compound_bgp_route_flap_03_vrf_leakage
2026-07-21T07:23:11+00:00,station1,354.0,0.0,1267.718,2093.046,0.0,556093.6892056508,11105236.304794459,0.0,4.448749513645207,88.84189043835568,vrf_leakage,compound_bgp_route_flap_03_vrf_leakage
2026-07-21T07:23:11+00:00,station2,,0.0,1414.011,2068.658,16.666666666666664,8871432.49090909,445634.10909090907,0.0,70.97145992727272,3.5650728727272725,vrf_leakage,compound_bgp_route_flap_03_vrf_leakage
2026-07-21T07:23:11+00:00,station3,,0.0,1449.879,3027.093,0.0,191.49090909090907,1070.1454545454544,,0.0015319272727272726,0.008561163636363636,vrf_leakage,compound_bgp_route_flap_03_vrf_leakage
2026-07-21T07:23:26+00:00,station1,354.0,0.0,510.897,430.919,0.0,558260.3414731713,11171732.74905904,0.0,4.46608273178537,89.37386199247231,vrf_leakage,compound_bgp_route_flap_03_vrf_leakage
2026-07-21T07:23:26+00:00,station2,,0.0,1678.163,2311.831,0.0,12757664.38181818,639680.4181818181,0.0,102.06131505454545,5.117443345454545,vrf_leakage,compound_bgp_route_flap_03_vrf_leakage
2026-07-21T07:23:26+00:00,station3,,0.0,1673.366,2294.414,0.0,232.47272727272727,1287.6727272727271,,0.001859781818181818,0.010301381818181818,vrf_leakage,compound_bgp_route_flap_03_vrf_leakage
2026-07-21T07:23:41+00:00,station1,354.0,0.0,0.111,0.256,0.0,535128.2111884806,10722143.664891006,0.0,4.281025689507845,85.77714931912806,vrf_leakage,compound_bgp_route_flap_03_vrf_leakage
2026-07-21T07:23:41+00:00,station2,,0.0,0.04,0.214,0.0,9587577.581818182,480232.2727272727,0.0,76.70062065454546,3.8418581818181816,vrf_leakage,compound_bgp_route_flap_03_vrf_leakage
2026-07-21T07:23:41+00:00,station3,,0.0,0.003,0.251,0.0,200.03636363636363,1072.509090909091,,0.001600290909090909,0.008580072727272728,vrf_leakage,compound_bgp_route_flap_03_vrf_leakage
2026-07-21T07:23:56+00:00,station1,354.0,0.0,0.111,0.256,0.0,358003.2727272727,7541380.399999999,0.0,2.864026181818182,60.331043199999996,vrf_leakage,compound_bgp_route_flap_03_vrf_leakage
2026-07-21T07:23:56+00:00,station2,,0.0,2732.897,5157.25,20.0,9775023.763636362,471092.67272727273,0.0,78.2001901090909,3.768741381818182,vrf_leakage,compound_bgp_route_flap_03_vrf_leakage
2026-07-21T07:23:56+00:00,station3,,0.0,2904.566,4394.477,0.0,225.27272727272728,1289.0181818181816,,0.0018021818181818182,0.010312145454545453,vrf_leakage,compound_bgp_route_flap_03_vrf_leakage
2026-07-21T07:24:11+00:00,station1,354.0,0.0,1420.547,1973.055,0.0,469876.18181818177,9774063.054545455,0.0,3.759009454545454,78.19250443636363,vrf_leakage,compound_bgp_route_flap_03_vrf_leakage
2026-07-21T07:24:11+00:00,station2,,0.0,1420.064,1967.762,0.0,7539110.272727272,359275.8,0.0,60.312882181818175,2.8742064,vrf_leakage,compound_bgp_route_flap_03_vrf_leakage
2026-07-21T07:24:11+00:00,station3,,0.0,1214.182,2136.107,0.0,189.05454545454543,1071.1636363636362,,0.0015124363636363635,0.00856930909090909,vrf_leakage,compound_bgp_route_flap_03_vrf_leakage
2026-07-21T07:24:26+00:00,station1,354.0,0.0,836.084,1118.344,0.0,381930.8181818182,8004235.327272727,0.0,3.0554465454545454,64.03388261818182,vrf_leakage,compound_bgp_route_flap_03_vrf_leakage
2026-07-21T07:24:26+00:00,station2,,0.0,515.85,423.116,0.0,9773189.836363636,471650.4727272727,0.0,78.18551869090909,3.773203781818182,vrf_leakage,compound_bgp_route_flap_03_vrf_leakage
2026-07-21T07:24:26+00:00,station3,,0.0,835.507,1119.887,0.0,235.0181818181818,1283.4727272727273,,0.0018801454545454544,0.010267781818181818,vrf_leakage,compound_bgp_route_flap_03_vrf_leakage
2026-07-21T07:24:41+00:00,station1,354.0,0.0,1420.114,1966.549,0.0,605168.9303441881,12454784.81426935,0.0,4.841351442753505,99.6382785141548,vrf_leakage,compound_bgp_route_flap_03_vrf_leakage
2026-07-21T07:24:41+00:00,station2,,0.0,1420.433,1970.185,0.0,10952534.563636363,550066.7999999999,0.0,87.6202765090909,4.4005344,vrf_leakage,compound_bgp_route_flap_03_vrf_leakage
2026-07-21T07:24:41+00:00,station3,,0.0,1445.717,2954.387,0.0,193.56363636363633,1071.0545454545454,,0.0015485090909090906,0.008568436363636363,vrf_leakage,compound_bgp_route_flap_03_vrf_leakage
2026-07-21T07:24:56+00:00,station1,354.0,0.0,0.014,0.218,0.0,514033.5109187774,10275046.275251377,0.0,4.112268087350219,82.20037020201102,vrf_leakage,compound_bgp_route_flap_03_vrf_leakage
2026-07-21T07:24:56+00:00,station2,,0.0,0.068,0.223,0.0,11389645.363636363,571226.0909090909,0.0,91.11716290909091,4.5698087272727275,vrf_leakage,compound_bgp_route_flap_03_vrf_leakage
2026-07-21T07:24:56+00:00,station3,,0.0,0.03,0.27,0.0,237.67272727272726,1279.6727272727271,,0.001901381818181818,0.010237381818181818,vrf_leakage,compound_bgp_route_flap_03_vrf_leakage
2026-07-21T07:25:11+00:00,station1,354.0,0.0,0.019,0.223,0.0,444110.99999999994,8857994.054545455,0.0,3.5528879999999994,70.86395243636363,vrf_leakage,compound_bgp_route_flap_03_vrf_leakage
2026-07-21T07:25:11+00:00,station2,,0.0,0.033,0.306,0.0,6924409.072727272,347734.63636363635,0.0,55.395272581818176,2.7818770909090906,vrf_leakage,compound_bgp_route_flap_03_vrf_leakage
2026-07-21T07:25:11+00:00,station3,,0.0,0.038,0.26,0.0,190.14545454545453,1063.6909090909091,,0.0015211636363636361,0.008509527272727272,vrf_leakage,compound_bgp_route_flap_03_vrf_leakage
2026-07-21T07:25:26+00:00,station1,354.0,0.0,0.017,0.315,80.0,332226.50909090904,6625356.381818181,0.0,2.6578120727272725,53.002851054545445,vrf_leakage,compound_bgp_route_flap_03_vrf_leakage
2026-07-21T07:25:26+00:00,station2,,0.0,1744.981,3278.96,0.0,8857858.018181818,445107.14545454545,0.0,70.86286414545454,3.5608571636363635,vrf_leakage,compound_bgp_route_flap_03_vrf_leakage
2026-07-21T07:25:26+00:00,station3,,0.0,1748.006,3262.734,0.0,227.99999999999997,1286.4181818181817,,0.0018239999999999997,0.010291345454545454,vrf_leakage,compound_bgp_route_flap_03_vrf_leakage
2026-07-21T07:25:41+00:00,station1,354.0,0.0,1027.876,1371.06,0.0,443536.20843257394,8856609.607098052,0.0,3.5482896674605917,70.85287685678442,vrf_leakage,compound_bgp_route_flap_03_vrf_leakage
2026-07-21T07:25:41+00:00,station2,,0.0,1028.954,1381.527,0.0,6622977.472727272,333026.23636363633,0.0,52.98381978181818,2.6642098909090906,vrf_leakage,compound_bgp_route_flap_03_vrf_leakage
2026-07-21T07:25:41+00:00,station3,,0.0,1418.091,1962.518,0.0,194.65454545454543,1075.8181818181818,,0.0015572363636363635,0.008606545454545454,vrf_leakage,compound_bgp_route_flap_03_vrf_leakage
2026-07-21T07:25:56+00:00,station1,354.0,0.0,1012.523,2435.072,0.0,487751.43636363634,9749397.4,0.0,3.9020114909090906,77.99517920000001,vrf_leakage,compound_bgp_route_flap_03_vrf_leakage
2026-07-21T07:25:56+00:00,station2,,0.0,1215.313,2144.576,0.0,10865412.309090909,544681.6181818182,0.0,86.92329847272727,4.357452945454545,vrf_leakage,compound_bgp_route_flap_03_vrf_leakage
2026-07-21T07:25:56+00:00,station3,,0.0,1215.974,2128.914,0.0,230.65454545454543,1285.7636363636364,,0.0018452363636363635,0.010286109090909091,vrf_leakage,compound_bgp_route_flap_03_vrf_leakage
2026-07-21T07:26:11+00:00,station1,354.0,0.0,0.01,0.216,0.0,628943.8363636363,12597477.509090908,0.0,5.03155069090909,100.77982007272726,vrf_leakage,compound_bgp_route_flap_03_vrf_leakage
2026-07-21T07:26:11+00:00,station2,,0.0,1444.727,2978.62,0.0,11166671.727272727,558626.1818181818,0.0,89.33337381818181,4.469009454545454,vrf_leakage,compound_bgp_route_flap_03_vrf_leakage
2026-07-21T07:26:11+00:00,station3,,0.0,1447.523,2962.749,0.0,187.49090909090907,1062.8363636363636,,0.0014999272727272725,0.008502690909090909,vrf_leakage,compound_bgp_route_flap_03_vrf_leakage
2026-07-21T07:26:26+00:00,station1,354.0,0.0,0.023,0.226,0.0,405806.91260158905,8129910.147088234,0.0,3.2464553008127126,65.03928117670587,vrf_leakage,compound_bgp_route_flap_03_vrf_leakage
2026-07-21T07:26:26+00:00,station2,,0.0,0.028,0.296,0.0,9244952.527272727,463133.61818181816,0.0,73.95962021818183,3.705068945454545,vrf_leakage,compound_bgp_route_flap_03_vrf_leakage
2026-07-21T07:26:26+00:00,station3,,0.0,0.035,0.235,0.0,233.3090909090909,1278.4727272727273,,0.0018664727272727274,0.01022778181818182,vrf_leakage,compound_bgp_route_flap_03_vrf_leakage
2026-07-21T07:26:41+00:00,station1,354.0,0.0,836.71,1112.057,0.0,444253.24994091014,8879275.467718769,0.0,3.554025999527281,71.03420374175015,vrf_leakage,compound_bgp_route_flap_03_vrf_leakage
2026-07-21T07:26:41+00:00,station2,,0.0,2374.877,1679.53,57.14285714285714,6643376.927272727,333757.5818181818,0.0,53.147015418181816,2.670060654545454,vrf_leakage,compound_bgp_route_flap_03_vrf_leakage
2026-07-21T07:26:41+00:00,station3,,0.0,0.023,0.316,80.0,190.3272727272727,1070.5454545454545,,0.0015226181818181817,0.008564363636363636,vrf_leakage,compound_bgp_route_flap_03_vrf_leakage
2026-07-21T07:26:56+00:00,station1,354.0,0.0,0.0,2.143,90.0,333335.0362707489,6645997.709215862,0.0,2.666680290165991,53.16798167372689,vrf_leakage,compound_bgp_route_flap_03_vrf_leakage
2026-07-21T07:26:56+00:00,station2,,0.0,0.0,3.928,90.0,8878536.09090909,446378.5272727272,0.0,71.02828872727272,3.5710282181818176,vrf_leakage,compound_bgp_route_flap_03_vrf_leakage
2026-07-21T07:26:56+00:00,station3,,0.0,2904.006,4390.922,0.0,231.9272727272727,1281.8363636363636,,0.0018554181818181816,0.010254690909090909,vrf_leakage,compound_bgp_route_flap_03_vrf_leakage
2026-07-21T07:27:11+00:00,station1,354.0,0.0,3062.148,3065.695,80.0,485016.34545454546,9685075.98181818,0.0,3.8801307636363638,77.48060785454544,vrf_leakage,compound_bgp_route_flap_03_vrf_leakage
2026-07-21T07:27:11+00:00,station2,,0.0,3062.923,3067.633,80.0,8566795.036363635,430251.0727272727,0.0,68.53436029090908,3.4420085818181816,vrf_leakage,compound_bgp_route_flap_03_vrf_leakage
2026-07-21T07:27:11+00:00,station3,,0.0,2902.701,4383.167,0.0,182.2181818181818,1073.0545454545454,,0.0014577454545454543,0.008584436363636363,vrf_leakage,compound_bgp_route_flap_03_vrf_leakage
2026-07-21T07:27:26+00:00,station1,354.0,0.0,1677.734,2326.045,0.0,558314.5818181818,11170198.38181818,0.0,4.466516654545455,89.36158705454545,vrf_leakage,compound_bgp_route_flap_03_vrf_leakage
2026-07-21T07:27:26+00:00,station2,,0.0,1678.292,2320.479,0.0,13033602.49090909,653655.2545454545,0.0,104.26881992727272,5.229242036363636,vrf_leakage,compound_bgp_route_flap_03_vrf_leakage
2026-07-21T07:27:26+00:00,station3,,0.0,1664.237,2315.733,0.0,229.3090909090909,1292.5454545454545,,0.0018344727272727273,0.010340363636363635,vrf_leakage,compound_bgp_route_flap_03_vrf_leakage
2026-07-21T07:27:41+00:00,station1,354.0,0.0,1384.813,979.483,40.0,555951.3991163477,11104036.637029765,0.0,4.447611192930781,88.83229309623812,vrf_leakage,compound_bgp_route_flap_03_vrf_leakage
2026-07-21T07:27:41+00:00,station2,,0.0,0.039,0.243,0.0,9308465.69090909,466444.16363636364,0.0,74.46772552727272,3.731553309090909,vrf_leakage,compound_bgp_route_flap_03_vrf_leakage
2026-07-21T07:27:41+00:00,station3,,0.0,0.01,0.305,0.0,205.85454545454544,1076.6181818181817,,0.0016468363636363635,0.008612945454545454,vrf_leakage,compound_bgp_route_flap_03_vrf_leakage
2026-07-21T07:27:56+00:00,station1,354.0,0.0,1233.733,1351.042,40.0,444439.68072146765,8869639.575265005,0.0,3.5555174457717413,70.95711660212004,vrf_leakage,compound_bgp_route_flap_03_vrf_leakage
2026-07-21T07:27:56+00:00,station2,,0.0,1229.723,1348.905,40.0,11102070.763636362,557268.7090909091,0.0,88.8165661090909,4.458149672727273,vrf_leakage,compound_bgp_route_flap_03_vrf_leakage
2026-07-21T07:27:56+00:00,station3,,0.0,1445.146,2954.34,0.0,238.98181818181817,1288.109090909091,,0.0019118545454545454,0.010304872727272728,vrf_leakage,compound_bgp_route_flap_03_vrf_leakage
2026-07-21T07:28:11+00:00,station1,354.0,0.0,755.438,774.373,0.0,556232.7272727272,11104057.8,0.0,4.449861818181818,88.83246240000001,vrf_leakage,compound_bgp_route_flap_03_vrf_leakage
2026-07-21T07:28:11+00:00,station2,,0.0,1237.462,1842.161,0.0,8869028.618181817,445736.9272727272,0.0,70.95222894545454,3.5658954181818174,vrf_leakage,compound_bgp_route_flap_03_vrf_leakage
2026-07-21T07:28:11+00:00,station3,,0.0,1450.072,2943.296,0.0,193.63636363636363,1064.2181818181818,,0.001549090909090909,0.008513745454545455,vrf_leakage,compound_bgp_route_flap_03_vrf_leakage
2026-07-21T07:28:26+00:00,station1,354.0,0.0,1447.712,2973.519,0.0,481690.34545454546,9614345.98181818,0.0,3.853522763636364,76.91476785454545,vrf_leakage,compound_bgp_route_flap_03_vrf_leakage
2026-07-21T07:28:26+00:00,station2,,0.0,497.759,446.767,0.0,11102410.0,557403.9999999999,0.0,88.81928,4.459231999999999,vrf_leakage,compound_bgp_route_flap_03_vrf_leakage
2026-07-21T07:28:26+00:00,station3,,0.0,492.765,445.002,0.0,243.16363636363633,1282.381818181818,,0.0019453090909090907,0.010259054545454544,vrf_leakage,compound_bgp_route_flap_03_vrf_leakage
2026-07-21T07:28:41+00:00,station1,354.0,0.0,0.021,0.225,0.0,636545.0545454546,12731010.727272727,0.0,5.092360436363636,101.84808581818181,vrf_leakage,compound_bgp_route_flap_04_vrf_leakage
2026-07-21T07:28:41+00:00,station2,,0.0,0.0,825.066,90.0,11168439.618181817,559338.3636363635,0.0,89.34751694545454,4.474706909090909,vrf_leakage,compound_bgp_route_flap_04_vrf_leakage
2026-07-21T07:28:41+00:00,station3,,0.0,0.0,819.975,90.0,188.1090909090909,1076.3999999999999,,0.0015048727272727273,0.0086112,vrf_leakage,compound_bgp_route_flap_04_vrf_leakage
2026-07-21T07:28:56+00:00,station1,357.0,0.0,0.278,4.612,0.0,442603.70909090905,8839351.163636362,0.0,3.5408296727272726,70.7148093090909,vrf_leakage,compound_bgp_route_flap_04_vrf_leakage
2026-07-21T07:28:56+00:00,station2,,0.0,0.527,4.697,0.0,11072435.618181817,555484.4181818182,4.0,88.57948494545454,4.443875345454546,vrf_leakage,compound_bgp_route_flap_04_vrf_leakage
2026-07-21T07:28:56+00:00,station3,,0.0,1201.452,2478.663,20.0,236.54545454545453,1289.4,,0.0018923636363636363,0.0103152,vrf_leakage,compound_bgp_route_flap_04_vrf_leakage
2026-07-21T07:29:11+00:00,station1,357.0,0.0,0.091,4.583,0.0,553381.8727272727,11072992.745454544,0.0,4.4270549818181815,88.58394196363635,vrf_leakage,compound_bgp_route_flap_04_vrf_leakage
2026-07-21T07:29:11+00:00,station2,,0.0,0.897,5.543,0.0,8838134.2,443141.2909090909,4.0,70.70507359999999,3.545130327272727,vrf_leakage,compound_bgp_route_flap_04_vrf_leakage
2026-07-21T07:29:11+00:00,station3,,0.0,1448.483,2946.264,0.0,189.63636363636363,1067.2545454545455,,0.001517090909090909,0.008538036363636363,vrf_leakage,compound_bgp_route_flap_04_vrf_leakage
2026-07-21T07:29:26+00:00,station1,357.0,0.0,0.532,5.241,0.0,441619.4545454545,8840238.945454545,0.0,3.532955636363636,70.72191156363637,vrf_leakage,compound_bgp_route_flap_04_vrf_leakage
2026-07-21T07:29:26+00:00,station2,,0.0,0.346,4.428,0.0,11071688.618181817,554362.0909090909,4.0,88.57350894545453,4.4348967272727275,vrf_leakage,compound_bgp_route_flap_04_vrf_leakage
2026-07-21T07:29:26+00:00,station3,,0.0,835.518,1066.204,0.0,237.19999999999996,1286.9636363636362,,0.0018975999999999997,0.01029570909090909,vrf_leakage,compound_bgp_route_flap_04_vrf_leakage
2026-07-21T07:29:41+00:00,station1,358.0,0.0,0.532,5.017,0.0,585723.1272727272,11748923.709090909,0.0,4.685785018181818,93.99138967272727,vrf_leakage,compound_bgp_route_flap_04_vrf_leakage
2026-07-21T07:29:41+00:00,station2,,0.0,0.461,5.098,0.0,10628082.036363635,531052.1454545454,4.0,85.02465629090908,4.248417163636363,vrf_leakage,compound_bgp_route_flap_04_vrf_leakage
2026-07-21T07:29:41+00:00,station3,,0.0,1693.148,2320.603,40.0,196.94545454545454,1078.0363636363636,,0.0015755636363636364,0.008624290909090908,vrf_leakage,compound_bgp_route_flap_04_vrf_leakage
2026-07-21T07:29:56+00:00,station1,358.0,0.0,0.417,2.838,0.0,527422.2727272727,10597909.49090909,0.0,4.219378181818182,84.78327592727273,vrf_leakage,compound_bgp_route_flap_04_vrf_leakage
2026-07-21T07:29:56+00:00,station2,,0.0,0.39,3.278,25.0,11713541.309090909,584528.6363636364,4.0,93.70833047272727,4.676229090909091,vrf_leakage,compound_bgp_route_flap_04_vrf_leakage
2026-07-21T07:29:56+00:00,station3,,0.0,0.048,0.265,0.0,237.34545454545454,1285.890909090909,,0.0018987636363636364,0.010287127272727271,vrf_leakage,compound_bgp_route_flap_04_vrf_leakage
2026-07-21T07:30:11+00:00,station1,358.0,0.0,834.368,1128.11,0.0,553060.9261649788,11087895.856438972,0.0,4.4244874093198305,88.70316685151178,vrf_leakage,compound_bgp_route_flap_04_vrf_leakage
2026-07-21T07:30:11+00:00,station2,,0.0,0.422,3.624,0.0,8852807.509090908,442743.0181818182,4.0,70.82246007272727,3.5419441454545457,vrf_leakage,compound_bgp_route_flap_04_vrf_leakage
2026-07-21T07:30:11+00:00,station3,,0.0,0.04,0.289,0.0,189.78181818181818,1073.2727272727273,,0.0015182545454545454,0.008586181818181817,vrf_leakage,compound_bgp_route_flap_04_vrf_leakage
2026-07-21T07:30:26+00:00,station1,358.0,0.0,514.885,429.594,0.0,442132.18902849243,8854636.25288652,0.0,3.5370575122279395,70.83709002309216,vrf_leakage,compound_bgp_route_flap_04_vrf_leakage
2026-07-21T07:30:26+00:00,station2,,0.0,512.648,428.077,0.0,11085436.2,554396.2545454545,4.0,88.68348959999999,4.435170036363636,vrf_leakage,compound_bgp_route_flap_04_vrf_leakage
2026-07-21T07:30:26+00:00,station3,,0.0,509.017,428.709,0.0,237.3090909090909,1291.290909090909,,0.0018984727272727273,0.010330327272727272,vrf_leakage,compound_bgp_route_flap_04_vrf_leakage
2026-07-21T07:30:41+00:00,station1,358.0,0.0,1524.855,1434.561,50.0,553701.6963327939,11084071.580516718,0.0,4.429613570662351,88.67257264413375,vrf_leakage,compound_bgp_route_flap_04_vrf_leakage
2026-07-21T07:30:41+00:00,station2,,0.0,1695.525,2333.355,40.0,8851007.727272727,443589.39999999997,4.0,70.80806181818181,3.5487151999999997,vrf_leakage,compound_bgp_route_flap_04_vrf_leakage
2026-07-21T07:30:41+00:00,station3,,0.0,1845.581,2610.293,50.0,208.69090909090906,1076.6727272727271,,0.0016695272727272725,0.008613381818181817,vrf_leakage,compound_bgp_route_flap_04_vrf_leakage
2026-07-21T07:30:56+00:00,station1,358.0,0.0,1640.523,2373.29,40.0,556920.4378102216,11167531.390338358,0.0,4.455363502481773,89.34025112270686,vrf_leakage,compound_bgp_route_flap_04_vrf_leakage
2026-07-21T07:30:56+00:00,station2,,0.0,1387.146,1997.189,0.0,12772764.09090909,639166.1272727272,4.0,102.18211272727272,5.113329018181817,vrf_leakage,compound_bgp_route_flap_04_vrf_leakage
2026-07-21T07:30:56+00:00,station3,,0.0,1386.308,2001.971,0.0,236.1090909090909,1289.9272727272726,,0.001888872727272727,0.01031941818181818,vrf_leakage,compound_bgp_route_flap_04_vrf_leakage
2026-07-21T07:31:11+00:00,station1,358.0,0.0,0.757,6.893,0.0,533001.2909090909,10687862.872727273,0.0,4.264010327272727,85.50290298181818,vrf_leakage,compound_bgp_route_flap_04_vrf_leakage
2026-07-21T07:31:11+00:00,station2,,0.0,0.854,6.541,0.0,9569892.927272728,478512.7636363636,4.0,76.55914341818182,3.828102109090909,vrf_leakage,compound_bgp_route_flap_04_vrf_leakage
2026-07-21T07:31:11+00:00,station3,,0.0,0.066,0.237,0.0,198.94545454545454,1071.0363636363636,,0.0015915636363636363,0.00856829090909091,vrf_leakage,compound_bgp_route_flap_04_vrf_leakage
2026-07-21T07:31:26+00:00,station1,358.0,0.0,0.551,5.381,0.0,342878.2022145052,6859173.287758404,0.0,2.7430256177160413,54.87338630206723,vrf_leakage,compound_bgp_route_flap_04_vrf_leakage
2026-07-21T07:31:26+00:00,station2,,0.0,1091.4,1480.985,20.0,9091654.563636363,455988.18181818177,4.0,72.7332365090909,3.6479054545454543,vrf_leakage,compound_bgp_route_flap_04_vrf_leakage
2026-07-21T07:31:26+00:00,station3,,0.0,1402.619,1992.35,0.0,238.18181818181816,1293.1818181818182,,0.0019054545454545452,0.010345454545454547,vrf_leakage,compound_bgp_route_flap_04_vrf_leakage
2026-07-21T07:31:41+00:00,station1,358.0,0.0,1688.556,1678.908,100.0,455155.8363636363,9093393.363636363,0.0,3.6412466909090906,72.7471469090909,vrf_leakage,compound_bgp_route_flap_04_vrf_leakage
2026-07-21T07:31:41+00:00,station2,,0.0,1091.4,1480.985,20.0,6857712.199999999,344628.69090909086,4.0,54.86169759999999,2.757029527272727,vrf_leakage,compound_bgp_route_flap_04_vrf_leakage
2026-07-21T07:31:41+00:00,station3,,0.0,1402.619,1992.35,0.0,196.76363636363632,1077.8363636363636,,0.0015741090909090906,0.008622690909090909,vrf_leakage,compound_bgp_route_flap_04_vrf_leakage
2026-07-21T07:31:56+00:00,station1,358.0,0.0,1276.771,2619.704,40.0,368041.4545454545,7340614.309090909,0.0,2.9443316363636356,58.72491447272727,vrf_leakage,compound_bgp_route_flap_04_vrf_leakage
2026-07-21T07:31:56+00:00,station2,,0.0,1441.75,2974.915,0.0,9093481.4,456959.5818181818,4.0,72.7478512,3.6556766545454544,vrf_leakage,compound_bgp_route_flap_04_vrf_leakage
2026-07-21T07:31:56+00:00,station3,,0.0,1445.405,2955.687,0.0,272.7090909090909,1326.1272727272726,,0.0021816727272727272,0.010609018181818182,vrf_leakage,compound_bgp_route_flap_04_vrf_leakage
2026-07-21T07:32:11+00:00,station1,358.0,0.0,1512.824,2706.784,20.0,590834.0697103584,11807911.034746086,0.0,4.726672557682867,94.46328827796869,vrf_leakage,compound_bgp_route_flap_04_vrf_leakage
2026-07-21T07:32:11+00:00,station2,,0.0,1420.297,1984.504,0.0,10688615.763636362,536127.3818181817,4.0,85.5089261090909,4.289019054545454,vrf_leakage,compound_bgp_route_flap_04_vrf_leakage
2026-07-21T07:32:11+00:00,station3,,0.0,1412.669,1946.605,0.0,220.09090909090907,1106.4545454545453,,0.0017607272727272725,0.008851636363636362,vrf_leakage,compound_bgp_route_flap_04_vrf_leakage
2026-07-21T07:32:26+00:00,station1,358.0,0.0,0.954,5.77,0.0,526160.9818181818,10538823.636363635,0.0,4.209287854545455,84.31058909090908,vrf_leakage,compound_bgp_route_flap_04_vrf_leakage
2026-07-21T07:32:26+00:00,station2,,0.0,0.36,5.165,0.0,11653474.309090909,583287.2545454545,4.0,93.22779447272727,4.666298036363636,vrf_leakage,compound_bgp_route_flap_04_vrf_leakage
2026-07-21T07:32:26+00:00,station3,,0.0,0.026,0.245,0.0,263.5090909090909,1316.2,,0.002108072727272727,0.0105296,vrf_leakage,compound_bgp_route_flap_04_vrf_leakage
2026-07-21T07:32:41+00:00,station1,358.0,0.0,1.03,7.019,0.0,441958.52651866403,8853322.460408371,0.0,3.535668212149312,70.82657968326697,vrf_leakage,compound_bgp_route_flap_04_vrf_leakage
2026-07-21T07:32:41+00:00,station2,,0.0,0.98,5.918,0.0,7185868.345454545,359427.4,4.0,57.48694676363636,2.8754192,vrf_leakage,compound_bgp_route_flap_04_vrf_leakage
2026-07-21T07:32:41+00:00,station3,,0.0,0.03,0.303,0.0,213.14545454545453,1090.6363636363635,,0.0017051636363636363,0.008725090909090908,vrf_leakage,compound_bgp_route_flap_04_vrf_leakage
2026-07-21T07:32:56+00:00,station1,358.0,0.0,2107.02,3435.387,50.0,330589.66526664124,6619774.559537446,0.0,2.64471732213313,52.95819647629957,vrf_leakage,compound_bgp_route_flap_04_vrf_leakage
2026-07-21T07:32:56+00:00,station2,,0.0,1393.861,2014.487,0.0,8850009.836363636,443483.5636363636,4.0,70.80007869090909,3.547868509090909,vrf_leakage,compound_bgp_route_flap_04_vrf_leakage
2026-07-21T07:32:56+00:00,station3,,0.0,1393.926,2002.721,0.0,231.34545454545454,1287.8,,0.0018507636363636363,0.0103024,vrf_leakage,compound_bgp_route_flap_04_vrf_leakage
2026-07-21T07:33:11+00:00,station1,361.0,0.0,1586.435,1983.468,20.0,442244.5773713205,8850956.05534445,0.0,3.537956618970564,70.80764844275559,vrf_leakage,compound_bgp_route_flap_04_vrf_leakage
2026-07-21T07:33:11+00:00,station2,,0.0,1419.64,1968.053,0.0,6617409.945454544,332157.6,4.0,52.939279563636354,2.6572608,vrf_leakage,compound_bgp_route_flap_04_vrf_leakage
2026-07-21T07:33:11+00:00,station3,,0.0,1414.037,1950.612,0.0,198.8,1076.2363636363636,,0.0015904,0.008609890909090909,vrf_leakage,compound_bgp_route_flap_04_vrf_leakage
2026-07-21T07:33:26+00:00,station1,361.0,0.0,835.567,6737.202,70.0,474222.4545454545,9483985.69090909,0.0,3.793779636363636,75.87188552727271,vrf_leakage,compound_bgp_route_flap_04_vrf_leakage
2026-07-21T07:33:26+00:00,station2,,0.0,835.676,8769.257,70.0,10599824.454545455,531461.0363636364,4.0,84.79859563636364,4.251688290909091,vrf_leakage,compound_bgp_route_flap_04_vrf_leakage
2026-07-21T07:33:26+00:00,station3,,0.0,2938.482,5403.406,0.0,234.5090909090909,1287.7272727272725,,0.0018760727272727272,0.01030181818181818,vrf_leakage,compound_bgp_route_flap_04_vrf_leakage
2026-07-21T07:33:41+00:00,station1,362.0,0.0,1.244,8.455,0.0,641993.5454545454,12858059.963636363,0.0,5.135948363636364,102.8644797090909,vrf_leakage,compound_bgp_route_flap_04_vrf_leakage
2026-07-21T07:33:41+00:00,station2,,0.0,1444.605,2962.161,0.0,11167201.07272727,558661.9454545454,4.0,89.33760858181816,4.469295563636363,vrf_leakage,compound_bgp_route_flap_04_vrf_leakage
2026-07-21T07:33:41+00:00,station3,,0.0,1440.394,2972.991,0.0,200.65454545454543,1077.1272727272726,,0.0016052363636363633,0.008617018181818181,vrf_leakage,compound_bgp_route_flap_04_vrf_leakage
2026-07-21T07:33:56+00:00,station1,362.0,0.0,0.928,10.171,0.0,440999.9818185124,8825192.48740932,0.0,3.527999854548099,70.60153989927456,vrf_leakage,compound_bgp_route_flap_04_vrf_leakage
2026-07-21T07:33:56+00:00,station2,,0.0,0.387,7.903,25.0,11058000.09090909,553974.9272727272,4.0,88.46400072727272,4.431799418181818,vrf_leakage,compound_bgp_route_flap_04_vrf_leakage
2026-07-21T07:33:56+00:00,station3,,0.0,0.025,0.265,0.0,231.9272727272727,1288.6181818181817,,0.0018554181818181816,0.010308945454545453,vrf_leakage,compound_bgp_route_flap_04_vrf_leakage
2026-07-21T07:34:11+00:00,station1,362.0,0.0,1741.667,1745.832,50.0,552996.4002617991,11059518.162315467,0.0,4.423971202094393,88.47614529852373,vrf_leakage,compound_bgp_route_flap_04_vrf_leakage
2026-07-21T07:34:11+00:00,station2,,0.0,0.0,4634.701,90.0,8824518.563636363,442640.0363636363,4.0,70.5961485090909,3.5411202909090904,vrf_leakage,compound_bgp_route_flap_04_vrf_leakage
2026-07-21T07:34:11+00:00,station3,,0.0,0.025,0.265,100.0,206.07272727272726,1077.090909090909,,0.0016485818181818182,0.008616727272727272,vrf_leakage,compound_bgp_route_flap_04_vrf_leakage
2026-07-21T07:34:26+00:00,station1,362.0,0.0,2201.241,2767.435,50.0,441836.3636363636,8826543.38181818,0.0,3.5346909090909087,70.61234705454545,vrf_leakage,compound_bgp_route_flap_04_vrf_leakage
2026-07-21T07:34:26+00:00,station2,,0.0,1913.674,3780.798,33.33333333333333,11057773.145454545,554413.509090909,4.0,88.46218516363636,4.435308072727272,vrf_leakage,compound_bgp_route_flap_04_vrf_leakage
2026-07-21T07:34:26+00:00,station3,,0.0,1751.063,3251.911,0.0,237.1272727272727,1289.1636363636362,,0.0018970181818181815,0.010313309090909089,vrf_leakage,compound_bgp_route_flap_04_vrf_leakage
2026-07-21T07:34:41+00:00,station1,362.0,0.0,836.898,2961.604,40.0,580341.6430285838,11602098.55262201,0.0,4.642733144228671,92.81678842097607,vrf_leakage,compound_bgp_route_flap_04_vrf_leakage
2026-07-21T07:34:41+00:00,station2,,0.0,1450.732,2945.585,0.0,10483786.818181816,525445.509090909,4.0,83.87029454545453,4.203564072727272,vrf_leakage,compound_bgp_route_flap_04_vrf_leakage
2026-07-21T07:34:41+00:00,station3,,0.0,1418.296,1978.269,0.0,197.74545454545452,1075.9999999999998,,0.001581963636363636,0.008607999999999998,vrf_leakage,compound_bgp_route_flap_04_vrf_leakage
2026-07-21T07:34:56+00:00,station1,362.0,0.0,1.676,9.813,0.0,536330.2,10733065.581818182,0.0,4.2906416,85.86452465454546,vrf_leakage,compound_bgp_route_flap_04_vrf_leakage
2026-07-21T07:34:56+00:00,station2,,0.0,1.978,9.18,0.0,11849560.127272727,593715.5272727272,4.0,94.79648101818182,4.749724218181818,vrf_leakage,compound_bgp_route_flap_04_vrf_leakage
2026-07-21T07:34:56+00:00,station3,,0.0,0.019,0.267,0.0,238.65454545454543,1285.2363636363634,,0.0019092363636363633,0.010281890909090907,vrf_leakage,compound_bgp_route_flap_04_vrf_leakage
2026-07-21T07:35:11+00:00,station1,362.0,0.0,1314.277,2268.035,40.0,550101.8345120997,11006490.518354211,0.0,4.400814676096798,88.05192414683368,vrf_leakage,compound_bgp_route_flap_04_vrf_leakage
2026-07-21T07:35:11+00:00,station2,,0.0,1218.05,2133.939,0.0,8770840.018181818,439534.72727272724,4.0,70.16672014545455,3.516277818181818,vrf_leakage,compound_bgp_route_flap_04_vrf_leakage
2026-07-21T07:35:11+00:00,station3,,0.0,1215.823,2140.162,0.0,193.9272727272727,1077.0545454545454,,0.0015514181818181818,0.008616436363636364,vrf_leakage,compound_bgp_route_flap_04_vrf_leakage
2026-07-21T07:35:26+00:00,station1,362.0,0.0,1635.085,2002.777,40.0,437836.3636363636,8770786.290909091,0.0,3.5026909090909086,70.16629032727273,vrf_leakage,compound_bgp_route_flap_04_vrf_leakage
2026-07-21T07:35:26+00:00,station2,,0.0,1534.539,1743.773,0.0,11003464.636363635,550594.3454545455,4.0,88.02771709090908,4.4047547636363635,vrf_leakage,compound_bgp_route_flap_04_vrf_leakage
2026-07-21T07:35:26+00:00,station3,,0.0,1532.978,1749.729,0.0,225.34545454545454,1287.2727272727273,,0.0018027636363636362,0.010298181818181817,vrf_leakage,compound_bgp_route_flap_04_vrf_leakage
2026-07-21T07:35:41+00:00,station1,362.0,0.0,1137.091,3459.889,20.0,547704.205378084,11007428.628570389,0.0,4.381633643024672,88.05942902856312,vrf_leakage,compound_bgp_route_flap_04_vrf_leakage
2026-07-21T07:35:41+00:00,station2,,0.0,294.051,562.187,0.0,8772013.272727272,437711.5818181818,4.0,70.17610618181817,3.501692654545454,vrf_leakage,compound_bgp_route_flap_04_vrf_leakage
2026-07-21T07:35:41+00:00,station3,,0.0,430.583,695.84,0.0,203.8181818181818,1070.8,,0.0016305454545454544,0.0085664,vrf_leakage,compound_bgp_route_flap_04_vrf_leakage
2026-07-21T07:35:56+00:00,station1,362.0,0.0,829.124,2026.171,25.0,554138.5272727272,11168217.909090908,0.0,4.433108218181818,89.34574327272726,vrf_leakage,compound_bgp_route_flap_04_vrf_leakage
2026-07-21T07:35:56+00:00,station2,,0.0,533.105,1297.43,0.0,12555442.98181818,625159.5818181818,4.0,100.44354385454544,5.001276654545454,vrf_leakage,compound_bgp_route_flap_04_vrf_leakage
2026-07-21T07:35:56+00:00,station3,,0.0,842.334,771.228,0.0,229.67272727272726,1291.1636363636362,,0.001837381818181818,0.01032930909090909,vrf_leakage,compound_bgp_route_flap_04_vrf_leakage
2026-07-21T07:36:11+00:00,station1,362.0,0.0,1.416,14.885,25.0,544044.7454545455,10967214.636363635,0.0,4.352357963636364,87.73771709090907,vrf_leakage,compound_bgp_route_flap_04_vrf_leakage
2026-07-21T07:36:11+00:00,station2,,0.0,1.995,14.603,0.0,9780717.072727272,486212.0363636363,4.0,78.24573658181818,3.8896962909090904,vrf_leakage,compound_bgp_route_flap_04_vrf_leakage
2026-07-21T07:36:11+00:00,station3,,0.0,0.037,0.278,0.0,203.38181818181818,1077.1999999999998,,0.0016270545454545454,0.008617599999999998,vrf_leakage,compound_bgp_route_flap_04_vrf_leakage
2026-07-21T07:36:26+00:00,station1,362.0,0.0,1004.068,970.037,50.0,434420.79999999993,8734640.654545454,0.0,3.4753663999999995,69.87712523636364,vrf_leakage,compound_bgp_route_flap_04_vrf_leakage
2026-07-21T07:36:26+00:00,station2,,0.0,1048.389,1557.5,0.0,10966054.418181816,545571.2909090909,4.0,87.72843534545453,4.364570327272727,vrf_leakage,compound_bgp_route_flap_04_vrf_leakage
2026-07-21T07:36:26+00:00,station3,,0.0,1201.032,1313.161,0.0,242.65454545454543,1290.7818181818182,,0.0019412363636363635,0.010326254545454544,vrf_leakage,compound_bgp_route_flap_04_vrf_leakage
2026-07-21T07:36:41+00:00,station1,362.0,0.0,504.366,574.476,25.0,545064.4738995255,10965317.205767376,0.0,4.360515791196204,87.72253764613902,vrf_leakage,compound_bgp_route_flap_04_vrf_leakage
2026-07-21T07:36:41+00:00,station2,,0.0,177.463,151.651,0.0,8730060.872727271,435065.4727272727,4.0,69.84048698181817,3.4805237818181816,vrf_leakage,compound_bgp_route_flap_04_vrf_leakage
2026-07-21T07:36:41+00:00,station3,,0.0,178.112,145.669,0.0,199.05454545454543,1077.4363636363637,,0.0015924363636363635,0.008619490909090909,vrf_leakage,compound_bgp_route_flap_04_vrf_leakage
2026-07-21T07:36:56+00:00,station1,362.0,0.0,582.859,1264.991,25.0,447588.73797705414,9000941.762577502,0.0,3.580709903816433,72.00753410062002,vrf_leakage,compound_bgp_route_flap_04_vrf_leakage
2026-07-21T07:36:56+00:00,station2,,0.0,727.098,2302.34,20.0,10964554.29090909,546409.9636363636,4.0,87.71643432727271,4.371279709090909,vrf_leakage,compound_bgp_route_flap_04_vrf_leakage
2026-07-21T07:36:56+00:00,station3,,0.0,1443.186,2228.428,0.0,247.0181818181818,1292.9636363636362,,0.0019761454545454546,0.010343709090909089,vrf_leakage,compound_bgp_route_flap_04_vrf_leakage
2026-07-21T07:37:11+00:00,station1,365.0,0.0,0.686,16.311,0.0,661678.6909090909,13329148.963636363,0.0,5.293429527272727,106.63319170909091,vrf_leakage,compound_bgp_route_flap_04_vrf_leakage
2026-07-21T07:37:11+00:00,station2,,0.0,575.998,636.239,25.0,11165397.654545454,555367.7272727272,4.0,89.32318123636364,4.442941818181818,vrf_leakage,compound_bgp_route_flap_04_vrf_leakage
2026-07-21T07:37:11+00:00,station3,,0.0,1184.496,1253.698,0.0,203.8181818181818,1083.0727272727272,,0.0016305454545454544,0.008664581818181818,vrf_leakage,compound_bgp_route_flap_04_vrf_leakage
2026-07-21T07:37:26+00:00,station1,368.0,0.0,0.71,11.435,0.0,439745.3818181818,8863507.38181818,0.0,3.5179630545454543,70.90805905454545,vrf_leakage,compound_bgp_route_flap_04_vrf_leakage
2026-07-21T07:37:26+00:00,station2,,0.0,1.141,13.438,0.0,9978635.29090909,496238.18181818177,4.0,79.82908232727272,3.969905454545454,vrf_leakage,compound_bgp_route_flap_04_vrf_leakage
2026-07-21T07:37:26+00:00,station3,,0.0,0.055,0.279,0.0,244.76363636363632,1293.9636363636362,,0.0019581090909090906,0.01035170909090909,vrf_leakage,compound_bgp_route_flap_04_vrf_leakage
2026-07-21T07:37:41+00:00,station1,372.0,0.0,624.835,674.537,0.0,448820.2578134943,9050631.91578335,0.0,3.5905620625079546,72.40505532626679,vrf_leakage,compound_bgp_route_flap_04_vrf_leakage
2026-07-21T07:37:41+00:00,station2,,0.0,432.109,515.329,0.0,6815640.963636364,338795.8,4.0,54.52512770909091,2.7103664,vrf_leakage,compound_bgp_route_flap_04_vrf_leakage
2026-07-21T07:37:41+00:00,station3,,0.0,437.604,507.482,0.0,210.39999999999998,1082.3454545454545,,0.0016831999999999997,0.008658763636363635,vrf_leakage,compound_bgp_route_flap_04_vrf_leakage
2026-07-21T07:37:56+00:00,station1,375.0,0.0,360.608,655.573,0.0,338178.2129609426,6815973.616263,0.0,2.7054257036875407,54.527788930104,vrf_leakage,compound_bgp_route_flap_04_vrf_leakage
2026-07-21T07:37:56+00:00,station2,,0.0,1331.581,1633.816,0.0,9046193.727272727,449834.69090909086,4.0,72.36954981818181,3.5986775272727267,vrf_leakage,compound_bgp_route_flap_04_vrf_leakage
2026-07-21T07:37:56+00:00,station3,,0.0,1331.633,1621.26,0.0,243.74545454545452,1292.6909090909091,,0.0019499636363636361,0.010341527272727273,vrf_leakage,compound_bgp_route_flap_04_vrf_leakage
2026-07-21T07:38:11+00:00,station1,378.0,0.0,1849.679,1539.732,62.5,452943.23636363633,9119228.563636363,0.0,3.6235458909090905,72.9538285090909,vrf_leakage,compound_bgp_route_flap_04_vrf_leakage
2026-07-21T07:38:11+00:00,station2,,0.0,1050.984,1064.414,0.0,8000487.654545454,398216.7636363636,4.0,64.00390123636363,3.185734109090909,vrf_leakage,compound_bgp_route_flap_04_vrf_leakage
2026-07-21T07:38:11+00:00,station3,,0.0,1050.504,1050.739,0.0,214.83636363636364,1083.7454545454543,,0.001718690909090909,0.008669963636363635,vrf_leakage,compound_bgp_route_flap_04_vrf_leakage
2026-07-21T07:38:26+00:00,station1,378.0,0.0,830.11,3387.088,40.0,554428.3636363636,11168772.29090909,0.0,4.435426909090909,89.35017832727272,vrf_leakage,compound_bgp_route_flap_04_vrf_leakage
2026-07-21T07:38:26+00:00,station2,,0.0,927.659,1477.601,0.0,12468982.853921961,620482.7266446053,4.0,99.75186283137569,4.963861813156842,vrf_leakage,compound_bgp_route_flap_04_vrf_leakage
2026-07-21T07:38:26+00:00,station3,,0.0,2049.3,3209.029,0.0,254.36363636363635,1302.4727272727273,,0.0020349090909090907,0.010419781818181819,vrf_leakage,compound_bgp_route_flap_04_vrf_leakage
2026-07-21T07:38:41+00:00,station1,382.0,0.0,2.754,13.273,0.0,545788.9024235042,10984598.203734342,0.0,4.366311219388034,87.87678562987473,vrf_leakage,compound_bgp_route_flap_04_vrf_leakage
2026-07-21T07:38:41+00:00,station2,,0.0,1.702,11.797,0.0,9866723.218181817,491293.98181818175,4.0,78.93378574545453,3.930351854545454,vrf_leakage,compound_bgp_route_flap_04_vrf_leakage
2026-07-21T07:38:41+00:00,station3,,0.0,0.037,0.258,0.0,221.45454545454544,1091.5454545454545,,0.0017716363636363635,0.008732363636363635,vrf_leakage,compound_bgp_route_flap_04_vrf_leakage
2026-07-21T07:38:56+00:00,station1,385.0,0.0,1.672,12.298,25.0,339529.8278150512,6819124.984090621,0.0,2.7162386225204096,54.55299987272497,vrf_leakage,compound_bgp_route_flap_04_vrf_leakage
2026-07-21T07:38:56+00:00,station2,,0.0,729.696,1012.676,0.0,9050152.236363636,451119.7636363636,4.0,72.4012178909091,3.608958109090909,vrf_leakage,compound_bgp_route_flap_04_vrf_leakage
2026-07-21T07:38:56+00:00,station3,,0.0,725.004,1018.324,0.0,259.16363636363633,1303.7636363636364,,0.0020733090909090908,0.010430109090909091,vrf_leakage,compound_bgp_route_flap_04_vrf_leakage
2026-07-21T07:39:11+00:00,station1,385.0,0.0,1215.547,1013.161,20.0,450164.39999999997,9051193.254545454,0.0,3.6013151999999997,72.40954603636364,vrf_leakage,compound_bgp_route_flap_04_vrf_leakage
2026-07-21T07:39:11+00:00,station2,,0.0,468.286,896.249,0.0,6816541.581818181,340249.0545454545,4.0,54.53233265454545,2.721992436363636,vrf_leakage,compound_bgp_route_flap_04_vrf_leakage
2026-07-21T07:39:11+00:00,station3,,0.0,835.27,1532.035,0.0,207.8181818181818,1082.6909090909091,,0.0016625454545454545,0.008661527272727274,vrf_leakage,compound_bgp_route_flap_04_vrf_leakage
2026-07-21T07:39:26+00:00,station1,385.0,0.0,429.413,513.694,0.0,347582.0803258122,6998030.472173233,0.0,2.780656642606498,55.98424377738586,vrf_leakage,compound_bgp_route_flap_04_vrf_leakage
2026-07-21T07:39:26+00:00,station2,,0.0,1051.852,2244.773,40.0,9047122.927272728,450618.21818181814,4.0,72.37698341818182,3.604945745454545,vrf_leakage,compound_bgp_route_flap_04_vrf_leakage
2026-07-21T07:39:26+00:00,station3,,0.0,1883.366,2373.672,0.0,242.69090909090906,1294.8181818181815,,0.0019415272727272724,0.010358545454545452,vrf_leakage,compound_bgp_route_flap_04_vrf_leakage
2026-07-21T07:39:41+00:00,station1,386.0,0.0,466.436,973.946,0.0,569337.7272727272,11465964.309090909,0.0,4.554701818181817,91.72771447272727,vrf_leakage,compound_bgp_route_flap_04_vrf_leakage
2026-07-21T07:39:41+00:00,station2,,0.0,2289.833,2938.988,11.11111111111111,10347405.654545454,515012.94545454544,4.0,82.77924523636364,4.120103563636364,vrf_leakage,compound_bgp_route_flap_04_vrf_leakage
2026-07-21T07:39:41+00:00,station3,,0.0,1139.034,2219.502,0.0,206.3272727272727,1082.1090909090908,,0.0016506181818181818,0.008656872727272726,vrf_leakage,compound_bgp_route_flap_04_vrf_leakage
2026-07-21T07:39:56+00:00,station1,386.0,0.0,1.954,14.723,0.0,539854.3636363636,10876296.436363636,0.0,4.318834909090909,87.01037149090908,vrf_leakage,compound_bgp_route_flap_04_vrf_leakage
2026-07-21T07:39:56+00:00,station2,,0.0,2.646,14.441,0.0,11992455.47272727,596828.0909090909,4.0,95.93964378181816,4.774624727272728,vrf_leakage,compound_bgp_route_flap_04_vrf_leakage
2026-07-21T07:39:56+00:00,station3,,0.0,0.053,0.237,0.0,244.7272727272727,1296.6909090909091,,0.0019578181818181817,0.010373527272727273,vrf_leakage,compound_bgp_route_flap_04_vrf_leakage
2026-07-21T07:40:11+00:00,station1,386.0,0.0,2.51,14.826,0.0,434131.6339702914,8744860.075271359,0.0,3.4730530717623314,69.95888060217086,vrf_leakage,compound_bgp_route_flap_04_vrf_leakage
2026-07-21T07:40:11+00:00,station2,,0.0,1.442,13.137,0.0,7526007.399999999,374826.7454545454,4.0,60.208059199999994,2.9986139636363633,vrf_leakage,compound_bgp_route_flap_04_vrf_leakage
2026-07-21T07:40:11+00:00,station3,,0.0,0.052,0.297,0.0,209.63636363636363,1083.5454545454545,,0.0016770909090909091,0.008668363636363636,vrf_leakage,compound_bgp_route_flap_04_vrf_leakage
2026-07-21T07:40:26+00:00,station1,386.0,0.0,1.125,17.402,0.0,323308.32727272727,6511999.454545454,0.0,2.5864666181818183,52.09599563636363,vrf_leakage,compound_bgp_route_flap_04_vrf_leakage
2026-07-21T07:40:26+00:00,station2,,0.0,1.239,13.75,0.0,8743958.418181818,435663.61818181816,4.0,69.95166734545454,3.485308945454545,vrf_leakage,compound_bgp_route_flap_04_vrf_leakage
2026-07-21T07:40:26+00:00,station3,,0.0,835.015,1183.149,0.0,250.07272727272726,1295.8545454545454,,0.0020005818181818183,0.010366836363636363,vrf_leakage,compound_bgp_route_flap_04_vrf_leakage
2026-07-21T07:40:41+00:00,station1,386.0,0.0,0.423,15.514,0.0,433795.50537282496,8744598.68361243,0.0,3.4703640429825997,69.95678946889944,vrf_leakage,compound_bgp_route_flap_04_vrf_leakage
2026-07-21T07:40:41+00:00,station2,,0.0,0.906,16.245,0.0,6509828.2,324200.0909090909,4.0,52.0786256,2.5936007272727273,vrf_leakage,compound_bgp_route_flap_04_vrf_leakage
2026-07-21T07:40:41+00:00,station3,,0.0,911.145,954.48,0.0,205.63636363636363,1078.4545454545453,,0.001645090909090909,0.008627636363636362,vrf_leakage,compound_bgp_route_flap_04_vrf_leakage
2026-07-21T07:40:56+00:00,station1,386.0,0.0,2.704,14.924,0.0,447629.61818181816,9032256.4,0.0,3.5810369454545454,72.2580512,vrf_leakage,compound_bgp_route_flap_04_vrf_leakage
2026-07-21T07:40:56+00:00,station2,,0.0,2.273,15.24,0.0,10148537.036363635,504281.21818181814,4.0,81.18829629090908,4.034249745454545,vrf_leakage,compound_bgp_route_flap_04_vrf_leakage
2026-07-21T07:40:56+00:00,station3,,0.0,466.002,427.457,0.0,243.34545454545454,1296.5272727272725,,0.0019467636363636363,0.01037221818181818,vrf_leakage,compound_bgp_route_flap_04_vrf_leakage
2026-07-21T07:41:11+00:00,station1,386.0,0.0,3.156,16.639,25.0,658234.3454545455,13288934.67272727,0.0,5.265874763636364,106.31147738181816,vrf_leakage,compound_bgp_route_flap_04_vrf_leakage
2026-07-21T07:41:11+00:00,station2,,0.0,2.414,14.425,0.0,11163313.545454543,554010.4363636363,4.0,89.30650836363634,4.432083490909091,vrf_leakage,compound_bgp_route_flap_04_vrf_leakage
2026-07-21T07:41:11+00:00,station3,,0.0,1528.526,2087.215,40.0,217.9272727272727,1091.9999999999998,,0.0017434181818181817,0.008735999999999999,vrf_leakage,compound_bgp_route_flap_04_vrf_leakage
2026-07-21T07:41:26+00:00,station1,386.0,0.0,1.537,14.713,0.0,436889.2525318643,8823179.166893944,0.0,3.4951140202549142,70.58543333515155,vrf_leakage,compound_bgp_route_flap_04_vrf_leakage
2026-07-21T07:41:26+00:00,station2,,0.0,1326.105,1632.069,0.0,10919825.29090909,542592.8181818181,4.0,87.3586023272727,4.340742545454545,vrf_leakage,compound_bgp_route_flap_04_vrf_leakage
2026-07-21T07:41:26+00:00,station3,,0.0,1323.911,1613.797,0.0,250.25454545454542,1305.109090909091,,0.002002036363636363,0.010440872727272728,vrf_leakage,compound_bgp_route_flap_04_vrf_leakage
2026-07-21T07:41:41+00:00,station1,386.0,0.0,431.221,558.618,0.0,541633.6909090909,10921431.836363636,0.0,4.333069527272728,87.37145469090909,vrf_leakage,compound_bgp_route_flap_04_vrf_leakage
2026-07-21T07:41:41+00:00,station2,,0.0,458.168,412.199,25.0,8686478.09090909,431822.6545454545,4.0,69.49182472727271,3.454581236363636,vrf_leakage,compound_bgp_route_flap_04_vrf_leakage
2026-07-21T07:41:41+00:00,station3,,0.0,437.59,322.485,0.0,209.1272727272727,1088.0363636363636,,0.0016730181818181817,0.008704290909090908,vrf_leakage,compound_bgp_route_flap_04_vrf_leakage
2026-07-21T07:41:56+00:00,station1,386.0,0.0,511.133,443.926,0.0,430956.78496109374,8688579.68511381,0.0,3.44765427968875,69.50863748091048,vrf_leakage,compound_bgp_route_flap_04_vrf_leakage
2026-07-21T07:41:56+00:00,station2,,0.0,882.903,991.277,0.0,10920757.69090909,542822.7636363636,4.0,87.36606152727272,4.342582109090908,vrf_leakage,compound_bgp_route_flap_04_vrf_leakage
2026-07-21T07:41:56+00:00,station3,,0.0,909.426,953.837,0.0,249.0181818181818,1299.5272727272725,,0.0019921454545454545,0.010396218181818179,vrf_leakage,compound_bgp_route_flap_04_vrf_leakage
2026-07-21T07:42:11+00:00,station1,386.0,0.0,399.371,455.223,0.0,547198.0181818182,11032052.07272727,0.0,4.377584145454546,88.25641658181816,vrf_leakage,compound_bgp_route_flap_04_vrf_leakage
2026-07-21T07:42:11+00:00,station2,,0.0,649.824,1217.022,20.0,9912131.363636363,492739.5818181818,4.0,79.29705090909091,3.9419166545454543,vrf_leakage,compound_bgp_route_flap_04_vrf_leakage
2026-07-21T07:42:11+00:00,station3,,0.0,578.74,864.075,0.0,202.29090909090908,1081.2363636363636,,0.0016183272727272728,0.008649890909090909,vrf_leakage,compound_bgp_route_flap_04_vrf_leakage
2026-07-21T07:42:26+00:00,station1,386.0,0.0,269.719,205.372,0.0,552887.6120515665,11164965.998145353,0.0,4.423100896412532,89.31972798516283,vrf_leakage,compound_bgp_route_flap_04_vrf_leakage
2026-07-21T07:42:26+00:00,station2,,0.0,2.527,12.285,0.0,12415648.781818181,616131.8181818181,4.0,99.32519025454545,4.929054545454545,vrf_leakage,compound_bgp_route_flap_04_vrf_leakage
2026-07-21T07:42:26+00:00,station3,,0.0,2.019,1.694,0.0,242.65454545454543,1294.090909090909,,0.0019412363636363635,0.010352727272727272,vrf_leakage,compound_bgp_route_flap_04_vrf_leakage
2026-07-21T07:42:41+00:00,station1,386.0,0.0,2.647,15.987,0.0,535074.2309650207,10793338.902625263,0.0,4.280593847720166,86.3467112210021,vrf_leakage,compound_bgp_route_flap_04_vrf_leakage
2026-07-21T07:42:41+00:00,station2,,0.0,2.433,13.561,0.0,8558888.454545455,425105.72727272724,4.0,68.47110763636364,3.4008458181818177,vrf_leakage,compound_bgp_route_flap_04_vrf_leakage
2026-07-21T07:42:41+00:00,station3,,0.0,0.002,0.265,0.0,203.3090909090909,1081.8,,0.0016264727272727274,0.0086544,vrf_leakage,compound_bgp_route_flap_04_vrf_leakage
2026-07-21T07:42:56+00:00,station1,386.0,0.0,2.523,14.071,0.0,424957.9628720523,8562904.943726249,0.0,3.3996637029764183,68.50323954980999,vrf_leakage,compound_bgp_route_flap_04_vrf_leakage
2026-07-21T07:42:56+00:00,station2,,0.0,1.055,15.713,40.0,10792564.49090909,536924.1454545454,4.0,86.34051592727272,4.295393163636363,vrf_leakage,compound_bgp_route_flap_04_vrf_leakage
2026-07-21T07:42:56+00:00,station3,,0.0,889.172,894.951,0.0,239.49090909090907,1295.6363636363635,,0.0019159272727272726,0.010365090909090909,vrf_leakage,compound_bgp_route_flap_04_vrf_leakage
2026-07-21T07:43:11+00:00,station1,386.0,0.0,2.897,13.929,0.0,535735.977017764,10793906.471026747,0.0,4.285887816142112,86.35125176821397,vrf_leakage,compound_bgp_route_flap_04_vrf_leakage
2026-07-21T07:43:11+00:00,station2,,0.0,1.3,14.238,0.0,8561286.6,426136.5999999999,4.0,68.49029279999999,3.4090927999999994,vrf_leakage,compound_bgp_route_flap_04_vrf_leakage
2026-07-21T07:43:11+00:00,station3,,0.0,691.889,793.143,0.0,200.69090909090906,1080.2181818181818,,0.0016055272727272724,0.008641745454545454,vrf_leakage,compound_bgp_route_flap_04_vrf_leakage
2026-07-21T07:43:26+00:00,station1,386.0,0.0,2.259,16.144,0.0,529328.2667587862,10658601.334521191,0.0,4.2346261340702895,85.26881067616954,vrf_leakage,compound_bgp_route_flap_04_vrf_leakage
2026-07-21T07:43:26+00:00,station2,,0.0,2.218,16.354,0.0,11774631.581818182,586011.0909090909,4.0,94.19705265454546,4.688088727272728,vrf_leakage,compound_bgp_route_flap_04_vrf_leakage
2026-07-21T07:43:26+00:00,station3,,0.0,446.519,1190.674,25.0,240.58181818181816,1297.1272727272726,,0.0019246545454545453,0.01037701818181818,vrf_leakage,compound_bgp_route_flap_04_vrf_leakage
2026-07-21T07:43:41+00:00,station1,386.0,0.0,0.701,15.445,0.0,578447.6909090909,11674001.781818181,0.0,4.627581527272727,93.39201425454544,vrf_leakage,compound_bgp_route_flap_04_vrf_leakage
2026-07-21T07:43:41+00:00,station2,,0.0,1.654,13.605,0.0,10556419.945454543,524016.8545454545,4.0,84.45135956363634,4.192134836363636,vrf_leakage,compound_bgp_route_flap_04_vrf_leakage
2026-07-21T07:43:41+00:00,station3,,0.0,484.539,511.889,0.0,204.94545454545454,1080.5272727272727,,0.0016395636363636364,0.008644218181818182,vrf_leakage,compound_bgp_route_flap_04_vrf_leakage
2026-07-21T07:43:56+00:00,station1,386.0,0.0,1.097,13.678,0.0,432997.3089441242,8753811.080604397,0.0,3.4639784715529935,70.03048864483517,vrf_leakage,compound_bgp_route_flap_04_vrf_leakage
2026-07-21T07:43:56+00:00,station2,,0.0,6.579,11.423,0.0,10986526.709090909,544370.0545454544,0.0,87.89221367272727,4.354960436363635,vrf_leakage,compound_bgp_route_flap_04_vrf_leakage
2026-07-21T07:43:56+00:00,station3,,0.0,436.88,575.149,0.0,238.29090909090908,1297.4,,0.0019063272727272726,0.0103792,vrf_leakage,compound_bgp_route_flap_04_vrf_leakage
2026-07-21T07:44:11+00:00,station1,386.0,0.0,0.237,2.392,0.0,542051.7272727272,10989737.927272728,0.0,4.336413818181818,87.91790341818182,vrf_leakage,compound_bgp_route_flap_04_vrf_leakage
2026-07-21T07:44:11+00:00,station2,,0.0,0.725,2.524,0.0,8754210.636363635,432666.8181818182,0.0,70.03368509090907,3.4613345454545454,vrf_leakage,compound_bgp_route_flap_04_vrf_leakage
2026-07-21T07:44:11+00:00,station3,,0.0,2805.581,4476.956,0.0,201.67272727272726,1080.890909090909,,0.001613381818181818,0.008647127272727272,vrf_leakage,compound_bgp_route_flap_04_vrf_leakage
2026-07-21T07:44:26+00:00,station1,386.0,0.0,0.088,2.395,0.0,430976.7636363636,8757032.054545455,0.0,3.447814109090909,70.05625643636364,vrf_leakage,compound_bgp_route_flap_04_vrf_leakage
2026-07-21T07:44:26+00:00,station2,,0.0,0.365,2.366,0.0,10989952.636363635,542774.1272727272,0.0,87.91962109090908,4.342193018181818,vrf_leakage,compound_bgp_route_flap_04_vrf_leakage
2026-07-21T07:44:26+00:00,station3,,0.0,1628.223,2354.342,0.0,237.19999999999996,1295.0181818181816,,0.0018975999999999997,0.010360145454545453,vrf_leakage,compound_bgp_route_flap_04_vrf_leakage
2026-07-21T07:44:41+00:00,station1,386.0,0.0,0.39,2.227,0.0,626258.9858734979,12716121.229751106,0.0,5.0100718869879834,101.72896983800885,vrf_leakage,compound_bgp_route_flap_04_vrf_leakage
2026-07-21T07:44:41+00:00,station2,,0.0,1.176,2.809,0.0,11169623.836363636,551536.9272727272,0.0,89.35699069090909,4.412295418181818,vrf_leakage,compound_bgp_route_flap_04_vrf_leakage
2026-07-21T07:44:41+00:00,station3,,0.0,1442.9,2961.737,0.0,198.47272727272727,1082.8181818181818,,0.0015877818181818182,0.008662545454545454,vrf_leakage,compound_bgp_route_flap_04_vrf_leakage
2026-07-21T07:44:56+00:00,station1,386.0,0.0,0.03,0.277,0.0,474299.79999999993,9621444.363636363,0.0,3.7943983999999995,76.97155490909091,vrf_leakage,compound_bgp_route_flap_04_vrf_leakage
2026-07-21T07:44:56+00:00,station2,,0.0,0.041,0.246,0.0,11107868.127272727,549993.3272727273,0.0,88.86294501818182,4.3999466181818185,vrf_leakage,compound_bgp_route_flap_04_vrf_leakage
2026-07-21T07:44:56+00:00,station3,,0.0,0.019,0.284,0.0,238.7272727272727,1288.8727272727272,,0.0019098181818181816,0.010310981818181818,vrf_leakage,compound_bgp_route_flap_04_vrf_leakage
2026-07-21T07:45:11+00:00,station1,386.0,0.0,1320.64,2601.242,40.0,550689.9454545454,11108668.07272727,0.0,4.405519563636363,88.86934458181817,vrf_leakage,compound_bgp_route_flap_04_vrf_leakage
2026-07-21T07:45:11+00:00,station2,,0.0,1048.95,2338.588,0.0,8873128.527272727,441001.0181818182,0.0,70.98502821818182,3.5280081454545456,vrf_leakage,compound_bgp_route_flap_04_vrf_leakage
2026-07-21T07:45:11+00:00,station3,,0.0,1450.034,2944.667,0.0,205.38181818181818,1072.381818181818,,0.0016430545454545454,0.008579054545454545,vrf_leakage,compound_bgp_route_flap_04_vrf_leakage
2026-07-21T07:45:26+00:00,station1,386.0,0.0,1217.224,1311.132,0.0,442025.3818181818,8874317.145454545,0.0,3.5362030545454544,70.99453716363635,vrf_leakage,compound_bgp_route_flap_04_vrf_leakage
2026-07-21T07:45:26+00:00,station2,,0.0,1217.912,2133.249,0.0,11105672.636363635,554049.0545454544,0.0,88.84538109090907,4.432392436363636,vrf_leakage,compound_bgp_route_flap_04_vrf_leakage
2026-07-21T07:45:26+00:00,station3,,0.0,1216.929,2141.638,0.0,235.45454545454544,1289.2363636363634,,0.0018836363636363636,0.010313890909090908,vrf_leakage,compound_bgp_route_flap_04_vrf_leakage
2026-07-21T07:45:41+00:00,station1,386.0,0.0,1412.982,1988.071,0.0,555278.659611993,11108485.536100658,0.0,4.442229276895944,88.86788428880526,vrf_leakage,compound_bgp_route_flap_04_vrf_leakage
2026-07-21T07:45:41+00:00,station2,,0.0,1447.83,2952.858,0.0,9304683.945454543,466837.3818181818,0.0,74.43747156363635,3.7346990545454544,vrf_leakage,compound_bgp_route_flap_04_vrf_leakage
2026-07-21T07:45:41+00:00,station3,,0.0,1443.316,2961.864,0.0,192.36363636363635,1078.090909090909,,0.0015389090909090908,0.008624727272727272,vrf_leakage,compound_bgp_route_flap_04_vrf_leakage
2026-07-21T07:45:56+00:00,station1,386.0,0.0,1423.618,1982.364,0.0,557633.7636363636,11168967.309090909,0.0,4.461070109090908,89.35173847272726,vrf_leakage,compound_bgp_route_flap_04_vrf_leakage
2026-07-21T07:45:56+00:00,station2,,0.0,1145.156,1821.659,0.0,13036552.563636363,652379.0545454546,0.0,104.2924205090909,5.219032436363636,vrf_leakage,compound_bgp_route_flap_04_vrf_leakage
2026-07-21T07:45:56+00:00,station3,,0.0,1139.569,1830.448,0.0,233.9272727272727,1287.3636363636363,,0.0018714181818181817,0.01029890909090909,vrf_leakage,compound_bgp_route_flap_04_vrf_leakage
2026-07-21T07:46:11+00:00,station1,386.0,0.0,1449.261,2922.615,0.0,556024.8545454545,11107690.218181817,0.0,4.448198836363636,88.86152174545454,vrf_leakage,compound_bgp_route_flap_04_vrf_leakage
2026-07-21T07:46:11+00:00,station2,,0.0,0.055,0.246,0.0,8872362.854545454,445298.8545454545,0.0,70.97890283636363,3.562390836363636,vrf_leakage,compound_bgp_route_flap_04_vrf_leakage
2026-07-21T07:46:11+00:00,station3,,0.0,0.055,0.265,0.0,201.05454545454543,1076.9999999999998,,0.0016084363636363634,0.008615999999999999,vrf_leakage,compound_bgp_route_flap_04_vrf_leakage
2026-07-21T07:46:26+00:00,station1,386.0,0.0,1420.608,1967.991,0.0,444569.67272727273,8874406.872727271,0.0,3.5565573818181817,70.99525498181816,vrf_leakage,compound_bgp_route_flap_04_vrf_leakage
2026-07-21T07:46:26+00:00,station2,,0.0,1420.448,1982.775,0.0,11106031.8,557468.3818181817,0.0,88.8482544,4.459747054545454,vrf_leakage,compound_bgp_route_flap_04_vrf_leakage
2026-07-21T07:46:26+00:00,station3,,0.0,1449.965,2942.975,0.0,230.83636363636364,1282.909090909091,,0.0018466909090909091,0.010263272727272729,vrf_leakage,compound_bgp_route_flap_04_vrf_leakage
2026-07-21T07:46:41+00:00,station1,386.0,0.0,1420.608,1967.991,100.0,556423.0440553465,11108763.322969507,0.0,4.451384352442772,88.87010658375605,vrf_leakage,compound_bgp_route_flap_04_vrf_leakage
2026-07-21T07:46:41+00:00,station2,,0.0,0.0,2.821,90.0,8872680.2,445647.8545454545,0.0,70.9814416,3.5651828363636358,vrf_leakage,compound_bgp_route_flap_04_vrf_leakage
2026-07-21T07:46:41+00:00,station3,,0.0,1449.965,2942.975,100.0,189.89090909090908,1075.9454545454544,,0.0015191272727272725,0.008607563636363636,vrf_leakage,compound_bgp_route_flap_04_vrf_leakage
2026-07-21T07:46:56+00:00,station1,386.0,0.0,1420.857,1972.933,0.0,518629.1070422023,10356572.81306253,0.0,4.149032856337619,82.85258250450023,vrf_leakage,compound_bgp_route_flap_04_vrf_leakage
2026-07-21T07:46:56+00:00,station2,,0.0,1421.211,1968.817,0.0,11470467.47272727,575946.8,0.0,91.76373978181816,4.607574400000001,vrf_leakage,compound_bgp_route_flap_04_vrf_leakage
2026-07-21T07:46:56+00:00,station3,,0.0,1403.724,1985.257,0.0,229.19999999999996,1289.490909090909,,0.0018335999999999997,0.010315927272727272,vrf_leakage,compound_bgp_route_flap_04_vrf_leakage
2026-07-21T07:47:11+00:00,station1,386.0,0.0,0.07,0.225,0.0,593221.0141633789,12275527.954037199,0.0,4.745768113307031,98.20422363229758,vrf_leakage,compound_bgp_route_flap_04_vrf_leakage
2026-07-21T07:47:11+00:00,station2,,0.0,0.0,1.496,90.0,10935876.763636362,538499.2727272727,0.0,87.4870141090909,4.307994181818182,vrf_leakage,compound_bgp_route_flap_04_vrf_leakage
2026-07-21T07:47:11+00:00,station3,,0.0,0.0,59.994,90.0,201.6,1077.2181818181818,,0.0016128,0.008617745454545455,vrf_leakage,compound_bgp_route_flap_04_vrf_leakage
2026-07-21T07:47:26+00:00,station1,386.0,0.0,0.138,0.322,0.0,369946.0727272727,8253300.345454545,0.0,2.9595685818181816,66.02640276363636,vrf_leakage,compound_bgp_route_flap_04_vrf_leakage
2026-07-21T07:47:26+00:00,station2,,0.0,0.025,0.28,0.0,9834790.563636363,450297.50909090904,0.0,78.6783245090909,3.6023800727272723,vrf_leakage,compound_bgp_route_flap_04_vrf_leakage
2026-07-21T07:47:26+00:00,station3,,0.0,0.027,0.242,0.0,240.83636363636364,1291.2363636363634,,0.001926690909090909,0.010329890909090908,vrf_leakage,compound_bgp_route_flap_04_vrf_leakage
2026-07-21T07:47:41+00:00,station1,386.0,0.0,0.497,1.242,0.0,447382.3385029363,9833055.453537207,0.0,3.5790587080234904,78.66444362829766,vrf_leakage,compound_bgp_route_flap_04_vrf_leakage
2026-07-21T07:47:41+00:00,station2,,0.0,0.139,0.966,0.0,7600210.127272727,337251.0363636363,0.0,60.80168101818182,2.6980082909090903,vrf_leakage,compound_bgp_route_flap_04_vrf_leakage
2026-07-21T07:47:41+00:00,station3,,0.0,0.518,3.683,0.0,203.67272727272726,1073.4727272727273,,0.0016293818181818181,0.008587781818181818,vrf_leakage,compound_bgp_route_flap_04_vrf_leakage
2026-07-21T07:47:56+00:00,station1,386.0,0.0,0.124,0.821,0.0,334942.61818181816,7599999.018181818,0.0,2.679540945454545,60.79999214545454,vrf_leakage,compound_bgp_route_flap_04_vrf_leakage
2026-07-21T07:47:56+00:00,station2,,0.0,0.087,0.783,0.0,9833617.036363635,447391.8909090909,0.0,78.66893629090909,3.579135127272727,vrf_leakage,compound_bgp_route_flap_04_vrf_leakage
2026-07-21T07:47:56+00:00,station3,,0.0,0.559,4.626,0.0,241.38181818181818,1287.4,,0.0019310545454545454,0.010299200000000001,vrf_leakage,compound_bgp_route_flap_04_vrf_leakage
2026-07-21T07:48:11+00:00,station1,386.0,0.0,0.007,0.707,0.0,521110.8363636363,10959327.818181816,0.0,4.1688866909090905,87.67462254545453,vrf_leakage,compound_bgp_route_flap_04_vrf_leakage
2026-07-21T07:48:11+00:00,station2,,0.0,0.035,0.751,0.0,9620033.636363635,466961.43636363634,0.0,76.96026909090908,3.735691490909091,vrf_leakage,compound_bgp_route_flap_04_vrf_leakage
2026-07-21T07:48:11+00:00,station3,,0.0,0.853,4.376,0.0,197.3090909090909,1074.381818181818,,0.0015784727272727273,0.008595054545454544,vrf_leakage,compound_bgp_route_flap_04_vrf_leakage
2026-07-21T07:48:26+00:00,station1,386.0,0.0,0.358,1.098,0.0,553137.3090909091,11167900.854545454,0.0,4.425098472727273,89.34320683636363,vrf_leakage,compound_bgp_route_flap_04_vrf_leakage
2026-07-21T07:48:26+00:00,station2,,0.0,0.166,0.924,0.0,12957097.036363635,643305.4909090908,0.0,103.65677629090908,5.146443927272727,vrf_leakage,compound_bgp_route_flap_04_vrf_leakage
2026-07-21T07:48:26+00:00,station3,,0.0,0.547,3.58,0.0,232.83636363636364,1286.109090909091,,0.001862690909090909,0.01028887272727273,vrf_leakage,compound_bgp_route_flap_04_vrf_leakage
2026-07-21T07:48:41+00:00,station1,386.0,0.0,836.156,1111.846,0.0,551241.8363636363,11100394.29090909,0.0,4.409934690909091,88.80315432727271,vrf_leakage,compound_bgp_route_flap_04_vrf_leakage
2026-07-21T07:48:41+00:00,station2,,0.0,0.025,0.218,0.0,8866275.472727273,441349.41818181815,0.0,70.93020378181818,3.5307953454545453,vrf_leakage,compound_bgp_route_flap_04_vrf_leakage
2026-07-21T07:48:41+00:00,station3,,0.0,0.033,0.319,0.0,197.3090909090909,1074.3454545454545,,0.0015784727272727273,0.008594763636363635,vrf_leakage,compound_bgp_route_flap_04_vrf_leakage
2026-07-21T07:48:56+00:00,station1,386.0,0.0,1223.021,2168.197,0.0,441718.475553212,8867626.997836245,0.0,3.533747804425696,70.94101598268996,vrf_leakage,compound_bgp_route_flap_04_vrf_leakage
2026-07-21T07:48:56+00:00,station2,,0.0,1448.307,2955.203,0.0,11099582.309090909,554321.109090909,0.0,88.79665847272727,4.434568872727272,vrf_leakage,compound_bgp_route_flap_04_vrf_leakage
2026-07-21T07:48:56+00:00,station3,,0.0,1443.906,2964.002,0.0,229.63636363636363,1290.1636363636362,,0.001837090909090909,0.01032130909090909,vrf_leakage,compound_bgp_route_flap_04_vrf_leakage
2026-07-21T07:49:11+00:00,station1,386.0,0.0,1398.324,1863.477,0.0,555056.8181818181,11103379.963636363,0.0,4.4404545454545445,88.8270397090909,vrf_leakage,compound_bgp_route_flap_04_vrf_leakage
2026-07-21T07:49:11+00:00,station2,,0.0,1531.677,1748.909,0.0,8868121.399999999,445201.7818181818,0.0,70.94497119999998,3.5616142545454545,vrf_leakage,compound_bgp_route_flap_04_vrf_leakage
2026-07-21T07:49:11+00:00,station3,,0.0,1400.592,1872.732,0.0,194.58181818181816,1077.3090909090909,,0.0015566545454545452,0.008618472727272727,vrf_leakage,compound_bgp_route_flap_04_vrf_leakage
2026-07-21T07:49:26+00:00,station1,386.0,0.0,1422.362,1986.484,0.0,522671.5999999999,10427087.672727274,0.0,4.181372799999999,83.41670138181819,vrf_leakage,compound_bgp_route_flap_04_vrf_leakage
2026-07-21T07:49:26+00:00,station2,,0.0,1413.836,1976.71,0.0,11542379.181818182,580065.2909090909,0.0,92.33903345454546,4.640522327272727,vrf_leakage,compound_bgp_route_flap_04_vrf_leakage
2026-07-21T07:49:26+00:00,station3,,0.0,1216.386,2133.079,0.0,228.54545454545453,1290.2363636363634,,0.0018283636363636362,0.010321890909090907,vrf_leakage,compound_bgp_route_flap_04_vrf_leakage
2026-07-21T07:49:41+00:00,station1,386.0,0.0,0.033,0.25,0.0,596763.167942401,11916594.807367139,0.0,4.774105343539208,95.3327584589371,vrf_leakage,compound_bgp_route_flap_04_vrf_leakage
2026-07-21T07:49:41+00:00,station2,,0.0,0.0,2.998,90.0,10798415.545454543,541957.2909090909,0.0,86.38732436363634,4.335658327272728,vrf_leakage,compound_bgp_route_flap_04_vrf_leakage
2026-07-21T07:49:41+00:00,station3,,0.0,0.0,144.09,90.0,198.94545454545454,1074.1818181818182,,0.0015915636363636363,0.008593454545454546,vrf_leakage,compound_bgp_route_flap_04_vrf_leakage
2026-07-21T07:49:56+00:00,station1,386.0,0.0,1180.192,1031.109,0.0,442700.54545454547,8820610.290909091,0.0,3.5416043636363637,70.56488232727273,vrf_leakage,compound_bgp_route_flap_04_vrf_leakage
2026-07-21T07:49:56+00:00,station2,,0.0,1444.496,1022.951,50.0,11052752.563636363,555880.2727272727,0.0,88.4220205090909,4.447042181818182,vrf_leakage,compound_bgp_route_flap_04_vrf_leakage
2026-07-21T07:49:56+00:00,station3,,0.0,1442.525,1023.311,40.0,236.58181818181816,1284.6,,0.0018926545454545454,0.010276799999999999,vrf_leakage,compound_bgp_route_flap_04_vrf_leakage
2026-07-21T07:50:11+00:00,station1,386.0,0.0,1143.925,3463.654,20.0,554517.590589262,11054729.02310867,0.0,4.436140724714096,88.43783218486936,vrf_leakage,compound_bgp_route_flap_04_vrf_leakage
2026-07-21T07:50:11+00:00,station2,,0.0,1421.091,1982.495,0.0,8819454.2,443985.8181818182,0.0,70.5556336,3.5518865454545456,vrf_leakage,compound_bgp_route_flap_04_vrf_leakage
2026-07-21T07:50:11+00:00,station3,,0.0,1400.885,1983.39,0.0,197.3090909090909,1071.3090909090909,,0.0015784727272727273,0.008570472727272727,vrf_leakage,compound_bgp_route_flap_04_vrf_leakage
2026-07-21T07:50:26+00:00,station1,386.0,0.0,1442.991,2967.425,0.0,442627.6545454545,8821674.909090908,0.0,3.541021236363636,70.57339927272727,vrf_leakage,compound_bgp_route_flap_04_vrf_leakage
2026-07-21T07:50:26+00:00,station2,,0.0,1698.235,2332.447,40.0,11055194.818181816,555859.6545454545,0.0,88.44155854545453,4.446877236363636,vrf_leakage,compound_bgp_route_flap_04_vrf_leakage
2026-07-21T07:50:26+00:00,station3,,0.0,1449.875,2944.138,0.0,233.9272727272727,1283.6363636363635,,0.0018714181818181817,0.010269090909090908,vrf_leakage,compound_bgp_route_flap_04_vrf_leakage
2026-07-21T07:50:41+00:00,station1,386.0,0.0,826.587,1105.471,0.0,628687.5874984091,12543601.898147307,0.0,5.029500699987273,100.34881518517845,vrf_leakage,compound_bgp_route_flap_04_vrf_leakage
2026-07-21T07:50:41+00:00,station2,,0.0,830.868,1551.474,0.0,11119487.836363636,557815.4727272727,0.0,88.95590269090908,4.462523781818181,vrf_leakage,compound_bgp_route_flap_04_vrf_leakage
2026-07-21T07:50:41+00:00,station3,,0.0,1445.508,2954.539,0.0,190.29090909090908,1071.0363636363636,,0.0015223272727272726,0.00856829090909091,vrf_leakage,compound_bgp_route_flap_04_vrf_leakage
2026-07-21T07:50:56+00:00,station1,386.0,0.0,0.027,0.244,0.0,488010.8181818182,9753054.49090909,0.0,3.9040865454545455,78.02443592727272,vrf_leakage,compound_bgp_route_flap_05_vrf_leakage
2026-07-21T07:50:56+00:00,station2,,0.0,0.048,0.261,0.0,11110027.254545454,558305.1454545454,0.0,88.88021803636363,4.466441163636363,vrf_leakage,compound_bgp_route_flap_05_vrf_leakage
2026-07-21T07:50:56+00:00,station3,,0.0,0.024,0.33,0.0,230.65454545454543,1287.1454545454544,,0.0018452363636363635,0.010297163636363635,vrf_leakage,compound_bgp_route_flap_05_vrf_leakage
2026-07-21T07:51:11+00:00,station1,389.0,0.0,0.153,5.328,0.0,557254.6545454545,11111929.4,0.0,4.458037236363636,88.89543520000001,vrf_leakage,compound_bgp_route_flap_05_vrf_leakage
2026-07-21T07:51:11+00:00,station2,,0.0,0.615,5.064,0.0,8877933.763636362,446695.90909090906,4.0,71.0234701090909,3.5735672727272725,vrf_leakage,compound_bgp_route_flap_05_vrf_leakage
2026-07-21T07:51:11+00:00,station3,,0.0,1449.472,2944.652,0.0,198.43636363636364,1077.2727272727273,,0.001587490909090909,0.008618181818181818,vrf_leakage,compound_bgp_route_flap_05_vrf_leakage
2026-07-21T07:51:26+00:00,station1,389.0,0.0,0.289,5.554,0.0,445290.4909090909,8876441.581818182,0.0,3.562323927272727,71.01153265454546,vrf_leakage,compound_bgp_route_flap_05_vrf_leakage
2026-07-21T07:51:26+00:00,station2,,0.0,0.162,5.352,0.0,11109299.909090908,558888.8545454545,4.0,88.87439927272726,4.471110836363636,vrf_leakage,compound_bgp_route_flap_05_vrf_leakage
2026-07-21T07:51:26+00:00,station3,,0.0,1495.395,2166.081,0.0,238.18181818181816,1290.9272727272726,,0.0019054545454545452,0.01032741818181818,vrf_leakage,compound_bgp_route_flap_05_vrf_leakage
2026-07-21T07:51:41+00:00,station1,390.0,0.0,0.493,5.138,0.0,557620.1636363636,11110494.6,0.0,4.460961309090909,88.88395679999999,vrf_leakage,compound_bgp_route_flap_05_vrf_leakage
2026-07-21T07:51:41+00:00,station2,,0.0,0.356,4.81,0.0,9177055.0,461900.99999999994,4.0,73.41644,3.6952079999999996,vrf_leakage,compound_bgp_route_flap_05_vrf_leakage
2026-07-21T07:51:41+00:00,station3,,0.0,2392.244,2456.904,80.0,196.36363636363635,1084.4727272727273,,0.0015709090909090907,0.008675781818181818,vrf_leakage,compound_bgp_route_flap_05_vrf_leakage
2026-07-21T07:51:56+00:00,station1,390.0,0.0,0.658,4.814,0.0,559912.4,11170195.09090909,0.0,4.4792992,89.36156072727272,vrf_leakage,compound_bgp_route_flap_05_vrf_leakage
2026-07-21T07:51:56+00:00,station2,,0.0,0.478,5.081,0.0,13166272.890909089,661434.618181818,4.0,105.3301831272727,5.291476945454544,vrf_leakage,compound_bgp_route_flap_05_vrf_leakage
2026-07-21T07:51:56+00:00,station3,,0.0,1138.843,2404.555,0.0,239.99999999999997,1295.1818181818182,,0.0019199999999999998,0.010361454545454545,vrf_leakage,compound_bgp_route_flap_05_vrf_leakage
2026-07-21T07:52:11+00:00,station1,390.0,0.0,0.333,4.901,0.0,555603.9272727272,11080493.47272727,0.0,4.444831418181818,88.64394778181817,vrf_leakage,compound_bgp_route_flap_05_vrf_leakage
2026-07-21T07:52:11+00:00,station2,,0.0,0.387,3.616,0.0,8845733.072727272,445090.7454545454,4.0,70.76586458181818,3.5607259636363633,vrf_leakage,compound_bgp_route_flap_05_vrf_leakage
2026-07-21T07:52:11+00:00,station3,,0.0,0.047,0.298,0.0,199.6,1080.9454545454544,,0.0015968,0.008647563636363634,vrf_leakage,compound_bgp_route_flap_05_vrf_leakage
2026-07-21T07:52:26+00:00,station1,390.0,0.0,0.803,3.892,0.0,442973.6540664376,8848617.647593593,0.0,3.543789232531501,70.78894118074875,vrf_leakage,compound_bgp_route_flap_05_vrf_leakage
2026-07-21T07:52:26+00:00,station2,,0.0,0.894,4.471,25.0,11079771.109090907,555528.4363636363,4.0,88.63816887272726,4.44422749090909,vrf_leakage,compound_bgp_route_flap_05_vrf_leakage
2026-07-21T07:52:26+00:00,station3,,0.0,1417.579,1969.593,0.0,233.56363636363633,1292.6545454545453,,0.0018685090909090908,0.010341236363636363,vrf_leakage,compound_bgp_route_flap_05_vrf_leakage
2026-07-21T07:52:41+00:00,station1,390.0,0.0,0.805,5.367,0.0,553145.5609898001,11081196.669151468,0.0,4.425164487918401,88.64957335321175,vrf_leakage,compound_bgp_route_flap_05_vrf_leakage
2026-07-21T07:52:41+00:00,station2,,0.0,0.446,5.11,0.0,8846273.181818182,442596.1272727272,4.0,70.77018545454546,3.5407690181818174,vrf_leakage,compound_bgp_route_flap_05_vrf_leakage
2026-07-21T07:52:41+00:00,station3,,0.0,861.022,1064.3,25.0,197.3090909090909,1074.381818181818,,0.0015784727272727273,0.008595054545454544,vrf_leakage,compound_bgp_route_flap_05_vrf_leakage
2026-07-21T07:52:56+00:00,station1,390.0,0.0,0.857,5.454,0.0,507980.5989417604,10200432.56904922,0.0,4.063844791534083,81.60346055239377,vrf_leakage,compound_bgp_route_flap_05_vrf_leakage
2026-07-21T07:52:56+00:00,station2,,0.0,0.33,5.642,0.0,11316034.745454544,564993.8363636363,4.0,90.52827796363636,4.5199506909090905,vrf_leakage,compound_bgp_route_flap_05_vrf_leakage
2026-07-21T07:52:56+00:00,station3,,0.0,832.074,1131.612,0.0,226.9090909090909,1291.1272727272726,,0.0018152727272727272,0.010329018181818181,vrf_leakage,compound_bgp_route_flap_05_vrf_leakage
2026-07-21T07:53:11+00:00,station1,390.0,0.0,0.448,2.916,0.0,604198.5272727272,12143181.563636363,0.0,4.833588218181818,97.1454525090909,vrf_leakage,compound_bgp_route_flap_05_vrf_leakage
2026-07-21T07:53:11+00:00,station2,,0.0,0.335,5.771,0.0,11024428.418181816,549516.6545454545,4.0,88.19542734545453,4.396133236363636,vrf_leakage,compound_bgp_route_flap_05_vrf_leakage
2026-07-21T07:53:11+00:00,station3,,0.0,832.074,1131.612,100.0,199.96363636363634,1079.3454545454545,,0.0015997090909090907,0.008634763636363636,vrf_leakage,compound_bgp_route_flap_05_vrf_leakage
2026-07-21T07:53:26+00:00,station1,390.0,0.0,0.468,4.377,0.0,429432.2963070713,8609956.670363838,0.0,3.4354583704565704,68.8796533629107,vrf_leakage,compound_bgp_route_flap_05_vrf_leakage
2026-07-21T07:53:26+00:00,station2,,0.0,1.033,3.977,0.0,10841605.254545454,542063.7454545455,4.0,86.73284203636364,4.336509963636364,vrf_leakage,compound_bgp_route_flap_05_vrf_leakage
2026-07-21T07:53:26+00:00,station3,,0.0,1.486,3.916,0.0,242.54545454545453,1296.0181818181816,,0.0019403636363636363,0.010368145454545452,vrf_leakage,compound_bgp_route_flap_05_vrf_leakage
2026-07-21T07:53:41+00:00,station1,394.0,0.0,1.308,6.905,0.0,540408.0322891478,10842183.517262695,0.0,4.323264258313182,86.73746813810156,vrf_leakage,compound_bgp_route_flap_05_vrf_leakage
2026-07-21T07:53:41+00:00,station2,,0.0,1.041,6.814,0.0,8607843.854545454,430173.39999999997,4.0,68.86275083636363,3.4413872,vrf_leakage,compound_bgp_route_flap_05_vrf_leakage
2026-07-21T07:53:41+00:00,station3,,0.0,0.566,4.778,0.0,210.36363636363635,1086.7818181818182,,0.0016829090909090908,0.008694254545454545,vrf_leakage,compound_bgp_route_flap_05_vrf_leakage
2026-07-21T07:53:56+00:00,station1,394.0,0.0,0.864,6.265,0.0,429766.44180591666,8609413.149808172,0.0,3.4381315344473333,68.87530519846538,vrf_leakage,compound_bgp_route_flap_05_vrf_leakage
2026-07-21T07:53:56+00:00,station2,,0.0,0.866,6.074,0.0,10842218.836363636,542021.3999999999,4.0,86.73775069090908,4.336171199999999,vrf_leakage,compound_bgp_route_flap_05_vrf_leakage
2026-07-21T07:53:56+00:00,station3,,0.0,0.572,4.636,0.0,251.34545454545454,1297.9454545454544,,0.0020107636363636363,0.010383563636363636,vrf_leakage,compound_bgp_route_flap_05_vrf_leakage
2026-07-21T07:54:11+00:00,station1,394.0,0.0,0.602,6.175,0.0,603733.0581668091,12104639.689437605,0.0,4.829864465334473,96.83711751550085,vrf_leakage,compound_bgp_route_flap_05_vrf_leakage
2026-07-21T07:54:11+00:00,station2,,0.0,0.562,5.994,0.0,10985507.254545454,549071.6909090909,4.0,87.88405803636363,4.392573527272727,vrf_leakage,compound_bgp_route_flap_05_vrf_leakage
2026-07-21T07:54:11+00:00,station3,,0.0,1.118,3.652,0.0,206.18181818181816,1083.7272727272727,,0.0016494545454545453,0.008669818181818181,vrf_leakage,compound_bgp_route_flap_05_vrf_leakage
2026-07-21T07:54:26+00:00,station1,394.0,0.0,0.367,6.533,0.0,509935.63636363635,10240769.072727272,0.0,4.079485090909091,81.92615258181817,vrf_leakage,compound_bgp_route_flap_05_vrf_leakage
2026-07-21T07:54:26+00:00,station2,,0.0,1.296,6.114,0.0,11356789.254545454,566870.2545454545,4.0,90.85431403636363,4.534962036363636,vrf_leakage,compound_bgp_route_flap_05_vrf_leakage
2026-07-21T07:54:26+00:00,station3,,0.0,0.061,0.301,0.0,239.56363636363633,1294.3454545454545,,0.0019165090909090906,0.010354763636363635,vrf_leakage,compound_bgp_route_flap_05_vrf_leakage
2026-07-21T07:54:41+00:00,station1,394.0,0.0,1.687,6.868,0.0,551362.3818181817,11058394.545454543,0.0,4.410899054545454,88.46715636363635,vrf_leakage,compound_bgp_route_flap_05_vrf_leakage
2026-07-21T07:54:41+00:00,station2,,0.0,1.274,7.104,0.0,8822806.109090907,441043.9272727272,4.0,70.58244887272726,3.5283514181818174,vrf_leakage,compound_bgp_route_flap_05_vrf_leakage
2026-07-21T07:54:41+00:00,station3,,0.0,0.526,4.086,0.0,198.5090909090909,1076.3272727272727,,0.0015880727272727271,0.00861061818181818,vrf_leakage,compound_bgp_route_flap_05_vrf_leakage
2026-07-21T07:54:56+00:00,station1,394.0,0.0,0.343,8.041,0.0,439685.75792287133,8824301.987308862,0.0,3.5174860633829708,70.5944158984709,vrf_leakage,compound_bgp_route_flap_05_vrf_leakage
2026-07-21T07:54:56+00:00,station2,,0.0,0.694,7.176,0.0,11056306.47272727,552176.3090909091,4.0,88.45045178181816,4.417410472727273,vrf_leakage,compound_bgp_route_flap_05_vrf_leakage
2026-07-21T07:54:56+00:00,station3,,0.0,1.058,3.031,0.0,235.1272727272727,1288.4545454545453,,0.0018810181818181815,0.010307636363636363,vrf_leakage,compound_bgp_route_flap_05_vrf_leakage
2026-07-21T07:55:11+00:00,station1,394.0,0.0,1.002,7.487,0.0,550220.7251436467,11057650.610953523,0.0,4.401765801149174,88.46120488762818,vrf_leakage,compound_bgp_route_flap_05_vrf_leakage
2026-07-21T07:55:11+00:00,station2,,0.0,0.824,6.276,0.0,8821493.545454545,440186.8363636363,4.0,70.57194836363637,3.5214946909090905,vrf_leakage,compound_bgp_route_flap_05_vrf_leakage
2026-07-21T07:55:11+00:00,station3,,0.0,1.278,3.319,0.0,199.49090909090907,1075.9454545454544,,0.0015959272727272726,0.008607563636363636,vrf_leakage,compound_bgp_route_flap_05_vrf_leakage
2026-07-21T07:55:26+00:00,station1,394.0,0.0,0.362,7.746,0.0,555123.0909090909,11168231.327272726,0.0,4.440984727272728,89.34585061818181,vrf_leakage,compound_bgp_route_flap_05_vrf_leakage
2026-07-21T07:55:26+00:00,station2,,0.0,0.698,5.463,0.0,13100592.781818181,653190.3636363635,4.0,104.80474225454545,5.225522909090908,vrf_leakage,compound_bgp_route_flap_05_vrf_leakage
2026-07-21T07:55:26+00:00,station3,,0.0,0.624,5.011,0.0,237.74545454545452,1290.1454545454544,,0.0019019636363636363,0.010321163636363635,vrf_leakage,compound_bgp_route_flap_05_vrf_leakage
2026-07-21T07:55:41+00:00,station1,394.0,0.0,452.042,326.495,40.0,550687.1079759286,11071138.519717107,0.0,4.4054968638074286,88.56910815773685,vrf_leakage,compound_bgp_route_flap_05_vrf_leakage
2026-07-21T07:55:41+00:00,station2,,0.0,0.529,7.266,0.0,9234774.6,459971.0181818182,4.0,73.8781968,3.6797681454545454,vrf_leakage,compound_bgp_route_flap_05_vrf_leakage
2026-07-21T07:55:41+00:00,station3,,0.0,0.024,0.289,0.0,200.03636363636363,1077.4545454545453,,0.001600290909090909,0.008619636363636362,vrf_leakage,compound_bgp_route_flap_05_vrf_leakage
2026-07-21T07:55:56+00:00,station1,397.0,0.0,1143.688,3469.712,20.0,440341.70909090905,8837390.854545454,0.0,3.5227336727272722,70.69912683636363,vrf_leakage,compound_bgp_route_flap_05_vrf_leakage
2026-07-21T07:55:56+00:00,station2,,0.0,1442.476,2969.261,0.0,11069576.818181816,552573.9090909091,4.0,88.55661454545454,4.420591272727273,vrf_leakage,compound_bgp_route_flap_05_vrf_leakage
2026-07-21T07:55:56+00:00,station3,,0.0,1445.608,2954.056,0.0,236.14545454545453,1289.890909090909,,0.0018891636363636362,0.010319127272727272,vrf_leakage,compound_bgp_route_flap_05_vrf_leakage
2026-07-21T07:56:11+00:00,station1,397.0,0.0,1403.717,1975.465,0.0,551336.3636363636,11072621.872727271,0.0,4.410690909090909,88.58097498181817,vrf_leakage,compound_bgp_route_flap_05_vrf_leakage
2026-07-21T07:56:11+00:00,station2,,0.0,1446.56,2960.832,0.0,8837465.436363636,441542.8545454545,4.0,70.69972349090908,3.532342836363636,vrf_leakage,compound_bgp_route_flap_05_vrf_leakage
2026-07-21T07:56:11+00:00,station3,,0.0,1412.136,1945.735,0.0,198.9090909090909,1075.9090909090908,,0.0015912727272727272,0.008607272727272726,vrf_leakage,compound_bgp_route_flap_05_vrf_leakage
2026-07-21T07:56:26+00:00,station1,397.0,0.0,1418.974,1979.264,0.0,481041.9280350552,9654862.470226731,0.0,3.848335424280442,77.23889976181385,vrf_leakage,compound_bgp_route_flap_05_vrf_leakage
2026-07-21T07:56:26+00:00,station2,,0.0,1238.109,1656.866,40.0,11071730.527272727,552628.1454545454,4.0,88.57384421818182,4.421025163636363,vrf_leakage,compound_bgp_route_flap_05_vrf_leakage
2026-07-21T07:56:26+00:00,station3,,0.0,1418.792,1969.973,0.0,231.7090909090909,1286.709090909091,,0.001853672727272727,0.010293672727272728,vrf_leakage,compound_bgp_route_flap_05_vrf_leakage
2026-07-21T07:56:41+00:00,station1,398.0,0.0,0.561,7.584,0.0,631230.0181818181,12684392.09090909,0.0,5.049840145454545,101.47513672727271,vrf_leakage,compound_bgp_route_flap_05_vrf_leakage
2026-07-21T07:56:41+00:00,station2,,0.0,826.446,4818.07,50.0,11169990.163636362,556722.8909090909,4.0,89.3599213090909,4.453783127272727,vrf_leakage,compound_bgp_route_flap_05_vrf_leakage
2026-07-21T07:56:41+00:00,station3,,0.0,1746.432,3269.703,0.0,198.94545454545454,1077.3999999999999,,0.0015915636363636363,0.008619199999999999,vrf_leakage,compound_bgp_route_flap_05_vrf_leakage
2026-07-21T07:56:56+00:00,station1,398.0,0.0,1.933,10.939,0.0,439081.99999999994,8825628.345454546,0.0,3.5126559999999993,70.60502676363636,vrf_leakage,compound_bgp_route_flap_05_vrf_leakage
2026-07-21T07:56:56+00:00,station2,,0.0,1.823,11.49,0.0,11058531.0,551736.9272727272,4.0,88.468248,4.413895418181818,vrf_leakage,compound_bgp_route_flap_05_vrf_leakage
2026-07-21T07:56:56+00:00,station3,,0.0,829.978,1136.949,0.0,231.89090909090908,1290.2181818181816,,0.0018551272727272727,0.010321745454545454,vrf_leakage,compound_bgp_route_flap_05_vrf_leakage
2026-07-21T07:57:11+00:00,station1,398.0,0.0,0.964,12.963,0.0,550537.2727272727,11059671.054545455,0.0,4.404298181818182,88.47736843636363,vrf_leakage,compound_bgp_route_flap_05_vrf_leakage
2026-07-21T07:57:11+00:00,station2,,0.0,1.982,10.903,0.0,8822692.963636363,440445.8909090909,4.0,70.58154370909091,3.523567127272727,vrf_leakage,compound_bgp_route_flap_05_vrf_leakage
2026-07-21T07:57:11+00:00,station3,,0.0,1215.521,2131.023,0.0,195.89090909090908,1078.5636363636363,,0.0015671272727272726,0.00862850909090909,vrf_leakage,compound_bgp_route_flap_05_vrf_leakage
2026-07-21T07:57:26+00:00,station1,398.0,0.0,0.436,12.148,0.0,439224.72727272724,8824992.345454546,0.0,3.5137978181818177,70.59993876363636,vrf_leakage,compound_bgp_route_flap_05_vrf_leakage
2026-07-21T07:57:26+00:00,station2,,0.0,0.797,9.443,0.0,11057637.727272727,551545.7272727272,4.0,88.46110181818182,4.412365818181818,vrf_leakage,compound_bgp_route_flap_05_vrf_leakage
2026-07-21T07:57:26+00:00,station3,,0.0,1029.556,1607.336,0.0,229.38181818181818,1290.8,,0.0018350545454545455,0.0103264,vrf_leakage,compound_bgp_route_flap_05_vrf_leakage
2026-07-21T07:57:41+00:00,station1,398.0,0.0,1.226,10.838,0.0,585133.5818181818,11776061.29090909,0.0,4.681068654545454,94.20849032727271,vrf_leakage,compound_bgp_route_flap_05_vrf_leakage
2026-07-21T07:57:41+00:00,station2,,0.0,1.524,11.574,25.0,10659259.69090909,530849.6,4.0,85.27407752727271,4.246796799999999,vrf_leakage,compound_bgp_route_flap_05_vrf_leakage
2026-07-21T07:57:41+00:00,station3,,0.0,1146.796,2721.615,0.0,193.63636363636363,1076.7090909090907,,0.001549090909090909,0.008613672727272726,vrf_leakage,compound_bgp_route_flap_05_vrf_leakage
2026-07-21T07:57:56+00:00,station1,398.0,0.0,1.22,11.138,0.0,524260.5999999999,10564020.436363636,0.0,4.1940848,84.51216349090909,vrf_leakage,compound_bgp_route_flap_05_vrf_leakage
2026-07-21T07:57:56+00:00,station2,,0.0,1.494,8.901,0.0,11678916.927272728,581051.8,4.0,93.43133541818182,4.6484144,vrf_leakage,compound_bgp_route_flap_05_vrf_leakage
2026-07-21T07:57:56+00:00,station3,,0.0,0.033,0.279,0.0,231.8181818181818,1290.2181818181816,,0.0018545454545454544,0.010321745454545454,vrf_leakage,compound_bgp_route_flap_05_vrf_leakage
2026-07-21T07:58:11+00:00,station1,398.0,0.0,1.857,11.328,0.0,548446.3090909091,11048560.0,0.0,4.387570472727273,88.38848,vrf_leakage,compound_bgp_route_flap_05_vrf_leakage
2026-07-21T07:58:11+00:00,station2,,0.0,1.743,13.11,0.0,8813088.418181818,438514.90909090906,4.0,70.50470734545455,3.5081192727272725,vrf_leakage,compound_bgp_route_flap_05_vrf_leakage
2026-07-21T07:58:11+00:00,station3,,0.0,0.04,0.302,0.0,194.58181818181816,1078.7272727272727,,0.0015566545454545452,0.008629818181818181,vrf_leakage,compound_bgp_route_flap_05_vrf_leakage
2026-07-21T07:58:26+00:00,station1,401.0,0.0,2.37,10.987,0.0,437708.99999999994,8813743.345454546,0.0,3.5016719999999997,70.50994676363636,vrf_leakage,compound_bgp_route_flap_05_vrf_leakage
2026-07-21T07:58:26+00:00,station2,,0.0,1.117,11.266,0.0,11045838.927272728,549568.7818181817,4.0,88.36671141818182,4.396550254545454,vrf_leakage,compound_bgp_route_flap_05_vrf_leakage
2026-07-21T07:58:26+00:00,station3,,0.0,827.978,1555.403,0.0,236.6181818181818,1291.290909090909,,0.0018929454545454543,0.010330327272727272,vrf_leakage,compound_bgp_route_flap_05_vrf_leakage
2026-07-21T07:58:41+00:00,station1,402.0,0.0,0.812,10.548,0.0,548175.9914177137,11049552.211938832,0.0,4.385407931341709,88.39641769551065,vrf_leakage,compound_bgp_route_flap_05_vrf_leakage
2026-07-21T07:58:41+00:00,station2,,0.0,2.108,11.724,0.0,8814451.727272727,438798.18181818177,4.0,70.51561381818182,3.510385454545454,vrf_leakage,compound_bgp_route_flap_05_vrf_leakage
2026-07-21T07:58:41+00:00,station3,,0.0,2818.203,3878.699,0.0,209.85454545454544,1082.8545454545454,,0.0016788363636363636,0.008662836363636362,vrf_leakage,compound_bgp_route_flap_05_vrf_leakage
2026-07-21T07:58:56+00:00,station1,402.0,0.0,3.06,11.839,0.0,553355.2287106392,11167129.117882336,0.0,4.426841829685113,89.33703294305869,vrf_leakage,compound_bgp_route_flap_05_vrf_leakage
2026-07-21T07:58:56+00:00,station2,,0.0,1.627,11.207,0.0,12768126.272727272,634823.2909090909,4.0,102.14501018181818,5.078586327272727,vrf_leakage,compound_bgp_route_flap_05_vrf_leakage
2026-07-21T07:58:56+00:00,station3,,0.0,1443.098,2961.57,0.0,235.7090909090909,1296.3090909090909,,0.0018856727272727272,0.010370472727272727,vrf_leakage,compound_bgp_route_flap_05_vrf_leakage
2026-07-21T07:59:11+00:00,station1,402.0,0.0,0.646,10.532,0.0,548510.7005836682,11057767.241849555,0.0,4.388085604669346,88.46213793479643,vrf_leakage,compound_bgp_route_flap_05_vrf_leakage
2026-07-21T07:59:11+00:00,station2,,0.0,0.739,7.757,0.0,9557759.4,475066.8363636363,4.0,76.4620752,3.8005346909090902,vrf_leakage,compound_bgp_route_flap_05_vrf_leakage
2026-07-21T07:59:11+00:00,station3,,0.0,0.046,0.292,0.0,198.5090909090909,1078.6909090909091,,0.0015880727272727271,0.008629527272727273,vrf_leakage,compound_bgp_route_flap_05_vrf_leakage
2026-07-21T07:59:26+00:00,station1,402.0,0.0,0.903,12.701,0.0,437235.63636363635,8824127.6,0.0,3.4978850909090906,70.59302079999999,vrf_leakage,compound_bgp_route_flap_05_vrf_leakage
2026-07-21T07:59:26+00:00,station2,,0.0,1.368,10.826,0.0,11057344.927272728,549617.3272727273,4.0,88.45875941818183,4.396938618181818,vrf_leakage,compound_bgp_route_flap_05_vrf_leakage
2026-07-21T07:59:26+00:00,station3,,0.0,1447.343,2946.572,0.0,231.85454545454544,1293.6363636363635,,0.0018548363636363635,0.010349090909090908,vrf_leakage,compound_bgp_route_flap_05_vrf_leakage
2026-07-21T07:59:41+00:00,station1,402.0,0.0,1.329,11.557,0.0,548580.3712659769,11058322.557771677,0.0,4.388642970127815,88.46658046217341,vrf_leakage,compound_bgp_route_flap_05_vrf_leakage
2026-07-21T07:59:41+00:00,station2,,0.0,0.292,9.405,0.0,8822739.763636362,438993.50909090904,4.0,70.58191810909089,3.5119480727272725,vrf_leakage,compound_bgp_route_flap_05_vrf_leakage
2026-07-21T07:59:41+00:00,station3,,0.0,421.658,613.635,0.0,192.03636363636363,1069.6181818181817,,0.0015362909090909092,0.008556945454545453,vrf_leakage,compound_bgp_route_flap_05_vrf_leakage
2026-07-21T07:59:56+00:00,station1,402.0,0.0,1.314,11.445,0.0,462319.14545454545,9316699.472727273,0.0,3.6985531636363635,74.53359578181818,vrf_leakage,compound_bgp_route_flap_05_vrf_leakage
2026-07-21T07:59:56+00:00,station2,,0.0,2.619,11.617,25.0,11057067.145454545,550013.7636363636,4.0,88.45653716363636,4.4001101090909085,vrf_leakage,compound_bgp_route_flap_05_vrf_leakage
2026-07-21T07:59:56+00:00,station3,,0.0,2785.202,3743.196,0.0,237.3090909090909,1289.109090909091,,0.0018984727272727273,0.010312872727272729,vrf_leakage,compound_bgp_route_flap_05_vrf_leakage
2026-07-21T08:00:11+00:00,station1,402.0,0.0,0.744,8.959,0.0,645327.2909090909,13025061.454545455,0.0,5.162618327272727,104.20049163636364,vrf_leakage,compound_bgp_route_flap_05_vrf_leakage
2026-07-21T08:00:11+00:00,station2,,0.0,0.603,10.361,0.0,11165031.254545454,554244.6909090909,4.0,89.32025003636363,4.433957527272727,vrf_leakage,compound_bgp_route_flap_05_vrf_leakage
2026-07-21T08:00:11+00:00,station3,,0.0,1474.813,2230.027,20.0,198.03636363636363,1076.4363636363637,,0.001584290909090909,0.00861149090909091,vrf_leakage,compound_bgp_route_flap_05_vrf_leakage
2026-07-21T08:00:26+00:00,station1,402.0,0.0,1.758,9.569,0.0,423860.324733177,8558039.691630756,0.0,3.3908825978654162,68.46431753304606,vrf_leakage,compound_bgp_route_flap_05_vrf_leakage
2026-07-21T08:00:26+00:00,station2,,0.0,2.107,8.66,0.0,9673019.909090908,480780.5999999999,4.0,77.38415927272726,3.846244799999999,vrf_leakage,compound_bgp_route_flap_05_vrf_leakage
2026-07-21T08:00:26+00:00,station3,,0.0,0.07,0.293,0.0,239.49090909090907,1291.1818181818182,,0.0019159272727272726,0.010329454545454546,vrf_leakage,compound_bgp_route_flap_05_vrf_leakage
2026-07-21T08:00:41+00:00,station1,405.0,0.0,1458.443,1755.352,20.0,436347.30277631315,8790899.820003273,0.0,3.4907784222105054,70.32719856002619,vrf_leakage,compound_bgp_route_flap_05_vrf_leakage
2026-07-21T08:00:41+00:00,station2,,0.0,1087.324,1488.863,20.0,6557416.709090908,326499.0181818182,4.0,52.45933367272726,2.6119921454545456,vrf_leakage,compound_bgp_route_flap_05_vrf_leakage
2026-07-21T08:00:41+00:00,station3,,0.0,1396.96,1977.019,0.0,196.83636363636364,1082.1999999999998,,0.0015746909090909092,0.008657599999999998,vrf_leakage,compound_bgp_route_flap_05_vrf_leakage
2026-07-21T08:00:56+00:00,station1,405.0,0.0,1742.112,2633.647,40.0,325254.886274795,6557558.298940019,0.0,2.60203909019836,52.46046639152015,vrf_leakage,compound_bgp_route_flap_05_vrf_leakage
2026-07-21T08:00:56+00:00,station2,,0.0,1748.844,2870.003,0.0,8790209.181818182,436974.6545454545,4.0,70.32167345454545,3.495797236363636,vrf_leakage,compound_bgp_route_flap_05_vrf_leakage
2026-07-21T08:00:56+00:00,station3,,0.0,1744.234,2880.689,0.0,229.05454545454543,1290.1818181818182,,0.0018324363636363634,0.010321454545454545,vrf_leakage,compound_bgp_route_flap_05_vrf_leakage
2026-07-21T08:01:11+00:00,station1,408.0,0.0,1235.083,1740.515,40.0,454877.5818181818,9167252.98181818,0.0,3.639020654545454,73.33802385454544,vrf_leakage,compound_bgp_route_flap_05_vrf_leakage
2026-07-21T08:01:11+00:00,station2,,0.0,1159.927,1824.392,0.0,8050286.018181818,400444.34545454546,4.0,64.40228814545453,3.2035547636363635,vrf_leakage,compound_bgp_route_flap_05_vrf_leakage
2026-07-21T08:01:11+00:00,station3,,0.0,1386.323,2004.649,0.0,198.3272727272727,1078.9818181818182,,0.0015866181818181817,0.008631854545454546,vrf_leakage,compound_bgp_route_flap_05_vrf_leakage
2026-07-21T08:01:26+00:00,station1,408.0,0.0,444.247,2782.137,40.0,553844.1119252377,11165807.767131506,0.0,4.430752895401902,89.32646213705205,vrf_leakage,compound_bgp_route_flap_05_vrf_leakage
2026-07-21T08:01:26+00:00,station2,,0.0,1617.845,2089.179,0.0,12512446.781818181,622164.3818181817,4.0,100.09957425454544,4.977315054545453,vrf_leakage,compound_bgp_route_flap_05_vrf_leakage
2026-07-21T08:01:26+00:00,station3,,0.0,1617.826,2095.215,0.0,232.76363636363632,1291.0,,0.0018621090909090906,0.010328,vrf_leakage,compound_bgp_route_flap_05_vrf_leakage
2026-07-21T08:01:41+00:00,station1,412.0,0.0,2.152,10.263,0.0,542400.1818181818,10938542.618181817,0.0,4.339201454545454,87.50834094545453,vrf_leakage,compound_bgp_route_flap_05_vrf_leakage
2026-07-21T08:01:41+00:00,station2,,0.0,2.221,9.837,0.0,9819425.472727273,487836.5636363636,4.0,78.55540378181819,3.9026925090909086,vrf_leakage,compound_bgp_route_flap_05_vrf_leakage
2026-07-21T08:01:41+00:00,station3,,0.0,0.048,0.237,0.0,205.45454545454544,1077.1454545454544,,0.0016436363636363636,0.008617163636363636,vrf_leakage,compound_bgp_route_flap_05_vrf_leakage
2026-07-21T08:01:56+00:00,station1,415.0,0.0,0.975,10.572,0.0,339240.77676964196,6827398.639925813,0.0,2.713926214157136,54.61918911940651,vrf_leakage,compound_bgp_route_flap_05_vrf_leakage
2026-07-21T08:01:56+00:00,station2,,0.0,0.867,9.286,25.0,9058284.38181818,450891.23636363633,4.0,72.46627505454545,3.6071298909090905,vrf_leakage,compound_bgp_route_flap_05_vrf_leakage
2026-07-21T08:01:56+00:00,station3,,0.0,0.051,0.314,0.0,244.29090909090908,1296.0363636363634,,0.0019543272727272727,0.010368290909090907,vrf_leakage,compound_bgp_route_flap_05_vrf_leakage
2026-07-21T08:02:11+00:00,station1,418.0,0.0,1.31,13.017,0.0,449784.8909090909,9062700.763636362,0.0,3.598279127272727,72.5016061090909,vrf_leakage,compound_bgp_route_flap_05_vrf_leakage
2026-07-21T08:02:11+00:00,station2,,0.0,1.122,11.358,25.0,6827460.927272727,339770.7818181818,4.0,54.61968741818181,2.7181662545454546,vrf_leakage,compound_bgp_route_flap_05_vrf_leakage
2026-07-21T08:02:11+00:00,station3,,0.0,0.0,2.616,90.0,197.4181818181818,1080.509090909091,,0.0015793454545454545,0.008644072727272727,vrf_leakage,compound_bgp_route_flap_05_vrf_leakage
2026-07-21T08:02:26+00:00,station1,418.0,0.0,1.669,10.483,0.0,349386.39297467313,7057421.228704932,0.0,2.795091143797385,56.459369829639456,vrf_leakage,compound_bgp_route_flap_05_vrf_leakage
2026-07-21T08:02:26+00:00,station2,,0.0,1.101,11.878,0.0,9064009.872727273,449897.94545454544,4.0,72.51207898181818,3.5991835636363634,vrf_leakage,compound_bgp_route_flap_05_vrf_leakage
2026-07-21T08:02:26+00:00,station3,,0.0,835.399,5229.88,57.14285714285714,242.7272727272727,1295.8,,0.0019418181818181815,0.0103664,vrf_leakage,compound_bgp_route_flap_05_vrf_leakage
2026-07-21T08:02:41+00:00,station1,422.0,0.0,1.051,10.608,0.0,570594.4545454546,11526645.2,0.0,4.564755636363636,92.21316159999999,vrf_leakage,compound_bgp_route_flap_05_vrf_leakage
2026-07-21T08:02:41+00:00,station2,,0.0,0.822,11.033,0.0,10407644.709090909,516155.0545454545,4.0,83.26115767272726,4.129240436363636,vrf_leakage,compound_bgp_route_flap_05_vrf_leakage
2026-07-21T08:02:41+00:00,station3,,0.0,1442.874,2977.377,0.0,203.9272727272727,1086.2727272727273,,0.0016314181818181818,0.008690181818181817,vrf_leakage,compound_bgp_route_flap_05_vrf_leakage
2026-07-21T08:02:56+00:00,station1,425.0,0.0,1.424,9.953,0.0,534915.4591567733,10814103.430721961,0.0,4.279323673254186,86.51282744577568,vrf_leakage,compound_bgp_route_flap_05_vrf_leakage
2026-07-21T08:02:56+00:00,station2,,0.0,2.003,8.92,0.0,11930884.636363635,591303.6909090909,4.0,95.44707709090908,4.730429527272728,vrf_leakage,compound_bgp_route_flap_05_vrf_leakage
2026-07-21T08:02:56+00:00,station3,,0.0,0.041,0.299,0.0,244.87272727272727,1290.6909090909091,,0.001958981818181818,0.010325527272727272,vrf_leakage,compound_bgp_route_flap_05_vrf_leakage
2026-07-21T08:03:11+00:00,station1,425.0,0.0,0.0,3926.319,90.0,556185.1636363636,11255852.67272727,0.0,4.449481309090909,90.04682138181816,vrf_leakage,compound_bgp_route_flap_05_vrf_leakage
2026-07-21T08:03:11+00:00,station2,,0.0,0.654,10.133,0.0,9021128.09090909,446654.5636363636,4.0,72.16902472727271,3.5732365090909086,vrf_leakage,compound_bgp_route_flap_05_vrf_leakage
2026-07-21T08:03:11+00:00,station3,,0.0,0.011,0.233,0.0,199.09090909090907,1077.4545454545453,,0.0015927272727272726,0.008619636363636362,vrf_leakage,compound_bgp_route_flap_05_vrf_leakage
2026-07-21T08:03:26+00:00,station1,425.0,0.0,825.114,1159.975,0.0,445400.3818181818,9019607.309090909,0.0,3.563203054545454,72.15685847272727,vrf_leakage,compound_bgp_route_flap_05_vrf_leakage
2026-07-21T08:03:26+00:00,station2,,0.0,828.128,1142.881,0.0,11254146.709090909,557305.109090909,4.0,90.03317367272727,4.458440872727272,vrf_leakage,compound_bgp_route_flap_05_vrf_leakage
2026-07-21T08:03:26+00:00,station3,,0.0,835.459,1129.965,0.0,241.8181818181818,1291.509090909091,,0.0019345454545454544,0.010332072727272728,vrf_leakage,compound_bgp_route_flap_05_vrf_leakage
2026-07-21T08:03:41+00:00,station1,426.0,0.0,1275.329,2081.907,25.0,555626.534063017,11255893.220123269,0.0,4.445012272504136,90.04714576098615,vrf_leakage,compound_bgp_route_flap_05_vrf_leakage
2026-07-21T08:03:41+00:00,station2,,0.0,1678.19,2454.019,50.0,9019742.2,446468.50909090904,4.0,72.1579376,3.571748072727272,vrf_leakage,compound_bgp_route_flap_05_vrf_leakage
2026-07-21T08:03:41+00:00,station3,,0.0,1499.902,1757.071,0.0,200.4,1077.1272727272726,,0.0016032,0.008617018181818181,vrf_leakage,compound_bgp_route_flap_05_vrf_leakage
2026-07-21T08:03:56+00:00,station1,426.0,0.0,1125.941,1528.392,25.0,551243.1272727272,11166794.836363636,0.0,4.409945018181817,89.33435869090908,vrf_leakage,compound_bgp_route_flap_05_vrf_leakage
2026-07-21T08:03:56+00:00,station2,,0.0,434.18,2242.129,80.0,12722357.909090908,629281.709090909,4.0,101.77886327272726,5.034253672727272,vrf_leakage,compound_bgp_route_flap_05_vrf_leakage
2026-07-21T08:03:56+00:00,station3,,0.0,0.0,0.293,90.0,229.59999999999997,1300.490909090909,,0.0018367999999999998,0.010403927272727273,vrf_leakage,compound_bgp_route_flap_05_vrf_leakage
2026-07-21T08:04:11+00:00,station1,426.0,0.0,0.761,9.041,0.0,545996.0727272726,11056802.327272726,0.0,4.3679685818181815,88.4544186181818,vrf_leakage,compound_bgp_route_flap_05_vrf_leakage
2026-07-21T08:04:11+00:00,station2,,0.0,1.532,8.818,0.0,9608703.036363635,475441.8181818182,4.0,76.86962429090909,3.8035345454545455,vrf_leakage,compound_bgp_route_flap_05_vrf_leakage
2026-07-21T08:04:11+00:00,station3,,0.0,0.055,0.31,0.0,204.7272727272727,1084.0727272727272,,0.0016378181818181815,0.008672581818181818,vrf_leakage,compound_bgp_route_flap_05_vrf_leakage
2026-07-21T08:04:26+00:00,station1,426.0,0.0,1.338,10.099,0.0,436068.8351120889,8821805.421719605,0.0,3.488550680896711,70.57444337375684,vrf_leakage,compound_bgp_route_flap_05_vrf_leakage
2026-07-21T08:04:26+00:00,station2,,0.0,1.026,10.172,0.0,11054582.527272727,547909.3272727273,4.0,88.43666021818181,4.383274618181818,vrf_leakage,compound_bgp_route_flap_05_vrf_leakage
2026-07-21T08:04:26+00:00,station3,,0.0,0.492,5.643,0.0,241.34545454545454,1296.9636363636362,,0.0019307636363636363,0.01037570909090909,vrf_leakage,compound_bgp_route_flap_05_vrf_leakage
2026-07-21T08:04:41+00:00,station1,426.0,0.0,1.349,11.579,0.0,546996.1820264349,11053000.709052235,0.0,4.37596945621148,88.42400567241788,vrf_leakage,compound_bgp_route_flap_05_vrf_leakage
2026-07-21T08:04:41+00:00,station2,,0.0,0.36,10.39,0.0,8821772.38181818,437903.94545454544,4.0,70.57417905454545,3.5032315636363633,vrf_leakage,compound_bgp_route_flap_05_vrf_leakage
2026-07-21T08:04:41+00:00,station3,,0.0,1.138,3.528,0.0,200.25454545454542,1079.1818181818182,,0.0016020363636363635,0.008633454545454547,vrf_leakage,compound_bgp_route_flap_05_vrf_leakage
2026-07-21T08:04:56+00:00,station1,426.0,0.0,0.718,9.126,0.0,458879.90909090906,9262331.945454543,0.0,3.6710392727272723,74.09865556363634,vrf_leakage,compound_bgp_route_flap_05_vrf_leakage
2026-07-21T08:04:56+00:00,station2,,0.0,0.958,9.571,0.0,11054402.09090909,549025.509090909,4.0,88.43521672727272,4.392204072727273,vrf_leakage,compound_bgp_route_flap_05_vrf_leakage
2026-07-21T08:04:56+00:00,station3,,0.0,0.845,4.977,0.0,242.14545454545453,1285.709090909091,,0.0019371636363636363,0.010285672727272727,vrf_leakage,compound_bgp_route_flap_05_vrf_leakage
2026-07-21T08:05:11+00:00,station1,426.0,0.0,1.443,9.386,0.0,647239.131620575,13071598.101783669,0.0,5.1779130529646,104.57278481426935,vrf_leakage,compound_bgp_route_flap_05_vrf_leakage
2026-07-21T08:05:11+00:00,station2,,0.0,0.449,9.978,0.0,11165877.036363635,554247.2727272727,4.0,89.32701629090909,4.433978181818182,vrf_leakage,compound_bgp_route_flap_05_vrf_leakage
2026-07-21T08:05:11+00:00,station3,,0.0,0.25,4.135,0.0,195.78181818181818,1075.0181818181818,,0.0015662545454545455,0.008600145454545455,vrf_leakage,compound_bgp_route_flap_05_vrf_leakage
2026-07-21T08:05:26+00:00,station1,426.0,0.0,1.89,9.533,0.0,436799.14180257823,8819654.39371625,0.0,3.494393134420626,70.55723514972999,vrf_leakage,compound_bgp_route_flap_05_vrf_leakage
2026-07-21T08:05:26+00:00,station2,,0.0,0.956,11.332,0.0,11052199.109090907,548918.509090909,4.0,88.41759287272725,4.391348072727272,vrf_leakage,compound_bgp_route_flap_05_vrf_leakage
2026-07-21T08:05:26+00:00,station3,,0.0,0.871,4.503,0.0,231.96363636363634,1287.0545454545454,,0.0018557090909090907,0.010296436363636363,vrf_leakage,compound_bgp_route_flap_05_vrf_leakage
2026-07-21T08:05:41+00:00,station1,426.0,0.0,1.585,12.142,0.0,547841.6545454545,11052559.836363636,0.0,4.382733236363636,88.42047869090909,vrf_leakage,compound_bgp_route_flap_05_vrf_leakage
2026-07-21T08:05:41+00:00,station2,,0.0,2.105,10.801,0.0,8819500.818181818,438583.2909090909,4.0,70.55600654545455,3.508666327272727,vrf_leakage,compound_bgp_route_flap_05_vrf_leakage
2026-07-21T08:05:41+00:00,station3,,0.0,0.767,3.64,0.0,196.87272727272727,1074.3090909090909,,0.0015749818181818181,0.008594472727272727,vrf_leakage,compound_bgp_route_flap_05_vrf_leakage
2026-07-21T08:05:56+00:00,station1,426.0,0.0,0.147,1.169,0.0,436245.57735313906,8820586.207523499,0.0,3.4899646188251126,70.564689660188,vrf_leakage,compound_bgp_route_flap_05_vrf_leakage
2026-07-21T08:05:56+00:00,station2,,0.0,0.146,0.811,0.0,11052997.036363635,547368.9636363636,0.0,88.42397629090908,4.378951709090909,vrf_leakage,compound_bgp_route_flap_05_vrf_leakage
2026-07-21T08:05:56+00:00,station3,,0.0,0.747,4.691,0.0,234.58181818181816,1287.7272727272725,,0.0018766545454545454,0.01030181818181818,vrf_leakage,compound_bgp_route_flap_05_vrf_leakage
2026-07-21T08:06:11+00:00,station1,426.0,0.0,0.216,0.864,0.0,560823.509090909,11381925.07272727,0.0,4.4865880727272724,91.05540058181816,vrf_leakage,compound_bgp_route_flap_05_vrf_leakage
2026-07-21T08:06:11+00:00,station2,,0.0,0.036,0.862,0.0,10263930.2,507155.2545454545,0.0,82.11144159999999,4.057242036363636,vrf_leakage,compound_bgp_route_flap_05_vrf_leakage
2026-07-21T08:06:11+00:00,station3,,0.0,0.404,3.522,0.0,197.96363636363634,1075.5454545454545,,0.0015837090909090908,0.008604363636363636,vrf_leakage,compound_bgp_route_flap_05_vrf_leakage
2026-07-21T08:06:26+00:00,station1,426.0,0.0,0.014,0.215,0.0,538063.3818181817,10950735.890909089,0.0,4.304507054545454,87.60588712727271,vrf_leakage,compound_bgp_route_flap_05_vrf_leakage
2026-07-21T08:06:26+00:00,station2,,0.0,0.008,0.317,0.0,12065948.636363635,594977.8181818181,0.0,96.52758909090907,4.759822545454545,vrf_leakage,compound_bgp_route_flap_05_vrf_leakage
2026-07-21T08:06:26+00:00,station3,,0.0,0.028,0.228,0.0,237.74545454545452,1289.5636363636363,,0.0019019636363636363,0.01031650909090909,vrf_leakage,compound_bgp_route_flap_05_vrf_leakage
2026-07-21T08:06:41+00:00,station1,426.0,0.0,1500.323,1691.126,0.0,547515.9542553772,11094921.183251213,0.0,4.380127634043017,88.7593694660097,vrf_leakage,compound_bgp_route_flap_05_vrf_leakage
2026-07-21T08:06:41+00:00,station2,,0.0,1500.801,1683.466,0.0,8860438.018181818,437103.3272727272,0.0,70.88350414545454,3.4968266181818177,vrf_leakage,compound_bgp_route_flap_05_vrf_leakage
2026-07-21T08:06:41+00:00,station3,,0.0,1230.908,2183.38,0.0,197.4181818181818,1079.3272727272727,,0.0015793454545454545,0.00863461818181818,vrf_leakage,compound_bgp_route_flap_05_vrf_leakage
2026-07-21T08:06:56+00:00,station1,426.0,0.0,1743.867,3290.272,0.0,440466.41818181815,8863016.999999998,0.0,3.523731345454545,70.90413599999998,vrf_leakage,compound_bgp_route_flap_05_vrf_leakage
2026-07-21T08:06:56+00:00,station2,,0.0,1403.109,2050.823,0.0,11095200.709090909,552325.2363636363,0.0,88.76160567272727,4.41860189090909,vrf_leakage,compound_bgp_route_flap_05_vrf_leakage
2026-07-21T08:06:56+00:00,station3,,0.0,1403.625,2037.783,0.0,230.29090909090908,1289.8545454545454,,0.0018423272727272726,0.010318836363636364,vrf_leakage,compound_bgp_route_flap_05_vrf_leakage
2026-07-21T08:07:11+00:00,station1,426.0,0.0,1398.86,1992.194,0.0,554528.4909090908,11096747.563636363,0.0,4.436227927272727,88.7739805090909,vrf_leakage,compound_bgp_route_flap_05_vrf_leakage
2026-07-21T08:07:11+00:00,station2,,0.0,1399.274,1987.289,0.0,8861622.49090909,444721.3636363636,0.0,70.89297992727272,3.557770909090909,vrf_leakage,compound_bgp_route_flap_05_vrf_leakage
2026-07-21T08:07:11+00:00,station3,,0.0,1398.211,1993.548,0.0,190.94545454545454,1075.1090909090908,,0.0015275636363636363,0.008600872727272727,vrf_leakage,compound_bgp_route_flap_05_vrf_leakage
2026-07-21T08:07:26+00:00,station1,426.0,0.0,1214.796,2147.007,0.0,558895.8708340152,11172575.883197876,0.0,4.471166966672121,89.380607065583,vrf_leakage,compound_bgp_route_flap_05_vrf_leakage
2026-07-21T08:07:26+00:00,station2,,0.0,932.032,1445.969,0.0,12428696.563636363,623941.3636363635,0.0,99.4295725090909,4.991530909090908,vrf_leakage,compound_bgp_route_flap_05_vrf_leakage
2026-07-21T08:07:26+00:00,station3,,0.0,1216.948,2128.542,0.0,222.1090909090909,1285.0545454545454,,0.0017768727272727272,0.010280436363636363,vrf_leakage,compound_bgp_route_flap_05_vrf_leakage
2026-07-21T08:07:41+00:00,station1,426.0,0.0,0.001,0.292,0.0,551852.9272727272,11037634.618181817,0.0,4.414823418181818,88.30107694545454,vrf_leakage,compound_bgp_route_flap_05_vrf_leakage
2026-07-21T08:07:41+00:00,station2,,0.0,0.044,0.212,0.0,9917561.545454543,496916.10909090907,0.0,79.34049236363634,3.9753288727272724,vrf_leakage,compound_bgp_route_flap_05_vrf_leakage
2026-07-21T08:07:41+00:00,station3,,0.0,0.026,0.253,0.0,204.1090909090909,1071.890909090909,,0.0016328727272727271,0.008575127272727271,vrf_leakage,compound_bgp_route_flap_05_vrf_leakage
2026-07-21T08:07:56+00:00,station1,426.0,0.0,0.021,0.257,0.0,332536.60709415853,6634937.057978656,0.0,2.6602928567532684,53.07949646382925,vrf_leakage,compound_bgp_route_flap_05_vrf_leakage
2026-07-21T08:07:56+00:00,station2,,0.0,0.055,0.27,0.0,8866274.745454544,445687.3272727272,0.0,70.93019796363636,3.5654986181818176,vrf_leakage,compound_bgp_route_flap_05_vrf_leakage
2026-07-21T08:07:56+00:00,station3,,0.0,0.024,0.337,0.0,238.29090909090908,1288.2,,0.0019063272727272726,0.0103056,vrf_leakage,compound_bgp_route_flap_05_vrf_leakage
2026-07-21T08:08:11+00:00,station1,426.0,0.0,1196.282,1067.687,0.0,444102.09647798975,8867693.128716113,0.0,3.552816771823918,70.9415450297289,vrf_leakage,compound_bgp_route_flap_05_vrf_leakage
2026-07-21T08:08:11+00:00,station2,,0.0,0.0,4.758,90.0,6633456.2,333566.90909090906,0.0,53.0676496,2.6685352727272726,vrf_leakage,compound_bgp_route_flap_05_vrf_leakage
2026-07-21T08:08:11+00:00,station3,,0.0,0.0,1.096,90.0,207.1272727272727,1076.4727272727273,,0.0016570181818181815,0.008611781818181818,vrf_leakage,compound_bgp_route_flap_05_vrf_leakage
2026-07-21T08:08:26+00:00,station1,426.0,0.0,1421.112,1969.447,0.0,338986.43636363634,6766264.036363635,0.0,2.7118914909090908,54.13011229090908,vrf_leakage,compound_bgp_route_flap_05_vrf_leakage
2026-07-21T08:08:26+00:00,station2,,0.0,1420.938,1983.975,0.0,8865259.98181818,445433.8363636363,0.0,70.92207985454544,3.5634706909090905,vrf_leakage,compound_bgp_route_flap_05_vrf_leakage
2026-07-21T08:08:26+00:00,station3,,0.0,1449.66,2943.549,0.0,251.49090909090907,1295.3636363636363,,0.0020119272727272728,0.01036290909090909,vrf_leakage,compound_bgp_route_flap_05_vrf_leakage
2026-07-21T08:08:41+00:00,station1,426.0,0.0,1446.699,2954.198,0.0,562423.6545454545,11233753.872727271,0.0,4.499389236363636,89.87003098181818,vrf_leakage,compound_bgp_route_flap_05_vrf_leakage
2026-07-21T08:08:41+00:00,station2,,0.0,1441.538,2974.581,0.0,10115008.6,507665.16363636364,0.0,80.9200688,4.061321309090909,vrf_leakage,compound_bgp_route_flap_05_vrf_leakage
2026-07-21T08:08:41+00:00,station3,,0.0,1445.274,2956.738,0.0,204.14545454545453,1081.9272727272726,,0.0016331636363636362,0.00865541818181818,vrf_leakage,compound_bgp_route_flap_05_vrf_leakage
2026-07-21T08:08:56+00:00,station1,426.0,0.0,0.021,0.271,0.0,555385.5818181818,11107006.29090909,0.0,4.443084654545454,88.85605032727271,vrf_leakage,compound_bgp_route_flap_05_vrf_leakage
2026-07-21T08:08:56+00:00,station2,,0.0,0.033,0.221,0.0,12223284.963636363,612638.1454545454,0.0,97.7862797090909,4.901105163636363,vrf_leakage,compound_bgp_route_flap_05_vrf_leakage
2026-07-21T08:08:56+00:00,station3,,0.0,0.027,0.316,0.0,246.65454545454543,1292.9272727272726,,0.0019732363636363634,0.01034341818181818,vrf_leakage,compound_bgp_route_flap_05_vrf_leakage
2026-07-21T08:09:11+00:00,station1,426.0,0.0,1413.343,1946.126,0.0,556485.3818181817,11098034.527272727,0.0,4.451883054545454,88.78427621818182,vrf_leakage,compound_bgp_route_flap_05_vrf_leakage
2026-07-21T08:09:11+00:00,station2,,0.0,1693.306,2320.787,40.0,8862475.036363635,445430.72727272724,0.0,70.89980029090908,3.563445818181818,vrf_leakage,compound_bgp_route_flap_05_vrf_leakage
2026-07-21T08:09:11+00:00,station3,,0.0,1413.712,1949.862,0.0,199.63636363636363,1080.1999999999998,,0.0015970909090909091,0.0086416,vrf_leakage,compound_bgp_route_flap_05_vrf_leakage
2026-07-21T08:09:26+00:00,station1,426.0,0.0,0.0,827.039,90.0,444985.56337387953,8864170.403098239,0.0,3.559884506991036,70.91336322478591,vrf_leakage,compound_bgp_route_flap_05_vrf_leakage
2026-07-21T08:09:26+00:00,station2,,0.0,0.0,826.064,90.0,11097410.763636362,558058.9090909091,0.0,88.77928610909089,4.464471272727272,vrf_leakage,compound_bgp_route_flap_05_vrf_leakage
2026-07-21T08:09:26+00:00,station3,,0.0,0.0,820.879,90.0,231.9272727272727,1293.4,,0.0018554181818181816,0.0103472,vrf_leakage,compound_bgp_route_flap_05_vrf_leakage
2026-07-21T08:09:41+00:00,station1,426.0,0.0,0.0,827.039,100.0,557283.7063839847,11101322.763059802,0.0,4.458269651071877,88.81058210447841,vrf_leakage,compound_bgp_route_flap_05_vrf_leakage
2026-07-21T08:09:41+00:00,station2,,0.0,0.0,826.064,100.0,8864275.854545454,446254.309090909,0.0,70.91420683636363,3.570034472727272,vrf_leakage,compound_bgp_route_flap_05_vrf_leakage
2026-07-21T08:09:41+00:00,station3,,0.0,0.0,820.879,100.0,193.74545454545452,1081.290909090909,,0.0015499636363636362,0.008650327272727272,vrf_leakage,compound_bgp_route_flap_05_vrf_leakage
2026-07-21T08:09:56+00:00,station1,426.0,0.0,0.0,827.039,100.0,559824.618181818,11162099.818181816,0.0,4.4785969454545445,89.29679854545454,vrf_leakage,compound_bgp_route_flap_05_vrf_leakage
2026-07-21T08:09:56+00:00,station2,,0.0,0.0,826.064,100.0,12278246.654545454,616949.4181818181,0.0,98.22597323636363,4.935595345454545,vrf_leakage,compound_bgp_route_flap_05_vrf_leakage
2026-07-21T08:09:56+00:00,station3,,0.0,0.0,820.879,100.0,221.4181818181818,1308.3090909090909,,0.0017713454545454544,0.010466472727272727,vrf_leakage,compound_bgp_route_flap_05_vrf_leakage
2026-07-21T08:10:11+00:00,station1,426.0,0.0,2938.342,5406.057,0.0,559900.309090909,13410193.236363636,0.0,4.4792024727272715,107.28154589090909,vrf_leakage,compound_bgp_route_flap_05_vrf_leakage
2026-07-21T08:10:11+00:00,station2,,0.0,0.0,826.064,100.0,11174295.545454543,505078.43636363634,0.0,89.39436436363634,4.040627490909091,vrf_leakage,compound_bgp_route_flap_05_vrf_leakage
2026-07-21T08:10:11+00:00,station3,,0.0,0.0,820.879,100.0,175.23636363636362,1092.0545454545454,,0.001401890909090909,0.008736436363636363,vrf_leakage,compound_bgp_route_flap_05_vrf_leakage
2026-07-21T08:10:26+00:00,station1,426.0,0.0,0.905,1.509,0.0,336396.2727272727,10510514.727272727,0.0,2.6911701818181815,84.08411781818181,vrf_leakage,compound_bgp_route_flap_05_vrf_leakage
2026-07-21T08:10:26+00:00,station2,,0.0,0.632,1.143,0.0,12573462.29090909,441917.54545454547,0.0,100.58769832727272,3.535340363636364,vrf_leakage,compound_bgp_route_flap_05_vrf_leakage
2026-07-21T08:10:26+00:00,station3,,0.0,1540.332,1768.218,0.0,322.0,1348.7272727272725,,0.002576,0.01078981818181818,vrf_leakage,compound_bgp_route_flap_05_vrf_leakage
2026-07-21T08:10:41+00:00,station1,426.0,0.0,0.21,2.505,0.0,440243.19999999995,12574746.309090909,0.0,3.5219455999999996,100.59797047272727,vrf_leakage,compound_bgp_route_flap_05_vrf_leakage
2026-07-21T08:10:41+00:00,station2,,0.0,0.369,1.926,0.0,10340025.127272727,329655.4909090909,0.0,82.72020101818181,2.6372439272727273,vrf_leakage,compound_bgp_route_flap_05_vrf_leakage
2026-07-21T08:10:41+00:00,station3,,0.0,1540.332,1768.218,0.0,294.4363636363636,1130.9454545454544,,0.0023554909090909085,0.009047563636363635,vrf_leakage,compound_bgp_route_flap_05_vrf_leakage
2026-07-21T08:10:56+00:00,station1,426.0,0.0,0.466,2.65,0.0,328843.0545454545,10339724.181818182,0.0,2.630744436363636,82.71779345454546,vrf_leakage,compound_bgp_route_flap_05_vrf_leakage
2026-07-21T08:10:56+00:00,station2,,0.0,0.829,2.613,0.0,12572388.07272727,441715.90909090906,0.0,100.57910458181816,3.5337272727272726,vrf_leakage,compound_bgp_route_flap_05_vrf_leakage
2026-07-21T08:10:56+00:00,station3,,0.0,958.08,1619.432,0.0,328.4,1332.6363636363635,,0.0026271999999999997,0.010661090909090908,vrf_leakage,compound_bgp_route_flap_05_vrf_leakage
2026-07-21T08:11:11+00:00,station1,426.0,0.0,0.931,2.407,0.0,551181.8545454545,12571630.163636362,0.0,4.409454836363636,100.5730413090909,vrf_leakage,compound_bgp_route_flap_05_vrf_leakage
2026-07-21T08:11:11+00:00,station2,,0.0,0.285,2.191,0.0,10334741.709090909,496239.8909090909,0.0,82.67793367272728,3.969919127272727,vrf_leakage,compound_bgp_route_flap_05_vrf_leakage
2026-07-21T08:11:11+00:00,station3,,0.0,470.709,480.85,0.0,237.89090909090908,1104.9454545454544,,0.0019031272727272725,0.008839563636363635,vrf_leakage,compound_bgp_route_flap_05_vrf_leakage
2026-07-21T08:11:26+00:00,station1,426.0,0.0,1.307,1.166,0.0,558280.1818181818,11171659.98181818,0.0,4.466241454545454,89.37327985454544,vrf_leakage,compound_bgp_route_flap_05_vrf_leakage
2026-07-21T08:11:26+00:00,station2,,0.0,0.882,0.815,0.0,12466676.963636363,624463.3818181817,0.0,99.7334157090909,4.995707054545454,vrf_leakage,compound_bgp_route_flap_05_vrf_leakage
2026-07-21T08:11:26+00:00,station3,,0.0,1750.352,3223.047,0.0,234.9090909090909,1289.5272727272725,,0.0018792727272727273,0.01031621818181818,vrf_leakage,compound_bgp_route_flap_05_vrf_leakage
2026-07-21T08:11:41+00:00,station1,426.0,0.0,0.637,0.749,0.0,455799.50909090904,9116400.890909089,0.0,3.6463960727272724,72.93120712727271,vrf_leakage,compound_bgp_route_flap_05_vrf_leakage
2026-07-21T08:11:41+00:00,station2,,0.0,0.034,0.237,0.0,7997512.454545454,400910.3818181818,0.0,63.98009963636363,3.2072830545454543,vrf_leakage,compound_bgp_route_flap_05_vrf_leakage
2026-07-21T08:11:41+00:00,station3,,0.0,0.013,0.324,0.0,195.0181818181818,1077.5636363636363,,0.0015601454545454544,0.008620509090909091,vrf_leakage,compound_bgp_route_flap_05_vrf_leakage
2026-07-21T08:11:56+00:00,station1,426.0,0.0,0.367,1.873,0.0,332386.14257404144,6626593.731251023,0.0,2.6590891405923314,53.012749850008184,vrf_leakage,compound_bgp_route_flap_05_vrf_leakage
2026-07-21T08:11:56+00:00,station2,,0.0,0.57,2.182,0.0,8859648.309090909,445424.1272727272,0.0,70.87718647272727,3.5633930181818174,vrf_leakage,compound_bgp_route_flap_05_vrf_leakage
2026-07-21T08:11:56+00:00,station3,,0.0,1136.931,2714.534,0.0,226.79999999999998,1288.2727272727273,,0.0018143999999999999,0.010306181818181818,vrf_leakage,compound_bgp_route_flap_05_vrf_leakage
2026-07-21T08:12:11+00:00,station1,426.0,0.0,0.205,2.519,0.0,444015.87243868294,8861921.81960328,0.0,3.5521269795094637,70.89537455682624,vrf_leakage,compound_bgp_route_flap_05_vrf_leakage
2026-07-21T08:12:11+00:00,station2,,0.0,0.203,1.983,0.0,6627621.145454545,333499.10909090907,0.0,53.02096916363636,2.6679928727272726,vrf_leakage,compound_bgp_route_flap_05_vrf_leakage
2026-07-21T08:12:11+00:00,station3,,0.0,1447.385,2963.794,0.0,191.8181818181818,1075.5636363636363,,0.0015345454545454545,0.00860450909090909,vrf_leakage,compound_bgp_route_flap_05_vrf_leakage
2026-07-21T08:12:26+00:00,station1,426.0,0.0,0.378,1.934,0.0,435407.8181818182,8683784.999999998,0.0,3.4832625454545454,69.47027999999999,vrf_leakage,compound_bgp_route_flap_05_vrf_leakage
2026-07-21T08:12:26+00:00,station2,,0.0,0.409,2.344,0.0,9799699.909090908,492537.4727272727,0.0,78.39759927272726,3.9402997818181817,vrf_leakage,compound_bgp_route_flap_05_vrf_leakage
2026-07-21T08:12:26+00:00,station3,,0.0,1667.445,2668.382,0.0,227.96363636363634,1289.109090909091,,0.0018237090909090908,0.010312872727272729,vrf_leakage,compound_bgp_route_flap_05_vrf_leakage
2026-07-21T08:12:41+00:00,station1,426.0,0.0,0.801,1.389,0.0,658683.4363636363,13152604.836363636,0.0,5.26946749090909,105.22083869090909,vrf_leakage,compound_bgp_route_flap_05_vrf_leakage
2026-07-21T08:12:41+00:00,station2,,0.0,0.542,2.333,0.0,11171450.890909089,559920.0,0.0,89.37160712727271,4.47936,vrf_leakage,compound_bgp_route_flap_05_vrf_leakage
2026-07-21T08:12:41+00:00,station3,,0.0,1667.445,2668.382,0.0,194.07272727272726,1075.2363636363636,,0.001552581818181818,0.00860189090909091,vrf_leakage,compound_bgp_route_flap_05_vrf_leakage
2026-07-21T08:12:56+00:00,station1,426.0,0.0,0.024,0.259,0.0,459957.9825821349,9196834.312103417,0.0,3.679663860657079,73.57467449682733,vrf_leakage,compound_bgp_route_flap_05_vrf_leakage
2026-07-21T08:12:56+00:00,station2,,0.0,1146.432,1158.929,0.0,11090314.09090909,556767.9636363636,0.0,88.72251272727271,4.454143709090909,vrf_leakage,compound_bgp_route_flap_05_vrf_leakage
2026-07-21T08:12:56+00:00,station3,,0.0,1150.999,1165.672,0.0,239.27272727272728,1292.3636363636363,,0.0019141818181818183,0.01033890909090909,vrf_leakage,compound_bgp_route_flap_05_vrf_leakage
2026-07-21T08:13:11+00:00,station1,426.0,0.0,0.0,2.185,90.0,555557.5010454736,11089649.557264678,0.0,4.444460008363789,88.71719645811743,vrf_leakage,compound_bgp_route_flap_05_vrf_leakage
2026-07-21T08:13:11+00:00,station2,,0.0,1146.432,1158.929,0.0,8853710.89090909,444915.8909090909,0.0,70.82968712727272,3.559327127272727,vrf_leakage,compound_bgp_route_flap_05_vrf_leakage
2026-07-21T08:13:11+00:00,station3,,0.0,1150.999,1165.672,0.0,196.65454545454543,1078.509090909091,,0.0015732363636363634,0.008628072727272727,vrf_leakage,compound_bgp_route_flap_05_vrf_leakage
2026-07-21T08:13:26+00:00,station1,426.0,0.0,1678.807,2311.451,0.0,443496.21818181814,8853375.109090907,0.0,3.5479697454545454,70.82700087272725,vrf_leakage,compound_bgp_route_flap_05_vrf_leakage
2026-07-21T08:13:26+00:00,station2,,0.0,1677.979,2325.349,0.0,11086524.963636363,556415.5454545454,0.0,88.6921997090909,4.451324363636363,vrf_leakage,compound_bgp_route_flap_05_vrf_leakage
2026-07-21T08:13:26+00:00,station3,,0.0,1750.244,3256.809,0.0,242.58181818181816,1293.2,,0.0019406545454545452,0.0103456,vrf_leakage,compound_bgp_route_flap_05_vrf_leakage
2026-07-21T08:13:41+00:00,station1,426.0,0.0,1507.72,2712.67,20.0,554794.0331612246,11087452.912515454,0.0,4.438352265289796,88.69962330012363,vrf_leakage,compound_bgp_route_flap_06_vrf_leakage
2026-07-21T08:13:41+00:00,station2,,0.0,1215.775,2136.899,0.0,9711627.109090907,487137.41818181815,0.0,77.69301687272726,3.8970993454545453,vrf_leakage,compound_bgp_route_flap_06_vrf_leakage
2026-07-21T08:13:41+00:00,station3,,0.0,1214.184,2144.405,0.0,195.74545454545452,1077.381818181818,,0.0015659636363636361,0.008619054545454544,vrf_leakage,compound_bgp_route_flap_06_vrf_leakage
2026-07-21T08:13:56+00:00,station1,426.0,0.0,1275.138,3296.028,40.0,559143.8363636363,11169815.418181816,0.0,4.47315069090909,89.35852334545453,vrf_leakage,compound_bgp_route_flap_06_vrf_leakage
2026-07-21T08:13:56+00:00,station2,,0.0,1449.812,2948.386,0.0,12627592.345454544,633824.509090909,4.0,101.02073876363634,5.070596072727272,vrf_leakage,compound_bgp_route_flap_06_vrf_leakage
2026-07-21T08:13:56+00:00,station3,,0.0,1445.494,2956.295,0.0,234.54545454545453,1286.4,,0.0018763636363636363,0.0102912,vrf_leakage,compound_bgp_route_flap_06_vrf_leakage
2026-07-21T08:14:11+00:00,station1,429.0,0.0,446.2,334.282,40.0,570193.3454545455,11342987.854545454,0.0,4.561546763636364,90.74390283636363,vrf_leakage,compound_bgp_route_flap_06_vrf_leakage
2026-07-21T08:14:11+00:00,station2,,0.0,1402.235,1010.851,40.0,9108297.29090909,459072.8545454545,4.0,72.86637832727271,3.672582836363636,vrf_leakage,compound_bgp_route_flap_06_vrf_leakage
2026-07-21T08:14:11+00:00,station3,,0.0,1414.325,1951.663,0.0,190.29090909090908,1074.4727272727273,,0.0015223272727272726,0.008595781818181818,vrf_leakage,compound_bgp_route_flap_06_vrf_leakage
2026-07-21T08:14:26+00:00,station1,429.0,0.0,1772.024,3260.391,50.0,460404.7017326958,9108639.333830293,0.0,3.6832376138615666,72.86911467064235,vrf_leakage,compound_bgp_route_flap_06_vrf_leakage
2026-07-21T08:14:26+00:00,station2,,0.0,1018.626,1023.564,80.0,11341560.927272728,574102.8,4.0,90.73248741818182,4.5928224,vrf_leakage,compound_bgp_route_flap_06_vrf_leakage
2026-07-21T08:14:26+00:00,station3,,0.0,2790.996,4486.158,0.0,228.6181818181818,1284.2363636363634,,0.0018289454545454545,0.010273890909090908,vrf_leakage,compound_bgp_route_flap_06_vrf_leakage
2026-07-21T08:14:41+00:00,station1,430.0,0.0,1737.564,3300.883,40.0,574327.3272727273,11341936.618181817,0.0,4.594618618181818,90.73549294545454,vrf_leakage,compound_bgp_route_flap_06_vrf_leakage
2026-07-21T08:14:41+00:00,station2,,0.0,0.0,15.881,90.0,9107149.254545454,462750.23636363633,4.0,72.85719403636364,3.7020018909090906,vrf_leakage,compound_bgp_route_flap_06_vrf_leakage
2026-07-21T08:14:41+00:00,station3,,0.0,2905.639,4424.398,0.0,191.45454545454544,1079.509090909091,,0.0015316363636363635,0.008636072727272728,vrf_leakage,compound_bgp_route_flap_06_vrf_leakage
2026-07-21T08:14:56+00:00,station1,430.0,0.0,1526.465,1541.73,16.666666666666664,556660.8243486482,10999628.752204506,0.0,4.453286594789185,87.99703001763605,vrf_leakage,compound_bgp_route_flap_06_vrf_leakage
2026-07-21T08:14:56+00:00,station2,,0.0,1322.012,2952.75,0.0,12115324.963636363,614475.4181818181,4.0,96.9225997090909,4.9158033454545444,vrf_leakage,compound_bgp_route_flap_06_vrf_leakage
2026-07-21T08:14:56+00:00,station3,,0.0,1447.511,3027.698,0.0,230.83636363636364,1291.1454545454544,,0.0018466909090909091,0.010329163636363636,vrf_leakage,compound_bgp_route_flap_06_vrf_leakage
2026-07-21T08:15:11+00:00,station1,430.0,0.0,0.48,1.29,0.0,572949.6,11344422.763636362,0.0,4.5835968,90.75538210909089,vrf_leakage,compound_bgp_route_flap_06_vrf_leakage
2026-07-21T08:15:11+00:00,station2,,0.0,363.086,257.594,0.0,10226140.854545454,517371.6545454545,4.0,81.80912683636363,4.138973236363636,vrf_leakage,compound_bgp_route_flap_06_vrf_leakage
2026-07-21T08:15:11+00:00,station3,,0.0,362.699,256.725,0.0,201.23636363636362,1075.1999999999998,,0.001609890909090909,0.0086016,vrf_leakage,compound_bgp_route_flap_06_vrf_leakage
2026-07-21T08:15:26+00:00,station1,430.0,0.0,502.786,441.795,0.0,446037.8545454545,8843775.472727273,0.0,3.5683028363636358,70.75020378181819,vrf_leakage,compound_bgp_route_flap_06_vrf_leakage
2026-07-21T08:15:26+00:00,station2,,0.0,506.201,436.615,0.0,11075481.709090909,559643.9636363635,4.0,88.60385367272727,4.477151709090908,vrf_leakage,compound_bgp_route_flap_06_vrf_leakage
2026-07-21T08:15:26+00:00,station3,,0.0,501.77,440.017,0.0,247.0181818181818,1298.0,,0.0019761454545454546,0.010384,vrf_leakage,compound_bgp_route_flap_06_vrf_leakage
2026-07-21T08:15:41+00:00,station1,430.0,0.0,502.786,441.795,100.0,557393.5707921962,11078628.120511284,0.0,4.45914856633757,88.62902496409028,vrf_leakage,compound_bgp_route_flap_06_vrf_leakage
2026-07-21T08:15:41+00:00,station2,,0.0,506.201,436.615,100.0,8842697.418181818,446144.0545454545,4.0,70.74157934545454,3.569152436363636,vrf_leakage,compound_bgp_route_flap_06_vrf_leakage
2026-07-21T08:15:41+00:00,station3,,0.0,501.77,440.017,100.0,201.63636363636363,1081.9636363636362,,0.001613090909090909,0.008655709090909089,vrf_leakage,compound_bgp_route_flap_06_vrf_leakage
2026-07-21T08:15:56+00:00,station1,430.0,0.0,2122.385,1857.507,50.0,443904.99999999994,8844409.727272727,0.0,3.5512399999999995,70.75527781818181,vrf_leakage,compound_bgp_route_flap_06_vrf_leakage
2026-07-21T08:15:56+00:00,station2,,0.0,1678.361,2312.339,0.0,11077031.636363635,557314.9818181818,4.0,88.61625309090908,4.458519854545455,vrf_leakage,compound_bgp_route_flap_06_vrf_leakage
2026-07-21T08:15:56+00:00,station3,,0.0,1674.039,2293.888,0.0,242.6181818181818,1294.4727272727273,,0.0019409454545454544,0.010355781818181819,vrf_leakage,compound_bgp_route_flap_06_vrf_leakage
2026-07-21T08:16:11+00:00,station1,430.0,0.0,1457.513,2225.871,20.0,658860.8181818181,13138525.67272727,0.0,5.270886545454545,105.10820538181817,vrf_leakage,compound_bgp_route_flap_06_vrf_leakage
2026-07-21T08:16:11+00:00,station2,,0.0,2468.249,2766.382,80.0,11171368.618181817,560888.0545454546,4.0,89.37094894545454,4.487104436363636,vrf_leakage,compound_bgp_route_flap_06_vrf_leakage
2026-07-21T08:16:11+00:00,station3,,0.0,2938.348,5406.862,0.0,201.3090909090909,1076.4363636363637,,0.0016104727272727272,0.00861149090909091,vrf_leakage,compound_bgp_route_flap_06_vrf_leakage
2026-07-21T08:16:26+00:00,station1,430.0,0.0,0.665,3.379,0.0,461606.9162378866,9210049.12637952,0.0,3.6928553299030926,73.68039301103616,vrf_leakage,compound_bgp_route_flap_06_vrf_leakage
2026-07-21T08:16:26+00:00,station2,,0.0,1557.81,1479.903,16.666666666666664,11084080.036363635,557470.7818181817,4.0,88.67264029090909,4.459766254545454,vrf_leakage,compound_bgp_route_flap_06_vrf_leakage
2026-07-21T08:16:26+00:00,station3,,0.0,1412.417,1496.349,0.0,235.1272727272727,1292.7818181818182,,0.0018810181818181815,0.010342254545454545,vrf_leakage,compound_bgp_route_flap_06_vrf_leakage
2026-07-21T08:16:41+00:00,station1,430.0,0.0,1743.038,2662.628,40.0,554313.6909090909,11084283.6,0.0,4.434509527272727,88.6742688,vrf_leakage,compound_bgp_route_flap_06_vrf_leakage
2026-07-21T08:16:41+00:00,station2,,0.0,513.271,429.803,0.0,8848704.909090908,444220.8363636363,4.0,70.78963927272727,3.5537666909090904,vrf_leakage,compound_bgp_route_flap_06_vrf_leakage
2026-07-21T08:16:41+00:00,station3,,0.0,430.474,696.361,0.0,200.69090909090906,1076.3636363636363,,0.0016055272727272724,0.008610909090909091,vrf_leakage,compound_bgp_route_flap_06_vrf_leakage
2026-07-21T08:16:56+00:00,station1,430.0,0.0,843.097,1528.358,0.0,441679.61818181816,8848268.345454546,0.0,3.5334369454545453,70.78614676363637,vrf_leakage,compound_bgp_route_flap_06_vrf_leakage
2026-07-21T08:16:56+00:00,station2,,0.0,1447.731,2953.733,0.0,11081214.218181817,554668.7272727272,4.0,88.64971374545453,4.437349818181818,vrf_leakage,compound_bgp_route_flap_06_vrf_leakage
2026-07-21T08:16:56+00:00,station3,,0.0,1214.444,2147.204,0.0,237.85454545454544,1288.3454545454545,,0.0019028363636363636,0.010306763636363635,vrf_leakage,compound_bgp_route_flap_06_vrf_leakage
2026-07-21T08:17:11+00:00,station1,430.0,0.0,0.0,5.781,90.0,551504.4912357262,11082433.08604262,0.0,4.41203592988581,88.65946468834096,vrf_leakage,compound_bgp_route_flap_06_vrf_leakage
2026-07-21T08:17:11+00:00,station2,,0.0,828.87,4815.46,50.0,9691879.909090908,483779.8545454545,4.0,77.53503927272726,3.8702388363636357,vrf_leakage,compound_bgp_route_flap_06_vrf_leakage
2026-07-21T08:17:11+00:00,station3,,0.0,0.0,69.17,90.0,186.47272727272727,1078.2545454545455,,0.001491781818181818,0.008626036363636364,vrf_leakage,compound_bgp_route_flap_06_vrf_leakage
2026-07-21T08:17:26+00:00,station1,430.0,0.0,1581.084,1970.961,60.0,554368.6909090909,11167896.545454543,0.0,4.434949527272727,89.34317236363634,vrf_leakage,compound_bgp_route_flap_06_vrf_leakage
2026-07-21T08:17:26+00:00,station2,,0.0,289.642,209.026,0.0,12646680.636363635,629417.7636363636,4.0,101.17344509090908,5.035342109090909,vrf_leakage,compound_bgp_route_flap_06_vrf_leakage
2026-07-21T08:17:26+00:00,station3,,0.0,2890.862,4415.281,0.0,236.65454545454543,1287.890909090909,,0.0018932363636363634,0.010303127272727272,vrf_leakage,compound_bgp_route_flap_06_vrf_leakage
2026-07-21T08:17:41+00:00,station1,430.0,0.0,0.397,4.436,0.0,461780.7454545454,9297191.927272728,0.0,3.6942459636363636,74.37753541818182,vrf_leakage,compound_bgp_route_flap_06_vrf_leakage
2026-07-21T08:17:41+00:00,station2,,0.0,0.322,4.774,0.0,8181101.909090908,407488.4545454545,4.0,65.44881527272726,3.2599076363636357,vrf_leakage,compound_bgp_route_flap_06_vrf_leakage
2026-07-21T08:17:41+00:00,station3,,0.0,0.059,0.256,0.0,200.03636363636363,1078.3636363636363,,0.001600290909090909,0.00862690909090909,vrf_leakage,compound_bgp_route_flap_06_vrf_leakage
2026-07-21T08:17:56+00:00,station1,430.0,0.0,0.243,5.289,0.0,318073.90909090906,6397434.290909091,0.0,2.5445912727272724,51.17947432727273,vrf_leakage,compound_bgp_route_flap_06_vrf_leakage
2026-07-21T08:17:56+00:00,station2,,0.0,0.186,4.624,0.0,8630572.709090909,429846.70909090905,4.0,69.04458167272728,3.4387736727272724,vrf_leakage,compound_bgp_route_flap_06_vrf_leakage
2026-07-21T08:17:56+00:00,station3,,0.0,0.529,3.436,0.0,237.67272727272726,1289.8545454545454,,0.001901381818181818,0.010318836363636364,vrf_leakage,compound_bgp_route_flap_06_vrf_leakage
2026-07-21T08:18:11+00:00,station1,430.0,0.0,0.789,5.404,0.0,428125.10909090907,8631548.309090909,0.0,3.4250008727272725,69.05238647272726,vrf_leakage,compound_bgp_route_flap_06_vrf_leakage
2026-07-21T08:18:11+00:00,station2,,0.0,0.067,4.909,0.0,6397205.945454544,318545.43636363634,4.0,51.177647563636356,2.548363490909091,vrf_leakage,compound_bgp_route_flap_06_vrf_leakage
2026-07-21T08:18:11+00:00,station3,,0.0,1.208,3.996,0.0,201.05454545454543,1072.6727272727271,,0.0016084363636363634,0.008581381818181816,vrf_leakage,compound_bgp_route_flap_06_vrf_leakage
2026-07-21T08:18:26+00:00,station1,430.0,0.0,0.412,4.55,0.0,409322.07334145415,8266994.363943785,0.0,3.274576586731633,66.13595491155029,vrf_leakage,compound_bgp_route_flap_06_vrf_leakage
2026-07-21T08:18:26+00:00,station2,,0.0,0.251,5.078,0.0,9383923.563636363,465905.61818181816,4.0,75.0713885090909,3.727244945454545,vrf_leakage,compound_bgp_route_flap_06_vrf_leakage
2026-07-21T08:18:26+00:00,station3,,0.0,0.807,4.876,0.0,242.76363636363632,1289.0181818181816,,0.0019421090909090906,0.010312145454545453,vrf_leakage,compound_bgp_route_flap_06_vrf_leakage
2026-07-21T08:18:41+00:00,station1,434.0,0.0,1.335,7.095,0.0,631512.7454545455,12735778.29090909,0.0,5.052101963636364,101.88622632727271,vrf_leakage,compound_bgp_route_flap_06_vrf_leakage
2026-07-21T08:18:41+00:00,station2,,0.0,0.795,5.892,0.0,11167599.563636363,554096.5272727272,4.0,89.34079650909091,4.432772218181817,vrf_leakage,compound_bgp_route_flap_06_vrf_leakage
2026-07-21T08:18:41+00:00,station3,,0.0,0.173,4.279,0.0,207.34545454545454,1077.4545454545453,,0.0016587636363636364,0.008619636363636362,vrf_leakage,compound_bgp_route_flap_06_vrf_leakage
2026-07-21T08:18:56+00:00,station1,434.0,0.0,1.175,6.235,0.0,476655.5812135207,9607900.558212267,0.0,3.8132446497081656,76.86320446569813,vrf_leakage,compound_bgp_route_flap_06_vrf_leakage
2026-07-21T08:18:56+00:00,station2,,0.0,0.473,4.99,0.0,11069639.67272727,551053.1636363636,4.0,88.55711738181816,4.408425309090909,vrf_leakage,compound_bgp_route_flap_06_vrf_leakage
2026-07-21T08:18:56+00:00,station3,,0.0,0.025,0.29,0.0,243.96363636363634,1289.290909090909,,0.0019517090909090906,0.010314327272727273,vrf_leakage,compound_bgp_route_flap_06_vrf_leakage
2026-07-21T08:19:11+00:00,station1,434.0,0.0,1225.747,1644.035,40.0,551239.2857792244,11072881.739003947,0.0,4.4099142862337946,88.58305391203157,vrf_leakage,compound_bgp_route_flap_06_vrf_leakage
2026-07-21T08:19:11+00:00,station2,,0.0,1417.137,1979.488,0.0,8836857.109090907,441593.21818181814,4.0,70.69485687272726,3.532745745454545,vrf_leakage,compound_bgp_route_flap_06_vrf_leakage
2026-07-21T08:19:11+00:00,station3,,0.0,1417.8,1966.872,0.0,204.1090909090909,1077.490909090909,,0.0016328727272727271,0.008619927272727273,vrf_leakage,compound_bgp_route_flap_06_vrf_leakage
2026-07-21T08:19:26+00:00,station1,434.0,0.0,1225.747,1644.035,100.0,441538.98181818175,8839489.945454545,0.0,3.532311854545454,70.71591956363636,vrf_leakage,compound_bgp_route_flap_06_vrf_leakage
2026-07-21T08:19:26+00:00,station2,,0.0,1444.693,2971.433,0.0,11072111.67272727,554283.9818181818,4.0,88.57689338181817,4.434271854545455,vrf_leakage,compound_bgp_route_flap_06_vrf_leakage
2026-07-21T08:19:26+00:00,station3,,0.0,1447.401,2955.736,0.0,233.16363636363633,1290.2181818181816,,0.0018653090909090907,0.010321745454545454,vrf_leakage,compound_bgp_route_flap_06_vrf_leakage
2026-07-21T08:19:41+00:00,station1,434.0,0.0,1742.174,3300.441,100.0,552876.1636363636,11074673.309090909,0.0,4.423009309090909,88.59738647272727,vrf_leakage,compound_bgp_route_flap_06_vrf_leakage
2026-07-21T08:19:41+00:00,station2,,0.0,1444.693,2971.433,0.0,9283705.09090909,464628.43636363634,4.0,74.26964072727272,3.7170274909090906,vrf_leakage,compound_bgp_route_flap_06_vrf_leakage
2026-07-21T08:19:41+00:00,station3,,0.0,1447.401,2955.736,0.0,194.25454545454542,1076.0363636363636,,0.0015540363636363634,0.00860829090909091,vrf_leakage,compound_bgp_route_flap_06_vrf_leakage
2026-07-21T08:19:56+00:00,station1,434.0,0.0,996.97,1601.642,40.0,556978.9999999999,11172234.309090909,0.0,4.455831999999999,89.37787447272727,vrf_leakage,compound_bgp_route_flap_06_vrf_leakage
2026-07-21T08:19:56+00:00,station2,,0.0,1219.443,2149.39,0.0,13065987.345454544,652485.9636363635,4.0,104.52789876363634,5.219887709090908,vrf_leakage,compound_bgp_route_flap_06_vrf_leakage
2026-07-21T08:19:56+00:00,station3,,0.0,1217.702,2157.29,0.0,235.7090909090909,1287.6181818181817,,0.0018856727272727272,0.010300945454545454,vrf_leakage,compound_bgp_route_flap_06_vrf_leakage
2026-07-21T08:20:11+00:00,station1,434.0,0.0,0.229,6.929,0.0,483915.4348260878,9716785.541555302,0.0,3.8713234786087023,77.73428433244241,vrf_leakage,compound_bgp_route_flap_06_vrf_leakage
2026-07-21T08:20:11+00:00,station2,,0.0,0.594,9.017,0.0,8597792.49090909,429364.0181818182,4.0,68.78233992727272,3.4349121454545455,vrf_leakage,compound_bgp_route_flap_06_vrf_leakage
2026-07-21T08:20:11+00:00,station3,,0.0,0.048,0.249,0.0,204.8,1068.4545454545453,,0.0016384000000000001,0.008547636363636361,vrf_leakage,compound_bgp_route_flap_06_vrf_leakage
2026-07-21T08:20:26+00:00,station1,434.0,0.0,1587.274,1978.493,20.0,330168.5362616585,6627993.87306147,0.0,2.641348290093268,53.023950984491755,vrf_leakage,compound_bgp_route_flap_06_vrf_leakage
2026-07-21T08:20:26+00:00,station2,,0.0,832.912,3980.257,40.0,8861249.690909091,442654.8909090909,4.0,70.88999752727273,3.541239127272727,vrf_leakage,compound_bgp_route_flap_06_vrf_leakage
2026-07-21T08:20:26+00:00,station3,,0.0,1450.12,2941.284,0.0,234.58181818181816,1282.9636363636362,,0.0018766545454545454,0.010263709090909089,vrf_leakage,compound_bgp_route_flap_06_vrf_leakage
2026-07-21T08:20:41+00:00,station1,434.0,0.0,900.065,1263.695,62.5,440502.67272727273,8861414.272727272,0.0,3.524021381818182,70.89131418181817,vrf_leakage,compound_bgp_route_flap_06_vrf_leakage
2026-07-21T08:20:41+00:00,station2,,0.0,1578.683,1984.816,20.0,6625678.454545454,330709.41818181815,4.0,53.005427636363635,2.645675345454545,vrf_leakage,compound_bgp_route_flap_06_vrf_leakage
2026-07-21T08:20:41+00:00,station3,,0.0,1411.815,1984.474,0.0,190.5090909090909,1071.5454545454545,,0.0015240727272727273,0.008572363636363637,vrf_leakage,compound_bgp_route_flap_06_vrf_leakage
2026-07-21T08:20:56+00:00,station1,434.0,0.0,1483.837,1130.117,50.0,400998.41818181815,8083823.472727272,0.0,3.207987345454545,64.67058778181817,vrf_leakage,compound_bgp_route_flap_06_vrf_leakage
2026-07-21T08:20:56+00:00,station2,,0.0,1187.336,1643.352,33.33333333333333,9197984.163636362,457539.43636363634,4.0,73.5838733090909,3.660315490909091,vrf_leakage,compound_bgp_route_flap_06_vrf_leakage
2026-07-21T08:20:56+00:00,station3,,0.0,1548.537,1831.533,0.0,231.85454545454544,1289.1454545454544,,0.0018548363636363635,0.010313163636363636,vrf_leakage,compound_bgp_route_flap_06_vrf_leakage
2026-07-21T08:21:11+00:00,station1,434.0,0.0,2020.661,3037.83,50.0,622358.4909090908,12549007.09090909,0.0,4.978867927272727,100.39205672727272,vrf_leakage,compound_bgp_route_flap_06_vrf_leakage
2026-07-21T08:21:11+00:00,station2,,0.0,1229.082,2201.742,0.0,11166544.963636363,554294.0727272726,4.0,89.33235970909091,4.434352581818181,vrf_leakage,compound_bgp_route_flap_06_vrf_leakage
2026-07-21T08:21:11+00:00,station3,,0.0,1438.455,2023.625,0.0,192.4,1074.2363636363636,,0.0015392000000000001,0.00859389090909091,vrf_leakage,compound_bgp_route_flap_06_vrf_leakage
2026-07-21T08:21:26+00:00,station1,434.0,0.0,0.236,9.369,0.0,485614.3202603684,9799972.87223404,0.0,3.884914562082947,78.39978297787232,vrf_leakage,compound_bgp_route_flap_06_vrf_leakage
2026-07-21T08:21:26+00:00,station2,,0.0,0.515,8.923,0.0,10914821.327272726,542404.3454545455,4.0,87.31857061818181,4.339234763636363,vrf_leakage,compound_bgp_route_flap_06_vrf_leakage
2026-07-21T08:21:26+00:00,station3,,0.0,0.104,0.281,0.0,238.1090909090909,1293.2727272727273,,0.0019048727272727272,0.010346181818181819,vrf_leakage,compound_bgp_route_flap_06_vrf_leakage
2026-07-21T08:21:41+00:00,station1,434.0,0.0,0.014,10.252,0.0,432503.7636363636,8722915.163636362,0.0,3.460030109090909,69.7833213090909,vrf_leakage,compound_bgp_route_flap_06_vrf_leakage
2026-07-21T08:21:41+00:00,station2,,0.0,0.377,9.244,0.0,6487681.7272727275,322836.8545454545,4.0,51.90145381818182,2.582694836363636,vrf_leakage,compound_bgp_route_flap_06_vrf_leakage
2026-07-21T08:21:41+00:00,station3,,0.0,0.047,0.3,0.0,201.56363636363633,1078.581818181818,,0.0016125090909090906,0.008628654545454546,vrf_leakage,compound_bgp_route_flap_06_vrf_leakage
2026-07-21T08:21:56+00:00,station1,434.0,0.0,1.308,10.873,0.0,322327.0059455626,6490812.451135475,0.0,2.578616047564501,51.9264996090838,vrf_leakage,compound_bgp_route_flap_06_vrf_leakage
2026-07-21T08:21:56+00:00,station2,,0.0,1.276,9.419,0.0,8724840.127272727,434809.1272727272,4.0,69.79872101818182,3.4784730181818175,vrf_leakage,compound_bgp_route_flap_06_vrf_leakage
2026-07-21T08:21:56+00:00,station3,,0.0,1413.845,3012.767,0.0,232.9090909090909,1288.2545454545455,,0.0018632727272727273,0.010306036363636363,vrf_leakage,compound_bgp_route_flap_06_vrf_leakage
2026-07-21T08:22:11+00:00,station1,434.0,0.0,0.817,10.654,0.0,433157.0727272727,8724718.818181818,0.0,3.4652565818181817,69.79775054545455,vrf_leakage,compound_bgp_route_flap_06_vrf_leakage
2026-07-21T08:22:11+00:00,station2,,0.0,1.135,10.476,0.0,6742169.581818181,335996.9636363636,4.0,53.93735665454545,2.687975709090909,vrf_leakage,compound_bgp_route_flap_06_vrf_leakage
2026-07-21T08:22:11+00:00,station3,,0.0,1750.131,3254.066,0.0,192.5090909090909,1072.490909090909,,0.0015400727272727273,0.008579927272727272,vrf_leakage,compound_bgp_route_flap_06_vrf_leakage
2026-07-21T08:22:26+00:00,station1,434.0,0.0,0.507,9.053,0.0,500711.9272727272,10093295.127272727,0.0,4.005695418181817,80.74636101818182,vrf_leakage,compound_bgp_route_flap_06_vrf_leakage
2026-07-21T08:22:26+00:00,station2,,0.0,1.396,9.99,0.0,11209115.29090909,557417.8545454545,4.0,89.67292232727272,4.459342836363636,vrf_leakage,compound_bgp_route_flap_06_vrf_leakage
2026-07-21T08:22:26+00:00,station3,,0.0,1214.4,2139.447,0.0,230.2181818181818,1291.3272727272727,,0.0018417454545454543,0.010330618181818182,vrf_leakage,compound_bgp_route_flap_06_vrf_leakage
2026-07-21T08:22:41+00:00,station1,434.0,0.0,0.651,9.217,0.0,606627.0727272726,12242440.109090907,0.0,4.853016581818181,97.93952087272726,vrf_leakage,compound_bgp_route_flap_06_vrf_leakage
2026-07-21T08:22:41+00:00,station2,,0.0,0.961,9.075,0.0,11124041.69090909,552332.6727272726,4.0,88.99233352727272,4.418661381818181,vrf_leakage,compound_bgp_route_flap_06_vrf_leakage
2026-07-21T08:22:41+00:00,station3,,0.0,515.233,426.252,0.0,198.4,1078.2545454545455,,0.0015872,0.008626036363636364,vrf_leakage,compound_bgp_route_flap_06_vrf_leakage
2026-07-21T08:22:56+00:00,station1,434.0,0.0,0.751,9.719,0.0,437926.8909090909,8828200.763636362,0.0,3.503415127272727,70.6256061090909,vrf_leakage,compound_bgp_route_flap_06_vrf_leakage
2026-07-21T08:22:56+00:00,station2,,0.0,1.232,7.949,0.0,11059197.69090909,549657.6545454545,4.0,88.47358152727271,4.3972612363636365,vrf_leakage,compound_bgp_route_flap_06_vrf_leakage
2026-07-21T08:22:56+00:00,station3,,0.0,0.656,4.904,0.0,240.9090909090909,1293.0,,0.0019272727272727273,0.010344,vrf_leakage,compound_bgp_route_flap_06_vrf_leakage
2026-07-21T08:23:11+00:00,station1,440.0,0.0,0.369,8.644,0.0,548491.481663303,11062415.843924435,0.0,4.387931853306424,88.49932675139547,vrf_leakage,compound_bgp_route_flap_06_vrf_leakage
2026-07-21T08:23:11+00:00,station2,,0.0,1.916,8.623,0.0,8826548.563636363,438829.2727272727,4.0,70.6123885090909,3.5106341818181814,vrf_leakage,compound_bgp_route_flap_06_vrf_leakage
2026-07-21T08:23:11+00:00,station3,,0.0,1.342,4.107,0.0,204.29090909090908,1075.3090909090909,,0.0016343272727272727,0.008602472727272726,vrf_leakage,compound_bgp_route_flap_06_vrf_leakage
2026-07-21T08:23:26+00:00,station1,440.0,0.0,1.229,9.097,0.0,437878.14545454545,8830204.872727271,0.0,3.5030251636363636,70.64163898181818,vrf_leakage,compound_bgp_route_flap_06_vrf_leakage
2026-07-21T08:23:26+00:00,station2,,0.0,0.219,8.606,0.0,11060795.036363635,549484.5272727272,4.0,88.48636029090908,4.395876218181818,vrf_leakage,compound_bgp_route_flap_06_vrf_leakage
2026-07-21T08:23:26+00:00,station3,,0.0,1.733,4.248,0.0,244.2181818181818,1291.2181818181816,,0.0019537454545454544,0.010329745454545453,vrf_leakage,compound_bgp_route_flap_06_vrf_leakage
2026-07-21T08:23:41+00:00,station1,444.0,0.0,0.569,9.36,0.0,605955.109090909,12224567.018181818,0.0,4.847640872727272,97.79653614545454,vrf_leakage,compound_bgp_route_flap_06_vrf_leakage
2026-07-21T08:23:41+00:00,station2,,0.0,1.575,8.904,0.0,11106249.145454545,551642.0545454544,4.0,88.84999316363636,4.413136436363636,vrf_leakage,compound_bgp_route_flap_06_vrf_leakage
2026-07-21T08:23:41+00:00,station3,,0.0,0.088,3.858,0.0,209.85454545454544,1084.581818181818,,0.0016788363636363636,0.008676654545454545,vrf_leakage,compound_bgp_route_flap_06_vrf_leakage
2026-07-21T08:23:56+00:00,station1,447.0,0.0,0.106,8.928,0.0,500696.5999999999,10119451.890909089,0.0,4.0055727999999995,80.95561512727271,vrf_leakage,compound_bgp_route_flap_06_vrf_leakage
2026-07-21T08:23:56+00:00,station2,,0.0,0.57,8.594,0.0,11235505.036363635,557386.5454545454,4.0,89.88404029090908,4.459092363636363,vrf_leakage,compound_bgp_route_flap_06_vrf_leakage
2026-07-21T08:23:56+00:00,station3,,0.0,0.03,0.288,0.0,245.38181818181818,1296.581818181818,,0.0019630545454545453,0.010372654545454545,vrf_leakage,compound_bgp_route_flap_06_vrf_leakage
2026-07-21T08:24:11+00:00,station1,450.0,0.0,0.0,9.094,90.0,547843.9733076349,11053651.180973507,0.0,4.382751786461079,88.42920944778805,vrf_leakage,compound_bgp_route_flap_06_vrf_leakage
2026-07-21T08:24:11+00:00,station2,,0.0,0.0,8.857,90.0,8816650.854545454,437832.3818181818,4.0,70.53320683636363,3.5026590545454543,vrf_leakage,compound_bgp_route_flap_06_vrf_leakage
2026-07-21T08:24:11+00:00,station3,,0.0,0.0,0.302,90.0,199.56363636363633,1085.490909090909,,0.0015965090909090907,0.008683927272727272,vrf_leakage,compound_bgp_route_flap_06_vrf_leakage
2026-07-21T08:24:26+00:00,station1,450.0,0.0,425.77,712.065,0.0,436889.5272727272,8818697.236363636,0.0,3.495116218181818,70.54957789090909,vrf_leakage,compound_bgp_route_flap_06_vrf_leakage
2026-07-21T08:24:26+00:00,station2,,0.0,431.447,699.797,0.0,11050652.890909089,548365.7272727272,4.0,88.4052231272727,4.386925818181817,vrf_leakage,compound_bgp_route_flap_06_vrf_leakage
2026-07-21T08:24:26+00:00,station3,,0.0,423.374,704.711,0.0,243.74545454545452,1291.3636363636363,,0.0019499636363636361,0.01033090909090909,vrf_leakage,compound_bgp_route_flap_06_vrf_leakage
2026-07-21T08:24:41+00:00,station1,451.0,0.0,512.864,432.174,0.0,546813.6363636364,11049595.545454543,0.0,4.374509090909091,88.39676436363635,vrf_leakage,compound_bgp_route_flap_06_vrf_leakage
2026-07-21T08:24:41+00:00,station2,,0.0,1418.55,1972.652,0.0,8815629.399999999,437526.4909090909,4.0,70.52503519999999,3.5002119272727272,vrf_leakage,compound_bgp_route_flap_06_vrf_leakage
2026-07-21T08:24:41+00:00,station3,,0.0,1418.397,1978.463,0.0,198.0,1073.9454545454544,,0.001584,0.008591563636363635,vrf_leakage,compound_bgp_route_flap_06_vrf_leakage
2026-07-21T08:24:56+00:00,station1,451.0,0.0,1690.114,2327.145,40.0,552153.8027964145,11166130.238731615,0.0,4.417230422371316,89.32904190985292,vrf_leakage,compound_bgp_route_flap_06_vrf_leakage
2026-07-21T08:24:56+00:00,station2,,0.0,1145.323,2442.28,20.0,13212656.272727272,655199.2181818181,4.0,105.70125018181817,5.241593745454545,vrf_leakage,compound_bgp_route_flap_06_vrf_leakage
2026-07-21T08:24:56+00:00,station3,,0.0,1442.416,2965.879,0.0,230.25454545454542,1287.4545454545453,,0.0018420363636363634,0.010299636363636362,vrf_leakage,compound_bgp_route_flap_06_vrf_leakage
2026-07-21T08:25:11+00:00,station1,451.0,0.0,1.042,11.193,0.0,545874.8363636363,11042844.909090908,0.0,4.3669986909090905,88.34275927272726,vrf_leakage,compound_bgp_route_flap_06_vrf_leakage
2026-07-21T08:25:11+00:00,station2,,0.0,0.776,7.824,0.0,9116673.145454545,451326.9272727272,4.0,72.93338516363636,3.6106154181818173,vrf_leakage,compound_bgp_route_flap_06_vrf_leakage
2026-07-21T08:25:11+00:00,station3,,0.0,0.042,0.28,0.0,196.8,1068.1454545454544,,0.0015744,0.008545163636363635,vrf_leakage,compound_bgp_route_flap_06_vrf_leakage
2026-07-21T08:25:26+00:00,station1,451.0,0.0,1.231,9.199,0.0,436125.34545454546,8809500.272727272,0.0,3.4890027636363636,70.47600218181817,vrf_leakage,compound_bgp_route_flap_06_vrf_leakage
2026-07-21T08:25:26+00:00,station2,,0.0,0.253,10.384,0.0,11041116.745454544,547806.7272727272,4.0,88.32893396363636,4.382453818181817,vrf_leakage,compound_bgp_route_flap_06_vrf_leakage
2026-07-21T08:25:26+00:00,station3,,0.0,0.0,50.603,90.0,222.2181818181818,1288.1636363636362,,0.0017777454545454543,0.01030530909090909,vrf_leakage,compound_bgp_route_flap_06_vrf_leakage
2026-07-21T08:25:41+00:00,station1,451.0,0.0,0.749,9.58,0.0,547226.6785448067,11045366.05276076,0.0,4.377813428358453,88.36292842208607,vrf_leakage,compound_bgp_route_flap_06_vrf_leakage
2026-07-21T08:25:41+00:00,station2,,0.0,0.876,10.163,0.0,8812443.363636363,437824.1272727272,4.0,70.49954690909091,3.5025930181818175,vrf_leakage,compound_bgp_route_flap_06_vrf_leakage
2026-07-21T08:25:41+00:00,station3,,0.0,1443.665,2971.031,0.0,181.23636363636362,1072.6909090909091,,0.001449890909090909,0.008581527272727273,vrf_leakage,compound_bgp_route_flap_06_vrf_leakage
2026-07-21T08:25:56+00:00,station1,451.0,0.0,1.509,10.306,0.0,483561.5818181818,9743925.163636362,0.0,3.868492654545454,77.9514013090909,vrf_leakage,compound_bgp_route_flap_06_vrf_leakage
2026-07-21T08:25:56+00:00,station2,,0.0,1.221,8.984,0.0,11046545.47272727,549309.9999999999,4.0,88.37236378181817,4.394479999999999,vrf_leakage,compound_bgp_route_flap_06_vrf_leakage
2026-07-21T08:25:56+00:00,station3,,0.0,2345.936,4453.254,0.0,232.5090909090909,1287.1454545454544,,0.0018600727272727272,0.010297163636363635,vrf_leakage,compound_bgp_route_flap_06_vrf_leakage
2026-07-21T08:26:11+00:00,station1,451.0,0.0,0.019,0.266,0.0,622763.9818181818,12597875.145454545,0.0,4.982111854545455,100.78300116363636,vrf_leakage,compound_bgp_route_flap_06_vrf_leakage
2026-07-21T08:26:11+00:00,station2,,0.0,0.639,8.808,0.0,11170562.418181816,554230.5272727272,4.0,89.36449934545453,4.433844218181818,vrf_leakage,compound_bgp_route_flap_06_vrf_leakage
2026-07-21T08:26:11+00:00,station3,,0.0,2345.936,4453.254,100.0,197.45454545454544,1075.6727272727271,,0.0015796363636363636,0.008605381818181816,vrf_leakage,compound_bgp_route_flap_06_vrf_leakage
2026-07-21T08:26:26+00:00,station1,451.0,0.0,1416.794,1964.698,0.0,450703.9272727272,9096830.2,0.0,3.6056314181818174,72.7746416,vrf_leakage,compound_bgp_route_flap_06_vrf_leakage
2026-07-21T08:26:26+00:00,station2,,0.0,1689.306,2315.09,40.0,11330152.418181816,563206.4181818181,0.0,90.64121934545453,4.505651345454544,vrf_leakage,compound_bgp_route_flap_06_vrf_leakage
2026-07-21T08:26:26+00:00,station3,,0.0,1411.611,1943.677,0.0,244.3272727272727,1286.5272727272725,,0.0019546181818181816,0.010292218181818179,vrf_leakage,compound_bgp_route_flap_06_vrf_leakage
2026-07-21T08:26:41+00:00,station1,451.0,0.0,1440.613,2040.215,0.0,563144.5375706779,11329652.61894806,0.0,4.505156300565424,90.63722095158447,vrf_leakage,compound_bgp_route_flap_06_vrf_leakage
2026-07-21T08:26:41+00:00,station2,,0.0,1440.498,2035.613,0.0,9094840.054545455,452875.21818181814,0.0,72.75872043636363,3.623001745454545,vrf_leakage,compound_bgp_route_flap_06_vrf_leakage
2026-07-21T08:26:41+00:00,station3,,0.0,1424.576,2033.539,0.0,201.67272727272726,1078.7090909090907,,0.001613381818181818,0.008629672727272726,vrf_leakage,compound_bgp_route_flap_06_vrf_leakage
2026-07-21T08:26:56+00:00,station1,451.0,0.0,1384.416,1993.671,0.0,452731.54545454547,9094349.945454543,0.0,3.6218523636363638,72.75479956363635,vrf_leakage,compound_bgp_route_flap_06_vrf_leakage
2026-07-21T08:26:56+00:00,station2,,0.0,1447.33,2954.437,0.0,11328102.745454544,565246.8363636363,0.0,90.62482196363635,4.52197469090909,vrf_leakage,compound_bgp_route_flap_06_vrf_leakage
2026-07-21T08:26:56+00:00,station3,,0.0,1443.107,2962.215,0.0,232.83636363636364,1287.6,,0.001862690909090909,0.010300799999999999,vrf_leakage,compound_bgp_route_flap_06_vrf_leakage
2026-07-21T08:27:11+00:00,station1,451.0,0.0,1988.82,3408.999,14.285714285714285,606970.1823603207,12135458.173487755,0.0,4.855761458882566,97.08366538790203,vrf_leakage,compound_bgp_route_flap_06_vrf_leakage
2026-07-21T08:27:11+00:00,station2,,0.0,1447.33,2954.437,0.0,11017083.618181817,552158.6363636364,0.0,88.13666894545453,4.417269090909091,vrf_leakage,compound_bgp_route_flap_06_vrf_leakage
2026-07-21T08:27:11+00:00,station3,,0.0,1443.107,2962.215,0.0,185.9272727272727,1071.4727272727273,,0.0014874181818181817,0.008571781818181818,vrf_leakage,compound_bgp_route_flap_06_vrf_leakage
2026-07-21T08:27:26+00:00,station1,451.0,0.0,0.029,0.243,0.0,509990.2909090909,10208021.072727272,0.0,4.079922327272727,81.66416858181817,vrf_leakage,compound_bgp_route_flap_06_vrf_leakage
2026-07-21T08:27:26+00:00,station2,,0.0,0.026,0.325,0.0,11323135.07272727,567102.7272727272,0.0,90.58508058181816,4.536821818181817,vrf_leakage,compound_bgp_route_flap_06_vrf_leakage
2026-07-21T08:27:26+00:00,station3,,0.0,0.025,0.229,0.0,232.83636363636364,1286.7454545454543,,0.001862690909090909,0.010293963636363635,vrf_leakage,compound_bgp_route_flap_06_vrf_leakage
2026-07-21T08:27:41+00:00,station1,451.0,0.0,1423.74,1977.754,0.0,554874.4545454545,11088087.327272726,0.0,4.438995636363636,88.70469861818181,vrf_leakage,compound_bgp_route_flap_06_vrf_leakage
2026-07-21T08:27:41+00:00,station2,,0.0,1142.331,1152.704,0.0,8852862.89090909,444238.7454545454,0.0,70.82290312727272,3.5539099636363636,vrf_leakage,compound_bgp_route_flap_06_vrf_leakage
2026-07-21T08:27:41+00:00,station3,,0.0,1147.11,1159.823,0.0,196.83636363636364,1071.2545454545455,,0.0015746909090909092,0.008570036363636364,vrf_leakage,compound_bgp_route_flap_06_vrf_leakage
2026-07-21T08:27:56+00:00,station1,451.0,0.0,1447.634,2918.274,0.0,443408.78925071366,8856215.385734286,0.0,3.547270314005709,70.84972308587429,vrf_leakage,compound_bgp_route_flap_06_vrf_leakage
2026-07-21T08:27:56+00:00,station2,,0.0,1449.52,2942.893,0.0,11087472.8,556078.2545454545,0.0,88.6997824,4.4486260363636365,vrf_leakage,compound_bgp_route_flap_06_vrf_leakage
2026-07-21T08:27:56+00:00,station3,,0.0,1445.328,2952.84,0.0,241.45454545454544,1285.0,,0.0019316363636363635,0.01028,vrf_leakage,compound_bgp_route_flap_06_vrf_leakage
2026-07-21T08:28:11+00:00,station1,451.0,0.0,1214.575,2141.179,0.0,554448.4282103961,11089266.595152816,0.0,4.435587425683169,88.71413276122253,vrf_leakage,compound_bgp_route_flap_06_vrf_leakage
2026-07-21T08:28:11+00:00,station2,,0.0,1450.911,2923.692,0.0,8853455.672727272,443798.0545454545,0.0,70.82764538181817,3.550384436363636,vrf_leakage,compound_bgp_route_flap_06_vrf_leakage
2026-07-21T08:28:11+00:00,station3,,0.0,1449.849,2937.244,0.0,200.94545454545454,1067.1090909090908,,0.0016075636363636363,0.008536872727272727,vrf_leakage,compound_bgp_route_flap_06_vrf_leakage
2026-07-21T08:28:26+00:00,station1,451.0,0.0,1214.575,2141.179,0.0,557335.2424589539,11170249.349988183,0.0,4.458681939671631,89.36199479990546,vrf_leakage,compound_bgp_route_flap_06_vrf_leakage
2026-07-21T08:28:26+00:00,station2,,0.0,0.0,4.069,90.0,13166987.127272727,659346.7636363636,0.0,105.33589701818181,5.274774109090909,vrf_leakage,compound_bgp_route_flap_06_vrf_leakage
2026-07-21T08:28:26+00:00,station3,,0.0,1214.252,2143.712,100.0,227.89090909090908,1289.8181818181815,,0.0018231272727272725,0.010318545454545452,vrf_leakage,compound_bgp_route_flap_06_vrf_leakage
2026-07-21T08:28:41+00:00,station1,451.0,0.0,1274.593,901.587,40.0,550662.9454545454,11018794.581818182,0.0,4.405303563636363,88.15035665454546,vrf_leakage,compound_bgp_route_flap_06_vrf_leakage
2026-07-21T08:28:41+00:00,station2,,0.0,0.029,0.241,0.0,9175518.054545455,458829.19999999995,0.0,73.40414443636364,3.6706335999999995,vrf_leakage,compound_bgp_route_flap_06_vrf_leakage
2026-07-21T08:28:41+00:00,station3,,0.0,0.015,0.312,0.0,197.78181818181818,1074.5636363636363,,0.0015822545454545454,0.00859650909090909,vrf_leakage,compound_bgp_route_flap_06_vrf_leakage
2026-07-21T08:28:56+00:00,station1,451.0,0.0,0.0,0.95,90.0,439584.41818181815,8783643.38181818,0.0,3.516675345454545,70.26914705454544,vrf_leakage,compound_bgp_route_flap_06_vrf_leakage
2026-07-21T08:28:56+00:00,station2,,0.0,1441.663,2975.274,0.0,11016416.418181816,552367.6727272726,0.0,88.13133134545453,4.418941381818181,vrf_leakage,compound_bgp_route_flap_06_vrf_leakage
2026-07-21T08:28:56+00:00,station3,,0.0,1445.787,2958.975,0.0,230.2181818181818,1285.7454545454543,,0.0018417454545454543,0.010285963636363634,vrf_leakage,compound_bgp_route_flap_06_vrf_leakage
2026-07-21T08:29:11+00:00,station1,451.0,0.0,0.0,6.142,90.0,551771.6363636364,11019348.927272728,0.0,4.414173090909091,88.15479141818182,vrf_leakage,compound_bgp_route_flap_06_vrf_leakage
2026-07-21T08:29:11+00:00,station2,,0.0,1441.663,2975.274,100.0,8783290.454545455,441405.2545454545,0.0,70.26632363636364,3.5312420363636363,vrf_leakage,compound_bgp_route_flap_06_vrf_leakage
2026-07-21T08:29:11+00:00,station3,,0.0,2941.916,5382.459,0.0,182.87272727272727,1076.381818181818,,0.0014629818181818182,0.008611054545454544,vrf_leakage,compound_bgp_route_flap_06_vrf_leakage
2026-07-21T08:29:26+00:00,station1,451.0,0.0,1216.233,2093.835,0.0,484204.309090909,9661862.945454543,0.0,3.873634472727272,77.29490356363635,vrf_leakage,compound_bgp_route_flap_06_vrf_leakage
2026-07-21T08:29:26+00:00,station2,,0.0,1215.4,2142.864,0.0,11016739.818181816,553433.6545454545,0.0,88.13391854545453,4.4274692363636365,vrf_leakage,compound_bgp_route_flap_06_vrf_leakage
2026-07-21T08:29:26+00:00,station3,,0.0,1215.972,2127.959,0.0,240.07272727272726,1286.2727272727273,,0.001920581818181818,0.010290181818181818,vrf_leakage,compound_bgp_route_flap_06_vrf_leakage
2026-07-21T08:29:41+00:00,station1,451.0,0.0,0.027,0.19,0.0,634848.3272727273,12690197.29090909,0.0,5.078786618181818,101.5215783272727,vrf_leakage,compound_bgp_route_flap_06_vrf_leakage
2026-07-21T08:29:41+00:00,station2,,0.0,0.0,4.485,90.0,11170289.818181816,560174.109090909,0.0,89.36231854545453,4.481392872727272,vrf_leakage,compound_bgp_route_flap_06_vrf_leakage
2026-07-21T08:29:41+00:00,station3,,0.0,2903.055,4418.894,0.0,198.6181818181818,1076.8363636363636,,0.0015889454545454545,0.008614690909090908,vrf_leakage,compound_bgp_route_flap_06_vrf_leakage
2026-07-21T08:29:56+00:00,station1,451.0,0.0,0.008,0.243,0.0,411417.23636363633,8222203.581818181,0.0,3.2913378909090905,65.77762865454545,vrf_leakage,compound_bgp_route_flap_06_vrf_leakage
2026-07-21T08:29:56+00:00,station2,,0.0,0.03,0.233,0.0,9338365.781818181,468889.5999999999,0.0,74.70692625454545,3.7511167999999993,vrf_leakage,compound_bgp_route_flap_06_vrf_leakage
2026-07-21T08:29:56+00:00,station3,,0.0,0.034,0.326,0.0,244.14545454545453,1291.8,,0.001953163636363636,0.010334399999999999,vrf_leakage,compound_bgp_route_flap_06_vrf_leakage
2026-07-21T08:30:11+00:00,station1,451.0,0.0,1448.491,2948.098,0.0,439096.23636363633,8875014.309090909,0.0,3.5127698909090905,71.00011447272728,vrf_leakage,compound_bgp_route_flap_06_vrf_leakage
2026-07-21T08:30:11+00:00,station2,,0.0,1421.373,1968.486,0.0,6639075.4,329866.309090909,0.0,53.1126032,2.638930472727272,vrf_leakage,compound_bgp_route_flap_06_vrf_leakage
2026-07-21T08:30:11+00:00,station3,,0.0,1447.385,2949.392,0.0,192.58181818181816,1075.6,,0.0015406545454545453,0.0086048,vrf_leakage,compound_bgp_route_flap_06_vrf_leakage
2026-07-21T08:30:26+00:00,station1,451.0,0.0,0.0,826.636,90.0,322140.693467154,6641132.875143184,0.0,2.577125547737232,53.129063001145475,vrf_leakage,compound_bgp_route_flap_06_vrf_leakage
2026-07-21T08:30:26+00:00,station2,,0.0,0.0,826.839,90.0,8874201.272727272,432983.0363636363,0.0,70.99361018181817,3.4638642909090906,vrf_leakage,compound_bgp_route_flap_06_vrf_leakage
2026-07-21T08:30:26+00:00,station3,,0.0,0.0,822.987,90.0,228.58181818181816,1289.4,,0.0018286545454545453,0.0103152,vrf_leakage,compound_bgp_route_flap_06_vrf_leakage
