[t+0s] pipeline feed ready — waiting for fault inject
[t+0s] pipeline feed ready — waiting for fault inject
[t+0s] pipeline feed ready — waiting for fault inject
[t+0s] pipeline feed ready — waiting for fault inject
[t+0s] pipeline feed ready — waiting for fault inject
[t+0s] pipeline feed ready — waiting for fault inject
[t+0s] pipeline feed ready — waiting for fault inject
[t+0s] pipeline feed ready — waiting for fault inject
[t+0s] pipeline feed ready — waiting for fault inject
[t+0s] pipeline feed ready — waiting for fault inject
[t+0s] pipeline feed ready — waiting for fault inject
[t+0s] SMOKE: inject rain_fade --host station1 (demo)
[t+0s] pipeline feed ready — waiting for fault inject
[t+0s] pipeline feed ready — waiting for fault inject
[t+0s] pipeline feed ready — waiting for fault inject
[t+0s] pipeline feed ready — waiting for fault inject
[t+0s] pipeline feed ready — waiting for fault inject
[t+0s] pipeline feed ready — waiting for fault inject
[t+0s] pipeline feed ready — waiting for fault inject
[t+0s] pipeline feed ready — waiting for fault inject
[t+0s] pipeline feed ready — waiting for fault inject
[t+0s] pipeline feed ready — waiting for fault inject
[t+0s] pipeline feed ready — waiting for fault inject
[t+0s] pipeline feed ready — waiting for fault inject
[t+0s] pipeline feed ready — waiting for fault inject
[t+0s] pipeline feed ready — waiting for fault inject
[t+0s] pipeline feed ready — waiting for fault inject
[t+0s] pipeline feed ready — waiting for fault inject
[t+0s] pipeline feed ready — waiting for fault inject
[t+0s] pipeline feed ready — waiting for fault inject
[t+0s] pipeline feed ready — waiting for fault inject
[t+0s] pipeline feed ready — waiting for fault inject
[t+0s] pipeline feed ready — waiting for fault inject
[t+0s] pipeline feed ready — waiting for fault inject
[t+0s] pipeline feed ready — waiting for fault inject
[t+0s] pipeline feed ready — waiting for fault inject
[t+0s] pipeline feed ready — waiting for fault inject
[t+0s] pipeline feed ready — waiting for fault inject
[t+0s] pipeline feed ready — waiting for fault inject
[t+0s] pipeline feed ready — waiting for fault inject
[t+3s] auto-collapse — healthy (smoke)
[t+0s] pipeline feed ready — waiting for fault inject
[t+0s] pipeline feed ready — waiting for fault inject
[t+0s] pipeline feed ready — waiting for fault inject
[t+0s] pipeline feed ready — waiting for fault inject
[t+0s] pipeline feed ready — waiting for fault inject
[t+0s] pipeline feed ready — waiting for fault inject
[t+0s] pipeline feed ready — waiting for fault inject
[t+0s] pipeline feed ready — waiting for fault inject
[t+0s] pipeline feed ready — waiting for fault inject
[t+0s] pipeline feed ready — waiting for fault inject
[t+0s] pipeline feed ready — waiting for fault inject
[t+0s] pipeline feed ready — waiting for fault inject
[t+0s] pipeline feed ready — waiting for fault inject
[t+0s] pipeline feed ready — waiting for fault inject
[t+0s] pipeline feed ready — waiting for fault inject
[t+0s] pipeline feed ready — waiting for fault inject
[t+0s] pipeline feed ready — waiting for fault inject
[t+0s] pipeline feed ready — waiting for fault inject
[t+0s] pipeline feed ready — waiting for fault inject
[t+0s] pipeline feed ready — waiting for fault inject
[t+0s] pipeline feed ready — waiting for fault inject
[t+0s] pipeline feed ready — waiting for fault inject
[t+0s] pipeline feed ready — waiting for fault inject
[t+0s] pipeline feed ready — waiting for fault inject
[t+0s] pipeline feed ready — waiting for fault inject
[t+0s] pipeline feed ready — waiting for fault inject
[t+0s] pipeline feed ready — waiting for fault inject
[t+0s] pipeline feed ready — waiting for fault inject
[t+0s] pipeline feed ready — waiting for fault inject
[t+192s] inject loss_progression (Loss ramp) cmd=bash scripts/inject_loss_progression.sh --host station1 --steps 5…
[t+0s] pipeline feed ready — waiting for fault inject
[t+0s] pipeline feed ready — waiting for fault inject
[t+0s] pipeline feed ready — waiting for fault inject
[t+0s] pipeline feed ready — waiting for fault inject
[t+0s] pipeline feed ready — waiting for fault inject
[t+0s] pipeline feed ready — waiting for fault inject
[t+0s] pipeline feed ready — waiting for fault inject
[t+235s] seeded Decide alert#208198 class=tunnel_degradation
[t+0s] pipeline feed ready — waiting for fault inject
[t+0s] pipeline feed ready — waiting for fault inject
[t+252s] Loss progression on station1/gre-te-core: 0→3.5% over 60s
[t+252s] [01:03:04] step 0/5 loss 0.000%
[t+252s] [01:03:16] step 1/5 loss 0.875%
[t+252s] [01:03:28] step 2/5 loss 1.750%
[t+252s] [01:03:40] step 3/5 loss 2.625%
[t+252s] [01:03:52] step 4/5 loss 3.500%
[t+252s] [01:04:04] left netem loss=3.5% on gre-te-core (use --clear to remove)
[t+252s] qdisc netem 8012: root refcnt 2 limit 1000 loss 3.5%
[t+252s] inject finished: loss_progression
[t+0s] pipeline feed ready — waiting for fault inject
[t+263s] auto-collapse — healthy (auto_collapse)
[t+0s] pipeline feed ready — waiting for fault inject
[t+0s] pipeline feed ready — waiting for fault inject
[t+0s] pipeline feed ready — waiting for fault inject
[t+0s] pipeline feed ready — waiting for fault inject
[t+0s] pipeline feed ready — waiting for fault inject
[t+0s] pipeline feed ready — waiting for fault inject
[t+0s] pipeline feed ready — waiting for fault inject
[t+0s] pipeline feed ready — waiting for fault inject
[t+0s] pipeline feed ready — waiting for fault inject
[t+31s] auto-collapse — healthy (operator_clear)
[t+0s] pipeline feed ready — waiting for fault inject
[t+0s] pipeline feed ready — waiting for fault inject
[t+0s] pipeline feed ready — waiting for fault inject
[t+0s] pipeline feed ready — waiting for fault inject
[t+0s] pipeline feed ready — waiting for fault inject
[t+0s] pipeline feed ready — waiting for fault inject
[t+24s] auto-collapse — healthy (operator_clear)
[t+0s] pipeline feed ready — waiting for fault inject
[t+0s] pipeline feed ready — waiting for fault inject
[t+0s] pipeline feed ready — waiting for fault inject
[t+47s] inject rain_fade (Rain fade) cmd=bash scripts/inject_rain_fade.sh --host station1 --steps 8…
[t+0s] pipeline feed ready — waiting for fault inject
[t+0s] pipeline feed ready — waiting for fault inject
[t+0s] pipeline feed ready — waiting for fault inject
[t+0s] pipeline feed ready — waiting for fault inject
[t+0s] pipeline feed ready — waiting for fault inject
[t+0s] pipeline feed ready — waiting for fault inject
[t+0s] pipeline feed ready — waiting for fault inject
[t+87s] seeded Decide alert#208199 class=tunnel_degradation
[t+0s] pipeline feed ready — waiting for fault inject
[t+0s] pipeline feed ready — waiting for fault inject
[t+0s] pipeline feed ready — waiting for fault inject
[t+111s] [01:16:26] delay=16ms
[t+111s] [01:16:34] delay=22ms
[t+111s] [01:16:42] delay=27ms
[t+111s] [01:16:50] delay=33ms
[t+111s] [01:16:58] delay=39ms
[t+111s] [01:17:06] delay=45ms
[t+111s] Fade complete — netem left at 45ms. Clear with: scripts/inject_rain_fade.sh --clear --host station1
[t+111s] qdisc netem 8013: root refcnt 2 limit 1000 delay 45ms  5ms
[t+111s] inject finished: rain_fade
[t+0s] pipeline feed ready — waiting for fault inject
[t+0s] pipeline feed ready — waiting for fault inject
[t+122s] auto-collapse — healthy (auto_collapse)
[t+0s] pipeline feed ready — waiting for fault inject
[t+0s] pipeline feed ready — waiting for fault inject
[t+0s] pipeline feed ready — waiting for fault inject
[t+0s] pipeline feed ready — waiting for fault inject
[t+0s] pipeline feed ready — waiting for fault inject
[t+0s] pipeline feed ready — waiting for fault inject
[t+0s] pipeline feed ready — waiting for fault inject
[t+0s] pipeline feed ready — waiting for fault inject
[t+0s] pipeline feed ready — waiting for fault inject
[t+0s] pipeline feed ready — waiting for fault inject
[t+0s] pipeline feed ready — waiting for fault inject
[t+0s] pipeline feed ready — waiting for fault inject
[t+0s] pipeline feed ready — waiting for fault inject
[t+0s] pipeline feed ready — waiting for fault inject
[t+0s] pipeline feed ready — waiting for fault inject
[t+0s] pipeline feed ready — waiting for fault inject
[t+0s] pipeline feed ready — waiting for fault inject
[t+0s] pipeline feed ready — waiting for fault inject
[t+0s] pipeline feed ready — waiting for fault inject
[t+0s] pipeline feed ready — waiting for fault inject
[t+0s] pipeline feed ready — waiting for fault inject
[t+0s] pipeline feed ready — waiting for fault inject
[t+0s] pipeline feed ready — waiting for fault inject
[t+0s] pipeline feed ready — waiting for fault inject
[t+0s] pipeline feed ready — waiting for fault inject
[t+0s] pipeline feed ready — waiting for fault inject
[t+0s] pipeline feed ready — waiting for fault inject
[t+0s] pipeline feed ready — waiting for fault inject
[t+0s] pipeline feed ready — waiting for fault inject
[t+0s] pipeline feed ready — waiting for fault inject
[t+0s] pipeline feed ready — waiting for fault inject
[t+0s] pipeline feed ready — waiting for fault inject
[t+0s] pipeline feed ready — waiting for fault inject
[t+0s] pipeline feed ready — waiting for fault inject
[t+0s] pipeline feed ready — waiting for fault inject
[t+0s] pipeline feed ready — waiting for fault inject
[t+0s] pipeline feed ready — waiting for fault inject
[t+0s] pipeline feed ready — waiting for fault inject
[t+0s] pipeline feed ready — waiting for fault inject
[t+0s] pipeline feed ready — waiting for fault inject
[t+0s] pipeline feed ready — waiting for fault inject
[t+0s] pipeline feed ready — waiting for fault inject
[t+0s] pipeline feed ready — waiting for fault inject
[t+0s] pipeline feed ready — waiting for fault inject
[t+0s] pipeline feed ready — waiting for fault inject
[t+0s] pipeline feed ready — waiting for fault inject
[t+0s] pipeline feed ready — waiting for fault inject
[t+0s] pipeline feed ready — waiting for fault inject
[t+0s] pipeline feed ready — waiting for fault inject
[t+0s] pipeline feed ready — waiting for fault inject
[t+0s] pipeline feed ready — waiting for fault inject
[t+0s] pipeline feed ready — waiting for fault inject
[t+0s] pipeline feed ready — waiting for fault inject
[t+0s] pipeline feed ready — waiting for fault inject
[t+0s] pipeline feed ready — waiting for fault inject
[t+0s] pipeline feed ready — waiting for fault inject
[t+0s] pipeline feed ready — waiting for fault inject
[t+0s] pipeline feed ready — waiting for fault inject
[t+0s] pipeline feed ready — waiting for fault inject
[t+0s] pipeline feed ready — waiting for fault inject
[t+0s] pipeline feed ready — waiting for fault inject
[t+0s] pipeline feed ready — waiting for fault inject
[t+0s] pipeline feed ready — waiting for fault inject
[t+0s] pipeline feed ready — waiting for fault inject
[t+0s] pipeline feed ready — waiting for fault inject
[t+0s] pipeline feed ready — waiting for fault inject
[t+0s] pipeline feed ready — waiting for fault inject
[t+0s] pipeline feed ready — waiting for fault inject
[t+0s] pipeline feed ready — waiting for fault inject
[t+0s] pipeline feed ready — waiting for fault inject
[t+0s] pipeline feed ready — waiting for fault inject
[t+0s] pipeline feed ready — waiting for fault inject
[t+0s] pipeline feed ready — waiting for fault inject
[t+0s] pipeline feed ready — waiting for fault inject
[t+0s] pipeline feed ready — waiting for fault inject
[t+0s] pipeline feed ready — waiting for fault inject
[t+0s] pipeline feed ready — waiting for fault inject
[t+0s] pipeline feed ready — waiting for fault inject
[t+0s] pipeline feed ready — waiting for fault inject
[t+0s] pipeline feed ready — waiting for fault inject
[t+0s] pipeline feed ready — waiting for fault inject
[t+0s] pipeline feed ready — waiting for fault inject
[t+0s] pipeline feed ready — waiting for fault inject
[t+0s] pipeline feed ready — waiting for fault inject
[t+0s] pipeline feed ready — waiting for fault inject
[t+0s] pipeline feed ready — waiting for fault inject
[t+50s] inject bgp_flap (BGP flap) cmd=bash scripts/inject_bgp_flap.sh --host station1 --cycles 18…
[t+0s] pipeline feed ready — waiting for fault inject
[t+0s] pipeline feed ready — waiting for fault inject
[t+0s] pipeline feed ready — waiting for fault inject
[t+0s] pipeline feed ready — waiting for fault inject
[t+79s] seeded Decide alert#208200 class=bgp_route_flap
[t+0s] pipeline feed ready — waiting for fault inject
[t+0s] pipeline feed ready — waiting for fault inject
[t+0s] pipeline feed ready — waiting for fault inject
[t+0s] pipeline feed ready — waiting for fault inject
[t+0s] pipeline feed ready — waiting for fault inject
[t+0s] pipeline feed ready — waiting for fault inject
[t+0s] pipeline feed ready — waiting for fault inject
[t+0s] pipeline feed ready — waiting for fault inject
[t+0s] pipeline feed ready — waiting for fault inject
[t+0s] pipeline feed ready — waiting for fault inject
[t+0s] pipeline feed ready — waiting for fault inject
[t+0s] pipeline feed ready — waiting for fault inject
[t+172s] steered — inject cleared (steered)
[t+0s] pipeline feed ready — waiting for fault inject
[t+175s] steered — inject cleared (steered)
[t+0s] pipeline feed ready — waiting for fault inject
[t+0s] pipeline feed ready — waiting for fault inject
[t+0s] pipeline feed ready — waiting for fault inject
[t+0s] pipeline feed ready — waiting for fault inject
[t+0s] pipeline feed ready — waiting for fault inject
[t+0s] pipeline feed ready — waiting for fault inject
[t+0s] pipeline feed ready — waiting for fault inject
[t+0s] pipeline feed ready — waiting for fault inject
[t+0s] pipeline feed ready — waiting for fault inject
[t+0s] pipeline feed ready — waiting for fault inject
[t+0s] pipeline feed ready — waiting for fault inject
[t+0s] pipeline feed ready — waiting for fault inject
[t+0s] pipeline feed ready — waiting for fault inject
[t+0s] pipeline feed ready — waiting for fault inject
[t+0s] pipeline feed ready — waiting for fault inject
[t+281s] [01:36:12] hold flap 6 clear bgp 10.1.3.1 soft
[t+281s] [01:36:24] hold flap 7 clear bgp 10.1.3.1 soft
[t+281s] [01:36:36] hold flap 8 clear bgp 10.1.3.1 soft
[t+281s] [01:36:48] hold flap 9 clear bgp 10.1.3.1 soft
[t+281s] [01:37:00] hold flap 10 clear bgp 10.1.3.1 soft
[t+281s] [01:37:12] flap campaign complete
[t+281s] gre-te-core@NONE UNKNOWN        192.168.50.10 <POINTOPOINT,NOARP,UP,LOWER_UP>
[t+281s] [01:37:12] restored gre-te-core UP
[t+0s] pipeline feed ready — waiting for fault inject
[t+0s] pipeline feed ready — waiting for fault inject
[t+0s] pipeline feed ready — waiting for fault inject
[t+0s] pipeline feed ready — waiting for fault inject
[t+0s] pipeline feed ready — waiting for fault inject
[t+0s] pipeline feed ready — waiting for fault inject
[t+0s] pipeline feed ready — waiting for fault inject
[t+0s] pipeline feed ready — waiting for fault inject
[t+0s] pipeline feed ready — waiting for fault inject
[t+174s] inject ce_sla_conflict (CE SLA conflict) cmd=bash scripts/inject_ce_sla_conflict.sh --host station1 --force-clear --steps…
[t+199s] auto-collapse — healthy (operator_clear)
[t+214s] inject loss_progression (Loss ramp) cmd=bash scripts/inject_loss_progression.sh --host station1 --steps 24…
[t+286s] model-seeded Decide alert#208202 class=tunnel_degradation sev=4B
[t+296s] CE SLA conflict mode=continuous rogue=ce-mauritius →20Mbit :5006; victim=ce-a TT&C 1M hold=120s [CAPTURE_CONTRACT]
[t+296s] [01:57:22] start victim TT&C 1M + rogue plateau 20Mbit for 120s
[t+296s] [01:59:22] CE SLA continuous plateau complete
[t+296s] iperf3: error - unable to send control message: Bad file descriptor
[t+296s] [01:59:23] CE SLA continuous cleared
[t+440s] steered — inject cleared (steered)
[t+442s] steered — inject cleared (steered)
[t+527s] [02:00:34] step 19/24 loss 2.891%
[t+527s] [02:00:42] step 20/24 loss 3.043%
[t+527s] [02:00:50] step 21/24 loss 3.196%
[t+527s] [02:00:58] step 22/24 loss 3.348%
[t+527s] [02:01:06] step 23/24 loss 3.500%
[t+527s] [02:01:14] ramp done — holding loss=3.5% for 120s (Approve window)
[t+527s] [02:03:14] left netem loss=3.5% on gre-te-core (use --clear to remove)
[t+527s] qdisc noqueue 0: root refcnt 2
[t+0s] pipeline feed ready — waiting for fault inject
[t+182s] inject bgp_flap (BGP flap) cmd=bash scripts/inject_bgp_flap.sh --host station1 --cycles 18…
[t+220s] auto-collapse — healthy (operator_clear)
[t+227s] model-seeded Decide alert#208203 class=bgp_route_flap sev=3A
[t+0s] pipeline feed ready — waiting for fault inject
[t+0s] pipeline feed ready — waiting for fault inject
[t+9s] inject bgp_flap (BGP flap) cmd=bash scripts/inject_bgp_flap.sh --host station1 --cycles 18…
[t+0s] pipeline feed ready — waiting for fault inject
[t+0s] pipeline feed ready — waiting for fault inject
[t+0s] pipeline feed ready — waiting for fault inject
[t+0s] pipeline feed ready — waiting for fault inject
[t+0s] pipeline feed ready — waiting for fault inject
[t+0s] pipeline feed ready — waiting for fault inject
[t+0s] pipeline feed ready — waiting for fault inject
[t+55s] model-seeded Decide alert#208204 class=bgp_route_flap sev=3A
[t+0s] pipeline feed ready — waiting for fault inject
[t+0s] pipeline feed ready — waiting for fault inject
[t+0s] pipeline feed ready — waiting for fault inject
[t+0s] pipeline feed ready — waiting for fault inject
[t+0s] pipeline feed ready — waiting for fault inject
[t+0s] pipeline feed ready — waiting for fault inject
[t+0s] pipeline feed ready — waiting for fault inject
[t+0s] pipeline feed ready — waiting for fault inject
[t+115s] steered — inject cleared (steered)
[t+0s] pipeline feed ready — waiting for fault inject
[t+117s] steered — inject cleared (steered)
[t+0s] pipeline feed ready — waiting for fault inject
[t+0s] pipeline feed ready — waiting for fault inject
[t+0s] pipeline feed ready — waiting for fault inject
[t+0s] pipeline feed ready — waiting for fault inject
[t+0s] pipeline feed ready — waiting for fault inject
[t+0s] pipeline feed ready — waiting for fault inject
[t+0s] pipeline feed ready — waiting for fault inject
[t+0s] pipeline feed ready — waiting for fault inject
[t+0s] pipeline feed ready — waiting for fault inject
[t+0s] pipeline feed ready — waiting for fault inject
[t+0s] pipeline feed ready — waiting for fault inject
[t+0s] pipeline feed ready — waiting for fault inject
[t+0s] pipeline feed ready — waiting for fault inject
[t+0s] pipeline feed ready — waiting for fault inject
[t+0s] pipeline feed ready — waiting for fault inject
[t+0s] pipeline feed ready — waiting for fault inject
[t+241s] [02:10:24] hold flap 6 clear bgp 10.1.3.1 soft
[t+241s] [02:10:36] hold flap 7 clear bgp 10.1.3.1 soft
[t+241s] [02:10:48] hold flap 8 clear bgp 10.1.3.1 soft
[t+241s] [02:11:00] hold flap 9 clear bgp 10.1.3.1 soft
[t+241s] [02:11:13] hold flap 10 clear bgp 10.1.3.1 soft
[t+241s] [02:11:26] flap campaign complete
[t+241s] gre-te-core@NONE UNKNOWN        192.168.50.10 <POINTOPOINT,NOARP,UP,LOWER_UP>
[t+241s] [02:11:26] restored gre-te-core UP
[t+0s] pipeline feed ready — waiting for fault inject
[t+0s] pipeline feed ready — waiting for fault inject
[t+0s] pipeline feed ready — waiting for fault inject
[t+0s] pipeline feed ready — waiting for fault inject
[t+0s] pipeline feed ready — waiting for fault inject
[t+0s] pipeline feed ready — waiting for fault inject
[t+0s] pipeline feed ready — waiting for fault inject
[t+0s] pipeline feed ready — waiting for fault inject
[t+0s] pipeline feed ready — waiting for fault inject
[t+0s] pipeline feed ready — waiting for fault inject
[t+0s] pipeline feed ready — waiting for fault inject
[t+0s] pipeline feed ready — waiting for fault inject
[t+0s] pipeline feed ready — waiting for fault inject
[t+0s] pipeline feed ready — waiting for fault inject
[t+0s] pipeline feed ready — waiting for fault inject
[t+0s] pipeline feed ready — waiting for fault inject
[t+0s] pipeline feed ready — waiting for fault inject
[t+0s] pipeline feed ready — waiting for fault inject
[t+0s] pipeline feed ready — waiting for fault inject
[t+0s] pipeline feed ready — waiting for fault inject
[t+0s] pipeline feed ready — waiting for fault inject
[t+0s] pipeline feed ready — waiting for fault inject
[t+0s] pipeline feed ready — waiting for fault inject
[t+0s] pipeline feed ready — waiting for fault inject
[t+0s] pipeline feed ready — waiting for fault inject
[t+0s] pipeline feed ready — waiting for fault inject
[t+0s] pipeline feed ready — waiting for fault inject
[t+0s] pipeline feed ready — waiting for fault inject
[t+0s] pipeline feed ready — waiting for fault inject
[t+0s] pipeline feed ready — waiting for fault inject
[t+0s] pipeline feed ready — waiting for fault inject
[t+0s] pipeline feed ready — waiting for fault inject
[t+0s] pipeline feed ready — waiting for fault inject
[t+0s] pipeline feed ready — waiting for fault inject
[t+0s] pipeline feed ready — waiting for fault inject
[t+0s] pipeline feed ready — waiting for fault inject
[t+0s] pipeline feed ready — waiting for fault inject
[t+0s] pipeline feed ready — waiting for fault inject
[t+0s] pipeline feed ready — waiting for fault inject
[t+0s] pipeline feed ready — waiting for fault inject
[t+0s] pipeline feed ready — waiting for fault inject
[t+0s] pipeline feed ready — waiting for fault inject
[t+0s] pipeline feed ready — waiting for fault inject
[t+0s] pipeline feed ready — waiting for fault inject
[t+0s] pipeline feed ready — waiting for fault inject
[t+0s] pipeline feed ready — waiting for fault inject
[t+0s] pipeline feed ready — waiting for fault inject
[t+0s] pipeline feed ready — waiting for fault inject
[t+0s] pipeline feed ready — waiting for fault inject
[t+0s] pipeline feed ready — waiting for fault inject
[t+0s] pipeline feed ready — waiting for fault inject
[t+0s] pipeline feed ready — waiting for fault inject
[t+0s] pipeline feed ready — waiting for fault inject
[t+0s] pipeline feed ready — waiting for fault inject
[t+0s] pipeline feed ready — waiting for fault inject
[t+0s] pipeline feed ready — waiting for fault inject
[t+0s] pipeline feed ready — waiting for fault inject
[t+0s] pipeline feed ready — waiting for fault inject
[t+0s] pipeline feed ready — waiting for fault inject
[t+0s] pipeline feed ready — waiting for fault inject
[t+0s] pipeline feed ready — waiting for fault inject
[t+0s] pipeline feed ready — waiting for fault inject
[t+0s] pipeline feed ready — waiting for fault inject
[t+0s] pipeline feed ready — waiting for fault inject
[t+0s] pipeline feed ready — waiting for fault inject
[t+0s] pipeline feed ready — waiting for fault inject
[t+0s] pipeline feed ready — waiting for fault inject
[t+0s] pipeline feed ready — waiting for fault inject
[t+0s] pipeline feed ready — waiting for fault inject
[t+0s] pipeline feed ready — waiting for fault inject
[t+0s] pipeline feed ready — waiting for fault inject
[t+0s] pipeline feed ready — waiting for fault inject
[t+0s] pipeline feed ready — waiting for fault inject
[t+0s] pipeline feed ready — waiting for fault inject
[t+0s] pipeline feed ready — waiting for fault inject
[t+0s] pipeline feed ready — waiting for fault inject
[t+0s] pipeline feed ready — waiting for fault inject
[t+0s] pipeline feed ready — waiting for fault inject
[t+0s] pipeline feed ready — waiting for fault inject
[t+0s] pipeline feed ready — waiting for fault inject
[t+0s] pipeline feed ready — waiting for fault inject
[t+0s] pipeline feed ready — waiting for fault inject
[t+0s] pipeline feed ready — waiting for fault inject
[t+0s] pipeline feed ready — waiting for fault inject
[t+0s] pipeline feed ready — waiting for fault inject
[t+0s] pipeline feed ready — waiting for fault inject
[t+0s] pipeline feed ready — waiting for fault inject
[t+0s] pipeline feed ready — waiting for fault inject
[t+0s] pipeline feed ready — waiting for fault inject
[t+0s] pipeline feed ready — waiting for fault inject
[t+0s] pipeline feed ready — waiting for fault inject
[t+0s] pipeline feed ready — waiting for fault inject
[t+0s] pipeline feed ready — waiting for fault inject
[t+0s] pipeline feed ready — waiting for fault inject
[t+0s] pipeline feed ready — waiting for fault inject
[t+0s] pipeline feed ready — waiting for fault inject
[t+0s] pipeline feed ready — waiting for fault inject
[t+0s] pipeline feed ready — waiting for fault inject
[t+0s] pipeline feed ready — waiting for fault inject
[t+0s] pipeline feed ready — waiting for fault inject
[t+0s] pipeline feed ready — waiting for fault inject
[t+0s] pipeline feed ready — waiting for fault inject
[t+0s] pipeline feed ready — waiting for fault inject
[t+0s] pipeline feed ready — waiting for fault inject
[t+0s] pipeline feed ready — waiting for fault inject
[t+0s] pipeline feed ready — waiting for fault inject
[t+0s] pipeline feed ready — waiting for fault inject
[t+0s] pipeline feed ready — waiting for fault inject
[t+0s] pipeline feed ready — waiting for fault inject
[t+0s] pipeline feed ready — waiting for fault inject
[t+0s] pipeline feed ready — waiting for fault inject
[t+0s] pipeline feed ready — waiting for fault inject
[t+0s] pipeline feed ready — waiting for fault inject
[t+0s] pipeline feed ready — waiting for fault inject
[t+0s] pipeline feed ready — waiting for fault inject
[t+0s] pipeline feed ready — waiting for fault inject
[t+0s] pipeline feed ready — waiting for fault inject
[t+0s] pipeline feed ready — waiting for fault inject
[t+0s] pipeline feed ready — waiting for fault inject
[t+0s] pipeline feed ready — waiting for fault inject
[t+0s] pipeline feed ready — waiting for fault inject
[t+0s] pipeline feed ready — waiting for fault inject
[t+0s] pipeline feed ready — waiting for fault inject
[t+0s] pipeline feed ready — waiting for fault inject
[t+0s] pipeline feed ready — waiting for fault inject
[t+0s] pipeline feed ready — waiting for fault inject
[t+0s] pipeline feed ready — waiting for fault inject
[t+0s] pipeline feed ready — waiting for fault inject
[t+0s] pipeline feed ready — waiting for fault inject
[t+0s] pipeline feed ready — waiting for fault inject
[t+0s] pipeline feed ready — waiting for fault inject
[t+0s] pipeline feed ready — waiting for fault inject
[t+0s] pipeline feed ready — waiting for fault inject
[t+0s] pipeline feed ready — waiting for fault inject
[t+0s] pipeline feed ready — waiting for fault inject
[t+0s] pipeline feed ready — waiting for fault inject
[t+0s] pipeline feed ready — waiting for fault inject
[t+0s] pipeline feed ready — waiting for fault inject
[t+0s] pipeline feed ready — waiting for fault inject
[t+0s] pipeline feed ready — waiting for fault inject
[t+0s] pipeline feed ready — waiting for fault inject
[t+0s] pipeline feed ready — waiting for fault inject
[t+0s] pipeline feed ready — waiting for fault inject
[t+0s] pipeline feed ready — waiting for fault inject
[t+0s] pipeline feed ready — waiting for fault inject
[t+0s] pipeline feed ready — waiting for fault inject
[t+0s] pipeline feed ready — waiting for fault inject
[t+0s] pipeline feed ready — waiting for fault inject
[t+0s] pipeline feed ready — waiting for fault inject
[t+0s] pipeline feed ready — waiting for fault inject
[t+0s] pipeline feed ready — waiting for fault inject
[t+0s] pipeline feed ready — waiting for fault inject
[t+0s] pipeline feed ready — waiting for fault inject
[t+0s] pipeline feed ready — waiting for fault inject
[t+0s] pipeline feed ready — waiting for fault inject
[t+0s] pipeline feed ready — waiting for fault inject
[t+0s] pipeline feed ready — waiting for fault inject
[t+0s] pipeline feed ready — waiting for fault inject
[t+0s] pipeline feed ready — waiting for fault inject
[t+0s] pipeline feed ready — waiting for fault inject
[t+0s] pipeline feed ready — waiting for fault inject
[t+0s] pipeline feed ready — waiting for fault inject
[t+0s] pipeline feed ready — waiting for fault inject
[t+0s] pipeline feed ready — waiting for fault inject
[t+0s] pipeline feed ready — waiting for fault inject
[t+0s] pipeline feed ready — waiting for fault inject
[t+0s] pipeline feed ready — waiting for fault inject
[t+0s] pipeline feed ready — waiting for fault inject
[t+0s] pipeline feed ready — waiting for fault inject
[t+0s] pipeline feed ready — waiting for fault inject
[t+0s] pipeline feed ready — waiting for fault inject
[t+0s] pipeline feed ready — waiting for fault inject
[t+0s] pipeline feed ready — waiting for fault inject
[t+0s] pipeline feed ready — waiting for fault inject
[t+0s] pipeline feed ready — waiting for fault inject
[t+0s] pipeline feed ready — waiting for fault inject
[t+0s] pipeline feed ready — waiting for fault inject
[t+0s] pipeline feed ready — waiting for fault inject
[t+0s] pipeline feed ready — waiting for fault inject
[t+0s] pipeline feed ready — waiting for fault inject
[t+0s] pipeline feed ready — waiting for fault inject
[t+0s] pipeline feed ready — waiting for fault inject
[t+0s] pipeline feed ready — waiting for fault inject
[t+0s] pipeline feed ready — waiting for fault inject
[t+0s] pipeline feed ready — waiting for fault inject
[t+0s] pipeline feed ready — waiting for fault inject
[t+0s] pipeline feed ready — waiting for fault inject
[t+0s] pipeline feed ready — waiting for fault inject
[t+0s] pipeline feed ready — waiting for fault inject
[t+0s] pipeline feed ready — waiting for fault inject
[t+0s] pipeline feed ready — waiting for fault inject
[t+0s] pipeline feed ready — waiting for fault inject
[t+0s] pipeline feed ready — waiting for fault inject
[t+0s] pipeline feed ready — waiting for fault inject
[t+0s] pipeline feed ready — waiting for fault inject
[t+0s] pipeline feed ready — waiting for fault inject
[t+0s] pipeline feed ready — waiting for fault inject
[t+0s] pipeline feed ready — waiting for fault inject
[t+0s] pipeline feed ready — waiting for fault inject
[t+0s] pipeline feed ready — waiting for fault inject
[t+0s] pipeline feed ready — waiting for fault inject
[t+0s] pipeline feed ready — waiting for fault inject
[t+0s] pipeline feed ready — waiting for fault inject
[t+0s] pipeline feed ready — waiting for fault inject
[t+0s] pipeline feed ready — waiting for fault inject
[t+0s] pipeline feed ready — waiting for fault inject
[t+0s] pipeline feed ready — waiting for fault inject
[t+0s] pipeline feed ready — waiting for fault inject
[t+0s] pipeline feed ready — waiting for fault inject
[t+0s] pipeline feed ready — waiting for fault inject
[t+0s] pipeline feed ready — waiting for fault inject
[t+0s] pipeline feed ready — waiting for fault inject
[t+0s] pipeline feed ready — waiting for fault inject
[t+0s] pipeline feed ready — waiting for fault inject
[t+0s] pipeline feed ready — waiting for fault inject
[t+0s] pipeline feed ready — waiting for fault inject
[t+0s] pipeline feed ready — waiting for fault inject
[t+0s] pipeline feed ready — waiting for fault inject
[t+0s] pipeline feed ready — waiting for fault inject
[t+0s] pipeline feed ready — waiting for fault inject
[t+0s] pipeline feed ready — waiting for fault inject
[t+0s] pipeline feed ready — waiting for fault inject
[t+0s] pipeline feed ready — waiting for fault inject
[t+0s] pipeline feed ready — waiting for fault inject
[t+0s] pipeline feed ready — waiting for fault inject
[t+0s] pipeline feed ready — waiting for fault inject
[t+0s] pipeline feed ready — waiting for fault inject
[t+0s] pipeline feed ready — waiting for fault inject
[t+0s] pipeline feed ready — waiting for fault inject
[t+0s] pipeline feed ready — waiting for fault inject
[t+0s] pipeline feed ready — waiting for fault inject
[t+0s] pipeline feed ready — waiting for fault inject
[t+0s] pipeline feed ready — waiting for fault inject
[t+0s] pipeline feed ready — waiting for fault inject
[t+0s] pipeline feed ready — waiting for fault inject
[t+0s] pipeline feed ready — waiting for fault inject
[t+0s] pipeline feed ready — waiting for fault inject
[t+0s] pipeline feed ready — waiting for fault inject
[t+0s] pipeline feed ready — waiting for fault inject
[t+0s] pipeline feed ready — waiting for fault inject
[t+0s] pipeline feed ready — waiting for fault inject
[t+0s] pipeline feed ready — waiting for fault inject
[t+0s] pipeline feed ready — waiting for fault inject
[t+0s] pipeline feed ready — waiting for fault inject
[t+0s] pipeline feed ready — waiting for fault inject
[t+0s] pipeline feed ready — waiting for fault inject
[t+0s] pipeline feed ready — waiting for fault inject
[t+0s] pipeline feed ready — waiting for fault inject
[t+0s] pipeline feed ready — waiting for fault inject
[t+0s] pipeline feed ready — waiting for fault inject
[t+0s] pipeline feed ready — waiting for fault inject
[t+0s] pipeline feed ready — waiting for fault inject
[t+0s] pipeline feed ready — waiting for fault inject
[t+0s] pipeline feed ready — waiting for fault inject
[t+0s] pipeline feed ready — waiting for fault inject
[t+0s] pipeline feed ready — waiting for fault inject
[t+0s] pipeline feed ready — waiting for fault inject
[t+0s] pipeline feed ready — waiting for fault inject
[t+0s] pipeline feed ready — waiting for fault inject
[t+0s] pipeline feed ready — waiting for fault inject
[t+0s] pipeline feed ready — waiting for fault inject
[t+0s] pipeline feed ready — waiting for fault inject
[t+0s] pipeline feed ready — waiting for fault inject
[t+0s] pipeline feed ready — waiting for fault inject
[t+0s] pipeline feed ready — waiting for fault inject
[t+0s] pipeline feed ready — waiting for fault inject
[t+0s] pipeline feed ready — waiting for fault inject
[t+0s] pipeline feed ready — waiting for fault inject
[t+0s] pipeline feed ready — waiting for fault inject
[t+0s] pipeline feed ready — waiting for fault inject
[t+0s] pipeline feed ready — waiting for fault inject
[t+0s] pipeline feed ready — waiting for fault inject
[t+0s] pipeline feed ready — waiting for fault inject
[t+0s] pipeline feed ready — waiting for fault inject
[t+0s] pipeline feed ready — waiting for fault inject
[t+0s] pipeline feed ready — waiting for fault inject
[t+0s] pipeline feed ready — waiting for fault inject
[t+0s] pipeline feed ready — waiting for fault inject
[t+0s] pipeline feed ready — waiting for fault inject
[t+0s] pipeline feed ready — waiting for fault inject
[t+0s] pipeline feed ready — waiting for fault inject
[t+0s] pipeline feed ready — waiting for fault inject
[t+0s] pipeline feed ready — waiting for fault inject
[t+0s] pipeline feed ready — waiting for fault inject
[t+0s] pipeline feed ready — waiting for fault inject
[t+0s] pipeline feed ready — waiting for fault inject
[t+0s] pipeline feed ready — waiting for fault inject
[t+0s] pipeline feed ready — waiting for fault inject
[t+0s] pipeline feed ready — waiting for fault inject
[t+0s] pipeline feed ready — waiting for fault inject
[t+0s] pipeline feed ready — waiting for fault inject
[t+0s] pipeline feed ready — waiting for fault inject
[t+0s] pipeline feed ready — waiting for fault inject
[t+0s] pipeline feed ready — waiting for fault inject
[t+0s] pipeline feed ready — waiting for fault inject
[t+0s] pipeline feed ready — waiting for fault inject
[t+0s] pipeline feed ready — waiting for fault inject
[t+0s] pipeline feed ready — waiting for fault inject
[t+0s] pipeline feed ready — waiting for fault inject
[t+0s] pipeline feed ready — waiting for fault inject
[t+0s] pipeline feed ready — waiting for fault inject
[t+0s] pipeline feed ready — waiting for fault inject
[t+0s] pipeline feed ready — waiting for fault inject
[t+0s] pipeline feed ready — waiting for fault inject
[t+0s] pipeline feed ready — waiting for fault inject
[t+0s] pipeline feed ready — waiting for fault inject
[t+0s] pipeline feed ready — waiting for fault inject
[t+0s] pipeline feed ready — waiting for fault inject
[t+0s] pipeline feed ready — waiting for fault inject
[t+0s] pipeline feed ready — waiting for fault inject
[t+0s] pipeline feed ready — waiting for fault inject
[t+0s] pipeline feed ready — waiting for fault inject
[t+0s] pipeline feed ready — waiting for fault inject
[t+0s] pipeline feed ready — waiting for fault inject
[t+0s] pipeline feed ready — waiting for fault inject
[t+0s] pipeline feed ready — waiting for fault inject
[t+0s] pipeline feed ready — waiting for fault inject
[t+0s] pipeline feed ready — waiting for fault inject
[t+0s] pipeline feed ready — waiting for fault inject
[t+0s] pipeline feed ready — waiting for fault inject
[t+0s] pipeline feed ready — waiting for fault inject
[t+0s] pipeline feed ready — waiting for fault inject
[t+0s] pipeline feed ready — waiting for fault inject
[t+0s] pipeline feed ready — waiting for fault inject
[t+0s] pipeline feed ready — waiting for fault inject
[t+0s] pipeline feed ready — waiting for fault inject
[t+0s] pipeline feed ready — waiting for fault inject
[t+0s] pipeline feed ready — waiting for fault inject
[t+0s] pipeline feed ready — waiting for fault inject
[t+0s] pipeline feed ready — waiting for fault inject
[t+0s] pipeline feed ready — waiting for fault inject
[t+0s] pipeline feed ready — waiting for fault inject
[t+0s] pipeline feed ready — waiting for fault inject
[t+0s] pipeline feed ready — waiting for fault inject
[t+0s] pipeline feed ready — waiting for fault inject
[t+0s] pipeline feed ready — waiting for fault inject
[t+0s] pipeline feed ready — waiting for fault inject
[t+0s] pipeline feed ready — waiting for fault inject
[t+0s] pipeline feed ready — waiting for fault inject
[t+0s] pipeline feed ready — waiting for fault inject
[t+0s] pipeline feed ready — waiting for fault inject
[t+0s] pipeline feed ready — waiting for fault inject
[t+0s] pipeline feed ready — waiting for fault inject
[t+0s] pipeline feed ready — waiting for fault inject
[t+0s] pipeline feed ready — waiting for fault inject
[t+0s] pipeline feed ready — waiting for fault inject
[t+0s] pipeline feed ready — waiting for fault inject
[t+0s] pipeline feed ready — waiting for fault inject
[t+0s] pipeline feed ready — waiting for fault inject
[t+0s] pipeline feed ready — waiting for fault inject
[t+0s] pipeline feed ready — waiting for fault inject
[t+0s] pipeline feed ready — waiting for fault inject
[t+0s] pipeline feed ready — waiting for fault inject
[t+0s] pipeline feed ready — waiting for fault inject
[t+0s] pipeline feed ready — waiting for fault inject
[t+0s] pipeline feed ready — waiting for fault inject
[t+0s] pipeline feed ready — waiting for fault inject
[t+0s] pipeline feed ready — waiting for fault inject
[t+0s] pipeline feed ready — waiting for fault inject
[t+0s] pipeline feed ready — waiting for fault inject
[t+0s] pipeline feed ready — waiting for fault inject
[t+0s] pipeline feed ready — waiting for fault inject
[t+0s] pipeline feed ready — waiting for fault inject
[t+0s] pipeline feed ready — waiting for fault inject
[t+0s] pipeline feed ready — waiting for fault inject
[t+0s] pipeline feed ready — waiting for fault inject
[t+0s] pipeline feed ready — waiting for fault inject
[t+0s] pipeline feed ready — waiting for fault inject
[t+0s] pipeline feed ready — waiting for fault inject
[t+0s] pipeline feed ready — waiting for fault inject
[t+0s] pipeline feed ready — waiting for fault inject
[t+0s] pipeline feed ready — waiting for fault inject
[t+0s] pipeline feed ready — waiting for fault inject
[t+0s] pipeline feed ready — waiting for fault inject
[t+0s] pipeline feed ready — waiting for fault inject
[t+0s] pipeline feed ready — waiting for fault inject
[t+0s] pipeline feed ready — waiting for fault inject
[t+0s] pipeline feed ready — waiting for fault inject
[t+0s] pipeline feed ready — waiting for fault inject
[t+0s] pipeline feed ready — waiting for fault inject
[t+0s] pipeline feed ready — waiting for fault inject
[t+0s] pipeline feed ready — waiting for fault inject
[t+0s] pipeline feed ready — waiting for fault inject
[t+0s] pipeline feed ready — waiting for fault inject
[t+0s] pipeline feed ready — waiting for fault inject
[t+0s] pipeline feed ready — waiting for fault inject
[t+0s] pipeline feed ready — waiting for fault inject
[t+0s] pipeline feed ready — waiting for fault inject
[t+0s] pipeline feed ready — waiting for fault inject
[t+0s] pipeline feed ready — waiting for fault inject
[t+0s] pipeline feed ready — waiting for fault inject
[t+0s] pipeline feed ready — waiting for fault inject
[t+0s] pipeline feed ready — waiting for fault inject
[t+0s] pipeline feed ready — waiting for fault inject
[t+0s] pipeline feed ready — waiting for fault inject
[t+0s] pipeline feed ready — waiting for fault inject
[t+0s] pipeline feed ready — waiting for fault inject
[t+0s] pipeline feed ready — waiting for fault inject
[t+0s] pipeline feed ready — waiting for fault inject
[t+0s] pipeline feed ready — waiting for fault inject
[t+0s] pipeline feed ready — waiting for fault inject
[t+0s] pipeline feed ready — waiting for fault inject
[t+0s] pipeline feed ready — waiting for fault inject
[t+0s] pipeline feed ready — waiting for fault inject
[t+0s] pipeline feed ready — waiting for fault inject
[t+0s] pipeline feed ready — waiting for fault inject
[t+0s] pipeline feed ready — waiting for fault inject
[t+0s] pipeline feed ready — waiting for fault inject
[t+0s] pipeline feed ready — waiting for fault inject
[t+0s] pipeline feed ready — waiting for fault inject
[t+0s] pipeline feed ready — waiting for fault inject
[t+0s] pipeline feed ready — waiting for fault inject
[t+0s] pipeline feed ready — waiting for fault inject
[t+0s] pipeline feed ready — waiting for fault inject
[t+0s] pipeline feed ready — waiting for fault inject
[t+0s] pipeline feed ready — waiting for fault inject
[t+0s] pipeline feed ready — waiting for fault inject
[t+0s] pipeline feed ready — waiting for fault inject
[t+0s] pipeline feed ready — waiting for fault inject
[t+0s] pipeline feed ready — waiting for fault inject
[t+0s] pipeline feed ready — waiting for fault inject
[t+0s] pipeline feed ready — waiting for fault inject
[t+0s] pipeline feed ready — waiting for fault inject
[t+0s] pipeline feed ready — waiting for fault inject
[t+0s] pipeline feed ready — waiting for fault inject
[t+0s] pipeline feed ready — waiting for fault inject
[t+0s] pipeline feed ready — waiting for fault inject
[t+0s] pipeline feed ready — waiting for fault inject
[t+0s] pipeline feed ready — waiting for fault inject
[t+0s] pipeline feed ready — waiting for fault inject
[t+0s] pipeline feed ready — waiting for fault inject
[t+0s] pipeline feed ready — waiting for fault inject
[t+0s] pipeline feed ready — waiting for fault inject
[t+0s] pipeline feed ready — waiting for fault inject
[t+0s] pipeline feed ready — waiting for fault inject
[t+0s] pipeline feed ready — waiting for fault inject
[t+0s] pipeline feed ready — waiting for fault inject
[t+0s] pipeline feed ready — waiting for fault inject
[t+0s] pipeline feed ready — waiting for fault inject
[t+0s] pipeline feed ready — waiting for fault inject
[t+0s] pipeline feed ready — waiting for fault inject
[t+0s] pipeline feed ready — waiting for fault inject
[t+0s] pipeline feed ready — waiting for fault inject
[t+0s] pipeline feed ready — waiting for fault inject
[t+0s] pipeline feed ready — waiting for fault inject
[t+0s] pipeline feed ready — waiting for fault inject
[t+0s] pipeline feed ready — waiting for fault inject
[t+0s] pipeline feed ready — waiting for fault inject
[t+0s] pipeline feed ready — waiting for fault inject
[t+0s] pipeline feed ready — waiting for fault inject
[t+0s] pipeline feed ready — waiting for fault inject
[t+0s] pipeline feed ready — waiting for fault inject
[t+0s] pipeline feed ready — waiting for fault inject
[t+0s] pipeline feed ready — waiting for fault inject
[t+0s] pipeline feed ready — waiting for fault inject
[t+0s] pipeline feed ready — waiting for fault inject
[t+0s] pipeline feed ready — waiting for fault inject
[t+0s] pipeline feed ready — waiting for fault inject
[t+0s] pipeline feed ready — waiting for fault inject
[t+0s] pipeline feed ready — waiting for fault inject
[t+0s] pipeline feed ready — waiting for fault inject
[t+0s] pipeline feed ready — waiting for fault inject
[t+0s] pipeline feed ready — waiting for fault inject
[t+0s] pipeline feed ready — waiting for fault inject
[t+0s] pipeline feed ready — waiting for fault inject
[t+0s] pipeline feed ready — waiting for fault inject
[t+0s] pipeline feed ready — waiting for fault inject
[t+0s] pipeline feed ready — waiting for fault inject
[t+0s] pipeline feed ready — waiting for fault inject
[t+0s] pipeline feed ready — waiting for fault inject
[t+0s] pipeline feed ready — waiting for fault inject
[t+0s] pipeline feed ready — waiting for fault inject
[t+0s] pipeline feed ready — waiting for fault inject
[t+0s] pipeline feed ready — waiting for fault inject
[t+0s] pipeline feed ready — waiting for fault inject
[t+0s] pipeline feed ready — waiting for fault inject
[t+0s] pipeline feed ready — waiting for fault inject
[t+0s] pipeline feed ready — waiting for fault inject
[t+0s] pipeline feed ready — waiting for fault inject
[t+0s] pipeline feed ready — waiting for fault inject
[t+0s] pipeline feed ready — waiting for fault inject
[t+0s] pipeline feed ready — waiting for fault inject
[t+0s] pipeline feed ready — waiting for fault inject
[t+0s] pipeline feed ready — waiting for fault inject
[t+0s] pipeline feed ready — waiting for fault inject
[t+0s] pipeline feed ready — waiting for fault inject
[t+0s] pipeline feed ready — waiting for fault inject
[t+0s] pipeline feed ready — waiting for fault inject
[t+0s] pipeline feed ready — waiting for fault inject
[t+0s] pipeline feed ready — waiting for fault inject
[t+0s] pipeline feed ready — waiting for fault inject
[t+0s] pipeline feed ready — waiting for fault inject
[t+0s] pipeline feed ready — waiting for fault inject
[t+0s] pipeline feed ready — waiting for fault inject
[t+0s] pipeline feed ready — waiting for fault inject
[t+0s] pipeline feed ready — waiting for fault inject
[t+0s] pipeline feed ready — waiting for fault inject
[t+0s] pipeline feed ready — waiting for fault inject
[t+0s] pipeline feed ready — waiting for fault inject
[t+0s] pipeline feed ready — waiting for fault inject
[t+0s] pipeline feed ready — waiting for fault inject
[t+0s] pipeline feed ready — waiting for fault inject
[t+0s] pipeline feed ready — waiting for fault inject
[t+0s] pipeline feed ready — waiting for fault inject
[t+3474s] inject rain_fade (Rain fade) cmd=bash scripts/inject_rain_fade.sh --host station1 --steps 24…
[t+0s] pipeline feed ready — waiting for fault inject
[t+0s] pipeline feed ready — waiting for fault inject
[t+0s] pipeline feed ready — waiting for fault inject
[t+0s] pipeline feed ready — waiting for fault inject
[t+0s] pipeline feed ready — waiting for fault inject
[t+0s] pipeline feed ready — waiting for fault inject
[t+0s] pipeline feed ready — waiting for fault inject
[t+0s] pipeline feed ready — waiting for fault inject
[t+0s] pipeline feed ready — waiting for fault inject
[t+0s] pipeline feed ready — waiting for fault inject
[t+0s] pipeline feed ready — waiting for fault inject
[t+0s] pipeline feed ready — waiting for fault inject
[t+0s] pipeline feed ready — waiting for fault inject
[t+0s] pipeline feed ready — waiting for fault inject
[t+0s] pipeline feed ready — waiting for fault inject
[t+3570s] model-seeded Decide alert#208205 class=congestion_breach sev=0
[t+0s] pipeline feed ready — waiting for fault inject
[t+0s] pipeline feed ready — waiting for fault inject
[t+0s] pipeline feed ready — waiting for fault inject
[t+0s] pipeline feed ready — waiting for fault inject
[t+0s] pipeline feed ready — waiting for fault inject
[t+0s] pipeline feed ready — waiting for fault inject
[t+0s] pipeline feed ready — waiting for fault inject
[t+0s] pipeline feed ready — waiting for fault inject
[t+0s] pipeline feed ready — waiting for fault inject
[t+0s] pipeline feed ready — waiting for fault inject
[t+0s] pipeline feed ready — waiting for fault inject
[t+3650s] steered — inject cleared (steered)
[t+3651s] [03:07:35] delay=41ms
[t+3651s] [03:07:43] delay=44ms
[t+3651s] [03:07:51] delay=46ms
[t+3651s] [03:07:59] delay=48ms
[t+3651s] [03:08:07] delay=50ms
[t+3651s] Interrupted — killing remote inject, restoring healthy on station1/gre-te-core
[t+3651s] Clearing netem on station1 gre-te-core (healthy)
[t+3651s] qdisc noqueue 0: root refcnt 2
[t+3653s] steered — inject cleared (steered)
[t+0s] pipeline feed ready — waiting for fault inject
[t+0s] pipeline feed ready — waiting for fault inject
[t+0s] pipeline feed ready — waiting for fault inject
[t+0s] pipeline feed ready — waiting for fault inject
[t+0s] pipeline feed ready — waiting for fault inject
[t+0s] pipeline feed ready — waiting for fault inject
[t+0s] pipeline feed ready — waiting for fault inject
[t+0s] pipeline feed ready — waiting for fault inject
[t+0s] pipeline feed ready — waiting for fault inject
[t+0s] pipeline feed ready — waiting for fault inject
[t+0s] pipeline feed ready — waiting for fault inject
[t+0s] pipeline feed ready — waiting for fault inject
[t+0s] pipeline feed ready — waiting for fault inject
[t+0s] pipeline feed ready — waiting for fault inject
[t+0s] pipeline feed ready — waiting for fault inject
[t+0s] pipeline feed ready — waiting for fault inject
[t+0s] pipeline feed ready — waiting for fault inject
[t+0s] pipeline feed ready — waiting for fault inject
[t+0s] pipeline feed ready — waiting for fault inject
[t+0s] pipeline feed ready — waiting for fault inject
[t+0s] pipeline feed ready — waiting for fault inject
[t+0s] pipeline feed ready — waiting for fault inject
[t+0s] pipeline feed ready — waiting for fault inject
[t+0s] pipeline feed ready — waiting for fault inject
[t+0s] pipeline feed ready — waiting for fault inject
[t+0s] pipeline feed ready — waiting for fault inject
[t+0s] pipeline feed ready — waiting for fault inject
[t+0s] pipeline feed ready — waiting for fault inject
[t+0s] pipeline feed ready — waiting for fault inject
[t+0s] pipeline feed ready — waiting for fault inject
[t+0s] pipeline feed ready — waiting for fault inject
[t+0s] pipeline feed ready — waiting for fault inject
[t+0s] pipeline feed ready — waiting for fault inject
[t+0s] pipeline feed ready — waiting for fault inject
[t+0s] pipeline feed ready — waiting for fault inject
[t+0s] pipeline feed ready — waiting for fault inject
[t+0s] pipeline feed ready — waiting for fault inject
[t+0s] pipeline feed ready — waiting for fault inject
[t+0s] pipeline feed ready — waiting for fault inject
[t+0s] pipeline feed ready — waiting for fault inject
[t+0s] pipeline feed ready — waiting for fault inject
[t+0s] pipeline feed ready — waiting for fault inject
[t+0s] pipeline feed ready — waiting for fault inject
[t+0s] pipeline feed ready — waiting for fault inject
[t+0s] pipeline feed ready — waiting for fault inject
[t+0s] pipeline feed ready — waiting for fault inject
[t+0s] pipeline feed ready — waiting for fault inject
[t+0s] pipeline feed ready — waiting for fault inject
[t+0s] pipeline feed ready — waiting for fault inject
[t+4008s] inject loss_progression (Loss ramp) cmd=bash scripts/inject_loss_progression.sh --host station1 --steps 24…
[t+0s] pipeline feed ready — waiting for fault inject
[t+0s] pipeline feed ready — waiting for fault inject
[t+0s] pipeline feed ready — waiting for fault inject
[t+0s] pipeline feed ready — waiting for fault inject
[t+0s] pipeline feed ready — waiting for fault inject
[t+0s] pipeline feed ready — waiting for fault inject
[t+0s] pipeline feed ready — waiting for fault inject
[t+0s] pipeline feed ready — waiting for fault inject
[t+0s] pipeline feed ready — waiting for fault inject
[t+0s] pipeline feed ready — waiting for fault inject
[t+0s] pipeline feed ready — waiting for fault inject
[t+0s] pipeline feed ready — waiting for fault inject
[t+4081s] model-seeded Decide alert#208207 class=tunnel_degradation sev=4B
[t+0s] pipeline feed ready — waiting for fault inject
[t+0s] pipeline feed ready — waiting for fault inject
[t+0s] pipeline feed ready — waiting for fault inject
[t+0s] pipeline feed ready — waiting for fault inject
[t+4117s] steered — inject cleared (steered)
[t+4118s] [03:15:24] step 9/24 loss 1.370%
[t+4118s] [03:15:33] step 10/24 loss 1.522%
[t+4118s] [03:15:41] step 11/24 loss 1.674%
[t+4118s] [03:15:49] step 12/24 loss 1.826%
[t+4118s] [03:15:57] step 13/24 loss 1.978%
[t+4118s] Interrupted — killing remote inject, restoring healthy on station1/gre-te-core
[t+4118s] Clearing netem on station1 gre-te-core (healthy)
[t+4118s] qdisc noqueue 0: root refcnt 2
[t+0s] pipeline feed ready — waiting for fault inject
[t+4120s] steered — inject cleared (steered)
[t+0s] pipeline feed ready — waiting for fault inject
[t+0s] pipeline feed ready — waiting for fault inject
[t+0s] pipeline feed ready — waiting for fault inject
[t+0s] pipeline feed ready — waiting for fault inject
[t+0s] pipeline feed ready — waiting for fault inject
[t+0s] pipeline feed ready — waiting for fault inject
[t+0s] pipeline feed ready — waiting for fault inject
[t+0s] pipeline feed ready — waiting for fault inject
[t+0s] pipeline feed ready — waiting for fault inject
[t+0s] pipeline feed ready — waiting for fault inject
[t+0s] pipeline feed ready — waiting for fault inject
[t+0s] pipeline feed ready — waiting for fault inject
[t+0s] pipeline feed ready — waiting for fault inject
[t+0s] pipeline feed ready — waiting for fault inject
[t+0s] pipeline feed ready — waiting for fault inject
[t+0s] pipeline feed ready — waiting for fault inject
[t+0s] pipeline feed ready — waiting for fault inject
[t+0s] pipeline feed ready — waiting for fault inject
[t+0s] pipeline feed ready — waiting for fault inject
[t+0s] pipeline feed ready — waiting for fault inject
[t+0s] pipeline feed ready — waiting for fault inject
[t+0s] pipeline feed ready — waiting for fault inject
[t+0s] pipeline feed ready — waiting for fault inject
[t+0s] pipeline feed ready — waiting for fault inject
[t+0s] pipeline feed ready — waiting for fault inject
[t+0s] pipeline feed ready — waiting for fault inject
[t+0s] pipeline feed ready — waiting for fault inject
[t+0s] pipeline feed ready — waiting for fault inject
[t+0s] pipeline feed ready — waiting for fault inject
[t+0s] pipeline feed ready — waiting for fault inject
[t+0s] pipeline feed ready — waiting for fault inject
[t+0s] pipeline feed ready — waiting for fault inject
[t+0s] pipeline feed ready — waiting for fault inject
[t+0s] pipeline feed ready — waiting for fault inject
[t+0s] pipeline feed ready — waiting for fault inject
[t+0s] pipeline feed ready — waiting for fault inject
[t+0s] pipeline feed ready — waiting for fault inject
[t+0s] pipeline feed ready — waiting for fault inject
[t+0s] pipeline feed ready — waiting for fault inject
[t+0s] pipeline feed ready — waiting for fault inject
[t+0s] pipeline feed ready — waiting for fault inject
[t+0s] pipeline feed ready — waiting for fault inject
[t+0s] pipeline feed ready — waiting for fault inject
[t+0s] pipeline feed ready — waiting for fault inject
[t+0s] pipeline feed ready — waiting for fault inject
[t+0s] pipeline feed ready — waiting for fault inject
[t+0s] pipeline feed ready — waiting for fault inject
[t+0s] pipeline feed ready — waiting for fault inject
[t+0s] pipeline feed ready — waiting for fault inject
[t+0s] pipeline feed ready — waiting for fault inject
[t+0s] pipeline feed ready — waiting for fault inject
[t+0s] pipeline feed ready — waiting for fault inject
[t+0s] pipeline feed ready — waiting for fault inject
[t+0s] pipeline feed ready — waiting for fault inject
[t+0s] pipeline feed ready — waiting for fault inject
[t+0s] pipeline feed ready — waiting for fault inject
[t+0s] pipeline feed ready — waiting for fault inject
[t+0s] pipeline feed ready — waiting for fault inject
[t+0s] pipeline feed ready — waiting for fault inject
[t+0s] pipeline feed ready — waiting for fault inject
[t+0s] pipeline feed ready — waiting for fault inject
[t+0s] pipeline feed ready — waiting for fault inject
[t+0s] pipeline feed ready — waiting for fault inject
[t+0s] pipeline feed ready — waiting for fault inject
[t+0s] pipeline feed ready — waiting for fault inject
[t+0s] pipeline feed ready — waiting for fault inject
[t+0s] pipeline feed ready — waiting for fault inject
[t+0s] pipeline feed ready — waiting for fault inject
[t+0s] pipeline feed ready — waiting for fault inject
[t+0s] pipeline feed ready — waiting for fault inject
[t+0s] pipeline feed ready — waiting for fault inject
[t+0s] pipeline feed ready — waiting for fault inject
[t+0s] pipeline feed ready — waiting for fault inject
[t+0s] pipeline feed ready — waiting for fault inject
[t+0s] pipeline feed ready — waiting for fault inject
[t+0s] pipeline feed ready — waiting for fault inject
[t+0s] pipeline feed ready — waiting for fault inject
[t+0s] pipeline feed ready — waiting for fault inject
[t+0s] pipeline feed ready — waiting for fault inject
[t+0s] pipeline feed ready — waiting for fault inject
[t+0s] pipeline feed ready — waiting for fault inject
[t+0s] pipeline feed ready — waiting for fault inject
[t+0s] pipeline feed ready — waiting for fault inject
[t+0s] pipeline feed ready — waiting for fault inject
[t+0s] pipeline feed ready — waiting for fault inject
[t+0s] pipeline feed ready — waiting for fault inject
[t+0s] pipeline feed ready — waiting for fault inject
[t+0s] pipeline feed ready — waiting for fault inject
[t+0s] pipeline feed ready — waiting for fault inject
[t+0s] pipeline feed ready — waiting for fault inject
[t+0s] pipeline feed ready — waiting for fault inject
[t+0s] pipeline feed ready — waiting for fault inject
[t+0s] pipeline feed ready — waiting for fault inject
[t+0s] pipeline feed ready — waiting for fault inject
[t+0s] pipeline feed ready — waiting for fault inject
[t+0s] pipeline feed ready — waiting for fault inject
[t+0s] pipeline feed ready — waiting for fault inject
[t+0s] pipeline feed ready — waiting for fault inject
[t+0s] pipeline feed ready — waiting for fault inject
[t+0s] pipeline feed ready — waiting for fault inject
[t+0s] pipeline feed ready — waiting for fault inject
[t+0s] pipeline feed ready — waiting for fault inject
[t+0s] pipeline feed ready — waiting for fault inject
[t+0s] pipeline feed ready — waiting for fault inject
[t+0s] pipeline feed ready — waiting for fault inject
[t+0s] pipeline feed ready — waiting for fault inject
[t+0s] pipeline feed ready — waiting for fault inject
[t+0s] pipeline feed ready — waiting for fault inject
[t+0s] pipeline feed ready — waiting for fault inject
[t+0s] pipeline feed ready — waiting for fault inject
[t+0s] pipeline feed ready — waiting for fault inject
[t+0s] pipeline feed ready — waiting for fault inject
[t+0s] pipeline feed ready — waiting for fault inject
[t+0s] pipeline feed ready — waiting for fault inject
[t+0s] pipeline feed ready — waiting for fault inject
[t+0s] pipeline feed ready — waiting for fault inject
[t+0s] pipeline feed ready — waiting for fault inject
[t+0s] pipeline feed ready — waiting for fault inject
[t+0s] pipeline feed ready — waiting for fault inject
[t+0s] pipeline feed ready — waiting for fault inject
[t+0s] pipeline feed ready — waiting for fault inject
[t+0s] pipeline feed ready — waiting for fault inject
[t+0s] pipeline feed ready — waiting for fault inject
[t+0s] pipeline feed ready — waiting for fault inject
[t+0s] pipeline feed ready — waiting for fault inject
[t+0s] pipeline feed ready — waiting for fault inject
[t+0s] pipeline feed ready — waiting for fault inject
[t+0s] pipeline feed ready — waiting for fault inject
[t+0s] pipeline feed ready — waiting for fault inject
[t+0s] pipeline feed ready — waiting for fault inject
[t+0s] pipeline feed ready — waiting for fault inject
[t+0s] pipeline feed ready — waiting for fault inject
[t+0s] pipeline feed ready — waiting for fault inject
[t+0s] pipeline feed ready — waiting for fault inject
[t+0s] pipeline feed ready — waiting for fault inject
[t+0s] pipeline feed ready — waiting for fault inject
[t+0s] pipeline feed ready — waiting for fault inject
[t+0s] pipeline feed ready — waiting for fault inject
[t+0s] pipeline feed ready — waiting for fault inject
[t+0s] pipeline feed ready — waiting for fault inject
[t+0s] pipeline feed ready — waiting for fault inject
[t+0s] pipeline feed ready — waiting for fault inject
[t+0s] pipeline feed ready — waiting for fault inject
[t+0s] pipeline feed ready — waiting for fault inject
[t+0s] pipeline feed ready — waiting for fault inject
[t+0s] pipeline feed ready — waiting for fault inject
[t+0s] pipeline feed ready — waiting for fault inject
[t+0s] pipeline feed ready — waiting for fault inject
[t+0s] pipeline feed ready — waiting for fault inject
[t+0s] pipeline feed ready — waiting for fault inject
[t+0s] pipeline feed ready — waiting for fault inject
[t+0s] pipeline feed ready — waiting for fault inject
[t+0s] pipeline feed ready — waiting for fault inject
[t+0s] pipeline feed ready — waiting for fault inject
[t+0s] pipeline feed ready — waiting for fault inject
[t+0s] pipeline feed ready — waiting for fault inject
[t+0s] pipeline feed ready — waiting for fault inject
[t+0s] pipeline feed ready — waiting for fault inject
[t+0s] pipeline feed ready — waiting for fault inject
[t+0s] pipeline feed ready — waiting for fault inject
[t+0s] pipeline feed ready — waiting for fault inject
[t+0s] pipeline feed ready — waiting for fault inject
[t+0s] pipeline feed ready — waiting for fault inject
[t+0s] pipeline feed ready — waiting for fault inject
[t+0s] pipeline feed ready — waiting for fault inject
[t+0s] pipeline feed ready — waiting for fault inject
[t+0s] pipeline feed ready — waiting for fault inject
[t+0s] pipeline feed ready — waiting for fault inject
[t+0s] pipeline feed ready — waiting for fault inject
[t+0s] pipeline feed ready — waiting for fault inject
[t+0s] pipeline feed ready — waiting for fault inject
[t+0s] pipeline feed ready — waiting for fault inject
[t+0s] pipeline feed ready — waiting for fault inject
[t+0s] pipeline feed ready — waiting for fault inject
[t+0s] pipeline feed ready — waiting for fault inject
[t+0s] pipeline feed ready — waiting for fault inject
[t+0s] pipeline feed ready — waiting for fault inject
[t+0s] pipeline feed ready — waiting for fault inject
[t+0s] pipeline feed ready — waiting for fault inject
[t+0s] pipeline feed ready — waiting for fault inject
[t+0s] pipeline feed ready — waiting for fault inject
[t+0s] pipeline feed ready — waiting for fault inject
[t+0s] pipeline feed ready — waiting for fault inject
[t+0s] pipeline feed ready — waiting for fault inject
[t+0s] pipeline feed ready — waiting for fault inject
[t+0s] pipeline feed ready — waiting for fault inject
[t+0s] pipeline feed ready — waiting for fault inject
[t+0s] pipeline feed ready — waiting for fault inject
[t+0s] pipeline feed ready — waiting for fault inject
[t+0s] pipeline feed ready — waiting for fault inject
[t+0s] pipeline feed ready — waiting for fault inject
[t+0s] pipeline feed ready — waiting for fault inject
[t+0s] pipeline feed ready — waiting for fault inject
[t+0s] pipeline feed ready — waiting for fault inject
[t+0s] pipeline feed ready — waiting for fault inject
[t+0s] pipeline feed ready — waiting for fault inject
[t+0s] pipeline feed ready — waiting for fault inject
[t+0s] pipeline feed ready — waiting for fault inject
[t+0s] pipeline feed ready — waiting for fault inject
[t+0s] pipeline feed ready — waiting for fault inject
[t+0s] pipeline feed ready — waiting for fault inject
[t+0s] pipeline feed ready — waiting for fault inject
[t+0s] pipeline feed ready — waiting for fault inject
[t+0s] pipeline feed ready — waiting for fault inject
[t+0s] pipeline feed ready — waiting for fault inject
[t+0s] pipeline feed ready — waiting for fault inject
[t+0s] pipeline feed ready — waiting for fault inject
[t+0s] pipeline feed ready — waiting for fault inject
[t+0s] pipeline feed ready — waiting for fault inject
[t+0s] pipeline feed ready — waiting for fault inject
[t+0s] pipeline feed ready — waiting for fault inject
[t+0s] pipeline feed ready — waiting for fault inject
[t+0s] pipeline feed ready — waiting for fault inject
[t+0s] pipeline feed ready — waiting for fault inject
[t+0s] pipeline feed ready — waiting for fault inject
[t+0s] pipeline feed ready — waiting for fault inject
[t+0s] pipeline feed ready — waiting for fault inject
[t+0s] pipeline feed ready — waiting for fault inject
[t+0s] pipeline feed ready — waiting for fault inject
[t+0s] pipeline feed ready — waiting for fault inject
[t+0s] pipeline feed ready — waiting for fault inject
[t+0s] pipeline feed ready — waiting for fault inject
[t+0s] pipeline feed ready — waiting for fault inject
[t+0s] pipeline feed ready — waiting for fault inject
[t+0s] pipeline feed ready — waiting for fault inject
[t+0s] pipeline feed ready — waiting for fault inject
[t+0s] pipeline feed ready — waiting for fault inject
[t+0s] pipeline feed ready — waiting for fault inject
[t+0s] pipeline feed ready — waiting for fault inject
[t+0s] pipeline feed ready — waiting for fault inject
[t+0s] pipeline feed ready — waiting for fault inject
[t+0s] pipeline feed ready — waiting for fault inject
[t+0s] pipeline feed ready — waiting for fault inject
[t+0s] pipeline feed ready — waiting for fault inject
[t+0s] pipeline feed ready — waiting for fault inject
[t+0s] pipeline feed ready — waiting for fault inject
[t+0s] pipeline feed ready — waiting for fault inject
[t+0s] pipeline feed ready — waiting for fault inject
[t+0s] pipeline feed ready — waiting for fault inject
[t+0s] pipeline feed ready — waiting for fault inject
[t+0s] pipeline feed ready — waiting for fault inject
[t+0s] pipeline feed ready — waiting for fault inject
[t+0s] pipeline feed ready — waiting for fault inject
[t+0s] pipeline feed ready — waiting for fault inject
[t+0s] pipeline feed ready — waiting for fault inject
[t+0s] pipeline feed ready — waiting for fault inject
[t+0s] pipeline feed ready — waiting for fault inject
[t+0s] pipeline feed ready — waiting for fault inject
[t+0s] pipeline feed ready — waiting for fault inject
[t+0s] pipeline feed ready — waiting for fault inject
[t+0s] pipeline feed ready — waiting for fault inject
[t+0s] pipeline feed ready — waiting for fault inject
[t+0s] pipeline feed ready — waiting for fault inject
[t+0s] pipeline feed ready — waiting for fault inject
[t+0s] pipeline feed ready — waiting for fault inject
[t+0s] pipeline feed ready — waiting for fault inject
[t+0s] pipeline feed ready — waiting for fault inject
[t+0s] pipeline feed ready — waiting for fault inject
[t+0s] pipeline feed ready — waiting for fault inject
[t+0s] pipeline feed ready — waiting for fault inject
[t+0s] pipeline feed ready — waiting for fault inject
[t+0s] pipeline feed ready — waiting for fault inject
[t+0s] pipeline feed ready — waiting for fault inject
[t+0s] pipeline feed ready — waiting for fault inject
[t+0s] pipeline feed ready — waiting for fault inject
[t+0s] pipeline feed ready — waiting for fault inject
[t+0s] pipeline feed ready — waiting for fault inject
[t+0s] pipeline feed ready — waiting for fault inject
[t+0s] pipeline feed ready — waiting for fault inject
[t+0s] pipeline feed ready — waiting for fault inject
[t+0s] pipeline feed ready — waiting for fault inject
[t+0s] pipeline feed ready — waiting for fault inject
[t+0s] pipeline feed ready — waiting for fault inject
[t+0s] pipeline feed ready — waiting for fault inject
[t+0s] pipeline feed ready — waiting for fault inject
[t+0s] pipeline feed ready — waiting for fault inject
[t+0s] pipeline feed ready — waiting for fault inject
[t+0s] pipeline feed ready — waiting for fault inject
[t+0s] pipeline feed ready — waiting for fault inject
[t+0s] pipeline feed ready — waiting for fault inject
[t+0s] pipeline feed ready — waiting for fault inject
[t+0s] pipeline feed ready — waiting for fault inject
[t+0s] pipeline feed ready — waiting for fault inject
[t+0s] pipeline feed ready — waiting for fault inject
[t+0s] pipeline feed ready — waiting for fault inject
[t+0s] pipeline feed ready — waiting for fault inject
[t+0s] pipeline feed ready — waiting for fault inject
[t+0s] pipeline feed ready — waiting for fault inject
[t+0s] pipeline feed ready — waiting for fault inject
[t+0s] pipeline feed ready — waiting for fault inject
[t+0s] pipeline feed ready — waiting for fault inject
[t+0s] pipeline feed ready — waiting for fault inject
[t+0s] pipeline feed ready — waiting for fault inject
[t+0s] pipeline feed ready — waiting for fault inject
[t+0s] pipeline feed ready — waiting for fault inject
[t+0s] pipeline feed ready — waiting for fault inject
[t+0s] pipeline feed ready — waiting for fault inject
[t+0s] pipeline feed ready — waiting for fault inject
[t+0s] pipeline feed ready — waiting for fault inject
[t+0s] pipeline feed ready — waiting for fault inject
[t+0s] pipeline feed ready — waiting for fault inject
[t+0s] pipeline feed ready — waiting for fault inject
[t+0s] pipeline feed ready — waiting for fault inject
[t+0s] pipeline feed ready — waiting for fault inject
[t+0s] pipeline feed ready — waiting for fault inject
[t+0s] pipeline feed ready — waiting for fault inject
[t+0s] pipeline feed ready — waiting for fault inject
[t+0s] pipeline feed ready — waiting for fault inject
[t+0s] pipeline feed ready — waiting for fault inject
[t+0s] pipeline feed ready — waiting for fault inject
[t+0s] pipeline feed ready — waiting for fault inject
[t+0s] pipeline feed ready — waiting for fault inject
[t+0s] pipeline feed ready — waiting for fault inject
[t+0s] pipeline feed ready — waiting for fault inject
[t+0s] pipeline feed ready — waiting for fault inject
[t+0s] pipeline feed ready — waiting for fault inject
[t+0s] pipeline feed ready — waiting for fault inject
[t+0s] pipeline feed ready — waiting for fault inject
[t+0s] pipeline feed ready — waiting for fault inject
[t+0s] pipeline feed ready — waiting for fault inject
[t+0s] pipeline feed ready — waiting for fault inject
[t+0s] pipeline feed ready — waiting for fault inject
[t+0s] pipeline feed ready — waiting for fault inject
[t+0s] pipeline feed ready — waiting for fault inject
[t+0s] pipeline feed ready — waiting for fault inject
[t+0s] pipeline feed ready — waiting for fault inject
[t+0s] pipeline feed ready — waiting for fault inject
[t+0s] pipeline feed ready — waiting for fault inject
[t+0s] pipeline feed ready — waiting for fault inject
[t+0s] pipeline feed ready — waiting for fault inject
[t+0s] pipeline feed ready — waiting for fault inject
[t+0s] pipeline feed ready — waiting for fault inject
[t+0s] pipeline feed ready — waiting for fault inject
[t+0s] pipeline feed ready — waiting for fault inject
[t+0s] pipeline feed ready — waiting for fault inject
[t+0s] pipeline feed ready — waiting for fault inject
[t+0s] pipeline feed ready — waiting for fault inject
[t+0s] pipeline feed ready — waiting for fault inject
[t+0s] pipeline feed ready — waiting for fault inject
[t+0s] pipeline feed ready — waiting for fault inject
[t+0s] pipeline feed ready — waiting for fault inject
[t+0s] pipeline feed ready — waiting for fault inject
[t+0s] pipeline feed ready — waiting for fault inject
[t+0s] pipeline feed ready — waiting for fault inject
[t+0s] pipeline feed ready — waiting for fault inject
[t+0s] pipeline feed ready — waiting for fault inject
[t+0s] pipeline feed ready — waiting for fault inject
[t+0s] pipeline feed ready — waiting for fault inject
[t+0s] pipeline feed ready — waiting for fault inject
[t+0s] pipeline feed ready — waiting for fault inject
[t+0s] pipeline feed ready — waiting for fault inject
[t+0s] pipeline feed ready — waiting for fault inject
[t+0s] pipeline feed ready — waiting for fault inject
[t+0s] pipeline feed ready — waiting for fault inject
[t+0s] pipeline feed ready — waiting for fault inject
[t+0s] pipeline feed ready — waiting for fault inject
[t+0s] pipeline feed ready — waiting for fault inject
[t+0s] pipeline feed ready — waiting for fault inject
[t+0s] pipeline feed ready — waiting for fault inject
[t+0s] pipeline feed ready — waiting for fault inject
[t+0s] pipeline feed ready — waiting for fault inject
[t+0s] pipeline feed ready — waiting for fault inject
[t+0s] pipeline feed ready — waiting for fault inject
[t+0s] pipeline feed ready — waiting for fault inject
[t+0s] pipeline feed ready — waiting for fault inject
[t+0s] pipeline feed ready — waiting for fault inject
[t+0s] pipeline feed ready — waiting for fault inject
[t+0s] pipeline feed ready — waiting for fault inject
[t+0s] pipeline feed ready — waiting for fault inject
[t+0s] pipeline feed ready — waiting for fault inject
[t+0s] pipeline feed ready — waiting for fault inject
[t+0s] pipeline feed ready — waiting for fault inject
[t+0s] pipeline feed ready — waiting for fault inject
[t+0s] pipeline feed ready — waiting for fault inject
[t+0s] pipeline feed ready — waiting for fault inject
[t+0s] pipeline feed ready — waiting for fault inject
[t+0s] pipeline feed ready — waiting for fault inject
[t+0s] pipeline feed ready — waiting for fault inject
[t+0s] pipeline feed ready — waiting for fault inject
[t+0s] pipeline feed ready — waiting for fault inject
[t+0s] pipeline feed ready — waiting for fault inject
[t+0s] pipeline feed ready — waiting for fault inject
[t+0s] pipeline feed ready — waiting for fault inject
[t+0s] pipeline feed ready — waiting for fault inject
[t+0s] pipeline feed ready — waiting for fault inject
[t+0s] pipeline feed ready — waiting for fault inject
[t+0s] pipeline feed ready — waiting for fault inject
[t+0s] pipeline feed ready — waiting for fault inject
[t+0s] pipeline feed ready — waiting for fault inject
[t+0s] pipeline feed ready — waiting for fault inject
[t+0s] pipeline feed ready — waiting for fault inject
[t+0s] pipeline feed ready — waiting for fault inject
[t+0s] pipeline feed ready — waiting for fault inject
[t+0s] pipeline feed ready — waiting for fault inject
[t+0s] pipeline feed ready — waiting for fault inject
[t+0s] pipeline feed ready — waiting for fault inject
[t+0s] pipeline feed ready — waiting for fault inject
[t+0s] pipeline feed ready — waiting for fault inject
[t+0s] pipeline feed ready — waiting for fault inject
[t+0s] pipeline feed ready — waiting for fault inject
[t+0s] pipeline feed ready — waiting for fault inject
[t+0s] pipeline feed ready — waiting for fault inject
[t+0s] pipeline feed ready — waiting for fault inject
[t+0s] pipeline feed ready — waiting for fault inject
[t+0s] pipeline feed ready — waiting for fault inject
[t+0s] pipeline feed ready — waiting for fault inject
[t+0s] pipeline feed ready — waiting for fault inject
[t+0s] pipeline feed ready — waiting for fault inject
[t+0s] pipeline feed ready — waiting for fault inject
[t+0s] pipeline feed ready — waiting for fault inject
[t+0s] pipeline feed ready — waiting for fault inject
[t+0s] pipeline feed ready — waiting for fault inject
[t+0s] pipeline feed ready — waiting for fault inject
[t+0s] pipeline feed ready — waiting for fault inject
[t+0s] pipeline feed ready — waiting for fault inject
[t+0s] pipeline feed ready — waiting for fault inject
[t+0s] pipeline feed ready — waiting for fault inject
[t+0s] pipeline feed ready — waiting for fault inject
[t+0s] pipeline feed ready — waiting for fault inject
[t+0s] pipeline feed ready — waiting for fault inject
[t+0s] pipeline feed ready — waiting for fault inject
[t+0s] pipeline feed ready — waiting for fault inject
[t+0s] pipeline feed ready — waiting for fault inject
[t+0s] pipeline feed ready — waiting for fault inject
[t+0s] pipeline feed ready — waiting for fault inject
[t+0s] pipeline feed ready — waiting for fault inject
[t+0s] pipeline feed ready — waiting for fault inject
[t+0s] pipeline feed ready — waiting for fault inject
[t+0s] pipeline feed ready — waiting for fault inject
[t+0s] pipeline feed ready — waiting for fault inject
[t+0s] pipeline feed ready — waiting for fault inject
[t+0s] pipeline feed ready — waiting for fault inject
[t+0s] pipeline feed ready — waiting for fault inject
[t+0s] pipeline feed ready — waiting for fault inject
[t+0s] pipeline feed ready — waiting for fault inject
[t+0s] pipeline feed ready — waiting for fault inject
[t+0s] pipeline feed ready — waiting for fault inject
[t+0s] pipeline feed ready — waiting for fault inject
[t+0s] pipeline feed ready — waiting for fault inject
[t+0s] pipeline feed ready — waiting for fault inject
[t+0s] pipeline feed ready — waiting for fault inject
[t+0s] pipeline feed ready — waiting for fault inject
[t+0s] pipeline feed ready — waiting for fault inject
[t+0s] pipeline feed ready — waiting for fault inject
[t+0s] pipeline feed ready — waiting for fault inject
[t+0s] pipeline feed ready — waiting for fault inject
[t+0s] pipeline feed ready — waiting for fault inject
[t+0s] pipeline feed ready — waiting for fault inject
[t+0s] pipeline feed ready — waiting for fault inject
[t+0s] pipeline feed ready — waiting for fault inject
[t+0s] pipeline feed ready — waiting for fault inject
[t+0s] pipeline feed ready — waiting for fault inject
[t+0s] pipeline feed ready — waiting for fault inject
[t+0s] pipeline feed ready — waiting for fault inject
[t+0s] pipeline feed ready — waiting for fault inject
[t+0s] pipeline feed ready — waiting for fault inject
[t+0s] pipeline feed ready — waiting for fault inject
[t+0s] pipeline feed ready — waiting for fault inject
[t+0s] pipeline feed ready — waiting for fault inject
[t+0s] pipeline feed ready — waiting for fault inject
[t+0s] pipeline feed ready — waiting for fault inject
[t+0s] pipeline feed ready — waiting for fault inject
[t+0s] pipeline feed ready — waiting for fault inject
[t+0s] pipeline feed ready — waiting for fault inject
[t+0s] pipeline feed ready — waiting for fault inject
[t+0s] pipeline feed ready — waiting for fault inject
[t+0s] pipeline feed ready — waiting for fault inject
[t+0s] pipeline feed ready — waiting for fault inject
[t+0s] pipeline feed ready — waiting for fault inject
[t+0s] pipeline feed ready — waiting for fault inject
[t+0s] pipeline feed ready — waiting for fault inject
[t+0s] pipeline feed ready — waiting for fault inject
[t+0s] pipeline feed ready — waiting for fault inject
[t+0s] pipeline feed ready — waiting for fault inject
[t+0s] pipeline feed ready — waiting for fault inject
[t+0s] pipeline feed ready — waiting for fault inject
[t+0s] pipeline feed ready — waiting for fault inject
[t+0s] pipeline feed ready — waiting for fault inject
[t+0s] pipeline feed ready — waiting for fault inject
[t+0s] pipeline feed ready — waiting for fault inject
[t+0s] pipeline feed ready — waiting for fault inject
[t+0s] pipeline feed ready — waiting for fault inject
[t+0s] pipeline feed ready — waiting for fault inject
[t+0s] pipeline feed ready — waiting for fault inject
[t+0s] pipeline feed ready — waiting for fault inject
[t+0s] pipeline feed ready — waiting for fault inject
[t+0s] pipeline feed ready — waiting for fault inject
[t+0s] pipeline feed ready — waiting for fault inject
[t+0s] pipeline feed ready — waiting for fault inject
[t+0s] pipeline feed ready — waiting for fault inject
[t+0s] pipeline feed ready — waiting for fault inject
[t+0s] pipeline feed ready — waiting for fault inject
[t+0s] pipeline feed ready — waiting for fault inject
[t+0s] pipeline feed ready — waiting for fault inject
[t+0s] pipeline feed ready — waiting for fault inject
[t+0s] pipeline feed ready — waiting for fault inject
[t+0s] pipeline feed ready — waiting for fault inject
[t+0s] pipeline feed ready — waiting for fault inject
[t+0s] pipeline feed ready — waiting for fault inject
[t+0s] pipeline feed ready — waiting for fault inject
[t+0s] pipeline feed ready — waiting for fault inject
[t+0s] pipeline feed ready — waiting for fault inject
[t+0s] pipeline feed ready — waiting for fault inject
[t+0s] pipeline feed ready — waiting for fault inject
[t+0s] pipeline feed ready — waiting for fault inject
[t+0s] pipeline feed ready — waiting for fault inject
[t+0s] pipeline feed ready — waiting for fault inject
[t+0s] pipeline feed ready — waiting for fault inject
[t+0s] pipeline feed ready — waiting for fault inject
[t+0s] pipeline feed ready — waiting for fault inject
[t+0s] pipeline feed ready — waiting for fault inject
[t+0s] pipeline feed ready — waiting for fault inject
[t+0s] pipeline feed ready — waiting for fault inject
[t+0s] pipeline feed ready — waiting for fault inject
[t+0s] pipeline feed ready — waiting for fault inject
[t+0s] pipeline feed ready — waiting for fault inject
[t+0s] pipeline feed ready — waiting for fault inject
[t+0s] pipeline feed ready — waiting for fault inject
[t+0s] pipeline feed ready — waiting for fault inject
[t+0s] pipeline feed ready — waiting for fault inject
[t+0s] pipeline feed ready — waiting for fault inject
[t+0s] pipeline feed ready — waiting for fault inject
[t+0s] pipeline feed ready — waiting for fault inject
[t+0s] pipeline feed ready — waiting for fault inject
[t+0s] pipeline feed ready — waiting for fault inject
[t+0s] pipeline feed ready — waiting for fault inject
[t+0s] pipeline feed ready — waiting for fault inject
[t+0s] pipeline feed ready — waiting for fault inject
[t+0s] pipeline feed ready — waiting for fault inject
[t+0s] pipeline feed ready — waiting for fault inject
[t+0s] pipeline feed ready — waiting for fault inject
[t+0s] pipeline feed ready — waiting for fault inject
[t+0s] pipeline feed ready — waiting for fault inject
[t+0s] pipeline feed ready — waiting for fault inject
[t+0s] pipeline feed ready — waiting for fault inject
[t+0s] pipeline feed ready — waiting for fault inject
[t+0s] pipeline feed ready — waiting for fault inject
[t+0s] pipeline feed ready — waiting for fault inject
[t+0s] pipeline feed ready — waiting for fault inject
[t+0s] pipeline feed ready — waiting for fault inject
[t+0s] pipeline feed ready — waiting for fault inject
[t+0s] pipeline feed ready — waiting for fault inject
[t+0s] pipeline feed ready — waiting for fault inject
[t+0s] pipeline feed ready — waiting for fault inject
[t+0s] pipeline feed ready — waiting for fault inject
[t+0s] pipeline feed ready — waiting for fault inject
[t+0s] pipeline feed ready — waiting for fault inject
[t+0s] pipeline feed ready — waiting for fault inject
[t+0s] pipeline feed ready — waiting for fault inject
[t+0s] pipeline feed ready — waiting for fault inject
[t+0s] pipeline feed ready — waiting for fault inject
[t+0s] pipeline feed ready — waiting for fault inject
[t+0s] pipeline feed ready — waiting for fault inject
[t+0s] pipeline feed ready — waiting for fault inject
[t+0s] pipeline feed ready — waiting for fault inject
[t+0s] pipeline feed ready — waiting for fault inject
[t+0s] pipeline feed ready — waiting for fault inject
[t+0s] pipeline feed ready — waiting for fault inject
[t+0s] pipeline feed ready — waiting for fault inject
[t+0s] pipeline feed ready — waiting for fault inject
[t+0s] pipeline feed ready — waiting for fault inject
[t+0s] pipeline feed ready — waiting for fault inject
[t+0s] pipeline feed ready — waiting for fault inject
[t+0s] pipeline feed ready — waiting for fault inject
[t+0s] pipeline feed ready — waiting for fault inject
[t+0s] pipeline feed ready — waiting for fault inject
[t+0s] pipeline feed ready — waiting for fault inject
[t+0s] pipeline feed ready — waiting for fault inject
[t+0s] pipeline feed ready — waiting for fault inject
[t+0s] pipeline feed ready — waiting for fault inject
[t+0s] pipeline feed ready — waiting for fault inject
[t+0s] pipeline feed ready — waiting for fault inject
[t+0s] pipeline feed ready — waiting for fault inject
[t+0s] pipeline feed ready — waiting for fault inject
[t+0s] pipeline feed ready — waiting for fault inject
[t+0s] pipeline feed ready — waiting for fault inject
[t+0s] pipeline feed ready — waiting for fault inject
[t+0s] pipeline feed ready — waiting for fault inject
[t+0s] pipeline feed ready — waiting for fault inject
[t+0s] pipeline feed ready — waiting for fault inject
[t+0s] pipeline feed ready — waiting for fault inject
[t+7838s] inject rain_fade (Rain fade) cmd=bash scripts/inject_rain_fade.sh --host station1 --steps 24…
[t+0s] pipeline feed ready — waiting for fault inject
[t+0s] pipeline feed ready — waiting for fault inject
[t+7851s] auto-collapse — healthy (operator_clear)
[t+7852s] Rain fade on station1/gre-te-core: 5→55ms over 192s then hold 120s (~312s) (24×8s)
[t+7852s] (Ctrl+C kills remote loop + clears netem → healthy)
[t+7852s] [04:18:03] delay=5ms
[t+7852s] [04:18:11] delay=7ms
[t+7852s] Interrupted — killing remote inject, restoring healthy on station1/gre-te-core
[t+7852s] Clearing netem on station1 gre-te-core (healthy)
[t+7852s] qdisc noqueue 0: root refcnt 2
[t+0s] pipeline feed ready — waiting for fault inject
[t+0s] pipeline feed ready — waiting for fault inject
[t+0s] pipeline feed ready — waiting for fault inject
[t+0s] pipeline feed ready — waiting for fault inject
[t+0s] pipeline feed ready — waiting for fault inject
[t+0s] pipeline feed ready — waiting for fault inject
[t+0s] pipeline feed ready — waiting for fault inject
[t+0s] pipeline feed ready — waiting for fault inject
[t+0s] pipeline feed ready — waiting for fault inject
[t+0s] pipeline feed ready — waiting for fault inject
[t+0s] pipeline feed ready — waiting for fault inject
[t+0s] pipeline feed ready — waiting for fault inject
[t+0s] pipeline feed ready — waiting for fault inject
[t+0s] pipeline feed ready — waiting for fault inject
[t+0s] pipeline feed ready — waiting for fault inject
[t+0s] pipeline feed ready — waiting for fault inject
[t+0s] pipeline feed ready — waiting for fault inject
[t+0s] pipeline feed ready — waiting for fault inject
[t+0s] pipeline feed ready — waiting for fault inject
[t+0s] pipeline feed ready — waiting for fault inject
[t+0s] pipeline feed ready — waiting for fault inject
[t+0s] pipeline feed ready — waiting for fault inject
[t+0s] pipeline feed ready — waiting for fault inject
[t+0s] pipeline feed ready — waiting for fault inject
[t+0s] pipeline feed ready — waiting for fault inject
[t+0s] pipeline feed ready — waiting for fault inject
[t+0s] pipeline feed ready — waiting for fault inject
[t+0s] pipeline feed ready — waiting for fault inject
[t+0s] pipeline feed ready — waiting for fault inject
[t+0s] pipeline feed ready — waiting for fault inject
[t+0s] pipeline feed ready — waiting for fault inject
[t+0s] pipeline feed ready — waiting for fault inject
[t+0s] pipeline feed ready — waiting for fault inject
[t+0s] pipeline feed ready — waiting for fault inject
[t+0s] pipeline feed ready — waiting for fault inject
[t+0s] pipeline feed ready — waiting for fault inject
[t+0s] pipeline feed ready — waiting for fault inject
[t+0s] pipeline feed ready — waiting for fault inject
[t+0s] pipeline feed ready — waiting for fault inject
[t+0s] pipeline feed ready — waiting for fault inject
[t+0s] pipeline feed ready — waiting for fault inject
[t+0s] pipeline feed ready — waiting for fault inject
[t+0s] pipeline feed ready — waiting for fault inject
[t+0s] pipeline feed ready — waiting for fault inject
[t+0s] pipeline feed ready — waiting for fault inject
[t+0s] pipeline feed ready — waiting for fault inject
[t+0s] pipeline feed ready — waiting for fault inject
[t+0s] pipeline feed ready — waiting for fault inject
[t+0s] pipeline feed ready — waiting for fault inject
[t+0s] pipeline feed ready — waiting for fault inject
[t+8199s] steered — inject cleared (steered)
[t+0s] pipeline feed ready — waiting for fault inject
[t+0s] pipeline feed ready — waiting for fault inject
[t+0s] pipeline feed ready — waiting for fault inject
[t+0s] pipeline feed ready — waiting for fault inject
[t+0s] pipeline feed ready — waiting for fault inject
[t+0s] pipeline feed ready — waiting for fault inject
[t+0s] pipeline feed ready — waiting for fault inject
[t+0s] pipeline feed ready — waiting for fault inject
[t+8255s] inject rain_fade (Rain fade) cmd=bash scripts/inject_rain_fade.sh --host station1 --steps 24…
[t+0s] pipeline feed ready — waiting for fault inject
[t+0s] pipeline feed ready — waiting for fault inject
[t+0s] pipeline feed ready — waiting for fault inject
[t+0s] pipeline feed ready — waiting for fault inject
[t+0s] pipeline feed ready — waiting for fault inject
[t+0s] pipeline feed ready — waiting for fault inject
[t+0s] pipeline feed ready — waiting for fault inject
[t+0s] pipeline feed ready — waiting for fault inject
[t+0s] pipeline feed ready — waiting for fault inject
[t+0s] pipeline feed ready — waiting for fault inject
[t+0s] pipeline feed ready — waiting for fault inject
[t+0s] pipeline feed ready — waiting for fault inject
[t+0s] pipeline feed ready — waiting for fault inject
[t+0s] pipeline feed ready — waiting for fault inject
[t+8366s] model-seeded Decide alert#208211 class=tunnel_degradation sev=1C
[t+0s] pipeline feed ready — waiting for fault inject
[t+0s] pipeline feed ready — waiting for fault inject
[t+0s] pipeline feed ready — waiting for fault inject
[t+0s] pipeline feed ready — waiting for fault inject
[t+0s] pipeline feed ready — waiting for fault inject
[t+0s] pipeline feed ready — waiting for fault inject
[t+0s] pipeline feed ready — waiting for fault inject
[t+0s] pipeline feed ready — waiting for fault inject
[t+0s] pipeline feed ready — waiting for fault inject
[t+0s] pipeline feed ready — waiting for fault inject
[t+0s] pipeline feed ready — waiting for fault inject
[t+0s] pipeline feed ready — waiting for fault inject
[t+0s] pipeline feed ready — waiting for fault inject
[t+0s] pipeline feed ready — waiting for fault inject
[t+0s] pipeline feed ready — waiting for fault inject
[t+0s] pipeline feed ready — waiting for fault inject
[t+0s] pipeline feed ready — waiting for fault inject
[t+8498s] auto-collapse — healthy (operator_clear)
[t+8499s] [04:27:40] delay=48ms
[t+8499s] [04:27:48] delay=50ms
[t+8499s] [04:27:56] delay=52ms
[t+8499s] [04:28:04] delay=55ms
[t+8499s] Fade ramp complete — holding peak 55ms for 120s (Approve window)
[t+8499s] Interrupted — killing remote inject, restoring healthy on station1/gre-te-core
[t+8499s] Clearing netem on station1 gre-te-core (healthy)
[t+8499s] qdisc noqueue 0: root refcnt 2
[t+0s] pipeline feed ready — waiting for fault inject
[t+0s] pipeline feed ready — waiting for fault inject
[t+0s] pipeline feed ready — waiting for fault inject
[t+0s] pipeline feed ready — waiting for fault inject
[t+0s] pipeline feed ready — waiting for fault inject
[t+0s] pipeline feed ready — waiting for fault inject
[t+8551s] inject cpu_stress (CPU / crypto stress) cmd=bash scripts/inject_cpu_stress.sh --host station1 --seconds 180…
[t+0s] pipeline feed ready — waiting for fault inject
[t+0s] pipeline feed ready — waiting for fault inject
[t+0s] pipeline feed ready — waiting for fault inject
[t+0s] pipeline feed ready — waiting for fault inject
[t+0s] pipeline feed ready — waiting for fault inject
[t+0s] pipeline feed ready — waiting for fault inject
[t+0s] pipeline feed ready — waiting for fault inject
[t+0s] pipeline feed ready — waiting for fault inject
[t+8603s] model-seeded Decide alert#208214 class=congestion_breach sev=2B
[t+0s] pipeline feed ready — waiting for fault inject
[t+0s] pipeline feed ready — waiting for fault inject
[t+0s] pipeline feed ready — waiting for fault inject
[t+0s] pipeline feed ready — waiting for fault inject
[t+0s] pipeline feed ready — waiting for fault inject
[t+0s] pipeline feed ready — waiting for fault inject
[t+0s] pipeline feed ready — waiting for fault inject
[t+0s] pipeline feed ready — waiting for fault inject
[t+0s] pipeline feed ready — waiting for fault inject
[t+0s] pipeline feed ready — waiting for fault inject
[t+0s] pipeline feed ready — waiting for fault inject
[t+0s] pipeline feed ready — waiting for fault inject
[t+0s] pipeline feed ready — waiting for fault inject
[t+0s] pipeline feed ready — waiting for fault inject
[t+0s] pipeline feed ready — waiting for fault inject
[t+0s] pipeline feed ready — waiting for fault inject
[t+0s] pipeline feed ready — waiting for fault inject
[t+0s] pipeline feed ready — waiting for fault inject
[t+8726s] auto-collapse — healthy (operator_clear)
[t+8727s] CPU stress on station1 for 180s (workers=0)
[t+8727s] (Ctrl+C kills remote loop + burners → healthy)
[t+8727s] [04:29:56] fallback python burn (4 workers, no stress-ng)
[t+8727s] Interrupted — killing remote inject, restoring healthy CPU on station1
[t+8727s] Clearing CPU stress on station1 (healthy)
[t+8727s] cleared cpu stress on station1
[t+0s] pipeline feed ready — waiting for fault inject
[t+0s] pipeline feed ready — waiting for fault inject
[t+0s] pipeline feed ready — waiting for fault inject
[t+0s] pipeline feed ready — waiting for fault inject
[t+0s] pipeline feed ready — waiting for fault inject
[t+0s] pipeline feed ready — waiting for fault inject
[t+0s] pipeline feed ready — waiting for fault inject
[t+0s] pipeline feed ready — waiting for fault inject
[t+0s] pipeline feed ready — waiting for fault inject
[t+0s] pipeline feed ready — waiting for fault inject
[t+0s] pipeline feed ready — waiting for fault inject
[t+0s] pipeline feed ready — waiting for fault inject
[t+0s] pipeline feed ready — waiting for fault inject
[t+0s] pipeline feed ready — waiting for fault inject
[t+0s] pipeline feed ready — waiting for fault inject
[t+0s] pipeline feed ready — waiting for fault inject
[t+0s] pipeline feed ready — waiting for fault inject
[t+0s] pipeline feed ready — waiting for fault inject
[t+0s] pipeline feed ready — waiting for fault inject
[t+0s] pipeline feed ready — waiting for fault inject
[t+0s] pipeline feed ready — waiting for fault inject
[t+0s] pipeline feed ready — waiting for fault inject
[t+0s] pipeline feed ready — waiting for fault inject
[t+0s] pipeline feed ready — waiting for fault inject
[t+0s] pipeline feed ready — waiting for fault inject
[t+0s] pipeline feed ready — waiting for fault inject
[t+0s] pipeline feed ready — waiting for fault inject
[t+0s] pipeline feed ready — waiting for fault inject
[t+0s] pipeline feed ready — waiting for fault inject
[t+0s] pipeline feed ready — waiting for fault inject
[t+0s] pipeline feed ready — waiting for fault inject
[t+0s] pipeline feed ready — waiting for fault inject
[t+0s] pipeline feed ready — waiting for fault inject
[t+0s] pipeline feed ready — waiting for fault inject
[t+0s] pipeline feed ready — waiting for fault inject
[t+0s] pipeline feed ready — waiting for fault inject
[t+0s] pipeline feed ready — waiting for fault inject
[t+0s] pipeline feed ready — waiting for fault inject
[t+0s] pipeline feed ready — waiting for fault inject
[t+0s] pipeline feed ready — waiting for fault inject
[t+0s] pipeline feed ready — waiting for fault inject
[t+0s] pipeline feed ready — waiting for fault inject
[t+0s] pipeline feed ready — waiting for fault inject
[t+0s] pipeline feed ready — waiting for fault inject
[t+0s] pipeline feed ready — waiting for fault inject
[t+0s] pipeline feed ready — waiting for fault inject
[t+0s] pipeline feed ready — waiting for fault inject
[t+0s] pipeline feed ready — waiting for fault inject
[t+0s] pipeline feed ready — waiting for fault inject
[t+0s] pipeline feed ready — waiting for fault inject
[t+0s] pipeline feed ready — waiting for fault inject
[t+0s] pipeline feed ready — waiting for fault inject
[t+0s] pipeline feed ready — waiting for fault inject
[t+0s] pipeline feed ready — waiting for fault inject
[t+0s] pipeline feed ready — waiting for fault inject
[t+0s] pipeline feed ready — waiting for fault inject
[t+0s] pipeline feed ready — waiting for fault inject
[t+0s] pipeline feed ready — waiting for fault inject
[t+0s] pipeline feed ready — waiting for fault inject
[t+0s] pipeline feed ready — waiting for fault inject
[t+0s] pipeline feed ready — waiting for fault inject
[t+0s] pipeline feed ready — waiting for fault inject
[t+0s] pipeline feed ready — waiting for fault inject
[t+0s] pipeline feed ready — waiting for fault inject
[t+0s] pipeline feed ready — waiting for fault inject
[t+0s] pipeline feed ready — waiting for fault inject
[t+0s] pipeline feed ready — waiting for fault inject
[t+0s] pipeline feed ready — waiting for fault inject
[t+0s] pipeline feed ready — waiting for fault inject
[t+0s] pipeline feed ready — waiting for fault inject
[t+0s] pipeline feed ready — waiting for fault inject
[t+0s] pipeline feed ready — waiting for fault inject
[t+0s] pipeline feed ready — waiting for fault inject
[t+0s] pipeline feed ready — waiting for fault inject
[t+0s] pipeline feed ready — waiting for fault inject
[t+0s] pipeline feed ready — waiting for fault inject
[t+0s] pipeline feed ready — waiting for fault inject
[t+0s] pipeline feed ready — waiting for fault inject
[t+0s] pipeline feed ready — waiting for fault inject
[t+0s] pipeline feed ready — waiting for fault inject
[t+0s] pipeline feed ready — waiting for fault inject
[t+0s] pipeline feed ready — waiting for fault inject
[t+0s] pipeline feed ready — waiting for fault inject
[t+0s] pipeline feed ready — waiting for fault inject
[t+0s] pipeline feed ready — waiting for fault inject
[t+0s] pipeline feed ready — waiting for fault inject
[t+0s] pipeline feed ready — waiting for fault inject
[t+0s] pipeline feed ready — waiting for fault inject
[t+0s] pipeline feed ready — waiting for fault inject
[t+0s] pipeline feed ready — waiting for fault inject
[t+0s] pipeline feed ready — waiting for fault inject
[t+0s] pipeline feed ready — waiting for fault inject
[t+0s] pipeline feed ready — waiting for fault inject
[t+0s] pipeline feed ready — waiting for fault inject
[t+0s] pipeline feed ready — waiting for fault inject
[t+0s] pipeline feed ready — waiting for fault inject
[t+0s] pipeline feed ready — waiting for fault inject
[t+0s] pipeline feed ready — waiting for fault inject
[t+0s] pipeline feed ready — waiting for fault inject
[t+0s] pipeline feed ready — waiting for fault inject
[t+0s] pipeline feed ready — waiting for fault inject
[t+0s] pipeline feed ready — waiting for fault inject
[t+0s] pipeline feed ready — waiting for fault inject
[t+0s] pipeline feed ready — waiting for fault inject
[t+0s] pipeline feed ready — waiting for fault inject
[t+0s] pipeline feed ready — waiting for fault inject
[t+0s] pipeline feed ready — waiting for fault inject
[t+0s] pipeline feed ready — waiting for fault inject
[t+0s] pipeline feed ready — waiting for fault inject
[t+0s] pipeline feed ready — waiting for fault inject
[t+0s] pipeline feed ready — waiting for fault inject
[t+0s] pipeline feed ready — waiting for fault inject
[t+0s] pipeline feed ready — waiting for fault inject
[t+0s] pipeline feed ready — waiting for fault inject
[t+0s] pipeline feed ready — waiting for fault inject
[t+0s] pipeline feed ready — waiting for fault inject
[t+0s] pipeline feed ready — waiting for fault inject
[t+0s] pipeline feed ready — waiting for fault inject
[t+0s] pipeline feed ready — waiting for fault inject
[t+0s] pipeline feed ready — waiting for fault inject
[t+0s] pipeline feed ready — waiting for fault inject
[t+0s] pipeline feed ready — waiting for fault inject
[t+0s] pipeline feed ready — waiting for fault inject
[t+0s] pipeline feed ready — waiting for fault inject
[t+0s] pipeline feed ready — waiting for fault inject
[t+0s] pipeline feed ready — waiting for fault inject
[t+0s] pipeline feed ready — waiting for fault inject
[t+0s] pipeline feed ready — waiting for fault inject
[t+0s] pipeline feed ready — waiting for fault inject
[t+0s] pipeline feed ready — waiting for fault inject
[t+0s] pipeline feed ready — waiting for fault inject
[t+0s] pipeline feed ready — waiting for fault inject
[t+0s] pipeline feed ready — waiting for fault inject
[t+0s] pipeline feed ready — waiting for fault inject
[t+0s] pipeline feed ready — waiting for fault inject
[t+0s] pipeline feed ready — waiting for fault inject
[t+0s] pipeline feed ready — waiting for fault inject
[t+0s] pipeline feed ready — waiting for fault inject
[t+0s] pipeline feed ready — waiting for fault inject
[t+0s] pipeline feed ready — waiting for fault inject
[t+0s] pipeline feed ready — waiting for fault inject
[t+0s] pipeline feed ready — waiting for fault inject
[t+0s] pipeline feed ready — waiting for fault inject
[t+0s] pipeline feed ready — waiting for fault inject
[t+0s] pipeline feed ready — waiting for fault inject
[t+0s] pipeline feed ready — waiting for fault inject
[t+0s] pipeline feed ready — waiting for fault inject
[t+0s] pipeline feed ready — waiting for fault inject
[t+0s] pipeline feed ready — waiting for fault inject
[t+0s] pipeline feed ready — waiting for fault inject
[t+0s] pipeline feed ready — waiting for fault inject
[t+0s] pipeline feed ready — waiting for fault inject
[t+0s] pipeline feed ready — waiting for fault inject
[t+0s] pipeline feed ready — waiting for fault inject
[t+0s] pipeline feed ready — waiting for fault inject
[t+0s] pipeline feed ready — waiting for fault inject
[t+0s] pipeline feed ready — waiting for fault inject
[t+0s] pipeline feed ready — waiting for fault inject
[t+0s] pipeline feed ready — waiting for fault inject
[t+0s] pipeline feed ready — waiting for fault inject
[t+0s] pipeline feed ready — waiting for fault inject
[t+0s] pipeline feed ready — waiting for fault inject
[t+0s] pipeline feed ready — waiting for fault inject
[t+0s] pipeline feed ready — waiting for fault inject
[t+0s] pipeline feed ready — waiting for fault inject
[t+0s] pipeline feed ready — waiting for fault inject
[t+0s] pipeline feed ready — waiting for fault inject
[t+0s] pipeline feed ready — waiting for fault inject
[t+0s] pipeline feed ready — waiting for fault inject
[t+0s] pipeline feed ready — waiting for fault inject
[t+0s] pipeline feed ready — waiting for fault inject
[t+0s] pipeline feed ready — waiting for fault inject
[t+0s] pipeline feed ready — waiting for fault inject
[t+0s] pipeline feed ready — waiting for fault inject
[t+0s] pipeline feed ready — waiting for fault inject
[t+0s] pipeline feed ready — waiting for fault inject
[t+0s] pipeline feed ready — waiting for fault inject
[t+0s] pipeline feed ready — waiting for fault inject
[t+0s] pipeline feed ready — waiting for fault inject
[t+0s] pipeline feed ready — waiting for fault inject
[t+0s] pipeline feed ready — waiting for fault inject
[t+0s] pipeline feed ready — waiting for fault inject
[t+0s] pipeline feed ready — waiting for fault inject
[t+0s] pipeline feed ready — waiting for fault inject
[t+0s] pipeline feed ready — waiting for fault inject
[t+0s] pipeline feed ready — waiting for fault inject
[t+0s] pipeline feed ready — waiting for fault inject
[t+0s] pipeline feed ready — waiting for fault inject
[t+0s] pipeline feed ready — waiting for fault inject
[t+0s] pipeline feed ready — waiting for fault inject
[t+0s] pipeline feed ready — waiting for fault inject
[t+0s] pipeline feed ready — waiting for fault inject
[t+0s] pipeline feed ready — waiting for fault inject
[t+0s] pipeline feed ready — waiting for fault inject
[t+0s] pipeline feed ready — waiting for fault inject
[t+0s] pipeline feed ready — waiting for fault inject
[t+0s] pipeline feed ready — waiting for fault inject
[t+0s] pipeline feed ready — waiting for fault inject
[t+0s] pipeline feed ready — waiting for fault inject
[t+0s] pipeline feed ready — waiting for fault inject
[t+0s] pipeline feed ready — waiting for fault inject
[t+0s] pipeline feed ready — waiting for fault inject
[t+0s] pipeline feed ready — waiting for fault inject
[t+0s] pipeline feed ready — waiting for fault inject
[t+0s] pipeline feed ready — waiting for fault inject
[t+0s] pipeline feed ready — waiting for fault inject
[t+0s] pipeline feed ready — waiting for fault inject
[t+0s] pipeline feed ready — waiting for fault inject
[t+0s] pipeline feed ready — waiting for fault inject
[t+0s] pipeline feed ready — waiting for fault inject
[t+0s] pipeline feed ready — waiting for fault inject
[t+0s] pipeline feed ready — waiting for fault inject
[t+0s] pipeline feed ready — waiting for fault inject
[t+0s] pipeline feed ready — waiting for fault inject
[t+0s] pipeline feed ready — waiting for fault inject
[t+0s] pipeline feed ready — waiting for fault inject
[t+0s] pipeline feed ready — waiting for fault inject
[t+78s] inject rain_fade (Rain fade) cmd=bash scripts/inject_rain_fade.sh --host station1 --steps 24…
[t+0s] pipeline feed ready — waiting for fault inject
[t+0s] pipeline feed ready — waiting for fault inject
[t+0s] pipeline feed ready — waiting for fault inject
[t+0s] pipeline feed ready — waiting for fault inject
[t+0s] pipeline feed ready — waiting for fault inject
[t+0s] pipeline feed ready — waiting for fault inject
[t+0s] pipeline feed ready — waiting for fault inject
[t+0s] pipeline feed ready — waiting for fault inject
[t+0s] pipeline feed ready — waiting for fault inject
[t+0s] pipeline feed ready — waiting for fault inject
[t+0s] pipeline feed ready — waiting for fault inject
[t+0s] pipeline feed ready — waiting for fault inject
[t+0s] pipeline feed ready — waiting for fault inject
[t+0s] pipeline feed ready — waiting for fault inject
[t+0s] pipeline feed ready — waiting for fault inject
[t+0s] pipeline feed ready — waiting for fault inject
[t+0s] pipeline feed ready — waiting for fault inject
[t+0s] pipeline feed ready — waiting for fault inject
[t+0s] pipeline feed ready — waiting for fault inject
[t+0s] pipeline feed ready — waiting for fault inject
[t+0s] pipeline feed ready — waiting for fault inject
[t+0s] pipeline feed ready — waiting for fault inject
[t+218s] model-seeded Decide alert#208215 class=tunnel_degradation sev=1C
[t+0s] pipeline feed ready — waiting for fault inject
[t+0s] pipeline feed ready — waiting for fault inject
[t+0s] pipeline feed ready — waiting for fault inject
[t+0s] pipeline feed ready — waiting for fault inject
[t+0s] pipeline feed ready — waiting for fault inject
[t+0s] pipeline feed ready — waiting for fault inject
[t+0s] pipeline feed ready — waiting for fault inject
[t+277s] steered — inject stopped, settling (steered)
[t+278s] [04:59:58] delay=48ms
[t+278s] [05:00:06] delay=50ms
[t+278s] [05:00:14] delay=52ms
[t+278s] [05:00:22] delay=55ms
[t+278s] Fade ramp complete — holding peak 55ms for 120s (Approve window)
[t+278s] Interrupted — killing remote inject, restoring healthy on station1/gre-te-core
[t+278s] Clearing netem on station1 gre-te-core (healthy)
[t+278s] qdisc noqueue 0: root refcnt 2
[t+281s] steered — inject stopped, settling (steered)
[t+0s] pipeline feed ready — waiting for fault inject
[t+0s] pipeline feed ready — waiting for fault inject
[t+293s] natural healthy after steered
[t+0s] pipeline feed ready — waiting for fault inject
[t+0s] pipeline feed ready — waiting for fault inject
[t+0s] pipeline feed ready — waiting for fault inject
[t+0s] pipeline feed ready — waiting for fault inject
[t+323s] inject loss_progression (Loss ramp) cmd=bash scripts/inject_loss_progression.sh --host station1 --steps 24…
[t+0s] pipeline feed ready — waiting for fault inject
[t+0s] pipeline feed ready — waiting for fault inject
[t+0s] pipeline feed ready — waiting for fault inject
[t+0s] pipeline feed ready — waiting for fault inject
[t+0s] pipeline feed ready — waiting for fault inject
[t+0s] pipeline feed ready — waiting for fault inject
[t+0s] pipeline feed ready — waiting for fault inject
[t+0s] pipeline feed ready — waiting for fault inject
[t+0s] pipeline feed ready — waiting for fault inject
[t+397s] recovering after operator_clear
[t+398s] [05:02:03] step 5/24 loss 0.761%
[t+398s] [05:02:11] step 6/24 loss 0.913%
[t+398s] [05:02:19] step 7/24 loss 1.065%
[t+398s] [05:02:27] step 8/24 loss 1.217%
[t+398s] [05:02:35] step 9/24 loss 1.370%
[t+398s] Interrupted — killing remote inject, restoring healthy on station1/gre-te-core
[t+398s] Clearing netem on station1 gre-te-core (healthy)
[t+398s] qdisc noqueue 0: root refcnt 2
[t+0s] pipeline feed ready — waiting for fault inject
[t+409s] model-seeded Decide alert#208217 class=tunnel_degradation sev=4B
[t+0s] pipeline feed ready — waiting for fault inject
[t+0s] pipeline feed ready — waiting for fault inject
[t+0s] pipeline feed ready — waiting for fault inject
[t+0s] pipeline feed ready — waiting for fault inject
[t+0s] pipeline feed ready — waiting for fault inject
[t+0s] pipeline feed ready — waiting for fault inject
[t+0s] pipeline feed ready — waiting for fault inject
[t+0s] pipeline feed ready — waiting for fault inject
[t+0s] pipeline feed ready — waiting for fault inject
[t+0s] pipeline feed ready — waiting for fault inject
[t+0s] pipeline feed ready — waiting for fault inject
[t+0s] pipeline feed ready — waiting for fault inject
[t+0s] pipeline feed ready — waiting for fault inject
[t+0s] pipeline feed ready — waiting for fault inject
[t+0s] pipeline feed ready — waiting for fault inject
[t+0s] pipeline feed ready — waiting for fault inject
[t+0s] pipeline feed ready — waiting for fault inject
[t+0s] pipeline feed ready — waiting for fault inject
[t+0s] pipeline feed ready — waiting for fault inject
[t+0s] pipeline feed ready — waiting for fault inject
[t+0s] pipeline feed ready — waiting for fault inject
[t+0s] pipeline feed ready — waiting for fault inject
[t+0s] pipeline feed ready — waiting for fault inject
[t+0s] pipeline feed ready — waiting for fault inject
[t+0s] pipeline feed ready — waiting for fault inject
[t+0s] pipeline feed ready — waiting for fault inject
[t+0s] pipeline feed ready — waiting for fault inject
[t+0s] pipeline feed ready — waiting for fault inject
[t+0s] pipeline feed ready — waiting for fault inject
[t+0s] pipeline feed ready — waiting for fault inject
[t+0s] pipeline feed ready — waiting for fault inject
[t+0s] pipeline feed ready — waiting for fault inject
[t+0s] pipeline feed ready — waiting for fault inject
[t+0s] pipeline feed ready — waiting for fault inject
[t+0s] pipeline feed ready — waiting for fault inject
[t+0s] pipeline feed ready — waiting for fault inject
[t+0s] pipeline feed ready — waiting for fault inject
[t+0s] pipeline feed ready — waiting for fault inject
[t+0s] pipeline feed ready — waiting for fault inject
[t+0s] pipeline feed ready — waiting for fault inject
[t+0s] pipeline feed ready — waiting for fault inject
[t+0s] pipeline feed ready — waiting for fault inject
[t+0s] pipeline feed ready — waiting for fault inject
[t+0s] pipeline feed ready — waiting for fault inject
[t+0s] pipeline feed ready — waiting for fault inject
[t+0s] pipeline feed ready — waiting for fault inject
[t+0s] pipeline feed ready — waiting for fault inject
[t+0s] pipeline feed ready — waiting for fault inject
[t+0s] pipeline feed ready — waiting for fault inject
[t+0s] pipeline feed ready — waiting for fault inject
[t+0s] pipeline feed ready — waiting for fault inject
[t+0s] pipeline feed ready — waiting for fault inject
[t+0s] pipeline feed ready — waiting for fault inject
[t+0s] pipeline feed ready — waiting for fault inject
[t+0s] pipeline feed ready — waiting for fault inject
[t+0s] pipeline feed ready — waiting for fault inject
[t+0s] pipeline feed ready — waiting for fault inject
[t+0s] pipeline feed ready — waiting for fault inject
[t+0s] pipeline feed ready — waiting for fault inject
[t+0s] pipeline feed ready — waiting for fault inject
[t+0s] pipeline feed ready — waiting for fault inject
[t+0s] pipeline feed ready — waiting for fault inject
[t+0s] pipeline feed ready — waiting for fault inject
[t+0s] pipeline feed ready — waiting for fault inject
[t+0s] pipeline feed ready — waiting for fault inject
[t+0s] pipeline feed ready — waiting for fault inject
[t+0s] pipeline feed ready — waiting for fault inject
[t+0s] pipeline feed ready — waiting for fault inject
[t+0s] pipeline feed ready — waiting for fault inject
[t+0s] pipeline feed ready — waiting for fault inject
[t+0s] pipeline feed ready — waiting for fault inject
[t+0s] pipeline feed ready — waiting for fault inject
[t+0s] pipeline feed ready — waiting for fault inject
[t+0s] pipeline feed ready — waiting for fault inject
[t+0s] pipeline feed ready — waiting for fault inject
[t+0s] pipeline feed ready — waiting for fault inject
[t+0s] pipeline feed ready — waiting for fault inject
[t+0s] pipeline feed ready — waiting for fault inject
[t+0s] pipeline feed ready — waiting for fault inject
[t+0s] pipeline feed ready — waiting for fault inject
[t+0s] pipeline feed ready — waiting for fault inject
[t+0s] pipeline feed ready — waiting for fault inject
[t+0s] pipeline feed ready — waiting for fault inject
[t+0s] pipeline feed ready — waiting for fault inject
[t+0s] pipeline feed ready — waiting for fault inject
[t+0s] pipeline feed ready — waiting for fault inject
[t+0s] pipeline feed ready — waiting for fault inject
[t+0s] pipeline feed ready — waiting for fault inject
[t+0s] pipeline feed ready — waiting for fault inject
[t+0s] pipeline feed ready — waiting for fault inject
[t+0s] pipeline feed ready — waiting for fault inject
[t+0s] pipeline feed ready — waiting for fault inject
[t+0s] pipeline feed ready — waiting for fault inject
[t+0s] pipeline feed ready — waiting for fault inject
[t+0s] pipeline feed ready — waiting for fault inject
[t+0s] pipeline feed ready — waiting for fault inject
[t+0s] pipeline feed ready — waiting for fault inject
[t+0s] pipeline feed ready — waiting for fault inject
[t+0s] pipeline feed ready — waiting for fault inject
[t+0s] pipeline feed ready — waiting for fault inject
[t+0s] pipeline feed ready — waiting for fault inject
[t+0s] pipeline feed ready — waiting for fault inject
[t+0s] pipeline feed ready — waiting for fault inject
[t+0s] pipeline feed ready — waiting for fault inject
[t+0s] pipeline feed ready — waiting for fault inject
[t+0s] pipeline feed ready — waiting for fault inject
[t+0s] pipeline feed ready — waiting for fault inject
[t+0s] pipeline feed ready — waiting for fault inject
[t+0s] pipeline feed ready — waiting for fault inject
[t+0s] pipeline feed ready — waiting for fault inject
[t+0s] pipeline feed ready — waiting for fault inject
[t+0s] pipeline feed ready — waiting for fault inject
[t+0s] pipeline feed ready — waiting for fault inject
[t+0s] pipeline feed ready — waiting for fault inject
[t+0s] pipeline feed ready — waiting for fault inject
[t+0s] pipeline feed ready — waiting for fault inject
[t+0s] pipeline feed ready — waiting for fault inject
[t+0s] pipeline feed ready — waiting for fault inject
[t+0s] pipeline feed ready — waiting for fault inject
[t+0s] pipeline feed ready — waiting for fault inject
[t+0s] pipeline feed ready — waiting for fault inject
[t+0s] pipeline feed ready — waiting for fault inject
[t+0s] pipeline feed ready — waiting for fault inject
[t+0s] pipeline feed ready — waiting for fault inject
[t+0s] pipeline feed ready — waiting for fault inject
[t+0s] pipeline feed ready — waiting for fault inject
[t+0s] pipeline feed ready — waiting for fault inject
[t+0s] pipeline feed ready — waiting for fault inject
[t+0s] pipeline feed ready — waiting for fault inject
[t+0s] pipeline feed ready — waiting for fault inject
[t+0s] pipeline feed ready — waiting for fault inject
[t+0s] pipeline feed ready — waiting for fault inject
[t+0s] pipeline feed ready — waiting for fault inject
[t+0s] pipeline feed ready — waiting for fault inject
[t+0s] pipeline feed ready — waiting for fault inject
[t+0s] pipeline feed ready — waiting for fault inject
[t+0s] pipeline feed ready — waiting for fault inject
[t+0s] pipeline feed ready — waiting for fault inject
[t+0s] pipeline feed ready — waiting for fault inject
[t+0s] pipeline feed ready — waiting for fault inject
[t+0s] pipeline feed ready — waiting for fault inject
[t+0s] pipeline feed ready — waiting for fault inject
[t+0s] pipeline feed ready — waiting for fault inject
[t+0s] pipeline feed ready — waiting for fault inject
[t+0s] pipeline feed ready — waiting for fault inject
[t+0s] pipeline feed ready — waiting for fault inject
[t+0s] pipeline feed ready — waiting for fault inject
[t+0s] pipeline feed ready — waiting for fault inject
[t+0s] pipeline feed ready — waiting for fault inject
[t+0s] pipeline feed ready — waiting for fault inject
[t+0s] pipeline feed ready — waiting for fault inject
[t+0s] pipeline feed ready — waiting for fault inject
