[t+0s] pipeline feed ready — waiting for Decide seed
[t+0s] alert#208077 primary=tunnel_degradation conf=0.91 eta=0.67 playbook=1. Approve: steer ESP underlay to eth0 on PE1 (force_path)
[t+0s] alert#208076 primary=congestion_breach conf=0.9 eta=0.75 playbook=1. Approve: steer ESP underlay to eth0 on PE1 (force_path)
[t+0s] alert#208075 primary=tunnel_degradation conf=0.91 eta=0.67 playbook=1. Approve: steer ESP underlay to eth0 on PE1 (force_path)
[t+0s] alert#208074 primary=congestion_breach conf=0.9 eta=0.75 playbook=1. Approve: steer ESP underlay to eth0 on PE1 (force_path)
[t+0s] pipeline feed ready — waiting for Decide seed
[t+0s] alert#208077 primary=tunnel_degradation conf=0.91 eta=0.67 playbook=1. Approve: steer ESP underlay to eth0 on PE1 (force_path)
[t+0s] alert#208076 primary=congestion_breach conf=0.9 eta=0.75 playbook=1. Approve: steer ESP underlay to eth0 on PE1 (force_path)
[t+0s] alert#208075 primary=tunnel_degradation conf=0.91 eta=0.67 playbook=1. Approve: steer ESP underlay to eth0 on PE1 (force_path)
[t+0s] alert#208074 primary=congestion_breach conf=0.9 eta=0.75 playbook=1. Approve: steer ESP underlay to eth0 on PE1 (force_path)
[t+0s] pipeline feed ready — waiting for Decide seed
[t+0s] alert#208077 primary=tunnel_degradation conf=0.91 eta=0.67 playbook=1. Approve: steer ESP underlay to eth0 on PE1 (force_path)
[t+0s] alert#208076 primary=congestion_breach conf=0.9 eta=0.75 playbook=1. Approve: steer ESP underlay to eth0 on PE1 (force_path)
[t+0s] alert#208075 primary=tunnel_degradation conf=0.91 eta=0.67 playbook=1. Approve: steer ESP underlay to eth0 on PE1 (force_path)
[t+0s] alert#208074 primary=congestion_breach conf=0.9 eta=0.75 playbook=1. Approve: steer ESP underlay to eth0 on PE1 (force_path)
[t+0s] pipeline feed ready — waiting for Decide seed
[t+0s] alert#208077 primary=tunnel_degradation conf=0.91 eta=0.67 playbook=1. Approve: steer ESP underlay to eth0 on PE1 (force_path)
[t+0s] alert#208076 primary=congestion_breach conf=0.9 eta=0.75 playbook=1. Approve: steer ESP underlay to eth0 on PE1 (force_path)
[t+0s] alert#208075 primary=tunnel_degradation conf=0.91 eta=0.67 playbook=1. Approve: steer ESP underlay to eth0 on PE1 (force_path)
[t+0s] alert#208074 primary=congestion_breach conf=0.9 eta=0.75 playbook=1. Approve: steer ESP underlay to eth0 on PE1 (force_path)
[t+0s] pipeline feed ready — waiting for Decide seed
[t+0s] alert#208077 primary=tunnel_degradation conf=0.91 eta=0.67 playbook=1. Approve: steer ESP underlay to eth0 on PE1 (force_path)
[t+0s] alert#208076 primary=congestion_breach conf=0.9 eta=0.75 playbook=1. Approve: steer ESP underlay to eth0 on PE1 (force_path)
[t+0s] alert#208075 primary=tunnel_degradation conf=0.91 eta=0.67 playbook=1. Approve: steer ESP underlay to eth0 on PE1 (force_path)
[t+0s] alert#208074 primary=congestion_breach conf=0.9 eta=0.75 playbook=1. Approve: steer ESP underlay to eth0 on PE1 (force_path)
[t+0s] pipeline feed ready — waiting for Decide seed
[t+0s] alert#208077 primary=tunnel_degradation conf=0.91 eta=0.67 playbook=1. Approve: steer ESP underlay to eth0 on PE1 (force_path)
[t+0s] alert#208076 primary=congestion_breach conf=0.9 eta=0.75 playbook=1. Approve: steer ESP underlay to eth0 on PE1 (force_path)
[t+0s] alert#208075 primary=tunnel_degradation conf=0.91 eta=0.67 playbook=1. Approve: steer ESP underlay to eth0 on PE1 (force_path)
[t+0s] alert#208074 primary=congestion_breach conf=0.9 eta=0.75 playbook=1. Approve: steer ESP underlay to eth0 on PE1 (force_path)
[t+0s] pipeline feed ready — waiting for Decide seed
[t+0s] alert#208077 primary=tunnel_degradation conf=0.91 eta=0.67 playbook=1. Approve: steer ESP underlay to eth0 on PE1 (force_path)
[t+0s] alert#208076 primary=congestion_breach conf=0.9 eta=0.75 playbook=1. Approve: steer ESP underlay to eth0 on PE1 (force_path)
[t+0s] alert#208075 primary=tunnel_degradation conf=0.91 eta=0.67 playbook=1. Approve: steer ESP underlay to eth0 on PE1 (force_path)
[t+0s] alert#208074 primary=congestion_breach conf=0.9 eta=0.75 playbook=1. Approve: steer ESP underlay to eth0 on PE1 (force_path)
[t+0s] pipeline feed ready — waiting for Decide seed
[t+0s] alert#208077 primary=tunnel_degradation conf=0.91 eta=0.67 playbook=1. Approve: steer ESP underlay to eth0 on PE1 (force_path)
[t+0s] alert#208076 primary=congestion_breach conf=0.9 eta=0.75 playbook=1. Approve: steer ESP underlay to eth0 on PE1 (force_path)
[t+0s] alert#208075 primary=tunnel_degradation conf=0.91 eta=0.67 playbook=1. Approve: steer ESP underlay to eth0 on PE1 (force_path)
[t+0s] alert#208074 primary=congestion_breach conf=0.9 eta=0.75 playbook=1. Approve: steer ESP underlay to eth0 on PE1 (force_path)
[t+0s] pipeline feed ready — waiting for Decide seed
[t+0s] alert#208077 primary=tunnel_degradation conf=0.91 eta=0.67 playbook=1. Approve: steer ESP underlay to eth0 on PE1 (force_path)
[t+0s] alert#208076 primary=congestion_breach conf=0.9 eta=0.75 playbook=1. Approve: steer ESP underlay to eth0 on PE1 (force_path)
[t+0s] alert#208075 primary=tunnel_degradation conf=0.91 eta=0.67 playbook=1. Approve: steer ESP underlay to eth0 on PE1 (force_path)
[t+0s] alert#208074 primary=congestion_breach conf=0.9 eta=0.75 playbook=1. Approve: steer ESP underlay to eth0 on PE1 (force_path)
[t+3s] alert#208077 primary=tunnel_degradation conf=0.91 eta=0.67 playbook=1. Approve: steer ESP underlay to eth0 on PE1 (force_path)
[t+3s] alert#208076 primary=congestion_breach conf=0.9 eta=0.75 playbook=1. Approve: steer ESP underlay to eth0 on PE1 (force_path)
[t+3s] alert#208075 primary=tunnel_degradation conf=0.91 eta=0.67 playbook=1. Approve: steer ESP underlay to eth0 on PE1 (force_path)
[t+3s] alert#208074 primary=congestion_breach conf=0.9 eta=0.75 playbook=1. Approve: steer ESP underlay to eth0 on PE1 (force_path)
[t+0s] pipeline feed ready — waiting for Decide seed
[t+0s] alert#208077 primary=tunnel_degradation conf=0.91 eta=0.67 playbook=1. Approve: steer ESP underlay to eth0 on PE1 (force_path)
[t+0s] alert#208076 primary=congestion_breach conf=0.9 eta=0.75 playbook=1. Approve: steer ESP underlay to eth0 on PE1 (force_path)
[t+0s] alert#208075 primary=tunnel_degradation conf=0.91 eta=0.67 playbook=1. Approve: steer ESP underlay to eth0 on PE1 (force_path)
[t+0s] alert#208074 primary=congestion_breach conf=0.9 eta=0.75 playbook=1. Approve: steer ESP underlay to eth0 on PE1 (force_path)
[t+6s] alert#208077 primary=tunnel_degradation conf=0.91 eta=0.67 playbook=1. Approve: steer ESP underlay to eth0 on PE1 (force_path)
[t+6s] alert#208076 primary=congestion_breach conf=0.9 eta=0.75 playbook=1. Approve: steer ESP underlay to eth0 on PE1 (force_path)
[t+6s] alert#208075 primary=tunnel_degradation conf=0.91 eta=0.67 playbook=1. Approve: steer ESP underlay to eth0 on PE1 (force_path)
[t+6s] alert#208074 primary=congestion_breach conf=0.9 eta=0.75 playbook=1. Approve: steer ESP underlay to eth0 on PE1 (force_path)
[t+9s] alert#208077 primary=tunnel_degradation conf=0.91 eta=0.67 playbook=1. Approve: steer ESP underlay to eth0 on PE1 (force_path)
[t+9s] alert#208076 primary=congestion_breach conf=0.9 eta=0.75 playbook=1. Approve: steer ESP underlay to eth0 on PE1 (force_path)
[t+9s] alert#208075 primary=tunnel_degradation conf=0.91 eta=0.67 playbook=1. Approve: steer ESP underlay to eth0 on PE1 (force_path)
[t+9s] alert#208074 primary=congestion_breach conf=0.9 eta=0.75 playbook=1. Approve: steer ESP underlay to eth0 on PE1 (force_path)
[t+0s] pipeline feed ready — waiting for Decide seed
[t+0s] alert#208077 primary=tunnel_degradation conf=0.91 eta=0.67 playbook=1. Approve: steer ESP underlay to eth0 on PE1 (force_path)
[t+0s] alert#208076 primary=congestion_breach conf=0.9 eta=0.75 playbook=1. Approve: steer ESP underlay to eth0 on PE1 (force_path)
[t+0s] alert#208075 primary=tunnel_degradation conf=0.91 eta=0.67 playbook=1. Approve: steer ESP underlay to eth0 on PE1 (force_path)
[t+0s] alert#208074 primary=congestion_breach conf=0.9 eta=0.75 playbook=1. Approve: steer ESP underlay to eth0 on PE1 (force_path)
[t+12s] alert#208077 primary=tunnel_degradation conf=0.91 eta=0.67 playbook=1. Approve: steer ESP underlay to eth0 on PE1 (force_path)
[t+12s] alert#208076 primary=congestion_breach conf=0.9 eta=0.75 playbook=1. Approve: steer ESP underlay to eth0 on PE1 (force_path)
[t+12s] alert#208075 primary=tunnel_degradation conf=0.91 eta=0.67 playbook=1. Approve: steer ESP underlay to eth0 on PE1 (force_path)
[t+12s] alert#208074 primary=congestion_breach conf=0.9 eta=0.75 playbook=1. Approve: steer ESP underlay to eth0 on PE1 (force_path)
[t+15s] alert#208077 primary=tunnel_degradation conf=0.91 eta=0.67 playbook=1. Approve: steer ESP underlay to eth0 on PE1 (force_path)
[t+15s] alert#208076 primary=congestion_breach conf=0.9 eta=0.75 playbook=1. Approve: steer ESP underlay to eth0 on PE1 (force_path)
[t+15s] alert#208075 primary=tunnel_degradation conf=0.91 eta=0.67 playbook=1. Approve: steer ESP underlay to eth0 on PE1 (force_path)
[t+15s] alert#208074 primary=congestion_breach conf=0.9 eta=0.75 playbook=1. Approve: steer ESP underlay to eth0 on PE1 (force_path)
[t+0s] alert#smoke primary=tunnel_degradation firing_tti_heads=[loss,jitter]
[t+0s] pipeline feed ready — waiting for Decide seed
[t+0s] alert#208077 primary=tunnel_degradation conf=0.91 eta=0.67 playbook=1. Approve: steer ESP underlay to eth0 on PE1 (force_path)
[t+0s] alert#208076 primary=congestion_breach conf=0.9 eta=0.75 playbook=1. Approve: steer ESP underlay to eth0 on PE1 (force_path)
[t+0s] alert#208075 primary=tunnel_degradation conf=0.91 eta=0.67 playbook=1. Approve: steer ESP underlay to eth0 on PE1 (force_path)
[t+0s] alert#208074 primary=congestion_breach conf=0.9 eta=0.75 playbook=1. Approve: steer ESP underlay to eth0 on PE1 (force_path)
[t+18s] alert#208077 primary=tunnel_degradation conf=0.91 eta=0.67 playbook=1. Approve: steer ESP underlay to eth0 on PE1 (force_path)
[t+18s] alert#208076 primary=congestion_breach conf=0.9 eta=0.75 playbook=1. Approve: steer ESP underlay to eth0 on PE1 (force_path)
[t+18s] alert#208075 primary=tunnel_degradation conf=0.91 eta=0.67 playbook=1. Approve: steer ESP underlay to eth0 on PE1 (force_path)
[t+18s] alert#208074 primary=congestion_breach conf=0.9 eta=0.75 playbook=1. Approve: steer ESP underlay to eth0 on PE1 (force_path)
[t+21s] alert#208077 primary=tunnel_degradation conf=0.91 eta=0.67 playbook=1. Approve: steer ESP underlay to eth0 on PE1 (force_path)
[t+21s] alert#208076 primary=congestion_breach conf=0.9 eta=0.75 playbook=1. Approve: steer ESP underlay to eth0 on PE1 (force_path)
[t+21s] alert#208075 primary=tunnel_degradation conf=0.91 eta=0.67 playbook=1. Approve: steer ESP underlay to eth0 on PE1 (force_path)
[t+21s] alert#208074 primary=congestion_breach conf=0.9 eta=0.75 playbook=1. Approve: steer ESP underlay to eth0 on PE1 (force_path)
[t+0s] pipeline feed ready — waiting for Decide seed
[t+0s] alert#208077 primary=tunnel_degradation conf=0.91 eta=0.67 playbook=1. Approve: steer ESP underlay to eth0 on PE1 (force_path)
[t+0s] alert#208076 primary=congestion_breach conf=0.9 eta=0.75 playbook=1. Approve: steer ESP underlay to eth0 on PE1 (force_path)
[t+0s] alert#208075 primary=tunnel_degradation conf=0.91 eta=0.67 playbook=1. Approve: steer ESP underlay to eth0 on PE1 (force_path)
[t+0s] alert#208074 primary=congestion_breach conf=0.9 eta=0.75 playbook=1. Approve: steer ESP underlay to eth0 on PE1 (force_path)
[t+24s] alert#208077 primary=tunnel_degradation conf=0.91 eta=0.67 playbook=1. Approve: steer ESP underlay to eth0 on PE1 (force_path)
[t+24s] alert#208076 primary=congestion_breach conf=0.9 eta=0.75 playbook=1. Approve: steer ESP underlay to eth0 on PE1 (force_path)
[t+24s] alert#208075 primary=tunnel_degradation conf=0.91 eta=0.67 playbook=1. Approve: steer ESP underlay to eth0 on PE1 (force_path)
[t+24s] alert#208074 primary=congestion_breach conf=0.9 eta=0.75 playbook=1. Approve: steer ESP underlay to eth0 on PE1 (force_path)
[t+27s] alert#208077 primary=tunnel_degradation conf=0.91 eta=0.67 playbook=1. Approve: steer ESP underlay to eth0 on PE1 (force_path)
[t+27s] alert#208076 primary=congestion_breach conf=0.9 eta=0.75 playbook=1. Approve: steer ESP underlay to eth0 on PE1 (force_path)
[t+27s] alert#208075 primary=tunnel_degradation conf=0.91 eta=0.67 playbook=1. Approve: steer ESP underlay to eth0 on PE1 (force_path)
[t+27s] alert#208074 primary=congestion_breach conf=0.9 eta=0.75 playbook=1. Approve: steer ESP underlay to eth0 on PE1 (force_path)
[t+30s] alert#208077 primary=tunnel_degradation conf=0.91 eta=0.67 playbook=1. Approve: steer ESP underlay to eth0 on PE1 (force_path)
[t+30s] alert#208076 primary=congestion_breach conf=0.9 eta=0.75 playbook=1. Approve: steer ESP underlay to eth0 on PE1 (force_path)
[t+30s] alert#208075 primary=tunnel_degradation conf=0.91 eta=0.67 playbook=1. Approve: steer ESP underlay to eth0 on PE1 (force_path)
[t+30s] alert#208074 primary=congestion_breach conf=0.9 eta=0.75 playbook=1. Approve: steer ESP underlay to eth0 on PE1 (force_path)
[t+0s] pipeline feed ready — waiting for Decide seed
[t+0s] alert#208077 primary=tunnel_degradation conf=0.91 eta=0.67 playbook=1. Approve: steer ESP underlay to eth0 on PE1 (force_path)
[t+0s] alert#208076 primary=congestion_breach conf=0.9 eta=0.75 playbook=1. Approve: steer ESP underlay to eth0 on PE1 (force_path)
[t+0s] alert#208075 primary=tunnel_degradation conf=0.91 eta=0.67 playbook=1. Approve: steer ESP underlay to eth0 on PE1 (force_path)
[t+0s] alert#208074 primary=congestion_breach conf=0.9 eta=0.75 playbook=1. Approve: steer ESP underlay to eth0 on PE1 (force_path)
[t+33s] alert#208077 primary=tunnel_degradation conf=0.91 eta=0.67 playbook=1. Approve: steer ESP underlay to eth0 on PE1 (force_path)
[t+33s] alert#208076 primary=congestion_breach conf=0.9 eta=0.75 playbook=1. Approve: steer ESP underlay to eth0 on PE1 (force_path)
[t+33s] alert#208075 primary=tunnel_degradation conf=0.91 eta=0.67 playbook=1. Approve: steer ESP underlay to eth0 on PE1 (force_path)
[t+33s] alert#208074 primary=congestion_breach conf=0.9 eta=0.75 playbook=1. Approve: steer ESP underlay to eth0 on PE1 (force_path)
[t+36s] alert#208077 primary=tunnel_degradation conf=0.91 eta=0.67 playbook=1. Approve: steer ESP underlay to eth0 on PE1 (force_path)
[t+36s] alert#208076 primary=congestion_breach conf=0.9 eta=0.75 playbook=1. Approve: steer ESP underlay to eth0 on PE1 (force_path)
[t+36s] alert#208075 primary=tunnel_degradation conf=0.91 eta=0.67 playbook=1. Approve: steer ESP underlay to eth0 on PE1 (force_path)
[t+36s] alert#208074 primary=congestion_breach conf=0.9 eta=0.75 playbook=1. Approve: steer ESP underlay to eth0 on PE1 (force_path)
[t+0s] pipeline feed ready — waiting for Decide seed
[t+0s] alert#208077 primary=tunnel_degradation conf=0.91 eta=0.67 playbook=1. Approve: steer ESP underlay to eth0 on PE1 (force_path)
[t+0s] alert#208076 primary=congestion_breach conf=0.9 eta=0.75 playbook=1. Approve: steer ESP underlay to eth0 on PE1 (force_path)
[t+0s] alert#208075 primary=tunnel_degradation conf=0.91 eta=0.67 playbook=1. Approve: steer ESP underlay to eth0 on PE1 (force_path)
[t+0s] alert#208074 primary=congestion_breach conf=0.9 eta=0.75 playbook=1. Approve: steer ESP underlay to eth0 on PE1 (force_path)
[t+39s] alert#208077 primary=tunnel_degradation conf=0.91 eta=0.67 playbook=1. Approve: steer ESP underlay to eth0 on PE1 (force_path)
[t+39s] alert#208076 primary=congestion_breach conf=0.9 eta=0.75 playbook=1. Approve: steer ESP underlay to eth0 on PE1 (force_path)
[t+39s] alert#208075 primary=tunnel_degradation conf=0.91 eta=0.67 playbook=1. Approve: steer ESP underlay to eth0 on PE1 (force_path)
[t+39s] alert#208074 primary=congestion_breach conf=0.9 eta=0.75 playbook=1. Approve: steer ESP underlay to eth0 on PE1 (force_path)
[t+42s] alert#208077 primary=tunnel_degradation conf=0.91 eta=0.67 playbook=1. Approve: steer ESP underlay to eth0 on PE1 (force_path)
[t+42s] alert#208076 primary=congestion_breach conf=0.9 eta=0.75 playbook=1. Approve: steer ESP underlay to eth0 on PE1 (force_path)
[t+42s] alert#208075 primary=tunnel_degradation conf=0.91 eta=0.67 playbook=1. Approve: steer ESP underlay to eth0 on PE1 (force_path)
[t+42s] alert#208074 primary=congestion_breach conf=0.9 eta=0.75 playbook=1. Approve: steer ESP underlay to eth0 on PE1 (force_path)
[t+0s] pipeline feed ready — waiting for Decide seed
[t+0s] alert#208077 primary=tunnel_degradation conf=0.91 eta=0.67 playbook=1. Approve: steer ESP underlay to eth0 on PE1 (force_path)
[t+0s] alert#208076 primary=congestion_breach conf=0.9 eta=0.75 playbook=1. Approve: steer ESP underlay to eth0 on PE1 (force_path)
[t+0s] alert#208075 primary=tunnel_degradation conf=0.91 eta=0.67 playbook=1. Approve: steer ESP underlay to eth0 on PE1 (force_path)
[t+0s] alert#208074 primary=congestion_breach conf=0.9 eta=0.75 playbook=1. Approve: steer ESP underlay to eth0 on PE1 (force_path)
[t+45s] alert#208077 primary=tunnel_degradation conf=0.91 eta=0.67 playbook=1. Approve: steer ESP underlay to eth0 on PE1 (force_path)
[t+45s] alert#208076 primary=congestion_breach conf=0.9 eta=0.75 playbook=1. Approve: steer ESP underlay to eth0 on PE1 (force_path)
[t+45s] alert#208075 primary=tunnel_degradation conf=0.91 eta=0.67 playbook=1. Approve: steer ESP underlay to eth0 on PE1 (force_path)
[t+45s] alert#208074 primary=congestion_breach conf=0.9 eta=0.75 playbook=1. Approve: steer ESP underlay to eth0 on PE1 (force_path)
[t+48s] alert#208077 primary=tunnel_degradation conf=0.91 eta=0.67 playbook=1. Approve: steer ESP underlay to eth0 on PE1 (force_path)
[t+48s] alert#208076 primary=congestion_breach conf=0.9 eta=0.75 playbook=1. Approve: steer ESP underlay to eth0 on PE1 (force_path)
[t+48s] alert#208075 primary=tunnel_degradation conf=0.91 eta=0.67 playbook=1. Approve: steer ESP underlay to eth0 on PE1 (force_path)
[t+48s] alert#208074 primary=congestion_breach conf=0.9 eta=0.75 playbook=1. Approve: steer ESP underlay to eth0 on PE1 (force_path)
[t+51s] alert#208077 primary=tunnel_degradation conf=0.91 eta=0.67 playbook=1. Approve: steer ESP underlay to eth0 on PE1 (force_path)
[t+51s] alert#208076 primary=congestion_breach conf=0.9 eta=0.75 playbook=1. Approve: steer ESP underlay to eth0 on PE1 (force_path)
[t+51s] alert#208075 primary=tunnel_degradation conf=0.91 eta=0.67 playbook=1. Approve: steer ESP underlay to eth0 on PE1 (force_path)
[t+51s] alert#208074 primary=congestion_breach conf=0.9 eta=0.75 playbook=1. Approve: steer ESP underlay to eth0 on PE1 (force_path)
[t+0s] pipeline feed ready — waiting for Decide seed
[t+0s] alert#208077 primary=tunnel_degradation conf=0.91 eta=0.67 playbook=1. Approve: steer ESP underlay to eth0 on PE1 (force_path)
[t+0s] alert#208076 primary=congestion_breach conf=0.9 eta=0.75 playbook=1. Approve: steer ESP underlay to eth0 on PE1 (force_path)
[t+0s] alert#208075 primary=tunnel_degradation conf=0.91 eta=0.67 playbook=1. Approve: steer ESP underlay to eth0 on PE1 (force_path)
[t+0s] alert#208074 primary=congestion_breach conf=0.9 eta=0.75 playbook=1. Approve: steer ESP underlay to eth0 on PE1 (force_path)
[t+54s] alert#208077 primary=tunnel_degradation conf=0.91 eta=0.67 playbook=1. Approve: steer ESP underlay to eth0 on PE1 (force_path)
[t+54s] alert#208076 primary=congestion_breach conf=0.9 eta=0.75 playbook=1. Approve: steer ESP underlay to eth0 on PE1 (force_path)
[t+54s] alert#208075 primary=tunnel_degradation conf=0.91 eta=0.67 playbook=1. Approve: steer ESP underlay to eth0 on PE1 (force_path)
[t+54s] alert#208074 primary=congestion_breach conf=0.9 eta=0.75 playbook=1. Approve: steer ESP underlay to eth0 on PE1 (force_path)
[t+57s] alert#208077 primary=tunnel_degradation conf=0.91 eta=0.67 playbook=1. Approve: steer ESP underlay to eth0 on PE1 (force_path)
[t+57s] alert#208076 primary=congestion_breach conf=0.9 eta=0.75 playbook=1. Approve: steer ESP underlay to eth0 on PE1 (force_path)
[t+57s] alert#208075 primary=tunnel_degradation conf=0.91 eta=0.67 playbook=1. Approve: steer ESP underlay to eth0 on PE1 (force_path)
[t+57s] alert#208074 primary=congestion_breach conf=0.9 eta=0.75 playbook=1. Approve: steer ESP underlay to eth0 on PE1 (force_path)
[t+0s] pipeline feed ready — waiting for Decide seed
[t+0s] alert#208077 primary=tunnel_degradation conf=0.91 eta=0.67 playbook=1. Approve: steer ESP underlay to eth0 on PE1 (force_path)
[t+0s] alert#208076 primary=congestion_breach conf=0.9 eta=0.75 playbook=1. Approve: steer ESP underlay to eth0 on PE1 (force_path)
[t+0s] alert#208075 primary=tunnel_degradation conf=0.91 eta=0.67 playbook=1. Approve: steer ESP underlay to eth0 on PE1 (force_path)
[t+0s] alert#208074 primary=congestion_breach conf=0.9 eta=0.75 playbook=1. Approve: steer ESP underlay to eth0 on PE1 (force_path)
[t+60s] alert#208077 primary=tunnel_degradation conf=0.91 eta=0.67 playbook=1. Approve: steer ESP underlay to eth0 on PE1 (force_path)
[t+60s] alert#208076 primary=congestion_breach conf=0.9 eta=0.75 playbook=1. Approve: steer ESP underlay to eth0 on PE1 (force_path)
[t+60s] alert#208075 primary=tunnel_degradation conf=0.91 eta=0.67 playbook=1. Approve: steer ESP underlay to eth0 on PE1 (force_path)
[t+60s] alert#208074 primary=congestion_breach conf=0.9 eta=0.75 playbook=1. Approve: steer ESP underlay to eth0 on PE1 (force_path)
[t+63s] alert#208077 primary=tunnel_degradation conf=0.91 eta=0.67 playbook=1. Approve: steer ESP underlay to eth0 on PE1 (force_path)
[t+63s] alert#208076 primary=congestion_breach conf=0.9 eta=0.75 playbook=1. Approve: steer ESP underlay to eth0 on PE1 (force_path)
[t+63s] alert#208075 primary=tunnel_degradation conf=0.91 eta=0.67 playbook=1. Approve: steer ESP underlay to eth0 on PE1 (force_path)
[t+63s] alert#208074 primary=congestion_breach conf=0.9 eta=0.75 playbook=1. Approve: steer ESP underlay to eth0 on PE1 (force_path)
[t+0s] pipeline feed ready — waiting for Decide seed
[t+0s] alert#208077 primary=tunnel_degradation conf=0.91 eta=0.67 playbook=1. Approve: steer ESP underlay to eth0 on PE1 (force_path)
[t+0s] alert#208076 primary=congestion_breach conf=0.9 eta=0.75 playbook=1. Approve: steer ESP underlay to eth0 on PE1 (force_path)
[t+0s] alert#208075 primary=tunnel_degradation conf=0.91 eta=0.67 playbook=1. Approve: steer ESP underlay to eth0 on PE1 (force_path)
[t+0s] alert#208074 primary=congestion_breach conf=0.9 eta=0.75 playbook=1. Approve: steer ESP underlay to eth0 on PE1 (force_path)
[t+66s] alert#208077 primary=tunnel_degradation conf=0.91 eta=0.67 playbook=1. Approve: steer ESP underlay to eth0 on PE1 (force_path)
[t+66s] alert#208076 primary=congestion_breach conf=0.9 eta=0.75 playbook=1. Approve: steer ESP underlay to eth0 on PE1 (force_path)
[t+66s] alert#208075 primary=tunnel_degradation conf=0.91 eta=0.67 playbook=1. Approve: steer ESP underlay to eth0 on PE1 (force_path)
[t+66s] alert#208074 primary=congestion_breach conf=0.9 eta=0.75 playbook=1. Approve: steer ESP underlay to eth0 on PE1 (force_path)
[t+69s] alert#208077 primary=tunnel_degradation conf=0.91 eta=0.67 playbook=1. Approve: steer ESP underlay to eth0 on PE1 (force_path)
[t+69s] alert#208076 primary=congestion_breach conf=0.9 eta=0.75 playbook=1. Approve: steer ESP underlay to eth0 on PE1 (force_path)
[t+69s] alert#208075 primary=tunnel_degradation conf=0.91 eta=0.67 playbook=1. Approve: steer ESP underlay to eth0 on PE1 (force_path)
[t+69s] alert#208074 primary=congestion_breach conf=0.9 eta=0.75 playbook=1. Approve: steer ESP underlay to eth0 on PE1 (force_path)
[t+0s] pipeline feed ready — waiting for Decide seed
[t+0s] alert#208077 primary=tunnel_degradation conf=0.91 eta=0.67 playbook=1. Approve: steer ESP underlay to eth0 on PE1 (force_path)
[t+0s] alert#208076 primary=congestion_breach conf=0.9 eta=0.75 playbook=1. Approve: steer ESP underlay to eth0 on PE1 (force_path)
[t+0s] alert#208075 primary=tunnel_degradation conf=0.91 eta=0.67 playbook=1. Approve: steer ESP underlay to eth0 on PE1 (force_path)
[t+0s] alert#208074 primary=congestion_breach conf=0.9 eta=0.75 playbook=1. Approve: steer ESP underlay to eth0 on PE1 (force_path)
[t+72s] alert#208077 primary=tunnel_degradation conf=0.91 eta=0.67 playbook=1. Approve: steer ESP underlay to eth0 on PE1 (force_path)
[t+72s] alert#208076 primary=congestion_breach conf=0.9 eta=0.75 playbook=1. Approve: steer ESP underlay to eth0 on PE1 (force_path)
[t+72s] alert#208075 primary=tunnel_degradation conf=0.91 eta=0.67 playbook=1. Approve: steer ESP underlay to eth0 on PE1 (force_path)
[t+72s] alert#208074 primary=congestion_breach conf=0.9 eta=0.75 playbook=1. Approve: steer ESP underlay to eth0 on PE1 (force_path)
[t+75s] alert#208077 primary=tunnel_degradation conf=0.91 eta=0.67 playbook=1. Approve: steer ESP underlay to eth0 on PE1 (force_path)
[t+75s] alert#208076 primary=congestion_breach conf=0.9 eta=0.75 playbook=1. Approve: steer ESP underlay to eth0 on PE1 (force_path)
[t+75s] alert#208075 primary=tunnel_degradation conf=0.91 eta=0.67 playbook=1. Approve: steer ESP underlay to eth0 on PE1 (force_path)
[t+75s] alert#208074 primary=congestion_breach conf=0.9 eta=0.75 playbook=1. Approve: steer ESP underlay to eth0 on PE1 (force_path)
[t+78s] alert#208077 primary=tunnel_degradation conf=0.91 eta=0.67 playbook=1. Approve: steer ESP underlay to eth0 on PE1 (force_path)
[t+78s] alert#208076 primary=congestion_breach conf=0.9 eta=0.75 playbook=1. Approve: steer ESP underlay to eth0 on PE1 (force_path)
[t+78s] alert#208075 primary=tunnel_degradation conf=0.91 eta=0.67 playbook=1. Approve: steer ESP underlay to eth0 on PE1 (force_path)
[t+78s] alert#208074 primary=congestion_breach conf=0.9 eta=0.75 playbook=1. Approve: steer ESP underlay to eth0 on PE1 (force_path)
[t+0s] pipeline feed ready — waiting for Decide seed
[t+0s] alert#208077 primary=tunnel_degradation conf=0.91 eta=0.67 playbook=1. Approve: steer ESP underlay to eth0 on PE1 (force_path)
[t+0s] alert#208076 primary=congestion_breach conf=0.9 eta=0.75 playbook=1. Approve: steer ESP underlay to eth0 on PE1 (force_path)
[t+0s] alert#208075 primary=tunnel_degradation conf=0.91 eta=0.67 playbook=1. Approve: steer ESP underlay to eth0 on PE1 (force_path)
[t+0s] alert#208074 primary=congestion_breach conf=0.9 eta=0.75 playbook=1. Approve: steer ESP underlay to eth0 on PE1 (force_path)
[t+81s] alert#208077 primary=tunnel_degradation conf=0.91 eta=0.67 playbook=1. Approve: steer ESP underlay to eth0 on PE1 (force_path)
[t+81s] alert#208076 primary=congestion_breach conf=0.9 eta=0.75 playbook=1. Approve: steer ESP underlay to eth0 on PE1 (force_path)
[t+81s] alert#208075 primary=tunnel_degradation conf=0.91 eta=0.67 playbook=1. Approve: steer ESP underlay to eth0 on PE1 (force_path)
[t+81s] alert#208074 primary=congestion_breach conf=0.9 eta=0.75 playbook=1. Approve: steer ESP underlay to eth0 on PE1 (force_path)
[t+84s] alert#208077 primary=tunnel_degradation conf=0.91 eta=0.67 playbook=1. Approve: steer ESP underlay to eth0 on PE1 (force_path)
[t+84s] alert#208076 primary=congestion_breach conf=0.9 eta=0.75 playbook=1. Approve: steer ESP underlay to eth0 on PE1 (force_path)
[t+84s] alert#208075 primary=tunnel_degradation conf=0.91 eta=0.67 playbook=1. Approve: steer ESP underlay to eth0 on PE1 (force_path)
[t+84s] alert#208074 primary=congestion_breach conf=0.9 eta=0.75 playbook=1. Approve: steer ESP underlay to eth0 on PE1 (force_path)
[t+0s] pipeline feed ready — waiting for Decide seed
[t+0s] alert#208077 primary=tunnel_degradation conf=0.91 eta=0.67 playbook=1. Approve: steer ESP underlay to eth0 on PE1 (force_path)
[t+0s] alert#208076 primary=congestion_breach conf=0.9 eta=0.75 playbook=1. Approve: steer ESP underlay to eth0 on PE1 (force_path)
[t+0s] alert#208075 primary=tunnel_degradation conf=0.91 eta=0.67 playbook=1. Approve: steer ESP underlay to eth0 on PE1 (force_path)
[t+0s] alert#208074 primary=congestion_breach conf=0.9 eta=0.75 playbook=1. Approve: steer ESP underlay to eth0 on PE1 (force_path)
[t+87s] alert#208077 primary=tunnel_degradation conf=0.91 eta=0.67 playbook=1. Approve: steer ESP underlay to eth0 on PE1 (force_path)
[t+87s] alert#208076 primary=congestion_breach conf=0.9 eta=0.75 playbook=1. Approve: steer ESP underlay to eth0 on PE1 (force_path)
[t+87s] alert#208075 primary=tunnel_degradation conf=0.91 eta=0.67 playbook=1. Approve: steer ESP underlay to eth0 on PE1 (force_path)
[t+87s] alert#208074 primary=congestion_breach conf=0.9 eta=0.75 playbook=1. Approve: steer ESP underlay to eth0 on PE1 (force_path)
[t+90s] alert#208077 primary=tunnel_degradation conf=0.91 eta=0.67 playbook=1. Approve: steer ESP underlay to eth0 on PE1 (force_path)
[t+90s] alert#208076 primary=congestion_breach conf=0.9 eta=0.75 playbook=1. Approve: steer ESP underlay to eth0 on PE1 (force_path)
[t+90s] alert#208075 primary=tunnel_degradation conf=0.91 eta=0.67 playbook=1. Approve: steer ESP underlay to eth0 on PE1 (force_path)
[t+90s] alert#208074 primary=congestion_breach conf=0.9 eta=0.75 playbook=1. Approve: steer ESP underlay to eth0 on PE1 (force_path)
[t+0s] pipeline feed ready — waiting for Decide seed
[t+0s] alert#208077 primary=tunnel_degradation conf=0.91 eta=0.67 playbook=1. Approve: steer ESP underlay to eth0 on PE1 (force_path)
[t+0s] alert#208076 primary=congestion_breach conf=0.9 eta=0.75 playbook=1. Approve: steer ESP underlay to eth0 on PE1 (force_path)
[t+0s] alert#208075 primary=tunnel_degradation conf=0.91 eta=0.67 playbook=1. Approve: steer ESP underlay to eth0 on PE1 (force_path)
[t+0s] alert#208074 primary=congestion_breach conf=0.9 eta=0.75 playbook=1. Approve: steer ESP underlay to eth0 on PE1 (force_path)
[t+94s] alert#208077 primary=tunnel_degradation conf=0.91 eta=0.67 playbook=1. Approve: steer ESP underlay to eth0 on PE1 (force_path)
[t+94s] alert#208076 primary=congestion_breach conf=0.9 eta=0.75 playbook=1. Approve: steer ESP underlay to eth0 on PE1 (force_path)
[t+94s] alert#208075 primary=tunnel_degradation conf=0.91 eta=0.67 playbook=1. Approve: steer ESP underlay to eth0 on PE1 (force_path)
[t+94s] alert#208074 primary=congestion_breach conf=0.9 eta=0.75 playbook=1. Approve: steer ESP underlay to eth0 on PE1 (force_path)
[t+97s] alert#208077 primary=tunnel_degradation conf=0.91 eta=0.67 playbook=1. Approve: steer ESP underlay to eth0 on PE1 (force_path)
[t+97s] alert#208076 primary=congestion_breach conf=0.9 eta=0.75 playbook=1. Approve: steer ESP underlay to eth0 on PE1 (force_path)
[t+97s] alert#208075 primary=tunnel_degradation conf=0.91 eta=0.67 playbook=1. Approve: steer ESP underlay to eth0 on PE1 (force_path)
[t+97s] alert#208074 primary=congestion_breach conf=0.9 eta=0.75 playbook=1. Approve: steer ESP underlay to eth0 on PE1 (force_path)
[t+100s] alert#208077 primary=tunnel_degradation conf=0.91 eta=0.67 playbook=1. Approve: steer ESP underlay to eth0 on PE1 (force_path)
[t+100s] alert#208076 primary=congestion_breach conf=0.9 eta=0.75 playbook=1. Approve: steer ESP underlay to eth0 on PE1 (force_path)
[t+100s] alert#208075 primary=tunnel_degradation conf=0.91 eta=0.67 playbook=1. Approve: steer ESP underlay to eth0 on PE1 (force_path)
[t+100s] alert#208074 primary=congestion_breach conf=0.9 eta=0.75 playbook=1. Approve: steer ESP underlay to eth0 on PE1 (force_path)
[t+0s] pipeline feed ready — waiting for Decide seed
[t+0s] alert#208077 primary=tunnel_degradation conf=0.91 eta=0.67 playbook=1. Approve: steer ESP underlay to eth0 on PE1 (force_path)
[t+0s] alert#208076 primary=congestion_breach conf=0.9 eta=0.75 playbook=1. Approve: steer ESP underlay to eth0 on PE1 (force_path)
[t+0s] alert#208075 primary=tunnel_degradation conf=0.91 eta=0.67 playbook=1. Approve: steer ESP underlay to eth0 on PE1 (force_path)
[t+0s] alert#208074 primary=congestion_breach conf=0.9 eta=0.75 playbook=1. Approve: steer ESP underlay to eth0 on PE1 (force_path)
[t+103s] alert#208077 primary=tunnel_degradation conf=0.91 eta=0.67 playbook=1. Approve: steer ESP underlay to eth0 on PE1 (force_path)
[t+103s] alert#208076 primary=congestion_breach conf=0.9 eta=0.75 playbook=1. Approve: steer ESP underlay to eth0 on PE1 (force_path)
[t+103s] alert#208075 primary=tunnel_degradation conf=0.91 eta=0.67 playbook=1. Approve: steer ESP underlay to eth0 on PE1 (force_path)
[t+103s] alert#208074 primary=congestion_breach conf=0.9 eta=0.75 playbook=1. Approve: steer ESP underlay to eth0 on PE1 (force_path)
[t+106s] alert#208077 primary=tunnel_degradation conf=0.91 eta=0.67 playbook=1. Approve: steer ESP underlay to eth0 on PE1 (force_path)
[t+106s] alert#208076 primary=congestion_breach conf=0.9 eta=0.75 playbook=1. Approve: steer ESP underlay to eth0 on PE1 (force_path)
[t+106s] alert#208075 primary=tunnel_degradation conf=0.91 eta=0.67 playbook=1. Approve: steer ESP underlay to eth0 on PE1 (force_path)
[t+106s] alert#208074 primary=congestion_breach conf=0.9 eta=0.75 playbook=1. Approve: steer ESP underlay to eth0 on PE1 (force_path)
[t+0s] pipeline feed ready — waiting for Decide seed
[t+0s] alert#208077 primary=tunnel_degradation conf=0.91 eta=0.67 playbook=1. Approve: steer ESP underlay to eth0 on PE1 (force_path)
[t+0s] alert#208076 primary=congestion_breach conf=0.9 eta=0.75 playbook=1. Approve: steer ESP underlay to eth0 on PE1 (force_path)
[t+0s] alert#208075 primary=tunnel_degradation conf=0.91 eta=0.67 playbook=1. Approve: steer ESP underlay to eth0 on PE1 (force_path)
[t+0s] alert#208074 primary=congestion_breach conf=0.9 eta=0.75 playbook=1. Approve: steer ESP underlay to eth0 on PE1 (force_path)
[t+109s] alert#208077 primary=tunnel_degradation conf=0.91 eta=0.67 playbook=1. Approve: steer ESP underlay to eth0 on PE1 (force_path)
[t+109s] alert#208076 primary=congestion_breach conf=0.9 eta=0.75 playbook=1. Approve: steer ESP underlay to eth0 on PE1 (force_path)
[t+109s] alert#208075 primary=tunnel_degradation conf=0.91 eta=0.67 playbook=1. Approve: steer ESP underlay to eth0 on PE1 (force_path)
[t+109s] alert#208074 primary=congestion_breach conf=0.9 eta=0.75 playbook=1. Approve: steer ESP underlay to eth0 on PE1 (force_path)
[t+112s] alert#208077 primary=tunnel_degradation conf=0.91 eta=0.67 playbook=1. Approve: steer ESP underlay to eth0 on PE1 (force_path)
[t+112s] alert#208076 primary=congestion_breach conf=0.9 eta=0.75 playbook=1. Approve: steer ESP underlay to eth0 on PE1 (force_path)
[t+112s] alert#208075 primary=tunnel_degradation conf=0.91 eta=0.67 playbook=1. Approve: steer ESP underlay to eth0 on PE1 (force_path)
[t+112s] alert#208074 primary=congestion_breach conf=0.9 eta=0.75 playbook=1. Approve: steer ESP underlay to eth0 on PE1 (force_path)
[t+0s] pipeline feed ready — waiting for Decide seed
[t+0s] alert#208077 primary=tunnel_degradation conf=0.91 eta=0.67 playbook=1. Approve: steer ESP underlay to eth0 on PE1 (force_path)
[t+0s] alert#208076 primary=congestion_breach conf=0.9 eta=0.75 playbook=1. Approve: steer ESP underlay to eth0 on PE1 (force_path)
[t+0s] alert#208075 primary=tunnel_degradation conf=0.91 eta=0.67 playbook=1. Approve: steer ESP underlay to eth0 on PE1 (force_path)
[t+0s] alert#208074 primary=congestion_breach conf=0.9 eta=0.75 playbook=1. Approve: steer ESP underlay to eth0 on PE1 (force_path)
[t+115s] alert#208077 primary=tunnel_degradation conf=0.91 eta=0.67 playbook=1. Approve: steer ESP underlay to eth0 on PE1 (force_path)
[t+115s] alert#208076 primary=congestion_breach conf=0.9 eta=0.75 playbook=1. Approve: steer ESP underlay to eth0 on PE1 (force_path)
[t+115s] alert#208075 primary=tunnel_degradation conf=0.91 eta=0.67 playbook=1. Approve: steer ESP underlay to eth0 on PE1 (force_path)
[t+115s] alert#208074 primary=congestion_breach conf=0.9 eta=0.75 playbook=1. Approve: steer ESP underlay to eth0 on PE1 (force_path)
[t+118s] alert#208077 primary=tunnel_degradation conf=0.91 eta=0.67 playbook=1. Approve: steer ESP underlay to eth0 on PE1 (force_path)
[t+118s] alert#208076 primary=congestion_breach conf=0.9 eta=0.75 playbook=1. Approve: steer ESP underlay to eth0 on PE1 (force_path)
[t+118s] alert#208075 primary=tunnel_degradation conf=0.91 eta=0.67 playbook=1. Approve: steer ESP underlay to eth0 on PE1 (force_path)
[t+118s] alert#208074 primary=congestion_breach conf=0.9 eta=0.75 playbook=1. Approve: steer ESP underlay to eth0 on PE1 (force_path)
[t+0s] pipeline feed ready — waiting for Decide seed
[t+0s] alert#208077 primary=tunnel_degradation conf=0.91 eta=0.67 playbook=1. Approve: steer ESP underlay to eth0 on PE1 (force_path)
[t+0s] alert#208076 primary=congestion_breach conf=0.9 eta=0.75 playbook=1. Approve: steer ESP underlay to eth0 on PE1 (force_path)
[t+0s] alert#208075 primary=tunnel_degradation conf=0.91 eta=0.67 playbook=1. Approve: steer ESP underlay to eth0 on PE1 (force_path)
[t+0s] alert#208074 primary=congestion_breach conf=0.9 eta=0.75 playbook=1. Approve: steer ESP underlay to eth0 on PE1 (force_path)
[t+121s] alert#208077 primary=tunnel_degradation conf=0.91 eta=0.67 playbook=1. Approve: steer ESP underlay to eth0 on PE1 (force_path)
[t+121s] alert#208076 primary=congestion_breach conf=0.9 eta=0.75 playbook=1. Approve: steer ESP underlay to eth0 on PE1 (force_path)
[t+121s] alert#208075 primary=tunnel_degradation conf=0.91 eta=0.67 playbook=1. Approve: steer ESP underlay to eth0 on PE1 (force_path)
[t+121s] alert#208074 primary=congestion_breach conf=0.9 eta=0.75 playbook=1. Approve: steer ESP underlay to eth0 on PE1 (force_path)
[t+124s] alert#208077 primary=tunnel_degradation conf=0.91 eta=0.67 playbook=1. Approve: steer ESP underlay to eth0 on PE1 (force_path)
[t+124s] alert#208076 primary=congestion_breach conf=0.9 eta=0.75 playbook=1. Approve: steer ESP underlay to eth0 on PE1 (force_path)
[t+124s] alert#208075 primary=tunnel_degradation conf=0.91 eta=0.67 playbook=1. Approve: steer ESP underlay to eth0 on PE1 (force_path)
[t+124s] alert#208074 primary=congestion_breach conf=0.9 eta=0.75 playbook=1. Approve: steer ESP underlay to eth0 on PE1 (force_path)
[t+127s] alert#208077 primary=tunnel_degradation conf=0.91 eta=0.67 playbook=1. Approve: steer ESP underlay to eth0 on PE1 (force_path)
[t+127s] alert#208076 primary=congestion_breach conf=0.9 eta=0.75 playbook=1. Approve: steer ESP underlay to eth0 on PE1 (force_path)
[t+127s] alert#208075 primary=tunnel_degradation conf=0.91 eta=0.67 playbook=1. Approve: steer ESP underlay to eth0 on PE1 (force_path)
[t+127s] alert#208074 primary=congestion_breach conf=0.9 eta=0.75 playbook=1. Approve: steer ESP underlay to eth0 on PE1 (force_path)
[t+0s] pipeline feed ready — waiting for Decide seed
[t+0s] alert#208077 primary=tunnel_degradation conf=0.91 eta=0.67 playbook=1. Approve: steer ESP underlay to eth0 on PE1 (force_path)
[t+0s] alert#208076 primary=congestion_breach conf=0.9 eta=0.75 playbook=1. Approve: steer ESP underlay to eth0 on PE1 (force_path)
[t+0s] alert#208075 primary=tunnel_degradation conf=0.91 eta=0.67 playbook=1. Approve: steer ESP underlay to eth0 on PE1 (force_path)
[t+0s] alert#208074 primary=congestion_breach conf=0.9 eta=0.75 playbook=1. Approve: steer ESP underlay to eth0 on PE1 (force_path)
[t+130s] alert#208077 primary=tunnel_degradation conf=0.91 eta=0.67 playbook=1. Approve: steer ESP underlay to eth0 on PE1 (force_path)
[t+130s] alert#208076 primary=congestion_breach conf=0.9 eta=0.75 playbook=1. Approve: steer ESP underlay to eth0 on PE1 (force_path)
[t+130s] alert#208075 primary=tunnel_degradation conf=0.91 eta=0.67 playbook=1. Approve: steer ESP underlay to eth0 on PE1 (force_path)
[t+130s] alert#208074 primary=congestion_breach conf=0.9 eta=0.75 playbook=1. Approve: steer ESP underlay to eth0 on PE1 (force_path)
[t+133s] alert#208077 primary=tunnel_degradation conf=0.91 eta=0.67 playbook=1. Approve: steer ESP underlay to eth0 on PE1 (force_path)
[t+133s] alert#208076 primary=congestion_breach conf=0.9 eta=0.75 playbook=1. Approve: steer ESP underlay to eth0 on PE1 (force_path)
[t+133s] alert#208075 primary=tunnel_degradation conf=0.91 eta=0.67 playbook=1. Approve: steer ESP underlay to eth0 on PE1 (force_path)
[t+133s] alert#208074 primary=congestion_breach conf=0.9 eta=0.75 playbook=1. Approve: steer ESP underlay to eth0 on PE1 (force_path)
[t+0s] pipeline feed ready — waiting for Decide seed
[t+0s] alert#208077 primary=tunnel_degradation conf=0.91 eta=0.67 playbook=1. Approve: steer ESP underlay to eth0 on PE1 (force_path)
[t+0s] alert#208076 primary=congestion_breach conf=0.9 eta=0.75 playbook=1. Approve: steer ESP underlay to eth0 on PE1 (force_path)
[t+0s] alert#208075 primary=tunnel_degradation conf=0.91 eta=0.67 playbook=1. Approve: steer ESP underlay to eth0 on PE1 (force_path)
[t+0s] alert#208074 primary=congestion_breach conf=0.9 eta=0.75 playbook=1. Approve: steer ESP underlay to eth0 on PE1 (force_path)
[t+136s] alert#208077 primary=tunnel_degradation conf=0.91 eta=0.67 playbook=1. Approve: steer ESP underlay to eth0 on PE1 (force_path)
[t+136s] alert#208076 primary=congestion_breach conf=0.9 eta=0.75 playbook=1. Approve: steer ESP underlay to eth0 on PE1 (force_path)
[t+136s] alert#208075 primary=tunnel_degradation conf=0.91 eta=0.67 playbook=1. Approve: steer ESP underlay to eth0 on PE1 (force_path)
[t+136s] alert#208074 primary=congestion_breach conf=0.9 eta=0.75 playbook=1. Approve: steer ESP underlay to eth0 on PE1 (force_path)
[t+139s] alert#208077 primary=tunnel_degradation conf=0.91 eta=0.67 playbook=1. Approve: steer ESP underlay to eth0 on PE1 (force_path)
[t+139s] alert#208076 primary=congestion_breach conf=0.9 eta=0.75 playbook=1. Approve: steer ESP underlay to eth0 on PE1 (force_path)
[t+139s] alert#208075 primary=tunnel_degradation conf=0.91 eta=0.67 playbook=1. Approve: steer ESP underlay to eth0 on PE1 (force_path)
[t+139s] alert#208074 primary=congestion_breach conf=0.9 eta=0.75 playbook=1. Approve: steer ESP underlay to eth0 on PE1 (force_path)
[t+0s] pipeline feed ready — waiting for Decide seed
[t+0s] alert#208077 primary=tunnel_degradation conf=0.91 eta=0.67 playbook=1. Approve: steer ESP underlay to eth0 on PE1 (force_path)
[t+0s] alert#208076 primary=congestion_breach conf=0.9 eta=0.75 playbook=1. Approve: steer ESP underlay to eth0 on PE1 (force_path)
[t+0s] alert#208075 primary=tunnel_degradation conf=0.91 eta=0.67 playbook=1. Approve: steer ESP underlay to eth0 on PE1 (force_path)
[t+0s] alert#208074 primary=congestion_breach conf=0.9 eta=0.75 playbook=1. Approve: steer ESP underlay to eth0 on PE1 (force_path)
[t+142s] alert#208077 primary=tunnel_degradation conf=0.91 eta=0.67 playbook=1. Approve: steer ESP underlay to eth0 on PE1 (force_path)
[t+142s] alert#208076 primary=congestion_breach conf=0.9 eta=0.75 playbook=1. Approve: steer ESP underlay to eth0 on PE1 (force_path)
[t+142s] alert#208075 primary=tunnel_degradation conf=0.91 eta=0.67 playbook=1. Approve: steer ESP underlay to eth0 on PE1 (force_path)
[t+142s] alert#208074 primary=congestion_breach conf=0.9 eta=0.75 playbook=1. Approve: steer ESP underlay to eth0 on PE1 (force_path)
[t+145s] alert#208077 primary=tunnel_degradation conf=0.91 eta=0.67 playbook=1. Approve: steer ESP underlay to eth0 on PE1 (force_path)
[t+145s] alert#208076 primary=congestion_breach conf=0.9 eta=0.75 playbook=1. Approve: steer ESP underlay to eth0 on PE1 (force_path)
[t+145s] alert#208075 primary=tunnel_degradation conf=0.91 eta=0.67 playbook=1. Approve: steer ESP underlay to eth0 on PE1 (force_path)
[t+145s] alert#208074 primary=congestion_breach conf=0.9 eta=0.75 playbook=1. Approve: steer ESP underlay to eth0 on PE1 (force_path)
[t+148s] alert#208077 primary=tunnel_degradation conf=0.91 eta=0.67 playbook=1. Approve: steer ESP underlay to eth0 on PE1 (force_path)
[t+148s] alert#208076 primary=congestion_breach conf=0.9 eta=0.75 playbook=1. Approve: steer ESP underlay to eth0 on PE1 (force_path)
[t+148s] alert#208075 primary=tunnel_degradation conf=0.91 eta=0.67 playbook=1. Approve: steer ESP underlay to eth0 on PE1 (force_path)
[t+148s] alert#208074 primary=congestion_breach conf=0.9 eta=0.75 playbook=1. Approve: steer ESP underlay to eth0 on PE1 (force_path)
[t+0s] pipeline feed ready — waiting for Decide seed
[t+0s] alert#208077 primary=tunnel_degradation conf=0.91 eta=0.67 playbook=1. Approve: steer ESP underlay to eth0 on PE1 (force_path)
[t+0s] alert#208076 primary=congestion_breach conf=0.9 eta=0.75 playbook=1. Approve: steer ESP underlay to eth0 on PE1 (force_path)
[t+0s] alert#208075 primary=tunnel_degradation conf=0.91 eta=0.67 playbook=1. Approve: steer ESP underlay to eth0 on PE1 (force_path)
[t+0s] alert#208074 primary=congestion_breach conf=0.9 eta=0.75 playbook=1. Approve: steer ESP underlay to eth0 on PE1 (force_path)
[t+151s] alert#208077 primary=tunnel_degradation conf=0.91 eta=0.67 playbook=1. Approve: steer ESP underlay to eth0 on PE1 (force_path)
[t+151s] alert#208076 primary=congestion_breach conf=0.9 eta=0.75 playbook=1. Approve: steer ESP underlay to eth0 on PE1 (force_path)
[t+151s] alert#208075 primary=tunnel_degradation conf=0.91 eta=0.67 playbook=1. Approve: steer ESP underlay to eth0 on PE1 (force_path)
[t+151s] alert#208074 primary=congestion_breach conf=0.9 eta=0.75 playbook=1. Approve: steer ESP underlay to eth0 on PE1 (force_path)
[t+154s] alert#208077 primary=tunnel_degradation conf=0.91 eta=0.67 playbook=1. Approve: steer ESP underlay to eth0 on PE1 (force_path)
[t+154s] alert#208076 primary=congestion_breach conf=0.9 eta=0.75 playbook=1. Approve: steer ESP underlay to eth0 on PE1 (force_path)
[t+154s] alert#208075 primary=tunnel_degradation conf=0.91 eta=0.67 playbook=1. Approve: steer ESP underlay to eth0 on PE1 (force_path)
[t+154s] alert#208074 primary=congestion_breach conf=0.9 eta=0.75 playbook=1. Approve: steer ESP underlay to eth0 on PE1 (force_path)
[t+0s] pipeline feed ready — waiting for Decide seed
[t+0s] alert#208077 primary=tunnel_degradation conf=0.91 eta=0.67 playbook=1. Approve: steer ESP underlay to eth0 on PE1 (force_path)
[t+0s] alert#208076 primary=congestion_breach conf=0.9 eta=0.75 playbook=1. Approve: steer ESP underlay to eth0 on PE1 (force_path)
[t+0s] alert#208075 primary=tunnel_degradation conf=0.91 eta=0.67 playbook=1. Approve: steer ESP underlay to eth0 on PE1 (force_path)
[t+0s] alert#208074 primary=congestion_breach conf=0.9 eta=0.75 playbook=1. Approve: steer ESP underlay to eth0 on PE1 (force_path)
[t+157s] alert#208077 primary=tunnel_degradation conf=0.91 eta=0.67 playbook=1. Approve: steer ESP underlay to eth0 on PE1 (force_path)
[t+157s] alert#208076 primary=congestion_breach conf=0.9 eta=0.75 playbook=1. Approve: steer ESP underlay to eth0 on PE1 (force_path)
[t+157s] alert#208075 primary=tunnel_degradation conf=0.91 eta=0.67 playbook=1. Approve: steer ESP underlay to eth0 on PE1 (force_path)
[t+157s] alert#208074 primary=congestion_breach conf=0.9 eta=0.75 playbook=1. Approve: steer ESP underlay to eth0 on PE1 (force_path)
[t+160s] alert#208077 primary=tunnel_degradation conf=0.91 eta=0.67 playbook=1. Approve: steer ESP underlay to eth0 on PE1 (force_path)
[t+160s] alert#208076 primary=congestion_breach conf=0.9 eta=0.75 playbook=1. Approve: steer ESP underlay to eth0 on PE1 (force_path)
[t+160s] alert#208075 primary=tunnel_degradation conf=0.91 eta=0.67 playbook=1. Approve: steer ESP underlay to eth0 on PE1 (force_path)
[t+160s] alert#208074 primary=congestion_breach conf=0.9 eta=0.75 playbook=1. Approve: steer ESP underlay to eth0 on PE1 (force_path)
[t+0s] pipeline feed ready — waiting for Decide seed
[t+0s] alert#208077 primary=tunnel_degradation conf=0.91 eta=0.67 playbook=1. Approve: steer ESP underlay to eth0 on PE1 (force_path)
[t+0s] alert#208076 primary=congestion_breach conf=0.9 eta=0.75 playbook=1. Approve: steer ESP underlay to eth0 on PE1 (force_path)
[t+0s] alert#208075 primary=tunnel_degradation conf=0.91 eta=0.67 playbook=1. Approve: steer ESP underlay to eth0 on PE1 (force_path)
[t+0s] alert#208074 primary=congestion_breach conf=0.9 eta=0.75 playbook=1. Approve: steer ESP underlay to eth0 on PE1 (force_path)
[t+164s] alert#208077 primary=tunnel_degradation conf=0.91 eta=0.67 playbook=1. Approve: steer ESP underlay to eth0 on PE1 (force_path)
[t+164s] alert#208076 primary=congestion_breach conf=0.9 eta=0.75 playbook=1. Approve: steer ESP underlay to eth0 on PE1 (force_path)
[t+164s] alert#208075 primary=tunnel_degradation conf=0.91 eta=0.67 playbook=1. Approve: steer ESP underlay to eth0 on PE1 (force_path)
[t+164s] alert#208074 primary=congestion_breach conf=0.9 eta=0.75 playbook=1. Approve: steer ESP underlay to eth0 on PE1 (force_path)
[t+167s] alert#208077 primary=tunnel_degradation conf=0.91 eta=0.67 playbook=1. Approve: steer ESP underlay to eth0 on PE1 (force_path)
[t+167s] alert#208076 primary=congestion_breach conf=0.9 eta=0.75 playbook=1. Approve: steer ESP underlay to eth0 on PE1 (force_path)
[t+167s] alert#208075 primary=tunnel_degradation conf=0.91 eta=0.67 playbook=1. Approve: steer ESP underlay to eth0 on PE1 (force_path)
[t+167s] alert#208074 primary=congestion_breach conf=0.9 eta=0.75 playbook=1. Approve: steer ESP underlay to eth0 on PE1 (force_path)
[t+0s] pipeline feed ready — waiting for Decide seed
[t+0s] alert#208077 primary=tunnel_degradation conf=0.91 eta=0.67 playbook=1. Approve: steer ESP underlay to eth0 on PE1 (force_path)
[t+0s] alert#208076 primary=congestion_breach conf=0.9 eta=0.75 playbook=1. Approve: steer ESP underlay to eth0 on PE1 (force_path)
[t+0s] alert#208075 primary=tunnel_degradation conf=0.91 eta=0.67 playbook=1. Approve: steer ESP underlay to eth0 on PE1 (force_path)
[t+0s] alert#208074 primary=congestion_breach conf=0.9 eta=0.75 playbook=1. Approve: steer ESP underlay to eth0 on PE1 (force_path)
[t+170s] alert#208077 primary=tunnel_degradation conf=0.91 eta=0.67 playbook=1. Approve: steer ESP underlay to eth0 on PE1 (force_path)
[t+170s] alert#208076 primary=congestion_breach conf=0.9 eta=0.75 playbook=1. Approve: steer ESP underlay to eth0 on PE1 (force_path)
[t+170s] alert#208075 primary=tunnel_degradation conf=0.91 eta=0.67 playbook=1. Approve: steer ESP underlay to eth0 on PE1 (force_path)
[t+170s] alert#208074 primary=congestion_breach conf=0.9 eta=0.75 playbook=1. Approve: steer ESP underlay to eth0 on PE1 (force_path)
[t+173s] alert#208077 primary=tunnel_degradation conf=0.91 eta=0.67 playbook=1. Approve: steer ESP underlay to eth0 on PE1 (force_path)
[t+173s] alert#208076 primary=congestion_breach conf=0.9 eta=0.75 playbook=1. Approve: steer ESP underlay to eth0 on PE1 (force_path)
[t+173s] alert#208075 primary=tunnel_degradation conf=0.91 eta=0.67 playbook=1. Approve: steer ESP underlay to eth0 on PE1 (force_path)
[t+173s] alert#208074 primary=congestion_breach conf=0.9 eta=0.75 playbook=1. Approve: steer ESP underlay to eth0 on PE1 (force_path)
[t+176s] alert#208077 primary=tunnel_degradation conf=0.91 eta=0.67 playbook=1. Approve: steer ESP underlay to eth0 on PE1 (force_path)
[t+176s] alert#208076 primary=congestion_breach conf=0.9 eta=0.75 playbook=1. Approve: steer ESP underlay to eth0 on PE1 (force_path)
[t+176s] alert#208075 primary=tunnel_degradation conf=0.91 eta=0.67 playbook=1. Approve: steer ESP underlay to eth0 on PE1 (force_path)
[t+176s] alert#208074 primary=congestion_breach conf=0.9 eta=0.75 playbook=1. Approve: steer ESP underlay to eth0 on PE1 (force_path)
[t+0s] pipeline feed ready — waiting for Decide seed
[t+0s] alert#208077 primary=tunnel_degradation conf=0.91 eta=0.67 playbook=1. Approve: steer ESP underlay to eth0 on PE1 (force_path)
[t+0s] alert#208076 primary=congestion_breach conf=0.9 eta=0.75 playbook=1. Approve: steer ESP underlay to eth0 on PE1 (force_path)
[t+0s] alert#208075 primary=tunnel_degradation conf=0.91 eta=0.67 playbook=1. Approve: steer ESP underlay to eth0 on PE1 (force_path)
[t+0s] alert#208074 primary=congestion_breach conf=0.9 eta=0.75 playbook=1. Approve: steer ESP underlay to eth0 on PE1 (force_path)
[t+179s] alert#208077 primary=tunnel_degradation conf=0.91 eta=0.67 playbook=1. Approve: steer ESP underlay to eth0 on PE1 (force_path)
[t+179s] alert#208076 primary=congestion_breach conf=0.9 eta=0.75 playbook=1. Approve: steer ESP underlay to eth0 on PE1 (force_path)
[t+179s] alert#208075 primary=tunnel_degradation conf=0.91 eta=0.67 playbook=1. Approve: steer ESP underlay to eth0 on PE1 (force_path)
[t+179s] alert#208074 primary=congestion_breach conf=0.9 eta=0.75 playbook=1. Approve: steer ESP underlay to eth0 on PE1 (force_path)
[t+182s] alert#208077 primary=tunnel_degradation conf=0.91 eta=0.67 playbook=1. Approve: steer ESP underlay to eth0 on PE1 (force_path)
[t+182s] alert#208076 primary=congestion_breach conf=0.9 eta=0.75 playbook=1. Approve: steer ESP underlay to eth0 on PE1 (force_path)
[t+182s] alert#208075 primary=tunnel_degradation conf=0.91 eta=0.67 playbook=1. Approve: steer ESP underlay to eth0 on PE1 (force_path)
[t+182s] alert#208074 primary=congestion_breach conf=0.9 eta=0.75 playbook=1. Approve: steer ESP underlay to eth0 on PE1 (force_path)
[t+0s] pipeline feed ready — waiting for Decide seed
[t+0s] alert#208077 primary=tunnel_degradation conf=0.91 eta=0.67 playbook=1. Approve: steer ESP underlay to eth0 on PE1 (force_path)
[t+0s] alert#208076 primary=congestion_breach conf=0.9 eta=0.75 playbook=1. Approve: steer ESP underlay to eth0 on PE1 (force_path)
[t+0s] alert#208075 primary=tunnel_degradation conf=0.91 eta=0.67 playbook=1. Approve: steer ESP underlay to eth0 on PE1 (force_path)
[t+0s] alert#208074 primary=congestion_breach conf=0.9 eta=0.75 playbook=1. Approve: steer ESP underlay to eth0 on PE1 (force_path)
[t+0s] pipeline feed ready — waiting for Decide seed
[t+0s] alert#208077 primary=tunnel_degradation conf=0.91 eta=0.67 playbook=1. Approve: steer ESP underlay to eth0 on PE1 (force_path)
[t+0s] alert#208076 primary=congestion_breach conf=0.9 eta=0.75 playbook=1. Approve: steer ESP underlay to eth0 on PE1 (force_path)
[t+0s] alert#208075 primary=tunnel_degradation conf=0.91 eta=0.67 playbook=1. Approve: steer ESP underlay to eth0 on PE1 (force_path)
[t+0s] alert#208074 primary=congestion_breach conf=0.9 eta=0.75 playbook=1. Approve: steer ESP underlay to eth0 on PE1 (force_path)
[t+0s] pipeline feed ready — waiting for Decide seed
[t+0s] alert#208077 primary=tunnel_degradation conf=0.91 eta=0.67 playbook=1. Approve: steer ESP underlay to eth0 on PE1 (force_path)
[t+0s] alert#208076 primary=congestion_breach conf=0.9 eta=0.75 playbook=1. Approve: steer ESP underlay to eth0 on PE1 (force_path)
[t+0s] alert#208075 primary=tunnel_degradation conf=0.91 eta=0.67 playbook=1. Approve: steer ESP underlay to eth0 on PE1 (force_path)
[t+0s] alert#208074 primary=congestion_breach conf=0.9 eta=0.75 playbook=1. Approve: steer ESP underlay to eth0 on PE1 (force_path)
[t+0s] pipeline feed ready — waiting for Decide seed
[t+0s] alert#208077 primary=tunnel_degradation conf=0.91 eta=0.67 playbook=1. Approve: steer ESP underlay to eth0 on PE1 (force_path)
[t+0s] alert#208076 primary=congestion_breach conf=0.9 eta=0.75 playbook=1. Approve: steer ESP underlay to eth0 on PE1 (force_path)
[t+0s] alert#208075 primary=tunnel_degradation conf=0.91 eta=0.67 playbook=1. Approve: steer ESP underlay to eth0 on PE1 (force_path)
[t+0s] alert#208074 primary=congestion_breach conf=0.9 eta=0.75 playbook=1. Approve: steer ESP underlay to eth0 on PE1 (force_path)
[t+3s] alerts resolved — idle (smoke)
[t+3s] alert#16 primary=advisory_clear conf=0.517 eta=1.5
[t+3s] alert#14 primary=advisory_clear conf=0.524 eta=1.5
[t+3s] alert#12 primary=advisory_clear conf=0.58 eta=9.4
[t+3s] alert#10 primary=advisory_clear conf=0.554 eta=9.4
[t+3s] alert#9 primary=confirmed_clear conf=0.473 eta=1.5
[t+0s] pipeline feed ready — waiting for Decide seed
[t+0s] alert#16 primary=advisory_clear conf=0.517 eta=1.5
[t+0s] alert#14 primary=advisory_clear conf=0.524 eta=1.5
[t+0s] alert#12 primary=advisory_clear conf=0.58 eta=9.4
[t+0s] alert#10 primary=advisory_clear conf=0.554 eta=9.4
[t+0s] alert#9 primary=confirmed_clear conf=0.473 eta=1.5
[t+0s] pipeline feed ready — waiting for Decide seed
[t+0s] alert#16 primary=advisory_clear conf=0.517 eta=1.5
[t+0s] alert#14 primary=advisory_clear conf=0.524 eta=1.5
[t+0s] alert#12 primary=advisory_clear conf=0.58 eta=9.4
[t+0s] alert#10 primary=advisory_clear conf=0.554 eta=9.4
[t+0s] alert#9 primary=confirmed_clear conf=0.473 eta=1.5
[t+0s] pipeline feed ready — waiting for Decide seed
[t+0s] alert#16 primary=advisory_clear conf=0.517 eta=1.5
[t+0s] alert#14 primary=advisory_clear conf=0.524 eta=1.5
[t+0s] alert#12 primary=advisory_clear conf=0.58 eta=9.4
[t+0s] alert#10 primary=advisory_clear conf=0.554 eta=9.4
[t+0s] alert#9 primary=confirmed_clear conf=0.473 eta=1.5
[t+0s] pipeline feed ready — waiting for Decide seed
[t+0s] alert#16 primary=advisory_clear conf=0.517 eta=1.5
[t+0s] alert#14 primary=advisory_clear conf=0.524 eta=1.5
[t+0s] alert#12 primary=advisory_clear conf=0.58 eta=9.4
[t+0s] alert#10 primary=advisory_clear conf=0.554 eta=9.4
[t+0s] alert#9 primary=confirmed_clear conf=0.473 eta=1.5
[t+0s] pipeline feed ready — waiting for Decide seed
[t+0s] alert#16 primary=advisory_clear conf=0.517 eta=1.5
[t+0s] alert#14 primary=advisory_clear conf=0.524 eta=1.5
[t+0s] alert#12 primary=advisory_clear conf=0.58 eta=9.4
[t+0s] alert#10 primary=advisory_clear conf=0.554 eta=9.4
[t+0s] alert#9 primary=confirmed_clear conf=0.473 eta=1.5
[t+0s] pipeline feed ready — waiting for Decide seed
[t+0s] alert#16 primary=advisory_clear conf=0.517 eta=1.5
[t+0s] alert#14 primary=advisory_clear conf=0.524 eta=1.5
[t+0s] alert#12 primary=advisory_clear conf=0.58 eta=9.4
[t+0s] alert#10 primary=advisory_clear conf=0.554 eta=9.4
[t+0s] alert#9 primary=confirmed_clear conf=0.473 eta=1.5
[t+0s] pipeline feed ready — waiting for Decide seed
[t+0s] alert#16 primary=advisory_clear conf=0.517 eta=1.5
[t+0s] alert#14 primary=advisory_clear conf=0.524 eta=1.5
[t+0s] alert#12 primary=advisory_clear conf=0.58 eta=9.4
[t+0s] alert#10 primary=advisory_clear conf=0.554 eta=9.4
[t+0s] alert#9 primary=confirmed_clear conf=0.473 eta=1.5
[t+0s] pipeline feed ready — waiting for Decide seed
[t+0s] alert#16 primary=advisory_clear conf=0.517 eta=1.5
[t+0s] alert#14 primary=advisory_clear conf=0.524 eta=1.5
[t+0s] alert#12 primary=advisory_clear conf=0.58 eta=9.4
[t+0s] alert#10 primary=advisory_clear conf=0.554 eta=9.4
[t+0s] alert#9 primary=confirmed_clear conf=0.473 eta=1.5
[t+0s] pipeline feed ready — waiting for Decide seed
[t+0s] alert#16 primary=advisory_clear conf=0.517 eta=1.5
[t+0s] alert#14 primary=advisory_clear conf=0.524 eta=1.5
[t+0s] alert#12 primary=advisory_clear conf=0.58 eta=9.4
[t+0s] alert#10 primary=advisory_clear conf=0.554 eta=9.4
[t+0s] alert#9 primary=confirmed_clear conf=0.473 eta=1.5
[t+0s] pipeline feed ready — waiting for Decide seed
[t+0s] alert#16 primary=advisory_clear conf=0.517 eta=1.5
[t+0s] alert#14 primary=advisory_clear conf=0.524 eta=1.5
[t+0s] alert#12 primary=advisory_clear conf=0.58 eta=9.4
[t+0s] alert#10 primary=advisory_clear conf=0.554 eta=9.4
[t+0s] alert#9 primary=confirmed_clear conf=0.473 eta=1.5
[t+0s] pipeline feed ready — waiting for Decide seed
[t+0s] alert#16 primary=advisory_clear conf=0.517 eta=1.5
[t+0s] alert#14 primary=advisory_clear conf=0.524 eta=1.5
[t+0s] alert#12 primary=advisory_clear conf=0.58 eta=9.4
[t+0s] alert#10 primary=advisory_clear conf=0.554 eta=9.4
[t+0s] alert#9 primary=confirmed_clear conf=0.473 eta=1.5
[t+0s] pipeline feed ready — waiting for Decide seed
[t+0s] alert#16 primary=advisory_clear conf=0.517 eta=1.5
[t+0s] alert#14 primary=advisory_clear conf=0.524 eta=1.5
[t+0s] alert#12 primary=advisory_clear conf=0.58 eta=9.4
[t+0s] alert#10 primary=advisory_clear conf=0.554 eta=9.4
[t+0s] alert#9 primary=confirmed_clear conf=0.473 eta=1.5
[t+0s] pipeline feed ready — waiting for Decide seed
[t+0s] alert#16 primary=advisory_clear conf=0.517 eta=1.5
[t+0s] alert#14 primary=advisory_clear conf=0.524 eta=1.5
[t+0s] alert#12 primary=advisory_clear conf=0.58 eta=9.4
[t+0s] alert#10 primary=advisory_clear conf=0.554 eta=9.4
[t+0s] alert#9 primary=confirmed_clear conf=0.473 eta=1.5
[t+0s] pipeline feed ready — waiting for Decide seed
[t+0s] alert#16 primary=advisory_clear conf=0.517 eta=1.5
[t+0s] alert#14 primary=advisory_clear conf=0.524 eta=1.5
[t+0s] alert#12 primary=advisory_clear conf=0.58 eta=9.4
[t+0s] alert#10 primary=advisory_clear conf=0.554 eta=9.4
[t+0s] alert#9 primary=confirmed_clear conf=0.473 eta=1.5
[t+0s] pipeline feed ready — waiting for Decide seed
[t+0s] alert#16 primary=advisory_clear conf=0.517 eta=1.5
[t+0s] alert#14 primary=advisory_clear conf=0.524 eta=1.5
[t+0s] alert#12 primary=advisory_clear conf=0.58 eta=9.4
[t+0s] alert#10 primary=advisory_clear conf=0.554 eta=9.4
[t+0s] alert#9 primary=confirmed_clear conf=0.473 eta=1.5
[t+0s] pipeline feed ready — waiting for Decide seed
[t+0s] alert#16 primary=advisory_clear conf=0.517 eta=1.5
[t+0s] alert#14 primary=advisory_clear conf=0.524 eta=1.5
[t+0s] alert#12 primary=advisory_clear conf=0.58 eta=9.4
[t+0s] alert#10 primary=advisory_clear conf=0.554 eta=9.4
[t+0s] alert#9 primary=confirmed_clear conf=0.473 eta=1.5
[t+0s] pipeline feed ready — waiting for Decide seed
[t+0s] alert#16 primary=advisory_clear conf=0.517 eta=1.5
[t+0s] alert#14 primary=advisory_clear conf=0.524 eta=1.5
[t+0s] alert#12 primary=advisory_clear conf=0.58 eta=9.4
[t+0s] alert#10 primary=advisory_clear conf=0.554 eta=9.4
[t+0s] alert#9 primary=confirmed_clear conf=0.473 eta=1.5
[t+0s] pipeline feed ready — waiting for Decide seed
[t+0s] alert#16 primary=advisory_clear conf=0.517 eta=1.5
[t+0s] alert#14 primary=advisory_clear conf=0.524 eta=1.5
[t+0s] alert#12 primary=advisory_clear conf=0.58 eta=9.4
[t+0s] alert#10 primary=advisory_clear conf=0.554 eta=9.4
[t+0s] alert#9 primary=confirmed_clear conf=0.473 eta=1.5
[t+0s] pipeline feed ready — waiting for Decide seed
[t+0s] alert#16 primary=advisory_clear conf=0.517 eta=1.5
[t+0s] alert#14 primary=advisory_clear conf=0.524 eta=1.5
[t+0s] alert#12 primary=advisory_clear conf=0.58 eta=9.4
[t+0s] alert#10 primary=advisory_clear conf=0.554 eta=9.4
[t+0s] alert#9 primary=confirmed_clear conf=0.473 eta=1.5
[t+0s] pipeline feed ready — waiting for Decide seed
[t+0s] alert#16 primary=advisory_clear conf=0.517 eta=1.5
[t+0s] alert#14 primary=advisory_clear conf=0.524 eta=1.5
[t+0s] alert#12 primary=advisory_clear conf=0.58 eta=9.4
[t+0s] alert#10 primary=advisory_clear conf=0.554 eta=9.4
[t+0s] alert#9 primary=confirmed_clear conf=0.473 eta=1.5
[t+0s] pipeline feed ready — waiting for Decide seed
[t+0s] alert#16 primary=advisory_clear conf=0.517 eta=1.5
[t+0s] alert#14 primary=advisory_clear conf=0.524 eta=1.5
[t+0s] alert#12 primary=advisory_clear conf=0.58 eta=9.4
[t+0s] alert#10 primary=advisory_clear conf=0.554 eta=9.4
[t+0s] alert#9 primary=confirmed_clear conf=0.473 eta=1.5
[t+0s] pipeline feed ready — waiting for Decide seed
[t+0s] alert#16 primary=advisory_clear conf=0.517 eta=1.5
[t+0s] alert#14 primary=advisory_clear conf=0.524 eta=1.5
[t+0s] alert#12 primary=advisory_clear conf=0.58 eta=9.4
[t+0s] alert#10 primary=advisory_clear conf=0.554 eta=9.4
[t+0s] alert#9 primary=confirmed_clear conf=0.473 eta=1.5
[t+0s] pipeline feed ready — waiting for Decide seed
[t+0s] alert#16 primary=advisory_clear conf=0.517 eta=1.5
[t+0s] alert#14 primary=advisory_clear conf=0.524 eta=1.5
[t+0s] alert#12 primary=advisory_clear conf=0.58 eta=9.4
[t+0s] alert#10 primary=advisory_clear conf=0.554 eta=9.4
[t+0s] alert#9 primary=confirmed_clear conf=0.473 eta=1.5
[t+0s] pipeline feed ready — waiting for Decide seed
[t+0s] alert#16 primary=advisory_clear conf=0.517 eta=1.5
[t+0s] alert#14 primary=advisory_clear conf=0.524 eta=1.5
[t+0s] alert#12 primary=advisory_clear conf=0.58 eta=9.4
[t+0s] alert#10 primary=advisory_clear conf=0.554 eta=9.4
[t+0s] alert#9 primary=confirmed_clear conf=0.473 eta=1.5
[t+0s] pipeline feed ready — waiting for Decide seed
[t+0s] alert#16 primary=advisory_clear conf=0.517 eta=1.5
[t+0s] alert#14 primary=advisory_clear conf=0.524 eta=1.5
[t+0s] alert#12 primary=advisory_clear conf=0.58 eta=9.4
[t+0s] alert#10 primary=advisory_clear conf=0.554 eta=9.4
[t+0s] alert#9 primary=confirmed_clear conf=0.473 eta=1.5
[t+0s] pipeline feed ready — waiting for Decide seed
[t+0s] alert#16 primary=advisory_clear conf=0.517 eta=1.5
[t+0s] alert#14 primary=advisory_clear conf=0.524 eta=1.5
[t+0s] alert#12 primary=advisory_clear conf=0.58 eta=9.4
[t+0s] alert#10 primary=advisory_clear conf=0.554 eta=9.4
[t+0s] alert#9 primary=confirmed_clear conf=0.473 eta=1.5
[t+0s] pipeline feed ready — waiting for Decide seed
[t+0s] alert#16 primary=advisory_clear conf=0.517 eta=1.5
[t+0s] alert#14 primary=advisory_clear conf=0.524 eta=1.5
[t+0s] alert#12 primary=advisory_clear conf=0.58 eta=9.4
[t+0s] alert#10 primary=advisory_clear conf=0.554 eta=9.4
[t+0s] alert#9 primary=confirmed_clear conf=0.473 eta=1.5
[t+0s] pipeline feed ready — waiting for Decide seed
[t+0s] alert#16 primary=advisory_clear conf=0.517 eta=1.5
[t+0s] alert#14 primary=advisory_clear conf=0.524 eta=1.5
[t+0s] alert#12 primary=advisory_clear conf=0.58 eta=9.4
[t+0s] alert#10 primary=advisory_clear conf=0.554 eta=9.4
[t+0s] alert#9 primary=confirmed_clear conf=0.473 eta=1.5
[t+0s] pipeline feed ready — waiting for Decide seed
[t+0s] alert#16 primary=advisory_clear conf=0.517 eta=1.5
[t+0s] alert#14 primary=advisory_clear conf=0.524 eta=1.5
[t+0s] alert#12 primary=advisory_clear conf=0.58 eta=9.4
[t+0s] alert#10 primary=advisory_clear conf=0.554 eta=9.4
[t+0s] alert#9 primary=confirmed_clear conf=0.473 eta=1.5
[t+0s] pipeline feed ready — waiting for Decide seed
[t+0s] alert#16 primary=advisory_clear conf=0.517 eta=1.5
[t+0s] alert#14 primary=advisory_clear conf=0.524 eta=1.5
[t+0s] alert#12 primary=advisory_clear conf=0.58 eta=9.4
[t+0s] alert#10 primary=advisory_clear conf=0.554 eta=9.4
[t+0s] alert#9 primary=confirmed_clear conf=0.473 eta=1.5
[t+0s] pipeline feed ready — waiting for Decide seed
[t+0s] alert#16 primary=advisory_clear conf=0.517 eta=1.5
[t+0s] alert#14 primary=advisory_clear conf=0.524 eta=1.5
[t+0s] alert#12 primary=advisory_clear conf=0.58 eta=9.4
[t+0s] alert#10 primary=advisory_clear conf=0.554 eta=9.4
[t+0s] alert#9 primary=confirmed_clear conf=0.473 eta=1.5
[t+0s] pipeline feed ready — waiting for Decide seed
[t+0s] alert#16 primary=advisory_clear conf=0.517 eta=1.5
[t+0s] alert#14 primary=advisory_clear conf=0.524 eta=1.5
[t+0s] alert#12 primary=advisory_clear conf=0.58 eta=9.4
[t+0s] alert#10 primary=advisory_clear conf=0.554 eta=9.4
[t+0s] alert#9 primary=confirmed_clear conf=0.473 eta=1.5
[t+0s] pipeline feed ready — waiting for Decide seed
[t+0s] alert#16 primary=advisory_clear conf=0.517 eta=1.5
[t+0s] alert#14 primary=advisory_clear conf=0.524 eta=1.5
[t+0s] alert#12 primary=advisory_clear conf=0.58 eta=9.4
[t+0s] alert#10 primary=advisory_clear conf=0.554 eta=9.4
[t+0s] alert#9 primary=confirmed_clear conf=0.473 eta=1.5
[t+0s] pipeline feed ready — waiting for Decide seed
[t+0s] alert#16 primary=advisory_clear conf=0.517 eta=1.5
[t+0s] alert#14 primary=advisory_clear conf=0.524 eta=1.5
[t+0s] alert#12 primary=advisory_clear conf=0.58 eta=9.4
[t+0s] alert#10 primary=advisory_clear conf=0.554 eta=9.4
[t+0s] alert#9 primary=confirmed_clear conf=0.473 eta=1.5
[t+0s] pipeline feed ready — waiting for Decide seed
[t+0s] alert#16 primary=advisory_clear conf=0.517 eta=1.5
[t+0s] alert#14 primary=advisory_clear conf=0.524 eta=1.5
[t+0s] alert#12 primary=advisory_clear conf=0.58 eta=9.4
[t+0s] alert#10 primary=advisory_clear conf=0.554 eta=9.4
[t+0s] alert#9 primary=confirmed_clear conf=0.473 eta=1.5
[t+0s] pipeline feed ready — waiting for Decide seed
[t+0s] alert#16 primary=advisory_clear conf=0.517 eta=1.5
[t+0s] alert#14 primary=advisory_clear conf=0.524 eta=1.5
[t+0s] alert#12 primary=advisory_clear conf=0.58 eta=9.4
[t+0s] alert#10 primary=advisory_clear conf=0.554 eta=9.4
[t+0s] alert#9 primary=confirmed_clear conf=0.473 eta=1.5
[t+235s] seed alert#208198 primary=tunnel_degradation from fault=loss_progression — Approve to steer, or wait for auto-collapse
[t+236s] alert#208198 primary=tunnel_degradation conf=0.8472 eta=2.0 playbook=1. Approve: steer ESP underlay to eth0 on PE1 (force_path)
[t+0s] pipeline feed ready — waiting for Decide seed
[t+0s] alert#208198 primary=tunnel_degradation conf=0.8472 eta=2.0 playbook=1. Approve: steer ESP underlay to eth0 on PE1 (force_path)
[t+0s] pipeline feed ready — waiting for Decide seed
[t+0s] alert#208198 primary=tunnel_degradation conf=0.8472 eta=2.0 playbook=1. Approve: steer ESP underlay to eth0 on PE1 (force_path)
[t+0s] pipeline feed ready — waiting for Decide seed
[t+0s] alert#208198 primary=tunnel_degradation conf=0.8472 eta=2.0 playbook=1. Approve: steer ESP underlay to eth0 on PE1 (force_path)
[t+263s] alerts resolved — idle (auto_collapse)
[t+0s] pipeline feed ready — waiting for Decide seed
[t+0s] alert#16 primary=advisory_clear conf=0.517 eta=1.5
[t+0s] alert#14 primary=advisory_clear conf=0.524 eta=1.5
[t+0s] alert#12 primary=advisory_clear conf=0.58 eta=9.4
[t+0s] alert#10 primary=advisory_clear conf=0.554 eta=9.4
[t+0s] alert#9 primary=confirmed_clear conf=0.473 eta=1.5
[t+0s] pipeline feed ready — waiting for Decide seed
[t+0s] alert#16 primary=advisory_clear conf=0.517 eta=1.5
[t+0s] alert#14 primary=advisory_clear conf=0.524 eta=1.5
[t+0s] alert#12 primary=advisory_clear conf=0.58 eta=9.4
[t+0s] alert#10 primary=advisory_clear conf=0.554 eta=9.4
[t+0s] alert#9 primary=confirmed_clear conf=0.473 eta=1.5
[t+0s] pipeline feed ready — waiting for Decide seed
[t+0s] alert#16 primary=advisory_clear conf=0.517 eta=1.5
[t+0s] alert#14 primary=advisory_clear conf=0.524 eta=1.5
[t+0s] alert#12 primary=advisory_clear conf=0.58 eta=9.4
[t+0s] alert#10 primary=advisory_clear conf=0.554 eta=9.4
[t+0s] alert#9 primary=confirmed_clear conf=0.473 eta=1.5
[t+0s] pipeline feed ready — waiting for Decide seed
[t+0s] alert#16 primary=advisory_clear conf=0.517 eta=1.5
[t+0s] alert#14 primary=advisory_clear conf=0.524 eta=1.5
[t+0s] alert#12 primary=advisory_clear conf=0.58 eta=9.4
[t+0s] alert#10 primary=advisory_clear conf=0.554 eta=9.4
[t+0s] alert#9 primary=confirmed_clear conf=0.473 eta=1.5
[t+0s] pipeline feed ready — waiting for Decide seed
[t+0s] alert#16 primary=advisory_clear conf=0.517 eta=1.5
[t+0s] alert#14 primary=advisory_clear conf=0.524 eta=1.5
[t+0s] alert#12 primary=advisory_clear conf=0.58 eta=9.4
[t+0s] alert#10 primary=advisory_clear conf=0.554 eta=9.4
[t+0s] alert#9 primary=confirmed_clear conf=0.473 eta=1.5
[t+0s] pipeline feed ready — waiting for Decide seed
[t+0s] alert#16 primary=advisory_clear conf=0.517 eta=1.5
[t+0s] alert#14 primary=advisory_clear conf=0.524 eta=1.5
[t+0s] alert#12 primary=advisory_clear conf=0.58 eta=9.4
[t+0s] alert#10 primary=advisory_clear conf=0.554 eta=9.4
[t+0s] alert#9 primary=confirmed_clear conf=0.473 eta=1.5
[t+0s] pipeline feed ready — waiting for Decide seed
[t+0s] alert#16 primary=advisory_clear conf=0.517 eta=1.5
[t+0s] alert#14 primary=advisory_clear conf=0.524 eta=1.5
[t+0s] alert#12 primary=advisory_clear conf=0.58 eta=9.4
[t+0s] alert#10 primary=advisory_clear conf=0.554 eta=9.4
[t+0s] alert#9 primary=confirmed_clear conf=0.473 eta=1.5
[t+0s] pipeline feed ready — waiting for Decide seed
[t+0s] alert#16 primary=advisory_clear conf=0.517 eta=1.5
[t+0s] alert#14 primary=advisory_clear conf=0.524 eta=1.5
[t+0s] alert#12 primary=advisory_clear conf=0.58 eta=9.4
[t+0s] alert#10 primary=advisory_clear conf=0.554 eta=9.4
[t+0s] alert#9 primary=confirmed_clear conf=0.473 eta=1.5
[t+0s] pipeline feed ready — waiting for Decide seed
[t+0s] alert#16 primary=advisory_clear conf=0.517 eta=1.5
[t+0s] alert#14 primary=advisory_clear conf=0.524 eta=1.5
[t+0s] alert#12 primary=advisory_clear conf=0.58 eta=9.4
[t+0s] alert#10 primary=advisory_clear conf=0.554 eta=9.4
[t+0s] alert#9 primary=confirmed_clear conf=0.473 eta=1.5
[t+31s] alerts resolved — idle (operator_clear)
[t+0s] pipeline feed ready — waiting for Decide seed
[t+0s] alert#16 primary=advisory_clear conf=0.517 eta=1.5
[t+0s] alert#14 primary=advisory_clear conf=0.524 eta=1.5
[t+0s] alert#12 primary=advisory_clear conf=0.58 eta=9.4
[t+0s] alert#10 primary=advisory_clear conf=0.554 eta=9.4
[t+0s] alert#9 primary=confirmed_clear conf=0.473 eta=1.5
[t+0s] pipeline feed ready — waiting for Decide seed
[t+0s] alert#16 primary=advisory_clear conf=0.517 eta=1.5
[t+0s] alert#14 primary=advisory_clear conf=0.524 eta=1.5
[t+0s] alert#12 primary=advisory_clear conf=0.58 eta=9.4
[t+0s] alert#10 primary=advisory_clear conf=0.554 eta=9.4
[t+0s] alert#9 primary=confirmed_clear conf=0.473 eta=1.5
[t+0s] pipeline feed ready — waiting for Decide seed
[t+0s] alert#16 primary=advisory_clear conf=0.517 eta=1.5
[t+0s] alert#14 primary=advisory_clear conf=0.524 eta=1.5
[t+0s] alert#12 primary=advisory_clear conf=0.58 eta=9.4
[t+0s] alert#10 primary=advisory_clear conf=0.554 eta=9.4
[t+0s] alert#9 primary=confirmed_clear conf=0.473 eta=1.5
[t+0s] pipeline feed ready — waiting for Decide seed
[t+0s] alert#16 primary=advisory_clear conf=0.517 eta=1.5
[t+0s] alert#14 primary=advisory_clear conf=0.524 eta=1.5
[t+0s] alert#12 primary=advisory_clear conf=0.58 eta=9.4
[t+0s] alert#10 primary=advisory_clear conf=0.554 eta=9.4
[t+0s] alert#9 primary=confirmed_clear conf=0.473 eta=1.5
[t+0s] pipeline feed ready — waiting for Decide seed
[t+0s] alert#16 primary=advisory_clear conf=0.517 eta=1.5
[t+0s] alert#14 primary=advisory_clear conf=0.524 eta=1.5
[t+0s] alert#12 primary=advisory_clear conf=0.58 eta=9.4
[t+0s] alert#10 primary=advisory_clear conf=0.554 eta=9.4
[t+0s] alert#9 primary=confirmed_clear conf=0.473 eta=1.5
[t+0s] pipeline feed ready — waiting for Decide seed
[t+0s] alert#16 primary=advisory_clear conf=0.517 eta=1.5
[t+0s] alert#14 primary=advisory_clear conf=0.524 eta=1.5
[t+0s] alert#12 primary=advisory_clear conf=0.58 eta=9.4
[t+0s] alert#10 primary=advisory_clear conf=0.554 eta=9.4
[t+0s] alert#9 primary=confirmed_clear conf=0.473 eta=1.5
[t+24s] alerts resolved — idle (operator_clear)
[t+0s] pipeline feed ready — waiting for Decide seed
[t+0s] alert#16 primary=advisory_clear conf=0.517 eta=1.5
[t+0s] alert#14 primary=advisory_clear conf=0.524 eta=1.5
[t+0s] alert#12 primary=advisory_clear conf=0.58 eta=9.4
[t+0s] alert#10 primary=advisory_clear conf=0.554 eta=9.4
[t+0s] alert#9 primary=confirmed_clear conf=0.473 eta=1.5
[t+0s] pipeline feed ready — waiting for Decide seed
[t+0s] alert#16 primary=advisory_clear conf=0.517 eta=1.5
[t+0s] alert#14 primary=advisory_clear conf=0.524 eta=1.5
[t+0s] alert#12 primary=advisory_clear conf=0.58 eta=9.4
[t+0s] alert#10 primary=advisory_clear conf=0.554 eta=9.4
[t+0s] alert#9 primary=confirmed_clear conf=0.473 eta=1.5
[t+0s] pipeline feed ready — waiting for Decide seed
[t+0s] alert#16 primary=advisory_clear conf=0.517 eta=1.5
[t+0s] alert#14 primary=advisory_clear conf=0.524 eta=1.5
[t+0s] alert#12 primary=advisory_clear conf=0.58 eta=9.4
[t+0s] alert#10 primary=advisory_clear conf=0.554 eta=9.4
[t+0s] alert#9 primary=confirmed_clear conf=0.473 eta=1.5
[t+0s] pipeline feed ready — waiting for Decide seed
[t+0s] alert#16 primary=advisory_clear conf=0.517 eta=1.5
[t+0s] alert#14 primary=advisory_clear conf=0.524 eta=1.5
[t+0s] alert#12 primary=advisory_clear conf=0.58 eta=9.4
[t+0s] alert#10 primary=advisory_clear conf=0.554 eta=9.4
[t+0s] alert#9 primary=confirmed_clear conf=0.473 eta=1.5
[t+0s] pipeline feed ready — waiting for Decide seed
[t+0s] alert#16 primary=advisory_clear conf=0.517 eta=1.5
[t+0s] alert#14 primary=advisory_clear conf=0.524 eta=1.5
[t+0s] alert#12 primary=advisory_clear conf=0.58 eta=9.4
[t+0s] alert#10 primary=advisory_clear conf=0.554 eta=9.4
[t+0s] alert#9 primary=confirmed_clear conf=0.473 eta=1.5
[t+0s] pipeline feed ready — waiting for Decide seed
[t+0s] alert#16 primary=advisory_clear conf=0.517 eta=1.5
[t+0s] alert#14 primary=advisory_clear conf=0.524 eta=1.5
[t+0s] alert#12 primary=advisory_clear conf=0.58 eta=9.4
[t+0s] alert#10 primary=advisory_clear conf=0.554 eta=9.4
[t+0s] alert#9 primary=confirmed_clear conf=0.473 eta=1.5
[t+0s] pipeline feed ready — waiting for Decide seed
[t+0s] alert#16 primary=advisory_clear conf=0.517 eta=1.5
[t+0s] alert#14 primary=advisory_clear conf=0.524 eta=1.5
[t+0s] alert#12 primary=advisory_clear conf=0.58 eta=9.4
[t+0s] alert#10 primary=advisory_clear conf=0.554 eta=9.4
[t+0s] alert#9 primary=confirmed_clear conf=0.473 eta=1.5
[t+0s] pipeline feed ready — waiting for Decide seed
[t+0s] alert#16 primary=advisory_clear conf=0.517 eta=1.5
[t+0s] alert#14 primary=advisory_clear conf=0.524 eta=1.5
[t+0s] alert#12 primary=advisory_clear conf=0.58 eta=9.4
[t+0s] alert#10 primary=advisory_clear conf=0.554 eta=9.4
[t+0s] alert#9 primary=confirmed_clear conf=0.473 eta=1.5
[t+0s] pipeline feed ready — waiting for Decide seed
[t+0s] alert#16 primary=advisory_clear conf=0.517 eta=1.5
[t+0s] alert#14 primary=advisory_clear conf=0.524 eta=1.5
[t+0s] alert#12 primary=advisory_clear conf=0.58 eta=9.4
[t+0s] alert#10 primary=advisory_clear conf=0.554 eta=9.4
[t+0s] alert#9 primary=confirmed_clear conf=0.473 eta=1.5
[t+0s] pipeline feed ready — waiting for Decide seed
[t+0s] alert#16 primary=advisory_clear conf=0.517 eta=1.5
[t+0s] alert#14 primary=advisory_clear conf=0.524 eta=1.5
[t+0s] alert#12 primary=advisory_clear conf=0.58 eta=9.4
[t+0s] alert#10 primary=advisory_clear conf=0.554 eta=9.4
[t+0s] alert#9 primary=confirmed_clear conf=0.473 eta=1.5
[t+87s] seed alert#208199 primary=tunnel_degradation from fault=rain_fade — Approve to steer, or wait for auto-collapse
[t+90s] alert#208199 primary=tunnel_degradation conf=0.5021 eta=2.0 playbook=1. Approve: steer ESP underlay to eth0 on PE1 (force_path)
[t+0s] pipeline feed ready — waiting for Decide seed
[t+0s] alert#208199 primary=tunnel_degradation conf=0.5021 eta=2.0 playbook=1. Approve: steer ESP underlay to eth0 on PE1 (force_path)
[t+0s] pipeline feed ready — waiting for Decide seed
[t+0s] alert#208199 primary=tunnel_degradation conf=0.5021 eta=2.0 playbook=1. Approve: steer ESP underlay to eth0 on PE1 (force_path)
[t+0s] pipeline feed ready — waiting for Decide seed
[t+0s] alert#208199 primary=tunnel_degradation conf=0.5021 eta=2.0 playbook=1. Approve: steer ESP underlay to eth0 on PE1 (force_path)
[t+0s] pipeline feed ready — waiting for Decide seed
[t+0s] alert#208199 primary=tunnel_degradation conf=0.5021 eta=2.0 playbook=1. Approve: steer ESP underlay to eth0 on PE1 (force_path)
[t+0s] pipeline feed ready — waiting for Decide seed
[t+0s] alert#16 primary=advisory_clear conf=0.517 eta=1.5
[t+0s] alert#14 primary=advisory_clear conf=0.524 eta=1.5
[t+0s] alert#12 primary=advisory_clear conf=0.58 eta=9.4
[t+0s] alert#10 primary=advisory_clear conf=0.554 eta=9.4
[t+0s] alert#9 primary=confirmed_clear conf=0.473 eta=1.5
[t+122s] alerts resolved — idle (auto_collapse)
[t+0s] pipeline feed ready — waiting for Decide seed
[t+0s] alert#16 primary=advisory_clear conf=0.517 eta=1.5
[t+0s] alert#14 primary=advisory_clear conf=0.524 eta=1.5
[t+0s] alert#12 primary=advisory_clear conf=0.58 eta=9.4
[t+0s] alert#10 primary=advisory_clear conf=0.554 eta=9.4
[t+0s] alert#9 primary=confirmed_clear conf=0.473 eta=1.5
[t+0s] pipeline feed ready — waiting for Decide seed
[t+0s] alert#16 primary=advisory_clear conf=0.517 eta=1.5
[t+0s] alert#14 primary=advisory_clear conf=0.524 eta=1.5
[t+0s] alert#12 primary=advisory_clear conf=0.58 eta=9.4
[t+0s] alert#10 primary=advisory_clear conf=0.554 eta=9.4
[t+0s] alert#9 primary=confirmed_clear conf=0.473 eta=1.5
[t+0s] pipeline feed ready — waiting for Decide seed
[t+0s] alert#16 primary=advisory_clear conf=0.517 eta=1.5
[t+0s] alert#14 primary=advisory_clear conf=0.524 eta=1.5
[t+0s] alert#12 primary=advisory_clear conf=0.58 eta=9.4
[t+0s] alert#10 primary=advisory_clear conf=0.554 eta=9.4
[t+0s] alert#9 primary=confirmed_clear conf=0.473 eta=1.5
[t+0s] pipeline feed ready — waiting for Decide seed
[t+0s] alert#16 primary=advisory_clear conf=0.517 eta=1.5
[t+0s] alert#14 primary=advisory_clear conf=0.524 eta=1.5
[t+0s] alert#12 primary=advisory_clear conf=0.58 eta=9.4
[t+0s] alert#10 primary=advisory_clear conf=0.554 eta=9.4
[t+0s] alert#9 primary=confirmed_clear conf=0.473 eta=1.5
[t+0s] pipeline feed ready — waiting for Decide seed
[t+0s] alert#16 primary=advisory_clear conf=0.517 eta=1.5
[t+0s] alert#14 primary=advisory_clear conf=0.524 eta=1.5
[t+0s] alert#12 primary=advisory_clear conf=0.58 eta=9.4
[t+0s] alert#10 primary=advisory_clear conf=0.554 eta=9.4
[t+0s] alert#9 primary=confirmed_clear conf=0.473 eta=1.5
[t+0s] pipeline feed ready — waiting for Decide seed
[t+0s] alert#16 primary=advisory_clear conf=0.517 eta=1.5
[t+0s] alert#14 primary=advisory_clear conf=0.524 eta=1.5
[t+0s] alert#12 primary=advisory_clear conf=0.58 eta=9.4
[t+0s] alert#10 primary=advisory_clear conf=0.554 eta=9.4
[t+0s] alert#9 primary=confirmed_clear conf=0.473 eta=1.5
[t+0s] pipeline feed ready — waiting for Decide seed
[t+0s] alert#16 primary=advisory_clear conf=0.517 eta=1.5
[t+0s] alert#14 primary=advisory_clear conf=0.524 eta=1.5
[t+0s] alert#12 primary=advisory_clear conf=0.58 eta=9.4
[t+0s] alert#10 primary=advisory_clear conf=0.554 eta=9.4
[t+0s] alert#9 primary=confirmed_clear conf=0.473 eta=1.5
[t+0s] pipeline feed ready — waiting for Decide seed
[t+0s] alert#16 primary=advisory_clear conf=0.517 eta=1.5
[t+0s] alert#14 primary=advisory_clear conf=0.524 eta=1.5
[t+0s] alert#12 primary=advisory_clear conf=0.58 eta=9.4
[t+0s] alert#10 primary=advisory_clear conf=0.554 eta=9.4
[t+0s] alert#9 primary=confirmed_clear conf=0.473 eta=1.5
[t+0s] pipeline feed ready — waiting for Decide seed
[t+0s] alert#16 primary=advisory_clear conf=0.517 eta=1.5
[t+0s] alert#14 primary=advisory_clear conf=0.524 eta=1.5
[t+0s] alert#12 primary=advisory_clear conf=0.58 eta=9.4
[t+0s] alert#10 primary=advisory_clear conf=0.554 eta=9.4
[t+0s] alert#9 primary=confirmed_clear conf=0.473 eta=1.5
[t+0s] pipeline feed ready — waiting for Decide seed
[t+0s] alert#16 primary=advisory_clear conf=0.517 eta=1.5
[t+0s] alert#14 primary=advisory_clear conf=0.524 eta=1.5
[t+0s] alert#12 primary=advisory_clear conf=0.58 eta=9.4
[t+0s] alert#10 primary=advisory_clear conf=0.554 eta=9.4
[t+0s] alert#9 primary=confirmed_clear conf=0.473 eta=1.5
[t+0s] pipeline feed ready — waiting for Decide seed
[t+0s] alert#16 primary=advisory_clear conf=0.517 eta=1.5
[t+0s] alert#14 primary=advisory_clear conf=0.524 eta=1.5
[t+0s] alert#12 primary=advisory_clear conf=0.58 eta=9.4
[t+0s] alert#10 primary=advisory_clear conf=0.554 eta=9.4
[t+0s] alert#9 primary=confirmed_clear conf=0.473 eta=1.5
[t+0s] pipeline feed ready — waiting for Decide seed
[t+0s] alert#16 primary=advisory_clear conf=0.517 eta=1.5
[t+0s] alert#14 primary=advisory_clear conf=0.524 eta=1.5
[t+0s] alert#12 primary=advisory_clear conf=0.58 eta=9.4
[t+0s] alert#10 primary=advisory_clear conf=0.554 eta=9.4
[t+0s] alert#9 primary=confirmed_clear conf=0.473 eta=1.5
[t+0s] pipeline feed ready — waiting for Decide seed
[t+0s] alert#16 primary=advisory_clear conf=0.517 eta=1.5
[t+0s] alert#14 primary=advisory_clear conf=0.524 eta=1.5
[t+0s] alert#12 primary=advisory_clear conf=0.58 eta=9.4
[t+0s] alert#10 primary=advisory_clear conf=0.554 eta=9.4
[t+0s] alert#9 primary=confirmed_clear conf=0.473 eta=1.5
[t+0s] pipeline feed ready — waiting for Decide seed
[t+0s] alert#16 primary=advisory_clear conf=0.517 eta=1.5
[t+0s] alert#14 primary=advisory_clear conf=0.524 eta=1.5
[t+0s] alert#12 primary=advisory_clear conf=0.58 eta=9.4
[t+0s] alert#10 primary=advisory_clear conf=0.554 eta=9.4
[t+0s] alert#9 primary=confirmed_clear conf=0.473 eta=1.5
[t+0s] pipeline feed ready — waiting for Decide seed
[t+0s] alert#16 primary=advisory_clear conf=0.517 eta=1.5
[t+0s] alert#14 primary=advisory_clear conf=0.524 eta=1.5
[t+0s] alert#12 primary=advisory_clear conf=0.58 eta=9.4
[t+0s] alert#10 primary=advisory_clear conf=0.554 eta=9.4
[t+0s] alert#9 primary=confirmed_clear conf=0.473 eta=1.5
[t+0s] pipeline feed ready — waiting for Decide seed
[t+0s] alert#16 primary=advisory_clear conf=0.517 eta=1.5
[t+0s] alert#14 primary=advisory_clear conf=0.524 eta=1.5
[t+0s] alert#12 primary=advisory_clear conf=0.58 eta=9.4
[t+0s] alert#10 primary=advisory_clear conf=0.554 eta=9.4
[t+0s] alert#9 primary=confirmed_clear conf=0.473 eta=1.5
[t+0s] pipeline feed ready — waiting for Decide seed
[t+0s] alert#16 primary=advisory_clear conf=0.517 eta=1.5
[t+0s] alert#14 primary=advisory_clear conf=0.524 eta=1.5
[t+0s] alert#12 primary=advisory_clear conf=0.58 eta=9.4
[t+0s] alert#10 primary=advisory_clear conf=0.554 eta=9.4
[t+0s] alert#9 primary=confirmed_clear conf=0.473 eta=1.5
[t+0s] pipeline feed ready — waiting for Decide seed
[t+0s] alert#16 primary=advisory_clear conf=0.517 eta=1.5
[t+0s] alert#14 primary=advisory_clear conf=0.524 eta=1.5
[t+0s] alert#12 primary=advisory_clear conf=0.58 eta=9.4
[t+0s] alert#10 primary=advisory_clear conf=0.554 eta=9.4
[t+0s] alert#9 primary=confirmed_clear conf=0.473 eta=1.5
[t+0s] pipeline feed ready — waiting for Decide seed
[t+0s] alert#16 primary=advisory_clear conf=0.517 eta=1.5
[t+0s] alert#14 primary=advisory_clear conf=0.524 eta=1.5
[t+0s] alert#12 primary=advisory_clear conf=0.58 eta=9.4
[t+0s] alert#10 primary=advisory_clear conf=0.554 eta=9.4
[t+0s] alert#9 primary=confirmed_clear conf=0.473 eta=1.5
[t+0s] pipeline feed ready — waiting for Decide seed
[t+0s] alert#16 primary=advisory_clear conf=0.517 eta=1.5
[t+0s] alert#14 primary=advisory_clear conf=0.524 eta=1.5
[t+0s] alert#12 primary=advisory_clear conf=0.58 eta=9.4
[t+0s] alert#10 primary=advisory_clear conf=0.554 eta=9.4
[t+0s] alert#9 primary=confirmed_clear conf=0.473 eta=1.5
[t+0s] pipeline feed ready — waiting for Decide seed
[t+0s] alert#16 primary=advisory_clear conf=0.517 eta=1.5
[t+0s] alert#14 primary=advisory_clear conf=0.524 eta=1.5
[t+0s] alert#12 primary=advisory_clear conf=0.58 eta=9.4
[t+0s] alert#10 primary=advisory_clear conf=0.554 eta=9.4
[t+0s] alert#9 primary=confirmed_clear conf=0.473 eta=1.5
[t+0s] pipeline feed ready — waiting for Decide seed
[t+0s] alert#16 primary=advisory_clear conf=0.517 eta=1.5
[t+0s] alert#14 primary=advisory_clear conf=0.524 eta=1.5
[t+0s] alert#12 primary=advisory_clear conf=0.58 eta=9.4
[t+0s] alert#10 primary=advisory_clear conf=0.554 eta=9.4
[t+0s] alert#9 primary=confirmed_clear conf=0.473 eta=1.5
[t+0s] pipeline feed ready — waiting for Decide seed
[t+0s] alert#16 primary=advisory_clear conf=0.517 eta=1.5
[t+0s] alert#14 primary=advisory_clear conf=0.524 eta=1.5
[t+0s] alert#12 primary=advisory_clear conf=0.58 eta=9.4
[t+0s] alert#10 primary=advisory_clear conf=0.554 eta=9.4
[t+0s] alert#9 primary=confirmed_clear conf=0.473 eta=1.5
[t+0s] pipeline feed ready — waiting for Decide seed
[t+0s] alert#16 primary=advisory_clear conf=0.517 eta=1.5
[t+0s] alert#14 primary=advisory_clear conf=0.524 eta=1.5
[t+0s] alert#12 primary=advisory_clear conf=0.58 eta=9.4
[t+0s] alert#10 primary=advisory_clear conf=0.554 eta=9.4
[t+0s] alert#9 primary=confirmed_clear conf=0.473 eta=1.5
[t+0s] pipeline feed ready — waiting for Decide seed
[t+0s] alert#16 primary=advisory_clear conf=0.517 eta=1.5
[t+0s] alert#14 primary=advisory_clear conf=0.524 eta=1.5
[t+0s] alert#12 primary=advisory_clear conf=0.58 eta=9.4
[t+0s] alert#10 primary=advisory_clear conf=0.554 eta=9.4
[t+0s] alert#9 primary=confirmed_clear conf=0.473 eta=1.5
[t+0s] pipeline feed ready — waiting for Decide seed
[t+0s] alert#16 primary=advisory_clear conf=0.517 eta=1.5
[t+0s] alert#14 primary=advisory_clear conf=0.524 eta=1.5
[t+0s] alert#12 primary=advisory_clear conf=0.58 eta=9.4
[t+0s] alert#10 primary=advisory_clear conf=0.554 eta=9.4
[t+0s] alert#9 primary=confirmed_clear conf=0.473 eta=1.5
[t+0s] pipeline feed ready — waiting for Decide seed
[t+0s] alert#16 primary=advisory_clear conf=0.517 eta=1.5
[t+0s] alert#14 primary=advisory_clear conf=0.524 eta=1.5
[t+0s] alert#12 primary=advisory_clear conf=0.58 eta=9.4
[t+0s] alert#10 primary=advisory_clear conf=0.554 eta=9.4
[t+0s] alert#9 primary=confirmed_clear conf=0.473 eta=1.5
[t+0s] pipeline feed ready — waiting for Decide seed
[t+0s] alert#16 primary=advisory_clear conf=0.517 eta=1.5
[t+0s] alert#14 primary=advisory_clear conf=0.524 eta=1.5
[t+0s] alert#12 primary=advisory_clear conf=0.58 eta=9.4
[t+0s] alert#10 primary=advisory_clear conf=0.554 eta=9.4
[t+0s] alert#9 primary=confirmed_clear conf=0.473 eta=1.5
[t+0s] pipeline feed ready — waiting for Decide seed
[t+0s] alert#16 primary=advisory_clear conf=0.517 eta=1.5
[t+0s] alert#14 primary=advisory_clear conf=0.524 eta=1.5
[t+0s] alert#12 primary=advisory_clear conf=0.58 eta=9.4
[t+0s] alert#10 primary=advisory_clear conf=0.554 eta=9.4
[t+0s] alert#9 primary=confirmed_clear conf=0.473 eta=1.5
[t+0s] pipeline feed ready — waiting for Decide seed
[t+0s] alert#16 primary=advisory_clear conf=0.517 eta=1.5
[t+0s] alert#14 primary=advisory_clear conf=0.524 eta=1.5
[t+0s] alert#12 primary=advisory_clear conf=0.58 eta=9.4
[t+0s] alert#10 primary=advisory_clear conf=0.554 eta=9.4
[t+0s] alert#9 primary=confirmed_clear conf=0.473 eta=1.5
[t+0s] pipeline feed ready — waiting for Decide seed
[t+0s] alert#16 primary=advisory_clear conf=0.517 eta=1.5
[t+0s] alert#14 primary=advisory_clear conf=0.524 eta=1.5
[t+0s] alert#12 primary=advisory_clear conf=0.58 eta=9.4
[t+0s] alert#10 primary=advisory_clear conf=0.554 eta=9.4
[t+0s] alert#9 primary=confirmed_clear conf=0.473 eta=1.5
[t+0s] pipeline feed ready — waiting for Decide seed
[t+0s] alert#16 primary=advisory_clear conf=0.517 eta=1.5
[t+0s] alert#14 primary=advisory_clear conf=0.524 eta=1.5
[t+0s] alert#12 primary=advisory_clear conf=0.58 eta=9.4
[t+0s] alert#10 primary=advisory_clear conf=0.554 eta=9.4
[t+0s] alert#9 primary=confirmed_clear conf=0.473 eta=1.5
[t+0s] pipeline feed ready — waiting for Decide seed
[t+0s] alert#16 primary=advisory_clear conf=0.517 eta=1.5
[t+0s] alert#14 primary=advisory_clear conf=0.524 eta=1.5
[t+0s] alert#12 primary=advisory_clear conf=0.58 eta=9.4
[t+0s] alert#10 primary=advisory_clear conf=0.554 eta=9.4
[t+0s] alert#9 primary=confirmed_clear conf=0.473 eta=1.5
[t+0s] pipeline feed ready — waiting for Decide seed
[t+0s] alert#16 primary=advisory_clear conf=0.517 eta=1.5
[t+0s] alert#14 primary=advisory_clear conf=0.524 eta=1.5
[t+0s] alert#12 primary=advisory_clear conf=0.58 eta=9.4
[t+0s] alert#10 primary=advisory_clear conf=0.554 eta=9.4
[t+0s] alert#9 primary=confirmed_clear conf=0.473 eta=1.5
[t+0s] pipeline feed ready — waiting for Decide seed
[t+0s] alert#16 primary=advisory_clear conf=0.517 eta=1.5
[t+0s] alert#14 primary=advisory_clear conf=0.524 eta=1.5
[t+0s] alert#12 primary=advisory_clear conf=0.58 eta=9.4
[t+0s] alert#10 primary=advisory_clear conf=0.554 eta=9.4
[t+0s] alert#9 primary=confirmed_clear conf=0.473 eta=1.5
[t+0s] pipeline feed ready — waiting for Decide seed
[t+0s] alert#16 primary=advisory_clear conf=0.517 eta=1.5
[t+0s] alert#14 primary=advisory_clear conf=0.524 eta=1.5
[t+0s] alert#12 primary=advisory_clear conf=0.58 eta=9.4
[t+0s] alert#10 primary=advisory_clear conf=0.554 eta=9.4
[t+0s] alert#9 primary=confirmed_clear conf=0.473 eta=1.5
[t+0s] pipeline feed ready — waiting for Decide seed
[t+0s] alert#16 primary=advisory_clear conf=0.517 eta=1.5
[t+0s] alert#14 primary=advisory_clear conf=0.524 eta=1.5
[t+0s] alert#12 primary=advisory_clear conf=0.58 eta=9.4
[t+0s] alert#10 primary=advisory_clear conf=0.554 eta=9.4
[t+0s] alert#9 primary=confirmed_clear conf=0.473 eta=1.5
[t+0s] pipeline feed ready — waiting for Decide seed
[t+0s] alert#16 primary=advisory_clear conf=0.517 eta=1.5
[t+0s] alert#14 primary=advisory_clear conf=0.524 eta=1.5
[t+0s] alert#12 primary=advisory_clear conf=0.58 eta=9.4
[t+0s] alert#10 primary=advisory_clear conf=0.554 eta=9.4
[t+0s] alert#9 primary=confirmed_clear conf=0.473 eta=1.5
[t+0s] pipeline feed ready — waiting for Decide seed
[t+0s] alert#16 primary=advisory_clear conf=0.517 eta=1.5
[t+0s] alert#14 primary=advisory_clear conf=0.524 eta=1.5
[t+0s] alert#12 primary=advisory_clear conf=0.58 eta=9.4
[t+0s] alert#10 primary=advisory_clear conf=0.554 eta=9.4
[t+0s] alert#9 primary=confirmed_clear conf=0.473 eta=1.5
[t+0s] pipeline feed ready — waiting for Decide seed
[t+0s] alert#16 primary=advisory_clear conf=0.517 eta=1.5
[t+0s] alert#14 primary=advisory_clear conf=0.524 eta=1.5
[t+0s] alert#12 primary=advisory_clear conf=0.58 eta=9.4
[t+0s] alert#10 primary=advisory_clear conf=0.554 eta=9.4
[t+0s] alert#9 primary=confirmed_clear conf=0.473 eta=1.5
[t+0s] pipeline feed ready — waiting for Decide seed
[t+0s] alert#16 primary=advisory_clear conf=0.517 eta=1.5
[t+0s] alert#14 primary=advisory_clear conf=0.524 eta=1.5
[t+0s] alert#12 primary=advisory_clear conf=0.58 eta=9.4
[t+0s] alert#10 primary=advisory_clear conf=0.554 eta=9.4
[t+0s] alert#9 primary=confirmed_clear conf=0.473 eta=1.5
[t+0s] pipeline feed ready — waiting for Decide seed
[t+0s] alert#16 primary=advisory_clear conf=0.517 eta=1.5
[t+0s] alert#14 primary=advisory_clear conf=0.524 eta=1.5
[t+0s] alert#12 primary=advisory_clear conf=0.58 eta=9.4
[t+0s] alert#10 primary=advisory_clear conf=0.554 eta=9.4
[t+0s] alert#9 primary=confirmed_clear conf=0.473 eta=1.5
[t+0s] pipeline feed ready — waiting for Decide seed
[t+0s] alert#16 primary=advisory_clear conf=0.517 eta=1.5
[t+0s] alert#14 primary=advisory_clear conf=0.524 eta=1.5
[t+0s] alert#12 primary=advisory_clear conf=0.58 eta=9.4
[t+0s] alert#10 primary=advisory_clear conf=0.554 eta=9.4
[t+0s] alert#9 primary=confirmed_clear conf=0.473 eta=1.5
[t+0s] pipeline feed ready — waiting for Decide seed
[t+0s] alert#16 primary=advisory_clear conf=0.517 eta=1.5
[t+0s] alert#14 primary=advisory_clear conf=0.524 eta=1.5
[t+0s] alert#12 primary=advisory_clear conf=0.58 eta=9.4
[t+0s] alert#10 primary=advisory_clear conf=0.554 eta=9.4
[t+0s] alert#9 primary=confirmed_clear conf=0.473 eta=1.5
[t+0s] pipeline feed ready — waiting for Decide seed
[t+0s] alert#16 primary=advisory_clear conf=0.517 eta=1.5
[t+0s] alert#14 primary=advisory_clear conf=0.524 eta=1.5
[t+0s] alert#12 primary=advisory_clear conf=0.58 eta=9.4
[t+0s] alert#10 primary=advisory_clear conf=0.554 eta=9.4
[t+0s] alert#9 primary=confirmed_clear conf=0.473 eta=1.5
[t+0s] pipeline feed ready — waiting for Decide seed
[t+0s] alert#16 primary=advisory_clear conf=0.517 eta=1.5
[t+0s] alert#14 primary=advisory_clear conf=0.524 eta=1.5
[t+0s] alert#12 primary=advisory_clear conf=0.58 eta=9.4
[t+0s] alert#10 primary=advisory_clear conf=0.554 eta=9.4
[t+0s] alert#9 primary=confirmed_clear conf=0.473 eta=1.5
[t+0s] pipeline feed ready — waiting for Decide seed
[t+0s] alert#16 primary=advisory_clear conf=0.517 eta=1.5
[t+0s] alert#14 primary=advisory_clear conf=0.524 eta=1.5
[t+0s] alert#12 primary=advisory_clear conf=0.58 eta=9.4
[t+0s] alert#10 primary=advisory_clear conf=0.554 eta=9.4
[t+0s] alert#9 primary=confirmed_clear conf=0.473 eta=1.5
[t+0s] pipeline feed ready — waiting for Decide seed
[t+0s] alert#16 primary=advisory_clear conf=0.517 eta=1.5
[t+0s] alert#14 primary=advisory_clear conf=0.524 eta=1.5
[t+0s] alert#12 primary=advisory_clear conf=0.58 eta=9.4
[t+0s] alert#10 primary=advisory_clear conf=0.554 eta=9.4
[t+0s] alert#9 primary=confirmed_clear conf=0.473 eta=1.5
[t+0s] pipeline feed ready — waiting for Decide seed
[t+0s] alert#16 primary=advisory_clear conf=0.517 eta=1.5
[t+0s] alert#14 primary=advisory_clear conf=0.524 eta=1.5
[t+0s] alert#12 primary=advisory_clear conf=0.58 eta=9.4
[t+0s] alert#10 primary=advisory_clear conf=0.554 eta=9.4
[t+0s] alert#9 primary=confirmed_clear conf=0.473 eta=1.5
[t+0s] pipeline feed ready — waiting for Decide seed
[t+0s] alert#16 primary=advisory_clear conf=0.517 eta=1.5
[t+0s] alert#14 primary=advisory_clear conf=0.524 eta=1.5
[t+0s] alert#12 primary=advisory_clear conf=0.58 eta=9.4
[t+0s] alert#10 primary=advisory_clear conf=0.554 eta=9.4
[t+0s] alert#9 primary=confirmed_clear conf=0.473 eta=1.5
[t+0s] pipeline feed ready — waiting for Decide seed
[t+0s] alert#16 primary=advisory_clear conf=0.517 eta=1.5
[t+0s] alert#14 primary=advisory_clear conf=0.524 eta=1.5
[t+0s] alert#12 primary=advisory_clear conf=0.58 eta=9.4
[t+0s] alert#10 primary=advisory_clear conf=0.554 eta=9.4
[t+0s] alert#9 primary=confirmed_clear conf=0.473 eta=1.5
[t+0s] pipeline feed ready — waiting for Decide seed
[t+0s] alert#16 primary=advisory_clear conf=0.517 eta=1.5
[t+0s] alert#14 primary=advisory_clear conf=0.524 eta=1.5
[t+0s] alert#12 primary=advisory_clear conf=0.58 eta=9.4
[t+0s] alert#10 primary=advisory_clear conf=0.554 eta=9.4
[t+0s] alert#9 primary=confirmed_clear conf=0.473 eta=1.5
[t+0s] pipeline feed ready — waiting for Decide seed
[t+0s] alert#16 primary=advisory_clear conf=0.517 eta=1.5
[t+0s] alert#14 primary=advisory_clear conf=0.524 eta=1.5
[t+0s] alert#12 primary=advisory_clear conf=0.58 eta=9.4
[t+0s] alert#10 primary=advisory_clear conf=0.554 eta=9.4
[t+0s] alert#9 primary=confirmed_clear conf=0.473 eta=1.5
[t+0s] pipeline feed ready — waiting for Decide seed
[t+0s] alert#16 primary=advisory_clear conf=0.517 eta=1.5
[t+0s] alert#14 primary=advisory_clear conf=0.524 eta=1.5
[t+0s] alert#12 primary=advisory_clear conf=0.58 eta=9.4
[t+0s] alert#10 primary=advisory_clear conf=0.554 eta=9.4
[t+0s] alert#9 primary=confirmed_clear conf=0.473 eta=1.5
[t+0s] pipeline feed ready — waiting for Decide seed
[t+0s] alert#16 primary=advisory_clear conf=0.517 eta=1.5
[t+0s] alert#14 primary=advisory_clear conf=0.524 eta=1.5
[t+0s] alert#12 primary=advisory_clear conf=0.58 eta=9.4
[t+0s] alert#10 primary=advisory_clear conf=0.554 eta=9.4
[t+0s] alert#9 primary=confirmed_clear conf=0.473 eta=1.5
[t+0s] pipeline feed ready — waiting for Decide seed
[t+0s] alert#16 primary=advisory_clear conf=0.517 eta=1.5
[t+0s] alert#14 primary=advisory_clear conf=0.524 eta=1.5
[t+0s] alert#12 primary=advisory_clear conf=0.58 eta=9.4
[t+0s] alert#10 primary=advisory_clear conf=0.554 eta=9.4
[t+0s] alert#9 primary=confirmed_clear conf=0.473 eta=1.5
[t+0s] pipeline feed ready — waiting for Decide seed
[t+0s] alert#16 primary=advisory_clear conf=0.517 eta=1.5
[t+0s] alert#14 primary=advisory_clear conf=0.524 eta=1.5
[t+0s] alert#12 primary=advisory_clear conf=0.58 eta=9.4
[t+0s] alert#10 primary=advisory_clear conf=0.554 eta=9.4
[t+0s] alert#9 primary=confirmed_clear conf=0.473 eta=1.5
[t+0s] pipeline feed ready — waiting for Decide seed
[t+0s] alert#16 primary=advisory_clear conf=0.517 eta=1.5
[t+0s] alert#14 primary=advisory_clear conf=0.524 eta=1.5
[t+0s] alert#12 primary=advisory_clear conf=0.58 eta=9.4
[t+0s] alert#10 primary=advisory_clear conf=0.554 eta=9.4
[t+0s] alert#9 primary=confirmed_clear conf=0.473 eta=1.5
[t+0s] pipeline feed ready — waiting for Decide seed
[t+0s] alert#16 primary=advisory_clear conf=0.517 eta=1.5
[t+0s] alert#14 primary=advisory_clear conf=0.524 eta=1.5
[t+0s] alert#12 primary=advisory_clear conf=0.58 eta=9.4
[t+0s] alert#10 primary=advisory_clear conf=0.554 eta=9.4
[t+0s] alert#9 primary=confirmed_clear conf=0.473 eta=1.5
[t+0s] pipeline feed ready — waiting for Decide seed
[t+0s] alert#16 primary=advisory_clear conf=0.517 eta=1.5
[t+0s] alert#14 primary=advisory_clear conf=0.524 eta=1.5
[t+0s] alert#12 primary=advisory_clear conf=0.58 eta=9.4
[t+0s] alert#10 primary=advisory_clear conf=0.554 eta=9.4
[t+0s] alert#9 primary=confirmed_clear conf=0.473 eta=1.5
[t+0s] pipeline feed ready — waiting for Decide seed
[t+0s] alert#16 primary=advisory_clear conf=0.517 eta=1.5
[t+0s] alert#14 primary=advisory_clear conf=0.524 eta=1.5
[t+0s] alert#12 primary=advisory_clear conf=0.58 eta=9.4
[t+0s] alert#10 primary=advisory_clear conf=0.554 eta=9.4
[t+0s] alert#9 primary=confirmed_clear conf=0.473 eta=1.5
[t+0s] pipeline feed ready — waiting for Decide seed
[t+0s] alert#16 primary=advisory_clear conf=0.517 eta=1.5
[t+0s] alert#14 primary=advisory_clear conf=0.524 eta=1.5
[t+0s] alert#12 primary=advisory_clear conf=0.58 eta=9.4
[t+0s] alert#10 primary=advisory_clear conf=0.554 eta=9.4
[t+0s] alert#9 primary=confirmed_clear conf=0.473 eta=1.5
[t+0s] pipeline feed ready — waiting for Decide seed
[t+0s] alert#16 primary=advisory_clear conf=0.517 eta=1.5
[t+0s] alert#14 primary=advisory_clear conf=0.524 eta=1.5
[t+0s] alert#12 primary=advisory_clear conf=0.58 eta=9.4
[t+0s] alert#10 primary=advisory_clear conf=0.554 eta=9.4
[t+0s] alert#9 primary=confirmed_clear conf=0.473 eta=1.5
[t+0s] pipeline feed ready — waiting for Decide seed
[t+0s] alert#16 primary=advisory_clear conf=0.517 eta=1.5
[t+0s] alert#14 primary=advisory_clear conf=0.524 eta=1.5
[t+0s] alert#12 primary=advisory_clear conf=0.58 eta=9.4
[t+0s] alert#10 primary=advisory_clear conf=0.554 eta=9.4
[t+0s] alert#9 primary=confirmed_clear conf=0.473 eta=1.5
[t+0s] pipeline feed ready — waiting for Decide seed
[t+0s] alert#16 primary=advisory_clear conf=0.517 eta=1.5
[t+0s] alert#14 primary=advisory_clear conf=0.524 eta=1.5
[t+0s] alert#12 primary=advisory_clear conf=0.58 eta=9.4
[t+0s] alert#10 primary=advisory_clear conf=0.554 eta=9.4
[t+0s] alert#9 primary=confirmed_clear conf=0.473 eta=1.5
[t+0s] pipeline feed ready — waiting for Decide seed
[t+0s] alert#16 primary=advisory_clear conf=0.517 eta=1.5
[t+0s] alert#14 primary=advisory_clear conf=0.524 eta=1.5
[t+0s] alert#12 primary=advisory_clear conf=0.58 eta=9.4
[t+0s] alert#10 primary=advisory_clear conf=0.554 eta=9.4
[t+0s] alert#9 primary=confirmed_clear conf=0.473 eta=1.5
[t+0s] pipeline feed ready — waiting for Decide seed
[t+0s] alert#16 primary=advisory_clear conf=0.517 eta=1.5
[t+0s] alert#14 primary=advisory_clear conf=0.524 eta=1.5
[t+0s] alert#12 primary=advisory_clear conf=0.58 eta=9.4
[t+0s] alert#10 primary=advisory_clear conf=0.554 eta=9.4
[t+0s] alert#9 primary=confirmed_clear conf=0.473 eta=1.5
[t+0s] pipeline feed ready — waiting for Decide seed
[t+0s] alert#16 primary=advisory_clear conf=0.517 eta=1.5
[t+0s] alert#14 primary=advisory_clear conf=0.524 eta=1.5
[t+0s] alert#12 primary=advisory_clear conf=0.58 eta=9.4
[t+0s] alert#10 primary=advisory_clear conf=0.554 eta=9.4
[t+0s] alert#9 primary=confirmed_clear conf=0.473 eta=1.5
[t+0s] pipeline feed ready — waiting for Decide seed
[t+0s] alert#16 primary=advisory_clear conf=0.517 eta=1.5
[t+0s] alert#14 primary=advisory_clear conf=0.524 eta=1.5
[t+0s] alert#12 primary=advisory_clear conf=0.58 eta=9.4
[t+0s] alert#10 primary=advisory_clear conf=0.554 eta=9.4
[t+0s] alert#9 primary=confirmed_clear conf=0.473 eta=1.5
[t+0s] pipeline feed ready — waiting for Decide seed
[t+0s] alert#16 primary=advisory_clear conf=0.517 eta=1.5
[t+0s] alert#14 primary=advisory_clear conf=0.524 eta=1.5
[t+0s] alert#12 primary=advisory_clear conf=0.58 eta=9.4
[t+0s] alert#10 primary=advisory_clear conf=0.554 eta=9.4
[t+0s] alert#9 primary=confirmed_clear conf=0.473 eta=1.5
[t+0s] pipeline feed ready — waiting for Decide seed
[t+0s] alert#16 primary=advisory_clear conf=0.517 eta=1.5
[t+0s] alert#14 primary=advisory_clear conf=0.524 eta=1.5
[t+0s] alert#12 primary=advisory_clear conf=0.58 eta=9.4
[t+0s] alert#10 primary=advisory_clear conf=0.554 eta=9.4
[t+0s] alert#9 primary=confirmed_clear conf=0.473 eta=1.5
[t+0s] pipeline feed ready — waiting for Decide seed
[t+0s] alert#16 primary=advisory_clear conf=0.517 eta=1.5
[t+0s] alert#14 primary=advisory_clear conf=0.524 eta=1.5
[t+0s] alert#12 primary=advisory_clear conf=0.58 eta=9.4
[t+0s] alert#10 primary=advisory_clear conf=0.554 eta=9.4
[t+0s] alert#9 primary=confirmed_clear conf=0.473 eta=1.5
[t+0s] pipeline feed ready — waiting for Decide seed
[t+0s] alert#16 primary=advisory_clear conf=0.517 eta=1.5
[t+0s] alert#14 primary=advisory_clear conf=0.524 eta=1.5
[t+0s] alert#12 primary=advisory_clear conf=0.58 eta=9.4
[t+0s] alert#10 primary=advisory_clear conf=0.554 eta=9.4
[t+0s] alert#9 primary=confirmed_clear conf=0.473 eta=1.5
[t+0s] pipeline feed ready — waiting for Decide seed
[t+0s] alert#16 primary=advisory_clear conf=0.517 eta=1.5
[t+0s] alert#14 primary=advisory_clear conf=0.524 eta=1.5
[t+0s] alert#12 primary=advisory_clear conf=0.58 eta=9.4
[t+0s] alert#10 primary=advisory_clear conf=0.554 eta=9.4
[t+0s] alert#9 primary=confirmed_clear conf=0.473 eta=1.5
[t+0s] pipeline feed ready — waiting for Decide seed
[t+0s] alert#16 primary=advisory_clear conf=0.517 eta=1.5
[t+0s] alert#14 primary=advisory_clear conf=0.524 eta=1.5
[t+0s] alert#12 primary=advisory_clear conf=0.58 eta=9.4
[t+0s] alert#10 primary=advisory_clear conf=0.554 eta=9.4
[t+0s] alert#9 primary=confirmed_clear conf=0.473 eta=1.5
[t+0s] pipeline feed ready — waiting for Decide seed
[t+0s] alert#16 primary=advisory_clear conf=0.517 eta=1.5
[t+0s] alert#14 primary=advisory_clear conf=0.524 eta=1.5
[t+0s] alert#12 primary=advisory_clear conf=0.58 eta=9.4
[t+0s] alert#10 primary=advisory_clear conf=0.554 eta=9.4
[t+0s] alert#9 primary=confirmed_clear conf=0.473 eta=1.5
[t+0s] pipeline feed ready — waiting for Decide seed
[t+0s] alert#16 primary=advisory_clear conf=0.517 eta=1.5
[t+0s] alert#14 primary=advisory_clear conf=0.524 eta=1.5
[t+0s] alert#12 primary=advisory_clear conf=0.58 eta=9.4
[t+0s] alert#10 primary=advisory_clear conf=0.554 eta=9.4
[t+0s] alert#9 primary=confirmed_clear conf=0.473 eta=1.5
[t+0s] pipeline feed ready — waiting for Decide seed
[t+0s] alert#16 primary=advisory_clear conf=0.517 eta=1.5
[t+0s] alert#14 primary=advisory_clear conf=0.524 eta=1.5
[t+0s] alert#12 primary=advisory_clear conf=0.58 eta=9.4
[t+0s] alert#10 primary=advisory_clear conf=0.554 eta=9.4
[t+0s] alert#9 primary=confirmed_clear conf=0.473 eta=1.5
[t+0s] pipeline feed ready — waiting for Decide seed
[t+0s] alert#16 primary=advisory_clear conf=0.517 eta=1.5
[t+0s] alert#14 primary=advisory_clear conf=0.524 eta=1.5
[t+0s] alert#12 primary=advisory_clear conf=0.58 eta=9.4
[t+0s] alert#10 primary=advisory_clear conf=0.554 eta=9.4
[t+0s] alert#9 primary=confirmed_clear conf=0.473 eta=1.5
[t+0s] pipeline feed ready — waiting for Decide seed
[t+0s] alert#16 primary=advisory_clear conf=0.517 eta=1.5
[t+0s] alert#14 primary=advisory_clear conf=0.524 eta=1.5
[t+0s] alert#12 primary=advisory_clear conf=0.58 eta=9.4
[t+0s] alert#10 primary=advisory_clear conf=0.554 eta=9.4
[t+0s] alert#9 primary=confirmed_clear conf=0.473 eta=1.5
[t+0s] pipeline feed ready — waiting for Decide seed
[t+0s] alert#16 primary=advisory_clear conf=0.517 eta=1.5
[t+0s] alert#14 primary=advisory_clear conf=0.524 eta=1.5
[t+0s] alert#12 primary=advisory_clear conf=0.58 eta=9.4
[t+0s] alert#10 primary=advisory_clear conf=0.554 eta=9.4
[t+0s] alert#9 primary=confirmed_clear conf=0.473 eta=1.5
[t+0s] pipeline feed ready — waiting for Decide seed
[t+0s] alert#16 primary=advisory_clear conf=0.517 eta=1.5
[t+0s] alert#14 primary=advisory_clear conf=0.524 eta=1.5
[t+0s] alert#12 primary=advisory_clear conf=0.58 eta=9.4
[t+0s] alert#10 primary=advisory_clear conf=0.554 eta=9.4
[t+0s] alert#9 primary=confirmed_clear conf=0.473 eta=1.5
[t+0s] pipeline feed ready — waiting for Decide seed
[t+0s] alert#16 primary=advisory_clear conf=0.517 eta=1.5
[t+0s] alert#14 primary=advisory_clear conf=0.524 eta=1.5
[t+0s] alert#12 primary=advisory_clear conf=0.58 eta=9.4
[t+0s] alert#10 primary=advisory_clear conf=0.554 eta=9.4
[t+0s] alert#9 primary=confirmed_clear conf=0.473 eta=1.5
[t+0s] pipeline feed ready — waiting for Decide seed
[t+0s] alert#16 primary=advisory_clear conf=0.517 eta=1.5
[t+0s] alert#14 primary=advisory_clear conf=0.524 eta=1.5
[t+0s] alert#12 primary=advisory_clear conf=0.58 eta=9.4
[t+0s] alert#10 primary=advisory_clear conf=0.554 eta=9.4
[t+0s] alert#9 primary=confirmed_clear conf=0.473 eta=1.5
[t+0s] pipeline feed ready — waiting for Decide seed
[t+0s] alert#16 primary=advisory_clear conf=0.517 eta=1.5
[t+0s] alert#14 primary=advisory_clear conf=0.524 eta=1.5
[t+0s] alert#12 primary=advisory_clear conf=0.58 eta=9.4
[t+0s] alert#10 primary=advisory_clear conf=0.554 eta=9.4
[t+0s] alert#9 primary=confirmed_clear conf=0.473 eta=1.5
[t+0s] pipeline feed ready — waiting for Decide seed
[t+0s] alert#16 primary=advisory_clear conf=0.517 eta=1.5
[t+0s] alert#14 primary=advisory_clear conf=0.524 eta=1.5
[t+0s] alert#12 primary=advisory_clear conf=0.58 eta=9.4
[t+0s] alert#10 primary=advisory_clear conf=0.554 eta=9.4
[t+0s] alert#9 primary=confirmed_clear conf=0.473 eta=1.5
[t+0s] pipeline feed ready — waiting for Decide seed
[t+0s] alert#16 primary=advisory_clear conf=0.517 eta=1.5
[t+0s] alert#14 primary=advisory_clear conf=0.524 eta=1.5
[t+0s] alert#12 primary=advisory_clear conf=0.58 eta=9.4
[t+0s] alert#10 primary=advisory_clear conf=0.554 eta=9.4
[t+0s] alert#9 primary=confirmed_clear conf=0.473 eta=1.5
[t+0s] pipeline feed ready — waiting for Decide seed
[t+0s] alert#16 primary=advisory_clear conf=0.517 eta=1.5
[t+0s] alert#14 primary=advisory_clear conf=0.524 eta=1.5
[t+0s] alert#12 primary=advisory_clear conf=0.58 eta=9.4
[t+0s] alert#10 primary=advisory_clear conf=0.554 eta=9.4
[t+0s] alert#9 primary=confirmed_clear conf=0.473 eta=1.5
[t+0s] pipeline feed ready — waiting for Decide seed
[t+0s] alert#16 primary=advisory_clear conf=0.517 eta=1.5
[t+0s] alert#14 primary=advisory_clear conf=0.524 eta=1.5
[t+0s] alert#12 primary=advisory_clear conf=0.58 eta=9.4
[t+0s] alert#10 primary=advisory_clear conf=0.554 eta=9.4
[t+0s] alert#9 primary=confirmed_clear conf=0.473 eta=1.5
[t+0s] pipeline feed ready — waiting for Decide seed
[t+0s] alert#16 primary=advisory_clear conf=0.517 eta=1.5
[t+0s] alert#14 primary=advisory_clear conf=0.524 eta=1.5
[t+0s] alert#12 primary=advisory_clear conf=0.58 eta=9.4
[t+0s] alert#10 primary=advisory_clear conf=0.554 eta=9.4
[t+0s] alert#9 primary=confirmed_clear conf=0.473 eta=1.5
[t+79s] seed alert#208200 primary=bgp_route_flap from fault=bgp_flap — Approve to steer, or wait for auto-collapse
[t+81s] alert#208200 primary=bgp_route_flap conf=0.8758 eta=2.5 playbook=1. Approve sequence: one-shot BGP soft-clear (stabilize) then force_path→eth0
[t+0s] pipeline feed ready — waiting for Decide seed
[t+0s] alert#208200 primary=bgp_route_flap conf=0.8758 eta=2.5 playbook=1. Approve sequence: one-shot BGP soft-clear (stabilize) then force_path→eth0
[t+0s] pipeline feed ready — waiting for Decide seed
[t+0s] alert#208200 primary=bgp_route_flap conf=0.8758 eta=2.5 playbook=1. Approve sequence: one-shot BGP soft-clear (stabilize) then force_path→eth0
[t+0s] pipeline feed ready — waiting for Decide seed
[t+0s] alert#208200 primary=bgp_route_flap conf=0.8758 eta=2.5 playbook=1. Approve sequence: one-shot BGP soft-clear (stabilize) then force_path→eth0
[t+0s] pipeline feed ready — waiting for Decide seed
[t+0s] alert#208200 primary=bgp_route_flap conf=0.8758 eta=2.5 playbook=1. Approve sequence: one-shot BGP soft-clear (stabilize) then force_path→eth0
[t+0s] pipeline feed ready — waiting for Decide seed
[t+0s] alert#208200 primary=bgp_route_flap conf=0.8758 eta=2.5 playbook=1. Approve sequence: one-shot BGP soft-clear (stabilize) then force_path→eth0
[t+0s] pipeline feed ready — waiting for Decide seed
[t+0s] alert#208200 primary=bgp_route_flap conf=0.8758 eta=2.5 playbook=1. Approve sequence: one-shot BGP soft-clear (stabilize) then force_path→eth0
[t+0s] pipeline feed ready — waiting for Decide seed
[t+0s] alert#208200 primary=bgp_route_flap conf=0.8758 eta=2.5 playbook=1. Approve sequence: one-shot BGP soft-clear (stabilize) then force_path→eth0
[t+0s] pipeline feed ready — waiting for Decide seed
[t+0s] alert#208200 primary=bgp_route_flap conf=0.8758 eta=2.5 playbook=1. Approve sequence: one-shot BGP soft-clear (stabilize) then force_path→eth0
[t+0s] pipeline feed ready — waiting for Decide seed
[t+0s] alert#208200 primary=bgp_route_flap conf=0.8758 eta=2.5 playbook=1. Approve sequence: one-shot BGP soft-clear (stabilize) then force_path→eth0
[t+0s] pipeline feed ready — waiting for Decide seed
[t+0s] alert#208200 primary=bgp_route_flap conf=0.8758 eta=2.5 playbook=1. Approve sequence: one-shot BGP soft-clear (stabilize) then force_path→eth0
[t+0s] pipeline feed ready — waiting for Decide seed
[t+0s] alert#208200 primary=bgp_route_flap conf=0.8758 eta=2.5 playbook=1. Approve sequence: one-shot BGP soft-clear (stabilize) then force_path→eth0
[t+0s] pipeline feed ready — waiting for Decide seed
[t+0s] alert#208200 primary=bgp_route_flap conf=0.8758 eta=2.5 playbook=1. Approve sequence: one-shot BGP soft-clear (stabilize) then force_path→eth0
[t+172s] Approve complete — inject stopped (steered)
[t+0s] pipeline feed ready — waiting for Decide seed
[t+0s] alert#16 primary=advisory_clear conf=0.517 eta=1.5
[t+0s] alert#14 primary=advisory_clear conf=0.524 eta=1.5
[t+0s] alert#12 primary=advisory_clear conf=0.58 eta=9.4
[t+0s] alert#10 primary=advisory_clear conf=0.554 eta=9.4
[t+0s] alert#9 primary=confirmed_clear conf=0.473 eta=1.5
[t+175s] Approve complete — inject stopped (steered)
[t+0s] pipeline feed ready — waiting for Decide seed
[t+0s] alert#16 primary=advisory_clear conf=0.517 eta=1.5
[t+0s] alert#14 primary=advisory_clear conf=0.524 eta=1.5
[t+0s] alert#12 primary=advisory_clear conf=0.58 eta=9.4
[t+0s] alert#10 primary=advisory_clear conf=0.554 eta=9.4
[t+0s] alert#9 primary=confirmed_clear conf=0.473 eta=1.5
[t+0s] pipeline feed ready — waiting for Decide seed
[t+0s] alert#16 primary=advisory_clear conf=0.517 eta=1.5
[t+0s] alert#14 primary=advisory_clear conf=0.524 eta=1.5
[t+0s] alert#12 primary=advisory_clear conf=0.58 eta=9.4
[t+0s] alert#10 primary=advisory_clear conf=0.554 eta=9.4
[t+0s] alert#9 primary=confirmed_clear conf=0.473 eta=1.5
[t+0s] pipeline feed ready — waiting for Decide seed
[t+0s] alert#16 primary=advisory_clear conf=0.517 eta=1.5
[t+0s] alert#14 primary=advisory_clear conf=0.524 eta=1.5
[t+0s] alert#12 primary=advisory_clear conf=0.58 eta=9.4
[t+0s] alert#10 primary=advisory_clear conf=0.554 eta=9.4
[t+0s] alert#9 primary=confirmed_clear conf=0.473 eta=1.5
[t+0s] pipeline feed ready — waiting for Decide seed
[t+0s] alert#16 primary=advisory_clear conf=0.517 eta=1.5
[t+0s] alert#14 primary=advisory_clear conf=0.524 eta=1.5
[t+0s] alert#12 primary=advisory_clear conf=0.58 eta=9.4
[t+0s] alert#10 primary=advisory_clear conf=0.554 eta=9.4
[t+0s] alert#9 primary=confirmed_clear conf=0.473 eta=1.5
[t+0s] pipeline feed ready — waiting for Decide seed
[t+0s] alert#16 primary=advisory_clear conf=0.517 eta=1.5
[t+0s] alert#14 primary=advisory_clear conf=0.524 eta=1.5
[t+0s] alert#12 primary=advisory_clear conf=0.58 eta=9.4
[t+0s] alert#10 primary=advisory_clear conf=0.554 eta=9.4
[t+0s] alert#9 primary=confirmed_clear conf=0.473 eta=1.5
[t+0s] pipeline feed ready — waiting for Decide seed
[t+0s] alert#16 primary=advisory_clear conf=0.517 eta=1.5
[t+0s] alert#14 primary=advisory_clear conf=0.524 eta=1.5
[t+0s] alert#12 primary=advisory_clear conf=0.58 eta=9.4
[t+0s] alert#10 primary=advisory_clear conf=0.554 eta=9.4
[t+0s] alert#9 primary=confirmed_clear conf=0.473 eta=1.5
[t+0s] pipeline feed ready — waiting for Decide seed
[t+0s] alert#16 primary=advisory_clear conf=0.517 eta=1.5
[t+0s] alert#14 primary=advisory_clear conf=0.524 eta=1.5
[t+0s] alert#12 primary=advisory_clear conf=0.58 eta=9.4
[t+0s] alert#10 primary=advisory_clear conf=0.554 eta=9.4
[t+0s] alert#9 primary=confirmed_clear conf=0.473 eta=1.5
[t+0s] pipeline feed ready — waiting for Decide seed
[t+0s] alert#16 primary=advisory_clear conf=0.517 eta=1.5
[t+0s] alert#14 primary=advisory_clear conf=0.524 eta=1.5
[t+0s] alert#12 primary=advisory_clear conf=0.58 eta=9.4
[t+0s] alert#10 primary=advisory_clear conf=0.554 eta=9.4
[t+0s] alert#9 primary=confirmed_clear conf=0.473 eta=1.5
[t+0s] pipeline feed ready — waiting for Decide seed
[t+0s] alert#16 primary=advisory_clear conf=0.517 eta=1.5
[t+0s] alert#14 primary=advisory_clear conf=0.524 eta=1.5
[t+0s] alert#12 primary=advisory_clear conf=0.58 eta=9.4
[t+0s] alert#10 primary=advisory_clear conf=0.554 eta=9.4
[t+0s] alert#9 primary=confirmed_clear conf=0.473 eta=1.5
[t+0s] pipeline feed ready — waiting for Decide seed
[t+0s] alert#16 primary=advisory_clear conf=0.517 eta=1.5
[t+0s] alert#14 primary=advisory_clear conf=0.524 eta=1.5
[t+0s] alert#12 primary=advisory_clear conf=0.58 eta=9.4
[t+0s] alert#10 primary=advisory_clear conf=0.554 eta=9.4
[t+0s] alert#9 primary=confirmed_clear conf=0.473 eta=1.5
[t+0s] pipeline feed ready — waiting for Decide seed
[t+0s] alert#16 primary=advisory_clear conf=0.517 eta=1.5
[t+0s] alert#14 primary=advisory_clear conf=0.524 eta=1.5
[t+0s] alert#12 primary=advisory_clear conf=0.58 eta=9.4
[t+0s] alert#10 primary=advisory_clear conf=0.554 eta=9.4
[t+0s] alert#9 primary=confirmed_clear conf=0.473 eta=1.5
[t+0s] pipeline feed ready — waiting for Decide seed
[t+0s] alert#16 primary=advisory_clear conf=0.517 eta=1.5
[t+0s] alert#14 primary=advisory_clear conf=0.524 eta=1.5
[t+0s] alert#12 primary=advisory_clear conf=0.58 eta=9.4
[t+0s] alert#10 primary=advisory_clear conf=0.554 eta=9.4
[t+0s] alert#9 primary=confirmed_clear conf=0.473 eta=1.5
[t+0s] pipeline feed ready — waiting for Decide seed
[t+0s] alert#16 primary=advisory_clear conf=0.517 eta=1.5
[t+0s] alert#14 primary=advisory_clear conf=0.524 eta=1.5
[t+0s] alert#12 primary=advisory_clear conf=0.58 eta=9.4
[t+0s] alert#10 primary=advisory_clear conf=0.554 eta=9.4
[t+0s] alert#9 primary=confirmed_clear conf=0.473 eta=1.5
[t+0s] pipeline feed ready — waiting for Decide seed
[t+0s] alert#16 primary=advisory_clear conf=0.517 eta=1.5
[t+0s] alert#14 primary=advisory_clear conf=0.524 eta=1.5
[t+0s] alert#12 primary=advisory_clear conf=0.58 eta=9.4
[t+0s] alert#10 primary=advisory_clear conf=0.554 eta=9.4
[t+0s] alert#9 primary=confirmed_clear conf=0.473 eta=1.5
[t+0s] pipeline feed ready — waiting for Decide seed
[t+0s] alert#16 primary=advisory_clear conf=0.517 eta=1.5
[t+0s] alert#14 primary=advisory_clear conf=0.524 eta=1.5
[t+0s] alert#12 primary=advisory_clear conf=0.58 eta=9.4
[t+0s] alert#10 primary=advisory_clear conf=0.554 eta=9.4
[t+0s] alert#9 primary=confirmed_clear conf=0.473 eta=1.5
[t+0s] pipeline feed ready — waiting for Decide seed
[t+0s] alert#16 primary=advisory_clear conf=0.517 eta=1.5
[t+0s] alert#14 primary=advisory_clear conf=0.524 eta=1.5
[t+0s] alert#12 primary=advisory_clear conf=0.58 eta=9.4
[t+0s] alert#10 primary=advisory_clear conf=0.554 eta=9.4
[t+0s] alert#9 primary=confirmed_clear conf=0.473 eta=1.5
[t+0s] pipeline feed ready — waiting for Decide seed
[t+0s] alert#16 primary=advisory_clear conf=0.517 eta=1.5
[t+0s] alert#14 primary=advisory_clear conf=0.524 eta=1.5
[t+0s] alert#12 primary=advisory_clear conf=0.58 eta=9.4
[t+0s] alert#10 primary=advisory_clear conf=0.554 eta=9.4
[t+0s] alert#9 primary=confirmed_clear conf=0.473 eta=1.5
[t+0s] pipeline feed ready — waiting for Decide seed
[t+0s] alert#16 primary=advisory_clear conf=0.517 eta=1.5
[t+0s] alert#14 primary=advisory_clear conf=0.524 eta=1.5
[t+0s] alert#12 primary=advisory_clear conf=0.58 eta=9.4
[t+0s] alert#10 primary=advisory_clear conf=0.554 eta=9.4
[t+0s] alert#9 primary=confirmed_clear conf=0.473 eta=1.5
[t+0s] pipeline feed ready — waiting for Decide seed
[t+0s] alert#16 primary=advisory_clear conf=0.517 eta=1.5
[t+0s] alert#14 primary=advisory_clear conf=0.524 eta=1.5
[t+0s] alert#12 primary=advisory_clear conf=0.58 eta=9.4
[t+0s] alert#10 primary=advisory_clear conf=0.554 eta=9.4
[t+0s] alert#9 primary=confirmed_clear conf=0.473 eta=1.5
[t+0s] pipeline feed ready — waiting for Decide seed
[t+0s] alert#16 primary=advisory_clear conf=0.517 eta=1.5
[t+0s] alert#14 primary=advisory_clear conf=0.524 eta=1.5
[t+0s] alert#12 primary=advisory_clear conf=0.58 eta=9.4
[t+0s] alert#10 primary=advisory_clear conf=0.554 eta=9.4
[t+0s] alert#9 primary=confirmed_clear conf=0.473 eta=1.5
[t+0s] pipeline feed ready — waiting for Decide seed
[t+0s] alert#16 primary=advisory_clear conf=0.517 eta=1.5
[t+0s] alert#14 primary=advisory_clear conf=0.524 eta=1.5
[t+0s] alert#12 primary=advisory_clear conf=0.58 eta=9.4
[t+0s] alert#10 primary=advisory_clear conf=0.554 eta=9.4
[t+0s] alert#9 primary=confirmed_clear conf=0.473 eta=1.5
[t+0s] pipeline feed ready — waiting for Decide seed
[t+0s] alert#16 primary=advisory_clear conf=0.517 eta=1.5
[t+0s] alert#14 primary=advisory_clear conf=0.524 eta=1.5
[t+0s] alert#12 primary=advisory_clear conf=0.58 eta=9.4
[t+0s] alert#10 primary=advisory_clear conf=0.554 eta=9.4
[t+0s] alert#9 primary=confirmed_clear conf=0.473 eta=1.5
[t+12s] alert#208201 primary=tunnel_degradation conf=0.9 eta=2.5 playbook=1. Approve: steer ESP underlay to eth0 on PE1 (force_path)
[t+0s] pipeline feed ready — waiting for Decide seed
[t+0s] alert#16 primary=advisory_clear conf=0.517 eta=1.5
[t+0s] alert#14 primary=advisory_clear conf=0.524 eta=1.5
[t+0s] alert#12 primary=advisory_clear conf=0.58 eta=9.4
[t+0s] alert#10 primary=advisory_clear conf=0.554 eta=9.4
[t+0s] alert#9 primary=confirmed_clear conf=0.473 eta=1.5
[t+0s] pipeline feed ready — waiting for Decide seed
[t+0s] alert#16 primary=advisory_clear conf=0.517 eta=1.5
[t+0s] alert#14 primary=advisory_clear conf=0.524 eta=1.5
[t+0s] alert#12 primary=advisory_clear conf=0.58 eta=9.4
[t+0s] alert#10 primary=advisory_clear conf=0.554 eta=9.4
[t+0s] alert#9 primary=confirmed_clear conf=0.473 eta=1.5
[t+199s] alerts resolved — idle (operator_clear)
[t+286s] seed alert#208202 primary=tunnel_degradation from Q1/Q2 fault=loss_progression — Approve to steer, or wait for auto-collapse
[t+286s] alert#208202 primary=tunnel_degradation conf=0.731 eta=7.253 playbook=1. Approve: steer ESP underlay to eth0 on PE1 (force_path)
[t+440s] Approve complete — inject stopped (steered)
[t+442s] Approve complete — inject stopped (steered)
[t+0s] pipeline feed ready — waiting for Decide seed
[t+0s] alert#16 primary=advisory_clear conf=0.517 eta=1.5
[t+0s] alert#14 primary=advisory_clear conf=0.524 eta=1.5
[t+0s] alert#12 primary=advisory_clear conf=0.58 eta=9.4
[t+0s] alert#10 primary=advisory_clear conf=0.554 eta=9.4
[t+0s] alert#9 primary=confirmed_clear conf=0.473 eta=1.5
[t+220s] alerts resolved — idle (operator_clear)
[t+227s] seed alert#208203 primary=bgp_route_flap sev=3A from Q1/Q2 — Approve to steer, or wait for auto-collapse
[t+0s] pipeline feed ready — waiting for Decide seed
[t+0s] alert#208203 primary=bgp_route_flap conf=0.6744 eta=6.2 playbook=1. Approve sequence: one-shot BGP soft-clear (stabilize) then force_path→eth0
[t+0s] pipeline feed ready — waiting for Decide seed
[t+0s] alert#208203 primary=bgp_route_flap conf=0.6744 eta=6.2 playbook=1. Approve sequence: one-shot BGP soft-clear (stabilize) then force_path→eth0
[t+9s] alert#16 primary=advisory_clear conf=0.517 eta=1.5
[t+9s] alert#14 primary=advisory_clear conf=0.524 eta=1.5
[t+9s] alert#12 primary=advisory_clear conf=0.58 eta=9.4
[t+9s] alert#10 primary=advisory_clear conf=0.554 eta=9.4
[t+9s] alert#9 primary=confirmed_clear conf=0.473 eta=1.5
[t+0s] pipeline feed ready — waiting for Decide seed
[t+0s] alert#16 primary=advisory_clear conf=0.517 eta=1.5
[t+0s] alert#14 primary=advisory_clear conf=0.524 eta=1.5
[t+0s] alert#12 primary=advisory_clear conf=0.58 eta=9.4
[t+0s] alert#10 primary=advisory_clear conf=0.554 eta=9.4
[t+0s] alert#9 primary=confirmed_clear conf=0.473 eta=1.5
[t+0s] pipeline feed ready — waiting for Decide seed
[t+0s] alert#16 primary=advisory_clear conf=0.517 eta=1.5
[t+0s] alert#14 primary=advisory_clear conf=0.524 eta=1.5
[t+0s] alert#12 primary=advisory_clear conf=0.58 eta=9.4
[t+0s] alert#10 primary=advisory_clear conf=0.554 eta=9.4
[t+0s] alert#9 primary=confirmed_clear conf=0.473 eta=1.5
[t+0s] pipeline feed ready — waiting for Decide seed
[t+0s] alert#16 primary=advisory_clear conf=0.517 eta=1.5
[t+0s] alert#14 primary=advisory_clear conf=0.524 eta=1.5
[t+0s] alert#12 primary=advisory_clear conf=0.58 eta=9.4
[t+0s] alert#10 primary=advisory_clear conf=0.554 eta=9.4
[t+0s] alert#9 primary=confirmed_clear conf=0.473 eta=1.5
[t+0s] pipeline feed ready — waiting for Decide seed
[t+0s] alert#16 primary=advisory_clear conf=0.517 eta=1.5
[t+0s] alert#14 primary=advisory_clear conf=0.524 eta=1.5
[t+0s] alert#12 primary=advisory_clear conf=0.58 eta=9.4
[t+0s] alert#10 primary=advisory_clear conf=0.554 eta=9.4
[t+0s] alert#9 primary=confirmed_clear conf=0.473 eta=1.5
[t+0s] pipeline feed ready — waiting for Decide seed
[t+0s] alert#16 primary=advisory_clear conf=0.517 eta=1.5
[t+0s] alert#14 primary=advisory_clear conf=0.524 eta=1.5
[t+0s] alert#12 primary=advisory_clear conf=0.58 eta=9.4
[t+0s] alert#10 primary=advisory_clear conf=0.554 eta=9.4
[t+0s] alert#9 primary=confirmed_clear conf=0.473 eta=1.5
[t+0s] pipeline feed ready — waiting for Decide seed
[t+0s] alert#16 primary=advisory_clear conf=0.517 eta=1.5
[t+0s] alert#14 primary=advisory_clear conf=0.524 eta=1.5
[t+0s] alert#12 primary=advisory_clear conf=0.58 eta=9.4
[t+0s] alert#10 primary=advisory_clear conf=0.554 eta=9.4
[t+0s] alert#9 primary=confirmed_clear conf=0.473 eta=1.5
[t+0s] pipeline feed ready — waiting for Decide seed
[t+0s] alert#16 primary=advisory_clear conf=0.517 eta=1.5
[t+0s] alert#14 primary=advisory_clear conf=0.524 eta=1.5
[t+0s] alert#12 primary=advisory_clear conf=0.58 eta=9.4
[t+0s] alert#10 primary=advisory_clear conf=0.554 eta=9.4
[t+0s] alert#9 primary=confirmed_clear conf=0.473 eta=1.5
[t+55s] seed alert#208204 primary=bgp_route_flap sev=3A from Q1/Q2 — Approve to steer, or wait for auto-collapse
[t+57s] alert#208204 primary=bgp_route_flap conf=0.576 eta=6.947 playbook=1. Approve sequence: one-shot BGP soft-clear (stabilize) then force_path→eth0
[t+0s] pipeline feed ready — waiting for Decide seed
[t+0s] alert#208204 primary=bgp_route_flap conf=0.576 eta=6.947 playbook=1. Approve sequence: one-shot BGP soft-clear (stabilize) then force_path→eth0
[t+0s] pipeline feed ready — waiting for Decide seed
[t+0s] alert#208204 primary=bgp_route_flap conf=0.576 eta=6.947 playbook=1. Approve sequence: one-shot BGP soft-clear (stabilize) then force_path→eth0
[t+0s] pipeline feed ready — waiting for Decide seed
[t+0s] alert#208204 primary=bgp_route_flap conf=0.576 eta=6.947 playbook=1. Approve sequence: one-shot BGP soft-clear (stabilize) then force_path→eth0
[t+0s] pipeline feed ready — waiting for Decide seed
[t+0s] alert#208204 primary=bgp_route_flap conf=0.576 eta=6.947 playbook=1. Approve sequence: one-shot BGP soft-clear (stabilize) then force_path→eth0
[t+0s] pipeline feed ready — waiting for Decide seed
[t+0s] alert#208204 primary=bgp_route_flap conf=0.576 eta=6.947 playbook=1. Approve sequence: one-shot BGP soft-clear (stabilize) then force_path→eth0
[t+0s] pipeline feed ready — waiting for Decide seed
[t+0s] alert#208204 primary=bgp_route_flap conf=0.576 eta=6.947 playbook=1. Approve sequence: one-shot BGP soft-clear (stabilize) then force_path→eth0
[t+0s] pipeline feed ready — waiting for Decide seed
[t+0s] alert#208204 primary=bgp_route_flap conf=0.576 eta=6.947 playbook=1. Approve sequence: one-shot BGP soft-clear (stabilize) then force_path→eth0
[t+0s] pipeline feed ready — waiting for Decide seed
[t+0s] alert#208204 primary=bgp_route_flap conf=0.576 eta=6.947 playbook=1. Approve sequence: one-shot BGP soft-clear (stabilize) then force_path→eth0
[t+115s] Approve complete — inject stopped (steered)
[t+0s] pipeline feed ready — waiting for Decide seed
[t+0s] alert#16 primary=advisory_clear conf=0.517 eta=1.5
[t+0s] alert#14 primary=advisory_clear conf=0.524 eta=1.5
[t+0s] alert#12 primary=advisory_clear conf=0.58 eta=9.4
[t+0s] alert#10 primary=advisory_clear conf=0.554 eta=9.4
[t+0s] alert#9 primary=confirmed_clear conf=0.473 eta=1.5
[t+117s] Approve complete — inject stopped (steered)
[t+0s] pipeline feed ready — waiting for Decide seed
[t+0s] alert#16 primary=advisory_clear conf=0.517 eta=1.5
[t+0s] alert#14 primary=advisory_clear conf=0.524 eta=1.5
[t+0s] alert#12 primary=advisory_clear conf=0.58 eta=9.4
[t+0s] alert#10 primary=advisory_clear conf=0.554 eta=9.4
[t+0s] alert#9 primary=confirmed_clear conf=0.473 eta=1.5
[t+0s] pipeline feed ready — waiting for Decide seed
[t+0s] alert#16 primary=advisory_clear conf=0.517 eta=1.5
[t+0s] alert#14 primary=advisory_clear conf=0.524 eta=1.5
[t+0s] alert#12 primary=advisory_clear conf=0.58 eta=9.4
[t+0s] alert#10 primary=advisory_clear conf=0.554 eta=9.4
[t+0s] alert#9 primary=confirmed_clear conf=0.473 eta=1.5
[t+0s] pipeline feed ready — waiting for Decide seed
[t+0s] alert#16 primary=advisory_clear conf=0.517 eta=1.5
[t+0s] alert#14 primary=advisory_clear conf=0.524 eta=1.5
[t+0s] alert#12 primary=advisory_clear conf=0.58 eta=9.4
[t+0s] alert#10 primary=advisory_clear conf=0.554 eta=9.4
[t+0s] alert#9 primary=confirmed_clear conf=0.473 eta=1.5
[t+0s] pipeline feed ready — waiting for Decide seed
[t+0s] alert#16 primary=advisory_clear conf=0.517 eta=1.5
[t+0s] alert#14 primary=advisory_clear conf=0.524 eta=1.5
[t+0s] alert#12 primary=advisory_clear conf=0.58 eta=9.4
[t+0s] alert#10 primary=advisory_clear conf=0.554 eta=9.4
[t+0s] alert#9 primary=confirmed_clear conf=0.473 eta=1.5
[t+0s] pipeline feed ready — waiting for Decide seed
[t+0s] alert#16 primary=advisory_clear conf=0.517 eta=1.5
[t+0s] alert#14 primary=advisory_clear conf=0.524 eta=1.5
[t+0s] alert#12 primary=advisory_clear conf=0.58 eta=9.4
[t+0s] alert#10 primary=advisory_clear conf=0.554 eta=9.4
[t+0s] alert#9 primary=confirmed_clear conf=0.473 eta=1.5
[t+0s] pipeline feed ready — waiting for Decide seed
[t+0s] alert#16 primary=advisory_clear conf=0.517 eta=1.5
[t+0s] alert#14 primary=advisory_clear conf=0.524 eta=1.5
[t+0s] alert#12 primary=advisory_clear conf=0.58 eta=9.4
[t+0s] alert#10 primary=advisory_clear conf=0.554 eta=9.4
[t+0s] alert#9 primary=confirmed_clear conf=0.473 eta=1.5
[t+0s] pipeline feed ready — waiting for Decide seed
[t+0s] alert#16 primary=advisory_clear conf=0.517 eta=1.5
[t+0s] alert#14 primary=advisory_clear conf=0.524 eta=1.5
[t+0s] alert#12 primary=advisory_clear conf=0.58 eta=9.4
[t+0s] alert#10 primary=advisory_clear conf=0.554 eta=9.4
[t+0s] alert#9 primary=confirmed_clear conf=0.473 eta=1.5
[t+0s] pipeline feed ready — waiting for Decide seed
[t+0s] alert#16 primary=advisory_clear conf=0.517 eta=1.5
[t+0s] alert#14 primary=advisory_clear conf=0.524 eta=1.5
[t+0s] alert#12 primary=advisory_clear conf=0.58 eta=9.4
[t+0s] alert#10 primary=advisory_clear conf=0.554 eta=9.4
[t+0s] alert#9 primary=confirmed_clear conf=0.473 eta=1.5
[t+0s] pipeline feed ready — waiting for Decide seed
[t+0s] alert#16 primary=advisory_clear conf=0.517 eta=1.5
[t+0s] alert#14 primary=advisory_clear conf=0.524 eta=1.5
[t+0s] alert#12 primary=advisory_clear conf=0.58 eta=9.4
[t+0s] alert#10 primary=advisory_clear conf=0.554 eta=9.4
[t+0s] alert#9 primary=confirmed_clear conf=0.473 eta=1.5
[t+0s] pipeline feed ready — waiting for Decide seed
[t+0s] alert#16 primary=advisory_clear conf=0.517 eta=1.5
[t+0s] alert#14 primary=advisory_clear conf=0.524 eta=1.5
[t+0s] alert#12 primary=advisory_clear conf=0.58 eta=9.4
[t+0s] alert#10 primary=advisory_clear conf=0.554 eta=9.4
[t+0s] alert#9 primary=confirmed_clear conf=0.473 eta=1.5
[t+0s] pipeline feed ready — waiting for Decide seed
[t+0s] alert#16 primary=advisory_clear conf=0.517 eta=1.5
[t+0s] alert#14 primary=advisory_clear conf=0.524 eta=1.5
[t+0s] alert#12 primary=advisory_clear conf=0.58 eta=9.4
[t+0s] alert#10 primary=advisory_clear conf=0.554 eta=9.4
[t+0s] alert#9 primary=confirmed_clear conf=0.473 eta=1.5
[t+0s] pipeline feed ready — waiting for Decide seed
[t+0s] alert#16 primary=advisory_clear conf=0.517 eta=1.5
[t+0s] alert#14 primary=advisory_clear conf=0.524 eta=1.5
[t+0s] alert#12 primary=advisory_clear conf=0.58 eta=9.4
[t+0s] alert#10 primary=advisory_clear conf=0.554 eta=9.4
[t+0s] alert#9 primary=confirmed_clear conf=0.473 eta=1.5
[t+0s] pipeline feed ready — waiting for Decide seed
[t+0s] alert#16 primary=advisory_clear conf=0.517 eta=1.5
[t+0s] alert#14 primary=advisory_clear conf=0.524 eta=1.5
[t+0s] alert#12 primary=advisory_clear conf=0.58 eta=9.4
[t+0s] alert#10 primary=advisory_clear conf=0.554 eta=9.4
[t+0s] alert#9 primary=confirmed_clear conf=0.473 eta=1.5
[t+0s] pipeline feed ready — waiting for Decide seed
[t+0s] alert#16 primary=advisory_clear conf=0.517 eta=1.5
[t+0s] alert#14 primary=advisory_clear conf=0.524 eta=1.5
[t+0s] alert#12 primary=advisory_clear conf=0.58 eta=9.4
[t+0s] alert#10 primary=advisory_clear conf=0.554 eta=9.4
[t+0s] alert#9 primary=confirmed_clear conf=0.473 eta=1.5
[t+0s] pipeline feed ready — waiting for Decide seed
[t+0s] alert#16 primary=advisory_clear conf=0.517 eta=1.5
[t+0s] alert#14 primary=advisory_clear conf=0.524 eta=1.5
[t+0s] alert#12 primary=advisory_clear conf=0.58 eta=9.4
[t+0s] alert#10 primary=advisory_clear conf=0.554 eta=9.4
[t+0s] alert#9 primary=confirmed_clear conf=0.473 eta=1.5
[t+0s] pipeline feed ready — waiting for Decide seed
[t+0s] alert#16 primary=advisory_clear conf=0.517 eta=1.5
[t+0s] alert#14 primary=advisory_clear conf=0.524 eta=1.5
[t+0s] alert#12 primary=advisory_clear conf=0.58 eta=9.4
[t+0s] alert#10 primary=advisory_clear conf=0.554 eta=9.4
[t+0s] alert#9 primary=confirmed_clear conf=0.473 eta=1.5
[t+0s] pipeline feed ready — waiting for Decide seed
[t+0s] alert#16 primary=advisory_clear conf=0.517 eta=1.5
[t+0s] alert#14 primary=advisory_clear conf=0.524 eta=1.5
[t+0s] alert#12 primary=advisory_clear conf=0.58 eta=9.4
[t+0s] alert#10 primary=advisory_clear conf=0.554 eta=9.4
[t+0s] alert#9 primary=confirmed_clear conf=0.473 eta=1.5
[t+0s] pipeline feed ready — waiting for Decide seed
[t+0s] alert#16 primary=advisory_clear conf=0.517 eta=1.5
[t+0s] alert#14 primary=advisory_clear conf=0.524 eta=1.5
[t+0s] alert#12 primary=advisory_clear conf=0.58 eta=9.4
[t+0s] alert#10 primary=advisory_clear conf=0.554 eta=9.4
[t+0s] alert#9 primary=confirmed_clear conf=0.473 eta=1.5
[t+0s] pipeline feed ready — waiting for Decide seed
[t+0s] alert#16 primary=advisory_clear conf=0.517 eta=1.5
[t+0s] alert#14 primary=advisory_clear conf=0.524 eta=1.5
[t+0s] alert#12 primary=advisory_clear conf=0.58 eta=9.4
[t+0s] alert#10 primary=advisory_clear conf=0.554 eta=9.4
[t+0s] alert#9 primary=confirmed_clear conf=0.473 eta=1.5
[t+0s] pipeline feed ready — waiting for Decide seed
[t+0s] alert#16 primary=advisory_clear conf=0.517 eta=1.5
[t+0s] alert#14 primary=advisory_clear conf=0.524 eta=1.5
[t+0s] alert#12 primary=advisory_clear conf=0.58 eta=9.4
[t+0s] alert#10 primary=advisory_clear conf=0.554 eta=9.4
[t+0s] alert#9 primary=confirmed_clear conf=0.473 eta=1.5
[t+0s] pipeline feed ready — waiting for Decide seed
[t+0s] alert#16 primary=advisory_clear conf=0.517 eta=1.5
[t+0s] alert#14 primary=advisory_clear conf=0.524 eta=1.5
[t+0s] alert#12 primary=advisory_clear conf=0.58 eta=9.4
[t+0s] alert#10 primary=advisory_clear conf=0.554 eta=9.4
[t+0s] alert#9 primary=confirmed_clear conf=0.473 eta=1.5
[t+0s] pipeline feed ready — waiting for Decide seed
[t+0s] alert#16 primary=advisory_clear conf=0.517 eta=1.5
[t+0s] alert#14 primary=advisory_clear conf=0.524 eta=1.5
[t+0s] alert#12 primary=advisory_clear conf=0.58 eta=9.4
[t+0s] alert#10 primary=advisory_clear conf=0.554 eta=9.4
[t+0s] alert#9 primary=confirmed_clear conf=0.473 eta=1.5
[t+0s] pipeline feed ready — waiting for Decide seed
[t+0s] alert#16 primary=advisory_clear conf=0.517 eta=1.5
[t+0s] alert#14 primary=advisory_clear conf=0.524 eta=1.5
[t+0s] alert#12 primary=advisory_clear conf=0.58 eta=9.4
[t+0s] alert#10 primary=advisory_clear conf=0.554 eta=9.4
[t+0s] alert#9 primary=confirmed_clear conf=0.473 eta=1.5
[t+0s] pipeline feed ready — waiting for Decide seed
[t+0s] alert#16 primary=advisory_clear conf=0.517 eta=1.5
[t+0s] alert#14 primary=advisory_clear conf=0.524 eta=1.5
[t+0s] alert#12 primary=advisory_clear conf=0.58 eta=9.4
[t+0s] alert#10 primary=advisory_clear conf=0.554 eta=9.4
[t+0s] alert#9 primary=confirmed_clear conf=0.473 eta=1.5
[t+0s] pipeline feed ready — waiting for Decide seed
[t+0s] alert#16 primary=advisory_clear conf=0.517 eta=1.5
[t+0s] alert#14 primary=advisory_clear conf=0.524 eta=1.5
[t+0s] alert#12 primary=advisory_clear conf=0.58 eta=9.4
[t+0s] alert#10 primary=advisory_clear conf=0.554 eta=9.4
[t+0s] alert#9 primary=confirmed_clear conf=0.473 eta=1.5
[t+0s] pipeline feed ready — waiting for Decide seed
[t+0s] alert#16 primary=advisory_clear conf=0.517 eta=1.5
[t+0s] alert#14 primary=advisory_clear conf=0.524 eta=1.5
[t+0s] alert#12 primary=advisory_clear conf=0.58 eta=9.4
[t+0s] alert#10 primary=advisory_clear conf=0.554 eta=9.4
[t+0s] alert#9 primary=confirmed_clear conf=0.473 eta=1.5
[t+0s] pipeline feed ready — waiting for Decide seed
[t+0s] alert#16 primary=advisory_clear conf=0.517 eta=1.5
[t+0s] alert#14 primary=advisory_clear conf=0.524 eta=1.5
[t+0s] alert#12 primary=advisory_clear conf=0.58 eta=9.4
[t+0s] alert#10 primary=advisory_clear conf=0.554 eta=9.4
[t+0s] alert#9 primary=confirmed_clear conf=0.473 eta=1.5
[t+0s] pipeline feed ready — waiting for Decide seed
[t+0s] alert#16 primary=advisory_clear conf=0.517 eta=1.5
[t+0s] alert#14 primary=advisory_clear conf=0.524 eta=1.5
[t+0s] alert#12 primary=advisory_clear conf=0.58 eta=9.4
[t+0s] alert#10 primary=advisory_clear conf=0.554 eta=9.4
[t+0s] alert#9 primary=confirmed_clear conf=0.473 eta=1.5
[t+0s] pipeline feed ready — waiting for Decide seed
[t+0s] alert#16 primary=advisory_clear conf=0.517 eta=1.5
[t+0s] alert#14 primary=advisory_clear conf=0.524 eta=1.5
[t+0s] alert#12 primary=advisory_clear conf=0.58 eta=9.4
[t+0s] alert#10 primary=advisory_clear conf=0.554 eta=9.4
[t+0s] alert#9 primary=confirmed_clear conf=0.473 eta=1.5
[t+0s] pipeline feed ready — waiting for Decide seed
[t+0s] alert#16 primary=advisory_clear conf=0.517 eta=1.5
[t+0s] alert#14 primary=advisory_clear conf=0.524 eta=1.5
[t+0s] alert#12 primary=advisory_clear conf=0.58 eta=9.4
[t+0s] alert#10 primary=advisory_clear conf=0.554 eta=9.4
[t+0s] alert#9 primary=confirmed_clear conf=0.473 eta=1.5
[t+0s] pipeline feed ready — waiting for Decide seed
[t+0s] alert#16 primary=advisory_clear conf=0.517 eta=1.5
[t+0s] alert#14 primary=advisory_clear conf=0.524 eta=1.5
[t+0s] alert#12 primary=advisory_clear conf=0.58 eta=9.4
[t+0s] alert#10 primary=advisory_clear conf=0.554 eta=9.4
[t+0s] alert#9 primary=confirmed_clear conf=0.473 eta=1.5
[t+0s] pipeline feed ready — waiting for Decide seed
[t+0s] alert#16 primary=advisory_clear conf=0.517 eta=1.5
[t+0s] alert#14 primary=advisory_clear conf=0.524 eta=1.5
[t+0s] alert#12 primary=advisory_clear conf=0.58 eta=9.4
[t+0s] alert#10 primary=advisory_clear conf=0.554 eta=9.4
[t+0s] alert#9 primary=confirmed_clear conf=0.473 eta=1.5
[t+0s] pipeline feed ready — waiting for Decide seed
[t+0s] alert#16 primary=advisory_clear conf=0.517 eta=1.5
[t+0s] alert#14 primary=advisory_clear conf=0.524 eta=1.5
[t+0s] alert#12 primary=advisory_clear conf=0.58 eta=9.4
[t+0s] alert#10 primary=advisory_clear conf=0.554 eta=9.4
[t+0s] alert#9 primary=confirmed_clear conf=0.473 eta=1.5
[t+0s] pipeline feed ready — waiting for Decide seed
[t+0s] alert#16 primary=advisory_clear conf=0.517 eta=1.5
[t+0s] alert#14 primary=advisory_clear conf=0.524 eta=1.5
[t+0s] alert#12 primary=advisory_clear conf=0.58 eta=9.4
[t+0s] alert#10 primary=advisory_clear conf=0.554 eta=9.4
[t+0s] alert#9 primary=confirmed_clear conf=0.473 eta=1.5
[t+0s] pipeline feed ready — waiting for Decide seed
[t+0s] alert#16 primary=advisory_clear conf=0.517 eta=1.5
[t+0s] alert#14 primary=advisory_clear conf=0.524 eta=1.5
[t+0s] alert#12 primary=advisory_clear conf=0.58 eta=9.4
[t+0s] alert#10 primary=advisory_clear conf=0.554 eta=9.4
[t+0s] alert#9 primary=confirmed_clear conf=0.473 eta=1.5
[t+0s] pipeline feed ready — waiting for Decide seed
[t+0s] alert#16 primary=advisory_clear conf=0.517 eta=1.5
[t+0s] alert#14 primary=advisory_clear conf=0.524 eta=1.5
[t+0s] alert#12 primary=advisory_clear conf=0.58 eta=9.4
[t+0s] alert#10 primary=advisory_clear conf=0.554 eta=9.4
[t+0s] alert#9 primary=confirmed_clear conf=0.473 eta=1.5
[t+0s] pipeline feed ready — waiting for Decide seed
[t+0s] alert#16 primary=advisory_clear conf=0.517 eta=1.5
[t+0s] alert#14 primary=advisory_clear conf=0.524 eta=1.5
[t+0s] alert#12 primary=advisory_clear conf=0.58 eta=9.4
[t+0s] alert#10 primary=advisory_clear conf=0.554 eta=9.4
[t+0s] alert#9 primary=confirmed_clear conf=0.473 eta=1.5
[t+0s] pipeline feed ready — waiting for Decide seed
[t+0s] alert#16 primary=advisory_clear conf=0.517 eta=1.5
[t+0s] alert#14 primary=advisory_clear conf=0.524 eta=1.5
[t+0s] alert#12 primary=advisory_clear conf=0.58 eta=9.4
[t+0s] alert#10 primary=advisory_clear conf=0.554 eta=9.4
[t+0s] alert#9 primary=confirmed_clear conf=0.473 eta=1.5
[t+0s] pipeline feed ready — waiting for Decide seed
[t+0s] alert#16 primary=advisory_clear conf=0.517 eta=1.5
[t+0s] alert#14 primary=advisory_clear conf=0.524 eta=1.5
[t+0s] alert#12 primary=advisory_clear conf=0.58 eta=9.4
[t+0s] alert#10 primary=advisory_clear conf=0.554 eta=9.4
[t+0s] alert#9 primary=confirmed_clear conf=0.473 eta=1.5
[t+0s] pipeline feed ready — waiting for Decide seed
[t+0s] alert#16 primary=advisory_clear conf=0.517 eta=1.5
[t+0s] alert#14 primary=advisory_clear conf=0.524 eta=1.5
[t+0s] alert#12 primary=advisory_clear conf=0.58 eta=9.4
[t+0s] alert#10 primary=advisory_clear conf=0.554 eta=9.4
[t+0s] alert#9 primary=confirmed_clear conf=0.473 eta=1.5
[t+0s] pipeline feed ready — waiting for Decide seed
[t+0s] alert#16 primary=advisory_clear conf=0.517 eta=1.5
[t+0s] alert#14 primary=advisory_clear conf=0.524 eta=1.5
[t+0s] alert#12 primary=advisory_clear conf=0.58 eta=9.4
[t+0s] alert#10 primary=advisory_clear conf=0.554 eta=9.4
[t+0s] alert#9 primary=confirmed_clear conf=0.473 eta=1.5
[t+0s] pipeline feed ready — waiting for Decide seed
[t+0s] alert#16 primary=advisory_clear conf=0.517 eta=1.5
[t+0s] alert#14 primary=advisory_clear conf=0.524 eta=1.5
[t+0s] alert#12 primary=advisory_clear conf=0.58 eta=9.4
[t+0s] alert#10 primary=advisory_clear conf=0.554 eta=9.4
[t+0s] alert#9 primary=confirmed_clear conf=0.473 eta=1.5
[t+0s] pipeline feed ready — waiting for Decide seed
[t+0s] alert#16 primary=advisory_clear conf=0.517 eta=1.5
[t+0s] alert#14 primary=advisory_clear conf=0.524 eta=1.5
[t+0s] alert#12 primary=advisory_clear conf=0.58 eta=9.4
[t+0s] alert#10 primary=advisory_clear conf=0.554 eta=9.4
[t+0s] alert#9 primary=confirmed_clear conf=0.473 eta=1.5
[t+0s] pipeline feed ready — waiting for Decide seed
[t+0s] alert#16 primary=advisory_clear conf=0.517 eta=1.5
[t+0s] alert#14 primary=advisory_clear conf=0.524 eta=1.5
[t+0s] alert#12 primary=advisory_clear conf=0.58 eta=9.4
[t+0s] alert#10 primary=advisory_clear conf=0.554 eta=9.4
[t+0s] alert#9 primary=confirmed_clear conf=0.473 eta=1.5
[t+0s] pipeline feed ready — waiting for Decide seed
[t+0s] alert#16 primary=advisory_clear conf=0.517 eta=1.5
[t+0s] alert#14 primary=advisory_clear conf=0.524 eta=1.5
[t+0s] alert#12 primary=advisory_clear conf=0.58 eta=9.4
[t+0s] alert#10 primary=advisory_clear conf=0.554 eta=9.4
[t+0s] alert#9 primary=confirmed_clear conf=0.473 eta=1.5
[t+0s] pipeline feed ready — waiting for Decide seed
[t+0s] alert#16 primary=advisory_clear conf=0.517 eta=1.5
[t+0s] alert#14 primary=advisory_clear conf=0.524 eta=1.5
[t+0s] alert#12 primary=advisory_clear conf=0.58 eta=9.4
[t+0s] alert#10 primary=advisory_clear conf=0.554 eta=9.4
[t+0s] alert#9 primary=confirmed_clear conf=0.473 eta=1.5
[t+0s] pipeline feed ready — waiting for Decide seed
[t+0s] alert#16 primary=advisory_clear conf=0.517 eta=1.5
[t+0s] alert#14 primary=advisory_clear conf=0.524 eta=1.5
[t+0s] alert#12 primary=advisory_clear conf=0.58 eta=9.4
[t+0s] alert#10 primary=advisory_clear conf=0.554 eta=9.4
[t+0s] alert#9 primary=confirmed_clear conf=0.473 eta=1.5
[t+0s] pipeline feed ready — waiting for Decide seed
[t+0s] alert#16 primary=advisory_clear conf=0.517 eta=1.5
[t+0s] alert#14 primary=advisory_clear conf=0.524 eta=1.5
[t+0s] alert#12 primary=advisory_clear conf=0.58 eta=9.4
[t+0s] alert#10 primary=advisory_clear conf=0.554 eta=9.4
[t+0s] alert#9 primary=confirmed_clear conf=0.473 eta=1.5
[t+0s] pipeline feed ready — waiting for Decide seed
[t+0s] alert#16 primary=advisory_clear conf=0.517 eta=1.5
[t+0s] alert#14 primary=advisory_clear conf=0.524 eta=1.5
[t+0s] alert#12 primary=advisory_clear conf=0.58 eta=9.4
[t+0s] alert#10 primary=advisory_clear conf=0.554 eta=9.4
[t+0s] alert#9 primary=confirmed_clear conf=0.473 eta=1.5
[t+0s] pipeline feed ready — waiting for Decide seed
[t+0s] alert#16 primary=advisory_clear conf=0.517 eta=1.5
[t+0s] alert#14 primary=advisory_clear conf=0.524 eta=1.5
[t+0s] alert#12 primary=advisory_clear conf=0.58 eta=9.4
[t+0s] alert#10 primary=advisory_clear conf=0.554 eta=9.4
[t+0s] alert#9 primary=confirmed_clear conf=0.473 eta=1.5
[t+0s] pipeline feed ready — waiting for Decide seed
[t+0s] alert#16 primary=advisory_clear conf=0.517 eta=1.5
[t+0s] alert#14 primary=advisory_clear conf=0.524 eta=1.5
[t+0s] alert#12 primary=advisory_clear conf=0.58 eta=9.4
[t+0s] alert#10 primary=advisory_clear conf=0.554 eta=9.4
[t+0s] alert#9 primary=confirmed_clear conf=0.473 eta=1.5
[t+0s] pipeline feed ready — waiting for Decide seed
[t+0s] alert#16 primary=advisory_clear conf=0.517 eta=1.5
[t+0s] alert#14 primary=advisory_clear conf=0.524 eta=1.5
[t+0s] alert#12 primary=advisory_clear conf=0.58 eta=9.4
[t+0s] alert#10 primary=advisory_clear conf=0.554 eta=9.4
[t+0s] alert#9 primary=confirmed_clear conf=0.473 eta=1.5
[t+0s] pipeline feed ready — waiting for Decide seed
[t+0s] alert#16 primary=advisory_clear conf=0.517 eta=1.5
[t+0s] alert#14 primary=advisory_clear conf=0.524 eta=1.5
[t+0s] alert#12 primary=advisory_clear conf=0.58 eta=9.4
[t+0s] alert#10 primary=advisory_clear conf=0.554 eta=9.4
[t+0s] alert#9 primary=confirmed_clear conf=0.473 eta=1.5
[t+0s] pipeline feed ready — waiting for Decide seed
[t+0s] alert#16 primary=advisory_clear conf=0.517 eta=1.5
[t+0s] alert#14 primary=advisory_clear conf=0.524 eta=1.5
[t+0s] alert#12 primary=advisory_clear conf=0.58 eta=9.4
[t+0s] alert#10 primary=advisory_clear conf=0.554 eta=9.4
[t+0s] alert#9 primary=confirmed_clear conf=0.473 eta=1.5
[t+0s] pipeline feed ready — waiting for Decide seed
[t+0s] alert#16 primary=advisory_clear conf=0.517 eta=1.5
[t+0s] alert#14 primary=advisory_clear conf=0.524 eta=1.5
[t+0s] alert#12 primary=advisory_clear conf=0.58 eta=9.4
[t+0s] alert#10 primary=advisory_clear conf=0.554 eta=9.4
[t+0s] alert#9 primary=confirmed_clear conf=0.473 eta=1.5
[t+0s] pipeline feed ready — waiting for Decide seed
[t+0s] alert#16 primary=advisory_clear conf=0.517 eta=1.5
[t+0s] alert#14 primary=advisory_clear conf=0.524 eta=1.5
[t+0s] alert#12 primary=advisory_clear conf=0.58 eta=9.4
[t+0s] alert#10 primary=advisory_clear conf=0.554 eta=9.4
[t+0s] alert#9 primary=confirmed_clear conf=0.473 eta=1.5
[t+0s] pipeline feed ready — waiting for Decide seed
[t+0s] alert#16 primary=advisory_clear conf=0.517 eta=1.5
[t+0s] alert#14 primary=advisory_clear conf=0.524 eta=1.5
[t+0s] alert#12 primary=advisory_clear conf=0.58 eta=9.4
[t+0s] alert#10 primary=advisory_clear conf=0.554 eta=9.4
[t+0s] alert#9 primary=confirmed_clear conf=0.473 eta=1.5
[t+0s] pipeline feed ready — waiting for Decide seed
[t+0s] alert#16 primary=advisory_clear conf=0.517 eta=1.5
[t+0s] alert#14 primary=advisory_clear conf=0.524 eta=1.5
[t+0s] alert#12 primary=advisory_clear conf=0.58 eta=9.4
[t+0s] alert#10 primary=advisory_clear conf=0.554 eta=9.4
[t+0s] alert#9 primary=confirmed_clear conf=0.473 eta=1.5
[t+0s] pipeline feed ready — waiting for Decide seed
[t+0s] alert#16 primary=advisory_clear conf=0.517 eta=1.5
[t+0s] alert#14 primary=advisory_clear conf=0.524 eta=1.5
[t+0s] alert#12 primary=advisory_clear conf=0.58 eta=9.4
[t+0s] alert#10 primary=advisory_clear conf=0.554 eta=9.4
[t+0s] alert#9 primary=confirmed_clear conf=0.473 eta=1.5
[t+0s] pipeline feed ready — waiting for Decide seed
[t+0s] alert#16 primary=advisory_clear conf=0.517 eta=1.5
[t+0s] alert#14 primary=advisory_clear conf=0.524 eta=1.5
[t+0s] alert#12 primary=advisory_clear conf=0.58 eta=9.4
[t+0s] alert#10 primary=advisory_clear conf=0.554 eta=9.4
[t+0s] alert#9 primary=confirmed_clear conf=0.473 eta=1.5
[t+0s] pipeline feed ready — waiting for Decide seed
[t+0s] alert#16 primary=advisory_clear conf=0.517 eta=1.5
[t+0s] alert#14 primary=advisory_clear conf=0.524 eta=1.5
[t+0s] alert#12 primary=advisory_clear conf=0.58 eta=9.4
[t+0s] alert#10 primary=advisory_clear conf=0.554 eta=9.4
[t+0s] alert#9 primary=confirmed_clear conf=0.473 eta=1.5
[t+0s] pipeline feed ready — waiting for Decide seed
[t+0s] alert#16 primary=advisory_clear conf=0.517 eta=1.5
[t+0s] alert#14 primary=advisory_clear conf=0.524 eta=1.5
[t+0s] alert#12 primary=advisory_clear conf=0.58 eta=9.4
[t+0s] alert#10 primary=advisory_clear conf=0.554 eta=9.4
[t+0s] alert#9 primary=confirmed_clear conf=0.473 eta=1.5
[t+0s] pipeline feed ready — waiting for Decide seed
[t+0s] alert#16 primary=advisory_clear conf=0.517 eta=1.5
[t+0s] alert#14 primary=advisory_clear conf=0.524 eta=1.5
[t+0s] alert#12 primary=advisory_clear conf=0.58 eta=9.4
[t+0s] alert#10 primary=advisory_clear conf=0.554 eta=9.4
[t+0s] alert#9 primary=confirmed_clear conf=0.473 eta=1.5
[t+0s] pipeline feed ready — waiting for Decide seed
[t+0s] alert#16 primary=advisory_clear conf=0.517 eta=1.5
[t+0s] alert#14 primary=advisory_clear conf=0.524 eta=1.5
[t+0s] alert#12 primary=advisory_clear conf=0.58 eta=9.4
[t+0s] alert#10 primary=advisory_clear conf=0.554 eta=9.4
[t+0s] alert#9 primary=confirmed_clear conf=0.473 eta=1.5
[t+0s] pipeline feed ready — waiting for Decide seed
[t+0s] alert#16 primary=advisory_clear conf=0.517 eta=1.5
[t+0s] alert#14 primary=advisory_clear conf=0.524 eta=1.5
[t+0s] alert#12 primary=advisory_clear conf=0.58 eta=9.4
[t+0s] alert#10 primary=advisory_clear conf=0.554 eta=9.4
[t+0s] alert#9 primary=confirmed_clear conf=0.473 eta=1.5
[t+0s] pipeline feed ready — waiting for Decide seed
[t+0s] alert#16 primary=advisory_clear conf=0.517 eta=1.5
[t+0s] alert#14 primary=advisory_clear conf=0.524 eta=1.5
[t+0s] alert#12 primary=advisory_clear conf=0.58 eta=9.4
[t+0s] alert#10 primary=advisory_clear conf=0.554 eta=9.4
[t+0s] alert#9 primary=confirmed_clear conf=0.473 eta=1.5
[t+0s] pipeline feed ready — waiting for Decide seed
[t+0s] alert#16 primary=advisory_clear conf=0.517 eta=1.5
[t+0s] alert#14 primary=advisory_clear conf=0.524 eta=1.5
[t+0s] alert#12 primary=advisory_clear conf=0.58 eta=9.4
[t+0s] alert#10 primary=advisory_clear conf=0.554 eta=9.4
[t+0s] alert#9 primary=confirmed_clear conf=0.473 eta=1.5
[t+0s] pipeline feed ready — waiting for Decide seed
[t+0s] alert#16 primary=advisory_clear conf=0.517 eta=1.5
[t+0s] alert#14 primary=advisory_clear conf=0.524 eta=1.5
[t+0s] alert#12 primary=advisory_clear conf=0.58 eta=9.4
[t+0s] alert#10 primary=advisory_clear conf=0.554 eta=9.4
[t+0s] alert#9 primary=confirmed_clear conf=0.473 eta=1.5
[t+0s] pipeline feed ready — waiting for Decide seed
[t+0s] alert#16 primary=advisory_clear conf=0.517 eta=1.5
[t+0s] alert#14 primary=advisory_clear conf=0.524 eta=1.5
[t+0s] alert#12 primary=advisory_clear conf=0.58 eta=9.4
[t+0s] alert#10 primary=advisory_clear conf=0.554 eta=9.4
[t+0s] alert#9 primary=confirmed_clear conf=0.473 eta=1.5
[t+0s] pipeline feed ready — waiting for Decide seed
[t+0s] alert#16 primary=advisory_clear conf=0.517 eta=1.5
[t+0s] alert#14 primary=advisory_clear conf=0.524 eta=1.5
[t+0s] alert#12 primary=advisory_clear conf=0.58 eta=9.4
[t+0s] alert#10 primary=advisory_clear conf=0.554 eta=9.4
[t+0s] alert#9 primary=confirmed_clear conf=0.473 eta=1.5
[t+0s] pipeline feed ready — waiting for Decide seed
[t+0s] alert#16 primary=advisory_clear conf=0.517 eta=1.5
[t+0s] alert#14 primary=advisory_clear conf=0.524 eta=1.5
[t+0s] alert#12 primary=advisory_clear conf=0.58 eta=9.4
[t+0s] alert#10 primary=advisory_clear conf=0.554 eta=9.4
[t+0s] alert#9 primary=confirmed_clear conf=0.473 eta=1.5
[t+0s] pipeline feed ready — waiting for Decide seed
[t+0s] alert#16 primary=advisory_clear conf=0.517 eta=1.5
[t+0s] alert#14 primary=advisory_clear conf=0.524 eta=1.5
[t+0s] alert#12 primary=advisory_clear conf=0.58 eta=9.4
[t+0s] alert#10 primary=advisory_clear conf=0.554 eta=9.4
[t+0s] alert#9 primary=confirmed_clear conf=0.473 eta=1.5
[t+0s] pipeline feed ready — waiting for Decide seed
[t+0s] alert#16 primary=advisory_clear conf=0.517 eta=1.5
[t+0s] alert#14 primary=advisory_clear conf=0.524 eta=1.5
[t+0s] alert#12 primary=advisory_clear conf=0.58 eta=9.4
[t+0s] alert#10 primary=advisory_clear conf=0.554 eta=9.4
[t+0s] alert#9 primary=confirmed_clear conf=0.473 eta=1.5
[t+0s] pipeline feed ready — waiting for Decide seed
[t+0s] alert#16 primary=advisory_clear conf=0.517 eta=1.5
[t+0s] alert#14 primary=advisory_clear conf=0.524 eta=1.5
[t+0s] alert#12 primary=advisory_clear conf=0.58 eta=9.4
[t+0s] alert#10 primary=advisory_clear conf=0.554 eta=9.4
[t+0s] alert#9 primary=confirmed_clear conf=0.473 eta=1.5
[t+0s] pipeline feed ready — waiting for Decide seed
[t+0s] alert#16 primary=advisory_clear conf=0.517 eta=1.5
[t+0s] alert#14 primary=advisory_clear conf=0.524 eta=1.5
[t+0s] alert#12 primary=advisory_clear conf=0.58 eta=9.4
[t+0s] alert#10 primary=advisory_clear conf=0.554 eta=9.4
[t+0s] alert#9 primary=confirmed_clear conf=0.473 eta=1.5
[t+0s] pipeline feed ready — waiting for Decide seed
[t+0s] alert#16 primary=advisory_clear conf=0.517 eta=1.5
[t+0s] alert#14 primary=advisory_clear conf=0.524 eta=1.5
[t+0s] alert#12 primary=advisory_clear conf=0.58 eta=9.4
[t+0s] alert#10 primary=advisory_clear conf=0.554 eta=9.4
[t+0s] alert#9 primary=confirmed_clear conf=0.473 eta=1.5
[t+0s] pipeline feed ready — waiting for Decide seed
[t+0s] alert#16 primary=advisory_clear conf=0.517 eta=1.5
[t+0s] alert#14 primary=advisory_clear conf=0.524 eta=1.5
[t+0s] alert#12 primary=advisory_clear conf=0.58 eta=9.4
[t+0s] alert#10 primary=advisory_clear conf=0.554 eta=9.4
[t+0s] alert#9 primary=confirmed_clear conf=0.473 eta=1.5
[t+0s] pipeline feed ready — waiting for Decide seed
[t+0s] alert#16 primary=advisory_clear conf=0.517 eta=1.5
[t+0s] alert#14 primary=advisory_clear conf=0.524 eta=1.5
[t+0s] alert#12 primary=advisory_clear conf=0.58 eta=9.4
[t+0s] alert#10 primary=advisory_clear conf=0.554 eta=9.4
[t+0s] alert#9 primary=confirmed_clear conf=0.473 eta=1.5
[t+0s] pipeline feed ready — waiting for Decide seed
[t+0s] alert#16 primary=advisory_clear conf=0.517 eta=1.5
[t+0s] alert#14 primary=advisory_clear conf=0.524 eta=1.5
[t+0s] alert#12 primary=advisory_clear conf=0.58 eta=9.4
[t+0s] alert#10 primary=advisory_clear conf=0.554 eta=9.4
[t+0s] alert#9 primary=confirmed_clear conf=0.473 eta=1.5
[t+0s] pipeline feed ready — waiting for Decide seed
[t+0s] alert#16 primary=advisory_clear conf=0.517 eta=1.5
[t+0s] alert#14 primary=advisory_clear conf=0.524 eta=1.5
[t+0s] alert#12 primary=advisory_clear conf=0.58 eta=9.4
[t+0s] alert#10 primary=advisory_clear conf=0.554 eta=9.4
[t+0s] alert#9 primary=confirmed_clear conf=0.473 eta=1.5
[t+0s] pipeline feed ready — waiting for Decide seed
[t+0s] alert#16 primary=advisory_clear conf=0.517 eta=1.5
[t+0s] alert#14 primary=advisory_clear conf=0.524 eta=1.5
[t+0s] alert#12 primary=advisory_clear conf=0.58 eta=9.4
[t+0s] alert#10 primary=advisory_clear conf=0.554 eta=9.4
[t+0s] alert#9 primary=confirmed_clear conf=0.473 eta=1.5
[t+0s] pipeline feed ready — waiting for Decide seed
[t+0s] alert#16 primary=advisory_clear conf=0.517 eta=1.5
[t+0s] alert#14 primary=advisory_clear conf=0.524 eta=1.5
[t+0s] alert#12 primary=advisory_clear conf=0.58 eta=9.4
[t+0s] alert#10 primary=advisory_clear conf=0.554 eta=9.4
[t+0s] alert#9 primary=confirmed_clear conf=0.473 eta=1.5
[t+0s] pipeline feed ready — waiting for Decide seed
[t+0s] alert#16 primary=advisory_clear conf=0.517 eta=1.5
[t+0s] alert#14 primary=advisory_clear conf=0.524 eta=1.5
[t+0s] alert#12 primary=advisory_clear conf=0.58 eta=9.4
[t+0s] alert#10 primary=advisory_clear conf=0.554 eta=9.4
[t+0s] alert#9 primary=confirmed_clear conf=0.473 eta=1.5
[t+0s] pipeline feed ready — waiting for Decide seed
[t+0s] alert#16 primary=advisory_clear conf=0.517 eta=1.5
[t+0s] alert#14 primary=advisory_clear conf=0.524 eta=1.5
[t+0s] alert#12 primary=advisory_clear conf=0.58 eta=9.4
[t+0s] alert#10 primary=advisory_clear conf=0.554 eta=9.4
[t+0s] alert#9 primary=confirmed_clear conf=0.473 eta=1.5
[t+0s] pipeline feed ready — waiting for Decide seed
[t+0s] alert#16 primary=advisory_clear conf=0.517 eta=1.5
[t+0s] alert#14 primary=advisory_clear conf=0.524 eta=1.5
[t+0s] alert#12 primary=advisory_clear conf=0.58 eta=9.4
[t+0s] alert#10 primary=advisory_clear conf=0.554 eta=9.4
[t+0s] alert#9 primary=confirmed_clear conf=0.473 eta=1.5
[t+0s] pipeline feed ready — waiting for Decide seed
[t+0s] alert#16 primary=advisory_clear conf=0.517 eta=1.5
[t+0s] alert#14 primary=advisory_clear conf=0.524 eta=1.5
[t+0s] alert#12 primary=advisory_clear conf=0.58 eta=9.4
[t+0s] alert#10 primary=advisory_clear conf=0.554 eta=9.4
[t+0s] alert#9 primary=confirmed_clear conf=0.473 eta=1.5
[t+0s] pipeline feed ready — waiting for Decide seed
[t+0s] alert#16 primary=advisory_clear conf=0.517 eta=1.5
[t+0s] alert#14 primary=advisory_clear conf=0.524 eta=1.5
[t+0s] alert#12 primary=advisory_clear conf=0.58 eta=9.4
[t+0s] alert#10 primary=advisory_clear conf=0.554 eta=9.4
[t+0s] alert#9 primary=confirmed_clear conf=0.473 eta=1.5
[t+0s] pipeline feed ready — waiting for Decide seed
[t+0s] alert#16 primary=advisory_clear conf=0.517 eta=1.5
[t+0s] alert#14 primary=advisory_clear conf=0.524 eta=1.5
[t+0s] alert#12 primary=advisory_clear conf=0.58 eta=9.4
[t+0s] alert#10 primary=advisory_clear conf=0.554 eta=9.4
[t+0s] alert#9 primary=confirmed_clear conf=0.473 eta=1.5
[t+0s] pipeline feed ready — waiting for Decide seed
[t+0s] alert#16 primary=advisory_clear conf=0.517 eta=1.5
[t+0s] alert#14 primary=advisory_clear conf=0.524 eta=1.5
[t+0s] alert#12 primary=advisory_clear conf=0.58 eta=9.4
[t+0s] alert#10 primary=advisory_clear conf=0.554 eta=9.4
[t+0s] alert#9 primary=confirmed_clear conf=0.473 eta=1.5
[t+0s] pipeline feed ready — waiting for Decide seed
[t+0s] alert#16 primary=advisory_clear conf=0.517 eta=1.5
[t+0s] alert#14 primary=advisory_clear conf=0.524 eta=1.5
[t+0s] alert#12 primary=advisory_clear conf=0.58 eta=9.4
[t+0s] alert#10 primary=advisory_clear conf=0.554 eta=9.4
[t+0s] alert#9 primary=confirmed_clear conf=0.473 eta=1.5
[t+0s] pipeline feed ready — waiting for Decide seed
[t+0s] alert#16 primary=advisory_clear conf=0.517 eta=1.5
[t+0s] alert#14 primary=advisory_clear conf=0.524 eta=1.5
[t+0s] alert#12 primary=advisory_clear conf=0.58 eta=9.4
[t+0s] alert#10 primary=advisory_clear conf=0.554 eta=9.4
[t+0s] alert#9 primary=confirmed_clear conf=0.473 eta=1.5
[t+0s] pipeline feed ready — waiting for Decide seed
[t+0s] alert#16 primary=advisory_clear conf=0.517 eta=1.5
[t+0s] alert#14 primary=advisory_clear conf=0.524 eta=1.5
[t+0s] alert#12 primary=advisory_clear conf=0.58 eta=9.4
[t+0s] alert#10 primary=advisory_clear conf=0.554 eta=9.4
[t+0s] alert#9 primary=confirmed_clear conf=0.473 eta=1.5
[t+0s] pipeline feed ready — waiting for Decide seed
[t+0s] alert#16 primary=advisory_clear conf=0.517 eta=1.5
[t+0s] alert#14 primary=advisory_clear conf=0.524 eta=1.5
[t+0s] alert#12 primary=advisory_clear conf=0.58 eta=9.4
[t+0s] alert#10 primary=advisory_clear conf=0.554 eta=9.4
[t+0s] alert#9 primary=confirmed_clear conf=0.473 eta=1.5
[t+0s] pipeline feed ready — waiting for Decide seed
[t+0s] alert#16 primary=advisory_clear conf=0.517 eta=1.5
[t+0s] alert#14 primary=advisory_clear conf=0.524 eta=1.5
[t+0s] alert#12 primary=advisory_clear conf=0.58 eta=9.4
[t+0s] alert#10 primary=advisory_clear conf=0.554 eta=9.4
[t+0s] alert#9 primary=confirmed_clear conf=0.473 eta=1.5
[t+0s] pipeline feed ready — waiting for Decide seed
[t+0s] alert#16 primary=advisory_clear conf=0.517 eta=1.5
[t+0s] alert#14 primary=advisory_clear conf=0.524 eta=1.5
[t+0s] alert#12 primary=advisory_clear conf=0.58 eta=9.4
[t+0s] alert#10 primary=advisory_clear conf=0.554 eta=9.4
[t+0s] alert#9 primary=confirmed_clear conf=0.473 eta=1.5
[t+0s] pipeline feed ready — waiting for Decide seed
[t+0s] alert#16 primary=advisory_clear conf=0.517 eta=1.5
[t+0s] alert#14 primary=advisory_clear conf=0.524 eta=1.5
[t+0s] alert#12 primary=advisory_clear conf=0.58 eta=9.4
[t+0s] alert#10 primary=advisory_clear conf=0.554 eta=9.4
[t+0s] alert#9 primary=confirmed_clear conf=0.473 eta=1.5
[t+0s] pipeline feed ready — waiting for Decide seed
[t+0s] alert#16 primary=advisory_clear conf=0.517 eta=1.5
[t+0s] alert#14 primary=advisory_clear conf=0.524 eta=1.5
[t+0s] alert#12 primary=advisory_clear conf=0.58 eta=9.4
[t+0s] alert#10 primary=advisory_clear conf=0.554 eta=9.4
[t+0s] alert#9 primary=confirmed_clear conf=0.473 eta=1.5
[t+0s] pipeline feed ready — waiting for Decide seed
[t+0s] alert#16 primary=advisory_clear conf=0.517 eta=1.5
[t+0s] alert#14 primary=advisory_clear conf=0.524 eta=1.5
[t+0s] alert#12 primary=advisory_clear conf=0.58 eta=9.4
[t+0s] alert#10 primary=advisory_clear conf=0.554 eta=9.4
[t+0s] alert#9 primary=confirmed_clear conf=0.473 eta=1.5
[t+0s] pipeline feed ready — waiting for Decide seed
[t+0s] alert#16 primary=advisory_clear conf=0.517 eta=1.5
[t+0s] alert#14 primary=advisory_clear conf=0.524 eta=1.5
[t+0s] alert#12 primary=advisory_clear conf=0.58 eta=9.4
[t+0s] alert#10 primary=advisory_clear conf=0.554 eta=9.4
[t+0s] alert#9 primary=confirmed_clear conf=0.473 eta=1.5
[t+0s] pipeline feed ready — waiting for Decide seed
[t+0s] alert#16 primary=advisory_clear conf=0.517 eta=1.5
[t+0s] alert#14 primary=advisory_clear conf=0.524 eta=1.5
[t+0s] alert#12 primary=advisory_clear conf=0.58 eta=9.4
[t+0s] alert#10 primary=advisory_clear conf=0.554 eta=9.4
[t+0s] alert#9 primary=confirmed_clear conf=0.473 eta=1.5
[t+0s] pipeline feed ready — waiting for Decide seed
[t+0s] alert#16 primary=advisory_clear conf=0.517 eta=1.5
[t+0s] alert#14 primary=advisory_clear conf=0.524 eta=1.5
[t+0s] alert#12 primary=advisory_clear conf=0.58 eta=9.4
[t+0s] alert#10 primary=advisory_clear conf=0.554 eta=9.4
[t+0s] alert#9 primary=confirmed_clear conf=0.473 eta=1.5
[t+0s] pipeline feed ready — waiting for Decide seed
[t+0s] alert#16 primary=advisory_clear conf=0.517 eta=1.5
[t+0s] alert#14 primary=advisory_clear conf=0.524 eta=1.5
[t+0s] alert#12 primary=advisory_clear conf=0.58 eta=9.4
[t+0s] alert#10 primary=advisory_clear conf=0.554 eta=9.4
[t+0s] alert#9 primary=confirmed_clear conf=0.473 eta=1.5
[t+0s] pipeline feed ready — waiting for Decide seed
[t+0s] alert#16 primary=advisory_clear conf=0.517 eta=1.5
[t+0s] alert#14 primary=advisory_clear conf=0.524 eta=1.5
[t+0s] alert#12 primary=advisory_clear conf=0.58 eta=9.4
[t+0s] alert#10 primary=advisory_clear conf=0.554 eta=9.4
[t+0s] alert#9 primary=confirmed_clear conf=0.473 eta=1.5
[t+0s] pipeline feed ready — waiting for Decide seed
[t+0s] alert#16 primary=advisory_clear conf=0.517 eta=1.5
[t+0s] alert#14 primary=advisory_clear conf=0.524 eta=1.5
[t+0s] alert#12 primary=advisory_clear conf=0.58 eta=9.4
[t+0s] alert#10 primary=advisory_clear conf=0.554 eta=9.4
[t+0s] alert#9 primary=confirmed_clear conf=0.473 eta=1.5
[t+0s] pipeline feed ready — waiting for Decide seed
[t+0s] alert#16 primary=advisory_clear conf=0.517 eta=1.5
[t+0s] alert#14 primary=advisory_clear conf=0.524 eta=1.5
[t+0s] alert#12 primary=advisory_clear conf=0.58 eta=9.4
[t+0s] alert#10 primary=advisory_clear conf=0.554 eta=9.4
[t+0s] alert#9 primary=confirmed_clear conf=0.473 eta=1.5
[t+0s] pipeline feed ready — waiting for Decide seed
[t+0s] alert#16 primary=advisory_clear conf=0.517 eta=1.5
[t+0s] alert#14 primary=advisory_clear conf=0.524 eta=1.5
[t+0s] alert#12 primary=advisory_clear conf=0.58 eta=9.4
[t+0s] alert#10 primary=advisory_clear conf=0.554 eta=9.4
[t+0s] alert#9 primary=confirmed_clear conf=0.473 eta=1.5
[t+0s] pipeline feed ready — waiting for Decide seed
[t+0s] alert#16 primary=advisory_clear conf=0.517 eta=1.5
[t+0s] alert#14 primary=advisory_clear conf=0.524 eta=1.5
[t+0s] alert#12 primary=advisory_clear conf=0.58 eta=9.4
[t+0s] alert#10 primary=advisory_clear conf=0.554 eta=9.4
[t+0s] alert#9 primary=confirmed_clear conf=0.473 eta=1.5
[t+0s] pipeline feed ready — waiting for Decide seed
[t+0s] alert#16 primary=advisory_clear conf=0.517 eta=1.5
[t+0s] alert#14 primary=advisory_clear conf=0.524 eta=1.5
[t+0s] alert#12 primary=advisory_clear conf=0.58 eta=9.4
[t+0s] alert#10 primary=advisory_clear conf=0.554 eta=9.4
[t+0s] alert#9 primary=confirmed_clear conf=0.473 eta=1.5
[t+0s] pipeline feed ready — waiting for Decide seed
[t+0s] alert#16 primary=advisory_clear conf=0.517 eta=1.5
[t+0s] alert#14 primary=advisory_clear conf=0.524 eta=1.5
[t+0s] alert#12 primary=advisory_clear conf=0.58 eta=9.4
[t+0s] alert#10 primary=advisory_clear conf=0.554 eta=9.4
[t+0s] alert#9 primary=confirmed_clear conf=0.473 eta=1.5
[t+0s] pipeline feed ready — waiting for Decide seed
[t+0s] alert#16 primary=advisory_clear conf=0.517 eta=1.5
[t+0s] alert#14 primary=advisory_clear conf=0.524 eta=1.5
[t+0s] alert#12 primary=advisory_clear conf=0.58 eta=9.4
[t+0s] alert#10 primary=advisory_clear conf=0.554 eta=9.4
[t+0s] alert#9 primary=confirmed_clear conf=0.473 eta=1.5
[t+0s] pipeline feed ready — waiting for Decide seed
[t+0s] alert#16 primary=advisory_clear conf=0.517 eta=1.5
[t+0s] alert#14 primary=advisory_clear conf=0.524 eta=1.5
[t+0s] alert#12 primary=advisory_clear conf=0.58 eta=9.4
[t+0s] alert#10 primary=advisory_clear conf=0.554 eta=9.4
[t+0s] alert#9 primary=confirmed_clear conf=0.473 eta=1.5
[t+0s] pipeline feed ready — waiting for Decide seed
[t+0s] alert#16 primary=advisory_clear conf=0.517 eta=1.5
[t+0s] alert#14 primary=advisory_clear conf=0.524 eta=1.5
[t+0s] alert#12 primary=advisory_clear conf=0.58 eta=9.4
[t+0s] alert#10 primary=advisory_clear conf=0.554 eta=9.4
[t+0s] alert#9 primary=confirmed_clear conf=0.473 eta=1.5
[t+0s] pipeline feed ready — waiting for Decide seed
[t+0s] alert#16 primary=advisory_clear conf=0.517 eta=1.5
[t+0s] alert#14 primary=advisory_clear conf=0.524 eta=1.5
[t+0s] alert#12 primary=advisory_clear conf=0.58 eta=9.4
[t+0s] alert#10 primary=advisory_clear conf=0.554 eta=9.4
[t+0s] alert#9 primary=confirmed_clear conf=0.473 eta=1.5
[t+0s] pipeline feed ready — waiting for Decide seed
[t+0s] alert#16 primary=advisory_clear conf=0.517 eta=1.5
[t+0s] alert#14 primary=advisory_clear conf=0.524 eta=1.5
[t+0s] alert#12 primary=advisory_clear conf=0.58 eta=9.4
[t+0s] alert#10 primary=advisory_clear conf=0.554 eta=9.4
[t+0s] alert#9 primary=confirmed_clear conf=0.473 eta=1.5
[t+0s] pipeline feed ready — waiting for Decide seed
[t+0s] alert#16 primary=advisory_clear conf=0.517 eta=1.5
[t+0s] alert#14 primary=advisory_clear conf=0.524 eta=1.5
[t+0s] alert#12 primary=advisory_clear conf=0.58 eta=9.4
[t+0s] alert#10 primary=advisory_clear conf=0.554 eta=9.4
[t+0s] alert#9 primary=confirmed_clear conf=0.473 eta=1.5
[t+0s] pipeline feed ready — waiting for Decide seed
[t+0s] alert#16 primary=advisory_clear conf=0.517 eta=1.5
[t+0s] alert#14 primary=advisory_clear conf=0.524 eta=1.5
[t+0s] alert#12 primary=advisory_clear conf=0.58 eta=9.4
[t+0s] alert#10 primary=advisory_clear conf=0.554 eta=9.4
[t+0s] alert#9 primary=confirmed_clear conf=0.473 eta=1.5
[t+0s] pipeline feed ready — waiting for Decide seed
[t+0s] alert#16 primary=advisory_clear conf=0.517 eta=1.5
[t+0s] alert#14 primary=advisory_clear conf=0.524 eta=1.5
[t+0s] alert#12 primary=advisory_clear conf=0.58 eta=9.4
[t+0s] alert#10 primary=advisory_clear conf=0.554 eta=9.4
[t+0s] alert#9 primary=confirmed_clear conf=0.473 eta=1.5
[t+0s] pipeline feed ready — waiting for Decide seed
[t+0s] alert#16 primary=advisory_clear conf=0.517 eta=1.5
[t+0s] alert#14 primary=advisory_clear conf=0.524 eta=1.5
[t+0s] alert#12 primary=advisory_clear conf=0.58 eta=9.4
[t+0s] alert#10 primary=advisory_clear conf=0.554 eta=9.4
[t+0s] alert#9 primary=confirmed_clear conf=0.473 eta=1.5
[t+0s] pipeline feed ready — waiting for Decide seed
[t+0s] alert#16 primary=advisory_clear conf=0.517 eta=1.5
[t+0s] alert#14 primary=advisory_clear conf=0.524 eta=1.5
[t+0s] alert#12 primary=advisory_clear conf=0.58 eta=9.4
[t+0s] alert#10 primary=advisory_clear conf=0.554 eta=9.4
[t+0s] alert#9 primary=confirmed_clear conf=0.473 eta=1.5
[t+0s] pipeline feed ready — waiting for Decide seed
[t+0s] alert#16 primary=advisory_clear conf=0.517 eta=1.5
[t+0s] alert#14 primary=advisory_clear conf=0.524 eta=1.5
[t+0s] alert#12 primary=advisory_clear conf=0.58 eta=9.4
[t+0s] alert#10 primary=advisory_clear conf=0.554 eta=9.4
[t+0s] alert#9 primary=confirmed_clear conf=0.473 eta=1.5
[t+0s] pipeline feed ready — waiting for Decide seed
[t+0s] alert#16 primary=advisory_clear conf=0.517 eta=1.5
[t+0s] alert#14 primary=advisory_clear conf=0.524 eta=1.5
[t+0s] alert#12 primary=advisory_clear conf=0.58 eta=9.4
[t+0s] alert#10 primary=advisory_clear conf=0.554 eta=9.4
[t+0s] alert#9 primary=confirmed_clear conf=0.473 eta=1.5
[t+0s] pipeline feed ready — waiting for Decide seed
[t+0s] alert#16 primary=advisory_clear conf=0.517 eta=1.5
[t+0s] alert#14 primary=advisory_clear conf=0.524 eta=1.5
[t+0s] alert#12 primary=advisory_clear conf=0.58 eta=9.4
[t+0s] alert#10 primary=advisory_clear conf=0.554 eta=9.4
[t+0s] alert#9 primary=confirmed_clear conf=0.473 eta=1.5
[t+0s] pipeline feed ready — waiting for Decide seed
[t+0s] alert#16 primary=advisory_clear conf=0.517 eta=1.5
[t+0s] alert#14 primary=advisory_clear conf=0.524 eta=1.5
[t+0s] alert#12 primary=advisory_clear conf=0.58 eta=9.4
[t+0s] alert#10 primary=advisory_clear conf=0.554 eta=9.4
[t+0s] alert#9 primary=confirmed_clear conf=0.473 eta=1.5
[t+0s] pipeline feed ready — waiting for Decide seed
[t+0s] alert#16 primary=advisory_clear conf=0.517 eta=1.5
[t+0s] alert#14 primary=advisory_clear conf=0.524 eta=1.5
[t+0s] alert#12 primary=advisory_clear conf=0.58 eta=9.4
[t+0s] alert#10 primary=advisory_clear conf=0.554 eta=9.4
[t+0s] alert#9 primary=confirmed_clear conf=0.473 eta=1.5
[t+0s] pipeline feed ready — waiting for Decide seed
[t+0s] alert#16 primary=advisory_clear conf=0.517 eta=1.5
[t+0s] alert#14 primary=advisory_clear conf=0.524 eta=1.5
[t+0s] alert#12 primary=advisory_clear conf=0.58 eta=9.4
[t+0s] alert#10 primary=advisory_clear conf=0.554 eta=9.4
[t+0s] alert#9 primary=confirmed_clear conf=0.473 eta=1.5
[t+0s] pipeline feed ready — waiting for Decide seed
[t+0s] alert#16 primary=advisory_clear conf=0.517 eta=1.5
[t+0s] alert#14 primary=advisory_clear conf=0.524 eta=1.5
[t+0s] alert#12 primary=advisory_clear conf=0.58 eta=9.4
[t+0s] alert#10 primary=advisory_clear conf=0.554 eta=9.4
[t+0s] alert#9 primary=confirmed_clear conf=0.473 eta=1.5
[t+0s] pipeline feed ready — waiting for Decide seed
[t+0s] alert#16 primary=advisory_clear conf=0.517 eta=1.5
[t+0s] alert#14 primary=advisory_clear conf=0.524 eta=1.5
[t+0s] alert#12 primary=advisory_clear conf=0.58 eta=9.4
[t+0s] alert#10 primary=advisory_clear conf=0.554 eta=9.4
[t+0s] alert#9 primary=confirmed_clear conf=0.473 eta=1.5
[t+0s] pipeline feed ready — waiting for Decide seed
[t+0s] alert#16 primary=advisory_clear conf=0.517 eta=1.5
[t+0s] alert#14 primary=advisory_clear conf=0.524 eta=1.5
[t+0s] alert#12 primary=advisory_clear conf=0.58 eta=9.4
[t+0s] alert#10 primary=advisory_clear conf=0.554 eta=9.4
[t+0s] alert#9 primary=confirmed_clear conf=0.473 eta=1.5
[t+0s] pipeline feed ready — waiting for Decide seed
[t+0s] alert#16 primary=advisory_clear conf=0.517 eta=1.5
[t+0s] alert#14 primary=advisory_clear conf=0.524 eta=1.5
[t+0s] alert#12 primary=advisory_clear conf=0.58 eta=9.4
[t+0s] alert#10 primary=advisory_clear conf=0.554 eta=9.4
[t+0s] alert#9 primary=confirmed_clear conf=0.473 eta=1.5
[t+0s] pipeline feed ready — waiting for Decide seed
[t+0s] alert#16 primary=advisory_clear conf=0.517 eta=1.5
[t+0s] alert#14 primary=advisory_clear conf=0.524 eta=1.5
[t+0s] alert#12 primary=advisory_clear conf=0.58 eta=9.4
[t+0s] alert#10 primary=advisory_clear conf=0.554 eta=9.4
[t+0s] alert#9 primary=confirmed_clear conf=0.473 eta=1.5
[t+0s] pipeline feed ready — waiting for Decide seed
[t+0s] alert#16 primary=advisory_clear conf=0.517 eta=1.5
[t+0s] alert#14 primary=advisory_clear conf=0.524 eta=1.5
[t+0s] alert#12 primary=advisory_clear conf=0.58 eta=9.4
[t+0s] alert#10 primary=advisory_clear conf=0.554 eta=9.4
[t+0s] alert#9 primary=confirmed_clear conf=0.473 eta=1.5
[t+0s] pipeline feed ready — waiting for Decide seed
[t+0s] alert#16 primary=advisory_clear conf=0.517 eta=1.5
[t+0s] alert#14 primary=advisory_clear conf=0.524 eta=1.5
[t+0s] alert#12 primary=advisory_clear conf=0.58 eta=9.4
[t+0s] alert#10 primary=advisory_clear conf=0.554 eta=9.4
[t+0s] alert#9 primary=confirmed_clear conf=0.473 eta=1.5
[t+0s] pipeline feed ready — waiting for Decide seed
[t+0s] alert#16 primary=advisory_clear conf=0.517 eta=1.5
[t+0s] alert#14 primary=advisory_clear conf=0.524 eta=1.5
[t+0s] alert#12 primary=advisory_clear conf=0.58 eta=9.4
[t+0s] alert#10 primary=advisory_clear conf=0.554 eta=9.4
[t+0s] alert#9 primary=confirmed_clear conf=0.473 eta=1.5
[t+0s] pipeline feed ready — waiting for Decide seed
[t+0s] alert#16 primary=advisory_clear conf=0.517 eta=1.5
[t+0s] alert#14 primary=advisory_clear conf=0.524 eta=1.5
[t+0s] alert#12 primary=advisory_clear conf=0.58 eta=9.4
[t+0s] alert#10 primary=advisory_clear conf=0.554 eta=9.4
[t+0s] alert#9 primary=confirmed_clear conf=0.473 eta=1.5
[t+0s] pipeline feed ready — waiting for Decide seed
[t+0s] alert#16 primary=advisory_clear conf=0.517 eta=1.5
[t+0s] alert#14 primary=advisory_clear conf=0.524 eta=1.5
[t+0s] alert#12 primary=advisory_clear conf=0.58 eta=9.4
[t+0s] alert#10 primary=advisory_clear conf=0.554 eta=9.4
[t+0s] alert#9 primary=confirmed_clear conf=0.473 eta=1.5
[t+0s] pipeline feed ready — waiting for Decide seed
[t+0s] alert#16 primary=advisory_clear conf=0.517 eta=1.5
[t+0s] alert#14 primary=advisory_clear conf=0.524 eta=1.5
[t+0s] alert#12 primary=advisory_clear conf=0.58 eta=9.4
[t+0s] alert#10 primary=advisory_clear conf=0.554 eta=9.4
[t+0s] alert#9 primary=confirmed_clear conf=0.473 eta=1.5
[t+0s] pipeline feed ready — waiting for Decide seed
[t+0s] alert#16 primary=advisory_clear conf=0.517 eta=1.5
[t+0s] alert#14 primary=advisory_clear conf=0.524 eta=1.5
[t+0s] alert#12 primary=advisory_clear conf=0.58 eta=9.4
[t+0s] alert#10 primary=advisory_clear conf=0.554 eta=9.4
[t+0s] alert#9 primary=confirmed_clear conf=0.473 eta=1.5
[t+0s] pipeline feed ready — waiting for Decide seed
[t+0s] alert#16 primary=advisory_clear conf=0.517 eta=1.5
[t+0s] alert#14 primary=advisory_clear conf=0.524 eta=1.5
[t+0s] alert#12 primary=advisory_clear conf=0.58 eta=9.4
[t+0s] alert#10 primary=advisory_clear conf=0.554 eta=9.4
[t+0s] alert#9 primary=confirmed_clear conf=0.473 eta=1.5
[t+0s] pipeline feed ready — waiting for Decide seed
[t+0s] alert#16 primary=advisory_clear conf=0.517 eta=1.5
[t+0s] alert#14 primary=advisory_clear conf=0.524 eta=1.5
[t+0s] alert#12 primary=advisory_clear conf=0.58 eta=9.4
[t+0s] alert#10 primary=advisory_clear conf=0.554 eta=9.4
[t+0s] alert#9 primary=confirmed_clear conf=0.473 eta=1.5
[t+0s] pipeline feed ready — waiting for Decide seed
[t+0s] alert#16 primary=advisory_clear conf=0.517 eta=1.5
[t+0s] alert#14 primary=advisory_clear conf=0.524 eta=1.5
[t+0s] alert#12 primary=advisory_clear conf=0.58 eta=9.4
[t+0s] alert#10 primary=advisory_clear conf=0.554 eta=9.4
[t+0s] alert#9 primary=confirmed_clear conf=0.473 eta=1.5
[t+0s] pipeline feed ready — waiting for Decide seed
[t+0s] alert#16 primary=advisory_clear conf=0.517 eta=1.5
[t+0s] alert#14 primary=advisory_clear conf=0.524 eta=1.5
[t+0s] alert#12 primary=advisory_clear conf=0.58 eta=9.4
[t+0s] alert#10 primary=advisory_clear conf=0.554 eta=9.4
[t+0s] alert#9 primary=confirmed_clear conf=0.473 eta=1.5
[t+0s] pipeline feed ready — waiting for Decide seed
[t+0s] alert#16 primary=advisory_clear conf=0.517 eta=1.5
[t+0s] alert#14 primary=advisory_clear conf=0.524 eta=1.5
[t+0s] alert#12 primary=advisory_clear conf=0.58 eta=9.4
[t+0s] alert#10 primary=advisory_clear conf=0.554 eta=9.4
[t+0s] alert#9 primary=confirmed_clear conf=0.473 eta=1.5
[t+0s] pipeline feed ready — waiting for Decide seed
[t+0s] alert#16 primary=advisory_clear conf=0.517 eta=1.5
[t+0s] alert#14 primary=advisory_clear conf=0.524 eta=1.5
[t+0s] alert#12 primary=advisory_clear conf=0.58 eta=9.4
[t+0s] alert#10 primary=advisory_clear conf=0.554 eta=9.4
[t+0s] alert#9 primary=confirmed_clear conf=0.473 eta=1.5
[t+0s] pipeline feed ready — waiting for Decide seed
[t+0s] alert#16 primary=advisory_clear conf=0.517 eta=1.5
[t+0s] alert#14 primary=advisory_clear conf=0.524 eta=1.5
[t+0s] alert#12 primary=advisory_clear conf=0.58 eta=9.4
[t+0s] alert#10 primary=advisory_clear conf=0.554 eta=9.4
[t+0s] alert#9 primary=confirmed_clear conf=0.473 eta=1.5
[t+0s] pipeline feed ready — waiting for Decide seed
[t+0s] alert#16 primary=advisory_clear conf=0.517 eta=1.5
[t+0s] alert#14 primary=advisory_clear conf=0.524 eta=1.5
[t+0s] alert#12 primary=advisory_clear conf=0.58 eta=9.4
[t+0s] alert#10 primary=advisory_clear conf=0.554 eta=9.4
[t+0s] alert#9 primary=confirmed_clear conf=0.473 eta=1.5
[t+0s] pipeline feed ready — waiting for Decide seed
[t+0s] alert#16 primary=advisory_clear conf=0.517 eta=1.5
[t+0s] alert#14 primary=advisory_clear conf=0.524 eta=1.5
[t+0s] alert#12 primary=advisory_clear conf=0.58 eta=9.4
[t+0s] alert#10 primary=advisory_clear conf=0.554 eta=9.4
[t+0s] alert#9 primary=confirmed_clear conf=0.473 eta=1.5
[t+0s] pipeline feed ready — waiting for Decide seed
[t+0s] alert#16 primary=advisory_clear conf=0.517 eta=1.5
[t+0s] alert#14 primary=advisory_clear conf=0.524 eta=1.5
[t+0s] alert#12 primary=advisory_clear conf=0.58 eta=9.4
[t+0s] alert#10 primary=advisory_clear conf=0.554 eta=9.4
[t+0s] alert#9 primary=confirmed_clear conf=0.473 eta=1.5
[t+0s] pipeline feed ready — waiting for Decide seed
[t+0s] alert#16 primary=advisory_clear conf=0.517 eta=1.5
[t+0s] alert#14 primary=advisory_clear conf=0.524 eta=1.5
[t+0s] alert#12 primary=advisory_clear conf=0.58 eta=9.4
[t+0s] alert#10 primary=advisory_clear conf=0.554 eta=9.4
[t+0s] alert#9 primary=confirmed_clear conf=0.473 eta=1.5
[t+0s] pipeline feed ready — waiting for Decide seed
[t+0s] alert#16 primary=advisory_clear conf=0.517 eta=1.5
[t+0s] alert#14 primary=advisory_clear conf=0.524 eta=1.5
[t+0s] alert#12 primary=advisory_clear conf=0.58 eta=9.4
[t+0s] alert#10 primary=advisory_clear conf=0.554 eta=9.4
[t+0s] alert#9 primary=confirmed_clear conf=0.473 eta=1.5
[t+0s] pipeline feed ready — waiting for Decide seed
[t+0s] alert#16 primary=advisory_clear conf=0.517 eta=1.5
[t+0s] alert#14 primary=advisory_clear conf=0.524 eta=1.5
[t+0s] alert#12 primary=advisory_clear conf=0.58 eta=9.4
[t+0s] alert#10 primary=advisory_clear conf=0.554 eta=9.4
[t+0s] alert#9 primary=confirmed_clear conf=0.473 eta=1.5
[t+0s] pipeline feed ready — waiting for Decide seed
[t+0s] alert#16 primary=advisory_clear conf=0.517 eta=1.5
[t+0s] alert#14 primary=advisory_clear conf=0.524 eta=1.5
[t+0s] alert#12 primary=advisory_clear conf=0.58 eta=9.4
[t+0s] alert#10 primary=advisory_clear conf=0.554 eta=9.4
[t+0s] alert#9 primary=confirmed_clear conf=0.473 eta=1.5
[t+0s] pipeline feed ready — waiting for Decide seed
[t+0s] alert#16 primary=advisory_clear conf=0.517 eta=1.5
[t+0s] alert#14 primary=advisory_clear conf=0.524 eta=1.5
[t+0s] alert#12 primary=advisory_clear conf=0.58 eta=9.4
[t+0s] alert#10 primary=advisory_clear conf=0.554 eta=9.4
[t+0s] alert#9 primary=confirmed_clear conf=0.473 eta=1.5
[t+0s] pipeline feed ready — waiting for Decide seed
[t+0s] alert#16 primary=advisory_clear conf=0.517 eta=1.5
[t+0s] alert#14 primary=advisory_clear conf=0.524 eta=1.5
[t+0s] alert#12 primary=advisory_clear conf=0.58 eta=9.4
[t+0s] alert#10 primary=advisory_clear conf=0.554 eta=9.4
[t+0s] alert#9 primary=confirmed_clear conf=0.473 eta=1.5
[t+0s] pipeline feed ready — waiting for Decide seed
[t+0s] alert#16 primary=advisory_clear conf=0.517 eta=1.5
[t+0s] alert#14 primary=advisory_clear conf=0.524 eta=1.5
[t+0s] alert#12 primary=advisory_clear conf=0.58 eta=9.4
[t+0s] alert#10 primary=advisory_clear conf=0.554 eta=9.4
[t+0s] alert#9 primary=confirmed_clear conf=0.473 eta=1.5
[t+0s] pipeline feed ready — waiting for Decide seed
[t+0s] alert#16 primary=advisory_clear conf=0.517 eta=1.5
[t+0s] alert#14 primary=advisory_clear conf=0.524 eta=1.5
[t+0s] alert#12 primary=advisory_clear conf=0.58 eta=9.4
[t+0s] alert#10 primary=advisory_clear conf=0.554 eta=9.4
[t+0s] alert#9 primary=confirmed_clear conf=0.473 eta=1.5
[t+0s] pipeline feed ready — waiting for Decide seed
[t+0s] alert#16 primary=advisory_clear conf=0.517 eta=1.5
[t+0s] alert#14 primary=advisory_clear conf=0.524 eta=1.5
[t+0s] alert#12 primary=advisory_clear conf=0.58 eta=9.4
[t+0s] alert#10 primary=advisory_clear conf=0.554 eta=9.4
[t+0s] alert#9 primary=confirmed_clear conf=0.473 eta=1.5
[t+0s] pipeline feed ready — waiting for Decide seed
[t+0s] alert#16 primary=advisory_clear conf=0.517 eta=1.5
[t+0s] alert#14 primary=advisory_clear conf=0.524 eta=1.5
[t+0s] alert#12 primary=advisory_clear conf=0.58 eta=9.4
[t+0s] alert#10 primary=advisory_clear conf=0.554 eta=9.4
[t+0s] alert#9 primary=confirmed_clear conf=0.473 eta=1.5
[t+0s] pipeline feed ready — waiting for Decide seed
[t+0s] alert#16 primary=advisory_clear conf=0.517 eta=1.5
[t+0s] alert#14 primary=advisory_clear conf=0.524 eta=1.5
[t+0s] alert#12 primary=advisory_clear conf=0.58 eta=9.4
[t+0s] alert#10 primary=advisory_clear conf=0.554 eta=9.4
[t+0s] alert#9 primary=confirmed_clear conf=0.473 eta=1.5
[t+0s] pipeline feed ready — waiting for Decide seed
[t+0s] alert#16 primary=advisory_clear conf=0.517 eta=1.5
[t+0s] alert#14 primary=advisory_clear conf=0.524 eta=1.5
[t+0s] alert#12 primary=advisory_clear conf=0.58 eta=9.4
[t+0s] alert#10 primary=advisory_clear conf=0.554 eta=9.4
[t+0s] alert#9 primary=confirmed_clear conf=0.473 eta=1.5
[t+0s] pipeline feed ready — waiting for Decide seed
[t+0s] alert#16 primary=advisory_clear conf=0.517 eta=1.5
[t+0s] alert#14 primary=advisory_clear conf=0.524 eta=1.5
[t+0s] alert#12 primary=advisory_clear conf=0.58 eta=9.4
[t+0s] alert#10 primary=advisory_clear conf=0.554 eta=9.4
[t+0s] alert#9 primary=confirmed_clear conf=0.473 eta=1.5
[t+0s] pipeline feed ready — waiting for Decide seed
[t+0s] alert#16 primary=advisory_clear conf=0.517 eta=1.5
[t+0s] alert#14 primary=advisory_clear conf=0.524 eta=1.5
[t+0s] alert#12 primary=advisory_clear conf=0.58 eta=9.4
[t+0s] alert#10 primary=advisory_clear conf=0.554 eta=9.4
[t+0s] alert#9 primary=confirmed_clear conf=0.473 eta=1.5
[t+0s] pipeline feed ready — waiting for Decide seed
[t+0s] alert#16 primary=advisory_clear conf=0.517 eta=1.5
[t+0s] alert#14 primary=advisory_clear conf=0.524 eta=1.5
[t+0s] alert#12 primary=advisory_clear conf=0.58 eta=9.4
[t+0s] alert#10 primary=advisory_clear conf=0.554 eta=9.4
[t+0s] alert#9 primary=confirmed_clear conf=0.473 eta=1.5
[t+0s] pipeline feed ready — waiting for Decide seed
[t+0s] alert#16 primary=advisory_clear conf=0.517 eta=1.5
[t+0s] alert#14 primary=advisory_clear conf=0.524 eta=1.5
[t+0s] alert#12 primary=advisory_clear conf=0.58 eta=9.4
[t+0s] alert#10 primary=advisory_clear conf=0.554 eta=9.4
[t+0s] alert#9 primary=confirmed_clear conf=0.473 eta=1.5
[t+0s] pipeline feed ready — waiting for Decide seed
[t+0s] alert#16 primary=advisory_clear conf=0.517 eta=1.5
[t+0s] alert#14 primary=advisory_clear conf=0.524 eta=1.5
[t+0s] alert#12 primary=advisory_clear conf=0.58 eta=9.4
[t+0s] alert#10 primary=advisory_clear conf=0.554 eta=9.4
[t+0s] alert#9 primary=confirmed_clear conf=0.473 eta=1.5
[t+0s] pipeline feed ready — waiting for Decide seed
[t+0s] alert#16 primary=advisory_clear conf=0.517 eta=1.5
[t+0s] alert#14 primary=advisory_clear conf=0.524 eta=1.5
[t+0s] alert#12 primary=advisory_clear conf=0.58 eta=9.4
[t+0s] alert#10 primary=advisory_clear conf=0.554 eta=9.4
[t+0s] alert#9 primary=confirmed_clear conf=0.473 eta=1.5
[t+0s] pipeline feed ready — waiting for Decide seed
[t+0s] alert#16 primary=advisory_clear conf=0.517 eta=1.5
[t+0s] alert#14 primary=advisory_clear conf=0.524 eta=1.5
[t+0s] alert#12 primary=advisory_clear conf=0.58 eta=9.4
[t+0s] alert#10 primary=advisory_clear conf=0.554 eta=9.4
[t+0s] alert#9 primary=confirmed_clear conf=0.473 eta=1.5
[t+0s] pipeline feed ready — waiting for Decide seed
[t+0s] alert#16 primary=advisory_clear conf=0.517 eta=1.5
[t+0s] alert#14 primary=advisory_clear conf=0.524 eta=1.5
[t+0s] alert#12 primary=advisory_clear conf=0.58 eta=9.4
[t+0s] alert#10 primary=advisory_clear conf=0.554 eta=9.4
[t+0s] alert#9 primary=confirmed_clear conf=0.473 eta=1.5
[t+0s] pipeline feed ready — waiting for Decide seed
[t+0s] alert#16 primary=advisory_clear conf=0.517 eta=1.5
[t+0s] alert#14 primary=advisory_clear conf=0.524 eta=1.5
[t+0s] alert#12 primary=advisory_clear conf=0.58 eta=9.4
[t+0s] alert#10 primary=advisory_clear conf=0.554 eta=9.4
[t+0s] alert#9 primary=confirmed_clear conf=0.473 eta=1.5
[t+0s] pipeline feed ready — waiting for Decide seed
[t+0s] alert#16 primary=advisory_clear conf=0.517 eta=1.5
[t+0s] alert#14 primary=advisory_clear conf=0.524 eta=1.5
[t+0s] alert#12 primary=advisory_clear conf=0.58 eta=9.4
[t+0s] alert#10 primary=advisory_clear conf=0.554 eta=9.4
[t+0s] alert#9 primary=confirmed_clear conf=0.473 eta=1.5
[t+0s] pipeline feed ready — waiting for Decide seed
[t+0s] alert#16 primary=advisory_clear conf=0.517 eta=1.5
[t+0s] alert#14 primary=advisory_clear conf=0.524 eta=1.5
[t+0s] alert#12 primary=advisory_clear conf=0.58 eta=9.4
[t+0s] alert#10 primary=advisory_clear conf=0.554 eta=9.4
[t+0s] alert#9 primary=confirmed_clear conf=0.473 eta=1.5
[t+0s] pipeline feed ready — waiting for Decide seed
[t+0s] alert#16 primary=advisory_clear conf=0.517 eta=1.5
[t+0s] alert#14 primary=advisory_clear conf=0.524 eta=1.5
[t+0s] alert#12 primary=advisory_clear conf=0.58 eta=9.4
[t+0s] alert#10 primary=advisory_clear conf=0.554 eta=9.4
[t+0s] alert#9 primary=confirmed_clear conf=0.473 eta=1.5
[t+0s] pipeline feed ready — waiting for Decide seed
[t+0s] alert#16 primary=advisory_clear conf=0.517 eta=1.5
[t+0s] alert#14 primary=advisory_clear conf=0.524 eta=1.5
[t+0s] alert#12 primary=advisory_clear conf=0.58 eta=9.4
[t+0s] alert#10 primary=advisory_clear conf=0.554 eta=9.4
[t+0s] alert#9 primary=confirmed_clear conf=0.473 eta=1.5
[t+0s] pipeline feed ready — waiting for Decide seed
[t+0s] alert#16 primary=advisory_clear conf=0.517 eta=1.5
[t+0s] alert#14 primary=advisory_clear conf=0.524 eta=1.5
[t+0s] alert#12 primary=advisory_clear conf=0.58 eta=9.4
[t+0s] alert#10 primary=advisory_clear conf=0.554 eta=9.4
[t+0s] alert#9 primary=confirmed_clear conf=0.473 eta=1.5
[t+0s] pipeline feed ready — waiting for Decide seed
[t+0s] alert#16 primary=advisory_clear conf=0.517 eta=1.5
[t+0s] alert#14 primary=advisory_clear conf=0.524 eta=1.5
[t+0s] alert#12 primary=advisory_clear conf=0.58 eta=9.4
[t+0s] alert#10 primary=advisory_clear conf=0.554 eta=9.4
[t+0s] alert#9 primary=confirmed_clear conf=0.473 eta=1.5
[t+0s] pipeline feed ready — waiting for Decide seed
[t+0s] alert#16 primary=advisory_clear conf=0.517 eta=1.5
[t+0s] alert#14 primary=advisory_clear conf=0.524 eta=1.5
[t+0s] alert#12 primary=advisory_clear conf=0.58 eta=9.4
[t+0s] alert#10 primary=advisory_clear conf=0.554 eta=9.4
[t+0s] alert#9 primary=confirmed_clear conf=0.473 eta=1.5
[t+0s] pipeline feed ready — waiting for Decide seed
[t+0s] alert#16 primary=advisory_clear conf=0.517 eta=1.5
[t+0s] alert#14 primary=advisory_clear conf=0.524 eta=1.5
[t+0s] alert#12 primary=advisory_clear conf=0.58 eta=9.4
[t+0s] alert#10 primary=advisory_clear conf=0.554 eta=9.4
[t+0s] alert#9 primary=confirmed_clear conf=0.473 eta=1.5
[t+0s] pipeline feed ready — waiting for Decide seed
[t+0s] alert#16 primary=advisory_clear conf=0.517 eta=1.5
[t+0s] alert#14 primary=advisory_clear conf=0.524 eta=1.5
[t+0s] alert#12 primary=advisory_clear conf=0.58 eta=9.4
[t+0s] alert#10 primary=advisory_clear conf=0.554 eta=9.4
[t+0s] alert#9 primary=confirmed_clear conf=0.473 eta=1.5
[t+0s] pipeline feed ready — waiting for Decide seed
[t+0s] alert#16 primary=advisory_clear conf=0.517 eta=1.5
[t+0s] alert#14 primary=advisory_clear conf=0.524 eta=1.5
[t+0s] alert#12 primary=advisory_clear conf=0.58 eta=9.4
[t+0s] alert#10 primary=advisory_clear conf=0.554 eta=9.4
[t+0s] alert#9 primary=confirmed_clear conf=0.473 eta=1.5
[t+0s] pipeline feed ready — waiting for Decide seed
[t+0s] alert#16 primary=advisory_clear conf=0.517 eta=1.5
[t+0s] alert#14 primary=advisory_clear conf=0.524 eta=1.5
[t+0s] alert#12 primary=advisory_clear conf=0.58 eta=9.4
[t+0s] alert#10 primary=advisory_clear conf=0.554 eta=9.4
[t+0s] alert#9 primary=confirmed_clear conf=0.473 eta=1.5
[t+0s] pipeline feed ready — waiting for Decide seed
[t+0s] alert#16 primary=advisory_clear conf=0.517 eta=1.5
[t+0s] alert#14 primary=advisory_clear conf=0.524 eta=1.5
[t+0s] alert#12 primary=advisory_clear conf=0.58 eta=9.4
[t+0s] alert#10 primary=advisory_clear conf=0.554 eta=9.4
[t+0s] alert#9 primary=confirmed_clear conf=0.473 eta=1.5
[t+0s] pipeline feed ready — waiting for Decide seed
[t+0s] alert#16 primary=advisory_clear conf=0.517 eta=1.5
[t+0s] alert#14 primary=advisory_clear conf=0.524 eta=1.5
[t+0s] alert#12 primary=advisory_clear conf=0.58 eta=9.4
[t+0s] alert#10 primary=advisory_clear conf=0.554 eta=9.4
[t+0s] alert#9 primary=confirmed_clear conf=0.473 eta=1.5
[t+0s] pipeline feed ready — waiting for Decide seed
[t+0s] alert#16 primary=advisory_clear conf=0.517 eta=1.5
[t+0s] alert#14 primary=advisory_clear conf=0.524 eta=1.5
[t+0s] alert#12 primary=advisory_clear conf=0.58 eta=9.4
[t+0s] alert#10 primary=advisory_clear conf=0.554 eta=9.4
[t+0s] alert#9 primary=confirmed_clear conf=0.473 eta=1.5
[t+0s] pipeline feed ready — waiting for Decide seed
[t+0s] alert#16 primary=advisory_clear conf=0.517 eta=1.5
[t+0s] alert#14 primary=advisory_clear conf=0.524 eta=1.5
[t+0s] alert#12 primary=advisory_clear conf=0.58 eta=9.4
[t+0s] alert#10 primary=advisory_clear conf=0.554 eta=9.4
[t+0s] alert#9 primary=confirmed_clear conf=0.473 eta=1.5
[t+0s] pipeline feed ready — waiting for Decide seed
[t+0s] alert#16 primary=advisory_clear conf=0.517 eta=1.5
[t+0s] alert#14 primary=advisory_clear conf=0.524 eta=1.5
[t+0s] alert#12 primary=advisory_clear conf=0.58 eta=9.4
[t+0s] alert#10 primary=advisory_clear conf=0.554 eta=9.4
[t+0s] alert#9 primary=confirmed_clear conf=0.473 eta=1.5
[t+0s] pipeline feed ready — waiting for Decide seed
[t+0s] alert#16 primary=advisory_clear conf=0.517 eta=1.5
[t+0s] alert#14 primary=advisory_clear conf=0.524 eta=1.5
[t+0s] alert#12 primary=advisory_clear conf=0.58 eta=9.4
[t+0s] alert#10 primary=advisory_clear conf=0.554 eta=9.4
[t+0s] alert#9 primary=confirmed_clear conf=0.473 eta=1.5
[t+0s] pipeline feed ready — waiting for Decide seed
[t+0s] alert#16 primary=advisory_clear conf=0.517 eta=1.5
[t+0s] alert#14 primary=advisory_clear conf=0.524 eta=1.5
[t+0s] alert#12 primary=advisory_clear conf=0.58 eta=9.4
[t+0s] alert#10 primary=advisory_clear conf=0.554 eta=9.4
[t+0s] alert#9 primary=confirmed_clear conf=0.473 eta=1.5
[t+0s] pipeline feed ready — waiting for Decide seed
[t+0s] alert#16 primary=advisory_clear conf=0.517 eta=1.5
[t+0s] alert#14 primary=advisory_clear conf=0.524 eta=1.5
[t+0s] alert#12 primary=advisory_clear conf=0.58 eta=9.4
[t+0s] alert#10 primary=advisory_clear conf=0.554 eta=9.4
[t+0s] alert#9 primary=confirmed_clear conf=0.473 eta=1.5
[t+0s] pipeline feed ready — waiting for Decide seed
[t+0s] alert#16 primary=advisory_clear conf=0.517 eta=1.5
[t+0s] alert#14 primary=advisory_clear conf=0.524 eta=1.5
[t+0s] alert#12 primary=advisory_clear conf=0.58 eta=9.4
[t+0s] alert#10 primary=advisory_clear conf=0.554 eta=9.4
[t+0s] alert#9 primary=confirmed_clear conf=0.473 eta=1.5
[t+0s] pipeline feed ready — waiting for Decide seed
[t+0s] alert#16 primary=advisory_clear conf=0.517 eta=1.5
[t+0s] alert#14 primary=advisory_clear conf=0.524 eta=1.5
[t+0s] alert#12 primary=advisory_clear conf=0.58 eta=9.4
[t+0s] alert#10 primary=advisory_clear conf=0.554 eta=9.4
[t+0s] alert#9 primary=confirmed_clear conf=0.473 eta=1.5
[t+0s] pipeline feed ready — waiting for Decide seed
[t+0s] alert#16 primary=advisory_clear conf=0.517 eta=1.5
[t+0s] alert#14 primary=advisory_clear conf=0.524 eta=1.5
[t+0s] alert#12 primary=advisory_clear conf=0.58 eta=9.4
[t+0s] alert#10 primary=advisory_clear conf=0.554 eta=9.4
[t+0s] alert#9 primary=confirmed_clear conf=0.473 eta=1.5
[t+0s] pipeline feed ready — waiting for Decide seed
[t+0s] alert#16 primary=advisory_clear conf=0.517 eta=1.5
[t+0s] alert#14 primary=advisory_clear conf=0.524 eta=1.5
[t+0s] alert#12 primary=advisory_clear conf=0.58 eta=9.4
[t+0s] alert#10 primary=advisory_clear conf=0.554 eta=9.4
[t+0s] alert#9 primary=confirmed_clear conf=0.473 eta=1.5
[t+0s] pipeline feed ready — waiting for Decide seed
[t+0s] alert#16 primary=advisory_clear conf=0.517 eta=1.5
[t+0s] alert#14 primary=advisory_clear conf=0.524 eta=1.5
[t+0s] alert#12 primary=advisory_clear conf=0.58 eta=9.4
[t+0s] alert#10 primary=advisory_clear conf=0.554 eta=9.4
[t+0s] alert#9 primary=confirmed_clear conf=0.473 eta=1.5
[t+0s] pipeline feed ready — waiting for Decide seed
[t+0s] alert#16 primary=advisory_clear conf=0.517 eta=1.5
[t+0s] alert#14 primary=advisory_clear conf=0.524 eta=1.5
[t+0s] alert#12 primary=advisory_clear conf=0.58 eta=9.4
[t+0s] alert#10 primary=advisory_clear conf=0.554 eta=9.4
[t+0s] alert#9 primary=confirmed_clear conf=0.473 eta=1.5
[t+0s] pipeline feed ready — waiting for Decide seed
[t+0s] alert#16 primary=advisory_clear conf=0.517 eta=1.5
[t+0s] alert#14 primary=advisory_clear conf=0.524 eta=1.5
[t+0s] alert#12 primary=advisory_clear conf=0.58 eta=9.4
[t+0s] alert#10 primary=advisory_clear conf=0.554 eta=9.4
[t+0s] alert#9 primary=confirmed_clear conf=0.473 eta=1.5
[t+0s] pipeline feed ready — waiting for Decide seed
[t+0s] alert#16 primary=advisory_clear conf=0.517 eta=1.5
[t+0s] alert#14 primary=advisory_clear conf=0.524 eta=1.5
[t+0s] alert#12 primary=advisory_clear conf=0.58 eta=9.4
[t+0s] alert#10 primary=advisory_clear conf=0.554 eta=9.4
[t+0s] alert#9 primary=confirmed_clear conf=0.473 eta=1.5
[t+0s] pipeline feed ready — waiting for Decide seed
[t+0s] alert#16 primary=advisory_clear conf=0.517 eta=1.5
[t+0s] alert#14 primary=advisory_clear conf=0.524 eta=1.5
[t+0s] alert#12 primary=advisory_clear conf=0.58 eta=9.4
[t+0s] alert#10 primary=advisory_clear conf=0.554 eta=9.4
[t+0s] alert#9 primary=confirmed_clear conf=0.473 eta=1.5
[t+0s] pipeline feed ready — waiting for Decide seed
[t+0s] alert#16 primary=advisory_clear conf=0.517 eta=1.5
[t+0s] alert#14 primary=advisory_clear conf=0.524 eta=1.5
[t+0s] alert#12 primary=advisory_clear conf=0.58 eta=9.4
[t+0s] alert#10 primary=advisory_clear conf=0.554 eta=9.4
[t+0s] alert#9 primary=confirmed_clear conf=0.473 eta=1.5
[t+0s] pipeline feed ready — waiting for Decide seed
[t+0s] alert#16 primary=advisory_clear conf=0.517 eta=1.5
[t+0s] alert#14 primary=advisory_clear conf=0.524 eta=1.5
[t+0s] alert#12 primary=advisory_clear conf=0.58 eta=9.4
[t+0s] alert#10 primary=advisory_clear conf=0.554 eta=9.4
[t+0s] alert#9 primary=confirmed_clear conf=0.473 eta=1.5
[t+0s] pipeline feed ready — waiting for Decide seed
[t+0s] alert#16 primary=advisory_clear conf=0.517 eta=1.5
[t+0s] alert#14 primary=advisory_clear conf=0.524 eta=1.5
[t+0s] alert#12 primary=advisory_clear conf=0.58 eta=9.4
[t+0s] alert#10 primary=advisory_clear conf=0.554 eta=9.4
[t+0s] alert#9 primary=confirmed_clear conf=0.473 eta=1.5
[t+0s] pipeline feed ready — waiting for Decide seed
[t+0s] alert#16 primary=advisory_clear conf=0.517 eta=1.5
[t+0s] alert#14 primary=advisory_clear conf=0.524 eta=1.5
[t+0s] alert#12 primary=advisory_clear conf=0.58 eta=9.4
[t+0s] alert#10 primary=advisory_clear conf=0.554 eta=9.4
[t+0s] alert#9 primary=confirmed_clear conf=0.473 eta=1.5
[t+0s] pipeline feed ready — waiting for Decide seed
[t+0s] alert#16 primary=advisory_clear conf=0.517 eta=1.5
[t+0s] alert#14 primary=advisory_clear conf=0.524 eta=1.5
[t+0s] alert#12 primary=advisory_clear conf=0.58 eta=9.4
[t+0s] alert#10 primary=advisory_clear conf=0.554 eta=9.4
[t+0s] alert#9 primary=confirmed_clear conf=0.473 eta=1.5
[t+0s] pipeline feed ready — waiting for Decide seed
[t+0s] alert#16 primary=advisory_clear conf=0.517 eta=1.5
[t+0s] alert#14 primary=advisory_clear conf=0.524 eta=1.5
[t+0s] alert#12 primary=advisory_clear conf=0.58 eta=9.4
[t+0s] alert#10 primary=advisory_clear conf=0.554 eta=9.4
[t+0s] alert#9 primary=confirmed_clear conf=0.473 eta=1.5
[t+0s] pipeline feed ready — waiting for Decide seed
[t+0s] alert#16 primary=advisory_clear conf=0.517 eta=1.5
[t+0s] alert#14 primary=advisory_clear conf=0.524 eta=1.5
[t+0s] alert#12 primary=advisory_clear conf=0.58 eta=9.4
[t+0s] alert#10 primary=advisory_clear conf=0.554 eta=9.4
[t+0s] alert#9 primary=confirmed_clear conf=0.473 eta=1.5
[t+0s] pipeline feed ready — waiting for Decide seed
[t+0s] alert#16 primary=advisory_clear conf=0.517 eta=1.5
[t+0s] alert#14 primary=advisory_clear conf=0.524 eta=1.5
[t+0s] alert#12 primary=advisory_clear conf=0.58 eta=9.4
[t+0s] alert#10 primary=advisory_clear conf=0.554 eta=9.4
[t+0s] alert#9 primary=confirmed_clear conf=0.473 eta=1.5
[t+0s] pipeline feed ready — waiting for Decide seed
[t+0s] alert#16 primary=advisory_clear conf=0.517 eta=1.5
[t+0s] alert#14 primary=advisory_clear conf=0.524 eta=1.5
[t+0s] alert#12 primary=advisory_clear conf=0.58 eta=9.4
[t+0s] alert#10 primary=advisory_clear conf=0.554 eta=9.4
[t+0s] alert#9 primary=confirmed_clear conf=0.473 eta=1.5
[t+0s] pipeline feed ready — waiting for Decide seed
[t+0s] alert#16 primary=advisory_clear conf=0.517 eta=1.5
[t+0s] alert#14 primary=advisory_clear conf=0.524 eta=1.5
[t+0s] alert#12 primary=advisory_clear conf=0.58 eta=9.4
[t+0s] alert#10 primary=advisory_clear conf=0.554 eta=9.4
[t+0s] alert#9 primary=confirmed_clear conf=0.473 eta=1.5
[t+0s] pipeline feed ready — waiting for Decide seed
[t+0s] alert#16 primary=advisory_clear conf=0.517 eta=1.5
[t+0s] alert#14 primary=advisory_clear conf=0.524 eta=1.5
[t+0s] alert#12 primary=advisory_clear conf=0.58 eta=9.4
[t+0s] alert#10 primary=advisory_clear conf=0.554 eta=9.4
[t+0s] alert#9 primary=confirmed_clear conf=0.473 eta=1.5
[t+0s] pipeline feed ready — waiting for Decide seed
[t+0s] alert#16 primary=advisory_clear conf=0.517 eta=1.5
[t+0s] alert#14 primary=advisory_clear conf=0.524 eta=1.5
[t+0s] alert#12 primary=advisory_clear conf=0.58 eta=9.4
[t+0s] alert#10 primary=advisory_clear conf=0.554 eta=9.4
[t+0s] alert#9 primary=confirmed_clear conf=0.473 eta=1.5
[t+0s] pipeline feed ready — waiting for Decide seed
[t+0s] alert#16 primary=advisory_clear conf=0.517 eta=1.5
[t+0s] alert#14 primary=advisory_clear conf=0.524 eta=1.5
[t+0s] alert#12 primary=advisory_clear conf=0.58 eta=9.4
[t+0s] alert#10 primary=advisory_clear conf=0.554 eta=9.4
[t+0s] alert#9 primary=confirmed_clear conf=0.473 eta=1.5
[t+0s] pipeline feed ready — waiting for Decide seed
[t+0s] alert#16 primary=advisory_clear conf=0.517 eta=1.5
[t+0s] alert#14 primary=advisory_clear conf=0.524 eta=1.5
[t+0s] alert#12 primary=advisory_clear conf=0.58 eta=9.4
[t+0s] alert#10 primary=advisory_clear conf=0.554 eta=9.4
[t+0s] alert#9 primary=confirmed_clear conf=0.473 eta=1.5
[t+0s] pipeline feed ready — waiting for Decide seed
[t+0s] alert#16 primary=advisory_clear conf=0.517 eta=1.5
[t+0s] alert#14 primary=advisory_clear conf=0.524 eta=1.5
[t+0s] alert#12 primary=advisory_clear conf=0.58 eta=9.4
[t+0s] alert#10 primary=advisory_clear conf=0.554 eta=9.4
[t+0s] alert#9 primary=confirmed_clear conf=0.473 eta=1.5
[t+0s] pipeline feed ready — waiting for Decide seed
[t+0s] alert#16 primary=advisory_clear conf=0.517 eta=1.5
[t+0s] alert#14 primary=advisory_clear conf=0.524 eta=1.5
[t+0s] alert#12 primary=advisory_clear conf=0.58 eta=9.4
[t+0s] alert#10 primary=advisory_clear conf=0.554 eta=9.4
[t+0s] alert#9 primary=confirmed_clear conf=0.473 eta=1.5
[t+0s] pipeline feed ready — waiting for Decide seed
[t+0s] alert#16 primary=advisory_clear conf=0.517 eta=1.5
[t+0s] alert#14 primary=advisory_clear conf=0.524 eta=1.5
[t+0s] alert#12 primary=advisory_clear conf=0.58 eta=9.4
[t+0s] alert#10 primary=advisory_clear conf=0.554 eta=9.4
[t+0s] alert#9 primary=confirmed_clear conf=0.473 eta=1.5
[t+0s] pipeline feed ready — waiting for Decide seed
[t+0s] alert#16 primary=advisory_clear conf=0.517 eta=1.5
[t+0s] alert#14 primary=advisory_clear conf=0.524 eta=1.5
[t+0s] alert#12 primary=advisory_clear conf=0.58 eta=9.4
[t+0s] alert#10 primary=advisory_clear conf=0.554 eta=9.4
[t+0s] alert#9 primary=confirmed_clear conf=0.473 eta=1.5
[t+0s] pipeline feed ready — waiting for Decide seed
[t+0s] alert#16 primary=advisory_clear conf=0.517 eta=1.5
[t+0s] alert#14 primary=advisory_clear conf=0.524 eta=1.5
[t+0s] alert#12 primary=advisory_clear conf=0.58 eta=9.4
[t+0s] alert#10 primary=advisory_clear conf=0.554 eta=9.4
[t+0s] alert#9 primary=confirmed_clear conf=0.473 eta=1.5
[t+0s] pipeline feed ready — waiting for Decide seed
[t+0s] alert#16 primary=advisory_clear conf=0.517 eta=1.5
[t+0s] alert#14 primary=advisory_clear conf=0.524 eta=1.5
[t+0s] alert#12 primary=advisory_clear conf=0.58 eta=9.4
[t+0s] alert#10 primary=advisory_clear conf=0.554 eta=9.4
[t+0s] alert#9 primary=confirmed_clear conf=0.473 eta=1.5
[t+0s] pipeline feed ready — waiting for Decide seed
[t+0s] alert#16 primary=advisory_clear conf=0.517 eta=1.5
[t+0s] alert#14 primary=advisory_clear conf=0.524 eta=1.5
[t+0s] alert#12 primary=advisory_clear conf=0.58 eta=9.4
[t+0s] alert#10 primary=advisory_clear conf=0.554 eta=9.4
[t+0s] alert#9 primary=confirmed_clear conf=0.473 eta=1.5
[t+0s] pipeline feed ready — waiting for Decide seed
[t+0s] alert#16 primary=advisory_clear conf=0.517 eta=1.5
[t+0s] alert#14 primary=advisory_clear conf=0.524 eta=1.5
[t+0s] alert#12 primary=advisory_clear conf=0.58 eta=9.4
[t+0s] alert#10 primary=advisory_clear conf=0.554 eta=9.4
[t+0s] alert#9 primary=confirmed_clear conf=0.473 eta=1.5
[t+0s] pipeline feed ready — waiting for Decide seed
[t+0s] alert#16 primary=advisory_clear conf=0.517 eta=1.5
[t+0s] alert#14 primary=advisory_clear conf=0.524 eta=1.5
[t+0s] alert#12 primary=advisory_clear conf=0.58 eta=9.4
[t+0s] alert#10 primary=advisory_clear conf=0.554 eta=9.4
[t+0s] alert#9 primary=confirmed_clear conf=0.473 eta=1.5
[t+0s] pipeline feed ready — waiting for Decide seed
[t+0s] alert#16 primary=advisory_clear conf=0.517 eta=1.5
[t+0s] alert#14 primary=advisory_clear conf=0.524 eta=1.5
[t+0s] alert#12 primary=advisory_clear conf=0.58 eta=9.4
[t+0s] alert#10 primary=advisory_clear conf=0.554 eta=9.4
[t+0s] alert#9 primary=confirmed_clear conf=0.473 eta=1.5
[t+0s] pipeline feed ready — waiting for Decide seed
[t+0s] alert#16 primary=advisory_clear conf=0.517 eta=1.5
[t+0s] alert#14 primary=advisory_clear conf=0.524 eta=1.5
[t+0s] alert#12 primary=advisory_clear conf=0.58 eta=9.4
[t+0s] alert#10 primary=advisory_clear conf=0.554 eta=9.4
[t+0s] alert#9 primary=confirmed_clear conf=0.473 eta=1.5
[t+0s] pipeline feed ready — waiting for Decide seed
[t+0s] alert#16 primary=advisory_clear conf=0.517 eta=1.5
[t+0s] alert#14 primary=advisory_clear conf=0.524 eta=1.5
[t+0s] alert#12 primary=advisory_clear conf=0.58 eta=9.4
[t+0s] alert#10 primary=advisory_clear conf=0.554 eta=9.4
[t+0s] alert#9 primary=confirmed_clear conf=0.473 eta=1.5
[t+0s] pipeline feed ready — waiting for Decide seed
[t+0s] alert#16 primary=advisory_clear conf=0.517 eta=1.5
[t+0s] alert#14 primary=advisory_clear conf=0.524 eta=1.5
[t+0s] alert#12 primary=advisory_clear conf=0.58 eta=9.4
[t+0s] alert#10 primary=advisory_clear conf=0.554 eta=9.4
[t+0s] alert#9 primary=confirmed_clear conf=0.473 eta=1.5
[t+0s] pipeline feed ready — waiting for Decide seed
[t+0s] alert#16 primary=advisory_clear conf=0.517 eta=1.5
[t+0s] alert#14 primary=advisory_clear conf=0.524 eta=1.5
[t+0s] alert#12 primary=advisory_clear conf=0.58 eta=9.4
[t+0s] alert#10 primary=advisory_clear conf=0.554 eta=9.4
[t+0s] alert#9 primary=confirmed_clear conf=0.473 eta=1.5
[t+0s] pipeline feed ready — waiting for Decide seed
[t+0s] alert#16 primary=advisory_clear conf=0.517 eta=1.5
[t+0s] alert#14 primary=advisory_clear conf=0.524 eta=1.5
[t+0s] alert#12 primary=advisory_clear conf=0.58 eta=9.4
[t+0s] alert#10 primary=advisory_clear conf=0.554 eta=9.4
[t+0s] alert#9 primary=confirmed_clear conf=0.473 eta=1.5
[t+0s] pipeline feed ready — waiting for Decide seed
[t+0s] alert#16 primary=advisory_clear conf=0.517 eta=1.5
[t+0s] alert#14 primary=advisory_clear conf=0.524 eta=1.5
[t+0s] alert#12 primary=advisory_clear conf=0.58 eta=9.4
[t+0s] alert#10 primary=advisory_clear conf=0.554 eta=9.4
[t+0s] alert#9 primary=confirmed_clear conf=0.473 eta=1.5
[t+0s] pipeline feed ready — waiting for Decide seed
[t+0s] alert#16 primary=advisory_clear conf=0.517 eta=1.5
[t+0s] alert#14 primary=advisory_clear conf=0.524 eta=1.5
[t+0s] alert#12 primary=advisory_clear conf=0.58 eta=9.4
[t+0s] alert#10 primary=advisory_clear conf=0.554 eta=9.4
[t+0s] alert#9 primary=confirmed_clear conf=0.473 eta=1.5
[t+0s] pipeline feed ready — waiting for Decide seed
[t+0s] alert#16 primary=advisory_clear conf=0.517 eta=1.5
[t+0s] alert#14 primary=advisory_clear conf=0.524 eta=1.5
[t+0s] alert#12 primary=advisory_clear conf=0.58 eta=9.4
[t+0s] alert#10 primary=advisory_clear conf=0.554 eta=9.4
[t+0s] alert#9 primary=confirmed_clear conf=0.473 eta=1.5
[t+0s] pipeline feed ready — waiting for Decide seed
[t+0s] alert#16 primary=advisory_clear conf=0.517 eta=1.5
[t+0s] alert#14 primary=advisory_clear conf=0.524 eta=1.5
[t+0s] alert#12 primary=advisory_clear conf=0.58 eta=9.4
[t+0s] alert#10 primary=advisory_clear conf=0.554 eta=9.4
[t+0s] alert#9 primary=confirmed_clear conf=0.473 eta=1.5
[t+0s] pipeline feed ready — waiting for Decide seed
[t+0s] alert#16 primary=advisory_clear conf=0.517 eta=1.5
[t+0s] alert#14 primary=advisory_clear conf=0.524 eta=1.5
[t+0s] alert#12 primary=advisory_clear conf=0.58 eta=9.4
[t+0s] alert#10 primary=advisory_clear conf=0.554 eta=9.4
[t+0s] alert#9 primary=confirmed_clear conf=0.473 eta=1.5
[t+0s] pipeline feed ready — waiting for Decide seed
[t+0s] alert#16 primary=advisory_clear conf=0.517 eta=1.5
[t+0s] alert#14 primary=advisory_clear conf=0.524 eta=1.5
[t+0s] alert#12 primary=advisory_clear conf=0.58 eta=9.4
[t+0s] alert#10 primary=advisory_clear conf=0.554 eta=9.4
[t+0s] alert#9 primary=confirmed_clear conf=0.473 eta=1.5
[t+0s] pipeline feed ready — waiting for Decide seed
[t+0s] alert#16 primary=advisory_clear conf=0.517 eta=1.5
[t+0s] alert#14 primary=advisory_clear conf=0.524 eta=1.5
[t+0s] alert#12 primary=advisory_clear conf=0.58 eta=9.4
[t+0s] alert#10 primary=advisory_clear conf=0.554 eta=9.4
[t+0s] alert#9 primary=confirmed_clear conf=0.473 eta=1.5
[t+0s] pipeline feed ready — waiting for Decide seed
[t+0s] alert#16 primary=advisory_clear conf=0.517 eta=1.5
[t+0s] alert#14 primary=advisory_clear conf=0.524 eta=1.5
[t+0s] alert#12 primary=advisory_clear conf=0.58 eta=9.4
[t+0s] alert#10 primary=advisory_clear conf=0.554 eta=9.4
[t+0s] alert#9 primary=confirmed_clear conf=0.473 eta=1.5
[t+0s] pipeline feed ready — waiting for Decide seed
[t+0s] alert#16 primary=advisory_clear conf=0.517 eta=1.5
[t+0s] alert#14 primary=advisory_clear conf=0.524 eta=1.5
[t+0s] alert#12 primary=advisory_clear conf=0.58 eta=9.4
[t+0s] alert#10 primary=advisory_clear conf=0.554 eta=9.4
[t+0s] alert#9 primary=confirmed_clear conf=0.473 eta=1.5
[t+0s] pipeline feed ready — waiting for Decide seed
[t+0s] alert#16 primary=advisory_clear conf=0.517 eta=1.5
[t+0s] alert#14 primary=advisory_clear conf=0.524 eta=1.5
[t+0s] alert#12 primary=advisory_clear conf=0.58 eta=9.4
[t+0s] alert#10 primary=advisory_clear conf=0.554 eta=9.4
[t+0s] alert#9 primary=confirmed_clear conf=0.473 eta=1.5
[t+0s] pipeline feed ready — waiting for Decide seed
[t+0s] alert#16 primary=advisory_clear conf=0.517 eta=1.5
[t+0s] alert#14 primary=advisory_clear conf=0.524 eta=1.5
[t+0s] alert#12 primary=advisory_clear conf=0.58 eta=9.4
[t+0s] alert#10 primary=advisory_clear conf=0.554 eta=9.4
[t+0s] alert#9 primary=confirmed_clear conf=0.473 eta=1.5
[t+0s] pipeline feed ready — waiting for Decide seed
[t+0s] alert#16 primary=advisory_clear conf=0.517 eta=1.5
[t+0s] alert#14 primary=advisory_clear conf=0.524 eta=1.5
[t+0s] alert#12 primary=advisory_clear conf=0.58 eta=9.4
[t+0s] alert#10 primary=advisory_clear conf=0.554 eta=9.4
[t+0s] alert#9 primary=confirmed_clear conf=0.473 eta=1.5
[t+0s] pipeline feed ready — waiting for Decide seed
[t+0s] alert#16 primary=advisory_clear conf=0.517 eta=1.5
[t+0s] alert#14 primary=advisory_clear conf=0.524 eta=1.5
[t+0s] alert#12 primary=advisory_clear conf=0.58 eta=9.4
[t+0s] alert#10 primary=advisory_clear conf=0.554 eta=9.4
[t+0s] alert#9 primary=confirmed_clear conf=0.473 eta=1.5
[t+0s] pipeline feed ready — waiting for Decide seed
[t+0s] alert#16 primary=advisory_clear conf=0.517 eta=1.5
[t+0s] alert#14 primary=advisory_clear conf=0.524 eta=1.5
[t+0s] alert#12 primary=advisory_clear conf=0.58 eta=9.4
[t+0s] alert#10 primary=advisory_clear conf=0.554 eta=9.4
[t+0s] alert#9 primary=confirmed_clear conf=0.473 eta=1.5
[t+0s] pipeline feed ready — waiting for Decide seed
[t+0s] alert#16 primary=advisory_clear conf=0.517 eta=1.5
[t+0s] alert#14 primary=advisory_clear conf=0.524 eta=1.5
[t+0s] alert#12 primary=advisory_clear conf=0.58 eta=9.4
[t+0s] alert#10 primary=advisory_clear conf=0.554 eta=9.4
[t+0s] alert#9 primary=confirmed_clear conf=0.473 eta=1.5
[t+0s] pipeline feed ready — waiting for Decide seed
[t+0s] alert#16 primary=advisory_clear conf=0.517 eta=1.5
[t+0s] alert#14 primary=advisory_clear conf=0.524 eta=1.5
[t+0s] alert#12 primary=advisory_clear conf=0.58 eta=9.4
[t+0s] alert#10 primary=advisory_clear conf=0.554 eta=9.4
[t+0s] alert#9 primary=confirmed_clear conf=0.473 eta=1.5
[t+0s] pipeline feed ready — waiting for Decide seed
[t+0s] alert#16 primary=advisory_clear conf=0.517 eta=1.5
[t+0s] alert#14 primary=advisory_clear conf=0.524 eta=1.5
[t+0s] alert#12 primary=advisory_clear conf=0.58 eta=9.4
[t+0s] alert#10 primary=advisory_clear conf=0.554 eta=9.4
[t+0s] alert#9 primary=confirmed_clear conf=0.473 eta=1.5
[t+0s] pipeline feed ready — waiting for Decide seed
[t+0s] alert#16 primary=advisory_clear conf=0.517 eta=1.5
[t+0s] alert#14 primary=advisory_clear conf=0.524 eta=1.5
[t+0s] alert#12 primary=advisory_clear conf=0.58 eta=9.4
[t+0s] alert#10 primary=advisory_clear conf=0.554 eta=9.4
[t+0s] alert#9 primary=confirmed_clear conf=0.473 eta=1.5
[t+0s] pipeline feed ready — waiting for Decide seed
[t+0s] alert#16 primary=advisory_clear conf=0.517 eta=1.5
[t+0s] alert#14 primary=advisory_clear conf=0.524 eta=1.5
[t+0s] alert#12 primary=advisory_clear conf=0.58 eta=9.4
[t+0s] alert#10 primary=advisory_clear conf=0.554 eta=9.4
[t+0s] alert#9 primary=confirmed_clear conf=0.473 eta=1.5
[t+0s] pipeline feed ready — waiting for Decide seed
[t+0s] alert#16 primary=advisory_clear conf=0.517 eta=1.5
[t+0s] alert#14 primary=advisory_clear conf=0.524 eta=1.5
[t+0s] alert#12 primary=advisory_clear conf=0.58 eta=9.4
[t+0s] alert#10 primary=advisory_clear conf=0.554 eta=9.4
[t+0s] alert#9 primary=confirmed_clear conf=0.473 eta=1.5
[t+0s] pipeline feed ready — waiting for Decide seed
[t+0s] alert#16 primary=advisory_clear conf=0.517 eta=1.5
[t+0s] alert#14 primary=advisory_clear conf=0.524 eta=1.5
[t+0s] alert#12 primary=advisory_clear conf=0.58 eta=9.4
[t+0s] alert#10 primary=advisory_clear conf=0.554 eta=9.4
[t+0s] alert#9 primary=confirmed_clear conf=0.473 eta=1.5
[t+0s] pipeline feed ready — waiting for Decide seed
[t+0s] alert#16 primary=advisory_clear conf=0.517 eta=1.5
[t+0s] alert#14 primary=advisory_clear conf=0.524 eta=1.5
[t+0s] alert#12 primary=advisory_clear conf=0.58 eta=9.4
[t+0s] alert#10 primary=advisory_clear conf=0.554 eta=9.4
[t+0s] alert#9 primary=confirmed_clear conf=0.473 eta=1.5
[t+0s] pipeline feed ready — waiting for Decide seed
[t+0s] alert#16 primary=advisory_clear conf=0.517 eta=1.5
[t+0s] alert#14 primary=advisory_clear conf=0.524 eta=1.5
[t+0s] alert#12 primary=advisory_clear conf=0.58 eta=9.4
[t+0s] alert#10 primary=advisory_clear conf=0.554 eta=9.4
[t+0s] alert#9 primary=confirmed_clear conf=0.473 eta=1.5
[t+0s] pipeline feed ready — waiting for Decide seed
[t+0s] alert#16 primary=advisory_clear conf=0.517 eta=1.5
[t+0s] alert#14 primary=advisory_clear conf=0.524 eta=1.5
[t+0s] alert#12 primary=advisory_clear conf=0.58 eta=9.4
[t+0s] alert#10 primary=advisory_clear conf=0.554 eta=9.4
[t+0s] alert#9 primary=confirmed_clear conf=0.473 eta=1.5
[t+0s] pipeline feed ready — waiting for Decide seed
[t+0s] alert#16 primary=advisory_clear conf=0.517 eta=1.5
[t+0s] alert#14 primary=advisory_clear conf=0.524 eta=1.5
[t+0s] alert#12 primary=advisory_clear conf=0.58 eta=9.4
[t+0s] alert#10 primary=advisory_clear conf=0.554 eta=9.4
[t+0s] alert#9 primary=confirmed_clear conf=0.473 eta=1.5
[t+0s] pipeline feed ready — waiting for Decide seed
[t+0s] alert#16 primary=advisory_clear conf=0.517 eta=1.5
[t+0s] alert#14 primary=advisory_clear conf=0.524 eta=1.5
[t+0s] alert#12 primary=advisory_clear conf=0.58 eta=9.4
[t+0s] alert#10 primary=advisory_clear conf=0.554 eta=9.4
[t+0s] alert#9 primary=confirmed_clear conf=0.473 eta=1.5
[t+0s] pipeline feed ready — waiting for Decide seed
[t+0s] alert#16 primary=advisory_clear conf=0.517 eta=1.5
[t+0s] alert#14 primary=advisory_clear conf=0.524 eta=1.5
[t+0s] alert#12 primary=advisory_clear conf=0.58 eta=9.4
[t+0s] alert#10 primary=advisory_clear conf=0.554 eta=9.4
[t+0s] alert#9 primary=confirmed_clear conf=0.473 eta=1.5
[t+0s] pipeline feed ready — waiting for Decide seed
[t+0s] alert#16 primary=advisory_clear conf=0.517 eta=1.5
[t+0s] alert#14 primary=advisory_clear conf=0.524 eta=1.5
[t+0s] alert#12 primary=advisory_clear conf=0.58 eta=9.4
[t+0s] alert#10 primary=advisory_clear conf=0.554 eta=9.4
[t+0s] alert#9 primary=confirmed_clear conf=0.473 eta=1.5
[t+0s] pipeline feed ready — waiting for Decide seed
[t+0s] alert#16 primary=advisory_clear conf=0.517 eta=1.5
[t+0s] alert#14 primary=advisory_clear conf=0.524 eta=1.5
[t+0s] alert#12 primary=advisory_clear conf=0.58 eta=9.4
[t+0s] alert#10 primary=advisory_clear conf=0.554 eta=9.4
[t+0s] alert#9 primary=confirmed_clear conf=0.473 eta=1.5
[t+0s] pipeline feed ready — waiting for Decide seed
[t+0s] alert#16 primary=advisory_clear conf=0.517 eta=1.5
[t+0s] alert#14 primary=advisory_clear conf=0.524 eta=1.5
[t+0s] alert#12 primary=advisory_clear conf=0.58 eta=9.4
[t+0s] alert#10 primary=advisory_clear conf=0.554 eta=9.4
[t+0s] alert#9 primary=confirmed_clear conf=0.473 eta=1.5
[t+0s] pipeline feed ready — waiting for Decide seed
[t+0s] alert#16 primary=advisory_clear conf=0.517 eta=1.5
[t+0s] alert#14 primary=advisory_clear conf=0.524 eta=1.5
[t+0s] alert#12 primary=advisory_clear conf=0.58 eta=9.4
[t+0s] alert#10 primary=advisory_clear conf=0.554 eta=9.4
[t+0s] alert#9 primary=confirmed_clear conf=0.473 eta=1.5
[t+0s] pipeline feed ready — waiting for Decide seed
[t+0s] alert#16 primary=advisory_clear conf=0.517 eta=1.5
[t+0s] alert#14 primary=advisory_clear conf=0.524 eta=1.5
[t+0s] alert#12 primary=advisory_clear conf=0.58 eta=9.4
[t+0s] alert#10 primary=advisory_clear conf=0.554 eta=9.4
[t+0s] alert#9 primary=confirmed_clear conf=0.473 eta=1.5
[t+0s] pipeline feed ready — waiting for Decide seed
[t+0s] alert#16 primary=advisory_clear conf=0.517 eta=1.5
[t+0s] alert#14 primary=advisory_clear conf=0.524 eta=1.5
[t+0s] alert#12 primary=advisory_clear conf=0.58 eta=9.4
[t+0s] alert#10 primary=advisory_clear conf=0.554 eta=9.4
[t+0s] alert#9 primary=confirmed_clear conf=0.473 eta=1.5
[t+0s] pipeline feed ready — waiting for Decide seed
[t+0s] alert#16 primary=advisory_clear conf=0.517 eta=1.5
[t+0s] alert#14 primary=advisory_clear conf=0.524 eta=1.5
[t+0s] alert#12 primary=advisory_clear conf=0.58 eta=9.4
[t+0s] alert#10 primary=advisory_clear conf=0.554 eta=9.4
[t+0s] alert#9 primary=confirmed_clear conf=0.473 eta=1.5
[t+0s] pipeline feed ready — waiting for Decide seed
[t+0s] alert#16 primary=advisory_clear conf=0.517 eta=1.5
[t+0s] alert#14 primary=advisory_clear conf=0.524 eta=1.5
[t+0s] alert#12 primary=advisory_clear conf=0.58 eta=9.4
[t+0s] alert#10 primary=advisory_clear conf=0.554 eta=9.4
[t+0s] alert#9 primary=confirmed_clear conf=0.473 eta=1.5
[t+0s] pipeline feed ready — waiting for Decide seed
[t+0s] alert#16 primary=advisory_clear conf=0.517 eta=1.5
[t+0s] alert#14 primary=advisory_clear conf=0.524 eta=1.5
[t+0s] alert#12 primary=advisory_clear conf=0.58 eta=9.4
[t+0s] alert#10 primary=advisory_clear conf=0.554 eta=9.4
[t+0s] alert#9 primary=confirmed_clear conf=0.473 eta=1.5
[t+0s] pipeline feed ready — waiting for Decide seed
[t+0s] alert#16 primary=advisory_clear conf=0.517 eta=1.5
[t+0s] alert#14 primary=advisory_clear conf=0.524 eta=1.5
[t+0s] alert#12 primary=advisory_clear conf=0.58 eta=9.4
[t+0s] alert#10 primary=advisory_clear conf=0.554 eta=9.4
[t+0s] alert#9 primary=confirmed_clear conf=0.473 eta=1.5
[t+0s] pipeline feed ready — waiting for Decide seed
[t+0s] alert#16 primary=advisory_clear conf=0.517 eta=1.5
[t+0s] alert#14 primary=advisory_clear conf=0.524 eta=1.5
[t+0s] alert#12 primary=advisory_clear conf=0.58 eta=9.4
[t+0s] alert#10 primary=advisory_clear conf=0.554 eta=9.4
[t+0s] alert#9 primary=confirmed_clear conf=0.473 eta=1.5
[t+0s] pipeline feed ready — waiting for Decide seed
[t+0s] alert#16 primary=advisory_clear conf=0.517 eta=1.5
[t+0s] alert#14 primary=advisory_clear conf=0.524 eta=1.5
[t+0s] alert#12 primary=advisory_clear conf=0.58 eta=9.4
[t+0s] alert#10 primary=advisory_clear conf=0.554 eta=9.4
[t+0s] alert#9 primary=confirmed_clear conf=0.473 eta=1.5
[t+0s] pipeline feed ready — waiting for Decide seed
[t+0s] alert#16 primary=advisory_clear conf=0.517 eta=1.5
[t+0s] alert#14 primary=advisory_clear conf=0.524 eta=1.5
[t+0s] alert#12 primary=advisory_clear conf=0.58 eta=9.4
[t+0s] alert#10 primary=advisory_clear conf=0.554 eta=9.4
[t+0s] alert#9 primary=confirmed_clear conf=0.473 eta=1.5
[t+0s] pipeline feed ready — waiting for Decide seed
[t+0s] alert#16 primary=advisory_clear conf=0.517 eta=1.5
[t+0s] alert#14 primary=advisory_clear conf=0.524 eta=1.5
[t+0s] alert#12 primary=advisory_clear conf=0.58 eta=9.4
[t+0s] alert#10 primary=advisory_clear conf=0.554 eta=9.4
[t+0s] alert#9 primary=confirmed_clear conf=0.473 eta=1.5
[t+0s] pipeline feed ready — waiting for Decide seed
[t+0s] alert#16 primary=advisory_clear conf=0.517 eta=1.5
[t+0s] alert#14 primary=advisory_clear conf=0.524 eta=1.5
[t+0s] alert#12 primary=advisory_clear conf=0.58 eta=9.4
[t+0s] alert#10 primary=advisory_clear conf=0.554 eta=9.4
[t+0s] alert#9 primary=confirmed_clear conf=0.473 eta=1.5
[t+0s] pipeline feed ready — waiting for Decide seed
[t+0s] alert#16 primary=advisory_clear conf=0.517 eta=1.5
[t+0s] alert#14 primary=advisory_clear conf=0.524 eta=1.5
[t+0s] alert#12 primary=advisory_clear conf=0.58 eta=9.4
[t+0s] alert#10 primary=advisory_clear conf=0.554 eta=9.4
[t+0s] alert#9 primary=confirmed_clear conf=0.473 eta=1.5
[t+0s] pipeline feed ready — waiting for Decide seed
[t+0s] alert#16 primary=advisory_clear conf=0.517 eta=1.5
[t+0s] alert#14 primary=advisory_clear conf=0.524 eta=1.5
[t+0s] alert#12 primary=advisory_clear conf=0.58 eta=9.4
[t+0s] alert#10 primary=advisory_clear conf=0.554 eta=9.4
[t+0s] alert#9 primary=confirmed_clear conf=0.473 eta=1.5
[t+0s] pipeline feed ready — waiting for Decide seed
[t+0s] alert#16 primary=advisory_clear conf=0.517 eta=1.5
[t+0s] alert#14 primary=advisory_clear conf=0.524 eta=1.5
[t+0s] alert#12 primary=advisory_clear conf=0.58 eta=9.4
[t+0s] alert#10 primary=advisory_clear conf=0.554 eta=9.4
[t+0s] alert#9 primary=confirmed_clear conf=0.473 eta=1.5
[t+0s] pipeline feed ready — waiting for Decide seed
[t+0s] alert#16 primary=advisory_clear conf=0.517 eta=1.5
[t+0s] alert#14 primary=advisory_clear conf=0.524 eta=1.5
[t+0s] alert#12 primary=advisory_clear conf=0.58 eta=9.4
[t+0s] alert#10 primary=advisory_clear conf=0.554 eta=9.4
[t+0s] alert#9 primary=confirmed_clear conf=0.473 eta=1.5
[t+0s] pipeline feed ready — waiting for Decide seed
[t+0s] alert#16 primary=advisory_clear conf=0.517 eta=1.5
[t+0s] alert#14 primary=advisory_clear conf=0.524 eta=1.5
[t+0s] alert#12 primary=advisory_clear conf=0.58 eta=9.4
[t+0s] alert#10 primary=advisory_clear conf=0.554 eta=9.4
[t+0s] alert#9 primary=confirmed_clear conf=0.473 eta=1.5
[t+0s] pipeline feed ready — waiting for Decide seed
[t+0s] alert#16 primary=advisory_clear conf=0.517 eta=1.5
[t+0s] alert#14 primary=advisory_clear conf=0.524 eta=1.5
[t+0s] alert#12 primary=advisory_clear conf=0.58 eta=9.4
[t+0s] alert#10 primary=advisory_clear conf=0.554 eta=9.4
[t+0s] alert#9 primary=confirmed_clear conf=0.473 eta=1.5
[t+0s] pipeline feed ready — waiting for Decide seed
[t+0s] alert#16 primary=advisory_clear conf=0.517 eta=1.5
[t+0s] alert#14 primary=advisory_clear conf=0.524 eta=1.5
[t+0s] alert#12 primary=advisory_clear conf=0.58 eta=9.4
[t+0s] alert#10 primary=advisory_clear conf=0.554 eta=9.4
[t+0s] alert#9 primary=confirmed_clear conf=0.473 eta=1.5
[t+0s] pipeline feed ready — waiting for Decide seed
[t+0s] alert#16 primary=advisory_clear conf=0.517 eta=1.5
[t+0s] alert#14 primary=advisory_clear conf=0.524 eta=1.5
[t+0s] alert#12 primary=advisory_clear conf=0.58 eta=9.4
[t+0s] alert#10 primary=advisory_clear conf=0.554 eta=9.4
[t+0s] alert#9 primary=confirmed_clear conf=0.473 eta=1.5
[t+0s] pipeline feed ready — waiting for Decide seed
[t+0s] alert#16 primary=advisory_clear conf=0.517 eta=1.5
[t+0s] alert#14 primary=advisory_clear conf=0.524 eta=1.5
[t+0s] alert#12 primary=advisory_clear conf=0.58 eta=9.4
[t+0s] alert#10 primary=advisory_clear conf=0.554 eta=9.4
[t+0s] alert#9 primary=confirmed_clear conf=0.473 eta=1.5
[t+0s] pipeline feed ready — waiting for Decide seed
[t+0s] alert#16 primary=advisory_clear conf=0.517 eta=1.5
[t+0s] alert#14 primary=advisory_clear conf=0.524 eta=1.5
[t+0s] alert#12 primary=advisory_clear conf=0.58 eta=9.4
[t+0s] alert#10 primary=advisory_clear conf=0.554 eta=9.4
[t+0s] alert#9 primary=confirmed_clear conf=0.473 eta=1.5
[t+0s] pipeline feed ready — waiting for Decide seed
[t+0s] alert#16 primary=advisory_clear conf=0.517 eta=1.5
[t+0s] alert#14 primary=advisory_clear conf=0.524 eta=1.5
[t+0s] alert#12 primary=advisory_clear conf=0.58 eta=9.4
[t+0s] alert#10 primary=advisory_clear conf=0.554 eta=9.4
[t+0s] alert#9 primary=confirmed_clear conf=0.473 eta=1.5
[t+0s] pipeline feed ready — waiting for Decide seed
[t+0s] alert#16 primary=advisory_clear conf=0.517 eta=1.5
[t+0s] alert#14 primary=advisory_clear conf=0.524 eta=1.5
[t+0s] alert#12 primary=advisory_clear conf=0.58 eta=9.4
[t+0s] alert#10 primary=advisory_clear conf=0.554 eta=9.4
[t+0s] alert#9 primary=confirmed_clear conf=0.473 eta=1.5
[t+0s] pipeline feed ready — waiting for Decide seed
[t+0s] alert#16 primary=advisory_clear conf=0.517 eta=1.5
[t+0s] alert#14 primary=advisory_clear conf=0.524 eta=1.5
[t+0s] alert#12 primary=advisory_clear conf=0.58 eta=9.4
[t+0s] alert#10 primary=advisory_clear conf=0.554 eta=9.4
[t+0s] alert#9 primary=confirmed_clear conf=0.473 eta=1.5
[t+0s] pipeline feed ready — waiting for Decide seed
[t+0s] alert#16 primary=advisory_clear conf=0.517 eta=1.5
[t+0s] alert#14 primary=advisory_clear conf=0.524 eta=1.5
[t+0s] alert#12 primary=advisory_clear conf=0.58 eta=9.4
[t+0s] alert#10 primary=advisory_clear conf=0.554 eta=9.4
[t+0s] alert#9 primary=confirmed_clear conf=0.473 eta=1.5
[t+0s] pipeline feed ready — waiting for Decide seed
[t+0s] alert#16 primary=advisory_clear conf=0.517 eta=1.5
[t+0s] alert#14 primary=advisory_clear conf=0.524 eta=1.5
[t+0s] alert#12 primary=advisory_clear conf=0.58 eta=9.4
[t+0s] alert#10 primary=advisory_clear conf=0.554 eta=9.4
[t+0s] alert#9 primary=confirmed_clear conf=0.473 eta=1.5
[t+0s] pipeline feed ready — waiting for Decide seed
[t+0s] alert#16 primary=advisory_clear conf=0.517 eta=1.5
[t+0s] alert#14 primary=advisory_clear conf=0.524 eta=1.5
[t+0s] alert#12 primary=advisory_clear conf=0.58 eta=9.4
[t+0s] alert#10 primary=advisory_clear conf=0.554 eta=9.4
[t+0s] alert#9 primary=confirmed_clear conf=0.473 eta=1.5
[t+0s] pipeline feed ready — waiting for Decide seed
[t+0s] alert#16 primary=advisory_clear conf=0.517 eta=1.5
[t+0s] alert#14 primary=advisory_clear conf=0.524 eta=1.5
[t+0s] alert#12 primary=advisory_clear conf=0.58 eta=9.4
[t+0s] alert#10 primary=advisory_clear conf=0.554 eta=9.4
[t+0s] alert#9 primary=confirmed_clear conf=0.473 eta=1.5
[t+0s] pipeline feed ready — waiting for Decide seed
[t+0s] alert#16 primary=advisory_clear conf=0.517 eta=1.5
[t+0s] alert#14 primary=advisory_clear conf=0.524 eta=1.5
[t+0s] alert#12 primary=advisory_clear conf=0.58 eta=9.4
[t+0s] alert#10 primary=advisory_clear conf=0.554 eta=9.4
[t+0s] alert#9 primary=confirmed_clear conf=0.473 eta=1.5
[t+0s] pipeline feed ready — waiting for Decide seed
[t+0s] alert#16 primary=advisory_clear conf=0.517 eta=1.5
[t+0s] alert#14 primary=advisory_clear conf=0.524 eta=1.5
[t+0s] alert#12 primary=advisory_clear conf=0.58 eta=9.4
[t+0s] alert#10 primary=advisory_clear conf=0.554 eta=9.4
[t+0s] alert#9 primary=confirmed_clear conf=0.473 eta=1.5
[t+0s] pipeline feed ready — waiting for Decide seed
[t+0s] alert#16 primary=advisory_clear conf=0.517 eta=1.5
[t+0s] alert#14 primary=advisory_clear conf=0.524 eta=1.5
[t+0s] alert#12 primary=advisory_clear conf=0.58 eta=9.4
[t+0s] alert#10 primary=advisory_clear conf=0.554 eta=9.4
[t+0s] alert#9 primary=confirmed_clear conf=0.473 eta=1.5
[t+0s] pipeline feed ready — waiting for Decide seed
[t+0s] alert#16 primary=advisory_clear conf=0.517 eta=1.5
[t+0s] alert#14 primary=advisory_clear conf=0.524 eta=1.5
[t+0s] alert#12 primary=advisory_clear conf=0.58 eta=9.4
[t+0s] alert#10 primary=advisory_clear conf=0.554 eta=9.4
[t+0s] alert#9 primary=confirmed_clear conf=0.473 eta=1.5
[t+0s] pipeline feed ready — waiting for Decide seed
[t+0s] alert#16 primary=advisory_clear conf=0.517 eta=1.5
[t+0s] alert#14 primary=advisory_clear conf=0.524 eta=1.5
[t+0s] alert#12 primary=advisory_clear conf=0.58 eta=9.4
[t+0s] alert#10 primary=advisory_clear conf=0.554 eta=9.4
[t+0s] alert#9 primary=confirmed_clear conf=0.473 eta=1.5
[t+0s] pipeline feed ready — waiting for Decide seed
[t+0s] alert#16 primary=advisory_clear conf=0.517 eta=1.5
[t+0s] alert#14 primary=advisory_clear conf=0.524 eta=1.5
[t+0s] alert#12 primary=advisory_clear conf=0.58 eta=9.4
[t+0s] alert#10 primary=advisory_clear conf=0.554 eta=9.4
[t+0s] alert#9 primary=confirmed_clear conf=0.473 eta=1.5
[t+0s] pipeline feed ready — waiting for Decide seed
[t+0s] alert#16 primary=advisory_clear conf=0.517 eta=1.5
[t+0s] alert#14 primary=advisory_clear conf=0.524 eta=1.5
[t+0s] alert#12 primary=advisory_clear conf=0.58 eta=9.4
[t+0s] alert#10 primary=advisory_clear conf=0.554 eta=9.4
[t+0s] alert#9 primary=confirmed_clear conf=0.473 eta=1.5
[t+0s] pipeline feed ready — waiting for Decide seed
[t+0s] alert#16 primary=advisory_clear conf=0.517 eta=1.5
[t+0s] alert#14 primary=advisory_clear conf=0.524 eta=1.5
[t+0s] alert#12 primary=advisory_clear conf=0.58 eta=9.4
[t+0s] alert#10 primary=advisory_clear conf=0.554 eta=9.4
[t+0s] alert#9 primary=confirmed_clear conf=0.473 eta=1.5
[t+0s] pipeline feed ready — waiting for Decide seed
[t+0s] alert#16 primary=advisory_clear conf=0.517 eta=1.5
[t+0s] alert#14 primary=advisory_clear conf=0.524 eta=1.5
[t+0s] alert#12 primary=advisory_clear conf=0.58 eta=9.4
[t+0s] alert#10 primary=advisory_clear conf=0.554 eta=9.4
[t+0s] alert#9 primary=confirmed_clear conf=0.473 eta=1.5
[t+0s] pipeline feed ready — waiting for Decide seed
[t+0s] alert#16 primary=advisory_clear conf=0.517 eta=1.5
[t+0s] alert#14 primary=advisory_clear conf=0.524 eta=1.5
[t+0s] alert#12 primary=advisory_clear conf=0.58 eta=9.4
[t+0s] alert#10 primary=advisory_clear conf=0.554 eta=9.4
[t+0s] alert#9 primary=confirmed_clear conf=0.473 eta=1.5
[t+0s] pipeline feed ready — waiting for Decide seed
[t+0s] alert#16 primary=advisory_clear conf=0.517 eta=1.5
[t+0s] alert#14 primary=advisory_clear conf=0.524 eta=1.5
[t+0s] alert#12 primary=advisory_clear conf=0.58 eta=9.4
[t+0s] alert#10 primary=advisory_clear conf=0.554 eta=9.4
[t+0s] alert#9 primary=confirmed_clear conf=0.473 eta=1.5
[t+0s] pipeline feed ready — waiting for Decide seed
[t+0s] alert#16 primary=advisory_clear conf=0.517 eta=1.5
[t+0s] alert#14 primary=advisory_clear conf=0.524 eta=1.5
[t+0s] alert#12 primary=advisory_clear conf=0.58 eta=9.4
[t+0s] alert#10 primary=advisory_clear conf=0.554 eta=9.4
[t+0s] alert#9 primary=confirmed_clear conf=0.473 eta=1.5
[t+0s] pipeline feed ready — waiting for Decide seed
[t+0s] alert#16 primary=advisory_clear conf=0.517 eta=1.5
[t+0s] alert#14 primary=advisory_clear conf=0.524 eta=1.5
[t+0s] alert#12 primary=advisory_clear conf=0.58 eta=9.4
[t+0s] alert#10 primary=advisory_clear conf=0.554 eta=9.4
[t+0s] alert#9 primary=confirmed_clear conf=0.473 eta=1.5
[t+0s] pipeline feed ready — waiting for Decide seed
[t+0s] alert#16 primary=advisory_clear conf=0.517 eta=1.5
[t+0s] alert#14 primary=advisory_clear conf=0.524 eta=1.5
[t+0s] alert#12 primary=advisory_clear conf=0.58 eta=9.4
[t+0s] alert#10 primary=advisory_clear conf=0.554 eta=9.4
[t+0s] alert#9 primary=confirmed_clear conf=0.473 eta=1.5
[t+0s] pipeline feed ready — waiting for Decide seed
[t+0s] alert#16 primary=advisory_clear conf=0.517 eta=1.5
[t+0s] alert#14 primary=advisory_clear conf=0.524 eta=1.5
[t+0s] alert#12 primary=advisory_clear conf=0.58 eta=9.4
[t+0s] alert#10 primary=advisory_clear conf=0.554 eta=9.4
[t+0s] alert#9 primary=confirmed_clear conf=0.473 eta=1.5
[t+0s] pipeline feed ready — waiting for Decide seed
[t+0s] alert#16 primary=advisory_clear conf=0.517 eta=1.5
[t+0s] alert#14 primary=advisory_clear conf=0.524 eta=1.5
[t+0s] alert#12 primary=advisory_clear conf=0.58 eta=9.4
[t+0s] alert#10 primary=advisory_clear conf=0.554 eta=9.4
[t+0s] alert#9 primary=confirmed_clear conf=0.473 eta=1.5
[t+0s] pipeline feed ready — waiting for Decide seed
[t+0s] alert#16 primary=advisory_clear conf=0.517 eta=1.5
[t+0s] alert#14 primary=advisory_clear conf=0.524 eta=1.5
[t+0s] alert#12 primary=advisory_clear conf=0.58 eta=9.4
[t+0s] alert#10 primary=advisory_clear conf=0.554 eta=9.4
[t+0s] alert#9 primary=confirmed_clear conf=0.473 eta=1.5
[t+0s] pipeline feed ready — waiting for Decide seed
[t+0s] alert#16 primary=advisory_clear conf=0.517 eta=1.5
[t+0s] alert#14 primary=advisory_clear conf=0.524 eta=1.5
[t+0s] alert#12 primary=advisory_clear conf=0.58 eta=9.4
[t+0s] alert#10 primary=advisory_clear conf=0.554 eta=9.4
[t+0s] alert#9 primary=confirmed_clear conf=0.473 eta=1.5
[t+0s] pipeline feed ready — waiting for Decide seed
[t+0s] alert#16 primary=advisory_clear conf=0.517 eta=1.5
[t+0s] alert#14 primary=advisory_clear conf=0.524 eta=1.5
[t+0s] alert#12 primary=advisory_clear conf=0.58 eta=9.4
[t+0s] alert#10 primary=advisory_clear conf=0.554 eta=9.4
[t+0s] alert#9 primary=confirmed_clear conf=0.473 eta=1.5
[t+0s] pipeline feed ready — waiting for Decide seed
[t+0s] alert#16 primary=advisory_clear conf=0.517 eta=1.5
[t+0s] alert#14 primary=advisory_clear conf=0.524 eta=1.5
[t+0s] alert#12 primary=advisory_clear conf=0.58 eta=9.4
[t+0s] alert#10 primary=advisory_clear conf=0.554 eta=9.4
[t+0s] alert#9 primary=confirmed_clear conf=0.473 eta=1.5
[t+0s] pipeline feed ready — waiting for Decide seed
[t+0s] alert#16 primary=advisory_clear conf=0.517 eta=1.5
[t+0s] alert#14 primary=advisory_clear conf=0.524 eta=1.5
[t+0s] alert#12 primary=advisory_clear conf=0.58 eta=9.4
[t+0s] alert#10 primary=advisory_clear conf=0.554 eta=9.4
[t+0s] alert#9 primary=confirmed_clear conf=0.473 eta=1.5
[t+0s] pipeline feed ready — waiting for Decide seed
[t+0s] alert#16 primary=advisory_clear conf=0.517 eta=1.5
[t+0s] alert#14 primary=advisory_clear conf=0.524 eta=1.5
[t+0s] alert#12 primary=advisory_clear conf=0.58 eta=9.4
[t+0s] alert#10 primary=advisory_clear conf=0.554 eta=9.4
[t+0s] alert#9 primary=confirmed_clear conf=0.473 eta=1.5
[t+0s] pipeline feed ready — waiting for Decide seed
[t+0s] alert#16 primary=advisory_clear conf=0.517 eta=1.5
[t+0s] alert#14 primary=advisory_clear conf=0.524 eta=1.5
[t+0s] alert#12 primary=advisory_clear conf=0.58 eta=9.4
[t+0s] alert#10 primary=advisory_clear conf=0.554 eta=9.4
[t+0s] alert#9 primary=confirmed_clear conf=0.473 eta=1.5
[t+0s] pipeline feed ready — waiting for Decide seed
[t+0s] alert#16 primary=advisory_clear conf=0.517 eta=1.5
[t+0s] alert#14 primary=advisory_clear conf=0.524 eta=1.5
[t+0s] alert#12 primary=advisory_clear conf=0.58 eta=9.4
[t+0s] alert#10 primary=advisory_clear conf=0.554 eta=9.4
[t+0s] alert#9 primary=confirmed_clear conf=0.473 eta=1.5
[t+0s] pipeline feed ready — waiting for Decide seed
[t+0s] alert#16 primary=advisory_clear conf=0.517 eta=1.5
[t+0s] alert#14 primary=advisory_clear conf=0.524 eta=1.5
[t+0s] alert#12 primary=advisory_clear conf=0.58 eta=9.4
[t+0s] alert#10 primary=advisory_clear conf=0.554 eta=9.4
[t+0s] alert#9 primary=confirmed_clear conf=0.473 eta=1.5
[t+0s] pipeline feed ready — waiting for Decide seed
[t+0s] alert#16 primary=advisory_clear conf=0.517 eta=1.5
[t+0s] alert#14 primary=advisory_clear conf=0.524 eta=1.5
[t+0s] alert#12 primary=advisory_clear conf=0.58 eta=9.4
[t+0s] alert#10 primary=advisory_clear conf=0.554 eta=9.4
[t+0s] alert#9 primary=confirmed_clear conf=0.473 eta=1.5
[t+0s] pipeline feed ready — waiting for Decide seed
[t+0s] alert#16 primary=advisory_clear conf=0.517 eta=1.5
[t+0s] alert#14 primary=advisory_clear conf=0.524 eta=1.5
[t+0s] alert#12 primary=advisory_clear conf=0.58 eta=9.4
[t+0s] alert#10 primary=advisory_clear conf=0.554 eta=9.4
[t+0s] alert#9 primary=confirmed_clear conf=0.473 eta=1.5
[t+0s] pipeline feed ready — waiting for Decide seed
[t+0s] alert#16 primary=advisory_clear conf=0.517 eta=1.5
[t+0s] alert#14 primary=advisory_clear conf=0.524 eta=1.5
[t+0s] alert#12 primary=advisory_clear conf=0.58 eta=9.4
[t+0s] alert#10 primary=advisory_clear conf=0.554 eta=9.4
[t+0s] alert#9 primary=confirmed_clear conf=0.473 eta=1.5
[t+0s] pipeline feed ready — waiting for Decide seed
[t+0s] alert#16 primary=advisory_clear conf=0.517 eta=1.5
[t+0s] alert#14 primary=advisory_clear conf=0.524 eta=1.5
[t+0s] alert#12 primary=advisory_clear conf=0.58 eta=9.4
[t+0s] alert#10 primary=advisory_clear conf=0.554 eta=9.4
[t+0s] alert#9 primary=confirmed_clear conf=0.473 eta=1.5
[t+0s] pipeline feed ready — waiting for Decide seed
[t+0s] alert#16 primary=advisory_clear conf=0.517 eta=1.5
[t+0s] alert#14 primary=advisory_clear conf=0.524 eta=1.5
[t+0s] alert#12 primary=advisory_clear conf=0.58 eta=9.4
[t+0s] alert#10 primary=advisory_clear conf=0.554 eta=9.4
[t+0s] alert#9 primary=confirmed_clear conf=0.473 eta=1.5
[t+0s] pipeline feed ready — waiting for Decide seed
[t+0s] alert#16 primary=advisory_clear conf=0.517 eta=1.5
[t+0s] alert#14 primary=advisory_clear conf=0.524 eta=1.5
[t+0s] alert#12 primary=advisory_clear conf=0.58 eta=9.4
[t+0s] alert#10 primary=advisory_clear conf=0.554 eta=9.4
[t+0s] alert#9 primary=confirmed_clear conf=0.473 eta=1.5
[t+0s] pipeline feed ready — waiting for Decide seed
[t+0s] alert#16 primary=advisory_clear conf=0.517 eta=1.5
[t+0s] alert#14 primary=advisory_clear conf=0.524 eta=1.5
[t+0s] alert#12 primary=advisory_clear conf=0.58 eta=9.4
[t+0s] alert#10 primary=advisory_clear conf=0.554 eta=9.4
[t+0s] alert#9 primary=confirmed_clear conf=0.473 eta=1.5
[t+0s] pipeline feed ready — waiting for Decide seed
[t+0s] alert#16 primary=advisory_clear conf=0.517 eta=1.5
[t+0s] alert#14 primary=advisory_clear conf=0.524 eta=1.5
[t+0s] alert#12 primary=advisory_clear conf=0.58 eta=9.4
[t+0s] alert#10 primary=advisory_clear conf=0.554 eta=9.4
[t+0s] alert#9 primary=confirmed_clear conf=0.473 eta=1.5
[t+0s] pipeline feed ready — waiting for Decide seed
[t+0s] alert#16 primary=advisory_clear conf=0.517 eta=1.5
[t+0s] alert#14 primary=advisory_clear conf=0.524 eta=1.5
[t+0s] alert#12 primary=advisory_clear conf=0.58 eta=9.4
[t+0s] alert#10 primary=advisory_clear conf=0.554 eta=9.4
[t+0s] alert#9 primary=confirmed_clear conf=0.473 eta=1.5
[t+0s] pipeline feed ready — waiting for Decide seed
[t+0s] alert#16 primary=advisory_clear conf=0.517 eta=1.5
[t+0s] alert#14 primary=advisory_clear conf=0.524 eta=1.5
[t+0s] alert#12 primary=advisory_clear conf=0.58 eta=9.4
[t+0s] alert#10 primary=advisory_clear conf=0.554 eta=9.4
[t+0s] alert#9 primary=confirmed_clear conf=0.473 eta=1.5
[t+0s] pipeline feed ready — waiting for Decide seed
[t+0s] alert#16 primary=advisory_clear conf=0.517 eta=1.5
[t+0s] alert#14 primary=advisory_clear conf=0.524 eta=1.5
[t+0s] alert#12 primary=advisory_clear conf=0.58 eta=9.4
[t+0s] alert#10 primary=advisory_clear conf=0.554 eta=9.4
[t+0s] alert#9 primary=confirmed_clear conf=0.473 eta=1.5
[t+0s] pipeline feed ready — waiting for Decide seed
[t+0s] alert#16 primary=advisory_clear conf=0.517 eta=1.5
[t+0s] alert#14 primary=advisory_clear conf=0.524 eta=1.5
[t+0s] alert#12 primary=advisory_clear conf=0.58 eta=9.4
[t+0s] alert#10 primary=advisory_clear conf=0.554 eta=9.4
[t+0s] alert#9 primary=confirmed_clear conf=0.473 eta=1.5
[t+0s] pipeline feed ready — waiting for Decide seed
[t+0s] alert#16 primary=advisory_clear conf=0.517 eta=1.5
[t+0s] alert#14 primary=advisory_clear conf=0.524 eta=1.5
[t+0s] alert#12 primary=advisory_clear conf=0.58 eta=9.4
[t+0s] alert#10 primary=advisory_clear conf=0.554 eta=9.4
[t+0s] alert#9 primary=confirmed_clear conf=0.473 eta=1.5
[t+0s] pipeline feed ready — waiting for Decide seed
[t+0s] alert#16 primary=advisory_clear conf=0.517 eta=1.5
[t+0s] alert#14 primary=advisory_clear conf=0.524 eta=1.5
[t+0s] alert#12 primary=advisory_clear conf=0.58 eta=9.4
[t+0s] alert#10 primary=advisory_clear conf=0.554 eta=9.4
[t+0s] alert#9 primary=confirmed_clear conf=0.473 eta=1.5
[t+0s] pipeline feed ready — waiting for Decide seed
[t+0s] alert#16 primary=advisory_clear conf=0.517 eta=1.5
[t+0s] alert#14 primary=advisory_clear conf=0.524 eta=1.5
[t+0s] alert#12 primary=advisory_clear conf=0.58 eta=9.4
[t+0s] alert#10 primary=advisory_clear conf=0.554 eta=9.4
[t+0s] alert#9 primary=confirmed_clear conf=0.473 eta=1.5
[t+0s] pipeline feed ready — waiting for Decide seed
[t+0s] alert#16 primary=advisory_clear conf=0.517 eta=1.5
[t+0s] alert#14 primary=advisory_clear conf=0.524 eta=1.5
[t+0s] alert#12 primary=advisory_clear conf=0.58 eta=9.4
[t+0s] alert#10 primary=advisory_clear conf=0.554 eta=9.4
[t+0s] alert#9 primary=confirmed_clear conf=0.473 eta=1.5
[t+0s] pipeline feed ready — waiting for Decide seed
[t+0s] alert#16 primary=advisory_clear conf=0.517 eta=1.5
[t+0s] alert#14 primary=advisory_clear conf=0.524 eta=1.5
[t+0s] alert#12 primary=advisory_clear conf=0.58 eta=9.4
[t+0s] alert#10 primary=advisory_clear conf=0.554 eta=9.4
[t+0s] alert#9 primary=confirmed_clear conf=0.473 eta=1.5
[t+0s] pipeline feed ready — waiting for Decide seed
[t+0s] alert#16 primary=advisory_clear conf=0.517 eta=1.5
[t+0s] alert#14 primary=advisory_clear conf=0.524 eta=1.5
[t+0s] alert#12 primary=advisory_clear conf=0.58 eta=9.4
[t+0s] alert#10 primary=advisory_clear conf=0.554 eta=9.4
[t+0s] alert#9 primary=confirmed_clear conf=0.473 eta=1.5
[t+0s] pipeline feed ready — waiting for Decide seed
[t+0s] alert#16 primary=advisory_clear conf=0.517 eta=1.5
[t+0s] alert#14 primary=advisory_clear conf=0.524 eta=1.5
[t+0s] alert#12 primary=advisory_clear conf=0.58 eta=9.4
[t+0s] alert#10 primary=advisory_clear conf=0.554 eta=9.4
[t+0s] alert#9 primary=confirmed_clear conf=0.473 eta=1.5
[t+0s] pipeline feed ready — waiting for Decide seed
[t+0s] alert#16 primary=advisory_clear conf=0.517 eta=1.5
[t+0s] alert#14 primary=advisory_clear conf=0.524 eta=1.5
[t+0s] alert#12 primary=advisory_clear conf=0.58 eta=9.4
[t+0s] alert#10 primary=advisory_clear conf=0.554 eta=9.4
[t+0s] alert#9 primary=confirmed_clear conf=0.473 eta=1.5
[t+0s] pipeline feed ready — waiting for Decide seed
[t+0s] alert#16 primary=advisory_clear conf=0.517 eta=1.5
[t+0s] alert#14 primary=advisory_clear conf=0.524 eta=1.5
[t+0s] alert#12 primary=advisory_clear conf=0.58 eta=9.4
[t+0s] alert#10 primary=advisory_clear conf=0.554 eta=9.4
[t+0s] alert#9 primary=confirmed_clear conf=0.473 eta=1.5
[t+0s] pipeline feed ready — waiting for Decide seed
[t+0s] alert#16 primary=advisory_clear conf=0.517 eta=1.5
[t+0s] alert#14 primary=advisory_clear conf=0.524 eta=1.5
[t+0s] alert#12 primary=advisory_clear conf=0.58 eta=9.4
[t+0s] alert#10 primary=advisory_clear conf=0.554 eta=9.4
[t+0s] alert#9 primary=confirmed_clear conf=0.473 eta=1.5
[t+0s] pipeline feed ready — waiting for Decide seed
[t+0s] alert#16 primary=advisory_clear conf=0.517 eta=1.5
[t+0s] alert#14 primary=advisory_clear conf=0.524 eta=1.5
[t+0s] alert#12 primary=advisory_clear conf=0.58 eta=9.4
[t+0s] alert#10 primary=advisory_clear conf=0.554 eta=9.4
[t+0s] alert#9 primary=confirmed_clear conf=0.473 eta=1.5
[t+0s] pipeline feed ready — waiting for Decide seed
[t+0s] alert#16 primary=advisory_clear conf=0.517 eta=1.5
[t+0s] alert#14 primary=advisory_clear conf=0.524 eta=1.5
[t+0s] alert#12 primary=advisory_clear conf=0.58 eta=9.4
[t+0s] alert#10 primary=advisory_clear conf=0.554 eta=9.4
[t+0s] alert#9 primary=confirmed_clear conf=0.473 eta=1.5
[t+0s] pipeline feed ready — waiting for Decide seed
[t+0s] alert#16 primary=advisory_clear conf=0.517 eta=1.5
[t+0s] alert#14 primary=advisory_clear conf=0.524 eta=1.5
[t+0s] alert#12 primary=advisory_clear conf=0.58 eta=9.4
[t+0s] alert#10 primary=advisory_clear conf=0.554 eta=9.4
[t+0s] alert#9 primary=confirmed_clear conf=0.473 eta=1.5
[t+0s] pipeline feed ready — waiting for Decide seed
[t+0s] alert#16 primary=advisory_clear conf=0.517 eta=1.5
[t+0s] alert#14 primary=advisory_clear conf=0.524 eta=1.5
[t+0s] alert#12 primary=advisory_clear conf=0.58 eta=9.4
[t+0s] alert#10 primary=advisory_clear conf=0.554 eta=9.4
[t+0s] alert#9 primary=confirmed_clear conf=0.473 eta=1.5
[t+0s] pipeline feed ready — waiting for Decide seed
[t+0s] alert#16 primary=advisory_clear conf=0.517 eta=1.5
[t+0s] alert#14 primary=advisory_clear conf=0.524 eta=1.5
[t+0s] alert#12 primary=advisory_clear conf=0.58 eta=9.4
[t+0s] alert#10 primary=advisory_clear conf=0.554 eta=9.4
[t+0s] alert#9 primary=confirmed_clear conf=0.473 eta=1.5
[t+0s] pipeline feed ready — waiting for Decide seed
[t+0s] alert#16 primary=advisory_clear conf=0.517 eta=1.5
[t+0s] alert#14 primary=advisory_clear conf=0.524 eta=1.5
[t+0s] alert#12 primary=advisory_clear conf=0.58 eta=9.4
[t+0s] alert#10 primary=advisory_clear conf=0.554 eta=9.4
[t+0s] alert#9 primary=confirmed_clear conf=0.473 eta=1.5
[t+0s] pipeline feed ready — waiting for Decide seed
[t+0s] alert#16 primary=advisory_clear conf=0.517 eta=1.5
[t+0s] alert#14 primary=advisory_clear conf=0.524 eta=1.5
[t+0s] alert#12 primary=advisory_clear conf=0.58 eta=9.4
[t+0s] alert#10 primary=advisory_clear conf=0.554 eta=9.4
[t+0s] alert#9 primary=confirmed_clear conf=0.473 eta=1.5
[t+0s] pipeline feed ready — waiting for Decide seed
[t+0s] alert#16 primary=advisory_clear conf=0.517 eta=1.5
[t+0s] alert#14 primary=advisory_clear conf=0.524 eta=1.5
[t+0s] alert#12 primary=advisory_clear conf=0.58 eta=9.4
[t+0s] alert#10 primary=advisory_clear conf=0.554 eta=9.4
[t+0s] alert#9 primary=confirmed_clear conf=0.473 eta=1.5
[t+0s] pipeline feed ready — waiting for Decide seed
[t+0s] alert#16 primary=advisory_clear conf=0.517 eta=1.5
[t+0s] alert#14 primary=advisory_clear conf=0.524 eta=1.5
[t+0s] alert#12 primary=advisory_clear conf=0.58 eta=9.4
[t+0s] alert#10 primary=advisory_clear conf=0.554 eta=9.4
[t+0s] alert#9 primary=confirmed_clear conf=0.473 eta=1.5
[t+0s] pipeline feed ready — waiting for Decide seed
[t+0s] alert#16 primary=advisory_clear conf=0.517 eta=1.5
[t+0s] alert#14 primary=advisory_clear conf=0.524 eta=1.5
[t+0s] alert#12 primary=advisory_clear conf=0.58 eta=9.4
[t+0s] alert#10 primary=advisory_clear conf=0.554 eta=9.4
[t+0s] alert#9 primary=confirmed_clear conf=0.473 eta=1.5
[t+0s] pipeline feed ready — waiting for Decide seed
[t+0s] alert#16 primary=advisory_clear conf=0.517 eta=1.5
[t+0s] alert#14 primary=advisory_clear conf=0.524 eta=1.5
[t+0s] alert#12 primary=advisory_clear conf=0.58 eta=9.4
[t+0s] alert#10 primary=advisory_clear conf=0.554 eta=9.4
[t+0s] alert#9 primary=confirmed_clear conf=0.473 eta=1.5
[t+0s] pipeline feed ready — waiting for Decide seed
[t+0s] alert#16 primary=advisory_clear conf=0.517 eta=1.5
[t+0s] alert#14 primary=advisory_clear conf=0.524 eta=1.5
[t+0s] alert#12 primary=advisory_clear conf=0.58 eta=9.4
[t+0s] alert#10 primary=advisory_clear conf=0.554 eta=9.4
[t+0s] alert#9 primary=confirmed_clear conf=0.473 eta=1.5
[t+0s] pipeline feed ready — waiting for Decide seed
[t+0s] alert#16 primary=advisory_clear conf=0.517 eta=1.5
[t+0s] alert#14 primary=advisory_clear conf=0.524 eta=1.5
[t+0s] alert#12 primary=advisory_clear conf=0.58 eta=9.4
[t+0s] alert#10 primary=advisory_clear conf=0.554 eta=9.4
[t+0s] alert#9 primary=confirmed_clear conf=0.473 eta=1.5
[t+0s] pipeline feed ready — waiting for Decide seed
[t+0s] alert#16 primary=advisory_clear conf=0.517 eta=1.5
[t+0s] alert#14 primary=advisory_clear conf=0.524 eta=1.5
[t+0s] alert#12 primary=advisory_clear conf=0.58 eta=9.4
[t+0s] alert#10 primary=advisory_clear conf=0.554 eta=9.4
[t+0s] alert#9 primary=confirmed_clear conf=0.473 eta=1.5
[t+0s] pipeline feed ready — waiting for Decide seed
[t+0s] alert#16 primary=advisory_clear conf=0.517 eta=1.5
[t+0s] alert#14 primary=advisory_clear conf=0.524 eta=1.5
[t+0s] alert#12 primary=advisory_clear conf=0.58 eta=9.4
[t+0s] alert#10 primary=advisory_clear conf=0.554 eta=9.4
[t+0s] alert#9 primary=confirmed_clear conf=0.473 eta=1.5
[t+0s] pipeline feed ready — waiting for Decide seed
[t+0s] alert#16 primary=advisory_clear conf=0.517 eta=1.5
[t+0s] alert#14 primary=advisory_clear conf=0.524 eta=1.5
[t+0s] alert#12 primary=advisory_clear conf=0.58 eta=9.4
[t+0s] alert#10 primary=advisory_clear conf=0.554 eta=9.4
[t+0s] alert#9 primary=confirmed_clear conf=0.473 eta=1.5
[t+0s] pipeline feed ready — waiting for Decide seed
[t+0s] alert#16 primary=advisory_clear conf=0.517 eta=1.5
[t+0s] alert#14 primary=advisory_clear conf=0.524 eta=1.5
[t+0s] alert#12 primary=advisory_clear conf=0.58 eta=9.4
[t+0s] alert#10 primary=advisory_clear conf=0.554 eta=9.4
[t+0s] alert#9 primary=confirmed_clear conf=0.473 eta=1.5
[t+0s] pipeline feed ready — waiting for Decide seed
[t+0s] alert#16 primary=advisory_clear conf=0.517 eta=1.5
[t+0s] alert#14 primary=advisory_clear conf=0.524 eta=1.5
[t+0s] alert#12 primary=advisory_clear conf=0.58 eta=9.4
[t+0s] alert#10 primary=advisory_clear conf=0.554 eta=9.4
[t+0s] alert#9 primary=confirmed_clear conf=0.473 eta=1.5
[t+0s] pipeline feed ready — waiting for Decide seed
[t+0s] alert#16 primary=advisory_clear conf=0.517 eta=1.5
[t+0s] alert#14 primary=advisory_clear conf=0.524 eta=1.5
[t+0s] alert#12 primary=advisory_clear conf=0.58 eta=9.4
[t+0s] alert#10 primary=advisory_clear conf=0.554 eta=9.4
[t+0s] alert#9 primary=confirmed_clear conf=0.473 eta=1.5
[t+0s] pipeline feed ready — waiting for Decide seed
[t+0s] alert#16 primary=advisory_clear conf=0.517 eta=1.5
[t+0s] alert#14 primary=advisory_clear conf=0.524 eta=1.5
[t+0s] alert#12 primary=advisory_clear conf=0.58 eta=9.4
[t+0s] alert#10 primary=advisory_clear conf=0.554 eta=9.4
[t+0s] alert#9 primary=confirmed_clear conf=0.473 eta=1.5
[t+0s] pipeline feed ready — waiting for Decide seed
[t+0s] alert#16 primary=advisory_clear conf=0.517 eta=1.5
[t+0s] alert#14 primary=advisory_clear conf=0.524 eta=1.5
[t+0s] alert#12 primary=advisory_clear conf=0.58 eta=9.4
[t+0s] alert#10 primary=advisory_clear conf=0.554 eta=9.4
[t+0s] alert#9 primary=confirmed_clear conf=0.473 eta=1.5
[t+0s] pipeline feed ready — waiting for Decide seed
[t+0s] alert#16 primary=advisory_clear conf=0.517 eta=1.5
[t+0s] alert#14 primary=advisory_clear conf=0.524 eta=1.5
[t+0s] alert#12 primary=advisory_clear conf=0.58 eta=9.4
[t+0s] alert#10 primary=advisory_clear conf=0.554 eta=9.4
[t+0s] alert#9 primary=confirmed_clear conf=0.473 eta=1.5
[t+0s] pipeline feed ready — waiting for Decide seed
[t+0s] alert#16 primary=advisory_clear conf=0.517 eta=1.5
[t+0s] alert#14 primary=advisory_clear conf=0.524 eta=1.5
[t+0s] alert#12 primary=advisory_clear conf=0.58 eta=9.4
[t+0s] alert#10 primary=advisory_clear conf=0.554 eta=9.4
[t+0s] alert#9 primary=confirmed_clear conf=0.473 eta=1.5
[t+0s] pipeline feed ready — waiting for Decide seed
[t+0s] alert#16 primary=advisory_clear conf=0.517 eta=1.5
[t+0s] alert#14 primary=advisory_clear conf=0.524 eta=1.5
[t+0s] alert#12 primary=advisory_clear conf=0.58 eta=9.4
[t+0s] alert#10 primary=advisory_clear conf=0.554 eta=9.4
[t+0s] alert#9 primary=confirmed_clear conf=0.473 eta=1.5
[t+0s] pipeline feed ready — waiting for Decide seed
[t+0s] alert#16 primary=advisory_clear conf=0.517 eta=1.5
[t+0s] alert#14 primary=advisory_clear conf=0.524 eta=1.5
[t+0s] alert#12 primary=advisory_clear conf=0.58 eta=9.4
[t+0s] alert#10 primary=advisory_clear conf=0.554 eta=9.4
[t+0s] alert#9 primary=confirmed_clear conf=0.473 eta=1.5
[t+0s] pipeline feed ready — waiting for Decide seed
[t+0s] alert#16 primary=advisory_clear conf=0.517 eta=1.5
[t+0s] alert#14 primary=advisory_clear conf=0.524 eta=1.5
[t+0s] alert#12 primary=advisory_clear conf=0.58 eta=9.4
[t+0s] alert#10 primary=advisory_clear conf=0.554 eta=9.4
[t+0s] alert#9 primary=confirmed_clear conf=0.473 eta=1.5
[t+0s] pipeline feed ready — waiting for Decide seed
[t+0s] alert#16 primary=advisory_clear conf=0.517 eta=1.5
[t+0s] alert#14 primary=advisory_clear conf=0.524 eta=1.5
[t+0s] alert#12 primary=advisory_clear conf=0.58 eta=9.4
[t+0s] alert#10 primary=advisory_clear conf=0.554 eta=9.4
[t+0s] alert#9 primary=confirmed_clear conf=0.473 eta=1.5
[t+0s] pipeline feed ready — waiting for Decide seed
[t+0s] alert#16 primary=advisory_clear conf=0.517 eta=1.5
[t+0s] alert#14 primary=advisory_clear conf=0.524 eta=1.5
[t+0s] alert#12 primary=advisory_clear conf=0.58 eta=9.4
[t+0s] alert#10 primary=advisory_clear conf=0.554 eta=9.4
[t+0s] alert#9 primary=confirmed_clear conf=0.473 eta=1.5
[t+0s] pipeline feed ready — waiting for Decide seed
[t+0s] alert#16 primary=advisory_clear conf=0.517 eta=1.5
[t+0s] alert#14 primary=advisory_clear conf=0.524 eta=1.5
[t+0s] alert#12 primary=advisory_clear conf=0.58 eta=9.4
[t+0s] alert#10 primary=advisory_clear conf=0.554 eta=9.4
[t+0s] alert#9 primary=confirmed_clear conf=0.473 eta=1.5
[t+0s] pipeline feed ready — waiting for Decide seed
[t+0s] alert#16 primary=advisory_clear conf=0.517 eta=1.5
[t+0s] alert#14 primary=advisory_clear conf=0.524 eta=1.5
[t+0s] alert#12 primary=advisory_clear conf=0.58 eta=9.4
[t+0s] alert#10 primary=advisory_clear conf=0.554 eta=9.4
[t+0s] alert#9 primary=confirmed_clear conf=0.473 eta=1.5
[t+0s] pipeline feed ready — waiting for Decide seed
[t+0s] alert#16 primary=advisory_clear conf=0.517 eta=1.5
[t+0s] alert#14 primary=advisory_clear conf=0.524 eta=1.5
[t+0s] alert#12 primary=advisory_clear conf=0.58 eta=9.4
[t+0s] alert#10 primary=advisory_clear conf=0.554 eta=9.4
[t+0s] alert#9 primary=confirmed_clear conf=0.473 eta=1.5
[t+0s] pipeline feed ready — waiting for Decide seed
[t+0s] alert#16 primary=advisory_clear conf=0.517 eta=1.5
[t+0s] alert#14 primary=advisory_clear conf=0.524 eta=1.5
[t+0s] alert#12 primary=advisory_clear conf=0.58 eta=9.4
[t+0s] alert#10 primary=advisory_clear conf=0.554 eta=9.4
[t+0s] alert#9 primary=confirmed_clear conf=0.473 eta=1.5
[t+0s] pipeline feed ready — waiting for Decide seed
[t+0s] alert#16 primary=advisory_clear conf=0.517 eta=1.5
[t+0s] alert#14 primary=advisory_clear conf=0.524 eta=1.5
[t+0s] alert#12 primary=advisory_clear conf=0.58 eta=9.4
[t+0s] alert#10 primary=advisory_clear conf=0.554 eta=9.4
[t+0s] alert#9 primary=confirmed_clear conf=0.473 eta=1.5
[t+0s] pipeline feed ready — waiting for Decide seed
[t+0s] alert#16 primary=advisory_clear conf=0.517 eta=1.5
[t+0s] alert#14 primary=advisory_clear conf=0.524 eta=1.5
[t+0s] alert#12 primary=advisory_clear conf=0.58 eta=9.4
[t+0s] alert#10 primary=advisory_clear conf=0.554 eta=9.4
[t+0s] alert#9 primary=confirmed_clear conf=0.473 eta=1.5
[t+0s] pipeline feed ready — waiting for Decide seed
[t+0s] alert#16 primary=advisory_clear conf=0.517 eta=1.5
[t+0s] alert#14 primary=advisory_clear conf=0.524 eta=1.5
[t+0s] alert#12 primary=advisory_clear conf=0.58 eta=9.4
[t+0s] alert#10 primary=advisory_clear conf=0.554 eta=9.4
[t+0s] alert#9 primary=confirmed_clear conf=0.473 eta=1.5
[t+0s] pipeline feed ready — waiting for Decide seed
[t+0s] alert#16 primary=advisory_clear conf=0.517 eta=1.5
[t+0s] alert#14 primary=advisory_clear conf=0.524 eta=1.5
[t+0s] alert#12 primary=advisory_clear conf=0.58 eta=9.4
[t+0s] alert#10 primary=advisory_clear conf=0.554 eta=9.4
[t+0s] alert#9 primary=confirmed_clear conf=0.473 eta=1.5
[t+0s] pipeline feed ready — waiting for Decide seed
[t+0s] alert#16 primary=advisory_clear conf=0.517 eta=1.5
[t+0s] alert#14 primary=advisory_clear conf=0.524 eta=1.5
[t+0s] alert#12 primary=advisory_clear conf=0.58 eta=9.4
[t+0s] alert#10 primary=advisory_clear conf=0.554 eta=9.4
[t+0s] alert#9 primary=confirmed_clear conf=0.473 eta=1.5
[t+0s] pipeline feed ready — waiting for Decide seed
[t+0s] alert#16 primary=advisory_clear conf=0.517 eta=1.5
[t+0s] alert#14 primary=advisory_clear conf=0.524 eta=1.5
[t+0s] alert#12 primary=advisory_clear conf=0.58 eta=9.4
[t+0s] alert#10 primary=advisory_clear conf=0.554 eta=9.4
[t+0s] alert#9 primary=confirmed_clear conf=0.473 eta=1.5
[t+0s] pipeline feed ready — waiting for Decide seed
[t+0s] alert#16 primary=advisory_clear conf=0.517 eta=1.5
[t+0s] alert#14 primary=advisory_clear conf=0.524 eta=1.5
[t+0s] alert#12 primary=advisory_clear conf=0.58 eta=9.4
[t+0s] alert#10 primary=advisory_clear conf=0.554 eta=9.4
[t+0s] alert#9 primary=confirmed_clear conf=0.473 eta=1.5
[t+0s] pipeline feed ready — waiting for Decide seed
[t+0s] alert#16 primary=advisory_clear conf=0.517 eta=1.5
[t+0s] alert#14 primary=advisory_clear conf=0.524 eta=1.5
[t+0s] alert#12 primary=advisory_clear conf=0.58 eta=9.4
[t+0s] alert#10 primary=advisory_clear conf=0.554 eta=9.4
[t+0s] alert#9 primary=confirmed_clear conf=0.473 eta=1.5
[t+0s] pipeline feed ready — waiting for Decide seed
[t+0s] alert#16 primary=advisory_clear conf=0.517 eta=1.5
[t+0s] alert#14 primary=advisory_clear conf=0.524 eta=1.5
[t+0s] alert#12 primary=advisory_clear conf=0.58 eta=9.4
[t+0s] alert#10 primary=advisory_clear conf=0.554 eta=9.4
[t+0s] alert#9 primary=confirmed_clear conf=0.473 eta=1.5
[t+0s] pipeline feed ready — waiting for Decide seed
[t+0s] alert#16 primary=advisory_clear conf=0.517 eta=1.5
[t+0s] alert#14 primary=advisory_clear conf=0.524 eta=1.5
[t+0s] alert#12 primary=advisory_clear conf=0.58 eta=9.4
[t+0s] alert#10 primary=advisory_clear conf=0.554 eta=9.4
[t+0s] alert#9 primary=confirmed_clear conf=0.473 eta=1.5
[t+0s] pipeline feed ready — waiting for Decide seed
[t+0s] alert#16 primary=advisory_clear conf=0.517 eta=1.5
[t+0s] alert#14 primary=advisory_clear conf=0.524 eta=1.5
[t+0s] alert#12 primary=advisory_clear conf=0.58 eta=9.4
[t+0s] alert#10 primary=advisory_clear conf=0.554 eta=9.4
[t+0s] alert#9 primary=confirmed_clear conf=0.473 eta=1.5
[t+0s] pipeline feed ready — waiting for Decide seed
[t+0s] alert#16 primary=advisory_clear conf=0.517 eta=1.5
[t+0s] alert#14 primary=advisory_clear conf=0.524 eta=1.5
[t+0s] alert#12 primary=advisory_clear conf=0.58 eta=9.4
[t+0s] alert#10 primary=advisory_clear conf=0.554 eta=9.4
[t+0s] alert#9 primary=confirmed_clear conf=0.473 eta=1.5
[t+0s] pipeline feed ready — waiting for Decide seed
[t+0s] alert#16 primary=advisory_clear conf=0.517 eta=1.5
[t+0s] alert#14 primary=advisory_clear conf=0.524 eta=1.5
[t+0s] alert#12 primary=advisory_clear conf=0.58 eta=9.4
[t+0s] alert#10 primary=advisory_clear conf=0.554 eta=9.4
[t+0s] alert#9 primary=confirmed_clear conf=0.473 eta=1.5
[t+0s] pipeline feed ready — waiting for Decide seed
[t+0s] alert#16 primary=advisory_clear conf=0.517 eta=1.5
[t+0s] alert#14 primary=advisory_clear conf=0.524 eta=1.5
[t+0s] alert#12 primary=advisory_clear conf=0.58 eta=9.4
[t+0s] alert#10 primary=advisory_clear conf=0.554 eta=9.4
[t+0s] alert#9 primary=confirmed_clear conf=0.473 eta=1.5
[t+0s] pipeline feed ready — waiting for Decide seed
[t+0s] alert#16 primary=advisory_clear conf=0.517 eta=1.5
[t+0s] alert#14 primary=advisory_clear conf=0.524 eta=1.5
[t+0s] alert#12 primary=advisory_clear conf=0.58 eta=9.4
[t+0s] alert#10 primary=advisory_clear conf=0.554 eta=9.4
[t+0s] alert#9 primary=confirmed_clear conf=0.473 eta=1.5
[t+0s] pipeline feed ready — waiting for Decide seed
[t+0s] alert#16 primary=advisory_clear conf=0.517 eta=1.5
[t+0s] alert#14 primary=advisory_clear conf=0.524 eta=1.5
[t+0s] alert#12 primary=advisory_clear conf=0.58 eta=9.4
[t+0s] alert#10 primary=advisory_clear conf=0.554 eta=9.4
[t+0s] alert#9 primary=confirmed_clear conf=0.473 eta=1.5
[t+0s] pipeline feed ready — waiting for Decide seed
[t+0s] alert#16 primary=advisory_clear conf=0.517 eta=1.5
[t+0s] alert#14 primary=advisory_clear conf=0.524 eta=1.5
[t+0s] alert#12 primary=advisory_clear conf=0.58 eta=9.4
[t+0s] alert#10 primary=advisory_clear conf=0.554 eta=9.4
[t+0s] alert#9 primary=confirmed_clear conf=0.473 eta=1.5
[t+0s] pipeline feed ready — waiting for Decide seed
[t+0s] alert#16 primary=advisory_clear conf=0.517 eta=1.5
[t+0s] alert#14 primary=advisory_clear conf=0.524 eta=1.5
[t+0s] alert#12 primary=advisory_clear conf=0.58 eta=9.4
[t+0s] alert#10 primary=advisory_clear conf=0.554 eta=9.4
[t+0s] alert#9 primary=confirmed_clear conf=0.473 eta=1.5
[t+0s] pipeline feed ready — waiting for Decide seed
[t+0s] alert#16 primary=advisory_clear conf=0.517 eta=1.5
[t+0s] alert#14 primary=advisory_clear conf=0.524 eta=1.5
[t+0s] alert#12 primary=advisory_clear conf=0.58 eta=9.4
[t+0s] alert#10 primary=advisory_clear conf=0.554 eta=9.4
[t+0s] alert#9 primary=confirmed_clear conf=0.473 eta=1.5
[t+0s] pipeline feed ready — waiting for Decide seed
[t+0s] alert#16 primary=advisory_clear conf=0.517 eta=1.5
[t+0s] alert#14 primary=advisory_clear conf=0.524 eta=1.5
[t+0s] alert#12 primary=advisory_clear conf=0.58 eta=9.4
[t+0s] alert#10 primary=advisory_clear conf=0.554 eta=9.4
[t+0s] alert#9 primary=confirmed_clear conf=0.473 eta=1.5
[t+0s] pipeline feed ready — waiting for Decide seed
[t+0s] alert#16 primary=advisory_clear conf=0.517 eta=1.5
[t+0s] alert#14 primary=advisory_clear conf=0.524 eta=1.5
[t+0s] alert#12 primary=advisory_clear conf=0.58 eta=9.4
[t+0s] alert#10 primary=advisory_clear conf=0.554 eta=9.4
[t+0s] alert#9 primary=confirmed_clear conf=0.473 eta=1.5
[t+0s] pipeline feed ready — waiting for Decide seed
[t+0s] alert#16 primary=advisory_clear conf=0.517 eta=1.5
[t+0s] alert#14 primary=advisory_clear conf=0.524 eta=1.5
[t+0s] alert#12 primary=advisory_clear conf=0.58 eta=9.4
[t+0s] alert#10 primary=advisory_clear conf=0.554 eta=9.4
[t+0s] alert#9 primary=confirmed_clear conf=0.473 eta=1.5
[t+0s] pipeline feed ready — waiting for Decide seed
[t+0s] alert#16 primary=advisory_clear conf=0.517 eta=1.5
[t+0s] alert#14 primary=advisory_clear conf=0.524 eta=1.5
[t+0s] alert#12 primary=advisory_clear conf=0.58 eta=9.4
[t+0s] alert#10 primary=advisory_clear conf=0.554 eta=9.4
[t+0s] alert#9 primary=confirmed_clear conf=0.473 eta=1.5
[t+0s] pipeline feed ready — waiting for Decide seed
[t+0s] alert#16 primary=advisory_clear conf=0.517 eta=1.5
[t+0s] alert#14 primary=advisory_clear conf=0.524 eta=1.5
[t+0s] alert#12 primary=advisory_clear conf=0.58 eta=9.4
[t+0s] alert#10 primary=advisory_clear conf=0.554 eta=9.4
[t+0s] alert#9 primary=confirmed_clear conf=0.473 eta=1.5
[t+0s] pipeline feed ready — waiting for Decide seed
[t+0s] alert#16 primary=advisory_clear conf=0.517 eta=1.5
[t+0s] alert#14 primary=advisory_clear conf=0.524 eta=1.5
[t+0s] alert#12 primary=advisory_clear conf=0.58 eta=9.4
[t+0s] alert#10 primary=advisory_clear conf=0.554 eta=9.4
[t+0s] alert#9 primary=confirmed_clear conf=0.473 eta=1.5
[t+0s] pipeline feed ready — waiting for Decide seed
[t+0s] alert#16 primary=advisory_clear conf=0.517 eta=1.5
[t+0s] alert#14 primary=advisory_clear conf=0.524 eta=1.5
[t+0s] alert#12 primary=advisory_clear conf=0.58 eta=9.4
[t+0s] alert#10 primary=advisory_clear conf=0.554 eta=9.4
[t+0s] alert#9 primary=confirmed_clear conf=0.473 eta=1.5
[t+0s] pipeline feed ready — waiting for Decide seed
[t+0s] alert#16 primary=advisory_clear conf=0.517 eta=1.5
[t+0s] alert#14 primary=advisory_clear conf=0.524 eta=1.5
[t+0s] alert#12 primary=advisory_clear conf=0.58 eta=9.4
[t+0s] alert#10 primary=advisory_clear conf=0.554 eta=9.4
[t+0s] alert#9 primary=confirmed_clear conf=0.473 eta=1.5
[t+0s] pipeline feed ready — waiting for Decide seed
[t+0s] alert#16 primary=advisory_clear conf=0.517 eta=1.5
[t+0s] alert#14 primary=advisory_clear conf=0.524 eta=1.5
[t+0s] alert#12 primary=advisory_clear conf=0.58 eta=9.4
[t+0s] alert#10 primary=advisory_clear conf=0.554 eta=9.4
[t+0s] alert#9 primary=confirmed_clear conf=0.473 eta=1.5
[t+0s] pipeline feed ready — waiting for Decide seed
[t+0s] alert#16 primary=advisory_clear conf=0.517 eta=1.5
[t+0s] alert#14 primary=advisory_clear conf=0.524 eta=1.5
[t+0s] alert#12 primary=advisory_clear conf=0.58 eta=9.4
[t+0s] alert#10 primary=advisory_clear conf=0.554 eta=9.4
[t+0s] alert#9 primary=confirmed_clear conf=0.473 eta=1.5
[t+0s] pipeline feed ready — waiting for Decide seed
[t+0s] alert#16 primary=advisory_clear conf=0.517 eta=1.5
[t+0s] alert#14 primary=advisory_clear conf=0.524 eta=1.5
[t+0s] alert#12 primary=advisory_clear conf=0.58 eta=9.4
[t+0s] alert#10 primary=advisory_clear conf=0.554 eta=9.4
[t+0s] alert#9 primary=confirmed_clear conf=0.473 eta=1.5
[t+0s] pipeline feed ready — waiting for Decide seed
[t+0s] alert#16 primary=advisory_clear conf=0.517 eta=1.5
[t+0s] alert#14 primary=advisory_clear conf=0.524 eta=1.5
[t+0s] alert#12 primary=advisory_clear conf=0.58 eta=9.4
[t+0s] alert#10 primary=advisory_clear conf=0.554 eta=9.4
[t+0s] alert#9 primary=confirmed_clear conf=0.473 eta=1.5
[t+0s] pipeline feed ready — waiting for Decide seed
[t+0s] alert#16 primary=advisory_clear conf=0.517 eta=1.5
[t+0s] alert#14 primary=advisory_clear conf=0.524 eta=1.5
[t+0s] alert#12 primary=advisory_clear conf=0.58 eta=9.4
[t+0s] alert#10 primary=advisory_clear conf=0.554 eta=9.4
[t+0s] alert#9 primary=confirmed_clear conf=0.473 eta=1.5
[t+0s] pipeline feed ready — waiting for Decide seed
[t+0s] alert#16 primary=advisory_clear conf=0.517 eta=1.5
[t+0s] alert#14 primary=advisory_clear conf=0.524 eta=1.5
[t+0s] alert#12 primary=advisory_clear conf=0.58 eta=9.4
[t+0s] alert#10 primary=advisory_clear conf=0.554 eta=9.4
[t+0s] alert#9 primary=confirmed_clear conf=0.473 eta=1.5
[t+0s] pipeline feed ready — waiting for Decide seed
[t+0s] alert#16 primary=advisory_clear conf=0.517 eta=1.5
[t+0s] alert#14 primary=advisory_clear conf=0.524 eta=1.5
[t+0s] alert#12 primary=advisory_clear conf=0.58 eta=9.4
[t+0s] alert#10 primary=advisory_clear conf=0.554 eta=9.4
[t+0s] alert#9 primary=confirmed_clear conf=0.473 eta=1.5
[t+0s] pipeline feed ready — waiting for Decide seed
[t+0s] alert#16 primary=advisory_clear conf=0.517 eta=1.5
[t+0s] alert#14 primary=advisory_clear conf=0.524 eta=1.5
[t+0s] alert#12 primary=advisory_clear conf=0.58 eta=9.4
[t+0s] alert#10 primary=advisory_clear conf=0.554 eta=9.4
[t+0s] alert#9 primary=confirmed_clear conf=0.473 eta=1.5
[t+0s] pipeline feed ready — waiting for Decide seed
[t+0s] alert#16 primary=advisory_clear conf=0.517 eta=1.5
[t+0s] alert#14 primary=advisory_clear conf=0.524 eta=1.5
[t+0s] alert#12 primary=advisory_clear conf=0.58 eta=9.4
[t+0s] alert#10 primary=advisory_clear conf=0.554 eta=9.4
[t+0s] alert#9 primary=confirmed_clear conf=0.473 eta=1.5
[t+0s] pipeline feed ready — waiting for Decide seed
[t+0s] alert#16 primary=advisory_clear conf=0.517 eta=1.5
[t+0s] alert#14 primary=advisory_clear conf=0.524 eta=1.5
[t+0s] alert#12 primary=advisory_clear conf=0.58 eta=9.4
[t+0s] alert#10 primary=advisory_clear conf=0.554 eta=9.4
[t+0s] alert#9 primary=confirmed_clear conf=0.473 eta=1.5
[t+0s] pipeline feed ready — waiting for Decide seed
[t+0s] alert#16 primary=advisory_clear conf=0.517 eta=1.5
[t+0s] alert#14 primary=advisory_clear conf=0.524 eta=1.5
[t+0s] alert#12 primary=advisory_clear conf=0.58 eta=9.4
[t+0s] alert#10 primary=advisory_clear conf=0.554 eta=9.4
[t+0s] alert#9 primary=confirmed_clear conf=0.473 eta=1.5
[t+0s] pipeline feed ready — waiting for Decide seed
[t+0s] alert#16 primary=advisory_clear conf=0.517 eta=1.5
[t+0s] alert#14 primary=advisory_clear conf=0.524 eta=1.5
[t+0s] alert#12 primary=advisory_clear conf=0.58 eta=9.4
[t+0s] alert#10 primary=advisory_clear conf=0.554 eta=9.4
[t+0s] alert#9 primary=confirmed_clear conf=0.473 eta=1.5
[t+0s] pipeline feed ready — waiting for Decide seed
[t+0s] alert#16 primary=advisory_clear conf=0.517 eta=1.5
[t+0s] alert#14 primary=advisory_clear conf=0.524 eta=1.5
[t+0s] alert#12 primary=advisory_clear conf=0.58 eta=9.4
[t+0s] alert#10 primary=advisory_clear conf=0.554 eta=9.4
[t+0s] alert#9 primary=confirmed_clear conf=0.473 eta=1.5
[t+0s] pipeline feed ready — waiting for Decide seed
[t+0s] alert#16 primary=advisory_clear conf=0.517 eta=1.5
[t+0s] alert#14 primary=advisory_clear conf=0.524 eta=1.5
[t+0s] alert#12 primary=advisory_clear conf=0.58 eta=9.4
[t+0s] alert#10 primary=advisory_clear conf=0.554 eta=9.4
[t+0s] alert#9 primary=confirmed_clear conf=0.473 eta=1.5
[t+0s] pipeline feed ready — waiting for Decide seed
[t+0s] alert#16 primary=advisory_clear conf=0.517 eta=1.5
[t+0s] alert#14 primary=advisory_clear conf=0.524 eta=1.5
[t+0s] alert#12 primary=advisory_clear conf=0.58 eta=9.4
[t+0s] alert#10 primary=advisory_clear conf=0.554 eta=9.4
[t+0s] alert#9 primary=confirmed_clear conf=0.473 eta=1.5
[t+0s] pipeline feed ready — waiting for Decide seed
[t+0s] alert#16 primary=advisory_clear conf=0.517 eta=1.5
[t+0s] alert#14 primary=advisory_clear conf=0.524 eta=1.5
[t+0s] alert#12 primary=advisory_clear conf=0.58 eta=9.4
[t+0s] alert#10 primary=advisory_clear conf=0.554 eta=9.4
[t+0s] alert#9 primary=confirmed_clear conf=0.473 eta=1.5
[t+0s] pipeline feed ready — waiting for Decide seed
[t+0s] alert#16 primary=advisory_clear conf=0.517 eta=1.5
[t+0s] alert#14 primary=advisory_clear conf=0.524 eta=1.5
[t+0s] alert#12 primary=advisory_clear conf=0.58 eta=9.4
[t+0s] alert#10 primary=advisory_clear conf=0.554 eta=9.4
[t+0s] alert#9 primary=confirmed_clear conf=0.473 eta=1.5
[t+0s] pipeline feed ready — waiting for Decide seed
[t+0s] alert#16 primary=advisory_clear conf=0.517 eta=1.5
[t+0s] alert#14 primary=advisory_clear conf=0.524 eta=1.5
[t+0s] alert#12 primary=advisory_clear conf=0.58 eta=9.4
[t+0s] alert#10 primary=advisory_clear conf=0.554 eta=9.4
[t+0s] alert#9 primary=confirmed_clear conf=0.473 eta=1.5
[t+0s] pipeline feed ready — waiting for Decide seed
[t+0s] alert#16 primary=advisory_clear conf=0.517 eta=1.5
[t+0s] alert#14 primary=advisory_clear conf=0.524 eta=1.5
[t+0s] alert#12 primary=advisory_clear conf=0.58 eta=9.4
[t+0s] alert#10 primary=advisory_clear conf=0.554 eta=9.4
[t+0s] alert#9 primary=confirmed_clear conf=0.473 eta=1.5
[t+0s] pipeline feed ready — waiting for Decide seed
[t+0s] alert#16 primary=advisory_clear conf=0.517 eta=1.5
[t+0s] alert#14 primary=advisory_clear conf=0.524 eta=1.5
[t+0s] alert#12 primary=advisory_clear conf=0.58 eta=9.4
[t+0s] alert#10 primary=advisory_clear conf=0.554 eta=9.4
[t+0s] alert#9 primary=confirmed_clear conf=0.473 eta=1.5
[t+0s] pipeline feed ready — waiting for Decide seed
[t+0s] alert#16 primary=advisory_clear conf=0.517 eta=1.5
[t+0s] alert#14 primary=advisory_clear conf=0.524 eta=1.5
[t+0s] alert#12 primary=advisory_clear conf=0.58 eta=9.4
[t+0s] alert#10 primary=advisory_clear conf=0.554 eta=9.4
[t+0s] alert#9 primary=confirmed_clear conf=0.473 eta=1.5
[t+0s] pipeline feed ready — waiting for Decide seed
[t+0s] alert#16 primary=advisory_clear conf=0.517 eta=1.5
[t+0s] alert#14 primary=advisory_clear conf=0.524 eta=1.5
[t+0s] alert#12 primary=advisory_clear conf=0.58 eta=9.4
[t+0s] alert#10 primary=advisory_clear conf=0.554 eta=9.4
[t+0s] alert#9 primary=confirmed_clear conf=0.473 eta=1.5
[t+0s] pipeline feed ready — waiting for Decide seed
[t+0s] alert#16 primary=advisory_clear conf=0.517 eta=1.5
[t+0s] alert#14 primary=advisory_clear conf=0.524 eta=1.5
[t+0s] alert#12 primary=advisory_clear conf=0.58 eta=9.4
[t+0s] alert#10 primary=advisory_clear conf=0.554 eta=9.4
[t+0s] alert#9 primary=confirmed_clear conf=0.473 eta=1.5
[t+0s] pipeline feed ready — waiting for Decide seed
[t+0s] alert#16 primary=advisory_clear conf=0.517 eta=1.5
[t+0s] alert#14 primary=advisory_clear conf=0.524 eta=1.5
[t+0s] alert#12 primary=advisory_clear conf=0.58 eta=9.4
[t+0s] alert#10 primary=advisory_clear conf=0.554 eta=9.4
[t+0s] alert#9 primary=confirmed_clear conf=0.473 eta=1.5
[t+0s] pipeline feed ready — waiting for Decide seed
[t+0s] alert#16 primary=advisory_clear conf=0.517 eta=1.5
[t+0s] alert#14 primary=advisory_clear conf=0.524 eta=1.5
[t+0s] alert#12 primary=advisory_clear conf=0.58 eta=9.4
[t+0s] alert#10 primary=advisory_clear conf=0.554 eta=9.4
[t+0s] alert#9 primary=confirmed_clear conf=0.473 eta=1.5
[t+0s] pipeline feed ready — waiting for Decide seed
[t+0s] alert#16 primary=advisory_clear conf=0.517 eta=1.5
[t+0s] alert#14 primary=advisory_clear conf=0.524 eta=1.5
[t+0s] alert#12 primary=advisory_clear conf=0.58 eta=9.4
[t+0s] alert#10 primary=advisory_clear conf=0.554 eta=9.4
[t+0s] alert#9 primary=confirmed_clear conf=0.473 eta=1.5
[t+0s] pipeline feed ready — waiting for Decide seed
[t+0s] alert#16 primary=advisory_clear conf=0.517 eta=1.5
[t+0s] alert#14 primary=advisory_clear conf=0.524 eta=1.5
[t+0s] alert#12 primary=advisory_clear conf=0.58 eta=9.4
[t+0s] alert#10 primary=advisory_clear conf=0.554 eta=9.4
[t+0s] alert#9 primary=confirmed_clear conf=0.473 eta=1.5
[t+0s] pipeline feed ready — waiting for Decide seed
[t+0s] alert#16 primary=advisory_clear conf=0.517 eta=1.5
[t+0s] alert#14 primary=advisory_clear conf=0.524 eta=1.5
[t+0s] alert#12 primary=advisory_clear conf=0.58 eta=9.4
[t+0s] alert#10 primary=advisory_clear conf=0.554 eta=9.4
[t+0s] alert#9 primary=confirmed_clear conf=0.473 eta=1.5
[t+0s] pipeline feed ready — waiting for Decide seed
[t+0s] alert#16 primary=advisory_clear conf=0.517 eta=1.5
[t+0s] alert#14 primary=advisory_clear conf=0.524 eta=1.5
[t+0s] alert#12 primary=advisory_clear conf=0.58 eta=9.4
[t+0s] alert#10 primary=advisory_clear conf=0.554 eta=9.4
[t+0s] alert#9 primary=confirmed_clear conf=0.473 eta=1.5
[t+0s] pipeline feed ready — waiting for Decide seed
[t+0s] alert#16 primary=advisory_clear conf=0.517 eta=1.5
[t+0s] alert#14 primary=advisory_clear conf=0.524 eta=1.5
[t+0s] alert#12 primary=advisory_clear conf=0.58 eta=9.4
[t+0s] alert#10 primary=advisory_clear conf=0.554 eta=9.4
[t+0s] alert#9 primary=confirmed_clear conf=0.473 eta=1.5
[t+0s] pipeline feed ready — waiting for Decide seed
[t+0s] alert#16 primary=advisory_clear conf=0.517 eta=1.5
[t+0s] alert#14 primary=advisory_clear conf=0.524 eta=1.5
[t+0s] alert#12 primary=advisory_clear conf=0.58 eta=9.4
[t+0s] alert#10 primary=advisory_clear conf=0.554 eta=9.4
[t+0s] alert#9 primary=confirmed_clear conf=0.473 eta=1.5
[t+0s] pipeline feed ready — waiting for Decide seed
[t+0s] alert#16 primary=advisory_clear conf=0.517 eta=1.5
[t+0s] alert#14 primary=advisory_clear conf=0.524 eta=1.5
[t+0s] alert#12 primary=advisory_clear conf=0.58 eta=9.4
[t+0s] alert#10 primary=advisory_clear conf=0.554 eta=9.4
[t+0s] alert#9 primary=confirmed_clear conf=0.473 eta=1.5
[t+0s] pipeline feed ready — waiting for Decide seed
[t+0s] alert#16 primary=advisory_clear conf=0.517 eta=1.5
[t+0s] alert#14 primary=advisory_clear conf=0.524 eta=1.5
[t+0s] alert#12 primary=advisory_clear conf=0.58 eta=9.4
[t+0s] alert#10 primary=advisory_clear conf=0.554 eta=9.4
[t+0s] alert#9 primary=confirmed_clear conf=0.473 eta=1.5
[t+0s] pipeline feed ready — waiting for Decide seed
[t+0s] alert#16 primary=advisory_clear conf=0.517 eta=1.5
[t+0s] alert#14 primary=advisory_clear conf=0.524 eta=1.5
[t+0s] alert#12 primary=advisory_clear conf=0.58 eta=9.4
[t+0s] alert#10 primary=advisory_clear conf=0.554 eta=9.4
[t+0s] alert#9 primary=confirmed_clear conf=0.473 eta=1.5
[t+0s] pipeline feed ready — waiting for Decide seed
[t+0s] alert#16 primary=advisory_clear conf=0.517 eta=1.5
[t+0s] alert#14 primary=advisory_clear conf=0.524 eta=1.5
[t+0s] alert#12 primary=advisory_clear conf=0.58 eta=9.4
[t+0s] alert#10 primary=advisory_clear conf=0.554 eta=9.4
[t+0s] alert#9 primary=confirmed_clear conf=0.473 eta=1.5
[t+0s] pipeline feed ready — waiting for Decide seed
[t+0s] alert#16 primary=advisory_clear conf=0.517 eta=1.5
[t+0s] alert#14 primary=advisory_clear conf=0.524 eta=1.5
[t+0s] alert#12 primary=advisory_clear conf=0.58 eta=9.4
[t+0s] alert#10 primary=advisory_clear conf=0.554 eta=9.4
[t+0s] alert#9 primary=confirmed_clear conf=0.473 eta=1.5
[t+0s] pipeline feed ready — waiting for Decide seed
[t+0s] alert#16 primary=advisory_clear conf=0.517 eta=1.5
[t+0s] alert#14 primary=advisory_clear conf=0.524 eta=1.5
[t+0s] alert#12 primary=advisory_clear conf=0.58 eta=9.4
[t+0s] alert#10 primary=advisory_clear conf=0.554 eta=9.4
[t+0s] alert#9 primary=confirmed_clear conf=0.473 eta=1.5
[t+0s] pipeline feed ready — waiting for Decide seed
[t+0s] alert#16 primary=advisory_clear conf=0.517 eta=1.5
[t+0s] alert#14 primary=advisory_clear conf=0.524 eta=1.5
[t+0s] alert#12 primary=advisory_clear conf=0.58 eta=9.4
[t+0s] alert#10 primary=advisory_clear conf=0.554 eta=9.4
[t+0s] alert#9 primary=confirmed_clear conf=0.473 eta=1.5
[t+0s] pipeline feed ready — waiting for Decide seed
[t+0s] alert#16 primary=advisory_clear conf=0.517 eta=1.5
[t+0s] alert#14 primary=advisory_clear conf=0.524 eta=1.5
[t+0s] alert#12 primary=advisory_clear conf=0.58 eta=9.4
[t+0s] alert#10 primary=advisory_clear conf=0.554 eta=9.4
[t+0s] alert#9 primary=confirmed_clear conf=0.473 eta=1.5
[t+0s] pipeline feed ready — waiting for Decide seed
[t+0s] alert#16 primary=advisory_clear conf=0.517 eta=1.5
[t+0s] alert#14 primary=advisory_clear conf=0.524 eta=1.5
[t+0s] alert#12 primary=advisory_clear conf=0.58 eta=9.4
[t+0s] alert#10 primary=advisory_clear conf=0.554 eta=9.4
[t+0s] alert#9 primary=confirmed_clear conf=0.473 eta=1.5
[t+0s] pipeline feed ready — waiting for Decide seed
[t+0s] alert#16 primary=advisory_clear conf=0.517 eta=1.5
[t+0s] alert#14 primary=advisory_clear conf=0.524 eta=1.5
[t+0s] alert#12 primary=advisory_clear conf=0.58 eta=9.4
[t+0s] alert#10 primary=advisory_clear conf=0.554 eta=9.4
[t+0s] alert#9 primary=confirmed_clear conf=0.473 eta=1.5
[t+0s] pipeline feed ready — waiting for Decide seed
[t+0s] alert#16 primary=advisory_clear conf=0.517 eta=1.5
[t+0s] alert#14 primary=advisory_clear conf=0.524 eta=1.5
[t+0s] alert#12 primary=advisory_clear conf=0.58 eta=9.4
[t+0s] alert#10 primary=advisory_clear conf=0.554 eta=9.4
[t+0s] alert#9 primary=confirmed_clear conf=0.473 eta=1.5
[t+0s] pipeline feed ready — waiting for Decide seed
[t+0s] alert#16 primary=advisory_clear conf=0.517 eta=1.5
[t+0s] alert#14 primary=advisory_clear conf=0.524 eta=1.5
[t+0s] alert#12 primary=advisory_clear conf=0.58 eta=9.4
[t+0s] alert#10 primary=advisory_clear conf=0.554 eta=9.4
[t+0s] alert#9 primary=confirmed_clear conf=0.473 eta=1.5
[t+0s] pipeline feed ready — waiting for Decide seed
[t+0s] alert#16 primary=advisory_clear conf=0.517 eta=1.5
[t+0s] alert#14 primary=advisory_clear conf=0.524 eta=1.5
[t+0s] alert#12 primary=advisory_clear conf=0.58 eta=9.4
[t+0s] alert#10 primary=advisory_clear conf=0.554 eta=9.4
[t+0s] alert#9 primary=confirmed_clear conf=0.473 eta=1.5
[t+0s] pipeline feed ready — waiting for Decide seed
[t+0s] alert#16 primary=advisory_clear conf=0.517 eta=1.5
[t+0s] alert#14 primary=advisory_clear conf=0.524 eta=1.5
[t+0s] alert#12 primary=advisory_clear conf=0.58 eta=9.4
[t+0s] alert#10 primary=advisory_clear conf=0.554 eta=9.4
[t+0s] alert#9 primary=confirmed_clear conf=0.473 eta=1.5
[t+0s] pipeline feed ready — waiting for Decide seed
[t+0s] alert#16 primary=advisory_clear conf=0.517 eta=1.5
[t+0s] alert#14 primary=advisory_clear conf=0.524 eta=1.5
[t+0s] alert#12 primary=advisory_clear conf=0.58 eta=9.4
[t+0s] alert#10 primary=advisory_clear conf=0.554 eta=9.4
[t+0s] alert#9 primary=confirmed_clear conf=0.473 eta=1.5
[t+0s] pipeline feed ready — waiting for Decide seed
[t+0s] alert#16 primary=advisory_clear conf=0.517 eta=1.5
[t+0s] alert#14 primary=advisory_clear conf=0.524 eta=1.5
[t+0s] alert#12 primary=advisory_clear conf=0.58 eta=9.4
[t+0s] alert#10 primary=advisory_clear conf=0.554 eta=9.4
[t+0s] alert#9 primary=confirmed_clear conf=0.473 eta=1.5
[t+0s] pipeline feed ready — waiting for Decide seed
[t+0s] alert#16 primary=advisory_clear conf=0.517 eta=1.5
[t+0s] alert#14 primary=advisory_clear conf=0.524 eta=1.5
[t+0s] alert#12 primary=advisory_clear conf=0.58 eta=9.4
[t+0s] alert#10 primary=advisory_clear conf=0.554 eta=9.4
[t+0s] alert#9 primary=confirmed_clear conf=0.473 eta=1.5
[t+0s] pipeline feed ready — waiting for Decide seed
[t+0s] alert#16 primary=advisory_clear conf=0.517 eta=1.5
[t+0s] alert#14 primary=advisory_clear conf=0.524 eta=1.5
[t+0s] alert#12 primary=advisory_clear conf=0.58 eta=9.4
[t+0s] alert#10 primary=advisory_clear conf=0.554 eta=9.4
[t+0s] alert#9 primary=confirmed_clear conf=0.473 eta=1.5
[t+0s] pipeline feed ready — waiting for Decide seed
[t+0s] alert#16 primary=advisory_clear conf=0.517 eta=1.5
[t+0s] alert#14 primary=advisory_clear conf=0.524 eta=1.5
[t+0s] alert#12 primary=advisory_clear conf=0.58 eta=9.4
[t+0s] alert#10 primary=advisory_clear conf=0.554 eta=9.4
[t+0s] alert#9 primary=confirmed_clear conf=0.473 eta=1.5
[t+0s] pipeline feed ready — waiting for Decide seed
[t+0s] alert#16 primary=advisory_clear conf=0.517 eta=1.5
[t+0s] alert#14 primary=advisory_clear conf=0.524 eta=1.5
[t+0s] alert#12 primary=advisory_clear conf=0.58 eta=9.4
[t+0s] alert#10 primary=advisory_clear conf=0.554 eta=9.4
[t+0s] alert#9 primary=confirmed_clear conf=0.473 eta=1.5
[t+0s] pipeline feed ready — waiting for Decide seed
[t+0s] alert#16 primary=advisory_clear conf=0.517 eta=1.5
[t+0s] alert#14 primary=advisory_clear conf=0.524 eta=1.5
[t+0s] alert#12 primary=advisory_clear conf=0.58 eta=9.4
[t+0s] alert#10 primary=advisory_clear conf=0.554 eta=9.4
[t+0s] alert#9 primary=confirmed_clear conf=0.473 eta=1.5
[t+0s] pipeline feed ready — waiting for Decide seed
[t+0s] alert#16 primary=advisory_clear conf=0.517 eta=1.5
[t+0s] alert#14 primary=advisory_clear conf=0.524 eta=1.5
[t+0s] alert#12 primary=advisory_clear conf=0.58 eta=9.4
[t+0s] alert#10 primary=advisory_clear conf=0.554 eta=9.4
[t+0s] alert#9 primary=confirmed_clear conf=0.473 eta=1.5
[t+0s] pipeline feed ready — waiting for Decide seed
[t+0s] alert#16 primary=advisory_clear conf=0.517 eta=1.5
[t+0s] alert#14 primary=advisory_clear conf=0.524 eta=1.5
[t+0s] alert#12 primary=advisory_clear conf=0.58 eta=9.4
[t+0s] alert#10 primary=advisory_clear conf=0.554 eta=9.4
[t+0s] alert#9 primary=confirmed_clear conf=0.473 eta=1.5
[t+0s] pipeline feed ready — waiting for Decide seed
[t+0s] alert#16 primary=advisory_clear conf=0.517 eta=1.5
[t+0s] alert#14 primary=advisory_clear conf=0.524 eta=1.5
[t+0s] alert#12 primary=advisory_clear conf=0.58 eta=9.4
[t+0s] alert#10 primary=advisory_clear conf=0.554 eta=9.4
[t+0s] alert#9 primary=confirmed_clear conf=0.473 eta=1.5
[t+0s] pipeline feed ready — waiting for Decide seed
[t+0s] alert#16 primary=advisory_clear conf=0.517 eta=1.5
[t+0s] alert#14 primary=advisory_clear conf=0.524 eta=1.5
[t+0s] alert#12 primary=advisory_clear conf=0.58 eta=9.4
[t+0s] alert#10 primary=advisory_clear conf=0.554 eta=9.4
[t+0s] alert#9 primary=confirmed_clear conf=0.473 eta=1.5
[t+0s] pipeline feed ready — waiting for Decide seed
[t+0s] alert#16 primary=advisory_clear conf=0.517 eta=1.5
[t+0s] alert#14 primary=advisory_clear conf=0.524 eta=1.5
[t+0s] alert#12 primary=advisory_clear conf=0.58 eta=9.4
[t+0s] alert#10 primary=advisory_clear conf=0.554 eta=9.4
[t+0s] alert#9 primary=confirmed_clear conf=0.473 eta=1.5
[t+0s] pipeline feed ready — waiting for Decide seed
[t+0s] alert#16 primary=advisory_clear conf=0.517 eta=1.5
[t+0s] alert#14 primary=advisory_clear conf=0.524 eta=1.5
[t+0s] alert#12 primary=advisory_clear conf=0.58 eta=9.4
[t+0s] alert#10 primary=advisory_clear conf=0.554 eta=9.4
[t+0s] alert#9 primary=confirmed_clear conf=0.473 eta=1.5
[t+0s] pipeline feed ready — waiting for Decide seed
[t+0s] alert#16 primary=advisory_clear conf=0.517 eta=1.5
[t+0s] alert#14 primary=advisory_clear conf=0.524 eta=1.5
[t+0s] alert#12 primary=advisory_clear conf=0.58 eta=9.4
[t+0s] alert#10 primary=advisory_clear conf=0.554 eta=9.4
[t+0s] alert#9 primary=confirmed_clear conf=0.473 eta=1.5
[t+0s] pipeline feed ready — waiting for Decide seed
[t+0s] alert#16 primary=advisory_clear conf=0.517 eta=1.5
[t+0s] alert#14 primary=advisory_clear conf=0.524 eta=1.5
[t+0s] alert#12 primary=advisory_clear conf=0.58 eta=9.4
[t+0s] alert#10 primary=advisory_clear conf=0.554 eta=9.4
[t+0s] alert#9 primary=confirmed_clear conf=0.473 eta=1.5
[t+0s] pipeline feed ready — waiting for Decide seed
[t+0s] alert#16 primary=advisory_clear conf=0.517 eta=1.5
[t+0s] alert#14 primary=advisory_clear conf=0.524 eta=1.5
[t+0s] alert#12 primary=advisory_clear conf=0.58 eta=9.4
[t+0s] alert#10 primary=advisory_clear conf=0.554 eta=9.4
[t+0s] alert#9 primary=confirmed_clear conf=0.473 eta=1.5
[t+0s] pipeline feed ready — waiting for Decide seed
[t+0s] alert#16 primary=advisory_clear conf=0.517 eta=1.5
[t+0s] alert#14 primary=advisory_clear conf=0.524 eta=1.5
[t+0s] alert#12 primary=advisory_clear conf=0.58 eta=9.4
[t+0s] alert#10 primary=advisory_clear conf=0.554 eta=9.4
[t+0s] alert#9 primary=confirmed_clear conf=0.473 eta=1.5
[t+0s] pipeline feed ready — waiting for Decide seed
[t+0s] alert#16 primary=advisory_clear conf=0.517 eta=1.5
[t+0s] alert#14 primary=advisory_clear conf=0.524 eta=1.5
[t+0s] alert#12 primary=advisory_clear conf=0.58 eta=9.4
[t+0s] alert#10 primary=advisory_clear conf=0.554 eta=9.4
[t+0s] alert#9 primary=confirmed_clear conf=0.473 eta=1.5
[t+0s] pipeline feed ready — waiting for Decide seed
[t+0s] alert#16 primary=advisory_clear conf=0.517 eta=1.5
[t+0s] alert#14 primary=advisory_clear conf=0.524 eta=1.5
[t+0s] alert#12 primary=advisory_clear conf=0.58 eta=9.4
[t+0s] alert#10 primary=advisory_clear conf=0.554 eta=9.4
[t+0s] alert#9 primary=confirmed_clear conf=0.473 eta=1.5
[t+0s] pipeline feed ready — waiting for Decide seed
[t+0s] alert#16 primary=advisory_clear conf=0.517 eta=1.5
[t+0s] alert#14 primary=advisory_clear conf=0.524 eta=1.5
[t+0s] alert#12 primary=advisory_clear conf=0.58 eta=9.4
[t+0s] alert#10 primary=advisory_clear conf=0.554 eta=9.4
[t+0s] alert#9 primary=confirmed_clear conf=0.473 eta=1.5
[t+0s] pipeline feed ready — waiting for Decide seed
[t+0s] alert#16 primary=advisory_clear conf=0.517 eta=1.5
[t+0s] alert#14 primary=advisory_clear conf=0.524 eta=1.5
[t+0s] alert#12 primary=advisory_clear conf=0.58 eta=9.4
[t+0s] alert#10 primary=advisory_clear conf=0.554 eta=9.4
[t+0s] alert#9 primary=confirmed_clear conf=0.473 eta=1.5
[t+0s] pipeline feed ready — waiting for Decide seed
[t+0s] alert#16 primary=advisory_clear conf=0.517 eta=1.5
[t+0s] alert#14 primary=advisory_clear conf=0.524 eta=1.5
[t+0s] alert#12 primary=advisory_clear conf=0.58 eta=9.4
[t+0s] alert#10 primary=advisory_clear conf=0.554 eta=9.4
[t+0s] alert#9 primary=confirmed_clear conf=0.473 eta=1.5
[t+0s] pipeline feed ready — waiting for Decide seed
[t+0s] alert#16 primary=advisory_clear conf=0.517 eta=1.5
[t+0s] alert#14 primary=advisory_clear conf=0.524 eta=1.5
[t+0s] alert#12 primary=advisory_clear conf=0.58 eta=9.4
[t+0s] alert#10 primary=advisory_clear conf=0.554 eta=9.4
[t+0s] alert#9 primary=confirmed_clear conf=0.473 eta=1.5
[t+0s] pipeline feed ready — waiting for Decide seed
[t+0s] alert#16 primary=advisory_clear conf=0.517 eta=1.5
[t+0s] alert#14 primary=advisory_clear conf=0.524 eta=1.5
[t+0s] alert#12 primary=advisory_clear conf=0.58 eta=9.4
[t+0s] alert#10 primary=advisory_clear conf=0.554 eta=9.4
[t+0s] alert#9 primary=confirmed_clear conf=0.473 eta=1.5
[t+0s] pipeline feed ready — waiting for Decide seed
[t+0s] alert#16 primary=advisory_clear conf=0.517 eta=1.5
[t+0s] alert#14 primary=advisory_clear conf=0.524 eta=1.5
[t+0s] alert#12 primary=advisory_clear conf=0.58 eta=9.4
[t+0s] alert#10 primary=advisory_clear conf=0.554 eta=9.4
[t+0s] alert#9 primary=confirmed_clear conf=0.473 eta=1.5
[t+0s] pipeline feed ready — waiting for Decide seed
[t+0s] alert#16 primary=advisory_clear conf=0.517 eta=1.5
[t+0s] alert#14 primary=advisory_clear conf=0.524 eta=1.5
[t+0s] alert#12 primary=advisory_clear conf=0.58 eta=9.4
[t+0s] alert#10 primary=advisory_clear conf=0.554 eta=9.4
[t+0s] alert#9 primary=confirmed_clear conf=0.473 eta=1.5
[t+0s] pipeline feed ready — waiting for Decide seed
[t+0s] alert#16 primary=advisory_clear conf=0.517 eta=1.5
[t+0s] alert#14 primary=advisory_clear conf=0.524 eta=1.5
[t+0s] alert#12 primary=advisory_clear conf=0.58 eta=9.4
[t+0s] alert#10 primary=advisory_clear conf=0.554 eta=9.4
[t+0s] alert#9 primary=confirmed_clear conf=0.473 eta=1.5
[t+0s] pipeline feed ready — waiting for Decide seed
[t+0s] alert#16 primary=advisory_clear conf=0.517 eta=1.5
[t+0s] alert#14 primary=advisory_clear conf=0.524 eta=1.5
[t+0s] alert#12 primary=advisory_clear conf=0.58 eta=9.4
[t+0s] alert#10 primary=advisory_clear conf=0.554 eta=9.4
[t+0s] alert#9 primary=confirmed_clear conf=0.473 eta=1.5
[t+0s] pipeline feed ready — waiting for Decide seed
[t+0s] alert#16 primary=advisory_clear conf=0.517 eta=1.5
[t+0s] alert#14 primary=advisory_clear conf=0.524 eta=1.5
[t+0s] alert#12 primary=advisory_clear conf=0.58 eta=9.4
[t+0s] alert#10 primary=advisory_clear conf=0.554 eta=9.4
[t+0s] alert#9 primary=confirmed_clear conf=0.473 eta=1.5
[t+0s] pipeline feed ready — waiting for Decide seed
[t+0s] alert#16 primary=advisory_clear conf=0.517 eta=1.5
[t+0s] alert#14 primary=advisory_clear conf=0.524 eta=1.5
[t+0s] alert#12 primary=advisory_clear conf=0.58 eta=9.4
[t+0s] alert#10 primary=advisory_clear conf=0.554 eta=9.4
[t+0s] alert#9 primary=confirmed_clear conf=0.473 eta=1.5
[t+0s] pipeline feed ready — waiting for Decide seed
[t+0s] alert#16 primary=advisory_clear conf=0.517 eta=1.5
[t+0s] alert#14 primary=advisory_clear conf=0.524 eta=1.5
[t+0s] alert#12 primary=advisory_clear conf=0.58 eta=9.4
[t+0s] alert#10 primary=advisory_clear conf=0.554 eta=9.4
[t+0s] alert#9 primary=confirmed_clear conf=0.473 eta=1.5
[t+0s] pipeline feed ready — waiting for Decide seed
[t+0s] alert#16 primary=advisory_clear conf=0.517 eta=1.5
[t+0s] alert#14 primary=advisory_clear conf=0.524 eta=1.5
[t+0s] alert#12 primary=advisory_clear conf=0.58 eta=9.4
[t+0s] alert#10 primary=advisory_clear conf=0.554 eta=9.4
[t+0s] alert#9 primary=confirmed_clear conf=0.473 eta=1.5
[t+0s] pipeline feed ready — waiting for Decide seed
[t+0s] alert#16 primary=advisory_clear conf=0.517 eta=1.5
[t+0s] alert#14 primary=advisory_clear conf=0.524 eta=1.5
[t+0s] alert#12 primary=advisory_clear conf=0.58 eta=9.4
[t+0s] alert#10 primary=advisory_clear conf=0.554 eta=9.4
[t+0s] alert#9 primary=confirmed_clear conf=0.473 eta=1.5
[t+0s] pipeline feed ready — waiting for Decide seed
[t+0s] alert#16 primary=advisory_clear conf=0.517 eta=1.5
[t+0s] alert#14 primary=advisory_clear conf=0.524 eta=1.5
[t+0s] alert#12 primary=advisory_clear conf=0.58 eta=9.4
[t+0s] alert#10 primary=advisory_clear conf=0.554 eta=9.4
[t+0s] alert#9 primary=confirmed_clear conf=0.473 eta=1.5
[t+0s] pipeline feed ready — waiting for Decide seed
[t+0s] alert#16 primary=advisory_clear conf=0.517 eta=1.5
[t+0s] alert#14 primary=advisory_clear conf=0.524 eta=1.5
[t+0s] alert#12 primary=advisory_clear conf=0.58 eta=9.4
[t+0s] alert#10 primary=advisory_clear conf=0.554 eta=9.4
[t+0s] alert#9 primary=confirmed_clear conf=0.473 eta=1.5
[t+0s] pipeline feed ready — waiting for Decide seed
[t+0s] alert#16 primary=advisory_clear conf=0.517 eta=1.5
[t+0s] alert#14 primary=advisory_clear conf=0.524 eta=1.5
[t+0s] alert#12 primary=advisory_clear conf=0.58 eta=9.4
[t+0s] alert#10 primary=advisory_clear conf=0.554 eta=9.4
[t+0s] alert#9 primary=confirmed_clear conf=0.473 eta=1.5
[t+0s] pipeline feed ready — waiting for Decide seed
[t+0s] alert#16 primary=advisory_clear conf=0.517 eta=1.5
[t+0s] alert#14 primary=advisory_clear conf=0.524 eta=1.5
[t+0s] alert#12 primary=advisory_clear conf=0.58 eta=9.4
[t+0s] alert#10 primary=advisory_clear conf=0.554 eta=9.4
[t+0s] alert#9 primary=confirmed_clear conf=0.473 eta=1.5
[t+0s] pipeline feed ready — waiting for Decide seed
[t+0s] alert#16 primary=advisory_clear conf=0.517 eta=1.5
[t+0s] alert#14 primary=advisory_clear conf=0.524 eta=1.5
[t+0s] alert#12 primary=advisory_clear conf=0.58 eta=9.4
[t+0s] alert#10 primary=advisory_clear conf=0.554 eta=9.4
[t+0s] alert#9 primary=confirmed_clear conf=0.473 eta=1.5
[t+0s] pipeline feed ready — waiting for Decide seed
[t+0s] alert#16 primary=advisory_clear conf=0.517 eta=1.5
[t+0s] alert#14 primary=advisory_clear conf=0.524 eta=1.5
[t+0s] alert#12 primary=advisory_clear conf=0.58 eta=9.4
[t+0s] alert#10 primary=advisory_clear conf=0.554 eta=9.4
[t+0s] alert#9 primary=confirmed_clear conf=0.473 eta=1.5
[t+0s] pipeline feed ready — waiting for Decide seed
[t+0s] alert#16 primary=advisory_clear conf=0.517 eta=1.5
[t+0s] alert#14 primary=advisory_clear conf=0.524 eta=1.5
[t+0s] alert#12 primary=advisory_clear conf=0.58 eta=9.4
[t+0s] alert#10 primary=advisory_clear conf=0.554 eta=9.4
[t+0s] alert#9 primary=confirmed_clear conf=0.473 eta=1.5
[t+0s] pipeline feed ready — waiting for Decide seed
[t+0s] alert#16 primary=advisory_clear conf=0.517 eta=1.5
[t+0s] alert#14 primary=advisory_clear conf=0.524 eta=1.5
[t+0s] alert#12 primary=advisory_clear conf=0.58 eta=9.4
[t+0s] alert#10 primary=advisory_clear conf=0.554 eta=9.4
[t+0s] alert#9 primary=confirmed_clear conf=0.473 eta=1.5
[t+0s] pipeline feed ready — waiting for Decide seed
[t+0s] alert#16 primary=advisory_clear conf=0.517 eta=1.5
[t+0s] alert#14 primary=advisory_clear conf=0.524 eta=1.5
[t+0s] alert#12 primary=advisory_clear conf=0.58 eta=9.4
[t+0s] alert#10 primary=advisory_clear conf=0.554 eta=9.4
[t+0s] alert#9 primary=confirmed_clear conf=0.473 eta=1.5
[t+0s] pipeline feed ready — waiting for Decide seed
[t+0s] alert#16 primary=advisory_clear conf=0.517 eta=1.5
[t+0s] alert#14 primary=advisory_clear conf=0.524 eta=1.5
[t+0s] alert#12 primary=advisory_clear conf=0.58 eta=9.4
[t+0s] alert#10 primary=advisory_clear conf=0.554 eta=9.4
[t+0s] alert#9 primary=confirmed_clear conf=0.473 eta=1.5
[t+0s] pipeline feed ready — waiting for Decide seed
[t+0s] alert#16 primary=advisory_clear conf=0.517 eta=1.5
[t+0s] alert#14 primary=advisory_clear conf=0.524 eta=1.5
[t+0s] alert#12 primary=advisory_clear conf=0.58 eta=9.4
[t+0s] alert#10 primary=advisory_clear conf=0.554 eta=9.4
[t+0s] alert#9 primary=confirmed_clear conf=0.473 eta=1.5
[t+0s] pipeline feed ready — waiting for Decide seed
[t+0s] alert#16 primary=advisory_clear conf=0.517 eta=1.5
[t+0s] alert#14 primary=advisory_clear conf=0.524 eta=1.5
[t+0s] alert#12 primary=advisory_clear conf=0.58 eta=9.4
[t+0s] alert#10 primary=advisory_clear conf=0.554 eta=9.4
[t+0s] alert#9 primary=confirmed_clear conf=0.473 eta=1.5
[t+0s] pipeline feed ready — waiting for Decide seed
[t+0s] alert#16 primary=advisory_clear conf=0.517 eta=1.5
[t+0s] alert#14 primary=advisory_clear conf=0.524 eta=1.5
[t+0s] alert#12 primary=advisory_clear conf=0.58 eta=9.4
[t+0s] alert#10 primary=advisory_clear conf=0.554 eta=9.4
[t+0s] alert#9 primary=confirmed_clear conf=0.473 eta=1.5
[t+0s] pipeline feed ready — waiting for Decide seed
[t+0s] alert#16 primary=advisory_clear conf=0.517 eta=1.5
[t+0s] alert#14 primary=advisory_clear conf=0.524 eta=1.5
[t+0s] alert#12 primary=advisory_clear conf=0.58 eta=9.4
[t+0s] alert#10 primary=advisory_clear conf=0.554 eta=9.4
[t+0s] alert#9 primary=confirmed_clear conf=0.473 eta=1.5
[t+0s] pipeline feed ready — waiting for Decide seed
[t+0s] alert#16 primary=advisory_clear conf=0.517 eta=1.5
[t+0s] alert#14 primary=advisory_clear conf=0.524 eta=1.5
[t+0s] alert#12 primary=advisory_clear conf=0.58 eta=9.4
[t+0s] alert#10 primary=advisory_clear conf=0.554 eta=9.4
[t+0s] alert#9 primary=confirmed_clear conf=0.473 eta=1.5
[t+0s] pipeline feed ready — waiting for Decide seed
[t+0s] alert#16 primary=advisory_clear conf=0.517 eta=1.5
[t+0s] alert#14 primary=advisory_clear conf=0.524 eta=1.5
[t+0s] alert#12 primary=advisory_clear conf=0.58 eta=9.4
[t+0s] alert#10 primary=advisory_clear conf=0.554 eta=9.4
[t+0s] alert#9 primary=confirmed_clear conf=0.473 eta=1.5
[t+0s] pipeline feed ready — waiting for Decide seed
[t+0s] alert#16 primary=advisory_clear conf=0.517 eta=1.5
[t+0s] alert#14 primary=advisory_clear conf=0.524 eta=1.5
[t+0s] alert#12 primary=advisory_clear conf=0.58 eta=9.4
[t+0s] alert#10 primary=advisory_clear conf=0.554 eta=9.4
[t+0s] alert#9 primary=confirmed_clear conf=0.473 eta=1.5
[t+0s] pipeline feed ready — waiting for Decide seed
[t+0s] alert#16 primary=advisory_clear conf=0.517 eta=1.5
[t+0s] alert#14 primary=advisory_clear conf=0.524 eta=1.5
[t+0s] alert#12 primary=advisory_clear conf=0.58 eta=9.4
[t+0s] alert#10 primary=advisory_clear conf=0.554 eta=9.4
[t+0s] alert#9 primary=confirmed_clear conf=0.473 eta=1.5
[t+0s] pipeline feed ready — waiting for Decide seed
[t+0s] alert#16 primary=advisory_clear conf=0.517 eta=1.5
[t+0s] alert#14 primary=advisory_clear conf=0.524 eta=1.5
[t+0s] alert#12 primary=advisory_clear conf=0.58 eta=9.4
[t+0s] alert#10 primary=advisory_clear conf=0.554 eta=9.4
[t+0s] alert#9 primary=confirmed_clear conf=0.473 eta=1.5
[t+0s] pipeline feed ready — waiting for Decide seed
[t+0s] alert#16 primary=advisory_clear conf=0.517 eta=1.5
[t+0s] alert#14 primary=advisory_clear conf=0.524 eta=1.5
[t+0s] alert#12 primary=advisory_clear conf=0.58 eta=9.4
[t+0s] alert#10 primary=advisory_clear conf=0.554 eta=9.4
[t+0s] alert#9 primary=confirmed_clear conf=0.473 eta=1.5
[t+0s] pipeline feed ready — waiting for Decide seed
[t+0s] alert#16 primary=advisory_clear conf=0.517 eta=1.5
[t+0s] alert#14 primary=advisory_clear conf=0.524 eta=1.5
[t+0s] alert#12 primary=advisory_clear conf=0.58 eta=9.4
[t+0s] alert#10 primary=advisory_clear conf=0.554 eta=9.4
[t+0s] alert#9 primary=confirmed_clear conf=0.473 eta=1.5
[t+0s] pipeline feed ready — waiting for Decide seed
[t+0s] alert#16 primary=advisory_clear conf=0.517 eta=1.5
[t+0s] alert#14 primary=advisory_clear conf=0.524 eta=1.5
[t+0s] alert#12 primary=advisory_clear conf=0.58 eta=9.4
[t+0s] alert#10 primary=advisory_clear conf=0.554 eta=9.4
[t+0s] alert#9 primary=confirmed_clear conf=0.473 eta=1.5
[t+0s] pipeline feed ready — waiting for Decide seed
[t+0s] alert#16 primary=advisory_clear conf=0.517 eta=1.5
[t+0s] alert#14 primary=advisory_clear conf=0.524 eta=1.5
[t+0s] alert#12 primary=advisory_clear conf=0.58 eta=9.4
[t+0s] alert#10 primary=advisory_clear conf=0.554 eta=9.4
[t+0s] alert#9 primary=confirmed_clear conf=0.473 eta=1.5
[t+0s] pipeline feed ready — waiting for Decide seed
[t+0s] alert#16 primary=advisory_clear conf=0.517 eta=1.5
[t+0s] alert#14 primary=advisory_clear conf=0.524 eta=1.5
[t+0s] alert#12 primary=advisory_clear conf=0.58 eta=9.4
[t+0s] alert#10 primary=advisory_clear conf=0.554 eta=9.4
[t+0s] alert#9 primary=confirmed_clear conf=0.473 eta=1.5
[t+0s] pipeline feed ready — waiting for Decide seed
[t+0s] alert#16 primary=advisory_clear conf=0.517 eta=1.5
[t+0s] alert#14 primary=advisory_clear conf=0.524 eta=1.5
[t+0s] alert#12 primary=advisory_clear conf=0.58 eta=9.4
[t+0s] alert#10 primary=advisory_clear conf=0.554 eta=9.4
[t+0s] alert#9 primary=confirmed_clear conf=0.473 eta=1.5
[t+0s] pipeline feed ready — waiting for Decide seed
[t+0s] alert#16 primary=advisory_clear conf=0.517 eta=1.5
[t+0s] alert#14 primary=advisory_clear conf=0.524 eta=1.5
[t+0s] alert#12 primary=advisory_clear conf=0.58 eta=9.4
[t+0s] alert#10 primary=advisory_clear conf=0.554 eta=9.4
[t+0s] alert#9 primary=confirmed_clear conf=0.473 eta=1.5
[t+0s] pipeline feed ready — waiting for Decide seed
[t+0s] alert#16 primary=advisory_clear conf=0.517 eta=1.5
[t+0s] alert#14 primary=advisory_clear conf=0.524 eta=1.5
[t+0s] alert#12 primary=advisory_clear conf=0.58 eta=9.4
[t+0s] alert#10 primary=advisory_clear conf=0.554 eta=9.4
[t+0s] alert#9 primary=confirmed_clear conf=0.473 eta=1.5
[t+0s] pipeline feed ready — waiting for Decide seed
[t+0s] alert#16 primary=advisory_clear conf=0.517 eta=1.5
[t+0s] alert#14 primary=advisory_clear conf=0.524 eta=1.5
[t+0s] alert#12 primary=advisory_clear conf=0.58 eta=9.4
[t+0s] alert#10 primary=advisory_clear conf=0.554 eta=9.4
[t+0s] alert#9 primary=confirmed_clear conf=0.473 eta=1.5
[t+0s] pipeline feed ready — waiting for Decide seed
[t+0s] alert#16 primary=advisory_clear conf=0.517 eta=1.5
[t+0s] alert#14 primary=advisory_clear conf=0.524 eta=1.5
[t+0s] alert#12 primary=advisory_clear conf=0.58 eta=9.4
[t+0s] alert#10 primary=advisory_clear conf=0.554 eta=9.4
[t+0s] alert#9 primary=confirmed_clear conf=0.473 eta=1.5
[t+0s] pipeline feed ready — waiting for Decide seed
[t+0s] alert#16 primary=advisory_clear conf=0.517 eta=1.5
[t+0s] alert#14 primary=advisory_clear conf=0.524 eta=1.5
[t+0s] alert#12 primary=advisory_clear conf=0.58 eta=9.4
[t+0s] alert#10 primary=advisory_clear conf=0.554 eta=9.4
[t+0s] alert#9 primary=confirmed_clear conf=0.473 eta=1.5
[t+0s] pipeline feed ready — waiting for Decide seed
[t+0s] alert#16 primary=advisory_clear conf=0.517 eta=1.5
[t+0s] alert#14 primary=advisory_clear conf=0.524 eta=1.5
[t+0s] alert#12 primary=advisory_clear conf=0.58 eta=9.4
[t+0s] alert#10 primary=advisory_clear conf=0.554 eta=9.4
[t+0s] alert#9 primary=confirmed_clear conf=0.473 eta=1.5
[t+0s] pipeline feed ready — waiting for Decide seed
[t+0s] alert#16 primary=advisory_clear conf=0.517 eta=1.5
[t+0s] alert#14 primary=advisory_clear conf=0.524 eta=1.5
[t+0s] alert#12 primary=advisory_clear conf=0.58 eta=9.4
[t+0s] alert#10 primary=advisory_clear conf=0.554 eta=9.4
[t+0s] alert#9 primary=confirmed_clear conf=0.473 eta=1.5
[t+0s] pipeline feed ready — waiting for Decide seed
[t+0s] alert#16 primary=advisory_clear conf=0.517 eta=1.5
[t+0s] alert#14 primary=advisory_clear conf=0.524 eta=1.5
[t+0s] alert#12 primary=advisory_clear conf=0.58 eta=9.4
[t+0s] alert#10 primary=advisory_clear conf=0.554 eta=9.4
[t+0s] alert#9 primary=confirmed_clear conf=0.473 eta=1.5
[t+0s] pipeline feed ready — waiting for Decide seed
[t+0s] alert#16 primary=advisory_clear conf=0.517 eta=1.5
[t+0s] alert#14 primary=advisory_clear conf=0.524 eta=1.5
[t+0s] alert#12 primary=advisory_clear conf=0.58 eta=9.4
[t+0s] alert#10 primary=advisory_clear conf=0.554 eta=9.4
[t+0s] alert#9 primary=confirmed_clear conf=0.473 eta=1.5
[t+0s] pipeline feed ready — waiting for Decide seed
[t+0s] alert#16 primary=advisory_clear conf=0.517 eta=1.5
[t+0s] alert#14 primary=advisory_clear conf=0.524 eta=1.5
[t+0s] alert#12 primary=advisory_clear conf=0.58 eta=9.4
[t+0s] alert#10 primary=advisory_clear conf=0.554 eta=9.4
[t+0s] alert#9 primary=confirmed_clear conf=0.473 eta=1.5
[t+0s] pipeline feed ready — waiting for Decide seed
[t+0s] alert#16 primary=advisory_clear conf=0.517 eta=1.5
[t+0s] alert#14 primary=advisory_clear conf=0.524 eta=1.5
[t+0s] alert#12 primary=advisory_clear conf=0.58 eta=9.4
[t+0s] alert#10 primary=advisory_clear conf=0.554 eta=9.4
[t+0s] alert#9 primary=confirmed_clear conf=0.473 eta=1.5
[t+0s] pipeline feed ready — waiting for Decide seed
[t+0s] alert#16 primary=advisory_clear conf=0.517 eta=1.5
[t+0s] alert#14 primary=advisory_clear conf=0.524 eta=1.5
[t+0s] alert#12 primary=advisory_clear conf=0.58 eta=9.4
[t+0s] alert#10 primary=advisory_clear conf=0.554 eta=9.4
[t+0s] alert#9 primary=confirmed_clear conf=0.473 eta=1.5
[t+0s] pipeline feed ready — waiting for Decide seed
[t+0s] alert#16 primary=advisory_clear conf=0.517 eta=1.5
[t+0s] alert#14 primary=advisory_clear conf=0.524 eta=1.5
[t+0s] alert#12 primary=advisory_clear conf=0.58 eta=9.4
[t+0s] alert#10 primary=advisory_clear conf=0.554 eta=9.4
[t+0s] alert#9 primary=confirmed_clear conf=0.473 eta=1.5
[t+0s] pipeline feed ready — waiting for Decide seed
[t+0s] alert#16 primary=advisory_clear conf=0.517 eta=1.5
[t+0s] alert#14 primary=advisory_clear conf=0.524 eta=1.5
[t+0s] alert#12 primary=advisory_clear conf=0.58 eta=9.4
[t+0s] alert#10 primary=advisory_clear conf=0.554 eta=9.4
[t+0s] alert#9 primary=confirmed_clear conf=0.473 eta=1.5
[t+0s] pipeline feed ready — waiting for Decide seed
[t+0s] alert#16 primary=advisory_clear conf=0.517 eta=1.5
[t+0s] alert#14 primary=advisory_clear conf=0.524 eta=1.5
[t+0s] alert#12 primary=advisory_clear conf=0.58 eta=9.4
[t+0s] alert#10 primary=advisory_clear conf=0.554 eta=9.4
[t+0s] alert#9 primary=confirmed_clear conf=0.473 eta=1.5
[t+0s] pipeline feed ready — waiting for Decide seed
[t+0s] alert#16 primary=advisory_clear conf=0.517 eta=1.5
[t+0s] alert#14 primary=advisory_clear conf=0.524 eta=1.5
[t+0s] alert#12 primary=advisory_clear conf=0.58 eta=9.4
[t+0s] alert#10 primary=advisory_clear conf=0.554 eta=9.4
[t+0s] alert#9 primary=confirmed_clear conf=0.473 eta=1.5
[t+0s] pipeline feed ready — waiting for Decide seed
[t+0s] alert#16 primary=advisory_clear conf=0.517 eta=1.5
[t+0s] alert#14 primary=advisory_clear conf=0.524 eta=1.5
[t+0s] alert#12 primary=advisory_clear conf=0.58 eta=9.4
[t+0s] alert#10 primary=advisory_clear conf=0.554 eta=9.4
[t+0s] alert#9 primary=confirmed_clear conf=0.473 eta=1.5
[t+0s] pipeline feed ready — waiting for Decide seed
[t+0s] alert#16 primary=advisory_clear conf=0.517 eta=1.5
[t+0s] alert#14 primary=advisory_clear conf=0.524 eta=1.5
[t+0s] alert#12 primary=advisory_clear conf=0.58 eta=9.4
[t+0s] alert#10 primary=advisory_clear conf=0.554 eta=9.4
[t+0s] alert#9 primary=confirmed_clear conf=0.473 eta=1.5
[t+0s] pipeline feed ready — waiting for Decide seed
[t+0s] alert#16 primary=advisory_clear conf=0.517 eta=1.5
[t+0s] alert#14 primary=advisory_clear conf=0.524 eta=1.5
[t+0s] alert#12 primary=advisory_clear conf=0.58 eta=9.4
[t+0s] alert#10 primary=advisory_clear conf=0.554 eta=9.4
[t+0s] alert#9 primary=confirmed_clear conf=0.473 eta=1.5
[t+0s] pipeline feed ready — waiting for Decide seed
[t+0s] alert#16 primary=advisory_clear conf=0.517 eta=1.5
[t+0s] alert#14 primary=advisory_clear conf=0.524 eta=1.5
[t+0s] alert#12 primary=advisory_clear conf=0.58 eta=9.4
[t+0s] alert#10 primary=advisory_clear conf=0.554 eta=9.4
[t+0s] alert#9 primary=confirmed_clear conf=0.473 eta=1.5
[t+0s] pipeline feed ready — waiting for Decide seed
[t+0s] alert#16 primary=advisory_clear conf=0.517 eta=1.5
[t+0s] alert#14 primary=advisory_clear conf=0.524 eta=1.5
[t+0s] alert#12 primary=advisory_clear conf=0.58 eta=9.4
[t+0s] alert#10 primary=advisory_clear conf=0.554 eta=9.4
[t+0s] alert#9 primary=confirmed_clear conf=0.473 eta=1.5
[t+0s] pipeline feed ready — waiting for Decide seed
[t+0s] alert#16 primary=advisory_clear conf=0.517 eta=1.5
[t+0s] alert#14 primary=advisory_clear conf=0.524 eta=1.5
[t+0s] alert#12 primary=advisory_clear conf=0.58 eta=9.4
[t+0s] alert#10 primary=advisory_clear conf=0.554 eta=9.4
[t+0s] alert#9 primary=confirmed_clear conf=0.473 eta=1.5
[t+0s] pipeline feed ready — waiting for Decide seed
[t+0s] alert#16 primary=advisory_clear conf=0.517 eta=1.5
[t+0s] alert#14 primary=advisory_clear conf=0.524 eta=1.5
[t+0s] alert#12 primary=advisory_clear conf=0.58 eta=9.4
[t+0s] alert#10 primary=advisory_clear conf=0.554 eta=9.4
[t+0s] alert#9 primary=confirmed_clear conf=0.473 eta=1.5
[t+0s] pipeline feed ready — waiting for Decide seed
[t+0s] alert#16 primary=advisory_clear conf=0.517 eta=1.5
[t+0s] alert#14 primary=advisory_clear conf=0.524 eta=1.5
[t+0s] alert#12 primary=advisory_clear conf=0.58 eta=9.4
[t+0s] alert#10 primary=advisory_clear conf=0.554 eta=9.4
[t+0s] alert#9 primary=confirmed_clear conf=0.473 eta=1.5
[t+0s] pipeline feed ready — waiting for Decide seed
[t+0s] alert#16 primary=advisory_clear conf=0.517 eta=1.5
[t+0s] alert#14 primary=advisory_clear conf=0.524 eta=1.5
[t+0s] alert#12 primary=advisory_clear conf=0.58 eta=9.4
[t+0s] alert#10 primary=advisory_clear conf=0.554 eta=9.4
[t+0s] alert#9 primary=confirmed_clear conf=0.473 eta=1.5
[t+0s] pipeline feed ready — waiting for Decide seed
[t+0s] alert#16 primary=advisory_clear conf=0.517 eta=1.5
[t+0s] alert#14 primary=advisory_clear conf=0.524 eta=1.5
[t+0s] alert#12 primary=advisory_clear conf=0.58 eta=9.4
[t+0s] alert#10 primary=advisory_clear conf=0.554 eta=9.4
[t+0s] alert#9 primary=confirmed_clear conf=0.473 eta=1.5
[t+0s] pipeline feed ready — waiting for Decide seed
[t+0s] alert#16 primary=advisory_clear conf=0.517 eta=1.5
[t+0s] alert#14 primary=advisory_clear conf=0.524 eta=1.5
[t+0s] alert#12 primary=advisory_clear conf=0.58 eta=9.4
[t+0s] alert#10 primary=advisory_clear conf=0.554 eta=9.4
[t+0s] alert#9 primary=confirmed_clear conf=0.473 eta=1.5
[t+0s] pipeline feed ready — waiting for Decide seed
[t+0s] alert#16 primary=advisory_clear conf=0.517 eta=1.5
[t+0s] alert#14 primary=advisory_clear conf=0.524 eta=1.5
[t+0s] alert#12 primary=advisory_clear conf=0.58 eta=9.4
[t+0s] alert#10 primary=advisory_clear conf=0.554 eta=9.4
[t+0s] alert#9 primary=confirmed_clear conf=0.473 eta=1.5
[t+0s] pipeline feed ready — waiting for Decide seed
[t+0s] alert#16 primary=advisory_clear conf=0.517 eta=1.5
[t+0s] alert#14 primary=advisory_clear conf=0.524 eta=1.5
[t+0s] alert#12 primary=advisory_clear conf=0.58 eta=9.4
[t+0s] alert#10 primary=advisory_clear conf=0.554 eta=9.4
[t+0s] alert#9 primary=confirmed_clear conf=0.473 eta=1.5
[t+0s] pipeline feed ready — waiting for Decide seed
[t+0s] alert#16 primary=advisory_clear conf=0.517 eta=1.5
[t+0s] alert#14 primary=advisory_clear conf=0.524 eta=1.5
[t+0s] alert#12 primary=advisory_clear conf=0.58 eta=9.4
[t+0s] alert#10 primary=advisory_clear conf=0.554 eta=9.4
[t+0s] alert#9 primary=confirmed_clear conf=0.473 eta=1.5
[t+0s] pipeline feed ready — waiting for Decide seed
[t+0s] alert#16 primary=advisory_clear conf=0.517 eta=1.5
[t+0s] alert#14 primary=advisory_clear conf=0.524 eta=1.5
[t+0s] alert#12 primary=advisory_clear conf=0.58 eta=9.4
[t+0s] alert#10 primary=advisory_clear conf=0.554 eta=9.4
[t+0s] alert#9 primary=confirmed_clear conf=0.473 eta=1.5
[t+0s] pipeline feed ready — waiting for Decide seed
[t+0s] alert#16 primary=advisory_clear conf=0.517 eta=1.5
[t+0s] alert#14 primary=advisory_clear conf=0.524 eta=1.5
[t+0s] alert#12 primary=advisory_clear conf=0.58 eta=9.4
[t+0s] alert#10 primary=advisory_clear conf=0.554 eta=9.4
[t+0s] alert#9 primary=confirmed_clear conf=0.473 eta=1.5
[t+0s] pipeline feed ready — waiting for Decide seed
[t+0s] alert#16 primary=advisory_clear conf=0.517 eta=1.5
[t+0s] alert#14 primary=advisory_clear conf=0.524 eta=1.5
[t+0s] alert#12 primary=advisory_clear conf=0.58 eta=9.4
[t+0s] alert#10 primary=advisory_clear conf=0.554 eta=9.4
[t+0s] alert#9 primary=confirmed_clear conf=0.473 eta=1.5
[t+0s] pipeline feed ready — waiting for Decide seed
[t+0s] alert#16 primary=advisory_clear conf=0.517 eta=1.5
[t+0s] alert#14 primary=advisory_clear conf=0.524 eta=1.5
[t+0s] alert#12 primary=advisory_clear conf=0.58 eta=9.4
[t+0s] alert#10 primary=advisory_clear conf=0.554 eta=9.4
[t+0s] alert#9 primary=confirmed_clear conf=0.473 eta=1.5
[t+0s] pipeline feed ready — waiting for Decide seed
[t+0s] alert#16 primary=advisory_clear conf=0.517 eta=1.5
[t+0s] alert#14 primary=advisory_clear conf=0.524 eta=1.5
[t+0s] alert#12 primary=advisory_clear conf=0.58 eta=9.4
[t+0s] alert#10 primary=advisory_clear conf=0.554 eta=9.4
[t+0s] alert#9 primary=confirmed_clear conf=0.473 eta=1.5
[t+0s] pipeline feed ready — waiting for Decide seed
[t+0s] alert#16 primary=advisory_clear conf=0.517 eta=1.5
[t+0s] alert#14 primary=advisory_clear conf=0.524 eta=1.5
[t+0s] alert#12 primary=advisory_clear conf=0.58 eta=9.4
[t+0s] alert#10 primary=advisory_clear conf=0.554 eta=9.4
[t+0s] alert#9 primary=confirmed_clear conf=0.473 eta=1.5
[t+0s] pipeline feed ready — waiting for Decide seed
[t+0s] alert#16 primary=advisory_clear conf=0.517 eta=1.5
[t+0s] alert#14 primary=advisory_clear conf=0.524 eta=1.5
[t+0s] alert#12 primary=advisory_clear conf=0.58 eta=9.4
[t+0s] alert#10 primary=advisory_clear conf=0.554 eta=9.4
[t+0s] alert#9 primary=confirmed_clear conf=0.473 eta=1.5
[t+0s] pipeline feed ready — waiting for Decide seed
[t+0s] alert#16 primary=advisory_clear conf=0.517 eta=1.5
[t+0s] alert#14 primary=advisory_clear conf=0.524 eta=1.5
[t+0s] alert#12 primary=advisory_clear conf=0.58 eta=9.4
[t+0s] alert#10 primary=advisory_clear conf=0.554 eta=9.4
[t+0s] alert#9 primary=confirmed_clear conf=0.473 eta=1.5
[t+0s] pipeline feed ready — waiting for Decide seed
[t+0s] alert#16 primary=advisory_clear conf=0.517 eta=1.5
[t+0s] alert#14 primary=advisory_clear conf=0.524 eta=1.5
[t+0s] alert#12 primary=advisory_clear conf=0.58 eta=9.4
[t+0s] alert#10 primary=advisory_clear conf=0.554 eta=9.4
[t+0s] alert#9 primary=confirmed_clear conf=0.473 eta=1.5
[t+0s] pipeline feed ready — waiting for Decide seed
[t+0s] alert#16 primary=advisory_clear conf=0.517 eta=1.5
[t+0s] alert#14 primary=advisory_clear conf=0.524 eta=1.5
[t+0s] alert#12 primary=advisory_clear conf=0.58 eta=9.4
[t+0s] alert#10 primary=advisory_clear conf=0.554 eta=9.4
[t+0s] alert#9 primary=confirmed_clear conf=0.473 eta=1.5
[t+0s] pipeline feed ready — waiting for Decide seed
[t+0s] alert#16 primary=advisory_clear conf=0.517 eta=1.5
[t+0s] alert#14 primary=advisory_clear conf=0.524 eta=1.5
[t+0s] alert#12 primary=advisory_clear conf=0.58 eta=9.4
[t+0s] alert#10 primary=advisory_clear conf=0.554 eta=9.4
[t+0s] alert#9 primary=confirmed_clear conf=0.473 eta=1.5
[t+0s] pipeline feed ready — waiting for Decide seed
[t+0s] alert#16 primary=advisory_clear conf=0.517 eta=1.5
[t+0s] alert#14 primary=advisory_clear conf=0.524 eta=1.5
[t+0s] alert#12 primary=advisory_clear conf=0.58 eta=9.4
[t+0s] alert#10 primary=advisory_clear conf=0.554 eta=9.4
[t+0s] alert#9 primary=confirmed_clear conf=0.473 eta=1.5
[t+3570s] seed alert#208205 primary=congestion_breach sev=0 from Q1/Q2 — Approve to steer, or wait for auto-collapse
[t+0s] pipeline feed ready — waiting for Decide seed
[t+0s] alert#208205 primary=congestion_breach conf=0.5636 eta=4.844 playbook=1. Approve: steer ESP underlay to eth0 on PE1 (force_path)
[t+3571s] alert#208205 primary=congestion_breach conf=0.5636 eta=4.844 playbook=1. Approve: steer ESP underlay to eth0 on PE1 (force_path)
[t+0s] pipeline feed ready — waiting for Decide seed
[t+0s] alert#208205 primary=congestion_breach conf=0.5636 eta=4.844 playbook=1. Approve: steer ESP underlay to eth0 on PE1 (force_path)
[t+0s] pipeline feed ready — waiting for Decide seed
[t+0s] alert#208205 primary=congestion_breach conf=0.5636 eta=4.844 playbook=1. Approve: steer ESP underlay to eth0 on PE1 (force_path)
[t+0s] pipeline feed ready — waiting for Decide seed
[t+0s] alert#208205 primary=congestion_breach conf=0.5636 eta=4.844 playbook=1. Approve: steer ESP underlay to eth0 on PE1 (force_path)
[t+0s] pipeline feed ready — waiting for Decide seed
[t+0s] alert#208205 primary=congestion_breach conf=0.5636 eta=4.844 playbook=1. Approve: steer ESP underlay to eth0 on PE1 (force_path)
[t+0s] pipeline feed ready — waiting for Decide seed
[t+0s] alert#208205 primary=congestion_breach conf=0.5636 eta=4.844 playbook=1. Approve: steer ESP underlay to eth0 on PE1 (force_path)
[t+0s] pipeline feed ready — waiting for Decide seed
[t+0s] alert#208205 primary=congestion_breach conf=0.5636 eta=4.844 playbook=1. Approve: steer ESP underlay to eth0 on PE1 (force_path)
[t+0s] pipeline feed ready — waiting for Decide seed
[t+0s] alert#208205 primary=congestion_breach conf=0.5636 eta=4.844 playbook=1. Approve: steer ESP underlay to eth0 on PE1 (force_path)
[t+0s] pipeline feed ready — waiting for Decide seed
[t+0s] alert#208205 primary=congestion_breach conf=0.5636 eta=4.844 playbook=1. Approve: steer ESP underlay to eth0 on PE1 (force_path)
[t+3635s] alert#208206 primary=tunnel_degradation conf=0.55 eta=1.9882818857828777 firing_tti_heads=[{'head': 'latency', 'eta_seconds': 119.29691314697266}] playbook=1. Approve: steer ESP underlay to eth0 on PE1 (force_path)
[t+0s] pipeline feed ready — waiting for Decide seed
[t+0s] alert#208206 primary=tunnel_degradation conf=0.55 eta=1.9882818857828777 firing_tti_heads=[{'head': 'latency', 'eta_seconds': 119.29691314697266}] playbook=1. Approve: steer ESP underlay to eth0 on PE1 (force_path)
[t+0s] alert#208205 primary=congestion_breach conf=0.5636 eta=4.844 playbook=1. Approve: steer ESP underlay to eth0 on PE1 (force_path)
[t+0s] pipeline feed ready — waiting for Decide seed
[t+0s] alert#208206 primary=tunnel_degradation conf=0.55 eta=1.9882818857828777 firing_tti_heads=[{'head': 'latency', 'eta_seconds': 119.29691314697266}] playbook=1. Approve: steer ESP underlay to eth0 on PE1 (force_path)
[t+0s] alert#208205 primary=congestion_breach conf=0.5636 eta=4.844 playbook=1. Approve: steer ESP underlay to eth0 on PE1 (force_path)
[t+3650s] Approve complete — inject stopped (steered)
[t+3653s] Approve complete — inject stopped (steered)
[t+0s] pipeline feed ready — waiting for Decide seed
[t+0s] alert#16 primary=advisory_clear conf=0.517 eta=1.5
[t+0s] alert#14 primary=advisory_clear conf=0.524 eta=1.5
[t+0s] alert#12 primary=advisory_clear conf=0.58 eta=9.4
[t+0s] alert#10 primary=advisory_clear conf=0.554 eta=9.4
[t+0s] alert#9 primary=confirmed_clear conf=0.473 eta=1.5
[t+0s] pipeline feed ready — waiting for Decide seed
[t+0s] alert#16 primary=advisory_clear conf=0.517 eta=1.5
[t+0s] alert#14 primary=advisory_clear conf=0.524 eta=1.5
[t+0s] alert#12 primary=advisory_clear conf=0.58 eta=9.4
[t+0s] alert#10 primary=advisory_clear conf=0.554 eta=9.4
[t+0s] alert#9 primary=confirmed_clear conf=0.473 eta=1.5
[t+0s] pipeline feed ready — waiting for Decide seed
[t+0s] alert#16 primary=advisory_clear conf=0.517 eta=1.5
[t+0s] alert#14 primary=advisory_clear conf=0.524 eta=1.5
[t+0s] alert#12 primary=advisory_clear conf=0.58 eta=9.4
[t+0s] alert#10 primary=advisory_clear conf=0.554 eta=9.4
[t+0s] alert#9 primary=confirmed_clear conf=0.473 eta=1.5
[t+0s] pipeline feed ready — waiting for Decide seed
[t+0s] alert#16 primary=advisory_clear conf=0.517 eta=1.5
[t+0s] alert#14 primary=advisory_clear conf=0.524 eta=1.5
[t+0s] alert#12 primary=advisory_clear conf=0.58 eta=9.4
[t+0s] alert#10 primary=advisory_clear conf=0.554 eta=9.4
[t+0s] alert#9 primary=confirmed_clear conf=0.473 eta=1.5
[t+0s] pipeline feed ready — waiting for Decide seed
[t+0s] alert#16 primary=advisory_clear conf=0.517 eta=1.5
[t+0s] alert#14 primary=advisory_clear conf=0.524 eta=1.5
[t+0s] alert#12 primary=advisory_clear conf=0.58 eta=9.4
[t+0s] alert#10 primary=advisory_clear conf=0.554 eta=9.4
[t+0s] alert#9 primary=confirmed_clear conf=0.473 eta=1.5
[t+0s] pipeline feed ready — waiting for Decide seed
[t+0s] alert#16 primary=advisory_clear conf=0.517 eta=1.5
[t+0s] alert#14 primary=advisory_clear conf=0.524 eta=1.5
[t+0s] alert#12 primary=advisory_clear conf=0.58 eta=9.4
[t+0s] alert#10 primary=advisory_clear conf=0.554 eta=9.4
[t+0s] alert#9 primary=confirmed_clear conf=0.473 eta=1.5
[t+0s] pipeline feed ready — waiting for Decide seed
[t+0s] alert#16 primary=advisory_clear conf=0.517 eta=1.5
[t+0s] alert#14 primary=advisory_clear conf=0.524 eta=1.5
[t+0s] alert#12 primary=advisory_clear conf=0.58 eta=9.4
[t+0s] alert#10 primary=advisory_clear conf=0.554 eta=9.4
[t+0s] alert#9 primary=confirmed_clear conf=0.473 eta=1.5
[t+0s] pipeline feed ready — waiting for Decide seed
[t+0s] alert#16 primary=advisory_clear conf=0.517 eta=1.5
[t+0s] alert#14 primary=advisory_clear conf=0.524 eta=1.5
[t+0s] alert#12 primary=advisory_clear conf=0.58 eta=9.4
[t+0s] alert#10 primary=advisory_clear conf=0.554 eta=9.4
[t+0s] alert#9 primary=confirmed_clear conf=0.473 eta=1.5
[t+0s] pipeline feed ready — waiting for Decide seed
[t+0s] alert#16 primary=advisory_clear conf=0.517 eta=1.5
[t+0s] alert#14 primary=advisory_clear conf=0.524 eta=1.5
[t+0s] alert#12 primary=advisory_clear conf=0.58 eta=9.4
[t+0s] alert#10 primary=advisory_clear conf=0.554 eta=9.4
[t+0s] alert#9 primary=confirmed_clear conf=0.473 eta=1.5
[t+0s] pipeline feed ready — waiting for Decide seed
[t+0s] alert#16 primary=advisory_clear conf=0.517 eta=1.5
[t+0s] alert#14 primary=advisory_clear conf=0.524 eta=1.5
[t+0s] alert#12 primary=advisory_clear conf=0.58 eta=9.4
[t+0s] alert#10 primary=advisory_clear conf=0.554 eta=9.4
[t+0s] alert#9 primary=confirmed_clear conf=0.473 eta=1.5
[t+0s] pipeline feed ready — waiting for Decide seed
[t+0s] alert#16 primary=advisory_clear conf=0.517 eta=1.5
[t+0s] alert#14 primary=advisory_clear conf=0.524 eta=1.5
[t+0s] alert#12 primary=advisory_clear conf=0.58 eta=9.4
[t+0s] alert#10 primary=advisory_clear conf=0.554 eta=9.4
[t+0s] alert#9 primary=confirmed_clear conf=0.473 eta=1.5
[t+0s] pipeline feed ready — waiting for Decide seed
[t+0s] alert#16 primary=advisory_clear conf=0.517 eta=1.5
[t+0s] alert#14 primary=advisory_clear conf=0.524 eta=1.5
[t+0s] alert#12 primary=advisory_clear conf=0.58 eta=9.4
[t+0s] alert#10 primary=advisory_clear conf=0.554 eta=9.4
[t+0s] alert#9 primary=confirmed_clear conf=0.473 eta=1.5
[t+0s] pipeline feed ready — waiting for Decide seed
[t+0s] alert#16 primary=advisory_clear conf=0.517 eta=1.5
[t+0s] alert#14 primary=advisory_clear conf=0.524 eta=1.5
[t+0s] alert#12 primary=advisory_clear conf=0.58 eta=9.4
[t+0s] alert#10 primary=advisory_clear conf=0.554 eta=9.4
[t+0s] alert#9 primary=confirmed_clear conf=0.473 eta=1.5
[t+0s] pipeline feed ready — waiting for Decide seed
[t+0s] alert#16 primary=advisory_clear conf=0.517 eta=1.5
[t+0s] alert#14 primary=advisory_clear conf=0.524 eta=1.5
[t+0s] alert#12 primary=advisory_clear conf=0.58 eta=9.4
[t+0s] alert#10 primary=advisory_clear conf=0.554 eta=9.4
[t+0s] alert#9 primary=confirmed_clear conf=0.473 eta=1.5
[t+0s] pipeline feed ready — waiting for Decide seed
[t+0s] alert#16 primary=advisory_clear conf=0.517 eta=1.5
[t+0s] alert#14 primary=advisory_clear conf=0.524 eta=1.5
[t+0s] alert#12 primary=advisory_clear conf=0.58 eta=9.4
[t+0s] alert#10 primary=advisory_clear conf=0.554 eta=9.4
[t+0s] alert#9 primary=confirmed_clear conf=0.473 eta=1.5
[t+0s] pipeline feed ready — waiting for Decide seed
[t+0s] alert#16 primary=advisory_clear conf=0.517 eta=1.5
[t+0s] alert#14 primary=advisory_clear conf=0.524 eta=1.5
[t+0s] alert#12 primary=advisory_clear conf=0.58 eta=9.4
[t+0s] alert#10 primary=advisory_clear conf=0.554 eta=9.4
[t+0s] alert#9 primary=confirmed_clear conf=0.473 eta=1.5
[t+0s] pipeline feed ready — waiting for Decide seed
[t+0s] alert#16 primary=advisory_clear conf=0.517 eta=1.5
[t+0s] alert#14 primary=advisory_clear conf=0.524 eta=1.5
[t+0s] alert#12 primary=advisory_clear conf=0.58 eta=9.4
[t+0s] alert#10 primary=advisory_clear conf=0.554 eta=9.4
[t+0s] alert#9 primary=confirmed_clear conf=0.473 eta=1.5
[t+0s] pipeline feed ready — waiting for Decide seed
[t+0s] alert#16 primary=advisory_clear conf=0.517 eta=1.5
[t+0s] alert#14 primary=advisory_clear conf=0.524 eta=1.5
[t+0s] alert#12 primary=advisory_clear conf=0.58 eta=9.4
[t+0s] alert#10 primary=advisory_clear conf=0.554 eta=9.4
[t+0s] alert#9 primary=confirmed_clear conf=0.473 eta=1.5
[t+0s] pipeline feed ready — waiting for Decide seed
[t+0s] alert#16 primary=advisory_clear conf=0.517 eta=1.5
[t+0s] alert#14 primary=advisory_clear conf=0.524 eta=1.5
[t+0s] alert#12 primary=advisory_clear conf=0.58 eta=9.4
[t+0s] alert#10 primary=advisory_clear conf=0.554 eta=9.4
[t+0s] alert#9 primary=confirmed_clear conf=0.473 eta=1.5
[t+0s] pipeline feed ready — waiting for Decide seed
[t+0s] alert#16 primary=advisory_clear conf=0.517 eta=1.5
[t+0s] alert#14 primary=advisory_clear conf=0.524 eta=1.5
[t+0s] alert#12 primary=advisory_clear conf=0.58 eta=9.4
[t+0s] alert#10 primary=advisory_clear conf=0.554 eta=9.4
[t+0s] alert#9 primary=confirmed_clear conf=0.473 eta=1.5
[t+0s] pipeline feed ready — waiting for Decide seed
[t+0s] alert#16 primary=advisory_clear conf=0.517 eta=1.5
[t+0s] alert#14 primary=advisory_clear conf=0.524 eta=1.5
[t+0s] alert#12 primary=advisory_clear conf=0.58 eta=9.4
[t+0s] alert#10 primary=advisory_clear conf=0.554 eta=9.4
[t+0s] alert#9 primary=confirmed_clear conf=0.473 eta=1.5
[t+0s] pipeline feed ready — waiting for Decide seed
[t+0s] alert#16 primary=advisory_clear conf=0.517 eta=1.5
[t+0s] alert#14 primary=advisory_clear conf=0.524 eta=1.5
[t+0s] alert#12 primary=advisory_clear conf=0.58 eta=9.4
[t+0s] alert#10 primary=advisory_clear conf=0.554 eta=9.4
[t+0s] alert#9 primary=confirmed_clear conf=0.473 eta=1.5
[t+0s] pipeline feed ready — waiting for Decide seed
[t+0s] alert#16 primary=advisory_clear conf=0.517 eta=1.5
[t+0s] alert#14 primary=advisory_clear conf=0.524 eta=1.5
[t+0s] alert#12 primary=advisory_clear conf=0.58 eta=9.4
[t+0s] alert#10 primary=advisory_clear conf=0.554 eta=9.4
[t+0s] alert#9 primary=confirmed_clear conf=0.473 eta=1.5
[t+0s] pipeline feed ready — waiting for Decide seed
[t+0s] alert#16 primary=advisory_clear conf=0.517 eta=1.5
[t+0s] alert#14 primary=advisory_clear conf=0.524 eta=1.5
[t+0s] alert#12 primary=advisory_clear conf=0.58 eta=9.4
[t+0s] alert#10 primary=advisory_clear conf=0.554 eta=9.4
[t+0s] alert#9 primary=confirmed_clear conf=0.473 eta=1.5
[t+0s] pipeline feed ready — waiting for Decide seed
[t+0s] alert#16 primary=advisory_clear conf=0.517 eta=1.5
[t+0s] alert#14 primary=advisory_clear conf=0.524 eta=1.5
[t+0s] alert#12 primary=advisory_clear conf=0.58 eta=9.4
[t+0s] alert#10 primary=advisory_clear conf=0.554 eta=9.4
[t+0s] alert#9 primary=confirmed_clear conf=0.473 eta=1.5
[t+0s] pipeline feed ready — waiting for Decide seed
[t+0s] alert#16 primary=advisory_clear conf=0.517 eta=1.5
[t+0s] alert#14 primary=advisory_clear conf=0.524 eta=1.5
[t+0s] alert#12 primary=advisory_clear conf=0.58 eta=9.4
[t+0s] alert#10 primary=advisory_clear conf=0.554 eta=9.4
[t+0s] alert#9 primary=confirmed_clear conf=0.473 eta=1.5
[t+0s] pipeline feed ready — waiting for Decide seed
[t+0s] alert#16 primary=advisory_clear conf=0.517 eta=1.5
[t+0s] alert#14 primary=advisory_clear conf=0.524 eta=1.5
[t+0s] alert#12 primary=advisory_clear conf=0.58 eta=9.4
[t+0s] alert#10 primary=advisory_clear conf=0.554 eta=9.4
[t+0s] alert#9 primary=confirmed_clear conf=0.473 eta=1.5
[t+0s] pipeline feed ready — waiting for Decide seed
[t+0s] alert#16 primary=advisory_clear conf=0.517 eta=1.5
[t+0s] alert#14 primary=advisory_clear conf=0.524 eta=1.5
[t+0s] alert#12 primary=advisory_clear conf=0.58 eta=9.4
[t+0s] alert#10 primary=advisory_clear conf=0.554 eta=9.4
[t+0s] alert#9 primary=confirmed_clear conf=0.473 eta=1.5
[t+0s] pipeline feed ready — waiting for Decide seed
[t+0s] alert#16 primary=advisory_clear conf=0.517 eta=1.5
[t+0s] alert#14 primary=advisory_clear conf=0.524 eta=1.5
[t+0s] alert#12 primary=advisory_clear conf=0.58 eta=9.4
[t+0s] alert#10 primary=advisory_clear conf=0.554 eta=9.4
[t+0s] alert#9 primary=confirmed_clear conf=0.473 eta=1.5
[t+0s] pipeline feed ready — waiting for Decide seed
[t+0s] alert#16 primary=advisory_clear conf=0.517 eta=1.5
[t+0s] alert#14 primary=advisory_clear conf=0.524 eta=1.5
[t+0s] alert#12 primary=advisory_clear conf=0.58 eta=9.4
[t+0s] alert#10 primary=advisory_clear conf=0.554 eta=9.4
[t+0s] alert#9 primary=confirmed_clear conf=0.473 eta=1.5
[t+0s] pipeline feed ready — waiting for Decide seed
[t+0s] alert#16 primary=advisory_clear conf=0.517 eta=1.5
[t+0s] alert#14 primary=advisory_clear conf=0.524 eta=1.5
[t+0s] alert#12 primary=advisory_clear conf=0.58 eta=9.4
[t+0s] alert#10 primary=advisory_clear conf=0.554 eta=9.4
[t+0s] alert#9 primary=confirmed_clear conf=0.473 eta=1.5
[t+0s] pipeline feed ready — waiting for Decide seed
[t+0s] alert#16 primary=advisory_clear conf=0.517 eta=1.5
[t+0s] alert#14 primary=advisory_clear conf=0.524 eta=1.5
[t+0s] alert#12 primary=advisory_clear conf=0.58 eta=9.4
[t+0s] alert#10 primary=advisory_clear conf=0.554 eta=9.4
[t+0s] alert#9 primary=confirmed_clear conf=0.473 eta=1.5
[t+0s] pipeline feed ready — waiting for Decide seed
[t+0s] alert#16 primary=advisory_clear conf=0.517 eta=1.5
[t+0s] alert#14 primary=advisory_clear conf=0.524 eta=1.5
[t+0s] alert#12 primary=advisory_clear conf=0.58 eta=9.4
[t+0s] alert#10 primary=advisory_clear conf=0.554 eta=9.4
[t+0s] alert#9 primary=confirmed_clear conf=0.473 eta=1.5
[t+0s] pipeline feed ready — waiting for Decide seed
[t+0s] alert#16 primary=advisory_clear conf=0.517 eta=1.5
[t+0s] alert#14 primary=advisory_clear conf=0.524 eta=1.5
[t+0s] alert#12 primary=advisory_clear conf=0.58 eta=9.4
[t+0s] alert#10 primary=advisory_clear conf=0.554 eta=9.4
[t+0s] alert#9 primary=confirmed_clear conf=0.473 eta=1.5
[t+0s] pipeline feed ready — waiting for Decide seed
[t+0s] alert#16 primary=advisory_clear conf=0.517 eta=1.5
[t+0s] alert#14 primary=advisory_clear conf=0.524 eta=1.5
[t+0s] alert#12 primary=advisory_clear conf=0.58 eta=9.4
[t+0s] alert#10 primary=advisory_clear conf=0.554 eta=9.4
[t+0s] alert#9 primary=confirmed_clear conf=0.473 eta=1.5
[t+0s] pipeline feed ready — waiting for Decide seed
[t+0s] alert#16 primary=advisory_clear conf=0.517 eta=1.5
[t+0s] alert#14 primary=advisory_clear conf=0.524 eta=1.5
[t+0s] alert#12 primary=advisory_clear conf=0.58 eta=9.4
[t+0s] alert#10 primary=advisory_clear conf=0.554 eta=9.4
[t+0s] alert#9 primary=confirmed_clear conf=0.473 eta=1.5
[t+0s] pipeline feed ready — waiting for Decide seed
[t+0s] alert#16 primary=advisory_clear conf=0.517 eta=1.5
[t+0s] alert#14 primary=advisory_clear conf=0.524 eta=1.5
[t+0s] alert#12 primary=advisory_clear conf=0.58 eta=9.4
[t+0s] alert#10 primary=advisory_clear conf=0.554 eta=9.4
[t+0s] alert#9 primary=confirmed_clear conf=0.473 eta=1.5
[t+0s] pipeline feed ready — waiting for Decide seed
[t+0s] alert#16 primary=advisory_clear conf=0.517 eta=1.5
[t+0s] alert#14 primary=advisory_clear conf=0.524 eta=1.5
[t+0s] alert#12 primary=advisory_clear conf=0.58 eta=9.4
[t+0s] alert#10 primary=advisory_clear conf=0.554 eta=9.4
[t+0s] alert#9 primary=confirmed_clear conf=0.473 eta=1.5
[t+0s] pipeline feed ready — waiting for Decide seed
[t+0s] alert#16 primary=advisory_clear conf=0.517 eta=1.5
[t+0s] alert#14 primary=advisory_clear conf=0.524 eta=1.5
[t+0s] alert#12 primary=advisory_clear conf=0.58 eta=9.4
[t+0s] alert#10 primary=advisory_clear conf=0.554 eta=9.4
[t+0s] alert#9 primary=confirmed_clear conf=0.473 eta=1.5
[t+0s] pipeline feed ready — waiting for Decide seed
[t+0s] alert#16 primary=advisory_clear conf=0.517 eta=1.5
[t+0s] alert#14 primary=advisory_clear conf=0.524 eta=1.5
[t+0s] alert#12 primary=advisory_clear conf=0.58 eta=9.4
[t+0s] alert#10 primary=advisory_clear conf=0.554 eta=9.4
[t+0s] alert#9 primary=confirmed_clear conf=0.473 eta=1.5
[t+0s] pipeline feed ready — waiting for Decide seed
[t+0s] alert#16 primary=advisory_clear conf=0.517 eta=1.5
[t+0s] alert#14 primary=advisory_clear conf=0.524 eta=1.5
[t+0s] alert#12 primary=advisory_clear conf=0.58 eta=9.4
[t+0s] alert#10 primary=advisory_clear conf=0.554 eta=9.4
[t+0s] alert#9 primary=confirmed_clear conf=0.473 eta=1.5
[t+0s] pipeline feed ready — waiting for Decide seed
[t+0s] alert#16 primary=advisory_clear conf=0.517 eta=1.5
[t+0s] alert#14 primary=advisory_clear conf=0.524 eta=1.5
[t+0s] alert#12 primary=advisory_clear conf=0.58 eta=9.4
[t+0s] alert#10 primary=advisory_clear conf=0.554 eta=9.4
[t+0s] alert#9 primary=confirmed_clear conf=0.473 eta=1.5
[t+0s] pipeline feed ready — waiting for Decide seed
[t+0s] alert#16 primary=advisory_clear conf=0.517 eta=1.5
[t+0s] alert#14 primary=advisory_clear conf=0.524 eta=1.5
[t+0s] alert#12 primary=advisory_clear conf=0.58 eta=9.4
[t+0s] alert#10 primary=advisory_clear conf=0.554 eta=9.4
[t+0s] alert#9 primary=confirmed_clear conf=0.473 eta=1.5
[t+0s] pipeline feed ready — waiting for Decide seed
[t+0s] alert#16 primary=advisory_clear conf=0.517 eta=1.5
[t+0s] alert#14 primary=advisory_clear conf=0.524 eta=1.5
[t+0s] alert#12 primary=advisory_clear conf=0.58 eta=9.4
[t+0s] alert#10 primary=advisory_clear conf=0.554 eta=9.4
[t+0s] alert#9 primary=confirmed_clear conf=0.473 eta=1.5
[t+0s] pipeline feed ready — waiting for Decide seed
[t+0s] alert#16 primary=advisory_clear conf=0.517 eta=1.5
[t+0s] alert#14 primary=advisory_clear conf=0.524 eta=1.5
[t+0s] alert#12 primary=advisory_clear conf=0.58 eta=9.4
[t+0s] alert#10 primary=advisory_clear conf=0.554 eta=9.4
[t+0s] alert#9 primary=confirmed_clear conf=0.473 eta=1.5
[t+0s] pipeline feed ready — waiting for Decide seed
[t+0s] alert#16 primary=advisory_clear conf=0.517 eta=1.5
[t+0s] alert#14 primary=advisory_clear conf=0.524 eta=1.5
[t+0s] alert#12 primary=advisory_clear conf=0.58 eta=9.4
[t+0s] alert#10 primary=advisory_clear conf=0.554 eta=9.4
[t+0s] alert#9 primary=confirmed_clear conf=0.473 eta=1.5
[t+0s] pipeline feed ready — waiting for Decide seed
[t+0s] alert#16 primary=advisory_clear conf=0.517 eta=1.5
[t+0s] alert#14 primary=advisory_clear conf=0.524 eta=1.5
[t+0s] alert#12 primary=advisory_clear conf=0.58 eta=9.4
[t+0s] alert#10 primary=advisory_clear conf=0.554 eta=9.4
[t+0s] alert#9 primary=confirmed_clear conf=0.473 eta=1.5
[t+0s] pipeline feed ready — waiting for Decide seed
[t+0s] alert#16 primary=advisory_clear conf=0.517 eta=1.5
[t+0s] alert#14 primary=advisory_clear conf=0.524 eta=1.5
[t+0s] alert#12 primary=advisory_clear conf=0.58 eta=9.4
[t+0s] alert#10 primary=advisory_clear conf=0.554 eta=9.4
[t+0s] alert#9 primary=confirmed_clear conf=0.473 eta=1.5
[t+0s] pipeline feed ready — waiting for Decide seed
[t+0s] alert#16 primary=advisory_clear conf=0.517 eta=1.5
[t+0s] alert#14 primary=advisory_clear conf=0.524 eta=1.5
[t+0s] alert#12 primary=advisory_clear conf=0.58 eta=9.4
[t+0s] alert#10 primary=advisory_clear conf=0.554 eta=9.4
[t+0s] alert#9 primary=confirmed_clear conf=0.473 eta=1.5
[t+0s] pipeline feed ready — waiting for Decide seed
[t+0s] alert#16 primary=advisory_clear conf=0.517 eta=1.5
[t+0s] alert#14 primary=advisory_clear conf=0.524 eta=1.5
[t+0s] alert#12 primary=advisory_clear conf=0.58 eta=9.4
[t+0s] alert#10 primary=advisory_clear conf=0.554 eta=9.4
[t+0s] alert#9 primary=confirmed_clear conf=0.473 eta=1.5
[t+0s] pipeline feed ready — waiting for Decide seed
[t+0s] alert#16 primary=advisory_clear conf=0.517 eta=1.5
[t+0s] alert#14 primary=advisory_clear conf=0.524 eta=1.5
[t+0s] alert#12 primary=advisory_clear conf=0.58 eta=9.4
[t+0s] alert#10 primary=advisory_clear conf=0.554 eta=9.4
[t+0s] alert#9 primary=confirmed_clear conf=0.473 eta=1.5
[t+0s] pipeline feed ready — waiting for Decide seed
[t+0s] alert#16 primary=advisory_clear conf=0.517 eta=1.5
[t+0s] alert#14 primary=advisory_clear conf=0.524 eta=1.5
[t+0s] alert#12 primary=advisory_clear conf=0.58 eta=9.4
[t+0s] alert#10 primary=advisory_clear conf=0.554 eta=9.4
[t+0s] alert#9 primary=confirmed_clear conf=0.473 eta=1.5
[t+0s] pipeline feed ready — waiting for Decide seed
[t+0s] alert#16 primary=advisory_clear conf=0.517 eta=1.5
[t+0s] alert#14 primary=advisory_clear conf=0.524 eta=1.5
[t+0s] alert#12 primary=advisory_clear conf=0.58 eta=9.4
[t+0s] alert#10 primary=advisory_clear conf=0.554 eta=9.4
[t+0s] alert#9 primary=confirmed_clear conf=0.473 eta=1.5
[t+0s] pipeline feed ready — waiting for Decide seed
[t+0s] alert#16 primary=advisory_clear conf=0.517 eta=1.5
[t+0s] alert#14 primary=advisory_clear conf=0.524 eta=1.5
[t+0s] alert#12 primary=advisory_clear conf=0.58 eta=9.4
[t+0s] alert#10 primary=advisory_clear conf=0.554 eta=9.4
[t+0s] alert#9 primary=confirmed_clear conf=0.473 eta=1.5
[t+0s] pipeline feed ready — waiting for Decide seed
[t+0s] alert#16 primary=advisory_clear conf=0.517 eta=1.5
[t+0s] alert#14 primary=advisory_clear conf=0.524 eta=1.5
[t+0s] alert#12 primary=advisory_clear conf=0.58 eta=9.4
[t+0s] alert#10 primary=advisory_clear conf=0.554 eta=9.4
[t+0s] alert#9 primary=confirmed_clear conf=0.473 eta=1.5
[t+0s] pipeline feed ready — waiting for Decide seed
[t+0s] alert#16 primary=advisory_clear conf=0.517 eta=1.5
[t+0s] alert#14 primary=advisory_clear conf=0.524 eta=1.5
[t+0s] alert#12 primary=advisory_clear conf=0.58 eta=9.4
[t+0s] alert#10 primary=advisory_clear conf=0.554 eta=9.4
[t+0s] alert#9 primary=confirmed_clear conf=0.473 eta=1.5
[t+0s] pipeline feed ready — waiting for Decide seed
[t+0s] alert#16 primary=advisory_clear conf=0.517 eta=1.5
[t+0s] alert#14 primary=advisory_clear conf=0.524 eta=1.5
[t+0s] alert#12 primary=advisory_clear conf=0.58 eta=9.4
[t+0s] alert#10 primary=advisory_clear conf=0.554 eta=9.4
[t+0s] alert#9 primary=confirmed_clear conf=0.473 eta=1.5
[t+0s] pipeline feed ready — waiting for Decide seed
[t+0s] alert#16 primary=advisory_clear conf=0.517 eta=1.5
[t+0s] alert#14 primary=advisory_clear conf=0.524 eta=1.5
[t+0s] alert#12 primary=advisory_clear conf=0.58 eta=9.4
[t+0s] alert#10 primary=advisory_clear conf=0.554 eta=9.4
[t+0s] alert#9 primary=confirmed_clear conf=0.473 eta=1.5
[t+0s] pipeline feed ready — waiting for Decide seed
[t+0s] alert#16 primary=advisory_clear conf=0.517 eta=1.5
[t+0s] alert#14 primary=advisory_clear conf=0.524 eta=1.5
[t+0s] alert#12 primary=advisory_clear conf=0.58 eta=9.4
[t+0s] alert#10 primary=advisory_clear conf=0.554 eta=9.4
[t+0s] alert#9 primary=confirmed_clear conf=0.473 eta=1.5
[t+0s] pipeline feed ready — waiting for Decide seed
[t+0s] alert#16 primary=advisory_clear conf=0.517 eta=1.5
[t+0s] alert#14 primary=advisory_clear conf=0.524 eta=1.5
[t+0s] alert#12 primary=advisory_clear conf=0.58 eta=9.4
[t+0s] alert#10 primary=advisory_clear conf=0.554 eta=9.4
[t+0s] alert#9 primary=confirmed_clear conf=0.473 eta=1.5
[t+0s] pipeline feed ready — waiting for Decide seed
[t+0s] alert#16 primary=advisory_clear conf=0.517 eta=1.5
[t+0s] alert#14 primary=advisory_clear conf=0.524 eta=1.5
[t+0s] alert#12 primary=advisory_clear conf=0.58 eta=9.4
[t+0s] alert#10 primary=advisory_clear conf=0.554 eta=9.4
[t+0s] alert#9 primary=confirmed_clear conf=0.473 eta=1.5
[t+4081s] seed alert#208207 primary=tunnel_degradation sev=4B from Q1/Q2 — Approve to steer, or wait for auto-collapse
[t+4083s] alert#208207 primary=tunnel_degradation conf=0.7416 eta=6.896 playbook=1. Approve: steer ESP underlay to eth0 on PE1 (force_path)
[t+0s] pipeline feed ready — waiting for Decide seed
[t+0s] alert#208207 primary=tunnel_degradation conf=0.7416 eta=6.896 playbook=1. Approve: steer ESP underlay to eth0 on PE1 (force_path)
[t+0s] pipeline feed ready — waiting for Decide seed
[t+0s] alert#208207 primary=tunnel_degradation conf=0.7416 eta=6.896 playbook=1. Approve: steer ESP underlay to eth0 on PE1 (force_path)
[t+0s] pipeline feed ready — waiting for Decide seed
[t+0s] alert#208207 primary=tunnel_degradation conf=0.7416 eta=6.896 playbook=1. Approve: steer ESP underlay to eth0 on PE1 (force_path)
[t+0s] pipeline feed ready — waiting for Decide seed
[t+0s] alert#208207 primary=tunnel_degradation conf=0.7416 eta=6.896 playbook=1. Approve: steer ESP underlay to eth0 on PE1 (force_path)
[t+4117s] Approve complete — inject stopped (steered)
[t+0s] pipeline feed ready — waiting for Decide seed
[t+0s] alert#16 primary=advisory_clear conf=0.517 eta=1.5
[t+0s] alert#14 primary=advisory_clear conf=0.524 eta=1.5
[t+0s] alert#12 primary=advisory_clear conf=0.58 eta=9.4
[t+0s] alert#10 primary=advisory_clear conf=0.554 eta=9.4
[t+0s] alert#9 primary=confirmed_clear conf=0.473 eta=1.5
[t+4120s] Approve complete — inject stopped (steered)
[t+0s] pipeline feed ready — waiting for Decide seed
[t+0s] alert#16 primary=advisory_clear conf=0.517 eta=1.5
[t+0s] alert#14 primary=advisory_clear conf=0.524 eta=1.5
[t+0s] alert#12 primary=advisory_clear conf=0.58 eta=9.4
[t+0s] alert#10 primary=advisory_clear conf=0.554 eta=9.4
[t+0s] alert#9 primary=confirmed_clear conf=0.473 eta=1.5
[t+0s] pipeline feed ready — waiting for Decide seed
[t+0s] alert#16 primary=advisory_clear conf=0.517 eta=1.5
[t+0s] alert#14 primary=advisory_clear conf=0.524 eta=1.5
[t+0s] alert#12 primary=advisory_clear conf=0.58 eta=9.4
[t+0s] alert#10 primary=advisory_clear conf=0.554 eta=9.4
[t+0s] alert#9 primary=confirmed_clear conf=0.473 eta=1.5
[t+0s] pipeline feed ready — waiting for Decide seed
[t+0s] alert#16 primary=advisory_clear conf=0.517 eta=1.5
[t+0s] alert#14 primary=advisory_clear conf=0.524 eta=1.5
[t+0s] alert#12 primary=advisory_clear conf=0.58 eta=9.4
[t+0s] alert#10 primary=advisory_clear conf=0.554 eta=9.4
[t+0s] alert#9 primary=confirmed_clear conf=0.473 eta=1.5
[t+0s] pipeline feed ready — waiting for Decide seed
[t+0s] alert#16 primary=advisory_clear conf=0.517 eta=1.5
[t+0s] alert#14 primary=advisory_clear conf=0.524 eta=1.5
[t+0s] alert#12 primary=advisory_clear conf=0.58 eta=9.4
[t+0s] alert#10 primary=advisory_clear conf=0.554 eta=9.4
[t+0s] alert#9 primary=confirmed_clear conf=0.473 eta=1.5
[t+0s] pipeline feed ready — waiting for Decide seed
[t+0s] alert#16 primary=advisory_clear conf=0.517 eta=1.5
[t+0s] alert#14 primary=advisory_clear conf=0.524 eta=1.5
[t+0s] alert#12 primary=advisory_clear conf=0.58 eta=9.4
[t+0s] alert#10 primary=advisory_clear conf=0.554 eta=9.4
[t+0s] alert#9 primary=confirmed_clear conf=0.473 eta=1.5
[t+0s] pipeline feed ready — waiting for Decide seed
[t+0s] alert#16 primary=advisory_clear conf=0.517 eta=1.5
[t+0s] alert#14 primary=advisory_clear conf=0.524 eta=1.5
[t+0s] alert#12 primary=advisory_clear conf=0.58 eta=9.4
[t+0s] alert#10 primary=advisory_clear conf=0.554 eta=9.4
[t+0s] alert#9 primary=confirmed_clear conf=0.473 eta=1.5
[t+0s] pipeline feed ready — waiting for Decide seed
[t+0s] alert#16 primary=advisory_clear conf=0.517 eta=1.5
[t+0s] alert#14 primary=advisory_clear conf=0.524 eta=1.5
[t+0s] alert#12 primary=advisory_clear conf=0.58 eta=9.4
[t+0s] alert#10 primary=advisory_clear conf=0.554 eta=9.4
[t+0s] alert#9 primary=confirmed_clear conf=0.473 eta=1.5
[t+0s] pipeline feed ready — waiting for Decide seed
[t+0s] alert#16 primary=advisory_clear conf=0.517 eta=1.5
[t+0s] alert#14 primary=advisory_clear conf=0.524 eta=1.5
[t+0s] alert#12 primary=advisory_clear conf=0.58 eta=9.4
[t+0s] alert#10 primary=advisory_clear conf=0.554 eta=9.4
[t+0s] alert#9 primary=confirmed_clear conf=0.473 eta=1.5
[t+0s] pipeline feed ready — waiting for Decide seed
[t+0s] alert#16 primary=advisory_clear conf=0.517 eta=1.5
[t+0s] alert#14 primary=advisory_clear conf=0.524 eta=1.5
[t+0s] alert#12 primary=advisory_clear conf=0.58 eta=9.4
[t+0s] alert#10 primary=advisory_clear conf=0.554 eta=9.4
[t+0s] alert#9 primary=confirmed_clear conf=0.473 eta=1.5
[t+0s] pipeline feed ready — waiting for Decide seed
[t+0s] alert#16 primary=advisory_clear conf=0.517 eta=1.5
[t+0s] alert#14 primary=advisory_clear conf=0.524 eta=1.5
[t+0s] alert#12 primary=advisory_clear conf=0.58 eta=9.4
[t+0s] alert#10 primary=advisory_clear conf=0.554 eta=9.4
[t+0s] alert#9 primary=confirmed_clear conf=0.473 eta=1.5
[t+0s] pipeline feed ready — waiting for Decide seed
[t+0s] alert#16 primary=advisory_clear conf=0.517 eta=1.5
[t+0s] alert#14 primary=advisory_clear conf=0.524 eta=1.5
[t+0s] alert#12 primary=advisory_clear conf=0.58 eta=9.4
[t+0s] alert#10 primary=advisory_clear conf=0.554 eta=9.4
[t+0s] alert#9 primary=confirmed_clear conf=0.473 eta=1.5
[t+0s] pipeline feed ready — waiting for Decide seed
[t+0s] alert#16 primary=advisory_clear conf=0.517 eta=1.5
[t+0s] alert#14 primary=advisory_clear conf=0.524 eta=1.5
[t+0s] alert#12 primary=advisory_clear conf=0.58 eta=9.4
[t+0s] alert#10 primary=advisory_clear conf=0.554 eta=9.4
[t+0s] alert#9 primary=confirmed_clear conf=0.473 eta=1.5
[t+0s] pipeline feed ready — waiting for Decide seed
[t+0s] alert#16 primary=advisory_clear conf=0.517 eta=1.5
[t+0s] alert#14 primary=advisory_clear conf=0.524 eta=1.5
[t+0s] alert#12 primary=advisory_clear conf=0.58 eta=9.4
[t+0s] alert#10 primary=advisory_clear conf=0.554 eta=9.4
[t+0s] alert#9 primary=confirmed_clear conf=0.473 eta=1.5
[t+0s] pipeline feed ready — waiting for Decide seed
[t+0s] alert#16 primary=advisory_clear conf=0.517 eta=1.5
[t+0s] alert#14 primary=advisory_clear conf=0.524 eta=1.5
[t+0s] alert#12 primary=advisory_clear conf=0.58 eta=9.4
[t+0s] alert#10 primary=advisory_clear conf=0.554 eta=9.4
[t+0s] alert#9 primary=confirmed_clear conf=0.473 eta=1.5
[t+0s] pipeline feed ready — waiting for Decide seed
[t+0s] alert#16 primary=advisory_clear conf=0.517 eta=1.5
[t+0s] alert#14 primary=advisory_clear conf=0.524 eta=1.5
[t+0s] alert#12 primary=advisory_clear conf=0.58 eta=9.4
[t+0s] alert#10 primary=advisory_clear conf=0.554 eta=9.4
[t+0s] alert#9 primary=confirmed_clear conf=0.473 eta=1.5
[t+0s] pipeline feed ready — waiting for Decide seed
[t+0s] alert#16 primary=advisory_clear conf=0.517 eta=1.5
[t+0s] alert#14 primary=advisory_clear conf=0.524 eta=1.5
[t+0s] alert#12 primary=advisory_clear conf=0.58 eta=9.4
[t+0s] alert#10 primary=advisory_clear conf=0.554 eta=9.4
[t+0s] alert#9 primary=confirmed_clear conf=0.473 eta=1.5
[t+0s] pipeline feed ready — waiting for Decide seed
[t+0s] alert#16 primary=advisory_clear conf=0.517 eta=1.5
[t+0s] alert#14 primary=advisory_clear conf=0.524 eta=1.5
[t+0s] alert#12 primary=advisory_clear conf=0.58 eta=9.4
[t+0s] alert#10 primary=advisory_clear conf=0.554 eta=9.4
[t+0s] alert#9 primary=confirmed_clear conf=0.473 eta=1.5
[t+0s] pipeline feed ready — waiting for Decide seed
[t+0s] alert#16 primary=advisory_clear conf=0.517 eta=1.5
[t+0s] alert#14 primary=advisory_clear conf=0.524 eta=1.5
[t+0s] alert#12 primary=advisory_clear conf=0.58 eta=9.4
[t+0s] alert#10 primary=advisory_clear conf=0.554 eta=9.4
[t+0s] alert#9 primary=confirmed_clear conf=0.473 eta=1.5
[t+0s] pipeline feed ready — waiting for Decide seed
[t+0s] alert#16 primary=advisory_clear conf=0.517 eta=1.5
[t+0s] alert#14 primary=advisory_clear conf=0.524 eta=1.5
[t+0s] alert#12 primary=advisory_clear conf=0.58 eta=9.4
[t+0s] alert#10 primary=advisory_clear conf=0.554 eta=9.4
[t+0s] alert#9 primary=confirmed_clear conf=0.473 eta=1.5
[t+0s] pipeline feed ready — waiting for Decide seed
[t+0s] alert#16 primary=advisory_clear conf=0.517 eta=1.5
[t+0s] alert#14 primary=advisory_clear conf=0.524 eta=1.5
[t+0s] alert#12 primary=advisory_clear conf=0.58 eta=9.4
[t+0s] alert#10 primary=advisory_clear conf=0.554 eta=9.4
[t+0s] alert#9 primary=confirmed_clear conf=0.473 eta=1.5
[t+0s] pipeline feed ready — waiting for Decide seed
[t+0s] alert#16 primary=advisory_clear conf=0.517 eta=1.5
[t+0s] alert#14 primary=advisory_clear conf=0.524 eta=1.5
[t+0s] alert#12 primary=advisory_clear conf=0.58 eta=9.4
[t+0s] alert#10 primary=advisory_clear conf=0.554 eta=9.4
[t+0s] alert#9 primary=confirmed_clear conf=0.473 eta=1.5
[t+0s] pipeline feed ready — waiting for Decide seed
[t+0s] alert#16 primary=advisory_clear conf=0.517 eta=1.5
[t+0s] alert#14 primary=advisory_clear conf=0.524 eta=1.5
[t+0s] alert#12 primary=advisory_clear conf=0.58 eta=9.4
[t+0s] alert#10 primary=advisory_clear conf=0.554 eta=9.4
[t+0s] alert#9 primary=confirmed_clear conf=0.473 eta=1.5
[t+0s] pipeline feed ready — waiting for Decide seed
[t+0s] alert#16 primary=advisory_clear conf=0.517 eta=1.5
[t+0s] alert#14 primary=advisory_clear conf=0.524 eta=1.5
[t+0s] alert#12 primary=advisory_clear conf=0.58 eta=9.4
[t+0s] alert#10 primary=advisory_clear conf=0.554 eta=9.4
[t+0s] alert#9 primary=confirmed_clear conf=0.473 eta=1.5
[t+0s] pipeline feed ready — waiting for Decide seed
[t+0s] alert#16 primary=advisory_clear conf=0.517 eta=1.5
[t+0s] alert#14 primary=advisory_clear conf=0.524 eta=1.5
[t+0s] alert#12 primary=advisory_clear conf=0.58 eta=9.4
[t+0s] alert#10 primary=advisory_clear conf=0.554 eta=9.4
[t+0s] alert#9 primary=confirmed_clear conf=0.473 eta=1.5
[t+0s] pipeline feed ready — waiting for Decide seed
[t+0s] alert#16 primary=advisory_clear conf=0.517 eta=1.5
[t+0s] alert#14 primary=advisory_clear conf=0.524 eta=1.5
[t+0s] alert#12 primary=advisory_clear conf=0.58 eta=9.4
[t+0s] alert#10 primary=advisory_clear conf=0.554 eta=9.4
[t+0s] alert#9 primary=confirmed_clear conf=0.473 eta=1.5
[t+0s] pipeline feed ready — waiting for Decide seed
[t+0s] alert#16 primary=advisory_clear conf=0.517 eta=1.5
[t+0s] alert#14 primary=advisory_clear conf=0.524 eta=1.5
[t+0s] alert#12 primary=advisory_clear conf=0.58 eta=9.4
[t+0s] alert#10 primary=advisory_clear conf=0.554 eta=9.4
[t+0s] alert#9 primary=confirmed_clear conf=0.473 eta=1.5
[t+0s] pipeline feed ready — waiting for Decide seed
[t+0s] alert#16 primary=advisory_clear conf=0.517 eta=1.5
[t+0s] alert#14 primary=advisory_clear conf=0.524 eta=1.5
[t+0s] alert#12 primary=advisory_clear conf=0.58 eta=9.4
[t+0s] alert#10 primary=advisory_clear conf=0.554 eta=9.4
[t+0s] alert#9 primary=confirmed_clear conf=0.473 eta=1.5
[t+0s] pipeline feed ready — waiting for Decide seed
[t+0s] alert#16 primary=advisory_clear conf=0.517 eta=1.5
[t+0s] alert#14 primary=advisory_clear conf=0.524 eta=1.5
[t+0s] alert#12 primary=advisory_clear conf=0.58 eta=9.4
[t+0s] alert#10 primary=advisory_clear conf=0.554 eta=9.4
[t+0s] alert#9 primary=confirmed_clear conf=0.473 eta=1.5
[t+0s] pipeline feed ready — waiting for Decide seed
[t+0s] alert#16 primary=advisory_clear conf=0.517 eta=1.5
[t+0s] alert#14 primary=advisory_clear conf=0.524 eta=1.5
[t+0s] alert#12 primary=advisory_clear conf=0.58 eta=9.4
[t+0s] alert#10 primary=advisory_clear conf=0.554 eta=9.4
[t+0s] alert#9 primary=confirmed_clear conf=0.473 eta=1.5
[t+0s] pipeline feed ready — waiting for Decide seed
[t+0s] alert#16 primary=advisory_clear conf=0.517 eta=1.5
[t+0s] alert#14 primary=advisory_clear conf=0.524 eta=1.5
[t+0s] alert#12 primary=advisory_clear conf=0.58 eta=9.4
[t+0s] alert#10 primary=advisory_clear conf=0.554 eta=9.4
[t+0s] alert#9 primary=confirmed_clear conf=0.473 eta=1.5
[t+0s] pipeline feed ready — waiting for Decide seed
[t+0s] alert#16 primary=advisory_clear conf=0.517 eta=1.5
[t+0s] alert#14 primary=advisory_clear conf=0.524 eta=1.5
[t+0s] alert#12 primary=advisory_clear conf=0.58 eta=9.4
[t+0s] alert#10 primary=advisory_clear conf=0.554 eta=9.4
[t+0s] alert#9 primary=confirmed_clear conf=0.473 eta=1.5
[t+0s] pipeline feed ready — waiting for Decide seed
[t+0s] alert#16 primary=advisory_clear conf=0.517 eta=1.5
[t+0s] alert#14 primary=advisory_clear conf=0.524 eta=1.5
[t+0s] alert#12 primary=advisory_clear conf=0.58 eta=9.4
[t+0s] alert#10 primary=advisory_clear conf=0.554 eta=9.4
[t+0s] alert#9 primary=confirmed_clear conf=0.473 eta=1.5
[t+0s] pipeline feed ready — waiting for Decide seed
[t+0s] alert#16 primary=advisory_clear conf=0.517 eta=1.5
[t+0s] alert#14 primary=advisory_clear conf=0.524 eta=1.5
[t+0s] alert#12 primary=advisory_clear conf=0.58 eta=9.4
[t+0s] alert#10 primary=advisory_clear conf=0.554 eta=9.4
[t+0s] alert#9 primary=confirmed_clear conf=0.473 eta=1.5
[t+0s] pipeline feed ready — waiting for Decide seed
[t+0s] alert#16 primary=advisory_clear conf=0.517 eta=1.5
[t+0s] alert#14 primary=advisory_clear conf=0.524 eta=1.5
[t+0s] alert#12 primary=advisory_clear conf=0.58 eta=9.4
[t+0s] alert#10 primary=advisory_clear conf=0.554 eta=9.4
[t+0s] alert#9 primary=confirmed_clear conf=0.473 eta=1.5
[t+0s] pipeline feed ready — waiting for Decide seed
[t+0s] alert#16 primary=advisory_clear conf=0.517 eta=1.5
[t+0s] alert#14 primary=advisory_clear conf=0.524 eta=1.5
[t+0s] alert#12 primary=advisory_clear conf=0.58 eta=9.4
[t+0s] alert#10 primary=advisory_clear conf=0.554 eta=9.4
[t+0s] alert#9 primary=confirmed_clear conf=0.473 eta=1.5
[t+0s] pipeline feed ready — waiting for Decide seed
[t+0s] alert#16 primary=advisory_clear conf=0.517 eta=1.5
[t+0s] alert#14 primary=advisory_clear conf=0.524 eta=1.5
[t+0s] alert#12 primary=advisory_clear conf=0.58 eta=9.4
[t+0s] alert#10 primary=advisory_clear conf=0.554 eta=9.4
[t+0s] alert#9 primary=confirmed_clear conf=0.473 eta=1.5
[t+0s] pipeline feed ready — waiting for Decide seed
[t+0s] alert#16 primary=advisory_clear conf=0.517 eta=1.5
[t+0s] alert#14 primary=advisory_clear conf=0.524 eta=1.5
[t+0s] alert#12 primary=advisory_clear conf=0.58 eta=9.4
[t+0s] alert#10 primary=advisory_clear conf=0.554 eta=9.4
[t+0s] alert#9 primary=confirmed_clear conf=0.473 eta=1.5
[t+0s] pipeline feed ready — waiting for Decide seed
[t+0s] alert#16 primary=advisory_clear conf=0.517 eta=1.5
[t+0s] alert#14 primary=advisory_clear conf=0.524 eta=1.5
[t+0s] alert#12 primary=advisory_clear conf=0.58 eta=9.4
[t+0s] alert#10 primary=advisory_clear conf=0.554 eta=9.4
[t+0s] alert#9 primary=confirmed_clear conf=0.473 eta=1.5
[t+0s] pipeline feed ready — waiting for Decide seed
[t+0s] alert#16 primary=advisory_clear conf=0.517 eta=1.5
[t+0s] alert#14 primary=advisory_clear conf=0.524 eta=1.5
[t+0s] alert#12 primary=advisory_clear conf=0.58 eta=9.4
[t+0s] alert#10 primary=advisory_clear conf=0.554 eta=9.4
[t+0s] alert#9 primary=confirmed_clear conf=0.473 eta=1.5
[t+0s] pipeline feed ready — waiting for Decide seed
[t+0s] alert#16 primary=advisory_clear conf=0.517 eta=1.5
[t+0s] alert#14 primary=advisory_clear conf=0.524 eta=1.5
[t+0s] alert#12 primary=advisory_clear conf=0.58 eta=9.4
[t+0s] alert#10 primary=advisory_clear conf=0.554 eta=9.4
[t+0s] alert#9 primary=confirmed_clear conf=0.473 eta=1.5
[t+0s] pipeline feed ready — waiting for Decide seed
[t+0s] alert#16 primary=advisory_clear conf=0.517 eta=1.5
[t+0s] alert#14 primary=advisory_clear conf=0.524 eta=1.5
[t+0s] alert#12 primary=advisory_clear conf=0.58 eta=9.4
[t+0s] alert#10 primary=advisory_clear conf=0.554 eta=9.4
[t+0s] alert#9 primary=confirmed_clear conf=0.473 eta=1.5
[t+0s] pipeline feed ready — waiting for Decide seed
[t+0s] alert#16 primary=advisory_clear conf=0.517 eta=1.5
[t+0s] alert#14 primary=advisory_clear conf=0.524 eta=1.5
[t+0s] alert#12 primary=advisory_clear conf=0.58 eta=9.4
[t+0s] alert#10 primary=advisory_clear conf=0.554 eta=9.4
[t+0s] alert#9 primary=confirmed_clear conf=0.473 eta=1.5
[t+0s] pipeline feed ready — waiting for Decide seed
[t+0s] alert#16 primary=advisory_clear conf=0.517 eta=1.5
[t+0s] alert#14 primary=advisory_clear conf=0.524 eta=1.5
[t+0s] alert#12 primary=advisory_clear conf=0.58 eta=9.4
[t+0s] alert#10 primary=advisory_clear conf=0.554 eta=9.4
[t+0s] alert#9 primary=confirmed_clear conf=0.473 eta=1.5
[t+0s] pipeline feed ready — waiting for Decide seed
[t+0s] alert#16 primary=advisory_clear conf=0.517 eta=1.5
[t+0s] alert#14 primary=advisory_clear conf=0.524 eta=1.5
[t+0s] alert#12 primary=advisory_clear conf=0.58 eta=9.4
[t+0s] alert#10 primary=advisory_clear conf=0.554 eta=9.4
[t+0s] alert#9 primary=confirmed_clear conf=0.473 eta=1.5
[t+0s] pipeline feed ready — waiting for Decide seed
[t+0s] alert#16 primary=advisory_clear conf=0.517 eta=1.5
[t+0s] alert#14 primary=advisory_clear conf=0.524 eta=1.5
[t+0s] alert#12 primary=advisory_clear conf=0.58 eta=9.4
[t+0s] alert#10 primary=advisory_clear conf=0.554 eta=9.4
[t+0s] alert#9 primary=confirmed_clear conf=0.473 eta=1.5
[t+0s] pipeline feed ready — waiting for Decide seed
[t+0s] alert#16 primary=advisory_clear conf=0.517 eta=1.5
[t+0s] alert#14 primary=advisory_clear conf=0.524 eta=1.5
[t+0s] alert#12 primary=advisory_clear conf=0.58 eta=9.4
[t+0s] alert#10 primary=advisory_clear conf=0.554 eta=9.4
[t+0s] alert#9 primary=confirmed_clear conf=0.473 eta=1.5
[t+0s] pipeline feed ready — waiting for Decide seed
[t+0s] alert#16 primary=advisory_clear conf=0.517 eta=1.5
[t+0s] alert#14 primary=advisory_clear conf=0.524 eta=1.5
[t+0s] alert#12 primary=advisory_clear conf=0.58 eta=9.4
[t+0s] alert#10 primary=advisory_clear conf=0.554 eta=9.4
[t+0s] alert#9 primary=confirmed_clear conf=0.473 eta=1.5
[t+0s] pipeline feed ready — waiting for Decide seed
[t+0s] alert#16 primary=advisory_clear conf=0.517 eta=1.5
[t+0s] alert#14 primary=advisory_clear conf=0.524 eta=1.5
[t+0s] alert#12 primary=advisory_clear conf=0.58 eta=9.4
[t+0s] alert#10 primary=advisory_clear conf=0.554 eta=9.4
[t+0s] alert#9 primary=confirmed_clear conf=0.473 eta=1.5
[t+0s] pipeline feed ready — waiting for Decide seed
[t+0s] alert#16 primary=advisory_clear conf=0.517 eta=1.5
[t+0s] alert#14 primary=advisory_clear conf=0.524 eta=1.5
[t+0s] alert#12 primary=advisory_clear conf=0.58 eta=9.4
[t+0s] alert#10 primary=advisory_clear conf=0.554 eta=9.4
[t+0s] alert#9 primary=confirmed_clear conf=0.473 eta=1.5
[t+0s] pipeline feed ready — waiting for Decide seed
[t+0s] alert#16 primary=advisory_clear conf=0.517 eta=1.5
[t+0s] alert#14 primary=advisory_clear conf=0.524 eta=1.5
[t+0s] alert#12 primary=advisory_clear conf=0.58 eta=9.4
[t+0s] alert#10 primary=advisory_clear conf=0.554 eta=9.4
[t+0s] alert#9 primary=confirmed_clear conf=0.473 eta=1.5
[t+0s] pipeline feed ready — waiting for Decide seed
[t+0s] alert#16 primary=advisory_clear conf=0.517 eta=1.5
[t+0s] alert#14 primary=advisory_clear conf=0.524 eta=1.5
[t+0s] alert#12 primary=advisory_clear conf=0.58 eta=9.4
[t+0s] alert#10 primary=advisory_clear conf=0.554 eta=9.4
[t+0s] alert#9 primary=confirmed_clear conf=0.473 eta=1.5
[t+0s] pipeline feed ready — waiting for Decide seed
[t+0s] alert#16 primary=advisory_clear conf=0.517 eta=1.5
[t+0s] alert#14 primary=advisory_clear conf=0.524 eta=1.5
[t+0s] alert#12 primary=advisory_clear conf=0.58 eta=9.4
[t+0s] alert#10 primary=advisory_clear conf=0.554 eta=9.4
[t+0s] alert#9 primary=confirmed_clear conf=0.473 eta=1.5
[t+0s] pipeline feed ready — waiting for Decide seed
[t+0s] alert#16 primary=advisory_clear conf=0.517 eta=1.5
[t+0s] alert#14 primary=advisory_clear conf=0.524 eta=1.5
[t+0s] alert#12 primary=advisory_clear conf=0.58 eta=9.4
[t+0s] alert#10 primary=advisory_clear conf=0.554 eta=9.4
[t+0s] alert#9 primary=confirmed_clear conf=0.473 eta=1.5
[t+0s] pipeline feed ready — waiting for Decide seed
[t+0s] alert#16 primary=advisory_clear conf=0.517 eta=1.5
[t+0s] alert#14 primary=advisory_clear conf=0.524 eta=1.5
[t+0s] alert#12 primary=advisory_clear conf=0.58 eta=9.4
[t+0s] alert#10 primary=advisory_clear conf=0.554 eta=9.4
[t+0s] alert#9 primary=confirmed_clear conf=0.473 eta=1.5
[t+0s] pipeline feed ready — waiting for Decide seed
[t+0s] alert#16 primary=advisory_clear conf=0.517 eta=1.5
[t+0s] alert#14 primary=advisory_clear conf=0.524 eta=1.5
[t+0s] alert#12 primary=advisory_clear conf=0.58 eta=9.4
[t+0s] alert#10 primary=advisory_clear conf=0.554 eta=9.4
[t+0s] alert#9 primary=confirmed_clear conf=0.473 eta=1.5
[t+0s] pipeline feed ready — waiting for Decide seed
[t+0s] alert#16 primary=advisory_clear conf=0.517 eta=1.5
[t+0s] alert#14 primary=advisory_clear conf=0.524 eta=1.5
[t+0s] alert#12 primary=advisory_clear conf=0.58 eta=9.4
[t+0s] alert#10 primary=advisory_clear conf=0.554 eta=9.4
[t+0s] alert#9 primary=confirmed_clear conf=0.473 eta=1.5
[t+0s] pipeline feed ready — waiting for Decide seed
[t+0s] alert#16 primary=advisory_clear conf=0.517 eta=1.5
[t+0s] alert#14 primary=advisory_clear conf=0.524 eta=1.5
[t+0s] alert#12 primary=advisory_clear conf=0.58 eta=9.4
[t+0s] alert#10 primary=advisory_clear conf=0.554 eta=9.4
[t+0s] alert#9 primary=confirmed_clear conf=0.473 eta=1.5
[t+0s] pipeline feed ready — waiting for Decide seed
[t+0s] alert#16 primary=advisory_clear conf=0.517 eta=1.5
[t+0s] alert#14 primary=advisory_clear conf=0.524 eta=1.5
[t+0s] alert#12 primary=advisory_clear conf=0.58 eta=9.4
[t+0s] alert#10 primary=advisory_clear conf=0.554 eta=9.4
[t+0s] alert#9 primary=confirmed_clear conf=0.473 eta=1.5
[t+0s] pipeline feed ready — waiting for Decide seed
[t+0s] alert#16 primary=advisory_clear conf=0.517 eta=1.5
[t+0s] alert#14 primary=advisory_clear conf=0.524 eta=1.5
[t+0s] alert#12 primary=advisory_clear conf=0.58 eta=9.4
[t+0s] alert#10 primary=advisory_clear conf=0.554 eta=9.4
[t+0s] alert#9 primary=confirmed_clear conf=0.473 eta=1.5
[t+0s] pipeline feed ready — waiting for Decide seed
[t+0s] alert#16 primary=advisory_clear conf=0.517 eta=1.5
[t+0s] alert#14 primary=advisory_clear conf=0.524 eta=1.5
[t+0s] alert#12 primary=advisory_clear conf=0.58 eta=9.4
[t+0s] alert#10 primary=advisory_clear conf=0.554 eta=9.4
[t+0s] alert#9 primary=confirmed_clear conf=0.473 eta=1.5
[t+0s] pipeline feed ready — waiting for Decide seed
[t+0s] alert#16 primary=advisory_clear conf=0.517 eta=1.5
[t+0s] alert#14 primary=advisory_clear conf=0.524 eta=1.5
[t+0s] alert#12 primary=advisory_clear conf=0.58 eta=9.4
[t+0s] alert#10 primary=advisory_clear conf=0.554 eta=9.4
[t+0s] alert#9 primary=confirmed_clear conf=0.473 eta=1.5
[t+0s] pipeline feed ready — waiting for Decide seed
[t+0s] alert#16 primary=advisory_clear conf=0.517 eta=1.5
[t+0s] alert#14 primary=advisory_clear conf=0.524 eta=1.5
[t+0s] alert#12 primary=advisory_clear conf=0.58 eta=9.4
[t+0s] alert#10 primary=advisory_clear conf=0.554 eta=9.4
[t+0s] alert#9 primary=confirmed_clear conf=0.473 eta=1.5
[t+0s] pipeline feed ready — waiting for Decide seed
[t+0s] alert#16 primary=advisory_clear conf=0.517 eta=1.5
[t+0s] alert#14 primary=advisory_clear conf=0.524 eta=1.5
[t+0s] alert#12 primary=advisory_clear conf=0.58 eta=9.4
[t+0s] alert#10 primary=advisory_clear conf=0.554 eta=9.4
[t+0s] alert#9 primary=confirmed_clear conf=0.473 eta=1.5
[t+0s] pipeline feed ready — waiting for Decide seed
[t+0s] alert#16 primary=advisory_clear conf=0.517 eta=1.5
[t+0s] alert#14 primary=advisory_clear conf=0.524 eta=1.5
[t+0s] alert#12 primary=advisory_clear conf=0.58 eta=9.4
[t+0s] alert#10 primary=advisory_clear conf=0.554 eta=9.4
[t+0s] alert#9 primary=confirmed_clear conf=0.473 eta=1.5
[t+0s] pipeline feed ready — waiting for Decide seed
[t+0s] alert#16 primary=advisory_clear conf=0.517 eta=1.5
[t+0s] alert#14 primary=advisory_clear conf=0.524 eta=1.5
[t+0s] alert#12 primary=advisory_clear conf=0.58 eta=9.4
[t+0s] alert#10 primary=advisory_clear conf=0.554 eta=9.4
[t+0s] alert#9 primary=confirmed_clear conf=0.473 eta=1.5
[t+0s] pipeline feed ready — waiting for Decide seed
[t+0s] alert#16 primary=advisory_clear conf=0.517 eta=1.5
[t+0s] alert#14 primary=advisory_clear conf=0.524 eta=1.5
[t+0s] alert#12 primary=advisory_clear conf=0.58 eta=9.4
[t+0s] alert#10 primary=advisory_clear conf=0.554 eta=9.4
[t+0s] alert#9 primary=confirmed_clear conf=0.473 eta=1.5
[t+0s] pipeline feed ready — waiting for Decide seed
[t+0s] alert#16 primary=advisory_clear conf=0.517 eta=1.5
[t+0s] alert#14 primary=advisory_clear conf=0.524 eta=1.5
[t+0s] alert#12 primary=advisory_clear conf=0.58 eta=9.4
[t+0s] alert#10 primary=advisory_clear conf=0.554 eta=9.4
[t+0s] alert#9 primary=confirmed_clear conf=0.473 eta=1.5
[t+0s] pipeline feed ready — waiting for Decide seed
[t+0s] alert#16 primary=advisory_clear conf=0.517 eta=1.5
[t+0s] alert#14 primary=advisory_clear conf=0.524 eta=1.5
[t+0s] alert#12 primary=advisory_clear conf=0.58 eta=9.4
[t+0s] alert#10 primary=advisory_clear conf=0.554 eta=9.4
[t+0s] alert#9 primary=confirmed_clear conf=0.473 eta=1.5
[t+0s] pipeline feed ready — waiting for Decide seed
[t+0s] alert#16 primary=advisory_clear conf=0.517 eta=1.5
[t+0s] alert#14 primary=advisory_clear conf=0.524 eta=1.5
[t+0s] alert#12 primary=advisory_clear conf=0.58 eta=9.4
[t+0s] alert#10 primary=advisory_clear conf=0.554 eta=9.4
[t+0s] alert#9 primary=confirmed_clear conf=0.473 eta=1.5
[t+0s] pipeline feed ready — waiting for Decide seed
[t+0s] alert#16 primary=advisory_clear conf=0.517 eta=1.5
[t+0s] alert#14 primary=advisory_clear conf=0.524 eta=1.5
[t+0s] alert#12 primary=advisory_clear conf=0.58 eta=9.4
[t+0s] alert#10 primary=advisory_clear conf=0.554 eta=9.4
[t+0s] alert#9 primary=confirmed_clear conf=0.473 eta=1.5
[t+0s] pipeline feed ready — waiting for Decide seed
[t+0s] alert#16 primary=advisory_clear conf=0.517 eta=1.5
[t+0s] alert#14 primary=advisory_clear conf=0.524 eta=1.5
[t+0s] alert#12 primary=advisory_clear conf=0.58 eta=9.4
[t+0s] alert#10 primary=advisory_clear conf=0.554 eta=9.4
[t+0s] alert#9 primary=confirmed_clear conf=0.473 eta=1.5
[t+0s] pipeline feed ready — waiting for Decide seed
[t+0s] alert#16 primary=advisory_clear conf=0.517 eta=1.5
[t+0s] alert#14 primary=advisory_clear conf=0.524 eta=1.5
[t+0s] alert#12 primary=advisory_clear conf=0.58 eta=9.4
[t+0s] alert#10 primary=advisory_clear conf=0.554 eta=9.4
[t+0s] alert#9 primary=confirmed_clear conf=0.473 eta=1.5
[t+0s] pipeline feed ready — waiting for Decide seed
[t+0s] alert#16 primary=advisory_clear conf=0.517 eta=1.5
[t+0s] alert#14 primary=advisory_clear conf=0.524 eta=1.5
[t+0s] alert#12 primary=advisory_clear conf=0.58 eta=9.4
[t+0s] alert#10 primary=advisory_clear conf=0.554 eta=9.4
[t+0s] alert#9 primary=confirmed_clear conf=0.473 eta=1.5
[t+0s] pipeline feed ready — waiting for Decide seed
[t+0s] alert#16 primary=advisory_clear conf=0.517 eta=1.5
[t+0s] alert#14 primary=advisory_clear conf=0.524 eta=1.5
[t+0s] alert#12 primary=advisory_clear conf=0.58 eta=9.4
[t+0s] alert#10 primary=advisory_clear conf=0.554 eta=9.4
[t+0s] alert#9 primary=confirmed_clear conf=0.473 eta=1.5
[t+0s] pipeline feed ready — waiting for Decide seed
[t+0s] alert#16 primary=advisory_clear conf=0.517 eta=1.5
[t+0s] alert#14 primary=advisory_clear conf=0.524 eta=1.5
[t+0s] alert#12 primary=advisory_clear conf=0.58 eta=9.4
[t+0s] alert#10 primary=advisory_clear conf=0.554 eta=9.4
[t+0s] alert#9 primary=confirmed_clear conf=0.473 eta=1.5
[t+0s] pipeline feed ready — waiting for Decide seed
[t+0s] alert#16 primary=advisory_clear conf=0.517 eta=1.5
[t+0s] alert#14 primary=advisory_clear conf=0.524 eta=1.5
[t+0s] alert#12 primary=advisory_clear conf=0.58 eta=9.4
[t+0s] alert#10 primary=advisory_clear conf=0.554 eta=9.4
[t+0s] alert#9 primary=confirmed_clear conf=0.473 eta=1.5
[t+0s] pipeline feed ready — waiting for Decide seed
[t+0s] alert#16 primary=advisory_clear conf=0.517 eta=1.5
[t+0s] alert#14 primary=advisory_clear conf=0.524 eta=1.5
[t+0s] alert#12 primary=advisory_clear conf=0.58 eta=9.4
[t+0s] alert#10 primary=advisory_clear conf=0.554 eta=9.4
[t+0s] alert#9 primary=confirmed_clear conf=0.473 eta=1.5
[t+0s] pipeline feed ready — waiting for Decide seed
[t+0s] alert#16 primary=advisory_clear conf=0.517 eta=1.5
[t+0s] alert#14 primary=advisory_clear conf=0.524 eta=1.5
[t+0s] alert#12 primary=advisory_clear conf=0.58 eta=9.4
[t+0s] alert#10 primary=advisory_clear conf=0.554 eta=9.4
[t+0s] alert#9 primary=confirmed_clear conf=0.473 eta=1.5
[t+0s] pipeline feed ready — waiting for Decide seed
[t+0s] alert#16 primary=advisory_clear conf=0.517 eta=1.5
[t+0s] alert#14 primary=advisory_clear conf=0.524 eta=1.5
[t+0s] alert#12 primary=advisory_clear conf=0.58 eta=9.4
[t+0s] alert#10 primary=advisory_clear conf=0.554 eta=9.4
[t+0s] alert#9 primary=confirmed_clear conf=0.473 eta=1.5
[t+0s] pipeline feed ready — waiting for Decide seed
[t+0s] alert#16 primary=advisory_clear conf=0.517 eta=1.5
[t+0s] alert#14 primary=advisory_clear conf=0.524 eta=1.5
[t+0s] alert#12 primary=advisory_clear conf=0.58 eta=9.4
[t+0s] alert#10 primary=advisory_clear conf=0.554 eta=9.4
[t+0s] alert#9 primary=confirmed_clear conf=0.473 eta=1.5
[t+0s] pipeline feed ready — waiting for Decide seed
[t+0s] alert#16 primary=advisory_clear conf=0.517 eta=1.5
[t+0s] alert#14 primary=advisory_clear conf=0.524 eta=1.5
[t+0s] alert#12 primary=advisory_clear conf=0.58 eta=9.4
[t+0s] alert#10 primary=advisory_clear conf=0.554 eta=9.4
[t+0s] alert#9 primary=confirmed_clear conf=0.473 eta=1.5
[t+0s] pipeline feed ready — waiting for Decide seed
[t+0s] alert#16 primary=advisory_clear conf=0.517 eta=1.5
[t+0s] alert#14 primary=advisory_clear conf=0.524 eta=1.5
[t+0s] alert#12 primary=advisory_clear conf=0.58 eta=9.4
[t+0s] alert#10 primary=advisory_clear conf=0.554 eta=9.4
[t+0s] alert#9 primary=confirmed_clear conf=0.473 eta=1.5
[t+0s] pipeline feed ready — waiting for Decide seed
[t+0s] alert#16 primary=advisory_clear conf=0.517 eta=1.5
[t+0s] alert#14 primary=advisory_clear conf=0.524 eta=1.5
[t+0s] alert#12 primary=advisory_clear conf=0.58 eta=9.4
[t+0s] alert#10 primary=advisory_clear conf=0.554 eta=9.4
[t+0s] alert#9 primary=confirmed_clear conf=0.473 eta=1.5
[t+0s] pipeline feed ready — waiting for Decide seed
[t+0s] alert#16 primary=advisory_clear conf=0.517 eta=1.5
[t+0s] alert#14 primary=advisory_clear conf=0.524 eta=1.5
[t+0s] alert#12 primary=advisory_clear conf=0.58 eta=9.4
[t+0s] alert#10 primary=advisory_clear conf=0.554 eta=9.4
[t+0s] alert#9 primary=confirmed_clear conf=0.473 eta=1.5
[t+0s] pipeline feed ready — waiting for Decide seed
[t+0s] alert#16 primary=advisory_clear conf=0.517 eta=1.5
[t+0s] alert#14 primary=advisory_clear conf=0.524 eta=1.5
[t+0s] alert#12 primary=advisory_clear conf=0.58 eta=9.4
[t+0s] alert#10 primary=advisory_clear conf=0.554 eta=9.4
[t+0s] alert#9 primary=confirmed_clear conf=0.473 eta=1.5
[t+0s] pipeline feed ready — waiting for Decide seed
[t+0s] alert#16 primary=advisory_clear conf=0.517 eta=1.5
[t+0s] alert#14 primary=advisory_clear conf=0.524 eta=1.5
[t+0s] alert#12 primary=advisory_clear conf=0.58 eta=9.4
[t+0s] alert#10 primary=advisory_clear conf=0.554 eta=9.4
[t+0s] alert#9 primary=confirmed_clear conf=0.473 eta=1.5
[t+0s] pipeline feed ready — waiting for Decide seed
[t+0s] alert#16 primary=advisory_clear conf=0.517 eta=1.5
[t+0s] alert#14 primary=advisory_clear conf=0.524 eta=1.5
[t+0s] alert#12 primary=advisory_clear conf=0.58 eta=9.4
[t+0s] alert#10 primary=advisory_clear conf=0.554 eta=9.4
[t+0s] alert#9 primary=confirmed_clear conf=0.473 eta=1.5
[t+0s] pipeline feed ready — waiting for Decide seed
[t+0s] alert#16 primary=advisory_clear conf=0.517 eta=1.5
[t+0s] alert#14 primary=advisory_clear conf=0.524 eta=1.5
[t+0s] alert#12 primary=advisory_clear conf=0.58 eta=9.4
[t+0s] alert#10 primary=advisory_clear conf=0.554 eta=9.4
[t+0s] alert#9 primary=confirmed_clear conf=0.473 eta=1.5
[t+0s] pipeline feed ready — waiting for Decide seed
[t+0s] alert#16 primary=advisory_clear conf=0.517 eta=1.5
[t+0s] alert#14 primary=advisory_clear conf=0.524 eta=1.5
[t+0s] alert#12 primary=advisory_clear conf=0.58 eta=9.4
[t+0s] alert#10 primary=advisory_clear conf=0.554 eta=9.4
[t+0s] alert#9 primary=confirmed_clear conf=0.473 eta=1.5
[t+0s] pipeline feed ready — waiting for Decide seed
[t+0s] alert#16 primary=advisory_clear conf=0.517 eta=1.5
[t+0s] alert#14 primary=advisory_clear conf=0.524 eta=1.5
[t+0s] alert#12 primary=advisory_clear conf=0.58 eta=9.4
[t+0s] alert#10 primary=advisory_clear conf=0.554 eta=9.4
[t+0s] alert#9 primary=confirmed_clear conf=0.473 eta=1.5
[t+0s] pipeline feed ready — waiting for Decide seed
[t+0s] alert#16 primary=advisory_clear conf=0.517 eta=1.5
[t+0s] alert#14 primary=advisory_clear conf=0.524 eta=1.5
[t+0s] alert#12 primary=advisory_clear conf=0.58 eta=9.4
[t+0s] alert#10 primary=advisory_clear conf=0.554 eta=9.4
[t+0s] alert#9 primary=confirmed_clear conf=0.473 eta=1.5
[t+0s] pipeline feed ready — waiting for Decide seed
[t+0s] alert#16 primary=advisory_clear conf=0.517 eta=1.5
[t+0s] alert#14 primary=advisory_clear conf=0.524 eta=1.5
[t+0s] alert#12 primary=advisory_clear conf=0.58 eta=9.4
[t+0s] alert#10 primary=advisory_clear conf=0.554 eta=9.4
[t+0s] alert#9 primary=confirmed_clear conf=0.473 eta=1.5
[t+0s] pipeline feed ready — waiting for Decide seed
[t+0s] alert#16 primary=advisory_clear conf=0.517 eta=1.5
[t+0s] alert#14 primary=advisory_clear conf=0.524 eta=1.5
[t+0s] alert#12 primary=advisory_clear conf=0.58 eta=9.4
[t+0s] alert#10 primary=advisory_clear conf=0.554 eta=9.4
[t+0s] alert#9 primary=confirmed_clear conf=0.473 eta=1.5
[t+0s] pipeline feed ready — waiting for Decide seed
[t+0s] alert#16 primary=advisory_clear conf=0.517 eta=1.5
[t+0s] alert#14 primary=advisory_clear conf=0.524 eta=1.5
[t+0s] alert#12 primary=advisory_clear conf=0.58 eta=9.4
[t+0s] alert#10 primary=advisory_clear conf=0.554 eta=9.4
[t+0s] alert#9 primary=confirmed_clear conf=0.473 eta=1.5
[t+0s] pipeline feed ready — waiting for Decide seed
[t+0s] alert#16 primary=advisory_clear conf=0.517 eta=1.5
[t+0s] alert#14 primary=advisory_clear conf=0.524 eta=1.5
[t+0s] alert#12 primary=advisory_clear conf=0.58 eta=9.4
[t+0s] alert#10 primary=advisory_clear conf=0.554 eta=9.4
[t+0s] alert#9 primary=confirmed_clear conf=0.473 eta=1.5
[t+0s] pipeline feed ready — waiting for Decide seed
[t+0s] alert#16 primary=advisory_clear conf=0.517 eta=1.5
[t+0s] alert#14 primary=advisory_clear conf=0.524 eta=1.5
[t+0s] alert#12 primary=advisory_clear conf=0.58 eta=9.4
[t+0s] alert#10 primary=advisory_clear conf=0.554 eta=9.4
[t+0s] alert#9 primary=confirmed_clear conf=0.473 eta=1.5
[t+0s] pipeline feed ready — waiting for Decide seed
[t+0s] alert#16 primary=advisory_clear conf=0.517 eta=1.5
[t+0s] alert#14 primary=advisory_clear conf=0.524 eta=1.5
[t+0s] alert#12 primary=advisory_clear conf=0.58 eta=9.4
[t+0s] alert#10 primary=advisory_clear conf=0.554 eta=9.4
[t+0s] alert#9 primary=confirmed_clear conf=0.473 eta=1.5
[t+0s] pipeline feed ready — waiting for Decide seed
[t+0s] alert#16 primary=advisory_clear conf=0.517 eta=1.5
[t+0s] alert#14 primary=advisory_clear conf=0.524 eta=1.5
[t+0s] alert#12 primary=advisory_clear conf=0.58 eta=9.4
[t+0s] alert#10 primary=advisory_clear conf=0.554 eta=9.4
[t+0s] alert#9 primary=confirmed_clear conf=0.473 eta=1.5
[t+0s] pipeline feed ready — waiting for Decide seed
[t+0s] alert#16 primary=advisory_clear conf=0.517 eta=1.5
[t+0s] alert#14 primary=advisory_clear conf=0.524 eta=1.5
[t+0s] alert#12 primary=advisory_clear conf=0.58 eta=9.4
[t+0s] alert#10 primary=advisory_clear conf=0.554 eta=9.4
[t+0s] alert#9 primary=confirmed_clear conf=0.473 eta=1.5
[t+0s] pipeline feed ready — waiting for Decide seed
[t+0s] alert#16 primary=advisory_clear conf=0.517 eta=1.5
[t+0s] alert#14 primary=advisory_clear conf=0.524 eta=1.5
[t+0s] alert#12 primary=advisory_clear conf=0.58 eta=9.4
[t+0s] alert#10 primary=advisory_clear conf=0.554 eta=9.4
[t+0s] alert#9 primary=confirmed_clear conf=0.473 eta=1.5
[t+0s] pipeline feed ready — waiting for Decide seed
[t+0s] alert#16 primary=advisory_clear conf=0.517 eta=1.5
[t+0s] alert#14 primary=advisory_clear conf=0.524 eta=1.5
[t+0s] alert#12 primary=advisory_clear conf=0.58 eta=9.4
[t+0s] alert#10 primary=advisory_clear conf=0.554 eta=9.4
[t+0s] alert#9 primary=confirmed_clear conf=0.473 eta=1.5
[t+0s] pipeline feed ready — waiting for Decide seed
[t+0s] alert#16 primary=advisory_clear conf=0.517 eta=1.5
[t+0s] alert#14 primary=advisory_clear conf=0.524 eta=1.5
[t+0s] alert#12 primary=advisory_clear conf=0.58 eta=9.4
[t+0s] alert#10 primary=advisory_clear conf=0.554 eta=9.4
[t+0s] alert#9 primary=confirmed_clear conf=0.473 eta=1.5
[t+0s] pipeline feed ready — waiting for Decide seed
[t+0s] alert#16 primary=advisory_clear conf=0.517 eta=1.5
[t+0s] alert#14 primary=advisory_clear conf=0.524 eta=1.5
[t+0s] alert#12 primary=advisory_clear conf=0.58 eta=9.4
[t+0s] alert#10 primary=advisory_clear conf=0.554 eta=9.4
[t+0s] alert#9 primary=confirmed_clear conf=0.473 eta=1.5
[t+0s] pipeline feed ready — waiting for Decide seed
[t+0s] alert#16 primary=advisory_clear conf=0.517 eta=1.5
[t+0s] alert#14 primary=advisory_clear conf=0.524 eta=1.5
[t+0s] alert#12 primary=advisory_clear conf=0.58 eta=9.4
[t+0s] alert#10 primary=advisory_clear conf=0.554 eta=9.4
[t+0s] alert#9 primary=confirmed_clear conf=0.473 eta=1.5
[t+0s] pipeline feed ready — waiting for Decide seed
[t+0s] alert#16 primary=advisory_clear conf=0.517 eta=1.5
[t+0s] alert#14 primary=advisory_clear conf=0.524 eta=1.5
[t+0s] alert#12 primary=advisory_clear conf=0.58 eta=9.4
[t+0s] alert#10 primary=advisory_clear conf=0.554 eta=9.4
[t+0s] alert#9 primary=confirmed_clear conf=0.473 eta=1.5
[t+0s] pipeline feed ready — waiting for Decide seed
[t+0s] alert#16 primary=advisory_clear conf=0.517 eta=1.5
[t+0s] alert#14 primary=advisory_clear conf=0.524 eta=1.5
[t+0s] alert#12 primary=advisory_clear conf=0.58 eta=9.4
[t+0s] alert#10 primary=advisory_clear conf=0.554 eta=9.4
[t+0s] alert#9 primary=confirmed_clear conf=0.473 eta=1.5
[t+0s] pipeline feed ready — waiting for Decide seed
[t+0s] alert#16 primary=advisory_clear conf=0.517 eta=1.5
[t+0s] alert#14 primary=advisory_clear conf=0.524 eta=1.5
[t+0s] alert#12 primary=advisory_clear conf=0.58 eta=9.4
[t+0s] alert#10 primary=advisory_clear conf=0.554 eta=9.4
[t+0s] alert#9 primary=confirmed_clear conf=0.473 eta=1.5
[t+0s] pipeline feed ready — waiting for Decide seed
[t+0s] alert#16 primary=advisory_clear conf=0.517 eta=1.5
[t+0s] alert#14 primary=advisory_clear conf=0.524 eta=1.5
[t+0s] alert#12 primary=advisory_clear conf=0.58 eta=9.4
[t+0s] alert#10 primary=advisory_clear conf=0.554 eta=9.4
[t+0s] alert#9 primary=confirmed_clear conf=0.473 eta=1.5
[t+0s] pipeline feed ready — waiting for Decide seed
[t+0s] alert#16 primary=advisory_clear conf=0.517 eta=1.5
[t+0s] alert#14 primary=advisory_clear conf=0.524 eta=1.5
[t+0s] alert#12 primary=advisory_clear conf=0.58 eta=9.4
[t+0s] alert#10 primary=advisory_clear conf=0.554 eta=9.4
[t+0s] alert#9 primary=confirmed_clear conf=0.473 eta=1.5
[t+0s] pipeline feed ready — waiting for Decide seed
[t+0s] alert#16 primary=advisory_clear conf=0.517 eta=1.5
[t+0s] alert#14 primary=advisory_clear conf=0.524 eta=1.5
[t+0s] alert#12 primary=advisory_clear conf=0.58 eta=9.4
[t+0s] alert#10 primary=advisory_clear conf=0.554 eta=9.4
[t+0s] alert#9 primary=confirmed_clear conf=0.473 eta=1.5
[t+0s] pipeline feed ready — waiting for Decide seed
[t+0s] alert#16 primary=advisory_clear conf=0.517 eta=1.5
[t+0s] alert#14 primary=advisory_clear conf=0.524 eta=1.5
[t+0s] alert#12 primary=advisory_clear conf=0.58 eta=9.4
[t+0s] alert#10 primary=advisory_clear conf=0.554 eta=9.4
[t+0s] alert#9 primary=confirmed_clear conf=0.473 eta=1.5
[t+0s] pipeline feed ready — waiting for Decide seed
[t+0s] alert#16 primary=advisory_clear conf=0.517 eta=1.5
[t+0s] alert#14 primary=advisory_clear conf=0.524 eta=1.5
[t+0s] alert#12 primary=advisory_clear conf=0.58 eta=9.4
[t+0s] alert#10 primary=advisory_clear conf=0.554 eta=9.4
[t+0s] alert#9 primary=confirmed_clear conf=0.473 eta=1.5
[t+0s] pipeline feed ready — waiting for Decide seed
[t+0s] alert#16 primary=advisory_clear conf=0.517 eta=1.5
[t+0s] alert#14 primary=advisory_clear conf=0.524 eta=1.5
[t+0s] alert#12 primary=advisory_clear conf=0.58 eta=9.4
[t+0s] alert#10 primary=advisory_clear conf=0.554 eta=9.4
[t+0s] alert#9 primary=confirmed_clear conf=0.473 eta=1.5
[t+0s] pipeline feed ready — waiting for Decide seed
[t+0s] alert#16 primary=advisory_clear conf=0.517 eta=1.5
[t+0s] alert#14 primary=advisory_clear conf=0.524 eta=1.5
[t+0s] alert#12 primary=advisory_clear conf=0.58 eta=9.4
[t+0s] alert#10 primary=advisory_clear conf=0.554 eta=9.4
[t+0s] alert#9 primary=confirmed_clear conf=0.473 eta=1.5
[t+0s] pipeline feed ready — waiting for Decide seed
[t+0s] alert#16 primary=advisory_clear conf=0.517 eta=1.5
[t+0s] alert#14 primary=advisory_clear conf=0.524 eta=1.5
[t+0s] alert#12 primary=advisory_clear conf=0.58 eta=9.4
[t+0s] alert#10 primary=advisory_clear conf=0.554 eta=9.4
[t+0s] alert#9 primary=confirmed_clear conf=0.473 eta=1.5
[t+0s] pipeline feed ready — waiting for Decide seed
[t+0s] alert#16 primary=advisory_clear conf=0.517 eta=1.5
[t+0s] alert#14 primary=advisory_clear conf=0.524 eta=1.5
[t+0s] alert#12 primary=advisory_clear conf=0.58 eta=9.4
[t+0s] alert#10 primary=advisory_clear conf=0.554 eta=9.4
[t+0s] alert#9 primary=confirmed_clear conf=0.473 eta=1.5
[t+0s] pipeline feed ready — waiting for Decide seed
[t+0s] alert#16 primary=advisory_clear conf=0.517 eta=1.5
[t+0s] alert#14 primary=advisory_clear conf=0.524 eta=1.5
[t+0s] alert#12 primary=advisory_clear conf=0.58 eta=9.4
[t+0s] alert#10 primary=advisory_clear conf=0.554 eta=9.4
[t+0s] alert#9 primary=confirmed_clear conf=0.473 eta=1.5
[t+0s] pipeline feed ready — waiting for Decide seed
[t+0s] alert#16 primary=advisory_clear conf=0.517 eta=1.5
[t+0s] alert#14 primary=advisory_clear conf=0.524 eta=1.5
[t+0s] alert#12 primary=advisory_clear conf=0.58 eta=9.4
[t+0s] alert#10 primary=advisory_clear conf=0.554 eta=9.4
[t+0s] alert#9 primary=confirmed_clear conf=0.473 eta=1.5
[t+0s] pipeline feed ready — waiting for Decide seed
[t+0s] alert#16 primary=advisory_clear conf=0.517 eta=1.5
[t+0s] alert#14 primary=advisory_clear conf=0.524 eta=1.5
[t+0s] alert#12 primary=advisory_clear conf=0.58 eta=9.4
[t+0s] alert#10 primary=advisory_clear conf=0.554 eta=9.4
[t+0s] alert#9 primary=confirmed_clear conf=0.473 eta=1.5
[t+0s] pipeline feed ready — waiting for Decide seed
[t+0s] alert#16 primary=advisory_clear conf=0.517 eta=1.5
[t+0s] alert#14 primary=advisory_clear conf=0.524 eta=1.5
[t+0s] alert#12 primary=advisory_clear conf=0.58 eta=9.4
[t+0s] alert#10 primary=advisory_clear conf=0.554 eta=9.4
[t+0s] alert#9 primary=confirmed_clear conf=0.473 eta=1.5
[t+0s] pipeline feed ready — waiting for Decide seed
[t+0s] alert#16 primary=advisory_clear conf=0.517 eta=1.5
[t+0s] alert#14 primary=advisory_clear conf=0.524 eta=1.5
[t+0s] alert#12 primary=advisory_clear conf=0.58 eta=9.4
[t+0s] alert#10 primary=advisory_clear conf=0.554 eta=9.4
[t+0s] alert#9 primary=confirmed_clear conf=0.473 eta=1.5
[t+0s] pipeline feed ready — waiting for Decide seed
[t+0s] alert#16 primary=advisory_clear conf=0.517 eta=1.5
[t+0s] alert#14 primary=advisory_clear conf=0.524 eta=1.5
[t+0s] alert#12 primary=advisory_clear conf=0.58 eta=9.4
[t+0s] alert#10 primary=advisory_clear conf=0.554 eta=9.4
[t+0s] alert#9 primary=confirmed_clear conf=0.473 eta=1.5
[t+0s] pipeline feed ready — waiting for Decide seed
[t+0s] alert#16 primary=advisory_clear conf=0.517 eta=1.5
[t+0s] alert#14 primary=advisory_clear conf=0.524 eta=1.5
[t+0s] alert#12 primary=advisory_clear conf=0.58 eta=9.4
[t+0s] alert#10 primary=advisory_clear conf=0.554 eta=9.4
[t+0s] alert#9 primary=confirmed_clear conf=0.473 eta=1.5
[t+0s] pipeline feed ready — waiting for Decide seed
[t+0s] alert#16 primary=advisory_clear conf=0.517 eta=1.5
[t+0s] alert#14 primary=advisory_clear conf=0.524 eta=1.5
[t+0s] alert#12 primary=advisory_clear conf=0.58 eta=9.4
[t+0s] alert#10 primary=advisory_clear conf=0.554 eta=9.4
[t+0s] alert#9 primary=confirmed_clear conf=0.473 eta=1.5
[t+0s] pipeline feed ready — waiting for Decide seed
[t+0s] alert#16 primary=advisory_clear conf=0.517 eta=1.5
[t+0s] alert#14 primary=advisory_clear conf=0.524 eta=1.5
[t+0s] alert#12 primary=advisory_clear conf=0.58 eta=9.4
[t+0s] alert#10 primary=advisory_clear conf=0.554 eta=9.4
[t+0s] alert#9 primary=confirmed_clear conf=0.473 eta=1.5
[t+0s] pipeline feed ready — waiting for Decide seed
[t+0s] alert#16 primary=advisory_clear conf=0.517 eta=1.5
[t+0s] alert#14 primary=advisory_clear conf=0.524 eta=1.5
[t+0s] alert#12 primary=advisory_clear conf=0.58 eta=9.4
[t+0s] alert#10 primary=advisory_clear conf=0.554 eta=9.4
[t+0s] alert#9 primary=confirmed_clear conf=0.473 eta=1.5
[t+0s] pipeline feed ready — waiting for Decide seed
[t+0s] alert#16 primary=advisory_clear conf=0.517 eta=1.5
[t+0s] alert#14 primary=advisory_clear conf=0.524 eta=1.5
[t+0s] alert#12 primary=advisory_clear conf=0.58 eta=9.4
[t+0s] alert#10 primary=advisory_clear conf=0.554 eta=9.4
[t+0s] alert#9 primary=confirmed_clear conf=0.473 eta=1.5
[t+0s] pipeline feed ready — waiting for Decide seed
[t+0s] alert#16 primary=advisory_clear conf=0.517 eta=1.5
[t+0s] alert#14 primary=advisory_clear conf=0.524 eta=1.5
[t+0s] alert#12 primary=advisory_clear conf=0.58 eta=9.4
[t+0s] alert#10 primary=advisory_clear conf=0.554 eta=9.4
[t+0s] alert#9 primary=confirmed_clear conf=0.473 eta=1.5
[t+0s] pipeline feed ready — waiting for Decide seed
[t+0s] alert#16 primary=advisory_clear conf=0.517 eta=1.5
[t+0s] alert#14 primary=advisory_clear conf=0.524 eta=1.5
[t+0s] alert#12 primary=advisory_clear conf=0.58 eta=9.4
[t+0s] alert#10 primary=advisory_clear conf=0.554 eta=9.4
[t+0s] alert#9 primary=confirmed_clear conf=0.473 eta=1.5
[t+0s] pipeline feed ready — waiting for Decide seed
[t+0s] alert#16 primary=advisory_clear conf=0.517 eta=1.5
[t+0s] alert#14 primary=advisory_clear conf=0.524 eta=1.5
[t+0s] alert#12 primary=advisory_clear conf=0.58 eta=9.4
[t+0s] alert#10 primary=advisory_clear conf=0.554 eta=9.4
[t+0s] alert#9 primary=confirmed_clear conf=0.473 eta=1.5
[t+0s] pipeline feed ready — waiting for Decide seed
[t+0s] alert#16 primary=advisory_clear conf=0.517 eta=1.5
[t+0s] alert#14 primary=advisory_clear conf=0.524 eta=1.5
[t+0s] alert#12 primary=advisory_clear conf=0.58 eta=9.4
[t+0s] alert#10 primary=advisory_clear conf=0.554 eta=9.4
[t+0s] alert#9 primary=confirmed_clear conf=0.473 eta=1.5
[t+0s] pipeline feed ready — waiting for Decide seed
[t+0s] alert#16 primary=advisory_clear conf=0.517 eta=1.5
[t+0s] alert#14 primary=advisory_clear conf=0.524 eta=1.5
[t+0s] alert#12 primary=advisory_clear conf=0.58 eta=9.4
[t+0s] alert#10 primary=advisory_clear conf=0.554 eta=9.4
[t+0s] alert#9 primary=confirmed_clear conf=0.473 eta=1.5
[t+0s] pipeline feed ready — waiting for Decide seed
[t+0s] alert#16 primary=advisory_clear conf=0.517 eta=1.5
[t+0s] alert#14 primary=advisory_clear conf=0.524 eta=1.5
[t+0s] alert#12 primary=advisory_clear conf=0.58 eta=9.4
[t+0s] alert#10 primary=advisory_clear conf=0.554 eta=9.4
[t+0s] alert#9 primary=confirmed_clear conf=0.473 eta=1.5
[t+0s] pipeline feed ready — waiting for Decide seed
[t+0s] alert#16 primary=advisory_clear conf=0.517 eta=1.5
[t+0s] alert#14 primary=advisory_clear conf=0.524 eta=1.5
[t+0s] alert#12 primary=advisory_clear conf=0.58 eta=9.4
[t+0s] alert#10 primary=advisory_clear conf=0.554 eta=9.4
[t+0s] alert#9 primary=confirmed_clear conf=0.473 eta=1.5
[t+0s] pipeline feed ready — waiting for Decide seed
[t+0s] alert#16 primary=advisory_clear conf=0.517 eta=1.5
[t+0s] alert#14 primary=advisory_clear conf=0.524 eta=1.5
[t+0s] alert#12 primary=advisory_clear conf=0.58 eta=9.4
[t+0s] alert#10 primary=advisory_clear conf=0.554 eta=9.4
[t+0s] alert#9 primary=confirmed_clear conf=0.473 eta=1.5
[t+0s] pipeline feed ready — waiting for Decide seed
[t+0s] alert#16 primary=advisory_clear conf=0.517 eta=1.5
[t+0s] alert#14 primary=advisory_clear conf=0.524 eta=1.5
[t+0s] alert#12 primary=advisory_clear conf=0.58 eta=9.4
[t+0s] alert#10 primary=advisory_clear conf=0.554 eta=9.4
[t+0s] alert#9 primary=confirmed_clear conf=0.473 eta=1.5
[t+0s] pipeline feed ready — waiting for Decide seed
[t+0s] alert#16 primary=advisory_clear conf=0.517 eta=1.5
[t+0s] alert#14 primary=advisory_clear conf=0.524 eta=1.5
[t+0s] alert#12 primary=advisory_clear conf=0.58 eta=9.4
[t+0s] alert#10 primary=advisory_clear conf=0.554 eta=9.4
[t+0s] alert#9 primary=confirmed_clear conf=0.473 eta=1.5
[t+0s] pipeline feed ready — waiting for Decide seed
[t+0s] alert#16 primary=advisory_clear conf=0.517 eta=1.5
[t+0s] alert#14 primary=advisory_clear conf=0.524 eta=1.5
[t+0s] alert#12 primary=advisory_clear conf=0.58 eta=9.4
[t+0s] alert#10 primary=advisory_clear conf=0.554 eta=9.4
[t+0s] alert#9 primary=confirmed_clear conf=0.473 eta=1.5
[t+0s] pipeline feed ready — waiting for Decide seed
[t+0s] alert#16 primary=advisory_clear conf=0.517 eta=1.5
[t+0s] alert#14 primary=advisory_clear conf=0.524 eta=1.5
[t+0s] alert#12 primary=advisory_clear conf=0.58 eta=9.4
[t+0s] alert#10 primary=advisory_clear conf=0.554 eta=9.4
[t+0s] alert#9 primary=confirmed_clear conf=0.473 eta=1.5
[t+0s] pipeline feed ready — waiting for Decide seed
[t+0s] alert#16 primary=advisory_clear conf=0.517 eta=1.5
[t+0s] alert#14 primary=advisory_clear conf=0.524 eta=1.5
[t+0s] alert#12 primary=advisory_clear conf=0.58 eta=9.4
[t+0s] alert#10 primary=advisory_clear conf=0.554 eta=9.4
[t+0s] alert#9 primary=confirmed_clear conf=0.473 eta=1.5
[t+0s] pipeline feed ready — waiting for Decide seed
[t+0s] alert#16 primary=advisory_clear conf=0.517 eta=1.5
[t+0s] alert#14 primary=advisory_clear conf=0.524 eta=1.5
[t+0s] alert#12 primary=advisory_clear conf=0.58 eta=9.4
[t+0s] alert#10 primary=advisory_clear conf=0.554 eta=9.4
[t+0s] alert#9 primary=confirmed_clear conf=0.473 eta=1.5
[t+0s] pipeline feed ready — waiting for Decide seed
[t+0s] alert#16 primary=advisory_clear conf=0.517 eta=1.5
[t+0s] alert#14 primary=advisory_clear conf=0.524 eta=1.5
[t+0s] alert#12 primary=advisory_clear conf=0.58 eta=9.4
[t+0s] alert#10 primary=advisory_clear conf=0.554 eta=9.4
[t+0s] alert#9 primary=confirmed_clear conf=0.473 eta=1.5
[t+0s] pipeline feed ready — waiting for Decide seed
[t+0s] alert#16 primary=advisory_clear conf=0.517 eta=1.5
[t+0s] alert#14 primary=advisory_clear conf=0.524 eta=1.5
[t+0s] alert#12 primary=advisory_clear conf=0.58 eta=9.4
[t+0s] alert#10 primary=advisory_clear conf=0.554 eta=9.4
[t+0s] alert#9 primary=confirmed_clear conf=0.473 eta=1.5
[t+0s] pipeline feed ready — waiting for Decide seed
[t+0s] alert#16 primary=advisory_clear conf=0.517 eta=1.5
[t+0s] alert#14 primary=advisory_clear conf=0.524 eta=1.5
[t+0s] alert#12 primary=advisory_clear conf=0.58 eta=9.4
[t+0s] alert#10 primary=advisory_clear conf=0.554 eta=9.4
[t+0s] alert#9 primary=confirmed_clear conf=0.473 eta=1.5
[t+0s] pipeline feed ready — waiting for Decide seed
[t+0s] alert#16 primary=advisory_clear conf=0.517 eta=1.5
[t+0s] alert#14 primary=advisory_clear conf=0.524 eta=1.5
[t+0s] alert#12 primary=advisory_clear conf=0.58 eta=9.4
[t+0s] alert#10 primary=advisory_clear conf=0.554 eta=9.4
[t+0s] alert#9 primary=confirmed_clear conf=0.473 eta=1.5
[t+0s] pipeline feed ready — waiting for Decide seed
[t+0s] alert#16 primary=advisory_clear conf=0.517 eta=1.5
[t+0s] alert#14 primary=advisory_clear conf=0.524 eta=1.5
[t+0s] alert#12 primary=advisory_clear conf=0.58 eta=9.4
[t+0s] alert#10 primary=advisory_clear conf=0.554 eta=9.4
[t+0s] alert#9 primary=confirmed_clear conf=0.473 eta=1.5
[t+0s] pipeline feed ready — waiting for Decide seed
[t+0s] alert#16 primary=advisory_clear conf=0.517 eta=1.5
[t+0s] alert#14 primary=advisory_clear conf=0.524 eta=1.5
[t+0s] alert#12 primary=advisory_clear conf=0.58 eta=9.4
[t+0s] alert#10 primary=advisory_clear conf=0.554 eta=9.4
[t+0s] alert#9 primary=confirmed_clear conf=0.473 eta=1.5
[t+0s] pipeline feed ready — waiting for Decide seed
[t+0s] alert#16 primary=advisory_clear conf=0.517 eta=1.5
[t+0s] alert#14 primary=advisory_clear conf=0.524 eta=1.5
[t+0s] alert#12 primary=advisory_clear conf=0.58 eta=9.4
[t+0s] alert#10 primary=advisory_clear conf=0.554 eta=9.4
[t+0s] alert#9 primary=confirmed_clear conf=0.473 eta=1.5
[t+0s] pipeline feed ready — waiting for Decide seed
[t+0s] alert#16 primary=advisory_clear conf=0.517 eta=1.5
[t+0s] alert#14 primary=advisory_clear conf=0.524 eta=1.5
[t+0s] alert#12 primary=advisory_clear conf=0.58 eta=9.4
[t+0s] alert#10 primary=advisory_clear conf=0.554 eta=9.4
[t+0s] alert#9 primary=confirmed_clear conf=0.473 eta=1.5
[t+0s] pipeline feed ready — waiting for Decide seed
[t+0s] alert#16 primary=advisory_clear conf=0.517 eta=1.5
[t+0s] alert#14 primary=advisory_clear conf=0.524 eta=1.5
[t+0s] alert#12 primary=advisory_clear conf=0.58 eta=9.4
[t+0s] alert#10 primary=advisory_clear conf=0.554 eta=9.4
[t+0s] alert#9 primary=confirmed_clear conf=0.473 eta=1.5
[t+0s] pipeline feed ready — waiting for Decide seed
[t+0s] alert#16 primary=advisory_clear conf=0.517 eta=1.5
[t+0s] alert#14 primary=advisory_clear conf=0.524 eta=1.5
[t+0s] alert#12 primary=advisory_clear conf=0.58 eta=9.4
[t+0s] alert#10 primary=advisory_clear conf=0.554 eta=9.4
[t+0s] alert#9 primary=confirmed_clear conf=0.473 eta=1.5
[t+0s] pipeline feed ready — waiting for Decide seed
[t+0s] alert#16 primary=advisory_clear conf=0.517 eta=1.5
[t+0s] alert#14 primary=advisory_clear conf=0.524 eta=1.5
[t+0s] alert#12 primary=advisory_clear conf=0.58 eta=9.4
[t+0s] alert#10 primary=advisory_clear conf=0.554 eta=9.4
[t+0s] alert#9 primary=confirmed_clear conf=0.473 eta=1.5
[t+0s] pipeline feed ready — waiting for Decide seed
[t+0s] alert#16 primary=advisory_clear conf=0.517 eta=1.5
[t+0s] alert#14 primary=advisory_clear conf=0.524 eta=1.5
[t+0s] alert#12 primary=advisory_clear conf=0.58 eta=9.4
[t+0s] alert#10 primary=advisory_clear conf=0.554 eta=9.4
[t+0s] alert#9 primary=confirmed_clear conf=0.473 eta=1.5
[t+0s] pipeline feed ready — waiting for Decide seed
[t+0s] alert#16 primary=advisory_clear conf=0.517 eta=1.5
[t+0s] alert#14 primary=advisory_clear conf=0.524 eta=1.5
[t+0s] alert#12 primary=advisory_clear conf=0.58 eta=9.4
[t+0s] alert#10 primary=advisory_clear conf=0.554 eta=9.4
[t+0s] alert#9 primary=confirmed_clear conf=0.473 eta=1.5
[t+0s] pipeline feed ready — waiting for Decide seed
[t+0s] alert#16 primary=advisory_clear conf=0.517 eta=1.5
[t+0s] alert#14 primary=advisory_clear conf=0.524 eta=1.5
[t+0s] alert#12 primary=advisory_clear conf=0.58 eta=9.4
[t+0s] alert#10 primary=advisory_clear conf=0.554 eta=9.4
[t+0s] alert#9 primary=confirmed_clear conf=0.473 eta=1.5
[t+0s] pipeline feed ready — waiting for Decide seed
[t+0s] alert#16 primary=advisory_clear conf=0.517 eta=1.5
[t+0s] alert#14 primary=advisory_clear conf=0.524 eta=1.5
[t+0s] alert#12 primary=advisory_clear conf=0.58 eta=9.4
[t+0s] alert#10 primary=advisory_clear conf=0.554 eta=9.4
[t+0s] alert#9 primary=confirmed_clear conf=0.473 eta=1.5
[t+0s] pipeline feed ready — waiting for Decide seed
[t+0s] alert#16 primary=advisory_clear conf=0.517 eta=1.5
[t+0s] alert#14 primary=advisory_clear conf=0.524 eta=1.5
[t+0s] alert#12 primary=advisory_clear conf=0.58 eta=9.4
[t+0s] alert#10 primary=advisory_clear conf=0.554 eta=9.4
[t+0s] alert#9 primary=confirmed_clear conf=0.473 eta=1.5
[t+0s] pipeline feed ready — waiting for Decide seed
[t+0s] alert#16 primary=advisory_clear conf=0.517 eta=1.5
[t+0s] alert#14 primary=advisory_clear conf=0.524 eta=1.5
[t+0s] alert#12 primary=advisory_clear conf=0.58 eta=9.4
[t+0s] alert#10 primary=advisory_clear conf=0.554 eta=9.4
[t+0s] alert#9 primary=confirmed_clear conf=0.473 eta=1.5
[t+0s] pipeline feed ready — waiting for Decide seed
[t+0s] alert#16 primary=advisory_clear conf=0.517 eta=1.5
[t+0s] alert#14 primary=advisory_clear conf=0.524 eta=1.5
[t+0s] alert#12 primary=advisory_clear conf=0.58 eta=9.4
[t+0s] alert#10 primary=advisory_clear conf=0.554 eta=9.4
[t+0s] alert#9 primary=confirmed_clear conf=0.473 eta=1.5
[t+0s] pipeline feed ready — waiting for Decide seed
[t+0s] alert#16 primary=advisory_clear conf=0.517 eta=1.5
[t+0s] alert#14 primary=advisory_clear conf=0.524 eta=1.5
[t+0s] alert#12 primary=advisory_clear conf=0.58 eta=9.4
[t+0s] alert#10 primary=advisory_clear conf=0.554 eta=9.4
[t+0s] alert#9 primary=confirmed_clear conf=0.473 eta=1.5
[t+0s] pipeline feed ready — waiting for Decide seed
[t+0s] alert#16 primary=advisory_clear conf=0.517 eta=1.5
[t+0s] alert#14 primary=advisory_clear conf=0.524 eta=1.5
[t+0s] alert#12 primary=advisory_clear conf=0.58 eta=9.4
[t+0s] alert#10 primary=advisory_clear conf=0.554 eta=9.4
[t+0s] alert#9 primary=confirmed_clear conf=0.473 eta=1.5
[t+0s] pipeline feed ready — waiting for Decide seed
[t+0s] alert#16 primary=advisory_clear conf=0.517 eta=1.5
[t+0s] alert#14 primary=advisory_clear conf=0.524 eta=1.5
[t+0s] alert#12 primary=advisory_clear conf=0.58 eta=9.4
[t+0s] alert#10 primary=advisory_clear conf=0.554 eta=9.4
[t+0s] alert#9 primary=confirmed_clear conf=0.473 eta=1.5
[t+0s] pipeline feed ready — waiting for Decide seed
[t+0s] alert#16 primary=advisory_clear conf=0.517 eta=1.5
[t+0s] alert#14 primary=advisory_clear conf=0.524 eta=1.5
[t+0s] alert#12 primary=advisory_clear conf=0.58 eta=9.4
[t+0s] alert#10 primary=advisory_clear conf=0.554 eta=9.4
[t+0s] alert#9 primary=confirmed_clear conf=0.473 eta=1.5
[t+0s] pipeline feed ready — waiting for Decide seed
[t+0s] alert#16 primary=advisory_clear conf=0.517 eta=1.5
[t+0s] alert#14 primary=advisory_clear conf=0.524 eta=1.5
[t+0s] alert#12 primary=advisory_clear conf=0.58 eta=9.4
[t+0s] alert#10 primary=advisory_clear conf=0.554 eta=9.4
[t+0s] alert#9 primary=confirmed_clear conf=0.473 eta=1.5
[t+0s] pipeline feed ready — waiting for Decide seed
[t+0s] alert#16 primary=advisory_clear conf=0.517 eta=1.5
[t+0s] alert#14 primary=advisory_clear conf=0.524 eta=1.5
[t+0s] alert#12 primary=advisory_clear conf=0.58 eta=9.4
[t+0s] alert#10 primary=advisory_clear conf=0.554 eta=9.4
[t+0s] alert#9 primary=confirmed_clear conf=0.473 eta=1.5
[t+0s] pipeline feed ready — waiting for Decide seed
[t+0s] alert#16 primary=advisory_clear conf=0.517 eta=1.5
[t+0s] alert#14 primary=advisory_clear conf=0.524 eta=1.5
[t+0s] alert#12 primary=advisory_clear conf=0.58 eta=9.4
[t+0s] alert#10 primary=advisory_clear conf=0.554 eta=9.4
[t+0s] alert#9 primary=confirmed_clear conf=0.473 eta=1.5
[t+0s] pipeline feed ready — waiting for Decide seed
[t+0s] alert#16 primary=advisory_clear conf=0.517 eta=1.5
[t+0s] alert#14 primary=advisory_clear conf=0.524 eta=1.5
[t+0s] alert#12 primary=advisory_clear conf=0.58 eta=9.4
[t+0s] alert#10 primary=advisory_clear conf=0.554 eta=9.4
[t+0s] alert#9 primary=confirmed_clear conf=0.473 eta=1.5
[t+0s] pipeline feed ready — waiting for Decide seed
[t+0s] alert#16 primary=advisory_clear conf=0.517 eta=1.5
[t+0s] alert#14 primary=advisory_clear conf=0.524 eta=1.5
[t+0s] alert#12 primary=advisory_clear conf=0.58 eta=9.4
[t+0s] alert#10 primary=advisory_clear conf=0.554 eta=9.4
[t+0s] alert#9 primary=confirmed_clear conf=0.473 eta=1.5
[t+0s] pipeline feed ready — waiting for Decide seed
[t+0s] alert#16 primary=advisory_clear conf=0.517 eta=1.5
[t+0s] alert#14 primary=advisory_clear conf=0.524 eta=1.5
[t+0s] alert#12 primary=advisory_clear conf=0.58 eta=9.4
[t+0s] alert#10 primary=advisory_clear conf=0.554 eta=9.4
[t+0s] alert#9 primary=confirmed_clear conf=0.473 eta=1.5
[t+0s] pipeline feed ready — waiting for Decide seed
[t+0s] alert#16 primary=advisory_clear conf=0.517 eta=1.5
[t+0s] alert#14 primary=advisory_clear conf=0.524 eta=1.5
[t+0s] alert#12 primary=advisory_clear conf=0.58 eta=9.4
[t+0s] alert#10 primary=advisory_clear conf=0.554 eta=9.4
[t+0s] alert#9 primary=confirmed_clear conf=0.473 eta=1.5
[t+0s] pipeline feed ready — waiting for Decide seed
[t+0s] alert#16 primary=advisory_clear conf=0.517 eta=1.5
[t+0s] alert#14 primary=advisory_clear conf=0.524 eta=1.5
[t+0s] alert#12 primary=advisory_clear conf=0.58 eta=9.4
[t+0s] alert#10 primary=advisory_clear conf=0.554 eta=9.4
[t+0s] alert#9 primary=confirmed_clear conf=0.473 eta=1.5
[t+0s] pipeline feed ready — waiting for Decide seed
[t+0s] alert#16 primary=advisory_clear conf=0.517 eta=1.5
[t+0s] alert#14 primary=advisory_clear conf=0.524 eta=1.5
[t+0s] alert#12 primary=advisory_clear conf=0.58 eta=9.4
[t+0s] alert#10 primary=advisory_clear conf=0.554 eta=9.4
[t+0s] alert#9 primary=confirmed_clear conf=0.473 eta=1.5
[t+0s] pipeline feed ready — waiting for Decide seed
[t+0s] alert#16 primary=advisory_clear conf=0.517 eta=1.5
[t+0s] alert#14 primary=advisory_clear conf=0.524 eta=1.5
[t+0s] alert#12 primary=advisory_clear conf=0.58 eta=9.4
[t+0s] alert#10 primary=advisory_clear conf=0.554 eta=9.4
[t+0s] alert#9 primary=confirmed_clear conf=0.473 eta=1.5
[t+0s] pipeline feed ready — waiting for Decide seed
[t+0s] alert#16 primary=advisory_clear conf=0.517 eta=1.5
[t+0s] alert#14 primary=advisory_clear conf=0.524 eta=1.5
[t+0s] alert#12 primary=advisory_clear conf=0.58 eta=9.4
[t+0s] alert#10 primary=advisory_clear conf=0.554 eta=9.4
[t+0s] alert#9 primary=confirmed_clear conf=0.473 eta=1.5
[t+0s] pipeline feed ready — waiting for Decide seed
[t+0s] alert#16 primary=advisory_clear conf=0.517 eta=1.5
[t+0s] alert#14 primary=advisory_clear conf=0.524 eta=1.5
[t+0s] alert#12 primary=advisory_clear conf=0.58 eta=9.4
[t+0s] alert#10 primary=advisory_clear conf=0.554 eta=9.4
[t+0s] alert#9 primary=confirmed_clear conf=0.473 eta=1.5
[t+0s] pipeline feed ready — waiting for Decide seed
[t+0s] alert#16 primary=advisory_clear conf=0.517 eta=1.5
[t+0s] alert#14 primary=advisory_clear conf=0.524 eta=1.5
[t+0s] alert#12 primary=advisory_clear conf=0.58 eta=9.4
[t+0s] alert#10 primary=advisory_clear conf=0.554 eta=9.4
[t+0s] alert#9 primary=confirmed_clear conf=0.473 eta=1.5
[t+0s] pipeline feed ready — waiting for Decide seed
[t+0s] alert#16 primary=advisory_clear conf=0.517 eta=1.5
[t+0s] alert#14 primary=advisory_clear conf=0.524 eta=1.5
[t+0s] alert#12 primary=advisory_clear conf=0.58 eta=9.4
[t+0s] alert#10 primary=advisory_clear conf=0.554 eta=9.4
[t+0s] alert#9 primary=confirmed_clear conf=0.473 eta=1.5
[t+0s] pipeline feed ready — waiting for Decide seed
[t+0s] alert#16 primary=advisory_clear conf=0.517 eta=1.5
[t+0s] alert#14 primary=advisory_clear conf=0.524 eta=1.5
[t+0s] alert#12 primary=advisory_clear conf=0.58 eta=9.4
[t+0s] alert#10 primary=advisory_clear conf=0.554 eta=9.4
[t+0s] alert#9 primary=confirmed_clear conf=0.473 eta=1.5
[t+0s] pipeline feed ready — waiting for Decide seed
[t+0s] alert#16 primary=advisory_clear conf=0.517 eta=1.5
[t+0s] alert#14 primary=advisory_clear conf=0.524 eta=1.5
[t+0s] alert#12 primary=advisory_clear conf=0.58 eta=9.4
[t+0s] alert#10 primary=advisory_clear conf=0.554 eta=9.4
[t+0s] alert#9 primary=confirmed_clear conf=0.473 eta=1.5
[t+0s] pipeline feed ready — waiting for Decide seed
[t+0s] alert#16 primary=advisory_clear conf=0.517 eta=1.5
[t+0s] alert#14 primary=advisory_clear conf=0.524 eta=1.5
[t+0s] alert#12 primary=advisory_clear conf=0.58 eta=9.4
[t+0s] alert#10 primary=advisory_clear conf=0.554 eta=9.4
[t+0s] alert#9 primary=confirmed_clear conf=0.473 eta=1.5
[t+0s] pipeline feed ready — waiting for Decide seed
[t+0s] alert#16 primary=advisory_clear conf=0.517 eta=1.5
[t+0s] alert#14 primary=advisory_clear conf=0.524 eta=1.5
[t+0s] alert#12 primary=advisory_clear conf=0.58 eta=9.4
[t+0s] alert#10 primary=advisory_clear conf=0.554 eta=9.4
[t+0s] alert#9 primary=confirmed_clear conf=0.473 eta=1.5
[t+0s] pipeline feed ready — waiting for Decide seed
[t+0s] alert#16 primary=advisory_clear conf=0.517 eta=1.5
[t+0s] alert#14 primary=advisory_clear conf=0.524 eta=1.5
[t+0s] alert#12 primary=advisory_clear conf=0.58 eta=9.4
[t+0s] alert#10 primary=advisory_clear conf=0.554 eta=9.4
[t+0s] alert#9 primary=confirmed_clear conf=0.473 eta=1.5
[t+0s] pipeline feed ready — waiting for Decide seed
[t+0s] alert#16 primary=advisory_clear conf=0.517 eta=1.5
[t+0s] alert#14 primary=advisory_clear conf=0.524 eta=1.5
[t+0s] alert#12 primary=advisory_clear conf=0.58 eta=9.4
[t+0s] alert#10 primary=advisory_clear conf=0.554 eta=9.4
[t+0s] alert#9 primary=confirmed_clear conf=0.473 eta=1.5
[t+0s] pipeline feed ready — waiting for Decide seed
[t+0s] alert#16 primary=advisory_clear conf=0.517 eta=1.5
[t+0s] alert#14 primary=advisory_clear conf=0.524 eta=1.5
[t+0s] alert#12 primary=advisory_clear conf=0.58 eta=9.4
[t+0s] alert#10 primary=advisory_clear conf=0.554 eta=9.4
[t+0s] alert#9 primary=confirmed_clear conf=0.473 eta=1.5
[t+0s] pipeline feed ready — waiting for Decide seed
[t+0s] alert#16 primary=advisory_clear conf=0.517 eta=1.5
[t+0s] alert#14 primary=advisory_clear conf=0.524 eta=1.5
[t+0s] alert#12 primary=advisory_clear conf=0.58 eta=9.4
[t+0s] alert#10 primary=advisory_clear conf=0.554 eta=9.4
[t+0s] alert#9 primary=confirmed_clear conf=0.473 eta=1.5
[t+0s] pipeline feed ready — waiting for Decide seed
[t+0s] alert#16 primary=advisory_clear conf=0.517 eta=1.5
[t+0s] alert#14 primary=advisory_clear conf=0.524 eta=1.5
[t+0s] alert#12 primary=advisory_clear conf=0.58 eta=9.4
[t+0s] alert#10 primary=advisory_clear conf=0.554 eta=9.4
[t+0s] alert#9 primary=confirmed_clear conf=0.473 eta=1.5
[t+0s] pipeline feed ready — waiting for Decide seed
[t+0s] alert#16 primary=advisory_clear conf=0.517 eta=1.5
[t+0s] alert#14 primary=advisory_clear conf=0.524 eta=1.5
[t+0s] alert#12 primary=advisory_clear conf=0.58 eta=9.4
[t+0s] alert#10 primary=advisory_clear conf=0.554 eta=9.4
[t+0s] alert#9 primary=confirmed_clear conf=0.473 eta=1.5
[t+0s] pipeline feed ready — waiting for Decide seed
[t+0s] alert#16 primary=advisory_clear conf=0.517 eta=1.5
[t+0s] alert#14 primary=advisory_clear conf=0.524 eta=1.5
[t+0s] alert#12 primary=advisory_clear conf=0.58 eta=9.4
[t+0s] alert#10 primary=advisory_clear conf=0.554 eta=9.4
[t+0s] alert#9 primary=confirmed_clear conf=0.473 eta=1.5
[t+0s] pipeline feed ready — waiting for Decide seed
[t+0s] alert#16 primary=advisory_clear conf=0.517 eta=1.5
[t+0s] alert#14 primary=advisory_clear conf=0.524 eta=1.5
[t+0s] alert#12 primary=advisory_clear conf=0.58 eta=9.4
[t+0s] alert#10 primary=advisory_clear conf=0.554 eta=9.4
[t+0s] alert#9 primary=confirmed_clear conf=0.473 eta=1.5
[t+0s] pipeline feed ready — waiting for Decide seed
[t+0s] alert#16 primary=advisory_clear conf=0.517 eta=1.5
[t+0s] alert#14 primary=advisory_clear conf=0.524 eta=1.5
[t+0s] alert#12 primary=advisory_clear conf=0.58 eta=9.4
[t+0s] alert#10 primary=advisory_clear conf=0.554 eta=9.4
[t+0s] alert#9 primary=confirmed_clear conf=0.473 eta=1.5
[t+0s] pipeline feed ready — waiting for Decide seed
[t+0s] alert#16 primary=advisory_clear conf=0.517 eta=1.5
[t+0s] alert#14 primary=advisory_clear conf=0.524 eta=1.5
[t+0s] alert#12 primary=advisory_clear conf=0.58 eta=9.4
[t+0s] alert#10 primary=advisory_clear conf=0.554 eta=9.4
[t+0s] alert#9 primary=confirmed_clear conf=0.473 eta=1.5
[t+0s] pipeline feed ready — waiting for Decide seed
[t+0s] alert#16 primary=advisory_clear conf=0.517 eta=1.5
[t+0s] alert#14 primary=advisory_clear conf=0.524 eta=1.5
[t+0s] alert#12 primary=advisory_clear conf=0.58 eta=9.4
[t+0s] alert#10 primary=advisory_clear conf=0.554 eta=9.4
[t+0s] alert#9 primary=confirmed_clear conf=0.473 eta=1.5
[t+0s] pipeline feed ready — waiting for Decide seed
[t+0s] alert#16 primary=advisory_clear conf=0.517 eta=1.5
[t+0s] alert#14 primary=advisory_clear conf=0.524 eta=1.5
[t+0s] alert#12 primary=advisory_clear conf=0.58 eta=9.4
[t+0s] alert#10 primary=advisory_clear conf=0.554 eta=9.4
[t+0s] alert#9 primary=confirmed_clear conf=0.473 eta=1.5
[t+0s] pipeline feed ready — waiting for Decide seed
[t+0s] alert#16 primary=advisory_clear conf=0.517 eta=1.5
[t+0s] alert#14 primary=advisory_clear conf=0.524 eta=1.5
[t+0s] alert#12 primary=advisory_clear conf=0.58 eta=9.4
[t+0s] alert#10 primary=advisory_clear conf=0.554 eta=9.4
[t+0s] alert#9 primary=confirmed_clear conf=0.473 eta=1.5
[t+0s] pipeline feed ready — waiting for Decide seed
[t+0s] alert#16 primary=advisory_clear conf=0.517 eta=1.5
[t+0s] alert#14 primary=advisory_clear conf=0.524 eta=1.5
[t+0s] alert#12 primary=advisory_clear conf=0.58 eta=9.4
[t+0s] alert#10 primary=advisory_clear conf=0.554 eta=9.4
[t+0s] alert#9 primary=confirmed_clear conf=0.473 eta=1.5
[t+0s] pipeline feed ready — waiting for Decide seed
[t+0s] alert#16 primary=advisory_clear conf=0.517 eta=1.5
[t+0s] alert#14 primary=advisory_clear conf=0.524 eta=1.5
[t+0s] alert#12 primary=advisory_clear conf=0.58 eta=9.4
[t+0s] alert#10 primary=advisory_clear conf=0.554 eta=9.4
[t+0s] alert#9 primary=confirmed_clear conf=0.473 eta=1.5
[t+0s] pipeline feed ready — waiting for Decide seed
[t+0s] alert#16 primary=advisory_clear conf=0.517 eta=1.5
[t+0s] alert#14 primary=advisory_clear conf=0.524 eta=1.5
[t+0s] alert#12 primary=advisory_clear conf=0.58 eta=9.4
[t+0s] alert#10 primary=advisory_clear conf=0.554 eta=9.4
[t+0s] alert#9 primary=confirmed_clear conf=0.473 eta=1.5
[t+0s] pipeline feed ready — waiting for Decide seed
[t+0s] alert#16 primary=advisory_clear conf=0.517 eta=1.5
[t+0s] alert#14 primary=advisory_clear conf=0.524 eta=1.5
[t+0s] alert#12 primary=advisory_clear conf=0.58 eta=9.4
[t+0s] alert#10 primary=advisory_clear conf=0.554 eta=9.4
[t+0s] alert#9 primary=confirmed_clear conf=0.473 eta=1.5
[t+0s] pipeline feed ready — waiting for Decide seed
[t+0s] alert#16 primary=advisory_clear conf=0.517 eta=1.5
[t+0s] alert#14 primary=advisory_clear conf=0.524 eta=1.5
[t+0s] alert#12 primary=advisory_clear conf=0.58 eta=9.4
[t+0s] alert#10 primary=advisory_clear conf=0.554 eta=9.4
[t+0s] alert#9 primary=confirmed_clear conf=0.473 eta=1.5
[t+0s] pipeline feed ready — waiting for Decide seed
[t+0s] alert#16 primary=advisory_clear conf=0.517 eta=1.5
[t+0s] alert#14 primary=advisory_clear conf=0.524 eta=1.5
[t+0s] alert#12 primary=advisory_clear conf=0.58 eta=9.4
[t+0s] alert#10 primary=advisory_clear conf=0.554 eta=9.4
[t+0s] alert#9 primary=confirmed_clear conf=0.473 eta=1.5
[t+0s] pipeline feed ready — waiting for Decide seed
[t+0s] alert#16 primary=advisory_clear conf=0.517 eta=1.5
[t+0s] alert#14 primary=advisory_clear conf=0.524 eta=1.5
[t+0s] alert#12 primary=advisory_clear conf=0.58 eta=9.4
[t+0s] alert#10 primary=advisory_clear conf=0.554 eta=9.4
[t+0s] alert#9 primary=confirmed_clear conf=0.473 eta=1.5
[t+0s] pipeline feed ready — waiting for Decide seed
[t+0s] alert#16 primary=advisory_clear conf=0.517 eta=1.5
[t+0s] alert#14 primary=advisory_clear conf=0.524 eta=1.5
[t+0s] alert#12 primary=advisory_clear conf=0.58 eta=9.4
[t+0s] alert#10 primary=advisory_clear conf=0.554 eta=9.4
[t+0s] alert#9 primary=confirmed_clear conf=0.473 eta=1.5
[t+0s] pipeline feed ready — waiting for Decide seed
[t+0s] alert#16 primary=advisory_clear conf=0.517 eta=1.5
[t+0s] alert#14 primary=advisory_clear conf=0.524 eta=1.5
[t+0s] alert#12 primary=advisory_clear conf=0.58 eta=9.4
[t+0s] alert#10 primary=advisory_clear conf=0.554 eta=9.4
[t+0s] alert#9 primary=confirmed_clear conf=0.473 eta=1.5
[t+0s] pipeline feed ready — waiting for Decide seed
[t+0s] alert#16 primary=advisory_clear conf=0.517 eta=1.5
[t+0s] alert#14 primary=advisory_clear conf=0.524 eta=1.5
[t+0s] alert#12 primary=advisory_clear conf=0.58 eta=9.4
[t+0s] alert#10 primary=advisory_clear conf=0.554 eta=9.4
[t+0s] alert#9 primary=confirmed_clear conf=0.473 eta=1.5
[t+0s] pipeline feed ready — waiting for Decide seed
[t+0s] alert#16 primary=advisory_clear conf=0.517 eta=1.5
[t+0s] alert#14 primary=advisory_clear conf=0.524 eta=1.5
[t+0s] alert#12 primary=advisory_clear conf=0.58 eta=9.4
[t+0s] alert#10 primary=advisory_clear conf=0.554 eta=9.4
[t+0s] alert#9 primary=confirmed_clear conf=0.473 eta=1.5
[t+0s] pipeline feed ready — waiting for Decide seed
[t+0s] alert#16 primary=advisory_clear conf=0.517 eta=1.5
[t+0s] alert#14 primary=advisory_clear conf=0.524 eta=1.5
[t+0s] alert#12 primary=advisory_clear conf=0.58 eta=9.4
[t+0s] alert#10 primary=advisory_clear conf=0.554 eta=9.4
[t+0s] alert#9 primary=confirmed_clear conf=0.473 eta=1.5
[t+0s] pipeline feed ready — waiting for Decide seed
[t+0s] alert#16 primary=advisory_clear conf=0.517 eta=1.5
[t+0s] alert#14 primary=advisory_clear conf=0.524 eta=1.5
[t+0s] alert#12 primary=advisory_clear conf=0.58 eta=9.4
[t+0s] alert#10 primary=advisory_clear conf=0.554 eta=9.4
[t+0s] alert#9 primary=confirmed_clear conf=0.473 eta=1.5
[t+0s] pipeline feed ready — waiting for Decide seed
[t+0s] alert#16 primary=advisory_clear conf=0.517 eta=1.5
[t+0s] alert#14 primary=advisory_clear conf=0.524 eta=1.5
[t+0s] alert#12 primary=advisory_clear conf=0.58 eta=9.4
[t+0s] alert#10 primary=advisory_clear conf=0.554 eta=9.4
[t+0s] alert#9 primary=confirmed_clear conf=0.473 eta=1.5
[t+0s] pipeline feed ready — waiting for Decide seed
[t+0s] alert#16 primary=advisory_clear conf=0.517 eta=1.5
[t+0s] alert#14 primary=advisory_clear conf=0.524 eta=1.5
[t+0s] alert#12 primary=advisory_clear conf=0.58 eta=9.4
[t+0s] alert#10 primary=advisory_clear conf=0.554 eta=9.4
[t+0s] alert#9 primary=confirmed_clear conf=0.473 eta=1.5
[t+0s] pipeline feed ready — waiting for Decide seed
[t+0s] alert#16 primary=advisory_clear conf=0.517 eta=1.5
[t+0s] alert#14 primary=advisory_clear conf=0.524 eta=1.5
[t+0s] alert#12 primary=advisory_clear conf=0.58 eta=9.4
[t+0s] alert#10 primary=advisory_clear conf=0.554 eta=9.4
[t+0s] alert#9 primary=confirmed_clear conf=0.473 eta=1.5
[t+0s] pipeline feed ready — waiting for Decide seed
[t+0s] alert#16 primary=advisory_clear conf=0.517 eta=1.5
[t+0s] alert#14 primary=advisory_clear conf=0.524 eta=1.5
[t+0s] alert#12 primary=advisory_clear conf=0.58 eta=9.4
[t+0s] alert#10 primary=advisory_clear conf=0.554 eta=9.4
[t+0s] alert#9 primary=confirmed_clear conf=0.473 eta=1.5
[t+0s] pipeline feed ready — waiting for Decide seed
[t+0s] alert#16 primary=advisory_clear conf=0.517 eta=1.5
[t+0s] alert#14 primary=advisory_clear conf=0.524 eta=1.5
[t+0s] alert#12 primary=advisory_clear conf=0.58 eta=9.4
[t+0s] alert#10 primary=advisory_clear conf=0.554 eta=9.4
[t+0s] alert#9 primary=confirmed_clear conf=0.473 eta=1.5
[t+0s] pipeline feed ready — waiting for Decide seed
[t+0s] alert#16 primary=advisory_clear conf=0.517 eta=1.5
[t+0s] alert#14 primary=advisory_clear conf=0.524 eta=1.5
[t+0s] alert#12 primary=advisory_clear conf=0.58 eta=9.4
[t+0s] alert#10 primary=advisory_clear conf=0.554 eta=9.4
[t+0s] alert#9 primary=confirmed_clear conf=0.473 eta=1.5
[t+0s] pipeline feed ready — waiting for Decide seed
[t+0s] alert#16 primary=advisory_clear conf=0.517 eta=1.5
[t+0s] alert#14 primary=advisory_clear conf=0.524 eta=1.5
[t+0s] alert#12 primary=advisory_clear conf=0.58 eta=9.4
[t+0s] alert#10 primary=advisory_clear conf=0.554 eta=9.4
[t+0s] alert#9 primary=confirmed_clear conf=0.473 eta=1.5
[t+0s] pipeline feed ready — waiting for Decide seed
[t+0s] alert#16 primary=advisory_clear conf=0.517 eta=1.5
[t+0s] alert#14 primary=advisory_clear conf=0.524 eta=1.5
[t+0s] alert#12 primary=advisory_clear conf=0.58 eta=9.4
[t+0s] alert#10 primary=advisory_clear conf=0.554 eta=9.4
[t+0s] alert#9 primary=confirmed_clear conf=0.473 eta=1.5
[t+0s] pipeline feed ready — waiting for Decide seed
[t+0s] alert#16 primary=advisory_clear conf=0.517 eta=1.5
[t+0s] alert#14 primary=advisory_clear conf=0.524 eta=1.5
[t+0s] alert#12 primary=advisory_clear conf=0.58 eta=9.4
[t+0s] alert#10 primary=advisory_clear conf=0.554 eta=9.4
[t+0s] alert#9 primary=confirmed_clear conf=0.473 eta=1.5
[t+0s] pipeline feed ready — waiting for Decide seed
[t+0s] alert#16 primary=advisory_clear conf=0.517 eta=1.5
[t+0s] alert#14 primary=advisory_clear conf=0.524 eta=1.5
[t+0s] alert#12 primary=advisory_clear conf=0.58 eta=9.4
[t+0s] alert#10 primary=advisory_clear conf=0.554 eta=9.4
[t+0s] alert#9 primary=confirmed_clear conf=0.473 eta=1.5
[t+0s] pipeline feed ready — waiting for Decide seed
[t+0s] alert#16 primary=advisory_clear conf=0.517 eta=1.5
[t+0s] alert#14 primary=advisory_clear conf=0.524 eta=1.5
[t+0s] alert#12 primary=advisory_clear conf=0.58 eta=9.4
[t+0s] alert#10 primary=advisory_clear conf=0.554 eta=9.4
[t+0s] alert#9 primary=confirmed_clear conf=0.473 eta=1.5
[t+0s] pipeline feed ready — waiting for Decide seed
[t+0s] alert#16 primary=advisory_clear conf=0.517 eta=1.5
[t+0s] alert#14 primary=advisory_clear conf=0.524 eta=1.5
[t+0s] alert#12 primary=advisory_clear conf=0.58 eta=9.4
[t+0s] alert#10 primary=advisory_clear conf=0.554 eta=9.4
[t+0s] alert#9 primary=confirmed_clear conf=0.473 eta=1.5
[t+0s] pipeline feed ready — waiting for Decide seed
[t+0s] alert#16 primary=advisory_clear conf=0.517 eta=1.5
[t+0s] alert#14 primary=advisory_clear conf=0.524 eta=1.5
[t+0s] alert#12 primary=advisory_clear conf=0.58 eta=9.4
[t+0s] alert#10 primary=advisory_clear conf=0.554 eta=9.4
[t+0s] alert#9 primary=confirmed_clear conf=0.473 eta=1.5
[t+0s] pipeline feed ready — waiting for Decide seed
[t+0s] alert#16 primary=advisory_clear conf=0.517 eta=1.5
[t+0s] alert#14 primary=advisory_clear conf=0.524 eta=1.5
[t+0s] alert#12 primary=advisory_clear conf=0.58 eta=9.4
[t+0s] alert#10 primary=advisory_clear conf=0.554 eta=9.4
[t+0s] alert#9 primary=confirmed_clear conf=0.473 eta=1.5
[t+0s] pipeline feed ready — waiting for Decide seed
[t+0s] alert#16 primary=advisory_clear conf=0.517 eta=1.5
[t+0s] alert#14 primary=advisory_clear conf=0.524 eta=1.5
[t+0s] alert#12 primary=advisory_clear conf=0.58 eta=9.4
[t+0s] alert#10 primary=advisory_clear conf=0.554 eta=9.4
[t+0s] alert#9 primary=confirmed_clear conf=0.473 eta=1.5
[t+0s] pipeline feed ready — waiting for Decide seed
[t+0s] alert#16 primary=advisory_clear conf=0.517 eta=1.5
[t+0s] alert#14 primary=advisory_clear conf=0.524 eta=1.5
[t+0s] alert#12 primary=advisory_clear conf=0.58 eta=9.4
[t+0s] alert#10 primary=advisory_clear conf=0.554 eta=9.4
[t+0s] alert#9 primary=confirmed_clear conf=0.473 eta=1.5
[t+0s] pipeline feed ready — waiting for Decide seed
[t+0s] alert#16 primary=advisory_clear conf=0.517 eta=1.5
[t+0s] alert#14 primary=advisory_clear conf=0.524 eta=1.5
[t+0s] alert#12 primary=advisory_clear conf=0.58 eta=9.4
[t+0s] alert#10 primary=advisory_clear conf=0.554 eta=9.4
[t+0s] alert#9 primary=confirmed_clear conf=0.473 eta=1.5
[t+0s] pipeline feed ready — waiting for Decide seed
[t+0s] alert#16 primary=advisory_clear conf=0.517 eta=1.5
[t+0s] alert#14 primary=advisory_clear conf=0.524 eta=1.5
[t+0s] alert#12 primary=advisory_clear conf=0.58 eta=9.4
[t+0s] alert#10 primary=advisory_clear conf=0.554 eta=9.4
[t+0s] alert#9 primary=confirmed_clear conf=0.473 eta=1.5
[t+0s] pipeline feed ready — waiting for Decide seed
[t+0s] alert#16 primary=advisory_clear conf=0.517 eta=1.5
[t+0s] alert#14 primary=advisory_clear conf=0.524 eta=1.5
[t+0s] alert#12 primary=advisory_clear conf=0.58 eta=9.4
[t+0s] alert#10 primary=advisory_clear conf=0.554 eta=9.4
[t+0s] alert#9 primary=confirmed_clear conf=0.473 eta=1.5
[t+0s] pipeline feed ready — waiting for Decide seed
[t+0s] alert#16 primary=advisory_clear conf=0.517 eta=1.5
[t+0s] alert#14 primary=advisory_clear conf=0.524 eta=1.5
[t+0s] alert#12 primary=advisory_clear conf=0.58 eta=9.4
[t+0s] alert#10 primary=advisory_clear conf=0.554 eta=9.4
[t+0s] alert#9 primary=confirmed_clear conf=0.473 eta=1.5
[t+0s] pipeline feed ready — waiting for Decide seed
[t+0s] alert#16 primary=advisory_clear conf=0.517 eta=1.5
[t+0s] alert#14 primary=advisory_clear conf=0.524 eta=1.5
[t+0s] alert#12 primary=advisory_clear conf=0.58 eta=9.4
[t+0s] alert#10 primary=advisory_clear conf=0.554 eta=9.4
[t+0s] alert#9 primary=confirmed_clear conf=0.473 eta=1.5
[t+0s] pipeline feed ready — waiting for Decide seed
[t+0s] alert#16 primary=advisory_clear conf=0.517 eta=1.5
[t+0s] alert#14 primary=advisory_clear conf=0.524 eta=1.5
[t+0s] alert#12 primary=advisory_clear conf=0.58 eta=9.4
[t+0s] alert#10 primary=advisory_clear conf=0.554 eta=9.4
[t+0s] alert#9 primary=confirmed_clear conf=0.473 eta=1.5
[t+0s] pipeline feed ready — waiting for Decide seed
[t+0s] alert#16 primary=advisory_clear conf=0.517 eta=1.5
[t+0s] alert#14 primary=advisory_clear conf=0.524 eta=1.5
[t+0s] alert#12 primary=advisory_clear conf=0.58 eta=9.4
[t+0s] alert#10 primary=advisory_clear conf=0.554 eta=9.4
[t+0s] alert#9 primary=confirmed_clear conf=0.473 eta=1.5
[t+0s] pipeline feed ready — waiting for Decide seed
[t+0s] alert#16 primary=advisory_clear conf=0.517 eta=1.5
[t+0s] alert#14 primary=advisory_clear conf=0.524 eta=1.5
[t+0s] alert#12 primary=advisory_clear conf=0.58 eta=9.4
[t+0s] alert#10 primary=advisory_clear conf=0.554 eta=9.4
[t+0s] alert#9 primary=confirmed_clear conf=0.473 eta=1.5
[t+0s] pipeline feed ready — waiting for Decide seed
[t+0s] alert#16 primary=advisory_clear conf=0.517 eta=1.5
[t+0s] alert#14 primary=advisory_clear conf=0.524 eta=1.5
[t+0s] alert#12 primary=advisory_clear conf=0.58 eta=9.4
[t+0s] alert#10 primary=advisory_clear conf=0.554 eta=9.4
[t+0s] alert#9 primary=confirmed_clear conf=0.473 eta=1.5
[t+0s] pipeline feed ready — waiting for Decide seed
[t+0s] alert#16 primary=advisory_clear conf=0.517 eta=1.5
[t+0s] alert#14 primary=advisory_clear conf=0.524 eta=1.5
[t+0s] alert#12 primary=advisory_clear conf=0.58 eta=9.4
[t+0s] alert#10 primary=advisory_clear conf=0.554 eta=9.4
[t+0s] alert#9 primary=confirmed_clear conf=0.473 eta=1.5
[t+0s] pipeline feed ready — waiting for Decide seed
[t+0s] alert#16 primary=advisory_clear conf=0.517 eta=1.5
[t+0s] alert#14 primary=advisory_clear conf=0.524 eta=1.5
[t+0s] alert#12 primary=advisory_clear conf=0.58 eta=9.4
[t+0s] alert#10 primary=advisory_clear conf=0.554 eta=9.4
[t+0s] alert#9 primary=confirmed_clear conf=0.473 eta=1.5
[t+0s] pipeline feed ready — waiting for Decide seed
[t+0s] alert#16 primary=advisory_clear conf=0.517 eta=1.5
[t+0s] alert#14 primary=advisory_clear conf=0.524 eta=1.5
[t+0s] alert#12 primary=advisory_clear conf=0.58 eta=9.4
[t+0s] alert#10 primary=advisory_clear conf=0.554 eta=9.4
[t+0s] alert#9 primary=confirmed_clear conf=0.473 eta=1.5
[t+0s] pipeline feed ready — waiting for Decide seed
[t+0s] alert#16 primary=advisory_clear conf=0.517 eta=1.5
[t+0s] alert#14 primary=advisory_clear conf=0.524 eta=1.5
[t+0s] alert#12 primary=advisory_clear conf=0.58 eta=9.4
[t+0s] alert#10 primary=advisory_clear conf=0.554 eta=9.4
[t+0s] alert#9 primary=confirmed_clear conf=0.473 eta=1.5
[t+0s] pipeline feed ready — waiting for Decide seed
[t+0s] alert#16 primary=advisory_clear conf=0.517 eta=1.5
[t+0s] alert#14 primary=advisory_clear conf=0.524 eta=1.5
[t+0s] alert#12 primary=advisory_clear conf=0.58 eta=9.4
[t+0s] alert#10 primary=advisory_clear conf=0.554 eta=9.4
[t+0s] alert#9 primary=confirmed_clear conf=0.473 eta=1.5
[t+0s] pipeline feed ready — waiting for Decide seed
[t+0s] alert#16 primary=advisory_clear conf=0.517 eta=1.5
[t+0s] alert#14 primary=advisory_clear conf=0.524 eta=1.5
[t+0s] alert#12 primary=advisory_clear conf=0.58 eta=9.4
[t+0s] alert#10 primary=advisory_clear conf=0.554 eta=9.4
[t+0s] alert#9 primary=confirmed_clear conf=0.473 eta=1.5
[t+0s] pipeline feed ready — waiting for Decide seed
[t+0s] alert#16 primary=advisory_clear conf=0.517 eta=1.5
[t+0s] alert#14 primary=advisory_clear conf=0.524 eta=1.5
[t+0s] alert#12 primary=advisory_clear conf=0.58 eta=9.4
[t+0s] alert#10 primary=advisory_clear conf=0.554 eta=9.4
[t+0s] alert#9 primary=confirmed_clear conf=0.473 eta=1.5
[t+0s] pipeline feed ready — waiting for Decide seed
[t+0s] alert#16 primary=advisory_clear conf=0.517 eta=1.5
[t+0s] alert#14 primary=advisory_clear conf=0.524 eta=1.5
[t+0s] alert#12 primary=advisory_clear conf=0.58 eta=9.4
[t+0s] alert#10 primary=advisory_clear conf=0.554 eta=9.4
[t+0s] alert#9 primary=confirmed_clear conf=0.473 eta=1.5
[t+0s] pipeline feed ready — waiting for Decide seed
[t+0s] alert#16 primary=advisory_clear conf=0.517 eta=1.5
[t+0s] alert#14 primary=advisory_clear conf=0.524 eta=1.5
[t+0s] alert#12 primary=advisory_clear conf=0.58 eta=9.4
[t+0s] alert#10 primary=advisory_clear conf=0.554 eta=9.4
[t+0s] alert#9 primary=confirmed_clear conf=0.473 eta=1.5
[t+0s] pipeline feed ready — waiting for Decide seed
[t+0s] alert#16 primary=advisory_clear conf=0.517 eta=1.5
[t+0s] alert#14 primary=advisory_clear conf=0.524 eta=1.5
[t+0s] alert#12 primary=advisory_clear conf=0.58 eta=9.4
[t+0s] alert#10 primary=advisory_clear conf=0.554 eta=9.4
[t+0s] alert#9 primary=confirmed_clear conf=0.473 eta=1.5
[t+0s] pipeline feed ready — waiting for Decide seed
[t+0s] alert#16 primary=advisory_clear conf=0.517 eta=1.5
[t+0s] alert#14 primary=advisory_clear conf=0.524 eta=1.5
[t+0s] alert#12 primary=advisory_clear conf=0.58 eta=9.4
[t+0s] alert#10 primary=advisory_clear conf=0.554 eta=9.4
[t+0s] alert#9 primary=confirmed_clear conf=0.473 eta=1.5
[t+0s] pipeline feed ready — waiting for Decide seed
[t+0s] alert#16 primary=advisory_clear conf=0.517 eta=1.5
[t+0s] alert#14 primary=advisory_clear conf=0.524 eta=1.5
[t+0s] alert#12 primary=advisory_clear conf=0.58 eta=9.4
[t+0s] alert#10 primary=advisory_clear conf=0.554 eta=9.4
[t+0s] alert#9 primary=confirmed_clear conf=0.473 eta=1.5
[t+0s] pipeline feed ready — waiting for Decide seed
[t+0s] alert#16 primary=advisory_clear conf=0.517 eta=1.5
[t+0s] alert#14 primary=advisory_clear conf=0.524 eta=1.5
[t+0s] alert#12 primary=advisory_clear conf=0.58 eta=9.4
[t+0s] alert#10 primary=advisory_clear conf=0.554 eta=9.4
[t+0s] alert#9 primary=confirmed_clear conf=0.473 eta=1.5
[t+0s] pipeline feed ready — waiting for Decide seed
[t+0s] alert#16 primary=advisory_clear conf=0.517 eta=1.5
[t+0s] alert#14 primary=advisory_clear conf=0.524 eta=1.5
[t+0s] alert#12 primary=advisory_clear conf=0.58 eta=9.4
[t+0s] alert#10 primary=advisory_clear conf=0.554 eta=9.4
[t+0s] alert#9 primary=confirmed_clear conf=0.473 eta=1.5
[t+0s] pipeline feed ready — waiting for Decide seed
[t+0s] alert#16 primary=advisory_clear conf=0.517 eta=1.5
[t+0s] alert#14 primary=advisory_clear conf=0.524 eta=1.5
[t+0s] alert#12 primary=advisory_clear conf=0.58 eta=9.4
[t+0s] alert#10 primary=advisory_clear conf=0.554 eta=9.4
[t+0s] alert#9 primary=confirmed_clear conf=0.473 eta=1.5
[t+0s] pipeline feed ready — waiting for Decide seed
[t+0s] alert#16 primary=advisory_clear conf=0.517 eta=1.5
[t+0s] alert#14 primary=advisory_clear conf=0.524 eta=1.5
[t+0s] alert#12 primary=advisory_clear conf=0.58 eta=9.4
[t+0s] alert#10 primary=advisory_clear conf=0.554 eta=9.4
[t+0s] alert#9 primary=confirmed_clear conf=0.473 eta=1.5
[t+0s] pipeline feed ready — waiting for Decide seed
[t+0s] alert#16 primary=advisory_clear conf=0.517 eta=1.5
[t+0s] alert#14 primary=advisory_clear conf=0.524 eta=1.5
[t+0s] alert#12 primary=advisory_clear conf=0.58 eta=9.4
[t+0s] alert#10 primary=advisory_clear conf=0.554 eta=9.4
[t+0s] alert#9 primary=confirmed_clear conf=0.473 eta=1.5
[t+0s] pipeline feed ready — waiting for Decide seed
[t+0s] alert#16 primary=advisory_clear conf=0.517 eta=1.5
[t+0s] alert#14 primary=advisory_clear conf=0.524 eta=1.5
[t+0s] alert#12 primary=advisory_clear conf=0.58 eta=9.4
[t+0s] alert#10 primary=advisory_clear conf=0.554 eta=9.4
[t+0s] alert#9 primary=confirmed_clear conf=0.473 eta=1.5
[t+0s] pipeline feed ready — waiting for Decide seed
[t+0s] alert#16 primary=advisory_clear conf=0.517 eta=1.5
[t+0s] alert#14 primary=advisory_clear conf=0.524 eta=1.5
[t+0s] alert#12 primary=advisory_clear conf=0.58 eta=9.4
[t+0s] alert#10 primary=advisory_clear conf=0.554 eta=9.4
[t+0s] alert#9 primary=confirmed_clear conf=0.473 eta=1.5
[t+0s] pipeline feed ready — waiting for Decide seed
[t+0s] alert#16 primary=advisory_clear conf=0.517 eta=1.5
[t+0s] alert#14 primary=advisory_clear conf=0.524 eta=1.5
[t+0s] alert#12 primary=advisory_clear conf=0.58 eta=9.4
[t+0s] alert#10 primary=advisory_clear conf=0.554 eta=9.4
[t+0s] alert#9 primary=confirmed_clear conf=0.473 eta=1.5
[t+0s] pipeline feed ready — waiting for Decide seed
[t+0s] alert#16 primary=advisory_clear conf=0.517 eta=1.5
[t+0s] alert#14 primary=advisory_clear conf=0.524 eta=1.5
[t+0s] alert#12 primary=advisory_clear conf=0.58 eta=9.4
[t+0s] alert#10 primary=advisory_clear conf=0.554 eta=9.4
[t+0s] alert#9 primary=confirmed_clear conf=0.473 eta=1.5
[t+0s] pipeline feed ready — waiting for Decide seed
[t+0s] alert#16 primary=advisory_clear conf=0.517 eta=1.5
[t+0s] alert#14 primary=advisory_clear conf=0.524 eta=1.5
[t+0s] alert#12 primary=advisory_clear conf=0.58 eta=9.4
[t+0s] alert#10 primary=advisory_clear conf=0.554 eta=9.4
[t+0s] alert#9 primary=confirmed_clear conf=0.473 eta=1.5
[t+0s] pipeline feed ready — waiting for Decide seed
[t+0s] alert#16 primary=advisory_clear conf=0.517 eta=1.5
[t+0s] alert#14 primary=advisory_clear conf=0.524 eta=1.5
[t+0s] alert#12 primary=advisory_clear conf=0.58 eta=9.4
[t+0s] alert#10 primary=advisory_clear conf=0.554 eta=9.4
[t+0s] alert#9 primary=confirmed_clear conf=0.473 eta=1.5
[t+0s] pipeline feed ready — waiting for Decide seed
[t+0s] alert#16 primary=advisory_clear conf=0.517 eta=1.5
[t+0s] alert#14 primary=advisory_clear conf=0.524 eta=1.5
[t+0s] alert#12 primary=advisory_clear conf=0.58 eta=9.4
[t+0s] alert#10 primary=advisory_clear conf=0.554 eta=9.4
[t+0s] alert#9 primary=confirmed_clear conf=0.473 eta=1.5
[t+0s] pipeline feed ready — waiting for Decide seed
[t+0s] alert#16 primary=advisory_clear conf=0.517 eta=1.5
[t+0s] alert#14 primary=advisory_clear conf=0.524 eta=1.5
[t+0s] alert#12 primary=advisory_clear conf=0.58 eta=9.4
[t+0s] alert#10 primary=advisory_clear conf=0.554 eta=9.4
[t+0s] alert#9 primary=confirmed_clear conf=0.473 eta=1.5
[t+0s] pipeline feed ready — waiting for Decide seed
[t+0s] alert#16 primary=advisory_clear conf=0.517 eta=1.5
[t+0s] alert#14 primary=advisory_clear conf=0.524 eta=1.5
[t+0s] alert#12 primary=advisory_clear conf=0.58 eta=9.4
[t+0s] alert#10 primary=advisory_clear conf=0.554 eta=9.4
[t+0s] alert#9 primary=confirmed_clear conf=0.473 eta=1.5
[t+0s] pipeline feed ready — waiting for Decide seed
[t+0s] alert#16 primary=advisory_clear conf=0.517 eta=1.5
[t+0s] alert#14 primary=advisory_clear conf=0.524 eta=1.5
[t+0s] alert#12 primary=advisory_clear conf=0.58 eta=9.4
[t+0s] alert#10 primary=advisory_clear conf=0.554 eta=9.4
[t+0s] alert#9 primary=confirmed_clear conf=0.473 eta=1.5
[t+0s] pipeline feed ready — waiting for Decide seed
[t+0s] alert#16 primary=advisory_clear conf=0.517 eta=1.5
[t+0s] alert#14 primary=advisory_clear conf=0.524 eta=1.5
[t+0s] alert#12 primary=advisory_clear conf=0.58 eta=9.4
[t+0s] alert#10 primary=advisory_clear conf=0.554 eta=9.4
[t+0s] alert#9 primary=confirmed_clear conf=0.473 eta=1.5
[t+0s] pipeline feed ready — waiting for Decide seed
[t+0s] alert#16 primary=advisory_clear conf=0.517 eta=1.5
[t+0s] alert#14 primary=advisory_clear conf=0.524 eta=1.5
[t+0s] alert#12 primary=advisory_clear conf=0.58 eta=9.4
[t+0s] alert#10 primary=advisory_clear conf=0.554 eta=9.4
[t+0s] alert#9 primary=confirmed_clear conf=0.473 eta=1.5
[t+0s] pipeline feed ready — waiting for Decide seed
[t+0s] alert#16 primary=advisory_clear conf=0.517 eta=1.5
[t+0s] alert#14 primary=advisory_clear conf=0.524 eta=1.5
[t+0s] alert#12 primary=advisory_clear conf=0.58 eta=9.4
[t+0s] alert#10 primary=advisory_clear conf=0.554 eta=9.4
[t+0s] alert#9 primary=confirmed_clear conf=0.473 eta=1.5
[t+0s] pipeline feed ready — waiting for Decide seed
[t+0s] alert#16 primary=advisory_clear conf=0.517 eta=1.5
[t+0s] alert#14 primary=advisory_clear conf=0.524 eta=1.5
[t+0s] alert#12 primary=advisory_clear conf=0.58 eta=9.4
[t+0s] alert#10 primary=advisory_clear conf=0.554 eta=9.4
[t+0s] alert#9 primary=confirmed_clear conf=0.473 eta=1.5
[t+0s] pipeline feed ready — waiting for Decide seed
[t+0s] alert#16 primary=advisory_clear conf=0.517 eta=1.5
[t+0s] alert#14 primary=advisory_clear conf=0.524 eta=1.5
[t+0s] alert#12 primary=advisory_clear conf=0.58 eta=9.4
[t+0s] alert#10 primary=advisory_clear conf=0.554 eta=9.4
[t+0s] alert#9 primary=confirmed_clear conf=0.473 eta=1.5
[t+0s] pipeline feed ready — waiting for Decide seed
[t+0s] alert#16 primary=advisory_clear conf=0.517 eta=1.5
[t+0s] alert#14 primary=advisory_clear conf=0.524 eta=1.5
[t+0s] alert#12 primary=advisory_clear conf=0.58 eta=9.4
[t+0s] alert#10 primary=advisory_clear conf=0.554 eta=9.4
[t+0s] alert#9 primary=confirmed_clear conf=0.473 eta=1.5
[t+0s] pipeline feed ready — waiting for Decide seed
[t+0s] alert#16 primary=advisory_clear conf=0.517 eta=1.5
[t+0s] alert#14 primary=advisory_clear conf=0.524 eta=1.5
[t+0s] alert#12 primary=advisory_clear conf=0.58 eta=9.4
[t+0s] alert#10 primary=advisory_clear conf=0.554 eta=9.4
[t+0s] alert#9 primary=confirmed_clear conf=0.473 eta=1.5
[t+0s] pipeline feed ready — waiting for Decide seed
[t+0s] alert#16 primary=advisory_clear conf=0.517 eta=1.5
[t+0s] alert#14 primary=advisory_clear conf=0.524 eta=1.5
[t+0s] alert#12 primary=advisory_clear conf=0.58 eta=9.4
[t+0s] alert#10 primary=advisory_clear conf=0.554 eta=9.4
[t+0s] alert#9 primary=confirmed_clear conf=0.473 eta=1.5
[t+0s] pipeline feed ready — waiting for Decide seed
[t+0s] alert#16 primary=advisory_clear conf=0.517 eta=1.5
[t+0s] alert#14 primary=advisory_clear conf=0.524 eta=1.5
[t+0s] alert#12 primary=advisory_clear conf=0.58 eta=9.4
[t+0s] alert#10 primary=advisory_clear conf=0.554 eta=9.4
[t+0s] alert#9 primary=confirmed_clear conf=0.473 eta=1.5
[t+0s] pipeline feed ready — waiting for Decide seed
[t+0s] alert#16 primary=advisory_clear conf=0.517 eta=1.5
[t+0s] alert#14 primary=advisory_clear conf=0.524 eta=1.5
[t+0s] alert#12 primary=advisory_clear conf=0.58 eta=9.4
[t+0s] alert#10 primary=advisory_clear conf=0.554 eta=9.4
[t+0s] alert#9 primary=confirmed_clear conf=0.473 eta=1.5
[t+0s] pipeline feed ready — waiting for Decide seed
[t+0s] alert#16 primary=advisory_clear conf=0.517 eta=1.5
[t+0s] alert#14 primary=advisory_clear conf=0.524 eta=1.5
[t+0s] alert#12 primary=advisory_clear conf=0.58 eta=9.4
[t+0s] alert#10 primary=advisory_clear conf=0.554 eta=9.4
[t+0s] alert#9 primary=confirmed_clear conf=0.473 eta=1.5
[t+0s] pipeline feed ready — waiting for Decide seed
[t+0s] alert#16 primary=advisory_clear conf=0.517 eta=1.5
[t+0s] alert#14 primary=advisory_clear conf=0.524 eta=1.5
[t+0s] alert#12 primary=advisory_clear conf=0.58 eta=9.4
[t+0s] alert#10 primary=advisory_clear conf=0.554 eta=9.4
[t+0s] alert#9 primary=confirmed_clear conf=0.473 eta=1.5
[t+0s] pipeline feed ready — waiting for Decide seed
[t+0s] alert#16 primary=advisory_clear conf=0.517 eta=1.5
[t+0s] alert#14 primary=advisory_clear conf=0.524 eta=1.5
[t+0s] alert#12 primary=advisory_clear conf=0.58 eta=9.4
[t+0s] alert#10 primary=advisory_clear conf=0.554 eta=9.4
[t+0s] alert#9 primary=confirmed_clear conf=0.473 eta=1.5
[t+0s] pipeline feed ready — waiting for Decide seed
[t+0s] alert#16 primary=advisory_clear conf=0.517 eta=1.5
[t+0s] alert#14 primary=advisory_clear conf=0.524 eta=1.5
[t+0s] alert#12 primary=advisory_clear conf=0.58 eta=9.4
[t+0s] alert#10 primary=advisory_clear conf=0.554 eta=9.4
[t+0s] alert#9 primary=confirmed_clear conf=0.473 eta=1.5
[t+0s] pipeline feed ready — waiting for Decide seed
[t+0s] alert#16 primary=advisory_clear conf=0.517 eta=1.5
[t+0s] alert#14 primary=advisory_clear conf=0.524 eta=1.5
[t+0s] alert#12 primary=advisory_clear conf=0.58 eta=9.4
[t+0s] alert#10 primary=advisory_clear conf=0.554 eta=9.4
[t+0s] alert#9 primary=confirmed_clear conf=0.473 eta=1.5
[t+0s] pipeline feed ready — waiting for Decide seed
[t+0s] alert#16 primary=advisory_clear conf=0.517 eta=1.5
[t+0s] alert#14 primary=advisory_clear conf=0.524 eta=1.5
[t+0s] alert#12 primary=advisory_clear conf=0.58 eta=9.4
[t+0s] alert#10 primary=advisory_clear conf=0.554 eta=9.4
[t+0s] alert#9 primary=confirmed_clear conf=0.473 eta=1.5
[t+0s] pipeline feed ready — waiting for Decide seed
[t+0s] alert#16 primary=advisory_clear conf=0.517 eta=1.5
[t+0s] alert#14 primary=advisory_clear conf=0.524 eta=1.5
[t+0s] alert#12 primary=advisory_clear conf=0.58 eta=9.4
[t+0s] alert#10 primary=advisory_clear conf=0.554 eta=9.4
[t+0s] alert#9 primary=confirmed_clear conf=0.473 eta=1.5
[t+0s] pipeline feed ready — waiting for Decide seed
[t+0s] alert#16 primary=advisory_clear conf=0.517 eta=1.5
[t+0s] alert#14 primary=advisory_clear conf=0.524 eta=1.5
[t+0s] alert#12 primary=advisory_clear conf=0.58 eta=9.4
[t+0s] alert#10 primary=advisory_clear conf=0.554 eta=9.4
[t+0s] alert#9 primary=confirmed_clear conf=0.473 eta=1.5
[t+0s] pipeline feed ready — waiting for Decide seed
[t+0s] alert#16 primary=advisory_clear conf=0.517 eta=1.5
[t+0s] alert#14 primary=advisory_clear conf=0.524 eta=1.5
[t+0s] alert#12 primary=advisory_clear conf=0.58 eta=9.4
[t+0s] alert#10 primary=advisory_clear conf=0.554 eta=9.4
[t+0s] alert#9 primary=confirmed_clear conf=0.473 eta=1.5
[t+0s] pipeline feed ready — waiting for Decide seed
[t+0s] alert#16 primary=advisory_clear conf=0.517 eta=1.5
[t+0s] alert#14 primary=advisory_clear conf=0.524 eta=1.5
[t+0s] alert#12 primary=advisory_clear conf=0.58 eta=9.4
[t+0s] alert#10 primary=advisory_clear conf=0.554 eta=9.4
[t+0s] alert#9 primary=confirmed_clear conf=0.473 eta=1.5
[t+0s] pipeline feed ready — waiting for Decide seed
[t+0s] alert#16 primary=advisory_clear conf=0.517 eta=1.5
[t+0s] alert#14 primary=advisory_clear conf=0.524 eta=1.5
[t+0s] alert#12 primary=advisory_clear conf=0.58 eta=9.4
[t+0s] alert#10 primary=advisory_clear conf=0.554 eta=9.4
[t+0s] alert#9 primary=confirmed_clear conf=0.473 eta=1.5
[t+0s] pipeline feed ready — waiting for Decide seed
[t+0s] alert#16 primary=advisory_clear conf=0.517 eta=1.5
[t+0s] alert#14 primary=advisory_clear conf=0.524 eta=1.5
[t+0s] alert#12 primary=advisory_clear conf=0.58 eta=9.4
[t+0s] alert#10 primary=advisory_clear conf=0.554 eta=9.4
[t+0s] alert#9 primary=confirmed_clear conf=0.473 eta=1.5
[t+0s] pipeline feed ready — waiting for Decide seed
[t+0s] alert#16 primary=advisory_clear conf=0.517 eta=1.5
[t+0s] alert#14 primary=advisory_clear conf=0.524 eta=1.5
[t+0s] alert#12 primary=advisory_clear conf=0.58 eta=9.4
[t+0s] alert#10 primary=advisory_clear conf=0.554 eta=9.4
[t+0s] alert#9 primary=confirmed_clear conf=0.473 eta=1.5
[t+0s] pipeline feed ready — waiting for Decide seed
[t+0s] alert#16 primary=advisory_clear conf=0.517 eta=1.5
[t+0s] alert#14 primary=advisory_clear conf=0.524 eta=1.5
[t+0s] alert#12 primary=advisory_clear conf=0.58 eta=9.4
[t+0s] alert#10 primary=advisory_clear conf=0.554 eta=9.4
[t+0s] alert#9 primary=confirmed_clear conf=0.473 eta=1.5
[t+0s] pipeline feed ready — waiting for Decide seed
[t+0s] alert#16 primary=advisory_clear conf=0.517 eta=1.5
[t+0s] alert#14 primary=advisory_clear conf=0.524 eta=1.5
[t+0s] alert#12 primary=advisory_clear conf=0.58 eta=9.4
[t+0s] alert#10 primary=advisory_clear conf=0.554 eta=9.4
[t+0s] alert#9 primary=confirmed_clear conf=0.473 eta=1.5
[t+0s] pipeline feed ready — waiting for Decide seed
[t+0s] alert#16 primary=advisory_clear conf=0.517 eta=1.5
[t+0s] alert#14 primary=advisory_clear conf=0.524 eta=1.5
[t+0s] alert#12 primary=advisory_clear conf=0.58 eta=9.4
[t+0s] alert#10 primary=advisory_clear conf=0.554 eta=9.4
[t+0s] alert#9 primary=confirmed_clear conf=0.473 eta=1.5
[t+0s] pipeline feed ready — waiting for Decide seed
[t+0s] alert#16 primary=advisory_clear conf=0.517 eta=1.5
[t+0s] alert#14 primary=advisory_clear conf=0.524 eta=1.5
[t+0s] alert#12 primary=advisory_clear conf=0.58 eta=9.4
[t+0s] alert#10 primary=advisory_clear conf=0.554 eta=9.4
[t+0s] alert#9 primary=confirmed_clear conf=0.473 eta=1.5
[t+0s] pipeline feed ready — waiting for Decide seed
[t+0s] alert#16 primary=advisory_clear conf=0.517 eta=1.5
[t+0s] alert#14 primary=advisory_clear conf=0.524 eta=1.5
[t+0s] alert#12 primary=advisory_clear conf=0.58 eta=9.4
[t+0s] alert#10 primary=advisory_clear conf=0.554 eta=9.4
[t+0s] alert#9 primary=confirmed_clear conf=0.473 eta=1.5
[t+0s] pipeline feed ready — waiting for Decide seed
[t+0s] alert#16 primary=advisory_clear conf=0.517 eta=1.5
[t+0s] alert#14 primary=advisory_clear conf=0.524 eta=1.5
[t+0s] alert#12 primary=advisory_clear conf=0.58 eta=9.4
[t+0s] alert#10 primary=advisory_clear conf=0.554 eta=9.4
[t+0s] alert#9 primary=confirmed_clear conf=0.473 eta=1.5
[t+0s] pipeline feed ready — waiting for Decide seed
[t+0s] alert#16 primary=advisory_clear conf=0.517 eta=1.5
[t+0s] alert#14 primary=advisory_clear conf=0.524 eta=1.5
[t+0s] alert#12 primary=advisory_clear conf=0.58 eta=9.4
[t+0s] alert#10 primary=advisory_clear conf=0.554 eta=9.4
[t+0s] alert#9 primary=confirmed_clear conf=0.473 eta=1.5
[t+0s] pipeline feed ready — waiting for Decide seed
[t+0s] alert#16 primary=advisory_clear conf=0.517 eta=1.5
[t+0s] alert#14 primary=advisory_clear conf=0.524 eta=1.5
[t+0s] alert#12 primary=advisory_clear conf=0.58 eta=9.4
[t+0s] alert#10 primary=advisory_clear conf=0.554 eta=9.4
[t+0s] alert#9 primary=confirmed_clear conf=0.473 eta=1.5
[t+0s] pipeline feed ready — waiting for Decide seed
[t+0s] alert#16 primary=advisory_clear conf=0.517 eta=1.5
[t+0s] alert#14 primary=advisory_clear conf=0.524 eta=1.5
[t+0s] alert#12 primary=advisory_clear conf=0.58 eta=9.4
[t+0s] alert#10 primary=advisory_clear conf=0.554 eta=9.4
[t+0s] alert#9 primary=confirmed_clear conf=0.473 eta=1.5
[t+0s] pipeline feed ready — waiting for Decide seed
[t+0s] alert#16 primary=advisory_clear conf=0.517 eta=1.5
[t+0s] alert#14 primary=advisory_clear conf=0.524 eta=1.5
[t+0s] alert#12 primary=advisory_clear conf=0.58 eta=9.4
[t+0s] alert#10 primary=advisory_clear conf=0.554 eta=9.4
[t+0s] alert#9 primary=confirmed_clear conf=0.473 eta=1.5
[t+0s] pipeline feed ready — waiting for Decide seed
[t+0s] alert#16 primary=advisory_clear conf=0.517 eta=1.5
[t+0s] alert#14 primary=advisory_clear conf=0.524 eta=1.5
[t+0s] alert#12 primary=advisory_clear conf=0.58 eta=9.4
[t+0s] alert#10 primary=advisory_clear conf=0.554 eta=9.4
[t+0s] alert#9 primary=confirmed_clear conf=0.473 eta=1.5
[t+0s] pipeline feed ready — waiting for Decide seed
[t+0s] alert#16 primary=advisory_clear conf=0.517 eta=1.5
[t+0s] alert#14 primary=advisory_clear conf=0.524 eta=1.5
[t+0s] alert#12 primary=advisory_clear conf=0.58 eta=9.4
[t+0s] alert#10 primary=advisory_clear conf=0.554 eta=9.4
[t+0s] alert#9 primary=confirmed_clear conf=0.473 eta=1.5
[t+0s] pipeline feed ready — waiting for Decide seed
[t+0s] alert#16 primary=advisory_clear conf=0.517 eta=1.5
[t+0s] alert#14 primary=advisory_clear conf=0.524 eta=1.5
[t+0s] alert#12 primary=advisory_clear conf=0.58 eta=9.4
[t+0s] alert#10 primary=advisory_clear conf=0.554 eta=9.4
[t+0s] alert#9 primary=confirmed_clear conf=0.473 eta=1.5
[t+0s] pipeline feed ready — waiting for Decide seed
[t+0s] alert#16 primary=advisory_clear conf=0.517 eta=1.5
[t+0s] alert#14 primary=advisory_clear conf=0.524 eta=1.5
[t+0s] alert#12 primary=advisory_clear conf=0.58 eta=9.4
[t+0s] alert#10 primary=advisory_clear conf=0.554 eta=9.4
[t+0s] alert#9 primary=confirmed_clear conf=0.473 eta=1.5
[t+0s] pipeline feed ready — waiting for Decide seed
[t+0s] alert#16 primary=advisory_clear conf=0.517 eta=1.5
[t+0s] alert#14 primary=advisory_clear conf=0.524 eta=1.5
[t+0s] alert#12 primary=advisory_clear conf=0.58 eta=9.4
[t+0s] alert#10 primary=advisory_clear conf=0.554 eta=9.4
[t+0s] alert#9 primary=confirmed_clear conf=0.473 eta=1.5
[t+0s] pipeline feed ready — waiting for Decide seed
[t+0s] alert#16 primary=advisory_clear conf=0.517 eta=1.5
[t+0s] alert#14 primary=advisory_clear conf=0.524 eta=1.5
[t+0s] alert#12 primary=advisory_clear conf=0.58 eta=9.4
[t+0s] alert#10 primary=advisory_clear conf=0.554 eta=9.4
[t+0s] alert#9 primary=confirmed_clear conf=0.473 eta=1.5
[t+0s] pipeline feed ready — waiting for Decide seed
[t+0s] alert#16 primary=advisory_clear conf=0.517 eta=1.5
[t+0s] alert#14 primary=advisory_clear conf=0.524 eta=1.5
[t+0s] alert#12 primary=advisory_clear conf=0.58 eta=9.4
[t+0s] alert#10 primary=advisory_clear conf=0.554 eta=9.4
[t+0s] alert#9 primary=confirmed_clear conf=0.473 eta=1.5
[t+0s] pipeline feed ready — waiting for Decide seed
[t+0s] alert#16 primary=advisory_clear conf=0.517 eta=1.5
[t+0s] alert#14 primary=advisory_clear conf=0.524 eta=1.5
[t+0s] alert#12 primary=advisory_clear conf=0.58 eta=9.4
[t+0s] alert#10 primary=advisory_clear conf=0.554 eta=9.4
[t+0s] alert#9 primary=confirmed_clear conf=0.473 eta=1.5
[t+0s] pipeline feed ready — waiting for Decide seed
[t+0s] alert#16 primary=advisory_clear conf=0.517 eta=1.5
[t+0s] alert#14 primary=advisory_clear conf=0.524 eta=1.5
[t+0s] alert#12 primary=advisory_clear conf=0.58 eta=9.4
[t+0s] alert#10 primary=advisory_clear conf=0.554 eta=9.4
[t+0s] alert#9 primary=confirmed_clear conf=0.473 eta=1.5
[t+0s] pipeline feed ready — waiting for Decide seed
[t+0s] alert#16 primary=advisory_clear conf=0.517 eta=1.5
[t+0s] alert#14 primary=advisory_clear conf=0.524 eta=1.5
[t+0s] alert#12 primary=advisory_clear conf=0.58 eta=9.4
[t+0s] alert#10 primary=advisory_clear conf=0.554 eta=9.4
[t+0s] alert#9 primary=confirmed_clear conf=0.473 eta=1.5
[t+0s] pipeline feed ready — waiting for Decide seed
[t+0s] alert#16 primary=advisory_clear conf=0.517 eta=1.5
[t+0s] alert#14 primary=advisory_clear conf=0.524 eta=1.5
[t+0s] alert#12 primary=advisory_clear conf=0.58 eta=9.4
[t+0s] alert#10 primary=advisory_clear conf=0.554 eta=9.4
[t+0s] alert#9 primary=confirmed_clear conf=0.473 eta=1.5
[t+0s] pipeline feed ready — waiting for Decide seed
[t+0s] alert#16 primary=advisory_clear conf=0.517 eta=1.5
[t+0s] alert#14 primary=advisory_clear conf=0.524 eta=1.5
[t+0s] alert#12 primary=advisory_clear conf=0.58 eta=9.4
[t+0s] alert#10 primary=advisory_clear conf=0.554 eta=9.4
[t+0s] alert#9 primary=confirmed_clear conf=0.473 eta=1.5
[t+0s] pipeline feed ready — waiting for Decide seed
[t+0s] alert#16 primary=advisory_clear conf=0.517 eta=1.5
[t+0s] alert#14 primary=advisory_clear conf=0.524 eta=1.5
[t+0s] alert#12 primary=advisory_clear conf=0.58 eta=9.4
[t+0s] alert#10 primary=advisory_clear conf=0.554 eta=9.4
[t+0s] alert#9 primary=confirmed_clear conf=0.473 eta=1.5
[t+0s] pipeline feed ready — waiting for Decide seed
[t+0s] alert#16 primary=advisory_clear conf=0.517 eta=1.5
[t+0s] alert#14 primary=advisory_clear conf=0.524 eta=1.5
[t+0s] alert#12 primary=advisory_clear conf=0.58 eta=9.4
[t+0s] alert#10 primary=advisory_clear conf=0.554 eta=9.4
[t+0s] alert#9 primary=confirmed_clear conf=0.473 eta=1.5
[t+0s] pipeline feed ready — waiting for Decide seed
[t+0s] alert#16 primary=advisory_clear conf=0.517 eta=1.5
[t+0s] alert#14 primary=advisory_clear conf=0.524 eta=1.5
[t+0s] alert#12 primary=advisory_clear conf=0.58 eta=9.4
[t+0s] alert#10 primary=advisory_clear conf=0.554 eta=9.4
[t+0s] alert#9 primary=confirmed_clear conf=0.473 eta=1.5
[t+0s] pipeline feed ready — waiting for Decide seed
[t+0s] alert#16 primary=advisory_clear conf=0.517 eta=1.5
[t+0s] alert#14 primary=advisory_clear conf=0.524 eta=1.5
[t+0s] alert#12 primary=advisory_clear conf=0.58 eta=9.4
[t+0s] alert#10 primary=advisory_clear conf=0.554 eta=9.4
[t+0s] alert#9 primary=confirmed_clear conf=0.473 eta=1.5
[t+0s] pipeline feed ready — waiting for Decide seed
[t+0s] alert#16 primary=advisory_clear conf=0.517 eta=1.5
[t+0s] alert#14 primary=advisory_clear conf=0.524 eta=1.5
[t+0s] alert#12 primary=advisory_clear conf=0.58 eta=9.4
[t+0s] alert#10 primary=advisory_clear conf=0.554 eta=9.4
[t+0s] alert#9 primary=confirmed_clear conf=0.473 eta=1.5
[t+0s] pipeline feed ready — waiting for Decide seed
[t+0s] alert#16 primary=advisory_clear conf=0.517 eta=1.5
[t+0s] alert#14 primary=advisory_clear conf=0.524 eta=1.5
[t+0s] alert#12 primary=advisory_clear conf=0.58 eta=9.4
[t+0s] alert#10 primary=advisory_clear conf=0.554 eta=9.4
[t+0s] alert#9 primary=confirmed_clear conf=0.473 eta=1.5
[t+0s] pipeline feed ready — waiting for Decide seed
[t+0s] alert#16 primary=advisory_clear conf=0.517 eta=1.5
[t+0s] alert#14 primary=advisory_clear conf=0.524 eta=1.5
[t+0s] alert#12 primary=advisory_clear conf=0.58 eta=9.4
[t+0s] alert#10 primary=advisory_clear conf=0.554 eta=9.4
[t+0s] alert#9 primary=confirmed_clear conf=0.473 eta=1.5
[t+0s] pipeline feed ready — waiting for Decide seed
[t+0s] alert#16 primary=advisory_clear conf=0.517 eta=1.5
[t+0s] alert#14 primary=advisory_clear conf=0.524 eta=1.5
[t+0s] alert#12 primary=advisory_clear conf=0.58 eta=9.4
[t+0s] alert#10 primary=advisory_clear conf=0.554 eta=9.4
[t+0s] alert#9 primary=confirmed_clear conf=0.473 eta=1.5
[t+0s] pipeline feed ready — waiting for Decide seed
[t+0s] alert#16 primary=advisory_clear conf=0.517 eta=1.5
[t+0s] alert#14 primary=advisory_clear conf=0.524 eta=1.5
[t+0s] alert#12 primary=advisory_clear conf=0.58 eta=9.4
[t+0s] alert#10 primary=advisory_clear conf=0.554 eta=9.4
[t+0s] alert#9 primary=confirmed_clear conf=0.473 eta=1.5
[t+0s] pipeline feed ready — waiting for Decide seed
[t+0s] alert#16 primary=advisory_clear conf=0.517 eta=1.5
[t+0s] alert#14 primary=advisory_clear conf=0.524 eta=1.5
[t+0s] alert#12 primary=advisory_clear conf=0.58 eta=9.4
[t+0s] alert#10 primary=advisory_clear conf=0.554 eta=9.4
[t+0s] alert#9 primary=confirmed_clear conf=0.473 eta=1.5
[t+0s] pipeline feed ready — waiting for Decide seed
[t+0s] alert#16 primary=advisory_clear conf=0.517 eta=1.5
[t+0s] alert#14 primary=advisory_clear conf=0.524 eta=1.5
[t+0s] alert#12 primary=advisory_clear conf=0.58 eta=9.4
[t+0s] alert#10 primary=advisory_clear conf=0.554 eta=9.4
[t+0s] alert#9 primary=confirmed_clear conf=0.473 eta=1.5
[t+0s] pipeline feed ready — waiting for Decide seed
[t+0s] alert#16 primary=advisory_clear conf=0.517 eta=1.5
[t+0s] alert#14 primary=advisory_clear conf=0.524 eta=1.5
[t+0s] alert#12 primary=advisory_clear conf=0.58 eta=9.4
[t+0s] alert#10 primary=advisory_clear conf=0.554 eta=9.4
[t+0s] alert#9 primary=confirmed_clear conf=0.473 eta=1.5
[t+0s] pipeline feed ready — waiting for Decide seed
[t+0s] alert#16 primary=advisory_clear conf=0.517 eta=1.5
[t+0s] alert#14 primary=advisory_clear conf=0.524 eta=1.5
[t+0s] alert#12 primary=advisory_clear conf=0.58 eta=9.4
[t+0s] alert#10 primary=advisory_clear conf=0.554 eta=9.4
[t+0s] alert#9 primary=confirmed_clear conf=0.473 eta=1.5
[t+0s] pipeline feed ready — waiting for Decide seed
[t+0s] alert#16 primary=advisory_clear conf=0.517 eta=1.5
[t+0s] alert#14 primary=advisory_clear conf=0.524 eta=1.5
[t+0s] alert#12 primary=advisory_clear conf=0.58 eta=9.4
[t+0s] alert#10 primary=advisory_clear conf=0.554 eta=9.4
[t+0s] alert#9 primary=confirmed_clear conf=0.473 eta=1.5
[t+0s] pipeline feed ready — waiting for Decide seed
[t+0s] alert#16 primary=advisory_clear conf=0.517 eta=1.5
[t+0s] alert#14 primary=advisory_clear conf=0.524 eta=1.5
[t+0s] alert#12 primary=advisory_clear conf=0.58 eta=9.4
[t+0s] alert#10 primary=advisory_clear conf=0.554 eta=9.4
[t+0s] alert#9 primary=confirmed_clear conf=0.473 eta=1.5
[t+0s] pipeline feed ready — waiting for Decide seed
[t+0s] alert#16 primary=advisory_clear conf=0.517 eta=1.5
[t+0s] alert#14 primary=advisory_clear conf=0.524 eta=1.5
[t+0s] alert#12 primary=advisory_clear conf=0.58 eta=9.4
[t+0s] alert#10 primary=advisory_clear conf=0.554 eta=9.4
[t+0s] alert#9 primary=confirmed_clear conf=0.473 eta=1.5
[t+0s] pipeline feed ready — waiting for Decide seed
[t+0s] alert#16 primary=advisory_clear conf=0.517 eta=1.5
[t+0s] alert#14 primary=advisory_clear conf=0.524 eta=1.5
[t+0s] alert#12 primary=advisory_clear conf=0.58 eta=9.4
[t+0s] alert#10 primary=advisory_clear conf=0.554 eta=9.4
[t+0s] alert#9 primary=confirmed_clear conf=0.473 eta=1.5
[t+0s] pipeline feed ready — waiting for Decide seed
[t+0s] alert#16 primary=advisory_clear conf=0.517 eta=1.5
[t+0s] alert#14 primary=advisory_clear conf=0.524 eta=1.5
[t+0s] alert#12 primary=advisory_clear conf=0.58 eta=9.4
[t+0s] alert#10 primary=advisory_clear conf=0.554 eta=9.4
[t+0s] alert#9 primary=confirmed_clear conf=0.473 eta=1.5
[t+0s] pipeline feed ready — waiting for Decide seed
[t+0s] alert#16 primary=advisory_clear conf=0.517 eta=1.5
[t+0s] alert#14 primary=advisory_clear conf=0.524 eta=1.5
[t+0s] alert#12 primary=advisory_clear conf=0.58 eta=9.4
[t+0s] alert#10 primary=advisory_clear conf=0.554 eta=9.4
[t+0s] alert#9 primary=confirmed_clear conf=0.473 eta=1.5
[t+0s] pipeline feed ready — waiting for Decide seed
[t+0s] alert#16 primary=advisory_clear conf=0.517 eta=1.5
[t+0s] alert#14 primary=advisory_clear conf=0.524 eta=1.5
[t+0s] alert#12 primary=advisory_clear conf=0.58 eta=9.4
[t+0s] alert#10 primary=advisory_clear conf=0.554 eta=9.4
[t+0s] alert#9 primary=confirmed_clear conf=0.473 eta=1.5
[t+0s] pipeline feed ready — waiting for Decide seed
[t+0s] alert#16 primary=advisory_clear conf=0.517 eta=1.5
[t+0s] alert#14 primary=advisory_clear conf=0.524 eta=1.5
[t+0s] alert#12 primary=advisory_clear conf=0.58 eta=9.4
[t+0s] alert#10 primary=advisory_clear conf=0.554 eta=9.4
[t+0s] alert#9 primary=confirmed_clear conf=0.473 eta=1.5
[t+0s] pipeline feed ready — waiting for Decide seed
[t+0s] alert#16 primary=advisory_clear conf=0.517 eta=1.5
[t+0s] alert#14 primary=advisory_clear conf=0.524 eta=1.5
[t+0s] alert#12 primary=advisory_clear conf=0.58 eta=9.4
[t+0s] alert#10 primary=advisory_clear conf=0.554 eta=9.4
[t+0s] alert#9 primary=confirmed_clear conf=0.473 eta=1.5
[t+0s] pipeline feed ready — waiting for Decide seed
[t+0s] alert#16 primary=advisory_clear conf=0.517 eta=1.5
[t+0s] alert#14 primary=advisory_clear conf=0.524 eta=1.5
[t+0s] alert#12 primary=advisory_clear conf=0.58 eta=9.4
[t+0s] alert#10 primary=advisory_clear conf=0.554 eta=9.4
[t+0s] alert#9 primary=confirmed_clear conf=0.473 eta=1.5
[t+0s] pipeline feed ready — waiting for Decide seed
[t+0s] alert#16 primary=advisory_clear conf=0.517 eta=1.5
[t+0s] alert#14 primary=advisory_clear conf=0.524 eta=1.5
[t+0s] alert#12 primary=advisory_clear conf=0.58 eta=9.4
[t+0s] alert#10 primary=advisory_clear conf=0.554 eta=9.4
[t+0s] alert#9 primary=confirmed_clear conf=0.473 eta=1.5
[t+0s] pipeline feed ready — waiting for Decide seed
[t+0s] alert#16 primary=advisory_clear conf=0.517 eta=1.5
[t+0s] alert#14 primary=advisory_clear conf=0.524 eta=1.5
[t+0s] alert#12 primary=advisory_clear conf=0.58 eta=9.4
[t+0s] alert#10 primary=advisory_clear conf=0.554 eta=9.4
[t+0s] alert#9 primary=confirmed_clear conf=0.473 eta=1.5
[t+0s] pipeline feed ready — waiting for Decide seed
[t+0s] alert#16 primary=advisory_clear conf=0.517 eta=1.5
[t+0s] alert#14 primary=advisory_clear conf=0.524 eta=1.5
[t+0s] alert#12 primary=advisory_clear conf=0.58 eta=9.4
[t+0s] alert#10 primary=advisory_clear conf=0.554 eta=9.4
[t+0s] alert#9 primary=confirmed_clear conf=0.473 eta=1.5
[t+0s] pipeline feed ready — waiting for Decide seed
[t+0s] alert#16 primary=advisory_clear conf=0.517 eta=1.5
[t+0s] alert#14 primary=advisory_clear conf=0.524 eta=1.5
[t+0s] alert#12 primary=advisory_clear conf=0.58 eta=9.4
[t+0s] alert#10 primary=advisory_clear conf=0.554 eta=9.4
[t+0s] alert#9 primary=confirmed_clear conf=0.473 eta=1.5
[t+0s] pipeline feed ready — waiting for Decide seed
[t+0s] alert#16 primary=advisory_clear conf=0.517 eta=1.5
[t+0s] alert#14 primary=advisory_clear conf=0.524 eta=1.5
[t+0s] alert#12 primary=advisory_clear conf=0.58 eta=9.4
[t+0s] alert#10 primary=advisory_clear conf=0.554 eta=9.4
[t+0s] alert#9 primary=confirmed_clear conf=0.473 eta=1.5
[t+0s] pipeline feed ready — waiting for Decide seed
[t+0s] alert#16 primary=advisory_clear conf=0.517 eta=1.5
[t+0s] alert#14 primary=advisory_clear conf=0.524 eta=1.5
[t+0s] alert#12 primary=advisory_clear conf=0.58 eta=9.4
[t+0s] alert#10 primary=advisory_clear conf=0.554 eta=9.4
[t+0s] alert#9 primary=confirmed_clear conf=0.473 eta=1.5
[t+0s] pipeline feed ready — waiting for Decide seed
[t+0s] alert#16 primary=advisory_clear conf=0.517 eta=1.5
[t+0s] alert#14 primary=advisory_clear conf=0.524 eta=1.5
[t+0s] alert#12 primary=advisory_clear conf=0.58 eta=9.4
[t+0s] alert#10 primary=advisory_clear conf=0.554 eta=9.4
[t+0s] alert#9 primary=confirmed_clear conf=0.473 eta=1.5
[t+0s] pipeline feed ready — waiting for Decide seed
[t+0s] alert#16 primary=advisory_clear conf=0.517 eta=1.5
[t+0s] alert#14 primary=advisory_clear conf=0.524 eta=1.5
[t+0s] alert#12 primary=advisory_clear conf=0.58 eta=9.4
[t+0s] alert#10 primary=advisory_clear conf=0.554 eta=9.4
[t+0s] alert#9 primary=confirmed_clear conf=0.473 eta=1.5
[t+0s] pipeline feed ready — waiting for Decide seed
[t+0s] alert#16 primary=advisory_clear conf=0.517 eta=1.5
[t+0s] alert#14 primary=advisory_clear conf=0.524 eta=1.5
[t+0s] alert#12 primary=advisory_clear conf=0.58 eta=9.4
[t+0s] alert#10 primary=advisory_clear conf=0.554 eta=9.4
[t+0s] alert#9 primary=confirmed_clear conf=0.473 eta=1.5
[t+0s] pipeline feed ready — waiting for Decide seed
[t+0s] alert#16 primary=advisory_clear conf=0.517 eta=1.5
[t+0s] alert#14 primary=advisory_clear conf=0.524 eta=1.5
[t+0s] alert#12 primary=advisory_clear conf=0.58 eta=9.4
[t+0s] alert#10 primary=advisory_clear conf=0.554 eta=9.4
[t+0s] alert#9 primary=confirmed_clear conf=0.473 eta=1.5
[t+0s] pipeline feed ready — waiting for Decide seed
[t+0s] alert#16 primary=advisory_clear conf=0.517 eta=1.5
[t+0s] alert#14 primary=advisory_clear conf=0.524 eta=1.5
[t+0s] alert#12 primary=advisory_clear conf=0.58 eta=9.4
[t+0s] alert#10 primary=advisory_clear conf=0.554 eta=9.4
[t+0s] alert#9 primary=confirmed_clear conf=0.473 eta=1.5
[t+0s] pipeline feed ready — waiting for Decide seed
[t+0s] alert#16 primary=advisory_clear conf=0.517 eta=1.5
[t+0s] alert#14 primary=advisory_clear conf=0.524 eta=1.5
[t+0s] alert#12 primary=advisory_clear conf=0.58 eta=9.4
[t+0s] alert#10 primary=advisory_clear conf=0.554 eta=9.4
[t+0s] alert#9 primary=confirmed_clear conf=0.473 eta=1.5
[t+0s] pipeline feed ready — waiting for Decide seed
[t+0s] alert#16 primary=advisory_clear conf=0.517 eta=1.5
[t+0s] alert#14 primary=advisory_clear conf=0.524 eta=1.5
[t+0s] alert#12 primary=advisory_clear conf=0.58 eta=9.4
[t+0s] alert#10 primary=advisory_clear conf=0.554 eta=9.4
[t+0s] alert#9 primary=confirmed_clear conf=0.473 eta=1.5
[t+0s] pipeline feed ready — waiting for Decide seed
[t+0s] alert#16 primary=advisory_clear conf=0.517 eta=1.5
[t+0s] alert#14 primary=advisory_clear conf=0.524 eta=1.5
[t+0s] alert#12 primary=advisory_clear conf=0.58 eta=9.4
[t+0s] alert#10 primary=advisory_clear conf=0.554 eta=9.4
[t+0s] alert#9 primary=confirmed_clear conf=0.473 eta=1.5
[t+0s] pipeline feed ready — waiting for Decide seed
[t+0s] alert#16 primary=advisory_clear conf=0.517 eta=1.5
[t+0s] alert#14 primary=advisory_clear conf=0.524 eta=1.5
[t+0s] alert#12 primary=advisory_clear conf=0.58 eta=9.4
[t+0s] alert#10 primary=advisory_clear conf=0.554 eta=9.4
[t+0s] alert#9 primary=confirmed_clear conf=0.473 eta=1.5
[t+0s] pipeline feed ready — waiting for Decide seed
[t+0s] alert#16 primary=advisory_clear conf=0.517 eta=1.5
[t+0s] alert#14 primary=advisory_clear conf=0.524 eta=1.5
[t+0s] alert#12 primary=advisory_clear conf=0.58 eta=9.4
[t+0s] alert#10 primary=advisory_clear conf=0.554 eta=9.4
[t+0s] alert#9 primary=confirmed_clear conf=0.473 eta=1.5
[t+0s] pipeline feed ready — waiting for Decide seed
[t+0s] alert#16 primary=advisory_clear conf=0.517 eta=1.5
[t+0s] alert#14 primary=advisory_clear conf=0.524 eta=1.5
[t+0s] alert#12 primary=advisory_clear conf=0.58 eta=9.4
[t+0s] alert#10 primary=advisory_clear conf=0.554 eta=9.4
[t+0s] alert#9 primary=confirmed_clear conf=0.473 eta=1.5
[t+0s] pipeline feed ready — waiting for Decide seed
[t+0s] alert#16 primary=advisory_clear conf=0.517 eta=1.5
[t+0s] alert#14 primary=advisory_clear conf=0.524 eta=1.5
[t+0s] alert#12 primary=advisory_clear conf=0.58 eta=9.4
[t+0s] alert#10 primary=advisory_clear conf=0.554 eta=9.4
[t+0s] alert#9 primary=confirmed_clear conf=0.473 eta=1.5
[t+0s] pipeline feed ready — waiting for Decide seed
[t+0s] alert#16 primary=advisory_clear conf=0.517 eta=1.5
[t+0s] alert#14 primary=advisory_clear conf=0.524 eta=1.5
[t+0s] alert#12 primary=advisory_clear conf=0.58 eta=9.4
[t+0s] alert#10 primary=advisory_clear conf=0.554 eta=9.4
[t+0s] alert#9 primary=confirmed_clear conf=0.473 eta=1.5
[t+0s] pipeline feed ready — waiting for Decide seed
[t+0s] alert#16 primary=advisory_clear conf=0.517 eta=1.5
[t+0s] alert#14 primary=advisory_clear conf=0.524 eta=1.5
[t+0s] alert#12 primary=advisory_clear conf=0.58 eta=9.4
[t+0s] alert#10 primary=advisory_clear conf=0.554 eta=9.4
[t+0s] alert#9 primary=confirmed_clear conf=0.473 eta=1.5
[t+0s] pipeline feed ready — waiting for Decide seed
[t+0s] alert#16 primary=advisory_clear conf=0.517 eta=1.5
[t+0s] alert#14 primary=advisory_clear conf=0.524 eta=1.5
[t+0s] alert#12 primary=advisory_clear conf=0.58 eta=9.4
[t+0s] alert#10 primary=advisory_clear conf=0.554 eta=9.4
[t+0s] alert#9 primary=confirmed_clear conf=0.473 eta=1.5
[t+0s] pipeline feed ready — waiting for Decide seed
[t+0s] alert#16 primary=advisory_clear conf=0.517 eta=1.5
[t+0s] alert#14 primary=advisory_clear conf=0.524 eta=1.5
[t+0s] alert#12 primary=advisory_clear conf=0.58 eta=9.4
[t+0s] alert#10 primary=advisory_clear conf=0.554 eta=9.4
[t+0s] alert#9 primary=confirmed_clear conf=0.473 eta=1.5
[t+0s] pipeline feed ready — waiting for Decide seed
[t+0s] alert#16 primary=advisory_clear conf=0.517 eta=1.5
[t+0s] alert#14 primary=advisory_clear conf=0.524 eta=1.5
[t+0s] alert#12 primary=advisory_clear conf=0.58 eta=9.4
[t+0s] alert#10 primary=advisory_clear conf=0.554 eta=9.4
[t+0s] alert#9 primary=confirmed_clear conf=0.473 eta=1.5
[t+0s] pipeline feed ready — waiting for Decide seed
[t+0s] alert#16 primary=advisory_clear conf=0.517 eta=1.5
[t+0s] alert#14 primary=advisory_clear conf=0.524 eta=1.5
[t+0s] alert#12 primary=advisory_clear conf=0.58 eta=9.4
[t+0s] alert#10 primary=advisory_clear conf=0.554 eta=9.4
[t+0s] alert#9 primary=confirmed_clear conf=0.473 eta=1.5
[t+0s] pipeline feed ready — waiting for Decide seed
[t+0s] alert#16 primary=advisory_clear conf=0.517 eta=1.5
[t+0s] alert#14 primary=advisory_clear conf=0.524 eta=1.5
[t+0s] alert#12 primary=advisory_clear conf=0.58 eta=9.4
[t+0s] alert#10 primary=advisory_clear conf=0.554 eta=9.4
[t+0s] alert#9 primary=confirmed_clear conf=0.473 eta=1.5
[t+0s] pipeline feed ready — waiting for Decide seed
[t+0s] alert#16 primary=advisory_clear conf=0.517 eta=1.5
[t+0s] alert#14 primary=advisory_clear conf=0.524 eta=1.5
[t+0s] alert#12 primary=advisory_clear conf=0.58 eta=9.4
[t+0s] alert#10 primary=advisory_clear conf=0.554 eta=9.4
[t+0s] alert#9 primary=confirmed_clear conf=0.473 eta=1.5
[t+0s] pipeline feed ready — waiting for Decide seed
[t+0s] alert#16 primary=advisory_clear conf=0.517 eta=1.5
[t+0s] alert#14 primary=advisory_clear conf=0.524 eta=1.5
[t+0s] alert#12 primary=advisory_clear conf=0.58 eta=9.4
[t+0s] alert#10 primary=advisory_clear conf=0.554 eta=9.4
[t+0s] alert#9 primary=confirmed_clear conf=0.473 eta=1.5
[t+0s] pipeline feed ready — waiting for Decide seed
[t+0s] alert#16 primary=advisory_clear conf=0.517 eta=1.5
[t+0s] alert#14 primary=advisory_clear conf=0.524 eta=1.5
[t+0s] alert#12 primary=advisory_clear conf=0.58 eta=9.4
[t+0s] alert#10 primary=advisory_clear conf=0.554 eta=9.4
[t+0s] alert#9 primary=confirmed_clear conf=0.473 eta=1.5
[t+0s] pipeline feed ready — waiting for Decide seed
[t+0s] alert#16 primary=advisory_clear conf=0.517 eta=1.5
[t+0s] alert#14 primary=advisory_clear conf=0.524 eta=1.5
[t+0s] alert#12 primary=advisory_clear conf=0.58 eta=9.4
[t+0s] alert#10 primary=advisory_clear conf=0.554 eta=9.4
[t+0s] alert#9 primary=confirmed_clear conf=0.473 eta=1.5
[t+0s] pipeline feed ready — waiting for Decide seed
[t+0s] alert#16 primary=advisory_clear conf=0.517 eta=1.5
[t+0s] alert#14 primary=advisory_clear conf=0.524 eta=1.5
[t+0s] alert#12 primary=advisory_clear conf=0.58 eta=9.4
[t+0s] alert#10 primary=advisory_clear conf=0.554 eta=9.4
[t+0s] alert#9 primary=confirmed_clear conf=0.473 eta=1.5
[t+0s] pipeline feed ready — waiting for Decide seed
[t+0s] alert#16 primary=advisory_clear conf=0.517 eta=1.5
[t+0s] alert#14 primary=advisory_clear conf=0.524 eta=1.5
[t+0s] alert#12 primary=advisory_clear conf=0.58 eta=9.4
[t+0s] alert#10 primary=advisory_clear conf=0.554 eta=9.4
[t+0s] alert#9 primary=confirmed_clear conf=0.473 eta=1.5
[t+0s] pipeline feed ready — waiting for Decide seed
[t+0s] alert#16 primary=advisory_clear conf=0.517 eta=1.5
[t+0s] alert#14 primary=advisory_clear conf=0.524 eta=1.5
[t+0s] alert#12 primary=advisory_clear conf=0.58 eta=9.4
[t+0s] alert#10 primary=advisory_clear conf=0.554 eta=9.4
[t+0s] alert#9 primary=confirmed_clear conf=0.473 eta=1.5
[t+0s] pipeline feed ready — waiting for Decide seed
[t+0s] alert#16 primary=advisory_clear conf=0.517 eta=1.5
[t+0s] alert#14 primary=advisory_clear conf=0.524 eta=1.5
[t+0s] alert#12 primary=advisory_clear conf=0.58 eta=9.4
[t+0s] alert#10 primary=advisory_clear conf=0.554 eta=9.4
[t+0s] alert#9 primary=confirmed_clear conf=0.473 eta=1.5
[t+0s] pipeline feed ready — waiting for Decide seed
[t+0s] alert#16 primary=advisory_clear conf=0.517 eta=1.5
[t+0s] alert#14 primary=advisory_clear conf=0.524 eta=1.5
[t+0s] alert#12 primary=advisory_clear conf=0.58 eta=9.4
[t+0s] alert#10 primary=advisory_clear conf=0.554 eta=9.4
[t+0s] alert#9 primary=confirmed_clear conf=0.473 eta=1.5
[t+0s] pipeline feed ready — waiting for Decide seed
[t+0s] alert#16 primary=advisory_clear conf=0.517 eta=1.5
[t+0s] alert#14 primary=advisory_clear conf=0.524 eta=1.5
[t+0s] alert#12 primary=advisory_clear conf=0.58 eta=9.4
[t+0s] alert#10 primary=advisory_clear conf=0.554 eta=9.4
[t+0s] alert#9 primary=confirmed_clear conf=0.473 eta=1.5
[t+0s] pipeline feed ready — waiting for Decide seed
[t+0s] alert#16 primary=advisory_clear conf=0.517 eta=1.5
[t+0s] alert#14 primary=advisory_clear conf=0.524 eta=1.5
[t+0s] alert#12 primary=advisory_clear conf=0.58 eta=9.4
[t+0s] alert#10 primary=advisory_clear conf=0.554 eta=9.4
[t+0s] alert#9 primary=confirmed_clear conf=0.473 eta=1.5
[t+0s] pipeline feed ready — waiting for Decide seed
[t+0s] alert#16 primary=advisory_clear conf=0.517 eta=1.5
[t+0s] alert#14 primary=advisory_clear conf=0.524 eta=1.5
[t+0s] alert#12 primary=advisory_clear conf=0.58 eta=9.4
[t+0s] alert#10 primary=advisory_clear conf=0.554 eta=9.4
[t+0s] alert#9 primary=confirmed_clear conf=0.473 eta=1.5
[t+0s] pipeline feed ready — waiting for Decide seed
[t+0s] alert#16 primary=advisory_clear conf=0.517 eta=1.5
[t+0s] alert#14 primary=advisory_clear conf=0.524 eta=1.5
[t+0s] alert#12 primary=advisory_clear conf=0.58 eta=9.4
[t+0s] alert#10 primary=advisory_clear conf=0.554 eta=9.4
[t+0s] alert#9 primary=confirmed_clear conf=0.473 eta=1.5
[t+0s] pipeline feed ready — waiting for Decide seed
[t+0s] alert#16 primary=advisory_clear conf=0.517 eta=1.5
[t+0s] alert#14 primary=advisory_clear conf=0.524 eta=1.5
[t+0s] alert#12 primary=advisory_clear conf=0.58 eta=9.4
[t+0s] alert#10 primary=advisory_clear conf=0.554 eta=9.4
[t+0s] alert#9 primary=confirmed_clear conf=0.473 eta=1.5
[t+0s] pipeline feed ready — waiting for Decide seed
[t+0s] alert#16 primary=advisory_clear conf=0.517 eta=1.5
[t+0s] alert#14 primary=advisory_clear conf=0.524 eta=1.5
[t+0s] alert#12 primary=advisory_clear conf=0.58 eta=9.4
[t+0s] alert#10 primary=advisory_clear conf=0.554 eta=9.4
[t+0s] alert#9 primary=confirmed_clear conf=0.473 eta=1.5
[t+0s] pipeline feed ready — waiting for Decide seed
[t+0s] alert#16 primary=advisory_clear conf=0.517 eta=1.5
[t+0s] alert#14 primary=advisory_clear conf=0.524 eta=1.5
[t+0s] alert#12 primary=advisory_clear conf=0.58 eta=9.4
[t+0s] alert#10 primary=advisory_clear conf=0.554 eta=9.4
[t+0s] alert#9 primary=confirmed_clear conf=0.473 eta=1.5
[t+0s] pipeline feed ready — waiting for Decide seed
[t+0s] alert#16 primary=advisory_clear conf=0.517 eta=1.5
[t+0s] alert#14 primary=advisory_clear conf=0.524 eta=1.5
[t+0s] alert#12 primary=advisory_clear conf=0.58 eta=9.4
[t+0s] alert#10 primary=advisory_clear conf=0.554 eta=9.4
[t+0s] alert#9 primary=confirmed_clear conf=0.473 eta=1.5
[t+0s] pipeline feed ready — waiting for Decide seed
[t+0s] alert#16 primary=advisory_clear conf=0.517 eta=1.5
[t+0s] alert#14 primary=advisory_clear conf=0.524 eta=1.5
[t+0s] alert#12 primary=advisory_clear conf=0.58 eta=9.4
[t+0s] alert#10 primary=advisory_clear conf=0.554 eta=9.4
[t+0s] alert#9 primary=confirmed_clear conf=0.473 eta=1.5
[t+0s] pipeline feed ready — waiting for Decide seed
[t+0s] alert#16 primary=advisory_clear conf=0.517 eta=1.5
[t+0s] alert#14 primary=advisory_clear conf=0.524 eta=1.5
[t+0s] alert#12 primary=advisory_clear conf=0.58 eta=9.4
[t+0s] alert#10 primary=advisory_clear conf=0.554 eta=9.4
[t+0s] alert#9 primary=confirmed_clear conf=0.473 eta=1.5
[t+0s] pipeline feed ready — waiting for Decide seed
[t+0s] alert#16 primary=advisory_clear conf=0.517 eta=1.5
[t+0s] alert#14 primary=advisory_clear conf=0.524 eta=1.5
[t+0s] alert#12 primary=advisory_clear conf=0.58 eta=9.4
[t+0s] alert#10 primary=advisory_clear conf=0.554 eta=9.4
[t+0s] alert#9 primary=confirmed_clear conf=0.473 eta=1.5
[t+0s] pipeline feed ready — waiting for Decide seed
[t+0s] alert#16 primary=advisory_clear conf=0.517 eta=1.5
[t+0s] alert#14 primary=advisory_clear conf=0.524 eta=1.5
[t+0s] alert#12 primary=advisory_clear conf=0.58 eta=9.4
[t+0s] alert#10 primary=advisory_clear conf=0.554 eta=9.4
[t+0s] alert#9 primary=confirmed_clear conf=0.473 eta=1.5
[t+0s] pipeline feed ready — waiting for Decide seed
[t+0s] alert#16 primary=advisory_clear conf=0.517 eta=1.5
[t+0s] alert#14 primary=advisory_clear conf=0.524 eta=1.5
[t+0s] alert#12 primary=advisory_clear conf=0.58 eta=9.4
[t+0s] alert#10 primary=advisory_clear conf=0.554 eta=9.4
[t+0s] alert#9 primary=confirmed_clear conf=0.473 eta=1.5
[t+0s] pipeline feed ready — waiting for Decide seed
[t+0s] alert#16 primary=advisory_clear conf=0.517 eta=1.5
[t+0s] alert#14 primary=advisory_clear conf=0.524 eta=1.5
[t+0s] alert#12 primary=advisory_clear conf=0.58 eta=9.4
[t+0s] alert#10 primary=advisory_clear conf=0.554 eta=9.4
[t+0s] alert#9 primary=confirmed_clear conf=0.473 eta=1.5
[t+0s] pipeline feed ready — waiting for Decide seed
[t+0s] alert#16 primary=advisory_clear conf=0.517 eta=1.5
[t+0s] alert#14 primary=advisory_clear conf=0.524 eta=1.5
[t+0s] alert#12 primary=advisory_clear conf=0.58 eta=9.4
[t+0s] alert#10 primary=advisory_clear conf=0.554 eta=9.4
[t+0s] alert#9 primary=confirmed_clear conf=0.473 eta=1.5
[t+0s] pipeline feed ready — waiting for Decide seed
[t+0s] alert#16 primary=advisory_clear conf=0.517 eta=1.5
[t+0s] alert#14 primary=advisory_clear conf=0.524 eta=1.5
[t+0s] alert#12 primary=advisory_clear conf=0.58 eta=9.4
[t+0s] alert#10 primary=advisory_clear conf=0.554 eta=9.4
[t+0s] alert#9 primary=confirmed_clear conf=0.473 eta=1.5
[t+0s] pipeline feed ready — waiting for Decide seed
[t+0s] alert#16 primary=advisory_clear conf=0.517 eta=1.5
[t+0s] alert#14 primary=advisory_clear conf=0.524 eta=1.5
[t+0s] alert#12 primary=advisory_clear conf=0.58 eta=9.4
[t+0s] alert#10 primary=advisory_clear conf=0.554 eta=9.4
[t+0s] alert#9 primary=confirmed_clear conf=0.473 eta=1.5
[t+0s] pipeline feed ready — waiting for Decide seed
[t+0s] alert#16 primary=advisory_clear conf=0.517 eta=1.5
[t+0s] alert#14 primary=advisory_clear conf=0.524 eta=1.5
[t+0s] alert#12 primary=advisory_clear conf=0.58 eta=9.4
[t+0s] alert#10 primary=advisory_clear conf=0.554 eta=9.4
[t+0s] alert#9 primary=confirmed_clear conf=0.473 eta=1.5
[t+0s] pipeline feed ready — waiting for Decide seed
[t+0s] alert#16 primary=advisory_clear conf=0.517 eta=1.5
[t+0s] alert#14 primary=advisory_clear conf=0.524 eta=1.5
[t+0s] alert#12 primary=advisory_clear conf=0.58 eta=9.4
[t+0s] alert#10 primary=advisory_clear conf=0.554 eta=9.4
[t+0s] alert#9 primary=confirmed_clear conf=0.473 eta=1.5
[t+0s] pipeline feed ready — waiting for Decide seed
[t+0s] alert#16 primary=advisory_clear conf=0.517 eta=1.5
[t+0s] alert#14 primary=advisory_clear conf=0.524 eta=1.5
[t+0s] alert#12 primary=advisory_clear conf=0.58 eta=9.4
[t+0s] alert#10 primary=advisory_clear conf=0.554 eta=9.4
[t+0s] alert#9 primary=confirmed_clear conf=0.473 eta=1.5
[t+0s] pipeline feed ready — waiting for Decide seed
[t+0s] alert#16 primary=advisory_clear conf=0.517 eta=1.5
[t+0s] alert#14 primary=advisory_clear conf=0.524 eta=1.5
[t+0s] alert#12 primary=advisory_clear conf=0.58 eta=9.4
[t+0s] alert#10 primary=advisory_clear conf=0.554 eta=9.4
[t+0s] alert#9 primary=confirmed_clear conf=0.473 eta=1.5
[t+0s] pipeline feed ready — waiting for Decide seed
[t+0s] alert#16 primary=advisory_clear conf=0.517 eta=1.5
[t+0s] alert#14 primary=advisory_clear conf=0.524 eta=1.5
[t+0s] alert#12 primary=advisory_clear conf=0.58 eta=9.4
[t+0s] alert#10 primary=advisory_clear conf=0.554 eta=9.4
[t+0s] alert#9 primary=confirmed_clear conf=0.473 eta=1.5
[t+0s] pipeline feed ready — waiting for Decide seed
[t+0s] alert#16 primary=advisory_clear conf=0.517 eta=1.5
[t+0s] alert#14 primary=advisory_clear conf=0.524 eta=1.5
[t+0s] alert#12 primary=advisory_clear conf=0.58 eta=9.4
[t+0s] alert#10 primary=advisory_clear conf=0.554 eta=9.4
[t+0s] alert#9 primary=confirmed_clear conf=0.473 eta=1.5
[t+0s] pipeline feed ready — waiting for Decide seed
[t+0s] alert#16 primary=advisory_clear conf=0.517 eta=1.5
[t+0s] alert#14 primary=advisory_clear conf=0.524 eta=1.5
[t+0s] alert#12 primary=advisory_clear conf=0.58 eta=9.4
[t+0s] alert#10 primary=advisory_clear conf=0.554 eta=9.4
[t+0s] alert#9 primary=confirmed_clear conf=0.473 eta=1.5
[t+0s] pipeline feed ready — waiting for Decide seed
[t+0s] alert#16 primary=advisory_clear conf=0.517 eta=1.5
[t+0s] alert#14 primary=advisory_clear conf=0.524 eta=1.5
[t+0s] alert#12 primary=advisory_clear conf=0.58 eta=9.4
[t+0s] alert#10 primary=advisory_clear conf=0.554 eta=9.4
[t+0s] alert#9 primary=confirmed_clear conf=0.473 eta=1.5
[t+0s] pipeline feed ready — waiting for Decide seed
[t+0s] alert#16 primary=advisory_clear conf=0.517 eta=1.5
[t+0s] alert#14 primary=advisory_clear conf=0.524 eta=1.5
[t+0s] alert#12 primary=advisory_clear conf=0.58 eta=9.4
[t+0s] alert#10 primary=advisory_clear conf=0.554 eta=9.4
[t+0s] alert#9 primary=confirmed_clear conf=0.473 eta=1.5
[t+0s] pipeline feed ready — waiting for Decide seed
[t+0s] alert#16 primary=advisory_clear conf=0.517 eta=1.5
[t+0s] alert#14 primary=advisory_clear conf=0.524 eta=1.5
[t+0s] alert#12 primary=advisory_clear conf=0.58 eta=9.4
[t+0s] alert#10 primary=advisory_clear conf=0.554 eta=9.4
[t+0s] alert#9 primary=confirmed_clear conf=0.473 eta=1.5
[t+0s] pipeline feed ready — waiting for Decide seed
[t+0s] alert#16 primary=advisory_clear conf=0.517 eta=1.5
[t+0s] alert#14 primary=advisory_clear conf=0.524 eta=1.5
[t+0s] alert#12 primary=advisory_clear conf=0.58 eta=9.4
[t+0s] alert#10 primary=advisory_clear conf=0.554 eta=9.4
[t+0s] alert#9 primary=confirmed_clear conf=0.473 eta=1.5
[t+0s] pipeline feed ready — waiting for Decide seed
[t+0s] alert#16 primary=advisory_clear conf=0.517 eta=1.5
[t+0s] alert#14 primary=advisory_clear conf=0.524 eta=1.5
[t+0s] alert#12 primary=advisory_clear conf=0.58 eta=9.4
[t+0s] alert#10 primary=advisory_clear conf=0.554 eta=9.4
[t+0s] alert#9 primary=confirmed_clear conf=0.473 eta=1.5
[t+0s] pipeline feed ready — waiting for Decide seed
[t+0s] alert#16 primary=advisory_clear conf=0.517 eta=1.5
[t+0s] alert#14 primary=advisory_clear conf=0.524 eta=1.5
[t+0s] alert#12 primary=advisory_clear conf=0.58 eta=9.4
[t+0s] alert#10 primary=advisory_clear conf=0.554 eta=9.4
[t+0s] alert#9 primary=confirmed_clear conf=0.473 eta=1.5
[t+0s] pipeline feed ready — waiting for Decide seed
[t+0s] alert#16 primary=advisory_clear conf=0.517 eta=1.5
[t+0s] alert#14 primary=advisory_clear conf=0.524 eta=1.5
[t+0s] alert#12 primary=advisory_clear conf=0.58 eta=9.4
[t+0s] alert#10 primary=advisory_clear conf=0.554 eta=9.4
[t+0s] alert#9 primary=confirmed_clear conf=0.473 eta=1.5
[t+0s] pipeline feed ready — waiting for Decide seed
[t+0s] alert#16 primary=advisory_clear conf=0.517 eta=1.5
[t+0s] alert#14 primary=advisory_clear conf=0.524 eta=1.5
[t+0s] alert#12 primary=advisory_clear conf=0.58 eta=9.4
[t+0s] alert#10 primary=advisory_clear conf=0.554 eta=9.4
[t+0s] alert#9 primary=confirmed_clear conf=0.473 eta=1.5
[t+0s] pipeline feed ready — waiting for Decide seed
[t+0s] alert#16 primary=advisory_clear conf=0.517 eta=1.5
[t+0s] alert#14 primary=advisory_clear conf=0.524 eta=1.5
[t+0s] alert#12 primary=advisory_clear conf=0.58 eta=9.4
[t+0s] alert#10 primary=advisory_clear conf=0.554 eta=9.4
[t+0s] alert#9 primary=confirmed_clear conf=0.473 eta=1.5
[t+0s] pipeline feed ready — waiting for Decide seed
[t+0s] alert#16 primary=advisory_clear conf=0.517 eta=1.5
[t+0s] alert#14 primary=advisory_clear conf=0.524 eta=1.5
[t+0s] alert#12 primary=advisory_clear conf=0.58 eta=9.4
[t+0s] alert#10 primary=advisory_clear conf=0.554 eta=9.4
[t+0s] alert#9 primary=confirmed_clear conf=0.473 eta=1.5
[t+0s] pipeline feed ready — waiting for Decide seed
[t+0s] alert#16 primary=advisory_clear conf=0.517 eta=1.5
[t+0s] alert#14 primary=advisory_clear conf=0.524 eta=1.5
[t+0s] alert#12 primary=advisory_clear conf=0.58 eta=9.4
[t+0s] alert#10 primary=advisory_clear conf=0.554 eta=9.4
[t+0s] alert#9 primary=confirmed_clear conf=0.473 eta=1.5
[t+0s] pipeline feed ready — waiting for Decide seed
[t+0s] alert#16 primary=advisory_clear conf=0.517 eta=1.5
[t+0s] alert#14 primary=advisory_clear conf=0.524 eta=1.5
[t+0s] alert#12 primary=advisory_clear conf=0.58 eta=9.4
[t+0s] alert#10 primary=advisory_clear conf=0.554 eta=9.4
[t+0s] alert#9 primary=confirmed_clear conf=0.473 eta=1.5
[t+0s] pipeline feed ready — waiting for Decide seed
[t+0s] alert#16 primary=advisory_clear conf=0.517 eta=1.5
[t+0s] alert#14 primary=advisory_clear conf=0.524 eta=1.5
[t+0s] alert#12 primary=advisory_clear conf=0.58 eta=9.4
[t+0s] alert#10 primary=advisory_clear conf=0.554 eta=9.4
[t+0s] alert#9 primary=confirmed_clear conf=0.473 eta=1.5
[t+0s] pipeline feed ready — waiting for Decide seed
[t+0s] alert#16 primary=advisory_clear conf=0.517 eta=1.5
[t+0s] alert#14 primary=advisory_clear conf=0.524 eta=1.5
[t+0s] alert#12 primary=advisory_clear conf=0.58 eta=9.4
[t+0s] alert#10 primary=advisory_clear conf=0.554 eta=9.4
[t+0s] alert#9 primary=confirmed_clear conf=0.473 eta=1.5
[t+0s] pipeline feed ready — waiting for Decide seed
[t+0s] alert#16 primary=advisory_clear conf=0.517 eta=1.5
[t+0s] alert#14 primary=advisory_clear conf=0.524 eta=1.5
[t+0s] alert#12 primary=advisory_clear conf=0.58 eta=9.4
[t+0s] alert#10 primary=advisory_clear conf=0.554 eta=9.4
[t+0s] alert#9 primary=confirmed_clear conf=0.473 eta=1.5
[t+0s] pipeline feed ready — waiting for Decide seed
[t+0s] alert#16 primary=advisory_clear conf=0.517 eta=1.5
[t+0s] alert#14 primary=advisory_clear conf=0.524 eta=1.5
[t+0s] alert#12 primary=advisory_clear conf=0.58 eta=9.4
[t+0s] alert#10 primary=advisory_clear conf=0.554 eta=9.4
[t+0s] alert#9 primary=confirmed_clear conf=0.473 eta=1.5
[t+0s] pipeline feed ready — waiting for Decide seed
[t+0s] alert#16 primary=advisory_clear conf=0.517 eta=1.5
[t+0s] alert#14 primary=advisory_clear conf=0.524 eta=1.5
[t+0s] alert#12 primary=advisory_clear conf=0.58 eta=9.4
[t+0s] alert#10 primary=advisory_clear conf=0.554 eta=9.4
[t+0s] alert#9 primary=confirmed_clear conf=0.473 eta=1.5
[t+0s] pipeline feed ready — waiting for Decide seed
[t+0s] alert#16 primary=advisory_clear conf=0.517 eta=1.5
[t+0s] alert#14 primary=advisory_clear conf=0.524 eta=1.5
[t+0s] alert#12 primary=advisory_clear conf=0.58 eta=9.4
[t+0s] alert#10 primary=advisory_clear conf=0.554 eta=9.4
[t+0s] alert#9 primary=confirmed_clear conf=0.473 eta=1.5
[t+0s] pipeline feed ready — waiting for Decide seed
[t+0s] alert#16 primary=advisory_clear conf=0.517 eta=1.5
[t+0s] alert#14 primary=advisory_clear conf=0.524 eta=1.5
[t+0s] alert#12 primary=advisory_clear conf=0.58 eta=9.4
[t+0s] alert#10 primary=advisory_clear conf=0.554 eta=9.4
[t+0s] alert#9 primary=confirmed_clear conf=0.473 eta=1.5
[t+0s] pipeline feed ready — waiting for Decide seed
[t+0s] alert#16 primary=advisory_clear conf=0.517 eta=1.5
[t+0s] alert#14 primary=advisory_clear conf=0.524 eta=1.5
[t+0s] alert#12 primary=advisory_clear conf=0.58 eta=9.4
[t+0s] alert#10 primary=advisory_clear conf=0.554 eta=9.4
[t+0s] alert#9 primary=confirmed_clear conf=0.473 eta=1.5
[t+0s] pipeline feed ready — waiting for Decide seed
[t+0s] alert#16 primary=advisory_clear conf=0.517 eta=1.5
[t+0s] alert#14 primary=advisory_clear conf=0.524 eta=1.5
[t+0s] alert#12 primary=advisory_clear conf=0.58 eta=9.4
[t+0s] alert#10 primary=advisory_clear conf=0.554 eta=9.4
[t+0s] alert#9 primary=confirmed_clear conf=0.473 eta=1.5
[t+0s] pipeline feed ready — waiting for Decide seed
[t+0s] alert#16 primary=advisory_clear conf=0.517 eta=1.5
[t+0s] alert#14 primary=advisory_clear conf=0.524 eta=1.5
[t+0s] alert#12 primary=advisory_clear conf=0.58 eta=9.4
[t+0s] alert#10 primary=advisory_clear conf=0.554 eta=9.4
[t+0s] alert#9 primary=confirmed_clear conf=0.473 eta=1.5
[t+0s] pipeline feed ready — waiting for Decide seed
[t+0s] alert#16 primary=advisory_clear conf=0.517 eta=1.5
[t+0s] alert#14 primary=advisory_clear conf=0.524 eta=1.5
[t+0s] alert#12 primary=advisory_clear conf=0.58 eta=9.4
[t+0s] alert#10 primary=advisory_clear conf=0.554 eta=9.4
[t+0s] alert#9 primary=confirmed_clear conf=0.473 eta=1.5
[t+0s] pipeline feed ready — waiting for Decide seed
[t+0s] alert#16 primary=advisory_clear conf=0.517 eta=1.5
[t+0s] alert#14 primary=advisory_clear conf=0.524 eta=1.5
[t+0s] alert#12 primary=advisory_clear conf=0.58 eta=9.4
[t+0s] alert#10 primary=advisory_clear conf=0.554 eta=9.4
[t+0s] alert#9 primary=confirmed_clear conf=0.473 eta=1.5
[t+0s] pipeline feed ready — waiting for Decide seed
[t+0s] alert#16 primary=advisory_clear conf=0.517 eta=1.5
[t+0s] alert#14 primary=advisory_clear conf=0.524 eta=1.5
[t+0s] alert#12 primary=advisory_clear conf=0.58 eta=9.4
[t+0s] alert#10 primary=advisory_clear conf=0.554 eta=9.4
[t+0s] alert#9 primary=confirmed_clear conf=0.473 eta=1.5
[t+0s] pipeline feed ready — waiting for Decide seed
[t+0s] alert#16 primary=advisory_clear conf=0.517 eta=1.5
[t+0s] alert#14 primary=advisory_clear conf=0.524 eta=1.5
[t+0s] alert#12 primary=advisory_clear conf=0.58 eta=9.4
[t+0s] alert#10 primary=advisory_clear conf=0.554 eta=9.4
[t+0s] alert#9 primary=confirmed_clear conf=0.473 eta=1.5
[t+0s] pipeline feed ready — waiting for Decide seed
[t+0s] alert#16 primary=advisory_clear conf=0.517 eta=1.5
[t+0s] alert#14 primary=advisory_clear conf=0.524 eta=1.5
[t+0s] alert#12 primary=advisory_clear conf=0.58 eta=9.4
[t+0s] alert#10 primary=advisory_clear conf=0.554 eta=9.4
[t+0s] alert#9 primary=confirmed_clear conf=0.473 eta=1.5
[t+0s] pipeline feed ready — waiting for Decide seed
[t+0s] alert#16 primary=advisory_clear conf=0.517 eta=1.5
[t+0s] alert#14 primary=advisory_clear conf=0.524 eta=1.5
[t+0s] alert#12 primary=advisory_clear conf=0.58 eta=9.4
[t+0s] alert#10 primary=advisory_clear conf=0.554 eta=9.4
[t+0s] alert#9 primary=confirmed_clear conf=0.473 eta=1.5
[t+0s] pipeline feed ready — waiting for Decide seed
[t+0s] alert#16 primary=advisory_clear conf=0.517 eta=1.5
[t+0s] alert#14 primary=advisory_clear conf=0.524 eta=1.5
[t+0s] alert#12 primary=advisory_clear conf=0.58 eta=9.4
[t+0s] alert#10 primary=advisory_clear conf=0.554 eta=9.4
[t+0s] alert#9 primary=confirmed_clear conf=0.473 eta=1.5
[t+0s] pipeline feed ready — waiting for Decide seed
[t+0s] alert#16 primary=advisory_clear conf=0.517 eta=1.5
[t+0s] alert#14 primary=advisory_clear conf=0.524 eta=1.5
[t+0s] alert#12 primary=advisory_clear conf=0.58 eta=9.4
[t+0s] alert#10 primary=advisory_clear conf=0.554 eta=9.4
[t+0s] alert#9 primary=confirmed_clear conf=0.473 eta=1.5
[t+0s] pipeline feed ready — waiting for Decide seed
[t+0s] alert#16 primary=advisory_clear conf=0.517 eta=1.5
[t+0s] alert#14 primary=advisory_clear conf=0.524 eta=1.5
[t+0s] alert#12 primary=advisory_clear conf=0.58 eta=9.4
[t+0s] alert#10 primary=advisory_clear conf=0.554 eta=9.4
[t+0s] alert#9 primary=confirmed_clear conf=0.473 eta=1.5
[t+0s] pipeline feed ready — waiting for Decide seed
[t+0s] alert#16 primary=advisory_clear conf=0.517 eta=1.5
[t+0s] alert#14 primary=advisory_clear conf=0.524 eta=1.5
[t+0s] alert#12 primary=advisory_clear conf=0.58 eta=9.4
[t+0s] alert#10 primary=advisory_clear conf=0.554 eta=9.4
[t+0s] alert#9 primary=confirmed_clear conf=0.473 eta=1.5
[t+0s] pipeline feed ready — waiting for Decide seed
[t+0s] alert#16 primary=advisory_clear conf=0.517 eta=1.5
[t+0s] alert#14 primary=advisory_clear conf=0.524 eta=1.5
[t+0s] alert#12 primary=advisory_clear conf=0.58 eta=9.4
[t+0s] alert#10 primary=advisory_clear conf=0.554 eta=9.4
[t+0s] alert#9 primary=confirmed_clear conf=0.473 eta=1.5
[t+0s] pipeline feed ready — waiting for Decide seed
[t+0s] alert#16 primary=advisory_clear conf=0.517 eta=1.5
[t+0s] alert#14 primary=advisory_clear conf=0.524 eta=1.5
[t+0s] alert#12 primary=advisory_clear conf=0.58 eta=9.4
[t+0s] alert#10 primary=advisory_clear conf=0.554 eta=9.4
[t+0s] alert#9 primary=confirmed_clear conf=0.473 eta=1.5
[t+0s] pipeline feed ready — waiting for Decide seed
[t+0s] alert#16 primary=advisory_clear conf=0.517 eta=1.5
[t+0s] alert#14 primary=advisory_clear conf=0.524 eta=1.5
[t+0s] alert#12 primary=advisory_clear conf=0.58 eta=9.4
[t+0s] alert#10 primary=advisory_clear conf=0.554 eta=9.4
[t+0s] alert#9 primary=confirmed_clear conf=0.473 eta=1.5
[t+0s] pipeline feed ready — waiting for Decide seed
[t+0s] alert#16 primary=advisory_clear conf=0.517 eta=1.5
[t+0s] alert#14 primary=advisory_clear conf=0.524 eta=1.5
[t+0s] alert#12 primary=advisory_clear conf=0.58 eta=9.4
[t+0s] alert#10 primary=advisory_clear conf=0.554 eta=9.4
[t+0s] alert#9 primary=confirmed_clear conf=0.473 eta=1.5
[t+0s] pipeline feed ready — waiting for Decide seed
[t+0s] alert#16 primary=advisory_clear conf=0.517 eta=1.5
[t+0s] alert#14 primary=advisory_clear conf=0.524 eta=1.5
[t+0s] alert#12 primary=advisory_clear conf=0.58 eta=9.4
[t+0s] alert#10 primary=advisory_clear conf=0.554 eta=9.4
[t+0s] alert#9 primary=confirmed_clear conf=0.473 eta=1.5
[t+0s] pipeline feed ready — waiting for Decide seed
[t+0s] alert#16 primary=advisory_clear conf=0.517 eta=1.5
[t+0s] alert#14 primary=advisory_clear conf=0.524 eta=1.5
[t+0s] alert#12 primary=advisory_clear conf=0.58 eta=9.4
[t+0s] alert#10 primary=advisory_clear conf=0.554 eta=9.4
[t+0s] alert#9 primary=confirmed_clear conf=0.473 eta=1.5
[t+0s] pipeline feed ready — waiting for Decide seed
[t+0s] alert#16 primary=advisory_clear conf=0.517 eta=1.5
[t+0s] alert#14 primary=advisory_clear conf=0.524 eta=1.5
[t+0s] alert#12 primary=advisory_clear conf=0.58 eta=9.4
[t+0s] alert#10 primary=advisory_clear conf=0.554 eta=9.4
[t+0s] alert#9 primary=confirmed_clear conf=0.473 eta=1.5
[t+0s] pipeline feed ready — waiting for Decide seed
[t+0s] alert#16 primary=advisory_clear conf=0.517 eta=1.5
[t+0s] alert#14 primary=advisory_clear conf=0.524 eta=1.5
[t+0s] alert#12 primary=advisory_clear conf=0.58 eta=9.4
[t+0s] alert#10 primary=advisory_clear conf=0.554 eta=9.4
[t+0s] alert#9 primary=confirmed_clear conf=0.473 eta=1.5
[t+0s] pipeline feed ready — waiting for Decide seed
[t+0s] alert#16 primary=advisory_clear conf=0.517 eta=1.5
[t+0s] alert#14 primary=advisory_clear conf=0.524 eta=1.5
[t+0s] alert#12 primary=advisory_clear conf=0.58 eta=9.4
[t+0s] alert#10 primary=advisory_clear conf=0.554 eta=9.4
[t+0s] alert#9 primary=confirmed_clear conf=0.473 eta=1.5
[t+0s] pipeline feed ready — waiting for Decide seed
[t+0s] alert#16 primary=advisory_clear conf=0.517 eta=1.5
[t+0s] alert#14 primary=advisory_clear conf=0.524 eta=1.5
[t+0s] alert#12 primary=advisory_clear conf=0.58 eta=9.4
[t+0s] alert#10 primary=advisory_clear conf=0.554 eta=9.4
[t+0s] alert#9 primary=confirmed_clear conf=0.473 eta=1.5
[t+0s] pipeline feed ready — waiting for Decide seed
[t+0s] alert#16 primary=advisory_clear conf=0.517 eta=1.5
[t+0s] alert#14 primary=advisory_clear conf=0.524 eta=1.5
[t+0s] alert#12 primary=advisory_clear conf=0.58 eta=9.4
[t+0s] alert#10 primary=advisory_clear conf=0.554 eta=9.4
[t+0s] alert#9 primary=confirmed_clear conf=0.473 eta=1.5
[t+0s] pipeline feed ready — waiting for Decide seed
[t+0s] alert#16 primary=advisory_clear conf=0.517 eta=1.5
[t+0s] alert#14 primary=advisory_clear conf=0.524 eta=1.5
[t+0s] alert#12 primary=advisory_clear conf=0.58 eta=9.4
[t+0s] alert#10 primary=advisory_clear conf=0.554 eta=9.4
[t+0s] alert#9 primary=confirmed_clear conf=0.473 eta=1.5
[t+0s] pipeline feed ready — waiting for Decide seed
[t+0s] alert#16 primary=advisory_clear conf=0.517 eta=1.5
[t+0s] alert#14 primary=advisory_clear conf=0.524 eta=1.5
[t+0s] alert#12 primary=advisory_clear conf=0.58 eta=9.4
[t+0s] alert#10 primary=advisory_clear conf=0.554 eta=9.4
[t+0s] alert#9 primary=confirmed_clear conf=0.473 eta=1.5
[t+0s] pipeline feed ready — waiting for Decide seed
[t+0s] alert#16 primary=advisory_clear conf=0.517 eta=1.5
[t+0s] alert#14 primary=advisory_clear conf=0.524 eta=1.5
[t+0s] alert#12 primary=advisory_clear conf=0.58 eta=9.4
[t+0s] alert#10 primary=advisory_clear conf=0.554 eta=9.4
[t+0s] alert#9 primary=confirmed_clear conf=0.473 eta=1.5
[t+0s] pipeline feed ready — waiting for Decide seed
[t+0s] alert#16 primary=advisory_clear conf=0.517 eta=1.5
[t+0s] alert#14 primary=advisory_clear conf=0.524 eta=1.5
[t+0s] alert#12 primary=advisory_clear conf=0.58 eta=9.4
[t+0s] alert#10 primary=advisory_clear conf=0.554 eta=9.4
[t+0s] alert#9 primary=confirmed_clear conf=0.473 eta=1.5
[t+0s] pipeline feed ready — waiting for Decide seed
[t+0s] alert#16 primary=advisory_clear conf=0.517 eta=1.5
[t+0s] alert#14 primary=advisory_clear conf=0.524 eta=1.5
[t+0s] alert#12 primary=advisory_clear conf=0.58 eta=9.4
[t+0s] alert#10 primary=advisory_clear conf=0.554 eta=9.4
[t+0s] alert#9 primary=confirmed_clear conf=0.473 eta=1.5
[t+0s] pipeline feed ready — waiting for Decide seed
[t+0s] alert#16 primary=advisory_clear conf=0.517 eta=1.5
[t+0s] alert#14 primary=advisory_clear conf=0.524 eta=1.5
[t+0s] alert#12 primary=advisory_clear conf=0.58 eta=9.4
[t+0s] alert#10 primary=advisory_clear conf=0.554 eta=9.4
[t+0s] alert#9 primary=confirmed_clear conf=0.473 eta=1.5
[t+0s] pipeline feed ready — waiting for Decide seed
[t+0s] alert#16 primary=advisory_clear conf=0.517 eta=1.5
[t+0s] alert#14 primary=advisory_clear conf=0.524 eta=1.5
[t+0s] alert#12 primary=advisory_clear conf=0.58 eta=9.4
[t+0s] alert#10 primary=advisory_clear conf=0.554 eta=9.4
[t+0s] alert#9 primary=confirmed_clear conf=0.473 eta=1.5
[t+0s] pipeline feed ready — waiting for Decide seed
[t+0s] alert#16 primary=advisory_clear conf=0.517 eta=1.5
[t+0s] alert#14 primary=advisory_clear conf=0.524 eta=1.5
[t+0s] alert#12 primary=advisory_clear conf=0.58 eta=9.4
[t+0s] alert#10 primary=advisory_clear conf=0.554 eta=9.4
[t+0s] alert#9 primary=confirmed_clear conf=0.473 eta=1.5
[t+0s] pipeline feed ready — waiting for Decide seed
[t+0s] alert#16 primary=advisory_clear conf=0.517 eta=1.5
[t+0s] alert#14 primary=advisory_clear conf=0.524 eta=1.5
[t+0s] alert#12 primary=advisory_clear conf=0.58 eta=9.4
[t+0s] alert#10 primary=advisory_clear conf=0.554 eta=9.4
[t+0s] alert#9 primary=confirmed_clear conf=0.473 eta=1.5
[t+0s] pipeline feed ready — waiting for Decide seed
[t+0s] alert#16 primary=advisory_clear conf=0.517 eta=1.5
[t+0s] alert#14 primary=advisory_clear conf=0.524 eta=1.5
[t+0s] alert#12 primary=advisory_clear conf=0.58 eta=9.4
[t+0s] alert#10 primary=advisory_clear conf=0.554 eta=9.4
[t+0s] alert#9 primary=confirmed_clear conf=0.473 eta=1.5
[t+0s] pipeline feed ready — waiting for Decide seed
[t+0s] alert#16 primary=advisory_clear conf=0.517 eta=1.5
[t+0s] alert#14 primary=advisory_clear conf=0.524 eta=1.5
[t+0s] alert#12 primary=advisory_clear conf=0.58 eta=9.4
[t+0s] alert#10 primary=advisory_clear conf=0.554 eta=9.4
[t+0s] alert#9 primary=confirmed_clear conf=0.473 eta=1.5
[t+0s] pipeline feed ready — waiting for Decide seed
[t+0s] alert#16 primary=advisory_clear conf=0.517 eta=1.5
[t+0s] alert#14 primary=advisory_clear conf=0.524 eta=1.5
[t+0s] alert#12 primary=advisory_clear conf=0.58 eta=9.4
[t+0s] alert#10 primary=advisory_clear conf=0.554 eta=9.4
[t+0s] alert#9 primary=confirmed_clear conf=0.473 eta=1.5
[t+0s] pipeline feed ready — waiting for Decide seed
[t+0s] alert#16 primary=advisory_clear conf=0.517 eta=1.5
[t+0s] alert#14 primary=advisory_clear conf=0.524 eta=1.5
[t+0s] alert#12 primary=advisory_clear conf=0.58 eta=9.4
[t+0s] alert#10 primary=advisory_clear conf=0.554 eta=9.4
[t+0s] alert#9 primary=confirmed_clear conf=0.473 eta=1.5
[t+0s] pipeline feed ready — waiting for Decide seed
[t+0s] alert#16 primary=advisory_clear conf=0.517 eta=1.5
[t+0s] alert#14 primary=advisory_clear conf=0.524 eta=1.5
[t+0s] alert#12 primary=advisory_clear conf=0.58 eta=9.4
[t+0s] alert#10 primary=advisory_clear conf=0.554 eta=9.4
[t+0s] alert#9 primary=confirmed_clear conf=0.473 eta=1.5
[t+0s] pipeline feed ready — waiting for Decide seed
[t+0s] alert#16 primary=advisory_clear conf=0.517 eta=1.5
[t+0s] alert#14 primary=advisory_clear conf=0.524 eta=1.5
[t+0s] alert#12 primary=advisory_clear conf=0.58 eta=9.4
[t+0s] alert#10 primary=advisory_clear conf=0.554 eta=9.4
[t+0s] alert#9 primary=confirmed_clear conf=0.473 eta=1.5
[t+0s] pipeline feed ready — waiting for Decide seed
[t+0s] alert#16 primary=advisory_clear conf=0.517 eta=1.5
[t+0s] alert#14 primary=advisory_clear conf=0.524 eta=1.5
[t+0s] alert#12 primary=advisory_clear conf=0.58 eta=9.4
[t+0s] alert#10 primary=advisory_clear conf=0.554 eta=9.4
[t+0s] alert#9 primary=confirmed_clear conf=0.473 eta=1.5
[t+0s] pipeline feed ready — waiting for Decide seed
[t+0s] alert#16 primary=advisory_clear conf=0.517 eta=1.5
[t+0s] alert#14 primary=advisory_clear conf=0.524 eta=1.5
[t+0s] alert#12 primary=advisory_clear conf=0.58 eta=9.4
[t+0s] alert#10 primary=advisory_clear conf=0.554 eta=9.4
[t+0s] alert#9 primary=confirmed_clear conf=0.473 eta=1.5
[t+0s] pipeline feed ready — waiting for Decide seed
[t+0s] alert#16 primary=advisory_clear conf=0.517 eta=1.5
[t+0s] alert#14 primary=advisory_clear conf=0.524 eta=1.5
[t+0s] alert#12 primary=advisory_clear conf=0.58 eta=9.4
[t+0s] alert#10 primary=advisory_clear conf=0.554 eta=9.4
[t+0s] alert#9 primary=confirmed_clear conf=0.473 eta=1.5
[t+0s] pipeline feed ready — waiting for Decide seed
[t+0s] alert#16 primary=advisory_clear conf=0.517 eta=1.5
[t+0s] alert#14 primary=advisory_clear conf=0.524 eta=1.5
[t+0s] alert#12 primary=advisory_clear conf=0.58 eta=9.4
[t+0s] alert#10 primary=advisory_clear conf=0.554 eta=9.4
[t+0s] alert#9 primary=confirmed_clear conf=0.473 eta=1.5
[t+0s] pipeline feed ready — waiting for Decide seed
[t+0s] alert#16 primary=advisory_clear conf=0.517 eta=1.5
[t+0s] alert#14 primary=advisory_clear conf=0.524 eta=1.5
[t+0s] alert#12 primary=advisory_clear conf=0.58 eta=9.4
[t+0s] alert#10 primary=advisory_clear conf=0.554 eta=9.4
[t+0s] alert#9 primary=confirmed_clear conf=0.473 eta=1.5
[t+0s] pipeline feed ready — waiting for Decide seed
[t+0s] alert#16 primary=advisory_clear conf=0.517 eta=1.5
[t+0s] alert#14 primary=advisory_clear conf=0.524 eta=1.5
[t+0s] alert#12 primary=advisory_clear conf=0.58 eta=9.4
[t+0s] alert#10 primary=advisory_clear conf=0.554 eta=9.4
[t+0s] alert#9 primary=confirmed_clear conf=0.473 eta=1.5
[t+0s] pipeline feed ready — waiting for Decide seed
[t+0s] alert#16 primary=advisory_clear conf=0.517 eta=1.5
[t+0s] alert#14 primary=advisory_clear conf=0.524 eta=1.5
[t+0s] alert#12 primary=advisory_clear conf=0.58 eta=9.4
[t+0s] alert#10 primary=advisory_clear conf=0.554 eta=9.4
[t+0s] alert#9 primary=confirmed_clear conf=0.473 eta=1.5
[t+0s] pipeline feed ready — waiting for Decide seed
[t+0s] alert#16 primary=advisory_clear conf=0.517 eta=1.5
[t+0s] alert#14 primary=advisory_clear conf=0.524 eta=1.5
[t+0s] alert#12 primary=advisory_clear conf=0.58 eta=9.4
[t+0s] alert#10 primary=advisory_clear conf=0.554 eta=9.4
[t+0s] alert#9 primary=confirmed_clear conf=0.473 eta=1.5
[t+0s] pipeline feed ready — waiting for Decide seed
[t+0s] alert#16 primary=advisory_clear conf=0.517 eta=1.5
[t+0s] alert#14 primary=advisory_clear conf=0.524 eta=1.5
[t+0s] alert#12 primary=advisory_clear conf=0.58 eta=9.4
[t+0s] alert#10 primary=advisory_clear conf=0.554 eta=9.4
[t+0s] alert#9 primary=confirmed_clear conf=0.473 eta=1.5
[t+0s] pipeline feed ready — waiting for Decide seed
[t+0s] alert#16 primary=advisory_clear conf=0.517 eta=1.5
[t+0s] alert#14 primary=advisory_clear conf=0.524 eta=1.5
[t+0s] alert#12 primary=advisory_clear conf=0.58 eta=9.4
[t+0s] alert#10 primary=advisory_clear conf=0.554 eta=9.4
[t+0s] alert#9 primary=confirmed_clear conf=0.473 eta=1.5
[t+0s] pipeline feed ready — waiting for Decide seed
[t+0s] alert#16 primary=advisory_clear conf=0.517 eta=1.5
[t+0s] alert#14 primary=advisory_clear conf=0.524 eta=1.5
[t+0s] alert#12 primary=advisory_clear conf=0.58 eta=9.4
[t+0s] alert#10 primary=advisory_clear conf=0.554 eta=9.4
[t+0s] alert#9 primary=confirmed_clear conf=0.473 eta=1.5
[t+0s] pipeline feed ready — waiting for Decide seed
[t+0s] alert#16 primary=advisory_clear conf=0.517 eta=1.5
[t+0s] alert#14 primary=advisory_clear conf=0.524 eta=1.5
[t+0s] alert#12 primary=advisory_clear conf=0.58 eta=9.4
[t+0s] alert#10 primary=advisory_clear conf=0.554 eta=9.4
[t+0s] alert#9 primary=confirmed_clear conf=0.473 eta=1.5
[t+0s] pipeline feed ready — waiting for Decide seed
[t+0s] alert#16 primary=advisory_clear conf=0.517 eta=1.5
[t+0s] alert#14 primary=advisory_clear conf=0.524 eta=1.5
[t+0s] alert#12 primary=advisory_clear conf=0.58 eta=9.4
[t+0s] alert#10 primary=advisory_clear conf=0.554 eta=9.4
[t+0s] alert#9 primary=confirmed_clear conf=0.473 eta=1.5
[t+0s] pipeline feed ready — waiting for Decide seed
[t+0s] alert#16 primary=advisory_clear conf=0.517 eta=1.5
[t+0s] alert#14 primary=advisory_clear conf=0.524 eta=1.5
[t+0s] alert#12 primary=advisory_clear conf=0.58 eta=9.4
[t+0s] alert#10 primary=advisory_clear conf=0.554 eta=9.4
[t+0s] alert#9 primary=confirmed_clear conf=0.473 eta=1.5
[t+0s] pipeline feed ready — waiting for Decide seed
[t+0s] alert#16 primary=advisory_clear conf=0.517 eta=1.5
[t+0s] alert#14 primary=advisory_clear conf=0.524 eta=1.5
[t+0s] alert#12 primary=advisory_clear conf=0.58 eta=9.4
[t+0s] alert#10 primary=advisory_clear conf=0.554 eta=9.4
[t+0s] alert#9 primary=confirmed_clear conf=0.473 eta=1.5
[t+0s] pipeline feed ready — waiting for Decide seed
[t+0s] alert#16 primary=advisory_clear conf=0.517 eta=1.5
[t+0s] alert#14 primary=advisory_clear conf=0.524 eta=1.5
[t+0s] alert#12 primary=advisory_clear conf=0.58 eta=9.4
[t+0s] alert#10 primary=advisory_clear conf=0.554 eta=9.4
[t+0s] alert#9 primary=confirmed_clear conf=0.473 eta=1.5
[t+0s] pipeline feed ready — waiting for Decide seed
[t+0s] alert#16 primary=advisory_clear conf=0.517 eta=1.5
[t+0s] alert#14 primary=advisory_clear conf=0.524 eta=1.5
[t+0s] alert#12 primary=advisory_clear conf=0.58 eta=9.4
[t+0s] alert#10 primary=advisory_clear conf=0.554 eta=9.4
[t+0s] alert#9 primary=confirmed_clear conf=0.473 eta=1.5
[t+0s] pipeline feed ready — waiting for Decide seed
[t+0s] alert#16 primary=advisory_clear conf=0.517 eta=1.5
[t+0s] alert#14 primary=advisory_clear conf=0.524 eta=1.5
[t+0s] alert#12 primary=advisory_clear conf=0.58 eta=9.4
[t+0s] alert#10 primary=advisory_clear conf=0.554 eta=9.4
[t+0s] alert#9 primary=confirmed_clear conf=0.473 eta=1.5
[t+0s] pipeline feed ready — waiting for Decide seed
[t+0s] alert#16 primary=advisory_clear conf=0.517 eta=1.5
[t+0s] alert#14 primary=advisory_clear conf=0.524 eta=1.5
[t+0s] alert#12 primary=advisory_clear conf=0.58 eta=9.4
[t+0s] alert#10 primary=advisory_clear conf=0.554 eta=9.4
[t+0s] alert#9 primary=confirmed_clear conf=0.473 eta=1.5
[t+0s] pipeline feed ready — waiting for Decide seed
[t+0s] alert#16 primary=advisory_clear conf=0.517 eta=1.5
[t+0s] alert#14 primary=advisory_clear conf=0.524 eta=1.5
[t+0s] alert#12 primary=advisory_clear conf=0.58 eta=9.4
[t+0s] alert#10 primary=advisory_clear conf=0.554 eta=9.4
[t+0s] alert#9 primary=confirmed_clear conf=0.473 eta=1.5
[t+0s] pipeline feed ready — waiting for Decide seed
[t+0s] alert#16 primary=advisory_clear conf=0.517 eta=1.5
[t+0s] alert#14 primary=advisory_clear conf=0.524 eta=1.5
[t+0s] alert#12 primary=advisory_clear conf=0.58 eta=9.4
[t+0s] alert#10 primary=advisory_clear conf=0.554 eta=9.4
[t+0s] alert#9 primary=confirmed_clear conf=0.473 eta=1.5
[t+0s] pipeline feed ready — waiting for Decide seed
[t+0s] alert#16 primary=advisory_clear conf=0.517 eta=1.5
[t+0s] alert#14 primary=advisory_clear conf=0.524 eta=1.5
[t+0s] alert#12 primary=advisory_clear conf=0.58 eta=9.4
[t+0s] alert#10 primary=advisory_clear conf=0.554 eta=9.4
[t+0s] alert#9 primary=confirmed_clear conf=0.473 eta=1.5
[t+0s] pipeline feed ready — waiting for Decide seed
[t+0s] alert#16 primary=advisory_clear conf=0.517 eta=1.5
[t+0s] alert#14 primary=advisory_clear conf=0.524 eta=1.5
[t+0s] alert#12 primary=advisory_clear conf=0.58 eta=9.4
[t+0s] alert#10 primary=advisory_clear conf=0.554 eta=9.4
[t+0s] alert#9 primary=confirmed_clear conf=0.473 eta=1.5
[t+0s] pipeline feed ready — waiting for Decide seed
[t+0s] alert#16 primary=advisory_clear conf=0.517 eta=1.5
[t+0s] alert#14 primary=advisory_clear conf=0.524 eta=1.5
[t+0s] alert#12 primary=advisory_clear conf=0.58 eta=9.4
[t+0s] alert#10 primary=advisory_clear conf=0.554 eta=9.4
[t+0s] alert#9 primary=confirmed_clear conf=0.473 eta=1.5
[t+0s] pipeline feed ready — waiting for Decide seed
[t+0s] alert#16 primary=advisory_clear conf=0.517 eta=1.5
[t+0s] alert#14 primary=advisory_clear conf=0.524 eta=1.5
[t+0s] alert#12 primary=advisory_clear conf=0.58 eta=9.4
[t+0s] alert#10 primary=advisory_clear conf=0.554 eta=9.4
[t+0s] alert#9 primary=confirmed_clear conf=0.473 eta=1.5
[t+0s] pipeline feed ready — waiting for Decide seed
[t+0s] alert#16 primary=advisory_clear conf=0.517 eta=1.5
[t+0s] alert#14 primary=advisory_clear conf=0.524 eta=1.5
[t+0s] alert#12 primary=advisory_clear conf=0.58 eta=9.4
[t+0s] alert#10 primary=advisory_clear conf=0.554 eta=9.4
[t+0s] alert#9 primary=confirmed_clear conf=0.473 eta=1.5
[t+0s] pipeline feed ready — waiting for Decide seed
[t+0s] alert#16 primary=advisory_clear conf=0.517 eta=1.5
[t+0s] alert#14 primary=advisory_clear conf=0.524 eta=1.5
[t+0s] alert#12 primary=advisory_clear conf=0.58 eta=9.4
[t+0s] alert#10 primary=advisory_clear conf=0.554 eta=9.4
[t+0s] alert#9 primary=confirmed_clear conf=0.473 eta=1.5
[t+0s] pipeline feed ready — waiting for Decide seed
[t+0s] alert#16 primary=advisory_clear conf=0.517 eta=1.5
[t+0s] alert#14 primary=advisory_clear conf=0.524 eta=1.5
[t+0s] alert#12 primary=advisory_clear conf=0.58 eta=9.4
[t+0s] alert#10 primary=advisory_clear conf=0.554 eta=9.4
[t+0s] alert#9 primary=confirmed_clear conf=0.473 eta=1.5
[t+0s] pipeline feed ready — waiting for Decide seed
[t+0s] alert#16 primary=advisory_clear conf=0.517 eta=1.5
[t+0s] alert#14 primary=advisory_clear conf=0.524 eta=1.5
[t+0s] alert#12 primary=advisory_clear conf=0.58 eta=9.4
[t+0s] alert#10 primary=advisory_clear conf=0.554 eta=9.4
[t+0s] alert#9 primary=confirmed_clear conf=0.473 eta=1.5
[t+0s] pipeline feed ready — waiting for Decide seed
[t+0s] alert#16 primary=advisory_clear conf=0.517 eta=1.5
[t+0s] alert#14 primary=advisory_clear conf=0.524 eta=1.5
[t+0s] alert#12 primary=advisory_clear conf=0.58 eta=9.4
[t+0s] alert#10 primary=advisory_clear conf=0.554 eta=9.4
[t+0s] alert#9 primary=confirmed_clear conf=0.473 eta=1.5
[t+0s] pipeline feed ready — waiting for Decide seed
[t+0s] alert#16 primary=advisory_clear conf=0.517 eta=1.5
[t+0s] alert#14 primary=advisory_clear conf=0.524 eta=1.5
[t+0s] alert#12 primary=advisory_clear conf=0.58 eta=9.4
[t+0s] alert#10 primary=advisory_clear conf=0.554 eta=9.4
[t+0s] alert#9 primary=confirmed_clear conf=0.473 eta=1.5
[t+0s] pipeline feed ready — waiting for Decide seed
[t+0s] alert#16 primary=advisory_clear conf=0.517 eta=1.5
[t+0s] alert#14 primary=advisory_clear conf=0.524 eta=1.5
[t+0s] alert#12 primary=advisory_clear conf=0.58 eta=9.4
[t+0s] alert#10 primary=advisory_clear conf=0.554 eta=9.4
[t+0s] alert#9 primary=confirmed_clear conf=0.473 eta=1.5
[t+0s] pipeline feed ready — waiting for Decide seed
[t+0s] alert#16 primary=advisory_clear conf=0.517 eta=1.5
[t+0s] alert#14 primary=advisory_clear conf=0.524 eta=1.5
[t+0s] alert#12 primary=advisory_clear conf=0.58 eta=9.4
[t+0s] alert#10 primary=advisory_clear conf=0.554 eta=9.4
[t+0s] alert#9 primary=confirmed_clear conf=0.473 eta=1.5
[t+0s] pipeline feed ready — waiting for Decide seed
[t+0s] alert#16 primary=advisory_clear conf=0.517 eta=1.5
[t+0s] alert#14 primary=advisory_clear conf=0.524 eta=1.5
[t+0s] alert#12 primary=advisory_clear conf=0.58 eta=9.4
[t+0s] alert#10 primary=advisory_clear conf=0.554 eta=9.4
[t+0s] alert#9 primary=confirmed_clear conf=0.473 eta=1.5
[t+0s] pipeline feed ready — waiting for Decide seed
[t+0s] alert#16 primary=advisory_clear conf=0.517 eta=1.5
[t+0s] alert#14 primary=advisory_clear conf=0.524 eta=1.5
[t+0s] alert#12 primary=advisory_clear conf=0.58 eta=9.4
[t+0s] alert#10 primary=advisory_clear conf=0.554 eta=9.4
[t+0s] alert#9 primary=confirmed_clear conf=0.473 eta=1.5
[t+0s] pipeline feed ready — waiting for Decide seed
[t+0s] alert#16 primary=advisory_clear conf=0.517 eta=1.5
[t+0s] alert#14 primary=advisory_clear conf=0.524 eta=1.5
[t+0s] alert#12 primary=advisory_clear conf=0.58 eta=9.4
[t+0s] alert#10 primary=advisory_clear conf=0.554 eta=9.4
[t+0s] alert#9 primary=confirmed_clear conf=0.473 eta=1.5
[t+0s] pipeline feed ready — waiting for Decide seed
[t+0s] alert#16 primary=advisory_clear conf=0.517 eta=1.5
[t+0s] alert#14 primary=advisory_clear conf=0.524 eta=1.5
[t+0s] alert#12 primary=advisory_clear conf=0.58 eta=9.4
[t+0s] alert#10 primary=advisory_clear conf=0.554 eta=9.4
[t+0s] alert#9 primary=confirmed_clear conf=0.473 eta=1.5
[t+0s] pipeline feed ready — waiting for Decide seed
[t+0s] alert#16 primary=advisory_clear conf=0.517 eta=1.5
[t+0s] alert#14 primary=advisory_clear conf=0.524 eta=1.5
[t+0s] alert#12 primary=advisory_clear conf=0.58 eta=9.4
[t+0s] alert#10 primary=advisory_clear conf=0.554 eta=9.4
[t+0s] alert#9 primary=confirmed_clear conf=0.473 eta=1.5
[t+0s] pipeline feed ready — waiting for Decide seed
[t+0s] alert#16 primary=advisory_clear conf=0.517 eta=1.5
[t+0s] alert#14 primary=advisory_clear conf=0.524 eta=1.5
[t+0s] alert#12 primary=advisory_clear conf=0.58 eta=9.4
[t+0s] alert#10 primary=advisory_clear conf=0.554 eta=9.4
[t+0s] alert#9 primary=confirmed_clear conf=0.473 eta=1.5
[t+0s] pipeline feed ready — waiting for Decide seed
[t+0s] alert#16 primary=advisory_clear conf=0.517 eta=1.5
[t+0s] alert#14 primary=advisory_clear conf=0.524 eta=1.5
[t+0s] alert#12 primary=advisory_clear conf=0.58 eta=9.4
[t+0s] alert#10 primary=advisory_clear conf=0.554 eta=9.4
[t+0s] alert#9 primary=confirmed_clear conf=0.473 eta=1.5
[t+0s] pipeline feed ready — waiting for Decide seed
[t+0s] alert#16 primary=advisory_clear conf=0.517 eta=1.5
[t+0s] alert#14 primary=advisory_clear conf=0.524 eta=1.5
[t+0s] alert#12 primary=advisory_clear conf=0.58 eta=9.4
[t+0s] alert#10 primary=advisory_clear conf=0.554 eta=9.4
[t+0s] alert#9 primary=confirmed_clear conf=0.473 eta=1.5
[t+0s] pipeline feed ready — waiting for Decide seed
[t+0s] alert#16 primary=advisory_clear conf=0.517 eta=1.5
[t+0s] alert#14 primary=advisory_clear conf=0.524 eta=1.5
[t+0s] alert#12 primary=advisory_clear conf=0.58 eta=9.4
[t+0s] alert#10 primary=advisory_clear conf=0.554 eta=9.4
[t+0s] alert#9 primary=confirmed_clear conf=0.473 eta=1.5
[t+0s] pipeline feed ready — waiting for Decide seed
[t+0s] alert#16 primary=advisory_clear conf=0.517 eta=1.5
[t+0s] alert#14 primary=advisory_clear conf=0.524 eta=1.5
[t+0s] alert#12 primary=advisory_clear conf=0.58 eta=9.4
[t+0s] alert#10 primary=advisory_clear conf=0.554 eta=9.4
[t+0s] alert#9 primary=confirmed_clear conf=0.473 eta=1.5
[t+0s] pipeline feed ready — waiting for Decide seed
[t+0s] alert#16 primary=advisory_clear conf=0.517 eta=1.5
[t+0s] alert#14 primary=advisory_clear conf=0.524 eta=1.5
[t+0s] alert#12 primary=advisory_clear conf=0.58 eta=9.4
[t+0s] alert#10 primary=advisory_clear conf=0.554 eta=9.4
[t+0s] alert#9 primary=confirmed_clear conf=0.473 eta=1.5
[t+0s] pipeline feed ready — waiting for Decide seed
[t+0s] alert#16 primary=advisory_clear conf=0.517 eta=1.5
[t+0s] alert#14 primary=advisory_clear conf=0.524 eta=1.5
[t+0s] alert#12 primary=advisory_clear conf=0.58 eta=9.4
[t+0s] alert#10 primary=advisory_clear conf=0.554 eta=9.4
[t+0s] alert#9 primary=confirmed_clear conf=0.473 eta=1.5
[t+0s] pipeline feed ready — waiting for Decide seed
[t+0s] alert#16 primary=advisory_clear conf=0.517 eta=1.5
[t+0s] alert#14 primary=advisory_clear conf=0.524 eta=1.5
[t+0s] alert#12 primary=advisory_clear conf=0.58 eta=9.4
[t+0s] alert#10 primary=advisory_clear conf=0.554 eta=9.4
[t+0s] alert#9 primary=confirmed_clear conf=0.473 eta=1.5
[t+0s] pipeline feed ready — waiting for Decide seed
[t+0s] alert#16 primary=advisory_clear conf=0.517 eta=1.5
[t+0s] alert#14 primary=advisory_clear conf=0.524 eta=1.5
[t+0s] alert#12 primary=advisory_clear conf=0.58 eta=9.4
[t+0s] alert#10 primary=advisory_clear conf=0.554 eta=9.4
[t+0s] alert#9 primary=confirmed_clear conf=0.473 eta=1.5
[t+0s] pipeline feed ready — waiting for Decide seed
[t+0s] alert#16 primary=advisory_clear conf=0.517 eta=1.5
[t+0s] alert#14 primary=advisory_clear conf=0.524 eta=1.5
[t+0s] alert#12 primary=advisory_clear conf=0.58 eta=9.4
[t+0s] alert#10 primary=advisory_clear conf=0.554 eta=9.4
[t+0s] alert#9 primary=confirmed_clear conf=0.473 eta=1.5
[t+0s] pipeline feed ready — waiting for Decide seed
[t+0s] alert#16 primary=advisory_clear conf=0.517 eta=1.5
[t+0s] alert#14 primary=advisory_clear conf=0.524 eta=1.5
[t+0s] alert#12 primary=advisory_clear conf=0.58 eta=9.4
[t+0s] alert#10 primary=advisory_clear conf=0.554 eta=9.4
[t+0s] alert#9 primary=confirmed_clear conf=0.473 eta=1.5
[t+0s] pipeline feed ready — waiting for Decide seed
[t+0s] alert#16 primary=advisory_clear conf=0.517 eta=1.5
[t+0s] alert#14 primary=advisory_clear conf=0.524 eta=1.5
[t+0s] alert#12 primary=advisory_clear conf=0.58 eta=9.4
[t+0s] alert#10 primary=advisory_clear conf=0.554 eta=9.4
[t+0s] alert#9 primary=confirmed_clear conf=0.473 eta=1.5
[t+0s] pipeline feed ready — waiting for Decide seed
[t+0s] alert#16 primary=advisory_clear conf=0.517 eta=1.5
[t+0s] alert#14 primary=advisory_clear conf=0.524 eta=1.5
[t+0s] alert#12 primary=advisory_clear conf=0.58 eta=9.4
[t+0s] alert#10 primary=advisory_clear conf=0.554 eta=9.4
[t+0s] alert#9 primary=confirmed_clear conf=0.473 eta=1.5
[t+0s] pipeline feed ready — waiting for Decide seed
[t+0s] alert#16 primary=advisory_clear conf=0.517 eta=1.5
[t+0s] alert#14 primary=advisory_clear conf=0.524 eta=1.5
[t+0s] alert#12 primary=advisory_clear conf=0.58 eta=9.4
[t+0s] alert#10 primary=advisory_clear conf=0.554 eta=9.4
[t+0s] alert#9 primary=confirmed_clear conf=0.473 eta=1.5
[t+0s] pipeline feed ready — waiting for Decide seed
[t+0s] alert#16 primary=advisory_clear conf=0.517 eta=1.5
[t+0s] alert#14 primary=advisory_clear conf=0.524 eta=1.5
[t+0s] alert#12 primary=advisory_clear conf=0.58 eta=9.4
[t+0s] alert#10 primary=advisory_clear conf=0.554 eta=9.4
[t+0s] alert#9 primary=confirmed_clear conf=0.473 eta=1.5
[t+0s] pipeline feed ready — waiting for Decide seed
[t+0s] alert#16 primary=advisory_clear conf=0.517 eta=1.5
[t+0s] alert#14 primary=advisory_clear conf=0.524 eta=1.5
[t+0s] alert#12 primary=advisory_clear conf=0.58 eta=9.4
[t+0s] alert#10 primary=advisory_clear conf=0.554 eta=9.4
[t+0s] alert#9 primary=confirmed_clear conf=0.473 eta=1.5
[t+0s] pipeline feed ready — waiting for Decide seed
[t+0s] alert#16 primary=advisory_clear conf=0.517 eta=1.5
[t+0s] alert#14 primary=advisory_clear conf=0.524 eta=1.5
[t+0s] alert#12 primary=advisory_clear conf=0.58 eta=9.4
[t+0s] alert#10 primary=advisory_clear conf=0.554 eta=9.4
[t+0s] alert#9 primary=confirmed_clear conf=0.473 eta=1.5
[t+0s] pipeline feed ready — waiting for Decide seed
[t+0s] alert#16 primary=advisory_clear conf=0.517 eta=1.5
[t+0s] alert#14 primary=advisory_clear conf=0.524 eta=1.5
[t+0s] alert#12 primary=advisory_clear conf=0.58 eta=9.4
[t+0s] alert#10 primary=advisory_clear conf=0.554 eta=9.4
[t+0s] alert#9 primary=confirmed_clear conf=0.473 eta=1.5
[t+0s] pipeline feed ready — waiting for Decide seed
[t+0s] alert#16 primary=advisory_clear conf=0.517 eta=1.5
[t+0s] alert#14 primary=advisory_clear conf=0.524 eta=1.5
[t+0s] alert#12 primary=advisory_clear conf=0.58 eta=9.4
[t+0s] alert#10 primary=advisory_clear conf=0.554 eta=9.4
[t+0s] alert#9 primary=confirmed_clear conf=0.473 eta=1.5
[t+0s] pipeline feed ready — waiting for Decide seed
[t+0s] alert#16 primary=advisory_clear conf=0.517 eta=1.5
[t+0s] alert#14 primary=advisory_clear conf=0.524 eta=1.5
[t+0s] alert#12 primary=advisory_clear conf=0.58 eta=9.4
[t+0s] alert#10 primary=advisory_clear conf=0.554 eta=9.4
[t+0s] alert#9 primary=confirmed_clear conf=0.473 eta=1.5
[t+0s] pipeline feed ready — waiting for Decide seed
[t+0s] alert#16 primary=advisory_clear conf=0.517 eta=1.5
[t+0s] alert#14 primary=advisory_clear conf=0.524 eta=1.5
[t+0s] alert#12 primary=advisory_clear conf=0.58 eta=9.4
[t+0s] alert#10 primary=advisory_clear conf=0.554 eta=9.4
[t+0s] alert#9 primary=confirmed_clear conf=0.473 eta=1.5
[t+0s] pipeline feed ready — waiting for Decide seed
[t+0s] alert#16 primary=advisory_clear conf=0.517 eta=1.5
[t+0s] alert#14 primary=advisory_clear conf=0.524 eta=1.5
[t+0s] alert#12 primary=advisory_clear conf=0.58 eta=9.4
[t+0s] alert#10 primary=advisory_clear conf=0.554 eta=9.4
[t+0s] alert#9 primary=confirmed_clear conf=0.473 eta=1.5
[t+0s] pipeline feed ready — waiting for Decide seed
[t+0s] alert#16 primary=advisory_clear conf=0.517 eta=1.5
[t+0s] alert#14 primary=advisory_clear conf=0.524 eta=1.5
[t+0s] alert#12 primary=advisory_clear conf=0.58 eta=9.4
[t+0s] alert#10 primary=advisory_clear conf=0.554 eta=9.4
[t+0s] alert#9 primary=confirmed_clear conf=0.473 eta=1.5
[t+0s] pipeline feed ready — waiting for Decide seed
[t+0s] alert#16 primary=advisory_clear conf=0.517 eta=1.5
[t+0s] alert#14 primary=advisory_clear conf=0.524 eta=1.5
[t+0s] alert#12 primary=advisory_clear conf=0.58 eta=9.4
[t+0s] alert#10 primary=advisory_clear conf=0.554 eta=9.4
[t+0s] alert#9 primary=confirmed_clear conf=0.473 eta=1.5
[t+0s] pipeline feed ready — waiting for Decide seed
[t+0s] alert#16 primary=advisory_clear conf=0.517 eta=1.5
[t+0s] alert#14 primary=advisory_clear conf=0.524 eta=1.5
[t+0s] alert#12 primary=advisory_clear conf=0.58 eta=9.4
[t+0s] alert#10 primary=advisory_clear conf=0.554 eta=9.4
[t+0s] alert#9 primary=confirmed_clear conf=0.473 eta=1.5
[t+0s] pipeline feed ready — waiting for Decide seed
[t+0s] alert#16 primary=advisory_clear conf=0.517 eta=1.5
[t+0s] alert#14 primary=advisory_clear conf=0.524 eta=1.5
[t+0s] alert#12 primary=advisory_clear conf=0.58 eta=9.4
[t+0s] alert#10 primary=advisory_clear conf=0.554 eta=9.4
[t+0s] alert#9 primary=confirmed_clear conf=0.473 eta=1.5
[t+0s] pipeline feed ready — waiting for Decide seed
[t+0s] alert#16 primary=advisory_clear conf=0.517 eta=1.5
[t+0s] alert#14 primary=advisory_clear conf=0.524 eta=1.5
[t+0s] alert#12 primary=advisory_clear conf=0.58 eta=9.4
[t+0s] alert#10 primary=advisory_clear conf=0.554 eta=9.4
[t+0s] alert#9 primary=confirmed_clear conf=0.473 eta=1.5
[t+0s] pipeline feed ready — waiting for Decide seed
[t+0s] alert#16 primary=advisory_clear conf=0.517 eta=1.5
[t+0s] alert#14 primary=advisory_clear conf=0.524 eta=1.5
[t+0s] alert#12 primary=advisory_clear conf=0.58 eta=9.4
[t+0s] alert#10 primary=advisory_clear conf=0.554 eta=9.4
[t+0s] alert#9 primary=confirmed_clear conf=0.473 eta=1.5
[t+0s] pipeline feed ready — waiting for Decide seed
[t+0s] alert#16 primary=advisory_clear conf=0.517 eta=1.5
[t+0s] alert#14 primary=advisory_clear conf=0.524 eta=1.5
[t+0s] alert#12 primary=advisory_clear conf=0.58 eta=9.4
[t+0s] alert#10 primary=advisory_clear conf=0.554 eta=9.4
[t+0s] alert#9 primary=confirmed_clear conf=0.473 eta=1.5
[t+0s] pipeline feed ready — waiting for Decide seed
[t+0s] alert#16 primary=advisory_clear conf=0.517 eta=1.5
[t+0s] alert#14 primary=advisory_clear conf=0.524 eta=1.5
[t+0s] alert#12 primary=advisory_clear conf=0.58 eta=9.4
[t+0s] alert#10 primary=advisory_clear conf=0.554 eta=9.4
[t+0s] alert#9 primary=confirmed_clear conf=0.473 eta=1.5
[t+0s] pipeline feed ready — waiting for Decide seed
[t+0s] alert#16 primary=advisory_clear conf=0.517 eta=1.5
[t+0s] alert#14 primary=advisory_clear conf=0.524 eta=1.5
[t+0s] alert#12 primary=advisory_clear conf=0.58 eta=9.4
[t+0s] alert#10 primary=advisory_clear conf=0.554 eta=9.4
[t+0s] alert#9 primary=confirmed_clear conf=0.473 eta=1.5
[t+0s] pipeline feed ready — waiting for Decide seed
[t+0s] alert#16 primary=advisory_clear conf=0.517 eta=1.5
[t+0s] alert#14 primary=advisory_clear conf=0.524 eta=1.5
[t+0s] alert#12 primary=advisory_clear conf=0.58 eta=9.4
[t+0s] alert#10 primary=advisory_clear conf=0.554 eta=9.4
[t+0s] alert#9 primary=confirmed_clear conf=0.473 eta=1.5
[t+0s] pipeline feed ready — waiting for Decide seed
[t+0s] alert#16 primary=advisory_clear conf=0.517 eta=1.5
[t+0s] alert#14 primary=advisory_clear conf=0.524 eta=1.5
[t+0s] alert#12 primary=advisory_clear conf=0.58 eta=9.4
[t+0s] alert#10 primary=advisory_clear conf=0.554 eta=9.4
[t+0s] alert#9 primary=confirmed_clear conf=0.473 eta=1.5
[t+0s] pipeline feed ready — waiting for Decide seed
[t+0s] alert#16 primary=advisory_clear conf=0.517 eta=1.5
[t+0s] alert#14 primary=advisory_clear conf=0.524 eta=1.5
[t+0s] alert#12 primary=advisory_clear conf=0.58 eta=9.4
[t+0s] alert#10 primary=advisory_clear conf=0.554 eta=9.4
[t+0s] alert#9 primary=confirmed_clear conf=0.473 eta=1.5
[t+0s] pipeline feed ready — waiting for Decide seed
[t+0s] alert#16 primary=advisory_clear conf=0.517 eta=1.5
[t+0s] alert#14 primary=advisory_clear conf=0.524 eta=1.5
[t+0s] alert#12 primary=advisory_clear conf=0.58 eta=9.4
[t+0s] alert#10 primary=advisory_clear conf=0.554 eta=9.4
[t+0s] alert#9 primary=confirmed_clear conf=0.473 eta=1.5
[t+0s] pipeline feed ready — waiting for Decide seed
[t+0s] alert#16 primary=advisory_clear conf=0.517 eta=1.5
[t+0s] alert#14 primary=advisory_clear conf=0.524 eta=1.5
[t+0s] alert#12 primary=advisory_clear conf=0.58 eta=9.4
[t+0s] alert#10 primary=advisory_clear conf=0.554 eta=9.4
[t+0s] alert#9 primary=confirmed_clear conf=0.473 eta=1.5
[t+0s] pipeline feed ready — waiting for Decide seed
[t+0s] alert#16 primary=advisory_clear conf=0.517 eta=1.5
[t+0s] alert#14 primary=advisory_clear conf=0.524 eta=1.5
[t+0s] alert#12 primary=advisory_clear conf=0.58 eta=9.4
[t+0s] alert#10 primary=advisory_clear conf=0.554 eta=9.4
[t+0s] alert#9 primary=confirmed_clear conf=0.473 eta=1.5
[t+0s] pipeline feed ready — waiting for Decide seed
[t+0s] alert#16 primary=advisory_clear conf=0.517 eta=1.5
[t+0s] alert#14 primary=advisory_clear conf=0.524 eta=1.5
[t+0s] alert#12 primary=advisory_clear conf=0.58 eta=9.4
[t+0s] alert#10 primary=advisory_clear conf=0.554 eta=9.4
[t+0s] alert#9 primary=confirmed_clear conf=0.473 eta=1.5
[t+0s] pipeline feed ready — waiting for Decide seed
[t+0s] alert#16 primary=advisory_clear conf=0.517 eta=1.5
[t+0s] alert#14 primary=advisory_clear conf=0.524 eta=1.5
[t+0s] alert#12 primary=advisory_clear conf=0.58 eta=9.4
[t+0s] alert#10 primary=advisory_clear conf=0.554 eta=9.4
[t+0s] alert#9 primary=confirmed_clear conf=0.473 eta=1.5
[t+0s] pipeline feed ready — waiting for Decide seed
[t+0s] alert#16 primary=advisory_clear conf=0.517 eta=1.5
[t+0s] alert#14 primary=advisory_clear conf=0.524 eta=1.5
[t+0s] alert#12 primary=advisory_clear conf=0.58 eta=9.4
[t+0s] alert#10 primary=advisory_clear conf=0.554 eta=9.4
[t+0s] alert#9 primary=confirmed_clear conf=0.473 eta=1.5
[t+0s] pipeline feed ready — waiting for Decide seed
[t+0s] alert#16 primary=advisory_clear conf=0.517 eta=1.5
[t+0s] alert#14 primary=advisory_clear conf=0.524 eta=1.5
[t+0s] alert#12 primary=advisory_clear conf=0.58 eta=9.4
[t+0s] alert#10 primary=advisory_clear conf=0.554 eta=9.4
[t+0s] alert#9 primary=confirmed_clear conf=0.473 eta=1.5
[t+0s] pipeline feed ready — waiting for Decide seed
[t+0s] alert#16 primary=advisory_clear conf=0.517 eta=1.5
[t+0s] alert#14 primary=advisory_clear conf=0.524 eta=1.5
[t+0s] alert#12 primary=advisory_clear conf=0.58 eta=9.4
[t+0s] alert#10 primary=advisory_clear conf=0.554 eta=9.4
[t+0s] alert#9 primary=confirmed_clear conf=0.473 eta=1.5
[t+0s] pipeline feed ready — waiting for Decide seed
[t+0s] alert#16 primary=advisory_clear conf=0.517 eta=1.5
[t+0s] alert#14 primary=advisory_clear conf=0.524 eta=1.5
[t+0s] alert#12 primary=advisory_clear conf=0.58 eta=9.4
[t+0s] alert#10 primary=advisory_clear conf=0.554 eta=9.4
[t+0s] alert#9 primary=confirmed_clear conf=0.473 eta=1.5
[t+0s] pipeline feed ready — waiting for Decide seed
[t+0s] alert#16 primary=advisory_clear conf=0.517 eta=1.5
[t+0s] alert#14 primary=advisory_clear conf=0.524 eta=1.5
[t+0s] alert#12 primary=advisory_clear conf=0.58 eta=9.4
[t+0s] alert#10 primary=advisory_clear conf=0.554 eta=9.4
[t+0s] alert#9 primary=confirmed_clear conf=0.473 eta=1.5
[t+0s] pipeline feed ready — waiting for Decide seed
[t+0s] alert#16 primary=advisory_clear conf=0.517 eta=1.5
[t+0s] alert#14 primary=advisory_clear conf=0.524 eta=1.5
[t+0s] alert#12 primary=advisory_clear conf=0.58 eta=9.4
[t+0s] alert#10 primary=advisory_clear conf=0.554 eta=9.4
[t+0s] alert#9 primary=confirmed_clear conf=0.473 eta=1.5
[t+0s] pipeline feed ready — waiting for Decide seed
[t+0s] alert#16 primary=advisory_clear conf=0.517 eta=1.5
[t+0s] alert#14 primary=advisory_clear conf=0.524 eta=1.5
[t+0s] alert#12 primary=advisory_clear conf=0.58 eta=9.4
[t+0s] alert#10 primary=advisory_clear conf=0.554 eta=9.4
[t+0s] alert#9 primary=confirmed_clear conf=0.473 eta=1.5
[t+0s] pipeline feed ready — waiting for Decide seed
[t+0s] alert#16 primary=advisory_clear conf=0.517 eta=1.5
[t+0s] alert#14 primary=advisory_clear conf=0.524 eta=1.5
[t+0s] alert#12 primary=advisory_clear conf=0.58 eta=9.4
[t+0s] alert#10 primary=advisory_clear conf=0.554 eta=9.4
[t+0s] alert#9 primary=confirmed_clear conf=0.473 eta=1.5
[t+0s] pipeline feed ready — waiting for Decide seed
[t+0s] alert#16 primary=advisory_clear conf=0.517 eta=1.5
[t+0s] alert#14 primary=advisory_clear conf=0.524 eta=1.5
[t+0s] alert#12 primary=advisory_clear conf=0.58 eta=9.4
[t+0s] alert#10 primary=advisory_clear conf=0.554 eta=9.4
[t+0s] alert#9 primary=confirmed_clear conf=0.473 eta=1.5
[t+0s] pipeline feed ready — waiting for Decide seed
[t+0s] alert#16 primary=advisory_clear conf=0.517 eta=1.5
[t+0s] alert#14 primary=advisory_clear conf=0.524 eta=1.5
[t+0s] alert#12 primary=advisory_clear conf=0.58 eta=9.4
[t+0s] alert#10 primary=advisory_clear conf=0.554 eta=9.4
[t+0s] alert#9 primary=confirmed_clear conf=0.473 eta=1.5
[t+0s] pipeline feed ready — waiting for Decide seed
[t+0s] alert#16 primary=advisory_clear conf=0.517 eta=1.5
[t+0s] alert#14 primary=advisory_clear conf=0.524 eta=1.5
[t+0s] alert#12 primary=advisory_clear conf=0.58 eta=9.4
[t+0s] alert#10 primary=advisory_clear conf=0.554 eta=9.4
[t+0s] alert#9 primary=confirmed_clear conf=0.473 eta=1.5
[t+0s] pipeline feed ready — waiting for Decide seed
[t+0s] alert#16 primary=advisory_clear conf=0.517 eta=1.5
[t+0s] alert#14 primary=advisory_clear conf=0.524 eta=1.5
[t+0s] alert#12 primary=advisory_clear conf=0.58 eta=9.4
[t+0s] alert#10 primary=advisory_clear conf=0.554 eta=9.4
[t+0s] alert#9 primary=confirmed_clear conf=0.473 eta=1.5
[t+0s] pipeline feed ready — waiting for Decide seed
[t+0s] alert#16 primary=advisory_clear conf=0.517 eta=1.5
[t+0s] alert#14 primary=advisory_clear conf=0.524 eta=1.5
[t+0s] alert#12 primary=advisory_clear conf=0.58 eta=9.4
[t+0s] alert#10 primary=advisory_clear conf=0.554 eta=9.4
[t+0s] alert#9 primary=confirmed_clear conf=0.473 eta=1.5
[t+0s] pipeline feed ready — waiting for Decide seed
[t+0s] alert#16 primary=advisory_clear conf=0.517 eta=1.5
[t+0s] alert#14 primary=advisory_clear conf=0.524 eta=1.5
[t+0s] alert#12 primary=advisory_clear conf=0.58 eta=9.4
[t+0s] alert#10 primary=advisory_clear conf=0.554 eta=9.4
[t+0s] alert#9 primary=confirmed_clear conf=0.473 eta=1.5
[t+0s] pipeline feed ready — waiting for Decide seed
[t+0s] alert#16 primary=advisory_clear conf=0.517 eta=1.5
[t+0s] alert#14 primary=advisory_clear conf=0.524 eta=1.5
[t+0s] alert#12 primary=advisory_clear conf=0.58 eta=9.4
[t+0s] alert#10 primary=advisory_clear conf=0.554 eta=9.4
[t+0s] alert#9 primary=confirmed_clear conf=0.473 eta=1.5
[t+0s] pipeline feed ready — waiting for Decide seed
[t+0s] alert#16 primary=advisory_clear conf=0.517 eta=1.5
[t+0s] alert#14 primary=advisory_clear conf=0.524 eta=1.5
[t+0s] alert#12 primary=advisory_clear conf=0.58 eta=9.4
[t+0s] alert#10 primary=advisory_clear conf=0.554 eta=9.4
[t+0s] alert#9 primary=confirmed_clear conf=0.473 eta=1.5
[t+0s] pipeline feed ready — waiting for Decide seed
[t+0s] alert#16 primary=advisory_clear conf=0.517 eta=1.5
[t+0s] alert#14 primary=advisory_clear conf=0.524 eta=1.5
[t+0s] alert#12 primary=advisory_clear conf=0.58 eta=9.4
[t+0s] alert#10 primary=advisory_clear conf=0.554 eta=9.4
[t+0s] alert#9 primary=confirmed_clear conf=0.473 eta=1.5
[t+0s] pipeline feed ready — waiting for Decide seed
[t+0s] alert#16 primary=advisory_clear conf=0.517 eta=1.5
[t+0s] alert#14 primary=advisory_clear conf=0.524 eta=1.5
[t+0s] alert#12 primary=advisory_clear conf=0.58 eta=9.4
[t+0s] alert#10 primary=advisory_clear conf=0.554 eta=9.4
[t+0s] alert#9 primary=confirmed_clear conf=0.473 eta=1.5
[t+0s] pipeline feed ready — waiting for Decide seed
[t+0s] alert#16 primary=advisory_clear conf=0.517 eta=1.5
[t+0s] alert#14 primary=advisory_clear conf=0.524 eta=1.5
[t+0s] alert#12 primary=advisory_clear conf=0.58 eta=9.4
[t+0s] alert#10 primary=advisory_clear conf=0.554 eta=9.4
[t+0s] alert#9 primary=confirmed_clear conf=0.473 eta=1.5
[t+0s] pipeline feed ready — waiting for Decide seed
[t+0s] alert#16 primary=advisory_clear conf=0.517 eta=1.5
[t+0s] alert#14 primary=advisory_clear conf=0.524 eta=1.5
[t+0s] alert#12 primary=advisory_clear conf=0.58 eta=9.4
[t+0s] alert#10 primary=advisory_clear conf=0.554 eta=9.4
[t+0s] alert#9 primary=confirmed_clear conf=0.473 eta=1.5
[t+0s] pipeline feed ready — waiting for Decide seed
[t+0s] alert#16 primary=advisory_clear conf=0.517 eta=1.5
[t+0s] alert#14 primary=advisory_clear conf=0.524 eta=1.5
[t+0s] alert#12 primary=advisory_clear conf=0.58 eta=9.4
[t+0s] alert#10 primary=advisory_clear conf=0.554 eta=9.4
[t+0s] alert#9 primary=confirmed_clear conf=0.473 eta=1.5
[t+0s] pipeline feed ready — waiting for Decide seed
[t+0s] alert#16 primary=advisory_clear conf=0.517 eta=1.5
[t+0s] alert#14 primary=advisory_clear conf=0.524 eta=1.5
[t+0s] alert#12 primary=advisory_clear conf=0.58 eta=9.4
[t+0s] alert#10 primary=advisory_clear conf=0.554 eta=9.4
[t+0s] alert#9 primary=confirmed_clear conf=0.473 eta=1.5
[t+0s] pipeline feed ready — waiting for Decide seed
[t+0s] alert#16 primary=advisory_clear conf=0.517 eta=1.5
[t+0s] alert#14 primary=advisory_clear conf=0.524 eta=1.5
[t+0s] alert#12 primary=advisory_clear conf=0.58 eta=9.4
[t+0s] alert#10 primary=advisory_clear conf=0.554 eta=9.4
[t+0s] alert#9 primary=confirmed_clear conf=0.473 eta=1.5
[t+0s] pipeline feed ready — waiting for Decide seed
[t+0s] alert#16 primary=advisory_clear conf=0.517 eta=1.5
[t+0s] alert#14 primary=advisory_clear conf=0.524 eta=1.5
[t+0s] alert#12 primary=advisory_clear conf=0.58 eta=9.4
[t+0s] alert#10 primary=advisory_clear conf=0.554 eta=9.4
[t+0s] alert#9 primary=confirmed_clear conf=0.473 eta=1.5
[t+0s] pipeline feed ready — waiting for Decide seed
[t+0s] alert#16 primary=advisory_clear conf=0.517 eta=1.5
[t+0s] alert#14 primary=advisory_clear conf=0.524 eta=1.5
[t+0s] alert#12 primary=advisory_clear conf=0.58 eta=9.4
[t+0s] alert#10 primary=advisory_clear conf=0.554 eta=9.4
[t+0s] alert#9 primary=confirmed_clear conf=0.473 eta=1.5
[t+0s] pipeline feed ready — waiting for Decide seed
[t+0s] alert#16 primary=advisory_clear conf=0.517 eta=1.5
[t+0s] alert#14 primary=advisory_clear conf=0.524 eta=1.5
[t+0s] alert#12 primary=advisory_clear conf=0.58 eta=9.4
[t+0s] alert#10 primary=advisory_clear conf=0.554 eta=9.4
[t+0s] alert#9 primary=confirmed_clear conf=0.473 eta=1.5
[t+0s] pipeline feed ready — waiting for Decide seed
[t+0s] alert#16 primary=advisory_clear conf=0.517 eta=1.5
[t+0s] alert#14 primary=advisory_clear conf=0.524 eta=1.5
[t+0s] alert#12 primary=advisory_clear conf=0.58 eta=9.4
[t+0s] alert#10 primary=advisory_clear conf=0.554 eta=9.4
[t+0s] alert#9 primary=confirmed_clear conf=0.473 eta=1.5
[t+0s] pipeline feed ready — waiting for Decide seed
[t+0s] alert#16 primary=advisory_clear conf=0.517 eta=1.5
[t+0s] alert#14 primary=advisory_clear conf=0.524 eta=1.5
[t+0s] alert#12 primary=advisory_clear conf=0.58 eta=9.4
[t+0s] alert#10 primary=advisory_clear conf=0.554 eta=9.4
[t+0s] alert#9 primary=confirmed_clear conf=0.473 eta=1.5
[t+0s] pipeline feed ready — waiting for Decide seed
[t+0s] alert#16 primary=advisory_clear conf=0.517 eta=1.5
[t+0s] alert#14 primary=advisory_clear conf=0.524 eta=1.5
[t+0s] alert#12 primary=advisory_clear conf=0.58 eta=9.4
[t+0s] alert#10 primary=advisory_clear conf=0.554 eta=9.4
[t+0s] alert#9 primary=confirmed_clear conf=0.473 eta=1.5
[t+0s] pipeline feed ready — waiting for Decide seed
[t+0s] alert#16 primary=advisory_clear conf=0.517 eta=1.5
[t+0s] alert#14 primary=advisory_clear conf=0.524 eta=1.5
[t+0s] alert#12 primary=advisory_clear conf=0.58 eta=9.4
[t+0s] alert#10 primary=advisory_clear conf=0.554 eta=9.4
[t+0s] alert#9 primary=confirmed_clear conf=0.473 eta=1.5
[t+0s] pipeline feed ready — waiting for Decide seed
[t+0s] alert#16 primary=advisory_clear conf=0.517 eta=1.5
[t+0s] alert#14 primary=advisory_clear conf=0.524 eta=1.5
[t+0s] alert#12 primary=advisory_clear conf=0.58 eta=9.4
[t+0s] alert#10 primary=advisory_clear conf=0.554 eta=9.4
[t+0s] alert#9 primary=confirmed_clear conf=0.473 eta=1.5
[t+0s] pipeline feed ready — waiting for Decide seed
[t+0s] alert#16 primary=advisory_clear conf=0.517 eta=1.5
[t+0s] alert#14 primary=advisory_clear conf=0.524 eta=1.5
[t+0s] alert#12 primary=advisory_clear conf=0.58 eta=9.4
[t+0s] alert#10 primary=advisory_clear conf=0.554 eta=9.4
[t+0s] alert#9 primary=confirmed_clear conf=0.473 eta=1.5
[t+0s] pipeline feed ready — waiting for Decide seed
[t+0s] alert#16 primary=advisory_clear conf=0.517 eta=1.5
[t+0s] alert#14 primary=advisory_clear conf=0.524 eta=1.5
[t+0s] alert#12 primary=advisory_clear conf=0.58 eta=9.4
[t+0s] alert#10 primary=advisory_clear conf=0.554 eta=9.4
[t+0s] alert#9 primary=confirmed_clear conf=0.473 eta=1.5
[t+0s] pipeline feed ready — waiting for Decide seed
[t+0s] alert#16 primary=advisory_clear conf=0.517 eta=1.5
[t+0s] alert#14 primary=advisory_clear conf=0.524 eta=1.5
[t+0s] alert#12 primary=advisory_clear conf=0.58 eta=9.4
[t+0s] alert#10 primary=advisory_clear conf=0.554 eta=9.4
[t+0s] alert#9 primary=confirmed_clear conf=0.473 eta=1.5
[t+0s] pipeline feed ready — waiting for Decide seed
[t+0s] alert#16 primary=advisory_clear conf=0.517 eta=1.5
[t+0s] alert#14 primary=advisory_clear conf=0.524 eta=1.5
[t+0s] alert#12 primary=advisory_clear conf=0.58 eta=9.4
[t+0s] alert#10 primary=advisory_clear conf=0.554 eta=9.4
[t+0s] alert#9 primary=confirmed_clear conf=0.473 eta=1.5
[t+0s] pipeline feed ready — waiting for Decide seed
[t+0s] alert#16 primary=advisory_clear conf=0.517 eta=1.5
[t+0s] alert#14 primary=advisory_clear conf=0.524 eta=1.5
[t+0s] alert#12 primary=advisory_clear conf=0.58 eta=9.4
[t+0s] alert#10 primary=advisory_clear conf=0.554 eta=9.4
[t+0s] alert#9 primary=confirmed_clear conf=0.473 eta=1.5
[t+0s] pipeline feed ready — waiting for Decide seed
[t+0s] alert#16 primary=advisory_clear conf=0.517 eta=1.5
[t+0s] alert#14 primary=advisory_clear conf=0.524 eta=1.5
[t+0s] alert#12 primary=advisory_clear conf=0.58 eta=9.4
[t+0s] alert#10 primary=advisory_clear conf=0.554 eta=9.4
[t+0s] alert#9 primary=confirmed_clear conf=0.473 eta=1.5
[t+0s] pipeline feed ready — waiting for Decide seed
[t+0s] alert#16 primary=advisory_clear conf=0.517 eta=1.5
[t+0s] alert#14 primary=advisory_clear conf=0.524 eta=1.5
[t+0s] alert#12 primary=advisory_clear conf=0.58 eta=9.4
[t+0s] alert#10 primary=advisory_clear conf=0.554 eta=9.4
[t+0s] alert#9 primary=confirmed_clear conf=0.473 eta=1.5
[t+0s] pipeline feed ready — waiting for Decide seed
[t+0s] alert#16 primary=advisory_clear conf=0.517 eta=1.5
[t+0s] alert#14 primary=advisory_clear conf=0.524 eta=1.5
[t+0s] alert#12 primary=advisory_clear conf=0.58 eta=9.4
[t+0s] alert#10 primary=advisory_clear conf=0.554 eta=9.4
[t+0s] alert#9 primary=confirmed_clear conf=0.473 eta=1.5
[t+0s] pipeline feed ready — waiting for Decide seed
[t+0s] alert#16 primary=advisory_clear conf=0.517 eta=1.5
[t+0s] alert#14 primary=advisory_clear conf=0.524 eta=1.5
[t+0s] alert#12 primary=advisory_clear conf=0.58 eta=9.4
[t+0s] alert#10 primary=advisory_clear conf=0.554 eta=9.4
[t+0s] alert#9 primary=confirmed_clear conf=0.473 eta=1.5
[t+0s] pipeline feed ready — waiting for Decide seed
[t+0s] alert#16 primary=advisory_clear conf=0.517 eta=1.5
[t+0s] alert#14 primary=advisory_clear conf=0.524 eta=1.5
[t+0s] alert#12 primary=advisory_clear conf=0.58 eta=9.4
[t+0s] alert#10 primary=advisory_clear conf=0.554 eta=9.4
[t+0s] alert#9 primary=confirmed_clear conf=0.473 eta=1.5
[t+0s] pipeline feed ready — waiting for Decide seed
[t+0s] alert#16 primary=advisory_clear conf=0.517 eta=1.5
[t+0s] alert#14 primary=advisory_clear conf=0.524 eta=1.5
[t+0s] alert#12 primary=advisory_clear conf=0.58 eta=9.4
[t+0s] alert#10 primary=advisory_clear conf=0.554 eta=9.4
[t+0s] alert#9 primary=confirmed_clear conf=0.473 eta=1.5
[t+0s] pipeline feed ready — waiting for Decide seed
[t+0s] alert#16 primary=advisory_clear conf=0.517 eta=1.5
[t+0s] alert#14 primary=advisory_clear conf=0.524 eta=1.5
[t+0s] alert#12 primary=advisory_clear conf=0.58 eta=9.4
[t+0s] alert#10 primary=advisory_clear conf=0.554 eta=9.4
[t+0s] alert#9 primary=confirmed_clear conf=0.473 eta=1.5
[t+0s] pipeline feed ready — waiting for Decide seed
[t+0s] alert#16 primary=advisory_clear conf=0.517 eta=1.5
[t+0s] alert#14 primary=advisory_clear conf=0.524 eta=1.5
[t+0s] alert#12 primary=advisory_clear conf=0.58 eta=9.4
[t+0s] alert#10 primary=advisory_clear conf=0.554 eta=9.4
[t+0s] alert#9 primary=confirmed_clear conf=0.473 eta=1.5
[t+0s] pipeline feed ready — waiting for Decide seed
[t+0s] alert#16 primary=advisory_clear conf=0.517 eta=1.5
[t+0s] alert#14 primary=advisory_clear conf=0.524 eta=1.5
[t+0s] alert#12 primary=advisory_clear conf=0.58 eta=9.4
[t+0s] alert#10 primary=advisory_clear conf=0.554 eta=9.4
[t+0s] alert#9 primary=confirmed_clear conf=0.473 eta=1.5
[t+0s] pipeline feed ready — waiting for Decide seed
[t+0s] alert#16 primary=advisory_clear conf=0.517 eta=1.5
[t+0s] alert#14 primary=advisory_clear conf=0.524 eta=1.5
[t+0s] alert#12 primary=advisory_clear conf=0.58 eta=9.4
[t+0s] alert#10 primary=advisory_clear conf=0.554 eta=9.4
[t+0s] alert#9 primary=confirmed_clear conf=0.473 eta=1.5
[t+0s] pipeline feed ready — waiting for Decide seed
[t+0s] alert#16 primary=advisory_clear conf=0.517 eta=1.5
[t+0s] alert#14 primary=advisory_clear conf=0.524 eta=1.5
[t+0s] alert#12 primary=advisory_clear conf=0.58 eta=9.4
[t+0s] alert#10 primary=advisory_clear conf=0.554 eta=9.4
[t+0s] alert#9 primary=confirmed_clear conf=0.473 eta=1.5
[t+0s] pipeline feed ready — waiting for Decide seed
[t+0s] alert#16 primary=advisory_clear conf=0.517 eta=1.5
[t+0s] alert#14 primary=advisory_clear conf=0.524 eta=1.5
[t+0s] alert#12 primary=advisory_clear conf=0.58 eta=9.4
[t+0s] alert#10 primary=advisory_clear conf=0.554 eta=9.4
[t+0s] alert#9 primary=confirmed_clear conf=0.473 eta=1.5
[t+0s] pipeline feed ready — waiting for Decide seed
[t+0s] alert#16 primary=advisory_clear conf=0.517 eta=1.5
[t+0s] alert#14 primary=advisory_clear conf=0.524 eta=1.5
[t+0s] alert#12 primary=advisory_clear conf=0.58 eta=9.4
[t+0s] alert#10 primary=advisory_clear conf=0.554 eta=9.4
[t+0s] alert#9 primary=confirmed_clear conf=0.473 eta=1.5
[t+0s] pipeline feed ready — waiting for Decide seed
[t+0s] alert#16 primary=advisory_clear conf=0.517 eta=1.5
[t+0s] alert#14 primary=advisory_clear conf=0.524 eta=1.5
[t+0s] alert#12 primary=advisory_clear conf=0.58 eta=9.4
[t+0s] alert#10 primary=advisory_clear conf=0.554 eta=9.4
[t+0s] alert#9 primary=confirmed_clear conf=0.473 eta=1.5
[t+0s] pipeline feed ready — waiting for Decide seed
[t+0s] alert#16 primary=advisory_clear conf=0.517 eta=1.5
[t+0s] alert#14 primary=advisory_clear conf=0.524 eta=1.5
[t+0s] alert#12 primary=advisory_clear conf=0.58 eta=9.4
[t+0s] alert#10 primary=advisory_clear conf=0.554 eta=9.4
[t+0s] alert#9 primary=confirmed_clear conf=0.473 eta=1.5
[t+0s] pipeline feed ready — waiting for Decide seed
[t+0s] alert#16 primary=advisory_clear conf=0.517 eta=1.5
[t+0s] alert#14 primary=advisory_clear conf=0.524 eta=1.5
[t+0s] alert#12 primary=advisory_clear conf=0.58 eta=9.4
[t+0s] alert#10 primary=advisory_clear conf=0.554 eta=9.4
[t+0s] alert#9 primary=confirmed_clear conf=0.473 eta=1.5
[t+0s] pipeline feed ready — waiting for Decide seed
[t+0s] alert#16 primary=advisory_clear conf=0.517 eta=1.5
[t+0s] alert#14 primary=advisory_clear conf=0.524 eta=1.5
[t+0s] alert#12 primary=advisory_clear conf=0.58 eta=9.4
[t+0s] alert#10 primary=advisory_clear conf=0.554 eta=9.4
[t+0s] alert#9 primary=confirmed_clear conf=0.473 eta=1.5
[t+0s] pipeline feed ready — waiting for Decide seed
[t+0s] alert#16 primary=advisory_clear conf=0.517 eta=1.5
[t+0s] alert#14 primary=advisory_clear conf=0.524 eta=1.5
[t+0s] alert#12 primary=advisory_clear conf=0.58 eta=9.4
[t+0s] alert#10 primary=advisory_clear conf=0.554 eta=9.4
[t+0s] alert#9 primary=confirmed_clear conf=0.473 eta=1.5
[t+0s] pipeline feed ready — waiting for Decide seed
[t+0s] alert#16 primary=advisory_clear conf=0.517 eta=1.5
[t+0s] alert#14 primary=advisory_clear conf=0.524 eta=1.5
[t+0s] alert#12 primary=advisory_clear conf=0.58 eta=9.4
[t+0s] alert#10 primary=advisory_clear conf=0.554 eta=9.4
[t+0s] alert#9 primary=confirmed_clear conf=0.473 eta=1.5
[t+0s] pipeline feed ready — waiting for Decide seed
[t+0s] alert#16 primary=advisory_clear conf=0.517 eta=1.5
[t+0s] alert#14 primary=advisory_clear conf=0.524 eta=1.5
[t+0s] alert#12 primary=advisory_clear conf=0.58 eta=9.4
[t+0s] alert#10 primary=advisory_clear conf=0.554 eta=9.4
[t+0s] alert#9 primary=confirmed_clear conf=0.473 eta=1.5
[t+0s] pipeline feed ready — waiting for Decide seed
[t+0s] alert#16 primary=advisory_clear conf=0.517 eta=1.5
[t+0s] alert#14 primary=advisory_clear conf=0.524 eta=1.5
[t+0s] alert#12 primary=advisory_clear conf=0.58 eta=9.4
[t+0s] alert#10 primary=advisory_clear conf=0.554 eta=9.4
[t+0s] alert#9 primary=confirmed_clear conf=0.473 eta=1.5
[t+0s] pipeline feed ready — waiting for Decide seed
[t+0s] alert#16 primary=advisory_clear conf=0.517 eta=1.5
[t+0s] alert#14 primary=advisory_clear conf=0.524 eta=1.5
[t+0s] alert#12 primary=advisory_clear conf=0.58 eta=9.4
[t+0s] alert#10 primary=advisory_clear conf=0.554 eta=9.4
[t+0s] alert#9 primary=confirmed_clear conf=0.473 eta=1.5
[t+0s] pipeline feed ready — waiting for Decide seed
[t+0s] alert#16 primary=advisory_clear conf=0.517 eta=1.5
[t+0s] alert#14 primary=advisory_clear conf=0.524 eta=1.5
[t+0s] alert#12 primary=advisory_clear conf=0.58 eta=9.4
[t+0s] alert#10 primary=advisory_clear conf=0.554 eta=9.4
[t+0s] alert#9 primary=confirmed_clear conf=0.473 eta=1.5
[t+0s] pipeline feed ready — waiting for Decide seed
[t+0s] alert#16 primary=advisory_clear conf=0.517 eta=1.5
[t+0s] alert#14 primary=advisory_clear conf=0.524 eta=1.5
[t+0s] alert#12 primary=advisory_clear conf=0.58 eta=9.4
[t+0s] alert#10 primary=advisory_clear conf=0.554 eta=9.4
[t+0s] alert#9 primary=confirmed_clear conf=0.473 eta=1.5
[t+0s] pipeline feed ready — waiting for Decide seed
[t+0s] alert#16 primary=advisory_clear conf=0.517 eta=1.5
[t+0s] alert#14 primary=advisory_clear conf=0.524 eta=1.5
[t+0s] alert#12 primary=advisory_clear conf=0.58 eta=9.4
[t+0s] alert#10 primary=advisory_clear conf=0.554 eta=9.4
[t+0s] alert#9 primary=confirmed_clear conf=0.473 eta=1.5
[t+0s] pipeline feed ready — waiting for Decide seed
[t+0s] alert#16 primary=advisory_clear conf=0.517 eta=1.5
[t+0s] alert#14 primary=advisory_clear conf=0.524 eta=1.5
[t+0s] alert#12 primary=advisory_clear conf=0.58 eta=9.4
[t+0s] alert#10 primary=advisory_clear conf=0.554 eta=9.4
[t+0s] alert#9 primary=confirmed_clear conf=0.473 eta=1.5
[t+0s] pipeline feed ready — waiting for Decide seed
[t+0s] alert#16 primary=advisory_clear conf=0.517 eta=1.5
[t+0s] alert#14 primary=advisory_clear conf=0.524 eta=1.5
[t+0s] alert#12 primary=advisory_clear conf=0.58 eta=9.4
[t+0s] alert#10 primary=advisory_clear conf=0.554 eta=9.4
[t+0s] alert#9 primary=confirmed_clear conf=0.473 eta=1.5
[t+7851s] alerts resolved — idle (operator_clear)
[t+0s] pipeline feed ready — waiting for Decide seed
[t+0s] alert#16 primary=advisory_clear conf=0.517 eta=1.5
[t+0s] alert#14 primary=advisory_clear conf=0.524 eta=1.5
[t+0s] alert#12 primary=advisory_clear conf=0.58 eta=9.4
[t+0s] alert#10 primary=advisory_clear conf=0.554 eta=9.4
[t+0s] alert#9 primary=confirmed_clear conf=0.473 eta=1.5
[t+0s] pipeline feed ready — waiting for Decide seed
[t+0s] alert#16 primary=advisory_clear conf=0.517 eta=1.5
[t+0s] alert#14 primary=advisory_clear conf=0.524 eta=1.5
[t+0s] alert#12 primary=advisory_clear conf=0.58 eta=9.4
[t+0s] alert#10 primary=advisory_clear conf=0.554 eta=9.4
[t+0s] alert#9 primary=confirmed_clear conf=0.473 eta=1.5
[t+0s] pipeline feed ready — waiting for Decide seed
[t+0s] alert#16 primary=advisory_clear conf=0.517 eta=1.5
[t+0s] alert#14 primary=advisory_clear conf=0.524 eta=1.5
[t+0s] alert#12 primary=advisory_clear conf=0.58 eta=9.4
[t+0s] alert#10 primary=advisory_clear conf=0.554 eta=9.4
[t+0s] alert#9 primary=confirmed_clear conf=0.473 eta=1.5
[t+0s] pipeline feed ready — waiting for Decide seed
[t+0s] alert#16 primary=advisory_clear conf=0.517 eta=1.5
[t+0s] alert#14 primary=advisory_clear conf=0.524 eta=1.5
[t+0s] alert#12 primary=advisory_clear conf=0.58 eta=9.4
[t+0s] alert#10 primary=advisory_clear conf=0.554 eta=9.4
[t+0s] alert#9 primary=confirmed_clear conf=0.473 eta=1.5
[t+0s] pipeline feed ready — waiting for Decide seed
[t+0s] alert#16 primary=advisory_clear conf=0.517 eta=1.5
[t+0s] alert#14 primary=advisory_clear conf=0.524 eta=1.5
[t+0s] alert#12 primary=advisory_clear conf=0.58 eta=9.4
[t+0s] alert#10 primary=advisory_clear conf=0.554 eta=9.4
[t+0s] alert#9 primary=confirmed_clear conf=0.473 eta=1.5
[t+0s] pipeline feed ready — waiting for Decide seed
[t+0s] alert#16 primary=advisory_clear conf=0.517 eta=1.5
[t+0s] alert#14 primary=advisory_clear conf=0.524 eta=1.5
[t+0s] alert#12 primary=advisory_clear conf=0.58 eta=9.4
[t+0s] alert#10 primary=advisory_clear conf=0.554 eta=9.4
[t+0s] alert#9 primary=confirmed_clear conf=0.473 eta=1.5
[t+0s] pipeline feed ready — waiting for Decide seed
[t+0s] alert#16 primary=advisory_clear conf=0.517 eta=1.5
[t+0s] alert#14 primary=advisory_clear conf=0.524 eta=1.5
[t+0s] alert#12 primary=advisory_clear conf=0.58 eta=9.4
[t+0s] alert#10 primary=advisory_clear conf=0.554 eta=9.4
[t+0s] alert#9 primary=confirmed_clear conf=0.473 eta=1.5
[t+0s] pipeline feed ready — waiting for Decide seed
[t+0s] alert#16 primary=advisory_clear conf=0.517 eta=1.5
[t+0s] alert#14 primary=advisory_clear conf=0.524 eta=1.5
[t+0s] alert#12 primary=advisory_clear conf=0.58 eta=9.4
[t+0s] alert#10 primary=advisory_clear conf=0.554 eta=9.4
[t+0s] alert#9 primary=confirmed_clear conf=0.473 eta=1.5
[t+0s] pipeline feed ready — waiting for Decide seed
[t+0s] alert#16 primary=advisory_clear conf=0.517 eta=1.5
[t+0s] alert#14 primary=advisory_clear conf=0.524 eta=1.5
[t+0s] alert#12 primary=advisory_clear conf=0.58 eta=9.4
[t+0s] alert#10 primary=advisory_clear conf=0.554 eta=9.4
[t+0s] alert#9 primary=confirmed_clear conf=0.473 eta=1.5
[t+0s] pipeline feed ready — waiting for Decide seed
[t+0s] alert#16 primary=advisory_clear conf=0.517 eta=1.5
[t+0s] alert#14 primary=advisory_clear conf=0.524 eta=1.5
[t+0s] alert#12 primary=advisory_clear conf=0.58 eta=9.4
[t+0s] alert#10 primary=advisory_clear conf=0.554 eta=9.4
[t+0s] alert#9 primary=confirmed_clear conf=0.473 eta=1.5
[t+0s] pipeline feed ready — waiting for Decide seed
[t+0s] alert#16 primary=advisory_clear conf=0.517 eta=1.5
[t+0s] alert#14 primary=advisory_clear conf=0.524 eta=1.5
[t+0s] alert#12 primary=advisory_clear conf=0.58 eta=9.4
[t+0s] alert#10 primary=advisory_clear conf=0.554 eta=9.4
[t+0s] alert#9 primary=confirmed_clear conf=0.473 eta=1.5
[t+0s] pipeline feed ready — waiting for Decide seed
[t+0s] alert#16 primary=advisory_clear conf=0.517 eta=1.5
[t+0s] alert#14 primary=advisory_clear conf=0.524 eta=1.5
[t+0s] alert#12 primary=advisory_clear conf=0.58 eta=9.4
[t+0s] alert#10 primary=advisory_clear conf=0.554 eta=9.4
[t+0s] alert#9 primary=confirmed_clear conf=0.473 eta=1.5
[t+0s] pipeline feed ready — waiting for Decide seed
[t+0s] alert#16 primary=advisory_clear conf=0.517 eta=1.5
[t+0s] alert#14 primary=advisory_clear conf=0.524 eta=1.5
[t+0s] alert#12 primary=advisory_clear conf=0.58 eta=9.4
[t+0s] alert#10 primary=advisory_clear conf=0.554 eta=9.4
[t+0s] alert#9 primary=confirmed_clear conf=0.473 eta=1.5
[t+0s] pipeline feed ready — waiting for Decide seed
[t+0s] alert#16 primary=advisory_clear conf=0.517 eta=1.5
[t+0s] alert#14 primary=advisory_clear conf=0.524 eta=1.5
[t+0s] alert#12 primary=advisory_clear conf=0.58 eta=9.4
[t+0s] alert#10 primary=advisory_clear conf=0.554 eta=9.4
[t+0s] alert#9 primary=confirmed_clear conf=0.473 eta=1.5
[t+0s] pipeline feed ready — waiting for Decide seed
[t+0s] alert#16 primary=advisory_clear conf=0.517 eta=1.5
[t+0s] alert#14 primary=advisory_clear conf=0.524 eta=1.5
[t+0s] alert#12 primary=advisory_clear conf=0.58 eta=9.4
[t+0s] alert#10 primary=advisory_clear conf=0.554 eta=9.4
[t+0s] alert#9 primary=confirmed_clear conf=0.473 eta=1.5
[t+0s] pipeline feed ready — waiting for Decide seed
[t+0s] alert#16 primary=advisory_clear conf=0.517 eta=1.5
[t+0s] alert#14 primary=advisory_clear conf=0.524 eta=1.5
[t+0s] alert#12 primary=advisory_clear conf=0.58 eta=9.4
[t+0s] alert#10 primary=advisory_clear conf=0.554 eta=9.4
[t+0s] alert#9 primary=confirmed_clear conf=0.473 eta=1.5
[t+0s] pipeline feed ready — waiting for Decide seed
[t+0s] alert#16 primary=advisory_clear conf=0.517 eta=1.5
[t+0s] alert#14 primary=advisory_clear conf=0.524 eta=1.5
[t+0s] alert#12 primary=advisory_clear conf=0.58 eta=9.4
[t+0s] alert#10 primary=advisory_clear conf=0.554 eta=9.4
[t+0s] alert#9 primary=confirmed_clear conf=0.473 eta=1.5
[t+0s] pipeline feed ready — waiting for Decide seed
[t+0s] alert#16 primary=advisory_clear conf=0.517 eta=1.5
[t+0s] alert#14 primary=advisory_clear conf=0.524 eta=1.5
[t+0s] alert#12 primary=advisory_clear conf=0.58 eta=9.4
[t+0s] alert#10 primary=advisory_clear conf=0.554 eta=9.4
[t+0s] alert#9 primary=confirmed_clear conf=0.473 eta=1.5
[t+0s] pipeline feed ready — waiting for Decide seed
[t+0s] alert#16 primary=advisory_clear conf=0.517 eta=1.5
[t+0s] alert#14 primary=advisory_clear conf=0.524 eta=1.5
[t+0s] alert#12 primary=advisory_clear conf=0.58 eta=9.4
[t+0s] alert#10 primary=advisory_clear conf=0.554 eta=9.4
[t+0s] alert#9 primary=confirmed_clear conf=0.473 eta=1.5
[t+0s] pipeline feed ready — waiting for Decide seed
[t+0s] alert#16 primary=advisory_clear conf=0.517 eta=1.5
[t+0s] alert#14 primary=advisory_clear conf=0.524 eta=1.5
[t+0s] alert#12 primary=advisory_clear conf=0.58 eta=9.4
[t+0s] alert#10 primary=advisory_clear conf=0.554 eta=9.4
[t+0s] alert#9 primary=confirmed_clear conf=0.473 eta=1.5
[t+0s] pipeline feed ready — waiting for Decide seed
[t+0s] alert#16 primary=advisory_clear conf=0.517 eta=1.5
[t+0s] alert#14 primary=advisory_clear conf=0.524 eta=1.5
[t+0s] alert#12 primary=advisory_clear conf=0.58 eta=9.4
[t+0s] alert#10 primary=advisory_clear conf=0.554 eta=9.4
[t+0s] alert#9 primary=confirmed_clear conf=0.473 eta=1.5
[t+0s] pipeline feed ready — waiting for Decide seed
[t+0s] alert#16 primary=advisory_clear conf=0.517 eta=1.5
[t+0s] alert#14 primary=advisory_clear conf=0.524 eta=1.5
[t+0s] alert#12 primary=advisory_clear conf=0.58 eta=9.4
[t+0s] alert#10 primary=advisory_clear conf=0.554 eta=9.4
[t+0s] alert#9 primary=confirmed_clear conf=0.473 eta=1.5
[t+0s] pipeline feed ready — waiting for Decide seed
[t+0s] alert#16 primary=advisory_clear conf=0.517 eta=1.5
[t+0s] alert#14 primary=advisory_clear conf=0.524 eta=1.5
[t+0s] alert#12 primary=advisory_clear conf=0.58 eta=9.4
[t+0s] alert#10 primary=advisory_clear conf=0.554 eta=9.4
[t+0s] alert#9 primary=confirmed_clear conf=0.473 eta=1.5
[t+0s] pipeline feed ready — waiting for Decide seed
[t+0s] alert#16 primary=advisory_clear conf=0.517 eta=1.5
[t+0s] alert#14 primary=advisory_clear conf=0.524 eta=1.5
[t+0s] alert#12 primary=advisory_clear conf=0.58 eta=9.4
[t+0s] alert#10 primary=advisory_clear conf=0.554 eta=9.4
[t+0s] alert#9 primary=confirmed_clear conf=0.473 eta=1.5
[t+0s] pipeline feed ready — waiting for Decide seed
[t+0s] alert#16 primary=advisory_clear conf=0.517 eta=1.5
[t+0s] alert#14 primary=advisory_clear conf=0.524 eta=1.5
[t+0s] alert#12 primary=advisory_clear conf=0.58 eta=9.4
[t+0s] alert#10 primary=advisory_clear conf=0.554 eta=9.4
[t+0s] alert#9 primary=confirmed_clear conf=0.473 eta=1.5
[t+0s] pipeline feed ready — waiting for Decide seed
[t+0s] alert#16 primary=advisory_clear conf=0.517 eta=1.5
[t+0s] alert#14 primary=advisory_clear conf=0.524 eta=1.5
[t+0s] alert#12 primary=advisory_clear conf=0.58 eta=9.4
[t+0s] alert#10 primary=advisory_clear conf=0.554 eta=9.4
[t+0s] alert#9 primary=confirmed_clear conf=0.473 eta=1.5
[t+0s] pipeline feed ready — waiting for Decide seed
[t+0s] alert#16 primary=advisory_clear conf=0.517 eta=1.5
[t+0s] alert#14 primary=advisory_clear conf=0.524 eta=1.5
[t+0s] alert#12 primary=advisory_clear conf=0.58 eta=9.4
[t+0s] alert#10 primary=advisory_clear conf=0.554 eta=9.4
[t+0s] alert#9 primary=confirmed_clear conf=0.473 eta=1.5
[t+0s] pipeline feed ready — waiting for Decide seed
[t+0s] alert#16 primary=advisory_clear conf=0.517 eta=1.5
[t+0s] alert#14 primary=advisory_clear conf=0.524 eta=1.5
[t+0s] alert#12 primary=advisory_clear conf=0.58 eta=9.4
[t+0s] alert#10 primary=advisory_clear conf=0.554 eta=9.4
[t+0s] alert#9 primary=confirmed_clear conf=0.473 eta=1.5
[t+8031s] alert#208208 primary=tunnel_degradation conf=0.55 eta=1.9229007720947267 firing_tti_heads=[{'head': 'latency', 'eta_seconds': 115.3740463256836}] playbook=1. Approve: steer ESP underlay to eth0 on PE1 (force_path)
[t+0s] pipeline feed ready — waiting for Decide seed
[t+0s] alert#208208 primary=tunnel_degradation conf=0.55 eta=1.9229007720947267 firing_tti_heads=[{'head': 'latency', 'eta_seconds': 115.3740463256836}] playbook=1. Approve: steer ESP underlay to eth0 on PE1 (force_path)
[t+0s] pipeline feed ready — waiting for Decide seed
[t+0s] alert#208208 primary=tunnel_degradation conf=0.55 eta=1.9229007720947267 firing_tti_heads=[{'head': 'latency', 'eta_seconds': 115.3740463256836}] playbook=1. Approve: steer ESP underlay to eth0 on PE1 (force_path)
[t+0s] pipeline feed ready — waiting for Decide seed
[t+0s] alert#208208 primary=tunnel_degradation conf=0.55 eta=1.9229007720947267 firing_tti_heads=[{'head': 'latency', 'eta_seconds': 115.3740463256836}] playbook=1. Approve: steer ESP underlay to eth0 on PE1 (force_path)
[t+0s] pipeline feed ready — waiting for Decide seed
[t+0s] alert#208208 primary=tunnel_degradation conf=0.55 eta=1.9229007720947267 firing_tti_heads=[{'head': 'latency', 'eta_seconds': 115.3740463256836}] playbook=1. Approve: steer ESP underlay to eth0 on PE1 (force_path)
[t+0s] pipeline feed ready — waiting for Decide seed
[t+0s] alert#208208 primary=tunnel_degradation conf=0.55 eta=1.9229007720947267 firing_tti_heads=[{'head': 'latency', 'eta_seconds': 115.3740463256836}] playbook=1. Approve: steer ESP underlay to eth0 on PE1 (force_path)
[t+0s] pipeline feed ready — waiting for Decide seed
[t+0s] alert#208208 primary=tunnel_degradation conf=0.55 eta=1.9229007720947267 firing_tti_heads=[{'head': 'latency', 'eta_seconds': 115.3740463256836}] playbook=1. Approve: steer ESP underlay to eth0 on PE1 (force_path)
[t+0s] pipeline feed ready — waiting for Decide seed
[t+0s] alert#208208 primary=tunnel_degradation conf=0.55 eta=1.9229007720947267 firing_tti_heads=[{'head': 'latency', 'eta_seconds': 115.3740463256836}] playbook=1. Approve: steer ESP underlay to eth0 on PE1 (force_path)
[t+0s] pipeline feed ready — waiting for Decide seed
[t+0s] alert#208208 primary=tunnel_degradation conf=0.55 eta=1.9229007720947267 firing_tti_heads=[{'head': 'latency', 'eta_seconds': 115.3740463256836}] playbook=1. Approve: steer ESP underlay to eth0 on PE1 (force_path)
[t+0s] pipeline feed ready — waiting for Decide seed
[t+0s] alert#208208 primary=tunnel_degradation conf=0.55 eta=1.9229007720947267 firing_tti_heads=[{'head': 'latency', 'eta_seconds': 115.3740463256836}] playbook=1. Approve: steer ESP underlay to eth0 on PE1 (force_path)
[t+0s] pipeline feed ready — waiting for Decide seed
[t+0s] alert#208208 primary=tunnel_degradation conf=0.55 eta=1.9229007720947267 firing_tti_heads=[{'head': 'latency', 'eta_seconds': 115.3740463256836}] playbook=1. Approve: steer ESP underlay to eth0 on PE1 (force_path)
[t+0s] pipeline feed ready — waiting for Decide seed
[t+0s] alert#208208 primary=tunnel_degradation conf=0.55 eta=1.9229007720947267 firing_tti_heads=[{'head': 'latency', 'eta_seconds': 115.3740463256836}] playbook=1. Approve: steer ESP underlay to eth0 on PE1 (force_path)
[t+0s] pipeline feed ready — waiting for Decide seed
[t+0s] alert#208208 primary=tunnel_degradation conf=0.55 eta=1.9229007720947267 firing_tti_heads=[{'head': 'latency', 'eta_seconds': 115.3740463256836}] playbook=1. Approve: steer ESP underlay to eth0 on PE1 (force_path)
[t+8119s] alert#208209 primary=tunnel_degradation conf=0.5983807547887167 eta=0.5839497884114583 firing_tti_heads=[{'head': 'latency', 'eta_seconds': 35.0369873046875}] playbook=1. Approve: steer ESP underlay to eth0 on PE1 (force_path)
[t+0s] pipeline feed ready — waiting for Decide seed
[t+0s] alert#208209 primary=tunnel_degradation conf=0.5983807547887167 eta=0.5839497884114583 firing_tti_heads=[{'head': 'latency', 'eta_seconds': 35.0369873046875}] playbook=1. Approve: steer ESP underlay to eth0 on PE1 (force_path)
[t+0s] alert#208208 primary=tunnel_degradation conf=0.55 eta=1.9229007720947267 firing_tti_heads=[{'head': 'latency', 'eta_seconds': 115.3740463256836}] playbook=1. Approve: steer ESP underlay to eth0 on PE1 (force_path)
[t+0s] pipeline feed ready — waiting for Decide seed
[t+0s] alert#208209 primary=tunnel_degradation conf=0.5983807547887167 eta=0.5839497884114583 firing_tti_heads=[{'head': 'latency', 'eta_seconds': 35.0369873046875}] playbook=1. Approve: steer ESP underlay to eth0 on PE1 (force_path)
[t+0s] alert#208208 primary=tunnel_degradation conf=0.55 eta=1.9229007720947267 firing_tti_heads=[{'head': 'latency', 'eta_seconds': 115.3740463256836}] playbook=1. Approve: steer ESP underlay to eth0 on PE1 (force_path)
[t+0s] pipeline feed ready — waiting for Decide seed
[t+0s] alert#208209 primary=tunnel_degradation conf=0.5983807547887167 eta=0.5839497884114583 firing_tti_heads=[{'head': 'latency', 'eta_seconds': 35.0369873046875}] playbook=1. Approve: steer ESP underlay to eth0 on PE1 (force_path)
[t+0s] alert#208208 primary=tunnel_degradation conf=0.55 eta=1.9229007720947267 firing_tti_heads=[{'head': 'latency', 'eta_seconds': 115.3740463256836}] playbook=1. Approve: steer ESP underlay to eth0 on PE1 (force_path)
[t+0s] pipeline feed ready — waiting for Decide seed
[t+0s] alert#208209 primary=tunnel_degradation conf=0.5983807547887167 eta=0.5839497884114583 firing_tti_heads=[{'head': 'latency', 'eta_seconds': 35.0369873046875}] playbook=1. Approve: steer ESP underlay to eth0 on PE1 (force_path)
[t+0s] alert#208208 primary=tunnel_degradation conf=0.55 eta=1.9229007720947267 firing_tti_heads=[{'head': 'latency', 'eta_seconds': 115.3740463256836}] playbook=1. Approve: steer ESP underlay to eth0 on PE1 (force_path)
[t+0s] pipeline feed ready — waiting for Decide seed
[t+0s] alert#208209 primary=tunnel_degradation conf=0.5983807547887167 eta=0.5839497884114583 firing_tti_heads=[{'head': 'latency', 'eta_seconds': 35.0369873046875}] playbook=1. Approve: steer ESP underlay to eth0 on PE1 (force_path)
[t+0s] alert#208208 primary=tunnel_degradation conf=0.55 eta=1.9229007720947267 firing_tti_heads=[{'head': 'latency', 'eta_seconds': 115.3740463256836}] playbook=1. Approve: steer ESP underlay to eth0 on PE1 (force_path)
[t+0s] pipeline feed ready — waiting for Decide seed
[t+0s] alert#208209 primary=tunnel_degradation conf=0.5983807547887167 eta=0.5839497884114583 firing_tti_heads=[{'head': 'latency', 'eta_seconds': 35.0369873046875}] playbook=1. Approve: steer ESP underlay to eth0 on PE1 (force_path)
[t+0s] alert#208208 primary=tunnel_degradation conf=0.55 eta=1.9229007720947267 firing_tti_heads=[{'head': 'latency', 'eta_seconds': 115.3740463256836}] playbook=1. Approve: steer ESP underlay to eth0 on PE1 (force_path)
[t+0s] pipeline feed ready — waiting for Decide seed
[t+0s] alert#208209 primary=tunnel_degradation conf=0.5983807547887167 eta=0.5839497884114583 firing_tti_heads=[{'head': 'latency', 'eta_seconds': 35.0369873046875}] playbook=1. Approve: steer ESP underlay to eth0 on PE1 (force_path)
[t+0s] alert#208208 primary=tunnel_degradation conf=0.55 eta=1.9229007720947267 firing_tti_heads=[{'head': 'latency', 'eta_seconds': 115.3740463256836}] playbook=1. Approve: steer ESP underlay to eth0 on PE1 (force_path)
[t+0s] pipeline feed ready — waiting for Decide seed
[t+0s] alert#208209 primary=tunnel_degradation conf=0.5983807547887167 eta=0.5839497884114583 firing_tti_heads=[{'head': 'latency', 'eta_seconds': 35.0369873046875}] playbook=1. Approve: steer ESP underlay to eth0 on PE1 (force_path)
[t+0s] alert#208208 primary=tunnel_degradation conf=0.55 eta=1.9229007720947267 firing_tti_heads=[{'head': 'latency', 'eta_seconds': 115.3740463256836}] playbook=1. Approve: steer ESP underlay to eth0 on PE1 (force_path)
[t+8181s] alert#208210 primary=tunnel_degradation conf=0.602398784160614 eta=0.561281394958496 firing_tti_heads=[{'head': 'latency', 'eta_seconds': 33.676883697509766}] playbook=1. Approve: steer ESP underlay to eth0 on PE1 (force_path)
[t+0s] pipeline feed ready — waiting for Decide seed
[t+0s] alert#208210 primary=tunnel_degradation conf=0.602398784160614 eta=0.561281394958496 firing_tti_heads=[{'head': 'latency', 'eta_seconds': 33.676883697509766}] playbook=1. Approve: steer ESP underlay to eth0 on PE1 (force_path)
[t+0s] alert#208209 primary=tunnel_degradation conf=0.5983807547887167 eta=0.5839497884114583 firing_tti_heads=[{'head': 'latency', 'eta_seconds': 35.0369873046875}] playbook=1. Approve: steer ESP underlay to eth0 on PE1 (force_path)
[t+0s] alert#208208 primary=tunnel_degradation conf=0.55 eta=1.9229007720947267 firing_tti_heads=[{'head': 'latency', 'eta_seconds': 115.3740463256836}] playbook=1. Approve: steer ESP underlay to eth0 on PE1 (force_path)
[t+0s] pipeline feed ready — waiting for Decide seed
[t+0s] alert#208210 primary=tunnel_degradation conf=0.602398784160614 eta=0.561281394958496 firing_tti_heads=[{'head': 'latency', 'eta_seconds': 33.676883697509766}] playbook=1. Approve: steer ESP underlay to eth0 on PE1 (force_path)
[t+0s] alert#208209 primary=tunnel_degradation conf=0.5983807547887167 eta=0.5839497884114583 firing_tti_heads=[{'head': 'latency', 'eta_seconds': 35.0369873046875}] playbook=1. Approve: steer ESP underlay to eth0 on PE1 (force_path)
[t+0s] alert#208208 primary=tunnel_degradation conf=0.55 eta=1.9229007720947267 firing_tti_heads=[{'head': 'latency', 'eta_seconds': 115.3740463256836}] playbook=1. Approve: steer ESP underlay to eth0 on PE1 (force_path)
[t+8199s] Approve complete — inject stopped (steered)
[t+0s] pipeline feed ready — waiting for Decide seed
[t+0s] alert#16 primary=advisory_clear conf=0.517 eta=1.5
[t+0s] alert#14 primary=advisory_clear conf=0.524 eta=1.5
[t+0s] alert#12 primary=advisory_clear conf=0.58 eta=9.4
[t+0s] alert#10 primary=advisory_clear conf=0.554 eta=9.4
[t+0s] alert#9 primary=confirmed_clear conf=0.473 eta=1.5
[t+0s] pipeline feed ready — waiting for Decide seed
[t+0s] alert#16 primary=advisory_clear conf=0.517 eta=1.5
[t+0s] alert#14 primary=advisory_clear conf=0.524 eta=1.5
[t+0s] alert#12 primary=advisory_clear conf=0.58 eta=9.4
[t+0s] alert#10 primary=advisory_clear conf=0.554 eta=9.4
[t+0s] alert#9 primary=confirmed_clear conf=0.473 eta=1.5
[t+0s] pipeline feed ready — waiting for Decide seed
[t+0s] alert#16 primary=advisory_clear conf=0.517 eta=1.5
[t+0s] alert#14 primary=advisory_clear conf=0.524 eta=1.5
[t+0s] alert#12 primary=advisory_clear conf=0.58 eta=9.4
[t+0s] alert#10 primary=advisory_clear conf=0.554 eta=9.4
[t+0s] alert#9 primary=confirmed_clear conf=0.473 eta=1.5
[t+0s] pipeline feed ready — waiting for Decide seed
[t+0s] alert#16 primary=advisory_clear conf=0.517 eta=1.5
[t+0s] alert#14 primary=advisory_clear conf=0.524 eta=1.5
[t+0s] alert#12 primary=advisory_clear conf=0.58 eta=9.4
[t+0s] alert#10 primary=advisory_clear conf=0.554 eta=9.4
[t+0s] alert#9 primary=confirmed_clear conf=0.473 eta=1.5
[t+0s] pipeline feed ready — waiting for Decide seed
[t+0s] alert#16 primary=advisory_clear conf=0.517 eta=1.5
[t+0s] alert#14 primary=advisory_clear conf=0.524 eta=1.5
[t+0s] alert#12 primary=advisory_clear conf=0.58 eta=9.4
[t+0s] alert#10 primary=advisory_clear conf=0.554 eta=9.4
[t+0s] alert#9 primary=confirmed_clear conf=0.473 eta=1.5
[t+0s] pipeline feed ready — waiting for Decide seed
[t+0s] alert#16 primary=advisory_clear conf=0.517 eta=1.5
[t+0s] alert#14 primary=advisory_clear conf=0.524 eta=1.5
[t+0s] alert#12 primary=advisory_clear conf=0.58 eta=9.4
[t+0s] alert#10 primary=advisory_clear conf=0.554 eta=9.4
[t+0s] alert#9 primary=confirmed_clear conf=0.473 eta=1.5
[t+0s] pipeline feed ready — waiting for Decide seed
[t+0s] alert#16 primary=advisory_clear conf=0.517 eta=1.5
[t+0s] alert#14 primary=advisory_clear conf=0.524 eta=1.5
[t+0s] alert#12 primary=advisory_clear conf=0.58 eta=9.4
[t+0s] alert#10 primary=advisory_clear conf=0.554 eta=9.4
[t+0s] alert#9 primary=confirmed_clear conf=0.473 eta=1.5
[t+0s] pipeline feed ready — waiting for Decide seed
[t+0s] alert#16 primary=advisory_clear conf=0.517 eta=1.5
[t+0s] alert#14 primary=advisory_clear conf=0.524 eta=1.5
[t+0s] alert#12 primary=advisory_clear conf=0.58 eta=9.4
[t+0s] alert#10 primary=advisory_clear conf=0.554 eta=9.4
[t+0s] alert#9 primary=confirmed_clear conf=0.473 eta=1.5
[t+0s] pipeline feed ready — waiting for Decide seed
[t+0s] alert#16 primary=advisory_clear conf=0.517 eta=1.5
[t+0s] alert#14 primary=advisory_clear conf=0.524 eta=1.5
[t+0s] alert#12 primary=advisory_clear conf=0.58 eta=9.4
[t+0s] alert#10 primary=advisory_clear conf=0.554 eta=9.4
[t+0s] alert#9 primary=confirmed_clear conf=0.473 eta=1.5
[t+0s] pipeline feed ready — waiting for Decide seed
[t+0s] alert#16 primary=advisory_clear conf=0.517 eta=1.5
[t+0s] alert#14 primary=advisory_clear conf=0.524 eta=1.5
[t+0s] alert#12 primary=advisory_clear conf=0.58 eta=9.4
[t+0s] alert#10 primary=advisory_clear conf=0.554 eta=9.4
[t+0s] alert#9 primary=confirmed_clear conf=0.473 eta=1.5
[t+0s] pipeline feed ready — waiting for Decide seed
[t+0s] alert#16 primary=advisory_clear conf=0.517 eta=1.5
[t+0s] alert#14 primary=advisory_clear conf=0.524 eta=1.5
[t+0s] alert#12 primary=advisory_clear conf=0.58 eta=9.4
[t+0s] alert#10 primary=advisory_clear conf=0.554 eta=9.4
[t+0s] alert#9 primary=confirmed_clear conf=0.473 eta=1.5
[t+0s] pipeline feed ready — waiting for Decide seed
[t+0s] alert#16 primary=advisory_clear conf=0.517 eta=1.5
[t+0s] alert#14 primary=advisory_clear conf=0.524 eta=1.5
[t+0s] alert#12 primary=advisory_clear conf=0.58 eta=9.4
[t+0s] alert#10 primary=advisory_clear conf=0.554 eta=9.4
[t+0s] alert#9 primary=confirmed_clear conf=0.473 eta=1.5
[t+0s] pipeline feed ready — waiting for Decide seed
[t+0s] alert#16 primary=advisory_clear conf=0.517 eta=1.5
[t+0s] alert#14 primary=advisory_clear conf=0.524 eta=1.5
[t+0s] alert#12 primary=advisory_clear conf=0.58 eta=9.4
[t+0s] alert#10 primary=advisory_clear conf=0.554 eta=9.4
[t+0s] alert#9 primary=confirmed_clear conf=0.473 eta=1.5
[t+0s] pipeline feed ready — waiting for Decide seed
[t+0s] alert#16 primary=advisory_clear conf=0.517 eta=1.5
[t+0s] alert#14 primary=advisory_clear conf=0.524 eta=1.5
[t+0s] alert#12 primary=advisory_clear conf=0.58 eta=9.4
[t+0s] alert#10 primary=advisory_clear conf=0.554 eta=9.4
[t+0s] alert#9 primary=confirmed_clear conf=0.473 eta=1.5
[t+0s] pipeline feed ready — waiting for Decide seed
[t+0s] alert#16 primary=advisory_clear conf=0.517 eta=1.5
[t+0s] alert#14 primary=advisory_clear conf=0.524 eta=1.5
[t+0s] alert#12 primary=advisory_clear conf=0.58 eta=9.4
[t+0s] alert#10 primary=advisory_clear conf=0.554 eta=9.4
[t+0s] alert#9 primary=confirmed_clear conf=0.473 eta=1.5
[t+0s] pipeline feed ready — waiting for Decide seed
[t+0s] alert#16 primary=advisory_clear conf=0.517 eta=1.5
[t+0s] alert#14 primary=advisory_clear conf=0.524 eta=1.5
[t+0s] alert#12 primary=advisory_clear conf=0.58 eta=9.4
[t+0s] alert#10 primary=advisory_clear conf=0.554 eta=9.4
[t+0s] alert#9 primary=confirmed_clear conf=0.473 eta=1.5
[t+0s] pipeline feed ready — waiting for Decide seed
[t+0s] alert#16 primary=advisory_clear conf=0.517 eta=1.5
[t+0s] alert#14 primary=advisory_clear conf=0.524 eta=1.5
[t+0s] alert#12 primary=advisory_clear conf=0.58 eta=9.4
[t+0s] alert#10 primary=advisory_clear conf=0.554 eta=9.4
[t+0s] alert#9 primary=confirmed_clear conf=0.473 eta=1.5
[t+0s] pipeline feed ready — waiting for Decide seed
[t+0s] alert#16 primary=advisory_clear conf=0.517 eta=1.5
[t+0s] alert#14 primary=advisory_clear conf=0.524 eta=1.5
[t+0s] alert#12 primary=advisory_clear conf=0.58 eta=9.4
[t+0s] alert#10 primary=advisory_clear conf=0.554 eta=9.4
[t+0s] alert#9 primary=confirmed_clear conf=0.473 eta=1.5
[t+0s] pipeline feed ready — waiting for Decide seed
[t+0s] alert#16 primary=advisory_clear conf=0.517 eta=1.5
[t+0s] alert#14 primary=advisory_clear conf=0.524 eta=1.5
[t+0s] alert#12 primary=advisory_clear conf=0.58 eta=9.4
[t+0s] alert#10 primary=advisory_clear conf=0.554 eta=9.4
[t+0s] alert#9 primary=confirmed_clear conf=0.473 eta=1.5
[t+0s] pipeline feed ready — waiting for Decide seed
[t+0s] alert#16 primary=advisory_clear conf=0.517 eta=1.5
[t+0s] alert#14 primary=advisory_clear conf=0.524 eta=1.5
[t+0s] alert#12 primary=advisory_clear conf=0.58 eta=9.4
[t+0s] alert#10 primary=advisory_clear conf=0.554 eta=9.4
[t+0s] alert#9 primary=confirmed_clear conf=0.473 eta=1.5
[t+0s] pipeline feed ready — waiting for Decide seed
[t+0s] alert#16 primary=advisory_clear conf=0.517 eta=1.5
[t+0s] alert#14 primary=advisory_clear conf=0.524 eta=1.5
[t+0s] alert#12 primary=advisory_clear conf=0.58 eta=9.4
[t+0s] alert#10 primary=advisory_clear conf=0.554 eta=9.4
[t+0s] alert#9 primary=confirmed_clear conf=0.473 eta=1.5
[t+0s] pipeline feed ready — waiting for Decide seed
[t+0s] alert#16 primary=advisory_clear conf=0.517 eta=1.5
[t+0s] alert#14 primary=advisory_clear conf=0.524 eta=1.5
[t+0s] alert#12 primary=advisory_clear conf=0.58 eta=9.4
[t+0s] alert#10 primary=advisory_clear conf=0.554 eta=9.4
[t+0s] alert#9 primary=confirmed_clear conf=0.473 eta=1.5
[t+8366s] seed alert#208211 primary=tunnel_degradation sev=1C from Q1/Q2 — Approve to steer, or wait for auto-collapse
[t+8368s] alert#208211 primary=tunnel_degradation conf=0.55 eta=7.517 playbook=1. Approve: steer ESP underlay to eth0 on PE1 (force_path)
[t+0s] pipeline feed ready — waiting for Decide seed
[t+0s] alert#208211 primary=tunnel_degradation conf=0.55 eta=7.517 playbook=1. Approve: steer ESP underlay to eth0 on PE1 (force_path)
[t+0s] pipeline feed ready — waiting for Decide seed
[t+0s] alert#208211 primary=tunnel_degradation conf=0.55 eta=7.517 playbook=1. Approve: steer ESP underlay to eth0 on PE1 (force_path)
[t+0s] pipeline feed ready — waiting for Decide seed
[t+0s] alert#208211 primary=tunnel_degradation conf=0.55 eta=7.517 playbook=1. Approve: steer ESP underlay to eth0 on PE1 (force_path)
[t+0s] pipeline feed ready — waiting for Decide seed
[t+0s] alert#208211 primary=tunnel_degradation conf=0.55 eta=7.517 playbook=1. Approve: steer ESP underlay to eth0 on PE1 (force_path)
[t+0s] pipeline feed ready — waiting for Decide seed
[t+0s] alert#208211 primary=tunnel_degradation conf=0.55 eta=7.517 playbook=1. Approve: steer ESP underlay to eth0 on PE1 (force_path)
[t+0s] pipeline feed ready — waiting for Decide seed
[t+0s] alert#208212 primary=tunnel_degradation conf=0.55 eta=1.8882718404134116 firing_tti_heads=[{'head': 'latency', 'eta_seconds': 113.29631042480469}] playbook=1. Approve: steer ESP underlay to eth0 on PE1 (force_path)
[t+0s] alert#208211 primary=tunnel_degradation conf=0.55 eta=7.517 playbook=1. Approve: steer ESP underlay to eth0 on PE1 (force_path)
[t+8411s] alert#208212 primary=tunnel_degradation conf=0.55 eta=1.8882718404134116 firing_tti_heads=[{'head': 'latency', 'eta_seconds': 113.29631042480469}] playbook=1. Approve: steer ESP underlay to eth0 on PE1 (force_path)
[t+0s] pipeline feed ready — waiting for Decide seed
[t+0s] alert#208212 primary=tunnel_degradation conf=0.55 eta=1.8882718404134116 firing_tti_heads=[{'head': 'latency', 'eta_seconds': 113.29631042480469}] playbook=1. Approve: steer ESP underlay to eth0 on PE1 (force_path)
[t+0s] alert#208211 primary=tunnel_degradation conf=0.55 eta=7.517 playbook=1. Approve: steer ESP underlay to eth0 on PE1 (force_path)
[t+0s] pipeline feed ready — waiting for Decide seed
[t+0s] alert#208212 primary=tunnel_degradation conf=0.55 eta=1.8882718404134116 firing_tti_heads=[{'head': 'latency', 'eta_seconds': 113.29631042480469}] playbook=1. Approve: steer ESP underlay to eth0 on PE1 (force_path)
[t+0s] alert#208211 primary=tunnel_degradation conf=0.55 eta=7.517 playbook=1. Approve: steer ESP underlay to eth0 on PE1 (force_path)
[t+0s] pipeline feed ready — waiting for Decide seed
[t+0s] alert#208212 primary=tunnel_degradation conf=0.55 eta=1.8882718404134116 firing_tti_heads=[{'head': 'latency', 'eta_seconds': 113.29631042480469}] playbook=1. Approve: steer ESP underlay to eth0 on PE1 (force_path)
[t+0s] alert#208211 primary=tunnel_degradation conf=0.55 eta=7.517 playbook=1. Approve: steer ESP underlay to eth0 on PE1 (force_path)
[t+0s] pipeline feed ready — waiting for Decide seed
[t+0s] alert#208212 primary=tunnel_degradation conf=0.55 eta=1.8882718404134116 firing_tti_heads=[{'head': 'latency', 'eta_seconds': 113.29631042480469}] playbook=1. Approve: steer ESP underlay to eth0 on PE1 (force_path)
[t+0s] alert#208211 primary=tunnel_degradation conf=0.55 eta=7.517 playbook=1. Approve: steer ESP underlay to eth0 on PE1 (force_path)
[t+0s] pipeline feed ready — waiting for Decide seed
[t+0s] alert#208212 primary=tunnel_degradation conf=0.55 eta=1.8882718404134116 firing_tti_heads=[{'head': 'latency', 'eta_seconds': 113.29631042480469}] playbook=1. Approve: steer ESP underlay to eth0 on PE1 (force_path)
[t+0s] alert#208211 primary=tunnel_degradation conf=0.55 eta=7.517 playbook=1. Approve: steer ESP underlay to eth0 on PE1 (force_path)
[t+0s] pipeline feed ready — waiting for Decide seed
[t+0s] alert#208212 primary=tunnel_degradation conf=0.55 eta=1.8882718404134116 firing_tti_heads=[{'head': 'latency', 'eta_seconds': 113.29631042480469}] playbook=1. Approve: steer ESP underlay to eth0 on PE1 (force_path)
[t+0s] alert#208211 primary=tunnel_degradation conf=0.55 eta=7.517 playbook=1. Approve: steer ESP underlay to eth0 on PE1 (force_path)
[t+0s] pipeline feed ready — waiting for Decide seed
[t+0s] alert#208212 primary=tunnel_degradation conf=0.55 eta=1.8882718404134116 firing_tti_heads=[{'head': 'latency', 'eta_seconds': 113.29631042480469}] playbook=1. Approve: steer ESP underlay to eth0 on PE1 (force_path)
[t+0s] alert#208211 primary=tunnel_degradation conf=0.55 eta=7.517 playbook=1. Approve: steer ESP underlay to eth0 on PE1 (force_path)
[t+8469s] alert#208213 primary=tunnel_degradation conf=0.6360902959108352 eta=0.6255191802978516 firing_tti_heads=[{'head': 'latency', 'eta_seconds': 37.531150817871094}] playbook=1. Approve: steer ESP underlay to eth0 on PE1 (force_path)
[t+0s] pipeline feed ready — waiting for Decide seed
[t+0s] alert#208213 primary=tunnel_degradation conf=0.6360902959108352 eta=0.6255191802978516 firing_tti_heads=[{'head': 'latency', 'eta_seconds': 37.531150817871094}] playbook=1. Approve: steer ESP underlay to eth0 on PE1 (force_path)
[t+0s] alert#208212 primary=tunnel_degradation conf=0.55 eta=1.8882718404134116 firing_tti_heads=[{'head': 'latency', 'eta_seconds': 113.29631042480469}] playbook=1. Approve: steer ESP underlay to eth0 on PE1 (force_path)
[t+0s] alert#208211 primary=tunnel_degradation conf=0.55 eta=7.517 playbook=1. Approve: steer ESP underlay to eth0 on PE1 (force_path)
[t+0s] pipeline feed ready — waiting for Decide seed
[t+0s] alert#208213 primary=tunnel_degradation conf=0.6360902959108352 eta=0.6255191802978516 firing_tti_heads=[{'head': 'latency', 'eta_seconds': 37.531150817871094}] playbook=1. Approve: steer ESP underlay to eth0 on PE1 (force_path)
[t+0s] alert#208212 primary=tunnel_degradation conf=0.55 eta=1.8882718404134116 firing_tti_heads=[{'head': 'latency', 'eta_seconds': 113.29631042480469}] playbook=1. Approve: steer ESP underlay to eth0 on PE1 (force_path)
[t+0s] alert#208211 primary=tunnel_degradation conf=0.55 eta=7.517 playbook=1. Approve: steer ESP underlay to eth0 on PE1 (force_path)
[t+0s] pipeline feed ready — waiting for Decide seed
[t+0s] alert#208213 primary=tunnel_degradation conf=0.6360902959108352 eta=0.6255191802978516 firing_tti_heads=[{'head': 'latency', 'eta_seconds': 37.531150817871094}] playbook=1. Approve: steer ESP underlay to eth0 on PE1 (force_path)
[t+0s] alert#208212 primary=tunnel_degradation conf=0.55 eta=1.8882718404134116 firing_tti_heads=[{'head': 'latency', 'eta_seconds': 113.29631042480469}] playbook=1. Approve: steer ESP underlay to eth0 on PE1 (force_path)
[t+0s] alert#208211 primary=tunnel_degradation conf=0.55 eta=7.517 playbook=1. Approve: steer ESP underlay to eth0 on PE1 (force_path)
[t+0s] pipeline feed ready — waiting for Decide seed
[t+0s] alert#208213 primary=tunnel_degradation conf=0.6360902959108352 eta=0.6255191802978516 firing_tti_heads=[{'head': 'latency', 'eta_seconds': 37.531150817871094}] playbook=1. Approve: steer ESP underlay to eth0 on PE1 (force_path)
[t+0s] alert#208212 primary=tunnel_degradation conf=0.55 eta=1.8882718404134116 firing_tti_heads=[{'head': 'latency', 'eta_seconds': 113.29631042480469}] playbook=1. Approve: steer ESP underlay to eth0 on PE1 (force_path)
[t+0s] alert#208211 primary=tunnel_degradation conf=0.55 eta=7.517 playbook=1. Approve: steer ESP underlay to eth0 on PE1 (force_path)
[t+8498s] alerts resolved — idle (operator_clear)
[t+0s] pipeline feed ready — waiting for Decide seed
[t+0s] alert#16 primary=advisory_clear conf=0.517 eta=1.5
[t+0s] alert#14 primary=advisory_clear conf=0.524 eta=1.5
[t+0s] alert#12 primary=advisory_clear conf=0.58 eta=9.4
[t+0s] alert#10 primary=advisory_clear conf=0.554 eta=9.4
[t+0s] alert#9 primary=confirmed_clear conf=0.473 eta=1.5
[t+0s] pipeline feed ready — waiting for Decide seed
[t+0s] alert#16 primary=advisory_clear conf=0.517 eta=1.5
[t+0s] alert#14 primary=advisory_clear conf=0.524 eta=1.5
[t+0s] alert#12 primary=advisory_clear conf=0.58 eta=9.4
[t+0s] alert#10 primary=advisory_clear conf=0.554 eta=9.4
[t+0s] alert#9 primary=confirmed_clear conf=0.473 eta=1.5
[t+0s] pipeline feed ready — waiting for Decide seed
[t+0s] alert#16 primary=advisory_clear conf=0.517 eta=1.5
[t+0s] alert#14 primary=advisory_clear conf=0.524 eta=1.5
[t+0s] alert#12 primary=advisory_clear conf=0.58 eta=9.4
[t+0s] alert#10 primary=advisory_clear conf=0.554 eta=9.4
[t+0s] alert#9 primary=confirmed_clear conf=0.473 eta=1.5
[t+0s] pipeline feed ready — waiting for Decide seed
[t+0s] alert#16 primary=advisory_clear conf=0.517 eta=1.5
[t+0s] alert#14 primary=advisory_clear conf=0.524 eta=1.5
[t+0s] alert#12 primary=advisory_clear conf=0.58 eta=9.4
[t+0s] alert#10 primary=advisory_clear conf=0.554 eta=9.4
[t+0s] alert#9 primary=confirmed_clear conf=0.473 eta=1.5
[t+0s] pipeline feed ready — waiting for Decide seed
[t+0s] alert#16 primary=advisory_clear conf=0.517 eta=1.5
[t+0s] alert#14 primary=advisory_clear conf=0.524 eta=1.5
[t+0s] alert#12 primary=advisory_clear conf=0.58 eta=9.4
[t+0s] alert#10 primary=advisory_clear conf=0.554 eta=9.4
[t+0s] alert#9 primary=confirmed_clear conf=0.473 eta=1.5
[t+0s] pipeline feed ready — waiting for Decide seed
[t+0s] alert#16 primary=advisory_clear conf=0.517 eta=1.5
[t+0s] alert#14 primary=advisory_clear conf=0.524 eta=1.5
[t+0s] alert#12 primary=advisory_clear conf=0.58 eta=9.4
[t+0s] alert#10 primary=advisory_clear conf=0.554 eta=9.4
[t+0s] alert#9 primary=confirmed_clear conf=0.473 eta=1.5
[t+0s] pipeline feed ready — waiting for Decide seed
[t+0s] alert#16 primary=advisory_clear conf=0.517 eta=1.5
[t+0s] alert#14 primary=advisory_clear conf=0.524 eta=1.5
[t+0s] alert#12 primary=advisory_clear conf=0.58 eta=9.4
[t+0s] alert#10 primary=advisory_clear conf=0.554 eta=9.4
[t+0s] alert#9 primary=confirmed_clear conf=0.473 eta=1.5
[t+0s] pipeline feed ready — waiting for Decide seed
[t+0s] alert#16 primary=advisory_clear conf=0.517 eta=1.5
[t+0s] alert#14 primary=advisory_clear conf=0.524 eta=1.5
[t+0s] alert#12 primary=advisory_clear conf=0.58 eta=9.4
[t+0s] alert#10 primary=advisory_clear conf=0.554 eta=9.4
[t+0s] alert#9 primary=confirmed_clear conf=0.473 eta=1.5
[t+0s] pipeline feed ready — waiting for Decide seed
[t+0s] alert#16 primary=advisory_clear conf=0.517 eta=1.5
[t+0s] alert#14 primary=advisory_clear conf=0.524 eta=1.5
[t+0s] alert#12 primary=advisory_clear conf=0.58 eta=9.4
[t+0s] alert#10 primary=advisory_clear conf=0.554 eta=9.4
[t+0s] alert#9 primary=confirmed_clear conf=0.473 eta=1.5
[t+0s] pipeline feed ready — waiting for Decide seed
[t+0s] alert#16 primary=advisory_clear conf=0.517 eta=1.5
[t+0s] alert#14 primary=advisory_clear conf=0.524 eta=1.5
[t+0s] alert#12 primary=advisory_clear conf=0.58 eta=9.4
[t+0s] alert#10 primary=advisory_clear conf=0.554 eta=9.4
[t+0s] alert#9 primary=confirmed_clear conf=0.473 eta=1.5
[t+0s] pipeline feed ready — waiting for Decide seed
[t+0s] alert#16 primary=advisory_clear conf=0.517 eta=1.5
[t+0s] alert#14 primary=advisory_clear conf=0.524 eta=1.5
[t+0s] alert#12 primary=advisory_clear conf=0.58 eta=9.4
[t+0s] alert#10 primary=advisory_clear conf=0.554 eta=9.4
[t+0s] alert#9 primary=confirmed_clear conf=0.473 eta=1.5
[t+0s] pipeline feed ready — waiting for Decide seed
[t+0s] alert#16 primary=advisory_clear conf=0.517 eta=1.5
[t+0s] alert#14 primary=advisory_clear conf=0.524 eta=1.5
[t+0s] alert#12 primary=advisory_clear conf=0.58 eta=9.4
[t+0s] alert#10 primary=advisory_clear conf=0.554 eta=9.4
[t+0s] alert#9 primary=confirmed_clear conf=0.473 eta=1.5
[t+0s] pipeline feed ready — waiting for Decide seed
[t+0s] alert#16 primary=advisory_clear conf=0.517 eta=1.5
[t+0s] alert#14 primary=advisory_clear conf=0.524 eta=1.5
[t+0s] alert#12 primary=advisory_clear conf=0.58 eta=9.4
[t+0s] alert#10 primary=advisory_clear conf=0.554 eta=9.4
[t+0s] alert#9 primary=confirmed_clear conf=0.473 eta=1.5
[t+0s] pipeline feed ready — waiting for Decide seed
[t+0s] alert#16 primary=advisory_clear conf=0.517 eta=1.5
[t+0s] alert#14 primary=advisory_clear conf=0.524 eta=1.5
[t+0s] alert#12 primary=advisory_clear conf=0.58 eta=9.4
[t+0s] alert#10 primary=advisory_clear conf=0.554 eta=9.4
[t+0s] alert#9 primary=confirmed_clear conf=0.473 eta=1.5
[t+8603s] seed alert#208214 primary=congestion_breach sev=2B from Q1/Q2 — Approve to steer, or wait for auto-collapse
[t+0s] pipeline feed ready — waiting for Decide seed
[t+0s] alert#208214 primary=congestion_breach conf=0.718 eta=6.954 playbook=1. Approve: steer ESP underlay to eth0 on PE1 (force_path)
[t+8604s] alert#208214 primary=congestion_breach conf=0.718 eta=6.954 playbook=1. Approve: steer ESP underlay to eth0 on PE1 (force_path)
[t+0s] pipeline feed ready — waiting for Decide seed
[t+0s] alert#208214 primary=congestion_breach conf=0.718 eta=6.954 playbook=1. Approve: steer ESP underlay to eth0 on PE1 (force_path)
[t+0s] pipeline feed ready — waiting for Decide seed
[t+0s] alert#208214 primary=congestion_breach conf=0.718 eta=6.954 playbook=1. Approve: steer ESP underlay to eth0 on PE1 (force_path)
[t+0s] pipeline feed ready — waiting for Decide seed
[t+0s] alert#208214 primary=congestion_breach conf=0.718 eta=6.954 playbook=1. Approve: steer ESP underlay to eth0 on PE1 (force_path)
[t+0s] pipeline feed ready — waiting for Decide seed
[t+0s] alert#208214 primary=congestion_breach conf=0.718 eta=6.954 playbook=1. Approve: steer ESP underlay to eth0 on PE1 (force_path)
[t+0s] pipeline feed ready — waiting for Decide seed
[t+0s] alert#208214 primary=congestion_breach conf=0.718 eta=6.954 playbook=1. Approve: steer ESP underlay to eth0 on PE1 (force_path)
[t+0s] pipeline feed ready — waiting for Decide seed
[t+0s] alert#208214 primary=congestion_breach conf=0.718 eta=6.954 playbook=1. Approve: steer ESP underlay to eth0 on PE1 (force_path)
[t+0s] pipeline feed ready — waiting for Decide seed
[t+0s] alert#208214 primary=congestion_breach conf=0.718 eta=6.954 playbook=1. Approve: steer ESP underlay to eth0 on PE1 (force_path)
[t+0s] pipeline feed ready — waiting for Decide seed
[t+0s] alert#208214 primary=congestion_breach conf=0.718 eta=6.954 playbook=1. Approve: steer ESP underlay to eth0 on PE1 (force_path)
[t+0s] pipeline feed ready — waiting for Decide seed
[t+0s] alert#208214 primary=congestion_breach conf=0.718 eta=6.954 playbook=1. Approve: steer ESP underlay to eth0 on PE1 (force_path)
[t+0s] pipeline feed ready — waiting for Decide seed
[t+0s] alert#208214 primary=congestion_breach conf=0.718 eta=6.954 playbook=1. Approve: steer ESP underlay to eth0 on PE1 (force_path)
[t+0s] pipeline feed ready — waiting for Decide seed
[t+0s] alert#208214 primary=congestion_breach conf=0.718 eta=6.954 playbook=1. Approve: steer ESP underlay to eth0 on PE1 (force_path)
[t+0s] pipeline feed ready — waiting for Decide seed
[t+0s] alert#208214 primary=congestion_breach conf=0.718 eta=6.954 playbook=1. Approve: steer ESP underlay to eth0 on PE1 (force_path)
[t+0s] pipeline feed ready — waiting for Decide seed
[t+0s] alert#208214 primary=congestion_breach conf=0.718 eta=6.954 playbook=1. Approve: steer ESP underlay to eth0 on PE1 (force_path)
[t+0s] pipeline feed ready — waiting for Decide seed
[t+0s] alert#208214 primary=congestion_breach conf=0.718 eta=6.954 playbook=1. Approve: steer ESP underlay to eth0 on PE1 (force_path)
[t+0s] pipeline feed ready — waiting for Decide seed
[t+0s] alert#208214 primary=congestion_breach conf=0.718 eta=6.954 playbook=1. Approve: steer ESP underlay to eth0 on PE1 (force_path)
[t+0s] pipeline feed ready — waiting for Decide seed
[t+0s] alert#208214 primary=congestion_breach conf=0.718 eta=6.954 playbook=1. Approve: steer ESP underlay to eth0 on PE1 (force_path)
[t+0s] pipeline feed ready — waiting for Decide seed
[t+0s] alert#16 primary=advisory_clear conf=0.517 eta=1.5
[t+0s] alert#14 primary=advisory_clear conf=0.524 eta=1.5
[t+0s] alert#12 primary=advisory_clear conf=0.58 eta=9.4
[t+0s] alert#10 primary=advisory_clear conf=0.554 eta=9.4
[t+0s] alert#9 primary=confirmed_clear conf=0.473 eta=1.5
[t+8726s] alerts resolved — idle (operator_clear)
[t+0s] pipeline feed ready — waiting for Decide seed
[t+0s] alert#16 primary=advisory_clear conf=0.517 eta=1.5
[t+0s] alert#14 primary=advisory_clear conf=0.524 eta=1.5
[t+0s] alert#12 primary=advisory_clear conf=0.58 eta=9.4
[t+0s] alert#10 primary=advisory_clear conf=0.554 eta=9.4
[t+0s] alert#9 primary=confirmed_clear conf=0.473 eta=1.5
[t+0s] pipeline feed ready — waiting for Decide seed
[t+0s] alert#16 primary=advisory_clear conf=0.517 eta=1.5
[t+0s] alert#14 primary=advisory_clear conf=0.524 eta=1.5
[t+0s] alert#12 primary=advisory_clear conf=0.58 eta=9.4
[t+0s] alert#10 primary=advisory_clear conf=0.554 eta=9.4
[t+0s] alert#9 primary=confirmed_clear conf=0.473 eta=1.5
[t+0s] pipeline feed ready — waiting for Decide seed
[t+0s] alert#16 primary=advisory_clear conf=0.517 eta=1.5
[t+0s] alert#14 primary=advisory_clear conf=0.524 eta=1.5
[t+0s] alert#12 primary=advisory_clear conf=0.58 eta=9.4
[t+0s] alert#10 primary=advisory_clear conf=0.554 eta=9.4
[t+0s] alert#9 primary=confirmed_clear conf=0.473 eta=1.5
[t+0s] pipeline feed ready — waiting for Decide seed
[t+0s] alert#16 primary=advisory_clear conf=0.517 eta=1.5
[t+0s] alert#14 primary=advisory_clear conf=0.524 eta=1.5
[t+0s] alert#12 primary=advisory_clear conf=0.58 eta=9.4
[t+0s] alert#10 primary=advisory_clear conf=0.554 eta=9.4
[t+0s] alert#9 primary=confirmed_clear conf=0.473 eta=1.5
[t+0s] pipeline feed ready — waiting for Decide seed
[t+0s] alert#16 primary=advisory_clear conf=0.517 eta=1.5
[t+0s] alert#14 primary=advisory_clear conf=0.524 eta=1.5
[t+0s] alert#12 primary=advisory_clear conf=0.58 eta=9.4
[t+0s] alert#10 primary=advisory_clear conf=0.554 eta=9.4
[t+0s] alert#9 primary=confirmed_clear conf=0.473 eta=1.5
[t+0s] pipeline feed ready — waiting for Decide seed
[t+0s] alert#16 primary=advisory_clear conf=0.517 eta=1.5
[t+0s] alert#14 primary=advisory_clear conf=0.524 eta=1.5
[t+0s] alert#12 primary=advisory_clear conf=0.58 eta=9.4
[t+0s] alert#10 primary=advisory_clear conf=0.554 eta=9.4
[t+0s] alert#9 primary=confirmed_clear conf=0.473 eta=1.5
[t+0s] pipeline feed ready — waiting for Decide seed
[t+0s] alert#16 primary=advisory_clear conf=0.517 eta=1.5
[t+0s] alert#14 primary=advisory_clear conf=0.524 eta=1.5
[t+0s] alert#12 primary=advisory_clear conf=0.58 eta=9.4
[t+0s] alert#10 primary=advisory_clear conf=0.554 eta=9.4
[t+0s] alert#9 primary=confirmed_clear conf=0.473 eta=1.5
[t+0s] pipeline feed ready — waiting for Decide seed
[t+0s] alert#16 primary=advisory_clear conf=0.517 eta=1.5
[t+0s] alert#14 primary=advisory_clear conf=0.524 eta=1.5
[t+0s] alert#12 primary=advisory_clear conf=0.58 eta=9.4
[t+0s] alert#10 primary=advisory_clear conf=0.554 eta=9.4
[t+0s] alert#9 primary=confirmed_clear conf=0.473 eta=1.5
[t+0s] pipeline feed ready — waiting for Decide seed
[t+0s] alert#16 primary=advisory_clear conf=0.517 eta=1.5
[t+0s] alert#14 primary=advisory_clear conf=0.524 eta=1.5
[t+0s] alert#12 primary=advisory_clear conf=0.58 eta=9.4
[t+0s] alert#10 primary=advisory_clear conf=0.554 eta=9.4
[t+0s] alert#9 primary=confirmed_clear conf=0.473 eta=1.5
[t+0s] pipeline feed ready — waiting for Decide seed
[t+0s] alert#16 primary=advisory_clear conf=0.517 eta=1.5
[t+0s] alert#14 primary=advisory_clear conf=0.524 eta=1.5
[t+0s] alert#12 primary=advisory_clear conf=0.58 eta=9.4
[t+0s] alert#10 primary=advisory_clear conf=0.554 eta=9.4
[t+0s] alert#9 primary=confirmed_clear conf=0.473 eta=1.5
[t+0s] pipeline feed ready — waiting for Decide seed
[t+0s] alert#16 primary=advisory_clear conf=0.517 eta=1.5
[t+0s] alert#14 primary=advisory_clear conf=0.524 eta=1.5
[t+0s] alert#12 primary=advisory_clear conf=0.58 eta=9.4
[t+0s] alert#10 primary=advisory_clear conf=0.554 eta=9.4
[t+0s] alert#9 primary=confirmed_clear conf=0.473 eta=1.5
[t+0s] pipeline feed ready — waiting for Decide seed
[t+0s] alert#16 primary=advisory_clear conf=0.517 eta=1.5
[t+0s] alert#14 primary=advisory_clear conf=0.524 eta=1.5
[t+0s] alert#12 primary=advisory_clear conf=0.58 eta=9.4
[t+0s] alert#10 primary=advisory_clear conf=0.554 eta=9.4
[t+0s] alert#9 primary=confirmed_clear conf=0.473 eta=1.5
[t+0s] pipeline feed ready — waiting for Decide seed
[t+0s] alert#16 primary=advisory_clear conf=0.517 eta=1.5
[t+0s] alert#14 primary=advisory_clear conf=0.524 eta=1.5
[t+0s] alert#12 primary=advisory_clear conf=0.58 eta=9.4
[t+0s] alert#10 primary=advisory_clear conf=0.554 eta=9.4
[t+0s] alert#9 primary=confirmed_clear conf=0.473 eta=1.5
[t+0s] pipeline feed ready — waiting for Decide seed
[t+0s] alert#16 primary=advisory_clear conf=0.517 eta=1.5
[t+0s] alert#14 primary=advisory_clear conf=0.524 eta=1.5
[t+0s] alert#12 primary=advisory_clear conf=0.58 eta=9.4
[t+0s] alert#10 primary=advisory_clear conf=0.554 eta=9.4
[t+0s] alert#9 primary=confirmed_clear conf=0.473 eta=1.5
[t+0s] pipeline feed ready — waiting for Decide seed
[t+0s] alert#16 primary=advisory_clear conf=0.517 eta=1.5
[t+0s] alert#14 primary=advisory_clear conf=0.524 eta=1.5
[t+0s] alert#12 primary=advisory_clear conf=0.58 eta=9.4
[t+0s] alert#10 primary=advisory_clear conf=0.554 eta=9.4
[t+0s] alert#9 primary=confirmed_clear conf=0.473 eta=1.5
[t+0s] pipeline feed ready — waiting for Decide seed
[t+0s] alert#16 primary=advisory_clear conf=0.517 eta=1.5
[t+0s] alert#14 primary=advisory_clear conf=0.524 eta=1.5
[t+0s] alert#12 primary=advisory_clear conf=0.58 eta=9.4
[t+0s] alert#10 primary=advisory_clear conf=0.554 eta=9.4
[t+0s] alert#9 primary=confirmed_clear conf=0.473 eta=1.5
[t+0s] pipeline feed ready — waiting for Decide seed
[t+0s] alert#16 primary=advisory_clear conf=0.517 eta=1.5
[t+0s] alert#14 primary=advisory_clear conf=0.524 eta=1.5
[t+0s] alert#12 primary=advisory_clear conf=0.58 eta=9.4
[t+0s] alert#10 primary=advisory_clear conf=0.554 eta=9.4
[t+0s] alert#9 primary=confirmed_clear conf=0.473 eta=1.5
[t+0s] pipeline feed ready — waiting for Decide seed
[t+0s] alert#16 primary=advisory_clear conf=0.517 eta=1.5
[t+0s] alert#14 primary=advisory_clear conf=0.524 eta=1.5
[t+0s] alert#12 primary=advisory_clear conf=0.58 eta=9.4
[t+0s] alert#10 primary=advisory_clear conf=0.554 eta=9.4
[t+0s] alert#9 primary=confirmed_clear conf=0.473 eta=1.5
[t+0s] pipeline feed ready — waiting for Decide seed
[t+0s] alert#16 primary=advisory_clear conf=0.517 eta=1.5
[t+0s] alert#14 primary=advisory_clear conf=0.524 eta=1.5
[t+0s] alert#12 primary=advisory_clear conf=0.58 eta=9.4
[t+0s] alert#10 primary=advisory_clear conf=0.554 eta=9.4
[t+0s] alert#9 primary=confirmed_clear conf=0.473 eta=1.5
[t+0s] pipeline feed ready — waiting for Decide seed
[t+0s] alert#16 primary=advisory_clear conf=0.517 eta=1.5
[t+0s] alert#14 primary=advisory_clear conf=0.524 eta=1.5
[t+0s] alert#12 primary=advisory_clear conf=0.58 eta=9.4
[t+0s] alert#10 primary=advisory_clear conf=0.554 eta=9.4
[t+0s] alert#9 primary=confirmed_clear conf=0.473 eta=1.5
[t+0s] pipeline feed ready — waiting for Decide seed
[t+0s] alert#16 primary=advisory_clear conf=0.517 eta=1.5
[t+0s] alert#14 primary=advisory_clear conf=0.524 eta=1.5
[t+0s] alert#12 primary=advisory_clear conf=0.58 eta=9.4
[t+0s] alert#10 primary=advisory_clear conf=0.554 eta=9.4
[t+0s] alert#9 primary=confirmed_clear conf=0.473 eta=1.5
[t+0s] pipeline feed ready — waiting for Decide seed
[t+0s] alert#16 primary=advisory_clear conf=0.517 eta=1.5
[t+0s] alert#14 primary=advisory_clear conf=0.524 eta=1.5
[t+0s] alert#12 primary=advisory_clear conf=0.58 eta=9.4
[t+0s] alert#10 primary=advisory_clear conf=0.554 eta=9.4
[t+0s] alert#9 primary=confirmed_clear conf=0.473 eta=1.5
[t+0s] pipeline feed ready — waiting for Decide seed
[t+0s] alert#16 primary=advisory_clear conf=0.517 eta=1.5
[t+0s] alert#14 primary=advisory_clear conf=0.524 eta=1.5
[t+0s] alert#12 primary=advisory_clear conf=0.58 eta=9.4
[t+0s] alert#10 primary=advisory_clear conf=0.554 eta=9.4
[t+0s] alert#9 primary=confirmed_clear conf=0.473 eta=1.5
[t+0s] pipeline feed ready — waiting for Decide seed
[t+0s] alert#16 primary=advisory_clear conf=0.517 eta=1.5
[t+0s] alert#14 primary=advisory_clear conf=0.524 eta=1.5
[t+0s] alert#12 primary=advisory_clear conf=0.58 eta=9.4
[t+0s] alert#10 primary=advisory_clear conf=0.554 eta=9.4
[t+0s] alert#9 primary=confirmed_clear conf=0.473 eta=1.5
[t+0s] pipeline feed ready — waiting for Decide seed
[t+0s] alert#16 primary=advisory_clear conf=0.517 eta=1.5
[t+0s] alert#14 primary=advisory_clear conf=0.524 eta=1.5
[t+0s] alert#12 primary=advisory_clear conf=0.58 eta=9.4
[t+0s] alert#10 primary=advisory_clear conf=0.554 eta=9.4
[t+0s] alert#9 primary=confirmed_clear conf=0.473 eta=1.5
[t+0s] pipeline feed ready — waiting for Decide seed
[t+0s] alert#16 primary=advisory_clear conf=0.517 eta=1.5
[t+0s] alert#14 primary=advisory_clear conf=0.524 eta=1.5
[t+0s] alert#12 primary=advisory_clear conf=0.58 eta=9.4
[t+0s] alert#10 primary=advisory_clear conf=0.554 eta=9.4
[t+0s] alert#9 primary=confirmed_clear conf=0.473 eta=1.5
[t+0s] pipeline feed ready — waiting for Decide seed
[t+0s] alert#16 primary=advisory_clear conf=0.517 eta=1.5
[t+0s] alert#14 primary=advisory_clear conf=0.524 eta=1.5
[t+0s] alert#12 primary=advisory_clear conf=0.58 eta=9.4
[t+0s] alert#10 primary=advisory_clear conf=0.554 eta=9.4
[t+0s] alert#9 primary=confirmed_clear conf=0.473 eta=1.5
[t+0s] pipeline feed ready — waiting for Decide seed
[t+0s] alert#16 primary=advisory_clear conf=0.517 eta=1.5
[t+0s] alert#14 primary=advisory_clear conf=0.524 eta=1.5
[t+0s] alert#12 primary=advisory_clear conf=0.58 eta=9.4
[t+0s] alert#10 primary=advisory_clear conf=0.554 eta=9.4
[t+0s] alert#9 primary=confirmed_clear conf=0.473 eta=1.5
[t+0s] pipeline feed ready — waiting for Decide seed
[t+0s] alert#16 primary=advisory_clear conf=0.517 eta=1.5
[t+0s] alert#14 primary=advisory_clear conf=0.524 eta=1.5
[t+0s] alert#12 primary=advisory_clear conf=0.58 eta=9.4
[t+0s] alert#10 primary=advisory_clear conf=0.554 eta=9.4
[t+0s] alert#9 primary=confirmed_clear conf=0.473 eta=1.5
[t+0s] pipeline feed ready — waiting for Decide seed
[t+0s] alert#16 primary=advisory_clear conf=0.517 eta=1.5
[t+0s] alert#14 primary=advisory_clear conf=0.524 eta=1.5
[t+0s] alert#12 primary=advisory_clear conf=0.58 eta=9.4
[t+0s] alert#10 primary=advisory_clear conf=0.554 eta=9.4
[t+0s] alert#9 primary=confirmed_clear conf=0.473 eta=1.5
[t+0s] pipeline feed ready — waiting for Decide seed
[t+0s] alert#16 primary=advisory_clear conf=0.517 eta=1.5
[t+0s] alert#14 primary=advisory_clear conf=0.524 eta=1.5
[t+0s] alert#12 primary=advisory_clear conf=0.58 eta=9.4
[t+0s] alert#10 primary=advisory_clear conf=0.554 eta=9.4
[t+0s] alert#9 primary=confirmed_clear conf=0.473 eta=1.5
[t+0s] pipeline feed ready — waiting for Decide seed
[t+0s] alert#16 primary=advisory_clear conf=0.517 eta=1.5
[t+0s] alert#14 primary=advisory_clear conf=0.524 eta=1.5
[t+0s] alert#12 primary=advisory_clear conf=0.58 eta=9.4
[t+0s] alert#10 primary=advisory_clear conf=0.554 eta=9.4
[t+0s] alert#9 primary=confirmed_clear conf=0.473 eta=1.5
[t+0s] pipeline feed ready — waiting for Decide seed
[t+0s] alert#16 primary=advisory_clear conf=0.517 eta=1.5
[t+0s] alert#14 primary=advisory_clear conf=0.524 eta=1.5
[t+0s] alert#12 primary=advisory_clear conf=0.58 eta=9.4
[t+0s] alert#10 primary=advisory_clear conf=0.554 eta=9.4
[t+0s] alert#9 primary=confirmed_clear conf=0.473 eta=1.5
[t+0s] pipeline feed ready — waiting for Decide seed
[t+0s] alert#16 primary=advisory_clear conf=0.517 eta=1.5
[t+0s] alert#14 primary=advisory_clear conf=0.524 eta=1.5
[t+0s] alert#12 primary=advisory_clear conf=0.58 eta=9.4
[t+0s] alert#10 primary=advisory_clear conf=0.554 eta=9.4
[t+0s] alert#9 primary=confirmed_clear conf=0.473 eta=1.5
[t+0s] pipeline feed ready — waiting for Decide seed
[t+0s] alert#16 primary=advisory_clear conf=0.517 eta=1.5
[t+0s] alert#14 primary=advisory_clear conf=0.524 eta=1.5
[t+0s] alert#12 primary=advisory_clear conf=0.58 eta=9.4
[t+0s] alert#10 primary=advisory_clear conf=0.554 eta=9.4
[t+0s] alert#9 primary=confirmed_clear conf=0.473 eta=1.5
[t+0s] pipeline feed ready — waiting for Decide seed
[t+0s] alert#16 primary=advisory_clear conf=0.517 eta=1.5
[t+0s] alert#14 primary=advisory_clear conf=0.524 eta=1.5
[t+0s] alert#12 primary=advisory_clear conf=0.58 eta=9.4
[t+0s] alert#10 primary=advisory_clear conf=0.554 eta=9.4
[t+0s] alert#9 primary=confirmed_clear conf=0.473 eta=1.5
[t+0s] pipeline feed ready — waiting for Decide seed
[t+0s] alert#16 primary=advisory_clear conf=0.517 eta=1.5
[t+0s] alert#14 primary=advisory_clear conf=0.524 eta=1.5
[t+0s] alert#12 primary=advisory_clear conf=0.58 eta=9.4
[t+0s] alert#10 primary=advisory_clear conf=0.554 eta=9.4
[t+0s] alert#9 primary=confirmed_clear conf=0.473 eta=1.5
[t+0s] pipeline feed ready — waiting for Decide seed
[t+0s] alert#16 primary=advisory_clear conf=0.517 eta=1.5
[t+0s] alert#14 primary=advisory_clear conf=0.524 eta=1.5
[t+0s] alert#12 primary=advisory_clear conf=0.58 eta=9.4
[t+0s] alert#10 primary=advisory_clear conf=0.554 eta=9.4
[t+0s] alert#9 primary=confirmed_clear conf=0.473 eta=1.5
[t+0s] pipeline feed ready — waiting for Decide seed
[t+0s] alert#16 primary=advisory_clear conf=0.517 eta=1.5
[t+0s] alert#14 primary=advisory_clear conf=0.524 eta=1.5
[t+0s] alert#12 primary=advisory_clear conf=0.58 eta=9.4
[t+0s] alert#10 primary=advisory_clear conf=0.554 eta=9.4
[t+0s] alert#9 primary=confirmed_clear conf=0.473 eta=1.5
[t+0s] pipeline feed ready — waiting for Decide seed
[t+0s] alert#16 primary=advisory_clear conf=0.517 eta=1.5
[t+0s] alert#14 primary=advisory_clear conf=0.524 eta=1.5
[t+0s] alert#12 primary=advisory_clear conf=0.58 eta=9.4
[t+0s] alert#10 primary=advisory_clear conf=0.554 eta=9.4
[t+0s] alert#9 primary=confirmed_clear conf=0.473 eta=1.5
[t+0s] pipeline feed ready — waiting for Decide seed
[t+0s] alert#16 primary=advisory_clear conf=0.517 eta=1.5
[t+0s] alert#14 primary=advisory_clear conf=0.524 eta=1.5
[t+0s] alert#12 primary=advisory_clear conf=0.58 eta=9.4
[t+0s] alert#10 primary=advisory_clear conf=0.554 eta=9.4
[t+0s] alert#9 primary=confirmed_clear conf=0.473 eta=1.5
[t+0s] pipeline feed ready — waiting for Decide seed
[t+0s] alert#16 primary=advisory_clear conf=0.517 eta=1.5
[t+0s] alert#14 primary=advisory_clear conf=0.524 eta=1.5
[t+0s] alert#12 primary=advisory_clear conf=0.58 eta=9.4
[t+0s] alert#10 primary=advisory_clear conf=0.554 eta=9.4
[t+0s] alert#9 primary=confirmed_clear conf=0.473 eta=1.5
[t+0s] pipeline feed ready — waiting for Decide seed
[t+0s] alert#16 primary=advisory_clear conf=0.517 eta=1.5
[t+0s] alert#14 primary=advisory_clear conf=0.524 eta=1.5
[t+0s] alert#12 primary=advisory_clear conf=0.58 eta=9.4
[t+0s] alert#10 primary=advisory_clear conf=0.554 eta=9.4
[t+0s] alert#9 primary=confirmed_clear conf=0.473 eta=1.5
[t+0s] pipeline feed ready — waiting for Decide seed
[t+0s] alert#16 primary=advisory_clear conf=0.517 eta=1.5
[t+0s] alert#14 primary=advisory_clear conf=0.524 eta=1.5
[t+0s] alert#12 primary=advisory_clear conf=0.58 eta=9.4
[t+0s] alert#10 primary=advisory_clear conf=0.554 eta=9.4
[t+0s] alert#9 primary=confirmed_clear conf=0.473 eta=1.5
[t+0s] pipeline feed ready — waiting for Decide seed
[t+0s] alert#16 primary=advisory_clear conf=0.517 eta=1.5
[t+0s] alert#14 primary=advisory_clear conf=0.524 eta=1.5
[t+0s] alert#12 primary=advisory_clear conf=0.58 eta=9.4
[t+0s] alert#10 primary=advisory_clear conf=0.554 eta=9.4
[t+0s] alert#9 primary=confirmed_clear conf=0.473 eta=1.5
[t+0s] pipeline feed ready — waiting for Decide seed
[t+0s] alert#16 primary=advisory_clear conf=0.517 eta=1.5
[t+0s] alert#14 primary=advisory_clear conf=0.524 eta=1.5
[t+0s] alert#12 primary=advisory_clear conf=0.58 eta=9.4
[t+0s] alert#10 primary=advisory_clear conf=0.554 eta=9.4
[t+0s] alert#9 primary=confirmed_clear conf=0.473 eta=1.5
[t+0s] pipeline feed ready — waiting for Decide seed
[t+0s] alert#16 primary=advisory_clear conf=0.517 eta=1.5
[t+0s] alert#14 primary=advisory_clear conf=0.524 eta=1.5
[t+0s] alert#12 primary=advisory_clear conf=0.58 eta=9.4
[t+0s] alert#10 primary=advisory_clear conf=0.554 eta=9.4
[t+0s] alert#9 primary=confirmed_clear conf=0.473 eta=1.5
[t+0s] pipeline feed ready — waiting for Decide seed
[t+0s] alert#16 primary=advisory_clear conf=0.517 eta=1.5
[t+0s] alert#14 primary=advisory_clear conf=0.524 eta=1.5
[t+0s] alert#12 primary=advisory_clear conf=0.58 eta=9.4
[t+0s] alert#10 primary=advisory_clear conf=0.554 eta=9.4
[t+0s] alert#9 primary=confirmed_clear conf=0.473 eta=1.5
[t+0s] pipeline feed ready — waiting for Decide seed
[t+0s] alert#16 primary=advisory_clear conf=0.517 eta=1.5
[t+0s] alert#14 primary=advisory_clear conf=0.524 eta=1.5
[t+0s] alert#12 primary=advisory_clear conf=0.58 eta=9.4
[t+0s] alert#10 primary=advisory_clear conf=0.554 eta=9.4
[t+0s] alert#9 primary=confirmed_clear conf=0.473 eta=1.5
[t+0s] pipeline feed ready — waiting for Decide seed
[t+0s] alert#16 primary=advisory_clear conf=0.517 eta=1.5
[t+0s] alert#14 primary=advisory_clear conf=0.524 eta=1.5
[t+0s] alert#12 primary=advisory_clear conf=0.58 eta=9.4
[t+0s] alert#10 primary=advisory_clear conf=0.554 eta=9.4
[t+0s] alert#9 primary=confirmed_clear conf=0.473 eta=1.5
[t+0s] pipeline feed ready — waiting for Decide seed
[t+0s] alert#16 primary=advisory_clear conf=0.517 eta=1.5
[t+0s] alert#14 primary=advisory_clear conf=0.524 eta=1.5
[t+0s] alert#12 primary=advisory_clear conf=0.58 eta=9.4
[t+0s] alert#10 primary=advisory_clear conf=0.554 eta=9.4
[t+0s] alert#9 primary=confirmed_clear conf=0.473 eta=1.5
[t+0s] pipeline feed ready — waiting for Decide seed
[t+0s] alert#16 primary=advisory_clear conf=0.517 eta=1.5
[t+0s] alert#14 primary=advisory_clear conf=0.524 eta=1.5
[t+0s] alert#12 primary=advisory_clear conf=0.58 eta=9.4
[t+0s] alert#10 primary=advisory_clear conf=0.554 eta=9.4
[t+0s] alert#9 primary=confirmed_clear conf=0.473 eta=1.5
[t+0s] pipeline feed ready — waiting for Decide seed
[t+0s] alert#16 primary=advisory_clear conf=0.517 eta=1.5
[t+0s] alert#14 primary=advisory_clear conf=0.524 eta=1.5
[t+0s] alert#12 primary=advisory_clear conf=0.58 eta=9.4
[t+0s] alert#10 primary=advisory_clear conf=0.554 eta=9.4
[t+0s] alert#9 primary=confirmed_clear conf=0.473 eta=1.5
[t+0s] pipeline feed ready — waiting for Decide seed
[t+0s] alert#16 primary=advisory_clear conf=0.517 eta=1.5
[t+0s] alert#14 primary=advisory_clear conf=0.524 eta=1.5
[t+0s] alert#12 primary=advisory_clear conf=0.58 eta=9.4
[t+0s] alert#10 primary=advisory_clear conf=0.554 eta=9.4
[t+0s] alert#9 primary=confirmed_clear conf=0.473 eta=1.5
[t+0s] pipeline feed ready — waiting for Decide seed
[t+0s] alert#16 primary=advisory_clear conf=0.517 eta=1.5
[t+0s] alert#14 primary=advisory_clear conf=0.524 eta=1.5
[t+0s] alert#12 primary=advisory_clear conf=0.58 eta=9.4
[t+0s] alert#10 primary=advisory_clear conf=0.554 eta=9.4
[t+0s] alert#9 primary=confirmed_clear conf=0.473 eta=1.5
[t+0s] pipeline feed ready — waiting for Decide seed
[t+0s] alert#16 primary=advisory_clear conf=0.517 eta=1.5
[t+0s] alert#14 primary=advisory_clear conf=0.524 eta=1.5
[t+0s] alert#12 primary=advisory_clear conf=0.58 eta=9.4
[t+0s] alert#10 primary=advisory_clear conf=0.554 eta=9.4
[t+0s] alert#9 primary=confirmed_clear conf=0.473 eta=1.5
[t+0s] pipeline feed ready — waiting for Decide seed
[t+0s] alert#16 primary=advisory_clear conf=0.517 eta=1.5
[t+0s] alert#14 primary=advisory_clear conf=0.524 eta=1.5
[t+0s] alert#12 primary=advisory_clear conf=0.58 eta=9.4
[t+0s] alert#10 primary=advisory_clear conf=0.554 eta=9.4
[t+0s] alert#9 primary=confirmed_clear conf=0.473 eta=1.5
[t+0s] pipeline feed ready — waiting for Decide seed
[t+0s] alert#16 primary=advisory_clear conf=0.517 eta=1.5
[t+0s] alert#14 primary=advisory_clear conf=0.524 eta=1.5
[t+0s] alert#12 primary=advisory_clear conf=0.58 eta=9.4
[t+0s] alert#10 primary=advisory_clear conf=0.554 eta=9.4
[t+0s] alert#9 primary=confirmed_clear conf=0.473 eta=1.5
[t+0s] pipeline feed ready — waiting for Decide seed
[t+0s] alert#16 primary=advisory_clear conf=0.517 eta=1.5
[t+0s] alert#14 primary=advisory_clear conf=0.524 eta=1.5
[t+0s] alert#12 primary=advisory_clear conf=0.58 eta=9.4
[t+0s] alert#10 primary=advisory_clear conf=0.554 eta=9.4
[t+0s] alert#9 primary=confirmed_clear conf=0.473 eta=1.5
[t+0s] pipeline feed ready — waiting for Decide seed
[t+0s] alert#16 primary=advisory_clear conf=0.517 eta=1.5
[t+0s] alert#14 primary=advisory_clear conf=0.524 eta=1.5
[t+0s] alert#12 primary=advisory_clear conf=0.58 eta=9.4
[t+0s] alert#10 primary=advisory_clear conf=0.554 eta=9.4
[t+0s] alert#9 primary=confirmed_clear conf=0.473 eta=1.5
[t+0s] pipeline feed ready — waiting for Decide seed
[t+0s] alert#16 primary=advisory_clear conf=0.517 eta=1.5
[t+0s] alert#14 primary=advisory_clear conf=0.524 eta=1.5
[t+0s] alert#12 primary=advisory_clear conf=0.58 eta=9.4
[t+0s] alert#10 primary=advisory_clear conf=0.554 eta=9.4
[t+0s] alert#9 primary=confirmed_clear conf=0.473 eta=1.5
[t+0s] pipeline feed ready — waiting for Decide seed
[t+0s] alert#16 primary=advisory_clear conf=0.517 eta=1.5
[t+0s] alert#14 primary=advisory_clear conf=0.524 eta=1.5
[t+0s] alert#12 primary=advisory_clear conf=0.58 eta=9.4
[t+0s] alert#10 primary=advisory_clear conf=0.554 eta=9.4
[t+0s] alert#9 primary=confirmed_clear conf=0.473 eta=1.5
[t+0s] pipeline feed ready — waiting for Decide seed
[t+0s] alert#16 primary=advisory_clear conf=0.517 eta=1.5
[t+0s] alert#14 primary=advisory_clear conf=0.524 eta=1.5
[t+0s] alert#12 primary=advisory_clear conf=0.58 eta=9.4
[t+0s] alert#10 primary=advisory_clear conf=0.554 eta=9.4
[t+0s] alert#9 primary=confirmed_clear conf=0.473 eta=1.5
[t+0s] pipeline feed ready — waiting for Decide seed
[t+0s] alert#16 primary=advisory_clear conf=0.517 eta=1.5
[t+0s] alert#14 primary=advisory_clear conf=0.524 eta=1.5
[t+0s] alert#12 primary=advisory_clear conf=0.58 eta=9.4
[t+0s] alert#10 primary=advisory_clear conf=0.554 eta=9.4
[t+0s] alert#9 primary=confirmed_clear conf=0.473 eta=1.5
[t+0s] pipeline feed ready — waiting for Decide seed
[t+0s] alert#16 primary=advisory_clear conf=0.517 eta=1.5
[t+0s] alert#14 primary=advisory_clear conf=0.524 eta=1.5
[t+0s] alert#12 primary=advisory_clear conf=0.58 eta=9.4
[t+0s] alert#10 primary=advisory_clear conf=0.554 eta=9.4
[t+0s] alert#9 primary=confirmed_clear conf=0.473 eta=1.5
[t+0s] pipeline feed ready — waiting for Decide seed
[t+0s] alert#16 primary=advisory_clear conf=0.517 eta=1.5
[t+0s] alert#14 primary=advisory_clear conf=0.524 eta=1.5
[t+0s] alert#12 primary=advisory_clear conf=0.58 eta=9.4
[t+0s] alert#10 primary=advisory_clear conf=0.554 eta=9.4
[t+0s] alert#9 primary=confirmed_clear conf=0.473 eta=1.5
[t+0s] pipeline feed ready — waiting for Decide seed
[t+0s] alert#16 primary=advisory_clear conf=0.517 eta=1.5
[t+0s] alert#14 primary=advisory_clear conf=0.524 eta=1.5
[t+0s] alert#12 primary=advisory_clear conf=0.58 eta=9.4
[t+0s] alert#10 primary=advisory_clear conf=0.554 eta=9.4
[t+0s] alert#9 primary=confirmed_clear conf=0.473 eta=1.5
[t+0s] pipeline feed ready — waiting for Decide seed
[t+0s] alert#16 primary=advisory_clear conf=0.517 eta=1.5
[t+0s] alert#14 primary=advisory_clear conf=0.524 eta=1.5
[t+0s] alert#12 primary=advisory_clear conf=0.58 eta=9.4
[t+0s] alert#10 primary=advisory_clear conf=0.554 eta=9.4
[t+0s] alert#9 primary=confirmed_clear conf=0.473 eta=1.5
[t+0s] pipeline feed ready — waiting for Decide seed
[t+0s] alert#16 primary=advisory_clear conf=0.517 eta=1.5
[t+0s] alert#14 primary=advisory_clear conf=0.524 eta=1.5
[t+0s] alert#12 primary=advisory_clear conf=0.58 eta=9.4
[t+0s] alert#10 primary=advisory_clear conf=0.554 eta=9.4
[t+0s] alert#9 primary=confirmed_clear conf=0.473 eta=1.5
[t+0s] pipeline feed ready — waiting for Decide seed
[t+0s] alert#16 primary=advisory_clear conf=0.517 eta=1.5
[t+0s] alert#14 primary=advisory_clear conf=0.524 eta=1.5
[t+0s] alert#12 primary=advisory_clear conf=0.58 eta=9.4
[t+0s] alert#10 primary=advisory_clear conf=0.554 eta=9.4
[t+0s] alert#9 primary=confirmed_clear conf=0.473 eta=1.5
[t+0s] pipeline feed ready — waiting for Decide seed
[t+0s] alert#16 primary=advisory_clear conf=0.517 eta=1.5
[t+0s] alert#14 primary=advisory_clear conf=0.524 eta=1.5
[t+0s] alert#12 primary=advisory_clear conf=0.58 eta=9.4
[t+0s] alert#10 primary=advisory_clear conf=0.554 eta=9.4
[t+0s] alert#9 primary=confirmed_clear conf=0.473 eta=1.5
[t+0s] pipeline feed ready — waiting for Decide seed
[t+0s] alert#16 primary=advisory_clear conf=0.517 eta=1.5
[t+0s] alert#14 primary=advisory_clear conf=0.524 eta=1.5
[t+0s] alert#12 primary=advisory_clear conf=0.58 eta=9.4
[t+0s] alert#10 primary=advisory_clear conf=0.554 eta=9.4
[t+0s] alert#9 primary=confirmed_clear conf=0.473 eta=1.5
[t+0s] pipeline feed ready — waiting for Decide seed
[t+0s] alert#16 primary=advisory_clear conf=0.517 eta=1.5
[t+0s] alert#14 primary=advisory_clear conf=0.524 eta=1.5
[t+0s] alert#12 primary=advisory_clear conf=0.58 eta=9.4
[t+0s] alert#10 primary=advisory_clear conf=0.554 eta=9.4
[t+0s] alert#9 primary=confirmed_clear conf=0.473 eta=1.5
[t+0s] pipeline feed ready — waiting for Decide seed
[t+0s] alert#16 primary=advisory_clear conf=0.517 eta=1.5
[t+0s] alert#14 primary=advisory_clear conf=0.524 eta=1.5
[t+0s] alert#12 primary=advisory_clear conf=0.58 eta=9.4
[t+0s] alert#10 primary=advisory_clear conf=0.554 eta=9.4
[t+0s] alert#9 primary=confirmed_clear conf=0.473 eta=1.5
[t+0s] pipeline feed ready — waiting for Decide seed
[t+0s] alert#16 primary=advisory_clear conf=0.517 eta=1.5
[t+0s] alert#14 primary=advisory_clear conf=0.524 eta=1.5
[t+0s] alert#12 primary=advisory_clear conf=0.58 eta=9.4
[t+0s] alert#10 primary=advisory_clear conf=0.554 eta=9.4
[t+0s] alert#9 primary=confirmed_clear conf=0.473 eta=1.5
[t+0s] pipeline feed ready — waiting for Decide seed
[t+0s] alert#16 primary=advisory_clear conf=0.517 eta=1.5
[t+0s] alert#14 primary=advisory_clear conf=0.524 eta=1.5
[t+0s] alert#12 primary=advisory_clear conf=0.58 eta=9.4
[t+0s] alert#10 primary=advisory_clear conf=0.554 eta=9.4
[t+0s] alert#9 primary=confirmed_clear conf=0.473 eta=1.5
[t+0s] pipeline feed ready — waiting for Decide seed
[t+0s] alert#16 primary=advisory_clear conf=0.517 eta=1.5
[t+0s] alert#14 primary=advisory_clear conf=0.524 eta=1.5
[t+0s] alert#12 primary=advisory_clear conf=0.58 eta=9.4
[t+0s] alert#10 primary=advisory_clear conf=0.554 eta=9.4
[t+0s] alert#9 primary=confirmed_clear conf=0.473 eta=1.5
[t+0s] pipeline feed ready — waiting for Decide seed
[t+0s] alert#16 primary=advisory_clear conf=0.517 eta=1.5
[t+0s] alert#14 primary=advisory_clear conf=0.524 eta=1.5
[t+0s] alert#12 primary=advisory_clear conf=0.58 eta=9.4
[t+0s] alert#10 primary=advisory_clear conf=0.554 eta=9.4
[t+0s] alert#9 primary=confirmed_clear conf=0.473 eta=1.5
[t+0s] pipeline feed ready — waiting for Decide seed
[t+0s] alert#16 primary=advisory_clear conf=0.517 eta=1.5
[t+0s] alert#14 primary=advisory_clear conf=0.524 eta=1.5
[t+0s] alert#12 primary=advisory_clear conf=0.58 eta=9.4
[t+0s] alert#10 primary=advisory_clear conf=0.554 eta=9.4
[t+0s] alert#9 primary=confirmed_clear conf=0.473 eta=1.5
[t+0s] pipeline feed ready — waiting for Decide seed
[t+0s] alert#16 primary=advisory_clear conf=0.517 eta=1.5
[t+0s] alert#14 primary=advisory_clear conf=0.524 eta=1.5
[t+0s] alert#12 primary=advisory_clear conf=0.58 eta=9.4
[t+0s] alert#10 primary=advisory_clear conf=0.554 eta=9.4
[t+0s] alert#9 primary=confirmed_clear conf=0.473 eta=1.5
[t+0s] pipeline feed ready — waiting for Decide seed
[t+0s] alert#16 primary=advisory_clear conf=0.517 eta=1.5
[t+0s] alert#14 primary=advisory_clear conf=0.524 eta=1.5
[t+0s] alert#12 primary=advisory_clear conf=0.58 eta=9.4
[t+0s] alert#10 primary=advisory_clear conf=0.554 eta=9.4
[t+0s] alert#9 primary=confirmed_clear conf=0.473 eta=1.5
[t+0s] pipeline feed ready — waiting for Decide seed
[t+0s] alert#16 primary=advisory_clear conf=0.517 eta=1.5
[t+0s] alert#14 primary=advisory_clear conf=0.524 eta=1.5
[t+0s] alert#12 primary=advisory_clear conf=0.58 eta=9.4
[t+0s] alert#10 primary=advisory_clear conf=0.554 eta=9.4
[t+0s] alert#9 primary=confirmed_clear conf=0.473 eta=1.5
[t+0s] pipeline feed ready — waiting for Decide seed
[t+0s] alert#16 primary=advisory_clear conf=0.517 eta=1.5
[t+0s] alert#14 primary=advisory_clear conf=0.524 eta=1.5
[t+0s] alert#12 primary=advisory_clear conf=0.58 eta=9.4
[t+0s] alert#10 primary=advisory_clear conf=0.554 eta=9.4
[t+0s] alert#9 primary=confirmed_clear conf=0.473 eta=1.5
[t+0s] pipeline feed ready — waiting for Decide seed
[t+0s] alert#16 primary=advisory_clear conf=0.517 eta=1.5
[t+0s] alert#14 primary=advisory_clear conf=0.524 eta=1.5
[t+0s] alert#12 primary=advisory_clear conf=0.58 eta=9.4
[t+0s] alert#10 primary=advisory_clear conf=0.554 eta=9.4
[t+0s] alert#9 primary=confirmed_clear conf=0.473 eta=1.5
[t+0s] pipeline feed ready — waiting for Decide seed
[t+0s] alert#16 primary=advisory_clear conf=0.517 eta=1.5
[t+0s] alert#14 primary=advisory_clear conf=0.524 eta=1.5
[t+0s] alert#12 primary=advisory_clear conf=0.58 eta=9.4
[t+0s] alert#10 primary=advisory_clear conf=0.554 eta=9.4
[t+0s] alert#9 primary=confirmed_clear conf=0.473 eta=1.5
[t+0s] pipeline feed ready — waiting for Decide seed
[t+0s] alert#16 primary=advisory_clear conf=0.517 eta=1.5
[t+0s] alert#14 primary=advisory_clear conf=0.524 eta=1.5
[t+0s] alert#12 primary=advisory_clear conf=0.58 eta=9.4
[t+0s] alert#10 primary=advisory_clear conf=0.554 eta=9.4
[t+0s] alert#9 primary=confirmed_clear conf=0.473 eta=1.5
[t+0s] pipeline feed ready — waiting for Decide seed
[t+0s] alert#16 primary=advisory_clear conf=0.517 eta=1.5
[t+0s] alert#14 primary=advisory_clear conf=0.524 eta=1.5
[t+0s] alert#12 primary=advisory_clear conf=0.58 eta=9.4
[t+0s] alert#10 primary=advisory_clear conf=0.554 eta=9.4
[t+0s] alert#9 primary=confirmed_clear conf=0.473 eta=1.5
[t+0s] pipeline feed ready — waiting for Decide seed
[t+0s] alert#16 primary=advisory_clear conf=0.517 eta=1.5
[t+0s] alert#14 primary=advisory_clear conf=0.524 eta=1.5
[t+0s] alert#12 primary=advisory_clear conf=0.58 eta=9.4
[t+0s] alert#10 primary=advisory_clear conf=0.554 eta=9.4
[t+0s] alert#9 primary=confirmed_clear conf=0.473 eta=1.5
[t+0s] pipeline feed ready — waiting for Decide seed
[t+0s] alert#16 primary=advisory_clear conf=0.517 eta=1.5
[t+0s] alert#14 primary=advisory_clear conf=0.524 eta=1.5
[t+0s] alert#12 primary=advisory_clear conf=0.58 eta=9.4
[t+0s] alert#10 primary=advisory_clear conf=0.554 eta=9.4
[t+0s] alert#9 primary=confirmed_clear conf=0.473 eta=1.5
[t+0s] pipeline feed ready — waiting for Decide seed
[t+0s] alert#16 primary=advisory_clear conf=0.517 eta=1.5
[t+0s] alert#14 primary=advisory_clear conf=0.524 eta=1.5
[t+0s] alert#12 primary=advisory_clear conf=0.58 eta=9.4
[t+0s] alert#10 primary=advisory_clear conf=0.554 eta=9.4
[t+0s] alert#9 primary=confirmed_clear conf=0.473 eta=1.5
[t+0s] pipeline feed ready — waiting for Decide seed
[t+0s] alert#16 primary=advisory_clear conf=0.517 eta=1.5
[t+0s] alert#14 primary=advisory_clear conf=0.524 eta=1.5
[t+0s] alert#12 primary=advisory_clear conf=0.58 eta=9.4
[t+0s] alert#10 primary=advisory_clear conf=0.554 eta=9.4
[t+0s] alert#9 primary=confirmed_clear conf=0.473 eta=1.5
[t+0s] pipeline feed ready — waiting for Decide seed
[t+0s] alert#16 primary=advisory_clear conf=0.517 eta=1.5
[t+0s] alert#14 primary=advisory_clear conf=0.524 eta=1.5
[t+0s] alert#12 primary=advisory_clear conf=0.58 eta=9.4
[t+0s] alert#10 primary=advisory_clear conf=0.554 eta=9.4
[t+0s] alert#9 primary=confirmed_clear conf=0.473 eta=1.5
[t+0s] pipeline feed ready — waiting for Decide seed
[t+0s] alert#16 primary=advisory_clear conf=0.517 eta=1.5
[t+0s] alert#14 primary=advisory_clear conf=0.524 eta=1.5
[t+0s] alert#12 primary=advisory_clear conf=0.58 eta=9.4
[t+0s] alert#10 primary=advisory_clear conf=0.554 eta=9.4
[t+0s] alert#9 primary=confirmed_clear conf=0.473 eta=1.5
[t+0s] pipeline feed ready — waiting for Decide seed
[t+0s] alert#16 primary=advisory_clear conf=0.517 eta=1.5
[t+0s] alert#14 primary=advisory_clear conf=0.524 eta=1.5
[t+0s] alert#12 primary=advisory_clear conf=0.58 eta=9.4
[t+0s] alert#10 primary=advisory_clear conf=0.554 eta=9.4
[t+0s] alert#9 primary=confirmed_clear conf=0.473 eta=1.5
[t+0s] pipeline feed ready — waiting for Decide seed
[t+0s] alert#16 primary=advisory_clear conf=0.517 eta=1.5
[t+0s] alert#14 primary=advisory_clear conf=0.524 eta=1.5
[t+0s] alert#12 primary=advisory_clear conf=0.58 eta=9.4
[t+0s] alert#10 primary=advisory_clear conf=0.554 eta=9.4
[t+0s] alert#9 primary=confirmed_clear conf=0.473 eta=1.5
[t+0s] pipeline feed ready — waiting for Decide seed
[t+0s] alert#16 primary=advisory_clear conf=0.517 eta=1.5
[t+0s] alert#14 primary=advisory_clear conf=0.524 eta=1.5
[t+0s] alert#12 primary=advisory_clear conf=0.58 eta=9.4
[t+0s] alert#10 primary=advisory_clear conf=0.554 eta=9.4
[t+0s] alert#9 primary=confirmed_clear conf=0.473 eta=1.5
[t+0s] pipeline feed ready — waiting for Decide seed
[t+0s] alert#16 primary=advisory_clear conf=0.517 eta=1.5
[t+0s] alert#14 primary=advisory_clear conf=0.524 eta=1.5
[t+0s] alert#12 primary=advisory_clear conf=0.58 eta=9.4
[t+0s] alert#10 primary=advisory_clear conf=0.554 eta=9.4
[t+0s] alert#9 primary=confirmed_clear conf=0.473 eta=1.5
[t+0s] pipeline feed ready — waiting for Decide seed
[t+0s] alert#16 primary=advisory_clear conf=0.517 eta=1.5
[t+0s] alert#14 primary=advisory_clear conf=0.524 eta=1.5
[t+0s] alert#12 primary=advisory_clear conf=0.58 eta=9.4
[t+0s] alert#10 primary=advisory_clear conf=0.554 eta=9.4
[t+0s] alert#9 primary=confirmed_clear conf=0.473 eta=1.5
[t+0s] pipeline feed ready — waiting for Decide seed
[t+0s] alert#16 primary=advisory_clear conf=0.517 eta=1.5
[t+0s] alert#14 primary=advisory_clear conf=0.524 eta=1.5
[t+0s] alert#12 primary=advisory_clear conf=0.58 eta=9.4
[t+0s] alert#10 primary=advisory_clear conf=0.554 eta=9.4
[t+0s] alert#9 primary=confirmed_clear conf=0.473 eta=1.5
[t+0s] pipeline feed ready — waiting for Decide seed
[t+0s] alert#16 primary=advisory_clear conf=0.517 eta=1.5
[t+0s] alert#14 primary=advisory_clear conf=0.524 eta=1.5
[t+0s] alert#12 primary=advisory_clear conf=0.58 eta=9.4
[t+0s] alert#10 primary=advisory_clear conf=0.554 eta=9.4
[t+0s] alert#9 primary=confirmed_clear conf=0.473 eta=1.5
[t+0s] pipeline feed ready — waiting for Decide seed
[t+0s] alert#16 primary=advisory_clear conf=0.517 eta=1.5
[t+0s] alert#14 primary=advisory_clear conf=0.524 eta=1.5
[t+0s] alert#12 primary=advisory_clear conf=0.58 eta=9.4
[t+0s] alert#10 primary=advisory_clear conf=0.554 eta=9.4
[t+0s] alert#9 primary=confirmed_clear conf=0.473 eta=1.5
[t+0s] pipeline feed ready — waiting for Decide seed
[t+0s] alert#16 primary=advisory_clear conf=0.517 eta=1.5
[t+0s] alert#14 primary=advisory_clear conf=0.524 eta=1.5
[t+0s] alert#12 primary=advisory_clear conf=0.58 eta=9.4
[t+0s] alert#10 primary=advisory_clear conf=0.554 eta=9.4
[t+0s] alert#9 primary=confirmed_clear conf=0.473 eta=1.5
[t+0s] pipeline feed ready — waiting for Decide seed
[t+0s] alert#16 primary=advisory_clear conf=0.517 eta=1.5
[t+0s] alert#14 primary=advisory_clear conf=0.524 eta=1.5
[t+0s] alert#12 primary=advisory_clear conf=0.58 eta=9.4
[t+0s] alert#10 primary=advisory_clear conf=0.554 eta=9.4
[t+0s] alert#9 primary=confirmed_clear conf=0.473 eta=1.5
[t+0s] pipeline feed ready — waiting for Decide seed
[t+0s] alert#16 primary=advisory_clear conf=0.517 eta=1.5
[t+0s] alert#14 primary=advisory_clear conf=0.524 eta=1.5
[t+0s] alert#12 primary=advisory_clear conf=0.58 eta=9.4
[t+0s] alert#10 primary=advisory_clear conf=0.554 eta=9.4
[t+0s] alert#9 primary=confirmed_clear conf=0.473 eta=1.5
[t+0s] pipeline feed ready — waiting for Decide seed
[t+0s] alert#16 primary=advisory_clear conf=0.517 eta=1.5
[t+0s] alert#14 primary=advisory_clear conf=0.524 eta=1.5
[t+0s] alert#12 primary=advisory_clear conf=0.58 eta=9.4
[t+0s] alert#10 primary=advisory_clear conf=0.554 eta=9.4
[t+0s] alert#9 primary=confirmed_clear conf=0.473 eta=1.5
[t+0s] pipeline feed ready — waiting for Decide seed
[t+0s] alert#16 primary=advisory_clear conf=0.517 eta=1.5
[t+0s] alert#14 primary=advisory_clear conf=0.524 eta=1.5
[t+0s] alert#12 primary=advisory_clear conf=0.58 eta=9.4
[t+0s] alert#10 primary=advisory_clear conf=0.554 eta=9.4
[t+0s] alert#9 primary=confirmed_clear conf=0.473 eta=1.5
[t+0s] pipeline feed ready — waiting for Decide seed
[t+0s] alert#16 primary=advisory_clear conf=0.517 eta=1.5
[t+0s] alert#14 primary=advisory_clear conf=0.524 eta=1.5
[t+0s] alert#12 primary=advisory_clear conf=0.58 eta=9.4
[t+0s] alert#10 primary=advisory_clear conf=0.554 eta=9.4
[t+0s] alert#9 primary=confirmed_clear conf=0.473 eta=1.5
[t+0s] pipeline feed ready — waiting for Decide seed
[t+0s] alert#16 primary=advisory_clear conf=0.517 eta=1.5
[t+0s] alert#14 primary=advisory_clear conf=0.524 eta=1.5
[t+0s] alert#12 primary=advisory_clear conf=0.58 eta=9.4
[t+0s] alert#10 primary=advisory_clear conf=0.554 eta=9.4
[t+0s] alert#9 primary=confirmed_clear conf=0.473 eta=1.5
[t+0s] pipeline feed ready — waiting for Decide seed
[t+0s] alert#16 primary=advisory_clear conf=0.517 eta=1.5
[t+0s] alert#14 primary=advisory_clear conf=0.524 eta=1.5
[t+0s] alert#12 primary=advisory_clear conf=0.58 eta=9.4
[t+0s] alert#10 primary=advisory_clear conf=0.554 eta=9.4
[t+0s] alert#9 primary=confirmed_clear conf=0.473 eta=1.5
[t+0s] pipeline feed ready — waiting for Decide seed
[t+0s] alert#16 primary=advisory_clear conf=0.517 eta=1.5
[t+0s] alert#14 primary=advisory_clear conf=0.524 eta=1.5
[t+0s] alert#12 primary=advisory_clear conf=0.58 eta=9.4
[t+0s] alert#10 primary=advisory_clear conf=0.554 eta=9.4
[t+0s] alert#9 primary=confirmed_clear conf=0.473 eta=1.5
[t+0s] pipeline feed ready — waiting for Decide seed
[t+0s] alert#16 primary=advisory_clear conf=0.517 eta=1.5
[t+0s] alert#14 primary=advisory_clear conf=0.524 eta=1.5
[t+0s] alert#12 primary=advisory_clear conf=0.58 eta=9.4
[t+0s] alert#10 primary=advisory_clear conf=0.554 eta=9.4
[t+0s] alert#9 primary=confirmed_clear conf=0.473 eta=1.5
[t+0s] pipeline feed ready — waiting for Decide seed
[t+0s] alert#16 primary=advisory_clear conf=0.517 eta=1.5
[t+0s] alert#14 primary=advisory_clear conf=0.524 eta=1.5
[t+0s] alert#12 primary=advisory_clear conf=0.58 eta=9.4
[t+0s] alert#10 primary=advisory_clear conf=0.554 eta=9.4
[t+0s] alert#9 primary=confirmed_clear conf=0.473 eta=1.5
[t+0s] pipeline feed ready — waiting for Decide seed
[t+0s] alert#16 primary=advisory_clear conf=0.517 eta=1.5
[t+0s] alert#14 primary=advisory_clear conf=0.524 eta=1.5
[t+0s] alert#12 primary=advisory_clear conf=0.58 eta=9.4
[t+0s] alert#10 primary=advisory_clear conf=0.554 eta=9.4
[t+0s] alert#9 primary=confirmed_clear conf=0.473 eta=1.5
[t+0s] pipeline feed ready — waiting for Decide seed
[t+0s] alert#16 primary=advisory_clear conf=0.517 eta=1.5
[t+0s] alert#14 primary=advisory_clear conf=0.524 eta=1.5
[t+0s] alert#12 primary=advisory_clear conf=0.58 eta=9.4
[t+0s] alert#10 primary=advisory_clear conf=0.554 eta=9.4
[t+0s] alert#9 primary=confirmed_clear conf=0.473 eta=1.5
[t+0s] pipeline feed ready — waiting for Decide seed
[t+0s] alert#16 primary=advisory_clear conf=0.517 eta=1.5
[t+0s] alert#14 primary=advisory_clear conf=0.524 eta=1.5
[t+0s] alert#12 primary=advisory_clear conf=0.58 eta=9.4
[t+0s] alert#10 primary=advisory_clear conf=0.554 eta=9.4
[t+0s] alert#9 primary=confirmed_clear conf=0.473 eta=1.5
[t+0s] pipeline feed ready — waiting for Decide seed
[t+0s] alert#16 primary=advisory_clear conf=0.517 eta=1.5
[t+0s] alert#14 primary=advisory_clear conf=0.524 eta=1.5
[t+0s] alert#12 primary=advisory_clear conf=0.58 eta=9.4
[t+0s] alert#10 primary=advisory_clear conf=0.554 eta=9.4
[t+0s] alert#9 primary=confirmed_clear conf=0.473 eta=1.5
[t+0s] pipeline feed ready — waiting for Decide seed
[t+0s] alert#16 primary=advisory_clear conf=0.517 eta=1.5
[t+0s] alert#14 primary=advisory_clear conf=0.524 eta=1.5
[t+0s] alert#12 primary=advisory_clear conf=0.58 eta=9.4
[t+0s] alert#10 primary=advisory_clear conf=0.554 eta=9.4
[t+0s] alert#9 primary=confirmed_clear conf=0.473 eta=1.5
[t+0s] pipeline feed ready — waiting for Decide seed
[t+0s] alert#16 primary=advisory_clear conf=0.517 eta=1.5
[t+0s] alert#14 primary=advisory_clear conf=0.524 eta=1.5
[t+0s] alert#12 primary=advisory_clear conf=0.58 eta=9.4
[t+0s] alert#10 primary=advisory_clear conf=0.554 eta=9.4
[t+0s] alert#9 primary=confirmed_clear conf=0.473 eta=1.5
[t+0s] pipeline feed ready — waiting for Decide seed
[t+0s] alert#16 primary=advisory_clear conf=0.517 eta=1.5
[t+0s] alert#14 primary=advisory_clear conf=0.524 eta=1.5
[t+0s] alert#12 primary=advisory_clear conf=0.58 eta=9.4
[t+0s] alert#10 primary=advisory_clear conf=0.554 eta=9.4
[t+0s] alert#9 primary=confirmed_clear conf=0.473 eta=1.5
[t+0s] pipeline feed ready — waiting for Decide seed
[t+0s] alert#16 primary=advisory_clear conf=0.517 eta=1.5
[t+0s] alert#14 primary=advisory_clear conf=0.524 eta=1.5
[t+0s] alert#12 primary=advisory_clear conf=0.58 eta=9.4
[t+0s] alert#10 primary=advisory_clear conf=0.554 eta=9.4
[t+0s] alert#9 primary=confirmed_clear conf=0.473 eta=1.5
[t+0s] pipeline feed ready — waiting for Decide seed
[t+0s] alert#16 primary=advisory_clear conf=0.517 eta=1.5
[t+0s] alert#14 primary=advisory_clear conf=0.524 eta=1.5
[t+0s] alert#12 primary=advisory_clear conf=0.58 eta=9.4
[t+0s] alert#10 primary=advisory_clear conf=0.554 eta=9.4
[t+0s] alert#9 primary=confirmed_clear conf=0.473 eta=1.5
[t+0s] pipeline feed ready — waiting for Decide seed
[t+0s] alert#16 primary=advisory_clear conf=0.517 eta=1.5
[t+0s] alert#14 primary=advisory_clear conf=0.524 eta=1.5
[t+0s] alert#12 primary=advisory_clear conf=0.58 eta=9.4
[t+0s] alert#10 primary=advisory_clear conf=0.554 eta=9.4
[t+0s] alert#9 primary=confirmed_clear conf=0.473 eta=1.5
[t+0s] pipeline feed ready — waiting for Decide seed
[t+0s] alert#16 primary=advisory_clear conf=0.517 eta=1.5
[t+0s] alert#14 primary=advisory_clear conf=0.524 eta=1.5
[t+0s] alert#12 primary=advisory_clear conf=0.58 eta=9.4
[t+0s] alert#10 primary=advisory_clear conf=0.554 eta=9.4
[t+0s] alert#9 primary=confirmed_clear conf=0.473 eta=1.5
[t+0s] pipeline feed ready — waiting for Decide seed
[t+0s] alert#16 primary=advisory_clear conf=0.517 eta=1.5
[t+0s] alert#14 primary=advisory_clear conf=0.524 eta=1.5
[t+0s] alert#12 primary=advisory_clear conf=0.58 eta=9.4
[t+0s] alert#10 primary=advisory_clear conf=0.554 eta=9.4
[t+0s] alert#9 primary=confirmed_clear conf=0.473 eta=1.5
[t+0s] pipeline feed ready — waiting for Decide seed
[t+0s] alert#16 primary=advisory_clear conf=0.517 eta=1.5
[t+0s] alert#14 primary=advisory_clear conf=0.524 eta=1.5
[t+0s] alert#12 primary=advisory_clear conf=0.58 eta=9.4
[t+0s] alert#10 primary=advisory_clear conf=0.554 eta=9.4
[t+0s] alert#9 primary=confirmed_clear conf=0.473 eta=1.5
[t+0s] pipeline feed ready — waiting for Decide seed
[t+0s] alert#16 primary=advisory_clear conf=0.517 eta=1.5
[t+0s] alert#14 primary=advisory_clear conf=0.524 eta=1.5
[t+0s] alert#12 primary=advisory_clear conf=0.58 eta=9.4
[t+0s] alert#10 primary=advisory_clear conf=0.554 eta=9.4
[t+0s] alert#9 primary=confirmed_clear conf=0.473 eta=1.5
[t+0s] pipeline feed ready — waiting for Decide seed
[t+0s] alert#16 primary=advisory_clear conf=0.517 eta=1.5
[t+0s] alert#14 primary=advisory_clear conf=0.524 eta=1.5
[t+0s] alert#12 primary=advisory_clear conf=0.58 eta=9.4
[t+0s] alert#10 primary=advisory_clear conf=0.554 eta=9.4
[t+0s] alert#9 primary=confirmed_clear conf=0.473 eta=1.5
[t+0s] pipeline feed ready — waiting for Decide seed
[t+0s] alert#16 primary=advisory_clear conf=0.517 eta=1.5
[t+0s] alert#14 primary=advisory_clear conf=0.524 eta=1.5
[t+0s] alert#12 primary=advisory_clear conf=0.58 eta=9.4
[t+0s] alert#10 primary=advisory_clear conf=0.554 eta=9.4
[t+0s] alert#9 primary=confirmed_clear conf=0.473 eta=1.5
[t+0s] pipeline feed ready — waiting for Decide seed
[t+0s] alert#16 primary=advisory_clear conf=0.517 eta=1.5
[t+0s] alert#14 primary=advisory_clear conf=0.524 eta=1.5
[t+0s] alert#12 primary=advisory_clear conf=0.58 eta=9.4
[t+0s] alert#10 primary=advisory_clear conf=0.554 eta=9.4
[t+0s] alert#9 primary=confirmed_clear conf=0.473 eta=1.5
[t+0s] pipeline feed ready — waiting for Decide seed
[t+0s] alert#16 primary=advisory_clear conf=0.517 eta=1.5
[t+0s] alert#14 primary=advisory_clear conf=0.524 eta=1.5
[t+0s] alert#12 primary=advisory_clear conf=0.58 eta=9.4
[t+0s] alert#10 primary=advisory_clear conf=0.554 eta=9.4
[t+0s] alert#9 primary=confirmed_clear conf=0.473 eta=1.5
[t+0s] pipeline feed ready — waiting for Decide seed
[t+0s] alert#16 primary=advisory_clear conf=0.517 eta=1.5
[t+0s] alert#14 primary=advisory_clear conf=0.524 eta=1.5
[t+0s] alert#12 primary=advisory_clear conf=0.58 eta=9.4
[t+0s] alert#10 primary=advisory_clear conf=0.554 eta=9.4
[t+0s] alert#9 primary=confirmed_clear conf=0.473 eta=1.5
[t+0s] pipeline feed ready — waiting for Decide seed
[t+0s] alert#16 primary=advisory_clear conf=0.517 eta=1.5
[t+0s] alert#14 primary=advisory_clear conf=0.524 eta=1.5
[t+0s] alert#12 primary=advisory_clear conf=0.58 eta=9.4
[t+0s] alert#10 primary=advisory_clear conf=0.554 eta=9.4
[t+0s] alert#9 primary=confirmed_clear conf=0.473 eta=1.5
[t+0s] pipeline feed ready — waiting for Decide seed
[t+0s] alert#16 primary=advisory_clear conf=0.517 eta=1.5
[t+0s] alert#14 primary=advisory_clear conf=0.524 eta=1.5
[t+0s] alert#12 primary=advisory_clear conf=0.58 eta=9.4
[t+0s] alert#10 primary=advisory_clear conf=0.554 eta=9.4
[t+0s] alert#9 primary=confirmed_clear conf=0.473 eta=1.5
[t+0s] pipeline feed ready — waiting for Decide seed
[t+0s] alert#16 primary=advisory_clear conf=0.517 eta=1.5
[t+0s] alert#14 primary=advisory_clear conf=0.524 eta=1.5
[t+0s] alert#12 primary=advisory_clear conf=0.58 eta=9.4
[t+0s] alert#10 primary=advisory_clear conf=0.554 eta=9.4
[t+0s] alert#9 primary=confirmed_clear conf=0.473 eta=1.5
[t+0s] pipeline feed ready — waiting for Decide seed
[t+0s] alert#16 primary=advisory_clear conf=0.517 eta=1.5
[t+0s] alert#14 primary=advisory_clear conf=0.524 eta=1.5
[t+0s] alert#12 primary=advisory_clear conf=0.58 eta=9.4
[t+0s] alert#10 primary=advisory_clear conf=0.554 eta=9.4
[t+0s] alert#9 primary=confirmed_clear conf=0.473 eta=1.5
[t+0s] pipeline feed ready — waiting for Decide seed
[t+0s] alert#16 primary=advisory_clear conf=0.517 eta=1.5
[t+0s] alert#14 primary=advisory_clear conf=0.524 eta=1.5
[t+0s] alert#12 primary=advisory_clear conf=0.58 eta=9.4
[t+0s] alert#10 primary=advisory_clear conf=0.554 eta=9.4
[t+0s] alert#9 primary=confirmed_clear conf=0.473 eta=1.5
[t+0s] pipeline feed ready — waiting for Decide seed
[t+0s] alert#16 primary=advisory_clear conf=0.517 eta=1.5
[t+0s] alert#14 primary=advisory_clear conf=0.524 eta=1.5
[t+0s] alert#12 primary=advisory_clear conf=0.58 eta=9.4
[t+0s] alert#10 primary=advisory_clear conf=0.554 eta=9.4
[t+0s] alert#9 primary=confirmed_clear conf=0.473 eta=1.5
[t+0s] pipeline feed ready — waiting for Decide seed
[t+0s] alert#16 primary=advisory_clear conf=0.517 eta=1.5
[t+0s] alert#14 primary=advisory_clear conf=0.524 eta=1.5
[t+0s] alert#12 primary=advisory_clear conf=0.58 eta=9.4
[t+0s] alert#10 primary=advisory_clear conf=0.554 eta=9.4
[t+0s] alert#9 primary=confirmed_clear conf=0.473 eta=1.5
[t+0s] pipeline feed ready — waiting for Decide seed
[t+0s] alert#16 primary=advisory_clear conf=0.517 eta=1.5
[t+0s] alert#14 primary=advisory_clear conf=0.524 eta=1.5
[t+0s] alert#12 primary=advisory_clear conf=0.58 eta=9.4
[t+0s] alert#10 primary=advisory_clear conf=0.554 eta=9.4
[t+0s] alert#9 primary=confirmed_clear conf=0.473 eta=1.5
[t+0s] pipeline feed ready — waiting for Decide seed
[t+0s] alert#16 primary=advisory_clear conf=0.517 eta=1.5
[t+0s] alert#14 primary=advisory_clear conf=0.524 eta=1.5
[t+0s] alert#12 primary=advisory_clear conf=0.58 eta=9.4
[t+0s] alert#10 primary=advisory_clear conf=0.554 eta=9.4
[t+0s] alert#9 primary=confirmed_clear conf=0.473 eta=1.5
[t+0s] pipeline feed ready — waiting for Decide seed
[t+0s] alert#16 primary=advisory_clear conf=0.517 eta=1.5
[t+0s] alert#14 primary=advisory_clear conf=0.524 eta=1.5
[t+0s] alert#12 primary=advisory_clear conf=0.58 eta=9.4
[t+0s] alert#10 primary=advisory_clear conf=0.554 eta=9.4
[t+0s] alert#9 primary=confirmed_clear conf=0.473 eta=1.5
[t+0s] pipeline feed ready — waiting for Decide seed
[t+0s] alert#16 primary=advisory_clear conf=0.517 eta=1.5
[t+0s] alert#14 primary=advisory_clear conf=0.524 eta=1.5
[t+0s] alert#12 primary=advisory_clear conf=0.58 eta=9.4
[t+0s] alert#10 primary=advisory_clear conf=0.554 eta=9.4
[t+0s] alert#9 primary=confirmed_clear conf=0.473 eta=1.5
[t+0s] pipeline feed ready — waiting for Decide seed
[t+0s] alert#16 primary=advisory_clear conf=0.517 eta=1.5
[t+0s] alert#14 primary=advisory_clear conf=0.524 eta=1.5
[t+0s] alert#12 primary=advisory_clear conf=0.58 eta=9.4
[t+0s] alert#10 primary=advisory_clear conf=0.554 eta=9.4
[t+0s] alert#9 primary=confirmed_clear conf=0.473 eta=1.5
[t+0s] pipeline feed ready — waiting for Decide seed
[t+0s] alert#16 primary=advisory_clear conf=0.517 eta=1.5
[t+0s] alert#14 primary=advisory_clear conf=0.524 eta=1.5
[t+0s] alert#12 primary=advisory_clear conf=0.58 eta=9.4
[t+0s] alert#10 primary=advisory_clear conf=0.554 eta=9.4
[t+0s] alert#9 primary=confirmed_clear conf=0.473 eta=1.5
[t+0s] pipeline feed ready — waiting for Decide seed
[t+0s] alert#16 primary=advisory_clear conf=0.517 eta=1.5
[t+0s] alert#14 primary=advisory_clear conf=0.524 eta=1.5
[t+0s] alert#12 primary=advisory_clear conf=0.58 eta=9.4
[t+0s] alert#10 primary=advisory_clear conf=0.554 eta=9.4
[t+0s] alert#9 primary=confirmed_clear conf=0.473 eta=1.5
[t+0s] pipeline feed ready — waiting for Decide seed
[t+0s] alert#16 primary=advisory_clear conf=0.517 eta=1.5
[t+0s] alert#14 primary=advisory_clear conf=0.524 eta=1.5
[t+0s] alert#12 primary=advisory_clear conf=0.58 eta=9.4
[t+0s] alert#10 primary=advisory_clear conf=0.554 eta=9.4
[t+0s] alert#9 primary=confirmed_clear conf=0.473 eta=1.5
[t+0s] pipeline feed ready — waiting for Decide seed
[t+0s] alert#16 primary=advisory_clear conf=0.517 eta=1.5
[t+0s] alert#14 primary=advisory_clear conf=0.524 eta=1.5
[t+0s] alert#12 primary=advisory_clear conf=0.58 eta=9.4
[t+0s] alert#10 primary=advisory_clear conf=0.554 eta=9.4
[t+0s] alert#9 primary=confirmed_clear conf=0.473 eta=1.5
[t+0s] pipeline feed ready — waiting for Decide seed
[t+0s] alert#16 primary=advisory_clear conf=0.517 eta=1.5
[t+0s] alert#14 primary=advisory_clear conf=0.524 eta=1.5
[t+0s] alert#12 primary=advisory_clear conf=0.58 eta=9.4
[t+0s] alert#10 primary=advisory_clear conf=0.554 eta=9.4
[t+0s] alert#9 primary=confirmed_clear conf=0.473 eta=1.5
[t+0s] pipeline feed ready — waiting for Decide seed
[t+0s] alert#16 primary=advisory_clear conf=0.517 eta=1.5
[t+0s] alert#14 primary=advisory_clear conf=0.524 eta=1.5
[t+0s] alert#12 primary=advisory_clear conf=0.58 eta=9.4
[t+0s] alert#10 primary=advisory_clear conf=0.554 eta=9.4
[t+0s] alert#9 primary=confirmed_clear conf=0.473 eta=1.5
[t+0s] pipeline feed ready — waiting for Decide seed
[t+0s] alert#16 primary=advisory_clear conf=0.517 eta=1.5
[t+0s] alert#14 primary=advisory_clear conf=0.524 eta=1.5
[t+0s] alert#12 primary=advisory_clear conf=0.58 eta=9.4
[t+0s] alert#10 primary=advisory_clear conf=0.554 eta=9.4
[t+0s] alert#9 primary=confirmed_clear conf=0.473 eta=1.5
[t+0s] pipeline feed ready — waiting for Decide seed
[t+0s] alert#16 primary=advisory_clear conf=0.517 eta=1.5
[t+0s] alert#14 primary=advisory_clear conf=0.524 eta=1.5
[t+0s] alert#12 primary=advisory_clear conf=0.58 eta=9.4
[t+0s] alert#10 primary=advisory_clear conf=0.554 eta=9.4
[t+0s] alert#9 primary=confirmed_clear conf=0.473 eta=1.5
[t+0s] pipeline feed ready — waiting for Decide seed
[t+0s] alert#16 primary=advisory_clear conf=0.517 eta=1.5
[t+0s] alert#14 primary=advisory_clear conf=0.524 eta=1.5
[t+0s] alert#12 primary=advisory_clear conf=0.58 eta=9.4
[t+0s] alert#10 primary=advisory_clear conf=0.554 eta=9.4
[t+0s] alert#9 primary=confirmed_clear conf=0.473 eta=1.5
[t+0s] pipeline feed ready — waiting for Decide seed
[t+0s] alert#16 primary=advisory_clear conf=0.517 eta=1.5
[t+0s] alert#14 primary=advisory_clear conf=0.524 eta=1.5
[t+0s] alert#12 primary=advisory_clear conf=0.58 eta=9.4
[t+0s] alert#10 primary=advisory_clear conf=0.554 eta=9.4
[t+0s] alert#9 primary=confirmed_clear conf=0.473 eta=1.5
[t+0s] pipeline feed ready — waiting for Decide seed
[t+0s] alert#16 primary=advisory_clear conf=0.517 eta=1.5
[t+0s] alert#14 primary=advisory_clear conf=0.524 eta=1.5
[t+0s] alert#12 primary=advisory_clear conf=0.58 eta=9.4
[t+0s] alert#10 primary=advisory_clear conf=0.554 eta=9.4
[t+0s] alert#9 primary=confirmed_clear conf=0.473 eta=1.5
[t+0s] pipeline feed ready — waiting for Decide seed
[t+0s] alert#16 primary=advisory_clear conf=0.517 eta=1.5
[t+0s] alert#14 primary=advisory_clear conf=0.524 eta=1.5
[t+0s] alert#12 primary=advisory_clear conf=0.58 eta=9.4
[t+0s] alert#10 primary=advisory_clear conf=0.554 eta=9.4
[t+0s] alert#9 primary=confirmed_clear conf=0.473 eta=1.5
[t+0s] pipeline feed ready — waiting for Decide seed
[t+0s] alert#16 primary=advisory_clear conf=0.517 eta=1.5
[t+0s] alert#14 primary=advisory_clear conf=0.524 eta=1.5
[t+0s] alert#12 primary=advisory_clear conf=0.58 eta=9.4
[t+0s] alert#10 primary=advisory_clear conf=0.554 eta=9.4
[t+0s] alert#9 primary=confirmed_clear conf=0.473 eta=1.5
[t+0s] pipeline feed ready — waiting for Decide seed
[t+0s] alert#16 primary=advisory_clear conf=0.517 eta=1.5
[t+0s] alert#14 primary=advisory_clear conf=0.524 eta=1.5
[t+0s] alert#12 primary=advisory_clear conf=0.58 eta=9.4
[t+0s] alert#10 primary=advisory_clear conf=0.554 eta=9.4
[t+0s] alert#9 primary=confirmed_clear conf=0.473 eta=1.5
[t+0s] pipeline feed ready — waiting for Decide seed
[t+0s] alert#16 primary=advisory_clear conf=0.517 eta=1.5
[t+0s] alert#14 primary=advisory_clear conf=0.524 eta=1.5
[t+0s] alert#12 primary=advisory_clear conf=0.58 eta=9.4
[t+0s] alert#10 primary=advisory_clear conf=0.554 eta=9.4
[t+0s] alert#9 primary=confirmed_clear conf=0.473 eta=1.5
[t+0s] pipeline feed ready — waiting for Decide seed
[t+0s] alert#16 primary=advisory_clear conf=0.517 eta=1.5
[t+0s] alert#14 primary=advisory_clear conf=0.524 eta=1.5
[t+0s] alert#12 primary=advisory_clear conf=0.58 eta=9.4
[t+0s] alert#10 primary=advisory_clear conf=0.554 eta=9.4
[t+0s] alert#9 primary=confirmed_clear conf=0.473 eta=1.5
[t+0s] pipeline feed ready — waiting for Decide seed
[t+0s] alert#16 primary=advisory_clear conf=0.517 eta=1.5
[t+0s] alert#14 primary=advisory_clear conf=0.524 eta=1.5
[t+0s] alert#12 primary=advisory_clear conf=0.58 eta=9.4
[t+0s] alert#10 primary=advisory_clear conf=0.554 eta=9.4
[t+0s] alert#9 primary=confirmed_clear conf=0.473 eta=1.5
[t+0s] pipeline feed ready — waiting for Decide seed
[t+0s] alert#16 primary=advisory_clear conf=0.517 eta=1.5
[t+0s] alert#14 primary=advisory_clear conf=0.524 eta=1.5
[t+0s] alert#12 primary=advisory_clear conf=0.58 eta=9.4
[t+0s] alert#10 primary=advisory_clear conf=0.554 eta=9.4
[t+0s] alert#9 primary=confirmed_clear conf=0.473 eta=1.5
[t+0s] pipeline feed ready — waiting for Decide seed
[t+0s] alert#16 primary=advisory_clear conf=0.517 eta=1.5
[t+0s] alert#14 primary=advisory_clear conf=0.524 eta=1.5
[t+0s] alert#12 primary=advisory_clear conf=0.58 eta=9.4
[t+0s] alert#10 primary=advisory_clear conf=0.554 eta=9.4
[t+0s] alert#9 primary=confirmed_clear conf=0.473 eta=1.5
[t+0s] pipeline feed ready — waiting for Decide seed
[t+0s] alert#16 primary=advisory_clear conf=0.517 eta=1.5
[t+0s] alert#14 primary=advisory_clear conf=0.524 eta=1.5
[t+0s] alert#12 primary=advisory_clear conf=0.58 eta=9.4
[t+0s] alert#10 primary=advisory_clear conf=0.554 eta=9.4
[t+0s] alert#9 primary=confirmed_clear conf=0.473 eta=1.5
[t+0s] pipeline feed ready — waiting for Decide seed
[t+0s] alert#16 primary=advisory_clear conf=0.517 eta=1.5
[t+0s] alert#14 primary=advisory_clear conf=0.524 eta=1.5
[t+0s] alert#12 primary=advisory_clear conf=0.58 eta=9.4
[t+0s] alert#10 primary=advisory_clear conf=0.554 eta=9.4
[t+0s] alert#9 primary=confirmed_clear conf=0.473 eta=1.5
[t+0s] pipeline feed ready — waiting for Decide seed
[t+0s] alert#16 primary=advisory_clear conf=0.517 eta=1.5
[t+0s] alert#14 primary=advisory_clear conf=0.524 eta=1.5
[t+0s] alert#12 primary=advisory_clear conf=0.58 eta=9.4
[t+0s] alert#10 primary=advisory_clear conf=0.554 eta=9.4
[t+0s] alert#9 primary=confirmed_clear conf=0.473 eta=1.5
[t+0s] pipeline feed ready — waiting for Decide seed
[t+0s] alert#16 primary=advisory_clear conf=0.517 eta=1.5
[t+0s] alert#14 primary=advisory_clear conf=0.524 eta=1.5
[t+0s] alert#12 primary=advisory_clear conf=0.58 eta=9.4
[t+0s] alert#10 primary=advisory_clear conf=0.554 eta=9.4
[t+0s] alert#9 primary=confirmed_clear conf=0.473 eta=1.5
[t+0s] pipeline feed ready — waiting for Decide seed
[t+0s] alert#16 primary=advisory_clear conf=0.517 eta=1.5
[t+0s] alert#14 primary=advisory_clear conf=0.524 eta=1.5
[t+0s] alert#12 primary=advisory_clear conf=0.58 eta=9.4
[t+0s] alert#10 primary=advisory_clear conf=0.554 eta=9.4
[t+0s] alert#9 primary=confirmed_clear conf=0.473 eta=1.5
[t+0s] pipeline feed ready — waiting for Decide seed
[t+0s] alert#16 primary=advisory_clear conf=0.517 eta=1.5
[t+0s] alert#14 primary=advisory_clear conf=0.524 eta=1.5
[t+0s] alert#12 primary=advisory_clear conf=0.58 eta=9.4
[t+0s] alert#10 primary=advisory_clear conf=0.554 eta=9.4
[t+0s] alert#9 primary=confirmed_clear conf=0.473 eta=1.5
[t+0s] pipeline feed ready — waiting for Decide seed
[t+0s] alert#16 primary=advisory_clear conf=0.517 eta=1.5
[t+0s] alert#14 primary=advisory_clear conf=0.524 eta=1.5
[t+0s] alert#12 primary=advisory_clear conf=0.58 eta=9.4
[t+0s] alert#10 primary=advisory_clear conf=0.554 eta=9.4
[t+0s] alert#9 primary=confirmed_clear conf=0.473 eta=1.5
[t+0s] pipeline feed ready — waiting for Decide seed
[t+0s] alert#16 primary=advisory_clear conf=0.517 eta=1.5
[t+0s] alert#14 primary=advisory_clear conf=0.524 eta=1.5
[t+0s] alert#12 primary=advisory_clear conf=0.58 eta=9.4
[t+0s] alert#10 primary=advisory_clear conf=0.554 eta=9.4
[t+0s] alert#9 primary=confirmed_clear conf=0.473 eta=1.5
[t+0s] pipeline feed ready — waiting for Decide seed
[t+0s] alert#16 primary=advisory_clear conf=0.517 eta=1.5
[t+0s] alert#14 primary=advisory_clear conf=0.524 eta=1.5
[t+0s] alert#12 primary=advisory_clear conf=0.58 eta=9.4
[t+0s] alert#10 primary=advisory_clear conf=0.554 eta=9.4
[t+0s] alert#9 primary=confirmed_clear conf=0.473 eta=1.5
[t+0s] pipeline feed ready — waiting for Decide seed
[t+0s] alert#16 primary=advisory_clear conf=0.517 eta=1.5
[t+0s] alert#14 primary=advisory_clear conf=0.524 eta=1.5
[t+0s] alert#12 primary=advisory_clear conf=0.58 eta=9.4
[t+0s] alert#10 primary=advisory_clear conf=0.554 eta=9.4
[t+0s] alert#9 primary=confirmed_clear conf=0.473 eta=1.5
[t+0s] pipeline feed ready — waiting for Decide seed
[t+0s] alert#16 primary=advisory_clear conf=0.517 eta=1.5
[t+0s] alert#14 primary=advisory_clear conf=0.524 eta=1.5
[t+0s] alert#12 primary=advisory_clear conf=0.58 eta=9.4
[t+0s] alert#10 primary=advisory_clear conf=0.554 eta=9.4
[t+0s] alert#9 primary=confirmed_clear conf=0.473 eta=1.5
[t+0s] pipeline feed ready — waiting for Decide seed
[t+0s] alert#16 primary=advisory_clear conf=0.517 eta=1.5
[t+0s] alert#14 primary=advisory_clear conf=0.524 eta=1.5
[t+0s] alert#12 primary=advisory_clear conf=0.58 eta=9.4
[t+0s] alert#10 primary=advisory_clear conf=0.554 eta=9.4
[t+0s] alert#9 primary=confirmed_clear conf=0.473 eta=1.5
[t+0s] pipeline feed ready — waiting for Decide seed
[t+0s] alert#16 primary=advisory_clear conf=0.517 eta=1.5
[t+0s] alert#14 primary=advisory_clear conf=0.524 eta=1.5
[t+0s] alert#12 primary=advisory_clear conf=0.58 eta=9.4
[t+0s] alert#10 primary=advisory_clear conf=0.554 eta=9.4
[t+0s] alert#9 primary=confirmed_clear conf=0.473 eta=1.5
[t+0s] pipeline feed ready — waiting for Decide seed
[t+0s] alert#16 primary=advisory_clear conf=0.517 eta=1.5
[t+0s] alert#14 primary=advisory_clear conf=0.524 eta=1.5
[t+0s] alert#12 primary=advisory_clear conf=0.58 eta=9.4
[t+0s] alert#10 primary=advisory_clear conf=0.554 eta=9.4
[t+0s] alert#9 primary=confirmed_clear conf=0.473 eta=1.5
[t+0s] pipeline feed ready — waiting for Decide seed
[t+0s] alert#16 primary=advisory_clear conf=0.517 eta=1.5
[t+0s] alert#14 primary=advisory_clear conf=0.524 eta=1.5
[t+0s] alert#12 primary=advisory_clear conf=0.58 eta=9.4
[t+0s] alert#10 primary=advisory_clear conf=0.554 eta=9.4
[t+0s] alert#9 primary=confirmed_clear conf=0.473 eta=1.5
[t+0s] pipeline feed ready — waiting for Decide seed
[t+0s] alert#16 primary=advisory_clear conf=0.517 eta=1.5
[t+0s] alert#14 primary=advisory_clear conf=0.524 eta=1.5
[t+0s] alert#12 primary=advisory_clear conf=0.58 eta=9.4
[t+0s] alert#10 primary=advisory_clear conf=0.554 eta=9.4
[t+0s] alert#9 primary=confirmed_clear conf=0.473 eta=1.5
[t+0s] pipeline feed ready — waiting for Decide seed
[t+0s] alert#16 primary=advisory_clear conf=0.517 eta=1.5
[t+0s] alert#14 primary=advisory_clear conf=0.524 eta=1.5
[t+0s] alert#12 primary=advisory_clear conf=0.58 eta=9.4
[t+0s] alert#10 primary=advisory_clear conf=0.554 eta=9.4
[t+0s] alert#9 primary=confirmed_clear conf=0.473 eta=1.5
[t+0s] pipeline feed ready — waiting for Decide seed
[t+0s] alert#16 primary=advisory_clear conf=0.517 eta=1.5
[t+0s] alert#14 primary=advisory_clear conf=0.524 eta=1.5
[t+0s] alert#12 primary=advisory_clear conf=0.58 eta=9.4
[t+0s] alert#10 primary=advisory_clear conf=0.554 eta=9.4
[t+0s] alert#9 primary=confirmed_clear conf=0.473 eta=1.5
[t+0s] pipeline feed ready — waiting for Decide seed
[t+0s] alert#16 primary=advisory_clear conf=0.517 eta=1.5
[t+0s] alert#14 primary=advisory_clear conf=0.524 eta=1.5
[t+0s] alert#12 primary=advisory_clear conf=0.58 eta=9.4
[t+0s] alert#10 primary=advisory_clear conf=0.554 eta=9.4
[t+0s] alert#9 primary=confirmed_clear conf=0.473 eta=1.5
[t+0s] pipeline feed ready — waiting for Decide seed
[t+0s] alert#16 primary=advisory_clear conf=0.517 eta=1.5
[t+0s] alert#14 primary=advisory_clear conf=0.524 eta=1.5
[t+0s] alert#12 primary=advisory_clear conf=0.58 eta=9.4
[t+0s] alert#10 primary=advisory_clear conf=0.554 eta=9.4
[t+0s] alert#9 primary=confirmed_clear conf=0.473 eta=1.5
[t+0s] pipeline feed ready — waiting for Decide seed
[t+0s] alert#16 primary=advisory_clear conf=0.517 eta=1.5
[t+0s] alert#14 primary=advisory_clear conf=0.524 eta=1.5
[t+0s] alert#12 primary=advisory_clear conf=0.58 eta=9.4
[t+0s] alert#10 primary=advisory_clear conf=0.554 eta=9.4
[t+0s] alert#9 primary=confirmed_clear conf=0.473 eta=1.5
[t+0s] pipeline feed ready — waiting for Decide seed
[t+0s] alert#16 primary=advisory_clear conf=0.517 eta=1.5
[t+0s] alert#14 primary=advisory_clear conf=0.524 eta=1.5
[t+0s] alert#12 primary=advisory_clear conf=0.58 eta=9.4
[t+0s] alert#10 primary=advisory_clear conf=0.554 eta=9.4
[t+0s] alert#9 primary=confirmed_clear conf=0.473 eta=1.5
[t+0s] pipeline feed ready — waiting for Decide seed
[t+0s] alert#16 primary=advisory_clear conf=0.517 eta=1.5
[t+0s] alert#14 primary=advisory_clear conf=0.524 eta=1.5
[t+0s] alert#12 primary=advisory_clear conf=0.58 eta=9.4
[t+0s] alert#10 primary=advisory_clear conf=0.554 eta=9.4
[t+0s] alert#9 primary=confirmed_clear conf=0.473 eta=1.5
[t+0s] pipeline feed ready — waiting for Decide seed
[t+0s] alert#16 primary=advisory_clear conf=0.517 eta=1.5
[t+0s] alert#14 primary=advisory_clear conf=0.524 eta=1.5
[t+0s] alert#12 primary=advisory_clear conf=0.58 eta=9.4
[t+0s] alert#10 primary=advisory_clear conf=0.554 eta=9.4
[t+0s] alert#9 primary=confirmed_clear conf=0.473 eta=1.5
[t+0s] pipeline feed ready — waiting for Decide seed
[t+0s] alert#16 primary=advisory_clear conf=0.517 eta=1.5
[t+0s] alert#14 primary=advisory_clear conf=0.524 eta=1.5
[t+0s] alert#12 primary=advisory_clear conf=0.58 eta=9.4
[t+0s] alert#10 primary=advisory_clear conf=0.554 eta=9.4
[t+0s] alert#9 primary=confirmed_clear conf=0.473 eta=1.5
[t+0s] pipeline feed ready — waiting for Decide seed
[t+0s] alert#16 primary=advisory_clear conf=0.517 eta=1.5
[t+0s] alert#14 primary=advisory_clear conf=0.524 eta=1.5
[t+0s] alert#12 primary=advisory_clear conf=0.58 eta=9.4
[t+0s] alert#10 primary=advisory_clear conf=0.554 eta=9.4
[t+0s] alert#9 primary=confirmed_clear conf=0.473 eta=1.5
[t+0s] pipeline feed ready — waiting for Decide seed
[t+0s] alert#16 primary=advisory_clear conf=0.517 eta=1.5
[t+0s] alert#14 primary=advisory_clear conf=0.524 eta=1.5
[t+0s] alert#12 primary=advisory_clear conf=0.58 eta=9.4
[t+0s] alert#10 primary=advisory_clear conf=0.554 eta=9.4
[t+0s] alert#9 primary=confirmed_clear conf=0.473 eta=1.5
[t+0s] pipeline feed ready — waiting for Decide seed
[t+0s] alert#16 primary=advisory_clear conf=0.517 eta=1.5
[t+0s] alert#14 primary=advisory_clear conf=0.524 eta=1.5
[t+0s] alert#12 primary=advisory_clear conf=0.58 eta=9.4
[t+0s] alert#10 primary=advisory_clear conf=0.554 eta=9.4
[t+0s] alert#9 primary=confirmed_clear conf=0.473 eta=1.5
[t+0s] pipeline feed ready — waiting for Decide seed
[t+0s] alert#16 primary=advisory_clear conf=0.517 eta=1.5
[t+0s] alert#14 primary=advisory_clear conf=0.524 eta=1.5
[t+0s] alert#12 primary=advisory_clear conf=0.58 eta=9.4
[t+0s] alert#10 primary=advisory_clear conf=0.554 eta=9.4
[t+0s] alert#9 primary=confirmed_clear conf=0.473 eta=1.5
[t+0s] pipeline feed ready — waiting for Decide seed
[t+0s] alert#16 primary=advisory_clear conf=0.517 eta=1.5
[t+0s] alert#14 primary=advisory_clear conf=0.524 eta=1.5
[t+0s] alert#12 primary=advisory_clear conf=0.58 eta=9.4
[t+0s] alert#10 primary=advisory_clear conf=0.554 eta=9.4
[t+0s] alert#9 primary=confirmed_clear conf=0.473 eta=1.5
[t+0s] pipeline feed ready — waiting for Decide seed
[t+0s] alert#16 primary=advisory_clear conf=0.517 eta=1.5
[t+0s] alert#14 primary=advisory_clear conf=0.524 eta=1.5
[t+0s] alert#12 primary=advisory_clear conf=0.58 eta=9.4
[t+0s] alert#10 primary=advisory_clear conf=0.554 eta=9.4
[t+0s] alert#9 primary=confirmed_clear conf=0.473 eta=1.5
[t+0s] pipeline feed ready — waiting for Decide seed
[t+0s] alert#16 primary=advisory_clear conf=0.517 eta=1.5
[t+0s] alert#14 primary=advisory_clear conf=0.524 eta=1.5
[t+0s] alert#12 primary=advisory_clear conf=0.58 eta=9.4
[t+0s] alert#10 primary=advisory_clear conf=0.554 eta=9.4
[t+0s] alert#9 primary=confirmed_clear conf=0.473 eta=1.5
[t+0s] pipeline feed ready — waiting for Decide seed
[t+0s] alert#16 primary=advisory_clear conf=0.517 eta=1.5
[t+0s] alert#14 primary=advisory_clear conf=0.524 eta=1.5
[t+0s] alert#12 primary=advisory_clear conf=0.58 eta=9.4
[t+0s] alert#10 primary=advisory_clear conf=0.554 eta=9.4
[t+0s] alert#9 primary=confirmed_clear conf=0.473 eta=1.5
[t+0s] pipeline feed ready — waiting for Decide seed
[t+0s] alert#16 primary=advisory_clear conf=0.517 eta=1.5
[t+0s] alert#14 primary=advisory_clear conf=0.524 eta=1.5
[t+0s] alert#12 primary=advisory_clear conf=0.58 eta=9.4
[t+0s] alert#10 primary=advisory_clear conf=0.554 eta=9.4
[t+0s] alert#9 primary=confirmed_clear conf=0.473 eta=1.5
[t+0s] pipeline feed ready — waiting for Decide seed
[t+0s] alert#16 primary=advisory_clear conf=0.517 eta=1.5
[t+0s] alert#14 primary=advisory_clear conf=0.524 eta=1.5
[t+0s] alert#12 primary=advisory_clear conf=0.58 eta=9.4
[t+0s] alert#10 primary=advisory_clear conf=0.554 eta=9.4
[t+0s] alert#9 primary=confirmed_clear conf=0.473 eta=1.5
[t+0s] pipeline feed ready — waiting for Decide seed
[t+0s] alert#16 primary=advisory_clear conf=0.517 eta=1.5
[t+0s] alert#14 primary=advisory_clear conf=0.524 eta=1.5
[t+0s] alert#12 primary=advisory_clear conf=0.58 eta=9.4
[t+0s] alert#10 primary=advisory_clear conf=0.554 eta=9.4
[t+0s] alert#9 primary=confirmed_clear conf=0.473 eta=1.5
[t+0s] pipeline feed ready — waiting for Decide seed
[t+0s] alert#16 primary=advisory_clear conf=0.517 eta=1.5
[t+0s] alert#14 primary=advisory_clear conf=0.524 eta=1.5
[t+0s] alert#12 primary=advisory_clear conf=0.58 eta=9.4
[t+0s] alert#10 primary=advisory_clear conf=0.554 eta=9.4
[t+0s] alert#9 primary=confirmed_clear conf=0.473 eta=1.5
[t+0s] pipeline feed ready — waiting for Decide seed
[t+0s] alert#16 primary=advisory_clear conf=0.517 eta=1.5
[t+0s] alert#14 primary=advisory_clear conf=0.524 eta=1.5
[t+0s] alert#12 primary=advisory_clear conf=0.58 eta=9.4
[t+0s] alert#10 primary=advisory_clear conf=0.554 eta=9.4
[t+0s] alert#9 primary=confirmed_clear conf=0.473 eta=1.5
[t+0s] pipeline feed ready — waiting for Decide seed
[t+0s] alert#16 primary=advisory_clear conf=0.517 eta=1.5
[t+0s] alert#14 primary=advisory_clear conf=0.524 eta=1.5
[t+0s] alert#12 primary=advisory_clear conf=0.58 eta=9.4
[t+0s] alert#10 primary=advisory_clear conf=0.554 eta=9.4
[t+0s] alert#9 primary=confirmed_clear conf=0.473 eta=1.5
[t+0s] pipeline feed ready — waiting for Decide seed
[t+0s] alert#16 primary=advisory_clear conf=0.517 eta=1.5
[t+0s] alert#14 primary=advisory_clear conf=0.524 eta=1.5
[t+0s] alert#12 primary=advisory_clear conf=0.58 eta=9.4
[t+0s] alert#10 primary=advisory_clear conf=0.554 eta=9.4
[t+0s] alert#9 primary=confirmed_clear conf=0.473 eta=1.5
[t+0s] pipeline feed ready — waiting for Decide seed
[t+0s] alert#16 primary=advisory_clear conf=0.517 eta=1.5
[t+0s] alert#14 primary=advisory_clear conf=0.524 eta=1.5
[t+0s] alert#12 primary=advisory_clear conf=0.58 eta=9.4
[t+0s] alert#10 primary=advisory_clear conf=0.554 eta=9.4
[t+0s] alert#9 primary=confirmed_clear conf=0.473 eta=1.5
[t+0s] pipeline feed ready — waiting for Decide seed
[t+0s] alert#16 primary=advisory_clear conf=0.517 eta=1.5
[t+0s] alert#14 primary=advisory_clear conf=0.524 eta=1.5
[t+0s] alert#12 primary=advisory_clear conf=0.58 eta=9.4
[t+0s] alert#10 primary=advisory_clear conf=0.554 eta=9.4
[t+0s] alert#9 primary=confirmed_clear conf=0.473 eta=1.5
[t+0s] pipeline feed ready — waiting for Decide seed
[t+0s] alert#16 primary=advisory_clear conf=0.517 eta=1.5
[t+0s] alert#14 primary=advisory_clear conf=0.524 eta=1.5
[t+0s] alert#12 primary=advisory_clear conf=0.58 eta=9.4
[t+0s] alert#10 primary=advisory_clear conf=0.554 eta=9.4
[t+0s] alert#9 primary=confirmed_clear conf=0.473 eta=1.5
[t+0s] pipeline feed ready — waiting for Decide seed
[t+0s] alert#16 primary=advisory_clear conf=0.517 eta=1.5
[t+0s] alert#14 primary=advisory_clear conf=0.524 eta=1.5
[t+0s] alert#12 primary=advisory_clear conf=0.58 eta=9.4
[t+0s] alert#10 primary=advisory_clear conf=0.554 eta=9.4
[t+0s] alert#9 primary=confirmed_clear conf=0.473 eta=1.5
[t+0s] pipeline feed ready — waiting for Decide seed
[t+0s] alert#16 primary=advisory_clear conf=0.517 eta=1.5
[t+0s] alert#14 primary=advisory_clear conf=0.524 eta=1.5
[t+0s] alert#12 primary=advisory_clear conf=0.58 eta=9.4
[t+0s] alert#10 primary=advisory_clear conf=0.554 eta=9.4
[t+0s] alert#9 primary=confirmed_clear conf=0.473 eta=1.5
[t+0s] pipeline feed ready — waiting for Decide seed
[t+0s] alert#16 primary=advisory_clear conf=0.517 eta=1.5
[t+0s] alert#14 primary=advisory_clear conf=0.524 eta=1.5
[t+0s] alert#12 primary=advisory_clear conf=0.58 eta=9.4
[t+0s] alert#10 primary=advisory_clear conf=0.554 eta=9.4
[t+0s] alert#9 primary=confirmed_clear conf=0.473 eta=1.5
[t+0s] pipeline feed ready — waiting for Decide seed
[t+0s] alert#16 primary=advisory_clear conf=0.517 eta=1.5
[t+0s] alert#14 primary=advisory_clear conf=0.524 eta=1.5
[t+0s] alert#12 primary=advisory_clear conf=0.58 eta=9.4
[t+0s] alert#10 primary=advisory_clear conf=0.554 eta=9.4
[t+0s] alert#9 primary=confirmed_clear conf=0.473 eta=1.5
[t+0s] pipeline feed ready — waiting for Decide seed
[t+0s] alert#16 primary=advisory_clear conf=0.517 eta=1.5
[t+0s] alert#14 primary=advisory_clear conf=0.524 eta=1.5
[t+0s] alert#12 primary=advisory_clear conf=0.58 eta=9.4
[t+0s] alert#10 primary=advisory_clear conf=0.554 eta=9.4
[t+0s] alert#9 primary=confirmed_clear conf=0.473 eta=1.5
[t+0s] pipeline feed ready — waiting for Decide seed
[t+0s] alert#16 primary=advisory_clear conf=0.517 eta=1.5
[t+0s] alert#14 primary=advisory_clear conf=0.524 eta=1.5
[t+0s] alert#12 primary=advisory_clear conf=0.58 eta=9.4
[t+0s] alert#10 primary=advisory_clear conf=0.554 eta=9.4
[t+0s] alert#9 primary=confirmed_clear conf=0.473 eta=1.5
[t+0s] pipeline feed ready — waiting for Decide seed
[t+0s] alert#16 primary=advisory_clear conf=0.517 eta=1.5
[t+0s] alert#14 primary=advisory_clear conf=0.524 eta=1.5
[t+0s] alert#12 primary=advisory_clear conf=0.58 eta=9.4
[t+0s] alert#10 primary=advisory_clear conf=0.554 eta=9.4
[t+0s] alert#9 primary=confirmed_clear conf=0.473 eta=1.5
[t+0s] pipeline feed ready — waiting for Decide seed
[t+0s] alert#16 primary=advisory_clear conf=0.517 eta=1.5
[t+0s] alert#14 primary=advisory_clear conf=0.524 eta=1.5
[t+0s] alert#12 primary=advisory_clear conf=0.58 eta=9.4
[t+0s] alert#10 primary=advisory_clear conf=0.554 eta=9.4
[t+0s] alert#9 primary=confirmed_clear conf=0.473 eta=1.5
[t+0s] pipeline feed ready — waiting for Decide seed
[t+0s] alert#16 primary=advisory_clear conf=0.517 eta=1.5
[t+0s] alert#14 primary=advisory_clear conf=0.524 eta=1.5
[t+0s] alert#12 primary=advisory_clear conf=0.58 eta=9.4
[t+0s] alert#10 primary=advisory_clear conf=0.554 eta=9.4
[t+0s] alert#9 primary=confirmed_clear conf=0.473 eta=1.5
[t+0s] pipeline feed ready — waiting for Decide seed
[t+0s] alert#16 primary=advisory_clear conf=0.517 eta=1.5
[t+0s] alert#14 primary=advisory_clear conf=0.524 eta=1.5
[t+0s] alert#12 primary=advisory_clear conf=0.58 eta=9.4
[t+0s] alert#10 primary=advisory_clear conf=0.554 eta=9.4
[t+0s] alert#9 primary=confirmed_clear conf=0.473 eta=1.5
[t+0s] pipeline feed ready — waiting for Decide seed
[t+0s] alert#16 primary=advisory_clear conf=0.517 eta=1.5
[t+0s] alert#14 primary=advisory_clear conf=0.524 eta=1.5
[t+0s] alert#12 primary=advisory_clear conf=0.58 eta=9.4
[t+0s] alert#10 primary=advisory_clear conf=0.554 eta=9.4
[t+0s] alert#9 primary=confirmed_clear conf=0.473 eta=1.5
[t+0s] pipeline feed ready — waiting for Decide seed
[t+0s] alert#16 primary=advisory_clear conf=0.517 eta=1.5
[t+0s] alert#14 primary=advisory_clear conf=0.524 eta=1.5
[t+0s] alert#12 primary=advisory_clear conf=0.58 eta=9.4
[t+0s] alert#10 primary=advisory_clear conf=0.554 eta=9.4
[t+0s] alert#9 primary=confirmed_clear conf=0.473 eta=1.5
[t+0s] pipeline feed ready — waiting for Decide seed
[t+0s] alert#16 primary=advisory_clear conf=0.517 eta=1.5
[t+0s] alert#14 primary=advisory_clear conf=0.524 eta=1.5
[t+0s] alert#12 primary=advisory_clear conf=0.58 eta=9.4
[t+0s] alert#10 primary=advisory_clear conf=0.554 eta=9.4
[t+0s] alert#9 primary=confirmed_clear conf=0.473 eta=1.5
[t+0s] pipeline feed ready — waiting for Decide seed
[t+0s] alert#16 primary=advisory_clear conf=0.517 eta=1.5
[t+0s] alert#14 primary=advisory_clear conf=0.524 eta=1.5
[t+0s] alert#12 primary=advisory_clear conf=0.58 eta=9.4
[t+0s] alert#10 primary=advisory_clear conf=0.554 eta=9.4
[t+0s] alert#9 primary=confirmed_clear conf=0.473 eta=1.5
[t+0s] pipeline feed ready — waiting for Decide seed
[t+0s] alert#16 primary=advisory_clear conf=0.517 eta=1.5
[t+0s] alert#14 primary=advisory_clear conf=0.524 eta=1.5
[t+0s] alert#12 primary=advisory_clear conf=0.58 eta=9.4
[t+0s] alert#10 primary=advisory_clear conf=0.554 eta=9.4
[t+0s] alert#9 primary=confirmed_clear conf=0.473 eta=1.5
[t+0s] pipeline feed ready — waiting for Decide seed
[t+0s] alert#16 primary=advisory_clear conf=0.517 eta=1.5
[t+0s] alert#14 primary=advisory_clear conf=0.524 eta=1.5
[t+0s] alert#12 primary=advisory_clear conf=0.58 eta=9.4
[t+0s] alert#10 primary=advisory_clear conf=0.554 eta=9.4
[t+0s] alert#9 primary=confirmed_clear conf=0.473 eta=1.5
[t+0s] pipeline feed ready — waiting for Decide seed
[t+0s] alert#16 primary=advisory_clear conf=0.517 eta=1.5
[t+0s] alert#14 primary=advisory_clear conf=0.524 eta=1.5
[t+0s] alert#12 primary=advisory_clear conf=0.58 eta=9.4
[t+0s] alert#10 primary=advisory_clear conf=0.554 eta=9.4
[t+0s] alert#9 primary=confirmed_clear conf=0.473 eta=1.5
[t+0s] pipeline feed ready — waiting for Decide seed
[t+0s] alert#16 primary=advisory_clear conf=0.517 eta=1.5
[t+0s] alert#14 primary=advisory_clear conf=0.524 eta=1.5
[t+0s] alert#12 primary=advisory_clear conf=0.58 eta=9.4
[t+0s] alert#10 primary=advisory_clear conf=0.554 eta=9.4
[t+0s] alert#9 primary=confirmed_clear conf=0.473 eta=1.5
[t+0s] pipeline feed ready — waiting for Decide seed
[t+0s] alert#16 primary=advisory_clear conf=0.517 eta=1.5
[t+0s] alert#14 primary=advisory_clear conf=0.524 eta=1.5
[t+0s] alert#12 primary=advisory_clear conf=0.58 eta=9.4
[t+0s] alert#10 primary=advisory_clear conf=0.554 eta=9.4
[t+0s] alert#9 primary=confirmed_clear conf=0.473 eta=1.5
[t+0s] pipeline feed ready — waiting for Decide seed
[t+0s] alert#16 primary=advisory_clear conf=0.517 eta=1.5
[t+0s] alert#14 primary=advisory_clear conf=0.524 eta=1.5
[t+0s] alert#12 primary=advisory_clear conf=0.58 eta=9.4
[t+0s] alert#10 primary=advisory_clear conf=0.554 eta=9.4
[t+0s] alert#9 primary=confirmed_clear conf=0.473 eta=1.5
[t+0s] pipeline feed ready — waiting for Decide seed
[t+0s] alert#16 primary=advisory_clear conf=0.517 eta=1.5
[t+0s] alert#14 primary=advisory_clear conf=0.524 eta=1.5
[t+0s] alert#12 primary=advisory_clear conf=0.58 eta=9.4
[t+0s] alert#10 primary=advisory_clear conf=0.554 eta=9.4
[t+0s] alert#9 primary=confirmed_clear conf=0.473 eta=1.5
[t+0s] pipeline feed ready — waiting for Decide seed
[t+0s] alert#16 primary=advisory_clear conf=0.517 eta=1.5
[t+0s] alert#14 primary=advisory_clear conf=0.524 eta=1.5
[t+0s] alert#12 primary=advisory_clear conf=0.58 eta=9.4
[t+0s] alert#10 primary=advisory_clear conf=0.554 eta=9.4
[t+0s] alert#9 primary=confirmed_clear conf=0.473 eta=1.5
[t+0s] pipeline feed ready — waiting for Decide seed
[t+0s] alert#16 primary=advisory_clear conf=0.517 eta=1.5
[t+0s] alert#14 primary=advisory_clear conf=0.524 eta=1.5
[t+0s] alert#12 primary=advisory_clear conf=0.58 eta=9.4
[t+0s] alert#10 primary=advisory_clear conf=0.554 eta=9.4
[t+0s] alert#9 primary=confirmed_clear conf=0.473 eta=1.5
[t+0s] pipeline feed ready — waiting for Decide seed
[t+0s] alert#16 primary=advisory_clear conf=0.517 eta=1.5
[t+0s] alert#14 primary=advisory_clear conf=0.524 eta=1.5
[t+0s] alert#12 primary=advisory_clear conf=0.58 eta=9.4
[t+0s] alert#10 primary=advisory_clear conf=0.554 eta=9.4
[t+0s] alert#9 primary=confirmed_clear conf=0.473 eta=1.5
[t+0s] pipeline feed ready — waiting for Decide seed
[t+0s] alert#16 primary=advisory_clear conf=0.517 eta=1.5
[t+0s] alert#14 primary=advisory_clear conf=0.524 eta=1.5
[t+0s] alert#12 primary=advisory_clear conf=0.58 eta=9.4
[t+0s] alert#10 primary=advisory_clear conf=0.554 eta=9.4
[t+0s] alert#9 primary=confirmed_clear conf=0.473 eta=1.5
[t+0s] pipeline feed ready — waiting for Decide seed
[t+0s] alert#16 primary=advisory_clear conf=0.517 eta=1.5
[t+0s] alert#14 primary=advisory_clear conf=0.524 eta=1.5
[t+0s] alert#12 primary=advisory_clear conf=0.58 eta=9.4
[t+0s] alert#10 primary=advisory_clear conf=0.554 eta=9.4
[t+0s] alert#9 primary=confirmed_clear conf=0.473 eta=1.5
[t+0s] pipeline feed ready — waiting for Decide seed
[t+0s] alert#16 primary=advisory_clear conf=0.517 eta=1.5
[t+0s] alert#14 primary=advisory_clear conf=0.524 eta=1.5
[t+0s] alert#12 primary=advisory_clear conf=0.58 eta=9.4
[t+0s] alert#10 primary=advisory_clear conf=0.554 eta=9.4
[t+0s] alert#9 primary=confirmed_clear conf=0.473 eta=1.5
[t+0s] pipeline feed ready — waiting for Decide seed
[t+0s] alert#16 primary=advisory_clear conf=0.517 eta=1.5
[t+0s] alert#14 primary=advisory_clear conf=0.524 eta=1.5
[t+0s] alert#12 primary=advisory_clear conf=0.58 eta=9.4
[t+0s] alert#10 primary=advisory_clear conf=0.554 eta=9.4
[t+0s] alert#9 primary=confirmed_clear conf=0.473 eta=1.5
[t+0s] pipeline feed ready — waiting for Decide seed
[t+0s] alert#16 primary=advisory_clear conf=0.517 eta=1.5
[t+0s] alert#14 primary=advisory_clear conf=0.524 eta=1.5
[t+0s] alert#12 primary=advisory_clear conf=0.58 eta=9.4
[t+0s] alert#10 primary=advisory_clear conf=0.554 eta=9.4
[t+0s] alert#9 primary=confirmed_clear conf=0.473 eta=1.5
[t+0s] pipeline feed ready — waiting for Decide seed
[t+0s] alert#16 primary=advisory_clear conf=0.517 eta=1.5
[t+0s] alert#14 primary=advisory_clear conf=0.524 eta=1.5
[t+0s] alert#12 primary=advisory_clear conf=0.58 eta=9.4
[t+0s] alert#10 primary=advisory_clear conf=0.554 eta=9.4
[t+0s] alert#9 primary=confirmed_clear conf=0.473 eta=1.5
[t+0s] pipeline feed ready — waiting for Decide seed
[t+0s] alert#16 primary=advisory_clear conf=0.517 eta=1.5
[t+0s] alert#14 primary=advisory_clear conf=0.524 eta=1.5
[t+0s] alert#12 primary=advisory_clear conf=0.58 eta=9.4
[t+0s] alert#10 primary=advisory_clear conf=0.554 eta=9.4
[t+0s] alert#9 primary=confirmed_clear conf=0.473 eta=1.5
[t+0s] pipeline feed ready — waiting for Decide seed
[t+0s] alert#16 primary=advisory_clear conf=0.517 eta=1.5
[t+0s] alert#14 primary=advisory_clear conf=0.524 eta=1.5
[t+0s] alert#12 primary=advisory_clear conf=0.58 eta=9.4
[t+0s] alert#10 primary=advisory_clear conf=0.554 eta=9.4
[t+0s] alert#9 primary=confirmed_clear conf=0.473 eta=1.5
[t+0s] pipeline feed ready — waiting for Decide seed
[t+0s] alert#16 primary=advisory_clear conf=0.517 eta=1.5
[t+0s] alert#14 primary=advisory_clear conf=0.524 eta=1.5
[t+0s] alert#12 primary=advisory_clear conf=0.58 eta=9.4
[t+0s] alert#10 primary=advisory_clear conf=0.554 eta=9.4
[t+0s] alert#9 primary=confirmed_clear conf=0.473 eta=1.5
[t+0s] pipeline feed ready — waiting for Decide seed
[t+0s] alert#16 primary=advisory_clear conf=0.517 eta=1.5
[t+0s] alert#14 primary=advisory_clear conf=0.524 eta=1.5
[t+0s] alert#12 primary=advisory_clear conf=0.58 eta=9.4
[t+0s] alert#10 primary=advisory_clear conf=0.554 eta=9.4
[t+0s] alert#9 primary=confirmed_clear conf=0.473 eta=1.5
[t+218s] seed alert#208215 primary=tunnel_degradation sev=1C from Q1/Q2 — Approve to steer, or wait for auto-collapse
[t+218s] alert#208215 primary=tunnel_degradation conf=0.5504 eta=3.327 playbook=1. Approve: steer ESP underlay to eth0 on PE1 (force_path)
[t+0s] pipeline feed ready — waiting for Decide seed
[t+0s] alert#208215 primary=tunnel_degradation conf=0.5504 eta=3.327 playbook=1. Approve: steer ESP underlay to eth0 on PE1 (force_path)
[t+0s] pipeline feed ready — waiting for Decide seed
[t+0s] alert#208216 primary=tunnel_degradation conf=0.55 eta=1.940000025431315 firing_tti_heads=[{'head': 'latency', 'eta_seconds': 116.4000015258789}] playbook=1. Approve: steer ESP underlay to eth0 on PE1 (force_path)
[t+0s] alert#208215 primary=tunnel_degradation conf=0.5504 eta=3.327 playbook=1. Approve: steer ESP underlay to eth0 on PE1 (force_path)
[t+234s] alert#208216 primary=tunnel_degradation conf=0.55 eta=1.940000025431315 firing_tti_heads=[{'head': 'latency', 'eta_seconds': 116.4000015258789}] playbook=1. Approve: steer ESP underlay to eth0 on PE1 (force_path)
[t+0s] pipeline feed ready — waiting for Decide seed
[t+0s] alert#208216 primary=tunnel_degradation conf=0.55 eta=1.940000025431315 firing_tti_heads=[{'head': 'latency', 'eta_seconds': 116.4000015258789}] playbook=1. Approve: steer ESP underlay to eth0 on PE1 (force_path)
[t+0s] alert#208215 primary=tunnel_degradation conf=0.5504 eta=3.327 playbook=1. Approve: steer ESP underlay to eth0 on PE1 (force_path)
[t+0s] pipeline feed ready — waiting for Decide seed
[t+0s] alert#208216 primary=tunnel_degradation conf=0.55 eta=1.940000025431315 firing_tti_heads=[{'head': 'latency', 'eta_seconds': 116.4000015258789}] playbook=1. Approve: steer ESP underlay to eth0 on PE1 (force_path)
[t+0s] alert#208215 primary=tunnel_degradation conf=0.5504 eta=3.327 playbook=1. Approve: steer ESP underlay to eth0 on PE1 (force_path)
[t+0s] pipeline feed ready — waiting for Decide seed
[t+0s] alert#208216 primary=tunnel_degradation conf=0.55 eta=1.940000025431315 firing_tti_heads=[{'head': 'latency', 'eta_seconds': 116.4000015258789}] playbook=1. Approve: steer ESP underlay to eth0 on PE1 (force_path)
[t+0s] alert#208215 primary=tunnel_degradation conf=0.5504 eta=3.327 playbook=1. Approve: steer ESP underlay to eth0 on PE1 (force_path)
[t+0s] pipeline feed ready — waiting for Decide seed
[t+0s] alert#208216 primary=tunnel_degradation conf=0.55 eta=1.940000025431315 firing_tti_heads=[{'head': 'latency', 'eta_seconds': 116.4000015258789}] playbook=1. Approve: steer ESP underlay to eth0 on PE1 (force_path)
[t+0s] alert#208215 primary=tunnel_degradation conf=0.5504 eta=3.327 playbook=1. Approve: steer ESP underlay to eth0 on PE1 (force_path)
[t+0s] pipeline feed ready — waiting for Decide seed
[t+0s] alert#208216 primary=tunnel_degradation conf=0.55 eta=1.940000025431315 firing_tti_heads=[{'head': 'latency', 'eta_seconds': 116.4000015258789}] playbook=1. Approve: steer ESP underlay to eth0 on PE1 (force_path)
[t+0s] alert#208215 primary=tunnel_degradation conf=0.5504 eta=3.327 playbook=1. Approve: steer ESP underlay to eth0 on PE1 (force_path)
[t+277s] Approve done — waiting for natural healthy (steered)
[t+281s] Approve done — waiting for natural healthy (steered)
[t+0s] pipeline feed ready — waiting for Decide seed
[t+0s] alert#208215 primary=tunnel_degradation conf=0.5504 eta=3.327 playbook=1. Approve: steer ESP underlay to eth0 on PE1 (force_path)
[t+0s] pipeline feed ready — waiting for Decide seed
[t+0s] alert#208215 primary=tunnel_degradation conf=0.5504 eta=3.327 playbook=1. Approve: steer ESP underlay to eth0 on PE1 (force_path)
[t+293s] path settled — idle (steered)
[t+0s] pipeline feed ready — waiting for Decide seed
[t+0s] alert#16 primary=advisory_clear conf=0.517 eta=1.5
[t+0s] alert#14 primary=advisory_clear conf=0.524 eta=1.5
[t+0s] alert#12 primary=advisory_clear conf=0.58 eta=9.4
[t+0s] alert#10 primary=advisory_clear conf=0.554 eta=9.4
[t+0s] alert#9 primary=confirmed_clear conf=0.473 eta=1.5
[t+0s] pipeline feed ready — waiting for Decide seed
[t+0s] alert#16 primary=advisory_clear conf=0.517 eta=1.5
[t+0s] alert#14 primary=advisory_clear conf=0.524 eta=1.5
[t+0s] alert#12 primary=advisory_clear conf=0.58 eta=9.4
[t+0s] alert#10 primary=advisory_clear conf=0.554 eta=9.4
[t+0s] alert#9 primary=confirmed_clear conf=0.473 eta=1.5
[t+0s] pipeline feed ready — waiting for Decide seed
[t+0s] alert#16 primary=advisory_clear conf=0.517 eta=1.5
[t+0s] alert#14 primary=advisory_clear conf=0.524 eta=1.5
[t+0s] alert#12 primary=advisory_clear conf=0.58 eta=9.4
[t+0s] alert#10 primary=advisory_clear conf=0.554 eta=9.4
[t+0s] alert#9 primary=confirmed_clear conf=0.473 eta=1.5
[t+0s] pipeline feed ready — waiting for Decide seed
[t+0s] alert#16 primary=advisory_clear conf=0.517 eta=1.5
[t+0s] alert#14 primary=advisory_clear conf=0.524 eta=1.5
[t+0s] alert#12 primary=advisory_clear conf=0.58 eta=9.4
[t+0s] alert#10 primary=advisory_clear conf=0.554 eta=9.4
[t+0s] alert#9 primary=confirmed_clear conf=0.473 eta=1.5
[t+0s] pipeline feed ready — waiting for Decide seed
[t+0s] alert#16 primary=advisory_clear conf=0.517 eta=1.5
[t+0s] alert#14 primary=advisory_clear conf=0.524 eta=1.5
[t+0s] alert#12 primary=advisory_clear conf=0.58 eta=9.4
[t+0s] alert#10 primary=advisory_clear conf=0.554 eta=9.4
[t+0s] alert#9 primary=confirmed_clear conf=0.473 eta=1.5
[t+0s] pipeline feed ready — waiting for Decide seed
[t+0s] alert#16 primary=advisory_clear conf=0.517 eta=1.5
[t+0s] alert#14 primary=advisory_clear conf=0.524 eta=1.5
[t+0s] alert#12 primary=advisory_clear conf=0.58 eta=9.4
[t+0s] alert#10 primary=advisory_clear conf=0.554 eta=9.4
[t+0s] alert#9 primary=confirmed_clear conf=0.473 eta=1.5
[t+0s] pipeline feed ready — waiting for Decide seed
[t+0s] alert#16 primary=advisory_clear conf=0.517 eta=1.5
[t+0s] alert#14 primary=advisory_clear conf=0.524 eta=1.5
[t+0s] alert#12 primary=advisory_clear conf=0.58 eta=9.4
[t+0s] alert#10 primary=advisory_clear conf=0.554 eta=9.4
[t+0s] alert#9 primary=confirmed_clear conf=0.473 eta=1.5
[t+0s] pipeline feed ready — waiting for Decide seed
[t+0s] alert#16 primary=advisory_clear conf=0.517 eta=1.5
[t+0s] alert#14 primary=advisory_clear conf=0.524 eta=1.5
[t+0s] alert#12 primary=advisory_clear conf=0.58 eta=9.4
[t+0s] alert#10 primary=advisory_clear conf=0.554 eta=9.4
[t+0s] alert#9 primary=confirmed_clear conf=0.473 eta=1.5
[t+0s] pipeline feed ready — waiting for Decide seed
[t+0s] alert#16 primary=advisory_clear conf=0.517 eta=1.5
[t+0s] alert#14 primary=advisory_clear conf=0.524 eta=1.5
[t+0s] alert#12 primary=advisory_clear conf=0.58 eta=9.4
[t+0s] alert#10 primary=advisory_clear conf=0.554 eta=9.4
[t+0s] alert#9 primary=confirmed_clear conf=0.473 eta=1.5
[t+0s] pipeline feed ready — waiting for Decide seed
[t+0s] alert#16 primary=advisory_clear conf=0.517 eta=1.5
[t+0s] alert#14 primary=advisory_clear conf=0.524 eta=1.5
[t+0s] alert#12 primary=advisory_clear conf=0.58 eta=9.4
[t+0s] alert#10 primary=advisory_clear conf=0.554 eta=9.4
[t+0s] alert#9 primary=confirmed_clear conf=0.473 eta=1.5
[t+0s] pipeline feed ready — waiting for Decide seed
[t+0s] alert#16 primary=advisory_clear conf=0.517 eta=1.5
[t+0s] alert#14 primary=advisory_clear conf=0.524 eta=1.5
[t+0s] alert#12 primary=advisory_clear conf=0.58 eta=9.4
[t+0s] alert#10 primary=advisory_clear conf=0.554 eta=9.4
[t+0s] alert#9 primary=confirmed_clear conf=0.473 eta=1.5
[t+0s] pipeline feed ready — waiting for Decide seed
[t+0s] alert#16 primary=advisory_clear conf=0.517 eta=1.5
[t+0s] alert#14 primary=advisory_clear conf=0.524 eta=1.5
[t+0s] alert#12 primary=advisory_clear conf=0.58 eta=9.4
[t+0s] alert#10 primary=advisory_clear conf=0.554 eta=9.4
[t+0s] alert#9 primary=confirmed_clear conf=0.473 eta=1.5
[t+0s] pipeline feed ready — waiting for Decide seed
[t+0s] alert#16 primary=advisory_clear conf=0.517 eta=1.5
[t+0s] alert#14 primary=advisory_clear conf=0.524 eta=1.5
[t+0s] alert#12 primary=advisory_clear conf=0.58 eta=9.4
[t+0s] alert#10 primary=advisory_clear conf=0.554 eta=9.4
[t+0s] alert#9 primary=confirmed_clear conf=0.473 eta=1.5
[t+0s] pipeline feed ready — waiting for Decide seed
[t+0s] alert#16 primary=advisory_clear conf=0.517 eta=1.5
[t+0s] alert#14 primary=advisory_clear conf=0.524 eta=1.5
[t+0s] alert#12 primary=advisory_clear conf=0.58 eta=9.4
[t+0s] alert#10 primary=advisory_clear conf=0.554 eta=9.4
[t+0s] alert#9 primary=confirmed_clear conf=0.473 eta=1.5
[t+409s] seed alert#208217 primary=tunnel_degradation sev=4B from Q1/Q2 — Approve to steer, or wait for auto-collapse
[t+410s] alert#208217 primary=tunnel_degradation conf=0.7616 eta=7.192 playbook=1. Approve: steer ESP underlay to eth0 on PE1 (force_path)
[t+0s] pipeline feed ready — waiting for Decide seed
[t+0s] alert#208217 primary=tunnel_degradation conf=0.7616 eta=7.192 playbook=1. Approve: steer ESP underlay to eth0 on PE1 (force_path)
[t+0s] pipeline feed ready — waiting for Decide seed
[t+0s] alert#208217 primary=tunnel_degradation conf=0.7616 eta=7.192 playbook=1. Approve: steer ESP underlay to eth0 on PE1 (force_path)
[t+0s] pipeline feed ready — waiting for Decide seed
[t+0s] alert#208217 primary=tunnel_degradation conf=0.7616 eta=7.192 playbook=1. Approve: steer ESP underlay to eth0 on PE1 (force_path)
[t+0s] pipeline feed ready — waiting for Decide seed
[t+0s] alert#208217 primary=tunnel_degradation conf=0.7616 eta=7.192 playbook=1. Approve: steer ESP underlay to eth0 on PE1 (force_path)
[t+0s] pipeline feed ready — waiting for Decide seed
[t+0s] alert#208217 primary=tunnel_degradation conf=0.7616 eta=7.192 playbook=1. Approve: steer ESP underlay to eth0 on PE1 (force_path)
[t+0s] pipeline feed ready — waiting for Decide seed
[t+0s] alert#208217 primary=tunnel_degradation conf=0.7616 eta=7.192 playbook=1. Approve: steer ESP underlay to eth0 on PE1 (force_path)
[t+0s] pipeline feed ready — waiting for Decide seed
[t+0s] alert#208217 primary=tunnel_degradation conf=0.7616 eta=7.192 playbook=1. Approve: steer ESP underlay to eth0 on PE1 (force_path)
[t+0s] pipeline feed ready — waiting for Decide seed
[t+0s] alert#208217 primary=tunnel_degradation conf=0.7616 eta=7.192 playbook=1. Approve: steer ESP underlay to eth0 on PE1 (force_path)
[t+0s] pipeline feed ready — waiting for Decide seed
[t+0s] alert#208217 primary=tunnel_degradation conf=0.7616 eta=7.192 playbook=1. Approve: steer ESP underlay to eth0 on PE1 (force_path)
[t+0s] pipeline feed ready — waiting for Decide seed
[t+0s] alert#208217 primary=tunnel_degradation conf=0.7616 eta=7.192 playbook=1. Approve: steer ESP underlay to eth0 on PE1 (force_path)
[t+0s] pipeline feed ready — waiting for Decide seed
[t+0s] alert#208217 primary=tunnel_degradation conf=0.7616 eta=7.192 playbook=1. Approve: steer ESP underlay to eth0 on PE1 (force_path)
[t+0s] pipeline feed ready — waiting for Decide seed
[t+0s] alert#208217 primary=tunnel_degradation conf=0.7616 eta=7.192 playbook=1. Approve: steer ESP underlay to eth0 on PE1 (force_path)
[t+0s] pipeline feed ready — waiting for Decide seed
[t+0s] alert#208217 primary=tunnel_degradation conf=0.7616 eta=7.192 playbook=1. Approve: steer ESP underlay to eth0 on PE1 (force_path)
[t+0s] pipeline feed ready — waiting for Decide seed
[t+0s] alert#208217 primary=tunnel_degradation conf=0.7616 eta=7.192 playbook=1. Approve: steer ESP underlay to eth0 on PE1 (force_path)
[t+0s] pipeline feed ready — waiting for Decide seed
[t+0s] alert#208217 primary=tunnel_degradation conf=0.7616 eta=7.192 playbook=1. Approve: steer ESP underlay to eth0 on PE1 (force_path)
[t+0s] pipeline feed ready — waiting for Decide seed
[t+0s] alert#208217 primary=tunnel_degradation conf=0.7616 eta=7.192 playbook=1. Approve: steer ESP underlay to eth0 on PE1 (force_path)
[t+0s] pipeline feed ready — waiting for Decide seed
[t+0s] alert#208217 primary=tunnel_degradation conf=0.7616 eta=7.192 playbook=1. Approve: steer ESP underlay to eth0 on PE1 (force_path)
[t+0s] pipeline feed ready — waiting for Decide seed
[t+0s] alert#208217 primary=tunnel_degradation conf=0.7616 eta=7.192 playbook=1. Approve: steer ESP underlay to eth0 on PE1 (force_path)
[t+0s] pipeline feed ready — waiting for Decide seed
[t+0s] alert#208217 primary=tunnel_degradation conf=0.7616 eta=7.192 playbook=1. Approve: steer ESP underlay to eth0 on PE1 (force_path)
[t+0s] pipeline feed ready — waiting for Decide seed
[t+0s] alert#208217 primary=tunnel_degradation conf=0.7616 eta=7.192 playbook=1. Approve: steer ESP underlay to eth0 on PE1 (force_path)
[t+0s] pipeline feed ready — waiting for Decide seed
[t+0s] alert#208217 primary=tunnel_degradation conf=0.7616 eta=7.192 playbook=1. Approve: steer ESP underlay to eth0 on PE1 (force_path)
[t+0s] pipeline feed ready — waiting for Decide seed
[t+0s] alert#208217 primary=tunnel_degradation conf=0.7616 eta=7.192 playbook=1. Approve: steer ESP underlay to eth0 on PE1 (force_path)
[t+0s] pipeline feed ready — waiting for Decide seed
[t+0s] alert#208217 primary=tunnel_degradation conf=0.7616 eta=7.192 playbook=1. Approve: steer ESP underlay to eth0 on PE1 (force_path)
[t+0s] pipeline feed ready — waiting for Decide seed
[t+0s] alert#208217 primary=tunnel_degradation conf=0.7616 eta=7.192 playbook=1. Approve: steer ESP underlay to eth0 on PE1 (force_path)
[t+0s] pipeline feed ready — waiting for Decide seed
[t+0s] alert#208217 primary=tunnel_degradation conf=0.7616 eta=7.192 playbook=1. Approve: steer ESP underlay to eth0 on PE1 (force_path)
[t+0s] pipeline feed ready — waiting for Decide seed
[t+0s] alert#208217 primary=tunnel_degradation conf=0.7616 eta=7.192 playbook=1. Approve: steer ESP underlay to eth0 on PE1 (force_path)
[t+0s] pipeline feed ready — waiting for Decide seed
[t+0s] alert#208217 primary=tunnel_degradation conf=0.7616 eta=7.192 playbook=1. Approve: steer ESP underlay to eth0 on PE1 (force_path)
[t+0s] pipeline feed ready — waiting for Decide seed
[t+0s] alert#208217 primary=tunnel_degradation conf=0.7616 eta=7.192 playbook=1. Approve: steer ESP underlay to eth0 on PE1 (force_path)
[t+0s] pipeline feed ready — waiting for Decide seed
[t+0s] alert#208217 primary=tunnel_degradation conf=0.7616 eta=7.192 playbook=1. Approve: steer ESP underlay to eth0 on PE1 (force_path)
[t+0s] pipeline feed ready — waiting for Decide seed
[t+0s] alert#208217 primary=tunnel_degradation conf=0.7616 eta=7.192 playbook=1. Approve: steer ESP underlay to eth0 on PE1 (force_path)
[t+0s] pipeline feed ready — waiting for Decide seed
[t+0s] alert#208217 primary=tunnel_degradation conf=0.7616 eta=7.192 playbook=1. Approve: steer ESP underlay to eth0 on PE1 (force_path)
[t+0s] pipeline feed ready — waiting for Decide seed
[t+0s] alert#208217 primary=tunnel_degradation conf=0.7616 eta=7.192 playbook=1. Approve: steer ESP underlay to eth0 on PE1 (force_path)
[t+0s] pipeline feed ready — waiting for Decide seed
[t+0s] alert#208217 primary=tunnel_degradation conf=0.7616 eta=7.192 playbook=1. Approve: steer ESP underlay to eth0 on PE1 (force_path)
[t+0s] pipeline feed ready — waiting for Decide seed
[t+0s] alert#208217 primary=tunnel_degradation conf=0.7616 eta=7.192 playbook=1. Approve: steer ESP underlay to eth0 on PE1 (force_path)
[t+0s] pipeline feed ready — waiting for Decide seed
[t+0s] alert#208217 primary=tunnel_degradation conf=0.7616 eta=7.192 playbook=1. Approve: steer ESP underlay to eth0 on PE1 (force_path)
[t+0s] pipeline feed ready — waiting for Decide seed
[t+0s] alert#208217 primary=tunnel_degradation conf=0.7616 eta=7.192 playbook=1. Approve: steer ESP underlay to eth0 on PE1 (force_path)
[t+0s] pipeline feed ready — waiting for Decide seed
[t+0s] alert#208217 primary=tunnel_degradation conf=0.7616 eta=7.192 playbook=1. Approve: steer ESP underlay to eth0 on PE1 (force_path)
[t+0s] pipeline feed ready — waiting for Decide seed
[t+0s] alert#208217 primary=tunnel_degradation conf=0.7616 eta=7.192 playbook=1. Approve: steer ESP underlay to eth0 on PE1 (force_path)
[t+0s] pipeline feed ready — waiting for Decide seed
[t+0s] alert#208217 primary=tunnel_degradation conf=0.7616 eta=7.192 playbook=1. Approve: steer ESP underlay to eth0 on PE1 (force_path)
[t+0s] pipeline feed ready — waiting for Decide seed
[t+0s] alert#208217 primary=tunnel_degradation conf=0.7616 eta=7.192 playbook=1. Approve: steer ESP underlay to eth0 on PE1 (force_path)
[t+0s] pipeline feed ready — waiting for Decide seed
[t+0s] alert#208217 primary=tunnel_degradation conf=0.7616 eta=7.192 playbook=1. Approve: steer ESP underlay to eth0 on PE1 (force_path)
[t+0s] pipeline feed ready — waiting for Decide seed
[t+0s] alert#208217 primary=tunnel_degradation conf=0.7616 eta=7.192 playbook=1. Approve: steer ESP underlay to eth0 on PE1 (force_path)
[t+0s] pipeline feed ready — waiting for Decide seed
[t+0s] alert#208217 primary=tunnel_degradation conf=0.7616 eta=7.192 playbook=1. Approve: steer ESP underlay to eth0 on PE1 (force_path)
[t+0s] pipeline feed ready — waiting for Decide seed
[t+0s] alert#208217 primary=tunnel_degradation conf=0.7616 eta=7.192 playbook=1. Approve: steer ESP underlay to eth0 on PE1 (force_path)
[t+0s] pipeline feed ready — waiting for Decide seed
[t+0s] alert#208217 primary=tunnel_degradation conf=0.7616 eta=7.192 playbook=1. Approve: steer ESP underlay to eth0 on PE1 (force_path)
[t+0s] pipeline feed ready — waiting for Decide seed
[t+0s] alert#208217 primary=tunnel_degradation conf=0.7616 eta=7.192 playbook=1. Approve: steer ESP underlay to eth0 on PE1 (force_path)
[t+0s] pipeline feed ready — waiting for Decide seed
[t+0s] alert#208217 primary=tunnel_degradation conf=0.7616 eta=7.192 playbook=1. Approve: steer ESP underlay to eth0 on PE1 (force_path)
[t+0s] pipeline feed ready — waiting for Decide seed
[t+0s] alert#208217 primary=tunnel_degradation conf=0.7616 eta=7.192 playbook=1. Approve: steer ESP underlay to eth0 on PE1 (force_path)
[t+0s] pipeline feed ready — waiting for Decide seed
[t+0s] alert#208217 primary=tunnel_degradation conf=0.7616 eta=7.192 playbook=1. Approve: steer ESP underlay to eth0 on PE1 (force_path)
[t+0s] pipeline feed ready — waiting for Decide seed
[t+0s] alert#208217 primary=tunnel_degradation conf=0.7616 eta=7.192 playbook=1. Approve: steer ESP underlay to eth0 on PE1 (force_path)
[t+0s] pipeline feed ready — waiting for Decide seed
[t+0s] alert#208217 primary=tunnel_degradation conf=0.7616 eta=7.192 playbook=1. Approve: steer ESP underlay to eth0 on PE1 (force_path)
[t+0s] pipeline feed ready — waiting for Decide seed
[t+0s] alert#208217 primary=tunnel_degradation conf=0.7616 eta=7.192 playbook=1. Approve: steer ESP underlay to eth0 on PE1 (force_path)
[t+0s] pipeline feed ready — waiting for Decide seed
[t+0s] alert#208217 primary=tunnel_degradation conf=0.7616 eta=7.192 playbook=1. Approve: steer ESP underlay to eth0 on PE1 (force_path)
[t+0s] pipeline feed ready — waiting for Decide seed
[t+0s] alert#208217 primary=tunnel_degradation conf=0.7616 eta=7.192 playbook=1. Approve: steer ESP underlay to eth0 on PE1 (force_path)
[t+0s] pipeline feed ready — waiting for Decide seed
[t+0s] alert#208217 primary=tunnel_degradation conf=0.7616 eta=7.192 playbook=1. Approve: steer ESP underlay to eth0 on PE1 (force_path)
[t+0s] pipeline feed ready — waiting for Decide seed
[t+0s] alert#208217 primary=tunnel_degradation conf=0.7616 eta=7.192 playbook=1. Approve: steer ESP underlay to eth0 on PE1 (force_path)
[t+0s] pipeline feed ready — waiting for Decide seed
[t+0s] alert#208217 primary=tunnel_degradation conf=0.7616 eta=7.192 playbook=1. Approve: steer ESP underlay to eth0 on PE1 (force_path)
[t+0s] pipeline feed ready — waiting for Decide seed
[t+0s] alert#208217 primary=tunnel_degradation conf=0.7616 eta=7.192 playbook=1. Approve: steer ESP underlay to eth0 on PE1 (force_path)
[t+0s] pipeline feed ready — waiting for Decide seed
[t+0s] alert#208217 primary=tunnel_degradation conf=0.7616 eta=7.192 playbook=1. Approve: steer ESP underlay to eth0 on PE1 (force_path)
[t+0s] pipeline feed ready — waiting for Decide seed
[t+0s] alert#208217 primary=tunnel_degradation conf=0.7616 eta=7.192 playbook=1. Approve: steer ESP underlay to eth0 on PE1 (force_path)
[t+0s] pipeline feed ready — waiting for Decide seed
[t+0s] alert#208217 primary=tunnel_degradation conf=0.7616 eta=7.192 playbook=1. Approve: steer ESP underlay to eth0 on PE1 (force_path)
[t+0s] pipeline feed ready — waiting for Decide seed
[t+0s] alert#208217 primary=tunnel_degradation conf=0.7616 eta=7.192 playbook=1. Approve: steer ESP underlay to eth0 on PE1 (force_path)
[t+0s] pipeline feed ready — waiting for Decide seed
[t+0s] alert#208217 primary=tunnel_degradation conf=0.7616 eta=7.192 playbook=1. Approve: steer ESP underlay to eth0 on PE1 (force_path)
[t+0s] pipeline feed ready — waiting for Decide seed
[t+0s] alert#208217 primary=tunnel_degradation conf=0.7616 eta=7.192 playbook=1. Approve: steer ESP underlay to eth0 on PE1 (force_path)
[t+0s] pipeline feed ready — waiting for Decide seed
[t+0s] alert#208217 primary=tunnel_degradation conf=0.7616 eta=7.192 playbook=1. Approve: steer ESP underlay to eth0 on PE1 (force_path)
[t+0s] pipeline feed ready — waiting for Decide seed
[t+0s] alert#208217 primary=tunnel_degradation conf=0.7616 eta=7.192 playbook=1. Approve: steer ESP underlay to eth0 on PE1 (force_path)
[t+0s] pipeline feed ready — waiting for Decide seed
[t+0s] alert#208217 primary=tunnel_degradation conf=0.7616 eta=7.192 playbook=1. Approve: steer ESP underlay to eth0 on PE1 (force_path)
[t+0s] pipeline feed ready — waiting for Decide seed
[t+0s] alert#208217 primary=tunnel_degradation conf=0.7616 eta=7.192 playbook=1. Approve: steer ESP underlay to eth0 on PE1 (force_path)
[t+0s] pipeline feed ready — waiting for Decide seed
[t+0s] alert#208217 primary=tunnel_degradation conf=0.7616 eta=7.192 playbook=1. Approve: steer ESP underlay to eth0 on PE1 (force_path)
[t+0s] pipeline feed ready — waiting for Decide seed
[t+0s] alert#208217 primary=tunnel_degradation conf=0.7616 eta=7.192 playbook=1. Approve: steer ESP underlay to eth0 on PE1 (force_path)
[t+0s] pipeline feed ready — waiting for Decide seed
[t+0s] alert#208217 primary=tunnel_degradation conf=0.7616 eta=7.192 playbook=1. Approve: steer ESP underlay to eth0 on PE1 (force_path)
[t+0s] pipeline feed ready — waiting for Decide seed
[t+0s] alert#208217 primary=tunnel_degradation conf=0.7616 eta=7.192 playbook=1. Approve: steer ESP underlay to eth0 on PE1 (force_path)
[t+0s] pipeline feed ready — waiting for Decide seed
[t+0s] alert#208217 primary=tunnel_degradation conf=0.7616 eta=7.192 playbook=1. Approve: steer ESP underlay to eth0 on PE1 (force_path)
[t+0s] pipeline feed ready — waiting for Decide seed
[t+0s] alert#208217 primary=tunnel_degradation conf=0.7616 eta=7.192 playbook=1. Approve: steer ESP underlay to eth0 on PE1 (force_path)
[t+0s] pipeline feed ready — waiting for Decide seed
[t+0s] alert#208217 primary=tunnel_degradation conf=0.7616 eta=7.192 playbook=1. Approve: steer ESP underlay to eth0 on PE1 (force_path)
[t+0s] pipeline feed ready — waiting for Decide seed
[t+0s] alert#208217 primary=tunnel_degradation conf=0.7616 eta=7.192 playbook=1. Approve: steer ESP underlay to eth0 on PE1 (force_path)
[t+0s] pipeline feed ready — waiting for Decide seed
[t+0s] alert#208217 primary=tunnel_degradation conf=0.7616 eta=7.192 playbook=1. Approve: steer ESP underlay to eth0 on PE1 (force_path)
[t+0s] pipeline feed ready — waiting for Decide seed
[t+0s] alert#208217 primary=tunnel_degradation conf=0.7616 eta=7.192 playbook=1. Approve: steer ESP underlay to eth0 on PE1 (force_path)
[t+0s] pipeline feed ready — waiting for Decide seed
[t+0s] alert#208217 primary=tunnel_degradation conf=0.7616 eta=7.192 playbook=1. Approve: steer ESP underlay to eth0 on PE1 (force_path)
[t+0s] pipeline feed ready — waiting for Decide seed
[t+0s] alert#208217 primary=tunnel_degradation conf=0.7616 eta=7.192 playbook=1. Approve: steer ESP underlay to eth0 on PE1 (force_path)
[t+0s] pipeline feed ready — waiting for Decide seed
[t+0s] alert#208217 primary=tunnel_degradation conf=0.7616 eta=7.192 playbook=1. Approve: steer ESP underlay to eth0 on PE1 (force_path)
[t+0s] pipeline feed ready — waiting for Decide seed
[t+0s] alert#208217 primary=tunnel_degradation conf=0.7616 eta=7.192 playbook=1. Approve: steer ESP underlay to eth0 on PE1 (force_path)
[t+0s] pipeline feed ready — waiting for Decide seed
[t+0s] alert#208217 primary=tunnel_degradation conf=0.7616 eta=7.192 playbook=1. Approve: steer ESP underlay to eth0 on PE1 (force_path)
[t+0s] pipeline feed ready — waiting for Decide seed
[t+0s] alert#208217 primary=tunnel_degradation conf=0.7616 eta=7.192 playbook=1. Approve: steer ESP underlay to eth0 on PE1 (force_path)
[t+0s] pipeline feed ready — waiting for Decide seed
[t+0s] alert#208217 primary=tunnel_degradation conf=0.7616 eta=7.192 playbook=1. Approve: steer ESP underlay to eth0 on PE1 (force_path)
[t+0s] pipeline feed ready — waiting for Decide seed
[t+0s] alert#208217 primary=tunnel_degradation conf=0.7616 eta=7.192 playbook=1. Approve: steer ESP underlay to eth0 on PE1 (force_path)
[t+0s] pipeline feed ready — waiting for Decide seed
[t+0s] alert#208217 primary=tunnel_degradation conf=0.7616 eta=7.192 playbook=1. Approve: steer ESP underlay to eth0 on PE1 (force_path)
[t+0s] pipeline feed ready — waiting for Decide seed
[t+0s] alert#208217 primary=tunnel_degradation conf=0.7616 eta=7.192 playbook=1. Approve: steer ESP underlay to eth0 on PE1 (force_path)
[t+0s] pipeline feed ready — waiting for Decide seed
[t+0s] alert#208217 primary=tunnel_degradation conf=0.7616 eta=7.192 playbook=1. Approve: steer ESP underlay to eth0 on PE1 (force_path)
[t+0s] pipeline feed ready — waiting for Decide seed
[t+0s] alert#208217 primary=tunnel_degradation conf=0.7616 eta=7.192 playbook=1. Approve: steer ESP underlay to eth0 on PE1 (force_path)
[t+0s] pipeline feed ready — waiting for Decide seed
[t+0s] alert#208217 primary=tunnel_degradation conf=0.7616 eta=7.192 playbook=1. Approve: steer ESP underlay to eth0 on PE1 (force_path)
[t+0s] pipeline feed ready — waiting for Decide seed
[t+0s] alert#208217 primary=tunnel_degradation conf=0.7616 eta=7.192 playbook=1. Approve: steer ESP underlay to eth0 on PE1 (force_path)
[t+0s] pipeline feed ready — waiting for Decide seed
[t+0s] alert#208217 primary=tunnel_degradation conf=0.7616 eta=7.192 playbook=1. Approve: steer ESP underlay to eth0 on PE1 (force_path)
[t+0s] pipeline feed ready — waiting for Decide seed
[t+0s] alert#208217 primary=tunnel_degradation conf=0.7616 eta=7.192 playbook=1. Approve: steer ESP underlay to eth0 on PE1 (force_path)
[t+0s] pipeline feed ready — waiting for Decide seed
[t+0s] alert#208217 primary=tunnel_degradation conf=0.7616 eta=7.192 playbook=1. Approve: steer ESP underlay to eth0 on PE1 (force_path)
[t+0s] pipeline feed ready — waiting for Decide seed
[t+0s] alert#208217 primary=tunnel_degradation conf=0.7616 eta=7.192 playbook=1. Approve: steer ESP underlay to eth0 on PE1 (force_path)
[t+0s] pipeline feed ready — waiting for Decide seed
[t+0s] alert#208217 primary=tunnel_degradation conf=0.7616 eta=7.192 playbook=1. Approve: steer ESP underlay to eth0 on PE1 (force_path)
[t+0s] pipeline feed ready — waiting for Decide seed
[t+0s] alert#208217 primary=tunnel_degradation conf=0.7616 eta=7.192 playbook=1. Approve: steer ESP underlay to eth0 on PE1 (force_path)
[t+0s] pipeline feed ready — waiting for Decide seed
[t+0s] alert#208217 primary=tunnel_degradation conf=0.7616 eta=7.192 playbook=1. Approve: steer ESP underlay to eth0 on PE1 (force_path)
[t+0s] pipeline feed ready — waiting for Decide seed
[t+0s] alert#208217 primary=tunnel_degradation conf=0.7616 eta=7.192 playbook=1. Approve: steer ESP underlay to eth0 on PE1 (force_path)
[t+0s] pipeline feed ready — waiting for Decide seed
[t+0s] alert#208217 primary=tunnel_degradation conf=0.7616 eta=7.192 playbook=1. Approve: steer ESP underlay to eth0 on PE1 (force_path)
[t+0s] pipeline feed ready — waiting for Decide seed
[t+0s] alert#208217 primary=tunnel_degradation conf=0.7616 eta=7.192 playbook=1. Approve: steer ESP underlay to eth0 on PE1 (force_path)
[t+0s] pipeline feed ready — waiting for Decide seed
[t+0s] alert#208217 primary=tunnel_degradation conf=0.7616 eta=7.192 playbook=1. Approve: steer ESP underlay to eth0 on PE1 (force_path)
[t+0s] pipeline feed ready — waiting for Decide seed
[t+0s] alert#208217 primary=tunnel_degradation conf=0.7616 eta=7.192 playbook=1. Approve: steer ESP underlay to eth0 on PE1 (force_path)
[t+0s] pipeline feed ready — waiting for Decide seed
[t+0s] alert#208217 primary=tunnel_degradation conf=0.7616 eta=7.192 playbook=1. Approve: steer ESP underlay to eth0 on PE1 (force_path)
[t+0s] pipeline feed ready — waiting for Decide seed
[t+0s] alert#208217 primary=tunnel_degradation conf=0.7616 eta=7.192 playbook=1. Approve: steer ESP underlay to eth0 on PE1 (force_path)
[t+0s] pipeline feed ready — waiting for Decide seed
[t+0s] alert#208217 primary=tunnel_degradation conf=0.7616 eta=7.192 playbook=1. Approve: steer ESP underlay to eth0 on PE1 (force_path)
[t+0s] pipeline feed ready — waiting for Decide seed
[t+0s] alert#208217 primary=tunnel_degradation conf=0.7616 eta=7.192 playbook=1. Approve: steer ESP underlay to eth0 on PE1 (force_path)
[t+0s] pipeline feed ready — waiting for Decide seed
[t+0s] alert#208217 primary=tunnel_degradation conf=0.7616 eta=7.192 playbook=1. Approve: steer ESP underlay to eth0 on PE1 (force_path)
[t+0s] pipeline feed ready — waiting for Decide seed
[t+0s] alert#208217 primary=tunnel_degradation conf=0.7616 eta=7.192 playbook=1. Approve: steer ESP underlay to eth0 on PE1 (force_path)
[t+0s] pipeline feed ready — waiting for Decide seed
[t+0s] alert#208217 primary=tunnel_degradation conf=0.7616 eta=7.192 playbook=1. Approve: steer ESP underlay to eth0 on PE1 (force_path)
[t+0s] pipeline feed ready — waiting for Decide seed
[t+0s] alert#208217 primary=tunnel_degradation conf=0.7616 eta=7.192 playbook=1. Approve: steer ESP underlay to eth0 on PE1 (force_path)
[t+0s] pipeline feed ready — waiting for Decide seed
[t+0s] alert#208217 primary=tunnel_degradation conf=0.7616 eta=7.192 playbook=1. Approve: steer ESP underlay to eth0 on PE1 (force_path)
[t+0s] pipeline feed ready — waiting for Decide seed
[t+0s] alert#208217 primary=tunnel_degradation conf=0.7616 eta=7.192 playbook=1. Approve: steer ESP underlay to eth0 on PE1 (force_path)
[t+0s] pipeline feed ready — waiting for Decide seed
[t+0s] alert#208217 primary=tunnel_degradation conf=0.7616 eta=7.192 playbook=1. Approve: steer ESP underlay to eth0 on PE1 (force_path)
[t+0s] pipeline feed ready — waiting for Decide seed
[t+0s] alert#208217 primary=tunnel_degradation conf=0.7616 eta=7.192 playbook=1. Approve: steer ESP underlay to eth0 on PE1 (force_path)
[t+0s] pipeline feed ready — waiting for Decide seed
[t+0s] alert#208217 primary=tunnel_degradation conf=0.7616 eta=7.192 playbook=1. Approve: steer ESP underlay to eth0 on PE1 (force_path)
[t+0s] pipeline feed ready — waiting for Decide seed
[t+0s] alert#208217 primary=tunnel_degradation conf=0.7616 eta=7.192 playbook=1. Approve: steer ESP underlay to eth0 on PE1 (force_path)
[t+0s] pipeline feed ready — waiting for Decide seed
[t+0s] alert#208217 primary=tunnel_degradation conf=0.7616 eta=7.192 playbook=1. Approve: steer ESP underlay to eth0 on PE1 (force_path)
[t+0s] pipeline feed ready — waiting for Decide seed
[t+0s] alert#208217 primary=tunnel_degradation conf=0.7616 eta=7.192 playbook=1. Approve: steer ESP underlay to eth0 on PE1 (force_path)
[t+0s] pipeline feed ready — waiting for Decide seed
[t+0s] alert#208217 primary=tunnel_degradation conf=0.7616 eta=7.192 playbook=1. Approve: steer ESP underlay to eth0 on PE1 (force_path)
[t+0s] pipeline feed ready — waiting for Decide seed
[t+0s] alert#208217 primary=tunnel_degradation conf=0.7616 eta=7.192 playbook=1. Approve: steer ESP underlay to eth0 on PE1 (force_path)
[t+0s] pipeline feed ready — waiting for Decide seed
[t+0s] alert#208217 primary=tunnel_degradation conf=0.7616 eta=7.192 playbook=1. Approve: steer ESP underlay to eth0 on PE1 (force_path)
[t+0s] pipeline feed ready — waiting for Decide seed
[t+0s] alert#208217 primary=tunnel_degradation conf=0.7616 eta=7.192 playbook=1. Approve: steer ESP underlay to eth0 on PE1 (force_path)
[t+0s] pipeline feed ready — waiting for Decide seed
[t+0s] alert#208217 primary=tunnel_degradation conf=0.7616 eta=7.192 playbook=1. Approve: steer ESP underlay to eth0 on PE1 (force_path)
[t+0s] pipeline feed ready — waiting for Decide seed
[t+0s] alert#208217 primary=tunnel_degradation conf=0.7616 eta=7.192 playbook=1. Approve: steer ESP underlay to eth0 on PE1 (force_path)
[t+0s] pipeline feed ready — waiting for Decide seed
[t+0s] alert#208217 primary=tunnel_degradation conf=0.7616 eta=7.192 playbook=1. Approve: steer ESP underlay to eth0 on PE1 (force_path)
[t+0s] pipeline feed ready — waiting for Decide seed
[t+0s] alert#208217 primary=tunnel_degradation conf=0.7616 eta=7.192 playbook=1. Approve: steer ESP underlay to eth0 on PE1 (force_path)
[t+0s] pipeline feed ready — waiting for Decide seed
[t+0s] alert#208217 primary=tunnel_degradation conf=0.7616 eta=7.192 playbook=1. Approve: steer ESP underlay to eth0 on PE1 (force_path)
[t+0s] pipeline feed ready — waiting for Decide seed
[t+0s] alert#208217 primary=tunnel_degradation conf=0.7616 eta=7.192 playbook=1. Approve: steer ESP underlay to eth0 on PE1 (force_path)
[t+0s] pipeline feed ready — waiting for Decide seed
[t+0s] alert#208217 primary=tunnel_degradation conf=0.7616 eta=7.192 playbook=1. Approve: steer ESP underlay to eth0 on PE1 (force_path)
[t+0s] pipeline feed ready — waiting for Decide seed
[t+0s] alert#208217 primary=tunnel_degradation conf=0.7616 eta=7.192 playbook=1. Approve: steer ESP underlay to eth0 on PE1 (force_path)
[t+0s] pipeline feed ready — waiting for Decide seed
[t+0s] alert#208217 primary=tunnel_degradation conf=0.7616 eta=7.192 playbook=1. Approve: steer ESP underlay to eth0 on PE1 (force_path)
[t+0s] pipeline feed ready — waiting for Decide seed
[t+0s] alert#208217 primary=tunnel_degradation conf=0.7616 eta=7.192 playbook=1. Approve: steer ESP underlay to eth0 on PE1 (force_path)
[t+0s] pipeline feed ready — waiting for Decide seed
[t+0s] alert#208217 primary=tunnel_degradation conf=0.7616 eta=7.192 playbook=1. Approve: steer ESP underlay to eth0 on PE1 (force_path)
[t+0s] pipeline feed ready — waiting for Decide seed
[t+0s] alert#208217 primary=tunnel_degradation conf=0.7616 eta=7.192 playbook=1. Approve: steer ESP underlay to eth0 on PE1 (force_path)
[t+0s] pipeline feed ready — waiting for Decide seed
[t+0s] alert#208217 primary=tunnel_degradation conf=0.7616 eta=7.192 playbook=1. Approve: steer ESP underlay to eth0 on PE1 (force_path)
[t+0s] pipeline feed ready — waiting for Decide seed
[t+0s] alert#208217 primary=tunnel_degradation conf=0.7616 eta=7.192 playbook=1. Approve: steer ESP underlay to eth0 on PE1 (force_path)
[t+0s] pipeline feed ready — waiting for Decide seed
[t+0s] alert#208217 primary=tunnel_degradation conf=0.7616 eta=7.192 playbook=1. Approve: steer ESP underlay to eth0 on PE1 (force_path)
[t+0s] pipeline feed ready — waiting for Decide seed
[t+0s] alert#208217 primary=tunnel_degradation conf=0.7616 eta=7.192 playbook=1. Approve: steer ESP underlay to eth0 on PE1 (force_path)
[t+0s] pipeline feed ready — waiting for Decide seed
[t+0s] alert#208217 primary=tunnel_degradation conf=0.7616 eta=7.192 playbook=1. Approve: steer ESP underlay to eth0 on PE1 (force_path)
[t+0s] pipeline feed ready — waiting for Decide seed
[t+0s] alert#208217 primary=tunnel_degradation conf=0.7616 eta=7.192 playbook=1. Approve: steer ESP underlay to eth0 on PE1 (force_path)
[t+0s] pipeline feed ready — waiting for Decide seed
[t+0s] alert#208217 primary=tunnel_degradation conf=0.7616 eta=7.192 playbook=1. Approve: steer ESP underlay to eth0 on PE1 (force_path)
[t+0s] pipeline feed ready — waiting for Decide seed
[t+0s] alert#208217 primary=tunnel_degradation conf=0.7616 eta=7.192 playbook=1. Approve: steer ESP underlay to eth0 on PE1 (force_path)
[t+0s] pipeline feed ready — waiting for Decide seed
[t+0s] alert#208217 primary=tunnel_degradation conf=0.7616 eta=7.192 playbook=1. Approve: steer ESP underlay to eth0 on PE1 (force_path)
[t+0s] pipeline feed ready — waiting for Decide seed
[t+0s] alert#208217 primary=tunnel_degradation conf=0.7616 eta=7.192 playbook=1. Approve: steer ESP underlay to eth0 on PE1 (force_path)
[t+0s] pipeline feed ready — waiting for Decide seed
[t+0s] alert#208217 primary=tunnel_degradation conf=0.7616 eta=7.192 playbook=1. Approve: steer ESP underlay to eth0 on PE1 (force_path)
[t+0s] pipeline feed ready — waiting for Decide seed
[t+0s] alert#208217 primary=tunnel_degradation conf=0.7616 eta=7.192 playbook=1. Approve: steer ESP underlay to eth0 on PE1 (force_path)
[t+0s] pipeline feed ready — waiting for Decide seed
[t+0s] alert#208217 primary=tunnel_degradation conf=0.7616 eta=7.192 playbook=1. Approve: steer ESP underlay to eth0 on PE1 (force_path)
[t+0s] pipeline feed ready — waiting for Decide seed
[t+0s] alert#208217 primary=tunnel_degradation conf=0.7616 eta=7.192 playbook=1. Approve: steer ESP underlay to eth0 on PE1 (force_path)
[t+0s] pipeline feed ready — waiting for Decide seed
[t+0s] alert#208217 primary=tunnel_degradation conf=0.7616 eta=7.192 playbook=1. Approve: steer ESP underlay to eth0 on PE1 (force_path)
[t+0s] pipeline feed ready — waiting for Decide seed
[t+0s] alert#208217 primary=tunnel_degradation conf=0.7616 eta=7.192 playbook=1. Approve: steer ESP underlay to eth0 on PE1 (force_path)
[t+0s] pipeline feed ready — waiting for Decide seed
[t+0s] alert#208217 primary=tunnel_degradation conf=0.7616 eta=7.192 playbook=1. Approve: steer ESP underlay to eth0 on PE1 (force_path)
[t+0s] pipeline feed ready — waiting for Decide seed
[t+0s] alert#208217 primary=tunnel_degradation conf=0.7616 eta=7.192 playbook=1. Approve: steer ESP underlay to eth0 on PE1 (force_path)
[t+0s] pipeline feed ready — waiting for Decide seed
[t+0s] alert#208217 primary=tunnel_degradation conf=0.7616 eta=7.192 playbook=1. Approve: steer ESP underlay to eth0 on PE1 (force_path)
[t+0s] pipeline feed ready — waiting for Decide seed
[t+0s] alert#208217 primary=tunnel_degradation conf=0.7616 eta=7.192 playbook=1. Approve: steer ESP underlay to eth0 on PE1 (force_path)
[t+0s] pipeline feed ready — waiting for Decide seed
[t+0s] alert#208217 primary=tunnel_degradation conf=0.7616 eta=7.192 playbook=1. Approve: steer ESP underlay to eth0 on PE1 (force_path)
[t+0s] pipeline feed ready — waiting for Decide seed
[t+0s] alert#208217 primary=tunnel_degradation conf=0.7616 eta=7.192 playbook=1. Approve: steer ESP underlay to eth0 on PE1 (force_path)
[t+0s] pipeline feed ready — waiting for Decide seed
[t+0s] alert#208217 primary=tunnel_degradation conf=0.7616 eta=7.192 playbook=1. Approve: steer ESP underlay to eth0 on PE1 (force_path)
[t+0s] pipeline feed ready — waiting for Decide seed
[t+0s] alert#208217 primary=tunnel_degradation conf=0.7616 eta=7.192 playbook=1. Approve: steer ESP underlay to eth0 on PE1 (force_path)
[t+0s] pipeline feed ready — waiting for Decide seed
[t+0s] alert#208217 primary=tunnel_degradation conf=0.7616 eta=7.192 playbook=1. Approve: steer ESP underlay to eth0 on PE1 (force_path)
[t+0s] pipeline feed ready — waiting for Decide seed
[t+0s] alert#208217 primary=tunnel_degradation conf=0.7616 eta=7.192 playbook=1. Approve: steer ESP underlay to eth0 on PE1 (force_path)
[t+0s] pipeline feed ready — waiting for Decide seed
[t+0s] alert#208217 primary=tunnel_degradation conf=0.7616 eta=7.192 playbook=1. Approve: steer ESP underlay to eth0 on PE1 (force_path)
[t+0s] pipeline feed ready — waiting for Decide seed
[t+0s] alert#208217 primary=tunnel_degradation conf=0.7616 eta=7.192 playbook=1. Approve: steer ESP underlay to eth0 on PE1 (force_path)
[t+0s] pipeline feed ready — waiting for Decide seed
[t+0s] alert#208217 primary=tunnel_degradation conf=0.7616 eta=7.192 playbook=1. Approve: steer ESP underlay to eth0 on PE1 (force_path)
[t+0s] pipeline feed ready — waiting for Decide seed
[t+0s] alert#208217 primary=tunnel_degradation conf=0.7616 eta=7.192 playbook=1. Approve: steer ESP underlay to eth0 on PE1 (force_path)
[t+0s] pipeline feed ready — waiting for Decide seed
[t+0s] alert#208217 primary=tunnel_degradation conf=0.7616 eta=7.192 playbook=1. Approve: steer ESP underlay to eth0 on PE1 (force_path)
[t+0s] pipeline feed ready — waiting for Decide seed
[t+0s] alert#208217 primary=tunnel_degradation conf=0.7616 eta=7.192 playbook=1. Approve: steer ESP underlay to eth0 on PE1 (force_path)
[t+0s] pipeline feed ready — waiting for Decide seed
[t+0s] alert#208217 primary=tunnel_degradation conf=0.7616 eta=7.192 playbook=1. Approve: steer ESP underlay to eth0 on PE1 (force_path)
[t+0s] pipeline feed ready — waiting for Decide seed
[t+0s] alert#208217 primary=tunnel_degradation conf=0.7616 eta=7.192 playbook=1. Approve: steer ESP underlay to eth0 on PE1 (force_path)
[t+0s] pipeline feed ready — waiting for Decide seed
[t+0s] alert#208217 primary=tunnel_degradation conf=0.7616 eta=7.192 playbook=1. Approve: steer ESP underlay to eth0 on PE1 (force_path)
[t+0s] pipeline feed ready — waiting for Decide seed
[t+0s] alert#208217 primary=tunnel_degradation conf=0.7616 eta=7.192 playbook=1. Approve: steer ESP underlay to eth0 on PE1 (force_path)
[t+0s] pipeline feed ready — waiting for Decide seed
[t+0s] alert#208217 primary=tunnel_degradation conf=0.7616 eta=7.192 playbook=1. Approve: steer ESP underlay to eth0 on PE1 (force_path)
[t+0s] pipeline feed ready — waiting for Decide seed
[t+0s] alert#208217 primary=tunnel_degradation conf=0.7616 eta=7.192 playbook=1. Approve: steer ESP underlay to eth0 on PE1 (force_path)
[t+0s] pipeline feed ready — waiting for Decide seed
[t+0s] alert#208217 primary=tunnel_degradation conf=0.7616 eta=7.192 playbook=1. Approve: steer ESP underlay to eth0 on PE1 (force_path)
[t+0s] pipeline feed ready — waiting for Decide seed
[t+0s] alert#208217 primary=tunnel_degradation conf=0.7616 eta=7.192 playbook=1. Approve: steer ESP underlay to eth0 on PE1 (force_path)
[t+0s] pipeline feed ready — waiting for Decide seed
[t+0s] alert#208217 primary=tunnel_degradation conf=0.7616 eta=7.192 playbook=1. Approve: steer ESP underlay to eth0 on PE1 (force_path)
[t+0s] pipeline feed ready — waiting for Decide seed
[t+0s] alert#208217 primary=tunnel_degradation conf=0.7616 eta=7.192 playbook=1. Approve: steer ESP underlay to eth0 on PE1 (force_path)
[t+0s] pipeline feed ready — waiting for Decide seed
[t+0s] alert#208217 primary=tunnel_degradation conf=0.7616 eta=7.192 playbook=1. Approve: steer ESP underlay to eth0 on PE1 (force_path)
[t+0s] pipeline feed ready — waiting for Decide seed
[t+0s] alert#208217 primary=tunnel_degradation conf=0.7616 eta=7.192 playbook=1. Approve: steer ESP underlay to eth0 on PE1 (force_path)
[t+0s] pipeline feed ready — waiting for Decide seed
[t+0s] alert#208217 primary=tunnel_degradation conf=0.7616 eta=7.192 playbook=1. Approve: steer ESP underlay to eth0 on PE1 (force_path)
[t+0s] pipeline feed ready — waiting for Decide seed
[t+0s] alert#208217 primary=tunnel_degradation conf=0.7616 eta=7.192 playbook=1. Approve: steer ESP underlay to eth0 on PE1 (force_path)
[t+0s] pipeline feed ready — waiting for Decide seed
[t+0s] alert#208217 primary=tunnel_degradation conf=0.7616 eta=7.192 playbook=1. Approve: steer ESP underlay to eth0 on PE1 (force_path)
[t+0s] pipeline feed ready — waiting for Decide seed
[t+0s] alert#208217 primary=tunnel_degradation conf=0.7616 eta=7.192 playbook=1. Approve: steer ESP underlay to eth0 on PE1 (force_path)
[t+0s] pipeline feed ready — waiting for Decide seed
[t+0s] alert#208217 primary=tunnel_degradation conf=0.7616 eta=7.192 playbook=1. Approve: steer ESP underlay to eth0 on PE1 (force_path)
[t+0s] pipeline feed ready — waiting for Decide seed
[t+0s] alert#208217 primary=tunnel_degradation conf=0.7616 eta=7.192 playbook=1. Approve: steer ESP underlay to eth0 on PE1 (force_path)
[t+0s] pipeline feed ready — waiting for Decide seed
[t+0s] alert#208217 primary=tunnel_degradation conf=0.7616 eta=7.192 playbook=1. Approve: steer ESP underlay to eth0 on PE1 (force_path)
[t+0s] pipeline feed ready — waiting for Decide seed
[t+0s] alert#208217 primary=tunnel_degradation conf=0.7616 eta=7.192 playbook=1. Approve: steer ESP underlay to eth0 on PE1 (force_path)
[t+0s] pipeline feed ready — waiting for Decide seed
[t+0s] alert#208217 primary=tunnel_degradation conf=0.7616 eta=7.192 playbook=1. Approve: steer ESP underlay to eth0 on PE1 (force_path)
[t+0s] pipeline feed ready — waiting for Decide seed
[t+0s] alert#208217 primary=tunnel_degradation conf=0.7616 eta=7.192 playbook=1. Approve: steer ESP underlay to eth0 on PE1 (force_path)
[t+0s] pipeline feed ready — waiting for Decide seed
[t+0s] alert#208217 primary=tunnel_degradation conf=0.7616 eta=7.192 playbook=1. Approve: steer ESP underlay to eth0 on PE1 (force_path)
[t+0s] pipeline feed ready — waiting for Decide seed
[t+0s] alert#208217 primary=tunnel_degradation conf=0.7616 eta=7.192 playbook=1. Approve: steer ESP underlay to eth0 on PE1 (force_path)
[t+0s] pipeline feed ready — waiting for Decide seed
[t+0s] alert#208217 primary=tunnel_degradation conf=0.7616 eta=7.192 playbook=1. Approve: steer ESP underlay to eth0 on PE1 (force_path)
[t+0s] pipeline feed ready — waiting for Decide seed
[t+0s] alert#208217 primary=tunnel_degradation conf=0.7616 eta=7.192 playbook=1. Approve: steer ESP underlay to eth0 on PE1 (force_path)
[t+0s] pipeline feed ready — waiting for Decide seed
[t+0s] alert#208217 primary=tunnel_degradation conf=0.7616 eta=7.192 playbook=1. Approve: steer ESP underlay to eth0 on PE1 (force_path)
[t+0s] pipeline feed ready — waiting for Decide seed
[t+0s] alert#208217 primary=tunnel_degradation conf=0.7616 eta=7.192 playbook=1. Approve: steer ESP underlay to eth0 on PE1 (force_path)
[t+0s] pipeline feed ready — waiting for Decide seed
[t+0s] alert#208217 primary=tunnel_degradation conf=0.7616 eta=7.192 playbook=1. Approve: steer ESP underlay to eth0 on PE1 (force_path)
[t+0s] pipeline feed ready — waiting for Decide seed
[t+0s] alert#208217 primary=tunnel_degradation conf=0.7616 eta=7.192 playbook=1. Approve: steer ESP underlay to eth0 on PE1 (force_path)
[t+0s] pipeline feed ready — waiting for Decide seed
[t+0s] alert#208217 primary=tunnel_degradation conf=0.7616 eta=7.192 playbook=1. Approve: steer ESP underlay to eth0 on PE1 (force_path)
[t+0s] pipeline feed ready — waiting for Decide seed
[t+0s] alert#208217 primary=tunnel_degradation conf=0.7616 eta=7.192 playbook=1. Approve: steer ESP underlay to eth0 on PE1 (force_path)
[t+0s] pipeline feed ready — waiting for Decide seed
[t+0s] alert#208217 primary=tunnel_degradation conf=0.7616 eta=7.192 playbook=1. Approve: steer ESP underlay to eth0 on PE1 (force_path)
[t+0s] pipeline feed ready — waiting for Decide seed
[t+0s] alert#208217 primary=tunnel_degradation conf=0.7616 eta=7.192 playbook=1. Approve: steer ESP underlay to eth0 on PE1 (force_path)
[t+0s] pipeline feed ready — waiting for Decide seed
[t+0s] alert#208217 primary=tunnel_degradation conf=0.7616 eta=7.192 playbook=1. Approve: steer ESP underlay to eth0 on PE1 (force_path)
[t+0s] pipeline feed ready — waiting for Decide seed
[t+0s] alert#208217 primary=tunnel_degradation conf=0.7616 eta=7.192 playbook=1. Approve: steer ESP underlay to eth0 on PE1 (force_path)
[t+0s] pipeline feed ready — waiting for Decide seed
[t+0s] alert#208217 primary=tunnel_degradation conf=0.7616 eta=7.192 playbook=1. Approve: steer ESP underlay to eth0 on PE1 (force_path)
[t+0s] pipeline feed ready — waiting for Decide seed
[t+0s] alert#208217 primary=tunnel_degradation conf=0.7616 eta=7.192 playbook=1. Approve: steer ESP underlay to eth0 on PE1 (force_path)
[t+0s] pipeline feed ready — waiting for Decide seed
[t+0s] alert#208217 primary=tunnel_degradation conf=0.7616 eta=7.192 playbook=1. Approve: steer ESP underlay to eth0 on PE1 (force_path)
[t+0s] pipeline feed ready — waiting for Decide seed
[t+0s] alert#208217 primary=tunnel_degradation conf=0.7616 eta=7.192 playbook=1. Approve: steer ESP underlay to eth0 on PE1 (force_path)
[t+0s] pipeline feed ready — waiting for Decide seed
[t+0s] alert#208217 primary=tunnel_degradation conf=0.7616 eta=7.192 playbook=1. Approve: steer ESP underlay to eth0 on PE1 (force_path)
[t+0s] pipeline feed ready — waiting for Decide seed
[t+0s] alert#208217 primary=tunnel_degradation conf=0.7616 eta=7.192 playbook=1. Approve: steer ESP underlay to eth0 on PE1 (force_path)
[t+0s] pipeline feed ready — waiting for Decide seed
[t+0s] alert#208217 primary=tunnel_degradation conf=0.7616 eta=7.192 playbook=1. Approve: steer ESP underlay to eth0 on PE1 (force_path)
[t+0s] pipeline feed ready — waiting for Decide seed
[t+0s] alert#208217 primary=tunnel_degradation conf=0.7616 eta=7.192 playbook=1. Approve: steer ESP underlay to eth0 on PE1 (force_path)
[t+0s] pipeline feed ready — waiting for Decide seed
[t+0s] alert#208217 primary=tunnel_degradation conf=0.7616 eta=7.192 playbook=1. Approve: steer ESP underlay to eth0 on PE1 (force_path)
[t+2s] watching CLI rain_fade for Q1/Q2 raise (first poll ~35s)
[t+3s] alert#16 primary=advisory_clear conf=0.517 eta=1.5
[t+3s] alert#14 primary=advisory_clear conf=0.524 eta=1.5
[t+3s] alert#12 primary=advisory_clear conf=0.58 eta=9.4
[t+3s] alert#10 primary=advisory_clear conf=0.554 eta=9.4
[t+3s] alert#9 primary=confirmed_clear conf=0.473 eta=1.5
[t+0s] pipeline feed ready — waiting for Decide seed
[t+0s] alert#16 primary=advisory_clear conf=0.517 eta=1.5
[t+0s] alert#14 primary=advisory_clear conf=0.524 eta=1.5
[t+0s] alert#12 primary=advisory_clear conf=0.58 eta=9.4
[t+0s] alert#10 primary=advisory_clear conf=0.554 eta=9.4
[t+0s] alert#9 primary=confirmed_clear conf=0.473 eta=1.5
[t+50s] watching CLI rain_fade for Q1/Q2 raise (first poll ~35s)
[t+124s] seed alert#208218 primary=tunnel_degradation sev=1B from Q1/Q2 — Approve to steer, or wait for auto-collapse
[t+124s] alert#208218 primary=tunnel_degradation conf=0.5976 eta=7.791 playbook=1. Approve: steer ESP underlay to eth0 on PE1 (force_path)
[t+0s] pipeline feed ready — waiting for Decide seed
[t+0s] alert#208218 primary=tunnel_degradation conf=0.5976 eta=7.791 playbook=1. Approve: steer ESP underlay to eth0 on PE1 (force_path)
[t+0s] pipeline feed ready — waiting for Decide seed
[t+0s] alert#208218 primary=tunnel_degradation conf=0.5976 eta=7.791 playbook=1. Approve: steer ESP underlay to eth0 on PE1 (force_path)
[t+0s] pipeline feed ready — waiting for Decide seed
[t+0s] alert#208218 primary=tunnel_degradation conf=0.5976 eta=7.791 playbook=1. Approve: steer ESP underlay to eth0 on PE1 (force_path)
[t+0s] pipeline feed ready — waiting for Decide seed
[t+0s] alert#208218 primary=tunnel_degradation conf=0.5976 eta=7.791 playbook=1. Approve: steer ESP underlay to eth0 on PE1 (force_path)
[t+0s] pipeline feed ready — waiting for Decide seed
[t+0s] alert#208218 primary=tunnel_degradation conf=0.5976 eta=7.791 playbook=1. Approve: steer ESP underlay to eth0 on PE1 (force_path)
[t+0s] pipeline feed ready — waiting for Decide seed
[t+0s] alert#208218 primary=tunnel_degradation conf=0.5976 eta=7.791 playbook=1. Approve: steer ESP underlay to eth0 on PE1 (force_path)
[t+0s] pipeline feed ready — waiting for Decide seed
[t+0s] alert#208218 primary=tunnel_degradation conf=0.5976 eta=7.791 playbook=1. Approve: steer ESP underlay to eth0 on PE1 (force_path)
[t+0s] pipeline feed ready — waiting for Decide seed
[t+0s] alert#208218 primary=tunnel_degradation conf=0.5976 eta=7.791 playbook=1. Approve: steer ESP underlay to eth0 on PE1 (force_path)
[t+0s] pipeline feed ready — waiting for Decide seed
[t+0s] alert#208218 primary=tunnel_degradation conf=0.5976 eta=7.791 playbook=1. Approve: steer ESP underlay to eth0 on PE1 (force_path)
[t+0s] pipeline feed ready — waiting for Decide seed
[t+0s] alert#208218 primary=tunnel_degradation conf=0.5976 eta=7.791 playbook=1. Approve: steer ESP underlay to eth0 on PE1 (force_path)
[t+0s] pipeline feed ready — waiting for Decide seed
[t+0s] alert#208218 primary=tunnel_degradation conf=0.5976 eta=7.791 playbook=1. Approve: steer ESP underlay to eth0 on PE1 (force_path)
[t+0s] pipeline feed ready — waiting for Decide seed
[t+0s] alert#208218 primary=tunnel_degradation conf=0.5976 eta=7.791 playbook=1. Approve: steer ESP underlay to eth0 on PE1 (force_path)
[t+0s] pipeline feed ready — waiting for Decide seed
[t+0s] alert#208218 primary=tunnel_degradation conf=0.5976 eta=7.791 playbook=1. Approve: steer ESP underlay to eth0 on PE1 (force_path)
[t+0s] pipeline feed ready — waiting for Decide seed
[t+0s] alert#208218 primary=tunnel_degradation conf=0.5976 eta=7.791 playbook=1. Approve: steer ESP underlay to eth0 on PE1 (force_path)
[t+0s] pipeline feed ready — waiting for Decide seed
[t+0s] alert#208218 primary=tunnel_degradation conf=0.5976 eta=7.791 playbook=1. Approve: steer ESP underlay to eth0 on PE1 (force_path)
[t+0s] pipeline feed ready — waiting for Decide seed
[t+0s] alert#208218 primary=tunnel_degradation conf=0.5976 eta=7.791 playbook=1. Approve: steer ESP underlay to eth0 on PE1 (force_path)
[t+0s] pipeline feed ready — waiting for Decide seed
[t+0s] alert#208218 primary=tunnel_degradation conf=0.5976 eta=7.791 playbook=1. Approve: steer ESP underlay to eth0 on PE1 (force_path)
[t+0s] pipeline feed ready — waiting for Decide seed
[t+0s] alert#208218 primary=tunnel_degradation conf=0.5976 eta=7.791 playbook=1. Approve: steer ESP underlay to eth0 on PE1 (force_path)
[t+0s] pipeline feed ready — waiting for Decide seed
[t+0s] alert#208218 primary=tunnel_degradation conf=0.5976 eta=7.791 playbook=1. Approve: steer ESP underlay to eth0 on PE1 (force_path)
[t+0s] pipeline feed ready — waiting for Decide seed
[t+0s] alert#208218 primary=tunnel_degradation conf=0.5976 eta=7.791 playbook=1. Approve: steer ESP underlay to eth0 on PE1 (force_path)
[t+0s] pipeline feed ready — waiting for Decide seed
[t+0s] alert#208218 primary=tunnel_degradation conf=0.5976 eta=7.791 playbook=1. Approve: steer ESP underlay to eth0 on PE1 (force_path)
[t+0s] pipeline feed ready — waiting for Decide seed
[t+0s] alert#208218 primary=tunnel_degradation conf=0.5976 eta=7.791 playbook=1. Approve: steer ESP underlay to eth0 on PE1 (force_path)
[t+0s] pipeline feed ready — waiting for Decide seed
[t+0s] alert#208218 primary=tunnel_degradation conf=0.5976 eta=7.791 playbook=1. Approve: steer ESP underlay to eth0 on PE1 (force_path)
[t+0s] pipeline feed ready — waiting for Decide seed
[t+0s] alert#208218 primary=tunnel_degradation conf=0.5976 eta=7.791 playbook=1. Approve: steer ESP underlay to eth0 on PE1 (force_path)
[t+0s] pipeline feed ready — waiting for Decide seed
[t+0s] alert#208218 primary=tunnel_degradation conf=0.5976 eta=7.791 playbook=1. Approve: steer ESP underlay to eth0 on PE1 (force_path)
[t+0s] pipeline feed ready — waiting for Decide seed
[t+0s] alert#208218 primary=tunnel_degradation conf=0.5976 eta=7.791 playbook=1. Approve: steer ESP underlay to eth0 on PE1 (force_path)
[t+0s] pipeline feed ready — waiting for Decide seed
[t+0s] alert#208218 primary=tunnel_degradation conf=0.5976 eta=7.791 playbook=1. Approve: steer ESP underlay to eth0 on PE1 (force_path)
[t+0s] pipeline feed ready — waiting for Decide seed
[t+0s] alert#208218 primary=tunnel_degradation conf=0.5976 eta=7.791 playbook=1. Approve: steer ESP underlay to eth0 on PE1 (force_path)
[t+0s] pipeline feed ready — waiting for Decide seed
[t+0s] alert#208218 primary=tunnel_degradation conf=0.5976 eta=7.791 playbook=1. Approve: steer ESP underlay to eth0 on PE1 (force_path)
[t+0s] pipeline feed ready — waiting for Decide seed
[t+0s] alert#208218 primary=tunnel_degradation conf=0.5976 eta=7.791 playbook=1. Approve: steer ESP underlay to eth0 on PE1 (force_path)
[t+0s] pipeline feed ready — waiting for Decide seed
[t+0s] alert#208218 primary=tunnel_degradation conf=0.5976 eta=7.791 playbook=1. Approve: steer ESP underlay to eth0 on PE1 (force_path)
[t+0s] pipeline feed ready — waiting for Decide seed
[t+0s] alert#208218 primary=tunnel_degradation conf=0.5976 eta=7.791 playbook=1. Approve: steer ESP underlay to eth0 on PE1 (force_path)
[t+0s] pipeline feed ready — waiting for Decide seed
[t+0s] alert#208218 primary=tunnel_degradation conf=0.5976 eta=7.791 playbook=1. Approve: steer ESP underlay to eth0 on PE1 (force_path)
[t+0s] pipeline feed ready — waiting for Decide seed
[t+0s] alert#208218 primary=tunnel_degradation conf=0.5976 eta=7.791 playbook=1. Approve: steer ESP underlay to eth0 on PE1 (force_path)
[t+0s] pipeline feed ready — waiting for Decide seed
[t+0s] alert#208218 primary=tunnel_degradation conf=0.5976 eta=7.791 playbook=1. Approve: steer ESP underlay to eth0 on PE1 (force_path)
[t+0s] pipeline feed ready — waiting for Decide seed
[t+0s] alert#208218 primary=tunnel_degradation conf=0.5976 eta=7.791 playbook=1. Approve: steer ESP underlay to eth0 on PE1 (force_path)
[t+0s] pipeline feed ready — waiting for Decide seed
[t+0s] alert#208218 primary=tunnel_degradation conf=0.5976 eta=7.791 playbook=1. Approve: steer ESP underlay to eth0 on PE1 (force_path)
[t+250s] Approve done — waiting for natural healthy (steered)
[t+252s] alert#16 primary=advisory_clear conf=0.517 eta=1.5
[t+252s] alert#14 primary=advisory_clear conf=0.524 eta=1.5
[t+252s] alert#12 primary=advisory_clear conf=0.58 eta=9.4
[t+252s] alert#10 primary=advisory_clear conf=0.554 eta=9.4
[t+252s] alert#9 primary=confirmed_clear conf=0.473 eta=1.5
[t+0s] pipeline feed ready — waiting for Decide seed
[t+0s] alert#16 primary=advisory_clear conf=0.517 eta=1.5
[t+0s] alert#14 primary=advisory_clear conf=0.524 eta=1.5
[t+0s] alert#12 primary=advisory_clear conf=0.58 eta=9.4
[t+0s] alert#10 primary=advisory_clear conf=0.554 eta=9.4
[t+0s] alert#9 primary=confirmed_clear conf=0.473 eta=1.5
[t+0s] pipeline feed ready — waiting for Decide seed
[t+0s] alert#16 primary=advisory_clear conf=0.517 eta=1.5
[t+0s] alert#14 primary=advisory_clear conf=0.524 eta=1.5
[t+0s] alert#12 primary=advisory_clear conf=0.58 eta=9.4
[t+0s] alert#10 primary=advisory_clear conf=0.554 eta=9.4
[t+0s] alert#9 primary=confirmed_clear conf=0.473 eta=1.5
[t+0s] pipeline feed ready — waiting for Decide seed
[t+0s] alert#16 primary=advisory_clear conf=0.517 eta=1.5
[t+0s] alert#14 primary=advisory_clear conf=0.524 eta=1.5
[t+0s] alert#12 primary=advisory_clear conf=0.58 eta=9.4
[t+0s] alert#10 primary=advisory_clear conf=0.554 eta=9.4
[t+0s] alert#9 primary=confirmed_clear conf=0.473 eta=1.5
[t+0s] pipeline feed ready — waiting for Decide seed
[t+0s] alert#16 primary=advisory_clear conf=0.517 eta=1.5
[t+0s] alert#14 primary=advisory_clear conf=0.524 eta=1.5
[t+0s] alert#12 primary=advisory_clear conf=0.58 eta=9.4
[t+0s] alert#10 primary=advisory_clear conf=0.554 eta=9.4
[t+0s] alert#9 primary=confirmed_clear conf=0.473 eta=1.5
[t+0s] pipeline feed ready — waiting for Decide seed
[t+0s] alert#16 primary=advisory_clear conf=0.517 eta=1.5
[t+0s] alert#14 primary=advisory_clear conf=0.524 eta=1.5
[t+0s] alert#12 primary=advisory_clear conf=0.58 eta=9.4
[t+0s] alert#10 primary=advisory_clear conf=0.554 eta=9.4
[t+0s] alert#9 primary=confirmed_clear conf=0.473 eta=1.5
[t+0s] pipeline feed ready — waiting for Decide seed
[t+0s] alert#16 primary=advisory_clear conf=0.517 eta=1.5
[t+0s] alert#14 primary=advisory_clear conf=0.524 eta=1.5
[t+0s] alert#12 primary=advisory_clear conf=0.58 eta=9.4
[t+0s] alert#10 primary=advisory_clear conf=0.554 eta=9.4
[t+0s] alert#9 primary=confirmed_clear conf=0.473 eta=1.5
[t+0s] pipeline feed ready — waiting for Decide seed
[t+0s] alert#16 primary=advisory_clear conf=0.517 eta=1.5
[t+0s] alert#14 primary=advisory_clear conf=0.524 eta=1.5
[t+0s] alert#12 primary=advisory_clear conf=0.58 eta=9.4
[t+0s] alert#10 primary=advisory_clear conf=0.554 eta=9.4
[t+0s] alert#9 primary=confirmed_clear conf=0.473 eta=1.5
[t+0s] pipeline feed ready — waiting for Decide seed
[t+0s] alert#16 primary=advisory_clear conf=0.517 eta=1.5
[t+0s] alert#14 primary=advisory_clear conf=0.524 eta=1.5
[t+0s] alert#12 primary=advisory_clear conf=0.58 eta=9.4
[t+0s] alert#10 primary=advisory_clear conf=0.554 eta=9.4
[t+0s] alert#9 primary=confirmed_clear conf=0.473 eta=1.5
[t+0s] pipeline feed ready — waiting for Decide seed
[t+0s] alert#16 primary=advisory_clear conf=0.517 eta=1.5
[t+0s] alert#14 primary=advisory_clear conf=0.524 eta=1.5
[t+0s] alert#12 primary=advisory_clear conf=0.58 eta=9.4
[t+0s] alert#10 primary=advisory_clear conf=0.554 eta=9.4
[t+0s] alert#9 primary=confirmed_clear conf=0.473 eta=1.5
[t+0s] pipeline feed ready — waiting for Decide seed
[t+0s] alert#16 primary=advisory_clear conf=0.517 eta=1.5
[t+0s] alert#14 primary=advisory_clear conf=0.524 eta=1.5
[t+0s] alert#12 primary=advisory_clear conf=0.58 eta=9.4
[t+0s] alert#10 primary=advisory_clear conf=0.554 eta=9.4
[t+0s] alert#9 primary=confirmed_clear conf=0.473 eta=1.5
[t+0s] pipeline feed ready — waiting for Decide seed
[t+0s] alert#16 primary=advisory_clear conf=0.517 eta=1.5
[t+0s] alert#14 primary=advisory_clear conf=0.524 eta=1.5
[t+0s] alert#12 primary=advisory_clear conf=0.58 eta=9.4
[t+0s] alert#10 primary=advisory_clear conf=0.554 eta=9.4
[t+0s] alert#9 primary=confirmed_clear conf=0.473 eta=1.5
[t+0s] pipeline feed ready — waiting for Decide seed
[t+0s] alert#16 primary=advisory_clear conf=0.517 eta=1.5
[t+0s] alert#14 primary=advisory_clear conf=0.524 eta=1.5
[t+0s] alert#12 primary=advisory_clear conf=0.58 eta=9.4
[t+0s] alert#10 primary=advisory_clear conf=0.554 eta=9.4
[t+0s] alert#9 primary=confirmed_clear conf=0.473 eta=1.5
[t+0s] pipeline feed ready — waiting for Decide seed
[t+0s] alert#16 primary=advisory_clear conf=0.517 eta=1.5
[t+0s] alert#14 primary=advisory_clear conf=0.524 eta=1.5
[t+0s] alert#12 primary=advisory_clear conf=0.58 eta=9.4
[t+0s] alert#10 primary=advisory_clear conf=0.554 eta=9.4
[t+0s] alert#9 primary=confirmed_clear conf=0.473 eta=1.5
[t+0s] pipeline feed ready — waiting for Decide seed
[t+0s] alert#16 primary=advisory_clear conf=0.517 eta=1.5
[t+0s] alert#14 primary=advisory_clear conf=0.524 eta=1.5
[t+0s] alert#12 primary=advisory_clear conf=0.58 eta=9.4
[t+0s] alert#10 primary=advisory_clear conf=0.554 eta=9.4
[t+0s] alert#9 primary=confirmed_clear conf=0.473 eta=1.5
[t+0s] pipeline feed ready — waiting for Decide seed
[t+0s] alert#16 primary=advisory_clear conf=0.517 eta=1.5
[t+0s] alert#14 primary=advisory_clear conf=0.524 eta=1.5
[t+0s] alert#12 primary=advisory_clear conf=0.58 eta=9.4
[t+0s] alert#10 primary=advisory_clear conf=0.554 eta=9.4
[t+0s] alert#9 primary=confirmed_clear conf=0.473 eta=1.5
[t+0s] pipeline feed ready — waiting for Decide seed
[t+0s] alert#16 primary=advisory_clear conf=0.517 eta=1.5
[t+0s] alert#14 primary=advisory_clear conf=0.524 eta=1.5
[t+0s] alert#12 primary=advisory_clear conf=0.58 eta=9.4
[t+0s] alert#10 primary=advisory_clear conf=0.554 eta=9.4
[t+0s] alert#9 primary=confirmed_clear conf=0.473 eta=1.5
[t+0s] pipeline feed ready — waiting for Decide seed
[t+0s] alert#16 primary=advisory_clear conf=0.517 eta=1.5
[t+0s] alert#14 primary=advisory_clear conf=0.524 eta=1.5
[t+0s] alert#12 primary=advisory_clear conf=0.58 eta=9.4
[t+0s] alert#10 primary=advisory_clear conf=0.554 eta=9.4
[t+0s] alert#9 primary=confirmed_clear conf=0.473 eta=1.5
[t+0s] pipeline feed ready — waiting for Decide seed
[t+0s] alert#16 primary=advisory_clear conf=0.517 eta=1.5
[t+0s] alert#14 primary=advisory_clear conf=0.524 eta=1.5
[t+0s] alert#12 primary=advisory_clear conf=0.58 eta=9.4
[t+0s] alert#10 primary=advisory_clear conf=0.554 eta=9.4
[t+0s] alert#9 primary=confirmed_clear conf=0.473 eta=1.5
[t+0s] pipeline feed ready — waiting for Decide seed
[t+0s] alert#16 primary=advisory_clear conf=0.517 eta=1.5
[t+0s] alert#14 primary=advisory_clear conf=0.524 eta=1.5
[t+0s] alert#12 primary=advisory_clear conf=0.58 eta=9.4
[t+0s] alert#10 primary=advisory_clear conf=0.554 eta=9.4
[t+0s] alert#9 primary=confirmed_clear conf=0.473 eta=1.5
[t+0s] pipeline feed ready — waiting for Decide seed
[t+0s] alert#16 primary=advisory_clear conf=0.517 eta=1.5
[t+0s] alert#14 primary=advisory_clear conf=0.524 eta=1.5
[t+0s] alert#12 primary=advisory_clear conf=0.58 eta=9.4
[t+0s] alert#10 primary=advisory_clear conf=0.554 eta=9.4
[t+0s] alert#9 primary=confirmed_clear conf=0.473 eta=1.5
[t+0s] pipeline feed ready — waiting for Decide seed
[t+0s] alert#16 primary=advisory_clear conf=0.517 eta=1.5
[t+0s] alert#14 primary=advisory_clear conf=0.524 eta=1.5
[t+0s] alert#12 primary=advisory_clear conf=0.58 eta=9.4
[t+0s] alert#10 primary=advisory_clear conf=0.554 eta=9.4
[t+0s] alert#9 primary=confirmed_clear conf=0.473 eta=1.5
[t+268s] watching CLI rain_fade for Q1/Q2 raise (first poll ~35s)
[t+0s] pipeline feed ready — waiting for Decide seed
[t+0s] alert#16 primary=advisory_clear conf=0.517 eta=1.5
[t+0s] alert#14 primary=advisory_clear conf=0.524 eta=1.5
[t+0s] alert#12 primary=advisory_clear conf=0.58 eta=9.4
[t+0s] alert#10 primary=advisory_clear conf=0.554 eta=9.4
[t+0s] alert#9 primary=confirmed_clear conf=0.473 eta=1.5
[t+0s] pipeline feed ready — waiting for Decide seed
[t+0s] alert#16 primary=advisory_clear conf=0.517 eta=1.5
[t+0s] alert#14 primary=advisory_clear conf=0.524 eta=1.5
[t+0s] alert#12 primary=advisory_clear conf=0.58 eta=9.4
[t+0s] alert#10 primary=advisory_clear conf=0.554 eta=9.4
[t+0s] alert#9 primary=confirmed_clear conf=0.473 eta=1.5
[t+0s] pipeline feed ready — waiting for Decide seed
[t+0s] alert#16 primary=advisory_clear conf=0.517 eta=1.5
[t+0s] alert#14 primary=advisory_clear conf=0.524 eta=1.5
[t+0s] alert#12 primary=advisory_clear conf=0.58 eta=9.4
[t+0s] alert#10 primary=advisory_clear conf=0.554 eta=9.4
[t+0s] alert#9 primary=confirmed_clear conf=0.473 eta=1.5
[t+0s] pipeline feed ready — waiting for Decide seed
[t+0s] alert#16 primary=advisory_clear conf=0.517 eta=1.5
[t+0s] alert#14 primary=advisory_clear conf=0.524 eta=1.5
[t+0s] alert#12 primary=advisory_clear conf=0.58 eta=9.4
[t+0s] alert#10 primary=advisory_clear conf=0.554 eta=9.4
[t+0s] alert#9 primary=confirmed_clear conf=0.473 eta=1.5
[t+22s] watching CLI rain_fade for Q1/Q2 raise (first poll ~35s)
[t+0s] pipeline feed ready — waiting for Decide seed
[t+0s] alert#16 primary=advisory_clear conf=0.517 eta=1.5
[t+0s] alert#14 primary=advisory_clear conf=0.524 eta=1.5
[t+0s] alert#12 primary=advisory_clear conf=0.58 eta=9.4
[t+0s] alert#10 primary=advisory_clear conf=0.554 eta=9.4
[t+0s] alert#9 primary=confirmed_clear conf=0.473 eta=1.5
[t+0s] pipeline feed ready — waiting for Decide seed
[t+0s] alert#16 primary=advisory_clear conf=0.517 eta=1.5
[t+0s] alert#14 primary=advisory_clear conf=0.524 eta=1.5
[t+0s] alert#12 primary=advisory_clear conf=0.58 eta=9.4
[t+0s] alert#10 primary=advisory_clear conf=0.554 eta=9.4
[t+0s] alert#9 primary=confirmed_clear conf=0.473 eta=1.5
[t+0s] pipeline feed ready — waiting for Decide seed
[t+0s] alert#16 primary=advisory_clear conf=0.517 eta=1.5
[t+0s] alert#14 primary=advisory_clear conf=0.524 eta=1.5
[t+0s] alert#12 primary=advisory_clear conf=0.58 eta=9.4
[t+0s] alert#10 primary=advisory_clear conf=0.554 eta=9.4
[t+0s] alert#9 primary=confirmed_clear conf=0.473 eta=1.5
[t+0s] pipeline feed ready — waiting for Decide seed
[t+0s] alert#16 primary=advisory_clear conf=0.517 eta=1.5
[t+0s] alert#14 primary=advisory_clear conf=0.524 eta=1.5
[t+0s] alert#12 primary=advisory_clear conf=0.58 eta=9.4
[t+0s] alert#10 primary=advisory_clear conf=0.554 eta=9.4
[t+0s] alert#9 primary=confirmed_clear conf=0.473 eta=1.5
[t+0s] pipeline feed ready — waiting for Decide seed
[t+0s] alert#16 primary=advisory_clear conf=0.517 eta=1.5
[t+0s] alert#14 primary=advisory_clear conf=0.524 eta=1.5
[t+0s] alert#12 primary=advisory_clear conf=0.58 eta=9.4
[t+0s] alert#10 primary=advisory_clear conf=0.554 eta=9.4
[t+0s] alert#9 primary=confirmed_clear conf=0.473 eta=1.5
[t+0s] pipeline feed ready — waiting for Decide seed
[t+0s] alert#16 primary=advisory_clear conf=0.517 eta=1.5
[t+0s] alert#14 primary=advisory_clear conf=0.524 eta=1.5
[t+0s] alert#12 primary=advisory_clear conf=0.58 eta=9.4
[t+0s] alert#10 primary=advisory_clear conf=0.554 eta=9.4
[t+0s] alert#9 primary=confirmed_clear conf=0.473 eta=1.5
[t+0s] pipeline feed ready — waiting for Decide seed
[t+0s] alert#16 primary=advisory_clear conf=0.517 eta=1.5
[t+0s] alert#14 primary=advisory_clear conf=0.524 eta=1.5
[t+0s] alert#12 primary=advisory_clear conf=0.58 eta=9.4
[t+0s] alert#10 primary=advisory_clear conf=0.554 eta=9.4
[t+0s] alert#9 primary=confirmed_clear conf=0.473 eta=1.5
[t+0s] pipeline feed ready — waiting for Decide seed
[t+0s] alert#16 primary=advisory_clear conf=0.517 eta=1.5
[t+0s] alert#14 primary=advisory_clear conf=0.524 eta=1.5
[t+0s] alert#12 primary=advisory_clear conf=0.58 eta=9.4
[t+0s] alert#10 primary=advisory_clear conf=0.554 eta=9.4
[t+0s] alert#9 primary=confirmed_clear conf=0.473 eta=1.5
[t+0s] pipeline feed ready — waiting for Decide seed
[t+0s] alert#16 primary=advisory_clear conf=0.517 eta=1.5
[t+0s] alert#14 primary=advisory_clear conf=0.524 eta=1.5
[t+0s] alert#12 primary=advisory_clear conf=0.58 eta=9.4
[t+0s] alert#10 primary=advisory_clear conf=0.554 eta=9.4
[t+0s] alert#9 primary=confirmed_clear conf=0.473 eta=1.5
[t+0s] pipeline feed ready — waiting for Decide seed
[t+0s] alert#16 primary=advisory_clear conf=0.517 eta=1.5
[t+0s] alert#14 primary=advisory_clear conf=0.524 eta=1.5
[t+0s] alert#12 primary=advisory_clear conf=0.58 eta=9.4
[t+0s] alert#10 primary=advisory_clear conf=0.554 eta=9.4
[t+0s] alert#9 primary=confirmed_clear conf=0.473 eta=1.5
[t+0s] pipeline feed ready — waiting for Decide seed
[t+0s] alert#16 primary=advisory_clear conf=0.517 eta=1.5
[t+0s] alert#14 primary=advisory_clear conf=0.524 eta=1.5
[t+0s] alert#12 primary=advisory_clear conf=0.58 eta=9.4
[t+0s] alert#10 primary=advisory_clear conf=0.554 eta=9.4
[t+0s] alert#9 primary=confirmed_clear conf=0.473 eta=1.5
[t+99s] seed alert#208219 primary=tunnel_degradation sev=1B from Q1/Q2 — Approve to steer, or wait for auto-collapse
[t+0s] pipeline feed ready — waiting for Decide seed
[t+0s] alert#208219 primary=tunnel_degradation conf=0.6988 eta=7.376 playbook=1. Approve: steer ESP underlay to eth0 on PE1 (force_path)
[t+101s] alert#208219 primary=tunnel_degradation conf=0.6988 eta=7.376 playbook=1. Approve: steer ESP underlay to eth0 on PE1 (force_path)
[t+0s] pipeline feed ready — waiting for Decide seed
[t+0s] alert#208219 primary=tunnel_degradation conf=0.6988 eta=7.376 playbook=1. Approve: steer ESP underlay to eth0 on PE1 (force_path)
[t+0s] pipeline feed ready — waiting for Decide seed
[t+0s] alert#208219 primary=tunnel_degradation conf=0.6988 eta=7.376 playbook=1. Approve: steer ESP underlay to eth0 on PE1 (force_path)
[t+0s] pipeline feed ready — waiting for Decide seed
[t+0s] alert#208219 primary=tunnel_degradation conf=0.6988 eta=7.376 playbook=1. Approve: steer ESP underlay to eth0 on PE1 (force_path)
[t+0s] pipeline feed ready — waiting for Decide seed
[t+0s] alert#208219 primary=tunnel_degradation conf=0.6988 eta=7.376 playbook=1. Approve: steer ESP underlay to eth0 on PE1 (force_path)
[t+0s] pipeline feed ready — waiting for Decide seed
[t+0s] alert#208219 primary=tunnel_degradation conf=0.6988 eta=7.376 playbook=1. Approve: steer ESP underlay to eth0 on PE1 (force_path)
[t+0s] pipeline feed ready — waiting for Decide seed
[t+0s] alert#208219 primary=tunnel_degradation conf=0.6988 eta=7.376 playbook=1. Approve: steer ESP underlay to eth0 on PE1 (force_path)
[t+0s] pipeline feed ready — waiting for Decide seed
[t+0s] alert#208219 primary=tunnel_degradation conf=0.6988 eta=7.376 playbook=1. Approve: steer ESP underlay to eth0 on PE1 (force_path)
[t+0s] pipeline feed ready — waiting for Decide seed
[t+0s] alert#208219 primary=tunnel_degradation conf=0.6988 eta=7.376 playbook=1. Approve: steer ESP underlay to eth0 on PE1 (force_path)
[t+0s] pipeline feed ready — waiting for Decide seed
[t+0s] alert#208219 primary=tunnel_degradation conf=0.6988 eta=7.376 playbook=1. Approve: steer ESP underlay to eth0 on PE1 (force_path)
[t+0s] pipeline feed ready — waiting for Decide seed
[t+0s] alert#208220 primary=tunnel_degradation conf=0.55 eta=1.811060333251953 firing_tti_heads=[{'head': 'latency', 'eta_seconds': 108.66361999511719}] playbook=1. Approve: steer ESP underlay to eth0 on PE1 (force_path)
[t+0s] alert#208219 primary=tunnel_degradation conf=0.6988 eta=7.376 playbook=1. Approve: steer ESP underlay to eth0 on PE1 (force_path)
[t+181s] alert#208220 primary=tunnel_degradation conf=0.55 eta=1.811060333251953 firing_tti_heads=[{'head': 'latency', 'eta_seconds': 108.66361999511719}] playbook=1. Approve: steer ESP underlay to eth0 on PE1 (force_path)
[t+0s] pipeline feed ready — waiting for Decide seed
[t+0s] alert#208220 primary=tunnel_degradation conf=0.55 eta=1.811060333251953 firing_tti_heads=[{'head': 'latency', 'eta_seconds': 108.66361999511719}] playbook=1. Approve: steer ESP underlay to eth0 on PE1 (force_path)
[t+0s] alert#208219 primary=tunnel_degradation conf=0.6988 eta=7.376 playbook=1. Approve: steer ESP underlay to eth0 on PE1 (force_path)
[t+0s] pipeline feed ready — waiting for Decide seed
[t+0s] alert#208220 primary=tunnel_degradation conf=0.55 eta=1.811060333251953 firing_tti_heads=[{'head': 'latency', 'eta_seconds': 108.66361999511719}] playbook=1. Approve: steer ESP underlay to eth0 on PE1 (force_path)
[t+0s] alert#208219 primary=tunnel_degradation conf=0.6988 eta=7.376 playbook=1. Approve: steer ESP underlay to eth0 on PE1 (force_path)
[t+0s] pipeline feed ready — waiting for Decide seed
[t+0s] alert#208220 primary=tunnel_degradation conf=0.55 eta=1.811060333251953 firing_tti_heads=[{'head': 'latency', 'eta_seconds': 108.66361999511719}] playbook=1. Approve: steer ESP underlay to eth0 on PE1 (force_path)
[t+0s] alert#208219 primary=tunnel_degradation conf=0.6988 eta=7.376 playbook=1. Approve: steer ESP underlay to eth0 on PE1 (force_path)
[t+0s] pipeline feed ready — waiting for Decide seed
[t+0s] alert#208220 primary=tunnel_degradation conf=0.55 eta=1.811060333251953 firing_tti_heads=[{'head': 'latency', 'eta_seconds': 108.66361999511719}] playbook=1. Approve: steer ESP underlay to eth0 on PE1 (force_path)
[t+0s] alert#208219 primary=tunnel_degradation conf=0.6988 eta=7.376 playbook=1. Approve: steer ESP underlay to eth0 on PE1 (force_path)
[t+0s] pipeline feed ready — waiting for Decide seed
[t+0s] alert#208220 primary=tunnel_degradation conf=0.55 eta=1.811060333251953 firing_tti_heads=[{'head': 'latency', 'eta_seconds': 108.66361999511719}] playbook=1. Approve: steer ESP underlay to eth0 on PE1 (force_path)
[t+0s] alert#208219 primary=tunnel_degradation conf=0.6988 eta=7.376 playbook=1. Approve: steer ESP underlay to eth0 on PE1 (force_path)
[t+0s] pipeline feed ready — waiting for Decide seed
[t+0s] alert#208220 primary=tunnel_degradation conf=0.55 eta=1.811060333251953 firing_tti_heads=[{'head': 'latency', 'eta_seconds': 108.66361999511719}] playbook=1. Approve: steer ESP underlay to eth0 on PE1 (force_path)
[t+0s] alert#208219 primary=tunnel_degradation conf=0.6988 eta=7.376 playbook=1. Approve: steer ESP underlay to eth0 on PE1 (force_path)
[t+0s] pipeline feed ready — waiting for Decide seed
[t+0s] alert#208220 primary=tunnel_degradation conf=0.55 eta=1.811060333251953 firing_tti_heads=[{'head': 'latency', 'eta_seconds': 108.66361999511719}] playbook=1. Approve: steer ESP underlay to eth0 on PE1 (force_path)
[t+0s] alert#208219 primary=tunnel_degradation conf=0.6988 eta=7.376 playbook=1. Approve: steer ESP underlay to eth0 on PE1 (force_path)
[t+241s] alert#208221 primary=tunnel_degradation conf=0.6030783935387929 eta=0.515056832631429 firing_tti_heads=[{'head': 'latency', 'eta_seconds': 30.903409957885742}] playbook=1. Approve: steer ESP underlay to eth0 on PE1 (force_path)
[t+0s] pipeline feed ready — waiting for Decide seed
[t+0s] alert#208221 primary=tunnel_degradation conf=0.6030783935387929 eta=0.515056832631429 firing_tti_heads=[{'head': 'latency', 'eta_seconds': 30.903409957885742}] playbook=1. Approve: steer ESP underlay to eth0 on PE1 (force_path)
[t+0s] alert#208220 primary=tunnel_degradation conf=0.55 eta=1.811060333251953 firing_tti_heads=[{'head': 'latency', 'eta_seconds': 108.66361999511719}] playbook=1. Approve: steer ESP underlay to eth0 on PE1 (force_path)
[t+0s] alert#208219 primary=tunnel_degradation conf=0.6988 eta=7.376 playbook=1. Approve: steer ESP underlay to eth0 on PE1 (force_path)
[t+0s] pipeline feed ready — waiting for Decide seed
[t+0s] alert#208221 primary=tunnel_degradation conf=0.6030783935387929 eta=0.515056832631429 firing_tti_heads=[{'head': 'latency', 'eta_seconds': 30.903409957885742}] playbook=1. Approve: steer ESP underlay to eth0 on PE1 (force_path)
[t+0s] alert#208220 primary=tunnel_degradation conf=0.55 eta=1.811060333251953 firing_tti_heads=[{'head': 'latency', 'eta_seconds': 108.66361999511719}] playbook=1. Approve: steer ESP underlay to eth0 on PE1 (force_path)
[t+0s] alert#208219 primary=tunnel_degradation conf=0.6988 eta=7.376 playbook=1. Approve: steer ESP underlay to eth0 on PE1 (force_path)
[t+0s] pipeline feed ready — waiting for Decide seed
[t+0s] alert#208221 primary=tunnel_degradation conf=0.6030783935387929 eta=0.515056832631429 firing_tti_heads=[{'head': 'latency', 'eta_seconds': 30.903409957885742}] playbook=1. Approve: steer ESP underlay to eth0 on PE1 (force_path)
[t+0s] alert#208220 primary=tunnel_degradation conf=0.55 eta=1.811060333251953 firing_tti_heads=[{'head': 'latency', 'eta_seconds': 108.66361999511719}] playbook=1. Approve: steer ESP underlay to eth0 on PE1 (force_path)
[t+0s] alert#208219 primary=tunnel_degradation conf=0.6988 eta=7.376 playbook=1. Approve: steer ESP underlay to eth0 on PE1 (force_path)
[t+0s] pipeline feed ready — waiting for Decide seed
[t+0s] alert#208221 primary=tunnel_degradation conf=0.6030783935387929 eta=0.515056832631429 firing_tti_heads=[{'head': 'latency', 'eta_seconds': 30.903409957885742}] playbook=1. Approve: steer ESP underlay to eth0 on PE1 (force_path)
[t+0s] alert#208220 primary=tunnel_degradation conf=0.55 eta=1.811060333251953 firing_tti_heads=[{'head': 'latency', 'eta_seconds': 108.66361999511719}] playbook=1. Approve: steer ESP underlay to eth0 on PE1 (force_path)
[t+0s] alert#208219 primary=tunnel_degradation conf=0.6988 eta=7.376 playbook=1. Approve: steer ESP underlay to eth0 on PE1 (force_path)
[t+0s] pipeline feed ready — waiting for Decide seed
[t+0s] alert#208221 primary=tunnel_degradation conf=0.6030783935387929 eta=0.515056832631429 firing_tti_heads=[{'head': 'latency', 'eta_seconds': 30.903409957885742}] playbook=1. Approve: steer ESP underlay to eth0 on PE1 (force_path)
[t+0s] alert#208220 primary=tunnel_degradation conf=0.55 eta=1.811060333251953 firing_tti_heads=[{'head': 'latency', 'eta_seconds': 108.66361999511719}] playbook=1. Approve: steer ESP underlay to eth0 on PE1 (force_path)
[t+0s] alert#208219 primary=tunnel_degradation conf=0.6988 eta=7.376 playbook=1. Approve: steer ESP underlay to eth0 on PE1 (force_path)
[t+0s] pipeline feed ready — waiting for Decide seed
[t+0s] alert#208221 primary=tunnel_degradation conf=0.6030783935387929 eta=0.515056832631429 firing_tti_heads=[{'head': 'latency', 'eta_seconds': 30.903409957885742}] playbook=1. Approve: steer ESP underlay to eth0 on PE1 (force_path)
[t+0s] alert#208220 primary=tunnel_degradation conf=0.55 eta=1.811060333251953 firing_tti_heads=[{'head': 'latency', 'eta_seconds': 108.66361999511719}] playbook=1. Approve: steer ESP underlay to eth0 on PE1 (force_path)
[t+0s] alert#208219 primary=tunnel_degradation conf=0.6988 eta=7.376 playbook=1. Approve: steer ESP underlay to eth0 on PE1 (force_path)
[t+0s] pipeline feed ready — waiting for Decide seed
[t+0s] alert#208221 primary=tunnel_degradation conf=0.6030783935387929 eta=0.515056832631429 firing_tti_heads=[{'head': 'latency', 'eta_seconds': 30.903409957885742}] playbook=1. Approve: steer ESP underlay to eth0 on PE1 (force_path)
[t+0s] alert#208220 primary=tunnel_degradation conf=0.55 eta=1.811060333251953 firing_tti_heads=[{'head': 'latency', 'eta_seconds': 108.66361999511719}] playbook=1. Approve: steer ESP underlay to eth0 on PE1 (force_path)
[t+0s] alert#208219 primary=tunnel_degradation conf=0.6988 eta=7.376 playbook=1. Approve: steer ESP underlay to eth0 on PE1 (force_path)
[t+0s] pipeline feed ready — waiting for Decide seed
[t+0s] alert#208221 primary=tunnel_degradation conf=0.6030783935387929 eta=0.515056832631429 firing_tti_heads=[{'head': 'latency', 'eta_seconds': 30.903409957885742}] playbook=1. Approve: steer ESP underlay to eth0 on PE1 (force_path)
[t+0s] alert#208220 primary=tunnel_degradation conf=0.55 eta=1.811060333251953 firing_tti_heads=[{'head': 'latency', 'eta_seconds': 108.66361999511719}] playbook=1. Approve: steer ESP underlay to eth0 on PE1 (force_path)
[t+0s] alert#208219 primary=tunnel_degradation conf=0.6988 eta=7.376 playbook=1. Approve: steer ESP underlay to eth0 on PE1 (force_path)
[t+0s] pipeline feed ready — waiting for Decide seed
[t+0s] alert#208221 primary=tunnel_degradation conf=0.6030783935387929 eta=0.515056832631429 firing_tti_heads=[{'head': 'latency', 'eta_seconds': 30.903409957885742}] playbook=1. Approve: steer ESP underlay to eth0 on PE1 (force_path)
[t+0s] alert#208220 primary=tunnel_degradation conf=0.55 eta=1.811060333251953 firing_tti_heads=[{'head': 'latency', 'eta_seconds': 108.66361999511719}] playbook=1. Approve: steer ESP underlay to eth0 on PE1 (force_path)
[t+0s] alert#208219 primary=tunnel_degradation conf=0.6988 eta=7.376 playbook=1. Approve: steer ESP underlay to eth0 on PE1 (force_path)
[t+0s] pipeline feed ready — waiting for Decide seed
[t+0s] alert#208221 primary=tunnel_degradation conf=0.6030783935387929 eta=0.515056832631429 firing_tti_heads=[{'head': 'latency', 'eta_seconds': 30.903409957885742}] playbook=1. Approve: steer ESP underlay to eth0 on PE1 (force_path)
[t+0s] alert#208220 primary=tunnel_degradation conf=0.55 eta=1.811060333251953 firing_tti_heads=[{'head': 'latency', 'eta_seconds': 108.66361999511719}] playbook=1. Approve: steer ESP underlay to eth0 on PE1 (force_path)
[t+0s] alert#208219 primary=tunnel_degradation conf=0.6988 eta=7.376 playbook=1. Approve: steer ESP underlay to eth0 on PE1 (force_path)
[t+0s] pipeline feed ready — waiting for Decide seed
[t+0s] alert#208221 primary=tunnel_degradation conf=0.6030783935387929 eta=0.515056832631429 firing_tti_heads=[{'head': 'latency', 'eta_seconds': 30.903409957885742}] playbook=1. Approve: steer ESP underlay to eth0 on PE1 (force_path)
[t+0s] alert#208220 primary=tunnel_degradation conf=0.55 eta=1.811060333251953 firing_tti_heads=[{'head': 'latency', 'eta_seconds': 108.66361999511719}] playbook=1. Approve: steer ESP underlay to eth0 on PE1 (force_path)
[t+0s] alert#208219 primary=tunnel_degradation conf=0.6988 eta=7.376 playbook=1. Approve: steer ESP underlay to eth0 on PE1 (force_path)
[t+0s] pipeline feed ready — waiting for Decide seed
[t+0s] alert#208221 primary=tunnel_degradation conf=0.6030783935387929 eta=0.515056832631429 firing_tti_heads=[{'head': 'latency', 'eta_seconds': 30.903409957885742}] playbook=1. Approve: steer ESP underlay to eth0 on PE1 (force_path)
[t+0s] alert#208220 primary=tunnel_degradation conf=0.55 eta=1.811060333251953 firing_tti_heads=[{'head': 'latency', 'eta_seconds': 108.66361999511719}] playbook=1. Approve: steer ESP underlay to eth0 on PE1 (force_path)
[t+0s] alert#208219 primary=tunnel_degradation conf=0.6988 eta=7.376 playbook=1. Approve: steer ESP underlay to eth0 on PE1 (force_path)
[t+0s] pipeline feed ready — waiting for Decide seed
[t+0s] alert#208221 primary=tunnel_degradation conf=0.6030783935387929 eta=0.515056832631429 firing_tti_heads=[{'head': 'latency', 'eta_seconds': 30.903409957885742}] playbook=1. Approve: steer ESP underlay to eth0 on PE1 (force_path)
[t+0s] alert#208220 primary=tunnel_degradation conf=0.55 eta=1.811060333251953 firing_tti_heads=[{'head': 'latency', 'eta_seconds': 108.66361999511719}] playbook=1. Approve: steer ESP underlay to eth0 on PE1 (force_path)
[t+0s] alert#208219 primary=tunnel_degradation conf=0.6988 eta=7.376 playbook=1. Approve: steer ESP underlay to eth0 on PE1 (force_path)
[t+0s] pipeline feed ready — waiting for Decide seed
[t+0s] alert#208221 primary=tunnel_degradation conf=0.6030783935387929 eta=0.515056832631429 firing_tti_heads=[{'head': 'latency', 'eta_seconds': 30.903409957885742}] playbook=1. Approve: steer ESP underlay to eth0 on PE1 (force_path)
[t+0s] alert#208220 primary=tunnel_degradation conf=0.55 eta=1.811060333251953 firing_tti_heads=[{'head': 'latency', 'eta_seconds': 108.66361999511719}] playbook=1. Approve: steer ESP underlay to eth0 on PE1 (force_path)
[t+0s] alert#208219 primary=tunnel_degradation conf=0.6988 eta=7.376 playbook=1. Approve: steer ESP underlay to eth0 on PE1 (force_path)
[t+0s] pipeline feed ready — waiting for Decide seed
[t+0s] alert#208221 primary=tunnel_degradation conf=0.6030783935387929 eta=0.515056832631429 firing_tti_heads=[{'head': 'latency', 'eta_seconds': 30.903409957885742}] playbook=1. Approve: steer ESP underlay to eth0 on PE1 (force_path)
[t+0s] alert#208220 primary=tunnel_degradation conf=0.55 eta=1.811060333251953 firing_tti_heads=[{'head': 'latency', 'eta_seconds': 108.66361999511719}] playbook=1. Approve: steer ESP underlay to eth0 on PE1 (force_path)
[t+0s] alert#208219 primary=tunnel_degradation conf=0.6988 eta=7.376 playbook=1. Approve: steer ESP underlay to eth0 on PE1 (force_path)
[t+0s] pipeline feed ready — waiting for Decide seed
[t+0s] alert#208221 primary=tunnel_degradation conf=0.6030783935387929 eta=0.515056832631429 firing_tti_heads=[{'head': 'latency', 'eta_seconds': 30.903409957885742}] playbook=1. Approve: steer ESP underlay to eth0 on PE1 (force_path)
[t+0s] alert#208220 primary=tunnel_degradation conf=0.55 eta=1.811060333251953 firing_tti_heads=[{'head': 'latency', 'eta_seconds': 108.66361999511719}] playbook=1. Approve: steer ESP underlay to eth0 on PE1 (force_path)
[t+0s] alert#208219 primary=tunnel_degradation conf=0.6988 eta=7.376 playbook=1. Approve: steer ESP underlay to eth0 on PE1 (force_path)
[t+0s] pipeline feed ready — waiting for Decide seed
[t+0s] alert#208221 primary=tunnel_degradation conf=0.6030783935387929 eta=0.515056832631429 firing_tti_heads=[{'head': 'latency', 'eta_seconds': 30.903409957885742}] playbook=1. Approve: steer ESP underlay to eth0 on PE1 (force_path)
[t+0s] alert#208220 primary=tunnel_degradation conf=0.55 eta=1.811060333251953 firing_tti_heads=[{'head': 'latency', 'eta_seconds': 108.66361999511719}] playbook=1. Approve: steer ESP underlay to eth0 on PE1 (force_path)
[t+0s] alert#208219 primary=tunnel_degradation conf=0.6988 eta=7.376 playbook=1. Approve: steer ESP underlay to eth0 on PE1 (force_path)
[t+0s] pipeline feed ready — waiting for Decide seed
[t+0s] alert#208221 primary=tunnel_degradation conf=0.6030783935387929 eta=0.515056832631429 firing_tti_heads=[{'head': 'latency', 'eta_seconds': 30.903409957885742}] playbook=1. Approve: steer ESP underlay to eth0 on PE1 (force_path)
[t+0s] alert#208220 primary=tunnel_degradation conf=0.55 eta=1.811060333251953 firing_tti_heads=[{'head': 'latency', 'eta_seconds': 108.66361999511719}] playbook=1. Approve: steer ESP underlay to eth0 on PE1 (force_path)
[t+0s] alert#208219 primary=tunnel_degradation conf=0.6988 eta=7.376 playbook=1. Approve: steer ESP underlay to eth0 on PE1 (force_path)
[t+0s] pipeline feed ready — waiting for Decide seed
[t+0s] alert#208221 primary=tunnel_degradation conf=0.6030783935387929 eta=0.515056832631429 firing_tti_heads=[{'head': 'latency', 'eta_seconds': 30.903409957885742}] playbook=1. Approve: steer ESP underlay to eth0 on PE1 (force_path)
[t+0s] alert#208220 primary=tunnel_degradation conf=0.55 eta=1.811060333251953 firing_tti_heads=[{'head': 'latency', 'eta_seconds': 108.66361999511719}] playbook=1. Approve: steer ESP underlay to eth0 on PE1 (force_path)
[t+0s] alert#208219 primary=tunnel_degradation conf=0.6988 eta=7.376 playbook=1. Approve: steer ESP underlay to eth0 on PE1 (force_path)
[t+0s] pipeline feed ready — waiting for Decide seed
[t+0s] alert#208221 primary=tunnel_degradation conf=0.6030783935387929 eta=0.515056832631429 firing_tti_heads=[{'head': 'latency', 'eta_seconds': 30.903409957885742}] playbook=1. Approve: steer ESP underlay to eth0 on PE1 (force_path)
[t+0s] alert#208220 primary=tunnel_degradation conf=0.55 eta=1.811060333251953 firing_tti_heads=[{'head': 'latency', 'eta_seconds': 108.66361999511719}] playbook=1. Approve: steer ESP underlay to eth0 on PE1 (force_path)
[t+0s] alert#208219 primary=tunnel_degradation conf=0.6988 eta=7.376 playbook=1. Approve: steer ESP underlay to eth0 on PE1 (force_path)
[t+0s] pipeline feed ready — waiting for Decide seed
[t+0s] alert#208221 primary=tunnel_degradation conf=0.6030783935387929 eta=0.515056832631429 firing_tti_heads=[{'head': 'latency', 'eta_seconds': 30.903409957885742}] playbook=1. Approve: steer ESP underlay to eth0 on PE1 (force_path)
[t+0s] alert#208220 primary=tunnel_degradation conf=0.55 eta=1.811060333251953 firing_tti_heads=[{'head': 'latency', 'eta_seconds': 108.66361999511719}] playbook=1. Approve: steer ESP underlay to eth0 on PE1 (force_path)
[t+0s] alert#208219 primary=tunnel_degradation conf=0.6988 eta=7.376 playbook=1. Approve: steer ESP underlay to eth0 on PE1 (force_path)
[t+0s] pipeline feed ready — waiting for Decide seed
[t+0s] alert#208221 primary=tunnel_degradation conf=0.6030783935387929 eta=0.515056832631429 firing_tti_heads=[{'head': 'latency', 'eta_seconds': 30.903409957885742}] playbook=1. Approve: steer ESP underlay to eth0 on PE1 (force_path)
[t+0s] alert#208220 primary=tunnel_degradation conf=0.55 eta=1.811060333251953 firing_tti_heads=[{'head': 'latency', 'eta_seconds': 108.66361999511719}] playbook=1. Approve: steer ESP underlay to eth0 on PE1 (force_path)
[t+0s] alert#208219 primary=tunnel_degradation conf=0.6988 eta=7.376 playbook=1. Approve: steer ESP underlay to eth0 on PE1 (force_path)
[t+0s] pipeline feed ready — waiting for Decide seed
[t+0s] alert#208221 primary=tunnel_degradation conf=0.6030783935387929 eta=0.515056832631429 firing_tti_heads=[{'head': 'latency', 'eta_seconds': 30.903409957885742}] playbook=1. Approve: steer ESP underlay to eth0 on PE1 (force_path)
[t+0s] alert#208220 primary=tunnel_degradation conf=0.55 eta=1.811060333251953 firing_tti_heads=[{'head': 'latency', 'eta_seconds': 108.66361999511719}] playbook=1. Approve: steer ESP underlay to eth0 on PE1 (force_path)
[t+0s] alert#208219 primary=tunnel_degradation conf=0.6988 eta=7.376 playbook=1. Approve: steer ESP underlay to eth0 on PE1 (force_path)
[t+0s] pipeline feed ready — waiting for Decide seed
[t+0s] alert#208221 primary=tunnel_degradation conf=0.6030783935387929 eta=0.515056832631429 firing_tti_heads=[{'head': 'latency', 'eta_seconds': 30.903409957885742}] playbook=1. Approve: steer ESP underlay to eth0 on PE1 (force_path)
[t+0s] alert#208220 primary=tunnel_degradation conf=0.55 eta=1.811060333251953 firing_tti_heads=[{'head': 'latency', 'eta_seconds': 108.66361999511719}] playbook=1. Approve: steer ESP underlay to eth0 on PE1 (force_path)
[t+0s] alert#208219 primary=tunnel_degradation conf=0.6988 eta=7.376 playbook=1. Approve: steer ESP underlay to eth0 on PE1 (force_path)
[t+0s] pipeline feed ready — waiting for Decide seed
[t+0s] alert#208221 primary=tunnel_degradation conf=0.6030783935387929 eta=0.515056832631429 firing_tti_heads=[{'head': 'latency', 'eta_seconds': 30.903409957885742}] playbook=1. Approve: steer ESP underlay to eth0 on PE1 (force_path)
[t+0s] alert#208220 primary=tunnel_degradation conf=0.55 eta=1.811060333251953 firing_tti_heads=[{'head': 'latency', 'eta_seconds': 108.66361999511719}] playbook=1. Approve: steer ESP underlay to eth0 on PE1 (force_path)
[t+0s] alert#208219 primary=tunnel_degradation conf=0.6988 eta=7.376 playbook=1. Approve: steer ESP underlay to eth0 on PE1 (force_path)
[t+0s] pipeline feed ready — waiting for Decide seed
[t+0s] alert#208221 primary=tunnel_degradation conf=0.6030783935387929 eta=0.515056832631429 firing_tti_heads=[{'head': 'latency', 'eta_seconds': 30.903409957885742}] playbook=1. Approve: steer ESP underlay to eth0 on PE1 (force_path)
[t+0s] alert#208220 primary=tunnel_degradation conf=0.55 eta=1.811060333251953 firing_tti_heads=[{'head': 'latency', 'eta_seconds': 108.66361999511719}] playbook=1. Approve: steer ESP underlay to eth0 on PE1 (force_path)
[t+0s] alert#208219 primary=tunnel_degradation conf=0.6988 eta=7.376 playbook=1. Approve: steer ESP underlay to eth0 on PE1 (force_path)
[t+0s] pipeline feed ready — waiting for Decide seed
[t+0s] alert#208221 primary=tunnel_degradation conf=0.6030783935387929 eta=0.515056832631429 firing_tti_heads=[{'head': 'latency', 'eta_seconds': 30.903409957885742}] playbook=1. Approve: steer ESP underlay to eth0 on PE1 (force_path)
[t+0s] alert#208220 primary=tunnel_degradation conf=0.55 eta=1.811060333251953 firing_tti_heads=[{'head': 'latency', 'eta_seconds': 108.66361999511719}] playbook=1. Approve: steer ESP underlay to eth0 on PE1 (force_path)
[t+0s] alert#208219 primary=tunnel_degradation conf=0.6988 eta=7.376 playbook=1. Approve: steer ESP underlay to eth0 on PE1 (force_path)
[t+0s] pipeline feed ready — waiting for Decide seed
[t+0s] alert#208221 primary=tunnel_degradation conf=0.6030783935387929 eta=0.515056832631429 firing_tti_heads=[{'head': 'latency', 'eta_seconds': 30.903409957885742}] playbook=1. Approve: steer ESP underlay to eth0 on PE1 (force_path)
[t+0s] alert#208220 primary=tunnel_degradation conf=0.55 eta=1.811060333251953 firing_tti_heads=[{'head': 'latency', 'eta_seconds': 108.66361999511719}] playbook=1. Approve: steer ESP underlay to eth0 on PE1 (force_path)
[t+0s] alert#208219 primary=tunnel_degradation conf=0.6988 eta=7.376 playbook=1. Approve: steer ESP underlay to eth0 on PE1 (force_path)
[t+0s] pipeline feed ready — waiting for Decide seed
[t+0s] alert#208221 primary=tunnel_degradation conf=0.6030783935387929 eta=0.515056832631429 firing_tti_heads=[{'head': 'latency', 'eta_seconds': 30.903409957885742}] playbook=1. Approve: steer ESP underlay to eth0 on PE1 (force_path)
[t+0s] alert#208220 primary=tunnel_degradation conf=0.55 eta=1.811060333251953 firing_tti_heads=[{'head': 'latency', 'eta_seconds': 108.66361999511719}] playbook=1. Approve: steer ESP underlay to eth0 on PE1 (force_path)
[t+0s] alert#208219 primary=tunnel_degradation conf=0.6988 eta=7.376 playbook=1. Approve: steer ESP underlay to eth0 on PE1 (force_path)
[t+0s] pipeline feed ready — waiting for Decide seed
[t+0s] alert#208221 primary=tunnel_degradation conf=0.6030783935387929 eta=0.515056832631429 firing_tti_heads=[{'head': 'latency', 'eta_seconds': 30.903409957885742}] playbook=1. Approve: steer ESP underlay to eth0 on PE1 (force_path)
[t+0s] alert#208220 primary=tunnel_degradation conf=0.55 eta=1.811060333251953 firing_tti_heads=[{'head': 'latency', 'eta_seconds': 108.66361999511719}] playbook=1. Approve: steer ESP underlay to eth0 on PE1 (force_path)
[t+0s] alert#208219 primary=tunnel_degradation conf=0.6988 eta=7.376 playbook=1. Approve: steer ESP underlay to eth0 on PE1 (force_path)
[t+0s] pipeline feed ready — waiting for Decide seed
[t+0s] alert#208221 primary=tunnel_degradation conf=0.6030783935387929 eta=0.515056832631429 firing_tti_heads=[{'head': 'latency', 'eta_seconds': 30.903409957885742}] playbook=1. Approve: steer ESP underlay to eth0 on PE1 (force_path)
[t+0s] alert#208220 primary=tunnel_degradation conf=0.55 eta=1.811060333251953 firing_tti_heads=[{'head': 'latency', 'eta_seconds': 108.66361999511719}] playbook=1. Approve: steer ESP underlay to eth0 on PE1 (force_path)
[t+0s] alert#208219 primary=tunnel_degradation conf=0.6988 eta=7.376 playbook=1. Approve: steer ESP underlay to eth0 on PE1 (force_path)
[t+0s] pipeline feed ready — waiting for Decide seed
[t+0s] alert#208221 primary=tunnel_degradation conf=0.6030783935387929 eta=0.515056832631429 firing_tti_heads=[{'head': 'latency', 'eta_seconds': 30.903409957885742}] playbook=1. Approve: steer ESP underlay to eth0 on PE1 (force_path)
[t+0s] alert#208220 primary=tunnel_degradation conf=0.55 eta=1.811060333251953 firing_tti_heads=[{'head': 'latency', 'eta_seconds': 108.66361999511719}] playbook=1. Approve: steer ESP underlay to eth0 on PE1 (force_path)
[t+0s] alert#208219 primary=tunnel_degradation conf=0.6988 eta=7.376 playbook=1. Approve: steer ESP underlay to eth0 on PE1 (force_path)
[t+0s] pipeline feed ready — waiting for Decide seed
[t+0s] alert#208221 primary=tunnel_degradation conf=0.6030783935387929 eta=0.515056832631429 firing_tti_heads=[{'head': 'latency', 'eta_seconds': 30.903409957885742}] playbook=1. Approve: steer ESP underlay to eth0 on PE1 (force_path)
[t+0s] alert#208220 primary=tunnel_degradation conf=0.55 eta=1.811060333251953 firing_tti_heads=[{'head': 'latency', 'eta_seconds': 108.66361999511719}] playbook=1. Approve: steer ESP underlay to eth0 on PE1 (force_path)
[t+0s] alert#208219 primary=tunnel_degradation conf=0.6988 eta=7.376 playbook=1. Approve: steer ESP underlay to eth0 on PE1 (force_path)
[t+0s] pipeline feed ready — waiting for Decide seed
[t+0s] alert#208221 primary=tunnel_degradation conf=0.6030783935387929 eta=0.515056832631429 firing_tti_heads=[{'head': 'latency', 'eta_seconds': 30.903409957885742}] playbook=1. Approve: steer ESP underlay to eth0 on PE1 (force_path)
[t+0s] alert#208220 primary=tunnel_degradation conf=0.55 eta=1.811060333251953 firing_tti_heads=[{'head': 'latency', 'eta_seconds': 108.66361999511719}] playbook=1. Approve: steer ESP underlay to eth0 on PE1 (force_path)
[t+0s] alert#208219 primary=tunnel_degradation conf=0.6988 eta=7.376 playbook=1. Approve: steer ESP underlay to eth0 on PE1 (force_path)
[t+0s] pipeline feed ready — waiting for Decide seed
[t+0s] alert#208221 primary=tunnel_degradation conf=0.6030783935387929 eta=0.515056832631429 firing_tti_heads=[{'head': 'latency', 'eta_seconds': 30.903409957885742}] playbook=1. Approve: steer ESP underlay to eth0 on PE1 (force_path)
[t+0s] alert#208220 primary=tunnel_degradation conf=0.55 eta=1.811060333251953 firing_tti_heads=[{'head': 'latency', 'eta_seconds': 108.66361999511719}] playbook=1. Approve: steer ESP underlay to eth0 on PE1 (force_path)
[t+0s] alert#208219 primary=tunnel_degradation conf=0.6988 eta=7.376 playbook=1. Approve: steer ESP underlay to eth0 on PE1 (force_path)
[t+0s] pipeline feed ready — waiting for Decide seed
[t+0s] alert#208221 primary=tunnel_degradation conf=0.6030783935387929 eta=0.515056832631429 firing_tti_heads=[{'head': 'latency', 'eta_seconds': 30.903409957885742}] playbook=1. Approve: steer ESP underlay to eth0 on PE1 (force_path)
[t+0s] alert#208220 primary=tunnel_degradation conf=0.55 eta=1.811060333251953 firing_tti_heads=[{'head': 'latency', 'eta_seconds': 108.66361999511719}] playbook=1. Approve: steer ESP underlay to eth0 on PE1 (force_path)
[t+0s] alert#208219 primary=tunnel_degradation conf=0.6988 eta=7.376 playbook=1. Approve: steer ESP underlay to eth0 on PE1 (force_path)
[t+0s] pipeline feed ready — waiting for Decide seed
[t+0s] alert#208221 primary=tunnel_degradation conf=0.6030783935387929 eta=0.515056832631429 firing_tti_heads=[{'head': 'latency', 'eta_seconds': 30.903409957885742}] playbook=1. Approve: steer ESP underlay to eth0 on PE1 (force_path)
[t+0s] alert#208220 primary=tunnel_degradation conf=0.55 eta=1.811060333251953 firing_tti_heads=[{'head': 'latency', 'eta_seconds': 108.66361999511719}] playbook=1. Approve: steer ESP underlay to eth0 on PE1 (force_path)
[t+0s] alert#208219 primary=tunnel_degradation conf=0.6988 eta=7.376 playbook=1. Approve: steer ESP underlay to eth0 on PE1 (force_path)
[t+0s] pipeline feed ready — waiting for Decide seed
[t+0s] alert#208221 primary=tunnel_degradation conf=0.6030783935387929 eta=0.515056832631429 firing_tti_heads=[{'head': 'latency', 'eta_seconds': 30.903409957885742}] playbook=1. Approve: steer ESP underlay to eth0 on PE1 (force_path)
[t+0s] alert#208220 primary=tunnel_degradation conf=0.55 eta=1.811060333251953 firing_tti_heads=[{'head': 'latency', 'eta_seconds': 108.66361999511719}] playbook=1. Approve: steer ESP underlay to eth0 on PE1 (force_path)
[t+0s] alert#208219 primary=tunnel_degradation conf=0.6988 eta=7.376 playbook=1. Approve: steer ESP underlay to eth0 on PE1 (force_path)
[t+0s] pipeline feed ready — waiting for Decide seed
[t+0s] alert#208221 primary=tunnel_degradation conf=0.6030783935387929 eta=0.515056832631429 firing_tti_heads=[{'head': 'latency', 'eta_seconds': 30.903409957885742}] playbook=1. Approve: steer ESP underlay to eth0 on PE1 (force_path)
[t+0s] alert#208220 primary=tunnel_degradation conf=0.55 eta=1.811060333251953 firing_tti_heads=[{'head': 'latency', 'eta_seconds': 108.66361999511719}] playbook=1. Approve: steer ESP underlay to eth0 on PE1 (force_path)
[t+0s] alert#208219 primary=tunnel_degradation conf=0.6988 eta=7.376 playbook=1. Approve: steer ESP underlay to eth0 on PE1 (force_path)
[t+0s] pipeline feed ready — waiting for Decide seed
[t+0s] alert#208221 primary=tunnel_degradation conf=0.6030783935387929 eta=0.515056832631429 firing_tti_heads=[{'head': 'latency', 'eta_seconds': 30.903409957885742}] playbook=1. Approve: steer ESP underlay to eth0 on PE1 (force_path)
[t+0s] alert#208220 primary=tunnel_degradation conf=0.55 eta=1.811060333251953 firing_tti_heads=[{'head': 'latency', 'eta_seconds': 108.66361999511719}] playbook=1. Approve: steer ESP underlay to eth0 on PE1 (force_path)
[t+0s] alert#208219 primary=tunnel_degradation conf=0.6988 eta=7.376 playbook=1. Approve: steer ESP underlay to eth0 on PE1 (force_path)
[t+0s] pipeline feed ready — waiting for Decide seed
[t+0s] alert#208221 primary=tunnel_degradation conf=0.6030783935387929 eta=0.515056832631429 firing_tti_heads=[{'head': 'latency', 'eta_seconds': 30.903409957885742}] playbook=1. Approve: steer ESP underlay to eth0 on PE1 (force_path)
[t+0s] alert#208220 primary=tunnel_degradation conf=0.55 eta=1.811060333251953 firing_tti_heads=[{'head': 'latency', 'eta_seconds': 108.66361999511719}] playbook=1. Approve: steer ESP underlay to eth0 on PE1 (force_path)
[t+0s] alert#208219 primary=tunnel_degradation conf=0.6988 eta=7.376 playbook=1. Approve: steer ESP underlay to eth0 on PE1 (force_path)
[t+0s] pipeline feed ready — waiting for Decide seed
[t+0s] alert#208221 primary=tunnel_degradation conf=0.6030783935387929 eta=0.515056832631429 firing_tti_heads=[{'head': 'latency', 'eta_seconds': 30.903409957885742}] playbook=1. Approve: steer ESP underlay to eth0 on PE1 (force_path)
[t+0s] alert#208220 primary=tunnel_degradation conf=0.55 eta=1.811060333251953 firing_tti_heads=[{'head': 'latency', 'eta_seconds': 108.66361999511719}] playbook=1. Approve: steer ESP underlay to eth0 on PE1 (force_path)
[t+0s] alert#208219 primary=tunnel_degradation conf=0.6988 eta=7.376 playbook=1. Approve: steer ESP underlay to eth0 on PE1 (force_path)
[t+0s] pipeline feed ready — waiting for Decide seed
[t+0s] alert#208221 primary=tunnel_degradation conf=0.6030783935387929 eta=0.515056832631429 firing_tti_heads=[{'head': 'latency', 'eta_seconds': 30.903409957885742}] playbook=1. Approve: steer ESP underlay to eth0 on PE1 (force_path)
[t+0s] alert#208220 primary=tunnel_degradation conf=0.55 eta=1.811060333251953 firing_tti_heads=[{'head': 'latency', 'eta_seconds': 108.66361999511719}] playbook=1. Approve: steer ESP underlay to eth0 on PE1 (force_path)
[t+0s] alert#208219 primary=tunnel_degradation conf=0.6988 eta=7.376 playbook=1. Approve: steer ESP underlay to eth0 on PE1 (force_path)
[t+0s] pipeline feed ready — waiting for Decide seed
[t+0s] alert#208221 primary=tunnel_degradation conf=0.6030783935387929 eta=0.515056832631429 firing_tti_heads=[{'head': 'latency', 'eta_seconds': 30.903409957885742}] playbook=1. Approve: steer ESP underlay to eth0 on PE1 (force_path)
[t+0s] alert#208220 primary=tunnel_degradation conf=0.55 eta=1.811060333251953 firing_tti_heads=[{'head': 'latency', 'eta_seconds': 108.66361999511719}] playbook=1. Approve: steer ESP underlay to eth0 on PE1 (force_path)
[t+0s] alert#208219 primary=tunnel_degradation conf=0.6988 eta=7.376 playbook=1. Approve: steer ESP underlay to eth0 on PE1 (force_path)
[t+0s] pipeline feed ready — waiting for Decide seed
[t+0s] alert#208221 primary=tunnel_degradation conf=0.6030783935387929 eta=0.515056832631429 firing_tti_heads=[{'head': 'latency', 'eta_seconds': 30.903409957885742}] playbook=1. Approve: steer ESP underlay to eth0 on PE1 (force_path)
[t+0s] alert#208220 primary=tunnel_degradation conf=0.55 eta=1.811060333251953 firing_tti_heads=[{'head': 'latency', 'eta_seconds': 108.66361999511719}] playbook=1. Approve: steer ESP underlay to eth0 on PE1 (force_path)
[t+0s] alert#208219 primary=tunnel_degradation conf=0.6988 eta=7.376 playbook=1. Approve: steer ESP underlay to eth0 on PE1 (force_path)
[t+0s] pipeline feed ready — waiting for Decide seed
[t+0s] alert#208221 primary=tunnel_degradation conf=0.6030783935387929 eta=0.515056832631429 firing_tti_heads=[{'head': 'latency', 'eta_seconds': 30.903409957885742}] playbook=1. Approve: steer ESP underlay to eth0 on PE1 (force_path)
[t+0s] alert#208220 primary=tunnel_degradation conf=0.55 eta=1.811060333251953 firing_tti_heads=[{'head': 'latency', 'eta_seconds': 108.66361999511719}] playbook=1. Approve: steer ESP underlay to eth0 on PE1 (force_path)
[t+0s] alert#208219 primary=tunnel_degradation conf=0.6988 eta=7.376 playbook=1. Approve: steer ESP underlay to eth0 on PE1 (force_path)
[t+0s] pipeline feed ready — waiting for Decide seed
[t+0s] alert#208221 primary=tunnel_degradation conf=0.6030783935387929 eta=0.515056832631429 firing_tti_heads=[{'head': 'latency', 'eta_seconds': 30.903409957885742}] playbook=1. Approve: steer ESP underlay to eth0 on PE1 (force_path)
[t+0s] alert#208220 primary=tunnel_degradation conf=0.55 eta=1.811060333251953 firing_tti_heads=[{'head': 'latency', 'eta_seconds': 108.66361999511719}] playbook=1. Approve: steer ESP underlay to eth0 on PE1 (force_path)
[t+0s] alert#208219 primary=tunnel_degradation conf=0.6988 eta=7.376 playbook=1. Approve: steer ESP underlay to eth0 on PE1 (force_path)
[t+0s] pipeline feed ready — waiting for Decide seed
[t+0s] alert#208221 primary=tunnel_degradation conf=0.6030783935387929 eta=0.515056832631429 firing_tti_heads=[{'head': 'latency', 'eta_seconds': 30.903409957885742}] playbook=1. Approve: steer ESP underlay to eth0 on PE1 (force_path)
[t+0s] alert#208220 primary=tunnel_degradation conf=0.55 eta=1.811060333251953 firing_tti_heads=[{'head': 'latency', 'eta_seconds': 108.66361999511719}] playbook=1. Approve: steer ESP underlay to eth0 on PE1 (force_path)
[t+0s] alert#208219 primary=tunnel_degradation conf=0.6988 eta=7.376 playbook=1. Approve: steer ESP underlay to eth0 on PE1 (force_path)
[t+0s] pipeline feed ready — waiting for Decide seed
[t+0s] alert#208221 primary=tunnel_degradation conf=0.6030783935387929 eta=0.515056832631429 firing_tti_heads=[{'head': 'latency', 'eta_seconds': 30.903409957885742}] playbook=1. Approve: steer ESP underlay to eth0 on PE1 (force_path)
[t+0s] alert#208220 primary=tunnel_degradation conf=0.55 eta=1.811060333251953 firing_tti_heads=[{'head': 'latency', 'eta_seconds': 108.66361999511719}] playbook=1. Approve: steer ESP underlay to eth0 on PE1 (force_path)
[t+0s] alert#208219 primary=tunnel_degradation conf=0.6988 eta=7.376 playbook=1. Approve: steer ESP underlay to eth0 on PE1 (force_path)
[t+0s] pipeline feed ready — waiting for Decide seed
[t+0s] alert#208221 primary=tunnel_degradation conf=0.6030783935387929 eta=0.515056832631429 firing_tti_heads=[{'head': 'latency', 'eta_seconds': 30.903409957885742}] playbook=1. Approve: steer ESP underlay to eth0 on PE1 (force_path)
[t+0s] alert#208220 primary=tunnel_degradation conf=0.55 eta=1.811060333251953 firing_tti_heads=[{'head': 'latency', 'eta_seconds': 108.66361999511719}] playbook=1. Approve: steer ESP underlay to eth0 on PE1 (force_path)
[t+0s] alert#208219 primary=tunnel_degradation conf=0.6988 eta=7.376 playbook=1. Approve: steer ESP underlay to eth0 on PE1 (force_path)
[t+0s] pipeline feed ready — waiting for Decide seed
[t+0s] alert#208221 primary=tunnel_degradation conf=0.6030783935387929 eta=0.515056832631429 firing_tti_heads=[{'head': 'latency', 'eta_seconds': 30.903409957885742}] playbook=1. Approve: steer ESP underlay to eth0 on PE1 (force_path)
[t+0s] alert#208220 primary=tunnel_degradation conf=0.55 eta=1.811060333251953 firing_tti_heads=[{'head': 'latency', 'eta_seconds': 108.66361999511719}] playbook=1. Approve: steer ESP underlay to eth0 on PE1 (force_path)
[t+0s] alert#208219 primary=tunnel_degradation conf=0.6988 eta=7.376 playbook=1. Approve: steer ESP underlay to eth0 on PE1 (force_path)
[t+0s] pipeline feed ready — waiting for Decide seed
[t+0s] alert#208221 primary=tunnel_degradation conf=0.6030783935387929 eta=0.515056832631429 firing_tti_heads=[{'head': 'latency', 'eta_seconds': 30.903409957885742}] playbook=1. Approve: steer ESP underlay to eth0 on PE1 (force_path)
[t+0s] alert#208220 primary=tunnel_degradation conf=0.55 eta=1.811060333251953 firing_tti_heads=[{'head': 'latency', 'eta_seconds': 108.66361999511719}] playbook=1. Approve: steer ESP underlay to eth0 on PE1 (force_path)
[t+0s] alert#208219 primary=tunnel_degradation conf=0.6988 eta=7.376 playbook=1. Approve: steer ESP underlay to eth0 on PE1 (force_path)
[t+0s] pipeline feed ready — waiting for Decide seed
[t+0s] alert#208221 primary=tunnel_degradation conf=0.6030783935387929 eta=0.515056832631429 firing_tti_heads=[{'head': 'latency', 'eta_seconds': 30.903409957885742}] playbook=1. Approve: steer ESP underlay to eth0 on PE1 (force_path)
[t+0s] alert#208220 primary=tunnel_degradation conf=0.55 eta=1.811060333251953 firing_tti_heads=[{'head': 'latency', 'eta_seconds': 108.66361999511719}] playbook=1. Approve: steer ESP underlay to eth0 on PE1 (force_path)
[t+0s] alert#208219 primary=tunnel_degradation conf=0.6988 eta=7.376 playbook=1. Approve: steer ESP underlay to eth0 on PE1 (force_path)
[t+0s] pipeline feed ready — waiting for Decide seed
[t+0s] alert#208221 primary=tunnel_degradation conf=0.6030783935387929 eta=0.515056832631429 firing_tti_heads=[{'head': 'latency', 'eta_seconds': 30.903409957885742}] playbook=1. Approve: steer ESP underlay to eth0 on PE1 (force_path)
[t+0s] alert#208220 primary=tunnel_degradation conf=0.55 eta=1.811060333251953 firing_tti_heads=[{'head': 'latency', 'eta_seconds': 108.66361999511719}] playbook=1. Approve: steer ESP underlay to eth0 on PE1 (force_path)
[t+0s] alert#208219 primary=tunnel_degradation conf=0.6988 eta=7.376 playbook=1. Approve: steer ESP underlay to eth0 on PE1 (force_path)
[t+0s] pipeline feed ready — waiting for Decide seed
[t+0s] alert#208221 primary=tunnel_degradation conf=0.6030783935387929 eta=0.515056832631429 firing_tti_heads=[{'head': 'latency', 'eta_seconds': 30.903409957885742}] playbook=1. Approve: steer ESP underlay to eth0 on PE1 (force_path)
[t+0s] alert#208220 primary=tunnel_degradation conf=0.55 eta=1.811060333251953 firing_tti_heads=[{'head': 'latency', 'eta_seconds': 108.66361999511719}] playbook=1. Approve: steer ESP underlay to eth0 on PE1 (force_path)
[t+0s] alert#208219 primary=tunnel_degradation conf=0.6988 eta=7.376 playbook=1. Approve: steer ESP underlay to eth0 on PE1 (force_path)
[t+0s] pipeline feed ready — waiting for Decide seed
[t+0s] alert#208221 primary=tunnel_degradation conf=0.6030783935387929 eta=0.515056832631429 firing_tti_heads=[{'head': 'latency', 'eta_seconds': 30.903409957885742}] playbook=1. Approve: steer ESP underlay to eth0 on PE1 (force_path)
[t+0s] alert#208220 primary=tunnel_degradation conf=0.55 eta=1.811060333251953 firing_tti_heads=[{'head': 'latency', 'eta_seconds': 108.66361999511719}] playbook=1. Approve: steer ESP underlay to eth0 on PE1 (force_path)
[t+0s] alert#208219 primary=tunnel_degradation conf=0.6988 eta=7.376 playbook=1. Approve: steer ESP underlay to eth0 on PE1 (force_path)
[t+0s] pipeline feed ready — waiting for Decide seed
[t+0s] alert#208221 primary=tunnel_degradation conf=0.6030783935387929 eta=0.515056832631429 firing_tti_heads=[{'head': 'latency', 'eta_seconds': 30.903409957885742}] playbook=1. Approve: steer ESP underlay to eth0 on PE1 (force_path)
[t+0s] alert#208220 primary=tunnel_degradation conf=0.55 eta=1.811060333251953 firing_tti_heads=[{'head': 'latency', 'eta_seconds': 108.66361999511719}] playbook=1. Approve: steer ESP underlay to eth0 on PE1 (force_path)
[t+0s] alert#208219 primary=tunnel_degradation conf=0.6988 eta=7.376 playbook=1. Approve: steer ESP underlay to eth0 on PE1 (force_path)
[t+0s] pipeline feed ready — waiting for Decide seed
[t+0s] alert#208221 primary=tunnel_degradation conf=0.6030783935387929 eta=0.515056832631429 firing_tti_heads=[{'head': 'latency', 'eta_seconds': 30.903409957885742}] playbook=1. Approve: steer ESP underlay to eth0 on PE1 (force_path)
[t+0s] alert#208220 primary=tunnel_degradation conf=0.55 eta=1.811060333251953 firing_tti_heads=[{'head': 'latency', 'eta_seconds': 108.66361999511719}] playbook=1. Approve: steer ESP underlay to eth0 on PE1 (force_path)
[t+0s] alert#208219 primary=tunnel_degradation conf=0.6988 eta=7.376 playbook=1. Approve: steer ESP underlay to eth0 on PE1 (force_path)
[t+0s] pipeline feed ready — waiting for Decide seed
[t+0s] alert#208221 primary=tunnel_degradation conf=0.6030783935387929 eta=0.515056832631429 firing_tti_heads=[{'head': 'latency', 'eta_seconds': 30.903409957885742}] playbook=1. Approve: steer ESP underlay to eth0 on PE1 (force_path)
[t+0s] alert#208220 primary=tunnel_degradation conf=0.55 eta=1.811060333251953 firing_tti_heads=[{'head': 'latency', 'eta_seconds': 108.66361999511719}] playbook=1. Approve: steer ESP underlay to eth0 on PE1 (force_path)
[t+0s] alert#208219 primary=tunnel_degradation conf=0.6988 eta=7.376 playbook=1. Approve: steer ESP underlay to eth0 on PE1 (force_path)
[t+0s] pipeline feed ready — waiting for Decide seed
[t+0s] alert#208221 primary=tunnel_degradation conf=0.6030783935387929 eta=0.515056832631429 firing_tti_heads=[{'head': 'latency', 'eta_seconds': 30.903409957885742}] playbook=1. Approve: steer ESP underlay to eth0 on PE1 (force_path)
[t+0s] alert#208220 primary=tunnel_degradation conf=0.55 eta=1.811060333251953 firing_tti_heads=[{'head': 'latency', 'eta_seconds': 108.66361999511719}] playbook=1. Approve: steer ESP underlay to eth0 on PE1 (force_path)
[t+0s] alert#208219 primary=tunnel_degradation conf=0.6988 eta=7.376 playbook=1. Approve: steer ESP underlay to eth0 on PE1 (force_path)
[t+0s] pipeline feed ready — waiting for Decide seed
[t+0s] alert#208221 primary=tunnel_degradation conf=0.6030783935387929 eta=0.515056832631429 firing_tti_heads=[{'head': 'latency', 'eta_seconds': 30.903409957885742}] playbook=1. Approve: steer ESP underlay to eth0 on PE1 (force_path)
[t+0s] alert#208220 primary=tunnel_degradation conf=0.55 eta=1.811060333251953 firing_tti_heads=[{'head': 'latency', 'eta_seconds': 108.66361999511719}] playbook=1. Approve: steer ESP underlay to eth0 on PE1 (force_path)
[t+0s] alert#208219 primary=tunnel_degradation conf=0.6988 eta=7.376 playbook=1. Approve: steer ESP underlay to eth0 on PE1 (force_path)
[t+0s] pipeline feed ready — waiting for Decide seed
[t+0s] alert#208221 primary=tunnel_degradation conf=0.6030783935387929 eta=0.515056832631429 firing_tti_heads=[{'head': 'latency', 'eta_seconds': 30.903409957885742}] playbook=1. Approve: steer ESP underlay to eth0 on PE1 (force_path)
[t+0s] alert#208220 primary=tunnel_degradation conf=0.55 eta=1.811060333251953 firing_tti_heads=[{'head': 'latency', 'eta_seconds': 108.66361999511719}] playbook=1. Approve: steer ESP underlay to eth0 on PE1 (force_path)
[t+0s] alert#208219 primary=tunnel_degradation conf=0.6988 eta=7.376 playbook=1. Approve: steer ESP underlay to eth0 on PE1 (force_path)
[t+0s] pipeline feed ready — waiting for Decide seed
[t+0s] alert#208221 primary=tunnel_degradation conf=0.6030783935387929 eta=0.515056832631429 firing_tti_heads=[{'head': 'latency', 'eta_seconds': 30.903409957885742}] playbook=1. Approve: steer ESP underlay to eth0 on PE1 (force_path)
[t+0s] alert#208220 primary=tunnel_degradation conf=0.55 eta=1.811060333251953 firing_tti_heads=[{'head': 'latency', 'eta_seconds': 108.66361999511719}] playbook=1. Approve: steer ESP underlay to eth0 on PE1 (force_path)
[t+0s] alert#208219 primary=tunnel_degradation conf=0.6988 eta=7.376 playbook=1. Approve: steer ESP underlay to eth0 on PE1 (force_path)
[t+0s] pipeline feed ready — waiting for Decide seed
[t+0s] alert#208221 primary=tunnel_degradation conf=0.6030783935387929 eta=0.515056832631429 firing_tti_heads=[{'head': 'latency', 'eta_seconds': 30.903409957885742}] playbook=1. Approve: steer ESP underlay to eth0 on PE1 (force_path)
[t+0s] alert#208220 primary=tunnel_degradation conf=0.55 eta=1.811060333251953 firing_tti_heads=[{'head': 'latency', 'eta_seconds': 108.66361999511719}] playbook=1. Approve: steer ESP underlay to eth0 on PE1 (force_path)
[t+0s] alert#208219 primary=tunnel_degradation conf=0.6988 eta=7.376 playbook=1. Approve: steer ESP underlay to eth0 on PE1 (force_path)
[t+0s] pipeline feed ready — waiting for Decide seed
[t+0s] alert#208221 primary=tunnel_degradation conf=0.6030783935387929 eta=0.515056832631429 firing_tti_heads=[{'head': 'latency', 'eta_seconds': 30.903409957885742}] playbook=1. Approve: steer ESP underlay to eth0 on PE1 (force_path)
[t+0s] alert#208220 primary=tunnel_degradation conf=0.55 eta=1.811060333251953 firing_tti_heads=[{'head': 'latency', 'eta_seconds': 108.66361999511719}] playbook=1. Approve: steer ESP underlay to eth0 on PE1 (force_path)
[t+0s] alert#208219 primary=tunnel_degradation conf=0.6988 eta=7.376 playbook=1. Approve: steer ESP underlay to eth0 on PE1 (force_path)
[t+0s] pipeline feed ready — waiting for Decide seed
[t+0s] alert#208221 primary=tunnel_degradation conf=0.6030783935387929 eta=0.515056832631429 firing_tti_heads=[{'head': 'latency', 'eta_seconds': 30.903409957885742}] playbook=1. Approve: steer ESP underlay to eth0 on PE1 (force_path)
[t+0s] alert#208220 primary=tunnel_degradation conf=0.55 eta=1.811060333251953 firing_tti_heads=[{'head': 'latency', 'eta_seconds': 108.66361999511719}] playbook=1. Approve: steer ESP underlay to eth0 on PE1 (force_path)
[t+0s] alert#208219 primary=tunnel_degradation conf=0.6988 eta=7.376 playbook=1. Approve: steer ESP underlay to eth0 on PE1 (force_path)
[t+0s] pipeline feed ready — waiting for Decide seed
[t+0s] alert#208221 primary=tunnel_degradation conf=0.6030783935387929 eta=0.515056832631429 firing_tti_heads=[{'head': 'latency', 'eta_seconds': 30.903409957885742}] playbook=1. Approve: steer ESP underlay to eth0 on PE1 (force_path)
[t+0s] alert#208220 primary=tunnel_degradation conf=0.55 eta=1.811060333251953 firing_tti_heads=[{'head': 'latency', 'eta_seconds': 108.66361999511719}] playbook=1. Approve: steer ESP underlay to eth0 on PE1 (force_path)
[t+0s] alert#208219 primary=tunnel_degradation conf=0.6988 eta=7.376 playbook=1. Approve: steer ESP underlay to eth0 on PE1 (force_path)
[t+0s] pipeline feed ready — waiting for Decide seed
[t+0s] alert#208221 primary=tunnel_degradation conf=0.6030783935387929 eta=0.515056832631429 firing_tti_heads=[{'head': 'latency', 'eta_seconds': 30.903409957885742}] playbook=1. Approve: steer ESP underlay to eth0 on PE1 (force_path)
[t+0s] alert#208220 primary=tunnel_degradation conf=0.55 eta=1.811060333251953 firing_tti_heads=[{'head': 'latency', 'eta_seconds': 108.66361999511719}] playbook=1. Approve: steer ESP underlay to eth0 on PE1 (force_path)
[t+0s] alert#208219 primary=tunnel_degradation conf=0.6988 eta=7.376 playbook=1. Approve: steer ESP underlay to eth0 on PE1 (force_path)
[t+0s] pipeline feed ready — waiting for Decide seed
[t+0s] alert#208221 primary=tunnel_degradation conf=0.6030783935387929 eta=0.515056832631429 firing_tti_heads=[{'head': 'latency', 'eta_seconds': 30.903409957885742}] playbook=1. Approve: steer ESP underlay to eth0 on PE1 (force_path)
[t+0s] alert#208220 primary=tunnel_degradation conf=0.55 eta=1.811060333251953 firing_tti_heads=[{'head': 'latency', 'eta_seconds': 108.66361999511719}] playbook=1. Approve: steer ESP underlay to eth0 on PE1 (force_path)
[t+0s] alert#208219 primary=tunnel_degradation conf=0.6988 eta=7.376 playbook=1. Approve: steer ESP underlay to eth0 on PE1 (force_path)
[t+0s] pipeline feed ready — waiting for Decide seed
[t+0s] alert#208221 primary=tunnel_degradation conf=0.6030783935387929 eta=0.515056832631429 firing_tti_heads=[{'head': 'latency', 'eta_seconds': 30.903409957885742}] playbook=1. Approve: steer ESP underlay to eth0 on PE1 (force_path)
[t+0s] alert#208220 primary=tunnel_degradation conf=0.55 eta=1.811060333251953 firing_tti_heads=[{'head': 'latency', 'eta_seconds': 108.66361999511719}] playbook=1. Approve: steer ESP underlay to eth0 on PE1 (force_path)
[t+0s] alert#208219 primary=tunnel_degradation conf=0.6988 eta=7.376 playbook=1. Approve: steer ESP underlay to eth0 on PE1 (force_path)
[t+0s] pipeline feed ready — waiting for Decide seed
[t+0s] alert#208221 primary=tunnel_degradation conf=0.6030783935387929 eta=0.515056832631429 firing_tti_heads=[{'head': 'latency', 'eta_seconds': 30.903409957885742}] playbook=1. Approve: steer ESP underlay to eth0 on PE1 (force_path)
[t+0s] alert#208220 primary=tunnel_degradation conf=0.55 eta=1.811060333251953 firing_tti_heads=[{'head': 'latency', 'eta_seconds': 108.66361999511719}] playbook=1. Approve: steer ESP underlay to eth0 on PE1 (force_path)
[t+0s] alert#208219 primary=tunnel_degradation conf=0.6988 eta=7.376 playbook=1. Approve: steer ESP underlay to eth0 on PE1 (force_path)
[t+0s] pipeline feed ready — waiting for Decide seed
[t+0s] alert#208221 primary=tunnel_degradation conf=0.6030783935387929 eta=0.515056832631429 firing_tti_heads=[{'head': 'latency', 'eta_seconds': 30.903409957885742}] playbook=1. Approve: steer ESP underlay to eth0 on PE1 (force_path)
[t+0s] alert#208220 primary=tunnel_degradation conf=0.55 eta=1.811060333251953 firing_tti_heads=[{'head': 'latency', 'eta_seconds': 108.66361999511719}] playbook=1. Approve: steer ESP underlay to eth0 on PE1 (force_path)
[t+0s] alert#208219 primary=tunnel_degradation conf=0.6988 eta=7.376 playbook=1. Approve: steer ESP underlay to eth0 on PE1 (force_path)
[t+0s] pipeline feed ready — waiting for Decide seed
[t+0s] alert#208221 primary=tunnel_degradation conf=0.6030783935387929 eta=0.515056832631429 firing_tti_heads=[{'head': 'latency', 'eta_seconds': 30.903409957885742}] playbook=1. Approve: steer ESP underlay to eth0 on PE1 (force_path)
[t+0s] alert#208220 primary=tunnel_degradation conf=0.55 eta=1.811060333251953 firing_tti_heads=[{'head': 'latency', 'eta_seconds': 108.66361999511719}] playbook=1. Approve: steer ESP underlay to eth0 on PE1 (force_path)
[t+0s] alert#208219 primary=tunnel_degradation conf=0.6988 eta=7.376 playbook=1. Approve: steer ESP underlay to eth0 on PE1 (force_path)
[t+0s] pipeline feed ready — waiting for Decide seed
[t+0s] alert#208221 primary=tunnel_degradation conf=0.6030783935387929 eta=0.515056832631429 firing_tti_heads=[{'head': 'latency', 'eta_seconds': 30.903409957885742}] playbook=1. Approve: steer ESP underlay to eth0 on PE1 (force_path)
[t+0s] alert#208220 primary=tunnel_degradation conf=0.55 eta=1.811060333251953 firing_tti_heads=[{'head': 'latency', 'eta_seconds': 108.66361999511719}] playbook=1. Approve: steer ESP underlay to eth0 on PE1 (force_path)
[t+0s] alert#208219 primary=tunnel_degradation conf=0.6988 eta=7.376 playbook=1. Approve: steer ESP underlay to eth0 on PE1 (force_path)
[t+0s] pipeline feed ready — waiting for Decide seed
[t+0s] alert#208221 primary=tunnel_degradation conf=0.6030783935387929 eta=0.515056832631429 firing_tti_heads=[{'head': 'latency', 'eta_seconds': 30.903409957885742}] playbook=1. Approve: steer ESP underlay to eth0 on PE1 (force_path)
[t+0s] alert#208220 primary=tunnel_degradation conf=0.55 eta=1.811060333251953 firing_tti_heads=[{'head': 'latency', 'eta_seconds': 108.66361999511719}] playbook=1. Approve: steer ESP underlay to eth0 on PE1 (force_path)
[t+0s] alert#208219 primary=tunnel_degradation conf=0.6988 eta=7.376 playbook=1. Approve: steer ESP underlay to eth0 on PE1 (force_path)
[t+0s] pipeline feed ready — waiting for Decide seed
[t+0s] alert#208221 primary=tunnel_degradation conf=0.6030783935387929 eta=0.515056832631429 firing_tti_heads=[{'head': 'latency', 'eta_seconds': 30.903409957885742}] playbook=1. Approve: steer ESP underlay to eth0 on PE1 (force_path)
[t+0s] alert#208220 primary=tunnel_degradation conf=0.55 eta=1.811060333251953 firing_tti_heads=[{'head': 'latency', 'eta_seconds': 108.66361999511719}] playbook=1. Approve: steer ESP underlay to eth0 on PE1 (force_path)
[t+0s] alert#208219 primary=tunnel_degradation conf=0.6988 eta=7.376 playbook=1. Approve: steer ESP underlay to eth0 on PE1 (force_path)
[t+0s] pipeline feed ready — waiting for Decide seed
[t+0s] alert#208221 primary=tunnel_degradation conf=0.6030783935387929 eta=0.515056832631429 firing_tti_heads=[{'head': 'latency', 'eta_seconds': 30.903409957885742}] playbook=1. Approve: steer ESP underlay to eth0 on PE1 (force_path)
[t+0s] alert#208220 primary=tunnel_degradation conf=0.55 eta=1.811060333251953 firing_tti_heads=[{'head': 'latency', 'eta_seconds': 108.66361999511719}] playbook=1. Approve: steer ESP underlay to eth0 on PE1 (force_path)
[t+0s] alert#208219 primary=tunnel_degradation conf=0.6988 eta=7.376 playbook=1. Approve: steer ESP underlay to eth0 on PE1 (force_path)
[t+0s] pipeline feed ready — waiting for Decide seed
[t+0s] alert#208221 primary=tunnel_degradation conf=0.6030783935387929 eta=0.515056832631429 firing_tti_heads=[{'head': 'latency', 'eta_seconds': 30.903409957885742}] playbook=1. Approve: steer ESP underlay to eth0 on PE1 (force_path)
[t+0s] alert#208220 primary=tunnel_degradation conf=0.55 eta=1.811060333251953 firing_tti_heads=[{'head': 'latency', 'eta_seconds': 108.66361999511719}] playbook=1. Approve: steer ESP underlay to eth0 on PE1 (force_path)
[t+0s] alert#208219 primary=tunnel_degradation conf=0.6988 eta=7.376 playbook=1. Approve: steer ESP underlay to eth0 on PE1 (force_path)
[t+0s] pipeline feed ready — waiting for Decide seed
[t+0s] alert#208221 primary=tunnel_degradation conf=0.6030783935387929 eta=0.515056832631429 firing_tti_heads=[{'head': 'latency', 'eta_seconds': 30.903409957885742}] playbook=1. Approve: steer ESP underlay to eth0 on PE1 (force_path)
[t+0s] alert#208220 primary=tunnel_degradation conf=0.55 eta=1.811060333251953 firing_tti_heads=[{'head': 'latency', 'eta_seconds': 108.66361999511719}] playbook=1. Approve: steer ESP underlay to eth0 on PE1 (force_path)
[t+0s] alert#208219 primary=tunnel_degradation conf=0.6988 eta=7.376 playbook=1. Approve: steer ESP underlay to eth0 on PE1 (force_path)
[t+0s] pipeline feed ready — waiting for Decide seed
[t+0s] alert#208221 primary=tunnel_degradation conf=0.6030783935387929 eta=0.515056832631429 firing_tti_heads=[{'head': 'latency', 'eta_seconds': 30.903409957885742}] playbook=1. Approve: steer ESP underlay to eth0 on PE1 (force_path)
[t+0s] alert#208220 primary=tunnel_degradation conf=0.55 eta=1.811060333251953 firing_tti_heads=[{'head': 'latency', 'eta_seconds': 108.66361999511719}] playbook=1. Approve: steer ESP underlay to eth0 on PE1 (force_path)
[t+0s] alert#208219 primary=tunnel_degradation conf=0.6988 eta=7.376 playbook=1. Approve: steer ESP underlay to eth0 on PE1 (force_path)
[t+0s] pipeline feed ready — waiting for Decide seed
[t+0s] alert#208221 primary=tunnel_degradation conf=0.6030783935387929 eta=0.515056832631429 firing_tti_heads=[{'head': 'latency', 'eta_seconds': 30.903409957885742}] playbook=1. Approve: steer ESP underlay to eth0 on PE1 (force_path)
[t+0s] alert#208220 primary=tunnel_degradation conf=0.55 eta=1.811060333251953 firing_tti_heads=[{'head': 'latency', 'eta_seconds': 108.66361999511719}] playbook=1. Approve: steer ESP underlay to eth0 on PE1 (force_path)
[t+0s] alert#208219 primary=tunnel_degradation conf=0.6988 eta=7.376 playbook=1. Approve: steer ESP underlay to eth0 on PE1 (force_path)
[t+0s] pipeline feed ready — waiting for Decide seed
[t+0s] alert#208221 primary=tunnel_degradation conf=0.6030783935387929 eta=0.515056832631429 firing_tti_heads=[{'head': 'latency', 'eta_seconds': 30.903409957885742}] playbook=1. Approve: steer ESP underlay to eth0 on PE1 (force_path)
[t+0s] alert#208220 primary=tunnel_degradation conf=0.55 eta=1.811060333251953 firing_tti_heads=[{'head': 'latency', 'eta_seconds': 108.66361999511719}] playbook=1. Approve: steer ESP underlay to eth0 on PE1 (force_path)
[t+0s] alert#208219 primary=tunnel_degradation conf=0.6988 eta=7.376 playbook=1. Approve: steer ESP underlay to eth0 on PE1 (force_path)
[t+0s] pipeline feed ready — waiting for Decide seed
[t+0s] alert#208221 primary=tunnel_degradation conf=0.6030783935387929 eta=0.515056832631429 firing_tti_heads=[{'head': 'latency', 'eta_seconds': 30.903409957885742}] playbook=1. Approve: steer ESP underlay to eth0 on PE1 (force_path)
[t+0s] alert#208220 primary=tunnel_degradation conf=0.55 eta=1.811060333251953 firing_tti_heads=[{'head': 'latency', 'eta_seconds': 108.66361999511719}] playbook=1. Approve: steer ESP underlay to eth0 on PE1 (force_path)
[t+0s] alert#208219 primary=tunnel_degradation conf=0.6988 eta=7.376 playbook=1. Approve: steer ESP underlay to eth0 on PE1 (force_path)
[t+0s] pipeline feed ready — waiting for Decide seed
[t+0s] alert#208221 primary=tunnel_degradation conf=0.6030783935387929 eta=0.515056832631429 firing_tti_heads=[{'head': 'latency', 'eta_seconds': 30.903409957885742}] playbook=1. Approve: steer ESP underlay to eth0 on PE1 (force_path)
[t+0s] alert#208220 primary=tunnel_degradation conf=0.55 eta=1.811060333251953 firing_tti_heads=[{'head': 'latency', 'eta_seconds': 108.66361999511719}] playbook=1. Approve: steer ESP underlay to eth0 on PE1 (force_path)
[t+0s] alert#208219 primary=tunnel_degradation conf=0.6988 eta=7.376 playbook=1. Approve: steer ESP underlay to eth0 on PE1 (force_path)
[t+0s] pipeline feed ready — waiting for Decide seed
[t+0s] alert#208221 primary=tunnel_degradation conf=0.6030783935387929 eta=0.515056832631429 firing_tti_heads=[{'head': 'latency', 'eta_seconds': 30.903409957885742}] playbook=1. Approve: steer ESP underlay to eth0 on PE1 (force_path)
[t+0s] alert#208220 primary=tunnel_degradation conf=0.55 eta=1.811060333251953 firing_tti_heads=[{'head': 'latency', 'eta_seconds': 108.66361999511719}] playbook=1. Approve: steer ESP underlay to eth0 on PE1 (force_path)
[t+0s] alert#208219 primary=tunnel_degradation conf=0.6988 eta=7.376 playbook=1. Approve: steer ESP underlay to eth0 on PE1 (force_path)
[t+0s] pipeline feed ready — waiting for Decide seed
[t+0s] alert#208221 primary=tunnel_degradation conf=0.6030783935387929 eta=0.515056832631429 firing_tti_heads=[{'head': 'latency', 'eta_seconds': 30.903409957885742}] playbook=1. Approve: steer ESP underlay to eth0 on PE1 (force_path)
[t+0s] alert#208220 primary=tunnel_degradation conf=0.55 eta=1.811060333251953 firing_tti_heads=[{'head': 'latency', 'eta_seconds': 108.66361999511719}] playbook=1. Approve: steer ESP underlay to eth0 on PE1 (force_path)
[t+0s] alert#208219 primary=tunnel_degradation conf=0.6988 eta=7.376 playbook=1. Approve: steer ESP underlay to eth0 on PE1 (force_path)
[t+0s] pipeline feed ready — waiting for Decide seed
[t+0s] alert#208221 primary=tunnel_degradation conf=0.6030783935387929 eta=0.515056832631429 firing_tti_heads=[{'head': 'latency', 'eta_seconds': 30.903409957885742}] playbook=1. Approve: steer ESP underlay to eth0 on PE1 (force_path)
[t+0s] alert#208220 primary=tunnel_degradation conf=0.55 eta=1.811060333251953 firing_tti_heads=[{'head': 'latency', 'eta_seconds': 108.66361999511719}] playbook=1. Approve: steer ESP underlay to eth0 on PE1 (force_path)
[t+0s] alert#208219 primary=tunnel_degradation conf=0.6988 eta=7.376 playbook=1. Approve: steer ESP underlay to eth0 on PE1 (force_path)
[t+0s] pipeline feed ready — waiting for Decide seed
[t+0s] alert#208221 primary=tunnel_degradation conf=0.6030783935387929 eta=0.515056832631429 firing_tti_heads=[{'head': 'latency', 'eta_seconds': 30.903409957885742}] playbook=1. Approve: steer ESP underlay to eth0 on PE1 (force_path)
[t+0s] alert#208220 primary=tunnel_degradation conf=0.55 eta=1.811060333251953 firing_tti_heads=[{'head': 'latency', 'eta_seconds': 108.66361999511719}] playbook=1. Approve: steer ESP underlay to eth0 on PE1 (force_path)
[t+0s] alert#208219 primary=tunnel_degradation conf=0.6988 eta=7.376 playbook=1. Approve: steer ESP underlay to eth0 on PE1 (force_path)
[t+0s] pipeline feed ready — waiting for Decide seed
[t+0s] alert#208221 primary=tunnel_degradation conf=0.6030783935387929 eta=0.515056832631429 firing_tti_heads=[{'head': 'latency', 'eta_seconds': 30.903409957885742}] playbook=1. Approve: steer ESP underlay to eth0 on PE1 (force_path)
[t+0s] alert#208220 primary=tunnel_degradation conf=0.55 eta=1.811060333251953 firing_tti_heads=[{'head': 'latency', 'eta_seconds': 108.66361999511719}] playbook=1. Approve: steer ESP underlay to eth0 on PE1 (force_path)
[t+0s] alert#208219 primary=tunnel_degradation conf=0.6988 eta=7.376 playbook=1. Approve: steer ESP underlay to eth0 on PE1 (force_path)
[t+0s] pipeline feed ready — waiting for Decide seed
[t+0s] alert#208221 primary=tunnel_degradation conf=0.6030783935387929 eta=0.515056832631429 firing_tti_heads=[{'head': 'latency', 'eta_seconds': 30.903409957885742}] playbook=1. Approve: steer ESP underlay to eth0 on PE1 (force_path)
[t+0s] alert#208220 primary=tunnel_degradation conf=0.55 eta=1.811060333251953 firing_tti_heads=[{'head': 'latency', 'eta_seconds': 108.66361999511719}] playbook=1. Approve: steer ESP underlay to eth0 on PE1 (force_path)
[t+0s] alert#208219 primary=tunnel_degradation conf=0.6988 eta=7.376 playbook=1. Approve: steer ESP underlay to eth0 on PE1 (force_path)
[t+0s] pipeline feed ready — waiting for Decide seed
[t+0s] alert#208221 primary=tunnel_degradation conf=0.6030783935387929 eta=0.515056832631429 firing_tti_heads=[{'head': 'latency', 'eta_seconds': 30.903409957885742}] playbook=1. Approve: steer ESP underlay to eth0 on PE1 (force_path)
[t+0s] alert#208220 primary=tunnel_degradation conf=0.55 eta=1.811060333251953 firing_tti_heads=[{'head': 'latency', 'eta_seconds': 108.66361999511719}] playbook=1. Approve: steer ESP underlay to eth0 on PE1 (force_path)
[t+0s] alert#208219 primary=tunnel_degradation conf=0.6988 eta=7.376 playbook=1. Approve: steer ESP underlay to eth0 on PE1 (force_path)
[t+0s] pipeline feed ready — waiting for Decide seed
[t+0s] alert#208221 primary=tunnel_degradation conf=0.6030783935387929 eta=0.515056832631429 firing_tti_heads=[{'head': 'latency', 'eta_seconds': 30.903409957885742}] playbook=1. Approve: steer ESP underlay to eth0 on PE1 (force_path)
[t+0s] alert#208220 primary=tunnel_degradation conf=0.55 eta=1.811060333251953 firing_tti_heads=[{'head': 'latency', 'eta_seconds': 108.66361999511719}] playbook=1. Approve: steer ESP underlay to eth0 on PE1 (force_path)
[t+0s] alert#208219 primary=tunnel_degradation conf=0.6988 eta=7.376 playbook=1. Approve: steer ESP underlay to eth0 on PE1 (force_path)
[t+16s] watching CLI rain_fade for Q1/Q2 raise (first poll ~12s)
[t+0s] pipeline feed ready — waiting for Decide seed
[t+18s] alert#16 primary=advisory_clear conf=0.517 eta=1.5
[t+18s] alert#14 primary=advisory_clear conf=0.524 eta=1.5
[t+18s] alert#12 primary=advisory_clear conf=0.58 eta=9.4
[t+18s] alert#10 primary=advisory_clear conf=0.554 eta=9.4
[t+18s] alert#9 primary=confirmed_clear conf=0.473 eta=1.5
[t+0s] alert#16 primary=advisory_clear conf=0.517 eta=1.5
[t+0s] alert#14 primary=advisory_clear conf=0.524 eta=1.5
[t+0s] alert#12 primary=advisory_clear conf=0.58 eta=9.4
[t+0s] alert#10 primary=advisory_clear conf=0.554 eta=9.4
[t+0s] alert#9 primary=confirmed_clear conf=0.473 eta=1.5
[t+0s] pipeline feed ready — waiting for Decide seed
[t+0s] alert#16 primary=advisory_clear conf=0.517 eta=1.5
[t+0s] alert#14 primary=advisory_clear conf=0.524 eta=1.5
[t+0s] alert#12 primary=advisory_clear conf=0.58 eta=9.4
[t+0s] alert#10 primary=advisory_clear conf=0.554 eta=9.4
[t+0s] alert#9 primary=confirmed_clear conf=0.473 eta=1.5
[t+0s] pipeline feed ready — waiting for Decide seed
[t+0s] alert#16 primary=advisory_clear conf=0.517 eta=1.5
[t+0s] alert#14 primary=advisory_clear conf=0.524 eta=1.5
[t+0s] alert#12 primary=advisory_clear conf=0.58 eta=9.4
[t+0s] alert#10 primary=advisory_clear conf=0.554 eta=9.4
[t+0s] alert#9 primary=confirmed_clear conf=0.473 eta=1.5
[t+36s] seed alert#208222 primary=congestion_breach sev=0 from Q1/Q2 — Approve to steer, or wait for auto-collapse
[t+0s] pipeline feed ready — waiting for Decide seed
[t+0s] alert#208222 primary=congestion_breach conf=0.7392 eta=8.726 playbook=1. Approve: steer ESP underlay to eth0 on PE1 (force_path)
[t+39s] alert#208222 primary=congestion_breach conf=0.7392 eta=8.726 playbook=1. Approve: steer ESP underlay to eth0 on PE1 (force_path)
[t+0s] pipeline feed ready — waiting for Decide seed
[t+0s] alert#208222 primary=congestion_breach conf=0.7392 eta=8.726 playbook=1. Approve: steer ESP underlay to eth0 on PE1 (force_path)
[t+0s] pipeline feed ready — waiting for Decide seed
[t+0s] alert#208222 primary=congestion_breach conf=0.7392 eta=8.726 playbook=1. Approve: steer ESP underlay to eth0 on PE1 (force_path)
[t+0s] pipeline feed ready — waiting for Decide seed
[t+0s] alert#208222 primary=congestion_breach conf=0.7392 eta=8.726 playbook=1. Approve: steer ESP underlay to eth0 on PE1 (force_path)
[t+0s] pipeline feed ready — waiting for Decide seed
[t+0s] alert#208222 primary=congestion_breach conf=0.7392 eta=8.726 playbook=1. Approve: steer ESP underlay to eth0 on PE1 (force_path)
[t+0s] pipeline feed ready — waiting for Decide seed
[t+0s] alert#208222 primary=congestion_breach conf=0.7392 eta=8.726 playbook=1. Approve: steer ESP underlay to eth0 on PE1 (force_path)
[t+0s] pipeline feed ready — waiting for Decide seed
[t+0s] alert#208222 primary=congestion_breach conf=0.7392 eta=8.726 playbook=1. Approve: steer ESP underlay to eth0 on PE1 (force_path)
[t+0s] pipeline feed ready — waiting for Decide seed
[t+0s] alert#208222 primary=congestion_breach conf=0.7392 eta=8.726 playbook=1. Approve: steer ESP underlay to eth0 on PE1 (force_path)
[t+0s] pipeline feed ready — waiting for Decide seed
[t+0s] alert#208222 primary=congestion_breach conf=0.7392 eta=8.726 playbook=1. Approve: steer ESP underlay to eth0 on PE1 (force_path)
[t+0s] pipeline feed ready — waiting for Decide seed
[t+0s] alert#208222 primary=congestion_breach conf=0.7392 eta=8.726 playbook=1. Approve: steer ESP underlay to eth0 on PE1 (force_path)
[t+0s] pipeline feed ready — waiting for Decide seed
[t+0s] alert#208222 primary=congestion_breach conf=0.7392 eta=8.726 playbook=1. Approve: steer ESP underlay to eth0 on PE1 (force_path)
[t+0s] pipeline feed ready — waiting for Decide seed
[t+0s] alert#208222 primary=congestion_breach conf=0.7392 eta=8.726 playbook=1. Approve: steer ESP underlay to eth0 on PE1 (force_path)
[t+0s] pipeline feed ready — waiting for Decide seed
[t+0s] alert#208222 primary=congestion_breach conf=0.7392 eta=8.726 playbook=1. Approve: steer ESP underlay to eth0 on PE1 (force_path)
[t+0s] pipeline feed ready — waiting for Decide seed
[t+0s] alert#208222 primary=congestion_breach conf=0.7392 eta=8.726 playbook=1. Approve: steer ESP underlay to eth0 on PE1 (force_path)
[t+0s] pipeline feed ready — waiting for Decide seed
[t+0s] alert#208222 primary=congestion_breach conf=0.7392 eta=8.726 playbook=1. Approve: steer ESP underlay to eth0 on PE1 (force_path)
[t+0s] pipeline feed ready — waiting for Decide seed
[t+0s] alert#208222 primary=congestion_breach conf=0.7392 eta=8.726 playbook=1. Approve: steer ESP underlay to eth0 on PE1 (force_path)
[t+0s] pipeline feed ready — waiting for Decide seed
[t+0s] alert#208222 primary=congestion_breach conf=0.7392 eta=8.726 playbook=1. Approve: steer ESP underlay to eth0 on PE1 (force_path)
[t+0s] pipeline feed ready — waiting for Decide seed
[t+0s] alert#208222 primary=congestion_breach conf=0.7392 eta=8.726 playbook=1. Approve: steer ESP underlay to eth0 on PE1 (force_path)
[t+0s] pipeline feed ready — waiting for Decide seed
[t+0s] alert#208222 primary=congestion_breach conf=0.7392 eta=8.726 playbook=1. Approve: steer ESP underlay to eth0 on PE1 (force_path)
[t+0s] pipeline feed ready — waiting for Decide seed
[t+0s] alert#208222 primary=congestion_breach conf=0.7392 eta=8.726 playbook=1. Approve: steer ESP underlay to eth0 on PE1 (force_path)
[t+191s] alert#208223 primary=tunnel_degradation conf=0.5510089272260665 eta=1.1070770263671874 firing_tti_heads=[{'head': 'latency', 'eta_seconds': 66.42462158203125}] playbook=1. Approve: steer ESP underlay to eth0 on PE1 (force_path)
[t+0s] pipeline feed ready — waiting for Decide seed
[t+0s] alert#208223 primary=tunnel_degradation conf=0.5510089272260665 eta=1.1070770263671874 firing_tti_heads=[{'head': 'latency', 'eta_seconds': 66.42462158203125}] playbook=1. Approve: steer ESP underlay to eth0 on PE1 (force_path)
[t+0s] alert#208222 primary=congestion_breach conf=0.7392 eta=8.726 playbook=1. Approve: steer ESP underlay to eth0 on PE1 (force_path)
[t+0s] pipeline feed ready — waiting for Decide seed
[t+0s] alert#208223 primary=tunnel_degradation conf=0.5510089272260665 eta=1.1070770263671874 firing_tti_heads=[{'head': 'latency', 'eta_seconds': 66.42462158203125}] playbook=1. Approve: steer ESP underlay to eth0 on PE1 (force_path)
[t+0s] alert#208222 primary=congestion_breach conf=0.7392 eta=8.726 playbook=1. Approve: steer ESP underlay to eth0 on PE1 (force_path)
[t+0s] pipeline feed ready — waiting for Decide seed
[t+0s] alert#208223 primary=tunnel_degradation conf=0.5510089272260665 eta=1.1070770263671874 firing_tti_heads=[{'head': 'latency', 'eta_seconds': 66.42462158203125}] playbook=1. Approve: steer ESP underlay to eth0 on PE1 (force_path)
[t+0s] alert#208222 primary=congestion_breach conf=0.7392 eta=8.726 playbook=1. Approve: steer ESP underlay to eth0 on PE1 (force_path)
[t+0s] pipeline feed ready — waiting for Decide seed
[t+0s] alert#208223 primary=tunnel_degradation conf=0.5510089272260665 eta=1.1070770263671874 firing_tti_heads=[{'head': 'latency', 'eta_seconds': 66.42462158203125}] playbook=1. Approve: steer ESP underlay to eth0 on PE1 (force_path)
[t+0s] alert#208222 primary=congestion_breach conf=0.7392 eta=8.726 playbook=1. Approve: steer ESP underlay to eth0 on PE1 (force_path)
[t+0s] pipeline feed ready — waiting for Decide seed
[t+0s] alert#208223 primary=tunnel_degradation conf=0.5510089272260665 eta=1.1070770263671874 firing_tti_heads=[{'head': 'latency', 'eta_seconds': 66.42462158203125}] playbook=1. Approve: steer ESP underlay to eth0 on PE1 (force_path)
[t+0s] alert#208222 primary=congestion_breach conf=0.7392 eta=8.726 playbook=1. Approve: steer ESP underlay to eth0 on PE1 (force_path)
[t+0s] pipeline feed ready — waiting for Decide seed
[t+0s] alert#208223 primary=tunnel_degradation conf=0.5510089272260665 eta=1.1070770263671874 firing_tti_heads=[{'head': 'latency', 'eta_seconds': 66.42462158203125}] playbook=1. Approve: steer ESP underlay to eth0 on PE1 (force_path)
[t+0s] alert#208222 primary=congestion_breach conf=0.7392 eta=8.726 playbook=1. Approve: steer ESP underlay to eth0 on PE1 (force_path)
[t+0s] pipeline feed ready — waiting for Decide seed
[t+0s] alert#208223 primary=tunnel_degradation conf=0.5510089272260665 eta=1.1070770263671874 firing_tti_heads=[{'head': 'latency', 'eta_seconds': 66.42462158203125}] playbook=1. Approve: steer ESP underlay to eth0 on PE1 (force_path)
[t+0s] alert#208222 primary=congestion_breach conf=0.7392 eta=8.726 playbook=1. Approve: steer ESP underlay to eth0 on PE1 (force_path)
[t+0s] pipeline feed ready — waiting for Decide seed
[t+0s] alert#208223 primary=tunnel_degradation conf=0.5510089272260665 eta=1.1070770263671874 firing_tti_heads=[{'head': 'latency', 'eta_seconds': 66.42462158203125}] playbook=1. Approve: steer ESP underlay to eth0 on PE1 (force_path)
[t+0s] alert#208222 primary=congestion_breach conf=0.7392 eta=8.726 playbook=1. Approve: steer ESP underlay to eth0 on PE1 (force_path)
[t+0s] pipeline feed ready — waiting for Decide seed
[t+0s] alert#208223 primary=tunnel_degradation conf=0.5510089272260665 eta=1.1070770263671874 firing_tti_heads=[{'head': 'latency', 'eta_seconds': 66.42462158203125}] playbook=1. Approve: steer ESP underlay to eth0 on PE1 (force_path)
[t+0s] alert#208222 primary=congestion_breach conf=0.7392 eta=8.726 playbook=1. Approve: steer ESP underlay to eth0 on PE1 (force_path)
[t+0s] pipeline feed ready — waiting for Decide seed
[t+0s] alert#208223 primary=tunnel_degradation conf=0.5510089272260665 eta=1.1070770263671874 firing_tti_heads=[{'head': 'latency', 'eta_seconds': 66.42462158203125}] playbook=1. Approve: steer ESP underlay to eth0 on PE1 (force_path)
[t+0s] alert#208222 primary=congestion_breach conf=0.7392 eta=8.726 playbook=1. Approve: steer ESP underlay to eth0 on PE1 (force_path)
[t+0s] pipeline feed ready — waiting for Decide seed
[t+0s] alert#208223 primary=tunnel_degradation conf=0.5510089272260665 eta=1.1070770263671874 firing_tti_heads=[{'head': 'latency', 'eta_seconds': 66.42462158203125}] playbook=1. Approve: steer ESP underlay to eth0 on PE1 (force_path)
[t+0s] alert#208222 primary=congestion_breach conf=0.7392 eta=8.726 playbook=1. Approve: steer ESP underlay to eth0 on PE1 (force_path)
[t+0s] pipeline feed ready — waiting for Decide seed
[t+0s] alert#208223 primary=tunnel_degradation conf=0.5510089272260665 eta=1.1070770263671874 firing_tti_heads=[{'head': 'latency', 'eta_seconds': 66.42462158203125}] playbook=1. Approve: steer ESP underlay to eth0 on PE1 (force_path)
[t+0s] alert#208222 primary=congestion_breach conf=0.7392 eta=8.726 playbook=1. Approve: steer ESP underlay to eth0 on PE1 (force_path)
[t+0s] pipeline feed ready — waiting for Decide seed
[t+0s] alert#208223 primary=tunnel_degradation conf=0.5510089272260665 eta=1.1070770263671874 firing_tti_heads=[{'head': 'latency', 'eta_seconds': 66.42462158203125}] playbook=1. Approve: steer ESP underlay to eth0 on PE1 (force_path)
[t+0s] alert#208222 primary=congestion_breach conf=0.7392 eta=8.726 playbook=1. Approve: steer ESP underlay to eth0 on PE1 (force_path)
[t+0s] pipeline feed ready — waiting for Decide seed
[t+0s] alert#208223 primary=tunnel_degradation conf=0.5510089272260665 eta=1.1070770263671874 firing_tti_heads=[{'head': 'latency', 'eta_seconds': 66.42462158203125}] playbook=1. Approve: steer ESP underlay to eth0 on PE1 (force_path)
[t+0s] alert#208222 primary=congestion_breach conf=0.7392 eta=8.726 playbook=1. Approve: steer ESP underlay to eth0 on PE1 (force_path)
[t+0s] pipeline feed ready — waiting for Decide seed
[t+0s] alert#208223 primary=tunnel_degradation conf=0.5510089272260665 eta=1.1070770263671874 firing_tti_heads=[{'head': 'latency', 'eta_seconds': 66.42462158203125}] playbook=1. Approve: steer ESP underlay to eth0 on PE1 (force_path)
[t+0s] alert#208222 primary=congestion_breach conf=0.7392 eta=8.726 playbook=1. Approve: steer ESP underlay to eth0 on PE1 (force_path)
[t+0s] pipeline feed ready — waiting for Decide seed
[t+0s] alert#208223 primary=tunnel_degradation conf=0.5510089272260665 eta=1.1070770263671874 firing_tti_heads=[{'head': 'latency', 'eta_seconds': 66.42462158203125}] playbook=1. Approve: steer ESP underlay to eth0 on PE1 (force_path)
[t+0s] alert#208222 primary=congestion_breach conf=0.7392 eta=8.726 playbook=1. Approve: steer ESP underlay to eth0 on PE1 (force_path)
[t+0s] pipeline feed ready — waiting for Decide seed
[t+0s] alert#208223 primary=tunnel_degradation conf=0.5510089272260665 eta=1.1070770263671874 firing_tti_heads=[{'head': 'latency', 'eta_seconds': 66.42462158203125}] playbook=1. Approve: steer ESP underlay to eth0 on PE1 (force_path)
[t+0s] alert#208222 primary=congestion_breach conf=0.7392 eta=8.726 playbook=1. Approve: steer ESP underlay to eth0 on PE1 (force_path)
[t+0s] pipeline feed ready — waiting for Decide seed
[t+0s] alert#208223 primary=tunnel_degradation conf=0.5510089272260665 eta=1.1070770263671874 firing_tti_heads=[{'head': 'latency', 'eta_seconds': 66.42462158203125}] playbook=1. Approve: steer ESP underlay to eth0 on PE1 (force_path)
[t+0s] alert#208222 primary=congestion_breach conf=0.7392 eta=8.726 playbook=1. Approve: steer ESP underlay to eth0 on PE1 (force_path)
[t+0s] pipeline feed ready — waiting for Decide seed
[t+0s] alert#208223 primary=tunnel_degradation conf=0.5510089272260665 eta=1.1070770263671874 firing_tti_heads=[{'head': 'latency', 'eta_seconds': 66.42462158203125}] playbook=1. Approve: steer ESP underlay to eth0 on PE1 (force_path)
[t+0s] alert#208222 primary=congestion_breach conf=0.7392 eta=8.726 playbook=1. Approve: steer ESP underlay to eth0 on PE1 (force_path)
[t+0s] pipeline feed ready — waiting for Decide seed
[t+0s] alert#208223 primary=tunnel_degradation conf=0.5510089272260665 eta=1.1070770263671874 firing_tti_heads=[{'head': 'latency', 'eta_seconds': 66.42462158203125}] playbook=1. Approve: steer ESP underlay to eth0 on PE1 (force_path)
[t+0s] alert#208222 primary=congestion_breach conf=0.7392 eta=8.726 playbook=1. Approve: steer ESP underlay to eth0 on PE1 (force_path)
[t+0s] pipeline feed ready — waiting for Decide seed
[t+0s] alert#208223 primary=tunnel_degradation conf=0.5510089272260665 eta=1.1070770263671874 firing_tti_heads=[{'head': 'latency', 'eta_seconds': 66.42462158203125}] playbook=1. Approve: steer ESP underlay to eth0 on PE1 (force_path)
[t+0s] alert#208222 primary=congestion_breach conf=0.7392 eta=8.726 playbook=1. Approve: steer ESP underlay to eth0 on PE1 (force_path)
[t+0s] pipeline feed ready — waiting for Decide seed
[t+0s] alert#208223 primary=tunnel_degradation conf=0.5510089272260665 eta=1.1070770263671874 firing_tti_heads=[{'head': 'latency', 'eta_seconds': 66.42462158203125}] playbook=1. Approve: steer ESP underlay to eth0 on PE1 (force_path)
[t+0s] alert#208222 primary=congestion_breach conf=0.7392 eta=8.726 playbook=1. Approve: steer ESP underlay to eth0 on PE1 (force_path)
[t+0s] pipeline feed ready — waiting for Decide seed
[t+1s] alert#208223 primary=tunnel_degradation conf=0.5510089272260665 eta=1.1070770263671874 firing_tti_heads=[{'head': 'latency', 'eta_seconds': 66.42462158203125}] playbook=1. Approve: steer ESP underlay to eth0 on PE1 (force_path)
[t+1s] alert#208222 primary=congestion_breach conf=0.7392 eta=8.726 playbook=1. Approve: steer ESP underlay to eth0 on PE1 (force_path)
[t+0s] pipeline feed ready — waiting for Decide seed
[t+0s] alert#208223 primary=tunnel_degradation conf=0.5510089272260665 eta=1.1070770263671874 firing_tti_heads=[{'head': 'latency', 'eta_seconds': 66.42462158203125}] playbook=1. Approve: steer ESP underlay to eth0 on PE1 (force_path)
[t+0s] alert#208222 primary=congestion_breach conf=0.7392 eta=8.726 playbook=1. Approve: steer ESP underlay to eth0 on PE1 (force_path)
[t+0s] pipeline feed ready — waiting for Decide seed
[t+0s] alert#208223 primary=tunnel_degradation conf=0.5510089272260665 eta=1.1070770263671874 firing_tti_heads=[{'head': 'latency', 'eta_seconds': 66.42462158203125}] playbook=1. Approve: steer ESP underlay to eth0 on PE1 (force_path)
[t+0s] alert#208222 primary=congestion_breach conf=0.7392 eta=8.726 playbook=1. Approve: steer ESP underlay to eth0 on PE1 (force_path)
[t+0s] pipeline feed ready — waiting for Decide seed
[t+0s] alert#208223 primary=tunnel_degradation conf=0.5510089272260665 eta=1.1070770263671874 firing_tti_heads=[{'head': 'latency', 'eta_seconds': 66.42462158203125}] playbook=1. Approve: steer ESP underlay to eth0 on PE1 (force_path)
[t+0s] alert#208222 primary=congestion_breach conf=0.7392 eta=8.726 playbook=1. Approve: steer ESP underlay to eth0 on PE1 (force_path)
[t+0s] pipeline feed ready — waiting for Decide seed
[t+0s] alert#208223 primary=tunnel_degradation conf=0.5510089272260665 eta=1.1070770263671874 firing_tti_heads=[{'head': 'latency', 'eta_seconds': 66.42462158203125}] playbook=1. Approve: steer ESP underlay to eth0 on PE1 (force_path)
[t+0s] alert#208222 primary=congestion_breach conf=0.7392 eta=8.726 playbook=1. Approve: steer ESP underlay to eth0 on PE1 (force_path)
