timestamp,host,drop_out_rate,jitter_ms,latency_ms,packet_loss_pct,throughput_in_bps,throughput_out_bps,throughput_in_mbps,throughput_out_mbps,fault_type,run_id
2026-07-17T18:13:59+00:00,station1,0.0,1.365,1.902,0.0,534171.9122165857,10629742.52259132,4.273375297732685,85.03794018073057,none,
2026-07-17T18:13:59+00:00,station2,0.0,1.661,1.809,0.0,10628275.654545454,535179.3090909091,85.02620523636364,4.281434472727272,none,
2026-07-17T18:13:59+00:00,station3,0.0,0.336,0.888,0.0,188.65454545454543,1079.6363636363635,0.0015092363636363634,0.008637090909090908,none,
2026-07-17T18:14:14+00:00,station1,0.0,0.029,0.258,0.0,587929.7649133652,11717149.50637261,4.703438119306922,93.73719605098088,none,
2026-07-17T18:14:14+00:00,station2,0.0,0.016,0.213,0.0,11715593.763636362,589324.0545454546,93.72475010909089,4.7145924363636365,none,
2026-07-17T18:14:14+00:00,station3,0.0,0.02,0.324,0.0,234.47272727272727,1300.490909090909,0.001875781818181818,0.010403927272727273,none,
2026-07-17T18:14:29+00:00,station1,0.0,0.372,2.165,0.0,445776.5514482608,8869535.33829118,3.5662124115860863,70.95628270632943,none,
2026-07-17T18:14:29+00:00,station2,0.0,0.145,2.233,0.0,8867176.418181818,446808.0727272727,70.93741134545455,3.5744645818181815,none,
2026-07-17T18:14:29+00:00,station3,0.0,1745.513,3276.624,0.0,193.05454545454543,1088.8727272727272,0.0015444363636363634,0.008710981818181817,none,
2026-07-17T18:14:44+00:00,station1,0.0,0.375,1.998,0.0,557051.3272727273,11101981.618181817,4.456410618181819,88.81585294545454,none,
2026-07-17T18:14:44+00:00,station2,0.0,0.368,2.592,0.0,11100570.781818181,558353.8363636363,88.80456625454545,4.466830690909091,none,
2026-07-17T18:14:44+00:00,station3,0.0,1444.255,2959.4,0.0,225.83636363636364,1304.9636363636362,0.0018066909090909092,0.01043970909090909,none,
2026-07-17T18:14:59+00:00,station1,0.0,0.086,2.419,0.0,444785.8363636363,8868898.290909091,3.5582866909090907,70.95118632727272,none,
2026-07-17T18:14:59+00:00,station2,0.0,0.452,2.726,0.0,8867296.49090909,445853.61818181816,70.93837192727273,3.5668289454545454,none,
2026-07-17T18:14:59+00:00,station3,0.0,2054.484,2795.142,0.0,193.07272727272726,1088.490909090909,0.001544581818181818,0.008707927272727272,none,
2026-07-17T18:15:14+00:00,station1,0.0,0.046,2.064,0.0,640456.2,12789714.890909089,5.123649599999999,102.31771912727271,none,
2026-07-17T18:15:14+00:00,station2,0.0,0.076,2.059,0.0,12787995.436363636,641674.0363636364,102.30396349090908,5.133392290909091,none,
2026-07-17T18:15:14+00:00,station3,0.0,2048.276,4081.632,0.0,237.3272727272727,1312.581818181818,0.0018986181818181817,0.010500654545454544,none,
2026-07-17T18:15:29+00:00,station1,0.0,0.034,0.249,0.0,477974.1272727272,9559520.363636363,3.8237930181818176,76.4761629090909,none,
2026-07-17T18:15:29+00:00,station2,0.0,0.025,0.182,0.0,9558315.69090909,479063.4545454545,76.46652552727272,3.8325076363636357,none,
2026-07-17T18:15:29+00:00,station3,0.0,0.017,0.258,0.0,212.49090909090907,1095.7454545454543,0.0016999272727272726,0.008765963636363635,none,
2026-07-17T18:15:44+00:00,station1,0.0,0.347,1.019,0.0,445155.94545454544,8882560.072727272,3.5612475636363636,71.06048058181818,none,
2026-07-17T18:15:44+00:00,station2,0.0,0.647,1.287,0.0,8881028.018181818,446455.3818181818,71.04822414545454,3.5716430545454543,none,
2026-07-17T18:15:44+00:00,station3,0.0,0.118,0.841,0.0,251.3090909090909,1309.2181818181816,0.0020104727272727274,0.010473745454545453,none,
2026-07-17T18:15:59+00:00,station1,0.0,0.013,0.728,0.0,333804.63636363635,6649221.5636363635,2.6704370909090906,53.193772509090905,none,
2026-07-17T18:15:59+00:00,station2,0.0,0.099,0.927,0.0,6647956.709090908,334889.8363636363,53.18365367272727,2.6791186909090903,none,
2026-07-17T18:15:59+00:00,station3,0.0,0.113,0.673,0.0,196.1090909090909,1082.3999999999999,0.001568872727272727,0.008659199999999999,none,
2026-07-17T18:16:14+00:00,station1,0.0,0.183,0.894,0.0,446651.3272727272,8882890.2,3.5732106181818177,71.06312159999999,none,
2026-07-17T18:16:14+00:00,station2,0.0,0.137,1.035,0.0,8881425.181818182,447955.5818181818,71.05140145454546,3.5836446545454543,none,
2026-07-17T18:16:14+00:00,station3,0.0,0.017,0.639,0.0,250.6181818181818,1310.709090909091,0.0020049454545454544,0.010485672727272728,none,
2026-07-17T18:16:29+00:00,station1,0.0,0.03,0.69,0.0,527288.6234295169,10492010.509281987,4.218308987436135,83.9360840742559,none,
2026-07-17T18:16:29+00:00,station2,0.0,0.032,0.67,0.0,10490394.890909089,528281.1454545454,83.92315912727271,4.226249163636363,none,
2026-07-17T18:16:29+00:00,station3,0.0,0.122,0.779,0.0,210.43636363636364,1096.8545454545454,0.001683490909090909,0.008774836363636363,none,
2026-07-17T18:16:44+00:00,station1,0.0,0.024,0.248,0.0,595312.2738759704,11857601.294474848,4.762498191007763,94.86081035579878,none,
2026-07-17T18:16:44+00:00,station2,0.0,0.04,0.212,0.0,11856984.418181816,596655.2363636363,94.85587534545454,4.773241890909091,none,
2026-07-17T18:16:44+00:00,station3,0.0,0.043,0.209,0.0,252.65454545454543,1314.109090909091,0.0020212363636363632,0.010512872727272728,none,
2026-07-17T18:16:59+00:00,station1,0.0,0.01,0.207,0.0,370958.0734895729,7389795.003727204,2.9676645879165835,59.11836002981763,none,
2026-07-17T18:16:59+00:00,station2,0.0,0.017,0.275,0.0,7388735.909090908,372135.8363636363,59.10988727272726,2.9770866909090903,none,
2026-07-17T18:16:59+00:00,station3,0.0,0.022,0.226,0.0,207.3090909090909,1091.9999999999998,0.0016584727272727273,0.008735999999999999,none,
2026-07-17T18:17:14+00:00,station1,0.0,0.152,1.03,0.0,444970.5999999999,8876589.036363635,3.5597647999999995,71.01271229090908,none,
2026-07-17T18:17:14+00:00,station2,0.0,0.136,0.861,0.0,8875052.563636363,446274.16363636364,71.0004205090909,3.570193309090909,none,
2026-07-17T18:17:14+00:00,station3,0.0,0.121,0.732,0.0,247.6363636363636,1306.9272727272726,0.001981090909090909,0.010455418181818181,none,
2026-07-17T18:17:29+00:00,station1,0.0,0.179,0.716,0.0,331683.078489482,6643139.815639716,2.653464627915856,53.145118525117724,none,
2026-07-17T18:17:29+00:00,station2,0.0,0.317,0.91,0.0,6642110.6,332777.9272727273,53.1368848,2.6622234181818185,none,
2026-07-17T18:17:29+00:00,station3,0.0,0.04,0.703,0.0,203.09090909090907,1087.290909090909,0.0016247272727272725,0.008698327272727272,none,
2026-07-17T18:17:44+00:00,station1,0.0,0.055,1.005,0.0,518965.89152924495,10420487.518408755,4.15172713223396,83.36390014727004,none,
2026-07-17T18:17:44+00:00,station2,0.0,0.127,0.644,0.0,10419115.8,520274.39999999997,83.3529264,4.162195199999999,none,
2026-07-17T18:17:44+00:00,station3,0.0,1.166,1.599,0.0,245.89090909090908,1301.8363636363636,0.0019671272727272726,0.01041469090909091,none,
2026-07-17T18:17:59+00:00,station1,0.0,0.068,0.764,0.0,555451.3999999999,11168591.145454545,4.443611199999999,89.34872916363636,none,
2026-07-17T18:17:59+00:00,station2,0.0,0.141,0.808,0.0,11167321.363636363,556546.2,89.3385709090909,4.4523696,none,
2026-07-17T18:17:59+00:00,station3,0.0,0.057,0.683,0.0,195.85454545454544,1079.7090909090907,0.0015668363636363635,0.008637672727272725,none,
2026-07-17T18:18:14+00:00,station1,0.0,0.156,0.863,0.0,551018.1636363636,11103043.618181817,4.408145309090909,88.82434894545453,none,
2026-07-17T18:18:14+00:00,station2,0.0,0.181,0.917,0.0,11101633.47272727,552325.9454545454,88.81306778181816,4.418607563636363,none,
2026-07-17T18:18:14+00:00,station3,0.0,0.287,2.096,0.0,242.83636363636361,1304.2545454545455,0.0019426909090909088,0.010434036363636363,none,
2026-07-17T18:18:29+00:00,station1,0.0,0.371,1.186,0.0,436135.87272727274,8870548.218181817,3.4890869818181818,70.96438574545454,none,
2026-07-17T18:18:29+00:00,station2,0.0,0.383,1.149,0.0,8869062.927272728,437221.23636363633,70.95250341818182,3.497769890909091,none,
2026-07-17T18:18:29+00:00,station3,0.0,0.356,2.133,0.0,207.3090909090909,1091.509090909091,0.0016584727272727273,0.008732072727272727,none,
2026-07-17T18:18:44+00:00,station1,0.0,0.073,0.885,0.0,539884.0245077541,11105068.141737724,4.319072196062033,88.84054513390178,none,
2026-07-17T18:18:44+00:00,station2,0.0,0.02,0.787,0.0,11104339.363636363,541226.9636363636,88.8347149090909,4.329815709090909,none,
2026-07-17T18:18:44+00:00,station3,0.0,0.289,2.161,0.0,237.27272727272728,1306.7636363636364,0.0018981818181818182,0.01045410909090909,none,
2026-07-17T18:18:59+00:00,station1,0.0,0.283,1.154,0.0,498112.2706859875,10352569.40782895,3.9848981654879,82.8205552626316,none,
2026-07-17T18:18:59+00:00,station2,0.0,0.153,0.772,0.0,10351438.745454544,499135.41818181815,82.81150996363635,3.9930833454545454,none,
2026-07-17T18:18:59+00:00,station3,0.0,0.196,1.929,0.0,189.8181818181818,1082.9090909090908,0.0015185454545454545,0.008663272727272726,none,
2026-07-17T18:19:14+00:00,station1,0.0,0.024,0.219,0.0,575401.3272727273,11996658.927272728,4.603210618181818,95.97327141818182,none,
2026-07-17T18:19:14+00:00,station2,0.0,0.005,0.308,0.0,11995370.781818181,576761.8,95.96296625454545,4.6140944,none,
2026-07-17T18:19:14+00:00,station3,0.0,0.024,0.223,0.0,237.63636363636363,1305.0181818181816,0.001901090909090909,0.010440145454545453,none,
2026-07-17T18:19:29+00:00,station1,0.0,0.127,0.848,0.0,428204.8545454545,8874231.418181818,3.425638836363636,70.99385134545454,none,
2026-07-17T18:19:29+00:00,station2,0.0,0.054,0.899,0.0,8872569.618181817,429276.69090909086,70.98055694545454,3.434213527272727,none,
2026-07-17T18:19:29+00:00,station3,0.0,0.117,0.773,0.0,197.74545454545452,1088.1090909090908,0.001581963636363636,0.008704872727272727,none,
2026-07-17T18:19:44+00:00,station1,0.0,0.081,0.864,0.0,543504.8181818181,11106603.927272728,4.348038545454545,88.85283141818182,none,
2026-07-17T18:19:44+00:00,station2,0.0,0.112,0.659,0.0,11105347.436363636,544813.0909090909,88.84277949090908,4.358504727272727,none,
2026-07-17T18:19:44+00:00,station3,0.0,0.155,0.829,0.0,238.1090909090909,1305.0181818181816,0.0019048727272727272,0.010440145454545453,none,
2026-07-17T18:19:59+00:00,station1,0.0,0.236,1.228,0.0,440530.3358120761,8870459.482554862,3.524242686496609,70.9636758604389,none,
2026-07-17T18:19:59+00:00,station2,0.0,0.354,1.247,0.0,8869671.145454545,441624.69090909086,70.95736916363636,3.5329975272727268,none,
2026-07-17T18:19:59+00:00,station3,0.0,0.211,0.822,0.0,190.76363636363632,1081.5454545454545,0.0015261090909090907,0.008652363636363637,none,
2026-07-17T18:20:14+00:00,station1,0.0,0.034,0.789,0.0,623025.8,12514052.963636363,4.984206400000001,100.1124237090909,none,
2026-07-17T18:20:14+00:00,station2,0.0,0.119,0.858,0.0,12512815.763636362,624299.8727272727,100.10252610909089,4.994398981818182,none,
2026-07-17T18:20:14+00:00,station3,0.0,0.049,0.661,0.0,236.65454545454543,1327.6,0.0018932363636363634,0.0106208,none,
2026-07-17T18:20:29+00:00,station1,0.0,0.036,0.258,0.0,488535.2909090909,9828283.2,3.908282327272727,78.6262656,none,
2026-07-17T18:20:29+00:00,station2,0.0,0.023,0.234,0.0,9827066.672727274,489679.0181818182,78.61653338181819,3.9174321454545455,none,
2026-07-17T18:20:29+00:00,station3,0.0,0.019,0.273,0.0,200.03636363636363,1112.5454545454545,0.001600290909090909,0.008900363636363637,none,
2026-07-17T18:20:44+00:00,station1,0.0,0.276,2.355,0.0,553890.3090909091,11103033.218181817,4.431122472727273,88.82426574545454,none,
2026-07-17T18:20:44+00:00,station2,0.0,0.495,2.675,0.0,11101242.09090909,555189.3636363636,88.80993672727271,4.441514909090909,none,
2026-07-17T18:20:44+00:00,station3,0.0,0.019,0.273,100.0,225.09090909090907,1335.2545454545455,0.0018007272727272724,0.010682036363636363,none,
2026-07-17T18:20:59+00:00,station1,0.0,0.536,2.213,0.0,443603.41818181815,8870515.145454545,3.548827345454545,70.96412116363636,none,
2026-07-17T18:20:59+00:00,station2,0.0,0.125,2.154,0.0,8869453.636363635,444694.0727272727,70.95562909090908,3.5575525818181815,none,
2026-07-17T18:20:59+00:00,station3,0.0,1442.072,2965.126,0.0,209.98181818181817,1109.2545454545455,0.0016798545454545454,0.008874036363636364,none,
2026-07-17T18:21:14+00:00,station1,0.0,0.219,2.415,0.0,556160.6727272726,11105360.2,4.449285381818181,88.8428816,none,
2026-07-17T18:21:14+00:00,station2,0.0,0.127,2.444,0.0,11103485.636363635,557431.7454545455,88.82788509090908,4.4594539636363635,none,
2026-07-17T18:21:14+00:00,station3,0.0,2940.101,5392.017,0.0,263.79999999999995,1339.8,0.0021103999999999997,0.0107184,none,
2026-07-17T18:21:29+00:00,station1,0.0,0.144,2.065,0.0,558826.7454545455,11173120.018181818,4.470613963636364,89.38496014545454,none,
2026-07-17T18:21:29+00:00,station2,0.0,0.349,2.652,0.0,11172194.545454543,559916.2181818181,89.37755636363634,4.479329745454545,none,
2026-07-17T18:21:29+00:00,station3,0.0,1442.0,2279.045,0.0,219.7272727272727,1120.8545454545454,0.0017578181818181816,0.008966836363636363,none,
2026-07-17T18:21:44+00:00,station1,0.0,0.224,0.719,0.0,556128.7818181817,11105903.345454544,4.449030254545454,88.84722676363636,none,
2026-07-17T18:21:44+00:00,station2,0.0,0.679,1.236,0.0,11104412.145454545,557401.0181818182,88.83529716363635,4.459208145454546,none,
2026-07-17T18:21:44+00:00,station3,0.0,0.135,0.752,0.0,308.2363636363636,1360.7454545454543,0.0024658909090909086,0.010885963636363634,none,
2026-07-17T18:21:59+00:00,station1,0.0,0.14,0.752,0.0,443630.70909090905,8869777.09090909,3.5490456727272726,70.95821672727271,none,
2026-07-17T18:21:59+00:00,station2,0.0,0.094,0.821,0.0,8868504.09090909,444690.5999999999,70.94803272727272,3.5575247999999995,none,
2026-07-17T18:21:59+00:00,station3,0.0,0.025,0.906,0.0,252.2181818181818,1120.7818181818182,0.0020177454545454543,0.008966254545454546,none,
2026-07-17T18:22:14+00:00,station1,0.0,0.85,1.589,0.0,554082.9999999999,11103649.6,4.432663999999999,88.82919679999999,none,
2026-07-17T18:22:14+00:00,station2,0.0,1.114,1.579,0.0,11102447.836363636,555373.8363636363,88.81958269090909,4.442990690909091,none,
2026-07-17T18:22:14+00:00,station3,0.0,0.127,0.92,0.0,262.4363636363636,1327.581818181818,0.0020994909090909088,0.010620654545454545,none,
2026-07-17T18:22:29+00:00,station1,0.0,0.01,0.718,0.0,504899.14545454545,10137302.29090909,4.039193163636363,81.09841832727271,none,
2026-07-17T18:22:29+00:00,station2,0.0,0.219,0.958,0.0,10135965.8,505938.63636363635,81.08772640000001,4.047509090909091,none,
2026-07-17T18:22:29+00:00,station3,0.0,0.017,0.634,0.0,194.6181818181818,1084.6727272727271,0.0015569454545454543,0.008677381818181817,none,
2026-07-17T18:22:44+00:00,station1,0.0,0.03,0.27,0.0,607206.338527556,12208646.253432006,4.857650708220448,97.66917002745605,none,
2026-07-17T18:22:44+00:00,station2,0.0,0.029,0.235,0.0,12206395.29090909,608445.909090909,97.65116232727271,4.867567272727271,none,
2026-07-17T18:22:44+00:00,station3,0.0,0.085,0.331,0.0,238.47272727272727,1304.8363636363636,0.0019077818181818182,0.010438690909090909,none,
2026-07-17T18:22:59+00:00,station1,0.0,0.555,1.117,0.0,441564.16363636364,9086743.872727273,3.532513309090909,72.69395098181819,none,
2026-07-17T18:22:59+00:00,station2,0.0,0.751,1.33,0.0,9085498.29090909,442717.2727272727,72.68398632727272,3.5417381818181815,none,
2026-07-17T18:22:59+00:00,station3,0.0,0.408,1.009,0.0,201.85454545454544,1089.2363636363636,0.0016148363636363636,0.008713890909090909,none,
2026-07-17T18:23:14+00:00,station1,0.0,0.089,0.96,0.0,464021.10909090907,11323542.236363636,3.7121688727272724,90.58833789090909,none,
2026-07-17T18:23:14+00:00,station2,0.0,0.645,1.223,0.0,11321923.018181818,465281.14545454545,90.57538414545454,3.7222491636363637,none,
2026-07-17T18:23:14+00:00,station3,0.0,0.082,0.714,0.0,237.38181818181818,1303.9272727272726,0.0018990545454545453,0.01043141818181818,none,
2026-07-17T18:23:29+00:00,station1,0.0,0.05,0.812,0.0,308617.8,9090202.890909089,2.4689424,72.72162312727271,none,
2026-07-17T18:23:29+00:00,station2,0.0,0.203,1.099,0.0,9088812.98181818,309666.4727272727,72.71050385454545,2.4773317818181817,none,
2026-07-17T18:23:29+00:00,station3,0.0,0.057,0.741,0.0,194.18181818181816,1085.090909090909,0.0015534545454545454,0.008680727272727272,none,
2026-07-17T18:23:44+00:00,station1,0.0,0.088,0.888,0.0,390324.7995345201,12523144.916995471,3.1225983962761608,100.18515933596377,none,
2026-07-17T18:23:44+00:00,station2,0.0,0.092,0.891,0.0,12520758.872727271,391609.3818181818,100.16607098181817,3.1328750545454542,none,
2026-07-17T18:23:44+00:00,station3,0.0,0.174,0.793,0.0,234.47272727272727,1301.2,0.001875781818181818,0.0104096,none,
2026-07-17T18:23:59+00:00,station1,0.0,0.012,0.209,0.0,293795.69090909086,10397410.054545455,2.350365527272727,83.17928043636364,none,
2026-07-17T18:23:59+00:00,station2,0.0,0.075,0.331,0.0,10396192.309090909,294948.2727272727,83.16953847272727,2.3595861818181816,none,
2026-07-17T18:23:59+00:00,station3,0.0,0.148,0.317,0.0,197.85454545454544,1085.9454545454544,0.0015828363636363637,0.008687563636363634,none,
2026-07-17T18:24:14+00:00,station1,0.0,0.329,2.382,0.0,396240.0,11726533.67272727,3.16992,93.81226938181815,none,
2026-07-17T18:24:14+00:00,station2,0.0,0.381,1.957,0.0,11724931.6,397555.69090909086,93.7994528,3.180445527272727,none,
2026-07-17T18:24:14+00:00,station3,0.0,0.0,7467.313,90.0,236.65454545454543,1301.5272727272725,0.0018932363636363634,0.01041221818181818,none,
2026-07-17T18:24:29+00:00,station1,0.0,0.824,3.431,0.0,370173.9241104707,9490889.383829385,2.9613913928837654,75.92711507063508,none,
2026-07-17T18:24:29+00:00,station2,0.0,1.129,3.317,0.0,9489751.054545455,371257.14545454545,75.91800843636364,2.9700571636363637,none,
2026-07-17T18:24:29+00:00,station3,0.0,2110.16,4281.938,0.0,182.87272727272727,1087.0545454545454,0.0014629818181818182,0.008696436363636362,none,
2026-07-17T18:24:44+00:00,station1,0.0,0.347,2.246,0.0,516683.30818319006,11724446.448375544,4.133466465465521,93.79557158700435,none,
2026-07-17T18:24:44+00:00,station2,0.0,0.298,2.271,0.0,11724014.036363635,518033.309090909,93.79211229090909,4.144266472727272,none,
2026-07-17T18:24:44+00:00,station3,0.0,1448.769,2946.267,0.0,233.1272727272727,1307.8727272727272,0.0018650181818181816,0.010462981818181817,none,
2026-07-17T18:24:59+00:00,station1,0.0,0.147,2.358,0.0,534326.9999999999,11173416.963636363,4.274615999999999,89.3873357090909,none,
2026-07-17T18:24:59+00:00,station2,0.0,0.17,2.419,0.0,11171744.38181818,535397.1454545454,89.37395505454545,4.283177163636363,none,
2026-07-17T18:24:59+00:00,station3,0.0,833.754,1125.18,0.0,221.19999999999996,1116.7636363636364,0.0017695999999999996,0.00893410909090909,none,
2026-07-17T18:25:14+00:00,station1,0.0,0.002,0.246,0.0,473960.52799040015,9917698.987291139,3.7916842239232014,79.34159189832911,none,
2026-07-17T18:25:14+00:00,station2,0.0,0.019,0.222,0.0,9916390.38181818,475302.23636363633,79.33112305454544,3.8024178909090907,none,
2026-07-17T18:25:14+00:00,station3,0.0,0.02,0.311,0.0,264.3272727272727,1335.2363636363634,0.0021146181818181816,0.010681890909090908,none,
2026-07-17T18:25:29+00:00,station1,0.0,0.484,1.086,0.0,321222.9636363636,6646800.181818182,2.569783709090909,53.17440145454545,none,
2026-07-17T18:25:29+00:00,station2,0.0,0.682,1.241,0.0,6645347.509090909,322273.8363636363,53.16278007272727,2.5781906909090906,none,
2026-07-17T18:25:29+00:00,station3,0.0,0.076,1.753,0.0,220.43636363636364,1108.1636363636362,0.001763490909090909,0.00886530909090909,none,
2026-07-17T18:25:44+00:00,station1,0.0,0.009,0.758,0.0,437694.5272727272,8879619.363636363,3.501556218181818,71.03695490909091,none,
2026-07-17T18:25:44+00:00,station2,0.0,0.153,0.889,0.0,8877930.745454544,438963.309090909,71.02344596363635,3.511706472727272,none,
2026-07-17T18:25:44+00:00,station3,0.0,0.314,2.037,0.0,264.58181818181816,1327.7818181818182,0.002116654545454545,0.010622254545454545,none,
2026-07-17T18:25:59+00:00,station1,0.0,0.172,0.916,0.0,396232.0909090909,7901435.181818182,3.169856727272727,63.211481454545456,none,
2026-07-17T18:25:59+00:00,station2,0.0,0.455,1.173,0.0,7900456.999999999,397326.94545454544,63.203655999999995,3.1786155636363636,none,
2026-07-17T18:25:59+00:00,station3,0.0,0.415,2.039,0.0,196.98181818181817,1087.8,0.0015758545454545453,0.008702399999999999,none,
2026-07-17T18:26:14+00:00,station1,0.0,1.299,1.617,0.0,619483.509090909,12369804.69090909,4.955868072727272,98.95843752727272,none,
2026-07-17T18:26:14+00:00,station2,0.0,1.324,1.766,0.0,12368151.581818182,620734.8181818181,98.94521265454546,4.965878545454545,none,
2026-07-17T18:26:14+00:00,station3,0.0,0.467,1.885,0.0,237.74545454545452,1306.4,0.0019019636363636363,0.0104512,none,
2026-07-17T18:26:29+00:00,station1,0.0,0.042,0.241,0.0,499024.94409395853,9982326.527643947,3.9921995527516683,79.85861222115157,none,
2026-07-17T18:26:29+00:00,station2,0.0,0.026,0.165,0.0,9981571.327272726,500145.41818181815,79.85257061818182,4.001163345454545,none,
2026-07-17T18:26:29+00:00,station3,0.0,0.035,0.258,0.0,198.4,1089.1636363636362,0.0015872,0.00871330909090909,none,
2026-07-17T18:26:44+00:00,station1,0.0,0.112,0.787,0.0,444837.2545454545,8878290.345454546,3.5586980363636362,71.02632276363637,none,
2026-07-17T18:26:44+00:00,station2,0.0,0.175,0.826,0.0,8876535.872727271,446130.9636363636,71.01228698181816,3.569047709090909,none,
2026-07-17T18:26:44+00:00,station3,0.0,0.12,0.696,0.0,236.65454545454543,1304.7454545454543,0.0018932363636363634,0.010437963636363635,none,
2026-07-17T18:26:59+00:00,station1,0.0,1.657,1.861,0.0,333116.68878747657,6642678.460391629,2.6649335102998126,53.14142768313303,none,
2026-07-17T18:26:59+00:00,station2,0.0,0.288,1.132,0.0,6641538.6,334200.34545454546,53.1323088,2.6736027636363637,none,
2026-07-17T18:26:59+00:00,station3,0.0,0.148,0.737,0.0,196.36363636363635,1085.1636363636362,0.0015709090909090907,0.00868130909090909,none,
2026-07-17T18:27:14+00:00,station1,0.0,0.187,1.02,0.0,445285.18181818177,8876455.563636363,3.562281454545454,71.0116445090909,none,
2026-07-17T18:27:14+00:00,station2,0.0,0.568,1.166,0.0,8874859.727272727,446592.7818181818,70.99887781818181,3.5727422545454544,none,
2026-07-17T18:27:14+00:00,station3,0.0,0.067,0.766,0.0,235.56363636363633,1303.4727272727273,0.0018845090909090907,0.010427781818181818,none,
2026-07-17T18:27:29+00:00,station1,0.0,0.803,1.309,0.0,504884.3818181818,10064552.727272727,4.039075054545454,80.51642181818181,none,
2026-07-17T18:27:29+00:00,station2,0.0,0.898,1.385,0.0,10063187.0,505923.90909090906,80.505496,4.047391272727272,none,
2026-07-17T18:27:29+00:00,station3,0.0,0.36,1.099,0.0,197.85454545454544,1088.1818181818182,0.0015828363636363637,0.008705454545454546,none,
2026-07-17T18:27:44+00:00,station1,0.0,0.041,0.258,0.0,615116.4748449973,12281074.728631431,4.9209317987599785,98.24859782905145,none,
2026-07-17T18:27:44+00:00,station2,0.0,0.017,0.226,0.0,12279574.454545455,616417.9818181818,98.23659563636365,4.931343854545455,none,
2026-07-17T18:27:44+00:00,station3,0.0,0.015,0.283,0.0,235.56363636363633,1304.5636363636363,0.0018845090909090907,0.010436509090909091,none,
2026-07-17T18:27:59+00:00,station1,0.0,0.038,0.726,0.0,444707.434139956,8863436.739814192,3.557659473119648,70.90749391851354,none,
2026-07-17T18:27:59+00:00,station2,0.0,0.147,0.937,0.0,8862556.89090909,445810.2545454545,70.90045512727272,3.5664820363636363,none,
2026-07-17T18:27:59+00:00,station3,0.0,0.106,1.839,0.0,194.8,1086.3090909090909,0.0015584000000000001,0.008690472727272728,none,
2026-07-17T18:28:14+00:00,station1,0.0,0.131,0.914,0.0,556275.4313557935,11098584.571189614,4.450203450846348,88.78867656951691,none,
2026-07-17T18:28:14+00:00,station2,0.0,0.023,0.7,0.0,11097474.38181818,557595.1818181818,88.77979505454545,4.460761454545454,none,
2026-07-17T18:28:14+00:00,station3,0.0,0.503,2.204,0.0,232.43636363636364,1304.2363636363634,0.0018594909090909092,0.010433890909090908,none,
2026-07-17T18:28:29+00:00,station1,0.0,0.198,0.956,0.0,444296.67272727273,8863456.454545455,3.554373381818182,70.90765163636364,none,
2026-07-17T18:28:29+00:00,station2,0.0,0.127,0.949,0.0,8862199.872727271,445385.0363636363,70.89759898181816,3.5630802909090904,none,
2026-07-17T18:28:29+00:00,station3,0.0,0.13,2.181,0.0,197.85454545454544,1088.3636363636363,0.0015828363636363637,0.00870690909090909,none,
2026-07-17T18:28:44+00:00,station1,0.0,0.918,1.37,0.0,612043.6545454545,12222795.236363636,4.896349236363636,97.78236189090909,none,
2026-07-17T18:28:44+00:00,station2,0.0,0.264,0.944,0.0,12221333.509090908,613357.0363636364,97.77066807272726,4.906856290909091,none,
2026-07-17T18:28:44+00:00,station3,0.0,0.096,2.575,0.0,234.54545454545453,1303.2,0.0018763636363636363,0.0104256,none,
2026-07-17T18:28:59+00:00,station1,0.0,0.057,0.243,0.0,506503.07272727264,10126167.436363636,4.0520245818181815,81.00933949090908,none,
2026-07-17T18:28:59+00:00,station2,0.0,0.056,0.27,0.0,10124529.654545454,507573.1272727272,80.99623723636364,4.0605850181818175,none,
2026-07-17T18:28:59+00:00,station3,0.0,0.03,0.279,0.0,198.54545454545453,1087.3272727272727,0.0015883636363636362,0.008698618181818182,none,
2026-07-17T18:29:14+00:00,station1,0.0,0.031,20.188,0.0,503324.16363636364,10042712.29090909,4.026593309090909,80.34169832727271,precursor_aborted,real_nm_pe1_001
2026-07-17T18:29:14+00:00,station2,0.0,0.02,20.213,0.0,10041100.781818181,504516.3272727272,80.32880625454546,4.036130618181818,precursor_aborted,real_nm_pe1_001
2026-07-17T18:29:14+00:00,station3,0.0,0.018,20.238,0.0,240.87272727272727,1306.2545454545455,0.0019269818181818182,0.010450036363636363,precursor_aborted,real_nm_pe1_001
2026-07-17T18:29:29+00:00,station1,0.0,0.033,20.216,0.0,284724.5636363636,5659952.69090909,2.277796509090909,45.279621527272724,precursor_aborted,real_nm_pe1_001
2026-07-17T18:29:29+00:00,station2,0.0,0.004,20.186,0.0,5658419.072727272,285702.0727272727,45.26735258181818,2.2856165818181817,precursor_aborted,real_nm_pe1_001
2026-07-17T18:29:29+00:00,station3,0.0,0.01,20.237,25.0,197.4181818181818,1090.9454545454544,0.0015793454545454545,0.008727563636363634,precursor_aborted,real_nm_pe1_001
2026-07-17T18:29:44+00:00,station1,0.0,0.074,0.793,0.0,281056.67272727273,5592789.909090908,2.248453381818182,44.742319272727265,precursor_aborted,real_nm_pe1_001
2026-07-17T18:29:44+00:00,station2,0.0,0.298,0.936,0.0,5591196.745454545,282237.0181818182,44.72957396363636,2.2578961454545454,precursor_aborted,real_nm_pe1_001
2026-07-17T18:29:44+00:00,station3,0.0,0.062,0.673,0.0,235.59999999999997,1307.1454545454544,0.0018847999999999996,0.010457163636363636,precursor_aborted,real_nm_pe1_001
2026-07-17T18:29:59+00:00,station1,0.0,0.427,1.042,0.0,282673.8968382393,5653666.660606171,2.2613911747059143,45.22933328484937,precursor_aborted,real_nm_pe1_001
2026-07-17T18:29:59+00:00,station2,0.0,0.805,1.348,0.0,5652915.290909091,283658.7272727273,45.223322327272726,2.2692698181818183,precursor_aborted,real_nm_pe1_001
2026-07-17T18:29:59+00:00,station3,0.0,0.161,0.783,0.0,193.27272727272728,1089.0363636363636,0.0015461818181818183,0.00871229090909091,precursor_aborted,real_nm_pe1_001
2026-07-17T18:30:14+00:00,station1,0.0,1.438,1.762,0.0,332893.2545454545,6654184.909090908,2.6631460363636363,53.233479272727266,precursor_aborted,real_nm_pe1_001
2026-07-17T18:30:14+00:00,station2,0.0,1.439,1.813,0.0,6652761.545454545,334185.0181818182,53.22209236363636,2.6734801454545454,precursor_aborted,real_nm_pe1_001
2026-07-17T18:30:14+00:00,station3,0.0,0.2,0.823,0.0,232.83636363636364,1307.490909090909,0.001862690909090909,0.010459927272727272,precursor_aborted,real_nm_pe1_001
2026-07-17T18:30:29+00:00,station1,0.0,0.824,1.287,0.0,434932.8545454545,8716503.127272727,3.479462836363636,69.73202501818182,precursor_aborted,real_nm_pe1_001
2026-07-17T18:30:29+00:00,station2,0.0,0.871,1.291,0.0,8715080.854545454,436000.1272727272,69.72064683636363,3.4880010181818175,precursor_aborted,real_nm_pe1_001
2026-07-17T18:30:29+00:00,station3,0.0,0.397,0.949,0.0,198.83636363636364,1092.381818181818,0.0015906909090909092,0.008739054545454544,precursor_aborted,real_nm_pe1_001
2026-07-17T18:30:44+00:00,station1,0.0,0.172,1.001,0.0,555705.3999999999,11103356.163636362,4.445643199999999,88.8268493090909,precursor_aborted,real_nm_pe1_001
2026-07-17T18:30:44+00:00,station2,0.0,0.192,0.888,0.0,11101887.29090909,557009.7636363636,88.81509832727271,4.4560781090909085,precursor_aborted,real_nm_pe1_001
2026-07-17T18:30:44+00:00,station3,0.0,0.083,0.703,0.0,234.36363636363635,1307.2,0.0018749090909090907,0.010457600000000001,precursor_aborted,real_nm_pe1_001
2026-07-17T18:30:59+00:00,station1,0.0,0.019,0.74,0.0,494666.9636363636,9851642.327272726,3.957335709090909,78.81313861818181,precursor_aborted,real_nm_pe1_001
2026-07-17T18:30:59+00:00,station2,0.0,0.19,0.825,0.0,9850462.563636363,495762.94545454544,78.8037005090909,3.9661035636363633,precursor_aborted,real_nm_pe1_001
2026-07-17T18:30:59+00:00,station3,0.0,0.172,0.781,0.0,193.16363636363633,1086.5636363636363,0.0015453090909090907,0.00869250909090909,precursor_aborted,real_nm_pe1_001
2026-07-17T18:31:14+00:00,station1,0.0,0.016,0.224,0.0,626443.5373902292,12496340.957437137,5.011548299121833,99.9707276594971,precursor_aborted,real_nm_pe1_001
2026-07-17T18:31:14+00:00,station2,0.0,0.005,0.25,0.0,12495007.327272726,627758.0727272726,99.9600586181818,5.0220645818181815,precursor_aborted,real_nm_pe1_001
2026-07-17T18:31:14+00:00,station3,0.0,0.01,0.315,0.0,235.56363636363633,1305.2727272727273,0.0018845090909090907,0.010442181818181817,precursor_aborted,real_nm_pe1_001
2026-07-17T18:31:29+00:00,station1,0.0,0.13,2.128,0.0,445662.5334084835,8870876.602243595,3.565300267267868,70.96701281794876,precursor_aborted,real_nm_pe1_001
2026-07-17T18:31:29+00:00,station2,0.0,0.128,2.055,0.0,8869392.454545455,446756.0727272727,70.95513963636364,3.5740485818181815,precursor_aborted,real_nm_pe1_001
2026-07-17T18:31:29+00:00,station3,0.0,51.837,36.91,0.0,198.94545454545454,1088.5454545454545,0.0015915636363636363,0.008708363636363636,precursor_aborted,real_nm_pe1_001
2026-07-17T18:31:44+00:00,station1,0.0,0.326,2.066,0.0,557238.5636363636,11105462.727272727,4.457908509090909,88.84370181818181,precursor_aborted,real_nm_pe1_001
2026-07-17T18:31:44+00:00,station2,0.0,0.151,2.399,0.0,11104101.909090908,558560.8181818181,88.83281527272726,4.468486545454545,precursor_aborted,real_nm_pe1_001
2026-07-17T18:31:44+00:00,station3,0.0,1446.55,2952.627,0.0,230.76363636363632,1302.6,0.0018461090909090907,0.0104208,precursor_aborted,real_nm_pe1_001
2026-07-17T18:31:59+00:00,station1,0.0,0.591,1.862,0.0,444878.72947764583,8869710.914347012,3.5590298358211667,70.9576873147761,precursor_aborted,real_nm_pe1_001
2026-07-17T18:31:59+00:00,station2,0.0,0.5,1.715,0.0,8868925.036363635,445987.5999999999,70.95140029090908,3.5679007999999994,precursor_aborted,real_nm_pe1_001
2026-07-17T18:31:59+00:00,station3,0.0,834.555,1131.627,0.0,193.2,1083.5636363636363,0.0015455999999999998,0.00866850909090909,precursor_aborted,real_nm_pe1_001
2026-07-17T18:32:14+00:00,station1,0.0,0.212,2.212,0.0,601910.4529173258,12013533.064237533,4.8152836233386065,96.10826451390027,precursor_aborted,real_nm_pe1_001
2026-07-17T18:32:14+00:00,station2,0.0,0.256,2.359,0.0,12011879.872727271,603223.7454545455,96.09503898181816,4.825789963636364,precursor_aborted,real_nm_pe1_001
2026-07-17T18:32:14+00:00,station3,0.0,865.668,1655.709,0.0,235.1272727272727,1305.109090909091,0.0018810181818181815,0.010440872727272728,precursor_aborted,real_nm_pe1_001
2026-07-17T18:32:29+00:00,station1,0.0,0.043,0.236,0.0,517148.4545454545,10337635.109090907,4.1371876363636355,82.70108087272726,precursor_aborted,real_nm_pe1_001
2026-07-17T18:32:29+00:00,station2,0.0,0.063,0.219,0.0,10336590.890909089,518235.3818181818,82.6927271272727,4.145883054545454,precursor_aborted,real_nm_pe1_001
2026-07-17T18:32:29+00:00,station3,0.0,0.021,0.259,0.0,203.74545454545452,1093.6181818181817,0.0016299636363636362,0.008748945454545454,precursor_aborted,real_nm_pe1_001
2026-07-17T18:32:44+00:00,station1,0.0,0.156,0.873,0.0,445118.9636363636,8876256.509090908,3.560951709090909,71.01005207272726,precursor_aborted,real_nm_pe1_001
2026-07-17T18:32:44+00:00,station2,0.0,0.019,0.751,0.0,8875150.38181818,446440.5272727272,71.00120305454544,3.5715242181818176,precursor_aborted,real_nm_pe1_001
2026-07-17T18:32:44+00:00,station3,0.0,0.364,2.322,0.0,242.54545454545453,1307.7818181818182,0.0019403636363636363,0.010462254545454545,precursor_aborted,real_nm_pe1_001
2026-07-17T18:32:59+00:00,station1,0.0,0.194,0.858,0.0,333241.4727272727,6642238.963636364,2.665931781818182,53.13791170909091,precursor_aborted,real_nm_pe1_001
2026-07-17T18:32:59+00:00,station2,0.0,0.022,0.744,0.0,6640999.945454544,334324.7272727273,53.12799956363636,2.674597818181818,precursor_aborted,real_nm_pe1_001
2026-07-17T18:32:59+00:00,station3,0.0,0.236,2.06,0.0,199.05454545454543,1085.6181818181817,0.0015924363636363635,0.008684945454545453,precursor_aborted,real_nm_pe1_001
2026-07-17T18:33:14+00:00,station1,0.0,0.167,0.913,0.0,444983.87272727274,8877492.854545454,3.559870981818182,71.01994283636363,precursor_aborted,real_nm_pe1_001
2026-07-17T18:33:14+00:00,station2,0.0,0.173,0.822,0.0,8875765.763636362,446279.3272727272,71.0061261090909,3.570234618181818,precursor_aborted,real_nm_pe1_001
2026-07-17T18:33:14+00:00,station3,0.0,0.128,1.636,0.0,238.18181818181816,1305.3636363636363,0.0019054545454545452,0.01044290909090909,precursor_aborted,real_nm_pe1_001
2026-07-17T18:33:29+00:00,station1,0.0,0.312,0.864,0.0,486334.48482754856,9710646.770058725,3.8906758786203883,77.6851741604698,precursor_aborted,real_nm_pe1_001
2026-07-17T18:33:29+00:00,station2,0.0,0.145,0.872,0.0,9709723.581818182,487443.2545454545,77.67778865454545,3.899546036363636,precursor_aborted,real_nm_pe1_001
2026-07-17T18:33:29+00:00,station3,0.0,0.419,2.492,0.0,196.29090909090908,1087.6727272727271,0.0015703272727272727,0.008701381818181817,precursor_aborted,real_nm_pe1_001
2026-07-17T18:33:44+00:00,station1,0.0,0.031,0.245,0.0,632071.832445503,12643170.027089434,5.056574659564024,101.14536021671547,precursor_aborted,real_nm_pe1_001
2026-07-17T18:33:44+00:00,station2,0.0,0.03,0.193,0.0,12641789.8,633405.7454545455,101.13431840000001,5.067245963636364,precursor_aborted,real_nm_pe1_001
2026-07-17T18:33:44+00:00,station3,0.0,0.02,0.245,0.0,239.9272727272727,1310.3636363636363,0.0019194181818181816,0.01048290909090909,precursor_aborted,real_nm_pe1_001
2026-07-17T18:33:59+00:00,station1,0.0,0.066,0.227,0.0,408746.2727272727,8175337.381818181,3.2699701818181817,65.40269905454545,precursor_aborted,real_nm_pe1_001
2026-07-17T18:33:59+00:00,station2,0.0,0.033,0.216,0.0,8174168.381818181,409833.1272727272,65.39334705454544,3.2786650181818175,precursor_aborted,real_nm_pe1_001
2026-07-17T18:33:59+00:00,station3,0.0,0.036,0.29,0.0,197.5272727272727,1090.6909090909091,0.0015802181818181816,0.008725527272727273,precursor_aborted,real_nm_pe1_001
2026-07-17T18:34:14+00:00,station1,0.0,0.108,0.875,0.0,445325.50951766275,8878345.562969293,3.562604076141302,71.02676450375435,precursor_aborted,real_nm_pe1_001
2026-07-17T18:34:14+00:00,station2,0.0,0.065,0.811,0.0,8877518.927272728,446666.90909090906,71.02015141818183,3.5733352727272725,precursor_aborted,real_nm_pe1_001
2026-07-17T18:34:14+00:00,station3,0.0,0.052,0.645,0.0,238.36363636363635,1310.709090909091,0.0019069090909090908,0.010485672727272728,precursor_aborted,real_nm_pe1_001
2026-07-17T18:34:29+00:00,station1,0.0,0.039,20.219,0.0,332513.7542953764,6606161.069798731,2.6601100343630115,52.84928855838985,precursor_aborted,real_nm_pe1_002
2026-07-17T18:34:29+00:00,station2,0.0,0.019,20.211,0.0,6604699.072727272,333514.67272727273,52.83759258181818,2.668117381818182,precursor_aborted,real_nm_pe1_002
2026-07-17T18:34:29+00:00,station3,0.0,0.013,20.249,25.0,198.94545454545454,1088.6181818181817,0.0015915636363636363,0.008708945454545454,precursor_aborted,real_nm_pe1_002
2026-07-17T18:34:44+00:00,station1,0.0,0.016,20.191,0.0,268716.67272727273,5307564.181818182,2.149733381818182,42.460513454545456,precursor_aborted,real_nm_pe1_002
2026-07-17T18:34:44+00:00,station2,0.0,0.025,20.2,25.0,5306055.8,269918.85454545455,42.4484464,2.1593508363636364,precursor_aborted,real_nm_pe1_002
2026-07-17T18:34:44+00:00,station3,0.0,0.039,20.269,0.0,235.56363636363633,1304.509090909091,0.0018845090909090907,0.010436072727272728,precursor_aborted,real_nm_pe1_002
2026-07-17T18:34:59+00:00,station1,0.0,9.082,7.319,0.0,237288.49090909088,4683911.7272727275,1.898307927272727,37.47129381818182,precursor_aborted,real_nm_pe1_002
2026-07-17T18:34:59+00:00,station2,0.0,9.255,7.277,0.0,4682548.163636363,238244.9636363636,37.4603853090909,1.9059597090909088,precursor_aborted,real_nm_pe1_002
2026-07-17T18:34:59+00:00,station3,0.0,9.182,7.251,0.0,194.8,1087.2727272727273,0.0015584000000000001,0.008698181818181818,precursor_aborted,real_nm_pe1_002
2026-07-17T18:35:14+00:00,station1,0.0,0.064,0.26,0.0,196003.2909090909,3873206.7818181817,1.568026327272727,30.985654254545455,precursor_aborted,real_nm_pe1_002
2026-07-17T18:35:14+00:00,station2,0.0,0.022,0.226,0.0,3871635.3636363638,197177.32727272724,30.97308290909091,1.577418618181818,precursor_aborted,real_nm_pe1_002
2026-07-17T18:35:14+00:00,station3,0.0,0.033,0.265,0.0,237.1272727272727,1306.0,0.0018970181818181815,0.010448,precursor_aborted,real_nm_pe1_002
2026-07-17T18:35:29+00:00,station1,0.0,0.069,0.813,0.0,125593.6909090909,2471938.2181818183,1.0047495272727271,19.775505745454545,precursor_aborted,real_nm_pe1_002
2026-07-17T18:35:29+00:00,station2,0.0,0.168,0.992,0.0,2470939.9090909087,126659.4909090909,19.76751927272727,1.0132759272727272,precursor_aborted,real_nm_pe1_002
2026-07-17T18:35:29+00:00,station3,0.0,0.139,0.76,0.0,196.76363636363632,1089.509090909091,0.0015741090909090906,0.008716072727272726,precursor_aborted,real_nm_pe1_002
2026-07-17T18:35:44+00:00,station1,0.0,0.164,0.9,0.0,344573.18181818177,6859536.654545454,2.756585454545454,54.87629323636364,precursor_aborted,real_nm_pe1_002
2026-07-17T18:35:44+00:00,station2,0.0,0.159,0.913,0.0,6857916.527272727,345848.43636363634,54.86333221818182,2.7667874909090906,precursor_aborted,real_nm_pe1_002
2026-07-17T18:35:44+00:00,station3,0.0,0.032,0.631,0.0,234.47272727272727,1304.6,0.001875781818181818,0.0104368,precursor_aborted,real_nm_pe1_002
2026-07-17T18:35:59+00:00,station1,0.0,0.172,0.785,0.0,380833.18181818177,7590760.472727272,3.046665454545454,60.726083781818176,precursor_aborted,real_nm_pe1_002
2026-07-17T18:35:59+00:00,station2,0.0,0.057,0.854,0.0,7589142.745454545,381915.70909090905,60.71314196363636,3.0553256727272724,precursor_aborted,real_nm_pe1_002
2026-07-17T18:35:59+00:00,station3,0.0,0.194,0.79,0.0,193.7090909090909,1085.3636363636363,0.001549672727272727,0.00868290909090909,precursor_aborted,real_nm_pe1_002
2026-07-17T18:36:14+00:00,station1,0.0,0.094,1.078,0.0,604410.0620011274,12060122.947689958,4.835280496009019,96.48098358151967,precursor_aborted,real_nm_pe1_002
2026-07-17T18:36:14+00:00,station2,0.0,0.017,0.711,0.0,12058750.563636363,605717.4727272727,96.4700045090909,4.845739781818181,precursor_aborted,real_nm_pe1_002
2026-07-17T18:36:14+00:00,station3,0.0,0.176,0.82,0.0,232.83636363636364,1301.0727272727272,0.001862690909090909,0.010408581818181818,precursor_aborted,real_nm_pe1_002
2026-07-17T18:36:29+00:00,station1,0.0,0.039,0.228,0.0,515197.18181818177,10293176.29090909,4.121577454545454,82.34541032727272,precursor_aborted,real_nm_pe1_002
2026-07-17T18:36:29+00:00,station2,0.0,0.07,0.255,0.0,10292239.472727273,516279.8181818182,82.33791578181818,4.130238545454546,precursor_aborted,real_nm_pe1_002
2026-07-17T18:36:29+00:00,station3,0.0,0.043,0.273,0.0,196.76363636363632,1087.2363636363636,0.0015741090909090906,0.00869789090909091,precursor_aborted,real_nm_pe1_002
2026-07-17T18:36:44+00:00,station1,0.0,0.274,1.198,0.0,556783.9454545454,11101754.4,4.454271563636364,88.8140352,precursor_aborted,real_nm_pe1_002
2026-07-17T18:36:44+00:00,station2,0.0,0.804,1.276,0.0,11100261.945454543,558096.0545454544,88.80209556363634,4.464768436363635,precursor_aborted,real_nm_pe1_002
2026-07-17T18:36:44+00:00,station3,0.0,0.441,1.268,0.0,235.99999999999997,1331.3090909090909,0.0018879999999999997,0.010650472727272728,precursor_aborted,real_nm_pe1_002
2026-07-17T18:36:59+00:00,station1,0.0,0.126,0.794,0.0,445336.23636363633,8867036.781818181,3.5626898909090907,70.93629425454544,precursor_aborted,real_nm_pe1_002
2026-07-17T18:36:59+00:00,station2,0.0,0.118,0.76,0.0,8865596.418181818,446417.5818181818,70.92477134545454,3.5713406545454545,precursor_aborted,real_nm_pe1_002
2026-07-17T18:36:59+00:00,station3,0.0,0.101,0.661,0.0,195.23636363636362,1113.4545454545453,0.001561890909090909,0.008907636363636362,precursor_aborted,real_nm_pe1_002
2026-07-17T18:37:14+00:00,station1,0.0,0.053,0.741,0.0,557704.6309932908,11101363.242968054,4.4616370479463265,88.81090594374443,precursor_aborted,real_nm_pe1_002
2026-07-17T18:37:14+00:00,station2,0.0,0.408,1.127,0.0,11099282.236363636,559007.4727272727,88.7942578909091,4.4720597818181815,precursor_aborted,real_nm_pe1_002
2026-07-17T18:37:14+00:00,station3,0.0,0.058,0.705,0.0,237.27272727272728,1331.3272727272727,0.0018981818181818182,0.010650618181818181,precursor_aborted,real_nm_pe1_002
2026-07-17T18:37:29+00:00,station1,0.0,0.033,0.739,0.0,560359.2974417717,11172482.936053384,4.482874379534174,89.37986348842708,precursor_aborted,real_nm_pe1_002
2026-07-17T18:37:29+00:00,station2,0.0,0.168,0.915,0.0,11171088.054545455,561443.6727272726,89.36870443636364,4.491549381818181,precursor_aborted,real_nm_pe1_002
2026-07-17T18:37:29+00:00,station3,0.0,0.108,0.757,0.0,199.1272727272727,1087.6181818181817,0.0015930181818181815,0.008700945454545453,precursor_aborted,real_nm_pe1_002
2026-07-17T18:37:44+00:00,station1,0.0,1.235,1.625,0.0,558216.5675739559,11108119.765813924,4.465732540591647,88.8649581265114,precursor_aborted,real_nm_pe1_002
2026-07-17T18:37:44+00:00,station2,0.0,0.71,1.436,0.0,11106552.709090909,559519.4363636363,88.85242167272727,4.476155490909091,precursor_aborted,real_nm_pe1_002
2026-07-17T18:37:44+00:00,station3,0.0,0.037,0.681,0.0,236.83636363636364,1303.3272727272727,0.0018946909090909092,0.01042661818181818,precursor_aborted,real_nm_pe1_002
2026-07-17T18:37:59+00:00,station1,0.0,0.675,1.282,0.0,445713.0363636363,8872297.690909091,3.5657042909090904,70.97838152727273,precursor_aborted,real_nm_pe1_002
2026-07-17T18:37:59+00:00,station2,0.0,0.778,1.385,0.0,8870933.254545454,446786.8545454545,70.96746603636363,3.5742948363636358,precursor_aborted,real_nm_pe1_002
2026-07-17T18:37:59+00:00,station3,0.0,0.173,0.796,0.0,194.8,1085.3454545454545,0.0015584000000000001,0.008682763636363635,precursor_aborted,real_nm_pe1_002
2026-07-17T18:38:14+00:00,station1,0.0,0.247,0.895,0.0,557278.9272727272,11106552.4,4.458231418181818,88.8524192,precursor_aborted,real_nm_pe1_002
2026-07-17T18:38:14+00:00,station2,0.0,0.466,1.255,0.0,11105212.054545455,558581.7636363636,88.84169643636363,4.468654109090909,precursor_aborted,real_nm_pe1_002
2026-07-17T18:38:14+00:00,station3,0.0,0.104,0.669,0.0,235.56363636363633,1303.8545454545454,0.0018845090909090907,0.010430836363636363,precursor_aborted,real_nm_pe1_002
2026-07-17T18:38:29+00:00,station1,0.0,0.096,0.963,0.0,485587.58931655786,9678395.483718477,3.884700714532463,77.42716386974782,precursor_aborted,real_nm_pe1_002
2026-07-17T18:38:29+00:00,station2,0.0,0.119,0.912,0.0,9677161.109090907,486694.8909090909,77.41728887272726,3.893559127272727,precursor_aborted,real_nm_pe1_002
2026-07-17T18:38:29+00:00,station3,0.0,0.04,0.65,0.0,196.2181818181818,1087.0545454545454,0.0015697454545454542,0.008696436363636362,precursor_aborted,real_nm_pe1_002
2026-07-17T18:38:44+00:00,station1,0.0,0.023,0.251,0.0,634610.7818181817,12672631.163636362,5.076886254545454,101.3810493090909,precursor_aborted,real_nm_pe1_002
2026-07-17T18:38:44+00:00,station2,0.0,0.039,0.201,0.0,12671074.345454544,635913.7454545455,101.36859476363635,5.087309963636364,precursor_aborted,real_nm_pe1_002
2026-07-17T18:38:44+00:00,station3,0.0,0.015,0.25,0.0,234.47272727272727,1304.9454545454544,0.001875781818181818,0.010439563636363634,precursor_aborted,real_nm_pe1_002
2026-07-17T18:38:59+00:00,station1,0.0,0.067,0.234,0.0,411056.309090909,8204855.763636363,3.288450472727272,65.6388461090909,precursor_aborted,real_nm_pe1_002
2026-07-17T18:38:59+00:00,station2,0.0,0.059,0.253,0.0,8203733.69090909,412141.61818181816,65.62986952727272,3.2971329454545453,precursor_aborted,real_nm_pe1_002
2026-07-17T18:38:59+00:00,station3,0.0,0.039,0.293,0.0,193.7090909090909,1087.4727272727273,0.001549672727272727,0.008699781818181818,precursor_aborted,real_nm_pe1_002
2026-07-17T18:39:14+00:00,station1,0.0,0.173,0.989,0.0,445860.63636363635,8883059.854545454,3.566885090909091,71.06447883636363,precursor_aborted,real_nm_pe1_002
2026-07-17T18:39:14+00:00,station2,0.0,0.276,0.892,0.0,8879888.818181818,447100.94545454544,71.03911054545455,3.5768075636363634,precursor_aborted,real_nm_pe1_002
2026-07-17T18:39:14+00:00,station3,0.0,0.128,2.352,0.0,234.47272727272727,1304.8727272727272,0.001875781818181818,0.010438981818181817,precursor_aborted,real_nm_pe1_002
2026-07-17T18:39:29+00:00,station1,0.0,1.342,1.932,0.0,333922.12727272726,6647364.6,2.671377018181818,53.178916799999996,precursor_aborted,real_nm_pe1_002
2026-07-17T18:39:29+00:00,station2,0.0,1.651,1.93,0.0,6645717.145454545,334995.70909090905,53.16573716363636,2.6799656727272723,precursor_aborted,real_nm_pe1_002
2026-07-17T18:39:29+00:00,station3,0.0,1.051,1.753,0.0,196.83636363636364,1088.3999999999999,0.0015746909090909092,0.008707199999999998,precursor_aborted,real_nm_pe1_002
2026-07-17T18:39:44+00:00,station1,0.0,1.086,1.567,0.0,482060.4545454545,9614076.581818182,3.856483636363636,76.91261265454546,precursor_aborted,real_nm_pe1_002
2026-07-17T18:39:44+00:00,station2,0.0,1.067,1.47,0.0,9612864.163636362,483382.34545454546,76.90291330909089,3.8670587636363636,precursor_aborted,real_nm_pe1_002
2026-07-17T18:39:44+00:00,station3,0.0,0.627,2.3,0.0,242.1090909090909,1308.0363636363634,0.0019368727272727271,0.010464290909090908,precursor_aborted,real_nm_pe1_002
2026-07-17T18:39:59+00:00,station1,0.0,0.211,0.872,0.0,558620.8909090909,11169861.98181818,4.468967127272727,89.35889585454544,precursor_aborted,real_nm_pe1_002
2026-07-17T18:39:59+00:00,station2,0.0,0.364,0.952,0.0,11168147.07272727,559706.4909090908,89.34517658181817,4.477651927272727,precursor_aborted,real_nm_pe1_002
2026-07-17T18:39:59+00:00,station3,0.0,0.2,1.799,0.0,201.34545454545454,1090.0181818181818,0.0016107636363636363,0.008720145454545454,precursor_aborted,real_nm_pe1_002
2026-07-17T18:40:14+00:00,station1,0.0,0.022,0.208,0.0,525361.7272727272,10503539.6,4.202893818181818,84.0283168,precursor_aborted,real_nm_pe1_002
2026-07-17T18:40:14+00:00,station2,0.0,0.019,0.305,0.0,10503627.654545454,526725.0181818182,84.02902123636363,4.213800145454545,precursor_aborted,real_nm_pe1_002
2026-07-17T18:40:14+00:00,station3,0.0,0.015,0.25,0.0,242.1090909090909,1307.2545454545455,0.0019368727272727271,0.010458036363636363,precursor_aborted,real_nm_pe1_002
2026-07-17T18:40:29+00:00,station1,0.0,0.194,0.98,0.0,333054.3626479518,6642764.877002236,2.6644349011836144,53.142119016017894,precursor_aborted,real_nm_pe1_002
2026-07-17T18:40:29+00:00,station2,0.0,0.043,0.779,0.0,6641569.363636363,334148.16363636364,53.132554909090906,2.673185309090909,precursor_aborted,real_nm_pe1_002
2026-07-17T18:40:29+00:00,station3,0.0,0.088,2.368,0.0,201.67272727272726,1089.2545454545455,0.001613381818181818,0.008714036363636364,precursor_aborted,real_nm_pe1_002
2026-07-17T18:40:44+00:00,station1,0.0,0.155,0.837,0.0,444953.0900561829,8877884.252440954,3.559624720449463,71.02307401952763,precursor_aborted,real_nm_pe1_002
2026-07-17T18:40:44+00:00,station2,0.0,0.161,0.794,0.0,8875862.927272728,446228.63636363635,71.00690341818182,3.569829090909091,precursor_aborted,real_nm_pe1_002
2026-07-17T18:40:44+00:00,station3,0.0,0.121,2.093,0.0,238.83636363636364,1305.0727272727272,0.0019106909090909091,0.010440581818181818,precursor_aborted,real_nm_pe1_002
2026-07-17T18:40:59+00:00,station1,0.0,1.264,1.6,0.0,366704.925185899,7309345.308437722,2.9336394014871923,58.474762467501776,precursor_aborted,real_nm_pe1_002
2026-07-17T18:40:59+00:00,station2,0.0,1.57,1.897,0.0,7308609.145454545,367808.8909090909,58.46887316363636,2.942471127272727,precursor_aborted,real_nm_pe1_002
2026-07-17T18:40:59+00:00,station3,0.0,0.573,1.817,0.0,198.07272727272726,1087.1818181818182,0.0015845818181818181,0.008697454545454546,precursor_aborted,real_nm_pe1_002
2026-07-17T18:41:14+00:00,station1,0.0,0.023,0.747,0.0,590470.5721922218,11778609.356533756,4.723764577537774,94.22887485227005,precursor_aborted,real_nm_pe1_002
2026-07-17T18:41:14+00:00,station2,0.0,0.165,0.776,0.0,11776797.4,591778.4909090908,94.2143792,4.734227927272727,precursor_aborted,real_nm_pe1_002
2026-07-17T18:41:14+00:00,station3,0.0,0.077,2.206,0.0,236.07272727272726,1305.381818181818,0.0018885818181818182,0.010443054545454545,precursor_aborted,real_nm_pe1_002
2026-07-17T18:41:29+00:00,station1,0.0,0.028,0.235,0.0,529022.6363636364,10569747.545454543,4.232181090909091,84.55798036363635,precursor_aborted,real_nm_pe1_002
2026-07-17T18:41:29+00:00,station2,0.0,0.038,0.243,0.0,10568519.618181817,530098.9272727272,84.54815694545454,4.240791418181818,precursor_aborted,real_nm_pe1_002
2026-07-17T18:41:29+00:00,station3,0.0,0.033,0.267,0.0,208.65454545454543,1096.090909090909,0.0016692363636363634,0.008768727272727272,precursor_aborted,real_nm_pe1_002
2026-07-17T18:41:44+00:00,station1,0.0,0.046,1.128,0.0,557180.7454545455,11109234.418181816,4.4574459636363635,88.87387534545452,precursor_aborted,real_nm_pe1_003
2026-07-17T18:41:44+00:00,station2,0.0,0.649,1.208,0.0,11107947.109090907,558478.9636363636,88.86357687272726,4.467831709090909,precursor_aborted,real_nm_pe1_003
2026-07-17T18:41:44+00:00,station3,0.0,0.077,0.728,0.0,240.9090909090909,1307.8363636363636,0.0019272727272727273,0.010462690909090909,precursor_aborted,real_nm_pe1_003
2026-07-17T18:41:59+00:00,station1,0.0,9.147,13.755,0.0,445757.6545454545,8875606.072727272,3.5660612363636357,71.00484858181818,precursor_aborted,real_nm_pe1_003
2026-07-17T18:41:59+00:00,station2,0.0,7.334,15.029,0.0,8874469.181818182,446796.7636363636,70.99575345454545,3.574374109090909,precursor_aborted,real_nm_pe1_003
2026-07-17T18:41:59+00:00,station3,0.0,9.181,13.755,0.0,200.14545454545453,1089.9999999999998,0.0016011636363636361,0.008719999999999999,precursor_aborted,real_nm_pe1_003
2026-07-17T18:42:14+00:00,station1,0.0,0.022,20.211,0.0,347923.7636363636,6899262.218181818,2.783390109090909,55.19409774545454,precursor_aborted,real_nm_pe1_003
2026-07-17T18:42:14+00:00,station2,0.0,0.013,20.204,0.0,6897881.981818181,349116.4727272727,55.18305585454545,2.7929317818181816,precursor_aborted,real_nm_pe1_003
2026-07-17T18:42:14+00:00,station3,0.0,0.013,20.232,0.0,243.67272727272726,1308.109090909091,0.0019493818181818181,0.010464872727272728,precursor_aborted,real_nm_pe1_003
2026-07-17T18:42:29+00:00,station1,0.0,0.13,20.366,0.0,243735.61337478866,4821319.1876215935,1.9498849069983093,38.57055350097275,precursor_aborted,real_nm_pe1_003
2026-07-17T18:42:29+00:00,station2,0.0,0.092,20.278,0.0,4820123.327272727,244724.34545454543,38.560986618181815,1.9577947636363635,precursor_aborted,real_nm_pe1_003
2026-07-17T18:42:29+00:00,station3,0.0,0.128,20.312,0.0,198.94545454545454,1088.9636363636362,0.0015915636363636363,0.008711709090909089,precursor_aborted,real_nm_pe1_003
2026-07-17T18:42:44+00:00,station1,0.0,0.072,0.236,0.0,151994.96363636365,2981399.6727272724,1.2159597090909091,23.851197381818178,precursor_aborted,real_nm_pe1_003
2026-07-17T18:42:44+00:00,station2,0.0,0.022,0.212,0.0,2979761.727272727,153179.83636363636,23.838093818181818,1.2254386909090909,precursor_aborted,real_nm_pe1_003
2026-07-17T18:42:44+00:00,station3,0.0,0.032,0.311,0.0,236.1090909090909,1303.9818181818182,0.001888872727272727,0.010431854545454545,precursor_aborted,real_nm_pe1_003
2026-07-17T18:42:59+00:00,station1,0.0,0.104,0.857,0.0,65833.91211068889,1281191.1056162615,0.5266712968855112,10.249528844930092,precursor_aborted,real_nm_pe1_003
2026-07-17T18:42:59+00:00,station2,0.0,0.067,0.732,0.0,1280045.9454545453,66935.23636363636,10.240367563636363,0.5354818909090908,precursor_aborted,real_nm_pe1_003
2026-07-17T18:42:59+00:00,station3,0.0,0.27,2.496,0.0,196.98181818181817,1087.7272727272727,0.0015758545454545453,0.008701818181818182,precursor_aborted,real_nm_pe1_003
2026-07-17T18:43:14+00:00,station1,0.0,0.52,1.104,0.0,274057.0363636363,5670413.363636363,2.1924562909090906,45.36330690909091,precursor_aborted,real_nm_pe1_003
2026-07-17T18:43:14+00:00,station2,0.0,0.171,0.846,0.0,5668934.345454545,275369.21818181814,45.35147476363636,2.202953745454545,precursor_aborted,real_nm_pe1_003
2026-07-17T18:43:14+00:00,station3,0.0,0.242,2.021,0.0,237.74545454545452,1305.9272727272726,0.0019019636363636363,0.01044741818181818,precursor_aborted,real_nm_pe1_003
2026-07-17T18:43:29+00:00,station1,0.0,0.155,0.996,0.0,355543.0,7417055.090909091,2.844344,59.33644072727272,precursor_aborted,real_nm_pe1_003
2026-07-17T18:43:29+00:00,station2,0.0,0.416,1.099,0.0,7416099.218181818,356664.9636363636,59.32879374545454,2.853319709090909,precursor_aborted,real_nm_pe1_003
2026-07-17T18:43:29+00:00,station3,0.0,0.11,2.463,0.0,205.49090909090907,1093.9454545454544,0.0016439272727272725,0.008751563636363636,precursor_aborted,real_nm_pe1_003
2026-07-17T18:43:44+00:00,station1,0.0,0.415,1.084,0.0,567708.6727272726,11885447.47272727,4.541669381818181,95.08357978181817,precursor_aborted,real_nm_pe1_003
2026-07-17T18:43:44+00:00,station2,0.0,0.659,1.14,0.0,11883954.854545454,569049.0545454546,95.07163883636363,4.552392436363636,precursor_aborted,real_nm_pe1_003
2026-07-17T18:43:44+00:00,station3,0.0,0.198,2.76,0.0,241.0181818181818,1309.8545454545454,0.0019281454545454545,0.010478836363636362,precursor_aborted,real_nm_pe1_003
2026-07-17T18:43:59+00:00,station1,0.0,0.01,0.229,0.0,498694.3691932874,10463851.784513008,3.9895549535462993,83.71081427610406,precursor_aborted,real_nm_pe1_003
2026-07-17T18:43:59+00:00,station2,0.0,0.022,0.183,0.0,10462919.0,499787.8363636363,83.703352,3.9983026909090906,precursor_aborted,real_nm_pe1_003
2026-07-17T18:43:59+00:00,station3,0.0,0.028,0.255,0.0,205.09090909090907,1091.5636363636363,0.0016407272727272724,0.00873250909090909,precursor_aborted,real_nm_pe1_003
2026-07-17T18:44:14+00:00,station1,0.0,0.365,2.351,0.0,423954.4545454545,8875846.054545455,3.391635636363636,71.00676843636364,precursor_aborted,real_nm_pe1_003
2026-07-17T18:44:14+00:00,station2,0.0,0.127,2.774,0.0,8874218.563636363,425247.69090909086,70.9937485090909,3.401981527272727,precursor_aborted,real_nm_pe1_003
2026-07-17T18:44:14+00:00,station3,0.0,0.038,0.287,0.0,242.76363636363632,1310.3272727272727,0.0019421090909090906,0.010482618181818181,precursor_aborted,real_nm_pe1_003
2026-07-17T18:44:29+00:00,station1,0.0,0.323,2.072,0.0,317701.6545454545,6640813.981818181,2.5416132363636357,53.12651185454545,precursor_aborted,real_nm_pe1_003
2026-07-17T18:44:29+00:00,station2,0.0,0.117,1.906,0.0,6639272.927272727,318771.0909090909,53.11418341818182,2.550168727272727,precursor_aborted,real_nm_pe1_003
2026-07-17T18:44:29+00:00,station3,0.0,0.0,823.677,90.0,192.6181818181818,1094.3272727272727,0.0015409454545454544,0.00875461818181818,precursor_aborted,real_nm_pe1_003
2026-07-17T18:44:44+00:00,station1,0.0,0.126,1.971,0.0,426502.21818181814,8876514.2,3.4120177454545453,71.01211359999999,precursor_aborted,real_nm_pe1_003
2026-07-17T18:44:44+00:00,station2,0.0,0.249,1.876,0.0,8875010.745454544,427770.94545454544,71.00008596363635,3.4221675636363633,precursor_aborted,real_nm_pe1_003
2026-07-17T18:44:44+00:00,station3,0.0,2789.671,4496.854,0.0,284.50909090909084,1354.4181818181817,0.002276072727272727,0.010835345454545453,precursor_aborted,real_nm_pe1_003
2026-07-17T18:44:59+00:00,station1,0.0,0.311,2.594,0.0,461007.2727272727,9583959.454545455,3.6880581818181817,76.67167563636364,precursor_aborted,real_nm_pe1_003
2026-07-17T18:44:59+00:00,station2,0.0,0.975,3.356,0.0,9582518.836363636,462055.6545454545,76.66015069090909,3.696445236363636,precursor_aborted,real_nm_pe1_003
2026-07-17T18:44:59+00:00,station3,0.0,2790.74,4489.409,0.0,229.78181818181818,1136.4727272727273,0.0018382545454545453,0.009091781818181818,precursor_aborted,real_nm_pe1_003
2026-07-17T18:45:14+00:00,station1,0.0,0.031,0.249,0.0,612190.5489190712,12766235.222458592,4.89752439135257,102.12988177966874,precursor_aborted,real_nm_pe1_003
2026-07-17T18:45:14+00:00,station2,0.0,0.032,0.186,0.0,12764516.581818182,613452.6909090909,102.11613265454545,4.9076215272727275,precursor_aborted,real_nm_pe1_003
2026-07-17T18:45:14+00:00,station3,0.0,0.01,0.253,0.0,280.72727272727275,1350.3090909090906,0.002245818181818182,0.010802472727272725,precursor_aborted,real_nm_pe1_003
2026-07-17T18:45:29+00:00,station1,0.0,0.047,0.242,0.0,398228.8,8297583.418181818,3.1858304,66.38066734545454,precursor_aborted,real_nm_pe1_003
2026-07-17T18:45:29+00:00,station2,0.0,0.067,0.248,0.0,8296225.418181818,399307.21818181814,66.36980334545454,3.194457745454545,precursor_aborted,real_nm_pe1_003
2026-07-17T18:45:29+00:00,station3,0.0,0.044,0.263,0.0,207.85454545454544,1087.9454545454544,0.0016628363636363636,0.008703563636363635,precursor_aborted,real_nm_pe1_003
2026-07-17T18:45:44+00:00,station1,0.0,0.299,0.925,0.0,431402.8545454545,8879619.290909091,3.451222836363636,71.03695432727272,precursor_aborted,real_nm_pe1_003
2026-07-17T18:45:44+00:00,station2,0.0,0.552,1.103,0.0,8877897.854545454,432691.7636363636,71.02318283636363,3.461534109090909,precursor_aborted,real_nm_pe1_003
2026-07-17T18:45:44+00:00,station3,0.0,0.273,0.861,0.0,240.87272727272727,1305.6,0.0019269818181818182,0.010444799999999999,precursor_aborted,real_nm_pe1_003
2026-07-17T18:45:59+00:00,station1,0.0,0.12,0.843,0.0,328008.8909090909,6646033.8545454545,2.624071127272727,53.16827083636364,precursor_aborted,real_nm_pe1_003
2026-07-17T18:45:59+00:00,station2,0.0,0.066,0.84,0.0,6644492.236363635,329092.67272727273,53.15593789090909,2.6327413818181817,precursor_aborted,real_nm_pe1_003
2026-07-17T18:45:59+00:00,station3,0.0,0.016,0.616,0.0,208.6181818181818,1086.090909090909,0.0016689454545454545,0.008688727272727272,precursor_aborted,real_nm_pe1_003
2026-07-17T18:46:14+00:00,station1,0.0,0.179,0.871,0.0,474640.125825045,9520845.591577722,3.79712100660036,76.16676473262177,precursor_aborted,real_nm_pe1_003
2026-07-17T18:46:14+00:00,station2,0.0,0.319,0.981,0.0,9518711.036363635,475911.10909090907,76.14968829090908,3.8072888727272725,precursor_aborted,real_nm_pe1_003
2026-07-17T18:46:14+00:00,station3,0.0,0.085,0.671,0.0,240.07272727272726,1305.0,0.001920581818181818,0.01044,precursor_aborted,real_nm_pe1_003
2026-07-17T18:46:29+00:00,station1,0.0,0.144,0.714,0.0,555507.1728576884,11169801.014563901,4.444057382861507,89.35840811651121,precursor_aborted,real_nm_pe1_003
2026-07-17T18:46:29+00:00,station2,0.0,0.229,0.913,0.0,11168431.545454543,556602.4727272727,89.34745236363635,4.452819781818182,precursor_aborted,real_nm_pe1_003
2026-07-17T18:46:29+00:00,station3,0.0,0.036,0.66,0.0,196.54545454545453,1084.6181818181817,0.0015723636363636363,0.008676945454545454,precursor_aborted,real_nm_pe1_003
2026-07-17T18:46:44+00:00,station1,0.0,1.352,1.827,0.0,553663.109090909,11108997.709090909,4.429304872727272,88.87198167272727,precursor_aborted,real_nm_pe1_003
2026-07-17T18:46:44+00:00,station2,0.0,1.546,1.942,0.0,11107532.963636363,554968.509090909,88.8602637090909,4.439748072727272,precursor_aborted,real_nm_pe1_003
2026-07-17T18:46:44+00:00,station3,0.0,0.103,0.784,0.0,236.65454545454543,1303.5272727272725,0.0018932363636363634,0.01042821818181818,precursor_aborted,real_nm_pe1_003
2026-07-17T18:46:59+00:00,station1,0.0,0.139,0.767,0.0,443157.39999999997,8874155.6,3.5452592,70.9932448,precursor_aborted,real_nm_pe1_003
2026-07-17T18:46:59+00:00,station2,0.0,0.06,0.807,0.0,8872745.181818182,444233.9636363636,70.98196145454546,3.553871709090909,precursor_aborted,real_nm_pe1_003
2026-07-17T18:46:59+00:00,station3,0.0,0.163,0.842,0.0,198.4,1087.5454545454545,0.0015872,0.008700363636363636,precursor_aborted,real_nm_pe1_003
2026-07-17T18:47:14+00:00,station1,0.0,0.514,1.06,0.0,556238.0502172688,11108099.180014908,4.44990440173815,88.86479344011927,precursor_aborted,real_nm_pe1_003
2026-07-17T18:47:14+00:00,station2,0.0,0.637,1.204,0.0,11106835.763636362,557564.8727272727,88.85468610909089,4.460518981818182,precursor_aborted,real_nm_pe1_003
2026-07-17T18:47:14+00:00,station3,0.0,0.124,0.718,0.0,235.56363636363633,1303.2,0.0018845090909090907,0.0104256,precursor_aborted,real_nm_pe1_003
2026-07-17T18:47:29+00:00,station1,0.0,0.053,0.756,0.0,474810.0830863771,9452616.457284149,3.798480664691017,75.6209316582732,precursor_aborted,real_nm_pe1_003
2026-07-17T18:47:29+00:00,station2,0.0,1.094,1.559,0.0,9451800.163636362,475935.8181818182,75.6144013090909,3.8074865454545455,precursor_aborted,real_nm_pe1_003
2026-07-17T18:47:29+00:00,station3,0.0,0.236,0.882,0.0,195.45454545454544,1085.4181818181817,0.0015636363636363636,0.008683345454545454,precursor_aborted,real_nm_pe1_003
2026-07-17T18:47:44+00:00,station1,0.0,0.039,0.28,0.0,646247.3955019,12890432.083053034,5.1699791640152,103.12345666442427,precursor_aborted,real_nm_pe1_003
2026-07-17T18:47:44+00:00,station2,0.0,0.043,0.192,0.0,12889340.236363636,647571.0727272726,103.1147218909091,5.180568581818181,precursor_aborted,real_nm_pe1_003
2026-07-17T18:47:44+00:00,station3,0.0,0.009,0.281,0.0,235.56363636363633,1303.5636363636363,0.0018845090909090907,0.01042850909090909,precursor_aborted,real_nm_pe1_003
2026-07-17T18:47:59+00:00,station1,0.0,0.155,0.932,0.0,445233.8363636363,8866243.163636362,3.5618706909090903,70.9299453090909,precursor_aborted,real_nm_pe1_004
2026-07-17T18:47:59+00:00,station2,0.0,0.179,0.833,0.0,8864856.49090909,446317.90909090906,70.91885192727273,3.5705432727272726,precursor_aborted,real_nm_pe1_004
2026-07-17T18:47:59+00:00,station3,0.0,0.316,1.036,0.0,198.94545454545454,1088.5272727272727,0.0015915636363636363,0.008708218181818182,precursor_aborted,real_nm_pe1_004
2026-07-17T18:48:14+00:00,station1,0.0,0.033,20.232,0.0,394972.34545454546,7842249.581818181,3.1597787636363637,62.73799665454545,precursor_aborted,real_nm_pe1_004
2026-07-17T18:48:14+00:00,station2,0.0,0.004,20.219,0.0,7840848.236363635,396179.0909090909,62.726785890909085,3.169432727272727,precursor_aborted,real_nm_pe1_004
2026-07-17T18:48:14+00:00,station3,0.0,0.008,20.231,0.0,235.56363636363633,1305.2545454545455,0.0018845090909090907,0.010442036363636364,precursor_aborted,real_nm_pe1_004
2026-07-17T18:48:29+00:00,station1,0.0,0.026,20.178,0.0,176030.63636363635,3461093.3999999994,1.408245090909091,27.688747199999995,precursor_aborted,real_nm_pe1_004
2026-07-17T18:48:29+00:00,station2,0.0,0.027,20.215,25.0,3459747.2545454544,177001.83636363636,27.677978036363637,1.416014690909091,precursor_aborted,real_nm_pe1_004
2026-07-17T18:48:29+00:00,station3,0.0,0.019,20.23,0.0,195.45454545454544,1086.9090909090908,0.0015636363636363636,0.008695272727272727,precursor_aborted,real_nm_pe1_004
2026-07-17T18:48:44+00:00,station1,0.0,0.4,1.061,0.0,144744.92727272725,2813929.727272727,1.157959418181818,22.511437818181818,precursor_aborted,real_nm_pe1_004
2026-07-17T18:48:44+00:00,station2,0.0,0.142,0.969,0.0,2812331.8727272726,145788.23636363636,22.49865498181818,1.1663058909090909,precursor_aborted,real_nm_pe1_004
2026-07-17T18:48:44+00:00,station3,0.0,0.195,2.293,0.0,235.56363636363633,1306.1272727272726,0.0018845090909090907,0.010449018181818181,precursor_aborted,real_nm_pe1_004
2026-07-17T18:48:59+00:00,station1,0.0,0.032,0.195,0.0,154034.27335042457,3031834.4878997803,1.2322741868033966,24.254675903198244,precursor_aborted,real_nm_pe1_004
2026-07-17T18:48:59+00:00,station2,0.0,0.053,0.221,0.0,3030519.9454545453,155094.63636363635,24.244159563636362,1.2407570909090908,precursor_aborted,real_nm_pe1_004
2026-07-17T18:48:59+00:00,station3,0.0,0.031,0.205,0.0,198.94545454545454,1091.2181818181818,0.0015915636363636363,0.008729745454545454,precursor_aborted,real_nm_pe1_004
2026-07-17T18:49:14+00:00,station1,0.0,0.95,1.591,0.0,181781.92098612804,3582635.365343709,1.4542553678890242,28.66108292274967,precursor_aborted,real_nm_pe1_004
2026-07-17T18:49:14+00:00,station2,0.0,1.35,1.8,0.0,3581328.309090909,183080.12727272726,28.65062647272727,1.4646410181818181,precursor_aborted,real_nm_pe1_004
2026-07-17T18:49:14+00:00,station3,0.0,0.184,0.702,0.0,233.9272727272727,1301.6363636363635,0.0018714181818181817,0.010413090909090908,precursor_aborted,real_nm_pe1_004
2026-07-17T18:49:29+00:00,station1,0.0,0.151,0.838,0.0,283408.5933522438,5653989.235580769,2.2672687468179507,45.231913884646154,precursor_aborted,real_nm_pe1_004
2026-07-17T18:49:29+00:00,station2,0.0,0.093,0.915,0.0,5652334.672727272,284457.10909090907,45.218677381818175,2.2756568727272724,precursor_aborted,real_nm_pe1_004
2026-07-17T18:49:29+00:00,station3,0.0,0.057,0.671,0.0,195.45454545454544,1083.7454545454543,0.0015636363636363636,0.008669963636363635,precursor_aborted,real_nm_pe1_004
2026-07-17T18:49:44+00:00,station1,0.0,0.163,0.968,0.0,454920.11054344464,9122128.815839712,3.639360884347557,72.9770305267177,precursor_aborted,real_nm_pe1_004
2026-07-17T18:49:44+00:00,station2,0.0,0.035,0.794,0.0,9120887.109090907,456383.72727272724,72.96709687272725,3.651069818181818,precursor_aborted,real_nm_pe1_004
2026-07-17T18:49:44+00:00,station3,0.0,0.216,0.882,0.0,235.56363636363633,1302.1636363636362,0.0018845090909090907,0.010417309090909089,precursor_aborted,real_nm_pe1_004
2026-07-17T18:49:59+00:00,station1,0.0,1.275,1.676,0.0,475928.02210788504,9557985.255349709,3.8074241768630803,76.46388204279766,precursor_aborted,real_nm_pe1_004
2026-07-17T18:49:59+00:00,station2,0.0,1.403,1.684,0.0,9557404.563636363,477062.23636363633,76.4592365090909,3.8164978909090905,precursor_aborted,real_nm_pe1_004
2026-07-17T18:49:59+00:00,station3,0.0,0.103,0.698,0.0,198.94545454545454,1088.3999999999999,0.0015915636363636363,0.008707199999999998,precursor_aborted,real_nm_pe1_004
2026-07-17T18:50:14+00:00,station1,0.0,0.041,0.235,0.0,635320.8058328333,12781895.198094511,5.082566446662666,102.2551615847561,precursor_aborted,real_nm_pe1_004
2026-07-17T18:50:14+00:00,station2,0.0,0.021,0.234,0.0,12780153.581818182,636635.1454545454,102.24122865454545,5.093081163636363,precursor_aborted,real_nm_pe1_004
2026-07-17T18:50:14+00:00,station3,0.0,0.025,0.297,0.0,235.56363636363633,1303.4,0.0018845090909090907,0.010427200000000001,precursor_aborted,real_nm_pe1_004
2026-07-17T18:50:29+00:00,station1,0.0,0.356,2.071,0.0,440654.9636363636,8867765.2,3.525239709090909,70.9421216,precursor_aborted,real_nm_pe1_004
2026-07-17T18:50:29+00:00,station2,0.0,1.242,2.956,0.0,8866244.999999998,441756.0545454545,70.92995999999998,3.534048436363636,precursor_aborted,real_nm_pe1_004
2026-07-17T18:50:29+00:00,station3,0.0,826.955,1135.133,0.0,195.0181818181818,1085.890909090909,0.0015601454545454544,0.008687127272727272,precursor_aborted,real_nm_pe1_004
2026-07-17T18:50:44+00:00,station1,0.0,0.168,2.398,0.0,543674.1035711687,11102787.82093243,4.34939282856935,88.82230256745943,precursor_aborted,real_nm_pe1_004
2026-07-17T18:50:44+00:00,station2,0.0,0.049,2.293,0.0,11100644.49090909,544959.7818181817,88.80515592727272,4.359678254545454,precursor_aborted,real_nm_pe1_004
2026-07-17T18:50:44+00:00,station3,0.0,1746.005,3272.629,0.0,226.58181818181816,1305.4363636363635,0.0018126545454545454,0.010443490909090908,precursor_aborted,real_nm_pe1_004
2026-07-17T18:50:59+00:00,station1,0.0,0.473,2.582,0.0,428595.43247813516,8868218.611924287,3.428763459825081,70.94574889539429,precursor_aborted,real_nm_pe1_004
2026-07-17T18:50:59+00:00,station2,0.0,0.156,2.195,0.0,8866167.545454545,429670.2545454545,70.92934036363636,3.4373620363636364,precursor_aborted,real_nm_pe1_004
2026-07-17T18:50:59+00:00,station3,0.0,1746.005,3272.629,0.0,194.14545454545453,1090.4363636363637,0.0015531636363636362,0.008723490909090909,precursor_aborted,real_nm_pe1_004
2026-07-17T18:51:14+00:00,station1,0.0,0.207,2.096,0.0,562810.0545454546,11721724.654545454,4.502480436363636,93.77379723636363,precursor_aborted,real_nm_pe1_004
2026-07-17T18:51:14+00:00,station2,0.0,0.194,2.5,0.0,11720129.0,564120.7454545455,93.761032,4.512965963636364,precursor_aborted,real_nm_pe1_004
2026-07-17T18:51:14+00:00,station3,0.0,1743.121,3278.384,0.0,235.1272727272727,1305.7272727272725,0.0018810181818181815,0.01044581818181818,precursor_aborted,real_nm_pe1_004
2026-07-17T18:51:29+00:00,station1,0.0,0.026,0.247,0.0,509596.0688764842,10622918.850119097,4.076768551011873,84.98335080095278,precursor_aborted,real_nm_pe1_004
2026-07-17T18:51:29+00:00,station2,0.0,0.059,0.257,0.0,10620956.018181818,510644.39999999997,84.96764814545455,4.0851552,precursor_aborted,real_nm_pe1_004
2026-07-17T18:51:29+00:00,station3,0.0,0.051,0.252,0.0,200.8,1084.581818181818,0.0016064,0.008676654545454545,precursor_aborted,real_nm_pe1_004
2026-07-17T18:51:44+00:00,station1,0.0,0.839,1.314,0.0,533985.6545454545,11107461.781818181,4.271885236363636,88.85969425454545,precursor_aborted,real_nm_pe1_004
2026-07-17T18:51:44+00:00,station2,0.0,0.829,1.284,0.0,11105782.236363636,535294.8909090909,88.84625789090909,4.282359127272727,precursor_aborted,real_nm_pe1_004
2026-07-17T18:51:44+00:00,station3,0.0,0.619,1.188,0.0,245.6363636363636,1305.4727272727273,0.001965090909090909,0.010443781818181818,precursor_aborted,real_nm_pe1_004
2026-07-17T18:51:59+00:00,station1,0.0,0.137,0.906,0.0,427236.16363636364,8874676.272727272,3.417889309090909,70.99741018181817,precursor_aborted,real_nm_pe1_004
2026-07-17T18:51:59+00:00,station2,0.0,0.057,0.753,0.0,8872821.872727271,428302.0181818182,70.98257498181817,3.4264161454545454,precursor_aborted,real_nm_pe1_004
2026-07-17T18:51:59+00:00,station3,0.0,0.049,0.6,0.0,201.56363636363633,1091.3454545454545,0.0016125090909090906,0.008730763636363636,precursor_aborted,real_nm_pe1_004
2026-07-17T18:52:14+00:00,station1,0.0,0.06,0.769,0.0,533786.1636363636,11108691.6,4.270289309090908,88.8695328,precursor_aborted,real_nm_pe1_004
2026-07-17T18:52:14+00:00,station2,0.0,0.212,0.874,0.0,11107765.98181818,535101.3818181817,88.86212785454545,4.280811054545453,precursor_aborted,real_nm_pe1_004
2026-07-17T18:52:14+00:00,station3,0.0,0.07,0.671,0.0,238.18181818181816,1306.8363636363636,0.0019054545454545452,0.01045469090909091,precursor_aborted,real_nm_pe1_004
2026-07-17T18:52:29+00:00,station1,0.0,0.1,0.855,0.0,535264.9636363636,11171405.781818181,4.282119709090909,89.37124625454545,precursor_aborted,real_nm_pe1_004
2026-07-17T18:52:29+00:00,station2,0.0,0.329,1.076,0.0,11169926.345454544,536359.1454545454,89.35941076363635,4.2908731636363635,precursor_aborted,real_nm_pe1_004
2026-07-17T18:52:29+00:00,station3,0.0,0.191,0.724,0.0,194.9090909090909,1085.5454545454545,0.0015592727272727273,0.008684363636363636,precursor_aborted,real_nm_pe1_004
2026-07-17T18:52:44+00:00,station1,0.0,0.146,0.632,0.0,531236.2363636363,11064553.872727271,4.249889890909091,88.51643098181817,precursor_aborted,real_nm_pe1_004
2026-07-17T18:52:44+00:00,station2,0.0,0.457,1.212,0.0,11063059.872727271,532541.9454545454,88.50447898181817,4.260335563636364,precursor_aborted,real_nm_pe1_004
2026-07-17T18:52:44+00:00,station3,0.0,0.408,1.018,0.0,236.65454545454543,1306.8727272727272,0.0018932363636363634,0.010454981818181818,precursor_aborted,real_nm_pe1_004
2026-07-17T18:52:59+00:00,station1,0.0,0.18,0.823,0.0,423689.96236568916,8829050.34270858,3.3895196989255134,70.63240274166864,precursor_aborted,real_nm_pe1_004
2026-07-17T18:52:59+00:00,station2,0.0,0.117,0.743,0.0,8828322.018181818,424794.8545454545,70.62657614545454,3.398358836363636,precursor_aborted,real_nm_pe1_004
2026-07-17T18:52:59+00:00,station3,0.0,0.051,0.85,0.0,200.03636363636363,1091.4181818181817,0.001600290909090909,0.008731345454545453,precursor_aborted,real_nm_pe1_004
2026-07-17T18:53:14+00:00,station1,0.0,0.125,0.645,0.0,530955.3082783323,11064986.490663467,4.247642466226659,88.51989192530773,precursor_aborted,real_nm_pe1_004
2026-07-17T18:53:14+00:00,station2,0.0,0.099,0.927,0.0,11062774.636363635,532243.8363636363,88.50219709090908,4.25795069090909,precursor_aborted,real_nm_pe1_004
2026-07-17T18:53:14+00:00,station3,0.0,0.154,0.738,0.0,236.65454545454543,1305.0,0.0018932363636363634,0.01044,precursor_aborted,real_nm_pe1_004
2026-07-17T18:53:29+00:00,station1,0.0,0.088,0.915,0.0,446987.14545454545,9310198.018181818,3.5758971636363635,74.48158414545455,precursor_aborted,real_nm_pe1_004
2026-07-17T18:53:29+00:00,station2,0.0,0.189,0.823,0.0,9309072.018181818,448088.10909090907,74.47257614545454,3.5847048727272726,precursor_aborted,real_nm_pe1_004
2026-07-17T18:53:29+00:00,station3,0.0,0.232,0.791,0.0,194.9090909090909,1083.3454545454545,0.0015592727272727273,0.008666763636363636,precursor_aborted,real_nm_pe1_004
2026-07-17T18:53:44+00:00,station1,0.0,0.031,0.217,0.0,624167.618181818,13036618.054545455,4.993340945454545,104.29294443636364,precursor_aborted,real_nm_pe1_004
2026-07-17T18:53:44+00:00,station2,0.0,0.045,0.179,0.0,13035160.563636363,625471.1818181818,104.2812845090909,5.003769454545454,precursor_aborted,real_nm_pe1_004
2026-07-17T18:53:44+00:00,station3,0.0,0.017,0.301,0.0,236.65454545454543,1302.9636363636362,0.0018932363636363634,0.010423709090909089,precursor_aborted,real_nm_pe1_004
2026-07-17T18:53:59+00:00,station1,0.0,0.14,1.895,0.0,425787.69090909086,8861989.527272727,3.406301527272727,70.89591621818182,precursor_aborted,real_nm_pe1_004
2026-07-17T18:53:59+00:00,station2,0.0,0.124,2.101,0.0,8860652.418181818,426859.99999999994,70.88521934545454,3.4148799999999997,precursor_aborted,real_nm_pe1_004
2026-07-17T18:53:59+00:00,station3,0.0,833.991,1123.105,0.0,200.03636363636363,1088.4181818181817,0.001600290909090909,0.008707345454545453,precursor_aborted,real_nm_pe1_004
2026-07-17T18:54:14+00:00,station1,0.0,0.234,1.741,0.0,542579.6545454545,11095828.254545454,4.340637236363636,88.76662603636363,precursor_aborted,real_nm_pe1_004
2026-07-17T18:54:14+00:00,station2,0.0,0.316,1.673,0.0,11094540.127272727,543878.7818181817,88.75632101818182,4.351030254545454,precursor_aborted,real_nm_pe1_004
2026-07-17T18:54:14+00:00,station3,0.0,2343.584,6422.347,20.0,240.58181818181816,1307.7454545454543,0.0019246545454545453,0.010461963636363635,precursor_aborted,real_nm_pe1_004
2026-07-17T18:54:29+00:00,station1,0.0,0.12,2.259,0.0,440079.7636363636,8862322.854545454,3.5206381090909087,70.89858283636363,precursor_aborted,real_nm_pe1_004
2026-07-17T18:54:29+00:00,station2,0.0,0.043,1.544,0.0,8861064.6,441153.98181818175,70.88851679999999,3.529231854545454,precursor_aborted,real_nm_pe1_004
2026-07-17T18:54:29+00:00,station3,0.0,1446.469,2951.322,0.0,198.29090909090908,1090.7636363636364,0.0015863272727272726,0.00872610909090909,precursor_aborted,real_nm_pe1_004
2026-07-17T18:54:44+00:00,station1,0.0,0.058,1.686,0.0,574884.709090909,11464150.07272727,4.5990776727272715,91.71320058181816,precursor_aborted,real_nm_pe1_004
2026-07-17T18:54:44+00:00,station2,0.0,0.385,2.275,0.0,11462398.963636363,576189.7818181817,91.6991917090909,4.609518254545454,precursor_aborted,real_nm_pe1_004
2026-07-17T18:54:44+00:00,station3,0.0,830.006,1130.825,0.0,245.38181818181818,1310.6545454545453,0.0019630545454545453,0.010485236363636363,precursor_aborted,real_nm_pe1_004
2026-07-17T18:54:59+00:00,station1,0.0,0.043,0.238,0.0,545097.2545454545,10885045.054545455,4.360778036363636,87.08036043636363,precursor_aborted,real_nm_pe1_004
2026-07-17T18:54:59+00:00,station2,0.0,0.022,0.183,0.0,10883789.654545454,546180.6909090909,87.07031723636364,4.3694455272727275,precursor_aborted,real_nm_pe1_004
2026-07-17T18:54:59+00:00,station3,0.0,0.006,0.263,0.0,216.83636363636364,1097.5454545454545,0.0017346909090909092,0.008780363636363636,precursor_aborted,real_nm_pe1_004
2026-07-17T18:55:14+00:00,station1,0.0,0.333,20.42,0.0,435387.18181818177,8676187.49090909,3.483097454545454,69.40949992727272,precursor_aborted,real_nm_pe1_005
2026-07-17T18:55:14+00:00,station2,0.0,0.096,20.319,0.0,8674517.618181817,436584.43636363634,69.39614094545453,3.492675490909091,precursor_aborted,real_nm_pe1_005
2026-07-17T18:55:14+00:00,station3,0.0,0.017,20.257,0.0,245.99999999999997,1310.8181818181815,0.0019679999999999997,0.010486545454545452,precursor_aborted,real_nm_pe1_005
2026-07-17T18:55:29+00:00,station1,0.0,0.08,20.246,0.0,216845.82659127685,4305393.523989601,1.7347666127302148,34.443148191916805,precursor_aborted,real_nm_pe1_005
2026-07-17T18:55:29+00:00,station2,0.0,0.023,20.206,0.0,4304348.127272727,217838.43636363637,34.43478501818181,1.742707490909091,precursor_aborted,real_nm_pe1_005
2026-07-17T18:55:29+00:00,station3,0.0,0.143,20.349,0.0,205.89090909090908,1092.2727272727273,0.0016471272727272726,0.008738181818181819,precursor_aborted,real_nm_pe1_005
2026-07-17T18:55:44+00:00,station1,0.0,0.082,20.233,0.0,114123.29315078458,2236951.1627484136,0.9129863452062766,17.89560930198731,precursor_aborted,real_nm_pe1_005
2026-07-17T18:55:44+00:00,station2,0.0,0.022,20.232,0.0,2235682.018181818,115328.3818181818,17.885456145454544,0.9226270545454545,precursor_aborted,real_nm_pe1_005
2026-07-17T18:55:44+00:00,station3,0.0,0.001,20.243,0.0,240.1090909090909,1308.0,0.0019208727272727272,0.010464,precursor_aborted,real_nm_pe1_005
2026-07-17T18:55:59+00:00,station1,0.0,0.012,20.197,0.0,20987.581818181814,370992.2727272727,0.16790065454545453,2.9679381818181816,precursor_aborted,real_nm_pe1_005
2026-07-17T18:55:59+00:00,station2,0.0,0.069,20.257,0.0,369745.14545454545,21985.854545454546,2.9579611636363636,0.17588683636363636,precursor_aborted,real_nm_pe1_005
2026-07-17T18:55:59+00:00,station3,0.0,0.539,20.646,0.0,198.94545454545454,1089.4363636363637,0.0015915636363636363,0.00871549090909091,precursor_aborted,real_nm_pe1_005
2026-07-17T18:56:14+00:00,station1,0.0,0.048,0.204,0.0,188968.9460191633,3783244.6682787584,1.5117515681533065,30.265957346230067,precursor_aborted,real_nm_pe1_005
2026-07-17T18:56:14+00:00,station2,0.0,0.007,0.238,0.0,3781880.0181818176,190277.92727272725,30.25504014545454,1.522223418181818,precursor_aborted,real_nm_pe1_005
2026-07-17T18:56:14+00:00,station3,0.0,0.02,0.214,0.0,234.47272727272727,1304.4181818181817,0.001875781818181818,0.010435345454545454,precursor_aborted,real_nm_pe1_005
2026-07-17T18:56:29+00:00,station1,0.0,0.064,0.221,0.0,179059.34653357335,3598019.0185276098,1.4324747722685869,28.78415214822088,precursor_aborted,real_nm_pe1_005
2026-07-17T18:56:29+00:00,station2,0.0,0.026,0.226,0.0,3596749.7999999993,180129.47272727272,28.773998399999996,1.4410357818181818,precursor_aborted,real_nm_pe1_005
2026-07-17T18:56:29+00:00,station3,0.0,0.03,0.313,0.0,195.45454545454544,1086.5636363636363,0.0015636363636363636,0.00869250909090909,precursor_aborted,real_nm_pe1_005
2026-07-17T18:56:44+00:00,station1,0.0,0.159,0.813,0.0,304172.6,6101585.436363636,2.4333807999999997,48.81268349090909,precursor_aborted,real_nm_pe1_005
2026-07-17T18:56:44+00:00,station2,0.0,0.126,0.774,0.0,6100160.381818181,305460.4909090909,48.80128305454545,2.443683927272727,precursor_aborted,real_nm_pe1_005
2026-07-17T18:56:44+00:00,station3,0.0,0.006,0.632,0.0,233.9272727272727,1303.7454545454543,0.0018714181818181817,0.010429963636363634,precursor_aborted,real_nm_pe1_005
2026-07-17T18:56:59+00:00,station1,0.0,0.026,0.88,0.0,331325.04863547935,6647838.493845566,2.6506003890838348,53.18270795076453,precursor_aborted,real_nm_pe1_005
2026-07-17T18:56:59+00:00,station2,0.0,0.164,0.968,0.0,6646928.818181817,332415.32727272727,53.17543054545454,2.659322618181818,precursor_aborted,real_nm_pe1_005
2026-07-17T18:56:59+00:00,station3,0.0,0.127,0.859,0.0,198.94545454545454,1090.3999999999999,0.0015915636363636363,0.008723199999999999,precursor_aborted,real_nm_pe1_005
2026-07-17T18:57:14+00:00,station1,0.0,0.242,1.127,0.0,462793.90909090906,9283624.6,3.7023512727272725,74.2689968,precursor_aborted,real_nm_pe1_005
2026-07-17T18:57:14+00:00,station2,0.0,0.364,1.036,0.0,9282153.581818182,464102.0363636363,74.25722865454546,3.7128162909090907,precursor_aborted,real_nm_pe1_005
2026-07-17T18:57:14+00:00,station3,0.0,0.066,0.743,0.0,235.56363636363633,1304.2727272727273,0.0018845090909090907,0.010434181818181818,precursor_aborted,real_nm_pe1_005
2026-07-17T18:57:29+00:00,station1,0.0,0.101,0.812,0.0,555635.628045676,11171212.269983271,4.445085024365408,89.36969815986618,precursor_aborted,real_nm_pe1_005
2026-07-17T18:57:29+00:00,station2,0.0,0.312,0.937,0.0,11169228.49090909,556698.2727272727,89.35382792727272,4.4535861818181814,precursor_aborted,real_nm_pe1_005
2026-07-17T18:57:29+00:00,station3,0.0,0.125,0.783,0.0,195.45454545454544,1085.4181818181817,0.0015636363636363636,0.008683345454545454,precursor_aborted,real_nm_pe1_005
2026-07-17T18:57:44+00:00,station1,0.0,0.119,0.861,0.0,552684.9626384015,11103133.320000729,4.421479701107212,88.82506656000582,precursor_aborted,real_nm_pe1_005
2026-07-17T18:57:44+00:00,station2,0.0,0.1,0.84,0.0,11102400.09090909,554029.7999999999,88.81920072727272,4.432238399999999,precursor_aborted,real_nm_pe1_005
2026-07-17T18:57:44+00:00,station3,0.0,0.155,0.779,0.0,235.56363636363633,1303.7272727272725,0.0018845090909090907,0.01042981818181818,precursor_aborted,real_nm_pe1_005
2026-07-17T18:57:59+00:00,station1,0.0,0.061,0.778,0.0,436933.0727272727,8869207.181818182,3.4954645818181818,70.95365745454545,precursor_aborted,real_nm_pe1_005
2026-07-17T18:57:59+00:00,station2,0.0,0.161,0.969,0.0,8867690.854545454,438011.5999999999,70.94152683636362,3.5040927999999996,precursor_aborted,real_nm_pe1_005
2026-07-17T18:57:59+00:00,station3,0.0,0.019,0.672,0.0,198.94545454545454,1088.6909090909091,0.0015915636363636363,0.008709527272727273,precursor_aborted,real_nm_pe1_005
2026-07-17T18:58:14+00:00,station1,0.0,0.335,0.655,0.0,540046.6,11091978.418181816,4.3203727999999995,88.73582734545452,precursor_aborted,real_nm_pe1_005
2026-07-17T18:58:14+00:00,station2,0.0,0.284,0.639,0.0,11090434.0,541351.2,88.723472,4.330809599999999,precursor_aborted,real_nm_pe1_005
2026-07-17T18:58:14+00:00,station3,0.0,0.031,0.627,0.0,235.56363636363633,1304.1454545454544,0.0018845090909090907,0.010433163636363636,precursor_aborted,real_nm_pe1_005
2026-07-17T18:58:29+00:00,station1,0.0,0.488,1.307,0.0,442297.7690503464,9202618.683976073,3.538382152402771,73.62094947180859,precursor_aborted,real_nm_pe1_005
2026-07-17T18:58:29+00:00,station2,0.0,0.905,1.379,0.0,9201246.836363636,443412.94545454544,73.60997469090908,3.5473035636363637,precursor_aborted,real_nm_pe1_005
2026-07-17T18:58:29+00:00,station3,0.0,0.013,0.56,0.0,195.45454545454544,1085.6727272727271,0.0015636363636363636,0.008685381818181816,precursor_aborted,real_nm_pe1_005
2026-07-17T18:58:44+00:00,station1,0.0,0.029,0.28,0.0,629095.5618988745,13120605.025363175,5.032764495190996,104.9648402029054,precursor_aborted,real_nm_pe1_005
2026-07-17T18:58:44+00:00,station2,0.0,0.027,0.231,0.0,13119129.054545455,630433.8909090909,104.95303243636364,5.043471127272727,precursor_aborted,real_nm_pe1_005
2026-07-17T18:58:44+00:00,station3,0.0,0.019,0.269,0.0,235.56363636363633,1303.5272727272725,0.0018845090909090907,0.01042821818181818,precursor_aborted,real_nm_pe1_005
2026-07-17T18:58:59+00:00,station1,0.0,0.238,1.01,0.0,426140.6752850052,8871566.173930435,3.4091254022800417,70.97252939144347,precursor_aborted,real_nm_pe1_005
2026-07-17T18:58:59+00:00,station2,0.0,0.048,0.72,0.0,8869832.38181818,427239.50909090904,70.95865905454545,3.417916072727272,precursor_aborted,real_nm_pe1_005
2026-07-17T18:58:59+00:00,station3,0.0,0.129,0.764,0.0,197.3090909090909,1086.0545454545454,0.0015784727272727273,0.008688436363636363,precursor_aborted,real_nm_pe1_005
2026-07-17T18:59:14+00:00,station1,0.0,0.039,0.81,0.0,533010.4181818182,11106220.38181818,4.264083345454545,88.84976305454545,precursor_aborted,real_nm_pe1_005
2026-07-17T18:59:14+00:00,station2,0.0,0.212,1.203,0.0,11104800.636363635,534349.8909090909,88.83840509090908,4.274799127272727,precursor_aborted,real_nm_pe1_005
2026-07-17T18:59:14+00:00,station3,0.0,0.074,0.986,0.0,235.56363636363633,1301.7272727272725,0.0018845090909090907,0.01041381818181818,precursor_aborted,real_nm_pe1_005
2026-07-17T18:59:29+00:00,station1,0.0,0.046,0.725,0.0,425279.5818181818,8872019.018181818,3.402236654545454,70.97615214545453,precursor_aborted,real_nm_pe1_005
2026-07-17T18:59:29+00:00,station2,0.0,0.182,0.832,0.0,8871039.872727271,426368.16363636364,70.96831898181817,3.410945309090909,precursor_aborted,real_nm_pe1_005
2026-07-17T18:59:29+00:00,station3,0.0,0.014,0.641,0.0,195.45454545454544,1083.3636363636363,0.0015636363636363636,0.00866690909090909,precursor_aborted,real_nm_pe1_005
2026-07-17T18:59:44+00:00,station1,0.0,0.039,0.702,0.0,545596.9416513628,11379142.335036457,4.364775533210903,91.03313868029166,precursor_aborted,real_nm_pe1_005
2026-07-17T18:59:44+00:00,station2,0.0,0.39,0.662,0.0,11377130.309090909,546891.3454545455,91.01704247272727,4.375130763636363,precursor_aborted,real_nm_pe1_005
2026-07-17T18:59:44+00:00,station3,0.0,0.013,0.673,0.0,236.65454545454543,1303.2181818181816,0.0018932363636363634,0.010425745454545454,precursor_aborted,real_nm_pe1_005
2026-07-17T18:59:59+00:00,station1,0.0,0.036,0.262,0.0,524762.2363636363,10968482.09090909,4.19809789090909,87.74785672727272,precursor_aborted,real_nm_pe1_005
2026-07-17T18:59:59+00:00,station2,0.0,0.025,0.229,0.0,10967360.527272727,525854.6727272726,87.73888421818182,4.206837381818181,precursor_aborted,real_nm_pe1_005
2026-07-17T18:59:59+00:00,station3,0.0,0.038,0.3,0.0,197.3090909090909,1087.2363636363636,0.0015784727272727273,0.00869789090909091,precursor_aborted,real_nm_pe1_005
2026-07-17T19:00:14+00:00,station1,0.0,0.899,1.538,0.0,537901.3636363636,11104642.38181818,4.303210909090909,88.83713905454545,precursor_aborted,real_nm_pe1_005
2026-07-17T19:00:14+00:00,station2,0.0,1.492,1.811,0.0,11103071.545454543,539203.0727272726,88.82457236363635,4.313624581818181,precursor_aborted,real_nm_pe1_005
2026-07-17T19:00:14+00:00,station3,0.0,0.629,1.109,0.0,239.5272727272727,1304.9272727272726,0.0019162181818181815,0.010439418181818181,precursor_aborted,real_nm_pe1_005
2026-07-17T19:00:29+00:00,station1,0.0,1.227,1.551,0.0,436364.6198883576,8869405.603942033,3.4909169591068605,70.95524483153626,precursor_aborted,real_nm_pe1_005
2026-07-17T19:00:29+00:00,station2,0.0,1.339,1.818,0.0,8867482.999999998,437422.8181818182,70.93986399999999,3.4993825454545453,precursor_aborted,real_nm_pe1_005
2026-07-17T19:00:29+00:00,station3,0.0,0.157,0.89,0.0,198.3272727272727,1084.8,0.0015866181818181817,0.0086784,precursor_aborted,real_nm_pe1_005
2026-07-17T19:00:44+00:00,station1,0.0,1.287,1.648,0.0,553238.2363636363,11103327.47272727,4.425905890909091,88.82661978181817,precursor_aborted,real_nm_pe1_005
2026-07-17T19:00:44+00:00,station2,0.0,1.255,1.768,0.0,11101757.145454545,554545.4909090908,88.81405716363636,4.436363927272727,precursor_aborted,real_nm_pe1_005
2026-07-17T19:00:44+00:00,station3,0.0,0.187,0.802,0.0,239.99999999999997,1303.2727272727273,0.0019199999999999998,0.010426181818181819,precursor_aborted,real_nm_pe1_005
2026-07-17T19:00:59+00:00,station1,0.0,0.126,0.812,0.0,560585.6545454545,11168852.963636363,4.484685236363636,89.3508237090909,precursor_aborted,real_nm_pe1_005
2026-07-17T19:00:59+00:00,station2,0.0,0.613,1.349,0.0,11167787.436363636,561680.7636363636,89.34229949090908,4.493446109090908,precursor_aborted,real_nm_pe1_005
2026-07-17T19:00:59+00:00,station3,0.0,0.147,0.776,0.0,199.49090909090907,1087.4363636363637,0.0015959272727272726,0.00869949090909091,precursor_aborted,real_nm_pe1_005
2026-07-17T19:01:14+00:00,station1,0.0,0.041,0.232,0.0,554370.1636363636,11042944.345454544,4.434961309090909,88.34355476363635,precursor_aborted,real_nm_pe1_005
2026-07-17T19:01:14+00:00,station2,0.0,0.041,0.227,0.0,11041537.909090908,555675.2727272727,88.33230327272726,4.4454021818181815,precursor_aborted,real_nm_pe1_005
2026-07-17T19:01:14+00:00,station3,0.0,0.025,0.274,0.0,238.2181818181818,1303.4727272727273,0.0019057454545454544,0.010427781818181818,precursor_aborted,real_nm_pe1_005
2026-07-17T19:01:29+00:00,station1,0.0,0.325,1.164,0.0,334376.67272727273,6643262.618181818,2.675013381818182,53.14610094545454,precursor_aborted,real_nm_pe1_005
2026-07-17T19:01:29+00:00,station2,0.0,0.429,0.988,0.0,6642237.8,335469.8,53.1379024,2.6837584,precursor_aborted,real_nm_pe1_005
2026-07-17T19:01:29+00:00,station3,0.0,0.108,0.783,0.0,196.54545454545453,1085.0363636363636,0.0015723636363636363,0.008680290909090909,precursor_aborted,real_nm_pe1_005
2026-07-17T19:01:44+00:00,station1,0.0,0.336,1.054,0.0,446147.3636363636,8878981.963636363,3.5691789090909087,71.0318557090909,precursor_aborted,real_nm_pe1_005
2026-07-17T19:01:44+00:00,station2,0.0,0.509,1.206,0.0,8877466.49090909,447447.87272727274,71.01973192727272,3.579582981818182,precursor_aborted,real_nm_pe1_005
2026-07-17T19:01:44+00:00,station3,0.0,0.142,0.935,0.0,237.74545454545452,1304.5454545454545,0.0019019636363636363,0.010436363636363636,precursor_aborted,real_nm_pe1_005
2026-07-17T19:01:59+00:00,station1,0.0,0.158,0.981,0.0,340207.1128565974,6771542.791687122,2.721656902852779,54.17234233349697,precursor_aborted,real_nm_pe1_005
2026-07-17T19:01:59+00:00,station2,0.0,0.205,0.528,0.0,6770601.981818181,341308.6545454545,54.16481585454545,2.730469236363636,precursor_aborted,real_nm_pe1_005
2026-07-17T19:01:59+00:00,station3,0.0,0.063,0.791,0.0,200.03636363636363,1088.581818181818,0.001600290909090909,0.008708654545454544,precursor_aborted,real_nm_pe1_005
2026-07-17T19:02:14+00:00,station1,0.0,0.08,20.263,0.0,530181.9090909091,10553253.145454545,4.241455272727272,84.42602516363635,precursor_aborted,real_nm_pe1_006
2026-07-17T19:02:14+00:00,station2,0.0,0.061,20.303,0.0,10551702.418181816,531400.4909090908,84.41361934545453,4.2512039272727264,precursor_aborted,real_nm_pe1_006
2026-07-17T19:02:14+00:00,station3,0.0,0.01,20.259,0.0,237.74545454545452,1305.2,0.0019019636363636363,0.0104416,precursor_aborted,real_nm_pe1_006
2026-07-17T19:02:29+00:00,station1,0.0,0.018,20.258,0.0,418479.72727272724,8330764.109090908,3.347837818181818,66.64611287272727,precursor_aborted,real_nm_pe1_006
2026-07-17T19:02:29+00:00,station2,0.0,0.015,20.207,0.0,8329790.199999999,419480.61818181816,66.6383216,3.355844945454545,precursor_aborted,real_nm_pe1_006
2026-07-17T19:02:29+00:00,station3,0.0,0.017,20.276,0.0,196.54545454545453,1086.3999999999999,0.0015723636363636363,0.0086912,precursor_aborted,real_nm_pe1_006
2026-07-17T19:02:44+00:00,station1,0.0,0.019,20.209,0.0,311458.7454545454,6181803.036363635,2.4916699636363635,49.45442429090908,precursor_aborted,real_nm_pe1_006
2026-07-17T19:02:44+00:00,station2,0.0,0.016,20.205,0.0,6180318.454545454,312663.5272727273,49.442547636363635,2.5013082181818183,precursor_aborted,real_nm_pe1_006
2026-07-17T19:02:44+00:00,station3,0.0,0.035,20.286,0.0,236.65454545454543,1305.3636363636363,0.0018932363636363634,0.01044290909090909,precursor_aborted,real_nm_pe1_006
2026-07-17T19:02:59+00:00,station1,0.0,0.167,20.333,0.0,91215.92334684824,1789970.8368938747,0.7297273867747859,14.319766695150998,precursor_aborted,real_nm_pe1_006
2026-07-17T19:02:59+00:00,station2,0.0,0.217,20.405,0.0,1788471.7999999998,92198.34545454544,14.307774399999998,0.7375867636363636,precursor_aborted,real_nm_pe1_006
2026-07-17T19:02:59+00:00,station3,0.0,0.041,20.274,0.0,201.1272727272727,1091.4545454545453,0.0016090181818181816,0.008731636363636362,precursor_aborted,real_nm_pe1_006
2026-07-17T19:03:14+00:00,station1,0.0,0.154,2.159,0.0,149642.9935089729,3094570.046728122,1.1971439480717831,24.756560373824975,precursor_aborted,real_nm_pe1_006
2026-07-17T19:03:14+00:00,station2,0.0,0.03,2.11,0.0,3092900.6,150797.23636363636,24.7432048,1.206377890909091,precursor_aborted,real_nm_pe1_006
2026-07-17T19:03:14+00:00,station3,0.0,0.013,20.244,100.0,231.89090909090908,1309.5454545454545,0.0018551272727272727,0.010476363636363636,precursor_aborted,real_nm_pe1_006
2026-07-17T19:03:29+00:00,station1,0.0,0.311,2.34,0.0,250795.0293620348,5246118.084468121,2.0063602348962783,41.968944675744964,precursor_aborted,real_nm_pe1_006
2026-07-17T19:03:29+00:00,station2,0.0,0.31,1.979,0.0,5245216.454545454,251859.09090909088,41.96173163636363,2.014872727272727,precursor_aborted,real_nm_pe1_006
2026-07-17T19:03:29+00:00,station3,0.0,831.57,1131.994,0.0,234.36363636363635,1114.3454545454545,0.0018749090909090907,0.008914763636363636,precursor_aborted,real_nm_pe1_006
2026-07-17T19:03:44+00:00,station1,0.0,0.017,0.261,0.0,360202.34545454546,7540287.581818181,2.8816187636363635,60.32230065454545,precursor_aborted,real_nm_pe1_006
2026-07-17T19:03:44+00:00,station2,0.0,0.027,0.24,0.0,7538811.945454544,361479.87272727274,60.31049556363636,2.8918389818181818,precursor_aborted,real_nm_pe1_006
2026-07-17T19:03:44+00:00,station3,0.0,0.053,0.265,0.0,271.78181818181815,1329.5454545454545,0.0021742545454545453,0.010636363636363637,precursor_aborted,real_nm_pe1_006
2026-07-17T19:03:59+00:00,station1,0.0,0.86,1.489,0.0,326628.97507227404,6846542.046219022,2.6130318005781925,54.772336369752175,precursor_aborted,real_nm_pe1_006
2026-07-17T19:03:59+00:00,station2,0.0,0.86,1.433,0.0,6845412.381818181,327822.21818181814,54.76329905454545,2.622577745454545,precursor_aborted,real_nm_pe1_006
2026-07-17T19:03:59+00:00,station3,0.0,0.055,0.262,0.0,234.07272727272726,1114.2,0.0018725818181818182,0.0089136,precursor_aborted,real_nm_pe1_006
2026-07-17T19:04:14+00:00,station1,0.0,0.232,2.077,0.0,426692.00559989817,8877888.256577153,3.4135360447991854,71.02310605261722,precursor_aborted,real_nm_pe1_006
2026-07-17T19:04:14+00:00,station2,0.0,1.764,3.697,0.0,8876548.927272728,428112.3818181818,71.01239141818182,3.4248990545454543,precursor_aborted,real_nm_pe1_006
2026-07-17T19:04:14+00:00,station3,0.0,868.74,1295.123,40.0,276.2181818181818,1327.2363636363634,0.002209745454545454,0.010617890909090908,precursor_aborted,real_nm_pe1_006
2026-07-17T19:04:29+00:00,station1,0.0,0.019,2.345,0.0,321166.12727272726,6644000.618181818,2.569329018181818,53.15200494545454,precursor_aborted,real_nm_pe1_006
2026-07-17T19:04:29+00:00,station2,0.0,0.462,1.839,0.0,6642052.890909091,322232.8363636363,53.13642312727273,2.5778626909090905,precursor_aborted,real_nm_pe1_006
2026-07-17T19:04:29+00:00,station3,0.0,868.74,1295.123,40.0,196.87272727272727,1097.4545454545453,0.0015749818181818181,0.008779636363636363,precursor_aborted,real_nm_pe1_006
2026-07-17T19:04:44+00:00,station1,0.0,0.151,2.135,0.0,528631.2727272727,10968880.145454545,4.229050181818182,87.75104116363636,precursor_aborted,real_nm_pe1_006
2026-07-17T19:04:44+00:00,station2,0.0,0.571,2.012,0.0,10967494.927272728,529928.8363636363,87.73995941818183,4.23943069090909,precursor_aborted,real_nm_pe1_006
2026-07-17T19:04:44+00:00,station3,0.0,1322.551,2602.947,40.0,239.56363636363633,1319.8727272727272,0.0019165090909090906,0.010558981818181818,precursor_aborted,real_nm_pe1_006
2026-07-17T19:04:59+00:00,station1,0.0,0.619,0.598,0.0,536444.7353588247,11170658.37560683,4.291557882870598,89.36526700485463,precursor_aborted,real_nm_pe1_006
2026-07-17T19:04:59+00:00,station2,0.0,0.766,0.728,0.0,11168550.2,537513.2181818181,89.34840159999999,4.3001057454545455,precursor_aborted,real_nm_pe1_006
2026-07-17T19:04:59+00:00,station3,0.0,2.471,1.981,0.0,225.27272727272728,1104.1454545454544,0.0018021818181818182,0.008833163636363635,precursor_aborted,real_nm_pe1_006
2026-07-17T19:05:14+00:00,station1,0.0,0.472,0.561,0.0,439248.79999999993,9149270.509090908,3.5139903999999995,73.19416407272726,precursor_aborted,real_nm_pe1_006
2026-07-17T19:05:14+00:00,station2,0.0,0.321,0.507,0.0,9147949.254545454,440546.5272727272,73.18359403636363,3.524372218181818,precursor_aborted,real_nm_pe1_006
2026-07-17T19:05:14+00:00,station3,0.0,0.441,0.604,0.0,252.69090909090906,1319.6181818181817,0.0020215272727272726,0.010556945454545453,precursor_aborted,real_nm_pe1_006
2026-07-17T19:05:29+00:00,station1,0.0,0.053,0.739,0.0,323554.3879424759,6644450.7026889445,2.5884351035398074,53.155605621511555,precursor_aborted,real_nm_pe1_006
2026-07-17T19:05:29+00:00,station2,0.0,0.177,0.862,0.0,6643169.036363635,324657.0909090909,53.14535229090908,2.597256727272727,precursor_aborted,real_nm_pe1_006
2026-07-17T19:05:29+00:00,station3,0.0,0.234,1.698,0.0,204.18181818181816,1095.709090909091,0.0016334545454545454,0.008765672727272727,precursor_aborted,real_nm_pe1_006
2026-07-17T19:05:44+00:00,station1,0.0,0.141,0.92,0.0,440686.88980601064,8877763.01292657,3.525495118448085,71.02210410341256,precursor_aborted,real_nm_pe1_006
2026-07-17T19:05:44+00:00,station2,0.0,0.149,0.925,0.0,8876385.472727273,442010.98181818175,71.01108378181819,3.536087854545454,precursor_aborted,real_nm_pe1_006
2026-07-17T19:05:44+00:00,station3,0.0,0.141,1.604,0.0,251.5272727272727,1310.0545454545454,0.0020122181818181817,0.010480436363636363,precursor_aborted,real_nm_pe1_006
2026-07-17T19:05:59+00:00,station1,0.0,0.151,0.901,0.0,435594.99999999994,8666430.709090909,3.4847599999999996,69.33144567272727,precursor_aborted,real_nm_pe1_006
2026-07-17T19:05:59+00:00,station2,0.0,0.047,0.794,0.0,8664866.236363636,436684.16363636364,69.31892989090909,3.493473309090909,precursor_aborted,real_nm_pe1_006
2026-07-17T19:05:59+00:00,station3,0.0,0.302,1.459,0.0,197.38181818181818,1090.8545454545454,0.0015790545454545453,0.008726836363636362,precursor_aborted,real_nm_pe1_006
2026-07-17T19:06:14+00:00,station1,0.0,0.916,1.107,0.0,659619.3185950113,13133580.321431167,5.27695454876009,105.06864257144935,precursor_aborted,real_nm_pe1_006
2026-07-17T19:06:14+00:00,station2,0.0,1.945,1.798,0.0,13132725.218181817,660973.2727272727,105.06180174545453,5.2877861818181815,precursor_aborted,real_nm_pe1_006
2026-07-17T19:06:14+00:00,station3,0.0,0.774,1.319,0.0,234.36363636363635,1307.4,0.0018749090909090907,0.0104592,precursor_aborted,real_nm_pe1_006
2026-07-17T19:06:29+00:00,station1,0.0,0.036,0.25,0.0,462356.5441884988,9216777.70303438,3.6988523535079905,73.73422162427504,precursor_aborted,real_nm_pe1_006
2026-07-17T19:06:29+00:00,station2,0.0,0.042,0.217,0.0,9216112.09090909,463476.67272727273,73.72889672727271,3.7078133818181818,precursor_aborted,real_nm_pe1_006
2026-07-17T19:06:29+00:00,station3,0.0,0.032,0.241,0.0,198.29090909090908,1089.7818181818182,0.0015863272727272726,0.008718254545454546,precursor_aborted,real_nm_pe1_006
2026-07-17T19:06:44+00:00,station1,0.0,0.742,1.269,0.0,445967.61994800286,8885154.791556824,3.567740959584023,71.08123833245459,precursor_aborted,real_nm_pe1_006
2026-07-17T19:06:44+00:00,station2,0.0,0.755,1.348,0.0,8884453.836363636,447296.4545454545,71.0756306909091,3.5783716363636358,precursor_aborted,real_nm_pe1_006
2026-07-17T19:06:44+00:00,station3,0.0,0.406,0.972,0.0,236.54545454545453,1307.2181818181816,0.0018923636363636363,0.010457745454545453,precursor_aborted,real_nm_pe1_006
2026-07-17T19:06:59+00:00,station1,0.0,0.148,0.882,0.0,332553.2909090909,6649455.654545454,2.6604263272727273,53.19564523636363,precursor_aborted,real_nm_pe1_006
2026-07-17T19:06:59+00:00,station2,0.0,0.104,0.746,0.0,6648087.8,333634.21818181814,53.1847024,2.6690737454545452,precursor_aborted,real_nm_pe1_006
2026-07-17T19:06:59+00:00,station3,0.0,0.046,0.63,0.0,200.03636363636363,1091.6727272727271,0.001600290909090909,0.008733381818181818,precursor_aborted,real_nm_pe1_006
2026-07-17T19:07:14+00:00,station1,0.0,0.564,1.119,0.0,442796.5127906765,8883517.390592897,3.542372102325412,71.06813912474318,precursor_aborted,real_nm_pe1_006
2026-07-17T19:07:14+00:00,station2,0.0,0.685,1.266,0.0,8882466.89090909,444117.8909090909,71.05973512727273,3.552943127272727,precursor_aborted,real_nm_pe1_006
2026-07-17T19:07:14+00:00,station3,0.0,0.037,0.642,0.0,238.83636363636364,1305.1818181818182,0.0019106909090909091,0.010441454545454545,precursor_aborted,real_nm_pe1_006
2026-07-17T19:07:29+00:00,station1,0.0,0.037,0.776,0.0,539843.5119361465,10837540.917437864,4.318748095489172,86.70032733950292,precursor_aborted,real_nm_pe1_006
2026-07-17T19:07:29+00:00,station2,0.0,0.067,0.734,0.0,10836626.527272727,540911.7090909091,86.69301221818182,4.327293672727273,precursor_aborted,real_nm_pe1_006
2026-07-17T19:07:29+00:00,station3,0.0,0.082,1.046,0.0,197.3090909090909,1087.381818181818,0.0015784727272727273,0.008699054545454544,precursor_aborted,real_nm_pe1_006
2026-07-17T19:07:44+00:00,station1,0.0,0.42,0.513,0.0,572361.297478136,11507347.424498627,4.578890379825088,92.05877939598902,precursor_aborted,real_nm_pe1_006
2026-07-17T19:07:44+00:00,station2,0.0,0.214,0.437,0.0,11505702.781818181,573748.4727272727,92.04562225454545,4.589987781818182,precursor_aborted,real_nm_pe1_006
2026-07-17T19:07:44+00:00,station3,0.0,0.204,0.41,0.0,235.56363636363633,1303.381818181818,0.0018845090909090907,0.010427054545454544,precursor_aborted,real_nm_pe1_006
2026-07-17T19:07:59+00:00,station1,0.0,0.028,0.719,0.0,443119.18181818177,8872094.709090909,3.544953454545454,70.97675767272727,precursor_aborted,real_nm_pe1_006
2026-07-17T19:07:59+00:00,station2,0.0,0.107,0.812,0.0,8870450.6,444196.87272727274,70.9636048,3.553574981818182,precursor_aborted,real_nm_pe1_006
2026-07-17T19:07:59+00:00,station3,0.0,0.235,0.785,0.0,198.94545454545454,1088.8181818181818,0.0015915636363636363,0.008710545454545453,precursor_aborted,real_nm_pe1_006
2026-07-17T19:08:14+00:00,station1,0.0,0.558,1.268,0.0,555848.5636363636,11105386.654545454,4.446788509090909,88.84309323636363,precursor_aborted,real_nm_pe1_006
2026-07-17T19:08:14+00:00,station2,0.0,0.835,1.773,0.0,11103792.418181816,557148.6363636364,88.83033934545453,4.4571890909090905,precursor_aborted,real_nm_pe1_006
2026-07-17T19:08:14+00:00,station3,0.0,0.093,0.741,0.0,234.47272727272727,1303.4,0.001875781818181818,0.010427200000000001,precursor_aborted,real_nm_pe1_006
2026-07-17T19:08:29+00:00,station1,0.0,0.152,1.047,0.0,445498.41818181815,8870721.945454545,3.5639873454545454,70.96577556363636,precursor_aborted,real_nm_pe1_006
2026-07-17T19:08:29+00:00,station2,0.0,0.181,0.948,0.0,8869676.054545455,446595.39999999997,70.95740843636364,3.5727632,precursor_aborted,real_nm_pe1_006
2026-07-17T19:08:29+00:00,station3,0.0,0.21,0.871,0.0,195.1272727272727,1088.0545454545454,0.0015610181818181816,0.008704436363636363,precursor_aborted,real_nm_pe1_006
2026-07-17T19:08:44+00:00,station1,0.0,0.25,0.575,0.0,652769.109090909,13004186.2,5.222152872727272,104.0334896,precursor_aborted,real_nm_pe1_006
2026-07-17T19:08:44+00:00,station2,0.0,0.457,0.754,0.0,13002575.327272726,653993.9818181818,104.02060261818181,5.231951854545454,precursor_aborted,real_nm_pe1_006
2026-07-17T19:08:44+00:00,station3,0.0,0.339,0.756,0.0,234.47272727272727,1304.8181818181815,0.001875781818181818,0.010438545454545452,precursor_aborted,real_nm_pe1_006
2026-07-17T19:08:59+00:00,station1,0.0,0.021,0.182,0.0,468486.5724831361,9344705.303732796,3.7478925798650886,74.75764242986237,precursor_aborted,real_nm_pe1_006
2026-07-17T19:08:59+00:00,station2,0.0,0.031,0.284,0.0,9343387.254545454,469653.4727272727,74.74709803636364,3.7572277818181816,precursor_aborted,real_nm_pe1_006
2026-07-17T19:08:59+00:00,station3,0.0,0.03,0.247,0.0,197.85454545454544,1090.6,0.0015828363636363637,0.0087248,precursor_aborted,real_nm_pe1_006
2026-07-17T19:09:14+00:00,station1,0.0,0.345,2.525,0.0,557376.9999999999,11103894.218181817,4.459015999999999,88.83115374545453,precursor_aborted,real_nm_pe1_006
2026-07-17T19:09:14+00:00,station2,0.0,0.755,2.066,0.0,11102608.2,558682.0363636364,88.82086559999999,4.469456290909091,precursor_aborted,real_nm_pe1_006
2026-07-17T19:09:14+00:00,station3,0.0,836.794,1122.074,0.0,235.1272727272727,1306.509090909091,0.0018810181818181815,0.010452072727272728,precursor_aborted,real_nm_pe1_006
2026-07-17T19:09:29+00:00,station1,0.0,0.112,1.619,0.0,445435.1146426169,8868765.478116987,3.563480917140935,70.9501238249359,precursor_aborted,real_nm_pe1_007
2026-07-17T19:09:29+00:00,station2,0.0,0.517,2.109,0.0,8866998.672727272,446481.0727272727,70.93598938181817,3.5718485818181818,precursor_aborted,real_nm_pe1_007
2026-07-17T19:09:29+00:00,station3,0.0,1446.669,2951.97,0.0,198.5090909090909,1090.3090909090909,0.0015880727272727271,0.008722472727272727,precursor_aborted,real_nm_pe1_007
2026-07-17T19:09:44+00:00,station1,0.0,0.225,2.176,0.0,557093.3999999999,11102998.254545454,4.4567472,88.82398603636364,precursor_aborted,real_nm_pe1_007
2026-07-17T19:09:44+00:00,station2,0.0,0.387,2.053,0.0,11101576.054545455,558355.4909090908,88.81260843636363,4.466843927272727,precursor_aborted,real_nm_pe1_007
2026-07-17T19:09:44+00:00,station3,0.0,1745.304,3272.735,0.0,246.59999999999997,1337.6363636363635,0.0019728,0.010701090909090908,precursor_aborted,real_nm_pe1_007
2026-07-17T19:09:59+00:00,station1,0.0,0.657,2.43,0.0,559456.6909090909,11171186.745454544,4.475653527272727,89.36949396363636,precursor_aborted,real_nm_pe1_007
2026-07-17T19:09:59+00:00,station2,0.0,1.071,2.558,0.0,11170372.709090909,560514.6727272726,89.36298167272727,4.484117381818181,precursor_aborted,real_nm_pe1_007
2026-07-17T19:09:59+00:00,station3,0.0,419.212,714.864,0.0,245.25454545454542,1132.6545454545453,0.0019620363636363635,0.009061236363636363,precursor_aborted,real_nm_pe1_007
2026-07-17T19:10:14+00:00,station1,0.0,0.287,0.633,0.0,472413.0909090909,9423581.436363636,3.779304727272727,75.38865149090908,precursor_aborted,real_nm_pe1_007
2026-07-17T19:10:14+00:00,station2,0.0,0.212,0.593,0.0,9421997.654545454,473660.8181818182,75.37598123636363,3.7892865454545452,precursor_aborted,real_nm_pe1_007
2026-07-17T19:10:14+00:00,station3,0.0,0.477,0.949,0.0,279.0363636363636,1349.4363636363635,0.002232290909090909,0.010795490909090908,precursor_aborted,real_nm_pe1_007
2026-07-17T19:10:29+00:00,station1,0.0,0.492,1.128,0.0,359025.72774050443,7142368.388516155,2.8722058219240356,57.13894710812924,precursor_aborted,real_nm_pe1_007
2026-07-17T19:10:29+00:00,station2,0.0,0.878,1.332,0.0,7140750.8545454545,360047.0545454545,57.126006836363636,2.880376436363636,precursor_aborted,real_nm_pe1_007
2026-07-17T19:10:29+00:00,station3,0.0,0.125,2.102,0.0,249.2181818181818,1125.2545454545455,0.001993745454545454,0.009002036363636364,precursor_aborted,real_nm_pe1_007
2026-07-17T19:10:44+00:00,station1,0.0,0.805,1.382,0.0,471005.7269603477,9375059.48766431,3.768045815682781,75.00047590131449,precursor_aborted,real_nm_pe1_007
2026-07-17T19:10:44+00:00,station2,0.0,1.387,1.841,0.0,9373739.109090907,472323.4727272727,74.98991287272726,3.7785877818181817,precursor_aborted,real_nm_pe1_007
2026-07-17T19:10:44+00:00,station3,0.0,0.455,1.444,0.0,265.27272727272725,1313.6363636363635,0.002122181818181818,0.010509090909090909,precursor_aborted,real_nm_pe1_007
2026-07-17T19:10:59+00:00,station1,0.0,0.925,1.468,0.0,446667.0727272727,8889347.2,3.5733365818181815,71.1147776,precursor_aborted,real_nm_pe1_007
2026-07-17T19:10:59+00:00,station2,0.0,1.72,1.931,0.0,8887902.163636362,447740.43636363634,71.1032173090909,3.581923490909091,precursor_aborted,real_nm_pe1_007
2026-07-17T19:10:59+00:00,station3,0.0,0.506,1.689,0.0,199.9272727272727,1091.1818181818182,0.0015994181818181816,0.008729454545454545,precursor_aborted,real_nm_pe1_007
2026-07-17T19:11:14+00:00,station1,0.0,0.706,0.683,0.0,670245.4,13357472.29090909,5.3619632,106.8597783272727,precursor_aborted,real_nm_pe1_007
2026-07-17T19:11:14+00:00,station2,0.0,1.013,0.93,0.0,13355895.909090908,671548.1272727272,106.84716727272726,5.372385018181817,precursor_aborted,real_nm_pe1_007
2026-07-17T19:11:14+00:00,station3,0.0,0.786,0.78,0.0,236.54545454545453,1305.1454545454544,0.0018923636363636363,0.010441163636363635,precursor_aborted,real_nm_pe1_007
2026-07-17T19:11:29+00:00,station1,0.0,0.011,0.215,0.0,450569.7636363636,8991560.418181816,3.6045581090909087,71.93248334545453,precursor_aborted,real_nm_pe1_007
2026-07-17T19:11:29+00:00,station2,0.0,0.008,0.21,0.0,8990218.272727273,451655.10909090907,71.9217461818182,3.6132408727272725,precursor_aborted,real_nm_pe1_007
2026-07-17T19:11:29+00:00,station3,0.0,0.028,0.279,0.0,201.49090909090907,1089.8363636363636,0.0016119272727272726,0.008718690909090908,precursor_aborted,real_nm_pe1_007
2026-07-17T19:11:44+00:00,station1,0.0,0.117,0.849,0.0,444935.6545454545,8877694.436363636,3.559485236363636,71.02155549090908,precursor_aborted,real_nm_pe1_007
2026-07-17T19:11:44+00:00,station2,0.0,0.216,0.957,0.0,8876464.2,446232.72727272724,71.0117136,3.569861818181818,precursor_aborted,real_nm_pe1_007
2026-07-17T19:11:44+00:00,station3,0.0,0.206,0.763,0.0,236.54545454545453,1305.3636363636363,0.0018923636363636363,0.01044290909090909,precursor_aborted,real_nm_pe1_007
2026-07-17T19:11:59+00:00,station1,0.0,0.154,0.777,0.0,332141.14545454545,6644709.6,2.6571291636363634,53.1576768,precursor_aborted,real_nm_pe1_007
2026-07-17T19:11:59+00:00,station2,0.0,0.426,1.034,0.0,6643738.963636364,333229.0363636363,53.14991170909091,2.6658322909090906,precursor_aborted,real_nm_pe1_007
2026-07-17T19:11:59+00:00,station3,0.0,0.119,0.74,0.0,199.49090909090907,1089.1090909090908,0.0015959272727272726,0.008712872727272726,precursor_aborted,real_nm_pe1_007
2026-07-17T19:12:14+00:00,station1,0.0,0.198,1.023,0.0,442311.0193989419,8877285.220806139,3.5384881551915353,71.0182817664491,precursor_aborted,real_nm_pe1_007
2026-07-17T19:12:14+00:00,station2,0.0,0.177,0.905,0.0,8876410.454545455,443650.54545454547,71.01128363636364,3.5492043636363637,precursor_aborted,real_nm_pe1_007
2026-07-17T19:12:14+00:00,station3,0.0,0.137,0.711,0.0,237.74545454545452,1306.0545454545454,0.0019019636363636363,0.010448436363636363,precursor_aborted,real_nm_pe1_007
2026-07-17T19:12:29+00:00,station1,0.0,0.021,0.705,0.0,550417.8135738051,11055250.531789176,4.403342508590441,88.4420042543134,precursor_aborted,real_nm_pe1_007
2026-07-17T19:12:29+00:00,station2,0.0,0.116,0.855,0.0,11054457.763636362,551532.8181818181,88.4356621090909,4.412262545454545,precursor_aborted,real_nm_pe1_007
2026-07-17T19:12:29+00:00,station3,0.0,0.109,0.73,0.0,201.1272727272727,1091.0545454545454,0.0016090181818181816,0.008728436363636363,precursor_aborted,real_nm_pe1_007
2026-07-17T19:12:44+00:00,station1,0.0,0.258,0.642,0.0,561309.0125634079,11287485.518445117,4.490472100507263,90.29988414756095,precursor_aborted,real_nm_pe1_007
2026-07-17T19:12:44+00:00,station2,0.0,0.378,0.842,0.0,11286172.345454544,562630.9818181818,90.28937876363635,4.501047854545455,precursor_aborted,real_nm_pe1_007
2026-07-17T19:12:44+00:00,station3,0.0,0.223,0.56,0.0,237.74545454545452,1304.381818181818,0.0019019636363636363,0.010435054545454545,precursor_aborted,real_nm_pe1_007
2026-07-17T19:12:59+00:00,station1,0.0,0.025,0.727,0.0,442710.0909090909,8866096.672727272,3.541680727272727,70.92877338181817,precursor_aborted,real_nm_pe1_007
2026-07-17T19:12:59+00:00,station2,0.0,0.051,0.767,0.0,8864403.327272726,443789.99999999994,70.9152266181818,3.5503199999999997,precursor_aborted,real_nm_pe1_007
2026-07-17T19:12:59+00:00,station3,0.0,0.198,0.793,0.0,204.0,1090.9454545454544,0.001632,0.008727563636363634,precursor_aborted,real_nm_pe1_007
2026-07-17T19:13:14+00:00,station1,0.0,0.409,1.046,0.0,555846.8545454545,11097616.963636363,4.446774836363636,88.7809357090909,precursor_aborted,real_nm_pe1_007
2026-07-17T19:13:14+00:00,station2,0.0,0.143,0.839,0.0,11096515.8,557169.4909090908,88.7721264,4.457355927272727,precursor_aborted,real_nm_pe1_007
2026-07-17T19:13:14+00:00,station3,0.0,0.134,0.899,0.0,245.67272727272726,1309.5636363636363,0.001965381818181818,0.010476509090909091,precursor_aborted,real_nm_pe1_007
2026-07-17T19:13:29+00:00,station1,0.0,1.398,1.98,0.0,445799.73091398337,8864805.712623406,3.566397847311867,70.91844570098725,precursor_aborted,real_nm_pe1_007
2026-07-17T19:13:29+00:00,station2,0.0,1.653,2.117,0.0,8863741.109090907,446899.18181818177,70.90992887272726,3.5751934545454542,precursor_aborted,real_nm_pe1_007
2026-07-17T19:13:29+00:00,station3,0.0,0.273,0.882,0.0,211.89090909090908,1097.5636363636363,0.0016951272727272727,0.00878050909090909,precursor_aborted,real_nm_pe1_007
2026-07-17T19:13:44+00:00,station1,0.0,0.336,0.45,0.0,663500.8272576862,13213922.837766586,5.30800661806149,105.71138270213268,precursor_aborted,real_nm_pe1_007
2026-07-17T19:13:44+00:00,station2,0.0,0.671,0.753,0.0,13212927.47272727,664821.0545454546,105.70341978181817,5.318568436363637,precursor_aborted,real_nm_pe1_007
2026-07-17T19:13:44+00:00,station3,0.0,0.454,0.558,0.0,250.25454545454542,1314.5636363636363,0.002002036363636363,0.010516509090909091,precursor_aborted,real_nm_pe1_007
2026-07-17T19:13:59+00:00,station1,0.0,0.926,0.963,0.0,457590.94958456815,9126476.355835138,3.660727596676545,73.0118108466811,precursor_aborted,real_nm_pe1_007
2026-07-17T19:13:59+00:00,station2,0.0,0.709,0.729,0.0,9125668.6,458707.0909090909,73.0053488,3.669656727272727,precursor_aborted,real_nm_pe1_007
2026-07-17T19:13:59+00:00,station3,0.0,0.045,0.251,0.0,203.96363636363634,1093.7636363636364,0.0016317090909090907,0.00875010909090909,precursor_aborted,real_nm_pe1_007
2026-07-17T19:14:14+00:00,station1,0.0,0.376,2.079,0.0,547656.1272727272,11103731.181818182,4.381249018181817,88.82984945454545,precursor_aborted,real_nm_pe1_007
2026-07-17T19:14:14+00:00,station2,0.0,0.162,2.394,0.0,11101786.927272728,548929.6909090909,88.81429541818183,4.3914375272727275,precursor_aborted,real_nm_pe1_007
2026-07-17T19:14:14+00:00,station3,0.0,1409.796,1492.864,100.0,231.85454545454544,1315.581818181818,0.0018548363636363635,0.010524654545454546,precursor_aborted,real_nm_pe1_007
2026-07-17T19:14:29+00:00,station1,0.0,0.381,2.149,0.0,430927.51436259184,8869517.853247037,3.447420114900735,70.9561428259763,precursor_aborted,real_nm_pe1_007
2026-07-17T19:14:29+00:00,station2,0.0,0.359,2.154,0.0,8868755.581818182,432024.9636363636,70.95004465454545,3.456199709090909,precursor_aborted,real_nm_pe1_007
2026-07-17T19:14:29+00:00,station3,0.0,1409.796,1492.864,100.0,201.5272727272727,1113.0363636363634,0.0016122181818181817,0.008904290909090907,precursor_aborted,real_nm_pe1_007
2026-07-17T19:14:44+00:00,station1,0.0,0.382,1.964,0.0,533561.8181818181,11105590.436363636,4.268494545454545,88.84472349090909,precursor_aborted,real_nm_pe1_007
2026-07-17T19:14:44+00:00,station2,0.0,0.223,1.928,0.0,11103911.545454543,534843.1636363636,88.83129236363635,4.278745309090908,precursor_aborted,real_nm_pe1_007
2026-07-17T19:14:44+00:00,station3,0.0,2099.256,4415.605,100.0,249.83636363636361,1347.2181818181816,0.001998690909090909,0.010777745454545453,precursor_aborted,real_nm_pe1_007
2026-07-17T19:14:59+00:00,station1,0.0,0.679,1.152,0.0,536075.0363636364,11173576.418181816,4.288600290909091,89.38861134545454,precursor_aborted,real_nm_pe1_007
2026-07-17T19:14:59+00:00,station2,0.0,0.894,1.426,0.0,11172668.018181818,537145.3272727273,89.38134414545453,4.297162618181818,precursor_aborted,real_nm_pe1_007
2026-07-17T19:14:59+00:00,station3,0.0,2049.094,3117.676,0.0,198.63636363636363,1129.4727272727273,0.001589090909090909,0.009035781818181819,precursor_aborted,real_nm_pe1_007
2026-07-17T19:15:14+00:00,station1,0.0,0.698,0.805,0.0,442246.1272727272,9208153.363636363,3.5379690181818177,73.6652269090909,precursor_aborted,real_nm_pe1_007
2026-07-17T19:15:14+00:00,station2,0.0,0.184,0.414,0.0,9206593.763636362,443520.10909090907,73.65275010909089,3.5481608727272724,precursor_aborted,real_nm_pe1_007
2026-07-17T19:15:14+00:00,station3,0.0,0.802,0.896,0.0,297.10909090909087,1361.8,0.0023768727272727268,0.0108944,precursor_aborted,real_nm_pe1_007
2026-07-17T19:15:29+00:00,station1,0.0,0.42,1.255,0.0,324358.3636363636,6648063.509090909,2.594866909090909,53.18450807272727,precursor_aborted,real_nm_pe1_008
2026-07-17T19:15:29+00:00,station2,0.0,0.895,1.569,0.0,6646653.145454545,325409.7454545454,53.17322516363636,2.6032779636363634,precursor_aborted,real_nm_pe1_008
2026-07-17T19:15:29+00:00,station3,0.0,0.65,1.698,0.0,226.56363636363633,1116.2,0.0018125090909090907,0.008929600000000001,precursor_aborted,real_nm_pe1_008
2026-07-17T19:15:44+00:00,station1,0.0,0.027,20.201,0.0,273928.5818181818,5523192.981818181,2.1914286545454544,44.18554385454545,precursor_aborted,real_nm_pe1_008
2026-07-17T19:15:44+00:00,station2,0.0,0.01,20.233,0.0,5521507.181818182,275107.3818181818,44.17205745454545,2.2008590545454543,precursor_aborted,real_nm_pe1_008
2026-07-17T19:15:44+00:00,station3,0.0,0.016,20.235,0.0,270.8363636363636,1325.3636363636363,0.002166690909090909,0.01060290909090909,precursor_aborted,real_nm_pe1_008
2026-07-17T19:15:59+00:00,station1,0.0,0.011,20.177,0.0,158862.11661182117,3113744.8684617206,1.2708969328945694,24.909958947693767,precursor_aborted,real_nm_pe1_008
2026-07-17T19:15:59+00:00,station2,0.0,0.032,20.201,0.0,3112645.218181818,159862.74545454545,24.90116174545454,1.2789019636363637,precursor_aborted,real_nm_pe1_008
2026-07-17T19:15:59+00:00,station3,0.0,0.025,20.284,0.0,191.3090909090909,1084.6545454545453,0.0015304727272727272,0.008677236363636362,precursor_aborted,real_nm_pe1_008
2026-07-17T19:16:14+00:00,station1,0.0,0.22,0.557,0.0,221093.38012036143,4336496.227341321,1.7687470409628914,34.69196981873057,precursor_aborted,real_nm_pe1_008
2026-07-17T19:16:14+00:00,station2,0.0,0.28,0.647,0.0,4334932.745454545,222167.36363636362,34.67946196363636,1.7773389090909089,precursor_aborted,real_nm_pe1_008
2026-07-17T19:16:14+00:00,station3,0.0,0.804,1.4,0.0,232.47272727272727,1307.4363636363635,0.001859781818181818,0.010459490909090909,precursor_aborted,real_nm_pe1_008
2026-07-17T19:16:29+00:00,station1,0.0,0.151,0.837,0.0,95310.92727272726,1835470.5818181818,0.7624874181818181,14.683764654545454,precursor_aborted,real_nm_pe1_008
2026-07-17T19:16:29+00:00,station2,0.0,0.127,0.851,0.0,1834401.8727272726,96375.4909090909,14.675214981818181,0.7710039272727273,precursor_aborted,real_nm_pe1_008
2026-07-17T19:16:29+00:00,station3,0.0,0.081,0.69,0.0,196.94545454545454,1093.0181818181816,0.0015755636363636364,0.008744145454545453,precursor_aborted,real_nm_pe1_008
2026-07-17T19:16:44+00:00,station1,0.0,0.331,0.992,0.0,314454.16696967493,6216917.551450803,2.5156333357573994,49.73534041160642,precursor_aborted,real_nm_pe1_008
2026-07-17T19:16:44+00:00,station2,0.0,0.115,0.928,0.0,6215962.672727272,315768.4,49.72770138181818,2.5261472,precursor_aborted,real_nm_pe1_008
2026-07-17T19:16:44+00:00,station3,0.0,0.361,1.096,0.0,233.56363636363633,1306.8,0.0018685090909090908,0.010454399999999999,precursor_aborted,real_nm_pe1_008
2026-07-17T19:16:59+00:00,station1,0.0,0.108,0.788,0.0,416263.5818181818,8271122.218181818,3.3301086545454543,66.16897774545454,precursor_aborted,real_nm_pe1_008
2026-07-17T19:16:59+00:00,station2,0.0,0.175,0.838,0.0,8269973.909090908,417334.87272727274,66.15979127272726,3.338678981818182,precursor_aborted,real_nm_pe1_008
2026-07-17T19:16:59+00:00,station3,0.0,0.219,0.764,0.0,189.3090909090909,1085.090909090909,0.0015144727272727273,0.008680727272727272,precursor_aborted,real_nm_pe1_008
2026-07-17T19:17:14+00:00,station1,0.0,0.257,0.771,0.0,582807.509090909,11603309.38181818,4.6624600727272725,92.82647505454544,precursor_aborted,real_nm_pe1_008
2026-07-17T19:17:14+00:00,station2,0.0,0.306,0.587,0.0,11601925.47272727,584234.9636363635,92.81540378181816,4.673879709090908,precursor_aborted,real_nm_pe1_008
2026-07-17T19:17:14+00:00,station3,0.0,0.063,0.879,0.0,237.96363636363634,1303.0363636363634,0.0019037090909090908,0.010424290909090908,precursor_aborted,real_nm_pe1_008
2026-07-17T19:17:29+00:00,station1,0.0,0.026,0.309,0.0,555301.289161227,11075392.021382984,4.442410313289815,88.60313617106387,precursor_aborted,real_nm_pe1_008
2026-07-17T19:17:29+00:00,station2,0.0,0.014,0.219,0.0,11073024.38181818,556340.1454545454,88.58419505454545,4.450721163636363,precursor_aborted,real_nm_pe1_008
2026-07-17T19:17:29+00:00,station3,0.0,0.012,0.226,0.0,199.16363636363633,1086.7636363636364,0.0015933090909090906,0.008694109090909091,precursor_aborted,real_nm_pe1_008
2026-07-17T19:17:44+00:00,station1,0.0,0.386,1.265,0.0,558103.0727272726,11106145.254545454,4.464824581818181,88.84916203636364,precursor_aborted,real_nm_pe1_008
2026-07-17T19:17:44+00:00,station2,0.0,0.395,1.009,0.0,11105195.945454543,559441.2181818181,88.84156756363635,4.475529745454545,precursor_aborted,real_nm_pe1_008
2026-07-17T19:17:44+00:00,station3,0.0,0.223,1.989,0.0,241.49090909090907,1302.9272727272726,0.0019319272727272726,0.01042341818181818,precursor_aborted,real_nm_pe1_008
2026-07-17T19:17:59+00:00,station1,0.0,0.07,0.742,0.0,445912.1272727272,8870751.2,3.5672970181818178,70.96600959999999,precursor_aborted,real_nm_pe1_008
2026-07-17T19:17:59+00:00,station2,0.0,0.159,0.889,0.0,8869440.927272728,446999.98181818175,70.95552741818182,3.575999854545454,precursor_aborted,real_nm_pe1_008
2026-07-17T19:17:59+00:00,station3,0.0,0.168,1.382,0.0,195.85454545454544,1082.3090909090909,0.0015668363636363635,0.008658472727272727,precursor_aborted,real_nm_pe1_008
2026-07-17T19:18:14+00:00,station1,0.0,0.123,0.893,0.0,557980.4909090908,11104591.29090909,4.463843927272727,88.83673032727272,precursor_aborted,real_nm_pe1_008
2026-07-17T19:18:14+00:00,station2,0.0,0.077,0.751,0.0,11103385.545454543,559295.0727272726,88.82708436363635,4.474360581818181,precursor_aborted,real_nm_pe1_008
2026-07-17T19:18:14+00:00,station3,0.0,0.253,1.384,0.0,240.1090909090909,1304.0181818181816,0.0019208727272727272,0.010432145454545452,precursor_aborted,real_nm_pe1_008
2026-07-17T19:18:29+00:00,station1,0.0,1.251,1.573,0.0,560945.0515482663,11171652.653781116,4.487560412386131,89.37322123024893,precursor_aborted,real_nm_pe1_008
2026-07-17T19:18:29+00:00,station2,0.0,1.187,1.842,0.0,11169854.527272727,562001.8727272727,89.35883621818182,4.496014981818181,precursor_aborted,real_nm_pe1_008
2026-07-17T19:18:29+00:00,station3,0.0,0.586,2.28,0.0,204.03636363636363,1090.4181818181817,0.001632290909090909,0.008723345454545454,precursor_aborted,real_nm_pe1_008
2026-07-17T19:18:44+00:00,station1,0.0,0.055,0.233,0.0,558795.0363636364,11146484.745454544,4.470360290909091,89.17187796363635,precursor_aborted,real_nm_pe1_008
2026-07-17T19:18:44+00:00,station2,0.0,0.043,0.235,0.0,11144332.745454544,560061.1272727272,89.15466196363636,4.480489018181817,precursor_aborted,real_nm_pe1_008
2026-07-17T19:18:44+00:00,station3,0.0,0.036,0.255,0.0,239.3090909090909,1307.6,0.0019144727272727272,0.0104608,precursor_aborted,real_nm_pe1_008
2026-07-17T19:18:59+00:00,station1,0.0,0.365,0.844,0.0,335047.98181818175,6679084.4,2.680383854545454,53.432675200000006,precursor_aborted,real_nm_pe1_008
2026-07-17T19:18:59+00:00,station2,0.0,0.231,0.544,0.0,6677831.290909091,336131.0727272727,53.42265032727273,2.6890485818181817,precursor_aborted,real_nm_pe1_008
2026-07-17T19:18:59+00:00,station3,0.0,0.238,0.544,0.0,193.49090909090907,1085.6909090909091,0.0015479272727272726,0.008685527272727273,precursor_aborted,real_nm_pe1_008
2026-07-17T19:19:14+00:00,station1,0.0,0.023,0.784,0.0,446117.94331012166,8877661.95160088,3.5689435464809733,71.02129561280704,precursor_aborted,real_nm_pe1_008
2026-07-17T19:19:14+00:00,station2,0.0,0.135,0.799,0.0,8875609.036363635,447419.7818181818,71.00487229090908,3.5793582545454545,precursor_aborted,real_nm_pe1_008
2026-07-17T19:19:14+00:00,station3,0.0,0.049,0.742,0.0,237.74545454545452,1305.8545454545454,0.0019019636363636363,0.010446836363636363,precursor_aborted,real_nm_pe1_008
2026-07-17T19:19:29+00:00,station1,0.0,0.206,0.869,0.0,335456.41818181815,6667033.945454544,2.683651345454545,53.33627156363635,precursor_aborted,real_nm_pe1_008
2026-07-17T19:19:29+00:00,station2,0.0,0.172,0.951,0.0,6665852.890909091,336545.61818181816,53.326823127272725,2.6923649454545453,precursor_aborted,real_nm_pe1_008
2026-07-17T19:19:29+00:00,station3,0.0,0.03,0.655,0.0,196.2181818181818,1086.290909090909,0.0015697454545454542,0.008690327272727272,precursor_aborted,real_nm_pe1_008
2026-07-17T19:19:44+00:00,station1,0.0,0.608,1.638,0.0,559520.591283478,11136241.804396445,4.476164730267824,89.08993443517156,precursor_aborted,real_nm_pe1_008
2026-07-17T19:19:44+00:00,station2,0.0,0.967,1.439,0.0,11134833.945454543,560845.8181818181,89.07867156363635,4.486766545454545,precursor_aborted,real_nm_pe1_008
2026-07-17T19:19:44+00:00,station3,0.0,0.038,0.655,0.0,232.36363636363635,1301.581818181818,0.0018589090909090908,0.010412654545454545,precursor_aborted,real_nm_pe1_008
2026-07-17T19:19:59+00:00,station1,0.0,0.629,0.675,0.0,560058.3807567134,11169883.656660788,4.4804670460537075,89.35906925328631,precursor_aborted,real_nm_pe1_008
2026-07-17T19:19:59+00:00,station2,0.0,1.1,1.061,0.0,11168968.418181816,561167.509090909,89.35174734545453,4.4893400727272725,precursor_aborted,real_nm_pe1_008
2026-07-17T19:19:59+00:00,station3,0.0,0.226,0.384,0.0,191.23636363636362,1081.2727272727273,0.001529890909090909,0.008650181818181817,precursor_aborted,real_nm_pe1_008
2026-07-17T19:20:14+00:00,station1,0.0,1.007,1.669,0.0,557929.6947439231,11107131.33829064,4.463437557951385,88.85705070632511,precursor_aborted,real_nm_pe1_008
2026-07-17T19:20:14+00:00,station2,0.0,1.274,1.714,0.0,11106451.763636362,559267.6363636364,88.85161410909089,4.47414109090909,precursor_aborted,real_nm_pe1_008
2026-07-17T19:20:14+00:00,station3,0.0,0.058,0.706,0.0,233.9272727272727,1302.509090909091,0.0018714181818181817,0.010420072727272727,precursor_aborted,real_nm_pe1_008
2026-07-17T19:20:29+00:00,station1,0.0,1.24,1.851,0.0,445719.7585410644,8874243.695339916,3.565758068328515,70.99394956271934,precursor_aborted,real_nm_pe1_008
2026-07-17T19:20:29+00:00,station2,0.0,1.226,1.891,0.0,8872669.472727273,446804.67272727273,70.98135578181818,3.574437381818182,precursor_aborted,real_nm_pe1_008
2026-07-17T19:20:29+00:00,station3,0.0,0.19,0.502,0.0,196.2181818181818,1086.8,0.0015697454545454542,0.0086944,precursor_aborted,real_nm_pe1_008
2026-07-17T19:20:44+00:00,station1,0.0,1.046,1.451,0.0,557875.8727272727,11107946.636363635,4.4630069818181815,88.86357309090909,precursor_aborted,real_nm_pe2_001
2026-07-17T19:20:44+00:00,station2,0.0,1.017,1.749,0.0,11106323.327272726,559174.3090909091,88.85058661818181,4.473394472727272,precursor_aborted,real_nm_pe2_001
2026-07-17T19:20:44+00:00,station3,0.0,0.461,0.923,0.0,238.2181818181818,1304.709090909091,0.0019057454545454544,0.010437672727272728,precursor_aborted,real_nm_pe2_001
2026-07-17T19:20:59+00:00,station1,0.0,0.203,20.377,0.0,550304.8545454545,10965408.745454544,4.402438836363636,87.72326996363635,precursor_aborted,real_nm_pe2_001
2026-07-17T19:20:59+00:00,station2,0.0,0.214,20.432,25.0,10964311.436363636,551484.5454545454,87.71449149090908,4.411876363636363,precursor_aborted,real_nm_pe2_001
2026-07-17T19:20:59+00:00,station3,0.0,0.207,0.376,0.0,192.4,1083.5272727272727,0.0015392000000000001,0.008668218181818182,precursor_aborted,real_nm_pe2_001
2026-07-17T19:21:14+00:00,station1,0.0,0.21,20.485,0.0,546664.2001345382,10934555.115175538,4.373313601076306,87.4764409214043,precursor_aborted,real_nm_pe2_001
2026-07-17T19:21:14+00:00,station2,0.0,0.245,20.392,0.0,10933963.109090907,548103.4727272727,87.47170487272726,4.384827781818181,precursor_aborted,real_nm_pe2_001
2026-07-17T19:21:14+00:00,station3,0.0,0.252,0.462,0.0,236.65454545454543,1303.6363636363635,0.0018932363636363634,0.010429090909090909,precursor_aborted,real_nm_pe2_001
2026-07-17T19:21:29+00:00,station1,0.0,0.498,0.967,0.0,415705.7946508118,8395726.285932472,3.3256463572064945,67.16581028745978,precursor_aborted,real_nm_pe2_001
2026-07-17T19:21:29+00:00,station2,0.0,0.409,0.826,0.0,8394538.6,416953.87272727274,67.15630879999999,3.335630981818182,precursor_aborted,real_nm_pe2_001
2026-07-17T19:21:29+00:00,station3,0.0,0.169,0.504,0.0,198.4,1086.9818181818182,0.0015872,0.008695854545454546,precursor_aborted,real_nm_pe2_001
2026-07-17T19:21:44+00:00,station1,0.0,1.152,1.777,0.0,523572.1506099667,10616571.605185173,4.188577204879734,84.93257284148139,precursor_aborted,real_nm_pe2_001
2026-07-17T19:21:44+00:00,station2,0.0,1.588,1.952,0.0,10615783.509090908,525159.3636363636,84.92626807272727,4.201274909090909,precursor_aborted,real_nm_pe2_001
2026-07-17T19:21:44+00:00,station3,0.0,0.303,1.007,0.0,235.0181818181818,1301.6545454545453,0.0018801454545454544,0.010413236363636362,precursor_aborted,real_nm_pe2_001
2026-07-17T19:21:59+00:00,station1,0.0,0.696,1.381,0.0,429395.8363636363,8731465.163636362,3.4351666909090905,69.85172130909089,precursor_aborted,real_nm_pe2_001
2026-07-17T19:21:59+00:00,station2,0.0,1.418,1.785,0.0,8730797.436363636,430660.16363636364,69.84637949090909,3.445281309090909,precursor_aborted,real_nm_pe2_001
2026-07-17T19:21:59+00:00,station3,0.0,0.66,1.184,0.0,190.76363636363632,1080.9999999999998,0.0015261090909090907,0.008647999999999998,precursor_aborted,real_nm_pe2_001
2026-07-17T19:22:14+00:00,station1,0.0,1.372,1.618,0.0,644493.8,13087757.345454544,5.1559504,104.70205876363634,precursor_aborted,real_nm_pe2_001
2026-07-17T19:22:14+00:00,station2,0.0,1.777,1.867,0.0,13086305.109090907,645970.6909090909,104.69044087272727,5.167765527272727,precursor_aborted,real_nm_pe2_001
2026-07-17T19:22:14+00:00,station3,0.0,0.419,0.697,0.0,235.0181818181818,1303.109090909091,0.0018801454545454544,0.010424872727272728,precursor_aborted,real_nm_pe2_001
2026-07-17T19:22:29+00:00,station1,0.0,0.27,0.529,0.0,455555.94545454544,9209013.781818181,3.6444475636363634,73.67211025454544,precursor_aborted,real_nm_pe2_001
2026-07-17T19:22:29+00:00,station2,0.0,0.243,0.378,0.0,9207801.218181817,456699.4545454545,73.66240974545454,3.6535956363636357,precursor_aborted,real_nm_pe2_001
2026-07-17T19:22:29+00:00,station3,0.0,0.358,0.574,0.0,198.4,1088.581818181818,0.0015872,0.008708654545454544,precursor_aborted,real_nm_pe2_001
2026-07-17T19:22:44+00:00,station1,0.0,0.034,0.727,0.0,552897.12540228,11104097.801778216,4.42317700321824,88.83278241422573,precursor_aborted,real_nm_pe2_001
2026-07-17T19:22:44+00:00,station2,0.0,0.162,0.878,0.0,11102325.581818182,554188.3454545455,88.81860465454545,4.433506763636363,precursor_aborted,real_nm_pe2_001
2026-07-17T19:22:44+00:00,station3,0.0,0.033,0.683,0.0,236.65454545454543,1305.9454545454544,0.0018932363636363634,0.010447563636363635,precursor_aborted,real_nm_pe2_001
2026-07-17T19:22:59+00:00,station1,0.0,0.043,0.819,0.0,444103.0708532572,8869610.407083508,3.5528245668260574,70.95688325666806,precursor_aborted,real_nm_pe2_001
2026-07-17T19:22:59+00:00,station2,0.0,0.165,0.918,0.0,8868432.527272727,445195.5636363636,70.94746021818182,3.5615645090909087,precursor_aborted,real_nm_pe2_001
2026-07-17T19:22:59+00:00,station3,0.0,0.117,0.734,0.0,192.4,1084.0181818181818,0.0015392000000000001,0.008672145454545454,precursor_aborted,real_nm_pe2_001
2026-07-17T19:23:14+00:00,station1,0.0,0.137,0.894,0.0,557510.6,11103996.327272726,4.4600848,88.83197061818181,precursor_aborted,real_nm_pe2_001
2026-07-17T19:23:14+00:00,station2,0.0,0.235,0.967,0.0,11102475.47272727,558816.7272727272,88.81980378181817,4.470533818181817,precursor_aborted,real_nm_pe2_001
2026-07-17T19:23:14+00:00,station3,0.0,0.138,0.705,0.0,236.65454545454543,1304.2,0.0018932363636363634,0.010433600000000001,precursor_aborted,real_nm_pe2_001
2026-07-17T19:23:29+00:00,station1,0.0,0.322,0.669,0.0,560338.3997236515,11170791.865898224,4.482707197789212,89.36633492718579,precursor_aborted,real_nm_pe2_001
2026-07-17T19:23:29+00:00,station2,0.0,0.236,0.554,0.0,11170414.018181818,561471.9818181818,89.36331214545454,4.4917758545454545,precursor_aborted,real_nm_pe2_001
2026-07-17T19:23:29+00:00,station3,0.0,0.298,0.72,0.0,198.94545454545454,1087.8363636363636,0.0015915636363636363,0.00870269090909091,precursor_aborted,real_nm_pe2_001
2026-07-17T19:23:44+00:00,station1,0.0,0.205,0.926,0.0,557713.1818181818,11105182.09090909,4.461705454545454,88.84145672727271,precursor_aborted,real_nm_pe2_001
2026-07-17T19:23:44+00:00,station2,0.0,0.787,1.478,0.0,11103764.563636363,559026.3454545455,88.8301165090909,4.4722107636363635,precursor_aborted,real_nm_pe2_001
2026-07-17T19:23:44+00:00,station3,0.0,0.175,0.832,0.0,235.0181818181818,1301.6,0.0018801454545454544,0.0104128,precursor_aborted,real_nm_pe2_001
2026-07-17T19:23:59+00:00,station1,0.0,0.143,0.91,0.0,445664.8909090909,8870646.454545455,3.565319127272727,70.96517163636364,precursor_aborted,real_nm_pe2_001
2026-07-17T19:23:59+00:00,station2,0.0,2.22,2.256,0.0,8869616.09090909,446748.2727272727,70.95692872727273,3.5739861818181815,precursor_aborted,real_nm_pe2_001
2026-07-17T19:23:59+00:00,station3,0.0,0.108,0.683,0.0,190.76363636363632,1080.9454545454544,0.0015261090909090907,0.008647563636363634,precursor_aborted,real_nm_pe2_001
2026-07-17T19:24:14+00:00,station1,0.0,0.358,1.037,0.0,557658.7756141021,11103734.26789578,4.461270204912817,88.82987414316625,precursor_aborted,real_nm_pe2_001
2026-07-17T19:24:14+00:00,station2,0.0,0.709,1.219,0.0,11102115.29090909,558952.7090909091,88.8169223272727,4.471621672727273,precursor_aborted,real_nm_pe2_001
2026-07-17T19:24:14+00:00,station3,0.0,0.171,0.703,0.0,235.0181818181818,1301.9272727272726,0.0018801454545454544,0.010415418181818181,precursor_aborted,real_nm_pe2_001
2026-07-17T19:24:29+00:00,station1,0.0,0.141,0.851,0.0,540157.109090909,10759629.054545455,4.321256872727272,86.07703243636364,precursor_aborted,real_nm_pe2_001
2026-07-17T19:24:29+00:00,station2,0.0,0.605,1.218,0.0,10758016.563636363,541162.0363636364,86.0641325090909,4.329296290909091,precursor_aborted,real_nm_pe2_001
2026-07-17T19:24:29+00:00,station3,0.0,0.234,0.951,0.0,198.4,1087.1272727272726,0.0015872,0.008697018181818181,precursor_aborted,real_nm_pe2_001
2026-07-17T19:24:44+00:00,station1,0.0,0.031,0.268,0.0,580563.9034856446,11581168.009164136,4.644511227885157,92.64934407331309,precursor_aborted,real_nm_pe2_001
2026-07-17T19:24:44+00:00,station2,0.0,0.011,0.191,0.0,11579205.545454543,581929.5272727272,92.63364436363635,4.655436218181817,precursor_aborted,real_nm_pe2_001
2026-07-17T19:24:44+00:00,station3,0.0,0.023,0.284,0.0,235.0181818181818,1301.7636363636364,0.0018801454545454544,0.01041410909090909,precursor_aborted,real_nm_pe2_001
2026-07-17T19:24:59+00:00,station1,0.0,0.135,0.965,0.0,445574.23636363633,8870621.654545454,3.564593890909091,70.96497323636363,precursor_aborted,real_nm_pe2_001
2026-07-17T19:24:59+00:00,station2,0.0,0.427,1.05,0.0,8869361.763636362,446647.7636363636,70.9548941090909,3.573182109090909,precursor_aborted,real_nm_pe2_001
2026-07-17T19:24:59+00:00,station3,0.0,0.46,1.747,0.0,192.4,1083.1818181818182,0.0015392000000000001,0.008665454545454546,precursor_aborted,real_nm_pe2_001
2026-07-17T19:25:14+00:00,station1,0.0,0.32,1.247,0.0,558180.8181818181,11105960.709090909,4.465446545454545,88.84768567272727,precursor_aborted,real_nm_pe2_001
2026-07-17T19:25:14+00:00,station2,0.0,0.666,1.423,0.0,11104700.67272727,559493.1636363636,88.83760538181816,4.475945309090909,precursor_aborted,real_nm_pe2_001
2026-07-17T19:25:14+00:00,station3,0.0,0.277,1.755,0.0,236.65454545454543,1303.5636363636363,0.0018932363636363634,0.01042850909090909,precursor_aborted,real_nm_pe2_001
2026-07-17T19:25:29+00:00,station1,0.0,0.083,0.845,0.0,446482.0909090909,8873462.6,3.571856727272727,70.9877008,precursor_aborted,real_nm_pe2_001
2026-07-17T19:25:29+00:00,station2,0.0,0.054,0.729,0.0,8872361.072727272,447578.34545454546,70.97888858181818,3.5806267636363636,precursor_aborted,real_nm_pe2_001
2026-07-17T19:25:29+00:00,station3,0.0,0.333,1.456,0.0,198.94545454545454,1087.4727272727273,0.0015915636363636363,0.008699781818181818,precursor_aborted,real_nm_pe2_001
2026-07-17T19:25:44+00:00,station1,0.0,0.027,0.76,0.0,649640.5468792612,12929367.979928369,5.19712437503409,103.43494383942695,precursor_aborted,real_nm_pe2_001
2026-07-17T19:25:44+00:00,station2,0.0,0.21,0.996,0.0,12928406.927272728,650895.3454545455,103.42725541818182,5.207162763636363,precursor_aborted,real_nm_pe2_001
2026-07-17T19:25:44+00:00,station3,0.0,0.56,1.495,0.0,239.96363636363634,1304.1454545454544,0.0019197090909090907,0.010433163636363636,precursor_aborted,real_nm_pe2_001
2026-07-17T19:25:59+00:00,station1,0.0,0.031,0.242,0.0,472691.158021055,9422544.009891089,3.78152926416844,75.38035207912871,precursor_aborted,real_nm_pe2_001
2026-07-17T19:25:59+00:00,station2,0.0,0.015,0.182,0.0,9420841.69090909,473770.54545454547,75.36673352727271,3.7901643636363636,precursor_aborted,real_nm_pe2_001
2026-07-17T19:25:59+00:00,station3,0.0,0.022,0.254,0.0,194.07272727272726,1081.6545454545453,0.001552581818181818,0.008653236363636362,precursor_aborted,real_nm_pe2_001
2026-07-17T19:26:14+00:00,station1,0.0,0.165,0.892,0.0,445575.98181818175,8879655.345454546,3.564607854545454,71.03724276363637,precursor_aborted,real_nm_pe2_001
2026-07-17T19:26:14+00:00,station2,0.0,0.031,0.716,0.0,8877775.690909091,446868.61818181816,71.02220552727273,3.5749489454545453,precursor_aborted,real_nm_pe2_001
2026-07-17T19:26:14+00:00,station3,0.0,0.027,0.589,0.0,238.3272727272727,1302.8181818181815,0.0019066181818181817,0.010422545454545452,precursor_aborted,real_nm_pe2_001
2026-07-17T19:26:29+00:00,station1,0.0,0.226,0.882,0.0,332361.0,6644089.909090908,2.658888,53.15271927272727,precursor_aborted,real_nm_pe2_002
2026-07-17T19:26:29+00:00,station2,0.0,0.34,1.115,0.0,6642287.981818181,333426.7636363636,53.13830385454545,2.6674141090909087,precursor_aborted,real_nm_pe2_002
2026-07-17T19:26:29+00:00,station3,0.0,0.132,0.738,0.0,197.34545454545454,1085.7090909090907,0.0015787636363636364,0.008685672727272727,precursor_aborted,real_nm_pe2_002
2026-07-17T19:26:44+00:00,station1,0.0,0.171,20.949,0.0,423570.4623552299,8531623.225032272,3.388563698841839,68.25298580025817,precursor_aborted,real_nm_pe2_002
2026-07-17T19:26:44+00:00,station2,0.0,0.006,20.705,0.0,8530205.545454545,424963.7818181818,68.24164436363635,3.3997102545454543,precursor_aborted,real_nm_pe2_002
2026-07-17T19:26:44+00:00,station3,0.0,0.284,1.025,0.0,235.0181818181818,1302.1636363636362,0.0018801454545454544,0.010417309090909089,precursor_aborted,real_nm_pe2_002
2026-07-17T19:26:59+00:00,station1,0.0,0.725,21.242,0.0,507274.9272727272,10279436.854545454,4.058199418181817,82.23549483636363,precursor_aborted,real_nm_pe2_002
2026-07-17T19:26:59+00:00,station2,0.0,0.108,20.842,0.0,10278105.29090909,508369.8909090909,82.22484232727271,4.066959127272727,precursor_aborted,real_nm_pe2_002
2026-07-17T19:26:59+00:00,station3,0.0,0.215,0.747,0.0,190.76363636363632,1081.2727272727273,0.0015261090909090907,0.008650181818181817,precursor_aborted,real_nm_pe2_002
2026-07-17T19:27:14+00:00,station1,0.0,0.371,0.661,0.0,557738.4909090908,11374992.127272727,4.461907927272727,90.99993701818181,precursor_aborted,real_nm_pe2_002
2026-07-17T19:27:14+00:00,station2,0.0,0.256,0.519,0.0,11374148.709090909,559403.1636363636,90.99318967272727,4.475225309090908,precursor_aborted,real_nm_pe2_002
2026-07-17T19:27:14+00:00,station3,0.0,0.263,0.657,0.0,235.56363636363633,1302.7818181818182,0.0018845090909090907,0.010422254545454545,precursor_aborted,real_nm_pe2_002
2026-07-17T19:27:29+00:00,station1,0.0,0.099,0.734,0.0,452831.7787596138,9309714.21298569,3.6226542300769107,74.47771370388553,precursor_aborted,real_nm_pe2_002
2026-07-17T19:27:29+00:00,station2,0.0,0.076,0.779,0.0,9308444.745454544,454091.7636363636,74.46755796363635,3.632734109090909,precursor_aborted,real_nm_pe2_002
2026-07-17T19:27:29+00:00,station3,0.0,0.163,0.866,0.0,196.76363636363632,1087.0545454545454,0.0015741090909090906,0.008696436363636362,precursor_aborted,real_nm_pe2_002
2026-07-17T19:27:44+00:00,station1,0.0,0.063,1.005,0.0,560834.9060892017,11578166.475754106,4.486679248713614,92.62533180603285,precursor_aborted,real_nm_pe2_002
2026-07-17T19:27:44+00:00,station2,0.0,0.137,0.969,0.0,11576828.963636363,562314.5454545454,92.6146317090909,4.498516363636363,precursor_aborted,real_nm_pe2_002
2026-07-17T19:27:44+00:00,station3,0.0,0.009,0.671,0.0,235.56363636363633,1304.1636363636362,0.0018845090909090907,0.01043330909090909,precursor_aborted,real_nm_pe2_002
2026-07-17T19:27:59+00:00,station1,0.0,0.175,1.0,0.0,451977.18181818177,9346123.254545454,3.615817454545454,74.76898603636363,precursor_aborted,real_nm_pe2_002
2026-07-17T19:27:59+00:00,station2,0.0,0.137,0.744,0.0,9345488.309090909,453259.3636363636,74.76390647272727,3.626074909090909,precursor_aborted,real_nm_pe2_002
2026-07-17T19:27:59+00:00,station3,0.0,0.114,0.698,0.0,190.76363636363632,1082.9636363636362,0.0015261090909090907,0.00866370909090909,precursor_aborted,real_nm_pe2_002
2026-07-17T19:28:14+00:00,station1,0.0,0.253,0.371,0.0,639663.1454545454,13260591.363636363,5.117305163636363,106.08473090909091,precursor_aborted,real_nm_pe2_002
2026-07-17T19:28:14+00:00,station2,0.0,0.277,0.457,0.0,13259004.454545455,640911.5272727272,106.07203563636364,5.127292218181818,precursor_aborted,real_nm_pe2_002
2026-07-17T19:28:14+00:00,station3,0.0,0.206,0.352,0.0,235.0181818181818,1304.4,0.0018801454545454544,0.0104352,precursor_aborted,real_nm_pe2_002
2026-07-17T19:28:29+00:00,station1,0.0,0.206,0.421,0.0,437542.67272727273,9083223.236363636,3.5003413818181817,72.66578589090909,precursor_aborted,real_nm_pe2_002
2026-07-17T19:28:29+00:00,station2,0.0,0.263,0.616,0.0,9082140.527272727,438656.98181818175,72.65712421818182,3.509255854545454,precursor_aborted,real_nm_pe2_002
2026-07-17T19:28:29+00:00,station3,0.0,0.84,1.378,0.0,198.4,1089.0363636363636,0.0015872,0.00871229090909091,precursor_aborted,real_nm_pe2_002
2026-07-17T19:28:44+00:00,station1,0.0,0.084,0.827,0.0,543819.7999999999,11091111.436363636,4.3505584,88.72889149090908,precursor_aborted,real_nm_pe2_002
2026-07-17T19:28:44+00:00,station2,0.0,0.083,0.971,0.0,11089641.363636363,545150.3272727273,88.71713090909091,4.361202618181818,precursor_aborted,real_nm_pe2_002
2026-07-17T19:28:44+00:00,station3,0.0,0.182,1.448,0.0,237.19999999999996,1305.2363636363634,0.0018975999999999997,0.010441890909090907,precursor_aborted,real_nm_pe2_002
2026-07-17T19:28:59+00:00,station1,0.0,0.23,1.035,0.0,440977.61818181816,8858145.454545455,3.5278209454545455,70.86516363636365,precursor_aborted,real_nm_pe2_002
2026-07-17T19:28:59+00:00,station2,0.0,0.834,1.332,0.0,8856908.054545455,442062.99999999994,70.85526443636364,3.5365039999999994,precursor_aborted,real_nm_pe2_002
2026-07-17T19:28:59+00:00,station3,0.0,0.891,2.122,0.0,192.94545454545454,1082.9999999999998,0.0015435636363636362,0.008663999999999998,precursor_aborted,real_nm_pe2_002
2026-07-17T19:29:14+00:00,station1,0.0,0.165,0.938,0.0,557634.0909090909,11092191.963636363,4.461072727272728,88.7375357090909,precursor_aborted,real_nm_pe2_002
2026-07-17T19:29:14+00:00,station2,0.0,0.19,0.872,0.0,11090824.49090909,558949.9090909091,88.72659592727273,4.471599272727272,precursor_aborted,real_nm_pe2_002
2026-07-17T19:29:14+00:00,station3,0.0,0.042,1.907,0.0,237.19999999999996,1303.0181818181816,0.0018975999999999997,0.010424145454545453,precursor_aborted,real_nm_pe2_002
2026-07-17T19:29:29+00:00,station1,0.0,0.307,0.63,0.0,560619.2181818181,11171305.927272728,4.484953745454545,89.37044741818183,precursor_aborted,real_nm_pe2_002
2026-07-17T19:29:29+00:00,station2,0.0,0.252,0.567,0.0,11169926.563636363,561706.709090909,89.3594125090909,4.493653672727272,precursor_aborted,real_nm_pe2_002
2026-07-17T19:29:29+00:00,station3,0.0,0.466,0.896,0.0,202.76363636363632,1086.5272727272727,0.0016221090909090906,0.008692218181818182,precursor_aborted,real_nm_pe2_002
2026-07-17T19:29:44+00:00,station1,0.0,0.368,0.616,0.0,460302.25624056876,9170560.205806958,3.68241804992455,73.36448164645566,precursor_aborted,real_nm_pe2_002
2026-07-17T19:29:44+00:00,station2,0.0,0.246,0.408,0.0,9169694.818181816,461638.5999999999,73.35755854545454,3.693108799999999,precursor_aborted,real_nm_pe2_002
2026-07-17T19:29:44+00:00,station3,0.0,0.157,0.416,0.0,237.19999999999996,1301.8181818181815,0.0018975999999999997,0.010414545454545452,precursor_aborted,real_nm_pe2_002
2026-07-17T19:29:59+00:00,station1,0.0,0.221,0.909,0.0,334118.4909090909,6642149.109090908,2.6729479272727272,53.13719287272727,precursor_aborted,real_nm_pe2_002
2026-07-17T19:29:59+00:00,station2,0.0,0.569,1.119,0.0,6640762.054545454,335209.9272727273,53.12609643636363,2.6816794181818184,precursor_aborted,real_nm_pe2_002
2026-07-17T19:29:59+00:00,station3,0.0,0.22,0.782,0.0,192.94545454545454,1081.2181818181818,0.0015435636363636362,0.008649745454545455,precursor_aborted,real_nm_pe2_002
2026-07-17T19:30:14+00:00,station1,0.0,0.214,0.829,0.0,446106.2727272727,8874932.272727272,3.5688501818181817,70.99945818181817,precursor_aborted,real_nm_pe2_002
2026-07-17T19:30:14+00:00,station2,0.0,0.123,0.82,0.0,8873364.818181818,447405.5272727272,70.98691854545454,3.5792442181818176,precursor_aborted,real_nm_pe2_002
2026-07-17T19:30:14+00:00,station3,0.0,0.111,0.761,0.0,237.19999999999996,1300.4,0.0018975999999999997,0.010403200000000001,precursor_aborted,real_nm_pe2_002
2026-07-17T19:30:29+00:00,station1,0.0,0.186,0.898,0.0,434282.63636363635,8640703.436363636,3.4742610909090907,69.12562749090908,precursor_aborted,real_nm_pe2_002
2026-07-17T19:30:29+00:00,station2,0.0,0.187,0.865,0.0,8639345.327272726,435373.67272727273,69.11476261818181,3.482989381818182,precursor_aborted,real_nm_pe2_002
2026-07-17T19:30:29+00:00,station3,0.0,0.225,0.871,0.0,196.2181818181818,1082.9818181818182,0.0015697454545454542,0.008663854545454545,precursor_aborted,real_nm_pe2_002
2026-07-17T19:30:44+00:00,station1,0.0,0.405,0.771,0.0,657952.6398080139,13106952.367100574,5.263621118464111,104.85561893680459,precursor_aborted,real_nm_pe2_002
2026-07-17T19:30:44+00:00,station2,0.0,0.366,0.693,0.0,13106321.254545454,659312.6545454545,104.85057003636364,5.274501236363636,precursor_aborted,real_nm_pe2_002
2026-07-17T19:30:44+00:00,station3,0.0,0.401,0.674,0.0,235.0181818181818,1299.0181818181816,0.0018801454545454544,0.010392145454545452,precursor_aborted,real_nm_pe2_002
2026-07-17T19:30:59+00:00,station1,0.0,0.011,0.227,0.0,462941.72727272724,9234834.145454545,3.703533818181818,73.87867316363635,precursor_aborted,real_nm_pe2_002
2026-07-17T19:30:59+00:00,station2,0.0,0.051,0.219,0.0,9233688.672727274,464039.309090909,73.86950938181819,3.712314472727272,precursor_aborted,real_nm_pe2_002
2026-07-17T19:30:59+00:00,station3,0.0,0.021,0.245,0.0,192.3272727272727,1080.2727272727273,0.0015386181818181817,0.008642181818181818,precursor_aborted,real_nm_pe2_002
2026-07-17T19:31:14+00:00,station1,0.0,1.123,1.876,0.0,446019.3639884362,8880280.0414553,3.5681549119074893,71.0422403316424,precursor_aborted,real_nm_pe2_002
2026-07-17T19:31:14+00:00,station2,0.0,1.265,1.8,0.0,8878419.145454545,447311.39999999997,71.02735316363636,3.5784911999999998,precursor_aborted,real_nm_pe2_002
2026-07-17T19:31:14+00:00,station3,0.0,0.355,0.739,0.0,235.0181818181818,1299.5636363636363,0.0018801454545454544,0.010396509090909091,precursor_aborted,real_nm_pe2_002
2026-07-17T19:31:29+00:00,station1,0.0,0.167,0.866,0.0,334151.7917204516,6645994.200316346,2.673214333763613,53.16795360253077,precursor_aborted,real_nm_pe2_002
2026-07-17T19:31:29+00:00,station2,0.0,0.09,0.82,0.0,6645512.345454545,335275.98181818175,53.16409876363636,2.682207854545454,precursor_aborted,real_nm_pe2_002
2026-07-17T19:31:29+00:00,station3,0.0,0.118,0.842,0.0,198.94545454545454,1085.8,0.0015915636363636363,0.0086864,precursor_aborted,real_nm_pe2_002
2026-07-17T19:31:44+00:00,station1,0.0,0.117,0.973,0.0,446436.935217004,8882003.52733686,3.571495481736032,71.05602821869488,precursor_aborted,real_nm_pe2_002
2026-07-17T19:31:44+00:00,station2,0.0,0.521,1.03,0.0,8880454.345454546,447743.63636363635,71.04363476363636,3.5819490909090907,precursor_aborted,real_nm_pe2_002
2026-07-17T19:31:44+00:00,station3,0.0,0.19,0.798,0.0,233.99999999999997,1301.490909090909,0.0018719999999999997,0.010411927272727273,precursor_aborted,real_nm_pe2_002
2026-07-17T19:31:59+00:00,station1,0.0,0.245,1.039,0.0,543250.8500463661,10814278.160626944,4.346006800370929,86.51422528501556,precursor_aborted,real_nm_pe2_002
2026-07-17T19:31:59+00:00,station2,0.0,0.278,0.927,0.0,10812462.527272727,544230.3272727273,86.49970021818181,4.353842618181818,precursor_aborted,real_nm_pe2_002
2026-07-17T19:31:59+00:00,station3,0.0,0.235,0.795,0.0,191.3090909090909,1083.0181818181818,0.0015304727272727272,0.008664145454545455,precursor_aborted,real_nm_pe2_002
2026-07-17T19:32:14+00:00,station1,0.0,0.031,0.257,0.0,578975.3272727273,11535525.018181818,4.631802618181818,92.28420014545453,precursor_aborted,real_nm_pe2_002
2026-07-17T19:32:14+00:00,station2,0.0,0.049,0.226,0.0,11534224.963636363,580295.0363636364,92.27379970909091,4.642360290909091,precursor_aborted,real_nm_pe2_002
2026-07-17T19:32:14+00:00,station3,0.0,0.021,0.277,0.0,235.56363636363633,1302.8363636363636,0.0018845090909090907,0.010422690909090909,precursor_aborted,real_nm_pe2_002
2026-07-17T19:32:29+00:00,station1,0.0,0.679,0.737,0.0,354963.94545454544,7068085.872727272,2.8397115636363637,56.544686981818174,precursor_aborted,real_nm_pe2_002
2026-07-17T19:32:29+00:00,station2,0.0,0.945,0.943,0.0,7066680.199999999,356137.4,56.533441599999996,2.8490992000000004,precursor_aborted,real_nm_pe2_002
2026-07-17T19:32:29+00:00,station3,0.0,41.51,29.612,0.0,197.3090909090909,1086.381818181818,0.0015784727272727273,0.008691054545454545,precursor_aborted,real_nm_pe2_002
2026-07-17T19:32:44+00:00,station1,0.0,0.259,2.006,0.0,437785.43636363634,8880143.399999999,3.5022834909090905,71.04114719999998,precursor_aborted,real_nm_pe2_002
2026-07-17T19:32:44+00:00,station2,0.0,0.374,1.96,0.0,8878416.563636363,439071.5999999999,71.0273325090909,3.512572799999999,precursor_aborted,real_nm_pe2_002
2026-07-17T19:32:44+00:00,station3,0.0,2045.532,4085.317,0.0,232.43636363636364,1307.290909090909,0.0018594909090909092,0.010458327272727273,precursor_aborted,real_nm_pe2_002
2026-07-17T19:32:59+00:00,station1,0.0,0.305,1.92,0.0,320653.98181818175,6645558.836363635,2.565231854545454,53.16447069090908,precursor_aborted,real_nm_pe2_003
2026-07-17T19:32:59+00:00,station2,0.0,0.261,1.887,0.0,6644318.418181818,321725.4727272727,53.154547345454546,2.5738037818181816,precursor_aborted,real_nm_pe2_003
2026-07-17T19:32:59+00:00,station3,0.0,979.823,1741.422,0.0,193.6,1087.2363636363636,0.0015488,0.00869789090909091,precursor_aborted,real_nm_pe2_003
2026-07-17T19:33:14+00:00,station1,0.0,0.194,21.817,0.0,498976.0181818182,10369848.38181818,3.9918081454545455,82.95878705454545,precursor_aborted,real_nm_pe2_003
2026-07-17T19:33:14+00:00,station2,0.0,0.314,22.16,0.0,10368782.709090909,500378.90909090906,82.95026167272727,4.003031272727273,precursor_aborted,real_nm_pe2_003
2026-07-17T19:33:14+00:00,station3,0.0,547.016,618.458,0.0,238.94545454545454,1309.2545454545455,0.0019115636363636363,0.010474036363636363,precursor_aborted,real_nm_pe2_003
2026-07-17T19:33:29+00:00,station1,0.0,1.679,22.365,0.0,519721.3272727272,10783998.945454543,4.157770618181818,86.27199156363635,precursor_aborted,real_nm_pe2_003
2026-07-17T19:33:29+00:00,station2,0.0,0.04,20.21,25.0,10782120.818181816,520875.10909090907,86.25696654545453,4.1670008727272725,precursor_aborted,real_nm_pe2_003
2026-07-17T19:33:29+00:00,station3,0.0,441.71,318.677,0.0,209.74545454545452,1093.6181818181817,0.0016779636363636362,0.008748945454545454,precursor_aborted,real_nm_pe2_003
2026-07-17T19:33:44+00:00,station1,0.0,0.329,0.666,0.0,433992.5999999999,8985157.38181818,3.471940799999999,71.88125905454545,precursor_aborted,real_nm_pe2_003
2026-07-17T19:33:44+00:00,station2,0.0,0.211,0.548,0.0,8984186.563636363,435557.0909090909,71.8734925090909,3.484456727272727,precursor_aborted,real_nm_pe2_003
2026-07-17T19:33:44+00:00,station3,0.0,0.19,0.585,0.0,245.7090909090909,1306.090909090909,0.001965672727272727,0.010448727272727273,precursor_aborted,real_nm_pe2_003
2026-07-17T19:33:59+00:00,station1,0.0,0.121,0.993,0.0,345277.6545454545,7048546.472727272,2.762221236363636,56.38837178181817,precursor_aborted,real_nm_pe2_003
2026-07-17T19:33:59+00:00,station2,0.0,0.214,0.951,0.0,7047358.272727272,346528.98181818175,56.378866181818175,2.772231854545454,precursor_aborted,real_nm_pe2_003
2026-07-17T19:33:59+00:00,station3,0.0,0.007,0.681,0.0,194.03636363636363,1087.1090909090908,0.0015522909090909091,0.008696872727272726,precursor_aborted,real_nm_pe2_003
2026-07-17T19:34:14+00:00,station1,0.0,0.455,1.247,0.0,461113.08885292994,9305910.856166251,3.6889047108234396,74.44728684933001,precursor_aborted,real_nm_pe2_003
2026-07-17T19:34:14+00:00,station2,0.0,0.442,1.227,0.0,9304430.927272728,462582.9636363636,74.43544741818182,3.700663709090909,precursor_aborted,real_nm_pe2_003
2026-07-17T19:34:14+00:00,station3,0.0,0.174,0.759,0.0,237.63636363636363,1306.290909090909,0.001901090909090909,0.010450327272727272,precursor_aborted,real_nm_pe2_003
2026-07-17T19:34:29+00:00,station1,0.0,1.151,1.689,0.0,442212.16363636364,8876754.545454545,3.537697309090909,71.01403636363636,precursor_aborted,real_nm_pe2_003
2026-07-17T19:34:29+00:00,station2,0.0,1.53,1.837,0.0,8875420.927272728,443474.61818181816,71.00336741818182,3.5477969454545453,precursor_aborted,real_nm_pe2_003
2026-07-17T19:34:29+00:00,station3,0.0,0.047,0.668,0.0,218.27272727272728,1197.2,0.0017461818181818182,0.0095776,precursor_aborted,real_nm_pe2_003
2026-07-17T19:34:44+00:00,station1,0.0,0.285,0.432,0.0,664020.8909090909,13342441.327272726,5.312167127272727,106.7395306181818,precursor_aborted,real_nm_pe2_003
2026-07-17T19:34:44+00:00,station2,0.0,0.353,0.532,0.0,13340969.763636362,665337.9818181818,106.7277581090909,5.322703854545455,precursor_aborted,real_nm_pe2_003
2026-07-17T19:34:44+00:00,station3,0.0,0.239,0.384,0.0,253.79999999999998,1411.8727272727272,0.0020304,0.011294981818181817,precursor_aborted,real_nm_pe2_003
2026-07-17T19:34:59+00:00,station1,0.0,0.325,0.673,0.0,447205.3272727272,8997206.109090907,3.5776426181818177,71.97764887272726,precursor_aborted,real_nm_pe2_003
2026-07-17T19:34:59+00:00,station2,0.0,0.185,0.532,0.0,8996124.309090909,448296.67272727273,71.96899447272727,3.586373381818182,precursor_aborted,real_nm_pe2_003
2026-07-17T19:34:59+00:00,station3,0.0,0.507,0.928,0.0,214.99999999999997,1193.9272727272726,0.0017199999999999997,0.009551418181818181,precursor_aborted,real_nm_pe2_003
2026-07-17T19:35:14+00:00,station1,0.0,0.362,0.966,0.0,554556.8849209957,11099189.137589324,4.436455079367965,88.79351310071459,precursor_aborted,real_nm_pe2_003
2026-07-17T19:35:14+00:00,station2,0.0,1.119,1.607,0.0,11097193.254545454,555830.8909090909,88.77754603636363,4.446647127272727,precursor_aborted,real_nm_pe2_003
2026-07-17T19:35:14+00:00,station3,0.0,0.129,1.328,0.0,253.79999999999998,1410.3090909090906,0.0020304,0.011282472727272725,precursor_aborted,real_nm_pe2_003
2026-07-17T19:35:29+00:00,station1,0.0,0.036,0.713,0.0,444820.6447624416,8868735.712857064,3.5585651580995328,70.9498857028565,precursor_aborted,real_nm_pe2_003
2026-07-17T19:35:29+00:00,station2,0.0,0.476,1.115,0.0,8866813.072727272,445884.61818181816,70.93450458181817,3.5670769454545455,precursor_aborted,real_nm_pe2_003
2026-07-17T19:35:29+00:00,station3,0.0,0.226,1.907,0.0,194.65454545454543,1088.4545454545453,0.0015572363636363635,0.008707636363636362,precursor_aborted,real_nm_pe2_003
2026-07-17T19:35:44+00:00,station1,0.0,0.83,1.262,0.0,557711.2545454545,11103150.181818182,4.4616900363636365,88.82520145454545,precursor_aborted,real_nm_pe2_003
2026-07-17T19:35:44+00:00,station2,0.0,1.25,1.935,0.0,11101478.49090909,559005.9636363636,88.81182792727272,4.472047709090909,precursor_aborted,real_nm_pe2_003
2026-07-17T19:35:44+00:00,station3,0.0,0.19,1.864,0.0,244.29090909090908,1312.0181818181816,0.0019543272727272727,0.010496145454545452,precursor_aborted,real_nm_pe2_003
2026-07-17T19:35:59+00:00,station1,0.0,0.596,0.602,0.0,560061.0363636364,11170401.763636362,4.480488290909091,89.36321410909089,precursor_aborted,real_nm_pe2_003
2026-07-17T19:35:59+00:00,station2,0.0,0.343,0.438,0.0,11169078.709090909,561143.2545454545,89.35262967272728,4.489146036363636,precursor_aborted,real_nm_pe2_003
2026-07-17T19:35:59+00:00,station3,0.0,0.915,0.847,0.0,202.74545454545452,1092.9272727272726,0.0016219636363636362,0.008743418181818181,precursor_aborted,real_nm_pe2_003
2026-07-17T19:36:14+00:00,station1,0.0,0.27,0.653,0.0,455400.63636363635,9078307.4,3.643205090909091,72.6264592,precursor_aborted,real_nm_pe2_003
2026-07-17T19:36:14+00:00,station2,0.0,0.264,0.632,0.0,9076839.727272727,456701.87272727274,72.61471781818182,3.653614981818182,precursor_aborted,real_nm_pe2_003
2026-07-17T19:36:14+00:00,station3,0.0,0.351,0.675,0.0,245.38181818181818,1315.0727272727272,0.0019630545454545453,0.010520581818181819,precursor_aborted,real_nm_pe2_003
2026-07-17T19:36:29+00:00,station1,0.0,0.053,0.74,0.0,333033.10909090907,6641394.254545454,2.6642648727272724,53.13115403636363,precursor_aborted,real_nm_pe2_003
2026-07-17T19:36:29+00:00,station2,0.0,0.083,0.983,0.0,6640441.327272727,334122.34545454546,53.12353061818182,2.6729787636363636,precursor_aborted,real_nm_pe2_003
2026-07-17T19:36:29+00:00,station3,0.0,0.142,0.788,0.0,209.16363636363633,1092.6363636363635,0.0016733090909090906,0.008741090909090908,precursor_aborted,real_nm_pe2_003
2026-07-17T19:36:44+00:00,station1,0.0,0.047,0.758,0.0,442846.63636363635,8873908.399999999,3.542773090909091,70.99126719999998,precursor_aborted,real_nm_pe2_003
2026-07-17T19:36:44+00:00,station2,0.0,0.147,0.848,0.0,8873005.945454545,444162.2909090909,70.98404756363637,3.553298327272727,precursor_aborted,real_nm_pe2_003
2026-07-17T19:36:44+00:00,station3,0.0,0.156,0.731,0.0,235.0181818181818,1303.6727272727271,0.0018801454545454544,0.010429381818181817,precursor_aborted,real_nm_pe2_003
2026-07-17T19:36:59+00:00,station1,0.0,1.388,1.724,0.0,434863.0727272727,8733491.254545454,3.4789045818181816,69.86793003636363,precursor_aborted,real_nm_pe2_003
2026-07-17T19:36:59+00:00,station2,0.0,1.615,1.899,0.0,8732099.581818182,435949.54545454547,69.85679665454546,3.4875963636363636,precursor_aborted,real_nm_pe2_003
2026-07-17T19:36:59+00:00,station3,0.0,0.21,0.744,0.0,193.47272727272727,1084.4181818181817,0.0015477818181818181,0.008675345454545453,precursor_aborted,real_nm_pe2_003
2026-07-17T19:37:14+00:00,station1,0.0,0.224,0.39,0.0,656607.6545454545,13199248.38181818,5.252861236363636,105.59398705454545,precursor_aborted,real_nm_pe2_003
2026-07-17T19:37:14+00:00,station2,0.0,0.187,0.354,0.0,13197613.581818182,657913.6363636364,105.58090865454545,5.2633090909090905,precursor_aborted,real_nm_pe2_003
2026-07-17T19:37:14+00:00,station3,0.0,0.368,0.557,0.0,232.7272727272727,1302.1454545454544,0.0018618181818181815,0.010417163636363636,precursor_aborted,real_nm_pe2_003
2026-07-17T19:37:29+00:00,station1,0.0,0.212,0.432,0.0,454361.0166718179,9137789.884188136,3.6348881333745435,73.10231907350509,precursor_aborted,real_nm_pe2_003
2026-07-17T19:37:29+00:00,station2,0.0,0.252,0.403,0.0,9136951.145454545,455475.14545454545,73.09560916363635,3.6438011636363634,precursor_aborted,real_nm_pe2_003
2026-07-17T19:37:29+00:00,station3,0.0,0.16,0.431,0.0,195.63636363636363,1087.8,0.001565090909090909,0.008702399999999999,precursor_aborted,real_nm_pe2_003
2026-07-17T19:37:44+00:00,station1,0.0,0.038,0.784,0.0,554592.5636363636,11103014.963636363,4.4367405090909084,88.82411970909091,precursor_aborted,real_nm_pe2_003
2026-07-17T19:37:44+00:00,station2,0.0,0.436,1.016,0.0,11101060.636363635,555889.2,88.80848509090907,4.4471136,precursor_aborted,real_nm_pe2_003
2026-07-17T19:37:44+00:00,station3,0.0,0.036,0.625,0.0,232.6181818181818,1304.1272727272726,0.0018609454545454544,0.01043301818181818,precursor_aborted,real_nm_pe2_003
2026-07-17T19:37:59+00:00,station1,0.0,0.121,0.836,0.0,444424.78954162804,8870213.09478354,3.5553983163330245,70.96170475826833,precursor_aborted,real_nm_pe2_003
2026-07-17T19:37:59+00:00,station2,0.0,0.179,0.826,0.0,8868301.98181818,445495.19999999995,70.94641585454545,3.5639616,precursor_aborted,real_nm_pe2_003
2026-07-17T19:37:59+00:00,station3,0.0,0.154,0.765,0.0,190.7090909090909,1084.7272727272727,0.0015256727272727271,0.008677818181818182,precursor_aborted,real_nm_pe2_003
2026-07-17T19:38:14+00:00,station1,0.0,0.425,1.271,0.0,557563.3556973763,11104687.84886998,4.46050684557901,88.83750279095983,precursor_aborted,real_nm_pe2_003
2026-07-17T19:38:14+00:00,station2,0.0,0.834,1.287,0.0,11102763.327272726,558859.0727272726,88.8221066181818,4.470872581818181,precursor_aborted,real_nm_pe2_003
2026-07-17T19:38:14+00:00,station3,0.0,0.236,0.884,0.0,234.9090909090909,1306.1454545454544,0.0018792727272727273,0.010449163636363635,precursor_aborted,real_nm_pe2_003
2026-07-17T19:38:29+00:00,station1,0.0,0.243,0.565,0.0,559950.0545454546,11169086.4,4.479600436363636,89.35269120000001,precursor_aborted,real_nm_pe2_003
2026-07-17T19:38:29+00:00,station2,0.0,0.268,0.627,0.0,11167843.29090909,561043.4,89.3427463272727,4.4883472,precursor_aborted,real_nm_pe2_003
2026-07-17T19:38:29+00:00,station3,0.0,0.216,0.49,0.0,197.67272727272726,1090.6909090909091,0.001581381818181818,0.008725527272727273,precursor_aborted,real_nm_pe2_003
2026-07-17T19:38:44+00:00,station1,0.0,0.163,0.877,0.0,557259.4363636363,11099150.49090909,4.45807549090909,88.79320392727273,precursor_aborted,real_nm_pe2_003
2026-07-17T19:38:44+00:00,station2,0.0,0.099,1.111,0.0,11097814.854545454,558574.2545454545,88.78251883636362,4.468594036363636,precursor_aborted,real_nm_pe2_003
2026-07-17T19:38:44+00:00,station3,0.0,0.027,0.679,0.0,235.0181818181818,1305.709090909091,0.0018801454545454544,0.010445672727272728,precursor_aborted,real_nm_pe2_003
2026-07-17T19:38:59+00:00,station1,0.0,0.358,1.056,0.0,445286.5999999999,8866366.38181818,3.5622927999999994,70.93093105454545,precursor_aborted,real_nm_pe2_003
2026-07-17T19:38:59+00:00,station2,0.0,0.421,1.094,0.0,8864953.072727272,446371.23636363633,70.91962458181818,3.570969890909091,precursor_aborted,real_nm_pe2_003
2026-07-17T19:38:59+00:00,station3,0.0,0.269,0.976,0.0,195.03636363636363,1085.7818181818182,0.001560290909090909,0.008686254545454545,precursor_aborted,real_nm_pe2_003
2026-07-17T19:39:14+00:00,station1,0.0,0.026,0.709,0.0,557364.5636363636,11100980.49090909,4.458916509090908,88.80784392727273,precursor_aborted,real_nm_pe2_003
2026-07-17T19:39:14+00:00,station2,0.0,0.055,0.725,0.0,11100082.563636363,558690.7818181817,88.8006605090909,4.469526254545454,precursor_aborted,real_nm_pe2_003
2026-07-17T19:39:14+00:00,station3,0.0,0.018,0.64,0.0,233.9272727272727,1303.581818181818,0.0018714181818181817,0.010428654545454545,precursor_aborted,real_nm_pe2_003
2026-07-17T19:39:29+00:00,station1,0.0,0.064,1.096,0.0,543616.4615188815,10828206.523517754,4.348931692151052,86.62565218814203,precursor_aborted,real_nm_pe2_003
2026-07-17T19:39:29+00:00,station2,0.0,0.141,0.768,0.0,10827061.036363635,544667.0181818182,86.61648829090907,4.357336145454545,precursor_aborted,real_nm_pe2_003
2026-07-17T19:39:29+00:00,station3,0.0,0.1,0.674,0.0,198.4,1089.1272727272726,0.0015872,0.008713018181818181,precursor_aborted,real_nm_pe2_003
2026-07-17T19:39:44+00:00,station1,0.0,0.352,0.455,0.0,577675.4236055559,11519577.503454294,4.621403388844447,92.15662002763435,precursor_aborted,real_nm_pe2_003
2026-07-17T19:39:44+00:00,station2,0.0,0.345,0.489,0.0,11518954.2,579109.4181818181,92.1516336,4.632875345454544,precursor_aborted,real_nm_pe2_003
2026-07-17T19:39:44+00:00,station3,0.0,0.486,0.637,0.0,233.9272727272727,1305.3636363636363,0.0018714181818181817,0.01044290909090909,precursor_aborted,real_nm_pe2_003
2026-07-17T19:39:59+00:00,station1,0.0,1.464,1.8,0.0,445357.54545454547,8866830.818181818,3.562860363636364,70.93464654545454,precursor_aborted,real_nm_pe2_003
2026-07-17T19:39:59+00:00,station2,0.0,1.647,1.977,0.0,8865518.636363635,446449.94545454544,70.92414909090908,3.5715995636363633,precursor_aborted,real_nm_pe2_003
2026-07-17T19:39:59+00:00,station3,0.0,0.111,1.564,0.0,194.0181818181818,1088.0727272727272,0.0015521454545454544,0.008704581818181817,precursor_aborted,real_nm_pe2_003
2026-07-17T19:40:14+00:00,station1,0.0,1.568,1.807,0.0,557336.0909090909,11099820.563636363,4.458688727272728,88.7985645090909,precursor_aborted,real_nm_pe2_004
2026-07-17T19:40:14+00:00,station2,0.0,1.643,2.162,0.0,11098121.036363635,558629.7272727272,88.78496829090908,4.469037818181818,precursor_aborted,real_nm_pe2_004
2026-07-17T19:40:14+00:00,station3,0.0,0.128,1.38,0.0,233.99999999999997,1308.0,0.0018719999999999997,0.010464,precursor_aborted,real_nm_pe2_004
2026-07-17T19:40:29+00:00,station1,0.0,0.269,20.71,0.0,436096.45980689855,8679954.506609451,3.4887716784551883,69.43963605287561,precursor_aborted,real_nm_pe2_004
2026-07-17T19:40:29+00:00,station2,0.0,0.277,20.538,0.0,8678500.6,437258.14545454545,69.4280048,3.4980651636363636,precursor_aborted,real_nm_pe2_004
2026-07-17T19:40:29+00:00,station3,0.0,0.158,0.543,0.0,200.03636363636363,1093.1454545454544,0.001600290909090909,0.008745163636363636,precursor_aborted,real_nm_pe2_004
2026-07-17T19:40:44+00:00,station1,0.0,0.259,20.595,0.0,628625.1454545454,12623497.636363635,5.029001163636363,100.98798109090907,precursor_aborted,real_nm_pe2_004
2026-07-17T19:40:44+00:00,station2,0.0,0.344,20.679,0.0,12621879.363636363,629932.2909090909,100.97503490909091,5.039458327272727,precursor_aborted,real_nm_pe2_004
2026-07-17T19:40:44+00:00,station3,0.0,0.854,1.387,0.0,235.1272727272727,1306.5636363636363,0.0018810181818181815,0.01045250909090909,precursor_aborted,real_nm_pe2_004
2026-07-17T19:40:59+00:00,station1,0.0,0.039,20.243,0.0,446294.6417207586,8996313.732976964,3.5703571337660684,71.9705098638157,precursor_aborted,real_nm_pe2_004
2026-07-17T19:40:59+00:00,station2,0.0,0.009,20.266,0.0,8994607.945454543,447525.79999999993,71.95686356363635,3.5802063999999993,precursor_aborted,real_nm_pe2_004
2026-07-17T19:40:59+00:00,station3,0.0,0.034,0.286,0.0,192.3090909090909,1085.090909090909,0.0015384727272727272,0.008680727272727272,precursor_aborted,real_nm_pe2_004
2026-07-17T19:41:14+00:00,station1,0.0,0.116,0.886,0.0,518500.9545280995,10554885.820257813,4.148007636224796,84.4390865620625,precursor_aborted,real_nm_pe2_004
2026-07-17T19:41:14+00:00,station2,0.0,0.694,1.23,0.0,10553947.109090907,520070.8545454545,84.43157687272726,4.160566836363636,precursor_aborted,real_nm_pe2_004
2026-07-17T19:41:14+00:00,station3,0.0,0.133,0.957,0.0,237.27272727272728,1307.4727272727273,0.0018981818181818182,0.010459781818181819,precursor_aborted,real_nm_pe2_004
2026-07-17T19:41:29+00:00,station1,0.0,0.114,1.108,0.0,424207.90909090906,8668366.6,3.3936632727272724,69.34693279999999,precursor_aborted,real_nm_pe2_004
2026-07-17T19:41:29+00:00,station2,0.0,0.046,0.751,0.0,8667215.036363635,425445.98181818175,69.33772029090908,3.403567854545454,precursor_aborted,real_nm_pe2_004
2026-07-17T19:41:29+00:00,station3,0.0,0.074,0.626,0.0,197.96363636363634,1091.7818181818182,0.0015837090909090908,0.008734254545454545,precursor_aborted,real_nm_pe2_004
2026-07-17T19:41:44+00:00,station1,0.0,0.34,0.948,0.0,536712.9272727272,10917935.581818182,4.293703418181818,87.34348465454545,precursor_aborted,real_nm_pe2_004
2026-07-17T19:41:44+00:00,station2,0.0,0.42,0.983,0.0,10916584.345454544,538193.6363636364,87.33267476363635,4.305549090909091,precursor_aborted,real_nm_pe2_004
2026-07-17T19:41:44+00:00,station3,0.0,0.113,0.758,0.0,244.83636363636361,1315.109090909091,0.001958690909090909,0.010520872727272729,precursor_aborted,real_nm_pe2_004
2026-07-17T19:41:59+00:00,station1,0.0,0.123,0.763,0.0,550212.1272727272,11167686.69090909,4.401697018181817,89.34149352727272,precursor_aborted,real_nm_pe2_004
2026-07-17T19:41:59+00:00,station2,0.0,0.073,0.988,0.0,11166321.145454545,551469.5454545454,89.33056916363635,4.411756363636363,precursor_aborted,real_nm_pe2_004
2026-07-17T19:41:59+00:00,station3,0.0,0.192,0.755,0.0,200.23636363636362,1092.1999999999998,0.001601890909090909,0.008737599999999998,precursor_aborted,real_nm_pe2_004
2026-07-17T19:42:14+00:00,station1,0.0,0.014,0.21,0.0,474459.791640152,9596955.582625771,3.795678333121216,76.77564466100617,precursor_aborted,real_nm_pe2_004
2026-07-17T19:42:14+00:00,station2,0.0,0.008,0.278,0.0,9595678.672727274,475862.99999999994,76.7654293818182,3.8069039999999994,precursor_aborted,real_nm_pe2_004
2026-07-17T19:42:14+00:00,station3,0.0,0.029,0.235,0.0,240.69090909090906,1311.7818181818182,0.0019255272727272724,0.010494254545454546,precursor_aborted,real_nm_pe2_004
2026-07-17T19:42:29+00:00,station1,0.0,0.082,0.853,0.0,330386.8181818182,6646724.018181818,2.6430945454545456,53.17379214545454,precursor_aborted,real_nm_pe2_004
2026-07-17T19:42:29+00:00,station2,0.0,0.058,0.766,0.0,6645191.545454545,331456.4545454545,53.16153236363636,2.6516516363636358,precursor_aborted,real_nm_pe2_004
2026-07-17T19:42:29+00:00,station3,0.0,0.158,0.794,0.0,196.18181818181816,1088.5636363636363,0.0015694545454545453,0.00870850909090909,precursor_aborted,real_nm_pe2_004
2026-07-17T19:42:44+00:00,station1,0.0,0.383,0.95,0.0,442260.09563810256,8881720.740377098,3.5380807651048203,71.05376592301678,precursor_aborted,real_nm_pe2_004
2026-07-17T19:42:44+00:00,station2,0.0,1.209,1.585,0.0,8880382.6,443556.50909090904,71.04306079999999,3.5484520727272724,precursor_aborted,real_nm_pe2_004
2026-07-17T19:42:44+00:00,station3,0.0,0.088,0.658,0.0,237.78181818181818,1305.2545454545455,0.0019022545454545454,0.010442036363636364,precursor_aborted,real_nm_pe2_004
2026-07-17T19:42:59+00:00,station1,0.0,0.025,0.808,0.0,410313.90909090906,8222209.363636362,3.2825112727272723,65.7776749090909,precursor_aborted,real_nm_pe2_004
2026-07-17T19:42:59+00:00,station2,0.0,0.34,1.057,0.0,8220980.163636362,411402.90909090906,65.7678413090909,3.2912232727272723,precursor_aborted,real_nm_pe2_004
2026-07-17T19:42:59+00:00,station3,0.0,0.093,0.697,0.0,195.76363636363632,1085.7636363636364,0.0015661090909090906,0.00868610909090909,precursor_aborted,real_nm_pe2_004
2026-07-17T19:43:14+00:00,station1,0.0,0.08,0.653,0.0,632599.0690401294,12691424.586795645,5.060792552321035,101.53139669436516,precursor_aborted,real_nm_pe2_004
2026-07-17T19:43:14+00:00,station2,0.0,0.099,0.773,0.0,12689202.890909089,633793.5818181818,101.51362312727271,5.070348654545454,precursor_aborted,real_nm_pe2_004
2026-07-17T19:43:14+00:00,station3,0.0,0.282,0.954,0.0,237.3090909090909,1305.090909090909,0.0018984727272727273,0.010440727272727272,precursor_aborted,real_nm_pe2_004
2026-07-17T19:43:29+00:00,station1,0.0,0.05,0.246,0.0,480635.6545454545,9657967.09090909,3.845085236363636,77.26373672727271,precursor_aborted,real_nm_pe2_004
2026-07-17T19:43:29+00:00,station2,0.0,0.042,0.226,0.0,9656718.163636362,481814.0181818182,77.2537453090909,3.8545121454545455,precursor_aborted,real_nm_pe2_004
2026-07-17T19:43:29+00:00,station3,0.0,0.045,0.289,0.0,193.38181818181818,1088.1272727272726,0.0015470545454545454,0.00870501818181818,precursor_aborted,real_nm_pe2_004
2026-07-17T19:43:44+00:00,station1,0.0,0.19,2.408,0.0,554830.1121797785,11106133.85211178,4.438640897438228,88.84907081689423,precursor_aborted,real_nm_pe2_004
2026-07-17T19:43:44+00:00,station2,0.0,0.589,2.328,0.0,11104588.127272727,556147.0909090909,88.83670501818182,4.449176727272728,precursor_aborted,real_nm_pe2_004
2026-07-17T19:43:44+00:00,station3,0.0,1214.384,2135.766,100.0,217.27272727272728,1307.9454545454544,0.0017381818181818182,0.010463563636363636,precursor_aborted,real_nm_pe2_004
2026-07-17T19:43:59+00:00,station1,0.0,0.207,2.066,0.0,443976.99999999994,8871872.945454545,3.5518159999999996,70.97498356363636,precursor_aborted,real_nm_pe2_004
2026-07-17T19:43:59+00:00,station2,0.0,0.308,2.428,0.0,8870764.254545454,445059.0545454545,70.96611403636363,3.560472436363636,precursor_aborted,real_nm_pe2_004
2026-07-17T19:43:59+00:00,station3,0.0,1023.969,2374.645,0.0,193.29090909090908,1097.8727272727272,0.0015463272727272727,0.008782981818181818,precursor_aborted,real_nm_pe2_004
2026-07-17T19:44:14+00:00,station1,0.0,0.384,2.378,0.0,556470.7090909091,11105160.927272728,4.451765672727273,88.84128741818182,precursor_aborted,real_nm_pe2_004
2026-07-17T19:44:14+00:00,station2,0.0,1.827,3.315,0.0,11103587.527272727,557750.6909090909,88.82870021818182,4.462005527272727,precursor_aborted,real_nm_pe2_004
2026-07-17T19:44:14+00:00,station3,0.0,826.74,1134.116,100.0,239.99999999999997,1331.0,0.0019199999999999998,0.010648,precursor_aborted,real_nm_pe2_004
2026-07-17T19:44:29+00:00,station1,0.0,0.281,2.088,0.0,558909.7636363636,11170434.818181816,4.471278109090909,89.36347854545453,precursor_aborted,real_nm_pe2_004
2026-07-17T19:44:29+00:00,station2,0.0,0.588,2.192,0.0,11169336.145454545,559998.6545454545,89.35468916363635,4.479989236363636,precursor_aborted,real_nm_pe2_004
2026-07-17T19:44:29+00:00,station3,0.0,1136.885,2003.786,0.0,225.27272727272728,1119.0363636363634,0.0018021818181818182,0.008952290909090907,precursor_aborted,real_nm_pe2_004
2026-07-17T19:44:44+00:00,station1,0.0,0.297,0.952,0.0,556853.8518882162,11107004.709176531,4.45483081510573,88.85603767341225,precursor_aborted,real_nm_pe2_004
2026-07-17T19:44:44+00:00,station2,0.0,0.361,0.995,0.0,11105248.618181817,558119.5272727272,88.84198894545453,4.464956218181817,precursor_aborted,real_nm_pe2_004
2026-07-17T19:44:44+00:00,station3,0.0,0.082,0.621,0.0,272.58181818181816,1330.109090909091,0.0021806545454545454,0.010640872727272729,precursor_aborted,real_nm_pe2_004
2026-07-17T19:44:59+00:00,station1,0.0,0.394,1.088,0.0,445276.8050328188,8872052.16458481,3.5622144402625504,70.97641731667848,precursor_aborted,real_nm_pe2_004
2026-07-17T19:44:59+00:00,station2,0.0,0.626,1.365,0.0,8870602.999999998,446342.43636363634,70.96482399999998,3.570739490909091,precursor_aborted,real_nm_pe2_004
2026-07-17T19:44:59+00:00,station3,0.0,0.229,1.07,0.0,195.7272727272727,1089.6727272727271,0.0015658181818181815,0.008717381818181817,precursor_aborted,real_nm_pe2_004
2026-07-17T19:45:14+00:00,station1,0.0,0.226,1.042,0.0,557885.509090909,11108029.145454545,4.4630840727272725,88.86423316363636,precursor_aborted,real_nm_pe2_004
2026-07-17T19:45:14+00:00,station2,0.0,0.142,0.817,0.0,11106556.2,559190.1454545454,88.8524496,4.473521163636363,precursor_aborted,real_nm_pe2_004
2026-07-17T19:45:14+00:00,station3,0.0,0.225,0.911,0.0,253.34545454545454,1307.0,0.0020267636363636363,0.010456,precursor_aborted,real_nm_pe2_004
2026-07-17T19:45:29+00:00,station1,0.0,0.192,0.863,0.0,518458.3734841185,10318309.558008036,4.147666987872948,82.54647646406428,precursor_aborted,real_nm_pe2_004
2026-07-17T19:45:29+00:00,station2,0.0,0.456,1.308,0.0,10316798.781818181,519506.0909090909,82.53439025454546,4.156048727272727,precursor_aborted,real_nm_pe2_004
2026-07-17T19:45:29+00:00,station3,0.0,0.498,0.981,0.0,198.94545454545454,1088.9818181818182,0.0015915636363636363,0.008711854545454546,precursor_aborted,real_nm_pe2_004
2026-07-17T19:45:44+00:00,station1,0.0,0.017,0.258,0.0,603419.7530864198,12029593.228967799,4.8273580246913586,96.2367458317424,precursor_aborted,real_nm_pe2_004
2026-07-17T19:45:44+00:00,station2,0.0,0.024,0.206,0.0,12028047.836363636,604769.4181818181,96.22438269090908,4.8381553454545445,precursor_aborted,real_nm_pe2_004
2026-07-17T19:45:44+00:00,station3,0.0,0.036,0.275,0.0,236.25454545454542,1304.8181818181815,0.0018900363636363633,0.010438545454545452,precursor_aborted,real_nm_pe2_004
2026-07-17T19:45:59+00:00,station1,0.0,0.145,0.927,0.0,445871.8820449422,8871807.577630717,3.5669750563595373,70.97446062104574,tunnel_degradation,real_spec_tunnel_degradation_001
2026-07-17T19:45:59+00:00,station2,0.0,0.237,0.866,0.0,8870700.454545455,446972.61818181816,70.96560363636364,3.5757809454545453,tunnel_degradation,real_spec_tunnel_degradation_001
2026-07-17T19:45:59+00:00,station3,0.0,0.187,0.973,0.0,186.6,1080.9636363636362,0.0014927999999999999,0.00864770909090909,tunnel_degradation,real_spec_tunnel_degradation_001
2026-07-17T19:46:14+00:00,station1,0.0,0.632,8.276,0.0,485484.13665206084,9542847.711859785,3.883873093216487,76.34278169487828,tunnel_degradation,real_spec_tunnel_degradation_001
2026-07-17T19:46:14+00:00,station2,0.0,0.474,7.586,0.0,9541282.6,486688.309090909,76.33026079999999,3.8935064727272723,tunnel_degradation,real_spec_tunnel_degradation_001
2026-07-17T19:46:14+00:00,station3,0.0,0.819,6.735,0.0,236.25454545454542,1306.1636363636362,0.0018900363636363633,0.01044930909090909,tunnel_degradation,real_spec_tunnel_degradation_001
2026-07-17T19:46:29+00:00,station1,0.0,0.217,6.653,0.0,279066.4909090909,5271209.018181818,2.2325319272727273,42.16967214545454,tunnel_degradation,real_spec_tunnel_degradation_001
2026-07-17T19:46:29+00:00,station2,0.0,0.831,7.654,0.0,5270014.781818181,280040.3636363636,42.16011825454545,2.2403229090909087,tunnel_degradation,real_spec_tunnel_degradation_001
2026-07-17T19:46:29+00:00,station3,0.0,0.808,6.471,0.0,199.6,1092.6181818181817,0.0015968,0.008740945454545453,tunnel_degradation,real_spec_tunnel_degradation_001
2026-07-17T19:46:44+00:00,station1,0.0,0.248,7.124,0.0,270309.2545454545,4794775.2,2.162474036363636,38.3582016,tunnel_degradation,real_spec_tunnel_degradation_001
2026-07-17T19:46:44+00:00,station2,0.0,1.051,7.438,25.0,4793088.309090909,271462.3636363636,38.34470647272727,2.171698909090909,tunnel_degradation,real_spec_tunnel_degradation_001
2026-07-17T19:46:44+00:00,station3,0.0,1.01,7.03,0.0,236.2181818181818,1307.8363636363636,0.0018897454545454544,0.010462690909090909,tunnel_degradation,real_spec_tunnel_degradation_001
2026-07-17T19:46:59+00:00,station1,0.0,0.946,7.835,0.0,98440.45454545454,1322786.1818181819,0.7875236363636363,10.582289454545455,tunnel_degradation,real_spec_tunnel_degradation_001
2026-07-17T19:46:59+00:00,station2,0.0,1.62,8.017,0.0,1322643.3636363635,99507.0,10.581146909090908,0.796056,tunnel_degradation,real_spec_tunnel_degradation_001
2026-07-17T19:46:59+00:00,station3,0.0,1.096,7.814,0.0,189.2181818181818,1083.6363636363635,0.0015137454545454544,0.008669090909090908,tunnel_degradation,real_spec_tunnel_degradation_001
2026-07-17T19:47:14+00:00,station1,0.0,0.066,7.965,0.0,86696.56363636363,968521.1272727272,0.6935725090909091,7.748169018181818,tunnel_degradation,real_spec_tunnel_degradation_001
2026-07-17T19:47:14+00:00,station2,0.0,0.325,8.858,0.0,967026.2363636363,88000.6,7.736209890909091,0.7040048000000001,tunnel_degradation,real_spec_tunnel_degradation_001
2026-07-17T19:47:14+00:00,station3,0.0,1.199,7.343,0.0,236.2181818181818,1307.0,0.0018897454545454544,0.010456,tunnel_degradation,real_spec_tunnel_degradation_001
2026-07-17T19:47:29+00:00,station1,0.0,0.221,6.639,0.0,68141.10909090909,769567.3636363635,0.5451288727272727,6.156538909090909,tunnel_degradation,real_spec_tunnel_degradation_001
2026-07-17T19:47:29+00:00,station2,0.0,0.652,7.53,0.0,768331.7636363636,69222.96363636364,6.146654109090909,0.5537837090909091,tunnel_degradation,real_spec_tunnel_degradation_001
2026-07-17T19:47:29+00:00,station3,0.0,1.235,6.822,0.0,199.49090909090907,1089.9636363636362,0.0015959272727272726,0.00871970909090909,tunnel_degradation,real_spec_tunnel_degradation_001
2026-07-17T19:47:44+00:00,station1,0.0,0.429,8.107,0.0,85099.14545454545,971152.5636363636,0.6807931636363636,7.769220509090909,tunnel_degradation,real_spec_tunnel_degradation_001
2026-07-17T19:47:44+00:00,station2,0.0,0.507,7.687,0.0,969681.7636363636,86400.27272727272,7.757454109090909,0.6912021818181817,tunnel_degradation,real_spec_tunnel_degradation_001
2026-07-17T19:47:44+00:00,station3,0.0,0.62,7.625,0.0,235.1272727272727,1306.6181818181817,0.0018810181818181815,0.010452945454545453,tunnel_degradation,real_spec_tunnel_degradation_001
2026-07-17T19:47:59+00:00,station1,0.0,3.512,14.923,25.0,82124.71135838835,943499.3908980164,0.6569976908671068,7.547995127184131,tunnel_degradation,real_spec_tunnel_degradation_001
2026-07-17T19:47:59+00:00,station2,0.0,1.747,13.438,0.0,942145.2545454544,83111.67272727271,7.537162036363635,0.6648933818181817,tunnel_degradation,real_spec_tunnel_degradation_001
2026-07-17T19:47:59+00:00,station3,0.0,2.953,16.166,0.0,188.1272727272727,1084.7818181818182,0.0015050181818181815,0.008678254545454546,tunnel_degradation,real_spec_tunnel_degradation_001
2026-07-17T19:48:14+00:00,station1,0.0,3.637,15.526,0.0,68846.99999999999,790562.2727272727,0.5507759999999999,6.324498181818182,tunnel_degradation,real_spec_tunnel_degradation_001
2026-07-17T19:48:14+00:00,station2,0.0,3.303,14.486,25.0,789002.4909090908,70037.0909090909,6.312019927272726,0.5602967272727272,tunnel_degradation,real_spec_tunnel_degradation_001
2026-07-17T19:48:14+00:00,station3,0.0,1.665,14.608,0.0,235.1272727272727,1307.0,0.0018810181818181815,0.010456,tunnel_degradation,real_spec_tunnel_degradation_001
2026-07-17T19:48:29+00:00,station1,0.0,0.311,15.245,0.0,40208.34545454545,461124.90909090906,0.3216667636363636,3.6889992727272727,tunnel_degradation,real_spec_tunnel_degradation_001
2026-07-17T19:48:29+00:00,station2,0.0,2.622,16.325,0.0,459776.19999999995,41184.23636363636,3.6782095999999997,0.32947389090909085,tunnel_degradation,real_spec_tunnel_degradation_001
2026-07-17T19:48:29+00:00,station3,0.0,4.149,16.75,0.0,197.3090909090909,1088.9272727272726,0.0015784727272727273,0.00871141818181818,tunnel_degradation,real_spec_tunnel_degradation_001
2026-07-17T19:48:44+00:00,station1,0.0,1.528,17.379,0.0,35450.33546064475,403069.1103474609,0.28360268368515795,3.224552882779687,tunnel_degradation,real_spec_tunnel_degradation_001
2026-07-17T19:48:44+00:00,station2,0.0,2.175,17.767,0.0,401502.0909090909,36643.41818181818,3.212016727272727,0.29314734545454546,tunnel_degradation,real_spec_tunnel_degradation_001
2026-07-17T19:48:44+00:00,station3,0.0,3.452,14.943,25.0,237.74545454545452,1308.0,0.0019019636363636363,0.010464,tunnel_degradation,real_spec_tunnel_degradation_001
2026-07-17T19:48:59+00:00,station1,0.0,4.069,14.238,0.0,24750.14091165294,280044.3280786924,0.19800112729322353,2.240354624629539,tunnel_degradation,real_spec_tunnel_degradation_001
2026-07-17T19:48:59+00:00,station2,0.0,3.71,15.053,0.0,278881.94545454544,25837.83636363636,2.2310555636363634,0.20670269090909088,tunnel_degradation,real_spec_tunnel_degradation_001
2026-07-17T19:48:59+00:00,station3,0.0,2.155,15.014,25.0,190.74545454545452,1084.1090909090908,0.0015259636363636362,0.008672872727272726,tunnel_degradation,real_spec_tunnel_degradation_001
2026-07-17T19:49:14+00:00,station1,0.0,3.822,15.183,0.0,31083.419698539972,355378.3523336788,0.2486673575883198,2.8430268186694305,tunnel_degradation,real_spec_tunnel_degradation_001
2026-07-17T19:49:14+00:00,station2,0.0,3.525,15.841,25.0,353806.41818181815,32382.63636363636,2.830451345454545,0.2590610909090909,tunnel_degradation,real_spec_tunnel_degradation_001
2026-07-17T19:49:14+00:00,station3,0.0,3.234,14.968,0.0,236.65454545454543,1309.2181818181816,0.0018932363636363634,0.010473745454545453,tunnel_degradation,real_spec_tunnel_degradation_001
2026-07-17T19:49:29+00:00,station1,0.0,2.85,15.749,0.0,22208.479537479772,248302.61985709873,0.17766783629983818,1.9864209588567898,tunnel_degradation,real_spec_tunnel_degradation_001
2026-07-17T19:49:29+00:00,station2,0.0,1.385,16.288,0.0,246974.27272727274,23288.290909090905,1.975794181818182,0.18630632727272725,tunnel_degradation,real_spec_tunnel_degradation_001
2026-07-17T19:49:29+00:00,station3,0.0,1.318,14.498,0.0,196.2181818181818,1090.581818181818,0.0015697454545454542,0.008724654545454544,tunnel_degradation,real_spec_tunnel_degradation_001
2026-07-17T19:49:44+00:00,station1,0.0,0.891,26.531,0.0,25000.327254877007,280739.52329872915,0.20000261803901606,2.245916186389833,tunnel_degradation,real_spec_tunnel_degradation_001
2026-07-17T19:49:44+00:00,station2,0.0,4.496,25.129,25.0,279118.19999999995,26198.981818181815,2.2329455999999994,0.20959185454545454,tunnel_degradation,real_spec_tunnel_degradation_001
2026-07-17T19:49:44+00:00,station3,0.0,4.109,22.331,0.0,236.65454545454543,1309.7818181818182,0.0018932363636363634,0.010478254545454545,tunnel_degradation,real_spec_tunnel_degradation_001
2026-07-17T19:49:59+00:00,station1,0.0,3.476,22.48,0.0,16795.254545454543,185953.9090909091,0.13436203636363633,1.4876312727272727,tunnel_degradation,real_spec_tunnel_degradation_001
2026-07-17T19:49:59+00:00,station2,0.0,1.74,19.5,0.0,184678.41818181815,17774.745454545457,1.4774273454545452,0.14219796363636364,tunnel_degradation,real_spec_tunnel_degradation_001
2026-07-17T19:49:59+00:00,station3,0.0,4.426,22.747,0.0,189.65454545454543,1083.8,0.0015172363636363634,0.0086704,tunnel_degradation,real_spec_tunnel_degradation_001
2026-07-17T19:50:14+00:00,station1,0.0,3.809,23.312,0.0,19546.781818181815,219204.81818181818,0.1563742545454545,1.7536385454545453,tunnel_degradation,real_spec_tunnel_degradation_001
2026-07-17T19:50:14+00:00,station2,0.0,1.32,26.934,0.0,217652.30909090908,20754.83636363636,1.7412184727272726,0.16603869090909087,tunnel_degradation,real_spec_tunnel_degradation_001
2026-07-17T19:50:14+00:00,station3,0.0,2.566,27.356,0.0,236.65454545454543,1309.5272727272725,0.0018932363636363634,0.01047621818181818,tunnel_degradation,real_spec_tunnel_degradation_001
2026-07-17T19:50:29+00:00,station1,0.0,4.892,24.905,0.0,13808.08741977127,159009.43653520974,0.11046469935817016,1.272075492281678,tunnel_degradation,real_spec_tunnel_degradation_001
2026-07-17T19:50:29+00:00,station2,0.0,3.529,21.574,0.0,157717.10909090907,14877.981818181817,1.2617368727272726,0.11902385454545454,tunnel_degradation,real_spec_tunnel_degradation_001
2026-07-17T19:50:29+00:00,station3,0.0,5.014,23.036,0.0,198.94545454545454,1092.581818181818,0.0015915636363636363,0.008740654545454545,tunnel_degradation,real_spec_tunnel_degradation_001
2026-07-17T19:50:44+00:00,station1,0.0,0.673,17.647,0.0,15149.836363636363,170579.67272727273,0.1211986909090909,1.3646373818181818,tunnel_degradation,real_spec_tunnel_degradation_001
2026-07-17T19:50:44+00:00,station2,0.0,5.025,23.563,0.0,169058.41818181815,16424.29090909091,1.3524673454545453,0.13139432727272726,tunnel_degradation,real_spec_tunnel_degradation_001
2026-07-17T19:50:44+00:00,station3,0.0,4.668,23.524,0.0,236.65454545454543,1308.8,0.0018932363636363634,0.0104704,tunnel_degradation,real_spec_tunnel_degradation_001
2026-07-17T19:50:59+00:00,station1,0.0,3.627,25.043,0.0,12302.765303710707,137855.15335527153,0.09842212242968565,1.1028412268421721,tunnel_degradation,real_spec_tunnel_degradation_001
2026-07-17T19:50:59+00:00,station2,0.0,2.403,23.245,0.0,136573.9818181818,13359.090909090908,1.0925918545454545,0.10687272727272726,tunnel_degradation,real_spec_tunnel_degradation_001
2026-07-17T19:50:59+00:00,station3,0.0,1.163,20.234,0.0,189.65454545454543,1084.509090909091,0.0015172363636363634,0.008676072727272726,tunnel_degradation,real_spec_tunnel_degradation_001
2026-07-17T19:51:14+00:00,station1,0.0,1.267,18.534,0.0,15207.63258849839,171400.6836239341,0.12166106070798713,1.3712054689914728,tunnel_degradation,real_spec_tunnel_degradation_001
2026-07-17T19:51:14+00:00,station2,0.0,3.797,24.468,0.0,169961.9818181818,16487.072727272727,1.3596958545454545,0.1318965818181818,tunnel_degradation,real_spec_tunnel_degradation_001
2026-07-17T19:51:14+00:00,station3,0.0,4.185,23.006,25.0,235.45454545454544,1310.6545454545453,0.0018836363636363636,0.010485236363636363,tunnel_degradation,real_spec_tunnel_degradation_001
2026-07-17T19:51:29+00:00,station1,0.0,1.194,32.263,25.0,14218.454545454546,162035.76363636364,0.11374763636363637,1.296286109090909,tunnel_degradation,real_spec_tunnel_degradation_001
2026-07-17T19:51:29+00:00,station2,0.0,4.566,28.508,40.0,160681.1818181818,15212.381818181817,1.2854494545454545,0.12169905454545453,tunnel_degradation,real_spec_tunnel_degradation_001
2026-07-17T19:51:29+00:00,station3,0.0,8.04,30.486,0.0,197.74545454545452,1094.5454545454545,0.001581963636363636,0.008756363636363637,tunnel_degradation,real_spec_tunnel_degradation_001
2026-07-17T19:51:44+00:00,station1,0.0,1.136,23.176,0.0,13104.854545454546,148380.36363636365,0.10483883636363636,1.1870429090909091,tunnel_degradation,real_spec_tunnel_degradation_001
2026-07-17T19:51:44+00:00,station2,0.0,6.828,32.515,0.0,146827.8727272727,14314.454545454546,1.1746229818181817,0.11451563636363636,tunnel_degradation,real_spec_tunnel_degradation_001
2026-07-17T19:51:44+00:00,station3,0.0,7.185,27.603,0.0,232.7272727272727,1308.6545454545453,0.0018618181818181815,0.010469236363636362,tunnel_degradation,real_spec_tunnel_degradation_001
2026-07-17T19:51:59+00:00,station1,0.0,2.598,26.771,0.0,9410.858774114951,104146.95347018928,0.07528687019291962,0.8331756277615143,tunnel_degradation,real_spec_tunnel_degradation_001
2026-07-17T19:51:59+00:00,station2,0.0,2.558,30.62,0.0,102798.0909090909,10394.145454545453,0.8223847272727272,0.08315316363636362,tunnel_degradation,real_spec_tunnel_degradation_001
2026-07-17T19:51:59+00:00,station3,0.0,3.645,27.401,0.0,189.83636363636364,1083.8727272727272,0.0015186909090909092,0.008670981818181817,tunnel_degradation,real_spec_tunnel_degradation_001
2026-07-17T19:52:14+00:00,station1,0.0,3.497,32.108,0.0,10314.41818181818,113372.8909090909,0.08251534545454545,0.9069831272727272,tunnel_degradation,real_spec_tunnel_degradation_001
2026-07-17T19:52:14+00:00,station2,0.0,5.216,34.783,0.0,111792.67272727271,11514.654545454545,0.8943413818181817,0.09211723636363636,tunnel_degradation,real_spec_tunnel_degradation_001
2026-07-17T19:52:14+00:00,station3,0.0,3.815,26.41,0.0,236.83636363636364,1309.4181818181817,0.0018946909090909092,0.010475345454545454,tunnel_degradation,real_spec_tunnel_degradation_001
2026-07-17T19:52:29+00:00,station1,0.0,7.139,27.496,0.0,7997.545454545454,88249.07272727272,0.06398036363636363,0.7059925818181818,tunnel_degradation,real_spec_tunnel_degradation_001
2026-07-17T19:52:29+00:00,station2,0.0,4.546,32.922,0.0,87099.29090909091,9092.472727272727,0.6967943272727273,0.07273978181818182,tunnel_degradation,real_spec_tunnel_degradation_001
2026-07-17T19:52:29+00:00,station3,0.0,6.608,31.589,0.0,199.1272727272727,1092.490909090909,0.0015930181818181815,0.008739927272727273,tunnel_degradation,real_spec_tunnel_degradation_001
2026-07-17T19:52:44+00:00,station1,0.0,5.572,34.394,0.0,11168.01818181818,125573.27272727272,0.08934414545454544,1.0045861818181818,tunnel_degradation,real_spec_tunnel_degradation_001
2026-07-17T19:52:44+00:00,station2,0.0,4.318,32.016,0.0,124044.23636363636,12467.254545454545,0.9923538909090909,0.09973803636363636,tunnel_degradation,real_spec_tunnel_degradation_001
2026-07-17T19:52:44+00:00,station3,0.0,4.07,27.511,0.0,236.83636363636364,1311.890909090909,0.0018946909090909092,0.010495127272727271,tunnel_degradation,real_spec_tunnel_degradation_001
2026-07-17T19:52:59+00:00,station1,0.0,1.263,36.471,25.0,7549.181818181818,84784.0909090909,0.06039345454545454,0.6782727272727271,tunnel_degradation,real_spec_tunnel_degradation_001
2026-07-17T19:52:59+00:00,station2,0.0,0.866,35.547,0.0,83583.10909090909,8715.8,0.6686648727272727,0.0697264,tunnel_degradation,real_spec_tunnel_degradation_001
2026-07-17T19:52:59+00:00,station3,0.0,2.345,37.134,0.0,188.56363636363633,1084.9272727272726,0.0015085090909090907,0.00867941818181818,tunnel_degradation,real_spec_tunnel_degradation_001
2026-07-17T19:53:14+00:00,station1,0.0,1.906,33.106,25.0,9656.381818181817,106655.34545454544,0.07725105454545454,0.8532427636363635,tunnel_degradation,real_spec_tunnel_degradation_001
2026-07-17T19:53:14+00:00,station2,0.0,7.259,30.753,0.0,105137.90909090909,10951.327272727272,0.8411032727272727,0.08761061818181817,tunnel_degradation,real_spec_tunnel_degradation_001
2026-07-17T19:53:14+00:00,station3,0.0,6.252,28.117,0.0,234.03636363636363,1310.1454545454544,0.001872290909090909,0.010481163636363635,tunnel_degradation,real_spec_tunnel_degradation_001
2026-07-17T19:53:29+00:00,station1,0.0,3.686,27.747,0.0,7511.627061326158,82449.21001436337,0.06009301649060926,0.6595936801149069,tunnel_degradation,real_spec_tunnel_degradation_001
2026-07-17T19:53:29+00:00,station2,0.0,7.527,30.366,0.0,81165.29090909091,8587.981818181817,0.6493223272727273,0.06870385454545454,tunnel_degradation,real_spec_tunnel_degradation_001
2026-07-17T19:53:29+00:00,station3,0.0,4.198,31.837,0.0,197.4181818181818,1092.6,0.0015793454545454545,0.0087408,tunnel_degradation,real_spec_tunnel_degradation_001
2026-07-17T19:53:44+00:00,station1,0.0,4.086,31.016,0.0,9603.094376670364,105563.04201589005,0.07682475501336292,0.8445043361271204,tunnel_degradation,real_spec_tunnel_degradation_001
2026-07-17T19:53:44+00:00,station2,0.0,1.995,27.585,0.0,104156.67272727271,10906.30909090909,0.8332533818181818,0.08725047272727272,tunnel_degradation,real_spec_tunnel_degradation_001
2026-07-17T19:53:44+00:00,station3,0.0,6.375,27.873,0.0,232.94545454545454,1306.4545454545453,0.0018635636363636362,0.010451636363636363,tunnel_degradation,real_spec_tunnel_degradation_001
2026-07-17T19:53:59+00:00,station1,0.0,2.266,28.502,0.0,9221.654545454545,104168.0,0.07377323636363636,0.833344,tunnel_degradation,real_spec_tunnel_degradation_001
2026-07-17T19:53:59+00:00,station2,0.0,4.343,31.732,0.0,102897.14545454545,10312.654545454545,0.8231771636363636,0.08250123636363636,tunnel_degradation,real_spec_tunnel_degradation_001
2026-07-17T19:53:59+00:00,station3,0.0,3.196,33.109,0.0,185.94545454545454,1081.890909090909,0.0014875636363636364,0.008655127272727272,tunnel_degradation,real_spec_tunnel_degradation_001
2026-07-17T19:54:14+00:00,station1,0.0,3.612,33.448,0.0,9040.81818181818,99745.76363636363,0.07232654545454544,0.797966109090909,tunnel_degradation,real_spec_tunnel_degradation_001
2026-07-17T19:54:14+00:00,station2,0.0,5.708,31.371,0.0,98226.0909090909,10332.836363636363,0.7858087272727272,0.0826626909090909,tunnel_degradation,real_spec_tunnel_degradation_001
2026-07-17T19:54:14+00:00,station3,0.0,1.874,32.085,25.0,231.74545454545452,1307.7636363636364,0.0018539636363636362,0.01046210909090909,tunnel_degradation,real_spec_tunnel_degradation_001
2026-07-17T19:54:29+00:00,station1,0.0,1.887,29.924,0.0,7362.333860615648,80879.36144293533,0.05889867088492518,0.6470348915434827,tunnel_degradation,real_spec_tunnel_degradation_001
2026-07-17T19:54:29+00:00,station2,0.0,3.109,37.028,0.0,79591.72727272726,8433.781818181818,0.6367338181818181,0.06747025454545455,tunnel_degradation,real_spec_tunnel_degradation_001
2026-07-17T19:54:29+00:00,station3,0.0,6.209,33.855,0.0,195.1272727272727,1093.381818181818,0.0015610181818181816,0.008747054545454545,tunnel_degradation,real_spec_tunnel_degradation_001
2026-07-17T19:54:44+00:00,station1,0.0,4.79,25.898,0.0,9530.561413715366,105096.59297505635,0.07624449130972293,0.8407727438004509,tunnel_degradation,real_spec_tunnel_degradation_001
2026-07-17T19:54:44+00:00,station2,0.0,4.175,34.778,0.0,103585.43636363636,10823.654545454545,0.8286834909090909,0.08658923636363636,tunnel_degradation,real_spec_tunnel_degradation_001
2026-07-17T19:54:44+00:00,station3,0.0,7.311,31.103,0.0,229.74545454545452,1309.6363636363635,0.0018379636363636362,0.010477090909090908,tunnel_degradation,real_spec_tunnel_degradation_001
2026-07-17T19:54:59+00:00,station1,0.0,14.391,11.017,0.0,9047.780949437283,99556.48079125833,0.07238224759549827,0.7964518463300667,tunnel_degradation,real_spec_tunnel_degradation_001
2026-07-17T19:54:59+00:00,station2,0.0,11.274,8.715,0.0,98252.67272727271,9965.836363636363,0.7860213818181817,0.0797266909090909,tunnel_degradation,real_spec_tunnel_degradation_001
2026-07-17T19:54:59+00:00,station3,0.0,10.645,8.225,0.0,182.27272727272728,1083.290909090909,0.0014581818181818183,0.008666327272727273,tunnel_degradation,real_spec_tunnel_degradation_001
2026-07-17T19:55:14+00:00,station1,0.0,0.049,0.29,0.0,154385.33844839185,3047811.8216032437,1.235082707587135,24.382494572825948,tunnel_degradation,real_spec_tunnel_degradation_001
2026-07-17T19:55:14+00:00,station2,0.0,0.029,0.237,0.0,3046532.9272727272,155790.27272727274,24.372263418181817,1.2463221818181818,tunnel_degradation,real_spec_tunnel_degradation_001
2026-07-17T19:55:14+00:00,station3,0.0,0.024,0.289,0.0,238.25454545454542,1313.6727272727271,0.0019060363636363635,0.010509381818181817,tunnel_degradation,real_spec_tunnel_degradation_001
2026-07-17T19:55:29+00:00,station1,0.0,0.123,0.81,0.0,217707.1583119693,4337675.157730141,1.7416572664957546,34.70140126184113,tunnel_degradation,real_spec_tunnel_degradation_001
2026-07-17T19:55:29+00:00,station2,0.0,0.094,0.841,0.0,4336501.109090908,218831.61818181816,34.692008872727264,1.7506529454545454,tunnel_degradation,real_spec_tunnel_degradation_001
2026-07-17T19:55:29+00:00,station3,0.0,0.084,0.709,0.0,203.16363636363633,1097.909090909091,0.0016253090909090907,0.008783272727272728,tunnel_degradation,real_spec_tunnel_degradation_001
2026-07-17T19:55:44+00:00,station1,0.0,0.249,0.702,0.0,437552.2545454545,8782690.145454545,3.5004180363636364,70.26152116363636,tunnel_degradation,real_spec_tunnel_degradation_001
2026-07-17T19:55:44+00:00,station2,0.0,0.145,0.856,0.0,8781568.418181818,438918.3636363636,70.25254734545454,3.511346909090909,tunnel_degradation,real_spec_tunnel_degradation_001
2026-07-17T19:55:44+00:00,station3,0.0,0.159,0.855,0.0,242.4363636363636,1313.4,0.0019394909090909088,0.010507200000000001,tunnel_degradation,real_spec_tunnel_degradation_001
2026-07-17T19:55:59+00:00,station1,0.0,0.087,0.878,0.0,441545.0727272727,8871704.290909091,3.5323605818181814,70.97363432727273,tunnel_degradation,real_spec_tunnel_degradation_001
2026-07-17T19:55:59+00:00,station2,0.0,0.12,0.781,0.0,8870601.472727273,442618.7454545454,70.96481178181818,3.5409499636363635,tunnel_degradation,real_spec_tunnel_degradation_001
2026-07-17T19:55:59+00:00,station3,0.0,0.045,0.598,0.0,188.0181818181818,1080.9999999999998,0.0015041454545454544,0.008647999999999998,tunnel_degradation,real_spec_tunnel_degradation_001
2026-07-17T19:56:14+00:00,station1,0.0,0.221,1.005,0.0,621954.3818181817,12498480.272727272,4.975635054545454,99.98784218181817,tunnel_degradation,real_spec_tunnel_degradation_001
2026-07-17T19:56:14+00:00,station2,0.0,0.148,0.859,0.0,12496855.618181817,623213.7818181817,99.97484494545454,4.985710254545454,tunnel_degradation,real_spec_tunnel_degradation_001
2026-07-17T19:56:14+00:00,station3,0.0,0.111,0.761,0.0,237.74545454545452,1307.2363636363634,0.0019019636363636363,0.010457890909090908,tunnel_degradation,real_spec_tunnel_degradation_001
2026-07-17T19:56:29+00:00,station1,0.0,0.035,0.256,0.0,489155.8153488118,9842875.056817148,3.9132465227904945,78.74300045453718,tunnel_degradation,real_spec_tunnel_degradation_001
2026-07-17T19:56:29+00:00,station2,0.0,0.038,0.238,0.0,9841475.872727273,490293.63636363635,78.73180698181818,3.922349090909091,tunnel_degradation,real_spec_tunnel_degradation_001
2026-07-17T19:56:29+00:00,station3,0.0,0.033,0.243,0.0,198.94545454545454,1090.7454545454543,0.0015915636363636363,0.008725963636363635,tunnel_degradation,real_spec_tunnel_degradation_001
2026-07-17T19:56:44+00:00,station1,0.0,1.014,1.674,0.0,546043.509090909,11102169.109090907,4.368348072727272,88.81735287272726,tunnel_degradation,real_spec_tunnel_degradation_001
2026-07-17T19:56:44+00:00,station2,0.0,1.821,2.345,0.0,11100210.272727272,547312.6727272726,88.80168218181817,4.378501381818181,tunnel_degradation,real_spec_tunnel_degradation_001
2026-07-17T19:56:44+00:00,station3,0.0,0.057,0.91,0.0,237.74545454545452,1307.7818181818182,0.0019019636363636363,0.010462254545454545,tunnel_degradation,real_spec_tunnel_degradation_001
2026-07-17T19:56:59+00:00,station1,0.0,0.306,0.953,0.0,431253.41357429867,8870205.741713786,3.4500273085943896,70.96164593371029,tunnel_degradation,real_spec_tunnel_degradation_001
2026-07-17T19:56:59+00:00,station2,0.0,0.495,1.03,0.0,8869415.509090908,432353.0909090909,70.95532407272727,3.4588247272727273,tunnel_degradation,real_spec_tunnel_degradation_001
2026-07-17T19:56:59+00:00,station3,0.0,0.071,0.669,0.0,189.1090909090909,1083.2181818181818,0.0015128727272727272,0.008665745454545454,tunnel_degradation,real_spec_tunnel_degradation_001
2026-07-17T19:57:14+00:00,station1,0.0,0.154,0.853,0.0,534479.0640170178,11106119.01601789,4.275832512136143,88.84895212814311,tunnel_degradation,real_spec_tunnel_degradation_001
2026-07-17T19:57:14+00:00,station2,0.0,0.212,0.841,0.0,11104982.2,535792.1818181818,88.83985759999999,4.286337454545454,tunnel_degradation,real_spec_tunnel_degradation_001
2026-07-17T19:57:14+00:00,station3,0.0,0.041,0.594,0.0,238.07272727272726,1309.1818181818182,0.0019045818181818181,0.010473454545454546,tunnel_degradation,real_spec_tunnel_degradation_001
2026-07-17T19:57:29+00:00,station1,0.0,0.123,0.831,0.0,535957.0758490291,11171472.856519526,4.287656606792233,89.3717828521562,tunnel_degradation,real_spec_tunnel_degradation_001
2026-07-17T19:57:29+00:00,station2,0.0,0.148,0.878,0.0,11170704.6,537072.5636363636,89.36563679999999,4.296580509090909,tunnel_degradation,real_spec_tunnel_degradation_001
2026-07-17T19:57:29+00:00,station3,0.0,0.116,0.694,0.0,199.16363636363633,1092.8,0.0015933090909090906,0.008742399999999999,tunnel_degradation,real_spec_tunnel_degradation_001
2026-07-17T19:57:44+00:00,station1,0.0,0.186,0.874,0.0,536439.7592552186,11103391.828496616,4.291518074041749,88.82713462797292,tunnel_degradation,real_spec_tunnel_degradation_001
2026-07-17T19:57:44+00:00,station2,0.0,0.036,0.725,0.0,11101270.709090909,537716.0727272726,88.81016567272727,4.301728581818181,tunnel_degradation,real_spec_tunnel_degradation_001
2026-07-17T19:57:44+00:00,station3,0.0,0.062,0.698,0.0,235.3090909090909,1308.8363636363636,0.0018824727272727273,0.010470690909090908,tunnel_degradation,real_spec_tunnel_degradation_001
2026-07-17T19:57:59+00:00,station1,0.0,1.106,1.681,0.0,433483.4727272727,8868331.454545455,3.467867781818182,70.94665163636364,tunnel_degradation,real_spec_tunnel_degradation_001
2026-07-17T19:57:59+00:00,station2,0.0,1.296,1.794,0.0,8867067.799999999,434572.8545454545,70.9365424,3.4765828363636357,tunnel_degradation,real_spec_tunnel_degradation_001
2026-07-17T19:57:59+00:00,station3,0.0,0.345,0.99,0.0,191.03636363636363,1084.6363636363635,0.001528290909090909,0.008677090909090909,tunnel_degradation,real_spec_tunnel_degradation_001
2026-07-17T19:58:14+00:00,station1,0.0,1.277,1.854,0.0,549927.6545454545,11101912.327272726,4.3994212363636365,88.81529861818181,tunnel_degradation,real_spec_tunnel_degradation_001
2026-07-17T19:58:14+00:00,station2,0.0,1.388,1.724,0.0,11100030.890909089,551228.7090909091,88.80024712727271,4.409829672727273,tunnel_degradation,real_spec_tunnel_degradation_001
2026-07-17T19:58:14+00:00,station3,0.0,0.3,0.926,0.0,236.39999999999998,1311.3090909090909,0.0018911999999999998,0.010490472727272727,tunnel_degradation,real_spec_tunnel_degradation_001
2026-07-17T19:58:29+00:00,station1,0.0,0.718,1.174,0.0,507038.0545454545,10123903.454545455,4.056304436363636,80.99122763636365,tunnel_degradation,real_spec_tunnel_degradation_001
2026-07-17T19:58:29+00:00,station2,0.0,0.879,1.509,0.0,10122613.98181818,508075.21818181814,80.98091185454544,4.064601745454545,tunnel_degradation,real_spec_tunnel_degradation_001
2026-07-17T19:58:29+00:00,station3,0.0,0.125,0.678,0.0,198.8,1093.9818181818182,0.0015904,0.008751854545454546,tunnel_degradation,real_spec_tunnel_degradation_001
2026-07-17T19:58:44+00:00,station1,0.0,0.047,0.299,0.0,611575.1454545454,12226083.47272727,4.892601163636363,97.80866778181817,tunnel_degradation,real_spec_tunnel_degradation_001
2026-07-17T19:58:44+00:00,station2,0.0,0.023,0.282,0.0,12224652.345454544,612962.9272727272,97.79721876363635,4.903703418181818,tunnel_degradation,real_spec_tunnel_degradation_001
2026-07-17T19:58:44+00:00,station3,0.0,0.223,0.501,0.0,240.7272727272727,1309.6727272727271,0.0019258181818181815,0.010477381818181817,tunnel_degradation,real_spec_tunnel_degradation_001
2026-07-17T19:58:59+00:00,station1,0.0,0.023,0.227,0.0,388491.4,9331023.8,3.1079312000000003,74.6481904,tunnel_degradation,real_spec_tunnel_degradation_001
2026-07-17T19:58:59+00:00,station2,0.0,0.169,0.403,0.0,9330585.745454544,389512.3636363636,74.64468596363635,3.116098909090909,tunnel_degradation,real_spec_tunnel_degradation_001
2026-07-17T19:58:59+00:00,station3,0.0,0.024,0.209,0.0,191.2181818181818,1081.3636363636363,0.0015297454545454543,0.00865090909090909,tunnel_degradation,real_spec_tunnel_degradation_001
2026-07-17T19:59:14+00:00,station1,0.0,0.149,0.896,0.0,469255.0545454545,10984917.49090909,3.754040436363636,87.87933992727272,tunnel_degradation,real_spec_tunnel_degradation_001
2026-07-17T19:59:14+00:00,station2,0.0,0.262,0.877,0.0,10983478.018181818,470436.0181818182,87.86782414545453,3.7634881454545455,tunnel_degradation,real_spec_tunnel_degradation_001
2026-07-17T19:59:14+00:00,station3,0.0,0.045,0.656,0.0,235.49090909090907,1304.5454545454545,0.0018839272727272725,0.010436363636363636,tunnel_degradation,real_spec_tunnel_degradation_001
2026-07-17T19:59:29+00:00,station1,0.0,0.208,0.975,0.0,356771.38753022894,8750938.378457006,2.8541711002418313,70.00750702765605,tunnel_degradation,real_spec_tunnel_degradation_001
2026-07-17T19:59:29+00:00,station2,0.0,0.199,1.012,0.0,8749333.690909091,357727.3818181818,69.99466952727273,2.861819054545454,tunnel_degradation,real_spec_tunnel_degradation_001
2026-07-17T19:59:29+00:00,station3,0.0,0.014,0.672,0.0,197.85454545454544,1090.9818181818182,0.0015828363636363637,0.008727854545454546,tunnel_degradation,real_spec_tunnel_degradation_001
2026-07-17T19:59:44+00:00,station1,0.0,0.062,0.7,0.0,525693.9272727272,12160620.236363636,4.205551418181818,97.28496189090909,tunnel_degradation,real_spec_tunnel_degradation_001
2026-07-17T19:59:44+00:00,station2,0.0,0.095,0.794,0.0,12159232.818181816,526816.3454545455,97.27386254545453,4.214530763636364,tunnel_degradation,real_spec_tunnel_degradation_001
2026-07-17T19:59:44+00:00,station3,0.0,0.207,0.878,0.0,235.56363636363633,1307.8545454545454,0.0018845090909090907,0.010462836363636364,tunnel_degradation,real_spec_tunnel_degradation_001
2026-07-17T19:59:59+00:00,station1,0.0,0.093,1.137,0.0,554873.2340588011,11166654.139166167,4.4389858724704085,89.33323311332934,tunnel_degradation,real_spec_tunnel_degradation_001
2026-07-17T19:59:59+00:00,station2,0.0,0.119,1.018,0.0,11165152.67272727,555962.7272727272,89.32122138181816,4.447701818181818,tunnel_degradation,real_spec_tunnel_degradation_001
2026-07-17T19:59:59+00:00,station3,0.0,0.118,0.678,0.0,193.0,1083.6909090909091,0.001544,0.008669527272727273,tunnel_degradation,real_spec_tunnel_degradation_001
2026-07-17T20:00:14+00:00,station1,0.0,0.79,1.475,0.0,553431.3012490681,11102405.792621952,4.427450409992545,88.81924634097561,tunnel_degradation,real_spec_tunnel_degradation_001
2026-07-17T20:00:14+00:00,station2,0.0,1.344,1.855,0.0,11101037.872727271,554749.6181818182,88.80830298181817,4.437996945454545,tunnel_degradation,real_spec_tunnel_degradation_001
2026-07-17T20:00:14+00:00,station3,0.0,0.038,0.628,0.0,236.03636363636363,1309.2181818181816,0.001888290909090909,0.010473745454545453,tunnel_degradation,real_spec_tunnel_degradation_001
2026-07-17T20:00:29+00:00,station1,0.0,0.11,0.816,0.0,443448.41818181815,8871578.145454545,3.547587345454545,70.97262516363635,tunnel_degradation,real_spec_tunnel_degradation_001
2026-07-17T20:00:29+00:00,station2,0.0,0.195,1.11,0.0,8870012.672727272,444533.7636363636,70.96010138181818,3.556270109090909,tunnel_degradation,real_spec_tunnel_degradation_001
2026-07-17T20:00:29+00:00,station3,0.0,0.03,0.61,0.0,197.23636363636362,1091.3090909090909,0.0015778909090909089,0.008730472727272728,tunnel_degradation,real_spec_tunnel_degradation_001
2026-07-17T20:00:44+00:00,station1,0.0,0.542,1.082,0.0,556316.9636363636,11105984.636363635,4.450535709090909,88.84787709090908,tunnel_degradation,real_spec_tunnel_degradation_001
2026-07-17T20:00:44+00:00,station2,0.0,0.043,0.658,0.0,11104442.272727272,557631.109090909,88.83553818181817,4.461048872727272,tunnel_degradation,real_spec_tunnel_degradation_001
2026-07-17T20:00:44+00:00,station3,0.0,0.083,0.706,0.0,236.03636363636363,1308.7272727272725,0.001888290909090909,0.01046981818181818,tunnel_degradation,real_spec_tunnel_degradation_001
2026-07-17T20:00:59+00:00,station1,0.0,0.063,0.783,0.0,526693.3999999999,10488425.98181818,4.213547199999999,83.90740785454544,tunnel_degradation,real_spec_tunnel_degradation_001
2026-07-17T20:00:59+00:00,station2,0.0,0.201,0.825,0.0,10487147.0,527698.2181818181,83.897176,4.221585745454545,tunnel_degradation,real_spec_tunnel_degradation_001
2026-07-17T20:00:59+00:00,station3,0.0,0.213,0.785,0.0,189.65454545454543,1083.6,0.0015172363636363634,0.008668799999999999,tunnel_degradation,real_spec_tunnel_degradation_001
2026-07-17T20:01:14+00:00,station1,0.0,0.033,0.181,0.0,594240.0181818181,11853850.109090907,4.753920145454544,94.83080087272727,tunnel_degradation,real_spec_tunnel_degradation_001
2026-07-17T20:01:14+00:00,station2,0.0,0.022,0.29,0.0,11852730.054545455,595640.3636363635,94.82184043636364,4.765122909090908,tunnel_degradation,real_spec_tunnel_degradation_001
2026-07-17T20:01:14+00:00,station3,0.0,0.017,0.244,0.0,235.8181818181818,1308.509090909091,0.0018865454545454545,0.010468072727272727,tunnel_degradation,real_spec_tunnel_degradation_001
2026-07-17T20:01:29+00:00,station1,0.0,0.1,0.853,0.0,445503.42733504245,8866688.085237913,3.5640274186803396,70.9335046819033,tunnel_degradation,real_spec_tunnel_degradation_001
2026-07-17T20:01:29+00:00,station2,0.0,0.462,1.073,0.0,8864679.909090908,446577.309090909,70.91743927272726,3.5726184727272723,tunnel_degradation,real_spec_tunnel_degradation_001
2026-07-17T20:01:29+00:00,station3,0.0,0.222,0.811,0.0,192.25454545454542,1090.0363636363636,0.0015380363636363634,0.008720290909090909,tunnel_degradation,real_spec_tunnel_degradation_001
2026-07-17T20:01:44+00:00,station1,0.0,0.656,1.23,0.0,557875.3636363636,11102396.563636363,4.46300290909091,88.8191725090909,tunnel_degradation,real_spec_tunnel_degradation_001
2026-07-17T20:01:44+00:00,station2,0.0,0.733,1.431,0.0,11100756.781818181,559165.9454545454,88.80605425454544,4.473327563636364,tunnel_degradation,real_spec_tunnel_degradation_001
2026-07-17T20:01:44+00:00,station3,0.0,0.516,0.981,0.0,233.16363636363633,1307.5272727272725,0.0018653090909090907,0.01046021818181818,tunnel_degradation,real_spec_tunnel_degradation_001
2026-07-17T20:01:59+00:00,station1,0.0,0.086,0.788,0.0,446007.10909090907,8869741.018181818,3.5680568727272726,70.95792814545455,tunnel_degradation,real_spec_tunnel_degradation_001
2026-07-17T20:01:59+00:00,station2,0.0,0.61,1.223,0.0,8868795.254545454,447090.3272727272,70.95036203636363,3.576722618181818,tunnel_degradation,real_spec_tunnel_degradation_001
2026-07-17T20:01:59+00:00,station3,0.0,0.112,0.838,0.0,184.23636363636362,1082.1090909090908,0.001473890909090909,0.008656872727272726,tunnel_degradation,real_spec_tunnel_degradation_001
2026-07-17T20:02:14+00:00,station1,0.0,0.505,1.133,0.0,635274.6859148016,12651573.207759859,5.082197487318412,101.21258566207887,tunnel_degradation,real_spec_tunnel_degradation_001
2026-07-17T20:02:14+00:00,station2,0.0,0.133,0.848,0.0,12650139.509090908,636517.6909090909,101.20111607272726,5.0921415272727275,tunnel_degradation,real_spec_tunnel_degradation_001
2026-07-17T20:02:14+00:00,station3,0.0,0.152,0.702,0.0,234.47272727272727,1310.4181818181817,0.001875781818181818,0.010483345454545453,tunnel_degradation,real_spec_tunnel_degradation_001
2026-07-17T20:02:29+00:00,station1,0.0,0.007,0.235,0.0,486038.7475680492,9694613.851664636,3.8883099805443933,77.55691081331709,tunnel_degradation,real_spec_tunnel_degradation_001
2026-07-17T20:02:29+00:00,station2,0.0,0.05,0.241,0.0,9692982.709090909,487179.3818181818,77.54386167272727,3.897435054545454,tunnel_degradation,real_spec_tunnel_degradation_001
2026-07-17T20:02:29+00:00,station3,0.0,0.025,0.262,0.0,196.69090909090906,1093.0545454545454,0.0015735272727272725,0.008744436363636364,tunnel_degradation,real_spec_tunnel_degradation_001
2026-07-17T20:02:44+00:00,station1,0.0,0.187,2.416,0.0,557105.0727272726,11103501.581818182,4.456840581818181,88.82801265454546,tunnel_degradation,real_spec_tunnel_degradation_001
2026-07-17T20:02:44+00:00,station2,0.0,0.443,2.75,0.0,11101782.636363635,558406.2909090909,88.81426109090908,4.467250327272727,tunnel_degradation,real_spec_tunnel_degradation_001
2026-07-17T20:02:44+00:00,station3,0.0,2044.846,4089.163,0.0,237.1272727272727,1312.6909090909091,0.0018970181818181815,0.010501527272727273,tunnel_degradation,real_spec_tunnel_degradation_001
2026-07-17T20:02:59+00:00,station1,0.0,0.233,2.457,0.0,444581.0105638284,8868407.480136003,3.5566480845106274,70.94725984108803,tunnel_degradation,real_spec_tunnel_degradation_001
2026-07-17T20:02:59+00:00,station2,0.0,0.137,2.543,0.0,8866910.418181818,445644.90909090906,70.93528334545455,3.5651592727272723,tunnel_degradation,real_spec_tunnel_degradation_001
2026-07-17T20:02:59+00:00,station3,0.0,2941.52,5385.026,0.0,184.09090909090907,1090.9090909090908,0.0014727272727272725,0.008727272727272726,tunnel_degradation,real_spec_tunnel_degradation_001
2026-07-17T20:03:14+00:00,station1,0.0,0.169,1.901,0.0,556346.2363636363,11105254.727272727,4.450769890909091,88.84203781818181,tunnel_degradation,real_spec_tunnel_degradation_001
2026-07-17T20:03:14+00:00,station2,0.0,0.472,2.263,0.0,11103611.581818182,557629.6909090909,88.82889265454546,4.461037527272727,tunnel_degradation,real_spec_tunnel_degradation_001
2026-07-17T20:03:14+00:00,station3,0.0,0.0,24.231,90.0,238.83636363636364,1311.7272727272725,0.0019106909090909091,0.01049381818181818,tunnel_degradation,real_spec_tunnel_degradation_001
2026-07-17T20:03:29+00:00,station1,0.0,0.045,1.914,0.0,558518.6363636364,11170821.763636362,4.46814909090909,89.36657410909089,tunnel_degradation,real_spec_tunnel_degradation_001
2026-07-17T20:03:29+00:00,station2,0.0,0.383,2.277,0.0,11169492.2,559623.4363636363,89.35593759999999,4.4769874909090905,tunnel_degradation,real_spec_tunnel_degradation_001
2026-07-17T20:03:29+00:00,station3,0.0,2053.617,2814.192,0.0,201.67272727272726,1094.890909090909,0.001613381818181818,0.008759127272727272,tunnel_degradation,real_spec_tunnel_degradation_001
2026-07-17T20:03:44+00:00,station1,0.0,0.023,0.246,0.0,488611.21818181814,9772169.418181816,3.908889745454545,78.17735534545453,tunnel_degradation,real_spec_tunnel_degradation_001
2026-07-17T20:03:44+00:00,station2,0.0,0.036,0.23,0.0,9770892.854545454,489974.4727272727,78.16714283636362,3.919795781818182,tunnel_degradation,real_spec_tunnel_degradation_001
2026-07-17T20:03:44+00:00,station3,0.0,0.022,0.272,0.0,239.9272727272727,1312.7454545454543,0.0019194181818181816,0.010501963636363635,tunnel_degradation,real_spec_tunnel_degradation_001
2026-07-17T20:03:59+00:00,station1,0.0,0.227,1.042,0.0,333322.6,6645432.454545454,2.6665807999999998,53.16345963636363,tunnel_degradation,real_spec_tunnel_degradation_001
2026-07-17T20:03:59+00:00,station2,0.0,0.847,1.351,0.0,6644195.909090908,334406.8,53.153567272727265,2.6752544,tunnel_degradation,real_spec_tunnel_degradation_001
2026-07-17T20:03:59+00:00,station3,0.0,0.314,1.705,0.0,194.0181818181818,1083.8363636363636,0.0015521454545454544,0.008670690909090908,tunnel_degradation,real_spec_tunnel_degradation_001
2026-07-17T20:04:14+00:00,station1,0.0,0.538,1.637,0.0,445727.9405080092,8879464.044800814,3.565823524064074,71.03571235840651,tunnel_degradation,real_spec_tunnel_degradation_001
2026-07-17T20:04:14+00:00,station2,0.0,0.693,1.392,0.0,8877752.418181818,447035.6545454545,71.02201934545454,3.5762852363636357,tunnel_degradation,real_spec_tunnel_degradation_001
2026-07-17T20:04:14+00:00,station3,0.0,0.502,1.472,0.0,239.45454545454544,1313.4727272727273,0.0019156363636363635,0.010507781818181818,tunnel_degradation,real_spec_tunnel_degradation_001
2026-07-17T20:04:29+00:00,station1,0.0,0.957,1.716,0.0,404478.51701001875,8046201.029147044,3.23582813608015,64.36960823317635,tunnel_degradation,real_spec_tunnel_degradation_001
2026-07-17T20:04:29+00:00,station2,0.0,1.464,1.734,0.0,8044222.563636363,405545.7454545454,64.3537805090909,3.2443659636363633,tunnel_degradation,real_spec_tunnel_degradation_001
2026-07-17T20:04:29+00:00,station3,0.0,0.589,1.655,0.0,200.65454545454543,1095.5636363636363,0.0016052363636363633,0.008764509090909091,tunnel_degradation,real_spec_tunnel_degradation_001
2026-07-17T20:04:44+00:00,station1,0.0,0.082,0.772,0.0,628343.5153366425,12513095.129002346,5.02674812269314,100.10476103201877,tunnel_degradation,real_spec_tunnel_degradation_001
2026-07-17T20:04:44+00:00,station2,0.0,0.496,1.24,0.0,12510805.654545454,629585.5636363636,100.08644523636363,5.036684509090909,tunnel_degradation,real_spec_tunnel_degradation_001
2026-07-17T20:04:44+00:00,station3,0.0,0.458,1.606,0.0,238.83636363636364,1310.4727272727273,0.0019106909090909091,0.010483781818181818,tunnel_degradation,real_spec_tunnel_degradation_001
2026-07-17T20:04:59+00:00,station1,0.0,0.045,0.214,0.0,493299.43636363634,9837406.672727274,3.9463954909090906,78.6992533818182,tunnel_degradation,real_spec_tunnel_degradation_001
2026-07-17T20:04:59+00:00,station2,0.0,0.025,0.185,0.0,9836419.909090908,494399.0363636363,78.69135927272727,3.9551922909090904,tunnel_degradation,real_spec_tunnel_degradation_001
2026-07-17T20:04:59+00:00,station3,0.0,0.036,0.245,0.0,193.4,1084.8727272727272,0.0015472,0.008678981818181818,tunnel_degradation,real_spec_tunnel_degradation_001
2026-07-17T20:05:14+00:00,station1,0.0,0.074,0.864,0.0,445597.31287384324,8877443.121284295,3.564778502990746,71.01954497027435,tunnel_degradation,real_spec_tunnel_degradation_001
2026-07-17T20:05:14+00:00,station2,0.0,0.056,0.865,0.0,8876567.327272726,446924.3818181818,71.01253861818181,3.5753950545454543,tunnel_degradation,real_spec_tunnel_degradation_001
2026-07-17T20:05:14+00:00,station3,0.0,0.159,0.761,0.0,237.1272727272727,1306.7272727272725,0.0018970181818181815,0.01045381818181818,tunnel_degradation,real_spec_tunnel_degradation_001
2026-07-17T20:05:29+00:00,station1,0.0,0.175,0.941,0.0,332598.0219260768,6643083.304547025,2.6607841754086143,53.1446664363762,tunnel_degradation,real_spec_tunnel_degradation_001
2026-07-17T20:05:29+00:00,station2,0.0,0.209,0.986,0.0,6642346.745454545,333716.21818181814,53.13877396363636,2.669729745454545,tunnel_degradation,real_spec_tunnel_degradation_001
2026-07-17T20:05:29+00:00,station3,0.0,0.07,0.793,0.0,199.4181818181818,1091.4727272727273,0.0015953454545454544,0.008731781818181818,tunnel_degradation,real_spec_tunnel_degradation_001
2026-07-17T20:05:44+00:00,station1,0.0,6.609,10.242,0.0,442683.81243295333,8874917.03485518,3.541470499463627,70.99933627884144,congestion_breach,real_spec_congestion_breach_001
2026-07-17T20:05:44+00:00,station2,0.0,6.799,10.326,0.0,8873624.927272728,443896.3636363636,70.98899941818182,3.5511709090909087,congestion_breach,real_spec_congestion_breach_001
2026-07-17T20:05:44+00:00,station3,0.0,6.611,9.967,0.0,232.83636363636364,1304.2727272727273,0.001862690909090909,0.010434181818181818,congestion_breach,real_spec_congestion_breach_001
2026-07-17T20:05:59+00:00,station1,0.0,3.302,36.109,0.0,511258.1272727272,10133337.254545454,4.090065018181818,81.06669803636363,congestion_breach,real_spec_congestion_breach_001
2026-07-17T20:05:59+00:00,station2,0.0,3.508,35.782,0.0,10132019.0,512206.63636363635,81.056152,4.097653090909091,congestion_breach,real_spec_congestion_breach_001
2026-07-17T20:05:59+00:00,station3,0.0,3.954,35.438,0.0,187.47272727272727,1081.0727272727272,0.0014997818181818182,0.008648581818181818,congestion_breach,real_spec_congestion_breach_001
2026-07-17T20:06:14+00:00,station1,0.0,0.019,0.244,0.0,615599.6109020165,11982573.610429281,4.924796887216132,95.86058888343425,congestion_breach,real_spec_congestion_breach_001
2026-07-17T20:06:14+00:00,station2,0.0,0.018,0.281,0.0,11981025.727272727,616864.2545454545,95.84820581818181,4.934914036363637,congestion_breach,real_spec_congestion_breach_001
2026-07-17T20:06:14+00:00,station3,0.0,0.061,0.251,0.0,232.18181818181816,1306.6181818181817,0.0018574545454545452,0.010452945454545453,congestion_breach,real_spec_congestion_breach_001
2026-07-17T20:06:29+00:00,station1,0.0,3.716,27.638,0.0,452534.08119852364,8646844.911910692,3.620272649588189,69.17475929528554,congestion_breach,real_spec_congestion_breach_001
2026-07-17T20:06:29+00:00,station2,0.0,3.368,27.734,0.0,8645685.254545454,453531.9272727272,69.16548203636363,3.6282554181818174,congestion_breach,real_spec_congestion_breach_001
2026-07-17T20:06:29+00:00,station3,0.0,1.971,28.634,0.0,195.56363636363633,1090.7636363636364,0.0015645090909090908,0.00872610909090909,congestion_breach,real_spec_congestion_breach_001
2026-07-17T20:06:44+00:00,station1,0.0,3.42,181.967,0.0,560730.5139906547,10732231.777604043,4.485844111925238,85.85785422083235,congestion_breach,real_spec_congestion_breach_001
2026-07-17T20:06:44+00:00,station2,0.0,2.734,182.553,0.0,10731059.654545454,562054.8363636363,85.84847723636364,4.49643869090909,congestion_breach,real_spec_congestion_breach_001
2026-07-17T20:06:44+00:00,station3,0.0,1.401,183.764,0.0,233.27272727272728,1307.709090909091,0.0018661818181818183,0.010461672727272728,congestion_breach,real_spec_congestion_breach_001
2026-07-17T20:06:59+00:00,station1,0.0,0.551,201.103,0.0,437271.26779513096,8573502.409047108,3.498170142361048,68.58801927237687,congestion_breach,real_spec_congestion_breach_001
2026-07-17T20:06:59+00:00,station2,0.0,0.422,200.904,0.0,8571294.163636362,438329.7636363636,68.57035330909089,3.506638109090909,congestion_breach,real_spec_congestion_breach_001
2026-07-17T20:06:59+00:00,station3,0.0,0.991,200.809,0.0,188.56363636363633,1084.0545454545454,0.0015085090909090907,0.008672436363636363,congestion_breach,real_spec_congestion_breach_001
2026-07-17T20:07:14+00:00,station1,0.0,2.613,237.043,0.0,598632.6727272726,11925955.309090909,4.789061381818181,95.40764247272728,congestion_breach,real_spec_congestion_breach_001
2026-07-17T20:07:14+00:00,station2,0.0,2.4,236.793,0.0,11924665.727272727,599902.9454545454,95.39732581818181,4.799223563636364,congestion_breach,real_spec_congestion_breach_001
2026-07-17T20:07:14+00:00,station3,0.0,2.79,236.053,0.0,233.27272727272728,1307.0181818181816,0.0018661818181818183,0.010456145454545453,congestion_breach,real_spec_congestion_breach_001
2026-07-17T20:07:29+00:00,station1,0.0,0.057,0.21,0.0,482690.78313362546,9717217.68460098,3.8615262650690036,77.73774147680783,congestion_breach,real_spec_congestion_breach_001
2026-07-17T20:07:29+00:00,station2,0.0,0.082,0.23,0.0,9715828.2,483762.7636363636,77.72662559999999,3.870102109090909,congestion_breach,real_spec_congestion_breach_001
2026-07-17T20:07:29+00:00,station3,0.0,0.026,0.207,0.0,195.56363636363633,1090.890909090909,0.0015645090909090908,0.008727127272727273,congestion_breach,real_spec_congestion_breach_001
2026-07-17T20:07:44+00:00,station1,0.0,0.775,146.101,0.0,427462.3818181818,8582112.163636362,3.4196990545454544,68.6568973090909,congestion_breach,real_spec_congestion_breach_001
2026-07-17T20:07:44+00:00,station2,0.0,0.46,146.481,0.0,8580543.399999999,428761.0909090909,68.64434719999998,3.430088727272727,congestion_breach,real_spec_congestion_breach_001
2026-07-17T20:07:44+00:00,station3,0.0,0.212,146.277,0.0,233.27272727272728,1306.0363636363634,0.0018661818181818183,0.010448290909090907,congestion_breach,real_spec_congestion_breach_001
2026-07-17T20:07:59+00:00,station1,0.0,1.081,149.136,0.0,324345.45520664763,6423360.146917105,2.594763641653181,51.38688117533684,congestion_breach,real_spec_congestion_breach_001
2026-07-17T20:07:59+00:00,station2,0.0,0.639,149.114,0.0,6421854.054545454,325418.4727272727,51.37483243636363,2.6033477818181816,congestion_breach,real_spec_congestion_breach_001
2026-07-17T20:07:59+00:00,station3,0.0,0.371,149.373,0.0,188.56363636363633,1082.0181818181818,0.0015085090909090907,0.008656145454545454,congestion_breach,real_spec_congestion_breach_001
2026-07-17T20:08:14+00:00,station1,0.0,8.952,253.227,0.0,400468.3818181818,7854974.909090908,3.2037470545454543,62.83979927272727,congestion_breach,real_spec_congestion_breach_001
2026-07-17T20:08:14+00:00,station2,0.0,9.27,253.285,0.0,7853445.981818181,401680.4,62.82756785454545,3.2134432000000004,congestion_breach,real_spec_congestion_breach_001
2026-07-17T20:08:14+00:00,station3,0.0,5.738,255.023,0.0,234.36363636363635,1306.4545454545453,0.0018749090909090907,0.010451636363636363,congestion_breach,real_spec_congestion_breach_001
2026-07-17T20:08:29+00:00,station1,0.0,2.55,276.163,0.0,435349.7627402142,8522439.266949076,3.4827981019217136,68.17951413559261,congestion_breach,real_spec_congestion_breach_001
2026-07-17T20:08:29+00:00,station2,0.0,0.978,277.691,0.0,8521171.399999999,436355.0909090909,68.16937119999999,3.490840727272727,congestion_breach,real_spec_congestion_breach_001
2026-07-17T20:08:29+00:00,station3,0.0,2.647,276.28,0.0,197.74545454545452,1091.509090909091,0.001581963636363636,0.008732072727272727,congestion_breach,real_spec_congestion_breach_001
2026-07-17T20:08:44+00:00,station1,0.0,0.122,0.283,0.0,518206.0181818182,10241441.218181817,4.145648145454546,81.93152974545454,congestion_breach,real_spec_congestion_breach_001
2026-07-17T20:08:44+00:00,station2,0.0,0.025,0.239,0.0,10239892.236363636,519410.3272727272,81.91913789090908,4.155282618181817,congestion_breach,real_spec_congestion_breach_001
2026-07-17T20:08:44+00:00,station3,0.0,0.069,0.271,0.0,235.45454545454544,1308.2363636363634,0.0018836363636363636,0.010465890909090907,congestion_breach,real_spec_congestion_breach_001
2026-07-17T20:08:59+00:00,station1,0.0,10.461,187.656,0.0,350725.3272727272,6953574.454545454,2.8058026181818176,55.628595636363634,congestion_breach,real_spec_congestion_breach_001
2026-07-17T20:08:59+00:00,station2,0.0,10.397,187.827,0.0,6952183.363636363,351799.309090909,55.61746690909091,2.814394472727272,congestion_breach,real_spec_congestion_breach_001
2026-07-17T20:08:59+00:00,station3,0.0,9.563,188.261,0.0,188.0181818181818,1080.6727272727271,0.0015041454545454544,0.008645381818181816,congestion_breach,real_spec_congestion_breach_001
2026-07-17T20:09:14+00:00,station1,0.0,1.522,278.007,0.0,433057.0555828288,8703655.28464154,3.4644564446626305,69.62924227713232,congestion_breach,real_spec_congestion_breach_001
2026-07-17T20:09:14+00:00,station2,0.0,1.601,278.176,0.0,8701590.563636363,434337.87272727274,69.6127245090909,3.474702981818182,congestion_breach,real_spec_congestion_breach_001
2026-07-17T20:09:14+00:00,station3,0.0,1.269,278.284,0.0,236.65454545454543,1309.0181818181816,0.0018932363636363634,0.010472145454545452,congestion_breach,real_spec_congestion_breach_001
2026-07-17T20:09:29+00:00,station1,0.0,8.688,296.499,0.0,342940.309090909,6954694.509090909,2.743522472727272,55.63755607272727,congestion_breach,real_spec_congestion_breach_001
2026-07-17T20:09:29+00:00,station2,0.0,8.76,296.89,0.0,6953382.709090908,344025.8545454545,55.627061672727265,2.752206836363636,congestion_breach,real_spec_congestion_breach_001
2026-07-17T20:09:29+00:00,station3,0.0,5.952,298.174,0.0,197.85454545454544,1092.4727272727273,0.0015828363636363637,0.008739781818181818,congestion_breach,real_spec_congestion_breach_001
2026-07-17T20:09:44+00:00,station1,0.0,20.056,328.413,0.0,472154.98181818175,9459158.363636363,3.777239854545454,75.67326690909091,congestion_breach,real_spec_congestion_breach_001
2026-07-17T20:09:44+00:00,station2,0.0,20.476,328.756,0.0,9457482.454545455,473464.94545454544,75.65985963636363,3.7877195636363634,congestion_breach,real_spec_congestion_breach_001
2026-07-17T20:09:44+00:00,station3,0.0,20.837,331.395,0.0,238.5272727272727,1312.5454545454545,0.0019082181818181815,0.010500363636363636,congestion_breach,real_spec_congestion_breach_001
2026-07-17T20:09:59+00:00,station1,0.0,0.015,0.229,0.0,409182.92239435593,8111694.632336897,3.2734633791548475,64.89355705869518,congestion_breach,real_spec_congestion_breach_001
2026-07-17T20:09:59+00:00,station2,0.0,0.048,0.246,0.0,8109852.454545454,410235.7818181818,64.87881963636363,3.2818862545454546,congestion_breach,real_spec_congestion_breach_001
2026-07-17T20:09:59+00:00,station3,0.0,0.047,0.293,0.0,193.3090909090909,1087.4181818181817,0.0015464727272727272,0.008699345454545454,congestion_breach,real_spec_congestion_breach_001
2026-07-17T20:10:14+00:00,station1,0.0,0.184,247.396,0.0,429899.08540465846,8517036.383802753,3.4391926832372675,68.13629107042202,congestion_breach,real_spec_congestion_breach_001
2026-07-17T20:10:14+00:00,station2,0.0,0.383,247.59,0.0,8515094.454545455,431080.309090909,68.12075563636364,3.448642472727272,congestion_breach,real_spec_congestion_breach_001
2026-07-17T20:10:14+00:00,station3,0.0,0.364,247.608,0.0,243.58181818181816,1316.2,0.0019486545454545452,0.0105296,congestion_breach,real_spec_congestion_breach_001
2026-07-17T20:10:29+00:00,station1,0.0,3.066,279.177,0.0,322302.8363636363,6381823.0,2.5784226909090906,51.054584,congestion_breach,real_spec_congestion_breach_001
2026-07-17T20:10:29+00:00,station2,0.0,2.198,279.902,0.0,6381791.072727272,323328.14545454545,51.054328581818176,2.5866251636363637,congestion_breach,real_spec_congestion_breach_001
2026-07-17T20:10:29+00:00,station3,0.0,1.57,280.104,0.0,211.47272727272727,1102.2363636363634,0.0016917818181818181,0.008817890909090907,congestion_breach,real_spec_congestion_breach_001
2026-07-17T20:10:44+00:00,station1,0.0,2.391,338.872,0.0,371320.6850784531,7358585.952982673,2.970565480627625,58.86868762386139,congestion_breach,real_spec_congestion_breach_001
2026-07-17T20:10:44+00:00,station2,0.0,2.619,338.871,0.0,7357408.5636363635,372536.2545454545,58.85926850909091,2.980290036363636,congestion_breach,real_spec_congestion_breach_001
2026-07-17T20:10:44+00:00,station3,0.0,0.107,340.463,0.0,249.05454545454543,1316.6,0.0019924363636363634,0.010532799999999998,congestion_breach,real_spec_congestion_breach_001
2026-07-17T20:10:59+00:00,station1,0.0,0.315,376.241,0.0,353490.34545454546,7014504.999999999,2.8279227636363635,56.11603999999999,congestion_breach,real_spec_congestion_breach_001
2026-07-17T20:10:59+00:00,station2,0.0,4.696,373.217,0.0,7013278.381818181,354486.21818181814,56.10622705454545,2.835889745454545,congestion_breach,real_spec_congestion_breach_001
2026-07-17T20:10:59+00:00,station3,0.0,0.037,376.113,0.0,195.36363636363635,1086.3454545454545,0.0015629090909090907,0.008690763636363636,congestion_breach,real_spec_congestion_breach_001
2026-07-17T20:11:14+00:00,station1,0.0,42.667,185.628,0.0,346628.8545454545,6782655.218181818,2.773030836363636,54.26124174545454,congestion_breach,real_spec_congestion_breach_001
2026-07-17T20:11:14+00:00,station2,0.0,42.609,185.73,0.0,6781139.218181818,347929.0545454545,54.249113745454544,2.7834324363636362,congestion_breach,real_spec_congestion_breach_001
2026-07-17T20:11:14+00:00,station3,0.0,41.105,188.159,0.0,243.99999999999997,1311.4727272727273,0.0019519999999999997,0.010491781818181818,congestion_breach,real_spec_congestion_breach_001
2026-07-17T20:11:29+00:00,station1,0.0,10.114,269.403,0.0,277952.0173094056,5419425.135002455,2.223616138475245,43.35540108001964,congestion_breach,real_spec_congestion_breach_001
2026-07-17T20:11:29+00:00,station2,0.0,9.659,269.698,0.0,5418222.236363636,279028.3636363636,43.34577789090909,2.2322269090909086,congestion_breach,real_spec_congestion_breach_001
2026-07-17T20:11:29+00:00,station3,0.0,9.866,270.094,0.0,202.36363636363635,1092.909090909091,0.0016189090909090908,0.008743272727272728,congestion_breach,real_spec_congestion_breach_001
2026-07-17T20:11:44+00:00,station1,0.0,0.339,300.456,0.0,345250.8226823992,6782459.029507482,2.7620065814591936,54.259672236059856,congestion_breach,real_spec_congestion_breach_001
2026-07-17T20:11:44+00:00,station2,0.0,0.297,300.551,0.0,6781232.309090909,346568.8909090909,54.24985847272727,2.772551127272727,congestion_breach,real_spec_congestion_breach_001
2026-07-17T20:11:44+00:00,station3,0.0,0.336,300.19,0.0,238.98181818181817,1305.7818181818182,0.0019118545454545454,0.010446254545454545,congestion_breach,real_spec_congestion_breach_001
2026-07-17T20:11:59+00:00,station1,0.0,10.993,315.586,0.0,293565.3636363636,5817236.672727272,2.3485229090909088,46.53789338181817,congestion_breach,real_spec_congestion_breach_001
2026-07-17T20:11:59+00:00,station2,0.0,10.461,316.114,0.0,5816085.545454545,294659.7454545454,46.52868436363636,2.3572779636363634,congestion_breach,real_spec_congestion_breach_001
2026-07-17T20:11:59+00:00,station3,0.0,10.089,315.911,0.0,191.98181818181817,1081.0727272727272,0.0015358545454545454,0.008648581818181818,congestion_breach,real_spec_congestion_breach_001
2026-07-17T20:12:14+00:00,station1,0.0,0.029,0.191,0.0,401875.443157646,7885257.113248369,3.215003545261168,63.08205690598695,congestion_breach,real_spec_congestion_breach_001
2026-07-17T20:12:14+00:00,station2,0.0,0.076,0.245,0.0,7884153.7272727275,403201.18181818177,63.07322981818182,3.225609454545454,congestion_breach,real_spec_congestion_breach_001
2026-07-17T20:12:14+00:00,station3,0.0,0.008,0.221,0.0,237.89090909090908,1305.6727272727271,0.0019031272727272725,0.010445381818181818,congestion_breach,real_spec_congestion_breach_001
2026-07-17T20:12:29+00:00,station1,0.0,43.334,142.316,0.0,277794.16363636364,5332407.745454545,2.222353309090909,42.65926196363636,congestion_breach,real_spec_congestion_breach_001
2026-07-17T20:12:29+00:00,station2,0.0,43.525,142.502,0.0,5331242.709090908,278783.16363636364,42.649941672727266,2.230265309090909,congestion_breach,real_spec_congestion_breach_001
2026-07-17T20:12:29+00:00,station3,0.0,41.337,143.75,0.0,196.76363636363632,1088.2545454545455,0.0015741090909090906,0.008706036363636364,congestion_breach,real_spec_congestion_breach_001
2026-07-17T20:12:44+00:00,station1,0.0,2.039,390.432,0.0,301364.309090909,5878247.127272727,2.410914472727272,47.02597701818181,congestion_breach,real_spec_congestion_breach_001
2026-07-17T20:12:44+00:00,station2,0.0,1.891,390.519,0.0,5876689.181818182,302569.10909090907,47.01351345454545,2.4205528727272725,congestion_breach,real_spec_congestion_breach_001
2026-07-17T20:12:44+00:00,station3,0.0,0.148,392.114,0.0,234.47272727272727,1305.0,0.001875781818181818,0.01044,congestion_breach,real_spec_congestion_breach_001
2026-07-17T20:12:59+00:00,station1,0.0,46.876,364.078,0.0,207590.8909090909,4106781.2545454544,1.6607271272727273,32.85425003636364,congestion_breach,real_spec_congestion_breach_001
2026-07-17T20:12:59+00:00,station2,0.0,47.251,364.671,0.0,4105306.454545454,208581.7636363636,32.842451636363634,1.6686541090909088,congestion_breach,real_spec_congestion_breach_001
2026-07-17T20:12:59+00:00,station3,0.0,48.152,366.395,0.0,188.56363636363633,1079.6909090909091,0.0015085090909090907,0.008637527272727274,congestion_breach,real_spec_congestion_breach_001
2026-07-17T20:13:14+00:00,station1,0.0,12.953,302.809,0.0,256020.52727272725,4945897.7272727275,2.048164218181818,39.56718181818182,congestion_breach,real_spec_congestion_breach_001
2026-07-17T20:13:14+00:00,station2,0.0,13.027,303.201,0.0,4945042.454545454,257277.14545454545,39.560339636363636,2.0582171636363635,congestion_breach,real_spec_congestion_breach_001
2026-07-17T20:13:14+00:00,station3,0.0,12.927,303.204,0.0,231.5272727272727,1303.2,0.0018522181818181817,0.0104256,congestion_breach,real_spec_congestion_breach_001
2026-07-17T20:13:29+00:00,station1,0.0,0.061,0.282,0.0,241695.47272727272,4658096.181818182,1.9335637818181817,37.26476945454545,congestion_breach,real_spec_congestion_breach_001
2026-07-17T20:13:29+00:00,station2,0.0,0.025,0.233,0.0,4656792.818181817,242780.6545454545,37.25434254545454,1.942245236363636,congestion_breach,real_spec_congestion_breach_001
2026-07-17T20:13:29+00:00,station3,0.0,0.028,0.279,0.0,196.54545454545453,1090.509090909091,0.0015723636363636363,0.008724072727272728,congestion_breach,real_spec_congestion_breach_001
2026-07-17T20:13:44+00:00,station1,0.0,0.382,363.716,0.0,246712.45454545453,4753226.654545454,1.9736996363636363,38.02581323636363,congestion_breach,real_spec_congestion_breach_001
2026-07-17T20:13:44+00:00,station2,0.0,0.668,364.042,0.0,4751497.872727272,248015.2909090909,38.01198298181818,1.984122327272727,congestion_breach,real_spec_congestion_breach_001
2026-07-17T20:13:44+00:00,station3,0.0,0.59,363.641,0.0,233.16363636363633,1305.6363636363635,0.0018653090909090907,0.010445090909090907,congestion_breach,real_spec_congestion_breach_001
2026-07-17T20:13:59+00:00,station1,0.0,0.164,387.334,0.0,193733.72727272724,3798318.8727272726,1.5498698181818178,30.386550981818182,congestion_breach,real_spec_congestion_breach_001
2026-07-17T20:13:59+00:00,station2,0.0,0.153,387.449,0.0,3797158.054545454,194823.23636363636,30.377264436363635,1.5585858909090908,congestion_breach,real_spec_congestion_breach_001
2026-07-17T20:13:59+00:00,station3,0.0,0.297,388.028,0.0,188.56363636363633,1082.1090909090908,0.0015085090909090907,0.008656872727272726,congestion_breach,real_spec_congestion_breach_001
2026-07-17T20:14:14+00:00,station1,0.0,48.37,366.75,0.0,238988.23636363636,4752726.963636364,1.911905890909091,38.02181570909091,congestion_breach,real_spec_congestion_breach_001
2026-07-17T20:14:14+00:00,station2,0.0,48.033,366.366,0.0,4750614.745454545,240258.7818181818,38.00491796363636,1.9220702545454544,congestion_breach,real_spec_congestion_breach_001
2026-07-17T20:14:14+00:00,station3,0.0,50.047,368.275,0.0,234.36363636363635,1307.4363636363635,0.0018749090909090907,0.010459490909090909,congestion_breach,real_spec_congestion_breach_001
2026-07-17T20:14:29+00:00,station1,0.0,9.164,225.102,0.0,248114.49715439024,4772521.901194611,1.984915977235122,38.180175209556886,congestion_breach,real_spec_congestion_breach_001
2026-07-17T20:14:29+00:00,station2,0.0,9.407,225.517,0.0,4770965.254545454,249195.09090909088,38.16772203636363,1.9935607272727272,congestion_breach,real_spec_congestion_breach_001
2026-07-17T20:14:29+00:00,station3,0.0,7.499,227.022,0.0,198.83636363636364,1093.6,0.0015906909090909092,0.0087488,congestion_breach,real_spec_congestion_breach_001
2026-07-17T20:14:44+00:00,station1,0.0,43.749,127.732,0.0,250672.92727272725,4804569.072727272,2.005383418181818,38.43655258181818,congestion_breach,real_spec_congestion_breach_001
2026-07-17T20:14:44+00:00,station2,0.0,43.709,128.104,0.0,4803220.8545454545,251883.67272727273,38.425766836363636,2.015069381818182,congestion_breach,real_spec_congestion_breach_001
2026-07-17T20:14:44+00:00,station3,0.0,40.47,130.472,0.0,234.36363636363635,1308.6,0.0018749090909090907,0.010468799999999999,congestion_breach,real_spec_congestion_breach_001
2026-07-17T20:14:59+00:00,station1,0.0,3.518,310.377,0.0,186774.83226967763,3464061.0738377064,1.4941986581574211,27.71248859070165,congestion_breach,real_spec_congestion_breach_001
2026-07-17T20:14:59+00:00,station2,0.0,3.424,310.321,0.0,3462750.5636363635,187759.9818181818,27.70200450909091,1.5020798545454546,congestion_breach,real_spec_congestion_breach_001
2026-07-17T20:14:59+00:00,station3,0.0,3.901,310.558,0.0,188.56363636363633,1083.8363636363636,0.0015085090909090907,0.008670690909090908,congestion_breach,real_spec_congestion_breach_001
2026-07-17T20:15:14+00:00,station1,0.0,15.322,388.041,0.0,197694.74545454545,3646219.6909090905,1.5815579636363637,29.169757527272722,congestion_breach,real_spec_congestion_breach_001
2026-07-17T20:15:14+00:00,station2,0.0,15.382,387.908,0.0,3644610.454545454,198900.54545454544,29.156883636363634,1.5912043636363635,congestion_breach,real_spec_congestion_breach_001
2026-07-17T20:15:14+00:00,station3,0.0,15.007,388.145,0.0,234.36363636363635,1309.0181818181816,0.0018749090909090907,0.010472145454545452,congestion_breach,real_spec_congestion_breach_001
2026-07-17T20:15:29+00:00,station1,0.0,2.654,350.108,0.0,126150.33452112574,2349853.4106610427,1.0092026761690058,18.79882728528834,congestion_breach,real_spec_congestion_breach_001
2026-07-17T20:15:29+00:00,station2,0.0,2.681,350.185,0.0,2348739.472727272,127242.0909090909,18.789915781818177,1.017936727272727,congestion_breach,real_spec_congestion_breach_001
2026-07-17T20:15:29+00:00,station3,0.0,0.917,351.981,0.0,195.0181818181818,1090.9818181818182,0.0015601454545454544,0.008727854545454546,congestion_breach,real_spec_congestion_breach_001
2026-07-17T20:15:44+00:00,station1,0.0,0.04,0.226,0.0,181384.48811882988,3373680.7810483067,1.451075904950639,26.989446248386454,congestion_breach,real_spec_congestion_breach_001
2026-07-17T20:15:44+00:00,station2,0.0,0.066,0.249,0.0,3372358.345454545,182707.1818181818,26.97886676363636,1.4616574545454544,congestion_breach,real_spec_congestion_breach_001
2026-07-17T20:15:44+00:00,station3,0.0,0.019,0.28,0.0,233.27272727272728,1308.3636363636363,0.0018661818181818183,0.01046690909090909,congestion_breach,real_spec_congestion_breach_001
2026-07-17T20:15:59+00:00,station1,0.0,41.031,80.312,0.0,121331.94553024381,2261724.178681163,0.9706555642419505,18.093793429449306,congestion_breach,real_spec_congestion_breach_001
2026-07-17T20:15:59+00:00,station2,0.0,41.096,80.23,0.0,2260640.745454545,122432.0909090909,18.08512596363636,0.9794567272727271,congestion_breach,real_spec_congestion_breach_001
2026-07-17T20:15:59+00:00,station3,0.0,40.586,81.109,0.0,187.47272727272727,1082.3272727272727,0.0014997818181818182,0.008658618181818182,congestion_breach,real_spec_congestion_breach_001
2026-07-17T20:16:14+00:00,station1,0.0,1.292,304.621,0.0,152677.2909090909,2830132.9272727272,1.2214183272727273,22.64106341818182,congestion_breach,real_spec_congestion_breach_001
2026-07-17T20:16:14+00:00,station2,0.0,1.705,305.331,0.0,2828592.0181818176,153990.47272727272,22.628736145454543,1.2319237818181819,congestion_breach,real_spec_congestion_breach_001
2026-07-17T20:16:14+00:00,station3,0.0,1.849,305.156,0.0,233.27272727272728,1306.6181818181817,0.0018661818181818183,0.010452945454545453,congestion_breach,real_spec_congestion_breach_001
2026-07-17T20:16:29+00:00,station1,0.0,22.085,365.093,0.0,122580.10145639013,2261971.690394371,0.980640811651121,18.095773523154968,congestion_breach,real_spec_congestion_breach_001
2026-07-17T20:16:29+00:00,station2,0.0,22.215,365.434,0.0,2260753.472727272,123669.83636363636,18.086027781818178,0.9893586909090909,congestion_breach,real_spec_congestion_breach_001
2026-07-17T20:16:29+00:00,station3,0.0,19.905,366.474,0.0,195.0181818181818,1088.8727272727272,0.0015601454545454544,0.008710981818181817,congestion_breach,real_spec_congestion_breach_001
2026-07-17T20:16:44+00:00,station1,0.0,25.36,334.266,0.0,153861.0,2865368.454545454,1.230888,22.922947636363634,congestion_breach,real_spec_congestion_breach_001
2026-07-17T20:16:44+00:00,station2,0.0,25.327,334.276,0.0,2863882.4909090907,155181.67272727273,22.911059927272724,1.2414533818181819,congestion_breach,real_spec_congestion_breach_001
2026-07-17T20:16:44+00:00,station3,0.0,25.233,334.358,0.0,233.27272727272728,1306.0363636363634,0.0018661818181818183,0.010448290909090907,congestion_breach,real_spec_congestion_breach_001
2026-07-17T20:16:59+00:00,station1,0.0,122.157,86.583,0.0,146422.92727272725,2674561.2727272725,1.171383418181818,21.39649018181818,congestion_breach,real_spec_congestion_breach_001
2026-07-17T20:16:59+00:00,station2,0.0,123.204,87.342,0.0,2673279.509090909,147411.6545454545,21.38623607272727,1.1792932363636361,congestion_breach,real_spec_congestion_breach_001
2026-07-17T20:16:59+00:00,station3,0.0,123.366,87.53,0.0,186.27272727272728,1081.581818181818,0.0014901818181818182,0.008652654545454545,congestion_breach,real_spec_congestion_breach_001
2026-07-17T20:17:14+00:00,station1,0.0,34.058,369.313,0.0,127354.41818181817,2285197.8181818184,1.0188353454545453,18.281582545454548,congestion_breach,real_spec_congestion_breach_001
2026-07-17T20:17:14+00:00,station2,0.0,34.933,369.433,0.0,2283643.509090909,128551.25454545455,18.26914807272727,1.0284100363636364,congestion_breach,real_spec_congestion_breach_001
2026-07-17T20:17:14+00:00,station3,0.0,33.638,368.231,0.0,236.2181818181818,1306.3272727272727,0.0018897454545454544,0.010450618181818182,congestion_breach,real_spec_congestion_breach_001
2026-07-17T20:17:29+00:00,station1,0.0,4.466,379.492,0.0,77072.70909090908,1330626.2909090908,0.6165816727272726,10.645010327272725,congestion_breach,real_spec_congestion_breach_001
2026-07-17T20:17:29+00:00,station2,0.0,4.779,379.339,0.0,1329407.8363636362,78055.01818181817,10.635262690909089,0.6244401454545454,congestion_breach,real_spec_congestion_breach_001
2026-07-17T20:17:29+00:00,station3,0.0,5.305,378.38,0.0,196.76363636363632,1089.2545454545455,0.0015741090909090906,0.008714036363636364,congestion_breach,real_spec_congestion_breach_001
2026-07-17T20:17:44+00:00,station1,0.0,47.003,367.287,0.0,67842.27272727272,1126196.309090909,0.5427381818181818,9.009570472727273,congestion_breach,real_spec_congestion_breach_001
2026-07-17T20:17:44+00:00,station2,0.0,47.364,367.67,0.0,1124671.3272727272,69038.10909090909,8.997370618181817,0.5523048727272727,congestion_breach,real_spec_congestion_breach_001
2026-07-17T20:17:44+00:00,station3,0.0,46.722,367.531,0.0,241.19999999999996,1307.1272727272726,0.0019295999999999996,0.01045701818181818,congestion_breach,real_spec_congestion_breach_001
2026-07-17T20:17:59+00:00,station1,0.0,2.337,374.027,0.0,53456.08101965491,900818.2330587829,0.42764864815723924,7.206545864470263,congestion_breach,real_spec_congestion_breach_001
2026-07-17T20:17:59+00:00,station2,0.0,2.531,372.696,0.0,899616.3454545455,54549.59999999999,7.196930763636364,0.4363967999999999,congestion_breach,real_spec_congestion_breach_001
2026-07-17T20:17:59+00:00,station3,0.0,2.994,373.849,0.0,192.45454545454544,1082.290909090909,0.0015396363636363635,0.008658327272727272,congestion_breach,real_spec_congestion_breach_001
2026-07-17T20:18:14+00:00,station1,0.0,20.169,14.574,0.0,55321.8909090909,935364.8181818181,0.4425751272727272,7.482918545454545,congestion_breach,real_spec_congestion_breach_001
2026-07-17T20:18:14+00:00,station2,0.0,21.711,15.555,0.0,933960.309090909,56714.52727272727,7.471682472727272,0.4537162181818181,congestion_breach,real_spec_congestion_breach_001
2026-07-17T20:18:14+00:00,station3,0.0,20.45,14.789,0.0,237.05454545454543,1307.4181818181817,0.0018964363636363635,0.010459345454545453,congestion_breach,real_spec_congestion_breach_001
2026-07-17T20:18:29+00:00,station1,0.0,45.677,369.963,0.0,42455.12727272727,724587.4181818181,0.3396410181818182,5.796699345454544,congestion_breach,real_spec_congestion_breach_001
2026-07-17T20:18:29+00:00,station2,0.0,45.852,369.452,0.0,723308.0909090909,43539.763636363634,5.786464727272728,0.34831810909090904,congestion_breach,real_spec_congestion_breach_001
2026-07-17T20:18:29+00:00,station3,0.0,45.715,370.268,0.0,201.63636363636363,1091.6363636363635,0.001613090909090909,0.008733090909090907,congestion_breach,real_spec_congestion_breach_001
2026-07-17T20:18:44+00:00,station1,0.0,53.287,356.961,0.0,55000.58181818181,906371.5818181818,0.4400046545454545,7.250972654545454,congestion_breach,real_spec_congestion_breach_001
2026-07-17T20:18:44+00:00,station2,0.0,53.323,356.262,0.0,904906.309090909,56305.63636363636,7.239250472727272,0.4504450909090909,congestion_breach,real_spec_congestion_breach_001
2026-07-17T20:18:44+00:00,station3,0.0,52.68,356.352,0.0,233.16363636363633,1307.1818181818182,0.0018653090909090907,0.010457454545454546,congestion_breach,real_spec_congestion_breach_001
2026-07-17T20:18:59+00:00,station1,0.0,51.315,379.567,0.0,43562.41022564047,724591.15620284,0.3484992818051238,5.796729249622721,congestion_breach,real_spec_congestion_breach_001
2026-07-17T20:18:59+00:00,station2,0.0,51.341,379.606,0.0,723401.7636363636,44654.0,5.787214109090908,0.357232,congestion_breach,real_spec_congestion_breach_001
2026-07-17T20:18:59+00:00,station3,0.0,51.741,380.98,0.0,188.56363636363633,1081.4545454545453,0.0015085090909090907,0.008651636363636361,congestion_breach,real_spec_congestion_breach_001
2026-07-17T20:19:14+00:00,station1,0.0,19.577,411.115,0.0,63128.45220995982,1061932.2921401428,0.5050276176796785,8.495458337121143,congestion_breach,real_spec_congestion_breach_001
2026-07-17T20:19:14+00:00,station2,0.0,19.358,411.173,0.0,1060359.7999999998,64347.4909090909,8.482878399999999,0.5147799272727271,congestion_breach,real_spec_congestion_breach_001
2026-07-17T20:19:14+00:00,station3,0.0,18.777,411.404,0.0,233.16363636363633,1306.4181818181817,0.0018653090909090907,0.010451345454545454,congestion_breach,real_spec_congestion_breach_001
2026-07-17T20:19:29+00:00,station1,0.0,0.027,0.236,0.0,45665.80004727015,772821.4642837663,0.3653264003781612,6.18257171427013,congestion_breach,real_spec_congestion_breach_001
2026-07-17T20:19:29+00:00,station2,0.0,0.082,0.265,0.0,771660.1636363636,46843.07272727272,6.173281309090909,0.37474458181818177,congestion_breach,real_spec_congestion_breach_001
2026-07-17T20:19:29+00:00,station3,0.0,0.026,0.276,0.0,196.54545454545453,1091.2363636363636,0.0015723636363636363,0.008729890909090909,congestion_breach,real_spec_congestion_breach_001
2026-07-17T20:19:44+00:00,station1,0.0,2.021,371.616,0.0,54338.47916212088,905713.5064368318,0.43470783329696705,7.245708051494654,congestion_breach,real_spec_congestion_breach_001
2026-07-17T20:19:44+00:00,station2,0.0,2.831,371.782,0.0,904126.1636363636,55629.38181818181,7.2330093090909084,0.4450350545454545,congestion_breach,real_spec_congestion_breach_001
2026-07-17T20:19:44+00:00,station3,0.0,2.454,372.428,0.0,230.43636363636364,1304.8545454545454,0.001843490909090909,0.010438836363636362,congestion_breach,real_spec_congestion_breach_001
2026-07-17T20:19:59+00:00,station1,0.0,56.092,379.745,0.0,43184.196650969985,723897.8564026109,0.3454735732077599,5.791182851220887,congestion_breach,real_spec_congestion_breach_001
2026-07-17T20:19:59+00:00,station2,0.0,55.477,379.105,0.0,722546.4545454545,44264.4,5.780371636363636,0.3541152,congestion_breach,real_spec_congestion_breach_001
2026-07-17T20:19:59+00:00,station3,0.0,55.287,379.178,0.0,187.47272727272727,1082.6909090909091,0.0014997818181818182,0.008661527272727274,congestion_breach,real_spec_congestion_breach_001
2026-07-17T20:20:14+00:00,station1,0.0,9.134,364.928,0.0,54425.818181818184,905671.309090909,0.4354065454545455,7.245370472727272,congestion_breach,real_spec_congestion_breach_001
2026-07-17T20:20:14+00:00,station2,0.0,8.329,365.592,0.0,904256.1636363636,55733.399999999994,7.234049309090909,0.44586719999999996,congestion_breach,real_spec_congestion_breach_001
2026-07-17T20:20:14+00:00,station3,0.0,8.339,363.697,0.0,233.27272727272728,1307.6727272727271,0.0018661818181818183,0.010461381818181816,congestion_breach,real_spec_congestion_breach_001
2026-07-17T20:20:29+00:00,station1,0.0,29.233,384.953,0.0,54375.27272727272,909088.1999999998,0.4350021818181818,7.272705599999998,congestion_breach,real_spec_congestion_breach_001
2026-07-17T20:20:29+00:00,station2,0.0,30.628,386.107,0.0,907813.5818181818,55464.98181818181,7.262508654545455,0.4437198545454545,congestion_breach,real_spec_congestion_breach_001
2026-07-17T20:20:29+00:00,station3,0.0,29.916,384.961,0.0,197.74545454545452,1092.4181818181817,0.001581963636363636,0.008739345454545454,congestion_breach,real_spec_congestion_breach_001
2026-07-17T20:20:44+00:00,station1,0.0,40.322,382.885,0.0,53569.17398498154,906465.9357442863,0.42855339187985236,7.25172748595429,congestion_breach,real_spec_congestion_breach_001
2026-07-17T20:20:44+00:00,station2,0.0,40.068,384.78,0.0,904930.3818181817,54872.454545454544,7.239443054545454,0.43897963636363635,congestion_breach,real_spec_congestion_breach_001
2026-07-17T20:20:44+00:00,station3,0.0,39.915,382.836,0.0,234.36363636363635,1308.1818181818182,0.0018749090909090907,0.010465454545454545,congestion_breach,real_spec_congestion_breach_001
2026-07-17T20:20:59+00:00,station1,0.0,4.136,366.109,0.0,44232.38181818181,724658.6545454544,0.3538590545454545,5.797269236363635,congestion_breach,real_spec_congestion_breach_001
2026-07-17T20:20:59+00:00,station2,0.0,5.593,366.961,0.0,723322.709090909,45313.41818181818,5.786581672727272,0.36250734545454544,congestion_breach,real_spec_congestion_breach_001
2026-07-17T20:20:59+00:00,station3,0.0,4.683,366.02,0.0,188.56363636363633,1082.3999999999999,0.0015085090909090907,0.008659199999999999,congestion_breach,real_spec_congestion_breach_001
2026-07-17T20:21:14+00:00,station1,0.0,10.126,385.565,0.0,53957.0735077544,906379.4840093816,0.4316565880620352,7.251035872075053,congestion_breach,real_spec_congestion_breach_001
2026-07-17T20:21:14+00:00,station2,0.0,10.153,386.027,0.0,904903.509090909,55263.472727272725,7.239228072727272,0.4421077818181818,congestion_breach,real_spec_congestion_breach_001
2026-07-17T20:21:14+00:00,station3,0.0,9.519,386.768,0.0,234.36363636363635,1308.109090909091,0.0018749090909090907,0.010464872727272728,congestion_breach,real_spec_congestion_breach_001
2026-07-17T20:21:29+00:00,station1,0.0,15.176,351.862,0.0,50157.58181818181,836566.6,0.4012606545454545,6.6925327999999995,congestion_breach,real_spec_congestion_breach_001
2026-07-17T20:21:29+00:00,station2,0.0,15.535,352.154,0.0,835333.9454545454,51198.58181818181,6.682671563636363,0.40958865454545446,congestion_breach,real_spec_congestion_breach_001
2026-07-17T20:21:29+00:00,station3,0.0,14.787,351.891,0.0,196.65454545454543,1091.3090909090909,0.0015732363636363634,0.008730472727272728,congestion_breach,real_spec_congestion_breach_001
2026-07-17T20:21:44+00:00,station1,0.0,0.025,0.246,0.0,59932.41941055617,997016.3087943855,0.47945935528444933,7.976130470355084,congestion_breach,real_spec_congestion_breach_001
2026-07-17T20:21:44+00:00,station2,0.0,0.035,0.256,0.0,995583.7272727272,61297.818181818184,7.964669818181817,0.49038254545454546,congestion_breach,real_spec_congestion_breach_001
2026-07-17T20:21:44+00:00,station3,0.0,0.046,0.291,0.0,235.49090909090907,1307.7818181818182,0.0018839272727272725,0.010462254545454545,congestion_breach,real_spec_congestion_breach_001
2026-07-17T20:21:59+00:00,station1,0.0,41.378,321.781,0.0,43150.1381918685,724481.0895337842,0.345201105534948,5.795848716270274,congestion_breach,real_spec_congestion_breach_001
2026-07-17T20:21:59+00:00,station2,0.0,40.313,322.698,0.0,723167.7272727272,44232.454545454544,5.785341818181817,0.3538596363636364,congestion_breach,real_spec_congestion_breach_001
2026-07-17T20:21:59+00:00,station3,0.0,41.164,323.766,0.0,188.05454545454543,1080.6727272727271,0.0015044363636363635,0.008645381818181816,congestion_breach,real_spec_congestion_breach_001
2026-07-17T20:22:14+00:00,station1,0.0,32.95,355.113,0.0,55093.58181818181,906292.6727272726,0.4407486545454545,7.250341381818181,congestion_breach,real_spec_congestion_breach_001
2026-07-17T20:22:14+00:00,station2,0.0,33.459,355.938,0.0,904748.5272727272,56398.145454545454,7.237988218181818,0.45118516363636363,congestion_breach,real_spec_congestion_breach_001
2026-07-17T20:22:14+00:00,station3,0.0,33.915,355.806,0.0,235.49090909090907,1306.3272727272727,0.0018839272727272725,0.010450618181818182,congestion_breach,real_spec_congestion_breach_001
2026-07-17T20:22:29+00:00,station1,0.0,0.406,1.183,0.0,54504.23667175795,933806.2404538511,0.4360338933740636,7.470449923630809,congestion_breach,real_spec_congestion_breach_001
2026-07-17T20:22:29+00:00,station2,0.0,0.212,0.847,0.0,932254.6727272726,55655.23636363636,7.458037381818181,0.4452418909090909,congestion_breach,real_spec_congestion_breach_001
2026-07-17T20:22:29+00:00,station3,0.0,0.15,0.764,0.0,196.65454545454543,1090.3999999999999,0.0015732363636363634,0.008723199999999999,congestion_breach,real_spec_congestion_breach_001
2026-07-17T20:22:44+00:00,station1,0.0,0.186,0.634,0.0,271397.4254077347,5313970.254004618,2.1711794032618776,42.51176203203695,congestion_breach,real_spec_congestion_breach_001
2026-07-17T20:22:44+00:00,station2,0.0,0.958,1.574,0.0,5312101.218181818,272730.94545454544,42.49680974545454,2.1818475636363637,congestion_breach,real_spec_congestion_breach_001
2026-07-17T20:22:44+00:00,station3,0.0,0.128,0.863,0.0,234.36363636363635,1305.7272727272725,0.0018749090909090907,0.01044581818181818,congestion_breach,real_spec_congestion_breach_001
2026-07-17T20:22:59+00:00,station1,0.0,0.018,0.232,0.0,310435.4,6170801.618181818,2.4834832000000002,49.36641294545455,congestion_breach,real_spec_congestion_breach_001
2026-07-17T20:22:59+00:00,station2,0.0,0.049,0.26,0.0,6169638.709090908,311605.0909090909,49.35710967272726,2.492840727272727,congestion_breach,real_spec_congestion_breach_001
2026-07-17T20:22:59+00:00,station3,0.0,0.028,0.318,0.0,186.9272727272727,1079.2363636363636,0.0014954181818181817,0.008633890909090908,congestion_breach,real_spec_congestion_breach_001
2026-07-17T20:23:14+00:00,station1,0.0,0.04,0.753,0.0,464978.7818181818,9261177.236363636,3.7198302545454545,74.08941789090909,congestion_breach,real_spec_congestion_breach_001
2026-07-17T20:23:14+00:00,station2,0.0,0.181,0.878,0.0,9259641.145454545,466364.3636363636,74.07712916363636,3.7309149090909086,congestion_breach,real_spec_congestion_breach_001
2026-07-17T20:23:14+00:00,station3,0.0,0.161,0.785,0.0,234.36363636363635,1306.4727272727273,0.0018749090909090907,0.010451781818181818,congestion_breach,real_spec_congestion_breach_001
2026-07-17T20:23:29+00:00,station1,0.0,0.165,0.855,0.0,444676.757759232,8869704.285532465,3.557414062073856,70.95763428425973,congestion_breach,real_spec_congestion_breach_001
2026-07-17T20:23:29+00:00,station2,0.0,0.295,0.94,0.0,8868001.327272726,445752.87272727274,70.9440106181818,3.566022981818182,congestion_breach,real_spec_congestion_breach_001
2026-07-17T20:23:29+00:00,station3,0.0,0.021,0.634,0.0,197.74545454545452,1090.9818181818182,0.001581963636363636,0.008727854545454546,congestion_breach,real_spec_congestion_breach_001
2026-07-17T20:23:44+00:00,station1,0.0,0.127,0.834,0.0,557491.4181818182,11103539.38181818,4.459931345454546,88.82831505454544,congestion_breach,real_spec_congestion_breach_001
2026-07-17T20:23:44+00:00,station2,0.0,0.08,0.797,0.0,11102516.67272727,558795.9454545454,88.82013338181817,4.470367563636364,congestion_breach,real_spec_congestion_breach_001
2026-07-17T20:23:44+00:00,station3,0.0,0.012,0.622,0.0,238.6181818181818,1310.2,0.0019089454545454544,0.0104816,congestion_breach,real_spec_congestion_breach_001
2026-07-17T20:23:59+00:00,station1,0.0,0.21,0.894,0.0,560175.6363636364,11169146.0,4.481405090909091,89.353168,congestion_breach,real_spec_congestion_breach_001
2026-07-17T20:23:59+00:00,station2,0.0,0.66,1.228,0.0,11167924.236363636,561266.709090909,89.34339389090908,4.490133672727272,congestion_breach,real_spec_congestion_breach_001
2026-07-17T20:23:59+00:00,station3,0.0,0.033,0.729,0.0,192.27272727272728,1084.2181818181818,0.0015381818181818183,0.008673745454545455,congestion_breach,real_spec_congestion_breach_001
2026-07-17T20:24:14+00:00,station1,0.0,0.13,0.845,0.0,557666.0666557574,11104678.466881216,4.461328533246059,88.83742773504973,congestion_breach,real_spec_congestion_breach_001
2026-07-17T20:24:14+00:00,station2,0.0,0.122,0.918,0.0,11102981.836363636,558955.8545454545,88.82385469090909,4.471646836363636,congestion_breach,real_spec_congestion_breach_001
2026-07-17T20:24:14+00:00,station3,0.0,0.048,0.622,0.0,240.9090909090909,1310.6727272727271,0.0019272727272727273,0.010485381818181818,congestion_breach,real_spec_congestion_breach_001
2026-07-17T20:24:29+00:00,station1,0.0,0.605,1.243,0.0,444544.72727272724,8869608.181818182,3.556357818181818,70.95686545454545,congestion_breach,real_spec_congestion_breach_001
2026-07-17T20:24:29+00:00,station2,0.0,0.84,1.293,0.0,8867881.945454545,445613.1272727272,70.94305556363636,3.564905018181818,congestion_breach,real_spec_congestion_breach_001
2026-07-17T20:24:29+00:00,station3,0.0,0.282,0.955,0.0,204.29090909090908,1095.909090909091,0.0016343272727272727,0.008767272727272728,congestion_breach,real_spec_congestion_breach_001
2026-07-17T20:24:44+00:00,station1,0.0,0.106,0.829,0.0,554580.3454545455,11104082.618181817,4.436642763636364,88.83266094545453,congestion_breach,real_spec_congestion_breach_001
2026-07-17T20:24:44+00:00,station2,0.0,0.069,0.818,0.0,11102505.945454543,555883.5454545454,88.82004756363635,4.4470683636363635,congestion_breach,real_spec_congestion_breach_001
2026-07-17T20:24:44+00:00,station3,0.0,0.018,0.656,0.0,236.65454545454543,1306.2545454545455,0.0018932363636363634,0.010450036363636363,congestion_breach,real_spec_congestion_breach_001
2026-07-17T20:24:59+00:00,station1,0.0,0.045,0.801,0.0,493390.21108707116,9904154.997181868,3.947121688696569,79.23323997745494,congestion_breach,real_spec_congestion_breach_001
2026-07-17T20:24:59+00:00,station2,0.0,0.166,0.907,0.0,9903183.545454543,494496.18181818177,79.22546836363634,3.9559694545454542,congestion_breach,real_spec_congestion_breach_001
2026-07-17T20:24:59+00:00,station3,0.0,0.088,0.849,0.0,188.56363636363633,1080.9454545454544,0.0015085090909090907,0.008647563636363634,congestion_breach,real_spec_congestion_breach_001
2026-07-17T20:25:14+00:00,station1,0.0,0.055,0.211,0.0,618104.8890020181,12435906.638061127,4.944839112016145,99.48725310448901,congestion_breach,real_spec_congestion_breach_001
2026-07-17T20:25:14+00:00,station2,0.0,0.053,0.261,0.0,12434778.49090909,619426.4363636363,99.47822792727273,4.95541149090909,congestion_breach,real_spec_congestion_breach_001
2026-07-17T20:25:14+00:00,station3,0.0,0.029,0.261,0.0,235.56363636363633,1304.709090909091,0.0018845090909090907,0.010437672727272728,congestion_breach,real_spec_congestion_breach_001
2026-07-17T20:25:29+00:00,station1,0.0,0.826,1.286,0.0,442409.54545454547,8874105.254545454,3.5392763636363638,70.99284203636363,congestion_breach,real_spec_congestion_breach_001
2026-07-17T20:25:29+00:00,station2,0.0,0.812,1.342,0.0,8872768.999999998,443499.69090909086,70.98215199999999,3.547997527272727,congestion_breach,real_spec_congestion_breach_001
2026-07-17T20:25:29+00:00,station3,0.0,0.321,1.645,0.0,197.38181818181818,1089.6909090909091,0.0015790545454545453,0.008717527272727274,congestion_breach,real_spec_congestion_breach_001
2026-07-17T20:25:44+00:00,station1,0.0,0.512,1.228,0.0,555518.6909090909,11108455.618181817,4.444149527272727,88.86764494545454,congestion_breach,real_spec_congestion_breach_001
2026-07-17T20:25:44+00:00,station2,0.0,0.73,1.491,0.0,11106939.218181817,556832.7272727272,88.85551374545453,4.454661818181817,congestion_breach,real_spec_congestion_breach_001
2026-07-17T20:25:44+00:00,station3,0.0,0.447,2.042,0.0,235.4181818181818,1306.3454545454545,0.0018833454545454545,0.010450763636363635,congestion_breach,real_spec_congestion_breach_001
2026-07-17T20:25:59+00:00,station1,0.0,0.076,0.689,0.0,445163.9272727272,8874876.763636362,3.5613114181818175,70.9990141090909,congestion_breach,real_spec_congestion_breach_001
2026-07-17T20:25:59+00:00,station2,0.0,0.06,0.709,0.0,8873333.254545454,446240.5999999999,70.98666603636363,3.5699247999999995,congestion_breach,real_spec_congestion_breach_001
2026-07-17T20:25:59+00:00,station3,0.0,0.077,2.016,0.0,190.6,1083.509090909091,0.0015248,0.008668072727272727,congestion_breach,real_spec_congestion_breach_001
2026-07-17T20:26:14+00:00,station1,0.0,0.053,0.753,0.0,606254.9818181818,12076201.763636362,4.850039854545455,96.6096141090909,congestion_breach,real_spec_congestion_breach_001
2026-07-17T20:26:14+00:00,station2,0.0,0.085,0.832,0.0,12074813.727272727,607569.0545454546,96.59850981818181,4.860552436363636,congestion_breach,real_spec_congestion_breach_001
2026-07-17T20:26:14+00:00,station3,0.0,0.241,1.746,0.0,237.38181818181818,1309.2,0.0018990545454545453,0.0104736,congestion_breach,real_spec_congestion_breach_001
2026-07-17T20:26:29+00:00,station1,0.0,0.063,0.226,0.0,514910.9983817888,10271740.395279914,4.11928798705431,82.17392316223932,congestion_breach,real_spec_congestion_breach_001
2026-07-17T20:26:29+00:00,station2,0.0,0.063,0.26,0.0,10270198.672727274,515981.94545454544,82.16158938181819,4.127855563636364,congestion_breach,real_spec_congestion_breach_001
2026-07-17T20:26:29+00:00,station3,0.0,0.028,0.253,0.0,204.43636363636364,1095.6181818181817,0.0016354909090909092,0.008764945454545453,congestion_breach,real_spec_congestion_breach_001
2026-07-17T20:26:44+00:00,station1,0.0,0.126,0.876,0.0,550900.9690380525,11108935.876224933,4.40720775230442,88.87148700979947,congestion_breach,real_spec_congestion_breach_001
2026-07-17T20:26:44+00:00,station2,0.0,0.187,0.85,0.0,11108045.945454543,552228.7090909091,88.86436756363635,4.417829672727273,congestion_breach,real_spec_congestion_breach_001
2026-07-17T20:26:44+00:00,station3,0.0,0.088,0.776,0.0,233.76363636363632,1309.8181818181815,0.0018701090909090906,0.010478545454545452,congestion_breach,real_spec_congestion_breach_001
2026-07-17T20:26:59+00:00,station1,0.0,0.145,0.971,0.0,434416.00610864663,8874796.79659661,3.475328048869173,70.99837437277289,congestion_breach,real_spec_congestion_breach_001
2026-07-17T20:26:59+00:00,station2,0.0,0.177,0.806,0.0,8874267.763636362,435596.99999999994,70.99414210909089,3.4847759999999997,congestion_breach,real_spec_congestion_breach_001
2026-07-17T20:26:59+00:00,station3,0.0,0.06,0.598,0.0,188.89090909090908,1082.1272727272726,0.0015111272727272725,0.008657018181818181,congestion_breach,real_spec_congestion_breach_001
2026-07-17T20:27:14+00:00,station1,0.0,0.045,0.765,0.0,536863.3247877235,11110257.095583556,4.294906598301788,88.88205676466845,congestion_breach,real_spec_congestion_breach_001
2026-07-17T20:27:14+00:00,station2,0.0,0.446,1.109,0.0,11108629.0,538300.4363636363,88.869032,4.306403490909091,congestion_breach,real_spec_congestion_breach_001
2026-07-17T20:27:14+00:00,station3,0.0,0.135,0.757,0.0,236.36363636363635,1305.8545454545454,0.0018909090909090907,0.010446836363636363,congestion_breach,real_spec_congestion_breach_001
2026-07-17T20:27:29+00:00,station1,0.0,0.805,1.361,0.0,503223.5272727272,11172614.98181818,4.025788218181818,89.38091985454544,congestion_breach,real_spec_congestion_breach_001
2026-07-17T20:27:29+00:00,station2,0.0,0.035,0.818,0.0,11171251.163636362,504241.3818181818,89.3700093090909,4.033931054545454,congestion_breach,real_spec_congestion_breach_001
2026-07-17T20:27:29+00:00,station3,0.0,0.211,0.841,0.0,198.18181818181816,1089.6545454545453,0.0015854545454545453,0.008717236363636362,congestion_breach,real_spec_congestion_breach_001
2026-07-17T20:27:44+00:00,station1,0.0,0.111,0.295,0.0,428439.94545454544,12047309.890909089,3.4275195636363636,96.37847912727271,congestion_breach,real_spec_congestion_breach_001
2026-07-17T20:27:44+00:00,station2,0.0,0.025,0.244,0.0,12045736.581818182,429671.69090909086,96.36589265454546,3.437373527272727,congestion_breach,real_spec_congestion_breach_001
2026-07-17T20:27:44+00:00,station3,0.0,0.059,0.27,0.0,242.85454545454544,1306.8181818181815,0.0019428363636363635,0.010454545454545452,congestion_breach,real_spec_congestion_breach_001
2026-07-17T20:27:59+00:00,station1,0.0,0.148,2.384,0.0,252892.4928637661,8704899.129106743,2.0231399429101287,69.63919303285395,congestion_breach,real_spec_congestion_breach_001
2026-07-17T20:27:59+00:00,station2,0.0,0.16,2.596,0.0,8702950.2,253761.7636363636,69.6236016,2.030094109090909,congestion_breach,real_spec_congestion_breach_001
2026-07-17T20:27:59+00:00,station3,0.0,1764.678,1248.11,50.0,184.85454545454544,1082.1636363636362,0.0014788363636363635,0.00865730909090909,congestion_breach,real_spec_congestion_breach_001
2026-07-17T20:28:14+00:00,station1,0.0,0.119,2.044,0.0,369435.14545454545,10939056.563636363,2.9554811636363634,87.5124525090909,congestion_breach,real_spec_congestion_breach_001
2026-07-17T20:28:14+00:00,station2,0.0,0.084,2.095,0.0,10937172.454545455,370455.50909090904,87.49737963636365,2.963644072727272,congestion_breach,real_spec_congestion_breach_001
2026-07-17T20:28:14+00:00,station3,0.0,621.417,768.683,0.0,259.05454545454546,1343.2181818181816,0.0020724363636363636,0.010745745454545453,congestion_breach,real_spec_congestion_breach_001
2026-07-17T20:28:29+00:00,station1,0.0,0.071,1.95,0.0,374723.1253182049,9069909.37522729,2.9977850025456396,72.55927500181832,congestion_breach,real_spec_congestion_breach_001
2026-07-17T20:28:29+00:00,station2,0.0,0.315,2.381,0.0,9068550.618181817,375695.4727272727,72.54840494545454,3.0055637818181817,congestion_breach,real_spec_congestion_breach_001
2026-07-17T20:28:29+00:00,station3,0.0,621.417,768.683,100.0,225.7090909090909,1126.381818181818,0.0018056727272727272,0.009011054545454545,congestion_breach,real_spec_congestion_breach_001
2026-07-17T20:28:44+00:00,station1,0.0,0.367,2.238,0.0,598407.0727272726,12299468.509090908,4.787256581818181,98.39574807272726,congestion_breach,real_spec_congestion_breach_001
2026-07-17T20:28:44+00:00,station2,0.0,0.429,2.459,0.0,12298044.29090909,599630.6727272726,98.38435432727272,4.797045381818181,congestion_breach,real_spec_congestion_breach_001
2026-07-17T20:28:44+00:00,station3,0.0,2938.741,5400.824,0.0,246.2363636363636,1343.3636363636363,0.0019698909090909086,0.01074690909090909,congestion_breach,real_spec_congestion_breach_001
2026-07-17T20:28:59+00:00,station1,0.0,0.036,0.236,0.0,521885.9880370162,10422415.97731033,4.175087904296129,83.37932781848264,congestion_breach,real_spec_congestion_breach_001
2026-07-17T20:28:59+00:00,station2,0.0,0.056,0.214,0.0,10421635.98181818,522952.16363636364,83.37308785454545,4.183617309090909,congestion_breach,real_spec_congestion_breach_001
2026-07-17T20:28:59+00:00,station3,0.0,0.035,0.2,0.0,193.76363636363632,1085.8181818181818,0.0015501090909090906,0.008686545454545454,congestion_breach,real_spec_congestion_breach_001
2026-07-17T20:29:14+00:00,station1,0.0,0.127,0.81,0.0,445166.1333721184,8870102.465275252,3.5613290669769473,70.96081972220202,congestion_breach,real_spec_congestion_breach_001
2026-07-17T20:29:14+00:00,station2,0.0,0.609,1.091,0.0,8869367.654545454,446500.2545454545,70.95494123636364,3.572002036363636,congestion_breach,real_spec_congestion_breach_001
2026-07-17T20:29:14+00:00,station3,0.0,0.33,0.891,0.0,242.25454545454542,1303.9636363636362,0.0019380363636363634,0.01043170909090909,congestion_breach,real_spec_congestion_breach_001
2026-07-17T20:29:29+00:00,station1,0.0,0.228,0.852,0.0,333424.0727272727,6635227.272727272,2.6673925818181816,53.08181818181817,congestion_breach,real_spec_congestion_breach_001
2026-07-17T20:29:29+00:00,station2,0.0,0.217,0.918,0.0,6634171.981818181,334540.2,53.07337585454545,2.6763216,congestion_breach,real_spec_congestion_breach_001
2026-07-17T20:29:29+00:00,station3,0.0,0.08,0.687,0.0,200.7272727272727,1089.0363636363636,0.0016058181818181816,0.00871229090909091,congestion_breach,real_spec_congestion_breach_001
2026-07-17T20:29:44+00:00,station1,0.0,0.152,0.947,0.0,445430.5818181818,8869323.563636363,3.5634446545454543,70.9545885090909,congestion_breach,real_spec_congestion_breach_001
2026-07-17T20:29:44+00:00,station2,0.0,0.038,0.72,0.0,8867955.363636363,446769.14545454545,70.94364290909091,3.5741531636363635,congestion_breach,real_spec_congestion_breach_001
2026-07-17T20:29:44+00:00,station3,0.0,0.161,0.734,0.0,253.98181818181817,1301.6909090909091,0.0020318545454545453,0.010413527272727274,congestion_breach,real_spec_congestion_breach_001
2026-07-17T20:29:59+00:00,station1,0.0,0.073,0.823,0.0,483022.0004000073,9618926.980490556,3.8641760032000585,76.95141584392445,congestion_breach,real_spec_congestion_breach_001
2026-07-17T20:29:59+00:00,station2,0.0,0.247,0.951,0.0,9617500.345454544,484129.72727272724,76.94000276363636,3.873037818181818,congestion_breach,real_spec_congestion_breach_001
2026-07-17T20:29:59+00:00,station3,0.0,0.163,0.796,0.0,188.56363636363633,1080.3636363636363,0.0015085090909090907,0.00864290909090909,congestion_breach,real_spec_congestion_breach_001
2026-07-17T20:30:14+00:00,station1,0.0,0.058,0.264,0.0,638073.5104274623,12730248.731795125,5.104588083419698,101.841989854361,congestion_breach,real_spec_congestion_breach_001
2026-07-17T20:30:14+00:00,station2,0.0,0.03,0.218,0.0,12728563.727272727,639382.7454545455,101.82850981818181,5.1150619636363635,congestion_breach,real_spec_congestion_breach_001
2026-07-17T20:30:14+00:00,station3,0.0,0.038,0.261,0.0,233.38181818181818,1303.2727272727273,0.0018670545454545454,0.010426181818181819,congestion_breach,real_spec_congestion_breach_001
2026-07-17T20:30:29+00:00,station1,0.0,0.036,0.762,0.0,445325.18181818177,8869850.309090909,3.562601454545454,70.95880247272727,congestion_breach,real_spec_congestion_breach_001
2026-07-17T20:30:29+00:00,station2,0.0,0.156,0.991,0.0,8868516.418181818,446396.70909090905,70.94813134545454,3.5711736727272725,congestion_breach,real_spec_congestion_breach_001
2026-07-17T20:30:29+00:00,station3,0.0,0.066,0.805,0.0,194.03636363636363,1086.4363636363637,0.0015522909090909091,0.00869149090909091,congestion_breach,real_spec_congestion_breach_001
2026-07-17T20:30:44+00:00,station1,0.0,0.158,0.873,0.0,555769.832178767,11103501.209112892,4.446158657430136,88.82800967290314,congestion_breach,real_spec_congestion_breach_001
2026-07-17T20:30:44+00:00,station2,0.0,0.096,0.924,0.0,11101730.418181816,557067.8363636363,88.81384334545453,4.456542690909091,congestion_breach,real_spec_congestion_breach_001
2026-07-17T20:30:44+00:00,station3,0.0,0.065,0.704,0.0,232.29090909090908,1303.290909090909,0.0018583272727272727,0.010426327272727272,congestion_breach,real_spec_congestion_breach_001
2026-07-17T20:30:59+00:00,station1,0.0,1.342,1.663,0.0,442661.86069344194,8868682.93303758,3.5412948855475355,70.94946346430065,congestion_breach,real_spec_congestion_breach_001
2026-07-17T20:30:59+00:00,station2,0.0,1.367,1.635,0.0,8867689.763636362,443759.99999999994,70.9415181090909,3.5500799999999995,congestion_breach,real_spec_congestion_breach_001
2026-07-17T20:30:59+00:00,station3,0.0,0.015,0.701,0.0,187.47272727272727,1080.581818181818,0.0014997818181818182,0.008644654545454544,congestion_breach,real_spec_congestion_breach_001
2026-07-17T20:31:14+00:00,station1,0.0,1.065,1.847,0.0,586107.9032052797,11776306.110575788,4.688863225642238,94.21044888460631,congestion_breach,real_spec_congestion_breach_001
2026-07-17T20:31:14+00:00,station2,0.0,1.323,1.784,0.0,11775666.2,587457.0727272726,94.2053296,4.699656581818181,congestion_breach,real_spec_congestion_breach_001
2026-07-17T20:31:14+00:00,station3,0.0,0.164,0.709,0.0,232.29090909090908,1301.3454545454545,0.0018583272727272727,0.010410763636363635,congestion_breach,real_spec_congestion_breach_001
2026-07-17T20:31:29+00:00,station1,0.0,0.057,0.267,0.0,524740.2592680133,10562972.073235031,4.197922074144106,84.50377658588025,vrf_leakage,real_spec_vrf_leakage_001
2026-07-17T20:31:29+00:00,station2,0.0,0.021,0.206,0.0,10561736.818181816,525836.3272727273,84.49389454545454,4.206690618181818,vrf_leakage,real_spec_vrf_leakage_001
2026-07-17T20:31:29+00:00,station3,0.0,0.036,0.257,0.0,194.03636363636363,1084.2727272727273,0.0015522909090909091,0.008674181818181819,vrf_leakage,real_spec_vrf_leakage_001
2026-07-17T20:31:44+00:00,station1,0.0,0.493,4.077,0.0,552711.8363636363,11097175.145454545,4.42169469090909,88.77740116363636,vrf_leakage,real_spec_vrf_leakage_001
2026-07-17T20:31:44+00:00,station2,0.0,0.501,3.994,0.0,11095779.945454543,554202.2727272727,88.76623956363635,4.433618181818182,vrf_leakage,real_spec_vrf_leakage_001
2026-07-17T20:31:44+00:00,station3,0.0,0.084,0.906,0.0,233.38181818181818,1302.2363636363634,0.0018670545454545454,0.010417890909090908,vrf_leakage,real_spec_vrf_leakage_001
2026-07-17T20:31:59+00:00,station1,0.0,0.118,4.901,0.0,442772.0181818182,8862743.836363636,3.5421761454545453,70.90195069090909,vrf_leakage,real_spec_vrf_leakage_001
2026-07-17T20:31:59+00:00,station2,0.0,0.481,3.686,0.0,8861483.254545454,444083.19999999995,70.89186603636364,3.5526655999999996,vrf_leakage,real_spec_vrf_leakage_001
2026-07-17T20:31:59+00:00,station3,0.0,0.009,0.606,0.0,188.56363636363633,1080.8,0.0015085090909090907,0.0086464,vrf_leakage,real_spec_vrf_leakage_001
2026-07-17T20:32:14+00:00,station1,0.0,0.435,3.616,0.0,555475.4441151335,11098034.129134318,4.443803552921068,88.78427303307454,vrf_leakage,real_spec_vrf_leakage_001
2026-07-17T20:32:14+00:00,station2,0.0,0.752,4.414,0.0,11095962.163636362,556992.0181818182,88.76769730909089,4.455936145454546,vrf_leakage,real_spec_vrf_leakage_001
2026-07-17T20:32:14+00:00,station3,0.0,0.115,0.869,0.0,233.38181818181818,1302.8545454545454,0.0018670545454545454,0.010422836363636364,vrf_leakage,real_spec_vrf_leakage_001
2026-07-17T20:32:29+00:00,station1,0.0,0.945,6.347,0.0,558528.4620838864,11166582.331872808,4.468227696671091,89.33265865498247,vrf_leakage,real_spec_vrf_leakage_001
2026-07-17T20:32:29+00:00,station2,0.0,1.215,6.658,0.0,11166181.563636363,559902.6909090909,89.3294525090909,4.479221527272728,vrf_leakage,real_spec_vrf_leakage_001
2026-07-17T20:32:29+00:00,station3,0.0,0.158,0.721,0.0,200.0,1090.6909090909091,0.0016,0.008725527272727273,vrf_leakage,real_spec_vrf_leakage_001
2026-07-17T20:32:44+00:00,station1,0.0,1.248,7.941,0.0,555491.7636363636,11074402.163636362,4.443934109090908,88.5952173090909,vrf_leakage,real_spec_vrf_leakage_001
2026-07-17T20:32:44+00:00,station2,0.0,1.161,7.812,0.0,11073014.763636362,557034.9272727272,88.5841181090909,4.456279418181818,vrf_leakage,real_spec_vrf_leakage_001
2026-07-17T20:32:44+00:00,station3,0.0,0.008,0.633,0.0,235.5272727272727,1306.0363636363634,0.0018842181818181816,0.010448290909090907,vrf_leakage,real_spec_vrf_leakage_001
2026-07-17T20:32:59+00:00,station1,0.0,1.375,6.453,0.0,443957.90832560597,8841913.125693195,3.5516632666048475,70.73530500554556,vrf_leakage,real_spec_vrf_leakage_001
2026-07-17T20:32:59+00:00,station2,0.0,1.36,6.926,0.0,8840750.399999999,445212.6545454545,70.7260032,3.561701236363636,vrf_leakage,real_spec_vrf_leakage_001
2026-07-17T20:32:59+00:00,station3,0.0,0.096,0.691,0.0,190.7090909090909,1083.5272727272727,0.0015256727272727271,0.008668218181818182,vrf_leakage,real_spec_vrf_leakage_001
2026-07-17T20:33:14+00:00,station1,0.0,1.241,9.58,0.0,556597.5563192058,11076407.625593193,4.452780450553647,88.61126100474554,vrf_leakage,real_spec_vrf_leakage_001
2026-07-17T20:33:14+00:00,station2,0.0,1.47,10.717,25.0,11074706.309090909,558170.6181818182,88.59765047272727,4.465364945454545,vrf_leakage,real_spec_vrf_leakage_001
2026-07-17T20:33:14+00:00,station3,0.0,1.356,1.748,0.0,236.7272727272727,1307.4181818181817,0.0018938181818181816,0.010459345454545453,vrf_leakage,real_spec_vrf_leakage_001
2026-07-17T20:33:29+00:00,station1,0.0,0.852,9.505,0.0,470717.2909090909,9370328.727272727,3.765738327272727,74.96262981818181,vrf_leakage,real_spec_vrf_leakage_001
2026-07-17T20:33:29+00:00,station2,0.0,1.795,9.272,25.0,9369459.272727273,471917.19999999995,74.95567418181818,3.7753376,vrf_leakage,real_spec_vrf_leakage_001
2026-07-17T20:33:29+00:00,station3,0.0,0.079,0.7,0.0,196.87272727272727,1087.9090909090908,0.0015749818181818181,0.008703272727272726,vrf_leakage,real_spec_vrf_leakage_001
2026-07-17T20:33:44+00:00,station1,0.0,1.06,8.875,0.0,651458.709090909,12971798.163636362,5.211669672727272,103.7743853090909,vrf_leakage,real_spec_vrf_leakage_001
2026-07-17T20:33:44+00:00,station2,0.0,1.99,9.443,0.0,12970500.0,652866.7454545455,103.764,5.222933963636364,vrf_leakage,real_spec_vrf_leakage_001
2026-07-17T20:33:44+00:00,station3,0.0,0.033,0.245,0.0,230.3272727272727,1301.581818181818,0.0018426181818181817,0.010412654545454545,vrf_leakage,real_spec_vrf_leakage_001
2026-07-17T20:33:59+00:00,station1,0.0,1.885,9.953,0.0,443521.6545454545,8823737.799999999,3.548173236363636,70.58990239999999,vrf_leakage,real_spec_vrf_leakage_001
2026-07-17T20:33:59+00:00,station2,0.0,1.624,10.276,0.0,8822430.145454545,444704.0181818182,70.57944116363636,3.5576321454545456,vrf_leakage,real_spec_vrf_leakage_001
2026-07-17T20:33:59+00:00,station3,0.0,0.211,0.84,0.0,185.94545454545454,1079.0363636363636,0.0014875636363636364,0.00863229090909091,vrf_leakage,real_spec_vrf_leakage_001
2026-07-17T20:34:14+00:00,station1,0.0,0.326,11.26,0.0,555178.5720778867,11055782.702761669,4.441428576623093,88.44626162209335,vrf_leakage,real_spec_vrf_leakage_001
2026-07-17T20:34:14+00:00,station2,0.0,1.288,11.929,0.0,11055620.236363636,556722.2909090909,88.44496189090908,4.453778327272727,vrf_leakage,real_spec_vrf_leakage_001
2026-07-17T20:34:14+00:00,station3,0.0,0.269,0.918,0.0,233.67272727272726,1305.2727272727273,0.0018693818181818181,0.010442181818181817,vrf_leakage,real_spec_vrf_leakage_001
2026-07-17T20:34:29+00:00,station1,0.0,1.312,11.093,0.0,443064.3988291122,8822520.099634552,3.5445151906328975,70.58016079707642,vrf_leakage,real_spec_vrf_leakage_001
2026-07-17T20:34:29+00:00,station2,0.0,0.962,15.013,0.0,8821993.145454545,444347.90909090906,70.57594516363636,3.5547832727272723,vrf_leakage,real_spec_vrf_leakage_001
2026-07-17T20:34:29+00:00,station3,0.0,0.27,0.989,0.0,198.58181818181816,1089.7090909090907,0.0015886545454545454,0.008717672727272726,vrf_leakage,real_spec_vrf_leakage_001
2026-07-17T20:34:44+00:00,station1,0.0,1.454,12.428,0.0,575968.3454545455,11491033.2,4.607746763636364,91.92826559999999,vrf_leakage,real_spec_vrf_leakage_001
2026-07-17T20:34:44+00:00,station2,0.0,2.261,12.07,0.0,11489700.745454544,577470.4909090908,91.91760596363635,4.619763927272727,vrf_leakage,real_spec_vrf_leakage_001
2026-07-17T20:34:44+00:00,station3,0.0,0.135,0.765,0.0,236.29090909090908,1305.6,0.0018903272727272726,0.010444799999999999,vrf_leakage,real_spec_vrf_leakage_001
2026-07-17T20:34:59+00:00,station1,0.0,1.195,12.033,0.0,543752.9636363636,10853634.309090909,4.350023709090909,86.82907447272727,vrf_leakage,real_spec_vrf_leakage_001
2026-07-17T20:34:59+00:00,station2,0.0,2.646,12.614,0.0,10852412.854545454,545021.3454545455,86.81930283636363,4.360170763636364,vrf_leakage,real_spec_vrf_leakage_001
2026-07-17T20:34:59+00:00,station3,0.0,0.021,0.255,0.0,185.4,1077.5272727272727,0.0014832,0.008620218181818181,vrf_leakage,real_spec_vrf_leakage_001
2026-07-17T20:35:14+00:00,station1,0.0,4.002,20.315,25.0,559451.3536609757,11188992.32713322,4.475610829287805,89.51193861706575,vrf_leakage,real_spec_vrf_leakage_001
2026-07-17T20:35:14+00:00,station2,0.0,1.243,17.819,0.0,11187354.127272727,560820.8727272727,89.49883301818181,4.486566981818181,vrf_leakage,real_spec_vrf_leakage_001
2026-07-17T20:35:14+00:00,station3,0.0,577.755,837.034,0.0,232.83636363636364,1302.6,0.001862690909090909,0.0104208,vrf_leakage,real_spec_vrf_leakage_001
2026-07-17T20:35:29+00:00,station1,0.0,3.208,17.337,0.0,446053.6211066058,8951294.797898067,3.5684289688528463,71.61035838318453,vrf_leakage,real_spec_vrf_leakage_001
2026-07-17T20:35:29+00:00,station2,0.0,0.76,21.446,0.0,8949575.618181817,447204.70909090905,71.59660494545454,3.5776376727272723,vrf_leakage,real_spec_vrf_leakage_001
2026-07-17T20:35:29+00:00,station3,0.0,796.639,901.948,0.0,199.49090909090907,1091.8181818181818,0.0015959272727272726,0.008734545454545455,vrf_leakage,real_spec_vrf_leakage_001
2026-07-17T20:35:44+00:00,station1,0.0,2.098,17.58,0.0,556115.6524426829,11182944.16465155,4.448925219541463,89.4635533172124,vrf_leakage,real_spec_vrf_leakage_001
2026-07-17T20:35:44+00:00,station2,0.0,1.505,19.527,0.0,11181580.309090909,557499.5818181818,89.45264247272726,4.459996654545455,vrf_leakage,real_spec_vrf_leakage_001
2026-07-17T20:35:44+00:00,station3,0.0,496.851,458.895,0.0,237.19999999999996,1310.2363636363634,0.0018975999999999997,0.010481890909090907,vrf_leakage,real_spec_vrf_leakage_001
2026-07-17T20:35:59+00:00,station1,0.0,2.376,18.98,0.0,553623.370484173,11164528.954019018,4.428986963873384,89.31623163215214,vrf_leakage,real_spec_vrf_leakage_001
2026-07-17T20:35:59+00:00,station2,0.0,1.713,17.126,0.0,11163380.272727272,554810.1636363636,89.30704218181818,4.438481309090909,vrf_leakage,real_spec_vrf_leakage_001
2026-07-17T20:35:59+00:00,station3,0.0,657.319,911.085,0.0,191.29090909090908,1087.1818181818182,0.0015303272727272726,0.008697454545454546,vrf_leakage,real_spec_vrf_leakage_001
2026-07-17T20:36:14+00:00,station1,0.0,3.552,17.214,0.0,546533.6909090909,11023079.163636362,4.372269527272727,88.1846333090909,vrf_leakage,real_spec_vrf_leakage_001
2026-07-17T20:36:14+00:00,station2,0.0,3.641,16.442,0.0,11021584.818181816,547929.9818181818,88.17267854545453,4.383439854545455,vrf_leakage,real_spec_vrf_leakage_001
2026-07-17T20:36:14+00:00,station3,0.0,0.049,0.631,0.0,238.39999999999998,1313.4181818181817,0.0019071999999999997,0.010507345454545453,vrf_leakage,real_spec_vrf_leakage_001
2026-07-17T20:36:29+00:00,station1,0.0,1.055,18.544,0.0,436199.3272727272,8791120.018181818,3.4895946181818176,70.32896014545454,vrf_leakage,real_spec_vrf_leakage_001
2026-07-17T20:36:29+00:00,station2,0.0,2.146,14.514,0.0,8790815.909090908,437405.2727272727,70.32652727272726,3.4992421818181816,vrf_leakage,real_spec_vrf_leakage_001
2026-07-17T20:36:29+00:00,station3,0.0,0.041,0.633,0.0,197.4181818181818,1090.8363636363636,0.0015793454545454545,0.008726690909090909,vrf_leakage,real_spec_vrf_leakage_001
2026-07-17T20:36:44+00:00,station1,0.0,1.016,20.06,0.0,547277.5848590077,11026365.47097431,4.3782206788720615,88.21092376779447,vrf_leakage,real_spec_vrf_leakage_001
2026-07-17T20:36:44+00:00,station2,0.0,1.939,17.925,0.0,11025834.127272727,548725.9272727272,88.20667301818182,4.389807418181818,vrf_leakage,real_spec_vrf_leakage_001
2026-07-17T20:36:44+00:00,station3,0.0,0.595,1.009,0.0,234.03636363636363,1306.4545454545453,0.001872290909090909,0.010451636363636363,vrf_leakage,real_spec_vrf_leakage_001
2026-07-17T20:36:59+00:00,station1,0.0,2.802,18.594,0.0,453544.86282067595,9127501.372702314,3.6283589025654077,73.02001098161851,vrf_leakage,real_spec_vrf_leakage_001
2026-07-17T20:36:59+00:00,station2,0.0,3.295,17.201,0.0,9126335.98181818,454648.4909090909,73.01068785454544,3.6371879272727274,vrf_leakage,real_spec_vrf_leakage_001
2026-07-17T20:36:59+00:00,station3,0.0,0.129,0.818,0.0,185.4,1078.5454545454545,0.0014832,0.008628363636363635,vrf_leakage,real_spec_vrf_leakage_001
2026-07-17T20:37:14+00:00,station1,0.0,2.993,16.403,0.0,657314.2363636363,13208434.454545455,5.25851389090909,105.66747563636363,vrf_leakage,real_spec_vrf_leakage_001
2026-07-17T20:37:14+00:00,station2,0.0,0.203,19.545,0.0,13206850.781818181,658610.8909090909,105.65480625454545,5.268887127272727,vrf_leakage,real_spec_vrf_leakage_001
2026-07-17T20:37:14+00:00,station3,0.0,0.071,0.266,0.0,234.47272727272727,1304.6363636363635,0.001875781818181818,0.010437090909090908,vrf_leakage,real_spec_vrf_leakage_001
2026-07-17T20:37:29+00:00,station1,0.0,3.558,16.187,0.0,435097.4727272727,8741154.2,3.480779781818182,69.92923359999999,vrf_leakage,real_spec_vrf_leakage_001
2026-07-17T20:37:29+00:00,station2,0.0,4.617,15.533,0.0,8739693.363636363,436181.61818181816,69.9175469090909,3.4894529454545453,vrf_leakage,real_spec_vrf_leakage_001
2026-07-17T20:37:29+00:00,station3,0.0,0.14,0.469,0.0,196.76363636363632,1088.6181818181817,0.0015741090909090906,0.008708945454545454,vrf_leakage,real_spec_vrf_leakage_001
2026-07-17T20:37:44+00:00,station1,0.0,3.627,18.581,0.0,543743.2592134688,10926533.35393902,4.34994607370775,87.41226683151216,vrf_leakage,real_spec_vrf_leakage_001
2026-07-17T20:37:44+00:00,station2,0.0,1.527,16.484,0.0,10925373.69090909,545052.109090909,87.40298952727272,4.3604168727272725,vrf_leakage,real_spec_vrf_leakage_001
2026-07-17T20:37:44+00:00,station3,0.0,0.066,0.759,0.0,235.56363636363633,1306.3454545454545,0.0018845090909090907,0.010450763636363635,vrf_leakage,real_spec_vrf_leakage_001
2026-07-17T20:37:59+00:00,station1,0.0,2.936,17.829,0.0,432643.4727272727,8692380.2,3.4611477818181817,69.53904159999999,vrf_leakage,real_spec_vrf_leakage_001
2026-07-17T20:37:59+00:00,station2,0.0,3.279,17.872,0.0,8691256.527272727,433733.39999999997,69.53005221818182,3.4698672,vrf_leakage,real_spec_vrf_leakage_001
2026-07-17T20:37:59+00:00,station3,0.0,0.185,0.719,0.0,188.0181818181818,1080.8,0.0015041454545454544,0.0086464,vrf_leakage,real_spec_vrf_leakage_001
2026-07-17T20:38:14+00:00,station1,0.0,1.995,14.422,0.0,553274.1636363636,11117807.218181817,4.426193309090909,88.94245774545453,vrf_leakage,real_spec_vrf_leakage_001
2026-07-17T20:38:14+00:00,station2,0.0,1.886,18.334,25.0,11116427.69090909,554594.6363636364,88.93142152727272,4.436757090909091,vrf_leakage,real_spec_vrf_leakage_001
2026-07-17T20:38:14+00:00,station3,0.0,0.132,0.794,0.0,235.56363636363633,1306.2545454545455,0.0018845090909090907,0.010450036363636363,vrf_leakage,real_spec_vrf_leakage_001
2026-07-17T20:38:29+00:00,station1,0.0,0.566,20.049,0.0,555833.3636363636,11163304.69090909,4.446666909090909,89.30643752727272,vrf_leakage,real_spec_vrf_leakage_001
2026-07-17T20:38:29+00:00,station2,0.0,3.143,16.608,0.0,11161806.236363636,556923.0909090909,89.29444989090909,4.455384727272728,vrf_leakage,real_spec_vrf_leakage_001
2026-07-17T20:38:29+00:00,station3,0.0,0.196,0.374,0.0,195.2,1089.890909090909,0.0015616,0.008719127272727271,vrf_leakage,real_spec_vrf_leakage_001
2026-07-17T20:38:44+00:00,station1,0.0,3.49,15.614,0.0,547089.4065022911,10975659.13884646,4.376715252018329,87.80527311077168,vrf_leakage,real_spec_vrf_leakage_001
2026-07-17T20:38:44+00:00,station2,0.0,0.916,13.657,0.0,10973299.29090909,548352.6,87.78639432727272,4.3868208,vrf_leakage,real_spec_vrf_leakage_001
2026-07-17T20:38:44+00:00,station3,0.0,0.221,1.944,0.0,241.9272727272727,1310.9272727272726,0.0019354181818181818,0.01048741818181818,vrf_leakage,real_spec_vrf_leakage_001
2026-07-17T20:38:59+00:00,station1,0.0,4.85,19.645,0.0,436259.2545454545,8743479.49090909,3.490074036363636,69.94783592727272,vrf_leakage,real_spec_vrf_leakage_001
2026-07-17T20:38:59+00:00,station2,0.0,3.804,19.182,0.0,8742539.98181818,437353.94545454544,69.94031985454545,3.4988315636363634,vrf_leakage,real_spec_vrf_leakage_001
2026-07-17T20:38:59+00:00,station3,0.0,0.542,2.379,0.0,197.1090909090909,1087.9999999999998,0.001576872727272727,0.008703999999999998,vrf_leakage,real_spec_vrf_leakage_001
2026-07-17T20:39:14+00:00,station1,0.0,1.948,18.627,0.0,547569.3272727273,10976467.2,4.380554618181818,87.8117376,vrf_leakage,real_spec_vrf_leakage_001
2026-07-17T20:39:14+00:00,station2,0.0,2.242,16.753,0.0,10975063.4,548873.4727272727,87.8005072,4.390987781818181,vrf_leakage,real_spec_vrf_leakage_001
2026-07-17T20:39:14+00:00,station3,0.0,0.371,1.745,0.0,249.1272727272727,1316.490909090909,0.0019930181818181817,0.010531927272727273,vrf_leakage,real_spec_vrf_leakage_001
2026-07-17T20:39:29+00:00,station1,0.0,3.473,17.091,0.0,545252.7090909091,10932773.672727274,4.3620216727272725,87.46218938181819,vrf_leakage,real_spec_vrf_leakage_001
2026-07-17T20:39:29+00:00,station2,0.0,3.377,15.513,0.0,10931153.909090908,546321.0909090909,87.44923127272726,4.370568727272728,vrf_leakage,real_spec_vrf_leakage_001
2026-07-17T20:39:29+00:00,station3,0.0,0.346,1.916,0.0,210.2181818181818,1097.5636363636363,0.0016817454545454543,0.00878050909090909,vrf_leakage,real_spec_vrf_leakage_001
2026-07-17T20:39:44+00:00,station1,0.0,0.443,17.794,0.0,569332.0060364734,11406963.272059493,4.554656048291788,91.25570617647594,vrf_leakage,real_spec_vrf_leakage_001
2026-07-17T20:39:44+00:00,station2,0.0,2.508,16.564,25.0,11405255.036363635,570628.5272727272,91.24204029090909,4.565028218181817,vrf_leakage,real_spec_vrf_leakage_001
2026-07-17T20:39:44+00:00,station3,0.0,0.038,0.23,0.0,246.69090909090906,1313.490909090909,0.0019735272727272723,0.010507927272727273,vrf_leakage,real_spec_vrf_leakage_001
2026-07-17T20:39:59+00:00,station1,0.0,2.462,17.05,0.0,347056.23636363633,6941461.254545454,2.7764498909090904,55.531690036363635,vrf_leakage,real_spec_vrf_leakage_001
2026-07-17T20:39:59+00:00,station2,0.0,0.81,17.047,0.0,6940338.418181818,348221.2,55.52270734545454,2.7857696,vrf_leakage,real_spec_vrf_leakage_001
2026-07-17T20:39:59+00:00,station3,0.0,0.015,0.25,0.0,195.76363636363632,1086.1454545454544,0.0015661090909090906,0.008689163636363635,vrf_leakage,real_spec_vrf_leakage_001
2026-07-17T20:40:14+00:00,station1,0.0,3.471,19.844,0.0,426810.2727272727,8567976.2,3.414482181818182,68.54380959999999,vrf_leakage,real_spec_vrf_leakage_001
2026-07-17T20:40:14+00:00,station2,0.0,0.526,15.88,0.0,8566304.309090909,428098.39999999997,68.53043447272726,3.4247872,vrf_leakage,real_spec_vrf_leakage_001
2026-07-17T20:40:14+00:00,station3,0.0,500.248,585.39,0.0,241.1272727272727,1309.7272727272725,0.0019290181818181816,0.01047781818181818,vrf_leakage,real_spec_vrf_leakage_001
2026-07-17T20:40:29+00:00,station1,0.0,0.805,17.575,0.0,314743.7272727273,6334267.472727272,2.5179498181818185,50.67413978181818,vrf_leakage,real_spec_vrf_leakage_001
2026-07-17T20:40:29+00:00,station2,0.0,1.11,15.179,0.0,6333215.218181818,315834.94545454544,50.66572174545454,2.5266795636363635,vrf_leakage,real_spec_vrf_leakage_001
2026-07-17T20:40:29+00:00,station3,0.0,572.069,685.613,0.0,204.54545454545453,1094.8363636363636,0.0016363636363636363,0.008758690909090908,vrf_leakage,real_spec_vrf_leakage_001
2026-07-17T20:40:44+00:00,station1,0.0,0.745,15.622,0.0,524403.3818181817,10559481.563636363,4.1952270545454535,84.4758525090909,vrf_leakage,real_spec_vrf_leakage_001
2026-07-17T20:40:44+00:00,station2,0.0,2.642,17.286,0.0,10558117.036363635,525715.8545454545,84.46493629090908,4.2057268363636355,vrf_leakage,real_spec_vrf_leakage_001
2026-07-17T20:40:44+00:00,station3,0.0,518.158,966.772,0.0,248.0363636363636,1317.8545454545454,0.001984290909090909,0.010542836363636362,vrf_leakage,real_spec_vrf_leakage_001
2026-07-17T20:40:59+00:00,station1,0.0,1.298,18.399,0.0,554912.8529609629,11167076.419571264,4.4393028236877035,89.3366113565701,vrf_leakage,real_spec_vrf_leakage_001
2026-07-17T20:40:59+00:00,station2,0.0,4.052,17.048,0.0,11165621.509090908,555986.9090909091,89.32497207272726,4.447895272727273,vrf_leakage,real_spec_vrf_leakage_001
2026-07-17T20:40:59+00:00,station3,0.0,692.706,792.567,0.0,202.1272727272727,1094.6727272727271,0.0016170181818181816,0.008757381818181817,vrf_leakage,real_spec_vrf_leakage_001
2026-07-17T20:41:14+00:00,station1,0.0,2.228,17.688,25.0,536610.3999999999,10791771.218181817,4.2928831999999995,86.33416974545453,vrf_leakage,real_spec_vrf_leakage_001
2026-07-17T20:41:14+00:00,station2,0.0,2.284,16.095,25.0,10790458.345454544,537917.7636363636,86.32366676363635,4.3033421090909085,vrf_leakage,real_spec_vrf_leakage_001
2026-07-17T20:41:14+00:00,station3,0.0,0.065,0.653,0.0,243.1272727272727,1317.0,0.0019450181818181816,0.010536,vrf_leakage,real_spec_vrf_leakage_001
2026-07-17T20:41:29+00:00,station1,0.0,3.397,17.339,0.0,425924.7217979489,8560749.69088661,3.407397774383591,68.48599752709288,vrf_leakage,real_spec_vrf_leakage_001
2026-07-17T20:41:29+00:00,station2,0.0,4.041,17.575,0.0,8559202.309090909,426974.0727272727,68.47361847272727,3.4157925818181814,vrf_leakage,real_spec_vrf_leakage_001
2026-07-17T20:41:29+00:00,station3,0.0,0.088,0.662,0.0,202.0,1098.8727272727272,0.001616,0.008790981818181817,vrf_leakage,real_spec_vrf_leakage_001
2026-07-17T20:41:44+00:00,station1,0.0,0.937,18.128,0.0,537349.4727272727,10794549.436363636,4.298795781818181,86.35639549090908,vrf_leakage,real_spec_vrf_leakage_001
2026-07-17T20:41:44+00:00,station2,0.0,1.828,19.49,0.0,10793036.09090909,538641.0363636364,86.34428872727273,4.309128290909091,vrf_leakage,real_spec_vrf_leakage_001
2026-07-17T20:41:44+00:00,station3,0.0,0.042,0.67,0.0,232.83636363636364,1307.909090909091,0.001862690909090909,0.010463272727272727,vrf_leakage,real_spec_vrf_leakage_001
2026-07-17T20:41:59+00:00,station1,0.0,2.334,15.684,0.0,507334.309090909,10188203.654545454,4.058674472727272,81.50562923636363,vrf_leakage,real_spec_vrf_leakage_001
2026-07-17T20:41:59+00:00,station2,0.0,1.48,13.18,0.0,10187031.98181818,508350.5272727272,81.49625585454544,4.066804218181818,vrf_leakage,real_spec_vrf_leakage_001
2026-07-17T20:41:59+00:00,station3,0.0,0.319,1.065,0.0,188.56363636363633,1082.5636363636363,0.0015085090909090907,0.008660509090909091,vrf_leakage,real_spec_vrf_leakage_001
2026-07-17T20:42:14+00:00,station1,0.0,3.132,15.795,25.0,604537.8,12148358.236363636,4.8363024,97.18686589090909,vrf_leakage,real_spec_vrf_leakage_001
2026-07-17T20:42:14+00:00,station2,0.0,1.45,14.42,0.0,12146783.909090908,605898.2909090909,97.17427127272727,4.847186327272727,vrf_leakage,real_spec_vrf_leakage_001
2026-07-17T20:42:14+00:00,station3,0.0,0.062,0.265,0.0,234.47272727272727,1307.3454545454545,0.001875781818181818,0.010458763636363637,vrf_leakage,real_spec_vrf_leakage_001
2026-07-17T20:42:29+00:00,station1,0.0,2.753,16.272,0.0,434324.43587832066,8743279.651617361,3.474595487026565,69.9462372129389,vrf_leakage,real_spec_vrf_leakage_001
2026-07-17T20:42:29+00:00,station2,0.0,3.144,17.07,25.0,8741834.563636363,435393.2727272727,69.9346765090909,3.4831461818181815,vrf_leakage,real_spec_vrf_leakage_001
2026-07-17T20:42:29+00:00,station3,0.0,0.335,2.349,0.0,195.1272727272727,1089.4545454545453,0.0015610181818181816,0.008715636363636363,vrf_leakage,real_spec_vrf_leakage_001
2026-07-17T20:42:44+00:00,station1,0.0,2.724,16.324,0.0,545481.2101158119,10975083.431812812,4.363849680926495,87.80066745450249,vrf_leakage,real_spec_vrf_leakage_001
2026-07-17T20:42:44+00:00,station2,0.0,3.1,15.719,0.0,10974197.69090909,546831.6181818182,87.79358152727272,4.374652945454545,vrf_leakage,real_spec_vrf_leakage_001
2026-07-17T20:42:44+00:00,station3,0.0,0.192,2.051,0.0,234.47272727272727,1307.8,0.001875781818181818,0.0104624,vrf_leakage,real_spec_vrf_leakage_001
2026-07-17T20:42:59+00:00,station1,0.0,2.851,17.973,25.0,434652.41818181815,8742439.436363636,3.4772193454545453,69.93951549090909,vrf_leakage,real_spec_vrf_leakage_001
2026-07-17T20:42:59+00:00,station2,0.0,4.022,15.657,0.0,8740310.709090909,435744.0545454545,69.92248567272728,3.485952436363636,vrf_leakage,real_spec_vrf_leakage_001
2026-07-17T20:42:59+00:00,station3,0.0,0.596,2.125,0.0,188.56363636363633,1082.1090909090908,0.0015085090909090907,0.008656872727272726,vrf_leakage,real_spec_vrf_leakage_001
2026-07-17T20:43:14+00:00,station1,0.0,3.381,16.689,0.0,607076.2727272727,12230012.181818182,4.856610181818182,97.84009745454546,vrf_leakage,real_spec_vrf_leakage_001
2026-07-17T20:43:14+00:00,station2,0.0,3.161,14.931,0.0,12228318.763636362,608330.7454545455,97.82655010909089,4.866645963636364,vrf_leakage,real_spec_vrf_leakage_001
2026-07-17T20:43:14+00:00,station3,0.0,0.205,2.365,0.0,235.78181818181818,1307.3272727272727,0.0018862545454545454,0.010458618181818181,vrf_leakage,real_spec_vrf_leakage_001
2026-07-17T20:43:29+00:00,station1,0.0,2.14,16.899,0.0,503336.27272727265,10128025.818181816,4.026690181818181,81.02420654545453,vrf_leakage,real_spec_vrf_leakage_001
2026-07-17T20:43:29+00:00,station2,0.0,2.182,16.824,0.0,10126679.709090909,504414.3636363636,81.01343767272728,4.035314909090909,vrf_leakage,real_spec_vrf_leakage_001
2026-07-17T20:43:29+00:00,station3,0.0,0.059,0.223,0.0,196.43636363636364,1088.9090909090908,0.0015714909090909091,0.008711272727272725,vrf_leakage,real_spec_vrf_leakage_001
2026-07-17T20:43:44+00:00,station1,0.0,3.417,17.615,0.0,436903.98181818175,8800148.345454546,3.495231854545454,70.40118676363636,vrf_leakage,real_spec_vrf_leakage_001
2026-07-17T20:43:44+00:00,station2,0.0,4.398,18.435,0.0,8798761.454545455,438209.94545454544,70.39009163636364,3.5056795636363636,vrf_leakage,real_spec_vrf_leakage_001
2026-07-17T20:43:44+00:00,station3,0.0,0.193,0.594,0.0,235.78181818181818,1306.9818181818182,0.0018862545454545454,0.010455854545454545,vrf_leakage,real_spec_vrf_leakage_001
2026-07-17T20:43:59+00:00,station1,0.0,3.928,16.714,0.0,326109.4727272727,6566671.927272727,2.6088757818181816,52.53337541818181,vrf_leakage,real_spec_vrf_leakage_001
2026-07-17T20:43:59+00:00,station2,0.0,3.073,18.143,0.0,6565337.236363635,327175.9272727273,52.522697890909086,2.6174074181818185,vrf_leakage,real_spec_vrf_leakage_001
2026-07-17T20:43:59+00:00,station3,0.0,0.1,0.887,0.0,188.56363636363633,1081.3999999999999,0.0015085090909090907,0.0086512,vrf_leakage,real_spec_vrf_leakage_001
2026-07-17T20:44:14+00:00,station1,0.0,0.119,0.808,0.0,435250.5636363636,8800433.963636363,3.482004509090909,70.40347170909091,vrf_leakage,real_spec_vrf_leakage_001
2026-07-17T20:44:14+00:00,station2,0.0,0.129,0.626,0.0,8799439.290909091,436646.50909090904,70.39551432727272,3.493172072727272,vrf_leakage,real_spec_vrf_leakage_001
2026-07-17T20:44:14+00:00,station3,0.0,0.159,0.915,0.0,234.47272727272727,1304.5636363636363,0.001875781818181818,0.010436509090909091,vrf_leakage,real_spec_vrf_leakage_001
2026-07-17T20:44:29+00:00,station1,0.0,0.198,0.874,0.0,484821.5818181818,9838088.163636362,3.8785726545454544,78.7047053090909,vrf_leakage,real_spec_vrf_leakage_001
2026-07-17T20:44:29+00:00,station2,0.0,0.231,0.999,0.0,9836969.872727273,486002.0545454545,78.69575898181819,3.8880164363636363,vrf_leakage,real_spec_vrf_leakage_001
2026-07-17T20:44:29+00:00,station3,0.0,0.055,0.635,0.0,195.1272727272727,1086.5454545454545,0.0015610181818181816,0.008692363636363635,vrf_leakage,real_spec_vrf_leakage_001
2026-07-17T20:44:44+00:00,station1,0.0,0.069,0.225,0.0,614557.8363636363,12492316.8,4.91646269090909,99.93853440000001,vrf_leakage,real_spec_vrf_leakage_001
2026-07-17T20:44:44+00:00,station2,0.0,0.071,0.249,0.0,12490661.654545454,615930.709090909,99.92529323636363,4.927445672727272,vrf_leakage,real_spec_vrf_leakage_001
2026-07-17T20:44:44+00:00,station3,0.0,0.042,0.297,0.0,234.47272727272727,1303.909090909091,0.001875781818181818,0.010431272727272728,vrf_leakage,real_spec_vrf_leakage_001
2026-07-17T20:44:59+00:00,station1,0.0,0.399,2.727,0.0,436265.52614355314,8870956.966766054,3.490124209148425,70.96765573412843,vrf_leakage,real_spec_vrf_leakage_001
2026-07-17T20:44:59+00:00,station2,0.0,1.127,2.717,0.0,8870575.799999999,437382.6545454545,70.9646064,3.499061236363636,vrf_leakage,real_spec_vrf_leakage_001
2026-07-17T20:44:59+00:00,station3,0.0,1143.089,1153.933,0.0,184.38181818181818,1080.6,0.0014750545454545454,0.0086448,vrf_leakage,real_spec_vrf_leakage_001
2026-07-17T20:45:14+00:00,station1,0.0,0.295,1.941,0.0,550050.4909090908,11104537.581818182,4.400403927272727,88.83630065454545,vrf_leakage,real_spec_vrf_leakage_001
2026-07-17T20:45:14+00:00,station2,0.0,0.206,2.82,0.0,11102864.38181818,551349.3272727273,88.82291505454545,4.410794618181818,vrf_leakage,real_spec_vrf_leakage_001
2026-07-17T20:45:14+00:00,station3,0.0,836.741,1121.535,0.0,229.19999999999996,1308.509090909091,0.0018335999999999997,0.010468072727272727,vrf_leakage,real_spec_vrf_leakage_001
2026-07-17T20:45:29+00:00,station1,0.0,0.115,2.6,0.0,442968.2727272727,8872246.836363636,3.5437461818181815,70.9779746909091,vrf_leakage,real_spec_vrf_leakage_001
2026-07-17T20:45:29+00:00,station2,0.0,0.34,2.006,0.0,8871014.636363635,444053.7818181818,70.96811709090908,3.5524302545454542,vrf_leakage,real_spec_vrf_leakage_001
2026-07-17T20:45:29+00:00,station3,0.0,1678.796,2325.722,0.0,193.67272727272726,1094.3090909090909,0.0015493818181818182,0.008754472727272727,vrf_leakage,real_spec_vrf_leakage_001
2026-07-17T20:45:44+00:00,station1,0.0,0.276,2.113,0.0,601241.3454545455,12015097.8,4.8099307636363635,96.12078240000001,vrf_leakage,real_spec_vrf_leakage_001
2026-07-17T20:45:44+00:00,station2,0.0,0.337,1.94,0.0,12013659.909090908,602548.1636363636,96.10927927272726,4.820385309090908,vrf_leakage,real_spec_vrf_leakage_001
2026-07-17T20:45:44+00:00,station3,0.0,2789.848,4508.814,0.0,231.65454545454543,1319.6,0.0018532363636363635,0.0105568,vrf_leakage,real_spec_vrf_leakage_001
2026-07-17T20:45:59+00:00,station1,0.0,0.062,0.22,0.0,516424.5922801403,10327845.057362592,4.131396738241123,82.62276045890073,vrf_leakage,real_spec_vrf_leakage_001
2026-07-17T20:45:59+00:00,station2,0.0,0.046,0.248,0.0,10326769.218181817,517503.90909090906,82.61415374545453,4.140031272727272,vrf_leakage,real_spec_vrf_leakage_001
2026-07-17T20:45:59+00:00,station3,0.0,0.054,0.288,0.0,205.56363636363633,1095.1818181818182,0.0016445090909090907,0.008761454545454546,vrf_leakage,real_spec_vrf_leakage_001
2026-07-17T20:46:14+00:00,station1,0.0,0.229,2.089,0.0,556262.9999999999,11104686.163636362,4.450103999999999,88.8374893090909,vrf_leakage,real_spec_vrf_leakage_001
2026-07-17T20:46:14+00:00,station2,0.0,0.121,2.176,0.0,11103000.272727272,557548.1636363636,88.82400218181817,4.460385309090909,vrf_leakage,real_spec_vrf_leakage_001
2026-07-17T20:46:14+00:00,station3,0.0,1446.578,2952.782,0.0,251.69090909090906,1322.0727272727272,0.0020135272727272724,0.010576581818181817,vrf_leakage,real_spec_vrf_leakage_001
2026-07-17T20:46:29+00:00,station1,0.0,1.075,3.073,0.0,444581.2909090909,8870142.799999999,3.556650327272727,70.96114239999999,vrf_leakage,real_spec_vrf_leakage_001
2026-07-17T20:46:29+00:00,station2,0.0,1.566,3.433,0.0,8868490.2,445650.23636363633,70.9479216,3.5652018909090906,vrf_leakage,real_spec_vrf_leakage_001
2026-07-17T20:46:29+00:00,station3,0.0,826.648,1135.9,0.0,205.5090909090909,1098.7272727272725,0.0016440727272727272,0.00878981818181818,vrf_leakage,real_spec_vrf_leakage_001
2026-07-17T20:46:44+00:00,station1,0.0,0.384,2.326,0.0,556453.8661527553,11104896.096576551,4.451630929222043,88.83916877261241,vrf_leakage,real_spec_vrf_leakage_001
2026-07-17T20:46:44+00:00,station2,0.0,0.329,2.224,0.0,11103747.036363635,557768.509090909,88.82997629090909,4.462148072727272,vrf_leakage,real_spec_vrf_leakage_001
2026-07-17T20:46:44+00:00,station3,0.0,0.0,826.003,90.0,264.54545454545456,1314.4181818181817,0.0021163636363636363,0.010515345454545454,vrf_leakage,real_spec_vrf_leakage_001
2026-07-17T20:46:59+00:00,station1,0.0,0.191,1.833,0.0,558775.7090909091,11171337.363636363,4.470205672727273,89.3706989090909,vrf_leakage,real_spec_vrf_leakage_001
2026-07-17T20:46:59+00:00,station2,0.0,0.329,2.457,0.0,11170012.854545454,559861.7818181817,89.36010283636362,4.4788942545454535,vrf_leakage,real_spec_vrf_leakage_001
2026-07-17T20:46:59+00:00,station3,0.0,2941.489,5387.965,0.0,195.0,1096.6363636363635,0.00156,0.008773090909090907,vrf_leakage,real_spec_vrf_leakage_001
2026-07-17T20:47:14+00:00,station1,0.0,0.028,0.264,0.0,520359.9934546644,10403503.718114216,4.1628799476373155,83.22802974491373,vrf_leakage,real_spec_vrf_leakage_001
2026-07-17T20:47:14+00:00,station2,0.0,0.048,0.227,0.0,10402233.763636362,521664.5818181818,83.2178701090909,4.173316654545454,vrf_leakage,real_spec_vrf_leakage_001
2026-07-17T20:47:14+00:00,station3,0.0,0.064,0.213,0.0,251.4181818181818,1309.3636363636363,0.0020113454545454545,0.01047490909090909,vrf_leakage,real_spec_vrf_leakage_001
2026-07-17T20:47:29+00:00,station1,0.0,0.402,1.364,0.0,333377.2727272727,6645327.054545454,2.6670181818181815,53.16261643636363,vrf_leakage,real_spec_vrf_leakage_001
2026-07-17T20:47:29+00:00,station2,0.0,0.396,1.675,0.0,6643939.327272727,334466.0545454545,53.151514618181814,2.675728436363636,vrf_leakage,real_spec_vrf_leakage_001
2026-07-17T20:47:29+00:00,station3,0.0,1148.565,1162.065,0.0,200.36363636363635,1087.9636363636362,0.0016029090909090908,0.00870370909090909,vrf_leakage,real_spec_vrf_leakage_001
2026-07-17T20:47:44+00:00,station1,0.0,0.313,2.146,0.0,445055.1232637626,8877729.146971129,3.560440986110101,71.02183317576903,vrf_leakage,real_spec_vrf_leakage_001
2026-07-17T20:47:44+00:00,station2,0.0,0.56,2.101,0.0,8877081.690909091,446394.2909090909,71.01665352727274,3.571154327272727,vrf_leakage,real_spec_vrf_leakage_001
2026-07-17T20:47:44+00:00,station3,0.0,725.452,1348.445,0.0,239.16363636363633,1310.0545454545454,0.0019133090909090906,0.010480436363636363,vrf_leakage,real_spec_vrf_leakage_001
2026-07-17T20:47:59+00:00,station1,0.0,0.857,1.595,0.0,371657.99378170515,7411437.717049401,2.9732639502536413,59.29150173639521,vrf_leakage,real_spec_vrf_leakage_001
2026-07-17T20:47:59+00:00,station2,0.0,0.353,2.538,0.0,7409811.181818182,372735.61818181816,59.27848945454545,2.9818849454545453,vrf_leakage,real_spec_vrf_leakage_001
2026-07-17T20:47:59+00:00,station3,0.0,1446.487,2952.369,0.0,186.89090909090908,1089.8363636363636,0.0014951272727272726,0.008718690909090908,vrf_leakage,real_spec_vrf_leakage_001
2026-07-17T20:48:14+00:00,station1,0.0,0.377,2.344,0.0,594987.1088565247,11879004.963726614,4.759896870852198,95.0320397098129,vrf_leakage,real_spec_vrf_leakage_001
2026-07-17T20:48:14+00:00,station2,0.0,0.483,1.509,0.0,11877170.963636363,596292.1454545454,95.0173677090909,4.770337163636363,vrf_leakage,real_spec_vrf_leakage_001
2026-07-17T20:48:14+00:00,station3,0.0,1442.047,2963.746,0.0,230.6181818181818,1312.5454545454545,0.0018449454545454544,0.010500363636363636,vrf_leakage,real_spec_vrf_leakage_001
2026-07-17T20:48:29+00:00,station1,0.0,0.028,0.262,0.0,523812.2943219214,10471280.176724058,4.190498354575372,83.77024141379246,vrf_leakage,real_spec_vrf_leakage_001
2026-07-17T20:48:29+00:00,station2,0.0,0.017,0.168,0.0,10470348.054545455,524915.2181818181,83.76278443636363,4.1993217454545455,vrf_leakage,real_spec_vrf_leakage_001
2026-07-17T20:48:29+00:00,station3,0.0,0.014,0.268,0.0,212.6181818181818,1091.581818181818,0.0017009454545454544,0.008732654545454546,vrf_leakage,real_spec_vrf_leakage_001
2026-07-17T20:48:44+00:00,station1,0.0,0.528,1.844,0.0,444771.58597116417,8875943.382847585,3.5581726877693134,71.00754706278067,vrf_leakage,real_spec_vrf_leakage_001
2026-07-17T20:48:44+00:00,station2,0.0,0.336,2.192,0.0,8874512.38181818,446204.10909090907,70.99609905454545,3.5696328727272726,vrf_leakage,real_spec_vrf_leakage_001
2026-07-17T20:48:44+00:00,station3,0.0,0.018,0.269,0.0,227.0181818181818,1307.290909090909,0.0018161454545454544,0.010458327272727273,vrf_leakage,real_spec_vrf_leakage_001
2026-07-17T20:48:59+00:00,station1,0.0,0.297,2.071,0.0,333118.12727272726,6643659.5636363635,2.664945018181818,53.14927650909091,vrf_leakage,real_spec_vrf_leakage_001
2026-07-17T20:48:59+00:00,station2,0.0,0.094,2.251,0.0,6642121.581818181,334268.8909090909,53.136972654545445,2.6741511272727267,vrf_leakage,real_spec_vrf_leakage_001
2026-07-17T20:48:59+00:00,station3,0.0,0.0,3295.934,90.0,192.9272727272727,1081.0181818181818,0.0015434181818181816,0.008648145454545455,vrf_leakage,real_spec_vrf_leakage_001
2026-07-17T20:49:14+00:00,station1,0.0,0.893,2.71,0.0,445467.2909090909,8877636.509090908,3.563738327272727,71.02109207272726,vrf_leakage,real_spec_vrf_leakage_001
2026-07-17T20:49:14+00:00,station2,0.0,1.572,3.327,0.0,8876178.763636362,446639.2909090909,71.0094301090909,3.573114327272727,vrf_leakage,real_spec_vrf_leakage_001
2026-07-17T20:49:14+00:00,station3,0.0,989.075,1576.812,40.0,232.94545454545454,1304.7272727272725,0.0018635636363636362,0.01043781818181818,vrf_leakage,real_spec_vrf_leakage_001
2026-07-17T20:49:29+00:00,station1,0.0,0.326,2.357,0.0,480271.43636363634,9575543.818181816,3.8421714909090907,76.60435054545454,vrf_leakage,real_spec_vrf_leakage_001
2026-07-17T20:49:29+00:00,station2,0.0,0.16,2.53,0.0,9574225.6,481234.72727272724,76.5938048,3.849877818181818,vrf_leakage,real_spec_vrf_leakage_001
2026-07-17T20:49:29+00:00,station3,0.0,989.075,1576.812,100.0,185.67272727272726,1092.581818181818,0.0014853818181818181,0.008740654545454545,vrf_leakage,real_spec_vrf_leakage_001
2026-07-17T20:49:44+00:00,station1,0.0,0.029,0.705,0.0,639744.7226313206,13407981.526936855,5.117957781050564,107.26385221549484,vrf_leakage,real_spec_vrf_leakage_001
2026-07-17T20:49:44+00:00,station2,0.0,0.017,0.721,0.0,13406328.69090909,640789.3454545455,107.25062952727272,5.126314763636364,vrf_leakage,real_spec_vrf_leakage_001
2026-07-17T20:49:44+00:00,station3,0.0,0.458,1.538,0.0,230.63636363636363,1311.2727272727273,0.001845090909090909,0.010490181818181819,vrf_leakage,real_spec_vrf_leakage_001
2026-07-17T20:49:59+00:00,station1,0.0,0.015,0.73,0.0,415836.4909090909,11175878.636363635,3.3266919272727273,89.40702909090908,vrf_leakage,real_spec_vrf_leakage_001
2026-07-17T20:49:59+00:00,station2,0.0,0.015,0.771,0.0,11174460.636363635,416886.2727272727,89.39568509090908,3.3350901818181815,vrf_leakage,real_spec_vrf_leakage_001
2026-07-17T20:49:59+00:00,station3,0.0,0.141,1.816,0.0,226.74545454545452,1119.909090909091,0.001813963636363636,0.008959272727272727,vrf_leakage,real_spec_vrf_leakage_001
2026-07-17T20:50:14+00:00,station1,0.0,0.481,1.13,0.0,414421.2727272727,12596440.345454544,3.3153701818181815,100.77152276363636,vrf_leakage,real_spec_vrf_leakage_001
2026-07-17T20:50:14+00:00,station2,0.0,0.35,0.984,0.0,12594762.636363635,415668.2909090909,100.75810109090908,3.3253463272727273,vrf_leakage,real_spec_vrf_leakage_001
2026-07-17T20:50:14+00:00,station3,0.0,0.207,0.861,0.0,279.2363636363636,1340.8545454545454,0.0022338909090909085,0.010726836363636362,vrf_leakage,real_spec_vrf_leakage_001
2026-07-17T20:50:29+00:00,station1,0.0,0.154,0.975,0.0,297644.8,10361390.745454544,2.3811584,82.89112596363636,vrf_leakage,real_spec_vrf_leakage_001
2026-07-17T20:50:29+00:00,station2,0.0,0.151,0.924,0.0,10360519.545454543,298690.4727272727,82.88415636363635,2.389523781818182,vrf_leakage,real_spec_vrf_leakage_001
2026-07-17T20:50:29+00:00,station3,0.0,0.025,0.611,0.0,248.25454545454542,1119.0,0.0019860363636363633,0.008952,vrf_leakage,real_spec_vrf_leakage_001
2026-07-17T20:50:44+00:00,station1,0.0,0.296,1.076,0.0,430953.8900707286,12596615.393007146,3.4476311205658288,100.77292314405717,vrf_leakage,real_spec_vrf_leakage_001
2026-07-17T20:50:44+00:00,station2,0.0,0.487,1.267,0.0,12594691.436363636,432199.41818181815,100.75753149090909,3.4575953454545454,vrf_leakage,real_spec_vrf_leakage_001
2026-07-17T20:50:44+00:00,station3,0.0,0.082,0.978,0.0,282.6363636363636,1335.0727272727272,0.002261090909090909,0.010680581818181817,vrf_leakage,real_spec_vrf_leakage_001
2026-07-17T20:50:59+00:00,station1,0.0,0.147,0.856,0.0,534917.9454545454,11174187.6,4.279343563636363,89.3935008,vrf_leakage,real_spec_vrf_leakage_001
2026-07-17T20:50:59+00:00,station2,0.0,0.122,0.881,0.0,11172761.036363635,535988.109090909,89.38208829090908,4.287904872727272,vrf_leakage,real_spec_vrf_leakage_001
2026-07-17T20:50:59+00:00,station3,0.0,0.211,0.807,0.0,193.69090909090906,1084.2545454545455,0.0015495272727272724,0.008674036363636364,vrf_leakage,real_spec_vrf_leakage_001
2026-07-17T20:51:14+00:00,station1,0.0,0.2,0.57,0.0,532041.8909090909,11133228.727272727,4.256335127272727,89.06582981818181,vrf_leakage,real_spec_vrf_leakage_001
2026-07-17T20:51:14+00:00,station2,0.0,0.249,0.617,0.0,11131866.418181816,533352.5454545454,89.05493134545453,4.266820363636363,vrf_leakage,real_spec_vrf_leakage_001
2026-07-17T20:51:14+00:00,station3,0.0,0.922,1.492,0.0,237.27272727272728,1309.381818181818,0.0018981818181818182,0.010475054545454544,vrf_leakage,real_spec_vrf_leakage_001
2026-07-17T20:51:29+00:00,station1,0.0,1.025,1.566,0.0,429989.70909090905,8874025.709090909,3.4399176727272724,70.99220567272727,vrf_leakage,real_spec_vrf_leakage_001
2026-07-17T20:51:29+00:00,station2,0.0,1.273,1.791,0.0,8872847.109090907,431068.0909090909,70.98277687272726,3.448544727272727,vrf_leakage,real_spec_vrf_leakage_001
2026-07-17T20:51:29+00:00,station3,0.0,0.606,2.774,0.0,197.38181818181818,1092.7636363636364,0.0015790545454545453,0.00874210909090909,vrf_leakage,real_spec_vrf_leakage_001
2026-07-17T20:51:44+00:00,station1,0.0,1.236,1.667,0.0,547474.6909090909,11106804.67272727,4.379797527272728,88.85443738181816,vrf_leakage,real_spec_vrf_leakage_001
2026-07-17T20:51:44+00:00,station2,0.0,1.488,1.908,0.0,11105316.163636362,548787.5818181818,88.84252930909089,4.390300654545454,vrf_leakage,real_spec_vrf_leakage_001
2026-07-17T20:51:44+00:00,station3,0.0,0.284,1.744,0.0,237.16363636363633,1311.4,0.0018973090909090906,0.010491200000000001,vrf_leakage,real_spec_vrf_leakage_001
2026-07-17T20:51:59+00:00,station1,0.0,0.389,1.065,0.0,448077.2727272727,8912743.181818182,3.5846181818181817,71.30194545454545,vrf_leakage,real_spec_vrf_leakage_001
2026-07-17T20:51:59+00:00,station2,0.0,0.518,1.138,0.0,8911616.09090909,449169.7818181818,71.29292872727272,3.5933582545454543,vrf_leakage,real_spec_vrf_leakage_001
2026-07-17T20:51:59+00:00,station3,0.0,0.317,1.703,0.0,197.4,1091.6727272727271,0.0015792,0.008733381818181818,vrf_leakage,real_spec_vrf_leakage_001
2026-07-17T20:52:14+00:00,station1,0.0,1.38,1.196,0.0,671733.9139288376,13378863.911565244,5.373871311430701,107.03091129252195,vrf_leakage,real_spec_vrf_leakage_001
2026-07-17T20:52:14+00:00,station2,0.0,1.604,1.413,0.0,13377448.854545454,673057.0909090909,107.01959083636363,5.3844567272727275,vrf_leakage,real_spec_vrf_leakage_001
2026-07-17T20:52:14+00:00,station3,0.0,0.642,0.702,0.0,240.29090909090908,1310.109090909091,0.0019223272727272726,0.010480872727272729,vrf_leakage,real_spec_vrf_leakage_001
2026-07-17T20:52:29+00:00,station1,0.0,0.562,0.937,0.0,449547.2545454545,8962743.527272727,3.596378036363636,71.70194821818181,vrf_leakage,real_spec_vrf_leakage_001
2026-07-17T20:52:29+00:00,station2,0.0,0.306,0.728,0.0,8961613.8,450640.7818181818,71.6929104,3.6051262545454543,vrf_leakage,real_spec_vrf_leakage_001
2026-07-17T20:52:29+00:00,station3,0.0,0.143,0.545,0.0,200.5090909090909,1091.4181818181817,0.0016040727272727273,0.008731345454545453,vrf_leakage,real_spec_vrf_leakage_001
2026-07-17T20:52:44+00:00,station1,0.0,0.44,1.168,0.0,555441.4363636363,11100858.163636362,4.44353149090909,88.8068653090909,vrf_leakage,real_spec_vrf_leakage_001
2026-07-17T20:52:44+00:00,station2,0.0,0.73,1.372,0.0,11099183.363636363,556735.9090909091,88.79346690909091,4.453887272727273,vrf_leakage,real_spec_vrf_leakage_001
2026-07-17T20:52:44+00:00,station3,0.0,0.323,1.092,0.0,239.3090909090909,1308.9454545454544,0.0019144727272727272,0.010471563636363635,vrf_leakage,real_spec_vrf_leakage_001
2026-07-17T20:52:59+00:00,station1,0.0,0.019,0.755,0.0,442721.7818181818,8868047.618181817,3.5417742545454542,70.94438094545454,vrf_leakage,real_spec_vrf_leakage_001
2026-07-17T20:52:59+00:00,station2,0.0,0.173,0.842,0.0,8866888.672727272,443805.0363636363,70.93510938181818,3.5504402909090906,vrf_leakage,real_spec_vrf_leakage_001
2026-07-17T20:52:59+00:00,station3,0.0,0.013,0.616,0.0,195.8,1087.490909090909,0.0015664000000000001,0.008699927272727273,vrf_leakage,real_spec_vrf_leakage_001
2026-07-17T20:53:14+00:00,station1,0.0,1.067,1.758,0.0,552452.3636363636,11101031.563636363,4.419618909090909,88.8082525090909,vrf_leakage,real_spec_vrf_leakage_001
2026-07-17T20:53:14+00:00,station2,0.0,1.427,1.932,0.0,11099900.890909089,553764.3272727273,88.79920712727271,4.430114618181818,vrf_leakage,real_spec_vrf_leakage_001
2026-07-17T20:53:14+00:00,station3,0.0,0.149,0.75,0.0,236.65454545454543,1307.0363636363634,0.0018932363636363634,0.010456290909090907,vrf_leakage,real_spec_vrf_leakage_001
2026-07-17T20:53:29+00:00,station1,0.0,0.359,0.512,0.0,554734.0497099948,11167636.084292442,4.437872397679959,89.34108867433953,vrf_leakage,real_spec_vrf_leakage_001
2026-07-17T20:53:29+00:00,station2,0.0,0.716,0.789,0.0,11166137.836363636,555822.109090909,89.32910269090908,4.446576872727272,vrf_leakage,real_spec_vrf_leakage_001
2026-07-17T20:53:29+00:00,station3,0.0,0.655,0.688,0.0,198.94545454545454,1090.8545454545454,0.0015915636363636363,0.008726836363636362,vrf_leakage,real_spec_vrf_leakage_001
2026-07-17T20:53:44+00:00,station1,0.0,0.057,0.754,0.0,553331.2727272727,11098756.109090907,4.426650181818181,88.79004887272725,vrf_leakage,real_spec_vrf_leakage_001
2026-07-17T20:53:44+00:00,station2,0.0,0.178,0.821,0.0,11097501.545454543,554639.509090909,88.78001236363635,4.437116072727273,vrf_leakage,real_spec_vrf_leakage_001
2026-07-17T20:53:44+00:00,station3,0.0,0.275,1.957,0.0,231.25454545454542,1305.1818181818182,0.0018500363636363634,0.010441454545454545,vrf_leakage,real_spec_vrf_leakage_001
2026-07-17T20:53:59+00:00,station1,0.0,0.101,1.023,0.0,443208.0946926308,8865522.300405463,3.5456647575410463,70.9241784032437,vrf_leakage,real_spec_vrf_leakage_001
2026-07-17T20:53:59+00:00,station2,0.0,0.08,0.992,0.0,8864180.054545455,444293.5999999999,70.91344043636364,3.554348799999999,vrf_leakage,real_spec_vrf_leakage_001
2026-07-17T20:53:59+00:00,station3,0.0,0.151,1.903,0.0,193.0,1086.3454545454545,0.001544,0.008690763636363636,vrf_leakage,real_spec_vrf_leakage_001
2026-07-17T20:54:14+00:00,station1,0.0,0.1,0.888,0.0,556511.4088834749,11099864.820639623,4.452091271067799,88.79891856511699,bgp_route_flap,real_spec_bgp_route_flap_001
2026-07-17T20:54:14+00:00,station2,0.0,0.202,0.932,0.0,11098174.709090909,557721.2545454545,88.78539767272727,4.461770036363636,bgp_route_flap,real_spec_bgp_route_flap_001
2026-07-17T20:54:14+00:00,station3,0.0,0.411,1.858,0.0,239.67272727272726,1308.7272727272725,0.001917381818181818,0.01046981818181818,bgp_route_flap,real_spec_bgp_route_flap_001
2026-07-17T20:54:29+00:00,station1,0.0,0.903,1.565,0.0,552236.4909090908,10999648.527272727,4.417891927272727,87.99718821818182,bgp_route_flap,real_spec_bgp_route_flap_001
2026-07-17T20:54:29+00:00,station2,0.0,0.741,1.617,0.0,10998592.38181818,553232.8727272727,87.98873905454545,4.425862981818182,bgp_route_flap,real_spec_bgp_route_flap_001
2026-07-17T20:54:29+00:00,station3,0.0,0.495,2.288,0.0,203.6,1093.3636363636363,0.0016288,0.00874690909090909,bgp_route_flap,real_spec_bgp_route_flap_001
2026-07-17T20:54:44+00:00,station1,0.0,0.02,0.217,0.0,568805.3454545455,11348866.563636363,4.550442763636363,90.7909325090909,bgp_route_flap,real_spec_bgp_route_flap_001
2026-07-17T20:54:44+00:00,station2,0.0,0.003,0.198,0.0,11347156.563636363,570013.3272727273,90.7772525090909,4.560106618181818,bgp_route_flap,real_spec_bgp_route_flap_001
2026-07-17T20:54:44+00:00,station3,0.0,0.024,0.313,0.0,245.7272727272727,1311.0181818181816,0.0019658181818181814,0.010488145454545452,bgp_route_flap,real_spec_bgp_route_flap_001
2026-07-17T20:54:59+00:00,station1,0.0,0.356,0.513,0.0,345020.8545454545,6880169.654545454,2.760166836363636,55.04135723636364,bgp_route_flap,real_spec_bgp_route_flap_001
2026-07-17T20:54:59+00:00,station2,0.0,0.385,0.552,0.0,6878656.054545454,345998.5636363636,55.02924843636363,2.767988509090909,bgp_route_flap,real_spec_bgp_route_flap_001
2026-07-17T20:54:59+00:00,station3,0.0,0.321,0.458,0.0,199.14545454545453,1089.7272727272727,0.0015931636363636361,0.008717818181818182,bgp_route_flap,real_spec_bgp_route_flap_001
2026-07-17T20:55:14+00:00,station1,0.0,0.173,0.919,0.0,443817.7636363636,8872933.545454545,3.550542109090909,70.98346836363636,bgp_route_flap,real_spec_bgp_route_flap_001
2026-07-17T20:55:14+00:00,station2,0.0,0.071,0.756,0.0,8871539.872727271,445119.39999999997,70.97231898181816,3.5609551999999995,bgp_route_flap,real_spec_bgp_route_flap_001
2026-07-17T20:55:14+00:00,station3,0.0,0.083,0.685,0.0,235.67272727272726,1307.090909090909,0.001885381818181818,0.010456727272727272,bgp_route_flap,real_spec_bgp_route_flap_001
2026-07-17T20:55:29+00:00,station1,0.0,0.12,0.823,0.0,331141.8181818182,6639807.872727272,2.6491345454545456,53.118462981818176,bgp_route_flap,real_spec_bgp_route_flap_001
2026-07-17T20:55:29+00:00,station2,0.0,0.15,0.836,0.0,6638449.327272727,332229.94545454544,53.107594618181814,2.6578395636363634,bgp_route_flap,real_spec_bgp_route_flap_001
2026-07-17T20:55:29+00:00,station3,0.0,0.16,0.767,0.0,199.05454545454543,1092.3090909090909,0.0015924363636363635,0.008738472727272727,bgp_route_flap,real_spec_bgp_route_flap_001
2026-07-17T20:55:44+00:00,station1,0.0,0.087,0.841,0.0,543823.155100631,10927594.967547227,4.350585240805048,87.42075974037782,bgp_route_flap,real_spec_bgp_route_flap_001
2026-07-17T20:55:44+00:00,station2,0.0,0.173,0.884,0.0,10927011.618181817,545173.4181818182,87.41609294545454,4.3613873454545455,bgp_route_flap,real_spec_bgp_route_flap_001
2026-07-17T20:55:44+00:00,station3,0.0,0.162,0.864,0.0,235.56363636363633,1306.7454545454543,0.0018845090909090907,0.010453963636363634,bgp_route_flap,real_spec_bgp_route_flap_001
2026-07-17T20:55:59+00:00,station1,0.0,0.661,0.92,0.0,554855.8727272727,11168176.418181816,4.438846981818181,89.34541134545452,bgp_route_flap,real_spec_bgp_route_flap_001
2026-07-17T20:55:59+00:00,station2,0.0,0.819,1.053,0.0,11166363.218181817,555939.5454545454,89.33090574545453,4.447516363636363,bgp_route_flap,real_spec_bgp_route_flap_001
2026-07-17T20:55:59+00:00,station3,0.0,0.201,0.495,0.0,193.14545454545453,1086.7636363636364,0.0015451636363636363,0.008694109090909091,bgp_route_flap,real_spec_bgp_route_flap_001
2026-07-17T20:56:14+00:00,station1,0.0,0.167,0.966,0.0,552456.3090909091,11103689.47272727,4.419650472727272,88.82951578181816,bgp_route_flap,real_spec_bgp_route_flap_001
2026-07-17T20:56:14+00:00,station2,0.0,0.295,0.909,0.0,11101912.963636363,553760.7999999999,88.8153037090909,4.4300863999999995,bgp_route_flap,real_spec_bgp_route_flap_001
2026-07-17T20:56:14+00:00,station3,0.0,0.064,0.763,0.0,235.56363636363633,1307.0545454545454,0.0018845090909090907,0.010456436363636364,bgp_route_flap,real_spec_bgp_route_flap_001
2026-07-17T20:56:29+00:00,station1,0.0,0.089,0.885,0.0,441682.309090909,8868151.836363636,3.533458472727272,70.94521469090908,bgp_route_flap,real_spec_bgp_route_flap_001
2026-07-17T20:56:29+00:00,station2,0.0,0.187,1.055,0.0,8866944.818181818,442770.2727272727,70.93555854545454,3.5421621818181817,bgp_route_flap,real_spec_bgp_route_flap_001
2026-07-17T20:56:29+00:00,station3,0.0,0.033,0.726,0.0,196.2181818181818,1089.6363636363635,0.0015697454545454542,0.008717090909090909,bgp_route_flap,real_spec_bgp_route_flap_001
2026-07-17T20:56:44+00:00,station1,0.0,0.343,1.124,0.0,552948.8717976691,11103015.309369262,4.423590974381352,88.8241224749541,bgp_route_flap,real_spec_bgp_route_flap_001
2026-07-17T20:56:44+00:00,station2,0.0,0.183,0.895,0.0,11101114.927272728,554231.3818181817,88.80891941818182,4.433851054545454,bgp_route_flap,real_spec_bgp_route_flap_001
2026-07-17T20:56:44+00:00,station3,0.0,0.111,0.747,0.0,241.16363636363633,1310.1636363636362,0.0019293090909090907,0.01048130909090909,bgp_route_flap,real_spec_bgp_route_flap_001
2026-07-17T20:56:59+00:00,station1,0.0,0.161,0.73,0.0,540460.8978671564,10856130.025274105,4.323687182937252,86.84904020219284,bgp_route_flap,real_spec_bgp_route_flap_001
2026-07-17T20:56:59+00:00,station2,0.0,0.251,1.033,0.0,10854280.527272727,541423.5454545454,86.83424421818182,4.331388363636363,bgp_route_flap,real_spec_bgp_route_flap_001
2026-07-17T20:56:59+00:00,station3,0.0,0.154,0.814,0.0,198.74545454545452,1089.7636363636364,0.0015899636363636363,0.008718109090909091,bgp_route_flap,real_spec_bgp_route_flap_001
2026-07-17T20:57:14+00:00,station1,0.0,0.871,0.857,0.0,570971.0005272632,11481985.545717351,4.567768004218105,91.8558843657388,bgp_route_flap,real_spec_bgp_route_flap_001
2026-07-17T20:57:14+00:00,station2,0.0,0.545,0.657,0.0,11480953.436363636,572280.8181818181,91.84762749090909,4.578246545454545,bgp_route_flap,real_spec_bgp_route_flap_001
2026-07-17T20:57:14+00:00,station3,0.0,0.008,0.224,0.0,236.98181818181817,1312.8363636363636,0.0018958545454545454,0.010502690909090909,bgp_route_flap,real_spec_bgp_route_flap_001
2026-07-17T20:57:29+00:00,station1,0.0,0.173,2.424,0.0,442351.9272727272,8865938.454545455,3.5388154181818177,70.92750763636364,bgp_route_flap,real_spec_bgp_route_flap_001
2026-07-17T20:57:29+00:00,station2,0.0,0.159,2.393,0.0,8864801.399999999,443337.5999999999,70.9184112,3.5467007999999995,bgp_route_flap,real_spec_bgp_route_flap_001
2026-07-17T20:57:29+00:00,station3,0.0,0.019,0.282,80.0,209.27272727272728,1118.0363636363634,0.0016741818181818181,0.008944290909090907,bgp_route_flap,real_spec_bgp_route_flap_001
2026-07-17T20:57:44+00:00,station1,0.0,0.122,2.47,0.0,554786.6336993673,11099957.221292997,4.4382930695949385,88.79965777034397,bgp_route_flap,real_spec_bgp_route_flap_001
2026-07-17T20:57:44+00:00,station2,0.0,0.118,2.524,0.0,11099025.363636363,556019.2545454545,88.7922029090909,4.448154036363636,bgp_route_flap,real_spec_bgp_route_flap_001
2026-07-17T20:57:44+00:00,station3,0.0,1444.237,2958.025,0.0,255.6363636363636,1334.0181818181816,0.0020450909090909087,0.010672145454545453,bgp_route_flap,real_spec_bgp_route_flap_001
2026-07-17T20:57:59+00:00,station1,0.0,1.158,2.762,0.0,444361.99999999994,8867198.89090909,3.5548959999999994,70.93759112727273,bgp_route_flap,real_spec_bgp_route_flap_001
2026-07-17T20:57:59+00:00,station2,0.0,1.425,3.327,0.0,8866060.709090909,445442.99999999994,70.92848567272728,3.5635439999999994,bgp_route_flap,real_spec_bgp_route_flap_001
2026-07-17T20:57:59+00:00,station3,0.0,554.907,556.423,0.0,206.45454545454544,1110.8,0.0016516363636363636,0.0088864,bgp_route_flap,real_spec_bgp_route_flap_001
2026-07-17T20:58:14+00:00,station1,0.0,1.366,1.83,0.0,652171.7485772469,13022484.281532394,5.217373988617975,104.17987425225915,bgp_route_flap,real_spec_bgp_route_flap_001
2026-07-17T20:58:14+00:00,station2,0.0,1.564,1.938,0.0,13020819.98181818,653370.7454545455,104.16655985454544,5.2269659636363635,bgp_route_flap,real_spec_bgp_route_flap_001
2026-07-17T20:58:14+00:00,station3,0.0,1448.788,2944.635,0.0,288.6727272727273,1365.090909090909,0.0023093818181818184,0.010920727272727273,bgp_route_flap,real_spec_bgp_route_flap_001
2026-07-17T20:58:29+00:00,station1,0.0,0.028,0.251,0.0,466371.7724925449,9325771.728853008,3.7309741799403593,74.60617383082406,bgp_route_flap,real_spec_bgp_route_flap_001
2026-07-17T20:58:29+00:00,station2,0.0,0.033,0.194,0.0,9323768.127272727,467409.309090909,74.59014501818181,3.739274472727272,bgp_route_flap,real_spec_bgp_route_flap_001
2026-07-17T20:58:29+00:00,station3,0.0,0.019,0.275,0.0,223.98181818181817,1124.581818181818,0.0017918545454545453,0.008996654545454544,bgp_route_flap,real_spec_bgp_route_flap_001
2026-07-17T20:58:44+00:00,station1,0.0,0.056,0.755,0.0,445243.8909090909,8879361.436363636,3.561951127272727,71.03489149090909,bgp_route_flap,real_spec_bgp_route_flap_001
2026-07-17T20:58:44+00:00,station2,0.0,0.05,0.695,0.0,8877712.49090909,446521.4545454545,71.02169992727272,3.5721716363636355,bgp_route_flap,real_spec_bgp_route_flap_001
2026-07-17T20:58:44+00:00,station3,0.0,0.222,0.822,0.0,263.3272727272727,1340.3454545454545,0.002106618181818182,0.010722763636363635,bgp_route_flap,real_spec_bgp_route_flap_001
2026-07-17T20:58:59+00:00,station1,0.0,0.092,0.749,0.0,333791.69090909086,6645836.472727272,2.6703335272727267,53.16669178181817,bgp_route_flap,real_spec_bgp_route_flap_001
2026-07-17T20:58:59+00:00,station2,0.0,0.12,0.857,0.0,6644343.909090908,334850.14545454545,53.15475127272727,2.6788011636363636,bgp_route_flap,real_spec_bgp_route_flap_001
2026-07-17T20:58:59+00:00,station3,0.0,0.139,0.906,0.0,235.1272727272727,1119.3272727272727,0.0018810181818181815,0.008954618181818181,bgp_route_flap,real_spec_bgp_route_flap_001
2026-07-17T20:59:14+00:00,station1,0.0,0.677,1.132,0.0,446204.5673557701,8879430.607829234,3.5696365388461606,71.03544486263387,bgp_route_flap,real_spec_bgp_route_flap_001
2026-07-17T20:59:14+00:00,station2,0.0,0.837,1.373,0.0,8877589.581818182,447479.72727272724,71.02071665454545,3.579837818181818,bgp_route_flap,real_spec_bgp_route_flap_001
2026-07-17T20:59:14+00:00,station3,0.0,0.236,0.81,0.0,238.79999999999998,1310.0,0.0019103999999999998,0.01048,bgp_route_flap,real_spec_bgp_route_flap_001
2026-07-17T20:59:29+00:00,station1,0.0,0.169,0.905,0.0,538686.9443484901,10723327.563951056,4.309495554787921,85.78662051160845,bgp_route_flap,real_spec_bgp_route_flap_001
2026-07-17T20:59:29+00:00,station2,0.0,0.339,0.994,0.0,10722411.872727273,539639.7818181817,85.77929498181818,4.317118254545454,bgp_route_flap,real_spec_bgp_route_flap_001
2026-07-17T20:59:29+00:00,station3,0.0,0.163,0.835,0.0,202.18181818181816,1094.2545454545455,0.0016174545454545452,0.008754036363636364,bgp_route_flap,real_spec_bgp_route_flap_001
2026-07-17T20:59:44+00:00,station1,0.0,0.04,0.278,0.0,583141.9454545454,11625031.181818182,4.665135563636364,93.00024945454545,bgp_route_flap,real_spec_bgp_route_flap_001
2026-07-17T20:59:44+00:00,station2,0.0,0.032,0.269,0.0,11623630.018181818,584440.3454545455,92.98904014545454,4.675522763636364,bgp_route_flap,real_spec_bgp_route_flap_001
2026-07-17T20:59:44+00:00,station3,0.0,0.021,0.274,0.0,239.99999999999997,1310.2545454545455,0.0019199999999999998,0.010482036363636364,bgp_route_flap,real_spec_bgp_route_flap_001
2026-07-17T20:59:59+00:00,station1,0.0,0.116,0.787,0.0,446085.24989546026,8873128.483900879,3.5686819991636822,70.98502787120702,bgp_route_flap,real_spec_bgp_route_flap_001
2026-07-17T20:59:59+00:00,station2,0.0,0.024,0.709,0.0,8872953.072727272,447114.2727272727,70.98362458181818,3.5769141818181818,bgp_route_flap,real_spec_bgp_route_flap_001
2026-07-17T20:59:59+00:00,station3,0.0,0.309,1.6,0.0,203.98181818181817,1091.9454545454544,0.0016318545454545453,0.008735563636363635,bgp_route_flap,real_spec_bgp_route_flap_001
2026-07-17T21:00:14+00:00,station1,0.0,0.058,0.798,0.0,558133.2545454545,11107833.145454545,4.465066036363636,88.86266516363635,bgp_route_flap,real_spec_bgp_route_flap_001
2026-07-17T21:00:14+00:00,station2,0.0,0.118,0.804,0.0,11106219.036363635,559336.0909090909,88.84975229090908,4.474688727272728,bgp_route_flap,real_spec_bgp_route_flap_001
2026-07-17T21:00:14+00:00,station3,0.0,0.353,1.786,0.0,237.45454545454544,1308.0727272727272,0.0018996363636363635,0.010464581818181818,bgp_route_flap,real_spec_bgp_route_flap_001
2026-07-17T21:00:29+00:00,station1,0.0,0.13,0.807,0.0,445745.8909090909,8874523.6,3.565967127272727,70.9961888,bgp_route_flap,real_spec_bgp_route_flap_001
2026-07-17T21:00:29+00:00,station2,0.0,0.426,1.17,0.0,8872101.581818182,446792.34545454546,70.97681265454545,3.5743387636363635,bgp_route_flap,real_spec_bgp_route_flap_001
2026-07-17T21:00:29+00:00,station3,0.0,0.27,2.148,0.0,203.0181818181818,1093.509090909091,0.0016241454545454545,0.008748072727272727,bgp_route_flap,real_spec_bgp_route_flap_001
2026-07-17T21:00:44+00:00,station1,0.0,0.181,0.913,0.0,646996.6727877675,12888349.230013998,5.17597338230214,103.10679384011199,bgp_route_flap,real_spec_bgp_route_flap_001
2026-07-17T21:00:44+00:00,station2,0.0,0.058,0.803,0.0,12886971.69090909,648228.509090909,103.09577352727271,5.185828072727272,bgp_route_flap,real_spec_bgp_route_flap_001
2026-07-17T21:00:44+00:00,station3,0.0,0.099,1.649,0.0,239.78181818181818,1308.2181818181816,0.0019182545454545453,0.010465745454545454,bgp_route_flap,real_spec_bgp_route_flap_001
2026-07-17T21:00:59+00:00,station1,0.0,0.027,0.271,0.0,474082.7984945728,9457548.226395883,3.7926623879565824,75.66038581116706,bgp_route_flap,real_spec_bgp_route_flap_001
2026-07-17T21:00:59+00:00,station2,0.0,0.02,0.244,0.0,9456594.672727274,475262.23636363633,75.65275738181819,3.802097890909091,bgp_route_flap,real_spec_bgp_route_flap_001
2026-07-17T21:00:59+00:00,station3,0.0,0.029,0.314,0.0,198.7090909090909,1092.2545454545455,0.0015896727272727272,0.008738036363636363,bgp_route_flap,real_spec_bgp_route_flap_001
2026-07-17T21:01:14+00:00,station1,0.0,0.14,0.694,0.0,556115.9636363636,11107067.309090909,4.448927709090909,88.85653847272727,bgp_route_flap,real_spec_bgp_route_flap_001
2026-07-17T21:01:14+00:00,station2,0.0,0.134,0.798,0.0,11105598.236363636,557422.4909090908,88.8447858909091,4.459379927272726,bgp_route_flap,real_spec_bgp_route_flap_001
2026-07-17T21:01:14+00:00,station3,0.0,0.124,0.685,0.0,241.8181818181818,1310.4,0.0019345454545454544,0.010483200000000002,bgp_route_flap,real_spec_bgp_route_flap_001
2026-07-17T21:01:29+00:00,station1,0.0,1.452,1.745,0.0,443420.43636363634,8872945.872727271,3.5473634909090905,70.98356698181817,bgp_route_flap,real_spec_bgp_route_flap_001
2026-07-17T21:01:29+00:00,station2,0.0,1.412,1.748,0.0,8871843.363636363,444510.21818181814,70.97474690909091,3.556081745454545,bgp_route_flap,real_spec_bgp_route_flap_001
2026-07-17T21:01:29+00:00,station3,0.0,0.246,0.844,0.0,203.0181818181818,1093.909090909091,0.0016241454545454545,0.008751272727272727,bgp_route_flap,real_spec_bgp_route_flap_001
2026-07-17T21:01:44+00:00,station1,0.0,0.112,0.794,0.0,553649.0982474001,11105667.715075266,4.429192785979201,88.84534172060212,bgp_route_flap,real_spec_bgp_route_flap_001
2026-07-17T21:01:44+00:00,station2,0.0,0.084,0.74,0.0,11105367.836363636,555011.4181818182,88.84294269090908,4.440091345454546,bgp_route_flap,real_spec_bgp_route_flap_001
2026-07-17T21:01:44+00:00,station3,0.0,0.091,0.796,0.0,240.98181818181817,1309.7454545454543,0.0019278545454545454,0.010477963636363635,bgp_route_flap,real_spec_bgp_route_flap_001
2026-07-17T21:01:59+00:00,station1,0.0,0.13,0.778,0.0,556066.3999999999,11170392.581818182,4.4485312,89.36314065454546,bgp_route_flap,real_spec_bgp_route_flap_001
2026-07-17T21:01:59+00:00,station2,0.0,0.13,0.965,0.0,11168744.09090909,557052.6363636364,89.34995272727272,4.456421090909091,bgp_route_flap,real_spec_bgp_route_flap_001
2026-07-17T21:01:59+00:00,station3,0.0,0.079,0.808,0.0,200.5272727272727,1090.8363636363636,0.0016042181818181815,0.008726690909090909,bgp_route_flap,real_spec_bgp_route_flap_001
2026-07-17T21:02:14+00:00,station1,0.0,0.039,0.738,0.0,554247.3818181817,11104170.781818181,4.433979054545453,88.83336625454545,bgp_route_flap,real_spec_bgp_route_flap_001
2026-07-17T21:02:14+00:00,station2,0.0,0.212,0.875,0.0,11103100.127272727,555477.0909090909,88.82480101818182,4.443816727272727,bgp_route_flap,real_spec_bgp_route_flap_001
2026-07-17T21:02:14+00:00,station3,0.0,0.049,0.654,0.0,239.89090909090908,1308.0363636363634,0.0019191272727272727,0.010464290909090908,bgp_route_flap,real_spec_bgp_route_flap_001
2026-07-17T21:02:29+00:00,station1,0.0,0.268,0.911,0.0,443845.8937110234,8870920.055998983,3.550767149688187,70.96736044799187,bgp_route_flap,real_spec_bgp_route_flap_001
2026-07-17T21:02:29+00:00,station2,0.0,0.174,0.959,0.0,8869910.818181818,444847.4909090909,70.95928654545455,3.5587799272727274,bgp_route_flap,real_spec_bgp_route_flap_001
2026-07-17T21:02:29+00:00,station3,0.0,0.176,0.711,0.0,202.18181818181816,1093.7272727272725,0.0016174545454545452,0.00874981818181818,bgp_route_flap,real_spec_bgp_route_flap_001
2026-07-17T21:02:44+00:00,station1,0.0,0.144,1.022,0.0,557015.5806850411,11105401.716238819,4.45612464548033,88.84321372991056,bgp_route_flap,real_spec_bgp_route_flap_001
2026-07-17T21:02:44+00:00,station2,0.0,0.051,0.796,0.0,11104672.818181816,558264.6909090909,88.83738254545453,4.466117527272727,bgp_route_flap,real_spec_bgp_route_flap_001
2026-07-17T21:02:44+00:00,station3,0.0,1.832,1.961,0.0,237.85454545454544,1308.7272727272725,0.0019028363636363636,0.01046981818181818,bgp_route_flap,real_spec_bgp_route_flap_001
2026-07-17T21:02:59+00:00,station1,0.0,0.217,0.913,0.0,528298.3272727273,10515605.709090909,4.226386618181818,84.12484567272728,bgp_route_flap,real_spec_bgp_route_flap_001
2026-07-17T21:02:59+00:00,station2,0.0,0.159,0.822,0.0,10514380.781818181,529314.6,84.11504625454545,4.2345168,bgp_route_flap,real_spec_bgp_route_flap_001
2026-07-17T21:02:59+00:00,station3,0.0,0.037,0.681,0.0,196.85454545454544,1089.7090909090907,0.0015748363636363635,0.008717672727272726,bgp_route_flap,real_spec_bgp_route_flap_001
2026-07-17T21:03:14+00:00,station1,0.0,0.047,0.219,0.0,593529.7818181817,11830546.272727272,4.748238254545454,94.64437018181818,bgp_route_flap,real_spec_bgp_route_flap_001
2026-07-17T21:03:14+00:00,station2,0.0,0.005,0.224,0.0,11828568.6,594893.6909090909,94.62854879999999,4.7591495272727276,bgp_route_flap,real_spec_bgp_route_flap_001
2026-07-17T21:03:14+00:00,station3,0.0,0.032,0.312,0.0,236.76363636363632,1308.2363636363634,0.0018941090909090905,0.010465890909090907,bgp_route_flap,real_spec_bgp_route_flap_001
2026-07-17T21:03:29+00:00,station1,0.0,0.379,1.93,0.0,445736.6497572683,8873082.019673085,3.5658931980581463,70.98465615738468,bgp_route_flap,real_spec_bgp_route_flap_001
2026-07-17T21:03:29+00:00,station2,0.0,0.134,2.044,0.0,8871969.109090907,446812.90909090906,70.97575287272726,3.5745032727272723,bgp_route_flap,real_spec_bgp_route_flap_001
2026-07-17T21:03:29+00:00,station3,0.0,830.419,1133.415,0.0,191.16363636363633,1094.0363636363634,0.0015293090909090905,0.008752290909090908,bgp_route_flap,real_spec_bgp_route_flap_001
2026-07-17T21:03:44+00:00,station1,0.0,0.357,2.279,0.0,556989.0369616203,11106533.661800265,4.455912295692962,88.85226929440212,bgp_route_flap,real_spec_bgp_route_flap_001
2026-07-17T21:03:44+00:00,station2,0.0,0.271,2.195,0.0,11105443.654545454,558306.3090909091,88.84354923636363,4.4664504727272725,bgp_route_flap,real_spec_bgp_route_flap_001
2026-07-17T21:03:44+00:00,station3,0.0,1331.533,2612.443,40.0,228.19999999999996,1309.3272727272727,0.0018255999999999997,0.010474618181818182,bgp_route_flap,real_spec_bgp_route_flap_001
2026-07-17T21:03:59+00:00,station1,0.0,0.751,2.82,0.0,444767.98181818175,8875715.654545454,3.5581438545454542,71.00572523636363,bgp_route_flap,real_spec_bgp_route_flap_001
2026-07-17T21:03:59+00:00,station2,0.0,2.197,3.978,0.0,8874104.927272728,445842.14545454545,70.99283941818182,3.5667371636363634,bgp_route_flap,real_spec_bgp_route_flap_001
2026-07-17T21:03:59+00:00,station3,0.0,1448.499,2946.012,0.0,195.85454545454544,1092.6727272727271,0.0015668363636363635,0.008741381818181817,bgp_route_flap,real_spec_bgp_route_flap_001
2026-07-17T21:04:14+00:00,station1,0.0,0.317,2.58,0.0,635269.909090909,12684109.127272727,5.082159272727272,101.47287301818182,bgp_route_flap,real_spec_bgp_route_flap_001
2026-07-17T21:04:14+00:00,station2,0.0,0.329,2.035,0.0,12682522.127272727,636485.509090909,101.46017701818181,5.0918840727272725,bgp_route_flap,real_spec_bgp_route_flap_001
2026-07-17T21:04:14+00:00,station3,0.0,1143.076,1732.708,0.0,251.6181818181818,1323.2363636363634,0.002012945454545454,0.010585890909090907,bgp_route_flap,real_spec_bgp_route_flap_001
2026-07-17T21:04:29+00:00,station1,0.0,0.03,0.256,0.0,483833.021217796,9669438.228395848,3.8706641697423683,77.35550582716678,bgp_route_flap,real_spec_bgp_route_flap_001
2026-07-17T21:04:29+00:00,station2,0.0,0.045,0.204,0.0,9667967.763636362,484814.72727272724,77.3437421090909,3.878517818181818,bgp_route_flap,real_spec_bgp_route_flap_001
2026-07-17T21:04:29+00:00,station3,0.0,0.018,0.26,0.0,220.23636363636362,1107.8727272727272,0.001761890909090909,0.008862981818181818,bgp_route_flap,real_spec_bgp_route_flap_001
2026-07-17T21:04:44+00:00,station1,0.0,0.139,0.88,0.0,457278.23636363633,9128012.09090909,3.658225890909091,73.02409672727272,bgp_route_flap,real_spec_bgp_route_flap_001
2026-07-17T21:04:44+00:00,station2,0.0,0.168,0.882,0.0,9126237.8,458376.1272727272,73.0099024,3.6670090181818176,bgp_route_flap,real_spec_bgp_route_flap_001
2026-07-17T21:04:44+00:00,station3,0.0,0.166,0.971,0.0,265.56363636363636,1326.1818181818182,0.0021245090909090907,0.010609454545454545,bgp_route_flap,real_spec_bgp_route_flap_001
2026-07-17T21:04:59+00:00,station1,0.0,0.315,1.125,0.0,344729.7818181818,6892027.890909091,2.7578382545454545,55.13622312727273,bgp_route_flap,real_spec_bgp_route_flap_001
2026-07-17T21:04:59+00:00,station2,0.0,0.125,0.859,0.0,6890236.090909091,345596.23636363633,55.121888727272726,2.7647698909090908,bgp_route_flap,real_spec_bgp_route_flap_001
2026-07-17T21:04:59+00:00,station3,0.0,0.136,0.761,0.0,215.87272727272727,1104.1272727272726,0.0017269818181818181,0.00883301818181818,bgp_route_flap,real_spec_bgp_route_flap_001
2026-07-17T21:05:14+00:00,station1,0.0,0.112,0.845,0.0,455423.0181818182,9125590.98181818,3.6433841454545455,73.00472785454545,bgp_route_flap,real_spec_bgp_route_flap_001
2026-07-17T21:05:14+00:00,station2,0.0,0.385,1.099,0.0,9123864.781818181,456324.9636363636,72.99091825454545,3.650599709090909,bgp_route_flap,real_spec_bgp_route_flap_001
2026-07-17T21:05:14+00:00,station3,0.0,0.017,0.63,0.0,249.7090909090909,1317.0181818181816,0.001997672727272727,0.010536145454545452,bgp_route_flap,real_spec_bgp_route_flap_001
2026-07-17T21:05:29+00:00,station1,0.0,0.204,0.711,0.0,529554.8181818181,10626131.38181818,4.236438545454545,85.00905105454545,bgp_route_flap,real_spec_bgp_route_flap_001
2026-07-17T21:05:29+00:00,station2,0.0,0.093,0.733,0.0,10624673.763636362,530263.7636363636,84.9973901090909,4.242110109090908,bgp_route_flap,real_spec_bgp_route_flap_001
2026-07-17T21:05:29+00:00,station3,0.0,0.02,0.714,0.0,206.6181818181818,1096.5272727272725,0.0016529454545454543,0.00877221818181818,bgp_route_flap,real_spec_bgp_route_flap_001
2026-07-17T21:05:44+00:00,station1,0.0,0.302,0.498,0.0,582805.0363636364,11713983.581818182,4.662440290909091,93.71186865454546,bgp_route_flap,real_spec_bgp_route_flap_001
2026-07-17T21:05:44+00:00,station2,0.0,0.259,0.448,0.0,11712191.654545454,583890.3272727273,93.69753323636364,4.671122618181818,bgp_route_flap,real_spec_bgp_route_flap_001
2026-07-17T21:05:44+00:00,station3,0.0,0.336,0.463,0.0,244.9090909090909,1312.4545454545453,0.0019592727272727275,0.010499636363636362,bgp_route_flap,real_spec_bgp_route_flap_001
2026-07-17T21:05:59+00:00,station1,0.0,0.199,0.866,0.0,454976.6545454545,9115384.527272727,3.639813236363636,72.92307621818182,bgp_route_flap,real_spec_bgp_route_flap_001
2026-07-17T21:05:59+00:00,station2,0.0,0.163,0.794,0.0,9113677.909090908,455844.0909090909,72.90942327272727,3.646752727272727,bgp_route_flap,real_spec_bgp_route_flap_001
2026-07-17T21:05:59+00:00,station3,0.0,0.161,0.742,0.0,200.67272727272726,1090.5454545454545,0.001605381818181818,0.008724363636363636,bgp_route_flap,real_spec_bgp_route_flap_001
2026-07-17T21:06:14+00:00,station1,0.0,0.029,0.774,0.0,567425.0131810993,11350070.705234261,4.539400105448794,90.80056564187409,bgp_route_flap,real_spec_bgp_route_flap_001
2026-07-17T21:06:14+00:00,station2,0.0,0.193,0.868,0.0,11349134.454545455,568507.1272727272,90.79307563636364,4.548057018181818,bgp_route_flap,real_spec_bgp_route_flap_001
2026-07-17T21:06:14+00:00,station3,0.0,0.086,0.725,0.0,241.16363636363633,1311.709090909091,0.0019293090909090907,0.010493672727272727,bgp_route_flap,real_spec_bgp_route_flap_001
2026-07-17T21:06:29+00:00,station1,0.0,0.263,1.065,0.0,457195.19999999995,9118503.181818182,3.6575615999999997,72.94802545454546,bgp_route_flap,real_spec_bgp_route_flap_001
2026-07-17T21:06:29+00:00,station2,0.0,0.246,0.908,0.0,9116952.2,458022.7818181818,72.9356176,3.6641822545454543,bgp_route_flap,real_spec_bgp_route_flap_001
2026-07-17T21:06:29+00:00,station3,0.0,0.095,0.718,0.0,202.87272727272727,1095.2181818181816,0.0016229818181818182,0.008761745454545453,bgp_route_flap,real_spec_bgp_route_flap_001
2026-07-17T21:06:44+00:00,station1,0.0,0.293,0.694,0.0,652959.309090909,13041220.836363636,5.2236744727272715,104.32976669090908,bgp_route_flap,real_spec_bgp_route_flap_001
2026-07-17T21:06:44+00:00,station2,0.0,0.284,0.582,0.0,13039575.036363635,654008.6909090909,104.31660029090908,5.232069527272728,bgp_route_flap,real_spec_bgp_route_flap_001
2026-07-17T21:06:44+00:00,station3,0.0,0.166,0.59,0.0,242.6181818181818,1310.8181818181815,0.0019409454545454544,0.010486545454545452,bgp_route_flap,real_spec_bgp_route_flap_001
2026-07-17T21:06:59+00:00,station1,0.0,0.296,0.611,0.0,465176.84600978234,9308087.568412822,3.7214147680782586,74.46470054730257,bgp_route_flap,real_spec_bgp_route_flap_001
2026-07-17T21:06:59+00:00,station2,0.0,0.152,0.537,0.0,9306392.054545455,466303.72727272724,74.45113643636364,3.730429818181818,bgp_route_flap,real_spec_bgp_route_flap_001
2026-07-17T21:06:59+00:00,station3,0.0,0.221,0.5,0.0,200.0181818181818,1089.7818181818182,0.0016001454545454543,0.008718254545454546,bgp_route_flap,real_spec_bgp_route_flap_001
2026-07-17T21:07:14+00:00,station1,0.0,0.15,0.966,0.0,567228.4322103235,11355514.227014055,4.537827457682588,90.84411381611244,bgp_route_flap,real_spec_bgp_route_flap_001
2026-07-17T21:07:14+00:00,station2,0.0,0.146,0.921,0.0,11353288.527272727,568494.8181818181,90.82630821818182,4.547958545454545,bgp_route_flap,real_spec_bgp_route_flap_001
2026-07-17T21:07:14+00:00,station3,0.0,0.124,0.707,0.0,246.14545454545453,1311.8545454545454,0.001969163636363636,0.010494836363636363,bgp_route_flap,real_spec_bgp_route_flap_001
2026-07-17T21:07:29+00:00,station1,0.0,0.071,0.654,0.0,454504.10909090907,9119462.236363636,3.6360328727272724,72.9556978909091,bgp_route_flap,real_spec_bgp_route_flap_001
2026-07-17T21:07:29+00:00,station2,0.0,0.066,0.833,0.0,9118760.49090909,455764.61818181816,72.95008392727273,3.6461169454545455,bgp_route_flap,real_spec_bgp_route_flap_001
2026-07-17T21:07:29+00:00,station3,0.0,0.025,0.632,0.0,212.47272727272727,1099.3090909090909,0.0016997818181818181,0.008794472727272728,bgp_route_flap,real_spec_bgp_route_flap_001
2026-07-17T21:07:44+00:00,station1,0.0,0.127,0.967,0.0,565085.2181818181,11352314.036363635,4.520681745454545,90.81851229090908,bgp_route_flap,real_spec_bgp_route_flap_001
2026-07-17T21:07:44+00:00,station2,0.0,0.062,0.738,0.0,11351344.527272727,566413.3818181817,90.81075621818182,4.5313070545454535,bgp_route_flap,real_spec_bgp_route_flap_001
2026-07-17T21:07:44+00:00,station3,0.0,0.086,0.803,0.0,246.3272727272727,1312.6363636363635,0.0019706181818181815,0.010501090909090908,bgp_route_flap,real_spec_bgp_route_flap_001
2026-07-17T21:07:59+00:00,station1,0.0,1.513,1.359,0.0,554921.2406596005,11169157.555042453,4.439369925276804,89.35326044033962,bgp_route_flap,real_spec_bgp_route_flap_001
2026-07-17T21:07:59+00:00,station2,0.0,1.575,1.339,0.0,11168683.8,556047.2363636363,89.3494704,4.44837789090909,bgp_route_flap,real_spec_bgp_route_flap_001
2026-07-17T21:07:59+00:00,station3,0.0,0.578,0.685,0.0,206.96363636363634,1093.5454545454545,0.0016557090909090908,0.008748363636363636,bgp_route_flap,real_spec_bgp_route_flap_001
2026-07-17T21:08:14+00:00,station1,0.0,0.604,2.592,0.0,553023.509090909,11100728.036363635,4.424188072727272,88.80582429090909,bgp_route_flap,real_spec_bgp_route_flap_001
2026-07-17T21:08:14+00:00,station2,0.0,0.438,2.318,0.0,11099244.2,554343.9999999999,88.7939536,4.434751999999999,bgp_route_flap,real_spec_bgp_route_flap_001
2026-07-17T21:08:14+00:00,station3,0.0,2734.956,3508.096,0.0,241.1272727272727,1311.8,0.0019290181818181816,0.0104944,bgp_route_flap,real_spec_bgp_route_flap_001
2026-07-17T21:08:29+00:00,station1,0.0,0.398,2.117,0.0,442876.5023546739,8865771.46026147,3.5430120188373913,70.92617168209176,bgp_route_flap,real_spec_bgp_route_flap_001
2026-07-17T21:08:29+00:00,station2,0.0,0.317,2.538,0.0,8864028.09090909,443933.8545454545,70.91222472727272,3.551470836363636,bgp_route_flap,real_spec_bgp_route_flap_001
2026-07-17T21:08:29+00:00,station3,0.0,1745.022,3275.372,0.0,207.56363636363633,1098.2181818181816,0.0016605090909090907,0.008785745454545453,bgp_route_flap,real_spec_bgp_route_flap_001
2026-07-17T21:08:44+00:00,station1,0.0,0.386,2.027,0.0,555882.0727272726,11101811.127272727,4.447056581818181,88.81448901818182,bgp_route_flap,real_spec_bgp_route_flap_001
2026-07-17T21:08:44+00:00,station2,0.0,0.209,1.977,0.0,11099675.872727271,557155.3272727273,88.79740698181817,4.4572426181818185,bgp_route_flap,real_spec_bgp_route_flap_001
2026-07-17T21:08:44+00:00,station3,0.0,830.304,3981.588,40.0,234.63636363636363,1314.709090909091,0.001877090909090909,0.010517672727272727,bgp_route_flap,real_spec_bgp_route_flap_001
2026-07-17T21:08:59+00:00,station1,0.0,0.057,2.45,0.0,546836.6211523426,10910539.57200778,4.374692969218741,87.28431657606225,bgp_route_flap,real_spec_bgp_route_flap_001
2026-07-17T21:08:59+00:00,station2,0.0,0.375,2.087,0.0,10909493.509090908,547922.6181818182,87.27594807272726,4.383380945454546,bgp_route_flap,real_spec_bgp_route_flap_001
2026-07-17T21:08:59+00:00,station3,0.0,830.304,3981.588,100.0,205.94545454545454,1104.7454545454543,0.0016475636363636364,0.008837963636363634,bgp_route_flap,real_spec_bgp_route_flap_001
2026-07-17T21:09:14+00:00,station1,0.0,0.013,0.22,0.0,572215.4,11437579.018181818,4.5777232,91.50063214545455,bgp_route_flap,real_spec_bgp_route_flap_001
2026-07-17T21:09:14+00:00,station2,0.0,0.035,0.197,0.0,11436788.418181816,573525.2363636363,91.49430734545453,4.58820189090909,bgp_route_flap,real_spec_bgp_route_flap_001
2026-07-17T21:09:14+00:00,station3,0.0,0.016,0.278,0.0,251.0181818181818,1316.6727272727271,0.0020081454545454545,0.010533381818181817,bgp_route_flap,real_spec_bgp_route_flap_001
2026-07-17T21:09:29+00:00,station1,0.0,0.272,0.507,0.0,348958.3977307853,6971520.264741713,2.7916671818462824,55.7721621179337,bgp_route_flap,real_spec_bgp_route_flap_001
2026-07-17T21:09:29+00:00,station2,0.0,0.226,0.431,0.0,6970085.654545454,350030.69090909086,55.760685236363635,2.8002455272727267,bgp_route_flap,real_spec_bgp_route_flap_001
2026-07-17T21:09:29+00:00,station3,0.0,0.271,0.507,0.0,204.54545454545453,1097.2181818181816,0.0016363636363636363,0.008777745454545453,bgp_route_flap,real_spec_bgp_route_flap_001
2026-07-17T21:09:44+00:00,station1,0.0,0.474,1.252,0.0,436098.70909090905,8877962.254545454,3.4887896727272723,71.02369803636363,bgp_route_flap,real_spec_bgp_route_flap_001
2026-07-17T21:09:44+00:00,station2,0.0,0.127,0.758,0.0,8876852.018181818,437408.5999999999,71.01481614545455,3.4992687999999994,bgp_route_flap,real_spec_bgp_route_flap_001
2026-07-17T21:09:44+00:00,station3,0.0,0.284,0.862,0.0,251.69090909090906,1314.6181818181817,0.0020135272727272724,0.010516945454545453,bgp_route_flap,real_spec_bgp_route_flap_001
2026-07-17T21:09:59+00:00,station1,0.0,0.215,0.858,0.0,319326.9094413032,6644493.17309965,2.5546152755304257,53.1559453847972,bgp_route_flap,real_spec_bgp_route_flap_001
2026-07-17T21:09:59+00:00,station2,0.0,0.203,0.911,0.0,6643445.618181818,320499.21818181814,53.14756494545455,2.563993745454545,bgp_route_flap,real_spec_bgp_route_flap_001
2026-07-17T21:09:59+00:00,station3,0.0,0.107,0.849,0.0,194.78181818181818,1090.4545454545453,0.0015582545454545455,0.008723636363636362,bgp_route_flap,real_spec_bgp_route_flap_001
2026-07-17T21:10:14+00:00,station1,0.0,0.055,0.8,0.0,483593.60738895653,10846399.283649387,3.868748859111652,86.77119426919509,bgp_route_flap,real_spec_bgp_route_flap_001
2026-07-17T21:10:14+00:00,station2,0.0,0.201,0.928,0.0,10845724.763636362,484813.0909090909,86.7657981090909,3.878504727272727,bgp_route_flap,real_spec_bgp_route_flap_001
2026-07-17T21:10:14+00:00,station3,0.0,0.107,0.725,0.0,235.23636363636362,1308.4181818181817,0.0018818909090909089,0.010467345454545453,bgp_route_flap,real_spec_bgp_route_flap_001
2026-07-17T21:10:29+00:00,station1,0.0,0.234,0.753,0.0,479327.3818181818,11174218.036363635,3.8346190545454544,89.39374429090908,bgp_route_flap,real_spec_bgp_route_flap_001
2026-07-17T21:10:29+00:00,station2,0.0,0.252,0.557,0.0,11173282.98181818,480314.14545454545,89.38626385454545,3.8425131636363634,bgp_route_flap,real_spec_bgp_route_flap_001
2026-07-17T21:10:29+00:00,station3,0.0,0.212,0.515,0.0,199.8181818181818,1093.109090909091,0.0015985454545454545,0.008744872727272729,bgp_route_flap,real_spec_bgp_route_flap_001
2026-07-17T21:10:44+00:00,station1,0.0,0.063,0.746,0.0,477685.496627334,11475181.523972291,3.821483973018672,91.80145219177834,bgp_route_flap,real_spec_bgp_route_flap_001
2026-07-17T21:10:44+00:00,station2,0.0,0.056,0.773,0.0,11473838.236363636,478875.3636363636,91.7907058909091,3.8310029090909086,bgp_route_flap,real_spec_bgp_route_flap_001
2026-07-17T21:10:44+00:00,station3,0.0,0.015,0.675,0.0,238.18181818181816,1306.9272727272726,0.0019054545454545452,0.010455418181818181,bgp_route_flap,real_spec_bgp_route_flap_001
2026-07-17T21:10:59+00:00,station1,0.0,0.222,0.955,0.0,392814.8363636363,9238404.49090909,3.1425186909090903,73.90723592727272,bgp_route_flap,real_spec_bgp_route_flap_001
2026-07-17T21:10:59+00:00,station2,0.0,0.153,0.903,0.0,9236382.909090908,393875.0,73.89106327272727,3.151,bgp_route_flap,real_spec_bgp_route_flap_001
2026-07-17T21:10:59+00:00,station3,0.0,0.221,0.815,0.0,196.2,1088.4545454545453,0.0015696,0.008707636363636362,bgp_route_flap,real_spec_bgp_route_flap_001
2026-07-17T21:11:14+00:00,station1,0.0,0.066,0.762,0.0,526382.509090909,11472470.236363636,4.211060072727272,91.77976189090909,bgp_route_flap,real_spec_bgp_route_flap_001
2026-07-17T21:11:14+00:00,station2,0.0,0.036,0.76,0.0,11469710.036363635,527664.0727272726,91.75768029090908,4.221312581818181,bgp_route_flap,real_spec_bgp_route_flap_001
2026-07-17T21:11:14+00:00,station3,0.0,0.331,1.044,0.0,234.47272727272727,1305.0363636363634,0.001875781818181818,0.010440290909090906,bgp_route_flap,real_spec_bgp_route_flap_001
2026-07-17T21:11:29+00:00,station1,0.0,0.961,1.641,0.0,535929.509090909,10764142.909090908,4.287436072727273,86.11314327272727,bgp_route_flap,real_spec_bgp_route_flap_001
2026-07-17T21:11:29+00:00,station2,0.0,1.183,1.709,0.0,10763122.672727274,536944.2,86.10498138181819,4.2955536,bgp_route_flap,real_spec_bgp_route_flap_001
2026-07-17T21:11:29+00:00,station3,0.0,0.066,0.74,0.0,196.2181818181818,1088.7272727272727,0.0015697454545454542,0.008709818181818181,bgp_route_flap,real_spec_bgp_route_flap_001
2026-07-17T21:11:44+00:00,station1,0.0,0.056,0.205,0.0,575425.8363636363,11574530.927272728,4.6034066909090905,92.59624741818182,bgp_route_flap,real_spec_bgp_route_flap_001
2026-07-17T21:11:44+00:00,station2,0.0,0.034,0.266,0.0,11572916.09090909,576818.3636363635,92.58332872727271,4.614546909090908,bgp_route_flap,real_spec_bgp_route_flap_001
2026-07-17T21:11:44+00:00,station3,0.0,0.049,0.236,0.0,232.9090909090909,1305.909090909091,0.0018632727272727273,0.010447272727272729,bgp_route_flap,real_spec_bgp_route_flap_001
2026-07-17T21:11:59+00:00,station1,0.0,0.785,1.349,0.0,442474.5272727272,8866989.472727273,3.539796218181818,70.93591578181818,bgp_route_flap,real_spec_bgp_route_flap_001
2026-07-17T21:11:59+00:00,station2,0.0,1.321,1.861,0.0,8865188.454545455,443545.0727272727,70.92150763636364,3.5483605818181814,bgp_route_flap,real_spec_bgp_route_flap_001
2026-07-17T21:11:59+00:00,station3,0.0,0.186,0.865,0.0,193.54545454545453,1088.0181818181818,0.0015483636363636363,0.008704145454545455,bgp_route_flap,real_spec_bgp_route_flap_001
2026-07-17T21:12:14+00:00,station1,0.0,0.062,0.773,0.0,555750.3090909091,11101597.927272728,4.4460024727272724,88.81278341818182,bgp_route_flap,real_spec_bgp_route_flap_001
2026-07-17T21:12:14+00:00,station2,0.0,0.08,0.807,0.0,11100727.109090907,557059.5272727272,88.80581687272726,4.456476218181818,bgp_route_flap,real_spec_bgp_route_flap_001
2026-07-17T21:12:14+00:00,station3,0.0,0.25,0.82,0.0,232.9090909090909,1306.7272727272725,0.0018632727272727273,0.01045381818181818,bgp_route_flap,real_spec_bgp_route_flap_001
2026-07-17T21:12:29+00:00,station1,0.0,1.156,1.547,0.0,445565.3715386993,8869431.428519482,3.5645229723095944,70.95545142815585,bgp_route_flap,real_spec_bgp_route_flap_001
2026-07-17T21:12:29+00:00,station2,0.0,1.417,1.743,0.0,8868672.2,446661.70909090905,70.94937759999999,3.573293672727272,bgp_route_flap,real_spec_bgp_route_flap_001
2026-07-17T21:12:29+00:00,station3,0.0,0.387,0.931,0.0,195.74545454545452,1090.1999999999998,0.0015659636363636361,0.008721599999999998,bgp_route_flap,real_spec_bgp_route_flap_001
2026-07-17T21:12:44+00:00,station1,0.0,0.176,0.873,0.0,649128.0909090909,12929162.38181818,5.193024727272728,103.43329905454544,bgp_route_flap,real_spec_bgp_route_flap_001
2026-07-17T21:12:44+00:00,station2,0.0,0.12,0.802,0.0,12927372.49090909,650349.0,103.41897992727272,5.202792,bgp_route_flap,real_spec_bgp_route_flap_001
2026-07-17T21:12:44+00:00,station3,0.0,0.049,0.628,0.0,238.54545454545453,1309.0363636363634,0.0019083636363636362,0.010472290909090907,bgp_route_flap,real_spec_bgp_route_flap_001
2026-07-17T21:12:59+00:00,station1,0.0,0.03,0.247,0.0,472402.3929013019,9421048.25805513,3.7792191432104154,75.36838606444104,bgp_route_flap,real_spec_bgp_route_flap_001
2026-07-17T21:12:59+00:00,station2,0.0,0.044,0.211,0.0,9419478.527272727,473463.54545454547,75.35582821818181,3.787708363636364,bgp_route_flap,real_spec_bgp_route_flap_001
2026-07-17T21:12:59+00:00,station3,0.0,0.024,0.252,0.0,197.6181818181818,1089.9272727272726,0.0015809454545454543,0.00871941818181818,bgp_route_flap,real_spec_bgp_route_flap_001
2026-07-17T21:13:14+00:00,station1,0.0,0.123,2.587,0.0,445984.69063073874,8878266.732122403,3.56787752504591,71.02613385697921,bgp_route_flap,real_spec_bgp_route_flap_001
2026-07-17T21:13:14+00:00,station2,0.0,0.371,2.219,0.0,8876407.836363636,447277.7818181818,71.01126269090909,3.5782222545454543,bgp_route_flap,real_spec_bgp_route_flap_001
2026-07-17T21:13:14+00:00,station3,0.0,836.518,1122.655,0.0,229.0181818181818,1312.2727272727273,0.0018321454545454543,0.010498181818181818,bgp_route_flap,real_spec_bgp_route_flap_001
2026-07-17T21:13:29+00:00,station1,0.0,0.238,1.948,0.0,333971.63481644454,6646627.616051784,2.6717730785315563,53.17302092841427,bgp_route_flap,real_spec_bgp_route_flap_001
2026-07-17T21:13:29+00:00,station2,0.0,0.222,2.124,0.0,6644915.509090909,335029.5636363636,53.15932407272727,2.680236509090909,bgp_route_flap,real_spec_bgp_route_flap_001
2026-07-17T21:13:29+00:00,station3,0.0,836.518,1122.655,100.0,184.43636363636364,1102.109090909091,0.0014754909090909092,0.008816872727272728,bgp_route_flap,real_spec_bgp_route_flap_001
2026-07-17T21:13:44+00:00,station1,0.0,0.459,2.236,0.0,445630.35415606137,8880291.996945675,3.565042833248491,71.04233597556541,bgp_route_flap,real_spec_bgp_route_flap_001
2026-07-17T21:13:44+00:00,station2,0.0,0.235,2.361,0.0,8879590.254545454,446937.3818181818,71.03672203636363,3.575499054545454,bgp_route_flap,real_spec_bgp_route_flap_001
2026-07-17T21:13:44+00:00,station3,0.0,1214.985,2133.647,0.0,290.8545454545454,1379.1090909090906,0.0023268363636363633,0.011032872727272724,bgp_route_flap,real_spec_bgp_route_flap_001
2026-07-17T21:13:59+00:00,station1,0.0,0.108,2.745,0.0,532825.7272727272,10628721.454545455,4.262605818181817,85.02977163636363,bgp_route_flap,real_spec_bgp_route_flap_001
2026-07-17T21:13:59+00:00,station2,0.0,0.289,2.411,0.0,10627359.345454544,533775.9636363636,85.01887476363635,4.270207709090909,bgp_route_flap,real_spec_bgp_route_flap_001
2026-07-17T21:13:59+00:00,station3,0.0,1214.985,2133.647,0.0,248.2181818181818,1160.7636363636364,0.0019857454545454544,0.00928610909090909,bgp_route_flap,real_spec_bgp_route_flap_001
2026-07-17T21:14:14+00:00,station1,0.0,0.032,0.246,0.0,586630.5367663103,11725092.497636192,4.693044294130483,93.80073998108954,bgp_route_flap,real_spec_bgp_route_flap_001
2026-07-17T21:14:14+00:00,station2,0.0,0.042,0.206,0.0,11722872.4,587846.4545454546,93.7829792,4.702771636363637,bgp_route_flap,real_spec_bgp_route_flap_001
2026-07-17T21:14:14+00:00,station3,0.0,0.021,0.254,0.0,298.0181818181818,1367.3454545454545,0.0023841454545454545,0.010938763636363636,bgp_route_flap,real_spec_bgp_route_flap_001
2026-07-17T21:14:29+00:00,station1,0.0,0.017,0.228,0.0,362923.72727272724,7256146.090909091,2.903389818181818,58.04916872727273,bgp_route_flap,real_spec_bgp_route_flap_001
2026-07-17T21:14:29+00:00,station2,0.0,0.035,0.278,0.0,7255049.036363635,364085.8363636363,58.04039229090908,2.9126866909090903,bgp_route_flap,real_spec_bgp_route_flap_001
2026-07-17T21:14:29+00:00,station3,0.0,0.017,0.299,0.0,228.87272727272727,1106.1454545454544,0.0018309818181818183,0.008849163636363636,bgp_route_flap,real_spec_bgp_route_flap_001
2026-07-17T21:14:44+00:00,station1,0.0,0.112,1.018,0.0,445200.1708997691,8877583.586349836,3.561601367198153,71.02066869079869,bgp_route_flap,real_spec_bgp_route_flap_001
2026-07-17T21:14:44+00:00,station2,0.0,0.816,1.305,0.0,8876624.345454546,446510.79999999993,71.01299476363637,3.5720863999999994,bgp_route_flap,real_spec_bgp_route_flap_001
2026-07-17T21:14:44+00:00,station3,0.0,0.139,2.07,0.0,240.9090909090909,1303.7454545454543,0.0019272727272727273,0.010429963636363634,bgp_route_flap,real_spec_bgp_route_flap_001
2026-07-17T21:14:59+00:00,station1,0.0,0.162,0.819,0.0,333843.0727272727,6643644.6,2.6707445818181816,53.1491568,bgp_route_flap,real_spec_bgp_route_flap_001
2026-07-17T21:14:59+00:00,station2,0.0,0.148,0.856,0.0,6642245.181818182,334928.0545454545,53.137961454545454,2.679424436363636,bgp_route_flap,real_spec_bgp_route_flap_001
2026-07-17T21:14:59+00:00,station3,0.0,0.499,1.79,0.0,200.09090909090907,1091.4545454545453,0.0016007272727272725,0.008731636363636362,bgp_route_flap,real_spec_bgp_route_flap_001
2026-07-17T21:15:14+00:00,station1,0.0,0.131,0.789,0.0,529797.6292202243,10558555.04245223,4.238381033761795,84.46844033961783,bgp_route_flap,real_spec_bgp_route_flap_001
2026-07-17T21:15:14+00:00,station2,0.0,0.213,0.864,0.0,10557382.054545455,531130.3636363636,84.45905643636364,4.249042909090909,bgp_route_flap,real_spec_bgp_route_flap_001
2026-07-17T21:15:14+00:00,station3,0.0,0.283,1.931,0.0,239.45454545454544,1308.581818181818,0.0019156363636363635,0.010468654545454545,bgp_route_flap,real_spec_bgp_route_flap_001
2026-07-17T21:15:29+00:00,station1,0.0,0.136,0.936,0.0,559651.2181818181,11171692.6,4.477209745454545,89.3735408,bgp_route_flap,real_spec_bgp_route_flap_001
2026-07-17T21:15:29+00:00,station2,0.0,0.423,0.995,0.0,11170655.109090907,560756.3272727273,89.36524087272726,4.486050618181818,bgp_route_flap,real_spec_bgp_route_flap_001
2026-07-17T21:15:29+00:00,station3,0.0,0.158,1.546,0.0,208.14545454545453,1095.5454545454545,0.0016651636363636362,0.008764363636363636,bgp_route_flap,real_spec_bgp_route_flap_001
2026-07-17T21:15:44+00:00,station1,0.0,3.618,2.755,0.0,478973.89138379303,9557954.255377175,3.8317911310703443,76.46363404301741,tunnel_degradation,real_spec_tunnel_degradation_002
2026-07-17T21:15:44+00:00,station2,0.0,5.198,3.924,0.0,9556713.909090908,480371.98181818175,76.45371127272726,3.842975854545454,tunnel_degradation,real_spec_tunnel_degradation_002
2026-07-17T21:15:44+00:00,station3,0.0,3.411,2.716,0.0,238.87272727272727,1306.6181818181817,0.0019109818181818183,0.010452945454545453,tunnel_degradation,real_spec_tunnel_degradation_002
2026-07-17T21:15:59+00:00,station1,0.0,2.288,8.307,0.0,267000.12727272726,5219658.5636363635,2.136001018181818,41.757268509090906,tunnel_degradation,real_spec_tunnel_degradation_002
2026-07-17T21:15:59+00:00,station2,0.0,1.901,8.61,0.0,5218358.272727272,267986.9636363636,41.74686618181817,2.143895709090909,tunnel_degradation,real_spec_tunnel_degradation_002
2026-07-17T21:15:59+00:00,station3,0.0,1.505,9.038,0.0,199.5090909090909,1088.1818181818182,0.0015960727272727273,0.008705454545454546,tunnel_degradation,real_spec_tunnel_degradation_002
2026-07-17T21:16:14+00:00,station1,0.0,0.541,7.567,0.0,180135.1115474827,3266743.1771486755,1.4410808923798615,26.133945417189405,tunnel_degradation,real_spec_tunnel_degradation_002
2026-07-17T21:16:14+00:00,station2,0.0,1.939,10.41,0.0,3265405.327272727,181333.54545454544,26.123242618181816,1.4506683636363635,tunnel_degradation,real_spec_tunnel_degradation_002
2026-07-17T21:16:14+00:00,station3,0.0,1.762,8.899,0.0,237.34545454545454,1306.4727272727273,0.0018987636363636364,0.010451781818181818,tunnel_degradation,real_spec_tunnel_degradation_002
2026-07-17T21:16:29+00:00,station1,0.0,1.474,7.721,0.0,50906.12727272727,568611.8,0.4072490181818182,4.5488944,tunnel_degradation,real_spec_tunnel_degradation_002
2026-07-17T21:16:29+00:00,station2,0.0,1.183,8.841,0.0,567233.8363636363,51887.4,4.537870690909091,0.4150992,tunnel_degradation,real_spec_tunnel_degradation_002
2026-07-17T21:16:29+00:00,station3,0.0,0.927,7.388,0.0,195.89090909090908,1088.9818181818182,0.0015671272727272726,0.008711854545454546,tunnel_degradation,real_spec_tunnel_degradation_002
2026-07-17T21:16:44+00:00,station1,0.0,1.206,8.868,0.0,77594.6437337503,869615.1160887984,0.6207571498700024,6.956920928710387,tunnel_degradation,real_spec_tunnel_degradation_002
2026-07-17T21:16:44+00:00,station2,0.0,1.409,10.242,25.0,867898.0909090909,78711.81818181818,6.943184727272728,0.6296945454545454,tunnel_degradation,real_spec_tunnel_degradation_002
2026-07-17T21:16:44+00:00,station3,0.0,0.489,7.165,0.0,235.1272727272727,1305.8363636363636,0.0018810181818181815,0.010446690909090908,tunnel_degradation,real_spec_tunnel_degradation_002
2026-07-17T21:16:59+00:00,station1,0.0,1.638,9.04,0.0,55514.30909090909,623166.2363636363,0.4441144727272727,4.985329890909091,tunnel_degradation,real_spec_tunnel_degradation_002
2026-07-17T21:16:59+00:00,station2,0.0,1.467,10.205,0.0,621965.3636363635,56686.818181818184,4.9757229090909085,0.4534945454545455,tunnel_degradation,real_spec_tunnel_degradation_002
2026-07-17T21:16:59+00:00,station3,0.0,1.167,9.646,0.0,194.1272727272727,1085.6545454545453,0.0015530181818181816,0.008685236363636363,tunnel_degradation,real_spec_tunnel_degradation_002
2026-07-17T21:17:14+00:00,station1,0.0,2.328,9.617,0.0,65768.41397116311,740133.4387897962,0.526147311769305,5.92106751031837,tunnel_degradation,real_spec_tunnel_degradation_002
2026-07-17T21:17:14+00:00,station2,0.0,1.852,8.636,0.0,738577.4363636363,67060.21818181819,5.90861949090909,0.5364817454545455,tunnel_degradation,real_spec_tunnel_degradation_002
2026-07-17T21:17:14+00:00,station3,0.0,2.131,9.494,0.0,241.89090909090908,1306.2181818181816,0.0019351272727272727,0.010449745454545453,tunnel_degradation,real_spec_tunnel_degradation_002
2026-07-17T21:17:29+00:00,station1,0.0,0.62,9.443,0.0,50825.58181818181,572906.9818181818,0.40660465454545447,4.583255854545454,tunnel_degradation,real_spec_tunnel_degradation_002
2026-07-17T21:17:29+00:00,station2,0.0,2.371,9.956,0.0,571620.2727272727,51899.2,4.572962181818181,0.4151936,tunnel_degradation,real_spec_tunnel_degradation_002
2026-07-17T21:17:29+00:00,station3,0.0,1.707,10.487,0.0,204.18181818181816,1090.490909090909,0.0016334545454545454,0.008723927272727272,tunnel_degradation,real_spec_tunnel_degradation_002
2026-07-17T21:17:44+00:00,station1,0.0,1.406,9.86,0.0,65955.6909090909,741150.8727272727,0.5276455272727272,5.929206981818181,tunnel_degradation,real_spec_tunnel_degradation_002
2026-07-17T21:17:44+00:00,station2,0.0,1.349,9.17,0.0,739740.9636363635,67254.34545454544,5.917927709090908,0.5380347636363636,tunnel_degradation,real_spec_tunnel_degradation_002
2026-07-17T21:17:44+00:00,station3,0.0,0.732,9.812,0.0,246.98181818181817,1309.3272727272727,0.0019758545454545452,0.010474618181818182,tunnel_degradation,real_spec_tunnel_degradation_002
2026-07-17T21:17:59+00:00,station1,0.0,1.873,8.988,0.0,65323.03636363636,735366.4909090908,0.5225842909090909,5.882931927272727,tunnel_degradation,real_spec_tunnel_degradation_002
2026-07-17T21:17:59+00:00,station2,0.0,0.375,8.485,0.0,734175.9454545454,66410.74545454545,5.873407563636364,0.5312859636363636,tunnel_degradation,real_spec_tunnel_degradation_002
2026-07-17T21:17:59+00:00,station3,0.0,1.577,10.089,0.0,201.83636363636364,1090.7818181818182,0.0016146909090909091,0.008726254545454545,tunnel_degradation,real_spec_tunnel_degradation_002
2026-07-17T21:18:14+00:00,station1,0.0,3.58,20.725,25.0,60267.07272727272,674803.1272727272,0.4821365818181818,5.398425018181817,tunnel_degradation,real_spec_tunnel_degradation_002
2026-07-17T21:18:14+00:00,station2,0.0,1.663,18.791,0.0,673221.7636363636,61453.65454545454,5.385774109090908,0.4916292363636363,tunnel_degradation,real_spec_tunnel_degradation_002
2026-07-17T21:18:14+00:00,station3,0.0,2.847,16.809,0.0,243.9272727272727,1311.2363636363634,0.0019514181818181817,0.010489890909090907,tunnel_degradation,real_spec_tunnel_degradation_002
2026-07-17T21:18:29+00:00,station1,0.0,1.138,20.076,0.0,37103.60188367061,416971.27220494923,0.2968288150693649,3.335770177639594,tunnel_degradation,real_spec_tunnel_degradation_002
2026-07-17T21:18:29+00:00,station2,0.0,1.003,15.377,0.0,415587.3272727272,38068.09090909091,3.324698618181818,0.3045447272727273,tunnel_degradation,real_spec_tunnel_degradation_002
2026-07-17T21:18:29+00:00,station3,0.0,3.551,19.38,0.0,206.2181818181818,1093.6181818181817,0.0016497454545454542,0.008748945454545454,tunnel_degradation,real_spec_tunnel_degradation_002
2026-07-17T21:18:44+00:00,station1,0.0,1.649,19.912,0.0,32511.10909090909,365115.61818181816,0.2600888727272727,2.920924945454545,tunnel_degradation,real_spec_tunnel_degradation_002
2026-07-17T21:18:44+00:00,station2,0.0,3.015,18.66,0.0,363476.0909090909,33697.50909090909,2.907808727272727,0.2695800727272727,tunnel_degradation,real_spec_tunnel_degradation_002
2026-07-17T21:18:44+00:00,station3,0.0,1.638,20.315,0.0,236.65454545454543,1307.7454545454543,0.0018932363636363634,0.010461963636363635,tunnel_degradation,real_spec_tunnel_degradation_002
2026-07-17T21:18:59+00:00,station1,0.0,0.083,14.338,0.0,22129.8,249199.39999999997,0.17703839999999998,1.9935951999999997,tunnel_degradation,real_spec_tunnel_degradation_002
2026-07-17T21:18:59+00:00,station2,0.0,3.026,20.02,0.0,247826.23636363636,23061.74545454545,1.9826098909090908,0.18449396363636358,tunnel_degradation,real_spec_tunnel_degradation_002
2026-07-17T21:18:59+00:00,station3,0.0,2.714,16.863,0.0,195.65454545454543,1087.1636363636362,0.0015652363636363634,0.00869730909090909,tunnel_degradation,real_spec_tunnel_degradation_002
2026-07-17T21:19:14+00:00,station1,0.0,2.313,20.788,0.0,23202.07640138912,263802.76005018275,0.18561661121111298,2.110422080401462,tunnel_degradation,real_spec_tunnel_degradation_002
2026-07-17T21:19:14+00:00,station2,0.0,2.848,16.965,0.0,262330.41818181815,24589.32727272727,2.098643345454545,0.19671461818181815,tunnel_degradation,real_spec_tunnel_degradation_002
2026-07-17T21:19:14+00:00,station3,0.0,1.606,15.356,0.0,236.65454545454543,1308.3636363636363,0.0018932363636363634,0.01046690909090909,tunnel_degradation,real_spec_tunnel_degradation_002
2026-07-17T21:19:29+00:00,station1,0.0,2.019,16.159,0.0,18085.32572135052,203244.25010454355,0.14468260577080416,1.6259540008363484,tunnel_degradation,real_spec_tunnel_degradation_002
2026-07-17T21:19:29+00:00,station2,0.0,1.812,19.814,0.0,201985.10909090907,19163.8,1.6158808727272727,0.15331039999999999,tunnel_degradation,real_spec_tunnel_degradation_002
2026-07-17T21:19:29+00:00,station3,0.0,3.114,16.339,0.0,200.03636363636363,1093.3272727272727,0.001600290909090909,0.008746618181818181,tunnel_degradation,real_spec_tunnel_degradation_002
2026-07-17T21:19:44+00:00,station1,0.0,0.596,21.298,25.0,22526.554062653406,254984.67300594534,0.18021243250122723,2.039877384047563,tunnel_degradation,real_spec_tunnel_degradation_002
2026-07-17T21:19:44+00:00,station2,0.0,4.851,16.913,0.0,253491.1818181818,23823.6,2.0279294545454545,0.19058879999999997,tunnel_degradation,real_spec_tunnel_degradation_002
2026-07-17T21:19:44+00:00,station3,0.0,3.685,18.244,0.0,237.74545454545452,1308.490909090909,0.0019019636363636363,0.010467927272727273,tunnel_degradation,real_spec_tunnel_degradation_002
2026-07-17T21:19:59+00:00,station1,0.0,2.76,19.667,0.0,18545.519009436535,209514.1002563683,0.14836415207549228,1.6761128020509466,tunnel_degradation,real_spec_tunnel_degradation_002
2026-07-17T21:19:59+00:00,station2,0.0,0.291,16.236,0.0,208326.23636363636,19624.963636363635,1.666609890909091,0.15699970909090907,tunnel_degradation,real_spec_tunnel_degradation_002
2026-07-17T21:19:59+00:00,station3,0.0,1.75,15.08,0.0,198.38181818181818,1089.3272727272727,0.0015870545454545453,0.00871461818181818,tunnel_degradation,real_spec_tunnel_degradation_002
2026-07-17T21:20:14+00:00,station1,0.0,1.997,15.141,25.0,25747.654545454545,293606.8909090909,0.20598123636363636,2.348855127272727,tunnel_degradation,real_spec_tunnel_degradation_002
2026-07-17T21:20:14+00:00,station2,0.0,3.833,16.998,0.0,291984.70909090905,26960.01818181818,2.3358776727272725,0.21568014545454545,tunnel_degradation,real_spec_tunnel_degradation_002
2026-07-17T21:20:14+00:00,station3,0.0,2.048,18.477,0.0,237.74545454545452,1306.509090909091,0.0019019636363636363,0.010452072727272728,tunnel_degradation,real_spec_tunnel_degradation_002
2026-07-17T21:20:29+00:00,station1,0.0,7.397,19.321,25.0,18468.345454545455,212822.74545454545,0.14774676363636363,1.7025819636363637,tunnel_degradation,real_spec_tunnel_degradation_002
2026-07-17T21:20:29+00:00,station2,0.0,3.444,24.98,0.0,211543.94545454544,19582.563636363637,1.6923515636363635,0.1566605090909091,tunnel_degradation,real_spec_tunnel_degradation_002
2026-07-17T21:20:29+00:00,station3,0.0,2.442,20.69,0.0,201.1272727272727,1090.7636363636364,0.0016090181818181816,0.00872610909090909,tunnel_degradation,real_spec_tunnel_degradation_002
2026-07-17T21:20:44+00:00,station1,0.0,2.701,31.788,0.0,19357.89741631666,219811.687485227,0.15486317933053328,1.758493499881816,tunnel_degradation,real_spec_tunnel_degradation_002
2026-07-17T21:20:44+00:00,station2,0.0,2.44,28.689,0.0,218167.25454545452,20550.054545454546,1.7453380363636362,0.16440043636363638,tunnel_degradation,real_spec_tunnel_degradation_002
2026-07-17T21:20:44+00:00,station3,0.0,4.157,28.948,25.0,236.65454545454543,1308.0545454545454,0.0018932363636363634,0.010464436363636363,tunnel_degradation,real_spec_tunnel_degradation_002
2026-07-17T21:20:59+00:00,station1,0.0,7.183,29.281,0.0,12870.890909090907,144266.12727272726,0.10296712727272726,1.154129018181818,tunnel_degradation,real_spec_tunnel_degradation_002
2026-07-17T21:20:59+00:00,station2,0.0,6.462,26.753,0.0,142917.76363636364,13846.545454545452,1.143342109090909,0.11077236363636361,tunnel_degradation,real_spec_tunnel_degradation_002
2026-07-17T21:20:59+00:00,station3,0.0,3.635,28.874,0.0,197.29090909090908,1091.4727272727273,0.0015783272727272727,0.008731781818181818,tunnel_degradation,real_spec_tunnel_degradation_002
2026-07-17T21:21:14+00:00,station1,0.0,5.09,26.061,0.0,13384.893721475715,148293.3614560794,0.10707914977180572,1.1863468916486353,tunnel_degradation,real_spec_tunnel_degradation_002
2026-07-17T21:21:14+00:00,station2,0.0,5.463,23.527,0.0,146754.34545454543,14583.781818181818,1.1740347636363635,0.11667025454545454,tunnel_degradation,real_spec_tunnel_degradation_002
2026-07-17T21:21:14+00:00,station3,0.0,2.957,32.58,0.0,235.0181818181818,1308.2363636363634,0.0018801454545454544,0.010465890909090907,tunnel_degradation,real_spec_tunnel_degradation_002
2026-07-17T21:21:29+00:00,station1,0.0,2.904,31.815,0.0,11949.90909090909,134934.9818181818,0.09559927272727273,1.0794798545454545,tunnel_degradation,real_spec_tunnel_degradation_002
2026-07-17T21:21:29+00:00,station2,0.0,4.803,29.984,0.0,133686.41818181815,13039.181818181818,1.0694913454545452,0.10431345454545454,tunnel_degradation,real_spec_tunnel_degradation_002
2026-07-17T21:21:29+00:00,station3,0.0,5.715,29.929,0.0,200.03636363636363,1094.3090909090909,0.001600290909090909,0.008754472727272727,tunnel_degradation,real_spec_tunnel_degradation_002
2026-07-17T21:21:44+00:00,station1,0.0,5.364,29.085,0.0,12050.74268676254,133133.91996800175,0.09640594149410033,1.065071359744014,tunnel_degradation,real_spec_tunnel_degradation_002
2026-07-17T21:21:44+00:00,station2,0.0,0.804,33.07,0.0,131644.67272727273,13344.399999999998,1.0531573818181819,0.10675519999999998,tunnel_degradation,real_spec_tunnel_degradation_002
2026-07-17T21:21:44+00:00,station3,0.0,3.573,26.178,0.0,235.1272727272727,1309.3454545454545,0.0018810181818181815,0.010474763636363635,tunnel_degradation,real_spec_tunnel_degradation_002
2026-07-17T21:21:59+00:00,station1,0.0,1.719,23.943,0.0,10003.145511736577,110226.18593065329,0.08002516409389261,0.8818094874452262,tunnel_degradation,real_spec_tunnel_degradation_002
2026-07-17T21:21:59+00:00,station2,0.0,6.39,27.891,0.0,108961.5818181818,11080.345454545453,0.8716926545454544,0.08864276363636363,tunnel_degradation,real_spec_tunnel_degradation_002
2026-07-17T21:21:59+00:00,station3,0.0,4.374,26.985,0.0,194.67272727272726,1088.6909090909091,0.0015573818181818181,0.008709527272727273,tunnel_degradation,real_spec_tunnel_degradation_002
2026-07-17T21:22:14+00:00,station1,0.0,4.308,30.777,0.0,12424.213224733197,137206.60691235025,0.09939370579786558,1.097652855298802,tunnel_degradation,real_spec_tunnel_degradation_002
2026-07-17T21:22:14+00:00,station2,0.0,4.78,25.785,25.0,135714.4909090909,13718.745454545453,1.0857159272727273,0.10974996363636362,tunnel_degradation,real_spec_tunnel_degradation_002
2026-07-17T21:22:14+00:00,station3,0.0,2.888,24.394,25.0,229.1272727272727,1306.709090909091,0.0018330181818181817,0.010453672727272727,tunnel_degradation,real_spec_tunnel_degradation_002
2026-07-17T21:22:29+00:00,station1,0.0,3.946,31.417,0.0,11264.577007690768,124163.68793294668,0.09011661606152614,0.9933095034635734,tunnel_degradation,real_spec_tunnel_degradation_002
2026-07-17T21:22:29+00:00,station2,0.0,2.675,22.601,0.0,122899.61818181818,12295.290909090907,0.9831969454545454,0.09836232727272726,tunnel_degradation,real_spec_tunnel_degradation_002
2026-07-17T21:22:29+00:00,station3,0.0,2.13,34.269,25.0,193.6,1092.3272727272727,0.0015488,0.008738618181818182,tunnel_degradation,real_spec_tunnel_degradation_002
2026-07-17T21:22:44+00:00,station1,0.0,8.405,34.636,0.0,12866.147888220214,142286.06752604496,0.10292918310576171,1.1382885402083598,tunnel_degradation,real_spec_tunnel_degradation_002
2026-07-17T21:22:44+00:00,station2,0.0,12.269,34.029,0.0,140692.49090909088,14080.672727272726,1.1255399272727271,0.1126453818181818,tunnel_degradation,real_spec_tunnel_degradation_002
2026-07-17T21:22:44+00:00,station3,0.0,5.255,33.577,25.0,232.83636363636364,1310.7818181818182,0.001862690909090909,0.010486254545454545,tunnel_degradation,real_spec_tunnel_degradation_002
2026-07-17T21:22:59+00:00,station1,0.0,1.974,44.673,0.0,8804.752986526537,94669.20013818935,0.07043802389221229,0.7573536011055148,tunnel_degradation,real_spec_tunnel_degradation_002
2026-07-17T21:22:59+00:00,station2,0.0,3.914,36.629,0.0,93314.52727272727,9782.145454545453,0.7465162181818181,0.07825716363636362,tunnel_degradation,real_spec_tunnel_degradation_002
2026-07-17T21:22:59+00:00,station3,0.0,6.01,37.217,0.0,194.67272727272726,1095.2727272727273,0.0015573818181818181,0.008762181818181818,tunnel_degradation,real_spec_tunnel_degradation_002
2026-07-17T21:23:14+00:00,station1,0.0,6.488,38.819,40.0,9038.583922759424,97139.98945397022,0.07230867138207539,0.7771199156317617,tunnel_degradation,real_spec_tunnel_degradation_002
2026-07-17T21:23:14+00:00,station2,0.0,5.173,35.167,0.0,95553.07272727272,10238.090909090908,0.7644245818181817,0.08190472727272727,tunnel_degradation,real_spec_tunnel_degradation_002
2026-07-17T21:23:14+00:00,station3,0.0,1.741,41.362,0.0,235.56363636363633,1312.4363636363635,0.0018845090909090907,0.010499490909090907,tunnel_degradation,real_spec_tunnel_degradation_002
2026-07-17T21:23:29+00:00,station1,0.0,3.131,39.091,50.0,6404.127272727273,67795.58181818182,0.051233018181818184,0.5423646545454546,tunnel_degradation,real_spec_tunnel_degradation_002
2026-07-17T21:23:29+00:00,station2,0.0,3.949,40.897,25.0,66526.56363636363,7390.50909090909,0.532212509090909,0.05912407272727272,tunnel_degradation,real_spec_tunnel_degradation_002
2026-07-17T21:23:29+00:00,station3,0.0,5.085,36.244,25.0,194.69090909090906,1094.0727272727272,0.0015575272727272726,0.008752581818181818,tunnel_degradation,real_spec_tunnel_degradation_002
2026-07-17T21:23:44+00:00,station1,0.0,8.071,40.441,25.0,8097.6909090909085,87967.25454545455,0.06478152727272726,0.7037380363636364,tunnel_degradation,real_spec_tunnel_degradation_002
2026-07-17T21:23:44+00:00,station2,0.0,6.03,34.597,0.0,86471.03636363636,9392.490909090908,0.6917682909090909,0.07513992727272727,tunnel_degradation,real_spec_tunnel_degradation_002
2026-07-17T21:23:44+00:00,station3,0.0,2.755,42.938,0.0,234.03636363636363,1313.090909090909,0.001872290909090909,0.010504727272727271,tunnel_degradation,real_spec_tunnel_degradation_002
2026-07-17T21:23:59+00:00,station1,0.0,9.419,39.27,0.0,7005.200094547175,77338.22433135148,0.056041600756377395,0.6187057946508118,tunnel_degradation,real_spec_tunnel_degradation_002
2026-07-17T21:23:59+00:00,station2,0.0,2.347,39.136,25.0,76059.76363636363,8087.9636363636355,0.608478109090909,0.06470370909090908,tunnel_degradation,real_spec_tunnel_degradation_002
2026-07-17T21:23:59+00:00,station3,0.0,2.841,36.719,0.0,194.67272727272726,1092.6363636363635,0.0015573818181818181,0.008741090909090908,tunnel_degradation,real_spec_tunnel_degradation_002
2026-07-17T21:24:14+00:00,station1,0.0,3.464,42.812,0.0,7837.184778458573,84876.38406574425,0.0626974782276686,0.6790110725259539,tunnel_degradation,real_spec_tunnel_degradation_002
2026-07-17T21:24:14+00:00,station2,0.0,5.026,42.392,25.0,83380.45454545454,9138.490909090908,0.6670436363636364,0.07310792727272726,tunnel_degradation,real_spec_tunnel_degradation_002
2026-07-17T21:24:14+00:00,station3,0.0,6.256,35.189,25.0,234.03636363636363,1311.6363636363635,0.001872290909090909,0.010493090909090909,tunnel_degradation,real_spec_tunnel_degradation_002
2026-07-17T21:24:29+00:00,station1,0.0,6.714,33.89,0.0,6366.811512517955,68667.09696187342,0.05093449210014364,0.5493367756949874,tunnel_degradation,real_spec_tunnel_degradation_002
2026-07-17T21:24:29+00:00,station2,0.0,2.761,44.455,0.0,67405.43636363636,7450.363636363636,0.5392434909090909,0.05960290909090909,tunnel_degradation,real_spec_tunnel_degradation_002
2026-07-17T21:24:29+00:00,station3,0.0,5.591,41.753,0.0,196.2181818181818,1091.581818181818,0.0015697454545454542,0.008732654545454546,tunnel_degradation,real_spec_tunnel_degradation_002
2026-07-17T21:24:44+00:00,station1,0.0,4.102,30.104,0.0,8056.018181818182,87561.36363636362,0.06444814545454546,0.7004909090909089,tunnel_degradation,real_spec_tunnel_degradation_002
2026-07-17T21:24:44+00:00,station2,0.0,4.243,42.377,0.0,86142.3818181818,9361.0,0.6891390545454544,0.074888,tunnel_degradation,real_spec_tunnel_degradation_002
2026-07-17T21:24:44+00:00,station3,0.0,7.406,37.23,0.0,234.03636363636363,1308.4,0.001872290909090909,0.010467200000000001,tunnel_degradation,real_spec_tunnel_degradation_002
2026-07-17T21:24:59+00:00,station1,0.0,6.723,41.077,0.0,7596.599999999999,85278.29090909091,0.060772799999999995,0.6822263272727273,tunnel_degradation,real_spec_tunnel_degradation_002
2026-07-17T21:24:59+00:00,station2,0.0,5.369,32.825,0.0,84027.58181818182,8687.872727272726,0.6722206545454545,0.0695029818181818,tunnel_degradation,real_spec_tunnel_degradation_002
2026-07-17T21:24:59+00:00,station3,0.0,7.577,37.933,0.0,194.67272727272726,1091.5272727272727,0.0015573818181818181,0.008732218181818182,tunnel_degradation,real_spec_tunnel_degradation_002
2026-07-17T21:25:14+00:00,station1,0.0,6.57,37.891,0.0,7582.745454545454,83380.85454545454,0.06066196363636363,0.6670468363636363,tunnel_degradation,real_spec_tunnel_degradation_002
2026-07-17T21:25:14+00:00,station2,0.0,1.062,38.905,0.0,81910.23636363636,8890.327272727272,0.6552818909090908,0.07112261818181818,tunnel_degradation,real_spec_tunnel_degradation_002
2026-07-17T21:25:14+00:00,station3,0.0,8.51,36.617,0.0,236.2181818181818,1312.509090909091,0.0018897454545454544,0.010500072727272727,tunnel_degradation,real_spec_tunnel_degradation_002
2026-07-17T21:25:29+00:00,station1,0.0,8.336,41.499,0.0,5914.674278649479,63663.96974600462,0.04731739422919583,0.509311757968037,tunnel_degradation,real_spec_tunnel_degradation_002
2026-07-17T21:25:29+00:00,station2,0.0,6.552,40.49,0.0,62376.12727272727,6990.8727272727265,0.4990090181818182,0.055926981818181815,tunnel_degradation,real_spec_tunnel_degradation_002
2026-07-17T21:25:29+00:00,station3,0.0,5.245,38.868,0.0,198.4,1094.6,0.0015872,0.008756799999999999,tunnel_degradation,real_spec_tunnel_degradation_002
2026-07-17T21:25:44+00:00,station1,0.0,7.982,37.479,0.0,7385.072727272726,80186.81818181818,0.05908058181818181,0.6414945454545454,tunnel_degradation,real_spec_tunnel_degradation_002
2026-07-17T21:25:44+00:00,station2,0.0,6.54,40.899,0.0,78638.41818181818,8679.41818181818,0.6291073454545455,0.06943534545454544,tunnel_degradation,real_spec_tunnel_degradation_002
2026-07-17T21:25:44+00:00,station3,0.0,5.549,39.97,0.0,236.2181818181818,1312.5454545454545,0.0018897454545454544,0.010500363636363636,tunnel_degradation,real_spec_tunnel_degradation_002
2026-07-17T21:25:59+00:00,station1,0.0,8.17,38.356,0.0,6010.963636363636,65178.2909090909,0.04808770909090909,0.5214263272727272,tunnel_degradation,real_spec_tunnel_degradation_002
2026-07-17T21:25:59+00:00,station2,0.0,6.668,37.348,0.0,63994.16363636363,7098.072727272726,0.511953309090909,0.05678458181818181,tunnel_degradation,real_spec_tunnel_degradation_002
2026-07-17T21:25:59+00:00,station3,0.0,4.273,33.263,0.0,196.85454545454544,1091.0545454545454,0.0015748363636363635,0.008728436363636363,tunnel_degradation,real_spec_tunnel_degradation_002
2026-07-17T21:26:14+00:00,station1,0.0,7.141,37.206,0.0,9022.362416595459,99939.58511353927,0.07217889933276367,0.7995166809083142,tunnel_degradation,real_spec_tunnel_degradation_002
2026-07-17T21:26:14+00:00,station2,0.0,5.856,37.874,0.0,98413.03636363636,10321.854545454546,0.7873042909090909,0.08257483636363637,tunnel_degradation,real_spec_tunnel_degradation_002
2026-07-17T21:26:14+00:00,station3,0.0,5.331,35.109,0.0,232.47272727272727,1307.9454545454544,0.001859781818181818,0.010463563636363636,tunnel_degradation,real_spec_tunnel_degradation_002
2026-07-17T21:26:29+00:00,station1,0.0,1.517,31.904,0.0,6481.19056710122,72055.58282877872,0.05184952453680976,0.5764446626302298,tunnel_degradation,real_spec_tunnel_degradation_002
2026-07-17T21:26:29+00:00,station2,0.0,4.799,41.88,0.0,70845.18181818182,7644.2363636363625,0.5667614545454546,0.0611538909090909,tunnel_degradation,real_spec_tunnel_degradation_002
2026-07-17T21:26:29+00:00,station3,0.0,7.885,35.962,0.0,197.4181818181818,1091.7636363636364,0.0015793454545454545,0.008734109090909091,tunnel_degradation,real_spec_tunnel_degradation_002
2026-07-17T21:26:44+00:00,station1,0.0,0.243,1.454,0.0,38429.41818181818,704508.4181818181,0.3074353454545455,5.636067345454545,tunnel_degradation,real_spec_tunnel_degradation_002
2026-07-17T21:26:44+00:00,station2,0.0,1.279,2.103,0.0,702918.9636363635,39788.83636363636,5.623351709090908,0.31831069090909087,tunnel_degradation,real_spec_tunnel_degradation_002
2026-07-17T21:26:44+00:00,station3,0.0,0.313,0.837,0.0,231.45454545454544,1310.1818181818182,0.0018516363636363635,0.010481454545454546,tunnel_degradation,real_spec_tunnel_degradation_002
2026-07-17T21:26:59+00:00,station1,0.0,0.009,0.768,0.0,141014.2729867816,2904916.5621193117,1.1281141838942528,23.239332496954493,tunnel_degradation,real_spec_tunnel_degradation_002
2026-07-17T21:26:59+00:00,station2,0.0,0.15,0.803,0.0,2903404.236363636,142150.67272727273,23.227233890909087,1.1372053818181818,tunnel_degradation,real_spec_tunnel_degradation_002
2026-07-17T21:26:59+00:00,station3,0.0,0.05,0.667,0.0,192.09090909090907,1092.6727272727271,0.0015367272727272725,0.008741381818181817,tunnel_degradation,real_spec_tunnel_degradation_002
2026-07-17T21:27:14+00:00,station1,0.0,0.069,0.81,0.0,351443.53739022923,7356676.187705678,2.8115482991218337,58.85340950164542,tunnel_degradation,real_spec_tunnel_degradation_002
2026-07-17T21:27:14+00:00,station2,0.0,0.286,0.991,0.0,7355298.381818181,352814.50909090904,58.84238705454545,2.8225160727272725,tunnel_degradation,real_spec_tunnel_degradation_002
2026-07-17T21:27:14+00:00,station3,0.0,0.191,0.793,0.0,234.58181818181816,1309.6363636363635,0.0018766545454545454,0.010477090909090908,tunnel_degradation,real_spec_tunnel_degradation_002
2026-07-17T21:27:29+00:00,station1,0.0,0.284,1.031,0.0,455368.98181818175,9577150.636363635,3.642951854545454,76.61720509090908,tunnel_degradation,real_spec_tunnel_degradation_002
2026-07-17T21:27:29+00:00,station2,0.0,0.138,0.894,0.0,9575941.545454543,456527.0363636363,76.60753236363634,3.6522162909090907,tunnel_degradation,real_spec_tunnel_degradation_002
2026-07-17T21:27:29+00:00,station3,0.0,0.101,0.729,0.0,195.78181818181818,1091.6909090909091,0.0015662545454545455,0.008733527272727273,tunnel_degradation,real_spec_tunnel_degradation_002
2026-07-17T21:27:44+00:00,station1,0.0,0.197,0.965,0.0,529594.109090909,11103303.345454544,4.236752872727272,88.82642676363635,tunnel_degradation,real_spec_tunnel_degradation_002
2026-07-17T21:27:44+00:00,station2,0.0,0.138,0.976,0.0,11102094.636363635,530907.5636363636,88.81675709090908,4.247260509090909,tunnel_degradation,real_spec_tunnel_degradation_002
2026-07-17T21:27:44+00:00,station3,0.0,0.039,0.716,0.0,234.29090909090908,1306.0,0.0018743272727272727,0.010448,tunnel_degradation,real_spec_tunnel_degradation_002
2026-07-17T21:27:59+00:00,station1,0.0,0.157,0.892,0.0,430041.8553064602,8869524.136802487,3.4403348424516813,70.9561930944199,tunnel_degradation,real_spec_tunnel_degradation_002
2026-07-17T21:27:59+00:00,station2,0.0,0.044,1.039,0.0,8867744.054545455,431114.98181818175,70.94195243636364,3.448919854545454,tunnel_degradation,real_spec_tunnel_degradation_002
2026-07-17T21:27:59+00:00,station3,0.0,0.158,0.867,0.0,195.0,1089.1818181818182,0.00156,0.008713454545454547,tunnel_degradation,real_spec_tunnel_degradation_002
2026-07-17T21:28:14+00:00,station1,0.0,0.738,1.405,0.0,548007.3819523992,11103017.54577356,4.384059055619193,88.82414036618849,tunnel_degradation,real_spec_tunnel_degradation_002
2026-07-17T21:28:14+00:00,station2,0.0,0.842,1.435,0.0,11101267.98181818,549298.6363636364,88.81014385454544,4.394389090909091,tunnel_degradation,real_spec_tunnel_degradation_002
2026-07-17T21:28:14+00:00,station3,0.0,0.434,0.919,0.0,234.2181818181818,1305.8545454545454,0.0018737454545454542,0.010446836363636363,tunnel_degradation,real_spec_tunnel_degradation_002
2026-07-17T21:28:29+00:00,station1,0.0,0.369,1.1,0.0,507251.0000727325,10097483.289693795,4.05800800058186,80.77986631755036,tunnel_degradation,real_spec_tunnel_degradation_002
2026-07-17T21:28:29+00:00,station2,0.0,0.009,0.697,0.0,10095490.054545455,508253.8727272727,80.76392043636363,4.066030981818182,tunnel_degradation,real_spec_tunnel_degradation_002
2026-07-17T21:28:29+00:00,station3,0.0,0.13,0.972,0.0,195.4181818181818,1088.7454545454543,0.0015633454545454545,0.008709963636363635,tunnel_degradation,real_spec_tunnel_degradation_002
2026-07-17T21:28:44+00:00,station1,0.0,0.034,0.231,0.0,614981.0363636364,12258683.927272728,4.919848290909091,98.06947141818182,tunnel_degradation,real_spec_tunnel_degradation_002
2026-07-17T21:28:44+00:00,station2,0.0,0.02,0.167,0.0,12257019.436363636,616282.3636363635,98.05615549090909,4.930258909090909,tunnel_degradation,real_spec_tunnel_degradation_002
2026-07-17T21:28:44+00:00,station3,0.0,0.024,0.257,0.0,235.78181818181818,1304.1454545454544,0.0018862545454545454,0.010433163636363636,tunnel_degradation,real_spec_tunnel_degradation_002
2026-07-17T21:28:59+00:00,station1,0.0,0.05,0.258,0.0,390953.0,7789057.381818181,3.127624,62.31245905454545,tunnel_degradation,real_spec_tunnel_degradation_002
2026-07-17T21:28:59+00:00,station2,0.0,0.028,0.293,0.0,7787791.472727272,392058.6,62.302331781818175,3.1364688,tunnel_degradation,real_spec_tunnel_degradation_002
2026-07-17T21:28:59+00:00,station3,0.0,0.003,0.227,0.0,196.56363636363633,1086.8363636363636,0.0015725090909090907,0.008694690909090908,tunnel_degradation,real_spec_tunnel_degradation_002
2026-07-17T21:29:14+00:00,station1,0.0,0.391,1.029,0.0,446499.19095322076,8877363.961965712,3.571993527625766,71.01891169572569,tunnel_degradation,real_spec_tunnel_degradation_002
2026-07-17T21:29:14+00:00,station2,0.0,0.068,0.734,0.0,8876382.49090909,447824.99999999994,71.01105992727273,3.5825999999999993,tunnel_degradation,real_spec_tunnel_degradation_002
2026-07-17T21:29:14+00:00,station3,0.0,0.114,0.705,0.0,235.9272727272727,1305.4363636363635,0.0018874181818181817,0.010443490909090908,tunnel_degradation,real_spec_tunnel_degradation_002
2026-07-17T21:29:29+00:00,station1,0.0,1.117,1.665,0.0,334260.0909090909,6643699.036363635,2.674080727272727,53.149592290909084,tunnel_degradation,real_spec_tunnel_degradation_002
2026-07-17T21:29:29+00:00,station2,0.0,1.395,1.758,0.0,6643167.4,335376.98181818175,53.1453392,2.683015854545454,tunnel_degradation,real_spec_tunnel_degradation_002
2026-07-17T21:29:29+00:00,station3,0.0,0.12,1.059,0.0,195.56363636363633,1087.4727272727273,0.0015645090909090908,0.008699781818181818,tunnel_degradation,real_spec_tunnel_degradation_002
2026-07-17T21:29:44+00:00,station1,0.0,0.189,1.027,0.0,503295.90909090906,10024874.69090909,4.026367272727272,80.19899752727271,tunnel_degradation,real_spec_tunnel_degradation_002
2026-07-17T21:29:44+00:00,station2,0.0,0.609,1.166,0.0,10023771.509090908,504618.70909090905,80.19017207272726,4.036949672727272,tunnel_degradation,real_spec_tunnel_degradation_002
2026-07-17T21:29:44+00:00,station3,0.0,0.193,0.838,0.0,235.56363636363633,1303.5272727272725,0.0018845090909090907,0.01042821818181818,tunnel_degradation,real_spec_tunnel_degradation_002
2026-07-17T21:29:59+00:00,station1,0.0,0.16,0.891,0.0,559953.9454545454,11170943.345454544,4.479631563636364,89.36754676363635,tunnel_degradation,real_spec_tunnel_degradation_002
2026-07-17T21:29:59+00:00,station2,0.0,0.191,0.964,0.0,11170288.818181816,561066.2181818181,89.36231054545453,4.488529745454545,tunnel_degradation,real_spec_tunnel_degradation_002
2026-07-17T21:29:59+00:00,station3,0.0,0.189,0.858,0.0,193.47272727272727,1083.1818181818182,0.0015477818181818181,0.008665454545454546,tunnel_degradation,real_spec_tunnel_degradation_002
2026-07-17T21:30:14+00:00,station1,0.0,0.025,0.237,0.0,505971.0379433849,10090117.029980183,4.0477683035470795,80.72093623984146,tunnel_degradation,real_spec_tunnel_degradation_002
2026-07-17T21:30:14+00:00,station2,0.0,0.046,0.249,0.0,10089261.836363636,507306.8727272727,80.71409469090909,4.058454981818182,tunnel_degradation,real_spec_tunnel_degradation_002
2026-07-17T21:30:14+00:00,station3,0.0,0.018,0.295,0.0,235.56363636363633,1303.6545454545453,0.0018845090909090907,0.010429236363636362,tunnel_degradation,real_spec_tunnel_degradation_002
2026-07-17T21:30:29+00:00,station1,0.0,0.466,1.267,0.0,333839.94254440995,6633355.715558466,2.6707195403552797,53.066845724467726,tunnel_degradation,real_spec_tunnel_degradation_002
2026-07-17T21:30:29+00:00,station2,0.0,0.695,1.217,0.0,6632052.709090908,334936.5636363636,53.05642167272727,2.6794925090909087,tunnel_degradation,real_spec_tunnel_degradation_002
2026-07-17T21:30:29+00:00,station3,0.0,0.83,2.187,0.0,195.2,1088.3636363636363,0.0015616,0.00870690909090909,tunnel_degradation,real_spec_tunnel_degradation_002
2026-07-17T21:30:44+00:00,station1,0.0,0.062,0.698,0.0,445692.0363636363,8867043.418181818,3.5655362909090904,70.93634734545455,tunnel_degradation,real_spec_tunnel_degradation_002
2026-07-17T21:30:44+00:00,station2,0.0,0.17,0.838,0.0,8865346.781818181,446984.1272727272,70.92277425454544,3.5758730181818175,tunnel_degradation,real_spec_tunnel_degradation_002
2026-07-17T21:30:44+00:00,station3,0.0,0.071,1.61,0.0,231.25454545454542,1303.9818181818182,0.0018500363636363634,0.010431854545454545,tunnel_degradation,real_spec_tunnel_degradation_002
2026-07-17T21:30:59+00:00,station1,0.0,1.54,1.807,0.0,387636.309090909,7713794.436363636,3.101090472727272,61.71035549090909,tunnel_degradation,real_spec_tunnel_degradation_002
2026-07-17T21:30:59+00:00,station2,0.0,2.121,2.182,0.0,7712692.5636363635,388734.8,61.70154050909091,3.1098784,tunnel_degradation,real_spec_tunnel_degradation_002
2026-07-17T21:30:59+00:00,station3,0.0,0.397,1.563,0.0,196.9272727272727,1087.9090909090908,0.0015754181818181817,0.008703272727272726,tunnel_degradation,real_spec_tunnel_degradation_002
2026-07-17T21:31:14+00:00,station1,0.0,0.073,0.762,0.0,611536.5915743924,12181767.777595958,4.8922927325951395,97.45414222076766,tunnel_degradation,real_spec_tunnel_degradation_002
2026-07-17T21:31:14+00:00,station2,0.0,0.436,1.262,0.0,12180155.945454543,612848.3636363635,97.44124756363635,4.902786909090908,tunnel_degradation,real_spec_tunnel_degradation_002
2026-07-17T21:31:14+00:00,station3,0.0,0.112,1.724,0.0,236.83636363636364,1306.9454545454544,0.0018946909090909092,0.010455563636363635,tunnel_degradation,real_spec_tunnel_degradation_002
2026-07-17T21:31:29+00:00,station1,0.0,0.023,0.257,0.0,509850.7454545454,10169480.963636363,4.078805963636364,81.35584770909091,tunnel_degradation,real_spec_tunnel_degradation_002
2026-07-17T21:31:29+00:00,station2,0.0,0.018,0.186,0.0,10167919.69090909,510926.2545454545,81.34335752727272,4.087410036363636,tunnel_degradation,real_spec_tunnel_degradation_002
2026-07-17T21:31:29+00:00,station3,0.0,0.019,0.268,0.0,201.16363636363633,1089.381818181818,0.0016093090909090905,0.008715054545454544,tunnel_degradation,real_spec_tunnel_degradation_002
2026-07-17T21:31:44+00:00,station1,0.0,0.563,1.163,0.0,441716.202458003,8878902.75252709,3.533729619664024,71.03122202021672,tunnel_degradation,real_spec_tunnel_degradation_002
2026-07-17T21:31:44+00:00,station2,0.0,0.593,1.164,0.0,8878224.654545454,443036.10909090907,71.02579723636363,3.5442888727272726,tunnel_degradation,real_spec_tunnel_degradation_002
2026-07-17T21:31:44+00:00,station3,0.0,0.019,0.623,0.0,242.7090909090909,1307.0363636363634,0.001941672727272727,0.010456290909090907,tunnel_degradation,real_spec_tunnel_degradation_002
2026-07-17T21:31:59+00:00,station1,0.0,0.037,0.743,0.0,241872.44526874681,6647847.37071787,1.9349795621499746,53.18277896574296,tunnel_degradation,real_spec_tunnel_degradation_002
2026-07-17T21:31:59+00:00,station2,0.0,0.039,0.76,0.0,6645474.945454544,242814.54545454544,53.16379956363635,1.9425163636363636,tunnel_degradation,real_spec_tunnel_degradation_002
2026-07-17T21:31:59+00:00,station3,0.0,0.012,0.635,0.0,196.1272727272727,1084.2181818181818,0.0015690181818181815,0.008673745454545455,tunnel_degradation,real_spec_tunnel_degradation_002
2026-07-17T21:32:14+00:00,station1,0.0,0.12,0.804,0.0,178015.5090909091,8885568.018181818,1.4241240727272728,71.08454414545454,tunnel_degradation,real_spec_tunnel_degradation_002
2026-07-17T21:32:14+00:00,station2,0.0,0.368,1.051,0.0,8884205.672727272,179203.7636363636,71.07364538181818,1.433630109090909,tunnel_degradation,real_spec_tunnel_degradation_002
2026-07-17T21:32:14+00:00,station3,0.0,0.171,0.738,0.0,237.1272727272727,1303.3272727272727,0.0018970181818181815,0.01042661818181818,tunnel_degradation,real_spec_tunnel_degradation_002
2026-07-17T21:32:29+00:00,station1,0.0,0.044,0.754,0.0,140194.34898816343,9889381.552391862,1.1215547919053075,79.1150524191349,tunnel_degradation,real_spec_tunnel_degradation_002
2026-07-17T21:32:29+00:00,station2,0.0,0.073,0.818,0.0,9888016.4,141173.07272727272,79.1041312,1.1293845818181818,tunnel_degradation,real_spec_tunnel_degradation_002
2026-07-17T21:32:29+00:00,station3,0.0,0.053,0.662,0.0,198.94545454545454,1088.490909090909,0.0015915636363636363,0.008707927272727272,tunnel_degradation,real_spec_tunnel_degradation_002
2026-07-17T21:32:44+00:00,station1,0.0,0.125,0.512,0.0,134545.32727272727,13225793.345454544,1.0763626181818182,105.80634676363636,tunnel_degradation,real_spec_tunnel_degradation_002
2026-07-17T21:32:44+00:00,station2,0.0,0.05,0.303,0.0,13223876.636363635,135752.0909090909,105.79101309090908,1.0860167272727272,tunnel_degradation,real_spec_tunnel_degradation_002
2026-07-17T21:32:44+00:00,station3,0.0,0.128,0.439,0.0,235.56363636363633,1303.0181818181816,0.0018845090909090907,0.010424145454545453,tunnel_degradation,real_spec_tunnel_degradation_002
2026-07-17T21:32:59+00:00,station1,0.0,0.602,1.261,0.0,130434.38733021801,10057346.982562685,1.043475098641744,80.45877586050149,tunnel_degradation,real_spec_tunnel_degradation_002
2026-07-17T21:32:59+00:00,station2,0.0,0.841,1.302,0.0,10055519.854545454,131514.56363636363,80.44415883636363,1.052116509090909,tunnel_degradation,real_spec_tunnel_degradation_002
2026-07-17T21:32:59+00:00,station3,0.0,0.266,1.416,0.0,193.0,1083.9272727272726,0.001544,0.00867141818181818,tunnel_degradation,real_spec_tunnel_degradation_002
2026-07-17T21:33:14+00:00,station1,0.0,0.93,1.391,0.0,330492.0727272727,12289366.545454543,2.6439365818181817,98.31493236363634,tunnel_degradation,real_spec_tunnel_degradation_002
2026-07-17T21:33:14+00:00,station2,0.0,1.343,1.777,0.0,12287456.181818182,331788.12727272726,98.29964945454546,2.654305018181818,tunnel_degradation,real_spec_tunnel_degradation_002
2026-07-17T21:33:14+00:00,station3,0.0,0.226,1.588,0.0,233.99999999999997,1302.4727272727273,0.0018719999999999997,0.010419781818181819,tunnel_degradation,real_spec_tunnel_degradation_002
2026-07-17T21:33:29+00:00,station1,0.0,0.174,0.807,0.0,394363.18019017146,10049894.096685637,3.1549054415213718,80.3991527734851,tunnel_degradation,real_spec_tunnel_degradation_002
2026-07-17T21:33:29+00:00,station2,0.0,0.154,1.002,0.0,10049027.345454544,395474.1272727272,80.39221876363635,3.1637930181818175,tunnel_degradation,real_spec_tunnel_degradation_002
2026-07-17T21:33:29+00:00,station3,0.0,0.039,1.412,0.0,196.29090909090908,1086.7454545454543,0.0015703272727272727,0.008693963636363634,tunnel_degradation,real_spec_tunnel_degradation_002
2026-07-17T21:33:44+00:00,station1,0.0,0.88,1.508,0.0,604551.7573685837,12475518.064621707,4.8364140589486695,99.80414451697366,tunnel_degradation,real_spec_tunnel_degradation_002
2026-07-17T21:33:44+00:00,station2,0.0,1.627,2.045,0.0,12473194.363636363,605832.6363636364,99.7855549090909,4.846661090909091,tunnel_degradation,real_spec_tunnel_degradation_002
2026-07-17T21:33:44+00:00,station3,0.0,0.301,1.378,0.0,239.16363636363633,1307.4181818181817,0.0019133090909090906,0.010459345454545453,tunnel_degradation,real_spec_tunnel_degradation_002
2026-07-17T21:33:59+00:00,station1,0.0,0.059,0.214,0.0,517271.9405101725,10314369.593280124,4.1381755240813805,82.51495674624098,tunnel_degradation,real_spec_tunnel_degradation_002
2026-07-17T21:33:59+00:00,station2,0.0,0.017,0.243,0.0,10313231.036363635,518354.3636363636,82.50584829090909,4.1468349090909085,tunnel_degradation,real_spec_tunnel_degradation_002
2026-07-17T21:33:59+00:00,station3,0.0,0.023,0.212,0.0,201.36363636363635,1089.8363636363636,0.0016109090909090908,0.008718690909090908,tunnel_degradation,real_spec_tunnel_degradation_002
2026-07-17T21:34:14+00:00,station1,0.0,0.222,0.871,0.0,445520.50909090904,8874115.127272727,3.564164072727272,70.99292101818182,tunnel_degradation,real_spec_tunnel_degradation_002
2026-07-17T21:34:14+00:00,station2,0.0,0.146,0.872,0.0,8872799.909090908,446822.5999999999,70.98239927272726,3.5745807999999992,tunnel_degradation,real_spec_tunnel_degradation_002
2026-07-17T21:34:14+00:00,station3,0.0,0.162,0.852,0.0,240.7272727272727,1308.490909090909,0.0019258181818181815,0.010467927272727273,tunnel_degradation,real_spec_tunnel_degradation_002
2026-07-17T21:34:29+00:00,station1,0.0,0.166,0.887,0.0,332611.35657011945,6641145.76628666,2.6608908525609554,53.12916613029328,tunnel_degradation,real_spec_tunnel_degradation_002
2026-07-17T21:34:29+00:00,station2,0.0,0.201,0.894,0.0,6639788.890909091,333681.32727272727,53.118311127272726,2.669450618181818,tunnel_degradation,real_spec_tunnel_degradation_002
2026-07-17T21:34:29+00:00,station3,0.0,0.177,0.821,0.0,204.1090909090909,1090.5454545454545,0.0016328727272727271,0.008724363636363636,tunnel_degradation,real_spec_tunnel_degradation_002
2026-07-17T21:34:44+00:00,station1,0.0,0.281,0.97,0.0,442738.23636363633,8875455.509090908,3.541905890909091,71.00364407272727,tunnel_degradation,real_spec_tunnel_degradation_002
2026-07-17T21:34:44+00:00,station2,0.0,0.821,1.231,0.0,8873930.49090909,444037.23636363633,70.99144392727273,3.5522978909090908,tunnel_degradation,real_spec_tunnel_degradation_002
2026-07-17T21:34:44+00:00,station3,0.0,0.162,0.717,0.0,235.56363636363633,1307.490909090909,0.0018845090909090907,0.010459927272727272,tunnel_degradation,real_spec_tunnel_degradation_002
2026-07-17T21:34:59+00:00,station1,0.0,0.02,0.78,0.0,484750.6045784316,9732184.155499391,3.8780048366274524,77.85747324399513,tunnel_degradation,real_spec_tunnel_degradation_002
2026-07-17T21:34:59+00:00,station2,0.0,0.064,0.809,0.0,9730167.436363636,485808.8545454545,77.84133949090908,3.8864708363636358,tunnel_degradation,real_spec_tunnel_degradation_002
2026-07-17T21:34:59+00:00,station3,0.0,0.115,0.767,0.0,195.1090909090909,1088.0363636363636,0.001560872727272727,0.008704290909090908,tunnel_degradation,real_spec_tunnel_degradation_002
2026-07-17T21:35:14+00:00,station1,0.0,0.019,0.229,0.0,627303.3509700176,12616036.218840342,5.018426807760141,100.92828975072274,tunnel_degradation,real_spec_tunnel_degradation_002
2026-07-17T21:35:14+00:00,station2,0.0,0.009,0.294,0.0,12614195.581818182,628596.6,100.91356465454545,5.0287728,tunnel_degradation,real_spec_tunnel_degradation_002
2026-07-17T21:35:14+00:00,station3,0.0,0.01,0.234,0.0,233.9272727272727,1304.4545454545453,0.0018714181818181817,0.010435636363636362,tunnel_degradation,real_spec_tunnel_degradation_002
2026-07-17T21:35:29+00:00,station1,0.0,0.287,1.488,0.0,441996.70909090905,8866911.618181817,3.5359736727272724,70.93529294545453,tunnel_degradation,real_spec_tunnel_degradation_002
2026-07-17T21:35:29+00:00,station2,0.0,0.441,1.806,0.0,8865601.545454545,443073.69090909086,70.92481236363636,3.544589527272727,tunnel_degradation,real_spec_tunnel_degradation_002
2026-07-17T21:35:29+00:00,station3,0.0,1158.706,1177.013,0.0,193.67272727272726,1088.090909090909,0.0015493818181818182,0.008704727272727272,tunnel_degradation,real_spec_tunnel_degradation_002
2026-07-17T21:35:44+00:00,station1,0.0,0.416,1.819,0.0,555039.9978183008,11101524.353217097,4.440319982546407,88.81219482573678,tunnel_degradation,real_spec_tunnel_degradation_002
2026-07-17T21:35:44+00:00,station2,0.0,0.342,1.601,0.0,11100958.709090909,556340.2,88.80766967272727,4.4507216,tunnel_degradation,real_spec_tunnel_degradation_002
2026-07-17T21:35:44+00:00,station3,0.0,991.201,1432.451,0.0,234.54545454545453,1311.6727272727271,0.0018763636363636363,0.010493381818181817,tunnel_degradation,real_spec_tunnel_degradation_002
2026-07-17T21:35:59+00:00,station1,0.0,0.275,1.923,0.0,445083.41969854,8870080.728740523,3.56066735758832,70.96064582992418,tunnel_degradation,real_spec_tunnel_degradation_002
2026-07-17T21:35:59+00:00,station2,0.0,0.261,1.979,0.0,8868389.254545454,446116.67272727273,70.94711403636363,3.568933381818182,tunnel_degradation,real_spec_tunnel_degradation_002
2026-07-17T21:35:59+00:00,station3,0.0,833.012,3608.687,40.0,204.8181818181818,1099.1272727272726,0.0016385454545454546,0.008793018181818182,tunnel_degradation,real_spec_tunnel_degradation_002
2026-07-17T21:36:14+00:00,station1,0.0,0.264,1.504,0.0,571725.3155840283,11403153.215161853,4.573802524672226,91.22522572129482,tunnel_degradation,real_spec_tunnel_degradation_002
2026-07-17T21:36:14+00:00,station2,0.0,0.089,1.476,0.0,11891182.09090909,598504.7272727272,95.12945672727272,4.7880378181818175,tunnel_degradation,real_spec_tunnel_degradation_002
2026-07-17T21:36:14+00:00,station3,0.0,0.0,4577.912,90.0,238.6181818181818,1320.0181818181816,0.0019089454545454544,0.010560145454545453,tunnel_degradation,real_spec_tunnel_degradation_002
2026-07-17T21:36:29+00:00,station1,0.0,0.036,0.239,0.0,524505.8909090909,10459949.181818182,4.196047127272727,83.67959345454545,tunnel_degradation,real_spec_tunnel_degradation_002
2026-07-17T21:36:29+00:00,station2,0.0,0.02,0.174,0.0,10458510.2,525573.4363636363,83.6680816,4.20458749090909,tunnel_degradation,real_spec_tunnel_degradation_002
2026-07-17T21:36:29+00:00,station3,0.0,0.024,0.263,0.0,231.9272727272727,1098.0727272727272,0.0018554181818181816,0.008784581818181817,tunnel_degradation,real_spec_tunnel_degradation_002
2026-07-17T21:36:44+00:00,station1,0.0,1.578,1.905,0.0,446174.7818181818,8881168.909090908,3.5693982545454546,71.04935127272726,tunnel_degradation,real_spec_tunnel_degradation_002
2026-07-17T21:36:44+00:00,station2,0.0,1.029,1.587,0.0,8879366.418181818,447460.0727272727,71.03493134545454,3.5796805818181814,tunnel_degradation,real_spec_tunnel_degradation_002
2026-07-17T21:36:44+00:00,station3,0.0,0.243,0.925,0.0,254.2181818181818,1308.8545454545454,0.0020337454545454542,0.010470836363636363,tunnel_degradation,real_spec_tunnel_degradation_002
2026-07-17T21:36:59+00:00,station1,0.0,1.261,1.586,0.0,333962.344769905,6646053.964617538,2.67169875815924,53.168431716940304,tunnel_degradation,real_spec_tunnel_degradation_002
2026-07-17T21:36:59+00:00,station2,0.0,1.498,1.793,0.0,6644461.872727272,335038.8545454545,53.15569498181818,2.680310836363636,tunnel_degradation,real_spec_tunnel_degradation_002
2026-07-17T21:36:59+00:00,station3,0.0,0.212,0.815,0.0,203.8,1087.381818181818,0.0016304000000000002,0.008699054545454544,tunnel_degradation,real_spec_tunnel_degradation_002
2026-07-17T21:37:14+00:00,station1,0.0,0.036,0.703,0.0,446126.99999999994,8880616.545454545,3.5690159999999995,71.04493236363636,congestion_breach,real_spec_congestion_breach_002
2026-07-17T21:37:14+00:00,station2,0.0,0.145,0.914,0.0,8878809.909090908,447428.21818181814,71.03047927272726,3.5794257454545453,congestion_breach,real_spec_congestion_breach_002
2026-07-17T21:37:14+00:00,station3,0.0,0.122,0.714,0.0,252.98181818181817,1302.3636363636363,0.0020238545454545455,0.01041890909090909,congestion_breach,real_spec_congestion_breach_002
2026-07-17T21:37:29+00:00,station1,0.0,2.374,27.405,0.0,481503.35460644745,9551368.17033037,3.8520268368515795,76.41094536264296,congestion_breach,real_spec_congestion_breach_002
2026-07-17T21:37:29+00:00,station2,0.0,2.52,27.746,0.0,9549851.181818182,482494.5636363636,76.39880945454546,3.859956509090909,congestion_breach,real_spec_congestion_breach_002
2026-07-17T21:37:29+00:00,station3,0.0,2.392,27.537,0.0,203.56363636363633,1089.4727272727273,0.0016285090909090906,0.008715781818181818,congestion_breach,real_spec_congestion_breach_002
2026-07-17T21:37:44+00:00,station1,0.0,0.039,0.281,0.0,643229.509090909,12641974.963636363,5.145836072727272,101.1357997090909,congestion_breach,real_spec_congestion_breach_002
2026-07-17T21:37:44+00:00,station2,0.0,0.02,0.216,0.0,12640429.8,644432.709090909,101.12343840000001,5.155461672727272,congestion_breach,real_spec_congestion_breach_002
2026-07-17T21:37:44+00:00,station3,0.0,0.015,0.278,0.0,241.8181818181818,1308.6,0.0019345454545454544,0.010468799999999999,congestion_breach,real_spec_congestion_breach_002
2026-07-17T21:37:59+00:00,station1,0.0,14.804,134.892,0.0,445758.5956108293,8684254.113711158,3.5660687648866345,69.47403290968926,congestion_breach,real_spec_congestion_breach_002
2026-07-17T21:37:59+00:00,station2,0.0,14.079,135.729,0.0,8682851.727272727,446739.72727272724,69.46281381818181,3.573917818181818,congestion_breach,real_spec_congestion_breach_002
2026-07-17T21:37:59+00:00,station3,0.0,12.925,136.471,0.0,203.54545454545453,1092.2363636363636,0.0016283636363636363,0.008737890909090908,congestion_breach,real_spec_congestion_breach_002
2026-07-17T21:38:14+00:00,station1,0.0,12.838,203.768,0.0,552364.0611647485,10765488.117965782,4.418912489317988,86.12390494372626,congestion_breach,real_spec_congestion_breach_002
2026-07-17T21:38:14+00:00,station2,0.0,12.337,204.176,0.0,10763765.145454545,553560.2363636363,86.11012116363635,4.428481890909091,congestion_breach,real_spec_congestion_breach_002
2026-07-17T21:38:14+00:00,station3,0.0,14.125,202.845,0.0,240.07272727272726,1310.2545454545455,0.001920581818181818,0.010482036363636364,congestion_breach,real_spec_congestion_breach_002
2026-07-17T21:38:29+00:00,station1,0.0,5.085,247.829,0.0,436569.21818181814,8569116.145454545,3.4925537454545452,68.55292916363635,congestion_breach,real_spec_congestion_breach_002
2026-07-17T21:38:29+00:00,station2,0.0,5.381,248.221,0.0,8568194.38181818,437666.54545454547,68.54555505454545,3.501332363636364,congestion_breach,real_spec_congestion_breach_002
2026-07-17T21:38:29+00:00,station3,0.0,2.233,247.39,0.0,198.4,1090.9818181818182,0.0015872,0.008727854545454546,congestion_breach,real_spec_congestion_breach_002
2026-07-17T21:38:44+00:00,station1,0.0,11.343,277.367,0.0,568547.1818181818,11299200.836363636,4.548377454545454,90.39360669090908,congestion_breach,real_spec_congestion_breach_002
2026-07-17T21:38:44+00:00,station2,0.0,10.95,277.48,0.0,11297786.745454544,569872.8,90.38229396363636,4.5589824000000005,congestion_breach,real_spec_congestion_breach_002
2026-07-17T21:38:44+00:00,station3,0.0,8.893,278.162,0.0,239.59999999999997,1310.4363636363635,0.0019167999999999998,0.010483490909090908,congestion_breach,real_spec_congestion_breach_002
2026-07-17T21:38:59+00:00,station1,0.0,0.014,0.215,0.0,518327.90909090906,10359721.6,4.146623272727273,82.8777728,congestion_breach,real_spec_congestion_breach_002
2026-07-17T21:38:59+00:00,station2,0.0,0.006,0.284,0.0,10358672.272727273,519412.8727272727,82.86937818181819,4.155302981818181,congestion_breach,real_spec_congestion_breach_002
2026-07-17T21:38:59+00:00,station3,0.0,0.012,0.226,0.0,200.23636363636362,1092.4181818181817,0.001601890909090909,0.008739345454545454,congestion_breach,real_spec_congestion_breach_002
2026-07-17T21:39:14+00:00,station1,0.0,0.229,156.772,0.0,536438.4988817979,10736221.004018255,4.291507991054383,85.88976803214604,congestion_breach,real_spec_congestion_breach_002
2026-07-17T21:39:14+00:00,station2,0.0,0.621,157.125,0.0,10734603.145454545,537729.8363636363,85.87682516363635,4.301838690909091,congestion_breach,real_spec_congestion_breach_002
2026-07-17T21:39:14+00:00,station3,0.0,0.298,156.935,0.0,239.59999999999997,1308.9636363636362,0.0019167999999999998,0.01047170909090909,congestion_breach,real_spec_congestion_breach_002
2026-07-17T21:39:29+00:00,station1,0.0,0.857,160.571,0.0,424893.5818181818,8580083.709090909,3.399148654545454,68.64066967272727,congestion_breach,real_spec_congestion_breach_002
2026-07-17T21:39:29+00:00,station2,0.0,0.399,160.94,0.0,8579539.145454545,425990.61818181816,68.63631316363636,3.4079249454545453,congestion_breach,real_spec_congestion_breach_002
2026-07-17T21:39:29+00:00,station3,0.0,0.568,160.877,0.0,200.25454545454542,1090.8,0.0016020363636363635,0.0087264,congestion_breach,real_spec_congestion_breach_002
2026-07-17T21:39:44+00:00,station1,0.0,4.292,231.04,0.0,533865.7999999999,10738283.418181816,4.2709264,85.90626734545452,congestion_breach,real_spec_congestion_breach_002
2026-07-17T21:39:44+00:00,station2,0.0,4.321,231.819,0.0,10736654.963636363,535161.1272727272,85.8932397090909,4.281289018181818,congestion_breach,real_spec_congestion_breach_002
2026-07-17T21:39:44+00:00,station3,0.0,3.423,229.932,0.0,236.65454545454543,1303.9454545454544,0.0018932363636363634,0.010431563636363635,congestion_breach,real_spec_congestion_breach_002
2026-07-17T21:39:59+00:00,station1,0.0,4.854,314.715,0.0,519117.90909090906,10397153.909090908,4.152943272727272,83.17723127272727,congestion_breach,real_spec_congestion_breach_002
2026-07-17T21:39:59+00:00,station2,0.0,4.601,314.733,0.0,10395788.272727273,520113.72727272724,83.16630618181819,4.160909818181818,congestion_breach,real_spec_congestion_breach_002
2026-07-17T21:39:59+00:00,station3,0.0,4.567,314.602,0.0,197.29090909090908,1085.7090909090907,0.0015783272727272727,0.008685672727272727,congestion_breach,real_spec_congestion_breach_002
2026-07-17T21:40:14+00:00,station1,0.0,42.198,102.786,0.0,496626.0431628516,9833722.241413793,3.9730083453028127,78.66977793131034,congestion_breach,real_spec_congestion_breach_002
2026-07-17T21:40:14+00:00,station2,0.0,42.454,103.345,0.0,9832391.545454543,497849.69090909086,78.65913236363635,3.982797527272727,congestion_breach,real_spec_congestion_breach_002
2026-07-17T21:40:14+00:00,station3,0.0,41.713,104.103,0.0,236.65454545454543,1303.490909090909,0.0018932363636363634,0.010427927272727273,congestion_breach,real_spec_congestion_breach_002
2026-07-17T21:40:29+00:00,station1,0.0,0.738,208.36,0.0,373149.71725730493,7151597.541684092,2.9851977380584396,57.212780333472736,congestion_breach,real_spec_congestion_breach_002
2026-07-17T21:40:29+00:00,station2,0.0,0.47,208.605,0.0,7151172.018181818,374124.3272727272,57.20937614545454,2.9929946181818177,congestion_breach,real_spec_congestion_breach_002
2026-07-17T21:40:29+00:00,station3,0.0,0.215,208.785,0.0,200.03636363636363,1089.6181818181817,0.001600290909090909,0.008716945454545454,congestion_breach,real_spec_congestion_breach_002
2026-07-17T21:40:44+00:00,station1,0.0,1.944,254.062,0.0,433331.63042687805,8263954.785106538,3.4666530434150244,66.1116382808523,congestion_breach,real_spec_congestion_breach_002
2026-07-17T21:40:44+00:00,station2,0.0,1.426,254.517,0.0,8262944.163636362,434573.5272727272,66.1035533090909,3.476588218181818,congestion_breach,real_spec_congestion_breach_002
2026-07-17T21:40:44+00:00,station3,0.0,1.389,254.333,0.0,236.65454545454543,1304.9818181818182,0.0018932363636363634,0.010439854545454546,congestion_breach,real_spec_congestion_breach_002
2026-07-17T21:40:59+00:00,station1,0.0,0.463,284.016,0.0,348067.80493126775,6714195.65059277,2.784542439450142,53.71356520474216,congestion_breach,real_spec_congestion_breach_002
2026-07-17T21:40:59+00:00,station2,0.0,0.699,283.654,0.0,6712372.454545454,349139.8181818182,53.69897963636363,2.7931185454545453,congestion_breach,real_spec_congestion_breach_002
2026-07-17T21:40:59+00:00,station3,0.0,0.084,284.021,0.0,197.29090909090908,1088.1090909090908,0.0015783272727272727,0.008704872727272727,congestion_breach,real_spec_congestion_breach_002
2026-07-17T21:41:14+00:00,station1,0.0,0.04,0.253,0.0,503929.98181818175,9707052.545454543,4.031439854545454,77.65642036363634,congestion_breach,real_spec_congestion_breach_002
2026-07-17T21:41:14+00:00,station2,0.0,0.032,0.237,0.0,9705511.654545454,505230.7818181818,77.64409323636363,4.0418462545454545,congestion_breach,real_spec_congestion_breach_002
2026-07-17T21:41:14+00:00,station3,0.0,0.038,0.315,0.0,236.65454545454543,1306.0727272727272,0.0018932363636363634,0.010448581818181818,congestion_breach,real_spec_congestion_breach_002
2026-07-17T21:41:29+00:00,station1,0.0,42.948,71.94,0.0,330718.0545454545,6503305.909090908,2.645744436363636,52.02644727272727,congestion_breach,real_spec_congestion_breach_002
2026-07-17T21:41:29+00:00,station2,0.0,42.904,72.161,0.0,6502070.236363635,331811.8545454545,52.01656189090908,2.654494836363636,congestion_breach,real_spec_congestion_breach_002
2026-07-17T21:41:29+00:00,station3,0.0,43.581,71.639,0.0,200.03636363636363,1089.7272727272727,0.001600290909090909,0.008717818181818182,congestion_breach,real_spec_congestion_breach_002
2026-07-17T21:41:44+00:00,station1,0.0,3.14,235.036,0.0,427631.81628088804,8141689.401240068,3.4210545302471043,65.13351520992055,congestion_breach,real_spec_congestion_breach_002
2026-07-17T21:41:44+00:00,station2,0.0,4.601,234.144,0.0,8139798.781818181,428913.94545454544,65.11839025454545,3.4313115636363634,congestion_breach,real_spec_congestion_breach_002
2026-07-17T21:41:44+00:00,station3,0.0,4.01,234.62,0.0,235.0181818181818,1302.4,0.0018801454545454544,0.0104192,congestion_breach,real_spec_congestion_breach_002
2026-07-17T21:41:59+00:00,station1,0.0,1.734,260.969,0.0,344097.69090909086,6504898.236363635,2.752781527272727,52.03918589090908,congestion_breach,real_spec_congestion_breach_002
2026-07-17T21:41:59+00:00,station2,0.0,1.485,261.137,0.0,6503947.181818182,345190.9636363636,52.031577454545456,2.761527709090909,congestion_breach,real_spec_congestion_breach_002
2026-07-17T21:41:59+00:00,station3,0.0,1.062,261.334,0.0,197.29090909090908,1086.0181818181818,0.0015783272727272727,0.008688145454545455,congestion_breach,real_spec_congestion_breach_002
2026-07-17T21:42:14+00:00,station1,0.0,11.755,297.618,0.0,427472.3530374384,8247378.675200465,3.4197788242995073,65.97902940160373,congestion_breach,real_spec_congestion_breach_002
2026-07-17T21:42:14+00:00,station2,0.0,7.795,300.232,0.0,8245445.509090909,428727.9272727272,65.96356407272727,3.4298234181818175,congestion_breach,real_spec_congestion_breach_002
2026-07-17T21:42:14+00:00,station3,0.0,10.487,300.148,0.0,235.1272727272727,1304.6363636363635,0.0018810181818181815,0.010437090909090908,congestion_breach,real_spec_congestion_breach_002
2026-07-17T21:42:29+00:00,station1,0.0,81.559,57.902,0.0,408314.3818181818,7750644.363636363,3.2665150545454544,62.005154909090905,congestion_breach,real_spec_congestion_breach_002
2026-07-17T21:42:29+00:00,station2,0.0,82.694,58.772,0.0,7749363.218181818,409313.18181818177,61.994905745454545,3.274505454545454,congestion_breach,real_spec_congestion_breach_002
2026-07-17T21:42:29+00:00,station3,0.0,80.44,57.113,0.0,198.94545454545454,1090.5272727272727,0.0015915636363636363,0.008724218181818181,congestion_breach,real_spec_congestion_breach_002
2026-07-17T21:42:44+00:00,station1,0.0,7.268,283.299,0.0,386564.2,7226939.090909091,3.0925136,57.815512727272726,congestion_breach,real_spec_congestion_breach_002
2026-07-17T21:42:44+00:00,station2,0.0,8.218,282.654,0.0,7225637.799999999,387785.6545454545,57.80510239999999,3.102285236363636,congestion_breach,real_spec_congestion_breach_002
2026-07-17T21:42:44+00:00,station3,0.0,7.764,283.086,0.0,236.65454545454543,1306.7636363636364,0.0018932363636363634,0.01045410909090909,congestion_breach,real_spec_congestion_breach_002
2026-07-17T21:42:59+00:00,station1,0.0,2.388,310.077,0.0,291163.42447821976,5091357.42855065,2.329307395825758,40.7308594284052,congestion_breach,real_spec_congestion_breach_002
2026-07-17T21:42:59+00:00,station2,0.0,2.637,310.375,0.0,5090349.4363636365,292167.8363636363,40.72279549090909,2.3373426909090904,congestion_breach,real_spec_congestion_breach_002
2026-07-17T21:42:59+00:00,station3,0.0,0.933,311.299,0.0,196.2,1086.8545454545454,0.0015696,0.008694836363636363,congestion_breach,real_spec_congestion_breach_002
2026-07-17T21:43:14+00:00,station1,0.0,0.148,341.149,0.0,339102.9398396451,5729168.627165792,2.712823518717161,45.833349017326334,congestion_breach,real_spec_congestion_breach_002
2026-07-17T21:43:14+00:00,station2,0.0,0.121,341.257,0.0,5727860.963636364,340364.2545454545,45.822887709090914,2.722914036363636,congestion_breach,real_spec_congestion_breach_002
2026-07-17T21:43:14+00:00,station3,0.0,0.212,340.945,0.0,235.56363636363633,1304.581818181818,0.0018845090909090907,0.010436654545454544,congestion_breach,real_spec_congestion_breach_002
2026-07-17T21:43:29+00:00,station1,0.0,0.95,357.68,0.0,328967.69090909086,5636789.636363636,2.6317415272727267,45.09431709090909,congestion_breach,real_spec_congestion_breach_002
2026-07-17T21:43:29+00:00,station2,0.0,2.463,356.803,0.0,5635543.072727272,330057.34545454546,45.08434458181818,2.6404587636363637,congestion_breach,real_spec_congestion_breach_002
2026-07-17T21:43:29+00:00,station3,0.0,0.932,357.966,0.0,196.3272727272727,1087.5454545454545,0.0015706181818181818,0.008700363636363636,congestion_breach,real_spec_congestion_breach_002
2026-07-17T21:43:44+00:00,station1,0.0,21.457,15.436,0.0,335068.7454545454,5796525.672727272,2.680549963636363,46.372205381818176,congestion_breach,real_spec_congestion_breach_002
2026-07-17T21:43:44+00:00,station2,0.0,21.825,15.678,0.0,5794770.818181817,336365.94545454544,46.35816654545454,2.6909275636363637,congestion_breach,real_spec_congestion_breach_002
2026-07-17T21:43:44+00:00,station3,0.0,21.56,15.516,0.0,235.56363636363633,1304.5454545454545,0.0018845090909090907,0.010436363636363636,congestion_breach,real_spec_congestion_breach_002
2026-07-17T21:43:59+00:00,station1,0.0,0.565,278.461,0.0,261355.32727272724,4522311.327272727,2.090842618181818,36.17849061818182,congestion_breach,real_spec_congestion_breach_002
2026-07-17T21:43:59+00:00,station2,0.0,0.425,278.684,0.0,4520946.49090909,262436.14545454545,36.167571927272725,2.0994891636363637,congestion_breach,real_spec_congestion_breach_002
2026-07-17T21:43:59+00:00,station3,0.0,0.099,278.88,0.0,196.2,1086.5636363636363,0.0015696,0.00869250909090909,congestion_breach,real_spec_congestion_breach_002
2026-07-17T21:44:14+00:00,station1,0.0,5.11,323.924,0.0,325658.70909090905,5658839.581818181,2.6052696727272724,45.270716654545446,congestion_breach,real_spec_congestion_breach_002
2026-07-17T21:44:14+00:00,station2,0.0,5.154,324.373,0.0,5657163.218181818,326950.7818181818,45.257305745454545,2.6156062545454546,congestion_breach,real_spec_congestion_breach_002
2026-07-17T21:44:14+00:00,station3,0.0,3.381,325.237,0.0,235.56363636363633,1304.0,0.0018845090909090907,0.010432,congestion_breach,real_spec_congestion_breach_002
2026-07-17T21:44:29+00:00,station1,0.0,2.117,340.654,0.0,257479.8632702413,4522887.997963599,2.0598389061619304,36.18310398370879,congestion_breach,real_spec_congestion_breach_002
2026-07-17T21:44:29+00:00,station2,0.0,2.141,340.784,0.0,4521520.309090909,258557.54545454544,36.172162472727265,2.0684603636363637,congestion_breach,real_spec_congestion_breach_002
2026-07-17T21:44:29+00:00,station3,0.0,0.269,342.288,0.0,196.3272727272727,1088.0363636363636,0.0015706181818181818,0.008704290909090908,congestion_breach,real_spec_congestion_breach_002
2026-07-17T21:44:44+00:00,station1,0.0,161.105,239.634,0.0,369335.0242731686,6680093.710794742,2.954680194185349,53.44074968635794,congestion_breach,real_spec_congestion_breach_002
2026-07-17T21:44:44+00:00,station2,0.0,159.474,240.62,0.0,6678266.927272727,370579.4727272727,53.426135418181815,2.9646357818181817,congestion_breach,real_spec_congestion_breach_002
2026-07-17T21:44:44+00:00,station3,0.0,163.544,237.848,0.0,235.56363636363633,1303.709090909091,0.0018845090909090907,0.010429672727272727,congestion_breach,real_spec_congestion_breach_002
2026-07-17T21:44:59+00:00,station1,0.0,0.023,0.236,0.0,255440.21017799675,4742003.890838348,2.043521681423974,37.93603112670679,congestion_breach,real_spec_congestion_breach_002
2026-07-17T21:44:59+00:00,station2,0.0,0.046,0.258,0.0,4740797.836363637,256520.45454545453,37.926382690909094,2.052163636363636,congestion_breach,real_spec_congestion_breach_002
2026-07-17T21:44:59+00:00,station3,0.0,0.047,0.246,0.0,196.09090909090907,1085.290909090909,0.0015687272727272724,0.008682327272727273,congestion_breach,real_spec_congestion_breach_002
2026-07-17T21:45:14+00:00,station1,0.0,37.017,338.374,0.0,247887.25454545452,4697004.254545454,1.9830980363636361,37.57603403636363,congestion_breach,real_spec_congestion_breach_002
2026-07-17T21:45:14+00:00,station2,0.0,36.995,339.144,0.0,4695573.581818181,249102.9636363636,37.564588654545446,1.9928237090909087,congestion_breach,real_spec_congestion_breach_002
2026-07-17T21:45:14+00:00,station3,0.0,38.821,338.307,0.0,235.56363636363633,1304.0545454545454,0.0018845090909090907,0.010432436363636364,congestion_breach,real_spec_congestion_breach_002
2026-07-17T21:45:29+00:00,station1,0.0,47.778,364.705,0.0,159324.58771977673,3038301.369115802,1.2745967017582138,24.306410952926417,congestion_breach,real_spec_congestion_breach_002
2026-07-17T21:45:29+00:00,station2,0.0,47.833,364.431,0.0,3036866.2,160304.47272727272,24.294929600000003,1.2824357818181817,congestion_breach,real_spec_congestion_breach_002
2026-07-17T21:45:29+00:00,station3,0.0,47.982,364.494,0.0,197.85454545454544,1088.1636363636362,0.0015828363636363637,0.008705309090909089,congestion_breach,real_spec_congestion_breach_002
2026-07-17T21:45:44+00:00,station1,0.0,11.92,267.813,0.0,167460.6265568465,3103592.1925853197,1.339685012454772,24.828737540682557,congestion_breach,real_spec_congestion_breach_002
2026-07-17T21:45:44+00:00,station2,0.0,11.24,267.868,0.0,3102247.236363636,168715.94545454544,24.817977890909088,1.3497275636363635,congestion_breach,real_spec_congestion_breach_002
2026-07-17T21:45:44+00:00,station3,0.0,11.081,267.922,0.0,234.03636363636363,1305.2727272727273,0.001872290909090909,0.010442181818181817,congestion_breach,real_spec_congestion_breach_002
2026-07-17T21:45:59+00:00,station1,0.0,1.521,334.077,0.0,162793.2909090909,3042667.4,1.3023463272727271,24.3413392,congestion_breach,real_spec_congestion_breach_002
2026-07-17T21:45:59+00:00,station2,0.0,1.709,334.475,0.0,3041382.5818181816,163876.63636363635,24.331060654545453,1.311013090909091,congestion_breach,real_spec_congestion_breach_002
2026-07-17T21:45:59+00:00,station3,0.0,1.527,334.497,0.0,195.0,1085.1818181818182,0.00156,0.008681454545454546,congestion_breach,real_spec_congestion_breach_002
2026-07-17T21:46:14+00:00,station1,0.0,120.57,292.695,0.0,161475.0,3030692.5454545454,1.2918,24.245540363636362,congestion_breach,real_spec_congestion_breach_002
2026-07-17T21:46:14+00:00,station2,0.0,120.162,292.94,0.0,3029264.472727272,162767.9090909091,24.23411578181818,1.3021432727272728,congestion_breach,real_spec_congestion_breach_002
2026-07-17T21:46:14+00:00,station3,0.0,118.609,293.858,0.0,234.47272727272727,1306.109090909091,0.001875781818181818,0.010448872727272728,congestion_breach,real_spec_congestion_breach_002
2026-07-17T21:46:29+00:00,station1,0.0,90.255,321.759,0.0,128923.65038092987,2417188.028437915,1.031389203047439,19.337504227503317,congestion_breach,real_spec_congestion_breach_002
2026-07-17T21:46:29+00:00,station2,0.0,90.308,321.583,0.0,2415789.6,129999.96363636362,19.3263168,1.039999709090909,congestion_breach,real_spec_congestion_breach_002
2026-07-17T21:46:29+00:00,station3,0.0,93.36,319.872,0.0,197.85454545454544,1090.6545454545453,0.0015828363636363637,0.008725236363636363,congestion_breach,real_spec_congestion_breach_002
2026-07-17T21:46:44+00:00,station1,0.0,21.945,363.603,0.0,161915.39538520284,3056363.3107260396,1.2953231630816227,24.450906485808318,congestion_breach,real_spec_congestion_breach_002
2026-07-17T21:46:44+00:00,station2,0.0,20.922,364.625,0.0,3054671.472727272,163206.8727272727,24.43737178181818,1.3056549818181817,congestion_breach,real_spec_congestion_breach_002
2026-07-17T21:46:44+00:00,station3,0.0,20.187,365.704,0.0,234.47272727272727,1331.709090909091,0.001875781818181818,0.010653672727272728,congestion_breach,real_spec_congestion_breach_002
2026-07-17T21:46:59+00:00,station1,0.0,3.115,350.041,0.0,154289.07272727272,2877751.6545454543,1.2343125818181817,23.022013236363634,congestion_breach,real_spec_congestion_breach_002
2026-07-17T21:46:59+00:00,station2,0.0,3.107,349.924,0.0,2876344.4181818175,155291.76363636364,23.01075534545454,1.242334109090909,congestion_breach,real_spec_congestion_breach_002
2026-07-17T21:46:59+00:00,station3,0.0,0.874,351.654,0.0,191.94545454545454,1110.9636363636362,0.0015355636363636363,0.00888770909090909,congestion_breach,real_spec_congestion_breach_002
2026-07-17T21:47:14+00:00,station1,0.0,0.014,0.229,0.0,178007.36350248178,3307596.498245486,1.4240589080198542,26.460771985963888,congestion_breach,real_spec_congestion_breach_002
2026-07-17T21:47:14+00:00,station2,0.0,0.02,0.307,0.0,3306085.109090909,179276.85454545452,26.44868087272727,1.4342148363636362,congestion_breach,real_spec_congestion_breach_002
2026-07-17T21:47:14+00:00,station3,0.0,0.031,0.261,0.0,238.18181818181816,1330.490909090909,0.0019054545454545452,0.010643927272727272,congestion_breach,real_spec_congestion_breach_002
2026-07-17T21:47:29+00:00,station1,0.0,40.617,394.749,0.0,115270.70909090908,2160498.5818181816,0.9221656727272726,17.283988654545453,congestion_breach,real_spec_congestion_breach_002
2026-07-17T21:47:29+00:00,station2,0.0,40.891,395.236,0.0,2159068.8909090906,116258.18181818181,17.272551127272724,0.9300654545454544,congestion_breach,real_spec_congestion_breach_002
2026-07-17T21:47:29+00:00,station3,0.0,39.506,395.035,0.0,197.85454545454544,1088.7636363636364,0.0015828363636363637,0.008710109090909092,congestion_breach,real_spec_congestion_breach_002
2026-07-17T21:47:44+00:00,station1,0.0,19.517,363.149,0.0,97367.89759813815,1774210.1310932927,0.7789431807851052,14.193681048746342,congestion_breach,real_spec_congestion_breach_002
2026-07-17T21:47:44+00:00,station2,0.0,19.313,363.682,0.0,1772513.5818181818,98569.4909090909,14.180108654545455,0.7885559272727273,congestion_breach,real_spec_congestion_breach_002
2026-07-17T21:47:44+00:00,station3,0.0,19.328,363.118,0.0,235.45454545454544,1305.1636363636362,0.0018836363636363636,0.01044130909090909,congestion_breach,real_spec_congestion_breach_002
2026-07-17T21:47:59+00:00,station1,0.0,35.914,408.328,0.0,39022.38181818181,660475.0181818181,0.3121790545454545,5.283800145454545,congestion_breach,real_spec_congestion_breach_002
2026-07-17T21:47:59+00:00,station2,0.0,34.849,406.884,0.0,659229.4363636363,40011.94545454545,5.27383549090909,0.3200955636363636,congestion_breach,real_spec_congestion_breach_002
2026-07-17T21:47:59+00:00,station3,0.0,34.933,407.662,0.0,196.9272727272727,1089.5272727272727,0.0015754181818181817,0.008716218181818182,congestion_breach,real_spec_congestion_breach_002
2026-07-17T21:48:14+00:00,station1,0.0,2.703,385.101,0.0,39125.83636363636,648312.2181818181,0.31300669090909083,5.186497745454545,congestion_breach,real_spec_congestion_breach_002
2026-07-17T21:48:14+00:00,station2,0.0,2.966,385.643,0.0,646730.2363636363,40376.63636363636,5.173841890909091,0.32301309090909086,congestion_breach,real_spec_congestion_breach_002
2026-07-17T21:48:14+00:00,station3,0.0,2.927,384.587,0.0,237.8181818181818,1308.3090909090909,0.0019025454545454545,0.010466472727272727,congestion_breach,real_spec_congestion_breach_002
2026-07-17T21:48:29+00:00,station1,0.0,0.03,0.271,0.0,29439.535264277532,500420.1530936927,0.23551628211422027,4.003361224749542,congestion_breach,real_spec_congestion_breach_002
2026-07-17T21:48:29+00:00,station2,0.0,0.024,0.24,0.0,499185.0363636363,30581.34545454545,3.9934802909090905,0.24465076363636362,congestion_breach,real_spec_congestion_breach_002
2026-07-17T21:48:29+00:00,station3,0.0,0.022,0.304,0.0,201.63636363636363,1092.3090909090909,0.001613090909090909,0.008738472727272727,congestion_breach,real_spec_congestion_breach_002
2026-07-17T21:48:44+00:00,station1,0.0,4.729,397.367,0.0,33961.21818181818,566987.6,0.27168974545454544,4.535900799999999,congestion_breach,real_spec_congestion_breach_002
2026-07-17T21:48:44+00:00,station2,0.0,3.77,398.43,0.0,565455.0727272726,35259.41818181818,4.5236405818181815,0.28207534545454543,congestion_breach,real_spec_congestion_breach_002
2026-07-17T21:48:44+00:00,station3,0.0,3.281,396.348,0.0,237.8181818181818,1307.909090909091,0.0019025454545454545,0.010463272727272727,congestion_breach,real_spec_congestion_breach_002
2026-07-17T21:48:59+00:00,station1,0.0,13.012,358.522,0.0,27892.272727272724,453340.2727272727,0.2231381818181818,3.626722181818182,congestion_breach,real_spec_congestion_breach_002
2026-07-17T21:48:59+00:00,station2,0.0,12.526,359.897,0.0,452074.4909090909,29000.381818181817,3.6165959272727273,0.23200305454545453,congestion_breach,real_spec_congestion_breach_002
2026-07-17T21:48:59+00:00,station3,0.0,12.247,359.775,0.0,197.18181818181816,1089.581818181818,0.0015774545454545453,0.008716654545454545,congestion_breach,real_spec_congestion_breach_002
2026-07-17T21:49:14+00:00,station1,0.0,9.026,400.809,0.0,34225.468627843125,566969.7096416429,0.273803749022745,4.535757677133143,congestion_breach,real_spec_congestion_breach_002
2026-07-17T21:49:14+00:00,station2,0.0,10.073,400.771,0.0,565561.1454545454,35558.38181818181,4.524489163636363,0.2844670545454545,congestion_breach,real_spec_congestion_breach_002
2026-07-17T21:49:14+00:00,station3,0.0,11.053,401.294,0.0,234.47272727272727,1306.490909090909,0.001875781818181818,0.010451927272727273,congestion_breach,real_spec_congestion_breach_002
2026-07-17T21:49:29+00:00,station1,0.0,13.535,380.066,0.0,34683.54545454545,568198.9818181818,0.27746836363636357,4.545591854545455,congestion_breach,real_spec_congestion_breach_002
2026-07-17T21:49:29+00:00,station2,0.0,10.694,379.952,0.0,566924.4181818181,35804.0,4.535395345454544,0.286432,congestion_breach,real_spec_congestion_breach_002
2026-07-17T21:49:29+00:00,station3,0.0,13.477,379.488,0.0,199.9272727272727,1092.3272727272727,0.0015994181818181816,0.008738618181818182,congestion_breach,real_spec_congestion_breach_002
2026-07-17T21:49:44+00:00,station1,0.0,44.363,312.06,0.0,33489.82782757304,566719.4880279258,0.2679186226205843,4.533755904223407,congestion_breach,real_spec_congestion_breach_002
2026-07-17T21:49:44+00:00,station2,0.0,42.715,312.944,0.0,565227.1818181818,34820.34545454545,4.521817454545454,0.2785627636363636,congestion_breach,real_spec_congestion_breach_002
2026-07-17T21:49:44+00:00,station3,0.0,42.522,316.026,0.0,237.63636363636363,1308.109090909091,0.001901090909090909,0.010464872727272728,congestion_breach,real_spec_congestion_breach_002
2026-07-17T21:49:59+00:00,station1,0.0,6.572,394.073,0.0,27744.513337091113,453029.2561412441,0.2219561066967289,3.6242340491299525,congestion_breach,real_spec_congestion_breach_002
2026-07-17T21:49:59+00:00,station2,0.0,4.942,393.889,0.0,451817.54545454547,28842.872727272726,3.6145403636363636,0.2307429818181818,congestion_breach,real_spec_congestion_breach_002
2026-07-17T21:49:59+00:00,station3,0.0,6.605,394.051,0.0,198.27272727272728,1090.5272727272727,0.0015861818181818182,0.008724218181818181,congestion_breach,real_spec_congestion_breach_002
2026-07-17T21:50:14+00:00,station1,0.0,43.937,406.406,0.0,34080.2,566749.9636363635,0.2726416,4.533999709090908,congestion_breach,real_spec_congestion_breach_002
2026-07-17T21:50:14+00:00,station2,0.0,44.826,406.868,0.0,565226.8545454546,35383.29090909091,4.521814836363637,0.2830663272727273,congestion_breach,real_spec_congestion_breach_002
2026-07-17T21:50:14+00:00,station3,0.0,43.913,406.318,0.0,238.7272727272727,1309.0,0.0019098181818181816,0.010472,congestion_breach,real_spec_congestion_breach_002
2026-07-17T21:50:29+00:00,station1,0.0,2.948,393.249,0.0,30916.363636363636,507416.07272727264,0.2473309090909091,4.059328581818181,congestion_breach,real_spec_congestion_breach_002
2026-07-17T21:50:29+00:00,station2,0.0,3.403,393.237,0.0,506207.98181818175,31999.74545454545,4.049663854545454,0.25599796363636357,congestion_breach,real_spec_congestion_breach_002
2026-07-17T21:50:29+00:00,station3,0.0,2.583,394.127,0.0,199.49090909090907,1093.6,0.0015959272727272726,0.0087488,congestion_breach,real_spec_congestion_breach_002
2026-07-17T21:50:44+00:00,station1,0.0,0.022,0.247,0.0,38765.92727272727,641354.6909090909,0.31012741818181816,5.130837527272727,congestion_breach,real_spec_congestion_breach_002
2026-07-17T21:50:44+00:00,station2,0.0,0.034,0.193,0.0,639816.8545454546,40064.01818181818,5.1185348363636365,0.3205121454545454,congestion_breach,real_spec_congestion_breach_002
2026-07-17T21:50:44+00:00,station3,0.0,0.036,0.253,0.0,240.25454545454542,1309.4181818181817,0.0019220363636363634,0.010475345454545454,congestion_breach,real_spec_congestion_breach_002
2026-07-17T21:50:59+00:00,station1,0.0,39.857,253.952,0.0,26926.349471846992,452954.6570187081,0.21541079577477593,3.623637256149665,congestion_breach,real_spec_congestion_breach_002
2026-07-17T21:50:59+00:00,station2,0.0,41.043,253.46,0.0,451664.4909090909,27999.290909090905,3.613315927272727,0.22399432727272725,congestion_breach,real_spec_congestion_breach_002
2026-07-17T21:50:59+00:00,station3,0.0,40.98,254.724,0.0,199.36363636363635,1090.6545454545453,0.0015949090909090908,0.008725236363636363,congestion_breach,real_spec_congestion_breach_002
2026-07-17T21:51:14+00:00,station1,0.0,26.611,423.597,0.0,34810.181818181816,566620.4545454546,0.27848145454545453,4.532963636363637,congestion_breach,real_spec_congestion_breach_002
2026-07-17T21:51:14+00:00,station2,0.0,27.484,422.652,0.0,565098.6,36108.38181818181,4.5207888,0.2888670545454545,congestion_breach,real_spec_congestion_breach_002
2026-07-17T21:51:14+00:00,station3,0.0,26.609,423.752,0.0,236.1090909090909,1306.5454545454545,0.001888872727272727,0.010452363636363636,congestion_breach,real_spec_congestion_breach_002
2026-07-17T21:51:29+00:00,station1,0.0,12.944,417.097,0.0,26949.32727272727,452973.8363636363,0.21559461818181816,3.6237906909090905,congestion_breach,real_spec_congestion_breach_002
2026-07-17T21:51:29+00:00,station2,0.0,13.579,418.554,0.0,451792.41818181815,28036.41818181818,3.614339345454545,0.22429134545454543,congestion_breach,real_spec_congestion_breach_002
2026-07-17T21:51:29+00:00,station3,0.0,13.116,416.608,0.0,196.76363636363632,1089.9818181818182,0.0015741090909090906,0.008719854545454545,congestion_breach,real_spec_congestion_breach_002
2026-07-17T21:51:44+00:00,station1,0.0,51.818,375.613,0.0,36596.33461209796,607076.4895183723,0.2927706768967837,4.856611916146979,congestion_breach,real_spec_congestion_breach_002
2026-07-17T21:51:44+00:00,station2,0.0,53.197,375.651,0.0,605589.3636363635,37890.69090909091,4.844714909090908,0.3031255272727273,congestion_breach,real_spec_congestion_breach_002
2026-07-17T21:51:44+00:00,station3,0.0,53.662,376.042,0.0,234.58181818181816,1306.8181818181815,0.0018766545454545454,0.010454545454545452,congestion_breach,real_spec_congestion_breach_002
2026-07-17T21:51:59+00:00,station1,0.0,0.03,0.243,0.0,62591.50499118133,1178620.7065839954,0.5007320399294507,9.428965652671963,congestion_breach,real_spec_congestion_breach_002
2026-07-17T21:51:59+00:00,station2,0.0,0.026,0.181,0.0,1177384.1272727272,63744.18181818181,9.419073018181818,0.5099534545454545,congestion_breach,real_spec_congestion_breach_002
2026-07-17T21:51:59+00:00,station3,0.0,0.012,0.267,0.0,199.36363636363635,1091.6909090909091,0.0015949090909090908,0.008733527272727273,congestion_breach,real_spec_congestion_breach_002
2026-07-17T21:52:14+00:00,station1,0.0,0.063,0.858,0.0,102767.05330521417,1984624.463675369,0.8221364264417134,15.876995709402951,congestion_breach,real_spec_congestion_breach_002
2026-07-17T21:52:14+00:00,station2,0.0,0.1,0.797,0.0,3100422.327272727,159723.4,24.803378618181817,1.2777872,congestion_breach,real_spec_congestion_breach_002
2026-07-17T21:52:14+00:00,station3,0.0,0.082,0.733,0.0,238.7272727272727,1309.1454545454544,0.0019098181818181816,0.010473163636363636,congestion_breach,real_spec_congestion_breach_002
2026-07-17T21:52:29+00:00,station1,0.0,0.031,0.732,0.0,200478.1193753068,3990714.942821301,1.6038249550024544,31.92571954257041,congestion_breach,real_spec_congestion_breach_002
2026-07-17T21:52:29+00:00,station2,0.0,0.214,0.856,0.0,5105635.018181818,257350.9636363636,40.84508014545454,2.058807709090909,congestion_breach,real_spec_congestion_breach_002
2026-07-17T21:52:29+00:00,station3,0.0,0.014,0.615,0.0,199.38181818181818,1090.3999999999999,0.0015950545454545455,0.008723199999999999,congestion_breach,real_spec_congestion_breach_002
2026-07-17T21:52:44+00:00,station1,0.0,0.099,0.848,0.0,416231.54545454547,8344154.8545454545,3.329852363636364,66.75323883636364,congestion_breach,real_spec_congestion_breach_002
2026-07-17T21:52:44+00:00,station2,0.0,0.054,0.8,0.0,9460414.4,473260.5818181818,75.68331520000001,3.7860846545454545,congestion_breach,real_spec_congestion_breach_002
2026-07-17T21:52:44+00:00,station3,0.0,0.074,0.654,0.0,237.63636363636363,1306.8,0.001901090909090909,0.010454399999999999,congestion_breach,real_spec_congestion_breach_002
2026-07-17T21:52:59+00:00,station1,0.0,0.191,0.939,0.0,491149.9718166446,9856025.41956834,3.929199774533157,78.84820335654672,congestion_breach,real_spec_congestion_breach_002
2026-07-17T21:52:59+00:00,station2,0.0,0.109,0.773,0.0,10971178.545454543,547718.8727272727,87.76942836363635,4.381750981818182,congestion_breach,real_spec_congestion_breach_002
2026-07-17T21:52:59+00:00,station3,0.0,0.035,0.628,0.0,198.27272727272728,1088.4181818181817,0.0015861818181818182,0.008707345454545453,congestion_breach,real_spec_congestion_breach_002
2026-07-17T21:53:14+00:00,station1,0.0,0.027,0.205,0.0,621107.2344139197,12488579.262195231,4.9688578753113575,99.90863409756184,congestion_breach,real_spec_congestion_breach_002
2026-07-17T21:53:14+00:00,station2,0.0,0.058,0.263,0.0,11370350.418181816,567066.6909090909,90.96280334545453,4.536533527272727,congestion_breach,real_spec_congestion_breach_002
2026-07-17T21:53:14+00:00,station3,0.0,0.047,0.281,0.0,236.54545454545453,1306.1818181818182,0.0018923636363636363,0.010449454545454546,congestion_breach,real_spec_congestion_breach_002
2026-07-17T21:53:29+00:00,station1,0.0,0.029,0.711,0.0,442120.70909090905,8870884.309090909,3.5369656727272725,70.96707447272726,congestion_breach,real_spec_congestion_breach_002
2026-07-17T21:53:29+00:00,station2,0.0,0.183,0.834,0.0,8868724.745454544,443173.9636363636,70.94979796363636,3.545391709090909,congestion_breach,real_spec_congestion_breach_002
2026-07-17T21:53:29+00:00,station3,0.0,0.016,0.675,0.0,198.29090909090908,1089.8181818181818,0.0015863272727272726,0.008718545454545455,congestion_breach,real_spec_congestion_breach_002
2026-07-17T21:53:44+00:00,station1,0.0,0.179,0.932,0.0,552889.3636363636,11103279.254545454,4.423114909090909,88.82623403636363,congestion_breach,real_spec_congestion_breach_002
2026-07-17T21:53:44+00:00,station2,0.0,0.053,0.739,0.0,11101657.327272726,554265.8909090909,88.8132586181818,4.434127127272727,congestion_breach,real_spec_congestion_breach_002
2026-07-17T21:53:44+00:00,station3,0.0,0.139,0.908,0.0,238.83636363636364,1307.6909090909091,0.0019106909090909091,0.010461527272727273,congestion_breach,real_spec_congestion_breach_002
2026-07-17T21:53:59+00:00,station1,0.0,0.187,0.883,0.0,441794.7930112903,8866201.225387705,3.5343583440903226,70.92960980310164,congestion_breach,real_spec_congestion_breach_002
2026-07-17T21:53:59+00:00,station2,0.0,0.442,1.032,0.0,8865059.345454546,442877.1272727272,70.92047476363636,3.5430170181818177,congestion_breach,real_spec_congestion_breach_002
2026-07-17T21:53:59+00:00,station3,0.0,0.037,0.653,0.0,199.47272727272727,1088.7090909090907,0.0015957818181818182,0.008709672727272726,congestion_breach,real_spec_congestion_breach_002
2026-07-17T21:54:14+00:00,station1,0.0,1.175,1.826,0.0,598236.6770304914,12014984.072437681,4.7858934162439315,96.11987257950145,congestion_breach,real_spec_congestion_breach_002
2026-07-17T21:54:14+00:00,station2,0.0,1.262,1.79,0.0,13129424.49090909,654900.6,105.03539592727272,5.2392047999999996,congestion_breach,real_spec_congestion_breach_002
2026-07-17T21:54:14+00:00,station3,0.0,0.073,0.781,0.0,237.74545454545452,1306.9272727272726,0.0019019636363636363,0.010455418181818181,congestion_breach,real_spec_congestion_breach_002
2026-07-17T21:54:29+00:00,station1,0.0,0.041,0.286,0.0,513138.97374354495,10323114.62651829,4.10511178994836,82.58491701214632,congestion_breach,real_spec_congestion_breach_002
2026-07-17T21:54:29+00:00,station2,0.0,0.02,0.22,0.0,9204837.29090909,458839.34545454546,73.6386983272727,3.6707147636363637,congestion_breach,real_spec_congestion_breach_002
2026-07-17T21:54:29+00:00,station3,0.0,0.053,0.28,0.0,200.03636363636363,1090.8363636363636,0.001600290909090909,0.008726690909090909,congestion_breach,real_spec_congestion_breach_002
2026-07-17T21:54:44+00:00,station1,0.0,0.529,1.271,0.0,553010.3630711052,11100893.387633404,4.4240829045688415,88.80714710106723,congestion_breach,real_spec_congestion_breach_002
2026-07-17T21:54:44+00:00,station2,0.0,0.182,0.85,0.0,11099075.763636362,554272.7090909091,88.7926061090909,4.434181672727273,congestion_breach,real_spec_congestion_breach_002
2026-07-17T21:54:44+00:00,station3,0.0,0.15,0.448,0.0,237.74545454545452,1305.5636363636363,0.0019019636363636363,0.01044450909090909,congestion_breach,real_spec_congestion_breach_002
2026-07-17T21:54:59+00:00,station1,0.0,0.068,0.963,0.0,441962.4909090909,8867844.254545454,3.535699927272727,70.94275403636364,congestion_breach,real_spec_congestion_breach_002
2026-07-17T21:54:59+00:00,station2,0.0,0.218,0.919,0.0,8866114.654545454,442950.0727272727,70.92891723636363,3.5436005818181817,congestion_breach,real_spec_congestion_breach_002
2026-07-17T21:54:59+00:00,station3,0.0,0.05,0.686,0.0,197.29090909090908,1086.3999999999999,0.0015783272727272727,0.0086912,congestion_breach,real_spec_congestion_breach_002
2026-07-17T21:55:14+00:00,station1,0.0,1.272,1.868,0.0,553204.2,11102064.945454543,4.425633599999999,88.81651956363635,congestion_breach,real_spec_congestion_breach_002
2026-07-17T21:55:14+00:00,station2,0.0,1.183,1.541,0.0,11101371.436363636,554596.1272727272,88.81097149090908,4.436769018181818,congestion_breach,real_spec_congestion_breach_002
2026-07-17T21:55:14+00:00,station3,0.0,0.19,0.972,0.0,238.83636363636364,1306.3454545454545,0.0019106909090909091,0.010450763636363635,congestion_breach,real_spec_congestion_breach_002
2026-07-17T21:55:29+00:00,station1,0.0,0.168,0.809,0.0,555301.6909090909,11167820.963636363,4.442413527272727,89.3425677090909,congestion_breach,real_spec_congestion_breach_002
2026-07-17T21:55:29+00:00,station2,0.0,0.618,1.125,0.0,11166886.49090909,556349.1272727272,89.33509192727273,4.450793018181818,congestion_breach,real_spec_congestion_breach_002
2026-07-17T21:55:29+00:00,station3,0.0,0.038,0.658,0.0,201.1272727272727,1091.3454545454545,0.0016090181818181816,0.008730763636363636,congestion_breach,real_spec_congestion_breach_002
2026-07-17T21:55:44+00:00,station1,0.0,0.083,0.828,0.0,578040.8901656333,11598684.823912293,4.6243271213250665,92.78947859129835,congestion_breach,real_spec_congestion_breach_002
2026-07-17T21:55:44+00:00,station2,0.0,0.219,1.035,0.0,11597281.872727271,579280.2,92.77825498181816,4.634241599999999,congestion_breach,real_spec_congestion_breach_002
2026-07-17T21:55:44+00:00,station3,0.0,0.154,0.734,0.0,238.83636363636364,1307.2545454545455,0.0019106909090909091,0.010458036363636363,congestion_breach,real_spec_congestion_breach_002
2026-07-17T21:55:59+00:00,station1,0.0,0.161,0.664,0.0,467086.6861807538,9366379.852008073,3.7366934894460306,74.93103881606459,congestion_breach,real_spec_congestion_breach_002
2026-07-17T21:55:59+00:00,station2,0.0,0.582,1.466,0.0,9365016.872727273,467901.8545454545,74.92013498181818,3.743214836363636,congestion_breach,real_spec_congestion_breach_002
2026-07-17T21:55:59+00:00,station3,0.0,0.093,0.732,0.0,199.47272727272727,1089.509090909091,0.0015957818181818182,0.008716072727272726,congestion_breach,real_spec_congestion_breach_002
2026-07-17T21:56:14+00:00,station1,0.0,0.1,0.889,0.0,577897.4,11598741.327272726,4.6231792,92.78993061818181,congestion_breach,real_spec_congestion_breach_002
2026-07-17T21:56:14+00:00,station2,0.0,0.031,0.744,0.0,11595783.8,578823.7454545455,92.76627040000001,4.630589963636364,congestion_breach,real_spec_congestion_breach_002
2026-07-17T21:56:14+00:00,station3,0.0,0.211,0.819,0.0,237.74545454545452,1307.6909090909091,0.0019019636363636363,0.010461527272727273,congestion_breach,real_spec_congestion_breach_002
2026-07-17T21:56:29+00:00,station1,0.0,0.364,1.12,0.0,504872.1272727272,10136755.0,4.038977018181818,81.09404,congestion_breach,real_spec_congestion_breach_002
2026-07-17T21:56:29+00:00,station2,0.0,0.705,1.236,0.0,11165441.836363636,555928.8181818181,89.32353469090909,4.447430545454545,congestion_breach,real_spec_congestion_breach_002
2026-07-17T21:56:29+00:00,station3,0.0,0.131,0.836,0.0,200.03636363636363,1091.3636363636363,0.001600290909090909,0.00873090909090909,congestion_breach,real_spec_congestion_breach_002
2026-07-17T21:56:44+00:00,station1,0.0,0.022,0.254,0.0,606326.5636363636,12201029.49090909,4.850612509090909,97.60823592727272,congestion_breach,real_spec_congestion_breach_002
2026-07-17T21:56:44+00:00,station2,0.0,0.021,0.235,0.0,11096163.727272727,552862.4545454545,88.76930981818181,4.422899636363636,congestion_breach,real_spec_congestion_breach_002
2026-07-17T21:56:44+00:00,station3,0.0,0.032,0.277,0.0,236.1090909090909,1306.2727272727273,0.001888872727272727,0.010450181818181819,congestion_breach,real_spec_congestion_breach_002
2026-07-17T21:56:59+00:00,station1,0.0,0.299,2.055,0.0,439418.70909090905,8864149.818181818,3.515349672727272,70.91319854545455,congestion_breach,real_spec_congestion_breach_002
2026-07-17T21:56:59+00:00,station2,0.0,0.602,2.147,0.0,8863404.254545454,438362.34545454546,70.90723403636363,3.5068987636363635,congestion_breach,real_spec_congestion_breach_002
2026-07-17T21:56:59+00:00,station3,0.0,0.0,4941.567,90.0,187.2181818181818,1092.1454545454544,0.0014977454545454544,0.008737163636363635,congestion_breach,real_spec_congestion_breach_002
2026-07-17T21:57:14+00:00,station1,0.0,0.151,2.253,0.0,540964.6727272726,11101185.98181818,4.327717381818181,88.80948785454544,congestion_breach,real_spec_congestion_breach_002
2026-07-17T21:57:14+00:00,station2,0.0,0.328,2.256,0.0,11100879.818181816,540615.7454545455,88.80703854545453,4.324925963636364,congestion_breach,real_spec_congestion_breach_002
2026-07-17T21:57:14+00:00,station3,0.0,0.0,4941.567,100.0,269.99999999999994,1341.3636363636363,0.0021599999999999996,0.01073090909090909,congestion_breach,real_spec_congestion_breach_002
2026-07-17T21:57:29+00:00,station1,0.0,0.177,2.351,0.0,426406.5346642666,8868473.26315024,3.411252277314133,70.94778610520191,congestion_breach,real_spec_congestion_breach_002
2026-07-17T21:57:29+00:00,station2,0.0,0.112,2.517,0.0,8949922.709090909,429369.10909090907,71.59938167272728,3.4349528727272727,congestion_breach,real_spec_congestion_breach_002
2026-07-17T21:57:29+00:00,station3,0.0,830.18,1132.278,0.0,230.9090909090909,1127.2545454545455,0.0018472727272727273,0.009018036363636364,congestion_breach,real_spec_congestion_breach_002
2026-07-17T21:57:44+00:00,station1,0.0,0.315,2.235,0.0,588553.0727272726,12302201.709090909,4.708424581818181,98.41761367272727,congestion_breach,real_spec_congestion_breach_002
2026-07-17T21:57:44+00:00,station2,0.0,0.063,2.385,0.0,13399321.98181818,642131.5272727272,107.19457585454545,5.137052218181818,congestion_breach,real_spec_congestion_breach_002
2026-07-17T21:57:44+00:00,station3,0.0,2343.626,3860.517,0.0,274.56363636363636,1342.3272727272727,0.0021965090909090907,0.01073861818181818,congestion_breach,real_spec_congestion_breach_002
2026-07-17T21:57:59+00:00,station1,0.0,0.036,0.243,0.0,479823.69411465246,10048228.395847348,3.83858955291722,80.38582716677878,congestion_breach,real_spec_congestion_breach_002
2026-07-17T21:57:59+00:00,station2,0.0,0.027,0.195,0.0,8929450.036363635,427828.7818181818,71.43560029090908,3.4226302545454543,congestion_breach,real_spec_congestion_breach_002
2026-07-17T21:57:59+00:00,station3,0.0,0.027,0.25,0.0,251.16363636363633,1108.9272727272726,0.0020093090909090905,0.008871418181818181,congestion_breach,real_spec_congestion_breach_002
2026-07-17T21:58:14+00:00,station1,0.0,0.208,0.886,0.0,427819.98181818175,8878531.618181817,3.422559854545454,71.02825294545454,congestion_breach,real_spec_congestion_breach_002
2026-07-17T21:58:14+00:00,station2,0.0,0.14,0.893,0.0,8875911.09090909,430894.50909090904,71.00728872727272,3.4471560727272723,congestion_breach,real_spec_congestion_breach_002
2026-07-17T21:58:14+00:00,station3,0.0,0.15,0.677,0.0,246.2363636363636,1313.0727272727272,0.0019698909090909086,0.010504581818181818,congestion_breach,real_spec_congestion_breach_002
2026-07-17T21:58:29+00:00,station1,0.0,0.21,0.847,0.0,324801.19638538884,6644045.691739851,2.5984095710831108,53.152365533918804,congestion_breach,real_spec_congestion_breach_002
2026-07-17T21:58:29+00:00,station2,0.0,0.068,0.715,0.0,6642168.418181818,328220.8545454545,53.13734734545454,2.625766836363636,congestion_breach,real_spec_congestion_breach_002
2026-07-17T21:58:29+00:00,station3,0.0,0.229,0.83,0.0,222.59999999999997,1096.9636363636362,0.0017807999999999997,0.008775709090909089,congestion_breach,real_spec_congestion_breach_002
2026-07-17T21:58:44+00:00,station1,0.0,0.528,1.337,0.0,440246.9138047016,8878873.734159956,3.521975310437613,71.03098987327965,congestion_breach,real_spec_congestion_breach_002
2026-07-17T21:58:44+00:00,station2,0.0,0.704,1.194,0.0,8882643.654545454,443922.0181818182,71.06114923636363,3.5513761454545456,congestion_breach,real_spec_congestion_breach_002
2026-07-17T21:58:44+00:00,station3,0.0,0.241,0.899,0.0,236.83636363636364,1306.509090909091,0.0018946909090909092,0.010452072727272728,congestion_breach,real_spec_congestion_breach_002
2026-07-17T21:58:59+00:00,station1,0.0,1.327,1.942,0.0,497994.0180730559,10000352.151857307,3.983952144584447,80.00281721485845,congestion_breach,real_spec_congestion_breach_002
2026-07-17T21:58:59+00:00,station2,0.0,1.451,1.82,0.0,11115144.654545454,554490.7999999999,88.92115723636364,4.4359264,congestion_breach,real_spec_congestion_breach_002
2026-07-17T21:58:59+00:00,station3,0.0,0.09,0.914,0.0,194.74545454545452,1085.8727272727272,0.0015579636363636361,0.008686981818181817,congestion_breach,real_spec_congestion_breach_002
2026-07-17T21:59:14+00:00,station1,0.0,0.068,0.223,0.0,613878.0456760491,12344421.06698669,4.911024365408393,98.75536853589351,congestion_breach,real_spec_congestion_breach_002
2026-07-17T21:59:14+00:00,station2,0.0,0.027,0.205,0.0,11226461.109090907,559844.509090909,89.81168887272726,4.478756072727272,congestion_breach,real_spec_congestion_breach_002
2026-07-17T21:59:14+00:00,station3,0.0,0.029,0.312,0.0,235.74545454545452,1304.5272727272725,0.001885963636363636,0.01043621818181818,congestion_breach,real_spec_congestion_breach_002
2026-07-17T21:59:29+00:00,station1,0.0,0.25,1.862,0.0,442429.2493999563,8872246.199723616,3.5394339951996505,70.97796959778893,congestion_breach,real_spec_congestion_breach_002
2026-07-17T21:59:29+00:00,station2,0.0,0.338,1.902,0.0,8870575.327272726,443838.0181818182,70.96460261818181,3.5507041454545454,congestion_breach,real_spec_congestion_breach_002
2026-07-17T21:59:29+00:00,station3,0.0,0.0,0.288,90.0,190.58181818181816,1094.3454545454545,0.0015246545454545453,0.008754763636363636,congestion_breach,real_spec_congestion_breach_002
2026-07-17T21:59:44+00:00,station1,0.0,0.439,2.141,0.0,554983.9997090857,11107530.373279514,4.439871997672685,88.86024298623612,congestion_breach,real_spec_congestion_breach_002
2026-07-17T21:59:44+00:00,station2,0.0,0.28,2.31,0.0,11106416.745454544,556790.0909090909,88.85133396363635,4.454320727272727,congestion_breach,real_spec_congestion_breach_002
2026-07-17T21:59:44+00:00,station3,0.0,0.0,0.288,100.0,214.54545454545453,1313.6181818181817,0.0017163636363636363,0.010508945454545454,congestion_breach,real_spec_congestion_breach_002
2026-07-17T21:59:59+00:00,station1,0.0,0.299,2.182,0.0,444691.50909090904,8874876.999999998,3.5575320727272723,70.99901599999998,congestion_breach,real_spec_congestion_breach_002
2026-07-17T21:59:59+00:00,station2,0.0,0.638,2.292,0.0,8873471.054545455,445839.16363636364,70.98776843636364,3.566713309090909,congestion_breach,real_spec_congestion_breach_002
2026-07-17T21:59:59+00:00,station3,0.0,2048.264,4077.291,0.0,222.1272727272727,1116.6545454545453,0.0017770181818181816,0.008933236363636363,congestion_breach,real_spec_congestion_breach_002
2026-07-17T22:00:14+00:00,station1,0.0,0.978,3.138,0.0,609646.1636363636,12167943.327272726,4.877169309090909,97.3435466181818,congestion_breach,real_spec_congestion_breach_002
2026-07-17T22:00:14+00:00,station2,0.0,0.822,3.07,0.0,13282495.945454543,666698.2181818181,106.25996756363635,5.3335857454545454,congestion_breach,real_spec_congestion_breach_002
2026-07-17T22:00:14+00:00,station3,0.0,1448.553,2947.16,0.0,260.76363636363635,1333.581818181818,0.0020861090909090906,0.010668654545454544,congestion_breach,real_spec_congestion_breach_002
2026-07-17T22:00:29+00:00,station1,0.0,0.038,0.25,0.0,509459.4628993255,10183665.903016418,4.075675703194603,81.46932722413135,congestion_breach,real_spec_congestion_breach_002
2026-07-17T22:00:29+00:00,station2,0.0,0.046,0.204,0.0,9064958.018181818,454689.72727272724,72.51966414545454,3.6375178181818177,congestion_breach,real_spec_congestion_breach_002
2026-07-17T22:00:29+00:00,station3,0.0,0.021,0.237,0.0,233.56363636363633,1107.381818181818,0.0018685090909090908,0.008859054545454544,congestion_breach,real_spec_congestion_breach_002
2026-07-17T22:00:44+00:00,station1,0.0,0.059,0.766,0.0,445084.30295978475,8878138.571740236,3.560674423678278,71.02510857392188,congestion_breach,real_spec_congestion_breach_002
2026-07-17T22:00:44+00:00,station2,0.0,0.148,0.808,0.0,8877476.854545454,446000.23636363633,71.01981483636362,3.5680018909090907,congestion_breach,real_spec_congestion_breach_002
2026-07-17T22:00:44+00:00,station3,0.0,0.116,0.75,0.0,279.16363636363633,1324.0545454545454,0.0022333090909090907,0.010592436363636363,congestion_breach,real_spec_congestion_breach_002
2026-07-17T22:00:59+00:00,station1,0.0,0.52,1.035,0.0,332709.4,6647003.236363635,2.6616752000000004,53.17602589090908,congestion_breach,real_spec_congestion_breach_002
2026-07-17T22:00:59+00:00,station2,0.0,0.652,1.635,0.0,6645586.836363635,333500.21818181814,53.16469469090908,2.668001745454545,congestion_breach,real_spec_congestion_breach_002
2026-07-17T22:00:59+00:00,station3,0.0,0.498,0.995,0.0,191.29090909090908,1084.3636363636363,0.0015303272727272726,0.00867490909090909,congestion_breach,real_spec_congestion_breach_002
2026-07-17T22:01:14+00:00,station1,0.0,1.296,1.589,0.0,443101.2545454545,8880223.290909091,3.544810036363636,71.04178632727273,congestion_breach,real_spec_congestion_breach_002
2026-07-17T22:01:14+00:00,station2,0.0,1.376,1.758,0.0,8877952.781818181,443952.3636363636,71.02362225454544,3.5516189090909087,congestion_breach,real_spec_congestion_breach_002
2026-07-17T22:01:14+00:00,station3,0.0,0.422,0.908,0.0,233.38181818181818,1303.7636363636364,0.0018670545454545454,0.010430109090909091,congestion_breach,real_spec_congestion_breach_002
2026-07-17T22:01:29+00:00,station1,0.0,0.02,0.744,0.0,491539.5062177296,9864845.647589266,3.9323160497418366,78.91876518071413,congestion_breach,real_spec_congestion_breach_002
2026-07-17T22:01:29+00:00,station2,0.0,0.16,0.872,0.0,10981698.527272727,547945.0363636364,87.85358821818181,4.383560290909091,congestion_breach,real_spec_congestion_breach_002
2026-07-17T22:01:29+00:00,station3,0.0,0.116,0.873,0.0,196.76363636363632,1088.0545454545454,0.0015741090909090906,0.008704436363636363,congestion_breach,real_spec_congestion_breach_002
2026-07-17T22:01:44+00:00,station1,0.0,0.578,3.277,0.0,620123.256786487,12475599.047255404,4.9609860542918955,99.80479237804323,vrf_leakage,real_spec_vrf_leakage_002
2026-07-17T22:01:44+00:00,station2,0.0,0.056,2.788,0.0,11356920.818181816,566213.0181818181,90.85536654545453,4.529704145454544,vrf_leakage,real_spec_vrf_leakage_002
2026-07-17T22:01:44+00:00,station3,0.0,0.03,0.257,0.0,235.56363636363633,1303.6545454545453,0.0018845090909090907,0.010429236363636362,vrf_leakage,real_spec_vrf_leakage_002
2026-07-17T22:01:59+00:00,station1,0.0,0.75,4.973,0.0,453735.0363636363,9102736.927272728,3.6298802909090906,72.82189541818182,vrf_leakage,real_spec_vrf_leakage_002
2026-07-17T22:01:59+00:00,station2,0.0,0.781,5.756,0.0,9102549.963636363,455309.3818181818,72.8203997090909,3.642475054545454,vrf_leakage,real_spec_vrf_leakage_002
2026-07-17T22:01:59+00:00,station3,0.0,1299.428,1865.62,0.0,192.0181818181818,1082.1818181818182,0.0015361454545454545,0.008657454545454546,vrf_leakage,real_spec_vrf_leakage_002
2026-07-17T22:02:14+00:00,station1,0.0,0.824,5.506,0.0,566175.350883572,11335946.876590792,4.529402807068576,90.68757501272634,vrf_leakage,real_spec_vrf_leakage_002
2026-07-17T22:02:14+00:00,station2,0.0,0.271,4.518,0.0,11336540.67272727,568093.109090909,90.69232538181816,4.544744872727272,vrf_leakage,real_spec_vrf_leakage_002
2026-07-17T22:02:14+00:00,station3,0.0,2048.24,4071.876,0.0,232.9090909090909,1300.4,0.0018632727272727273,0.010403200000000001,vrf_leakage,real_spec_vrf_leakage_002
2026-07-17T22:02:29+00:00,station1,0.0,0.309,4.765,0.0,455884.525173185,9102695.230822379,3.64707620138548,72.82156184657903,vrf_leakage,real_spec_vrf_leakage_002
2026-07-17T22:02:29+00:00,station2,0.0,0.417,5.928,0.0,9103249.69090909,457702.3272727272,72.82599752727272,3.6616186181818176,vrf_leakage,real_spec_vrf_leakage_002
2026-07-17T22:02:29+00:00,station3,0.0,1268.428,2100.557,0.0,193.67272727272726,1084.581818181818,0.0015493818181818182,0.008676654545454545,vrf_leakage,real_spec_vrf_leakage_002
2026-07-17T22:02:44+00:00,station1,0.0,0.615,5.123,0.0,614713.9688369302,12267076.944055563,4.9177117506954415,98.1366155524445,vrf_leakage,real_spec_vrf_leakage_002
2026-07-17T22:02:44+00:00,station2,0.0,0.634,5.013,0.0,13382240.781818181,671731.7636363636,107.05792625454545,5.373854109090908,vrf_leakage,real_spec_vrf_leakage_002
2026-07-17T22:02:44+00:00,station3,0.0,1214.303,2130.353,0.0,255.9090909090909,1332.2181818181816,0.0020472727272727274,0.010657745454545453,vrf_leakage,real_spec_vrf_leakage_002
2026-07-17T22:02:59+00:00,station1,0.0,0.023,3.944,0.0,504792.70909090905,10084271.654545454,4.038341672727272,80.67417323636363,vrf_leakage,real_spec_vrf_leakage_002
2026-07-17T22:02:59+00:00,station2,0.0,0.606,3.115,0.0,8967122.909090908,450048.54545454547,71.73698327272727,3.600388363636364,vrf_leakage,real_spec_vrf_leakage_002
2026-07-17T22:02:59+00:00,station3,0.0,0.032,0.229,0.0,230.05454545454543,1121.381818181818,0.0018404363636363634,0.008971054545454545,vrf_leakage,real_spec_vrf_leakage_002
2026-07-17T22:03:14+00:00,station1,0.0,1.199,7.072,0.0,455858.4934819367,9100267.54059017,3.6468679478554935,72.80214032472136,vrf_leakage,real_spec_vrf_leakage_002
2026-07-17T22:03:14+00:00,station2,0.0,1.275,6.701,0.0,9100024.527272727,457664.10909090907,72.80019621818182,3.6613128727272723,vrf_leakage,real_spec_vrf_leakage_002
2026-07-17T22:03:14+00:00,station3,0.0,0.145,1.991,0.0,268.0363636363636,1340.9090909090908,0.002144290909090909,0.010727272727272726,vrf_leakage,real_spec_vrf_leakage_002
2026-07-17T22:03:29+00:00,station1,0.0,0.44,5.918,0.0,344510.8545454545,6867110.436363636,2.756086836363636,54.93688349090908,vrf_leakage,real_spec_vrf_leakage_002
2026-07-17T22:03:29+00:00,station2,0.0,1.046,6.778,0.0,6866520.418181818,345769.50909090904,54.93216334545454,2.7661560727272723,vrf_leakage,real_spec_vrf_leakage_002
2026-07-17T22:03:29+00:00,station3,0.0,0.364,2.105,0.0,234.1090909090909,1110.509090909091,0.001872872727272727,0.008884072727272728,vrf_leakage,real_spec_vrf_leakage_002
2026-07-17T22:03:44+00:00,station1,0.0,1.368,6.246,0.0,456420.57128311426,9101865.43391698,3.651364570264914,72.81492347133585,vrf_leakage,real_spec_vrf_leakage_002
2026-07-17T22:03:44+00:00,station2,0.0,1.398,7.896,0.0,9101089.618181817,458214.50909090904,72.80871694545453,3.6657160727272724,vrf_leakage,real_spec_vrf_leakage_002
2026-07-17T22:03:44+00:00,station3,0.0,0.422,2.247,100.0,239.69090909090906,1311.490909090909,0.0019175272727272724,0.010491927272727273,vrf_leakage,real_spec_vrf_leakage_002
2026-07-17T22:03:59+00:00,station1,0.0,0.472,5.687,25.0,510879.6021890511,10188014.090652896,4.087036817512409,81.50411272522317,vrf_leakage,real_spec_vrf_leakage_002
2026-07-17T22:03:59+00:00,station2,0.0,0.255,5.662,0.0,11172762.581818182,561032.4545454546,89.38210065454545,4.488259636363637,vrf_leakage,real_spec_vrf_leakage_002
2026-07-17T22:03:59+00:00,station3,0.0,0.332,2.101,0.0,195.83636363636364,1088.9090909090908,0.0015666909090909092,0.008711272727272725,vrf_leakage,real_spec_vrf_leakage_002
2026-07-17T22:04:14+00:00,station1,0.0,0.963,8.682,0.0,610280.9272727272,12181133.818181816,4.882247418181818,97.44907054545453,vrf_leakage,real_spec_vrf_leakage_002
2026-07-17T22:04:14+00:00,station2,0.0,2.238,9.044,0.0,11062465.8,555644.8545454545,88.4997264,4.445158836363636,vrf_leakage,real_spec_vrf_leakage_002
2026-07-17T22:04:14+00:00,station3,0.0,0.05,0.252,0.0,248.07272727272726,1312.0363636363634,0.0019845818181818183,0.010496290909090907,vrf_leakage,real_spec_vrf_leakage_002
2026-07-17T22:04:29+00:00,station1,0.0,0.908,9.854,0.0,386332.70909090905,7711436.254545454,3.0906616727272724,61.69149003636363,vrf_leakage,real_spec_vrf_leakage_002
2026-07-17T22:04:29+00:00,station2,0.0,1.608,9.638,0.0,6848339.654545454,344483.2545454545,54.786717236363636,2.7558660363636363,vrf_leakage,real_spec_vrf_leakage_002
2026-07-17T22:04:29+00:00,station3,0.0,0.033,0.293,0.0,212.98181818181817,1097.490909090909,0.0017038545454545453,0.008779927272727273,vrf_leakage,real_spec_vrf_leakage_002
2026-07-17T22:04:44+00:00,station1,0.0,1.09,11.095,0.0,456234.9315442099,9083663.066601211,3.6498794523536793,72.66930453280969,vrf_leakage,real_spec_vrf_leakage_002
2026-07-17T22:04:44+00:00,station2,0.0,2.031,11.393,0.0,9082457.654545454,457790.4909090909,72.65966123636363,3.6623239272727273,vrf_leakage,real_spec_vrf_leakage_002
2026-07-17T22:04:44+00:00,station3,0.0,0.0,2234.623,90.0,250.14545454545453,1320.0545454545454,0.002001163636363636,0.010560436363636364,vrf_leakage,real_spec_vrf_leakage_002
2026-07-17T22:04:59+00:00,station1,0.0,1.747,11.044,0.0,345303.0528937942,6849090.314017128,2.7624244231503536,54.792722512137026,vrf_leakage,real_spec_vrf_leakage_002
2026-07-17T22:04:59+00:00,station2,0.0,2.367,11.933,0.0,6957989.890909091,352004.8,55.66391912727273,2.8160384,vrf_leakage,real_spec_vrf_leakage_002
2026-07-17T22:04:59+00:00,station3,0.0,1446.183,2947.78,0.0,221.5090909090909,1123.890909090909,0.0017720727272727273,0.008991127272727271,vrf_leakage,real_spec_vrf_leakage_002
2026-07-17T22:05:14+00:00,station1,0.0,1.576,12.132,0.0,519691.56924419553,10309743.422846857,4.157532553953565,82.47794738277486,vrf_leakage,real_spec_vrf_leakage_002
2026-07-17T22:05:14+00:00,station2,0.0,0.968,9.166,0.0,11423546.527272727,576989.8727272727,91.38837221818181,4.615918981818181,vrf_leakage,real_spec_vrf_leakage_002
2026-07-17T22:05:14+00:00,station3,0.0,2790.385,4488.063,0.0,272.1090909090909,1344.1090909090906,0.0021768727272727276,0.010752872727272725,vrf_leakage,real_spec_vrf_leakage_002
2026-07-17T22:05:29+00:00,station1,0.0,1.955,11.91,0.0,562726.2214302599,11169715.402658327,4.501809771442079,89.35772322126661,vrf_leakage,real_spec_vrf_leakage_002
2026-07-17T22:05:29+00:00,station2,0.0,1.122,10.183,0.0,10918587.109090907,551222.9454545454,87.34869687272726,4.409783563636363,vrf_leakage,real_spec_vrf_leakage_002
2026-07-17T22:05:29+00:00,station3,0.0,2588.606,3825.605,0.0,232.29090909090908,1126.9636363636362,0.0018583272727272727,0.00901570909090909,vrf_leakage,real_spec_vrf_leakage_002
2026-07-17T22:05:44+00:00,station1,0.0,1.36,12.983,0.0,493818.40990491427,9802482.21006127,3.950547279239314,78.41985768049017,vrf_leakage,real_spec_vrf_leakage_002
2026-07-17T22:05:44+00:00,station2,0.0,0.749,12.053,0.0,9063667.890909089,458267.18181818177,72.50934312727271,3.666137454545454,vrf_leakage,real_spec_vrf_leakage_002
2026-07-17T22:05:44+00:00,station3,0.0,0.01,0.288,0.0,287.2,1346.581818181818,0.0022976,0.010772654545454546,vrf_leakage,real_spec_vrf_leakage_002
2026-07-17T22:05:59+00:00,station1,0.0,2.207,11.77,25.0,343502.1272727272,6829507.8545454545,2.7480170181818178,54.636062836363635,vrf_leakage,real_spec_vrf_leakage_002
2026-07-17T22:05:59+00:00,station2,0.0,0.313,13.93,0.0,6829191.581818181,344621.14545454545,54.63353265454545,2.756969163636364,vrf_leakage,real_spec_vrf_leakage_002
2026-07-17T22:05:59+00:00,station3,0.0,0.369,2.382,0.0,206.59999999999997,1096.0545454545454,0.0016527999999999996,0.008768436363636363,vrf_leakage,real_spec_vrf_leakage_002
2026-07-17T22:06:14+00:00,station1,0.0,1.213,14.89,0.0,454770.5636363636,9064527.818181816,3.6381645090909087,72.51622254545453,vrf_leakage,real_spec_vrf_leakage_002
2026-07-17T22:06:14+00:00,station2,0.0,1.987,10.843,0.0,9065375.909090908,455954.3272727272,72.52300727272727,3.647634618181818,vrf_leakage,real_spec_vrf_leakage_002
2026-07-17T22:06:14+00:00,station3,0.0,0.277,2.345,0.0,241.09090909090907,1318.8363636363636,0.0019287272727272725,0.010550690909090908,vrf_leakage,real_spec_vrf_leakage_002
2026-07-17T22:06:29+00:00,station1,0.0,1.995,13.685,25.0,410729.25795952504,8200244.831536265,3.2858340636762002,65.60195865229012,vrf_leakage,real_spec_vrf_leakage_002
2026-07-17T22:06:29+00:00,station2,0.0,2.584,13.273,0.0,9314845.054545455,467426.10909090907,74.51876043636364,3.7394088727272727,vrf_leakage,real_spec_vrf_leakage_002
2026-07-17T22:06:29+00:00,station3,0.0,0.308,2.154,0.0,191.6,1091.4181818181817,0.0015328,0.008731345454545453,vrf_leakage,real_spec_vrf_leakage_002
2026-07-17T22:06:44+00:00,station1,0.0,2.294,15.115,0.0,634411.2973601919,12663970.147625627,5.075290378881536,101.31176118100501,vrf_leakage,real_spec_vrf_leakage_002
2026-07-17T22:06:44+00:00,station2,0.0,2.622,15.041,0.0,13023935.018181818,652790.7272727272,104.19148014545453,5.222325818181817,vrf_leakage,real_spec_vrf_leakage_002
2026-07-17T22:06:44+00:00,station3,0.0,0.27,2.167,0.0,234.65454545454543,1310.4363636363635,0.0018772363636363634,0.010483490909090908,vrf_leakage,real_spec_vrf_leakage_002
2026-07-17T22:06:59+00:00,station1,0.0,1.511,12.626,0.0,483950.16273023153,9674859.08834706,3.8716013018418525,77.39887270677649,vrf_leakage,real_spec_vrf_leakage_002
2026-07-17T22:06:59+00:00,station2,0.0,3.219,16.936,0.0,8947381.563636363,448833.70909090905,71.5790525090909,3.590669672727272,vrf_leakage,real_spec_vrf_leakage_002
2026-07-17T22:06:59+00:00,station3,0.0,0.03,0.272,0.0,197.98181818181817,1087.8727272727272,0.0015838545454545455,0.008702981818181818,vrf_leakage,real_spec_vrf_leakage_002
2026-07-17T22:07:14+00:00,station1,0.0,2.706,16.407,0.0,558946.8220493054,11179759.526579885,4.471574576394444,89.43807621263907,vrf_leakage,real_spec_vrf_leakage_002
2026-07-17T22:07:14+00:00,station2,0.0,1.357,18.932,0.0,11178178.454545455,560527.9454545454,89.42542763636364,4.484223563636363,vrf_leakage,real_spec_vrf_leakage_002
2026-07-17T22:07:14+00:00,station3,0.0,0.112,0.769,0.0,237.74545454545452,1307.1636363636362,0.0019019636363636363,0.010457309090909089,vrf_leakage,real_spec_vrf_leakage_002
2026-07-17T22:07:29+00:00,station1,0.0,1.276,14.368,0.0,447234.5636363636,8944562.472727273,3.577876509090909,71.55649978181818,vrf_leakage,real_spec_vrf_leakage_002
2026-07-17T22:07:29+00:00,station2,0.0,2.232,15.944,0.0,8942330.163636362,447915.16363636364,71.53864130909089,3.583321309090909,vrf_leakage,real_spec_vrf_leakage_002
2026-07-17T22:07:29+00:00,station3,0.0,0.117,0.685,0.0,197.9272727272727,1090.0181818181818,0.0015834181818181817,0.008720145454545454,vrf_leakage,real_spec_vrf_leakage_002
2026-07-17T22:07:44+00:00,station1,0.0,1.633,15.758,0.0,557696.4126620485,11175684.103347333,4.461571301296388,89.40547282677866,vrf_leakage,real_spec_vrf_leakage_002
2026-07-17T22:07:44+00:00,station2,0.0,1.346,16.309,0.0,11550659.47272727,578796.9272727272,92.40527578181816,4.630375418181818,vrf_leakage,real_spec_vrf_leakage_002
2026-07-17T22:07:44+00:00,station3,0.0,0.178,0.761,0.0,233.99999999999997,1306.581818181818,0.0018719999999999997,0.010452654545454545,vrf_leakage,real_spec_vrf_leakage_002
2026-07-17T22:07:59+00:00,station1,0.0,0.563,17.208,0.0,557912.9272727272,11160828.49090909,4.463303418181818,89.28662792727272,vrf_leakage,real_spec_vrf_leakage_002
2026-07-17T22:07:59+00:00,station2,0.0,2.147,17.899,25.0,10776565.454545455,540069.1818181818,86.21252363636364,4.320553454545454,vrf_leakage,real_spec_vrf_leakage_002
2026-07-17T22:07:59+00:00,station3,0.0,0.12,0.697,0.0,193.14545454545453,1086.490909090909,0.0015451636363636363,0.008691927272727273,vrf_leakage,real_spec_vrf_leakage_002
2026-07-17T22:08:14+00:00,station1,0.0,1.675,14.718,0.0,483129.6434350964,9661296.034329144,3.865037147480771,77.29036827463315,vrf_leakage,real_spec_vrf_leakage_002
2026-07-17T22:08:14+00:00,station2,0.0,2.287,15.015,0.0,9033166.272727273,452890.10909090907,72.26533018181819,3.6231208727272723,vrf_leakage,real_spec_vrf_leakage_002
2026-07-17T22:08:14+00:00,station3,0.0,0.043,0.28,0.0,235.56363636363633,1306.381818181818,0.0018845090909090907,0.010451054545454544,vrf_leakage,real_spec_vrf_leakage_002
2026-07-17T22:08:29+00:00,station1,0.0,1.492,16.888,0.0,340239.0727272727,6805331.399999999,2.7219125818181817,54.44265119999999,vrf_leakage,real_spec_vrf_leakage_002
2026-07-17T22:08:29+00:00,station2,0.0,1.826,15.331,0.0,6804512.454545454,340996.9636363636,54.436099636363636,2.727975709090909,vrf_leakage,real_spec_vrf_leakage_002
2026-07-17T22:08:29+00:00,station3,0.0,574.681,710.896,0.0,195.1272727272727,1087.9272727272726,0.0015610181818181816,0.008703418181818181,vrf_leakage,real_spec_vrf_leakage_002
2026-07-17T22:08:44+00:00,station1,0.0,2.289,16.94,0.0,450855.6545454545,9038732.581818182,3.606845236363636,72.30986065454546,vrf_leakage,real_spec_vrf_leakage_002
2026-07-17T22:08:44+00:00,station2,0.0,1.075,14.527,0.0,9037161.363636363,451948.50909090904,72.2972909090909,3.6155880727272725,vrf_leakage,real_spec_vrf_leakage_002
2026-07-17T22:08:44+00:00,station3,0.0,492.814,749.922,0.0,238.83636363636364,1308.8,0.0019106909090909091,0.0104704,vrf_leakage,real_spec_vrf_leakage_002
2026-07-17T22:08:59+00:00,station1,0.0,3.103,16.615,25.0,413297.9237873609,8305670.351247181,3.3063833902988873,66.44536280997745,vrf_leakage,real_spec_vrf_leakage_002
2026-07-17T22:08:59+00:00,station2,0.0,2.611,18.337,0.0,9421958.254545454,469745.8909090909,75.37566603636363,3.757967127272727,vrf_leakage,real_spec_vrf_leakage_002
2026-07-17T22:08:59+00:00,station3,0.0,1199.074,1986.224,0.0,200.78181818181818,1092.1454545454544,0.0016062545454545453,0.008737163636363635,vrf_leakage,real_spec_vrf_leakage_002
2026-07-17T22:09:14+00:00,station1,0.0,1.311,14.208,0.0,635679.7636363636,12772401.654545454,5.085438109090909,102.17921323636364,vrf_leakage,real_spec_vrf_leakage_002
2026-07-17T22:09:14+00:00,station2,0.0,2.32,17.809,0.0,12922000.054545455,644925.7454545455,103.37600043636364,5.159405963636364,vrf_leakage,real_spec_vrf_leakage_002
2026-07-17T22:09:14+00:00,station3,0.0,697.87,928.937,0.0,243.09090909090907,1314.6545454545453,0.0019447272727272725,0.010517236363636363,vrf_leakage,real_spec_vrf_leakage_002
2026-07-17T22:09:29+00:00,station1,0.0,3.055,15.672,0.0,477127.4885911165,9573917.510590715,3.817019908728932,76.59134008472573,vrf_leakage,real_spec_vrf_leakage_002
2026-07-17T22:09:29+00:00,station2,0.0,2.152,13.26,0.0,8456499.836363636,422576.21818181814,67.65199869090908,3.380609745454545,vrf_leakage,real_spec_vrf_leakage_002
2026-07-17T22:09:29+00:00,station3,0.0,0.067,0.259,0.0,202.1090909090909,1094.8363636363636,0.0016168727272727272,0.008758690909090908,vrf_leakage,real_spec_vrf_leakage_002
2026-07-17T22:09:44+00:00,station1,0.0,3.436,15.689,0.0,436628.5272727272,8759715.745454544,3.4930282181818177,70.07772596363635,vrf_leakage,real_spec_vrf_leakage_002
2026-07-17T22:09:44+00:00,station2,0.0,0.545,13.444,0.0,8758256.2,438574.67272727273,70.0660496,3.508597381818182,vrf_leakage,real_spec_vrf_leakage_002
2026-07-17T22:09:44+00:00,station3,0.0,0.001,0.671,0.0,238.6181818181818,1309.490909090909,0.0019089454545454544,0.010475927272727273,vrf_leakage,real_spec_vrf_leakage_002
2026-07-17T22:09:59+00:00,station1,0.0,2.79,15.253,0.0,326566.4854446606,6525586.46835282,2.612531883557285,52.20469174682256,vrf_leakage,real_spec_vrf_leakage_002
2026-07-17T22:09:59+00:00,station2,0.0,1.68,14.148,40.0,6522815.527272727,327357.7454545454,52.18252421818182,2.6188619636363635,vrf_leakage,real_spec_vrf_leakage_002
2026-07-17T22:09:59+00:00,station3,0.0,0.121,0.681,0.0,193.03636363636363,1085.1090909090908,0.0015442909090909091,0.008680872727272726,vrf_leakage,real_spec_vrf_leakage_002
2026-07-17T22:10:14+00:00,station1,0.0,2.306,15.517,0.0,437734.2727272727,8755353.690909091,3.5018741818181818,70.04282952727273,vrf_leakage,real_spec_vrf_leakage_002
2026-07-17T22:10:14+00:00,station2,0.0,0.515,17.066,0.0,9228287.69090909,462379.8545454545,73.82630152727272,3.699038836363636,vrf_leakage,real_spec_vrf_leakage_002
2026-07-17T22:10:14+00:00,station3,0.0,0.045,0.756,0.0,235.45454545454544,1305.290909090909,0.0018836363636363636,0.010442327272727273,vrf_leakage,real_spec_vrf_leakage_002
2026-07-17T22:10:29+00:00,station1,0.0,1.973,14.762,0.0,516999.9636370248,10346496.77278595,4.135999709096199,82.77197418228761,vrf_leakage,real_spec_vrf_leakage_002
2026-07-17T22:10:29+00:00,station2,0.0,1.134,14.823,0.0,11158585.69090909,558452.2545454545,89.26868552727272,4.467618036363636,vrf_leakage,real_spec_vrf_leakage_002
2026-07-17T22:10:29+00:00,station3,0.0,0.029,0.631,0.0,197.85454545454544,1089.7636363636364,0.0015828363636363637,0.008718109090909091,vrf_leakage,real_spec_vrf_leakage_002
2026-07-17T22:10:44+00:00,station1,0.0,1.6,13.62,0.0,598142.8181818181,11973211.327272726,4.785142545454545,95.7856906181818,vrf_leakage,real_spec_vrf_leakage_002
2026-07-17T22:10:44+00:00,station2,0.0,0.991,12.963,0.0,10992093.8,550475.7090909091,87.93675040000001,4.403805672727273,vrf_leakage,real_spec_vrf_leakage_002
2026-07-17T22:10:44+00:00,station3,0.0,0.012,0.3,0.0,235.0181818181818,1304.0545454545454,0.0018801454545454544,0.010432436363636364,vrf_leakage,real_spec_vrf_leakage_002
2026-07-17T22:10:59+00:00,station1,0.0,2.598,17.556,0.0,437748.0365064359,8763714.566213366,3.501984292051487,70.10971652970693,vrf_leakage,real_spec_vrf_leakage_002
2026-07-17T22:10:59+00:00,station2,0.0,2.441,20.541,0.0,8763150.363636363,439136.9272727272,70.1052029090909,3.5130954181818175,vrf_leakage,real_spec_vrf_leakage_002
2026-07-17T22:10:59+00:00,station3,0.0,483.487,381.854,0.0,194.23636363636362,1086.2545454545455,0.001553890909090909,0.008690036363636364,vrf_leakage,real_spec_vrf_leakage_002
2026-07-17T22:11:14+00:00,station1,0.0,2.524,17.853,0.0,550094.3090909091,10998238.509090908,4.4007544727272725,87.98590807272727,vrf_leakage,real_spec_vrf_leakage_002
2026-07-17T22:11:14+00:00,station2,0.0,2.825,17.099,0.0,10997686.272727272,552018.0181818182,87.98149018181817,4.416144145454545,vrf_leakage,real_spec_vrf_leakage_002
2026-07-17T22:11:14+00:00,station3,0.0,478.413,1192.317,0.0,237.74545454545452,1307.4,0.0019019636363636363,0.0104592,vrf_leakage,real_spec_vrf_leakage_002
2026-07-17T22:11:29+00:00,station1,0.0,2.801,18.676,0.0,439054.1272727272,8765898.254545454,3.5124330181818175,70.12718603636363,vrf_leakage,real_spec_vrf_leakage_002
2026-07-17T22:11:29+00:00,station2,0.0,2.257,16.196,0.0,9068257.727272727,455624.0363636363,72.54606181818181,3.6449922909090904,vrf_leakage,real_spec_vrf_leakage_002
2026-07-17T22:11:29+00:00,station3,0.0,607.707,765.741,0.0,200.03636363636363,1092.9272727272726,0.001600290909090909,0.008743418181818181,vrf_leakage,real_spec_vrf_leakage_002
2026-07-17T22:11:44+00:00,station1,0.0,2.22,15.563,0.0,622548.3818181817,12419331.345454544,4.980387054545454,99.35465076363636,vrf_leakage,real_spec_vrf_leakage_002
2026-07-17T22:11:44+00:00,station2,0.0,4.055,16.771,0.0,13235305.618181817,664522.4181818181,105.88244494545454,5.316179345454545,vrf_leakage,real_spec_vrf_leakage_002
2026-07-17T22:11:44+00:00,station3,0.0,457.619,1123.191,0.0,242.1090909090909,1313.2363636363634,0.0019368727272727271,0.010505890909090907,vrf_leakage,real_spec_vrf_leakage_002
2026-07-17T22:11:59+00:00,station1,0.0,3.452,16.44,0.0,495908.5619738541,9887159.311987491,3.9672684957908326,79.09727449589992,vrf_leakage,real_spec_vrf_leakage_002
2026-07-17T22:11:59+00:00,station2,0.0,0.061,18.466,0.0,8768586.036363635,441076.9272727272,70.14868829090908,3.5286154181818175,vrf_leakage,real_spec_vrf_leakage_002
2026-07-17T22:11:59+00:00,station3,0.0,0.023,0.211,0.0,199.69090909090906,1091.7636363636364,0.0015975272727272725,0.008734109090909091,vrf_leakage,real_spec_vrf_leakage_002
2026-07-17T22:12:14+00:00,station1,0.0,0.94,15.291,0.0,432859.66507264035,8637022.619415604,3.4628773205811227,69.09618095532483,vrf_leakage,real_spec_vrf_leakage_002
2026-07-17T22:12:14+00:00,station2,0.0,2.436,17.296,0.0,8633903.98181818,433177.39999999997,69.07123185454545,3.4654192,vrf_leakage,real_spec_vrf_leakage_002
2026-07-17T22:12:14+00:00,station3,0.0,0.124,1.94,0.0,241.0181818181818,1310.290909090909,0.0019281454545454545,0.010482327272727273,vrf_leakage,real_spec_vrf_leakage_002
2026-07-17T22:12:29+00:00,station1,0.0,1.114,19.09,0.0,319775.10500190913,6402703.667339406,2.558200840015273,51.221629338715246,vrf_leakage,real_spec_vrf_leakage_002
2026-07-17T22:12:29+00:00,station2,0.0,3.122,18.346,0.0,6401125.4,319912.94545454544,51.209003200000005,2.5593035636363637,vrf_leakage,real_spec_vrf_leakage_002
2026-07-17T22:12:29+00:00,station3,0.0,0.041,2.244,0.0,198.94545454545454,1089.8727272727272,0.0015915636363636363,0.008718981818181818,vrf_leakage,real_spec_vrf_leakage_002
2026-07-17T22:12:44+00:00,station1,0.0,2.4,16.008,0.0,429012.23636363633,8633431.127272727,3.4320978909090907,69.06744901818182,vrf_leakage,real_spec_vrf_leakage_002
2026-07-17T22:12:44+00:00,station2,0.0,2.587,16.626,0.0,8794575.290909091,437950.41818181815,70.35660232727273,3.5036033454545454,vrf_leakage,real_spec_vrf_leakage_002
2026-07-17T22:12:44+00:00,station3,0.0,0.081,2.475,0.0,236.65454545454543,1306.7636363636364,0.0018932363636363634,0.01045410909090909,vrf_leakage,real_spec_vrf_leakage_002
2026-07-17T22:12:59+00:00,station1,0.0,2.063,16.418,25.0,491728.4545454545,9910884.145454545,3.933827636363636,79.28707316363635,vrf_leakage,real_spec_vrf_leakage_002
2026-07-17T22:12:59+00:00,station2,0.0,2.149,14.547,0.0,11025263.963636363,548089.5636363636,88.2021117090909,4.384716509090909,vrf_leakage,real_spec_vrf_leakage_002
2026-07-17T22:12:59+00:00,station3,0.0,0.649,1.965,0.0,192.6,1084.7272727272727,0.0015408,0.008677818181818182,vrf_leakage,real_spec_vrf_leakage_002
2026-07-17T22:13:14+00:00,station1,0.0,3.145,13.439,0.0,616141.5843924435,12409672.212222042,4.929132675139548,99.27737769777633,vrf_leakage,real_spec_vrf_leakage_002
2026-07-17T22:13:14+00:00,station2,0.0,1.589,13.276,0.0,11292672.963636363,562364.5636363636,90.3413837090909,4.4989165090909085,vrf_leakage,real_spec_vrf_leakage_002
2026-07-17T22:13:14+00:00,station3,0.0,0.048,0.282,0.0,236.65454545454543,1307.1636363636362,0.0018932363636363634,0.010457309090909089,vrf_leakage,real_spec_vrf_leakage_002
2026-07-17T22:13:29+00:00,station1,0.0,3.823,14.9,0.0,432751.21818181814,8704662.127272727,3.4620097454545453,69.63729701818181,vrf_leakage,real_spec_vrf_leakage_002
2026-07-17T22:13:29+00:00,station2,0.0,1.869,15.067,0.0,8704336.018181818,434063.10909090907,69.63468814545455,3.4725048727272725,vrf_leakage,real_spec_vrf_leakage_002
2026-07-17T22:13:29+00:00,station3,0.0,0.098,0.687,0.0,198.94545454545454,1090.6,0.0015915636363636363,0.0087248,vrf_leakage,real_spec_vrf_leakage_002
2026-07-17T22:13:44+00:00,station1,0.0,1.812,14.529,0.0,544907.634684267,10940733.84970636,4.359261077474136,87.52587079765087,vrf_leakage,real_spec_vrf_leakage_002
2026-07-17T22:13:44+00:00,station2,0.0,2.312,17.189,0.0,10938894.418181816,546599.3272727273,87.51115534545453,4.3727946181818185,vrf_leakage,real_spec_vrf_leakage_002
2026-07-17T22:13:44+00:00,station3,0.0,0.1,0.696,0.0,235.56363636363633,1304.1454545454544,0.0018845090909090907,0.010433163636363636,vrf_leakage,real_spec_vrf_leakage_002
2026-07-17T22:13:59+00:00,station1,0.0,2.931,14.347,25.0,434776.23636363633,8709040.290909091,3.4782098909090906,69.67232232727272,vrf_leakage,real_spec_vrf_leakage_002
2026-07-17T22:13:59+00:00,station2,0.0,2.038,13.662,0.0,8706214.799999999,436091.2727272727,69.6497184,3.4887301818181817,vrf_leakage,real_spec_vrf_leakage_002
2026-07-17T22:13:59+00:00,station3,0.0,0.108,0.653,0.0,191.5090909090909,1081.9636363636362,0.0015320727272727273,0.008655709090909089,vrf_leakage,real_spec_vrf_leakage_002
2026-07-17T22:14:14+00:00,station1,0.0,1.008,13.352,0.0,595862.2338587975,11922339.224349534,4.7668978708703795,95.37871379479627,vrf_leakage,real_spec_vrf_leakage_002
2026-07-17T22:14:14+00:00,station2,0.0,2.517,15.535,0.0,13036709.47272727,652828.709090909,104.29367578181817,5.222629672727272,vrf_leakage,real_spec_vrf_leakage_002
2026-07-17T22:14:14+00:00,station3,0.0,0.38,0.984,0.0,235.56363636363633,1303.709090909091,0.0018845090909090907,0.010429672727272727,vrf_leakage,real_spec_vrf_leakage_002
2026-07-17T22:14:29+00:00,station1,0.0,2.641,15.089,0.0,520303.3470901587,10402870.716142755,4.1624267767212695,83.22296572914205,vrf_leakage,real_spec_vrf_leakage_002
2026-07-17T22:14:29+00:00,station2,0.0,2.761,15.361,0.0,9285580.054545455,465846.87272727274,74.28464043636363,3.726774981818182,vrf_leakage,real_spec_vrf_leakage_002
2026-07-17T22:14:29+00:00,station3,0.0,0.029,0.264,0.0,197.74545454545452,1089.4363636363637,0.001581963636363636,0.00871549090909091,vrf_leakage,real_spec_vrf_leakage_002
2026-07-17T22:14:44+00:00,station1,0.0,1.462,16.675,0.0,552188.4806283294,11030026.18039016,4.417507845026636,88.24020944312129,vrf_leakage,real_spec_vrf_leakage_002
2026-07-17T22:14:44+00:00,station2,0.0,1.634,14.784,0.0,11029377.727272727,553333.4181818182,88.2350218181818,4.426667345454546,vrf_leakage,real_spec_vrf_leakage_002
2026-07-17T22:14:44+00:00,station3,0.0,0.102,2.427,0.0,234.36363636363635,1305.090909090909,0.0018749090909090907,0.010440727272727272,vrf_leakage,real_spec_vrf_leakage_002
2026-07-17T22:14:59+00:00,station1,0.0,2.451,16.287,0.0,440619.5818181818,8800760.399999999,3.5249566545454543,70.40608319999998,vrf_leakage,real_spec_vrf_leakage_002
2026-07-17T22:14:59+00:00,station2,0.0,2.156,17.581,0.0,8800344.109090907,441883.309090909,70.40275287272726,3.535066472727272,vrf_leakage,real_spec_vrf_leakage_002
2026-07-17T22:14:59+00:00,station3,0.0,0.536,2.44,0.0,190.3090909090909,1083.6727272727271,0.0015224727272727273,0.008669381818181818,vrf_leakage,real_spec_vrf_leakage_002
2026-07-17T22:15:14+00:00,station1,0.0,0.057,0.721,0.0,549432.4648642752,11036598.789112926,4.395459718914202,88.2927903129034,vrf_leakage,real_spec_vrf_leakage_002
2026-07-17T22:15:14+00:00,station2,0.0,0.229,0.641,0.0,11035743.327272726,550216.4909090908,88.28594661818181,4.401731927272727,vrf_leakage,real_spec_vrf_leakage_002
2026-07-17T22:15:14+00:00,station3,0.0,0.425,2.386,0.0,233.89090909090908,1306.0363636363634,0.0018711272727272726,0.010448290909090907,vrf_leakage,real_spec_vrf_leakage_002
2026-07-17T22:15:29+00:00,station1,0.0,0.168,0.939,0.0,554105.2545454545,11169482.109090907,4.4328420363636365,89.35585687272726,vrf_leakage,real_spec_vrf_leakage_002
2026-07-17T22:15:29+00:00,station2,0.0,0.073,0.783,0.0,11169464.272727272,554534.3272727273,89.35571418181817,4.436274618181818,vrf_leakage,real_spec_vrf_leakage_002
2026-07-17T22:15:29+00:00,station3,0.0,0.187,2.546,0.0,198.47272727272727,1090.7272727272727,0.0015877818181818182,0.008725818181818182,vrf_leakage,real_spec_vrf_leakage_002
2026-07-17T22:15:44+00:00,station1,0.0,0.04,0.2,0.0,522398.5126461443,10554887.339309417,4.179188101169155,84.43909871447534,vrf_leakage,real_spec_vrf_leakage_002
2026-07-17T22:15:44+00:00,station2,0.0,0.06,0.239,0.0,9435972.418181816,468077.72727272724,75.48777934545453,3.744621818181818,vrf_leakage,real_spec_vrf_leakage_002
2026-07-17T22:15:44+00:00,station3,0.0,0.02,0.266,0.0,236.65454545454543,1305.7818181818182,0.0018932363636363634,0.010446254545454545,vrf_leakage,real_spec_vrf_leakage_002
2026-07-17T22:15:59+00:00,station1,0.0,1.317,1.822,0.0,329245.2545454545,6648186.872727272,2.633962036363636,53.185494981818174,vrf_leakage,real_spec_vrf_leakage_002
2026-07-17T22:15:59+00:00,station2,0.0,2.165,2.292,0.0,6646692.836363635,331074.61818181816,53.17354269090908,2.6485969454545453,vrf_leakage,real_spec_vrf_leakage_002
2026-07-17T22:15:59+00:00,station3,0.0,0.311,2.081,0.0,193.14545454545453,1085.8363636363636,0.0015451636363636363,0.008686690909090909,vrf_leakage,real_spec_vrf_leakage_002
2026-07-17T22:16:14+00:00,station1,0.0,0.263,1.224,0.0,442780.5840424758,8881224.252672922,3.542244672339806,71.04979402138338,vrf_leakage,real_spec_vrf_leakage_002
2026-07-17T22:16:14+00:00,station2,0.0,0.156,0.792,0.0,8879811.472727273,444852.2909090909,71.03849178181818,3.558818327272727,vrf_leakage,real_spec_vrf_leakage_002
2026-07-17T22:16:14+00:00,station3,0.0,0.321,2.149,0.0,235.56363636363633,1306.4181818181817,0.0018845090909090907,0.010451345454545454,vrf_leakage,real_spec_vrf_leakage_002
2026-07-17T22:16:29+00:00,station1,0.0,0.244,0.958,0.0,364502.3818181818,7262434.327272727,2.9160190545454543,58.099474618181816,vrf_leakage,real_spec_vrf_leakage_002
2026-07-17T22:16:29+00:00,station2,0.0,0.698,1.188,0.0,8378302.963636363,421429.5818181818,67.0264237090909,3.3714366545454544,vrf_leakage,real_spec_vrf_leakage_002
2026-07-17T22:16:29+00:00,station3,0.0,0.192,1.984,0.0,197.38181818181818,1091.290909090909,0.0015790545454545453,0.008730327272727273,vrf_leakage,real_spec_vrf_leakage_002
2026-07-17T22:16:44+00:00,station1,0.0,0.085,0.891,0.0,588001.3272485954,11731360.62980673,4.7040106179887635,93.85088503845385,vrf_leakage,real_spec_vrf_leakage_002
2026-07-17T22:16:44+00:00,station2,0.0,0.024,0.672,0.0,12847036.418181816,645060.0909090909,102.77629134545452,5.160480727272727,vrf_leakage,real_spec_vrf_leakage_002
2026-07-17T22:16:44+00:00,station3,0.0,0.189,1.802,0.0,233.99999999999997,1310.381818181818,0.0018719999999999997,0.010483054545454545,vrf_leakage,real_spec_vrf_leakage_002
2026-07-17T22:16:59+00:00,station1,0.0,0.053,0.21,0.0,531459.2643770113,10621168.087852947,4.25167411501609,84.96934470282358,vrf_leakage,real_spec_vrf_leakage_002
2026-07-17T22:16:59+00:00,station2,0.0,0.034,0.222,0.0,9503969.163636362,476742.7454545454,76.0317533090909,3.8139419636363634,vrf_leakage,real_spec_vrf_leakage_002
2026-07-17T22:16:59+00:00,station3,0.0,0.046,0.187,0.0,200.16363636363633,1093.1272727272726,0.0016013090909090906,0.00874501818181818,vrf_leakage,real_spec_vrf_leakage_002
2026-07-17T22:17:14+00:00,station1,0.0,0.176,0.975,0.0,445479.7636363636,8884170.927272728,3.563838109090909,71.07336741818182,vrf_leakage,real_spec_vrf_leakage_002
2026-07-17T22:17:14+00:00,station2,0.0,0.184,0.975,0.0,8882607.618181817,446936.14545454545,71.06086094545454,3.5754891636363637,vrf_leakage,real_spec_vrf_leakage_002
2026-07-17T22:17:14+00:00,station3,0.0,0.035,0.674,0.0,243.5272727272727,1310.909090909091,0.0019482181818181816,0.010487272727272729,vrf_leakage,real_spec_vrf_leakage_002
2026-07-17T22:17:29+00:00,station1,0.0,1.388,1.805,0.0,334131.7636363636,6649124.236363635,2.673054109090909,53.19299389090909,vrf_leakage,real_spec_vrf_leakage_002
2026-07-17T22:17:29+00:00,station2,0.0,1.455,1.861,0.0,6647685.0,335211.9272727273,53.18148,2.6816954181818184,vrf_leakage,real_spec_vrf_leakage_002
2026-07-17T22:17:29+00:00,station3,0.0,0.184,0.801,0.0,205.89090909090908,1096.9818181818182,0.0016471272727272726,0.008775854545454546,vrf_leakage,real_spec_vrf_leakage_002
2026-07-17T22:17:44+00:00,station1,0.0,0.301,0.983,0.0,446072.23505027185,8882047.253686296,3.5685778804021746,71.05637802949036,vrf_leakage,real_spec_vrf_leakage_002
2026-07-17T22:17:44+00:00,station2,0.0,0.475,1.227,0.0,8880828.309090909,447615.2909090909,71.04662647272727,3.5809223272727273,vrf_leakage,real_spec_vrf_leakage_002
2026-07-17T22:17:44+00:00,station3,0.0,0.06,0.722,0.0,250.25454545454542,1307.6181818181817,0.002002036363636363,0.010460945454545454,vrf_leakage,real_spec_vrf_leakage_002
2026-07-17T22:17:59+00:00,station1,0.0,0.645,1.074,0.0,474044.41818181815,9432402.8,3.792355345454545,75.4592224,vrf_leakage,real_spec_vrf_leakage_002
2026-07-17T22:17:59+00:00,station2,0.0,0.802,1.363,0.0,10548174.327272726,531028.8727272727,84.3853946181818,4.248230981818182,vrf_leakage,real_spec_vrf_leakage_002
2026-07-17T22:17:59+00:00,station3,0.0,0.713,1.164,0.0,195.58181818181816,1083.9090909090908,0.0015646545454545454,0.008671272727272725,vrf_leakage,real_spec_vrf_leakage_002
2026-07-17T22:18:14+00:00,station1,0.0,0.027,0.219,0.0,647738.9636363635,12911759.763636362,5.181911709090908,103.29407810909089,vrf_leakage,real_spec_vrf_leakage_002
2026-07-17T22:18:14+00:00,station2,0.0,0.059,0.249,0.0,11793072.927272728,593032.8727272727,94.34458341818183,4.744262981818181,vrf_leakage,real_spec_vrf_leakage_002
2026-07-17T22:18:14+00:00,station3,0.0,0.036,0.254,0.0,241.1272727272727,1304.6727272727271,0.0019290181818181816,0.010437381818181816,vrf_leakage,real_spec_vrf_leakage_002
2026-07-17T22:18:29+00:00,station1,0.0,0.058,0.776,0.0,445846.0181818182,8868954.036363635,3.5667681454545455,70.95163229090907,vrf_leakage,real_spec_vrf_leakage_002
2026-07-17T22:18:29+00:00,station2,0.0,0.213,0.945,0.0,8867595.254545454,446999.8909090909,70.94076203636364,3.575999127272727,vrf_leakage,real_spec_vrf_leakage_002
2026-07-17T22:18:29+00:00,station3,0.0,0.096,0.655,0.0,204.5090909090909,1089.1272727272726,0.0016360727272727272,0.008713018181818181,vrf_leakage,real_spec_vrf_leakage_002
2026-07-17T22:18:44+00:00,station1,0.0,0.055,0.756,0.0,557986.6363636364,11103692.49090909,4.463893090909091,88.82953992727272,vrf_leakage,real_spec_vrf_leakage_002
2026-07-17T22:18:44+00:00,station2,0.0,0.104,0.764,0.0,11102327.47272727,559418.8181818181,88.81861978181817,4.475350545454545,vrf_leakage,real_spec_vrf_leakage_002
2026-07-17T22:18:44+00:00,station3,0.0,0.042,0.621,0.0,236.03636363636363,1305.8,0.001888290909090909,0.0104464,vrf_leakage,real_spec_vrf_leakage_002
2026-07-17T22:18:59+00:00,station1,0.0,1.342,1.89,0.0,445828.51791915926,8868819.335600125,3.5666281433532743,70.95055468480099,vrf_leakage,real_spec_vrf_leakage_002
2026-07-17T22:18:59+00:00,station2,0.0,1.035,1.61,0.0,8866426.690909091,446767.90909090906,70.93141352727272,3.5741432727272726,vrf_leakage,real_spec_vrf_leakage_002
2026-07-17T22:18:59+00:00,station3,0.0,0.091,0.668,0.0,193.6181818181818,1084.1818181818182,0.0015489454545454544,0.008673454545454547,vrf_leakage,real_spec_vrf_leakage_002
2026-07-17T22:19:14+00:00,station1,0.0,0.095,0.823,0.0,582406.294888812,11594636.30743495,4.659250359110496,92.7570904594796,vrf_leakage,real_spec_vrf_leakage_002
2026-07-17T22:19:14+00:00,station2,0.0,0.115,0.868,0.0,12710030.67272727,639628.7636363636,101.68024538181817,5.1170301090909085,vrf_leakage,real_spec_vrf_leakage_002
2026-07-17T22:19:14+00:00,station3,0.0,0.093,0.74,0.0,234.47272727272727,1304.4363636363635,0.001875781818181818,0.010435490909090907,vrf_leakage,real_spec_vrf_leakage_002
2026-07-17T22:19:29+00:00,station1,0.0,0.035,0.266,0.0,539073.3636363636,10747556.0,4.312586909090909,85.980448,vrf_leakage,real_spec_vrf_leakage_002
2026-07-17T22:19:29+00:00,station2,0.0,0.037,0.266,0.0,9629638.472727273,484433.99999999994,77.03710778181818,3.8754719999999994,vrf_leakage,real_spec_vrf_leakage_002
2026-07-17T22:19:29+00:00,station3,0.0,0.034,0.27,0.0,196.2181818181818,1087.8,0.0015697454545454542,0.008702399999999999,vrf_leakage,real_spec_vrf_leakage_002
2026-07-17T22:19:44+00:00,station1,0.0,0.691,1.489,0.0,582229.6223567702,11594287.077946872,4.657836978854162,92.75429662357497,vrf_leakage,real_spec_vrf_leakage_002
2026-07-17T22:19:44+00:00,station2,0.0,0.83,1.487,0.0,11592147.927272728,583064.3636363635,92.73718341818183,4.664514909090908,vrf_leakage,real_spec_vrf_leakage_002
2026-07-17T22:19:44+00:00,station3,0.0,0.058,2.597,0.0,235.09090909090907,1305.8363636363636,0.0018807272727272724,0.010446690909090908,vrf_leakage,real_spec_vrf_leakage_002
2026-07-17T22:19:59+00:00,station1,0.0,0.142,0.824,0.0,469959.65381188755,9361907.943780797,3.7596772304951003,74.89526355024637,vrf_leakage,real_spec_vrf_leakage_002
2026-07-17T22:19:59+00:00,station2,0.0,0.237,0.94,0.0,9361089.109090907,471012.67272727273,74.88871287272725,3.7681013818181817,vrf_leakage,real_spec_vrf_leakage_002
2026-07-17T22:19:59+00:00,station3,0.0,0.129,2.217,0.0,192.67272727272726,1085.7636363636364,0.001541381818181818,0.00868610909090909,vrf_leakage,real_spec_vrf_leakage_002
2026-07-17T22:20:14+00:00,station1,0.0,1.199,1.744,0.0,581430.1376338613,11595827.512227051,4.6514411010708905,92.76662009781641,vrf_leakage,real_spec_vrf_leakage_002
2026-07-17T22:20:14+00:00,station2,0.0,1.25,1.776,0.0,11593772.181818182,582423.5272727272,92.75017745454545,4.659388218181817,vrf_leakage,real_spec_vrf_leakage_002
2026-07-17T22:20:14+00:00,station3,0.0,0.343,2.468,0.0,235.09090909090907,1307.2363636363634,0.0018807272727272724,0.010457890909090908,vrf_leakage,real_spec_vrf_leakage_002
2026-07-17T22:20:29+00:00,station1,0.0,1.455,1.78,0.0,558773.1677605861,11170300.103634479,4.470185342084689,89.36240082907582,vrf_leakage,real_spec_vrf_leakage_002
2026-07-17T22:20:29+00:00,station2,0.0,1.266,1.783,0.0,11169207.07272727,559973.6363636364,89.35365658181816,4.479789090909091,vrf_leakage,real_spec_vrf_leakage_002
2026-07-17T22:20:29+00:00,station3,0.0,0.7,2.074,0.0,198.4,1090.1454545454544,0.0015872,0.008721163636363636,vrf_leakage,real_spec_vrf_leakage_002
2026-07-17T22:20:44+00:00,station1,0.0,0.028,1.068,0.0,556754.9499100016,11107436.8284213,4.454039599280013,88.8594946273704,vrf_leakage,real_spec_vrf_leakage_002
2026-07-17T22:20:44+00:00,station2,0.0,0.449,0.968,0.0,11105627.218181817,558107.3818181817,88.84501774545454,4.464859054545454,vrf_leakage,real_spec_vrf_leakage_002
2026-07-17T22:20:44+00:00,station3,0.0,0.194,0.794,0.0,236.03636363636363,1306.0181818181816,0.001888290909090909,0.010448145454545452,vrf_leakage,real_spec_vrf_leakage_002
2026-07-17T22:20:59+00:00,station1,0.0,0.229,1.014,0.0,445217.5312278405,8874216.494845362,3.561740249822724,70.9937319587629,vrf_leakage,real_spec_vrf_leakage_002
2026-07-17T22:20:59+00:00,station2,0.0,0.153,0.937,0.0,8873226.181818182,446444.9636363636,70.98580945454545,3.571559709090909,vrf_leakage,real_spec_vrf_leakage_002
2026-07-17T22:20:59+00:00,station3,0.0,0.222,0.767,0.0,192.05454545454543,1084.9636363636362,0.0015364363636363634,0.00867970909090909,vrf_leakage,real_spec_vrf_leakage_002
2026-07-17T22:21:14+00:00,station1,0.0,0.112,0.804,0.0,557425.8363636363,11108536.618181817,4.45940669090909,88.86829294545454,vrf_leakage,real_spec_vrf_leakage_002
2026-07-17T22:21:14+00:00,station2,0.0,0.135,0.887,0.0,11107714.454545455,558958.8181818181,88.86171563636364,4.471670545454545,vrf_leakage,real_spec_vrf_leakage_002
2026-07-17T22:21:14+00:00,station3,0.0,0.129,0.75,0.0,236.03636363636363,1304.0363636363634,0.001888290909090909,0.010432290909090907,vrf_leakage,real_spec_vrf_leakage_002
2026-07-17T22:21:29+00:00,station1,0.0,0.068,1.095,0.0,487928.0181818182,9716573.527272727,3.9034241454545455,77.73258821818182,vrf_leakage,real_spec_vrf_leakage_002
2026-07-17T22:21:29+00:00,station2,0.0,0.046,1.056,0.0,10832629.363636363,545012.5272727272,86.6610349090909,4.360100218181818,vrf_leakage,real_spec_vrf_leakage_002
2026-07-17T22:21:29+00:00,station3,0.0,0.126,0.752,0.0,196.2181818181818,1087.3454545454545,0.0015697454545454542,0.008698763636363635,vrf_leakage,real_spec_vrf_leakage_002
2026-07-17T22:21:44+00:00,station1,0.0,0.033,0.25,0.0,633755.5818181818,12635971.818181816,5.0700446545454545,101.08777454545454,vrf_leakage,real_spec_vrf_leakage_002
2026-07-17T22:21:44+00:00,station2,0.0,0.063,0.218,0.0,11517955.654545454,579188.6909090909,92.14364523636364,4.633509527272727,vrf_leakage,real_spec_vrf_leakage_002
2026-07-17T22:21:44+00:00,station3,0.0,0.023,0.237,0.0,234.47272727272727,1303.7636363636364,0.001875781818181818,0.010430109090909091,vrf_leakage,real_spec_vrf_leakage_002
2026-07-17T22:21:59+00:00,station1,0.0,0.064,0.215,0.0,409910.8892888962,8167751.540937109,3.2792871143111695,65.34201232749687,vrf_leakage,real_spec_vrf_leakage_002
2026-07-17T22:21:59+00:00,station2,0.0,0.057,0.263,0.0,7048985.781818181,355004.69090909086,56.39188625454545,2.840037527272727,vrf_leakage,real_spec_vrf_leakage_002
2026-07-17T22:21:59+00:00,station3,0.0,0.02,0.289,0.0,192.05454545454543,1083.9454545454544,0.0015364363636363634,0.008671563636363636,vrf_leakage,real_spec_vrf_leakage_002
2026-07-17T22:22:14+00:00,station1,0.0,0.232,0.923,0.0,440218.63636363635,8880762.145454545,3.5217490909090907,71.04609716363636,vrf_leakage,real_spec_vrf_leakage_002
2026-07-17T22:22:14+00:00,station2,0.0,0.083,0.743,0.0,8879010.999999998,438983.61818181816,71.03208799999999,3.5118689454545455,vrf_leakage,real_spec_vrf_leakage_002
2026-07-17T22:22:14+00:00,station3,0.0,0.232,0.868,0.0,232.9090909090909,1304.1818181818182,0.0018632727272727273,0.010433454545454546,vrf_leakage,real_spec_vrf_leakage_002
2026-07-17T22:22:29+00:00,station1,0.0,1.323,1.883,0.0,323072.2727272727,6646794.781818181,2.5845781818181814,53.17435825454545,vrf_leakage,real_spec_vrf_leakage_002
2026-07-17T22:22:29+00:00,station2,0.0,1.287,1.777,0.0,6644919.327272727,321275.23636363633,53.159354618181816,2.5702018909090905,vrf_leakage,real_spec_vrf_leakage_002
2026-07-17T22:22:29+00:00,station3,0.0,0.015,0.653,0.0,196.29090909090908,1089.6,0.0015703272727272727,0.008716799999999999,vrf_leakage,real_spec_vrf_leakage_002
2026-07-17T22:22:44+00:00,station1,0.0,0.189,0.903,0.0,463097.69090909086,9650750.927272728,3.704781527272727,77.20600741818183,vrf_leakage,real_spec_vrf_leakage_002
2026-07-17T22:22:44+00:00,station2,0.0,0.836,1.311,0.0,10766544.454545455,517604.4909090909,86.13235563636364,4.140835927272727,vrf_leakage,real_spec_vrf_leakage_002
2026-07-17T22:22:44+00:00,station3,0.0,0.199,0.903,0.0,232.9090909090909,1303.6,0.0018632727272727273,0.010428799999999998,vrf_leakage,real_spec_vrf_leakage_002
2026-07-17T22:22:59+00:00,station1,0.0,0.057,0.784,0.0,534076.9328678449,11172628.863917375,4.27261546294276,89.381030911339,vrf_leakage,real_spec_vrf_leakage_002
2026-07-17T22:22:59+00:00,station2,0.0,0.183,0.918,0.0,11171806.98181818,535330.7999999999,89.37445585454545,4.282646399999999,vrf_leakage,real_spec_vrf_leakage_002
2026-07-17T22:22:59+00:00,station3,0.0,0.011,0.631,0.0,192.05454545454543,1083.7636363636364,0.0015364363636363634,0.008670109090909092,vrf_leakage,real_spec_vrf_leakage_002
2026-07-17T22:23:14+00:00,station1,0.0,1.174,1.513,0.0,533219.4869184197,11106915.34699369,4.2657558953473576,88.85532277594952,vrf_leakage,real_spec_vrf_leakage_002
2026-07-17T22:23:14+00:00,station2,0.0,1.294,1.848,0.0,11104650.309090909,536556.0909090909,88.83720247272727,4.292448727272728,vrf_leakage,real_spec_vrf_leakage_002
2026-07-17T22:23:14+00:00,station3,0.0,0.202,0.791,0.0,237.1272727272727,1305.3636363636363,0.0018970181818181815,0.01044290909090909,vrf_leakage,real_spec_vrf_leakage_002
2026-07-17T22:23:29+00:00,station1,0.0,0.126,0.658,0.0,430378.8476573153,8871240.286540244,3.4430307812585226,70.96992229232195,bgp_route_flap,real_spec_bgp_route_flap_002
2026-07-17T22:23:29+00:00,station2,0.0,1.394,1.713,0.0,8869760.963636363,433780.0727272727,70.9580877090909,3.4702405818181816,bgp_route_flap,real_spec_bgp_route_flap_002
2026-07-17T22:23:29+00:00,station3,0.0,0.069,0.987,0.0,202.07272727272726,1090.8181818181818,0.001616581818181818,0.008726545454545454,bgp_route_flap,real_spec_bgp_route_flap_002
2026-07-17T22:23:44+00:00,station1,0.0,0.123,0.851,0.0,545720.4181818182,11104091.38181818,4.365763345454545,88.83273105454545,bgp_route_flap,real_spec_bgp_route_flap_002
2026-07-17T22:23:44+00:00,station2,0.0,0.229,0.996,0.0,11102407.29090909,549198.4545454545,88.8192583272727,4.393587636363636,bgp_route_flap,real_spec_bgp_route_flap_002
2026-07-17T22:23:44+00:00,station3,0.0,0.123,0.809,0.0,240.47272727272727,1310.909090909091,0.0019237818181818181,0.010487272727272729,bgp_route_flap,real_spec_bgp_route_flap_002
2026-07-17T22:23:59+00:00,station1,0.0,0.314,1.077,0.0,477223.5818181818,9579530.072727272,3.8177886545454545,76.63624058181817,bgp_route_flap,real_spec_bgp_route_flap_002
2026-07-17T22:23:59+00:00,station2,0.0,1.273,1.823,0.0,10695285.127272727,533558.6181818182,85.56228101818182,4.268468945454545,bgp_route_flap,real_spec_bgp_route_flap_002
2026-07-17T22:23:59+00:00,station3,0.0,0.367,1.025,0.0,197.58181818181816,1091.8181818181818,0.0015806545454545454,0.008734545454545455,bgp_route_flap,real_spec_bgp_route_flap_002
2026-07-17T22:24:14+00:00,station1,0.0,0.007,0.279,0.0,634338.2363636363,12759532.98181818,5.07470589090909,102.07626385454545,bgp_route_flap,real_spec_bgp_route_flap_002
2026-07-17T22:24:14+00:00,station2,0.0,0.022,0.215,0.0,11641649.872727271,580116.0363636364,93.13319898181817,4.640928290909091,bgp_route_flap,real_spec_bgp_route_flap_002
2026-07-17T22:24:14+00:00,station3,0.0,0.019,0.324,0.0,239.99999999999997,1312.3636363636363,0.0019199999999999998,0.01049890909090909,bgp_route_flap,real_spec_bgp_route_flap_002
2026-07-17T22:24:29+00:00,station1,0.0,0.176,2.454,0.0,441645.61818181816,8865436.636363635,3.5331649454545455,70.92349309090908,bgp_route_flap,real_spec_bgp_route_flap_002
2026-07-17T22:24:29+00:00,station2,0.0,0.257,2.363,0.0,8865550.6,443025.69090909086,70.92440479999999,3.544205527272727,bgp_route_flap,real_spec_bgp_route_flap_002
2026-07-17T22:24:29+00:00,station3,0.0,1442.085,2966.71,0.0,193.78181818181818,1095.7636363636364,0.0015502545454545455,0.00876610909090909,bgp_route_flap,real_spec_bgp_route_flap_002
2026-07-17T22:24:44+00:00,station1,0.0,0.141,2.825,0.0,554434.2442589866,11102434.589719813,4.435473954071893,88.8194767177585,bgp_route_flap,real_spec_bgp_route_flap_002
2026-07-17T22:24:44+00:00,station2,0.0,0.495,2.712,0.0,11100598.38181818,556164.9999999999,88.80478705454544,4.449319999999999,bgp_route_flap,real_spec_bgp_route_flap_002
2026-07-17T22:24:44+00:00,station3,0.0,2344.966,6417.886,20.0,234.1090909090909,1309.290909090909,0.001872872727272727,0.010474327272727272,bgp_route_flap,real_spec_bgp_route_flap_002
2026-07-17T22:24:59+00:00,station1,0.0,0.409,2.075,0.0,444195.4399170894,8868022.909507446,3.5535635193367154,70.94418327605956,bgp_route_flap,real_spec_bgp_route_flap_002
2026-07-17T22:24:59+00:00,station2,0.0,0.559,2.361,0.0,8866966.109090907,445597.9636363636,70.93572887272725,3.564783709090909,bgp_route_flap,real_spec_bgp_route_flap_002
2026-07-17T22:24:59+00:00,station3,0.0,1065.664,2598.509,0.0,197.5090909090909,1089.1090909090908,0.0015800727272727271,0.008712872727272726,bgp_route_flap,real_spec_bgp_route_flap_002
2026-07-17T22:25:14+00:00,station1,0.0,0.088,2.469,0.0,588607.0837651595,11746033.036964308,4.708856670121276,93.96826429571446,bgp_route_flap,real_spec_bgp_route_flap_002
2026-07-17T22:25:14+00:00,station2,0.0,0.052,2.62,0.0,12861151.4,645861.8545454546,102.8892112,5.166894836363637,bgp_route_flap,real_spec_bgp_route_flap_002
2026-07-17T22:25:14+00:00,station3,0.0,0.0,3766.912,90.0,243.16363636363633,1339.490909090909,0.0019453090909090907,0.010715927272727273,bgp_route_flap,real_spec_bgp_route_flap_002
2026-07-17T22:25:29+00:00,station1,0.0,0.029,0.246,0.0,531072.0181818182,10610057.38181818,4.248576145454545,84.88045905454544,bgp_route_flap,real_spec_bgp_route_flap_002
2026-07-17T22:25:29+00:00,station2,0.0,0.063,0.223,0.0,9491493.763636362,476245.34545454546,75.93195010909089,3.8099627636363635,bgp_route_flap,real_spec_bgp_route_flap_002
2026-07-17T22:25:29+00:00,station3,0.0,0.038,0.227,0.0,244.2181818181818,1128.1454545454544,0.0019537454545454544,0.009025163636363635,bgp_route_flap,real_spec_bgp_route_flap_002
2026-07-17T22:25:44+00:00,station1,0.0,1.014,1.715,0.0,445173.26327654853,8877007.254149774,3.5613861062123884,71.01605803319819,bgp_route_flap,real_spec_bgp_route_flap_002
2026-07-17T22:25:44+00:00,station2,0.0,1.092,1.664,0.0,8875973.98181818,446146.99999999994,71.00779185454545,3.5691759999999997,bgp_route_flap,real_spec_bgp_route_flap_002
2026-07-17T22:25:44+00:00,station3,0.0,0.182,0.875,0.0,272.76363636363635,1340.7818181818182,0.002182109090909091,0.010726254545454545,bgp_route_flap,real_spec_bgp_route_flap_002
2026-07-17T22:25:59+00:00,station1,0.0,0.185,0.861,0.0,333097.58359242894,6645220.822196768,2.6647806687394318,53.16176657757414,bgp_route_flap,real_spec_bgp_route_flap_002
2026-07-17T22:25:59+00:00,station2,0.0,0.202,0.954,0.0,6642649.636363636,333622.41818181815,53.14119709090909,2.668979345454545,bgp_route_flap,real_spec_bgp_route_flap_002
2026-07-17T22:25:59+00:00,station3,0.0,0.121,0.727,0.0,234.89090909090908,1114.7272727272725,0.0018791272727272726,0.00891781818181818,bgp_route_flap,real_spec_bgp_route_flap_002
2026-07-17T22:26:14+00:00,station1,0.0,0.528,1.09,0.0,443581.9864371035,8876603.439812373,3.548655891496828,71.01282751849898,bgp_route_flap,real_spec_bgp_route_flap_002
2026-07-17T22:26:14+00:00,station2,0.0,0.735,1.375,0.0,8876241.98181818,444220.6545454545,71.00993585454545,3.553765236363636,bgp_route_flap,real_spec_bgp_route_flap_002
2026-07-17T22:26:14+00:00,station3,0.0,0.721,1.182,0.0,267.49090909090904,1313.0545454545454,0.0021399272727272724,0.010504436363636363,bgp_route_flap,real_spec_bgp_route_flap_002
2026-07-17T22:26:29+00:00,station1,0.0,0.087,0.89,0.0,470727.19999999995,9439666.745454544,3.7658175999999997,75.51733396363635,bgp_route_flap,real_spec_bgp_route_flap_002
2026-07-17T22:26:29+00:00,station2,0.0,0.017,0.767,0.0,10555730.890909089,527259.5454545454,84.44584712727271,4.218076363636364,bgp_route_flap,real_spec_bgp_route_flap_002
2026-07-17T22:26:29+00:00,station3,0.0,0.114,0.763,0.0,202.18181818181816,1093.3636363636363,0.0016174545454545452,0.00874690909090909,bgp_route_flap,real_spec_bgp_route_flap_002
2026-07-17T22:26:44+00:00,station1,0.0,0.054,0.226,0.0,642178.0448339182,12905297.092885844,5.137424358671346,103.24237674308675,bgp_route_flap,real_spec_bgp_route_flap_002
2026-07-17T22:26:44+00:00,station2,0.0,0.056,0.258,0.0,11787446.49090909,587931.4545454546,94.29957192727272,4.703451636363637,bgp_route_flap,real_spec_bgp_route_flap_002
2026-07-17T22:26:44+00:00,station3,0.0,0.008,0.291,0.0,239.99999999999997,1309.8545454545454,0.0019199999999999998,0.010478836363636362,bgp_route_flap,real_spec_bgp_route_flap_002
2026-07-17T22:26:59+00:00,station1,0.0,0.04,0.805,0.0,441463.8909090909,8868644.818181818,3.531711127272727,70.94915854545455,bgp_route_flap,real_spec_bgp_route_flap_002
2026-07-17T22:26:59+00:00,station2,0.0,0.197,0.99,0.0,8867818.545454545,440689.54545454547,70.94254836363636,3.525516363636364,bgp_route_flap,real_spec_bgp_route_flap_002
2026-07-17T22:26:59+00:00,station3,0.0,0.228,0.778,0.0,195.76363636363632,1086.6363636363635,0.0015661090909090906,0.008693090909090907,bgp_route_flap,real_spec_bgp_route_flap_002
2026-07-17T22:27:14+00:00,station1,0.0,0.222,0.948,0.0,545059.6170978709,11102821.548699114,4.360476936782967,88.82257238959292,bgp_route_flap,real_spec_bgp_route_flap_002
2026-07-17T22:27:14+00:00,station2,0.0,0.237,0.527,0.0,11100752.781818181,544529.4545454545,88.80602225454545,4.356235636363635,bgp_route_flap,real_spec_bgp_route_flap_002
2026-07-17T22:27:14+00:00,station3,0.0,0.043,0.629,0.0,238.94545454545454,1305.6909090909091,0.0019115636363636363,0.010445527272727273,bgp_route_flap,real_spec_bgp_route_flap_002
2026-07-17T22:27:29+00:00,station1,0.0,0.228,0.986,0.0,430288.8674751368,8868096.307339866,3.4423109398010947,70.94477045871892,bgp_route_flap,real_spec_bgp_route_flap_002
2026-07-17T22:27:29+00:00,station2,0.0,0.035,0.693,0.0,8869571.727272727,428934.43636363634,70.95657381818181,3.4314754909090905,bgp_route_flap,real_spec_bgp_route_flap_002
2026-07-17T22:27:29+00:00,station3,0.0,0.167,0.743,0.0,201.23636363636362,1090.0545454545454,0.001609890909090909,0.008720436363636364,bgp_route_flap,real_spec_bgp_route_flap_002
2026-07-17T22:27:44+00:00,station1,0.0,0.017,0.814,0.0,557998.454657843,11602236.237364555,4.463987637262744,92.81788989891643,bgp_route_flap,real_spec_bgp_route_flap_002
2026-07-17T22:27:44+00:00,station2,0.0,0.161,0.901,0.0,12718700.054545455,612761.8545454546,101.74960043636364,4.902094836363637,bgp_route_flap,real_spec_bgp_route_flap_002
2026-07-17T22:27:44+00:00,station3,0.0,0.108,0.876,0.0,237.78181818181818,1303.5272727272725,0.0019022545454545454,0.01042821818181818,bgp_route_flap,real_spec_bgp_route_flap_002
2026-07-17T22:27:59+00:00,station1,0.0,0.021,0.252,0.0,515607.4214133775,10747858.898605531,4.1248593713070205,85.98287118884424,bgp_route_flap,real_spec_bgp_route_flap_002
2026-07-17T22:27:59+00:00,station2,0.0,0.022,0.2,0.0,9630428.218181817,462743.50909090904,77.04342574545454,3.7019480727272724,bgp_route_flap,real_spec_bgp_route_flap_002
2026-07-17T22:27:59+00:00,station3,0.0,0.055,0.22,0.0,195.69090909090906,1084.4363636363637,0.0015655272727272726,0.00867549090909091,bgp_route_flap,real_spec_bgp_route_flap_002
2026-07-17T22:28:14+00:00,station1,0.0,0.382,2.383,0.0,426362.9636363636,8859894.363636363,3.410903709090909,70.8791549090909,bgp_route_flap,real_spec_bgp_route_flap_002
2026-07-17T22:28:14+00:00,station2,0.0,0.709,2.818,0.0,8857718.963636363,429882.4909090909,70.86175170909091,3.4390599272727274,bgp_route_flap,real_spec_bgp_route_flap_002
2026-07-17T22:28:14+00:00,station3,0.0,1446.421,2954.774,0.0,231.38181818181818,1308.9272727272726,0.0018510545454545454,0.01047141818181818,bgp_route_flap,real_spec_bgp_route_flap_002
2026-07-17T22:28:29+00:00,station1,0.0,0.308,2.133,0.0,324122.18181818177,6625158.163636363,2.592977454545454,53.001265309090904,bgp_route_flap,real_spec_bgp_route_flap_002
2026-07-17T22:28:29+00:00,station2,0.0,0.056,2.608,0.0,6624012.49090909,327439.309090909,52.99209992727272,2.619514472727272,bgp_route_flap,real_spec_bgp_route_flap_002
2026-07-17T22:28:29+00:00,station3,0.0,1446.421,2954.774,0.0,192.14545454545453,1094.3636363636363,0.0015371636363636363,0.00875490909090909,bgp_route_flap,real_spec_bgp_route_flap_002
2026-07-17T22:28:44+00:00,station1,0.0,0.345,2.208,0.0,440375.8885878952,8859677.763031108,3.523007108703162,70.87742210424886,bgp_route_flap,real_spec_bgp_route_flap_002
2026-07-17T22:28:44+00:00,station2,0.0,0.664,2.303,0.0,8858647.763636362,443871.14545454545,70.8691821090909,3.5509691636363634,bgp_route_flap,real_spec_bgp_route_flap_002
2026-07-17T22:28:44+00:00,station3,0.0,2045.058,4085.053,0.0,245.7090909090909,1325.9818181818182,0.001965672727272727,0.010607854545454546,bgp_route_flap,real_spec_bgp_route_flap_002
2026-07-17T22:28:59+00:00,station1,0.0,0.175,2.242,0.0,465410.4983726977,9283505.045546284,3.7232839869815813,74.26804036437026,bgp_route_flap,real_spec_bgp_route_flap_002
2026-07-17T22:28:59+00:00,station2,0.0,0.382,2.15,0.0,10398912.072727272,522232.9272727272,83.19129658181818,4.1778634181818175,bgp_route_flap,real_spec_bgp_route_flap_002
2026-07-17T22:28:59+00:00,station3,0.0,2045.058,4085.053,100.0,196.85454545454544,1116.1636363636362,0.0015748363636363635,0.00892930909090909,bgp_route_flap,real_spec_bgp_route_flap_002
2026-07-17T22:29:14+00:00,station1,0.0,0.03,0.247,0.0,653690.4,13069307.145454545,5.2295232,104.55445716363636,bgp_route_flap,real_spec_bgp_route_flap_002
2026-07-17T22:29:14+00:00,station2,0.0,0.025,0.185,0.0,11951421.654545454,598983.2727272727,95.61137323636363,4.791866181818182,bgp_route_flap,real_spec_bgp_route_flap_002
2026-07-17T22:29:14+00:00,station3,0.0,0.022,0.25,0.0,289.6363636363636,1371.3454545454545,0.002317090909090909,0.010970763636363635,bgp_route_flap,real_spec_bgp_route_flap_002
2026-07-17T22:29:29+00:00,station1,0.0,0.031,0.273,0.0,430064.0909090909,8600791.418181818,3.440512727272727,68.80633134545454,bgp_route_flap,real_spec_bgp_route_flap_002
2026-07-17T22:29:29+00:00,station2,0.0,0.028,0.201,0.0,7482268.127272727,375357.94545454544,59.858145018181816,3.0028635636363634,bgp_route_flap,real_spec_bgp_route_flap_002
2026-07-17T22:29:29+00:00,station3,0.0,0.049,0.31,0.0,265.27272727272725,1156.6363636363635,0.002122181818181818,0.009253090909090909,bgp_route_flap,real_spec_bgp_route_flap_002
2026-07-17T22:29:44+00:00,station1,0.0,0.187,0.841,0.0,445129.8181818182,8882138.38181818,3.5610385454545455,71.05710705454544,bgp_route_flap,real_spec_bgp_route_flap_002
2026-07-17T22:29:44+00:00,station2,0.0,1.813,2.032,0.0,8880413.690909091,446501.34545454546,71.04330952727273,3.5720107636363636,bgp_route_flap,real_spec_bgp_route_flap_002
2026-07-17T22:29:44+00:00,station3,0.0,0.547,2.42,0.0,273.7090909090909,1353.8545454545454,0.002189672727272727,0.010830836363636362,bgp_route_flap,real_spec_bgp_route_flap_002
2026-07-17T22:29:59+00:00,station1,0.0,0.401,1.41,0.0,333534.69090909086,6646663.49090909,2.668277527272727,53.173307927272724,bgp_route_flap,real_spec_bgp_route_flap_002
2026-07-17T22:29:59+00:00,station2,0.0,0.728,1.423,0.0,6645184.4,334696.90909090906,53.161475200000005,2.6775752727272724,bgp_route_flap,real_spec_bgp_route_flap_002
2026-07-17T22:29:59+00:00,station3,0.0,0.344,1.649,0.0,218.63636363636363,1089.0727272727272,0.001749090909090909,0.008712581818181818,bgp_route_flap,real_spec_bgp_route_flap_002
2026-07-17T22:30:14+00:00,station1,0.0,0.762,1.449,0.0,462694.7959851625,9218725.72550731,3.7015583678813,73.74980580405848,bgp_route_flap,real_spec_bgp_route_flap_002
2026-07-17T22:30:14+00:00,station2,0.0,0.757,1.293,0.0,10333895.618181817,519939.1272727272,82.67116494545454,4.159513018181817,bgp_route_flap,real_spec_bgp_route_flap_002
2026-07-17T22:30:14+00:00,station3,0.0,0.58,2.227,0.0,233.34545454545454,1305.4181818181817,0.0018667636363636363,0.010443345454545453,bgp_route_flap,real_spec_bgp_route_flap_002
2026-07-17T22:30:29+00:00,station1,0.0,0.212,0.9,0.0,559534.0097092674,11170320.969472172,4.476272077674139,89.36256775577738,bgp_route_flap,real_spec_bgp_route_flap_002
2026-07-17T22:30:29+00:00,station2,0.0,0.093,0.781,0.0,11169304.818181816,560626.0727272726,89.35443854545453,4.485008581818181,bgp_route_flap,real_spec_bgp_route_flap_002
2026-07-17T22:30:29+00:00,station3,0.0,0.388,2.168,0.0,196.7272727272727,1091.2181818181818,0.0015738181818181814,0.008729745454545454,bgp_route_flap,real_spec_bgp_route_flap_002
2026-07-17T22:30:44+00:00,station1,0.0,0.059,0.232,0.0,545917.7287685678,10896167.087871129,4.3673418301485425,87.16933670296903,bgp_route_flap,real_spec_bgp_route_flap_002
2026-07-17T22:30:44+00:00,station2,0.0,0.016,0.212,0.0,9777744.236363636,491279.5818181818,78.22195389090909,3.930236654545454,bgp_route_flap,real_spec_bgp_route_flap_002
2026-07-17T22:30:44+00:00,station3,0.0,0.032,0.295,0.0,238.6181818181818,1310.2545454545455,0.0019089454545454544,0.010482036363636364,bgp_route_flap,real_spec_bgp_route_flap_002
2026-07-17T22:30:59+00:00,station1,0.0,0.055,0.922,0.0,345652.89722005057,6884994.636461155,2.7652231777604044,55.07995709168924,bgp_route_flap,real_spec_bgp_route_flap_002
2026-07-17T22:30:59+00:00,station2,0.0,0.212,0.921,0.0,6884688.109090908,346247.0,55.07750487272727,2.769976,bgp_route_flap,real_spec_bgp_route_flap_002
2026-07-17T22:30:59+00:00,station3,0.0,0.098,0.766,0.0,199.25454545454542,1091.7090909090907,0.0015940363636363633,0.008733672727272726,bgp_route_flap,real_spec_bgp_route_flap_002
2026-07-17T22:31:14+00:00,station1,0.0,0.237,0.985,0.0,455947.4727272727,9120170.236363636,3.6475797818181817,72.96136189090909,bgp_route_flap,real_spec_bgp_route_flap_002
2026-07-17T22:31:14+00:00,station2,0.0,0.036,0.772,0.0,9118679.4,456801.14545454545,72.9494352,3.6544091636363634,bgp_route_flap,real_spec_bgp_route_flap_002
2026-07-17T22:31:14+00:00,station3,0.0,0.011,0.601,0.0,236.54545454545453,1307.2727272727273,0.0018923636363636363,0.010458181818181818,bgp_route_flap,real_spec_bgp_route_flap_002
2026-07-17T22:31:29+00:00,station1,0.0,0.273,0.887,0.0,357143.3272727272,7160151.309090909,2.857146618181818,57.28121047272727,bgp_route_flap,real_spec_bgp_route_flap_002
2026-07-17T22:31:29+00:00,station2,0.0,0.031,0.695,0.0,8275046.163636362,413510.34545454546,66.2003693090909,3.3080827636363637,bgp_route_flap,real_spec_bgp_route_flap_002
2026-07-17T22:31:29+00:00,station3,0.0,0.22,0.744,0.0,197.96363636363634,1091.1272727272726,0.0015837090909090908,0.00872901818181818,bgp_route_flap,real_spec_bgp_route_flap_002
2026-07-17T22:31:44+00:00,station1,0.0,0.551,1.121,0.0,579044.1272727272,11625434.67272727,4.632353018181818,93.00347738181816,bgp_route_flap,real_spec_bgp_route_flap_002
2026-07-17T22:31:44+00:00,station2,0.0,0.617,1.159,0.0,12740415.47272727,635560.4363636363,101.92332378181817,5.08448349090909,bgp_route_flap,real_spec_bgp_route_flap_002
2026-07-17T22:31:44+00:00,station3,0.0,0.051,0.77,0.0,233.38181818181818,1304.581818181818,0.0018670545454545454,0.010436654545454544,bgp_route_flap,real_spec_bgp_route_flap_002
2026-07-17T22:31:59+00:00,station1,0.0,0.053,0.234,0.0,532666.8545454545,10714070.018181818,4.261334836363636,85.71256014545455,bgp_route_flap,real_spec_bgp_route_flap_002
2026-07-17T22:31:59+00:00,station2,0.0,0.055,0.262,0.0,9595657.418181816,478328.61818181816,76.76525934545452,3.8266289454545452,bgp_route_flap,real_spec_bgp_route_flap_002
2026-07-17T22:31:59+00:00,station3,0.0,0.037,0.275,0.0,194.0181818181818,1086.0363636363636,0.0015521454545454544,0.008688290909090908,bgp_route_flap,real_spec_bgp_route_flap_002
2026-07-17T22:32:14+00:00,station1,0.0,0.512,1.069,0.0,552832.83940292,11102252.740859257,4.4226627152233595,88.81802192687405,bgp_route_flap,real_spec_bgp_route_flap_002
2026-07-17T22:32:14+00:00,station2,0.0,0.747,1.31,0.0,11100775.945454543,554086.8909090909,88.80620756363635,4.432695127272727,bgp_route_flap,real_spec_bgp_route_flap_002
2026-07-17T22:32:14+00:00,station3,0.0,0.288,0.826,0.0,233.38181818181818,1304.490909090909,0.0018670545454545454,0.010435927272727272,bgp_route_flap,real_spec_bgp_route_flap_002
2026-07-17T22:32:29+00:00,station1,0.0,1.118,1.77,0.0,441684.79901096306,8869035.68896242,3.5334783920877046,70.95228551169936,bgp_route_flap,real_spec_bgp_route_flap_002
2026-07-17T22:32:29+00:00,station2,0.0,1.615,1.821,0.0,8869621.109090907,442679.3272727272,70.95696887272726,3.5414346181818175,bgp_route_flap,real_spec_bgp_route_flap_002
2026-07-17T22:32:29+00:00,station3,0.0,0.199,0.538,0.0,196.76363636363632,1089.4545454545453,0.0015741090909090906,0.008715636363636363,bgp_route_flap,real_spec_bgp_route_flap_002
2026-07-17T22:32:44+00:00,station1,0.0,0.083,0.782,0.0,552377.2476864057,11104440.573807748,4.419017981491245,88.83552459046199,bgp_route_flap,real_spec_bgp_route_flap_002
2026-07-17T22:32:44+00:00,station2,0.0,0.191,0.865,0.0,11103358.018181818,554028.7999999999,88.82686414545454,4.432230399999999,bgp_route_flap,real_spec_bgp_route_flap_002
2026-07-17T22:32:44+00:00,station3,0.0,0.107,0.712,0.0,238.98181818181817,1308.0,0.0019118545454545454,0.010464,bgp_route_flap,real_spec_bgp_route_flap_002
2026-07-17T22:32:59+00:00,station1,0.0,0.131,0.844,0.0,555172.5272727272,11170664.67272727,4.441380218181818,89.36531738181816,bgp_route_flap,real_spec_bgp_route_flap_002
2026-07-17T22:32:59+00:00,station2,0.0,0.095,0.778,0.0,11169828.436363636,556232.7272727272,89.35862749090909,4.449861818181818,bgp_route_flap,real_spec_bgp_route_flap_002
2026-07-17T22:32:59+00:00,station3,0.0,0.048,0.729,0.0,202.85454545454544,1092.5636363636363,0.0016228363636363635,0.00874050909090909,bgp_route_flap,real_spec_bgp_route_flap_002
2026-07-17T22:33:14+00:00,station1,0.0,0.13,0.875,0.0,553138.3636363636,11108867.654545454,4.425106909090909,88.87094123636363,bgp_route_flap,real_spec_bgp_route_flap_002
2026-07-17T22:33:14+00:00,station2,0.0,0.076,0.735,0.0,11107466.563636363,554332.4181818182,88.8597325090909,4.434659345454546,bgp_route_flap,real_spec_bgp_route_flap_002
2026-07-17T22:33:14+00:00,station3,0.0,0.194,0.737,0.0,247.19999999999996,1313.109090909091,0.0019775999999999995,0.010504872727272728,bgp_route_flap,real_spec_bgp_route_flap_002
2026-07-17T22:33:29+00:00,station1,0.0,0.724,1.254,0.0,442533.79999999993,8875228.09090909,3.5402703999999994,71.00182472727272,bgp_route_flap,real_spec_bgp_route_flap_002
2026-07-17T22:33:29+00:00,station2,0.0,0.687,1.387,0.0,8873741.036363635,443550.2909090909,70.98992829090908,3.548402327272727,bgp_route_flap,real_spec_bgp_route_flap_002
2026-07-17T22:33:29+00:00,station3,0.0,0.123,0.753,0.0,212.36363636363635,1098.4727272727273,0.0016989090909090908,0.008787781818181819,bgp_route_flap,real_spec_bgp_route_flap_002
2026-07-17T22:33:44+00:00,station1,0.0,0.023,0.689,0.0,553729.2909090909,11107101.363636363,4.429834327272727,88.85681090909091,bgp_route_flap,real_spec_bgp_route_flap_002
2026-07-17T22:33:44+00:00,station2,0.0,0.175,0.885,0.0,11105147.218181817,554716.9636363636,88.84117774545453,4.437735709090909,bgp_route_flap,real_spec_bgp_route_flap_002
2026-07-17T22:33:44+00:00,station3,0.0,0.209,0.868,0.0,249.45454545454544,1315.0181818181816,0.0019956363636363635,0.010520145454545453,bgp_route_flap,real_spec_bgp_route_flap_002
2026-07-17T22:33:59+00:00,station1,0.0,0.102,0.846,0.0,461603.19999999995,9256767.127272727,3.6928255999999995,74.05413701818182,bgp_route_flap,real_spec_bgp_route_flap_002
2026-07-17T22:33:59+00:00,station2,0.0,0.042,0.777,0.0,10371397.672727274,517766.10909090907,82.97118138181818,4.142128872727272,bgp_route_flap,real_spec_bgp_route_flap_002
2026-07-17T22:33:59+00:00,station3,0.0,0.219,0.79,0.0,210.09090909090907,1098.0,0.0016807272727272725,0.008784,bgp_route_flap,real_spec_bgp_route_flap_002
2026-07-17T22:34:14+00:00,station1,0.0,0.01,0.267,0.0,650938.4909090908,13082694.527272727,5.207507927272727,104.66155621818181,bgp_route_flap,real_spec_bgp_route_flap_002
2026-07-17T22:34:14+00:00,station2,0.0,0.046,0.215,0.0,11963632.890909089,596441.0181818181,95.70906312727271,4.771528145454544,bgp_route_flap,real_spec_bgp_route_flap_002
2026-07-17T22:34:14+00:00,station3,0.0,0.025,0.306,0.0,251.8181818181818,1316.7818181818182,0.0020145454545454546,0.010534254545454546,bgp_route_flap,real_spec_bgp_route_flap_002
2026-07-17T22:34:29+00:00,station1,0.0,0.111,0.959,0.0,454403.98181818175,9113027.327272726,3.635231854545454,72.90421861818182,bgp_route_flap,real_spec_bgp_route_flap_002
2026-07-17T22:34:29+00:00,station2,0.0,0.255,1.042,0.0,9112622.018181818,455778.41818181815,72.90097614545454,3.646227345454545,bgp_route_flap,real_spec_bgp_route_flap_002
2026-07-17T22:34:29+00:00,station3,0.0,0.191,0.782,0.0,206.9090909090909,1096.1636363636362,0.0016552727272727272,0.00876930909090909,bgp_route_flap,real_spec_bgp_route_flap_002
2026-07-17T22:34:44+00:00,station1,0.0,0.464,1.069,0.0,567572.0545454546,11349671.254545454,4.5405764363636365,90.79737003636363,bgp_route_flap,real_spec_bgp_route_flap_002
2026-07-17T22:34:44+00:00,station2,0.0,0.477,1.033,0.0,11348750.454545455,569169.0545454546,90.79000363636364,4.553352436363636,bgp_route_flap,real_spec_bgp_route_flap_002
2026-07-17T22:34:44+00:00,station3,0.0,0.081,0.705,0.0,248.39999999999998,1313.5636363636363,0.0019871999999999997,0.01050850909090909,bgp_route_flap,real_spec_bgp_route_flap_002
2026-07-17T22:34:59+00:00,station1,0.0,0.015,0.743,0.0,457464.87272727274,9116051.363636363,3.659718981818182,72.9284109090909,bgp_route_flap,real_spec_bgp_route_flap_002
2026-07-17T22:34:59+00:00,station2,0.0,0.142,0.88,0.0,9115088.254545454,458889.79999999993,72.92070603636363,3.6711183999999992,bgp_route_flap,real_spec_bgp_route_flap_002
2026-07-17T22:34:59+00:00,station3,0.0,0.038,0.659,0.0,203.83636363636364,1092.290909090909,0.001630690909090909,0.008738327272727272,bgp_route_flap,real_spec_bgp_route_flap_002
2026-07-17T22:35:14+00:00,station1,0.0,0.528,1.136,0.0,586186.5534607203,11668491.900441796,4.689492427685763,93.34793520353436,bgp_route_flap,real_spec_bgp_route_flap_002
2026-07-17T22:35:14+00:00,station2,0.0,0.344,1.18,0.0,12783979.327272726,642907.6,102.27183461818181,5.1432608,bgp_route_flap,real_spec_bgp_route_flap_002
2026-07-17T22:35:14+00:00,station3,0.0,0.034,0.964,0.0,239.96363636363634,1308.6727272727271,0.0019197090909090907,0.010469381818181817,bgp_route_flap,real_spec_bgp_route_flap_002
2026-07-17T22:35:29+00:00,station1,0.0,0.024,0.3,0.0,535130.5660102911,10674960.78110511,4.281044528082329,85.39968624884088,bgp_route_flap,real_spec_bgp_route_flap_002
2026-07-17T22:35:29+00:00,station2,0.0,0.028,0.222,0.0,9556543.363636363,480141.61818181816,76.4523469090909,3.8411329454545453,bgp_route_flap,real_spec_bgp_route_flap_002
2026-07-17T22:35:29+00:00,station3,0.0,0.012,0.293,0.0,198.47272727272727,1090.290909090909,0.0015877818181818182,0.008722327272727273,bgp_route_flap,real_spec_bgp_route_flap_002
2026-07-17T22:35:44+00:00,station1,0.0,0.247,1.907,0.0,551972.6,11100277.181818182,4.415780799999999,88.80221745454546,bgp_route_flap,real_spec_bgp_route_flap_002
2026-07-17T22:35:44+00:00,station2,0.0,0.288,1.712,0.0,11098554.854545454,550896.6545454545,88.78843883636362,4.4071732363636364,bgp_route_flap,real_spec_bgp_route_flap_002
2026-07-17T22:35:44+00:00,station3,0.0,0.028,0.239,100.0,222.29090909090908,1316.4181818181817,0.0017783272727272727,0.010531345454545453,bgp_route_flap,real_spec_bgp_route_flap_002
2026-07-17T22:35:59+00:00,station1,0.0,0.159,1.49,0.0,435632.54545454547,8867679.036363635,3.485060363636364,70.94143229090908,bgp_route_flap,real_spec_bgp_route_flap_002
2026-07-17T22:35:59+00:00,station2,0.0,0.43,1.934,0.0,8866449.2,434241.43636363634,70.9315936,3.4739314909090906,bgp_route_flap,real_spec_bgp_route_flap_002
2026-07-17T22:35:59+00:00,station3,0.0,0.028,0.239,100.0,169.6181818181818,1097.3454545454545,0.0013569454545454545,0.008778763636363636,bgp_route_flap,real_spec_bgp_route_flap_002
2026-07-17T22:36:14+00:00,station1,0.0,1.151,2.434,0.0,537495.2820755232,11101721.978801157,4.299962256604186,88.81377583040926,bgp_route_flap,real_spec_bgp_route_flap_002
2026-07-17T22:36:14+00:00,station2,0.0,1.092,2.929,0.0,11100594.29090909,536414.8727272727,88.80475432727272,4.291318981818182,bgp_route_flap,real_spec_bgp_route_flap_002
2026-07-17T22:36:14+00:00,station3,0.0,833.212,1126.804,0.0,271.8727272727273,1337.6909090909091,0.002174981818181818,0.010701527272727274,bgp_route_flap,real_spec_bgp_route_flap_002
2026-07-17T22:36:29+00:00,station1,0.0,0.067,2.368,0.0,536214.9208138626,11173202.847428042,4.289719366510901,89.38562277942434,bgp_route_flap,real_spec_bgp_route_flap_002
2026-07-17T22:36:29+00:00,station2,0.0,0.034,2.49,0.0,11171162.618181817,537087.0909090909,89.36930094545454,4.296696727272727,bgp_route_flap,real_spec_bgp_route_flap_002
2026-07-17T22:36:29+00:00,station3,0.0,2902.221,4427.955,0.0,233.1090909090909,1127.6727272727271,0.0018648727272727271,0.009021381818181818,bgp_route_flap,real_spec_bgp_route_flap_002
2026-07-17T22:36:44+00:00,station1,0.0,0.038,0.267,0.0,516009.8727272727,10754182.09090909,4.128078981818182,86.03345672727272,bgp_route_flap,real_spec_bgp_route_flap_002
2026-07-17T22:36:44+00:00,station2,0.0,0.028,0.235,0.0,9635569.2,463557.0363636363,77.08455359999999,3.7084562909090906,bgp_route_flap,real_spec_bgp_route_flap_002
2026-07-17T22:36:44+00:00,station3,0.0,0.042,0.312,0.0,290.3818181818181,1331.7454545454543,0.002323054545454545,0.010653963636363634,bgp_route_flap,real_spec_bgp_route_flap_002
2026-07-17T22:36:59+00:00,station1,0.0,0.257,1.036,0.0,320244.16363636364,6646451.181818182,2.5619533090909092,53.171609454545454,bgp_route_flap,real_spec_bgp_route_flap_002
2026-07-17T22:36:59+00:00,station2,0.0,0.553,1.298,0.0,6645163.818181817,323680.12727272726,53.16131054545454,2.589441018181818,bgp_route_flap,real_spec_bgp_route_flap_002
2026-07-17T22:36:59+00:00,station3,0.0,0.173,1.746,0.0,221.16363636363633,1094.290909090909,0.0017693090909090905,0.008754327272727272,bgp_route_flap,real_spec_bgp_route_flap_002
2026-07-17T22:37:14+00:00,station1,0.0,0.229,0.935,0.0,436702.2526044034,8879257.78593895,3.4936180208352274,71.0340622875116,bgp_route_flap,real_spec_bgp_route_flap_002
2026-07-17T22:37:14+00:00,station2,0.0,0.152,0.904,0.0,8879141.036363635,440611.69090909086,71.03312829090908,3.524893527272727,bgp_route_flap,real_spec_bgp_route_flap_002
2026-07-17T22:37:14+00:00,station3,0.0,690.755,787.016,0.0,237.63636363636363,1310.3090909090909,0.001901090909090909,0.010482472727272726,bgp_route_flap,real_spec_bgp_route_flap_002
2026-07-17T22:37:29+00:00,station1,0.0,0.151,0.901,0.0,354198.8436994346,7063962.692944022,2.833590749595477,56.51170154355218,bgp_route_flap,real_spec_bgp_route_flap_002
2026-07-17T22:37:29+00:00,station2,0.0,0.218,0.923,0.0,8180041.872727272,411128.7818181818,65.44033498181818,3.2890302545454544,bgp_route_flap,real_spec_bgp_route_flap_002
2026-07-17T22:37:29+00:00,station3,0.0,0.204,2.24,0.0,202.07272727272726,1094.3636363636363,0.001616581818181818,0.00875490909090909,bgp_route_flap,real_spec_bgp_route_flap_002
2026-07-17T22:37:44+00:00,station1,0.0,0.295,0.758,0.0,577501.3636363635,11531848.709090909,4.620010909090908,92.25478967272727,bgp_route_flap,real_spec_bgp_route_flap_002
2026-07-17T22:37:44+00:00,station2,0.0,0.137,0.857,0.0,12646041.181818182,634685.6909090909,101.16832945454546,5.077485527272727,bgp_route_flap,real_spec_bgp_route_flap_002
2026-07-17T22:37:44+00:00,station3,0.0,0.209,2.14,0.0,243.5272727272727,1311.7272727272725,0.0019482181818181816,0.01049381818181818,bgp_route_flap,real_spec_bgp_route_flap_002
2026-07-17T22:37:59+00:00,station1,0.0,0.046,0.236,0.0,540729.7769050347,10810540.664375717,4.325838215240277,86.48432531500573,bgp_route_flap,real_spec_bgp_route_flap_002
2026-07-17T22:37:59+00:00,station2,0.0,0.042,0.243,0.0,9692906.254545454,486076.18181818177,77.54325003636363,3.888609454545454,bgp_route_flap,real_spec_bgp_route_flap_002
2026-07-17T22:37:59+00:00,station3,0.0,0.04,0.222,0.0,205.7272727272727,1094.8727272727272,0.0016458181818181815,0.008758981818181816,bgp_route_flap,real_spec_bgp_route_flap_002
2026-07-17T22:38:14+00:00,station1,0.0,0.431,1.611,0.0,556538.3090909091,11102560.963636363,4.4523064727272725,88.8204877090909,bgp_route_flap,real_spec_bgp_route_flap_002
2026-07-17T22:38:14+00:00,station2,0.0,0.835,1.302,0.0,11100622.709090909,558062.0545454544,88.80498167272727,4.4644964363636355,bgp_route_flap,real_spec_bgp_route_flap_002
2026-07-17T22:38:14+00:00,station3,0.0,0.019,0.62,0.0,244.54545454545453,1310.0363636363634,0.0019563636363636363,0.010480290909090906,bgp_route_flap,real_spec_bgp_route_flap_002
2026-07-17T22:38:29+00:00,station1,0.0,0.05,0.854,0.0,445076.7258777113,8866704.7690042,3.5606138070216904,70.9336381520336,bgp_route_flap,real_spec_bgp_route_flap_002
2026-07-17T22:38:29+00:00,station2,0.0,0.041,0.692,0.0,8867046.672727272,446464.69090909086,70.93637338181817,3.571717527272727,bgp_route_flap,real_spec_bgp_route_flap_002
2026-07-17T22:38:29+00:00,station3,0.0,0.131,0.731,0.0,198.3272727272727,1089.3090909090909,0.0015866181818181817,0.008714472727272727,bgp_route_flap,real_spec_bgp_route_flap_002
2026-07-17T22:38:44+00:00,station1,0.0,0.028,0.744,0.0,557609.9454545454,11102606.109090907,4.460879563636364,88.82084887272725,bgp_route_flap,real_spec_bgp_route_flap_002
2026-07-17T22:38:44+00:00,station2,0.0,0.148,0.862,0.0,11102220.818181816,558970.8181818181,88.81776654545453,4.471766545454545,bgp_route_flap,real_spec_bgp_route_flap_002
2026-07-17T22:38:44+00:00,station3,0.0,0.162,0.708,0.0,233.9272727272727,1305.4,0.0018714181818181817,0.010443200000000001,bgp_route_flap,real_spec_bgp_route_flap_002
2026-07-17T22:38:59+00:00,station1,0.0,0.128,0.861,0.0,560391.7850064548,11172556.721275706,4.4831342800516385,89.38045377020565,bgp_route_flap,real_spec_bgp_route_flap_002
2026-07-17T22:38:59+00:00,station2,0.0,0.668,1.274,0.0,11170130.836363636,561430.9272727272,89.36104669090909,4.491447418181818,bgp_route_flap,real_spec_bgp_route_flap_002
2026-07-17T22:38:59+00:00,station3,0.0,0.125,0.733,0.0,196.2,1089.381818181818,0.0015696,0.008715054545454544,bgp_route_flap,real_spec_bgp_route_flap_002
2026-07-17T22:39:14+00:00,station1,0.0,0.028,0.252,0.0,546263.6181818182,10887918.98181818,4.370108945454545,87.10335185454545,bgp_route_flap,real_spec_bgp_route_flap_002
2026-07-17T22:39:14+00:00,station2,0.0,0.033,0.232,0.0,9769674.054545455,491549.0909090909,78.15739243636364,3.932392727272727,bgp_route_flap,real_spec_bgp_route_flap_002
2026-07-17T22:39:14+00:00,station3,0.0,0.036,0.315,0.0,235.56363636363633,1308.0545454545454,0.0018845090909090907,0.010464436363636363,bgp_route_flap,real_spec_bgp_route_flap_002
2026-07-17T22:39:29+00:00,station1,0.0,0.09,0.784,0.0,334446.2324532693,6645296.476107353,2.6755698596261546,53.16237180885883,bgp_route_flap,real_spec_bgp_route_flap_002
2026-07-17T22:39:29+00:00,station2,0.0,0.102,0.786,0.0,6643449.909090908,334904.0909090909,53.14759927272726,2.679232727272727,bgp_route_flap,real_spec_bgp_route_flap_002
2026-07-17T22:39:29+00:00,station3,0.0,0.041,0.609,0.0,197.85454545454544,1091.6545454545453,0.0015828363636363637,0.008733236363636362,bgp_route_flap,real_spec_bgp_route_flap_002
2026-07-17T22:39:44+00:00,station1,0.0,0.299,1.113,0.0,444034.3097147221,8878860.761104748,3.5522744777177766,71.03088608883799,bgp_route_flap,real_spec_bgp_route_flap_002
2026-07-17T22:39:44+00:00,station2,0.0,0.114,1.01,0.0,8877269.018181818,436801.0545454545,71.01815214545454,3.494408436363636,bgp_route_flap,real_spec_bgp_route_flap_002
2026-07-17T22:39:44+00:00,station3,0.0,0.253,0.824,0.0,234.47272727272727,1306.2363636363634,0.001875781818181818,0.010449890909090907,bgp_route_flap,real_spec_bgp_route_flap_002
2026-07-17T22:39:59+00:00,station1,0.0,0.059,0.824,0.0,317035.16555448476,6928420.75022274,2.536281324435878,55.42736600178192,bgp_route_flap,real_spec_bgp_route_flap_002
2026-07-17T22:39:59+00:00,station2,0.0,0.037,0.755,0.0,8044531.109090908,353319.2545454545,64.35624887272726,2.8265540363636363,bgp_route_flap,real_spec_bgp_route_flap_002
2026-07-17T22:39:59+00:00,station3,0.0,0.082,0.686,0.0,194.0181818181818,1087.1818181818182,0.0015521454545454544,0.008697454545454546,bgp_route_flap,real_spec_bgp_route_flap_002
2026-07-17T22:40:14+00:00,station1,0.0,0.026,0.753,0.0,458381.00692739873,11399314.423898617,3.66704805541919,91.19451539118893,bgp_route_flap,real_spec_bgp_route_flap_002
2026-07-17T22:40:14+00:00,station2,0.0,0.1,0.782,0.0,12515127.636363635,494827.0545454545,100.12102109090908,3.958616436363636,bgp_route_flap,real_spec_bgp_route_flap_002
2026-07-17T22:40:14+00:00,station3,0.0,0.104,0.738,0.0,235.56363636363633,1307.3272727272727,0.0018845090909090907,0.010458618181818181,bgp_route_flap,real_spec_bgp_route_flap_002
2026-07-17T22:40:29+00:00,station1,0.0,0.197,0.435,0.0,399058.22135752864,11054051.875556849,3.1924657708602293,88.4324150044548,bgp_route_flap,real_spec_bgp_route_flap_002
2026-07-17T22:40:29+00:00,station2,0.0,0.196,0.323,0.0,10438391.054545455,344678.2,83.50712843636364,2.7574256,bgp_route_flap,real_spec_bgp_route_flap_002
2026-07-17T22:40:29+00:00,station3,0.0,0.022,0.3,0.0,198.94545454545454,1092.6727272727271,0.0015915636363636363,0.008741381818181817,bgp_route_flap,real_spec_bgp_route_flap_002
2026-07-17T22:40:44+00:00,station1,0.0,0.169,0.83,0.0,408285.0338157225,11775024.343684096,3.26628027052578,94.20019474947277,bgp_route_flap,real_spec_bgp_route_flap_002
2026-07-17T22:40:44+00:00,station2,0.0,0.703,1.388,0.0,11776280.436363636,418017.4545454545,94.21024349090908,3.3441396363636358,bgp_route_flap,real_spec_bgp_route_flap_002
2026-07-17T22:40:44+00:00,station3,0.0,0.534,2.484,0.0,233.99999999999997,1308.1818181818182,0.0018719999999999997,0.010465454545454545,bgp_route_flap,real_spec_bgp_route_flap_002
2026-07-17T22:40:59+00:00,station1,0.0,0.161,0.934,0.0,366448.11723849527,9540419.971272206,2.931584937907962,76.32335977017765,bgp_route_flap,real_spec_bgp_route_flap_002
2026-07-17T22:40:59+00:00,station2,0.0,0.199,1.026,0.0,9538117.618181817,388091.7454545454,76.30494094545453,3.1047339636363636,bgp_route_flap,real_spec_bgp_route_flap_002
2026-07-17T22:40:59+00:00,station3,0.0,0.09,1.944,0.0,194.56363636363633,1087.3272727272727,0.0015565090909090908,0.008698618181818182,bgp_route_flap,real_spec_bgp_route_flap_002
2026-07-17T22:41:14+00:00,station1,0.0,1.021,1.385,0.0,519398.8363636363,11774264.709090909,4.15519069090909,94.19411767272727,bgp_route_flap,real_spec_bgp_route_flap_002
2026-07-17T22:41:14+00:00,station2,0.0,1.133,1.519,0.0,11772302.218181817,541242.3272727273,94.17841774545454,4.329938618181818,bgp_route_flap,real_spec_bgp_route_flap_002
2026-07-17T22:41:14+00:00,station3,0.0,0.466,1.855,0.0,229.7090909090909,1304.8363636363636,0.0018376727272727271,0.010438690909090909,bgp_route_flap,real_spec_bgp_route_flap_002
2026-07-17T22:41:29+00:00,station1,0.0,0.041,0.767,0.0,558845.1454545454,11170557.527272727,4.4707611636363636,89.36446021818182,bgp_route_flap,real_spec_bgp_route_flap_002
2026-07-17T22:41:29+00:00,station2,0.0,0.112,0.765,0.0,11170214.67272727,559930.3272727273,89.36171738181817,4.479442618181818,bgp_route_flap,real_spec_bgp_route_flap_002
2026-07-17T22:41:29+00:00,station3,0.0,0.174,2.083,0.0,200.5090909090909,1089.9999999999998,0.0016040727272727273,0.008719999999999999,bgp_route_flap,real_spec_bgp_route_flap_002
2026-07-17T22:41:44+00:00,station1,0.0,0.09,0.855,0.0,556560.0545454544,11102975.109090907,4.452480436363635,88.82380087272726,bgp_route_flap,real_spec_bgp_route_flap_002
2026-07-17T22:41:44+00:00,station2,0.0,0.138,0.867,0.0,11099515.29090909,557325.1454545454,88.79612232727271,4.458601163636363,bgp_route_flap,real_spec_bgp_route_flap_002
2026-07-17T22:41:44+00:00,station3,0.0,0.012,0.677,0.0,238.2181818181818,1304.909090909091,0.0019057454545454544,0.010439272727272728,bgp_route_flap,real_spec_bgp_route_flap_002
2026-07-17T22:41:59+00:00,station1,0.0,0.925,1.676,0.0,443906.3142010436,8867957.475046817,3.551250513608349,70.94365980037453,bgp_route_flap,real_spec_bgp_route_flap_002
2026-07-17T22:41:59+00:00,station2,0.0,1.198,1.627,0.0,8866914.036363635,444551.98181818175,70.93531229090908,3.556415854545454,bgp_route_flap,real_spec_bgp_route_flap_002
2026-07-17T22:41:59+00:00,station3,0.0,0.14,0.782,0.0,195.03636363636363,1084.6181818181817,0.001560290909090909,0.008676945454545454,bgp_route_flap,real_spec_bgp_route_flap_002
2026-07-17T22:42:14+00:00,station1,0.0,0.21,0.949,0.0,554394.5272727272,11102898.09090909,4.435156218181818,88.82318472727272,bgp_route_flap,real_spec_bgp_route_flap_002
2026-07-17T22:42:14+00:00,station2,0.0,1.252,1.576,0.0,11100857.509090908,555283.0181818182,88.80686007272726,4.442264145454545,bgp_route_flap,real_spec_bgp_route_flap_002
2026-07-17T22:42:14+00:00,station3,0.0,0.172,0.755,0.0,242.5090909090909,1307.2,0.0019400727272727272,0.010457600000000001,bgp_route_flap,real_spec_bgp_route_flap_002
2026-07-17T22:42:29+00:00,station1,0.0,0.55,1.081,0.0,449310.5999999999,9017399.927272728,3.594484799999999,72.13919941818182,bgp_route_flap,real_spec_bgp_route_flap_002
2026-07-17T22:42:29+00:00,station2,0.0,0.695,1.345,0.0,10133466.6,505830.63636363635,81.0677328,4.046645090909091,bgp_route_flap,real_spec_bgp_route_flap_002
2026-07-17T22:42:29+00:00,station3,0.0,0.417,0.928,0.0,197.85454545454544,1090.1999999999998,0.0015828363636363637,0.008721599999999998,bgp_route_flap,real_spec_bgp_route_flap_002
2026-07-17T22:42:44+00:00,station1,0.0,0.062,0.274,0.0,662637.0711129698,13332857.992254121,5.301096568903758,106.66286393803297,bgp_route_flap,real_spec_bgp_route_flap_002
2026-07-17T22:42:44+00:00,station2,0.0,0.015,0.215,0.0,12213759.29090909,608485.7636363636,97.71007432727271,4.867886109090908,bgp_route_flap,real_spec_bgp_route_flap_002
2026-07-17T22:42:44+00:00,station3,0.0,0.047,0.266,0.0,234.36363636363635,1306.5636363636363,0.0018749090909090907,0.01045250909090909,bgp_route_flap,real_spec_bgp_route_flap_002
2026-07-17T22:42:59+00:00,station1,0.0,0.115,0.87,0.0,441010.9628390662,8870319.885826485,3.5280877027125297,70.96255908661188,bgp_route_flap,real_spec_bgp_route_flap_002
2026-07-17T22:42:59+00:00,station2,0.0,0.057,0.799,0.0,8869620.181818182,441066.5999999999,70.95696145454545,3.5285327999999994,bgp_route_flap,real_spec_bgp_route_flap_002
2026-07-17T22:42:59+00:00,station3,0.0,0.085,0.806,0.0,190.7090909090909,1086.2545454545455,0.0015256727272727271,0.008690036363636364,bgp_route_flap,real_spec_bgp_route_flap_002
2026-07-17T22:43:14+00:00,station1,0.0,0.329,0.956,0.0,545214.0909090909,11104772.47272727,4.361712727272727,88.83817978181817,bgp_route_flap,real_spec_bgp_route_flap_002
2026-07-17T22:43:14+00:00,station2,0.0,0.515,1.176,0.0,11103766.163636362,544794.3090909091,88.83012930909089,4.358354472727273,bgp_route_flap,real_spec_bgp_route_flap_002
2026-07-17T22:43:14+00:00,station3,0.0,0.058,0.667,0.0,232.79999999999998,1306.9818181818182,0.0018624,0.010455854545454545,bgp_route_flap,real_spec_bgp_route_flap_002
2026-07-17T22:43:29+00:00,station1,0.0,0.272,0.96,0.0,430263.2545454545,8871503.236363636,3.442106036363636,70.9720258909091,bgp_route_flap,real_spec_bgp_route_flap_002
2026-07-17T22:43:29+00:00,station2,0.0,0.205,0.831,0.0,8870189.036363635,429603.72727272724,70.96151229090908,3.4368298181818178,bgp_route_flap,real_spec_bgp_route_flap_002
2026-07-17T22:43:29+00:00,station3,0.0,0.04,0.599,0.0,196.18181818181816,1091.2545454545455,0.0015694545454545453,0.008730036363636364,bgp_route_flap,real_spec_bgp_route_flap_002
2026-07-17T22:43:44+00:00,station1,0.0,0.146,0.598,0.0,537364.9636363636,11179611.09090909,4.298919709090909,89.43688872727272,bgp_route_flap,real_spec_bgp_route_flap_002
2026-07-17T22:43:44+00:00,station2,0.0,0.478,1.025,0.0,12294492.67272727,592131.9272727272,98.35594138181816,4.737055418181818,bgp_route_flap,real_spec_bgp_route_flap_002
2026-07-17T22:43:44+00:00,station3,0.0,0.148,0.752,0.0,232.79999999999998,1306.9272727272726,0.0018624,0.010455418181818181,bgp_route_flap,real_spec_bgp_route_flap_002
2026-07-17T22:43:59+00:00,station1,0.0,0.019,0.23,0.0,535239.005145174,11167219.75164991,4.281912041161392,89.33775801319929,bgp_route_flap,real_spec_bgp_route_flap_002
2026-07-17T22:43:59+00:00,station2,0.0,0.055,0.236,0.0,10049348.872727273,482935.5999999999,80.39479098181819,3.8634847999999993,bgp_route_flap,real_spec_bgp_route_flap_002
2026-07-17T22:43:59+00:00,station3,0.0,0.037,0.231,0.0,195.47272727272727,1088.1090909090908,0.001563781818181818,0.008704872727272727,bgp_route_flap,real_spec_bgp_route_flap_002
2026-07-17T22:44:14+00:00,station1,0.0,0.473,1.062,0.0,537001.7090598353,11106093.361938873,4.296013672478682,88.84874689551098,bgp_route_flap,real_spec_bgp_route_flap_002
2026-07-17T22:44:14+00:00,station2,0.0,0.776,1.27,0.0,11104569.07272727,540124.109090909,88.83655258181817,4.320992872727272,bgp_route_flap,real_spec_bgp_route_flap_002
2026-07-17T22:44:14+00:00,station3,0.0,0.333,1.015,0.0,234.83636363636364,1307.0727272727272,0.0018786909090909092,0.010456581818181817,bgp_route_flap,real_spec_bgp_route_flap_002
2026-07-17T22:44:29+00:00,station1,0.0,0.198,1.029,0.0,433724.5272727272,8872353.836363636,3.4697962181818176,70.97883069090909,bgp_route_flap,real_spec_bgp_route_flap_002
2026-07-17T22:44:29+00:00,station2,0.0,0.18,0.87,0.0,8870734.127272727,436823.9636363636,70.96587301818181,3.494591709090909,bgp_route_flap,real_spec_bgp_route_flap_002
2026-07-17T22:44:29+00:00,station3,0.0,0.112,0.754,0.0,198.3272727272727,1090.5272727272727,0.0015866181818181817,0.008724218181818181,bgp_route_flap,real_spec_bgp_route_flap_002
2026-07-17T22:44:44+00:00,station1,0.0,0.119,0.82,0.0,548786.4688448881,11103995.12718413,4.390291750759105,88.83196101747305,bgp_route_flap,real_spec_bgp_route_flap_002
2026-07-17T22:44:44+00:00,station2,0.0,0.229,1.038,0.0,11102298.636363635,552049.3272727273,88.81838909090908,4.416394618181818,bgp_route_flap,real_spec_bgp_route_flap_002
2026-07-17T22:44:44+00:00,station3,0.0,0.202,0.762,0.0,236.03636363636363,1307.1818181818182,0.001888290909090909,0.010457454545454546,bgp_route_flap,real_spec_bgp_route_flap_002
2026-07-17T22:44:59+00:00,station1,0.0,1.174,1.725,0.0,552688.1261022126,11106554.206134211,4.421505008817701,88.85243364907369,bgp_route_flap,real_spec_bgp_route_flap_002
2026-07-17T22:44:59+00:00,station2,0.0,1.275,1.862,0.0,11166340.909090908,556228.5454545454,89.33072727272726,4.449828363636363,bgp_route_flap,real_spec_bgp_route_flap_002
2026-07-17T22:44:59+00:00,station3,0.0,0.028,0.685,0.0,194.0181818181818,1087.9454545454544,0.0015521454545454544,0.008703563636363635,bgp_route_flap,real_spec_bgp_route_flap_002
2026-07-17T22:45:14+00:00,station1,0.0,5.081,4.229,0.0,558785.7999999999,11232878.6,4.470286399999999,89.8630288,tunnel_degradation,real_spec_tunnel_degradation_003
2026-07-17T22:45:14+00:00,station2,0.0,4.72,3.841,0.0,10398532.963636363,521601.79999999993,83.1882637090909,4.172814399999999,tunnel_degradation,real_spec_tunnel_degradation_003
2026-07-17T22:45:14+00:00,station3,0.0,5.485,4.57,0.0,233.9272727272727,1305.6727272727271,0.0018714181818181817,0.010445381818181818,tunnel_degradation,real_spec_tunnel_degradation_003
2026-07-17T22:45:29+00:00,station1,0.0,1.834,11.377,0.0,358648.5272727272,7102342.109090908,2.869188218181818,56.818736872727264,tunnel_degradation,real_spec_tunnel_degradation_003
2026-07-17T22:45:29+00:00,station2,0.0,0.329,11.873,0.0,6032103.363636363,308339.7454545454,48.256826909090904,2.466717963636363,tunnel_degradation,real_spec_tunnel_degradation_003
2026-07-17T22:45:29+00:00,station3,0.0,0.742,10.393,0.0,197.85454545454544,1092.0363636363636,0.0015828363636363637,0.00873629090909091,tunnel_degradation,real_spec_tunnel_degradation_003
2026-07-17T22:45:44+00:00,station1,0.0,1.259,12.902,0.0,265785.47662769764,5074277.267686042,2.126283813021581,40.594218141488334,tunnel_degradation,real_spec_tunnel_degradation_003
2026-07-17T22:45:44+00:00,station2,0.0,2.133,11.238,0.0,4004152.1999999997,215780.30909090908,32.0332176,1.7262424727272727,tunnel_degradation,real_spec_tunnel_degradation_003
2026-07-17T22:45:44+00:00,station3,0.0,0.269,10.539,0.0,235.56363636363633,1307.9272727272726,0.0018845090909090907,0.01046341818181818,tunnel_degradation,real_spec_tunnel_degradation_003
2026-07-17T22:45:59+00:00,station1,0.0,1.167,11.819,0.0,51711.18181818181,698528.109090909,0.41368945454545447,5.588224872727272,tunnel_degradation,real_spec_tunnel_degradation_003
2026-07-17T22:45:59+00:00,station2,0.0,0.282,9.917,0.0,678736.0727272726,53519.61818181818,5.429888581818181,0.4281569454545454,tunnel_degradation,real_spec_tunnel_degradation_003
2026-07-17T22:45:59+00:00,station3,0.0,1.595,11.137,25.0,195.1090909090909,1089.290909090909,0.001560872727272727,0.008714327272727272,tunnel_degradation,real_spec_tunnel_degradation_003
2026-07-17T22:46:14+00:00,station1,0.0,0.868,11.572,0.0,66690.30909090908,838481.8727272727,0.5335224727272727,6.707854981818182,tunnel_degradation,real_spec_tunnel_degradation_003
2026-07-17T22:46:14+00:00,station2,0.0,1.954,11.639,0.0,560061.7272727272,51532.8909090909,4.4804938181818175,0.4122631272727272,tunnel_degradation,real_spec_tunnel_degradation_003
2026-07-17T22:46:14+00:00,station3,0.0,1.821,12.019,0.0,235.56363636363633,1309.0363636363634,0.0018845090909090907,0.010472290909090907,tunnel_degradation,real_spec_tunnel_degradation_003
2026-07-17T22:46:29+00:00,station1,0.0,1.61,11.619,0.0,36397.21818181818,404293.94545454544,0.29117774545454544,3.2343515636363636,tunnel_degradation,real_spec_tunnel_degradation_003
2026-07-17T22:46:29+00:00,station2,0.0,1.546,11.807,0.0,398957.6545454545,37333.472727272725,3.191661236363636,0.2986677818181818,tunnel_degradation,real_spec_tunnel_degradation_003
2026-07-17T22:46:29+00:00,station3,0.0,0.775,11.684,0.0,197.85454545454544,1092.2181818181818,0.0015828363636363637,0.008737745454545455,tunnel_degradation,real_spec_tunnel_degradation_003
2026-07-17T22:46:44+00:00,station1,0.0,1.882,11.47,0.0,48102.81631243068,539510.60889802,0.3848225304994454,4.31608487118416,tunnel_degradation,real_spec_tunnel_degradation_003
2026-07-17T22:46:44+00:00,station2,0.0,1.815,11.631,0.0,547943.6909090909,50092.6909090909,4.383549527272727,0.4007415272727272,tunnel_degradation,real_spec_tunnel_degradation_003
2026-07-17T22:46:44+00:00,station3,0.0,0.928,12.614,0.0,235.56363636363633,1309.5454545454545,0.0018845090909090907,0.010476363636363636,tunnel_degradation,real_spec_tunnel_degradation_003
2026-07-17T22:46:59+00:00,station1,0.0,1.072,11.323,0.0,41133.94545454545,464294.72727272724,0.3290715636363636,3.714357818181818,tunnel_degradation,real_spec_tunnel_degradation_003
2026-07-17T22:46:59+00:00,station2,0.0,1.063,12.557,0.0,455287.0909090909,41168.74545454545,3.642296727272727,0.3293499636363636,tunnel_degradation,real_spec_tunnel_degradation_003
2026-07-17T22:46:59+00:00,station3,0.0,0.483,12.451,0.0,195.1090909090909,1088.581818181818,0.001560872727272727,0.008708654545454544,tunnel_degradation,real_spec_tunnel_degradation_003
2026-07-17T22:47:14+00:00,station1,0.0,1.744,11.381,0.0,49476.936782967576,568073.8350211814,0.39581549426374063,4.544590680169451,tunnel_degradation,real_spec_tunnel_degradation_003
2026-07-17T22:47:14+00:00,station2,0.0,2.077,12.436,25.0,614533.4727272727,54827.52727272727,4.916267781818181,0.4386202181818181,tunnel_degradation,real_spec_tunnel_degradation_003
2026-07-17T22:47:14+00:00,station3,0.0,1.936,10.605,0.0,232.94545454545454,1308.7454545454543,0.0018635636363636362,0.010469963636363634,tunnel_degradation,real_spec_tunnel_degradation_003
2026-07-17T22:47:29+00:00,station1,0.0,1.387,10.974,0.0,47329.71488835551,549362.1536111716,0.37863771910684413,4.3948972288893735,tunnel_degradation,real_spec_tunnel_degradation_003
2026-07-17T22:47:29+00:00,station2,0.0,0.125,13.05,0.0,499218.9272727272,44171.87272727272,3.9937514181818177,0.3533749818181818,tunnel_degradation,real_spec_tunnel_degradation_003
2026-07-17T22:47:29+00:00,station3,0.0,1.508,11.734,0.0,194.69090909090906,1091.5454545454545,0.0015575272727272726,0.008732363636363635,tunnel_degradation,real_spec_tunnel_degradation_003
2026-07-17T22:47:44+00:00,station1,0.0,1.455,11.643,0.0,46138.561117070596,533160.5607170778,0.3691084889365648,4.265284485736623,tunnel_degradation,real_spec_tunnel_degradation_003
2026-07-17T22:47:44+00:00,station2,0.0,0.828,9.762,0.0,520769.8363636363,46398.94545454545,4.16615869090909,0.3711915636363636,tunnel_degradation,real_spec_tunnel_degradation_003
2026-07-17T22:47:44+00:00,station3,0.0,0.745,13.057,25.0,234.03636363636363,1310.7272727272725,0.001872290909090909,0.01048581818181818,tunnel_degradation,real_spec_tunnel_degradation_003
2026-07-17T22:47:59+00:00,station1,0.0,0.675,11.814,0.0,36429.17401501791,419831.5666987873,0.2914333921201433,3.358652533590299,tunnel_degradation,real_spec_tunnel_degradation_003
2026-07-17T22:47:59+00:00,station2,0.0,1.308,11.823,0.0,416020.4727272727,37269.56363636363,3.3281637818181817,0.298156509090909,tunnel_degradation,real_spec_tunnel_degradation_003
2026-07-17T22:47:59+00:00,station3,0.0,1.357,12.425,0.0,193.58181818181816,1092.3090909090909,0.0015486545454545452,0.008738472727272727,tunnel_degradation,real_spec_tunnel_degradation_003
2026-07-17T22:48:14+00:00,station1,0.0,6.362,20.413,0.0,45192.44686073786,522012.6006873102,0.3615395748859029,4.176100805498482,tunnel_degradation,real_spec_tunnel_degradation_003
2026-07-17T22:48:14+00:00,station2,0.0,8.333,22.753,0.0,485992.8909090909,43518.90909090909,3.887943127272727,0.3481512727272727,tunnel_degradation,real_spec_tunnel_degradation_003
2026-07-17T22:48:14+00:00,station3,0.0,5.316,16.622,0.0,235.1272727272727,1311.3636363636363,0.0018810181818181815,0.01049090909090909,tunnel_degradation,real_spec_tunnel_degradation_003
2026-07-17T22:48:29+00:00,station1,0.0,2.689,19.335,40.0,38827.145454545454,447075.50909090904,0.31061716363636366,3.5766040727272723,tunnel_degradation,real_spec_tunnel_degradation_003
2026-07-17T22:48:29+00:00,station2,0.0,1.898,22.69,0.0,426746.9272727272,38030.87272727272,3.4139754181818174,0.30424698181818177,tunnel_degradation,real_spec_tunnel_degradation_003
2026-07-17T22:48:29+00:00,station3,0.0,4.447,25.738,25.0,195.78181818181818,1096.4545454545453,0.0015662545454545455,0.008771636363636362,tunnel_degradation,real_spec_tunnel_degradation_003
2026-07-17T22:48:44+00:00,station1,0.0,3.978,20.41,0.0,34514.52727272727,397974.5272727272,0.27611621818181814,3.1837962181818176,tunnel_degradation,real_spec_tunnel_degradation_003
2026-07-17T22:48:44+00:00,station2,0.0,5.103,21.758,0.0,357931.8,32640.999999999996,2.8634543999999997,0.26112799999999997,tunnel_degradation,real_spec_tunnel_degradation_003
2026-07-17T22:48:44+00:00,station3,0.0,3.217,24.184,25.0,234.03636363636363,1313.3090909090909,0.001872290909090909,0.010506472727272727,tunnel_degradation,real_spec_tunnel_degradation_003
2026-07-17T22:48:59+00:00,station1,0.0,1.645,18.455,0.0,19251.322799425423,217554.50297288943,0.15401058239540338,1.7404360237831153,tunnel_degradation,real_spec_tunnel_degradation_003
2026-07-17T22:48:59+00:00,station2,0.0,5.022,22.211,0.0,184190.1818181818,17479.81818181818,1.4735214545454542,0.13983854545454544,tunnel_degradation,real_spec_tunnel_degradation_003
2026-07-17T22:48:59+00:00,station3,0.0,2.108,24.13,0.0,195.1090909090909,1094.4,0.001560872727272727,0.008755200000000001,tunnel_degradation,real_spec_tunnel_degradation_003
2026-07-17T22:49:14+00:00,station1,0.0,1.184,20.749,0.0,15585.865197549047,174922.78041418936,0.12468692158039238,1.3993822433135148,tunnel_degradation,real_spec_tunnel_degradation_003
2026-07-17T22:49:14+00:00,station2,0.0,4.218,22.95,25.0,175548.49090909088,16997.8,1.404387927272727,0.1359824,tunnel_degradation,real_spec_tunnel_degradation_003
2026-07-17T22:49:14+00:00,station3,0.0,5.279,22.924,0.0,232.94545454545454,1311.8,0.0018635636363636362,0.0104944,tunnel_degradation,real_spec_tunnel_degradation_003
2026-07-17T22:49:29+00:00,station1,0.0,5.142,23.962,25.0,12524.264959906903,141295.87068385546,0.10019411967925522,1.1303669654708437,tunnel_degradation,real_spec_tunnel_degradation_003
2026-07-17T22:49:29+00:00,station2,0.0,4.452,21.848,0.0,151910.52727272725,14605.745454545453,1.215284218181818,0.11684596363636363,tunnel_degradation,real_spec_tunnel_degradation_003
2026-07-17T22:49:29+00:00,station3,0.0,4.457,21.657,0.0,193.6,1089.8727272727272,0.0015488,0.008718981818181818,tunnel_degradation,real_spec_tunnel_degradation_003
2026-07-17T22:49:44+00:00,station1,0.0,2.321,22.117,0.0,18110.6,206195.27272727274,0.14488479999999998,1.6495621818181818,tunnel_degradation,real_spec_tunnel_degradation_003
2026-07-17T22:49:44+00:00,station2,0.0,1.499,20.562,0.0,209374.81818181818,19699.672727272726,1.6749985454545455,0.1575973818181818,tunnel_degradation,real_spec_tunnel_degradation_003
2026-07-17T22:49:44+00:00,station3,0.0,4.65,19.482,0.0,228.03636363636363,1304.6,0.001824290909090909,0.0104368,tunnel_degradation,real_spec_tunnel_degradation_003
2026-07-17T22:49:59+00:00,station1,0.0,3.639,20.322,0.0,14295.565696416561,163150.1190844136,0.11436452557133249,1.3052009526753088,tunnel_degradation,real_spec_tunnel_degradation_003
2026-07-17T22:49:59+00:00,station2,0.0,3.603,23.922,0.0,148895.96363636365,14416.145454545453,1.1911677090909092,0.11532916363636363,tunnel_degradation,real_spec_tunnel_degradation_003
2026-07-17T22:49:59+00:00,station3,0.0,3.503,25.279,0.0,189.1090909090909,1085.0727272727272,0.0015128727272727272,0.008680581818181817,tunnel_degradation,real_spec_tunnel_degradation_003
2026-07-17T22:50:14+00:00,station1,0.0,4.177,21.988,0.0,16352.781818181818,184133.14545454545,0.13082225454545454,1.4730651636363636,tunnel_degradation,real_spec_tunnel_degradation_003
2026-07-17T22:50:14+00:00,station2,0.0,2.311,21.7,0.0,176324.5636363636,17063.163636363635,1.4105965090909087,0.13650530909090908,tunnel_degradation,real_spec_tunnel_degradation_003
2026-07-17T22:50:14+00:00,station3,0.0,2.861,19.662,0.0,230.65454545454543,1304.9818181818182,0.0018452363636363635,0.010439854545454546,tunnel_degradation,real_spec_tunnel_degradation_003
2026-07-17T22:50:29+00:00,station1,0.0,4.658,23.872,25.0,12161.95428841573,136631.10715129916,0.09729563430732585,1.0930488572103934,tunnel_degradation,real_spec_tunnel_degradation_003
2026-07-17T22:50:29+00:00,station2,0.0,5.379,23.211,0.0,133919.47272727272,13139.70909090909,1.0713557818181818,0.10511767272727271,tunnel_degradation,real_spec_tunnel_degradation_003
2026-07-17T22:50:29+00:00,station3,0.0,4.046,21.006,25.0,196.2181818181818,1089.490909090909,0.0015697454545454542,0.008715927272727273,tunnel_degradation,real_spec_tunnel_degradation_003
2026-07-17T22:50:44+00:00,station1,0.0,1.104,20.673,0.0,14820.81818181818,166501.47272727272,0.11856654545454544,1.3320117818181818,tunnel_degradation,real_spec_tunnel_degradation_003
2026-07-17T22:50:44+00:00,station2,0.0,4.494,21.507,25.0,170907.25454545452,16646.145454545454,1.3672580363636362,0.13316916363636364,tunnel_degradation,real_spec_tunnel_degradation_003
2026-07-17T22:50:44+00:00,station3,0.0,1.798,21.998,0.0,235.56363636363633,1308.6545454545453,0.0018845090909090907,0.010469236363636362,tunnel_degradation,real_spec_tunnel_degradation_003
2026-07-17T22:50:59+00:00,station1,0.0,1.596,26.776,0.0,14641.944106042149,166732.14902631054,0.11713555284833718,1.3338571922104843,tunnel_degradation,real_spec_tunnel_degradation_003
2026-07-17T22:50:59+00:00,station2,0.0,3.184,24.843,0.0,162549.7818181818,15456.436363636363,1.3003982545454544,0.1236514909090909,tunnel_degradation,real_spec_tunnel_degradation_003
2026-07-17T22:50:59+00:00,station3,0.0,1.881,23.922,0.0,196.38181818181818,1088.9090909090908,0.0015710545454545454,0.008711272727272725,tunnel_degradation,real_spec_tunnel_degradation_003
2026-07-17T22:51:14+00:00,station1,0.0,2.629,35.334,25.0,14747.945454545454,164738.4,0.11798356363636363,1.3179072,tunnel_degradation,real_spec_tunnel_degradation_003
2026-07-17T22:51:14+00:00,station2,0.0,2.798,29.889,0.0,156548.3818181818,15420.745454545453,1.2523870545454545,0.12336596363636362,tunnel_degradation,real_spec_tunnel_degradation_003
2026-07-17T22:51:14+00:00,station3,0.0,5.024,34.985,0.0,235.3090909090909,1307.909090909091,0.0018824727272727273,0.010463272727272727,tunnel_degradation,real_spec_tunnel_degradation_003
2026-07-17T22:51:29+00:00,station1,0.0,5.63,33.927,25.0,10547.367081242272,116125.00909157029,0.08437893664993817,0.9290000727325624,tunnel_degradation,real_spec_tunnel_degradation_003
2026-07-17T22:51:29+00:00,station2,0.0,4.833,29.722,0.0,109267.47272727272,11082.618181818181,0.8741397818181817,0.08866094545454545,tunnel_degradation,real_spec_tunnel_degradation_003
2026-07-17T22:51:29+00:00,station3,0.0,5.829,34.977,0.0,196.7272727272727,1092.3272727272727,0.0015738181818181814,0.008738618181818182,tunnel_degradation,real_spec_tunnel_degradation_003
2026-07-17T22:51:44+00:00,station1,0.0,4.84,31.773,0.0,11473.899525445917,125707.32195130821,0.09179119620356734,1.0056585756104657,tunnel_degradation,real_spec_tunnel_degradation_003
2026-07-17T22:51:44+00:00,station2,0.0,3.224,38.775,25.0,114774.41818181818,11793.2,0.9181953454545455,0.0943456,tunnel_degradation,real_spec_tunnel_degradation_003
2026-07-17T22:51:44+00:00,station3,0.0,6.253,36.075,0.0,252.0363636363636,1333.8727272727272,0.002016290909090909,0.010670981818181817,tunnel_degradation,real_spec_tunnel_degradation_003
2026-07-17T22:51:59+00:00,station1,0.0,5.606,31.881,0.0,8689.68965329164,94499.04550660873,0.06951751722633312,0.7559923640528698,tunnel_degradation,real_spec_tunnel_degradation_003
2026-07-17T22:51:59+00:00,station2,0.0,3.924,39.112,0.0,102223.30909090908,10357.127272727272,0.8177864727272727,0.08285701818181818,tunnel_degradation,real_spec_tunnel_degradation_003
2026-07-17T22:51:59+00:00,station3,0.0,1.805,33.752,0.0,210.3090909090909,1115.4363636363635,0.0016824727272727272,0.008923490909090908,tunnel_degradation,real_spec_tunnel_degradation_003
2026-07-17T22:52:14+00:00,station1,0.0,5.188,33.54,0.0,9757.849571841536,109037.28887515227,0.0780627965747323,0.8722983110012181,tunnel_degradation,real_spec_tunnel_degradation_003
2026-07-17T22:52:14+00:00,station2,0.0,4.776,38.65,25.0,97486.96363636362,10214.981818181817,0.779895709090909,0.08171985454545454,tunnel_degradation,real_spec_tunnel_degradation_003
2026-07-17T22:52:14+00:00,station3,0.0,0.939,31.744,0.0,245.74545454545452,1330.5636363636363,0.001965963636363636,0.010644509090909091,tunnel_degradation,real_spec_tunnel_degradation_003
2026-07-17T22:52:29+00:00,station1,0.0,7.475,31.382,0.0,7070.759776739451,76385.70623420541,0.056566078213915606,0.6110856498736433,tunnel_degradation,real_spec_tunnel_degradation_003
2026-07-17T22:52:29+00:00,station2,0.0,8.403,30.712,0.0,73633.07272727272,8059.436363636362,0.5890645818181818,0.0644754909090909,tunnel_degradation,real_spec_tunnel_degradation_003
2026-07-17T22:52:29+00:00,station3,0.0,2.855,26.945,0.0,190.76363636363632,1086.5272727272727,0.0015261090909090907,0.008692218181818182,tunnel_degradation,real_spec_tunnel_degradation_003
2026-07-17T22:52:44+00:00,station1,0.0,2.944,39.57,0.0,8636.872727272726,93461.6909090909,0.06909498181818181,0.7476935272727272,tunnel_degradation,real_spec_tunnel_degradation_003
2026-07-17T22:52:44+00:00,station2,0.0,2.999,37.33,25.0,92168.12727272726,9923.963636363635,0.7373450181818181,0.07939170909090908,tunnel_degradation,real_spec_tunnel_degradation_003
2026-07-17T22:52:44+00:00,station3,0.0,5.352,29.145,0.0,231.4181818181818,1309.3454545454545,0.0018513454545454546,0.010474763636363635,tunnel_degradation,real_spec_tunnel_degradation_003
2026-07-17T22:52:59+00:00,station1,0.0,3.82,39.31,0.0,7165.3242668315115,76807.42168324212,0.05732259413465209,0.6144593734659369,tunnel_degradation,real_spec_tunnel_degradation_003
2026-07-17T22:52:59+00:00,station2,0.0,5.294,31.348,0.0,76829.67272727271,8341.327272727272,0.6146373818181817,0.06673061818181818,tunnel_degradation,real_spec_tunnel_degradation_003
2026-07-17T22:52:59+00:00,station3,0.0,7.482,33.677,0.0,191.07272727272726,1091.0545454545454,0.001528581818181818,0.008728436363636363,tunnel_degradation,real_spec_tunnel_degradation_003
2026-07-17T22:53:14+00:00,station1,0.0,5.49,32.668,0.0,9227.127272727272,100469.18181818181,0.07381701818181817,0.8037534545454544,tunnel_degradation,real_spec_tunnel_degradation_003
2026-07-17T22:53:14+00:00,station2,0.0,5.962,32.285,25.0,109597.65454545454,11337.70909090909,0.8767812363636364,0.09070167272727271,tunnel_degradation,real_spec_tunnel_degradation_003
2026-07-17T22:53:14+00:00,station3,0.0,7.371,36.053,0.0,227.99999999999997,1310.4363636363635,0.0018239999999999997,0.010483490909090908,tunnel_degradation,real_spec_tunnel_degradation_003
2026-07-17T22:53:29+00:00,station1,0.0,5.265,29.892,0.0,8300.939982909402,93385.35662987945,0.06640751986327521,0.7470828530390355,tunnel_degradation,real_spec_tunnel_degradation_003
2026-07-17T22:53:29+00:00,station2,0.0,4.821,34.335,0.0,82889.10909090909,8603.90909090909,0.6631128727272727,0.06883127272727273,tunnel_degradation,real_spec_tunnel_degradation_003
2026-07-17T22:53:29+00:00,station3,0.0,2.531,39.542,0.0,186.03636363636363,1089.381818181818,0.001488290909090909,0.008715054545454544,tunnel_degradation,real_spec_tunnel_degradation_003
2026-07-17T22:53:44+00:00,station1,0.0,6.146,38.458,0.0,8643.061035253904,95021.89051108161,0.06914448828203124,0.7601751240886528,tunnel_degradation,real_spec_tunnel_degradation_003
2026-07-17T22:53:44+00:00,station2,0.0,1.77,33.512,0.0,94715.87272727273,10056.545454545452,0.7577269818181818,0.08045236363636361,tunnel_degradation,real_spec_tunnel_degradation_003
2026-07-17T22:53:44+00:00,station3,0.0,1.742,29.428,0.0,228.2181818181818,1308.1272727272726,0.0018257454545454544,0.010465018181818182,tunnel_degradation,real_spec_tunnel_degradation_003
2026-07-17T22:53:59+00:00,station1,0.0,6.081,34.626,0.0,7023.10909090909,76416.52727272727,0.05618487272727272,0.6113322181818182,tunnel_degradation,real_spec_tunnel_degradation_003
2026-07-17T22:53:59+00:00,station2,0.0,7.866,32.339,0.0,78246.50909090908,8360.381818181817,0.6259720727272726,0.06688305454545454,tunnel_degradation,real_spec_tunnel_degradation_003
2026-07-17T22:53:59+00:00,station3,0.0,7.54,32.937,0.0,189.18181818181816,1087.1999999999998,0.0015134545454545453,0.008697599999999998,tunnel_degradation,real_spec_tunnel_degradation_003
2026-07-17T22:54:14+00:00,station1,0.0,6.075,44.3,0.0,9285.412992491045,100375.62953400846,0.07428330393992835,0.8030050362720677,tunnel_degradation,real_spec_tunnel_degradation_003
2026-07-17T22:54:14+00:00,station2,0.0,12.144,41.835,25.0,92782.6,9948.781818181818,0.7422608,0.07959025454545454,tunnel_degradation,real_spec_tunnel_degradation_003
2026-07-17T22:54:14+00:00,station3,0.0,8.978,47.2,0.0,249.6363636363636,1334.3090909090909,0.001997090909090909,0.010674472727272727,tunnel_degradation,real_spec_tunnel_degradation_003
2026-07-17T22:54:29+00:00,station1,0.0,8.128,45.316,25.0,8174.70909090909,88844.74545454544,0.06539767272727272,0.7107579636363635,tunnel_degradation,real_spec_tunnel_degradation_003
2026-07-17T22:54:29+00:00,station2,0.0,4.802,52.097,0.0,84146.78181818181,8783.872727272728,0.6731742545454545,0.07027098181818182,tunnel_degradation,real_spec_tunnel_degradation_003
2026-07-17T22:54:29+00:00,station3,0.0,2.759,53.449,0.0,207.67272727272726,1112.3090909090909,0.001661381818181818,0.008898472727272727,tunnel_degradation,real_spec_tunnel_degradation_003
2026-07-17T22:54:44+00:00,station1,0.0,8.274,43.714,25.0,7927.181818181818,85673.72727272726,0.06341745454545454,0.6853898181818181,tunnel_degradation,real_spec_tunnel_degradation_003
2026-07-17T22:54:44+00:00,station2,0.0,8.299,43.993,0.0,73780.67272727271,8329.072727272727,0.5902453818181818,0.06663258181818182,tunnel_degradation,real_spec_tunnel_degradation_003
2026-07-17T22:54:44+00:00,station3,0.0,4.193,43.705,25.0,244.29090909090908,1330.4,0.0019543272727272727,0.0106432,tunnel_degradation,real_spec_tunnel_degradation_003
2026-07-17T22:54:59+00:00,station1,0.0,7.02,49.769,25.0,5029.1454545454535,50963.63636363636,0.04023316363636363,0.4077090909090909,tunnel_degradation,real_spec_tunnel_degradation_003
2026-07-17T22:54:59+00:00,station2,0.0,4.987,39.513,0.0,44112.10909090909,5514.90909090909,0.3528968727272727,0.04411927272727272,tunnel_degradation,real_spec_tunnel_degradation_003
2026-07-17T22:54:59+00:00,station3,0.0,7.849,49.772,0.0,207.98181818181817,1112.6,0.0016638545454545454,0.008900799999999999,tunnel_degradation,real_spec_tunnel_degradation_003
2026-07-17T22:55:14+00:00,station1,0.0,1.948,49.613,0.0,5049.436363636364,51799.03636363636,0.04039549090909091,0.4143922909090909,tunnel_degradation,real_spec_tunnel_degradation_003
2026-07-17T22:55:14+00:00,station2,0.0,9.069,46.654,0.0,50998.6,6431.163636363636,0.4079888,0.05144930909090909,tunnel_degradation,real_spec_tunnel_degradation_003
2026-07-17T22:55:14+00:00,station3,0.0,2.746,49.307,0.0,234.47272727272727,1310.0363636363634,0.001875781818181818,0.010480290909090906,tunnel_degradation,real_spec_tunnel_degradation_003
2026-07-17T22:55:29+00:00,station1,0.0,12.607,48.984,25.0,4379.181818181818,44814.07272727272,0.03503345454545454,0.3585125818181818,tunnel_degradation,real_spec_tunnel_degradation_003
2026-07-17T22:55:29+00:00,station2,0.0,8.308,42.814,25.0,44686.8909090909,5521.363636363636,0.3574951272727272,0.04417090909090909,tunnel_degradation,real_spec_tunnel_degradation_003
2026-07-17T22:55:29+00:00,station3,0.0,3.401,38.028,25.0,197.85454545454544,1097.4727272727273,0.0015828363636363637,0.008779781818181818,tunnel_degradation,real_spec_tunnel_degradation_003
2026-07-17T22:55:44+00:00,station1,0.0,5.336,46.226,0.0,5756.4407919856,60327.375865893344,0.0460515263358848,0.48261900692714677,tunnel_degradation,real_spec_tunnel_degradation_003
2026-07-17T22:55:44+00:00,station2,0.0,3.355,51.292,0.0,64040.090909090904,7419.963636363636,0.5123207272727273,0.05935970909090909,tunnel_degradation,real_spec_tunnel_degradation_003
2026-07-17T22:55:44+00:00,station3,0.0,10.03,51.938,25.0,233.1272727272727,1313.7636363636364,0.0018650181818181816,0.010510109090909091,tunnel_degradation,real_spec_tunnel_degradation_003
2026-07-17T22:55:59+00:00,station1,0.0,7.192,39.752,40.0,4759.127272727273,50495.05454545454,0.03807301818181818,0.4039604363636363,tunnel_degradation,real_spec_tunnel_degradation_003
2026-07-17T22:55:59+00:00,station2,0.0,3.124,54.629,0.0,44391.090909090904,5460.454545454545,0.35512872727272726,0.04368363636363636,tunnel_degradation,real_spec_tunnel_degradation_003
2026-07-17T22:55:59+00:00,station3,0.0,9.398,47.07,0.0,190.6,1092.4181818181817,0.0015248,0.008739345454545454,tunnel_degradation,real_spec_tunnel_degradation_003
2026-07-17T22:56:14+00:00,station1,0.0,6.594,50.577,0.0,5187.636363636364,52851.72727272727,0.04150109090909091,0.4228138181818182,tunnel_degradation,real_spec_tunnel_degradation_003
2026-07-17T22:56:14+00:00,station2,0.0,4.732,46.005,40.0,52568.4909090909,6544.90909090909,0.42054792727272716,0.05235927272727272,tunnel_degradation,real_spec_tunnel_degradation_003
2026-07-17T22:56:14+00:00,station3,0.0,6.42,48.891,40.0,230.5090909090909,1314.1818181818182,0.0018440727272727273,0.010513454545454546,tunnel_degradation,real_spec_tunnel_degradation_003
2026-07-17T22:56:29+00:00,station1,0.0,9.569,42.489,0.0,4251.7818181818175,43005.23636363636,0.034014254545454536,0.3440418909090909,tunnel_degradation,real_spec_tunnel_degradation_003
2026-07-17T22:56:29+00:00,station2,0.0,3.782,51.986,0.0,43910.16363636363,5499.018181818182,0.35128130909090904,0.04399214545454545,tunnel_degradation,real_spec_tunnel_degradation_003
2026-07-17T22:56:29+00:00,station3,0.0,6.403,41.941,25.0,193.89090909090908,1097.4,0.0015511272727272726,0.008779200000000001,tunnel_degradation,real_spec_tunnel_degradation_003
2026-07-17T22:56:44+00:00,station1,0.0,5.023,37.802,0.0,5686.890909090909,58908.12727272727,0.045495127272727275,0.4712650181818182,tunnel_degradation,real_spec_tunnel_degradation_003
2026-07-17T22:56:44+00:00,station2,0.0,8.832,44.074,0.0,54711.03636363636,6723.8727272727265,0.4376882909090909,0.05379098181818181,tunnel_degradation,real_spec_tunnel_degradation_003
2026-07-17T22:56:44+00:00,station3,0.0,9.188,45.164,0.0,234.03636363636363,1314.4545454545453,0.001872290909090909,0.010515636363636362,tunnel_degradation,real_spec_tunnel_degradation_003
2026-07-17T22:56:59+00:00,station1,0.0,7.065,48.381,0.0,5301.421921594298,57512.83729725798,0.042411375372754384,0.46010269837806383,tunnel_degradation,real_spec_tunnel_degradation_003
2026-07-17T22:56:59+00:00,station2,0.0,5.753,45.154,25.0,58683.38181818181,6533.163636363636,0.4694670545454545,0.05226530909090909,tunnel_degradation,real_spec_tunnel_degradation_003
2026-07-17T22:56:59+00:00,station3,0.0,6.024,49.803,0.0,194.56363636363633,1095.9818181818182,0.0015565090909090908,0.008767854545454546,tunnel_degradation,real_spec_tunnel_degradation_003
2026-07-17T22:57:14+00:00,station1,0.0,3.961,37.737,0.0,5710.906677817574,61935.78532080069,0.04568725342254059,0.49548628256640553,tunnel_degradation,real_spec_tunnel_degradation_003
2026-07-17T22:57:14+00:00,station2,0.0,5.899,40.8,0.0,59525.36363636363,7132.654545454545,0.47620290909090907,0.05706123636363636,tunnel_degradation,real_spec_tunnel_degradation_003
2026-07-17T22:57:14+00:00,station3,0.0,8.844,45.063,25.0,232.47272727272727,1316.6181818181817,0.001859781818181818,0.010532945454545454,tunnel_degradation,real_spec_tunnel_degradation_003
2026-07-17T22:57:29+00:00,station1,0.0,7.646,39.706,0.0,4678.635710779413,48258.3313637438,0.037429085686235306,0.38606665090995035,tunnel_degradation,real_spec_tunnel_degradation_003
2026-07-17T22:57:29+00:00,station2,0.0,8.641,49.429,0.0,47903.763636363634,5816.836363636363,0.38323010909090904,0.0465346909090909,tunnel_degradation,real_spec_tunnel_degradation_003
2026-07-17T22:57:29+00:00,station3,0.0,2.977,39.525,25.0,195.85454545454544,1099.0181818181816,0.0015668363636363635,0.008792145454545453,tunnel_degradation,real_spec_tunnel_degradation_003
2026-07-17T22:57:44+00:00,station1,0.0,5.146,49.876,0.0,5892.6,61612.30909090909,0.047140800000000004,0.4928984727272727,tunnel_degradation,real_spec_tunnel_degradation_003
2026-07-17T22:57:44+00:00,station2,0.0,3.562,48.627,0.0,62230.16363636363,7346.327272727272,0.497841309090909,0.05877061818181818,tunnel_degradation,real_spec_tunnel_degradation_003
2026-07-17T22:57:44+00:00,station3,0.0,4.566,35.759,0.0,230.29090909090908,1311.0545454545454,0.0018423272727272726,0.010488436363636363,tunnel_degradation,real_spec_tunnel_degradation_003
2026-07-17T22:57:59+00:00,station1,0.0,,,,3818.138638888889,38984.92717592593,0.030545109111111114,0.31187941740740743,tunnel_degradation,real_spec_tunnel_degradation_003
2026-07-17T22:57:59+00:00,station2,0.0,7.171,47.728,0.0,54554.50909090909,6378.436363636362,0.4364360727272727,0.0510274909090909,tunnel_degradation,real_spec_tunnel_degradation_003
2026-07-17T22:57:59+00:00,station3,0.0,5.214,40.577,0.0,190.9272727272727,1091.9818181818182,0.0015274181818181816,0.008735854545454546,tunnel_degradation,real_spec_tunnel_degradation_003
2026-07-17T22:58:14+00:00,station1,0.0,0.179,2.142,0.0,162357.81818181818,3357584.9999999995,1.2988625454545455,26.860679999999995,tunnel_degradation,real_spec_tunnel_degradation_003
2026-07-17T22:58:14+00:00,station2,0.0,0.613,2.484,0.0,3998036.3818181814,193992.85454545452,31.98429105454545,1.5519428363636363,tunnel_degradation,real_spec_tunnel_degradation_003
2026-07-17T22:58:14+00:00,station3,0.0,490.462,1198.552,0.0,257.2,1331.9636363636362,0.0020575999999999997,0.010655709090909089,tunnel_degradation,real_spec_tunnel_degradation_003
2026-07-17T22:58:29+00:00,station1,0.0,0.028,0.247,0.0,190910.34545454543,3979576.6909090905,1.5272827636363635,31.836613527272725,tunnel_degradation,real_spec_tunnel_degradation_003
2026-07-17T22:58:29+00:00,station2,0.0,0.045,0.213,0.0,3973992.4909090907,191629.58181818182,31.791939927272725,1.5330366545454546,tunnel_degradation,real_spec_tunnel_degradation_003
2026-07-17T22:58:29+00:00,station3,0.0,0.046,0.22,0.0,220.58181818181816,1115.0727272727272,0.0017646545454545453,0.008920581818181818,tunnel_degradation,real_spec_tunnel_degradation_003
2026-07-17T22:58:44+00:00,station1,0.0,0.288,2.331,0.0,267241.0363636363,5495737.69090909,2.1379282909090906,43.96590152727272,tunnel_degradation,real_spec_tunnel_degradation_003
2026-07-17T22:58:44+00:00,station2,0.0,0.48,1.878,0.0,6606330.163636363,323969.67272727273,52.8506413090909,2.591757381818182,tunnel_degradation,real_spec_tunnel_degradation_003
2026-07-17T22:58:44+00:00,station3,0.0,4087.133,4911.098,80.0,247.1272727272727,1334.490909090909,0.0019770181818181817,0.010675927272727273,tunnel_degradation,real_spec_tunnel_degradation_003
2026-07-17T22:58:59+00:00,station1,0.0,0.585,2.789,0.0,326064.4738995255,6645131.347842689,2.608515791196204,53.16105078274151,tunnel_degradation,real_spec_tunnel_degradation_003
2026-07-17T22:58:59+00:00,station2,0.0,0.482,2.221,0.0,6643312.763636364,330251.8909090909,53.14650210909091,2.642015127272727,tunnel_degradation,real_spec_tunnel_degradation_003
2026-07-17T22:58:59+00:00,station3,0.0,1446.446,2952.189,0.0,219.54545454545453,1104.3090909090909,0.0017563636363636362,0.008834472727272728,tunnel_degradation,real_spec_tunnel_degradation_003
2026-07-17T22:59:14+00:00,station1,0.0,0.331,2.229,0.0,444141.89348897256,8877925.125911381,3.5531351479117803,71.02340100729104,tunnel_degradation,real_spec_tunnel_degradation_003
2026-07-17T22:59:14+00:00,station2,0.0,0.173,2.606,0.0,9346092.563636363,470425.19999999995,74.7687405090909,3.7634015999999995,tunnel_degradation,real_spec_tunnel_degradation_003
2026-07-17T22:59:14+00:00,station3,0.0,833.381,1395.524,0.0,230.29090909090908,1305.7272727272725,0.0018423272727272726,0.01044581818181818,tunnel_degradation,real_spec_tunnel_degradation_003
2026-07-17T22:59:29+00:00,station1,0.0,0.684,2.764,0.0,524955.2719140348,10463971.56311933,4.199642175312279,83.71177250495464,tunnel_degradation,real_spec_tunnel_degradation_003
2026-07-17T22:59:29+00:00,station2,0.0,0.549,2.513,0.0,11168203.07272727,560470.2909090909,89.34562458181816,4.483762327272727,tunnel_degradation,real_spec_tunnel_degradation_003
2026-07-17T22:59:29+00:00,station3,0.0,1444.54,2957.229,0.0,198.36363636363635,1092.8363636363636,0.0015869090909090909,0.008742690909090908,tunnel_degradation,real_spec_tunnel_degradation_003
2026-07-17T22:59:44+00:00,station1,0.0,0.022,0.184,0.0,595317.9462938386,11884612.512044797,4.762543570350709,95.07690009635837,tunnel_degradation,real_spec_tunnel_degradation_003
2026-07-17T22:59:44+00:00,station2,0.0,0.046,0.223,0.0,10766430.49090909,540799.1818181818,86.13144392727273,4.326393454545454,tunnel_degradation,real_spec_tunnel_degradation_003
2026-07-17T22:59:44+00:00,station3,0.0,0.008,0.248,0.0,248.14545454545453,1304.3090909090909,0.001985163636363636,0.010434472727272727,tunnel_degradation,real_spec_tunnel_degradation_003
2026-07-17T22:59:59+00:00,station1,0.0,0.019,0.274,0.0,371640.16363636364,7417644.036363635,2.973121309090909,59.34115229090908,tunnel_degradation,real_spec_tunnel_degradation_003
2026-07-17T22:59:59+00:00,station2,0.0,0.036,0.238,0.0,6638507.309090909,334591.2545454545,53.10805847272727,2.676730036363636,tunnel_degradation,real_spec_tunnel_degradation_003
2026-07-17T22:59:59+00:00,station3,0.0,0.044,0.328,0.0,207.3272727272727,1086.4727272727273,0.0016586181818181818,0.008691781818181818,tunnel_degradation,real_spec_tunnel_degradation_003
2026-07-17T23:00:14+00:00,station1,0.0,0.141,0.764,0.0,445307.12168869656,8874677.751313612,3.5624569735095726,70.9974220105089,tunnel_degradation,real_spec_tunnel_degradation_003
2026-07-17T23:00:14+00:00,station2,0.0,0.384,1.03,0.0,8873419.727272727,446676.6545454545,70.9873578181818,3.5734132363636357,tunnel_degradation,real_spec_tunnel_degradation_003
2026-07-17T23:00:14+00:00,station3,0.0,0.061,0.659,0.0,242.39999999999998,1304.6545454545453,0.0019391999999999999,0.010437236363636363,tunnel_degradation,real_spec_tunnel_degradation_003
2026-07-17T23:00:29+00:00,station1,0.0,0.109,0.861,0.0,333510.0909090909,6641883.163636363,2.668080727272727,53.135065309090905,tunnel_degradation,real_spec_tunnel_degradation_003
2026-07-17T23:00:29+00:00,station2,0.0,0.067,0.758,0.0,7043140.5636363635,354810.3818181818,56.34512450909091,2.838483054545454,tunnel_degradation,real_spec_tunnel_degradation_003
2026-07-17T23:00:29+00:00,station3,0.0,0.051,0.665,0.0,199.63636363636363,1089.3999999999999,0.0015970909090909091,0.0087152,tunnel_degradation,real_spec_tunnel_degradation_003
2026-07-17T23:00:44+00:00,station1,0.0,0.02,0.694,0.0,521307.4014144683,10394973.87415232,4.170459211315746,83.15979099321855,tunnel_degradation,real_spec_tunnel_degradation_003
2026-07-17T23:00:44+00:00,station2,0.0,0.046,0.706,0.0,11511196.454545455,578559.5636363636,92.08957163636364,4.628476509090909,tunnel_degradation,real_spec_tunnel_degradation_003
2026-07-17T23:00:44+00:00,station3,0.0,0.081,0.649,0.0,236.25454545454542,1304.3272727272727,0.0018900363636363633,0.010434618181818182,tunnel_degradation,real_spec_tunnel_degradation_003
2026-07-17T23:00:59+00:00,station1,0.0,0.171,0.912,0.0,559321.5454545454,11172903.2,4.474572363636363,89.38322559999999,tunnel_degradation,real_spec_tunnel_degradation_003
2026-07-17T23:00:59+00:00,station2,0.0,0.134,0.789,0.0,10835125.709090909,543683.2909090909,86.68100567272727,4.349466327272727,tunnel_degradation,real_spec_tunnel_degradation_003
2026-07-17T23:00:59+00:00,station3,0.0,0.175,0.89,0.0,196.67272727272726,1086.3999999999999,0.001573381818181818,0.0086912,tunnel_degradation,real_spec_tunnel_degradation_003
2026-07-17T23:01:14+00:00,station1,0.0,0.576,1.307,0.0,556713.0701961712,11102494.73665073,4.45370456156937,88.81995789320584,tunnel_degradation,real_spec_tunnel_degradation_003
2026-07-17T23:01:14+00:00,station2,0.0,0.774,1.3,0.0,11101043.98181818,557858.2181818181,88.80835185454545,4.462865745454545,tunnel_degradation,real_spec_tunnel_degradation_003
2026-07-17T23:01:14+00:00,station3,0.0,0.185,0.818,0.0,240.07272727272726,1306.7636363636364,0.001920581818181818,0.01045410909090909,tunnel_degradation,real_spec_tunnel_degradation_003
2026-07-17T23:01:29+00:00,station1,0.0,0.11,0.811,0.0,444744.24059494154,8868154.790261287,3.5579539247595324,70.9452383220903,tunnel_degradation,real_spec_tunnel_degradation_003
2026-07-17T23:01:29+00:00,station2,0.0,0.165,0.931,0.0,8866285.072727272,445788.2909090909,70.93028058181818,3.566306327272727,tunnel_degradation,real_spec_tunnel_degradation_003
2026-07-17T23:01:29+00:00,station3,0.0,0.077,0.697,0.0,201.8181818181818,1089.3454545454545,0.0016145454545454544,0.008714763636363636,tunnel_degradation,real_spec_tunnel_degradation_003
2026-07-17T23:01:44+00:00,station1,0.0,0.101,0.799,0.0,556347.539135652,11101743.441028345,4.450780313085216,88.81394752822676,tunnel_degradation,real_spec_tunnel_degradation_003
2026-07-17T23:01:44+00:00,station2,0.0,0.086,0.718,0.0,11100609.872727271,557751.2727272727,88.80487898181816,4.462010181818181,tunnel_degradation,real_spec_tunnel_degradation_003
2026-07-17T23:01:44+00:00,station3,0.0,0.112,0.857,0.0,240.07272727272726,1306.3272727272727,0.001920581818181818,0.010450618181818182,tunnel_degradation,real_spec_tunnel_degradation_003
2026-07-17T23:01:59+00:00,station1,0.0,0.825,1.328,0.0,517354.9272727272,10321240.527272727,4.138839418181817,82.56992421818182,tunnel_degradation,real_spec_tunnel_degradation_003
2026-07-17T23:01:59+00:00,station2,0.0,0.711,1.268,0.0,11170301.963636363,560066.8727272727,89.3624157090909,4.480534981818182,tunnel_degradation,real_spec_tunnel_degradation_003
2026-07-17T23:01:59+00:00,station3,0.0,0.023,0.65,0.0,205.39999999999998,1092.7272727272725,0.0016431999999999998,0.00874181818181818,tunnel_degradation,real_spec_tunnel_degradation_003
2026-07-17T23:02:14+00:00,station1,0.0,0.171,0.854,0.0,602184.3124420444,12177067.728504155,4.817474499536355,97.41654182803323,tunnel_degradation,real_spec_tunnel_degradation_003
2026-07-17T23:02:14+00:00,station2,0.0,0.209,0.858,0.0,12052623.563636363,547664.3090909091,96.4209885090909,4.381314472727273,tunnel_degradation,real_spec_tunnel_degradation_003
2026-07-17T23:02:14+00:00,station3,0.0,0.175,0.724,0.0,243.38181818181818,1307.6,0.0019470545454545454,0.0104608,tunnel_degradation,real_spec_tunnel_degradation_003
2026-07-17T23:02:29+00:00,station1,0.0,0.347,0.467,0.0,378734.3272727272,9566827.163636362,3.0298746181818177,76.53461730909089,tunnel_degradation,real_spec_tunnel_degradation_003
2026-07-17T23:02:29+00:00,station2,0.0,0.246,0.442,0.0,9142769.98181818,359060.8909090909,73.14215985454544,2.872487127272727,tunnel_degradation,real_spec_tunnel_degradation_003
2026-07-17T23:02:29+00:00,station3,0.0,0.155,0.379,0.0,207.96363636363634,1093.0727272727272,0.0016637090909090908,0.008744581818181817,tunnel_degradation,real_spec_tunnel_degradation_003
2026-07-17T23:02:44+00:00,station1,0.0,1.498,1.748,0.0,469225.2727272727,11379244.38181818,3.7538021818181817,91.03395505454544,tunnel_degradation,real_spec_tunnel_degradation_003
2026-07-17T23:02:44+00:00,station2,0.0,0.233,0.897,0.0,11377066.818181816,469886.4727272727,91.01653454545453,3.759091781818182,tunnel_degradation,real_spec_tunnel_degradation_003
2026-07-17T23:02:44+00:00,station3,0.0,0.403,0.925,0.0,246.2181818181818,1310.4363636363635,0.0019697454545454544,0.010483490909090908,tunnel_degradation,real_spec_tunnel_degradation_003
2026-07-17T23:02:59+00:00,station1,0.0,0.581,1.189,0.0,356449.6645515536,9143919.801458154,2.8515973164124286,73.15135841166523,tunnel_degradation,real_spec_tunnel_degradation_003
2026-07-17T23:02:59+00:00,station2,0.0,0.681,1.37,0.0,9399134.69090909,369872.9636363636,75.19307752727272,2.958983709090909,tunnel_degradation,real_spec_tunnel_degradation_003
2026-07-17T23:02:59+00:00,station3,0.0,0.114,0.722,0.0,197.94545454545454,1088.1090909090908,0.0015835636363636363,0.008704872727272727,tunnel_degradation,real_spec_tunnel_degradation_003
2026-07-17T23:03:14+00:00,station1,0.0,0.684,1.391,0.0,535363.7933855748,12606180.196723696,4.282910347084599,100.84944157378956,tunnel_degradation,real_spec_tunnel_degradation_003
2026-07-17T23:03:14+00:00,station2,0.0,0.758,1.248,0.0,12727829.309090909,591871.509090909,101.82263447272727,4.734972072727272,tunnel_degradation,real_spec_tunnel_degradation_003
2026-07-17T23:03:14+00:00,station3,0.0,0.438,0.936,0.0,240.7272727272727,1307.6909090909091,0.0019258181818181815,0.010461527272727273,tunnel_degradation,real_spec_tunnel_degradation_003
2026-07-17T23:03:29+00:00,station1,0.0,0.26,0.549,0.0,555158.8545454545,11170556.854545454,4.441270836363636,89.36445483636363,tunnel_degradation,real_spec_tunnel_degradation_003
2026-07-17T23:03:29+00:00,station2,0.0,0.219,0.561,0.0,10479830.709090909,521950.54545454547,83.83864567272727,4.175604363636364,tunnel_degradation,real_spec_tunnel_degradation_003
2026-07-17T23:03:29+00:00,station3,0.0,0.212,0.57,0.0,199.63636363636363,1088.1818181818182,0.0015970909090909091,0.008705454545454546,tunnel_degradation,real_spec_tunnel_degradation_003
2026-07-17T23:03:44+00:00,station1,0.0,0.219,0.887,0.0,552791.923489518,11104409.352897326,4.422335387916144,88.83527482317861,tunnel_degradation,real_spec_tunnel_degradation_003
2026-07-17T23:03:44+00:00,station2,0.0,0.044,0.711,0.0,11101914.709090909,553984.2545454545,88.81531767272728,4.431874036363636,tunnel_degradation,real_spec_tunnel_degradation_003
2026-07-17T23:03:44+00:00,station3,0.0,0.155,0.841,0.0,237.89090909090908,1305.2727272727273,0.0019031272727272725,0.010442181818181817,tunnel_degradation,real_spec_tunnel_degradation_003
2026-07-17T23:03:59+00:00,station1,0.0,0.09,0.887,0.0,441803.3636363636,8869931.636363635,3.5344269090909086,70.95945309090908,tunnel_degradation,real_spec_tunnel_degradation_003
2026-07-17T23:03:59+00:00,station2,0.0,0.201,1.08,0.0,8868950.763636362,442684.16363636364,70.95160610909089,3.541473309090909,tunnel_degradation,real_spec_tunnel_degradation_003
2026-07-17T23:03:59+00:00,station3,0.0,0.112,0.829,0.0,195.1090909090909,1085.9999999999998,0.001560872727272727,0.008687999999999998,tunnel_degradation,real_spec_tunnel_degradation_003
2026-07-17T23:04:14+00:00,station1,0.0,0.19,0.949,0.0,552581.3636363636,11103793.309090909,4.420650909090909,88.83034647272727,tunnel_degradation,real_spec_tunnel_degradation_003
2026-07-17T23:04:14+00:00,station2,0.0,0.124,0.952,0.0,11101242.636363635,554147.0909090909,88.80994109090908,4.433176727272728,tunnel_degradation,real_spec_tunnel_degradation_003
2026-07-17T23:04:14+00:00,station3,0.0,0.026,0.616,0.0,235.74545454545452,1304.6,0.001885963636363636,0.0104368,tunnel_degradation,real_spec_tunnel_degradation_003
2026-07-17T23:04:29+00:00,station1,0.0,0.192,0.942,0.0,531406.1312435224,10674460.679673437,4.251249049948179,85.3956854373875,tunnel_degradation,real_spec_tunnel_degradation_003
2026-07-17T23:04:29+00:00,station2,0.0,0.209,1.057,0.0,11166113.145454545,556196.6181818182,89.32890516363635,4.449572945454546,tunnel_degradation,real_spec_tunnel_degradation_003
2026-07-17T23:04:29+00:00,station3,0.0,0.159,0.728,0.0,199.1272727272727,1089.3090909090909,0.0015930181818181815,0.008714472727272727,tunnel_degradation,real_spec_tunnel_degradation_003
2026-07-17T23:04:44+00:00,station1,0.0,0.02,0.235,0.0,579585.822591495,11665031.707361419,4.63668658073196,93.32025365889135,tunnel_degradation,real_spec_tunnel_degradation_003
2026-07-17T23:04:44+00:00,station2,0.0,0.039,0.289,0.0,11101782.49090909,553209.2181818181,88.81425992727272,4.425673745454545,tunnel_degradation,real_spec_tunnel_degradation_003
2026-07-17T23:04:44+00:00,station3,0.0,0.03,0.258,0.0,234.18181818181816,1305.3454545454545,0.0018734545454545453,0.010442763636363636,tunnel_degradation,real_spec_tunnel_degradation_003
2026-07-17T23:04:59+00:00,station1,0.0,1.716,2.094,0.0,438721.54545454547,8869385.236363636,3.5097723636363636,70.95508189090909,tunnel_degradation,real_spec_tunnel_degradation_003
2026-07-17T23:04:59+00:00,station2,0.0,0.134,0.801,0.0,8868433.09090909,438152.4909090909,70.94746472727272,3.5052199272727274,tunnel_degradation,real_spec_tunnel_degradation_003
2026-07-17T23:04:59+00:00,station3,0.0,0.319,1.001,0.0,191.98181818181817,1086.5636363636363,0.0015358545454545454,0.00869250909090909,tunnel_degradation,real_spec_tunnel_degradation_003
2026-07-17T23:05:14+00:00,station1,0.0,0.025,0.702,0.0,541637.9156742605,11105001.81814876,4.333103325394084,88.84001454519009,tunnel_degradation,real_spec_tunnel_degradation_003
2026-07-17T23:05:14+00:00,station2,0.0,0.048,0.974,0.0,11104922.418181816,540859.9818181818,88.83937934545453,4.326879854545455,tunnel_degradation,real_spec_tunnel_degradation_003
2026-07-17T23:05:14+00:00,station3,0.0,0.023,0.697,0.0,231.8181818181818,1304.3454545454545,0.0018545454545454544,0.010434763636363635,tunnel_degradation,real_spec_tunnel_degradation_003
2026-07-17T23:05:29+00:00,station1,0.0,0.093,0.802,0.0,427302.18561349914,8874591.079351226,3.418417484907993,70.99672863480981,tunnel_degradation,real_spec_tunnel_degradation_003
2026-07-17T23:05:29+00:00,station2,0.0,0.151,0.842,0.0,9491915.872727273,457489.39999999997,75.93532698181818,3.6599152,tunnel_degradation,real_spec_tunnel_degradation_003
2026-07-17T23:05:29+00:00,station3,0.0,0.01,0.855,0.0,194.0,1088.8545454545454,0.001552,0.008710836363636364,tunnel_degradation,real_spec_tunnel_degradation_003
2026-07-17T23:05:44+00:00,station1,0.0,0.032,0.705,0.0,616538.117488773,12845134.288467484,4.932304939910184,102.76107430773988,tunnel_degradation,real_spec_tunnel_degradation_003
2026-07-17T23:05:44+00:00,station2,0.0,0.163,0.912,0.0,12862791.036363635,617903.8727272727,102.90232829090908,4.943230981818181,tunnel_degradation,real_spec_tunnel_degradation_003
2026-07-17T23:05:44+00:00,station3,0.0,0.256,0.815,0.0,233.74545454545452,1303.0363636363634,0.0018699636363636361,0.010424290909090908,tunnel_degradation,real_spec_tunnel_degradation_003
2026-07-17T23:05:59+00:00,station1,0.0,0.039,0.237,0.0,456144.4909090909,9512148.345454544,3.6491559272727274,76.09718676363634,tunnel_degradation,real_spec_tunnel_degradation_003
2026-07-17T23:05:59+00:00,station2,0.0,0.016,0.179,0.0,8393623.781818181,403978.8,67.14899025454545,3.2318303999999998,tunnel_degradation,real_spec_tunnel_degradation_003
2026-07-17T23:05:59+00:00,station3,0.0,0.012,0.264,0.0,194.38181818181818,1085.7818181818182,0.0015550545454545454,0.008686254545454545,tunnel_degradation,real_spec_tunnel_degradation_003
2026-07-17T23:06:14+00:00,station1,0.0,0.794,1.348,0.0,430794.4401010891,8880113.907019872,3.4463555208087127,71.04091125615898,tunnel_degradation,real_spec_tunnel_degradation_003
2026-07-17T23:06:14+00:00,station2,0.0,1.334,1.654,0.0,8878162.963636363,434461.7636363636,71.0253037090909,3.475694109090909,tunnel_degradation,real_spec_tunnel_degradation_003
2026-07-17T23:06:14+00:00,station3,0.0,0.142,0.772,0.0,233.27272727272728,1303.4,0.0018661818181818183,0.010427200000000001,tunnel_degradation,real_spec_tunnel_degradation_003
2026-07-17T23:06:29+00:00,station1,0.0,1.346,1.69,0.0,327566.4957451451,6643884.82798749,2.6205319659611606,53.15107862389992,tunnel_degradation,real_spec_tunnel_degradation_003
2026-07-17T23:06:29+00:00,station2,0.0,1.323,1.971,0.0,6641315.4,330953.2545454545,53.130523200000006,2.6476260363636364,tunnel_degradation,real_spec_tunnel_degradation_003
2026-07-17T23:06:29+00:00,station3,0.0,0.279,1.153,0.0,199.4181818181818,1088.8727272727272,0.0015953454545454544,0.008710981818181817,tunnel_degradation,real_spec_tunnel_degradation_003
2026-07-17T23:06:44+00:00,station1,0.0,2.556,23.639,0.0,443725.87272727274,8849478.618181817,3.549806981818182,70.79582894545453,congestion_breach,real_spec_congestion_breach_003
2026-07-17T23:06:44+00:00,station2,0.0,1.672,23.885,0.0,9354011.327272726,474849.39999999997,74.83209061818181,3.7987952,congestion_breach,real_spec_congestion_breach_003
2026-07-17T23:06:44+00:00,station3,0.0,2.15,23.691,0.0,232.83636363636364,1302.2,0.001862690909090909,0.0104176,congestion_breach,real_spec_congestion_breach_003
2026-07-17T23:06:59+00:00,station1,0.0,18.326,131.998,0.0,528384.2,10434555.436363636,4.2270736,83.47644349090909,congestion_breach,real_spec_congestion_breach_003
2026-07-17T23:06:59+00:00,station2,0.0,18.297,131.936,0.0,11026373.127272727,558019.2181818181,88.21098501818182,4.464153745454545,congestion_breach,real_spec_congestion_breach_003
2026-07-17T23:06:59+00:00,station3,0.0,18.395,132.539,0.0,196.67272727272726,1084.7636363636364,0.001573381818181818,0.00867810909090909,congestion_breach,real_spec_congestion_breach_003
2026-07-17T23:07:14+00:00,station1,0.0,0.019,0.207,0.0,587232.6727272726,11657821.07272727,4.697861381818181,93.26256858181816,congestion_breach,real_spec_congestion_breach_003
2026-07-17T23:07:14+00:00,station2,0.0,0.016,0.295,0.0,10898012.345454544,551480.7090909091,87.18409876363636,4.411845672727273,congestion_breach,real_spec_congestion_breach_003
2026-07-17T23:07:14+00:00,station3,0.0,0.029,0.267,0.0,236.03636363636363,1303.0727272727272,0.001888290909090909,0.010424581818181818,congestion_breach,real_spec_congestion_breach_003
2026-07-17T23:07:29+00:00,station1,0.0,14.847,169.67,0.0,438428.08567895845,8629671.41246636,3.5074246854316677,69.03737129973088,congestion_breach,real_spec_congestion_breach_003
2026-07-17T23:07:29+00:00,station2,0.0,14.146,170.39,0.0,8590295.727272727,437614.10909090907,68.72236581818181,3.5009128727272727,congestion_breach,real_spec_congestion_breach_003
2026-07-17T23:07:29+00:00,station3,0.0,17.056,168.118,0.0,199.4181818181818,1087.6909090909091,0.0015953454545454544,0.008701527272727274,congestion_breach,real_spec_congestion_breach_003
2026-07-17T23:07:44+00:00,station1,0.0,1.878,227.392,0.0,553682.6545454545,10738232.418181816,4.429461236363636,85.90585934545453,congestion_breach,real_spec_congestion_breach_003
2026-07-17T23:07:44+00:00,station2,0.0,1.698,227.368,0.0,10736229.181818182,552318.5636363636,85.88983345454545,4.4185485090909085,congestion_breach,real_spec_congestion_breach_003
2026-07-17T23:07:44+00:00,station3,0.0,1.972,227.23,0.0,237.43636363636364,1305.8181818181815,0.001899490909090909,0.010446545454545451,congestion_breach,real_spec_congestion_breach_003
2026-07-17T23:07:59+00:00,station1,0.0,9.08,249.319,0.0,444027.8545454545,8580001.254545454,3.552222836363636,68.64001003636363,congestion_breach,real_spec_congestion_breach_003
2026-07-17T23:07:59+00:00,station2,0.0,8.422,250.329,0.0,8990547.818181816,466991.18181818177,71.92438254545453,3.735929454545454,congestion_breach,real_spec_congestion_breach_003
2026-07-17T23:07:59+00:00,station3,0.0,11.073,247.061,0.0,198.07272727272726,1089.9818181818182,0.0015845818181818181,0.008719854545454545,congestion_breach,real_spec_congestion_breach_003
2026-07-17T23:08:14+00:00,station1,0.0,27.145,269.711,0.0,632463.4155211287,12230387.59182486,5.05970732416903,97.84310073459888,congestion_breach,real_spec_congestion_breach_003
2026-07-17T23:08:14+00:00,station2,0.0,24.148,268.316,0.0,12655944.818181816,655401.8,101.24755854545454,5.2432144,congestion_breach,real_spec_congestion_breach_003
2026-07-17T23:08:14+00:00,station3,0.0,26.867,271.328,0.0,236.34545454545454,1309.6363636363635,0.0018907636363636364,0.010477090909090908,congestion_breach,real_spec_congestion_breach_003
2026-07-17T23:08:29+00:00,station1,0.0,0.048,0.315,0.0,487763.7454545454,9420533.6,3.9021099636363634,75.36426879999999,congestion_breach,real_spec_congestion_breach_003
2026-07-17T23:08:29+00:00,station2,0.0,0.063,0.251,0.0,8568554.127272727,443174.72727272724,68.54843301818181,3.5453978181818178,congestion_breach,real_spec_congestion_breach_003
2026-07-17T23:08:29+00:00,station3,0.0,0.023,0.29,0.0,200.8181818181818,1094.7636363636364,0.0016065454545454545,0.008758109090909091,congestion_breach,real_spec_congestion_breach_003
2026-07-17T23:08:44+00:00,station1,0.0,10.906,211.175,0.0,532856.4389738368,10387202.959946183,4.262851511790695,83.09762367956947,congestion_breach,real_spec_congestion_breach_003
2026-07-17T23:08:44+00:00,station2,0.0,9.982,211.795,0.0,10182608.636363635,522733.21818181814,81.46086909090909,4.181865745454545,congestion_breach,real_spec_congestion_breach_003
2026-07-17T23:08:44+00:00,station3,0.0,7.608,213.323,0.0,234.47272727272727,1307.0,0.001875781818181818,0.010456,congestion_breach,real_spec_congestion_breach_003
2026-07-17T23:08:59+00:00,station1,0.0,2.866,234.7,0.0,399682.0049450949,7820310.468329576,3.197456039560759,62.56248374663661,congestion_breach,real_spec_congestion_breach_003
2026-07-17T23:08:59+00:00,station2,0.0,2.077,235.141,0.0,7615148.618181818,388517.3636363636,60.921188945454546,3.1081389090909086,congestion_breach,real_spec_congestion_breach_003
2026-07-17T23:08:59+00:00,station3,0.0,0.853,236.245,0.0,193.47272727272727,1086.2545454545455,0.0015477818181818181,0.008690036363636364,congestion_breach,real_spec_congestion_breach_003
2026-07-17T23:09:14+00:00,station1,0.0,8.875,298.63,0.0,465085.3439028381,9160679.605825348,3.720682751222705,73.28543684660278,congestion_breach,real_spec_congestion_breach_003
2026-07-17T23:09:14+00:00,station2,0.0,8.736,300.154,0.0,9247980.927272728,469708.7818181818,73.98384741818182,3.7576702545454546,congestion_breach,real_spec_congestion_breach_003
2026-07-17T23:09:14+00:00,station3,0.0,8.388,297.31,0.0,236.65454545454543,1304.4727272727273,0.0018932363636363634,0.010435781818181819,congestion_breach,real_spec_congestion_breach_003
2026-07-17T23:09:29+00:00,station1,0.0,18.848,328.273,0.0,442197.8835209193,8816255.432114478,3.5375830681673546,70.53004345691582,congestion_breach,real_spec_congestion_breach_003
2026-07-17T23:09:29+00:00,station2,0.0,18.874,328.9,0.0,8626262.781818181,432763.14545454545,69.01010225454544,3.462105163636364,congestion_breach,real_spec_congestion_breach_003
2026-07-17T23:09:29+00:00,station3,0.0,19.706,323.94,0.0,198.94545454545454,1088.581818181818,0.0015915636363636363,0.008708654545454544,congestion_breach,real_spec_congestion_breach_003
2026-07-17T23:09:44+00:00,station1,0.0,0.038,0.306,0.0,389028.29142348043,7753149.820905835,3.1122263313878435,62.02519856724668,congestion_breach,real_spec_congestion_breach_003
2026-07-17T23:09:44+00:00,station2,0.0,0.052,0.257,0.0,6952075.945454544,350744.0727272727,55.61660756363636,2.8059525818181816,congestion_breach,real_spec_congestion_breach_003
2026-07-17T23:09:44+00:00,station3,0.0,0.007,0.289,0.0,235.45454545454544,1304.4181818181817,0.0018836363636363636,0.010435345454545454,congestion_breach,real_spec_congestion_breach_003
2026-07-17T23:09:59+00:00,station1,0.0,0.863,181.576,0.0,262060.0578213357,5205031.7653690195,2.096480462570686,41.64025412295216,congestion_breach,real_spec_congestion_breach_003
2026-07-17T23:09:59+00:00,station2,0.0,1.123,181.692,0.0,5203749.636363637,261173.14545454545,41.62999709090909,2.0893851636363636,congestion_breach,real_spec_congestion_breach_003
2026-07-17T23:09:59+00:00,station3,0.0,0.903,181.55,0.0,194.45454545454544,1085.4727272727273,0.0015556363636363634,0.008683781818181819,congestion_breach,real_spec_congestion_breach_003
2026-07-17T23:10:14+00:00,station1,0.0,2.757,203.465,0.0,343594.5636363636,6954379.509090909,2.7487565090909087,55.63503607272727,congestion_breach,real_spec_congestion_breach_003
2026-07-17T23:10:14+00:00,station2,0.0,3.34,203.654,0.0,6952451.436363636,343621.67272727273,55.61961149090909,2.748973381818182,congestion_breach,real_spec_congestion_breach_003
2026-07-17T23:10:14+00:00,station3,0.0,3.142,203.943,0.0,235.45454545454544,1305.6181818181817,0.0018836363636363636,0.010444945454545454,congestion_breach,real_spec_congestion_breach_003
2026-07-17T23:10:29+00:00,station1,0.0,9.096,217.561,0.0,303601.1745668103,6200532.627865961,2.4288093965344824,49.60426102292769,congestion_breach,real_spec_congestion_breach_003
2026-07-17T23:10:29+00:00,station2,0.0,9.252,217.507,0.0,7073468.454545454,347594.14545454545,56.58774763636363,2.7807531636363634,congestion_breach,real_spec_congestion_breach_003
2026-07-17T23:10:29+00:00,station3,0.0,8.405,218.772,0.0,197.74545454545452,1090.0181818181818,0.001581963636363636,0.008720145454545454,congestion_breach,real_spec_congestion_breach_003
2026-07-17T23:10:44+00:00,station1,0.0,5.22,369.679,0.0,459958.5121082103,9255161.115555232,3.6796680968656825,74.04128892444186,congestion_breach,real_spec_congestion_breach_003
2026-07-17T23:10:44+00:00,station2,0.0,4.929,368.579,0.0,9848951.327272726,491917.90909090906,78.7916106181818,3.9353432727272724,congestion_breach,real_spec_congestion_breach_003
2026-07-17T23:10:44+00:00,station3,0.0,9.091,370.7,0.0,238.5272727272727,1308.109090909091,0.0019082181818181815,0.010464872727272728,congestion_breach,real_spec_congestion_breach_003
2026-07-17T23:10:59+00:00,station1,0.0,0.061,0.219,0.0,363004.90909090906,7237859.781818181,2.9040392727272724,57.90287825454545,congestion_breach,real_spec_congestion_breach_003
2026-07-17T23:10:59+00:00,station2,0.0,0.021,0.232,0.0,6361803.381818181,321452.4,50.894427054545446,2.5716192,congestion_breach,real_spec_congestion_breach_003
2026-07-17T23:10:59+00:00,station3,0.0,0.03,0.328,0.0,197.5272727272727,1087.9818181818182,0.0015802181818181816,0.008703854545454545,congestion_breach,real_spec_congestion_breach_003
2026-07-17T23:11:14+00:00,station1,0.0,2.454,243.319,0.0,374398.21094161924,7452578.5894801915,2.995185687532954,59.620628715841534,congestion_breach,real_spec_congestion_breach_003
2026-07-17T23:11:14+00:00,station2,0.0,2.056,243.647,0.0,7246479.618181818,365984.2545454545,57.97183694545455,2.927874036363636,congestion_breach,real_spec_congestion_breach_003
2026-07-17T23:11:14+00:00,station3,0.0,0.514,244.833,0.0,237.43636363636364,1307.4727272727273,0.001899490909090909,0.010459781818181819,congestion_breach,real_spec_congestion_breach_003
2026-07-17T23:11:29+00:00,station1,0.0,0.445,251.04,0.0,270680.5090909091,5327856.290909091,2.1654440727272726,42.62285032727273,congestion_breach,real_spec_congestion_breach_003
2026-07-17T23:11:29+00:00,station2,0.0,0.23,251.533,0.0,5327502.272727272,271844.32727272727,42.620018181818175,2.1747546181818183,congestion_breach,real_spec_congestion_breach_003
2026-07-17T23:11:29+00:00,station3,0.0,0.48,250.996,0.0,200.8181818181818,1091.9272727272726,0.0016065454545454545,0.00873541818181818,congestion_breach,real_spec_congestion_breach_003
2026-07-17T23:11:44+00:00,station1,0.0,11.165,335.933,0.0,335791.5818181818,6668953.0,2.6863326545454544,53.351624,congestion_breach,real_spec_congestion_breach_003
2026-07-17T23:11:44+00:00,station2,0.0,10.98,336.236,0.0,6667379.072727272,336131.4909090909,53.33903258181818,2.689051927272727,congestion_breach,real_spec_congestion_breach_003
2026-07-17T23:11:44+00:00,station3,0.0,10.023,336.618,0.0,234.47272727272727,1304.7818181818182,0.001875781818181818,0.010438254545454545,congestion_breach,real_spec_congestion_breach_003
2026-07-17T23:11:59+00:00,station1,0.0,7.141,356.23,0.0,336626.4545454545,6703436.454545454,2.693011636363636,53.62749163636364,congestion_breach,real_spec_congestion_breach_003
2026-07-17T23:11:59+00:00,station2,0.0,6.723,356.242,0.0,6701934.327272727,338764.2545454545,53.615474618181814,2.710114036363636,congestion_breach,real_spec_congestion_breach_003
2026-07-17T23:11:59+00:00,station3,0.0,4.525,357.894,0.0,195.1090909090909,1087.7818181818182,0.001560872727272727,0.008702254545454546,congestion_breach,real_spec_congestion_breach_003
2026-07-17T23:12:14+00:00,station1,0.0,16.373,223.014,0.0,337283.0391069578,6669239.641474102,2.6982643128556623,53.35391713179281,congestion_breach,real_spec_congestion_breach_003
2026-07-17T23:12:14+00:00,station2,0.0,17.867,222.217,0.0,6668163.363636363,338249.7818181818,53.34530690909091,2.7059982545454546,congestion_breach,real_spec_congestion_breach_003
2026-07-17T23:12:14+00:00,station3,0.0,15.993,223.215,0.0,235.56363636363633,1306.4181818181817,0.0018845090909090907,0.010451345454545454,congestion_breach,real_spec_congestion_breach_003
2026-07-17T23:12:29+00:00,station1,0.0,1.14,243.452,0.0,265220.85454545455,5328726.8545454545,2.1217668363636366,42.629814836363636,congestion_breach,real_spec_congestion_breach_003
2026-07-17T23:12:29+00:00,station2,0.0,0.382,244.408,0.0,5328234.454545454,266094.2909090909,42.62587563636363,2.128754327272727,congestion_breach,real_spec_congestion_breach_003
2026-07-17T23:12:29+00:00,station3,0.0,0.152,244.472,0.0,198.94545454545454,1092.1636363636362,0.0015915636363636363,0.00873730909090909,congestion_breach,real_spec_congestion_breach_003
2026-07-17T23:12:44+00:00,station1,0.0,0.248,387.871,0.0,306602.2727272727,6134884.181818182,2.4528181818181816,49.07907345454545,congestion_breach,real_spec_congestion_breach_003
2026-07-17T23:12:44+00:00,station2,0.0,0.351,387.52,0.0,5929786.018181818,298207.6545454545,47.43828814545454,2.385661236363636,congestion_breach,real_spec_congestion_breach_003
2026-07-17T23:12:44+00:00,station3,0.0,0.337,387.597,0.0,235.56363636363633,1307.1636363636362,0.0018845090909090907,0.010457309090909089,congestion_breach,real_spec_congestion_breach_003
2026-07-17T23:12:59+00:00,station1,0.0,0.442,390.335,0.0,247621.70663854392,4948984.180955324,1.9809736531083515,39.59187344764259,congestion_breach,real_spec_congestion_breach_003
2026-07-17T23:12:59+00:00,station2,0.0,0.578,390.352,0.0,5413249.236363636,272593.67272727273,43.30599389090909,2.180749381818182,congestion_breach,real_spec_congestion_breach_003
2026-07-17T23:12:59+00:00,station3,0.0,0.412,390.304,0.0,196.2,1087.4727272727273,0.0015696,0.008699781818181818,congestion_breach,real_spec_congestion_breach_003
2026-07-17T23:13:14+00:00,station1,0.0,0.032,0.239,0.0,304254.12727272726,5983649.054545454,2.434033018181818,47.86919243636363,congestion_breach,real_spec_congestion_breach_003
2026-07-17T23:13:14+00:00,station2,0.0,0.053,0.27,0.0,5312021.363636363,272877.61818181816,42.49617090909091,2.1830209454545453,congestion_breach,real_spec_congestion_breach_003
2026-07-17T23:13:14+00:00,station3,0.0,0.066,0.259,0.0,232.83636363636364,1303.2363636363634,0.001862690909090909,0.010425890909090907,congestion_breach,real_spec_congestion_breach_003
2026-07-17T23:13:29+00:00,station1,0.0,40.999,204.211,0.0,193789.62965656418,3707932.803665255,1.5503170372525135,29.663462429322042,congestion_breach,real_spec_congestion_breach_003
2026-07-17T23:13:29+00:00,station2,0.0,40.948,204.858,0.0,3706868.054545454,193902.1818181818,29.654944436363635,1.5512174545454545,congestion_breach,real_spec_congestion_breach_003
2026-07-17T23:13:29+00:00,station3,0.0,40.994,204.684,0.0,197.85454545454544,1088.7818181818182,0.0015828363636363637,0.008710254545454545,congestion_breach,real_spec_congestion_breach_003
2026-07-17T23:13:44+00:00,station1,0.0,1.58,387.845,0.0,238260.52727272725,4639922.8,1.906084218181818,37.1193824,congestion_breach,real_spec_congestion_breach_003
2026-07-17T23:13:44+00:00,station2,0.0,0.388,389.292,0.0,4637511.981818181,241235.41818181815,37.10009585454545,1.9298833454545452,congestion_breach,real_spec_congestion_breach_003
2026-07-17T23:13:44+00:00,station3,0.0,1.573,388.096,0.0,234.47272727272727,1304.5454545454545,0.001875781818181818,0.010436363636363636,congestion_breach,real_spec_congestion_breach_003
2026-07-17T23:13:59+00:00,station1,0.0,3.666,286.085,0.0,190231.72727272724,3708389.6727272724,1.521853818181818,29.66711738181818,congestion_breach,real_spec_congestion_breach_003
2026-07-17T23:13:59+00:00,station2,0.0,3.652,286.328,0.0,3707230.9090909087,191202.92727272725,29.65784727272727,1.529623418181818,congestion_breach,real_spec_congestion_breach_003
2026-07-17T23:13:59+00:00,station3,0.0,0.326,288.13,0.0,195.1090909090909,1086.8181818181818,0.001560872727272727,0.008694545454545455,congestion_breach,real_spec_congestion_breach_003
2026-07-17T23:14:14+00:00,station1,0.0,46.968,356.708,0.0,252463.15655509703,4938638.346999255,2.0197052524407764,39.50910677599404,congestion_breach,real_spec_congestion_breach_003
2026-07-17T23:14:14+00:00,station2,0.0,46.801,357.029,0.0,5403041.109090908,279721.21818181814,43.22432887272727,2.2377697454545453,congestion_breach,real_spec_congestion_breach_003
2026-07-17T23:14:14+00:00,station3,0.0,46.708,357.201,0.0,235.56363636363633,1306.0727272727272,0.0018845090909090907,0.010448581818181818,congestion_breach,real_spec_congestion_breach_003
2026-07-17T23:14:29+00:00,station1,0.0,0.044,0.242,0.0,231366.09090909088,4443661.49090909,1.850928727272727,35.54929192727272,congestion_breach,real_spec_congestion_breach_003
2026-07-17T23:14:29+00:00,station2,0.0,0.057,0.257,0.0,3976779.1454545455,209535.36363636362,31.814233163636363,1.676282909090909,congestion_breach,real_spec_congestion_breach_003
2026-07-17T23:14:29+00:00,station3,0.0,0.028,0.283,0.0,198.94545454545454,1091.3999999999999,0.0015915636363636363,0.0087312,congestion_breach,real_spec_congestion_breach_003
2026-07-17T23:14:44+00:00,station1,0.0,57.39,321.183,0.0,222547.21166609088,4202768.260086914,1.780377693328727,33.62214608069531,congestion_breach,real_spec_congestion_breach_003
2026-07-17T23:14:44+00:00,station2,0.0,56.989,321.428,0.0,3996402.0181818176,213254.49090909088,31.97121614545454,1.706035927272727,congestion_breach,real_spec_congestion_breach_003
2026-07-17T23:14:44+00:00,station3,0.0,58.2,320.379,0.0,235.56363636363633,1307.2545454545455,0.0018845090909090907,0.010458036363636363,congestion_breach,real_spec_congestion_breach_003
2026-07-17T23:14:59+00:00,station1,0.0,33.615,353.889,0.0,153857.10649284534,2861867.2884961544,1.2308568519427627,22.894938307969234,congestion_breach,real_spec_congestion_breach_003
2026-07-17T23:14:59+00:00,station2,0.0,33.585,353.902,0.0,2655905.2,143875.6545454545,21.247241600000002,1.151005236363636,congestion_breach,real_spec_congestion_breach_003
2026-07-17T23:14:59+00:00,station3,0.0,33.167,353.498,0.0,196.2,1088.8,0.0015696,0.0087104,congestion_breach,real_spec_congestion_breach_003
2026-07-17T23:15:14+00:00,station1,0.0,49.906,367.271,0.0,161455.4991908944,2975408.1165112094,1.291643993527155,23.803264932089675,congestion_breach,real_spec_congestion_breach_003
2026-07-17T23:15:14+00:00,station2,0.0,49.927,367.264,0.0,2769295.6181818177,151931.67272727273,22.154364945454542,1.2154533818181819,congestion_breach,real_spec_congestion_breach_003
2026-07-17T23:15:14+00:00,station3,0.0,39.268,339.808,25.0,235.56363636363633,1309.4727272727273,0.0018845090909090907,0.01047578181818182,congestion_breach,real_spec_congestion_breach_003
2026-07-17T23:15:29+00:00,station1,0.0,7.681,337.653,0.0,143927.48695383387,2613753.2229030672,1.151419895630671,20.910025783224537,congestion_breach,real_spec_congestion_breach_003
2026-07-17T23:15:29+00:00,station2,0.0,8.143,337.888,0.0,2612410.8181818184,144854.34545454543,20.899286545454547,1.1588347636363634,congestion_breach,real_spec_congestion_breach_003
2026-07-17T23:15:29+00:00,station3,0.0,8.025,337.885,0.0,198.4,1092.0363636363636,0.0015872,0.00873629090909091,congestion_breach,real_spec_congestion_breach_003
2026-07-17T23:15:44+00:00,station1,0.0,40.78,171.998,0.0,141944.47575586787,2603765.794593022,1.1355558060469428,20.830126356744177,congestion_breach,real_spec_congestion_breach_003
2026-07-17T23:15:44+00:00,station2,0.0,40.65,172.141,0.0,2602380.745454545,141082.76363636364,20.819045963636363,1.128662109090909,congestion_breach,real_spec_congestion_breach_003
2026-07-17T23:15:44+00:00,station3,0.0,40.605,172.082,0.0,236.65454545454543,1308.2,0.0018932363636363634,0.0104656,congestion_breach,real_spec_congestion_breach_003
2026-07-17T23:15:59+00:00,station1,0.0,83.918,341.538,0.0,111699.21818181819,2081111.7818181817,0.8935937454545455,16.648894254545453,congestion_breach,real_spec_congestion_breach_003
2026-07-17T23:15:59+00:00,station2,0.0,83.754,340.888,0.0,2079836.4727272727,115094.18181818181,16.63869178181818,0.9207534545454544,congestion_breach,real_spec_congestion_breach_003
2026-07-17T23:15:59+00:00,station3,0.0,84.009,341.212,0.0,197.29090909090908,1088.8727272727272,0.0015783272727272727,0.008710981818181817,congestion_breach,real_spec_congestion_breach_003
2026-07-17T23:16:14+00:00,station1,0.0,3.033,297.934,0.0,144750.41818181815,2603838.6545454543,1.1580033454545453,20.830709236363635,congestion_breach,real_spec_congestion_breach_003
2026-07-17T23:16:14+00:00,station2,0.0,3.432,297.44,0.0,2602507.472727272,143681.43636363637,20.820059781818177,1.149451490909091,congestion_breach,real_spec_congestion_breach_003
2026-07-17T23:16:14+00:00,station3,0.0,4.337,297.265,0.0,235.56363636363633,1306.1636363636362,0.0018845090909090907,0.01044930909090909,congestion_breach,real_spec_congestion_breach_003
2026-07-17T23:16:29+00:00,station1,0.0,37.581,399.582,0.0,122416.3575532766,2211113.662811841,0.9793308604262128,17.68890930249473,congestion_breach,real_spec_congestion_breach_003
2026-07-17T23:16:29+00:00,station2,0.0,37.443,399.311,25.0,2331697.1454545455,130665.61818181816,18.653577163636363,1.0453249454545452,congestion_breach,real_spec_congestion_breach_003
2026-07-17T23:16:29+00:00,station3,0.0,37.344,398.985,25.0,195.74545454545452,1090.9818181818182,0.0015659636363636361,0.008727854545454546,congestion_breach,real_spec_congestion_breach_003
2026-07-17T23:16:44+00:00,station1,0.0,0.049,0.279,0.0,134483.74545454545,2369482.2727272725,1.0758699636363636,18.95585818181818,congestion_breach,real_spec_congestion_breach_003
2026-07-17T23:16:44+00:00,station2,0.0,0.011,0.211,0.0,2106707.218181818,122543.67272727271,16.85365774545454,0.9803493818181818,congestion_breach,real_spec_congestion_breach_003
2026-07-17T23:16:44+00:00,station3,0.0,0.029,0.278,0.0,233.99999999999997,1309.581818181818,0.0018719999999999997,0.010476654545454545,congestion_breach,real_spec_congestion_breach_003
2026-07-17T23:16:59+00:00,station1,0.0,41.251,137.423,0.0,78446.38181818182,1336902.1818181819,0.6275710545454546,10.695217454545455,congestion_breach,real_spec_congestion_breach_003
2026-07-17T23:16:59+00:00,station2,0.0,41.388,138.278,0.0,1130959.2727272727,67274.50909090908,9.047674181818183,0.5381960727272727,congestion_breach,real_spec_congestion_breach_003
2026-07-17T23:16:59+00:00,station3,0.0,40.201,138.332,0.0,194.63636363636363,1091.1999999999998,0.001557090909090909,0.008729599999999999,congestion_breach,real_spec_congestion_breach_003
2026-07-17T23:17:14+00:00,station1,0.0,45.959,384.041,0.0,61631.87272727272,1041436.9999999999,0.49305498181818175,8.331496,congestion_breach,real_spec_congestion_breach_003
2026-07-17T23:17:14+00:00,station2,0.0,47.458,385.655,0.0,835063.909090909,53729.27272727272,6.680511272727272,0.4298341818181818,congestion_breach,real_spec_congestion_breach_003
2026-07-17T23:17:14+00:00,station3,0.0,46.023,384.972,0.0,239.23636363636362,1309.0,0.001913890909090909,0.010472,congestion_breach,real_spec_congestion_breach_003
2026-07-17T23:17:29+00:00,station1,0.0,4.011,395.02,0.0,27051.530083459096,453261.3051620998,0.21641224066767276,3.6260904412967983,congestion_breach,real_spec_congestion_breach_003
2026-07-17T23:17:29+00:00,station2,0.0,4.581,394.128,0.0,452054.2727272727,28681.072727272727,3.6164341818181818,0.2294485818181818,congestion_breach,real_spec_congestion_breach_003
2026-07-17T23:17:29+00:00,station3,0.0,5.628,394.278,0.0,201.45454545454544,1088.7090909090907,0.0016116363636363635,0.008709672727272726,congestion_breach,real_spec_congestion_breach_003
2026-07-17T23:17:44+00:00,station1,0.0,33.644,414.547,0.0,35188.432937582955,580983.7639315649,0.28150746350066363,4.647870111452519,congestion_breach,real_spec_congestion_breach_003
2026-07-17T23:17:44+00:00,station2,0.0,33.112,414.063,0.0,636089.6545454545,39866.27272727272,5.088717236363636,0.3189301818181818,congestion_breach,real_spec_congestion_breach_003
2026-07-17T23:17:44+00:00,station3,0.0,33.742,414.81,0.0,245.89090909090908,1305.890909090909,0.0019671272727272726,0.010447127272727272,congestion_breach,real_spec_congestion_breach_003
2026-07-17T23:17:59+00:00,station1,0.0,0.007,0.27,0.0,33495.145454545454,567696.2909090909,0.26796116363636363,4.541570327272727,congestion_breach,real_spec_congestion_breach_003
2026-07-17T23:17:59+00:00,station2,0.0,0.041,0.196,0.0,509702.98181818175,31122.52727272727,4.077623854545454,0.24898021818181817,congestion_breach,real_spec_congestion_breach_003
2026-07-17T23:17:59+00:00,station3,0.0,0.012,0.308,0.0,202.38181818181818,1088.6545454545453,0.0016190545454545454,0.008709236363636363,congestion_breach,real_spec_congestion_breach_003
2026-07-17T23:18:14+00:00,station1,0.0,46.347,383.401,0.0,34359.145454545454,566797.2,0.27487316363636366,4.5343776,congestion_breach,real_spec_congestion_breach_003
2026-07-17T23:18:14+00:00,station2,0.0,47.248,384.794,0.0,565255.5454545454,35363.36363636363,4.522044363636363,0.28290690909090904,congestion_breach,real_spec_congestion_breach_003
2026-07-17T23:18:14+00:00,station3,0.0,46.566,383.878,0.0,241.74545454545452,1306.7818181818182,0.0019339636363636362,0.010454254545454546,congestion_breach,real_spec_congestion_breach_003
2026-07-17T23:18:29+00:00,station1,0.0,53.122,395.865,0.0,27005.181818181816,453130.21818181814,0.21604145454545454,3.625041745454545,congestion_breach,real_spec_congestion_breach_003
2026-07-17T23:18:29+00:00,station2,0.0,52.746,395.071,0.0,451846.23636363633,28698.799999999996,3.614769890909091,0.22959039999999997,congestion_breach,real_spec_congestion_breach_003
2026-07-17T23:18:29+00:00,station3,0.0,53.716,396.848,0.0,205.1272727272727,1091.8363636363636,0.0016410181818181816,0.008734690909090908,congestion_breach,real_spec_congestion_breach_003
2026-07-17T23:18:44+00:00,station1,0.0,35.213,372.073,0.0,34138.62070219459,566781.9414898453,0.2731089656175567,4.534255531918762,congestion_breach,real_spec_congestion_breach_003
2026-07-17T23:18:44+00:00,station2,0.0,34.117,371.925,0.0,565354.6727272726,35391.145454545454,4.522837381818181,0.28312916363636365,congestion_breach,real_spec_congestion_breach_003
2026-07-17T23:18:44+00:00,station3,0.0,34.457,371.797,0.0,235.56363636363633,1306.3636363636363,0.0018845090909090907,0.01045090909090909,congestion_breach,real_spec_congestion_breach_003
2026-07-17T23:18:59+00:00,station1,0.0,20.966,375.715,0.0,34050.5100092729,566932.4351351843,0.27240408007418315,4.535459481081475,congestion_breach,real_spec_congestion_breach_003
2026-07-17T23:18:59+00:00,station2,0.0,20.017,376.719,0.0,566921.3454545455,35790.67272727272,4.535370763636363,0.2863253818181818,congestion_breach,real_spec_congestion_breach_003
2026-07-17T23:18:59+00:00,station3,0.0,19.482,375.767,0.0,196.2,1088.2545454545455,0.0015696,0.008706036363636364,congestion_breach,real_spec_congestion_breach_003
2026-07-17T23:19:14+00:00,station1,0.0,31.148,22.354,0.0,34636.399999999994,581727.4363636363,0.2770911999999999,4.653819490909091,congestion_breach,real_spec_congestion_breach_003
2026-07-17T23:19:14+00:00,station2,0.0,31.654,22.622,0.0,565094.9272727272,34760.23636363636,4.520759418181818,0.27808189090909086,congestion_breach,real_spec_congestion_breach_003
2026-07-17T23:19:14+00:00,station3,0.0,31.36,22.519,0.0,234.47272727272727,1305.090909090909,0.001875781818181818,0.010440727272727272,congestion_breach,real_spec_congestion_breach_003
2026-07-17T23:19:29+00:00,station1,0.0,19.799,403.1,0.0,26848.330030363086,452970.34599370917,0.2147866402429047,3.6237627679496733,congestion_breach,real_spec_congestion_breach_003
2026-07-17T23:19:29+00:00,station2,0.0,21.005,402.946,0.0,451688.34545454546,29327.74545454545,3.6135067636363636,0.2346219636363636,congestion_breach,real_spec_congestion_breach_003
2026-07-17T23:19:29+00:00,station3,0.0,19.966,401.88,0.0,197.85454545454544,1089.2727272727273,0.0015828363636363637,0.008714181818181819,congestion_breach,real_spec_congestion_breach_003
2026-07-17T23:19:44+00:00,station1,0.0,6.388,383.533,0.0,34633.10909090909,566645.309090909,0.27706487272727276,4.5331624727272715,congestion_breach,real_spec_congestion_breach_003
2026-07-17T23:19:44+00:00,station2,0.0,5.095,383.495,0.0,565225.4727272727,35505.69090909091,4.521803781818181,0.2840455272727273,congestion_breach,real_spec_congestion_breach_003
2026-07-17T23:19:44+00:00,station3,0.0,5.294,383.526,0.0,232.83636363636364,1304.0363636363634,0.001862690909090909,0.010432290909090907,congestion_breach,real_spec_congestion_breach_003
2026-07-17T23:19:59+00:00,station1,0.0,51.541,400.03,0.0,27697.965343564192,453024.3649653617,0.22158372274851354,3.6241949197228935,congestion_breach,real_spec_congestion_breach_003
2026-07-17T23:19:59+00:00,station2,0.0,50.267,401.19,0.0,495271.99999999994,31272.63636363636,3.9621759999999995,0.2501810909090909,congestion_breach,real_spec_congestion_breach_003
2026-07-17T23:19:59+00:00,station3,0.0,51.639,399.253,0.0,194.0181818181818,1087.0545454545454,0.0015521454545454544,0.008696436363636362,congestion_breach,real_spec_congestion_breach_003
2026-07-17T23:20:14+00:00,station1,0.0,6.418,389.575,0.0,40253.98643611702,666726.1222931327,0.32203189148893613,5.333808978345061,congestion_breach,real_spec_congestion_breach_003
2026-07-17T23:20:14+00:00,station2,0.0,6.001,391.037,0.0,650770.4181818181,40810.763636363634,5.206163345454545,0.3264861090909091,congestion_breach,real_spec_congestion_breach_003
2026-07-17T23:20:14+00:00,station3,0.0,6.389,391.119,0.0,235.56363636363633,1307.0363636363634,0.0018845090909090907,0.010456290909090907,congestion_breach,real_spec_congestion_breach_003
2026-07-17T23:20:29+00:00,station1,0.0,0.057,0.219,0.0,28807.61818181818,481972.16363636364,0.23046094545454543,3.855777309090909,congestion_breach,real_spec_congestion_breach_003
2026-07-17T23:20:29+00:00,station2,0.0,0.053,0.295,0.0,451818.63636363635,27999.63636363636,3.6145490909090907,0.2239970909090909,congestion_breach,real_spec_congestion_breach_003
2026-07-17T23:20:29+00:00,station3,0.0,0.009,0.264,0.0,198.94545454545454,1091.9454545454544,0.0015915636363636363,0.008735563636363635,congestion_breach,real_spec_congestion_breach_003
2026-07-17T23:20:44+00:00,station1,0.0,6.443,402.843,0.0,34313.36363636363,566723.4,0.2745069090909091,4.5337872,congestion_breach,real_spec_congestion_breach_003
2026-07-17T23:20:44+00:00,station2,0.0,4.797,401.804,0.0,565097.9454545454,36206.0,4.520783563636363,0.289648,congestion_breach,real_spec_congestion_breach_003
2026-07-17T23:20:44+00:00,station3,0.0,6.558,402.636,0.0,235.56363636363633,1307.4363636363635,0.0018845090909090907,0.010459490909090909,congestion_breach,real_spec_congestion_breach_003
2026-07-17T23:20:59+00:00,station1,0.0,18.976,372.511,0.0,28364.399999999998,453105.0545454545,0.22691519999999998,3.624840436363636,congestion_breach,real_spec_congestion_breach_003
2026-07-17T23:20:59+00:00,station2,0.0,17.984,371.679,0.0,451917.9272727272,28765.254545454543,3.6153434181818174,0.23012203636363635,congestion_breach,real_spec_congestion_breach_003
2026-07-17T23:20:59+00:00,station3,0.0,17.798,372.434,0.0,196.2,1089.490909090909,0.0015696,0.008715927272727273,congestion_breach,real_spec_congestion_breach_003
2026-07-17T23:21:14+00:00,station1,0.0,17.187,414.806,0.0,37657.91578794269,623490.0370882117,0.3012633263035415,4.987920296705694,congestion_breach,real_spec_congestion_breach_003
2026-07-17T23:21:14+00:00,station2,0.0,17.154,414.793,0.0,594761.8727272727,37298.43636363636,4.758094981818181,0.2983874909090909,congestion_breach,real_spec_congestion_breach_003
2026-07-17T23:21:14+00:00,station3,0.0,17.211,411.664,0.0,234.47272727272727,1306.9454545454544,0.001875781818181818,0.010455563636363635,congestion_breach,real_spec_congestion_breach_003
2026-07-17T23:21:29+00:00,station1,0.0,3.463,388.675,0.0,36796.89090909091,609244.4545454546,0.29437512727272724,4.873955636363637,congestion_breach,real_spec_congestion_breach_003
2026-07-17T23:21:29+00:00,station2,0.0,4.074,388.696,0.0,551101.1818181818,33231.05454545454,4.408809454545454,0.26584843636363636,congestion_breach,real_spec_congestion_breach_003
2026-07-17T23:21:29+00:00,station3,0.0,3.768,389.344,0.0,198.94545454545454,1092.4545454545453,0.0015915636363636363,0.008739636363636363,congestion_breach,real_spec_congestion_breach_003
2026-07-17T23:21:44+00:00,station1,0.0,45.196,397.293,0.0,37516.92727272727,623538.2181818181,0.30013541818181816,4.988305745454545,congestion_breach,real_spec_congestion_breach_003
2026-07-17T23:21:44+00:00,station2,0.0,43.825,398.139,0.0,565199.9818181818,35245.96363636363,4.521599854545454,0.28196770909090907,congestion_breach,real_spec_congestion_breach_003
2026-07-17T23:21:44+00:00,station3,0.0,42.957,397.171,0.0,235.56363636363633,1307.890909090909,0.0018845090909090907,0.010463127272727272,congestion_breach,real_spec_congestion_breach_003
2026-07-17T23:21:59+00:00,station1,0.0,2.686,398.408,0.0,30533.09939819276,509911.7288776568,0.2442647951855421,4.079293831021254,congestion_breach,real_spec_congestion_breach_003
2026-07-17T23:21:59+00:00,station2,0.0,3.392,398.86,0.0,451787.9272727272,28184.854545454546,3.6143034181818177,0.22547883636363636,congestion_breach,real_spec_congestion_breach_003
2026-07-17T23:21:59+00:00,station3,0.0,2.493,397.538,0.0,193.47272727272727,1086.7090909090907,0.0015477818181818181,0.008693672727272726,congestion_breach,real_spec_congestion_breach_003
2026-07-17T23:22:14+00:00,station1,0.0,0.266,1.134,0.0,156273.30581668092,3020537.192937797,1.2501864465334473,24.164297543502375,congestion_breach,real_spec_congestion_breach_003
2026-07-17T23:22:14+00:00,station2,0.0,0.51,1.189,0.0,3018870.7818181817,157627.14545454545,24.150966254545455,1.2610171636363636,congestion_breach,real_spec_congestion_breach_003
2026-07-17T23:22:14+00:00,station3,0.0,0.374,1.781,0.0,233.45454545454544,1307.6909090909091,0.0018676363636363634,0.010461527272727273,congestion_breach,real_spec_congestion_breach_003
2026-07-17T23:22:29+00:00,station1,0.0,1.213,1.779,0.0,261549.23636363633,5142374.581818181,2.0923938909090904,41.13899665454545,congestion_breach,real_spec_congestion_breach_003
2026-07-17T23:22:29+00:00,station2,0.0,1.321,1.836,0.0,5141305.545454545,262716.7090909091,41.13044436363636,2.101733672727273,congestion_breach,real_spec_congestion_breach_003
2026-07-17T23:22:29+00:00,station3,0.0,0.36,1.794,0.0,195.74545454545452,1091.890909090909,0.0015659636363636361,0.008735127272727272,congestion_breach,real_spec_congestion_breach_003
2026-07-17T23:22:44+00:00,station1,0.0,0.028,0.249,0.0,353824.90909090906,7015000.963636364,2.8305992727272726,56.12000770909091,congestion_breach,real_spec_congestion_breach_003
2026-07-17T23:22:44+00:00,station2,0.0,0.044,0.219,0.0,7013510.599999999,355188.8909090909,56.108084799999986,2.841511127272727,congestion_breach,real_spec_congestion_breach_003
2026-07-17T23:22:44+00:00,station3,0.0,0.027,0.244,0.0,237.19999999999996,1309.0363636363634,0.0018975999999999997,0.010472290909090907,congestion_breach,real_spec_congestion_breach_003
2026-07-17T23:22:59+00:00,station1,0.0,0.026,0.241,0.0,340801.40829659847,6780289.429663752,2.726411266372788,54.24231543731002,congestion_breach,real_spec_congestion_breach_003
2026-07-17T23:22:59+00:00,station2,0.0,0.006,0.304,0.0,6641283.890909091,334939.8363636363,53.13027112727273,2.6795186909090907,congestion_breach,real_spec_congestion_breach_003
2026-07-17T23:22:59+00:00,station3,0.0,0.012,0.24,0.0,196.74545454545452,1088.9999999999998,0.001573963636363636,0.008711999999999998,congestion_breach,real_spec_congestion_breach_003
2026-07-17T23:23:14+00:00,station1,0.0,0.219,1.002,0.0,446116.1272727272,8876640.527272727,3.5689290181818176,71.01312421818182,congestion_breach,real_spec_congestion_breach_003
2026-07-17T23:23:14+00:00,station2,0.0,0.031,0.795,0.0,8875069.036363635,447417.5636363636,71.00055229090908,3.5793405090909087,congestion_breach,real_spec_congestion_breach_003
2026-07-17T23:23:14+00:00,station3,0.0,0.009,0.7,0.0,238.83636363636364,1308.2,0.0019106909090909091,0.0104656,congestion_breach,real_spec_congestion_breach_003
2026-07-17T23:23:29+00:00,station1,0.0,0.094,0.937,0.0,346437.5818181818,6890013.763636364,2.7715006545454544,55.12011010909091,congestion_breach,real_spec_congestion_breach_003
2026-07-17T23:23:29+00:00,station2,0.0,1.067,1.643,0.0,6888706.636363636,347527.0545454545,55.109653090909084,2.780216436363636,congestion_breach,real_spec_congestion_breach_003
2026-07-17T23:23:29+00:00,station3,0.0,0.263,0.837,0.0,197.38181818181818,1090.6545454545453,0.0015790545454545453,0.008725236363636363,congestion_breach,real_spec_congestion_breach_003
2026-07-17T23:23:44+00:00,station1,0.0,0.086,0.758,0.0,570615.2181818181,11359386.763636362,4.564921745454545,90.8750941090909,congestion_breach,real_spec_congestion_breach_003
2026-07-17T23:23:44+00:00,station2,0.0,0.19,0.975,0.0,11357848.09090909,571932.5454545454,90.86278472727273,4.575460363636363,congestion_breach,real_spec_congestion_breach_003
2026-07-17T23:23:44+00:00,station3,0.0,0.162,0.799,0.0,233.99999999999997,1304.6909090909091,0.0018719999999999997,0.010437527272727273,congestion_breach,real_spec_congestion_breach_003
2026-07-17T23:23:59+00:00,station1,0.0,0.186,0.83,0.0,551136.7818181817,10987898.363636363,4.409094254545454,87.9031869090909,congestion_breach,real_spec_congestion_breach_003
2026-07-17T23:23:59+00:00,station2,0.0,0.013,0.758,0.0,10986726.727272727,552221.1272727272,87.89381381818181,4.417769018181818,congestion_breach,real_spec_congestion_breach_003
2026-07-17T23:23:59+00:00,station3,0.0,0.162,0.885,0.0,195.03636363636363,1084.0727272727272,0.001560290909090909,0.008672581818181818,congestion_breach,real_spec_congestion_breach_003
2026-07-17T23:24:14+00:00,station1,0.0,0.025,0.757,0.0,557866.4521173113,11109336.606120111,4.462931616938491,88.87469284896089,congestion_breach,real_spec_congestion_breach_003
2026-07-17T23:24:14+00:00,station2,0.0,0.181,0.916,0.0,11107719.69090909,559164.7818181817,88.86175752727272,4.473318254545454,congestion_breach,real_spec_congestion_breach_003
2026-07-17T23:24:14+00:00,station3,0.0,0.229,0.79,0.0,233.19999999999996,1301.581818181818,0.0018655999999999996,0.010412654545454545,congestion_breach,real_spec_congestion_breach_003
2026-07-17T23:24:29+00:00,station1,0.0,0.273,0.94,0.0,445714.16363636364,8874160.236363636,3.565713309090909,70.99328189090909,congestion_breach,real_spec_congestion_breach_003
2026-07-17T23:24:29+00:00,station2,0.0,0.465,1.086,0.0,8872618.38181818,446796.14545454545,70.98094705454545,3.5743691636363635,congestion_breach,real_spec_congestion_breach_003
2026-07-17T23:24:29+00:00,station3,0.0,0.13,0.713,0.0,196.58181818181816,1086.0545454545454,0.0015726545454545454,0.008688436363636363,congestion_breach,real_spec_congestion_breach_003
2026-07-17T23:24:44+00:00,station1,0.0,1.4,2.029,0.0,557072.1636363636,11107684.418181816,4.456577309090909,88.86147534545452,congestion_breach,real_spec_congestion_breach_003
2026-07-17T23:24:44+00:00,station2,0.0,1.629,1.943,0.0,11106090.09090909,558381.4181818182,88.84872072727272,4.4670513454545455,congestion_breach,real_spec_congestion_breach_003
2026-07-17T23:24:44+00:00,station3,0.0,0.279,0.824,0.0,233.19999999999996,1302.9272727272726,0.0018655999999999996,0.01042341818181818,congestion_breach,real_spec_congestion_breach_003
2026-07-17T23:24:59+00:00,station1,0.0,1.227,1.616,0.0,558874.0545454544,11170476.218181817,4.470992436363636,89.36380974545453,congestion_breach,real_spec_congestion_breach_003
2026-07-17T23:24:59+00:00,station2,0.0,1.379,1.815,0.0,11168790.618181817,559970.0,89.35032494545453,4.47976,congestion_breach,real_spec_congestion_breach_003
2026-07-17T23:24:59+00:00,station3,0.0,0.082,0.795,0.0,191.18181818181816,1084.7272727272727,0.0015294545454545452,0.008677818181818182,congestion_breach,real_spec_congestion_breach_003
2026-07-17T23:25:14+00:00,station1,0.0,0.008,0.241,0.0,555848.4573007763,11105005.254449917,4.44678765840621,88.84004203559934,congestion_breach,real_spec_congestion_breach_003
2026-07-17T23:25:14+00:00,station2,0.0,0.033,0.296,0.0,11103898.163636362,557166.7999999999,88.8311853090909,4.4573344,congestion_breach,real_spec_congestion_breach_003
2026-07-17T23:25:14+00:00,station3,0.0,0.05,0.263,0.0,234.29090909090908,1305.7818181818182,0.0018743272727272727,0.010446254545454545,congestion_breach,real_spec_congestion_breach_003
2026-07-17T23:25:29+00:00,station1,0.0,1.483,1.792,0.0,443638.63636363635,8868845.799999999,3.549109090909091,70.95076639999999,congestion_breach,real_spec_congestion_breach_003
2026-07-17T23:25:29+00:00,station2,0.0,1.489,1.768,0.0,8867642.018181818,444725.2545454545,70.94113614545454,3.5578020363636362,congestion_breach,real_spec_congestion_breach_003
2026-07-17T23:25:29+00:00,station3,0.0,0.199,0.828,0.0,197.67272727272726,1090.1454545454544,0.001581381818181818,0.008721163636363636,congestion_breach,real_spec_congestion_breach_003
2026-07-17T23:25:44+00:00,station1,0.0,0.115,0.828,0.0,553872.0181818182,11104305.545454543,4.4309761454545455,88.83444436363635,congestion_breach,real_spec_congestion_breach_003
2026-07-17T23:25:44+00:00,station2,0.0,0.119,0.813,0.0,11103175.836363636,555178.9999999999,88.82540669090909,4.441431999999999,congestion_breach,real_spec_congestion_breach_003
2026-07-17T23:25:44+00:00,station3,0.0,0.074,0.732,0.0,235.38181818181818,1304.4181818181817,0.0018830545454545454,0.010435345454545454,congestion_breach,real_spec_congestion_breach_003
2026-07-17T23:25:59+00:00,station1,0.0,0.362,0.81,0.0,447327.8849475464,8984514.354284467,3.578623079580371,71.87611483427574,congestion_breach,real_spec_congestion_breach_003
2026-07-17T23:25:59+00:00,station2,0.0,0.259,0.756,0.0,8983474.945454543,448428.7818181818,71.86779956363635,3.5874302545454544,congestion_breach,real_spec_congestion_breach_003
2026-07-17T23:25:59+00:00,station3,0.0,0.065,0.686,0.0,193.8,1086.0727272727272,0.0015504000000000002,0.008688581818181818,congestion_breach,real_spec_congestion_breach_003
2026-07-17T23:26:14+00:00,station1,0.0,0.038,0.799,0.0,664225.909090909,13351800.836363636,5.313807272727272,106.81440669090908,congestion_breach,real_spec_congestion_breach_003
2026-07-17T23:26:14+00:00,station2,0.0,0.056,0.806,0.0,13350217.109090907,665532.4181818181,106.80173687272726,5.324259345454545,congestion_breach,real_spec_congestion_breach_003
2026-07-17T23:26:14+00:00,station3,0.0,0.178,0.851,0.0,235.0181818181818,1302.6363636363635,0.0018801454545454544,0.010421090909090908,congestion_breach,real_spec_congestion_breach_003
2026-07-17T23:26:29+00:00,station1,0.0,0.031,0.274,0.0,441905.0363636363,8885536.818181818,3.5352402909090905,71.08429454545454,congestion_breach,real_spec_congestion_breach_003
2026-07-17T23:26:29+00:00,station2,0.0,0.03,0.252,0.0,8884253.618181817,442991.10909090907,71.07402894545454,3.5439288727272724,congestion_breach,real_spec_congestion_breach_003
2026-07-17T23:26:29+00:00,station3,0.0,0.019,0.287,0.0,198.4,1088.090909090909,0.0015872,0.008704727272727272,congestion_breach,real_spec_congestion_breach_003
2026-07-17T23:26:44+00:00,station1,0.0,0.027,0.758,0.0,554837.9243258969,11103499.118165785,4.438703394607175,88.82799294532629,congestion_breach,real_spec_congestion_breach_003
2026-07-17T23:26:44+00:00,station2,0.0,0.108,1.0,0.0,11101550.563636363,556134.1818181818,88.8124045090909,4.449073454545454,congestion_breach,real_spec_congestion_breach_003
2026-07-17T23:26:44+00:00,station3,0.0,0.046,0.688,0.0,232.36363636363635,1303.4545454545453,0.0018589090909090908,0.010427636363636363,congestion_breach,real_spec_congestion_breach_003
2026-07-17T23:26:59+00:00,station1,0.0,0.204,0.922,0.0,444712.63636363635,8871139.09090909,3.5577010909090907,70.96911272727272,congestion_breach,real_spec_congestion_breach_003
2026-07-17T23:26:59+00:00,station2,0.0,0.307,0.977,0.0,8870180.945454545,445796.8545454545,70.96144756363637,3.566374836363636,congestion_breach,real_spec_congestion_breach_003
2026-07-17T23:26:59+00:00,station3,0.0,0.03,0.669,0.0,191.9090909090909,1085.7090909090907,0.0015352727272727274,0.008685672727272727,congestion_breach,real_spec_congestion_breach_003
2026-07-17T23:27:14+00:00,station1,0.0,0.558,1.151,0.0,559809.3272727273,11156106.181818182,4.478474618181818,89.24884945454545,congestion_breach,real_spec_congestion_breach_003
2026-07-17T23:27:14+00:00,station2,0.0,1.625,1.871,0.0,11154744.327272726,561007.6727272726,89.2379546181818,4.488061381818181,congestion_breach,real_spec_congestion_breach_003
2026-07-17T23:27:14+00:00,station3,0.0,0.235,0.848,0.0,231.27272727272728,1300.3090909090909,0.0018501818181818183,0.010402472727272728,congestion_breach,real_spec_congestion_breach_003
2026-07-17T23:27:29+00:00,station1,0.0,1.234,1.746,0.0,559573.4649720904,11172961.035655195,4.476587719776724,89.38368828524156,congestion_breach,real_spec_congestion_breach_003
2026-07-17T23:27:29+00:00,station2,0.0,1.285,1.785,0.0,11171512.218181817,560538.7818181817,89.37209774545454,4.484310254545454,congestion_breach,real_spec_congestion_breach_003
2026-07-17T23:27:29+00:00,station3,0.0,0.389,1.071,0.0,197.85454545454544,1086.9090909090908,0.0015828363636363637,0.008695272727272727,congestion_breach,real_spec_congestion_breach_003
2026-07-17T23:27:44+00:00,station1,0.0,0.732,1.217,0.0,556489.7179948727,12594508.645611739,4.451917743958981,100.75606916489392,congestion_breach,real_spec_congestion_breach_003
2026-07-17T23:27:44+00:00,station2,0.0,0.722,1.359,0.0,12592778.454545455,557663.8909090909,100.74222763636364,4.461311127272727,congestion_breach,real_spec_congestion_breach_003
2026-07-17T23:27:44+00:00,station3,0.0,0.374,0.872,0.0,234.83636363636364,1300.9454545454544,0.0018786909090909092,0.010407563636363635,congestion_breach,real_spec_congestion_breach_003
2026-07-17T23:27:59+00:00,station1,0.0,0.206,0.853,0.0,444171.0181818182,10360432.218181817,3.5533681454545456,82.88345774545454,congestion_breach,real_spec_congestion_breach_003
2026-07-17T23:27:59+00:00,station2,0.0,0.13,0.884,0.0,10358314.527272727,445243.3818181818,82.86651621818181,3.5619470545454543,congestion_breach,real_spec_congestion_breach_003
2026-07-17T23:27:59+00:00,station3,0.0,0.032,0.645,0.0,195.47272727272727,1084.3636363636363,0.001563781818181818,0.00867490909090909,congestion_breach,real_spec_congestion_breach_003
2026-07-17T23:28:14+00:00,station1,0.0,0.105,0.89,0.0,556082.6909090909,12593803.218181817,4.448661527272727,100.75042574545454,congestion_breach,real_spec_congestion_breach_003
2026-07-17T23:28:14+00:00,station2,0.0,0.424,1.284,0.0,12592022.872727271,557391.6727272726,100.73618298181817,4.459133381818181,congestion_breach,real_spec_congestion_breach_003
2026-07-17T23:28:14+00:00,station3,0.0,0.025,0.618,0.0,235.9272727272727,1305.090909090909,0.0018874181818181817,0.010440727272727272,congestion_breach,real_spec_congestion_breach_003
2026-07-17T23:28:29+00:00,station1,0.0,0.392,1.004,0.0,554540.8250459066,11072652.928022109,4.436326600367253,88.58122342417687,congestion_breach,real_spec_congestion_breach_003
2026-07-17T23:28:29+00:00,station2,0.0,0.749,1.324,0.0,11072221.98181818,555672.5636363636,88.57777585454545,4.445380509090909,congestion_breach,real_spec_congestion_breach_003
2026-07-17T23:28:29+00:00,station3,0.0,0.364,0.854,0.0,197.3090909090909,1088.1272727272726,0.0015784727272727273,0.00870501818181818,congestion_breach,real_spec_congestion_breach_003
2026-07-17T23:28:44+00:00,station1,0.0,0.047,0.272,0.0,563794.5272727272,11272090.345454544,4.510356218181818,90.17672276363635,congestion_breach,real_spec_congestion_breach_003
2026-07-17T23:28:44+00:00,station2,0.0,0.019,0.196,0.0,11270705.509090908,565113.7454545455,90.16564407272726,4.520909963636364,congestion_breach,real_spec_congestion_breach_003
2026-07-17T23:28:44+00:00,station3,0.0,0.017,0.277,0.0,233.9272727272727,1303.4727272727273,0.0018714181818181817,0.010427781818181818,congestion_breach,real_spec_congestion_breach_003
2026-07-17T23:28:59+00:00,station1,0.0,0.14,0.875,0.0,443728.0958528026,8870229.650369992,3.549824766822421,70.96183720295994,congestion_breach,real_spec_congestion_breach_003
2026-07-17T23:28:59+00:00,station2,0.0,0.086,0.833,0.0,8869599.854545454,444832.4727272727,70.95679883636363,3.5586597818181818,congestion_breach,real_spec_congestion_breach_003
2026-07-17T23:28:59+00:00,station3,0.0,0.16,0.799,0.0,193.47272727272727,1084.8,0.0015477818181818181,0.0086784,congestion_breach,real_spec_congestion_breach_003
2026-07-17T23:29:14+00:00,station1,0.0,0.078,0.979,0.0,554072.4909090908,11102758.69090909,4.432579927272727,88.82206952727272,congestion_breach,real_spec_congestion_breach_003
2026-07-17T23:29:14+00:00,station2,0.0,0.197,0.833,0.0,11101348.67272727,555375.7636363636,88.81078938181815,4.443006109090908,congestion_breach,real_spec_congestion_breach_003
2026-07-17T23:29:14+00:00,station3,0.0,0.091,0.745,0.0,231.74545454545452,1301.3090909090909,0.0018539636363636362,0.010410472727272727,congestion_breach,real_spec_congestion_breach_003
2026-07-17T23:29:29+00:00,station1,0.0,2.18,2.322,0.0,442195.72727272724,8869050.6,3.5375658181818177,70.9524048,congestion_breach,real_spec_congestion_breach_003
2026-07-17T23:29:29+00:00,station2,0.0,0.203,0.926,0.0,8867719.98181818,443280.3272727272,70.94175985454544,3.5462426181818176,congestion_breach,real_spec_congestion_breach_003
2026-07-17T23:29:29+00:00,station3,0.0,0.092,0.624,0.0,196.2181818181818,1086.6363636363635,0.0015697454545454542,0.008693090909090907,congestion_breach,real_spec_congestion_breach_003
2026-07-17T23:29:44+00:00,station1,0.0,0.111,0.878,0.0,658960.5098089125,13234075.52589953,5.2716840784713,105.87260420719623,congestion_breach,real_spec_congestion_breach_003
2026-07-17T23:29:44+00:00,station2,0.0,0.135,0.881,0.0,13232765.218181817,660285.6363636364,105.86212174545453,5.282285090909091,congestion_breach,real_spec_congestion_breach_003
2026-07-17T23:29:44+00:00,station3,0.0,0.223,0.802,0.0,238.98181818181817,1305.3090909090909,0.0019118545454545454,0.010442472727272728,congestion_breach,real_spec_congestion_breach_003
2026-07-17T23:29:59+00:00,station1,0.0,0.017,0.331,0.0,453216.1272727272,9107381.745454544,3.6257290181818176,72.85905396363636,congestion_breach,real_spec_congestion_breach_003
2026-07-17T23:29:59+00:00,station2,0.0,0.05,0.2,0.0,9105863.709090909,454301.4909090909,72.84690967272728,3.634411927272727,congestion_breach,real_spec_congestion_breach_003
2026-07-17T23:29:59+00:00,station3,0.0,0.015,0.278,0.0,199.6181818181818,1087.6363636363635,0.0015969454545454544,0.008701090909090908,congestion_breach,real_spec_congestion_breach_003
2026-07-17T23:30:14+00:00,station1,0.0,0.07,0.732,0.0,553381.6519098958,11100305.328800248,4.427053215279167,88.80244263040198,congestion_breach,real_spec_congestion_breach_003
2026-07-17T23:30:14+00:00,station2,0.0,0.178,1.01,0.0,11099342.963636363,554720.3454545455,88.79474370909091,4.437762763636363,congestion_breach,real_spec_congestion_breach_003
2026-07-17T23:30:14+00:00,station3,0.0,0.133,0.787,0.0,240.07272727272726,1305.890909090909,0.001920581818181818,0.010447127272727272,congestion_breach,real_spec_congestion_breach_003
2026-07-17T23:30:29+00:00,station1,0.0,0.158,0.903,0.0,442370.309090909,8868517.072727272,3.538962472727272,70.94813658181818,congestion_breach,real_spec_congestion_breach_003
2026-07-17T23:30:29+00:00,station2,0.0,0.079,0.82,0.0,8867488.127272727,443463.94545454544,70.93990501818182,3.5477115636363634,congestion_breach,real_spec_congestion_breach_003
2026-07-17T23:30:29+00:00,station3,0.0,0.058,0.679,0.0,197.3090909090909,1087.2727272727273,0.0015784727272727273,0.008698181818181818,congestion_breach,real_spec_congestion_breach_003
2026-07-17T23:30:44+00:00,station1,0.0,0.014,0.698,0.0,553446.1535664286,11103789.305260096,4.4275692285314285,88.83031444208076,congestion_breach,real_spec_congestion_breach_003
2026-07-17T23:30:44+00:00,station2,0.0,0.031,0.715,0.0,11102225.254545454,554744.3454545455,88.81780203636363,4.437954763636363,congestion_breach,real_spec_congestion_breach_003
2026-07-17T23:30:44+00:00,station3,0.0,0.046,0.918,0.0,238.98181818181817,1306.1818181818182,0.0019118545454545454,0.010449454545454546,congestion_breach,real_spec_congestion_breach_003
2026-07-17T23:30:59+00:00,station1,0.0,0.115,0.883,0.0,555290.4909090908,11170765.127272727,4.442323927272727,89.36612101818181,congestion_breach,real_spec_congestion_breach_003
2026-07-17T23:30:59+00:00,station2,0.0,0.443,1.086,0.0,11169446.69090909,556384.0545454544,89.35557352727271,4.451072436363636,congestion_breach,real_spec_congestion_breach_003
2026-07-17T23:30:59+00:00,station3,0.0,0.129,0.857,0.0,203.18181818181816,1091.4181818181817,0.0016254545454545452,0.008731345454545453,congestion_breach,real_spec_congestion_breach_003
2026-07-17T23:31:14+00:00,station1,0.0,1.302,1.61,0.0,553232.9272727272,11093788.436363636,4.425863418181818,88.75030749090908,congestion_breach,real_spec_congestion_breach_003
2026-07-17T23:31:14+00:00,station2,0.0,1.4,1.734,0.0,11092925.545454543,554560.3636363636,88.74340436363634,4.436482909090909,congestion_breach,real_spec_congestion_breach_003
2026-07-17T23:31:14+00:00,station3,0.0,0.329,0.69,0.0,242.54545454545453,1309.9454545454544,0.0019403636363636363,0.010479563636363634,congestion_breach,real_spec_congestion_breach_003
2026-07-17T23:31:29+00:00,station1,0.0,0.234,0.837,0.0,443222.34545454546,8859804.836363636,3.545778763636364,70.87843869090909,congestion_breach,real_spec_congestion_breach_003
2026-07-17T23:31:29+00:00,station2,0.0,0.238,1.113,0.0,8858631.509090908,444302.5272727272,70.86905207272726,3.554420218181818,congestion_breach,real_spec_congestion_breach_003
2026-07-17T23:31:29+00:00,station3,0.0,0.281,0.804,0.0,206.14545454545453,1094.581818181818,0.0016491636363636362,0.008756654545454545,congestion_breach,real_spec_congestion_breach_003
2026-07-17T23:31:44+00:00,station1,0.0,0.108,0.886,0.0,556359.301141735,11093862.864518944,4.45087440913388,88.75090291615156,congestion_breach,real_spec_congestion_breach_003
2026-07-17T23:31:44+00:00,station2,0.0,0.196,0.934,0.0,11093467.945454543,557722.6363636364,88.74774356363635,4.461781090909091,congestion_breach,real_spec_congestion_breach_003
2026-07-17T23:31:44+00:00,station3,0.0,0.132,0.738,0.0,240.98181818181817,1310.1818181818182,0.0019278545454545454,0.010481454545454546,congestion_breach,real_spec_congestion_breach_003
2026-07-17T23:31:59+00:00,station1,0.0,0.168,0.81,0.0,545035.1279114166,10850081.856033746,4.360281023291333,86.80065484826997,congestion_breach,real_spec_congestion_breach_003
2026-07-17T23:31:59+00:00,station2,0.0,0.089,0.812,0.0,10848795.709090909,546141.6181818182,86.79036567272728,4.369132945454545,congestion_breach,real_spec_congestion_breach_003
2026-07-17T23:31:59+00:00,station3,0.0,0.064,0.729,0.0,198.05454545454543,1089.2545454545455,0.0015844363636363635,0.008714036363636364,congestion_breach,real_spec_congestion_breach_003
2026-07-17T23:32:14+00:00,station1,0.0,0.038,0.227,0.0,576987.6720548394,11503930.68712839,4.615901376438716,92.03144549702711,vrf_leakage,real_spec_vrf_leakage_003
2026-07-17T23:32:14+00:00,station2,0.0,0.039,0.174,0.0,11501504.745454544,578452.1818181818,92.01203796363636,4.6276174545454545,vrf_leakage,real_spec_vrf_leakage_003
2026-07-17T23:32:14+00:00,station3,0.0,0.025,0.26,0.0,237.89090909090908,1306.0181818181816,0.0019031272727272725,0.010448145454545452,vrf_leakage,real_spec_vrf_leakage_003
2026-07-17T23:32:29+00:00,station1,0.0,0.421,2.518,25.0,352918.4545454545,7034557.109090908,2.8233476363636356,56.276456872727266,vrf_leakage,real_spec_vrf_leakage_003
2026-07-17T23:32:29+00:00,station2,0.0,0.73,2.277,0.0,7032980.672727272,354198.6545454545,56.26384538181818,2.8335892363636357,vrf_leakage,real_spec_vrf_leakage_003
2026-07-17T23:32:29+00:00,station3,0.0,0.032,0.266,0.0,200.98181818181817,1090.1090909090908,0.0016078545454545454,0.008720872727272726,vrf_leakage,real_spec_vrf_leakage_003
2026-07-17T23:32:44+00:00,station1,0.0,0.275,3.018,0.0,456948.730069269,9107401.414468301,3.655589840554152,72.8592113157464,vrf_leakage,real_spec_vrf_leakage_003
2026-07-17T23:32:44+00:00,station2,0.0,0.511,2.49,0.0,9106219.363636363,458460.9272727272,72.8497549090909,3.6676874181818175,vrf_leakage,real_spec_vrf_leakage_003
2026-07-17T23:32:44+00:00,station3,0.0,0.129,0.759,0.0,234.47272727272727,1304.8363636363636,0.001875781818181818,0.010438690909090909,vrf_leakage,real_spec_vrf_leakage_003
2026-07-17T23:32:59+00:00,station1,0.0,0.059,3.523,0.0,344856.4805556061,6873350.3445266625,2.7588518444448487,54.9868027562133,vrf_leakage,real_spec_vrf_leakage_003
2026-07-17T23:32:59+00:00,station2,0.0,0.267,2.767,0.0,6872513.236363635,346132.94545454544,54.98010589090908,2.7690635636363634,vrf_leakage,real_spec_vrf_leakage_003
2026-07-17T23:32:59+00:00,station3,0.0,0.153,0.709,0.0,195.1090909090909,1087.581818181818,0.001560872727272727,0.008700654545454545,vrf_leakage,real_spec_vrf_leakage_003
2026-07-17T23:33:14+00:00,station1,0.0,0.494,2.621,0.0,552188.5272727272,11012072.181818182,4.417508218181818,88.09657745454545,vrf_leakage,real_spec_vrf_leakage_003
2026-07-17T23:33:14+00:00,station2,0.0,0.424,3.434,0.0,11010597.327272726,553557.5454545454,88.08477861818182,4.428460363636363,vrf_leakage,real_spec_vrf_leakage_003
2026-07-17T23:33:14+00:00,station3,0.0,0.172,0.924,0.0,233.99999999999997,1306.6545454545453,0.0018719999999999997,0.010453236363636362,vrf_leakage,real_spec_vrf_leakage_003
2026-07-17T23:33:29+00:00,station1,0.0,0.358,4.449,0.0,556904.9835457536,11170316.721514154,4.4552398683660295,89.36253377211324,vrf_leakage,real_spec_vrf_leakage_003
2026-07-17T23:33:29+00:00,station2,0.0,0.331,4.907,25.0,11169354.909090908,558182.5818181818,89.35483927272726,4.4654606545454545,vrf_leakage,real_spec_vrf_leakage_003
2026-07-17T23:33:29+00:00,station3,0.0,0.448,1.091,0.0,202.18181818181816,1093.709090909091,0.0016174545454545452,0.008749672727272728,vrf_leakage,real_spec_vrf_leakage_003
2026-07-17T23:33:44+00:00,station1,0.0,0.449,4.199,25.0,453865.5818181818,9107798.0,3.630924654545454,72.862384,vrf_leakage,real_spec_vrf_leakage_003
2026-07-17T23:33:44+00:00,station2,0.0,0.288,4.643,0.0,9106547.054545455,455413.39999999997,72.85237643636364,3.6433071999999997,vrf_leakage,real_spec_vrf_leakage_003
2026-07-17T23:33:44+00:00,station3,0.0,0.026,0.258,0.0,238.7272727272727,1308.4363636363635,0.0019098181818181816,0.010467490909090908,vrf_leakage,real_spec_vrf_leakage_003
2026-07-17T23:33:59+00:00,station1,0.0,0.57,4.867,0.0,340994.964002618,6869909.2066031555,2.727959712020944,54.959273652825246,vrf_leakage,real_spec_vrf_leakage_003
2026-07-17T23:33:59+00:00,station2,0.0,0.34,4.613,0.0,6869204.963636364,342332.7636363636,54.95363970909091,2.738662109090909,vrf_leakage,real_spec_vrf_leakage_003
2026-07-17T23:33:59+00:00,station3,0.0,0.012,0.61,0.0,201.0,1091.7272727272727,0.001608,0.008733818181818181,vrf_leakage,real_spec_vrf_leakage_003
2026-07-17T23:34:14+00:00,station1,0.0,0.324,4.918,0.0,450639.18181818177,9104887.636363635,3.605113454545454,72.83910109090908,vrf_leakage,real_spec_vrf_leakage_003
2026-07-17T23:34:14+00:00,station2,0.0,0.572,4.988,0.0,9103551.036363635,452130.94545454544,72.82840829090908,3.6170475636363637,vrf_leakage,real_spec_vrf_leakage_003
2026-07-17T23:34:14+00:00,station3,0.0,0.06,0.612,0.0,241.09090909090907,1312.509090909091,0.0019287272727272725,0.010500072727272727,vrf_leakage,real_spec_vrf_leakage_003
2026-07-17T23:34:29+00:00,station1,0.0,0.944,8.092,0.0,443162.1272727272,8936182.745454544,3.5452970181818175,71.48946196363636,vrf_leakage,real_spec_vrf_leakage_003
2026-07-17T23:34:29+00:00,station2,0.0,1.053,7.288,0.0,8934966.109090907,444400.0909090909,71.47972887272726,3.555200727272727,vrf_leakage,real_spec_vrf_leakage_003
2026-07-17T23:34:29+00:00,station3,0.0,0.321,0.937,0.0,198.58181818181816,1093.1818181818182,0.0015886545454545454,0.008745454545454546,vrf_leakage,real_spec_vrf_leakage_003
2026-07-17T23:34:44+00:00,station1,0.0,0.881,6.338,0.0,666205.3524353218,13403316.128211189,5.329642819482574,107.22652902568952,vrf_leakage,real_spec_vrf_leakage_003
2026-07-17T23:34:44+00:00,station2,0.0,0.399,5.261,0.0,13402732.07272727,667677.4909090908,107.22185658181816,5.341419927272727,vrf_leakage,real_spec_vrf_leakage_003
2026-07-17T23:34:44+00:00,station3,0.0,0.037,0.634,0.0,235.19999999999996,1308.9272727272726,0.0018815999999999998,0.01047141818181818,vrf_leakage,real_spec_vrf_leakage_003
2026-07-17T23:34:59+00:00,station1,0.0,0.576,6.276,0.0,445102.309090909,8946436.98181818,3.5608184727272723,71.57149585454545,vrf_leakage,real_spec_vrf_leakage_003
2026-07-17T23:34:59+00:00,station2,0.0,0.612,6.557,25.0,8945507.418181818,446296.7818181818,71.56405934545454,3.570374254545454,vrf_leakage,real_spec_vrf_leakage_003
2026-07-17T23:34:59+00:00,station3,0.0,0.053,0.224,0.0,197.76363636363632,1088.8181818181818,0.0015821090909090905,0.008710545454545453,vrf_leakage,real_spec_vrf_leakage_003
2026-07-17T23:35:14+00:00,station1,0.0,1.612,7.101,0.0,453560.95565373916,9097236.658848343,3.6284876452299133,72.77789327078675,vrf_leakage,real_spec_vrf_leakage_003
2026-07-17T23:35:14+00:00,station2,0.0,0.745,8.139,0.0,9095795.218181817,454955.3818181818,72.76636174545453,3.6396430545454543,vrf_leakage,real_spec_vrf_leakage_003
2026-07-17T23:35:14+00:00,station3,0.0,0.572,2.072,0.0,236.87272727272727,1310.8363636363636,0.001894981818181818,0.010486690909090908,vrf_leakage,real_spec_vrf_leakage_003
2026-07-17T23:35:29+00:00,station1,0.0,0.487,8.503,0.0,341510.7454545454,6862256.799999999,2.7320859636363632,54.89805439999999,vrf_leakage,real_spec_vrf_leakage_003
2026-07-17T23:35:29+00:00,station2,0.0,1.287,6.417,0.0,6860454.981818181,342742.6545454545,54.88363985454545,2.741941236363636,vrf_leakage,real_spec_vrf_leakage_003
2026-07-17T23:35:29+00:00,station3,0.0,0.113,1.778,0.0,203.49090909090907,1098.2363636363634,0.0016279272727272726,0.008785890909090908,vrf_leakage,real_spec_vrf_leakage_003
2026-07-17T23:35:44+00:00,station1,0.0,0.674,8.814,0.0,450886.4384283922,9097163.178851293,3.6070915074271377,72.77730543081034,vrf_leakage,real_spec_vrf_leakage_003
2026-07-17T23:35:44+00:00,station2,0.0,0.595,8.332,0.0,9096046.8,452380.309090909,72.7683744,3.6190424727272723,vrf_leakage,real_spec_vrf_leakage_003
2026-07-17T23:35:44+00:00,station3,0.0,0.545,1.896,0.0,237.34545454545454,1311.8545454545454,0.0018987636363636364,0.010494836363636363,vrf_leakage,real_spec_vrf_leakage_003
2026-07-17T23:35:59+00:00,station1,0.0,0.411,8.589,0.0,553066.8545454545,11170525.07272727,4.424534836363636,89.36420058181817,vrf_leakage,real_spec_vrf_leakage_003
2026-07-17T23:35:59+00:00,station2,0.0,0.89,8.344,0.0,11169664.018181818,554340.2545454545,89.35731214545454,4.434722036363636,vrf_leakage,real_spec_vrf_leakage_003
2026-07-17T23:35:59+00:00,station3,0.0,0.43,1.129,0.0,196.34545454545454,1093.0363636363634,0.0015707636363636365,0.008744290909090907,vrf_leakage,real_spec_vrf_leakage_003
2026-07-17T23:36:14+00:00,station1,0.0,0.443,7.26,0.0,544937.2181818181,11024797.98181818,4.359497745454545,88.19838385454544,vrf_leakage,real_spec_vrf_leakage_003
2026-07-17T23:36:14+00:00,station2,0.0,1.278,8.477,25.0,11023448.563636363,546442.8181818181,88.1875885090909,4.371542545454545,vrf_leakage,real_spec_vrf_leakage_003
2026-07-17T23:36:14+00:00,station3,0.0,0.046,0.23,0.0,237.23636363636362,1310.381818181818,0.001897890909090909,0.010483054545454545,vrf_leakage,real_spec_vrf_leakage_003
2026-07-17T23:36:29+00:00,station1,0.0,0.59,7.635,0.0,336972.2727272727,6799436.290909091,2.6957781818181816,54.395490327272725,vrf_leakage,real_spec_vrf_leakage_003
2026-07-17T23:36:29+00:00,station2,0.0,1.441,8.283,0.0,6798142.69090909,338141.90909090906,54.38514152727272,2.7051352727272726,vrf_leakage,real_spec_vrf_leakage_003
2026-07-17T23:36:29+00:00,station3,0.0,0.014,0.288,0.0,197.38181818181818,1092.4,0.0015790545454545453,0.0087392,vrf_leakage,real_spec_vrf_leakage_003
2026-07-17T23:36:44+00:00,station1,0.0,2.475,12.904,0.0,446286.2961144748,9028651.102747323,3.5702903689157988,72.22920882197859,vrf_leakage,real_spec_vrf_leakage_003
2026-07-17T23:36:44+00:00,station2,0.0,0.657,13.021,25.0,9026861.854545454,447650.3818181818,72.21489483636363,3.5812030545454543,vrf_leakage,real_spec_vrf_leakage_003
2026-07-17T23:36:44+00:00,station3,0.0,1276.692,2099.713,0.0,240.56363636363633,1315.6,0.0019245090909090906,0.010524799999999999,vrf_leakage,real_spec_vrf_leakage_003
2026-07-17T23:36:59+00:00,station1,0.0,1.276,12.29,25.0,342933.7260677467,6939823.687703413,2.7434698085419735,55.518589501627304,vrf_leakage,real_spec_vrf_leakage_003
2026-07-17T23:36:59+00:00,station2,0.0,0.377,13.311,0.0,6938504.472727272,344120.8181818182,55.50803578181817,2.7529665454545453,vrf_leakage,real_spec_vrf_leakage_003
2026-07-17T23:36:59+00:00,station3,0.0,833.944,1125.758,0.0,202.07272727272726,1096.4727272727273,0.001616581818181818,0.008771781818181818,vrf_leakage,real_spec_vrf_leakage_003
2026-07-17T23:37:14+00:00,station1,0.0,0.641,14.845,0.0,563689.1329248559,11407586.916601516,4.509513063398847,91.26069533281213,vrf_leakage,real_spec_vrf_leakage_003
2026-07-17T23:37:14+00:00,station2,0.0,0.462,14.426,0.0,11406505.49090909,565081.8545454546,91.25204392727272,4.5206548363636365,vrf_leakage,real_spec_vrf_leakage_003
2026-07-17T23:37:14+00:00,station3,0.0,1771.922,2394.426,0.0,240.74545454545452,1325.2181818181816,0.0019259636363636362,0.010601745454545453,vrf_leakage,real_spec_vrf_leakage_003
2026-07-17T23:37:29+00:00,station1,0.0,0.432,11.624,25.0,540250.1818181818,10923166.945454543,4.322001454545454,87.38533556363635,vrf_leakage,real_spec_vrf_leakage_003
2026-07-17T23:37:29+00:00,station2,0.0,1.492,13.609,0.0,10921930.618181817,541310.0727272726,87.37544494545453,4.330480581818181,vrf_leakage,real_spec_vrf_leakage_003
2026-07-17T23:37:29+00:00,station3,0.0,1140.42,4295.324,33.33333333333333,223.36363636363635,1116.9818181818182,0.0017869090909090907,0.008935854545454546,vrf_leakage,real_spec_vrf_leakage_003
2026-07-17T23:37:44+00:00,station1,0.0,1.728,12.929,0.0,558400.9272727272,11294363.145454545,4.467207418181818,90.35490516363636,vrf_leakage,real_spec_vrf_leakage_003
2026-07-17T23:37:44+00:00,station2,0.0,1.025,12.408,0.0,11293197.127272727,559787.2909090909,90.34557701818181,4.478298327272727,vrf_leakage,real_spec_vrf_leakage_003
2026-07-17T23:37:44+00:00,station3,0.0,0.333,1.081,0.0,255.3090909090909,1325.8727272727272,0.0020424727272727273,0.010606981818181817,vrf_leakage,real_spec_vrf_leakage_003
2026-07-17T23:37:59+00:00,station1,0.0,2.415,11.131,0.0,447433.0727272727,9062812.418181816,3.5794645818181814,72.50249934545452,vrf_leakage,real_spec_vrf_leakage_003
2026-07-17T23:37:59+00:00,station2,0.0,0.607,11.789,0.0,9061594.836363636,448592.7818181818,72.49275869090908,3.5887422545454544,vrf_leakage,real_spec_vrf_leakage_003
2026-07-17T23:37:59+00:00,station3,0.0,0.39,0.873,0.0,206.0181818181818,1098.9272727272726,0.0016481454545454544,0.00879141818181818,vrf_leakage,real_spec_vrf_leakage_003
2026-07-17T23:38:14+00:00,station1,0.0,1.3,13.443,0.0,557049.6909090909,11297168.09090909,4.456397527272728,90.37734472727271,vrf_leakage,real_spec_vrf_leakage_003
2026-07-17T23:38:14+00:00,station2,0.0,0.348,10.567,0.0,11295978.38181818,558454.4363636363,90.36782705454544,4.46763549090909,vrf_leakage,real_spec_vrf_leakage_003
2026-07-17T23:38:14+00:00,station3,0.0,0.094,0.737,0.0,252.29090909090908,1314.6545454545453,0.0020183272727272725,0.010517236363636363,vrf_leakage,real_spec_vrf_leakage_003
2026-07-17T23:38:29+00:00,station1,0.0,0.37,10.914,0.0,550590.1230976235,11172010.600578213,4.404720984780988,89.3760848046257,vrf_leakage,real_spec_vrf_leakage_003
2026-07-17T23:38:29+00:00,station2,0.0,1.344,13.482,0.0,11170392.236363636,551670.6545454545,89.36313789090909,4.413365236363636,vrf_leakage,real_spec_vrf_leakage_003
2026-07-17T23:38:29+00:00,station3,0.0,0.415,0.903,0.0,199.9272727272727,1092.9636363636362,0.0015994181818181816,0.00874370909090909,vrf_leakage,real_spec_vrf_leakage_003
2026-07-17T23:38:44+00:00,station1,0.0,0.91,13.009,0.0,532972.2914128833,10810438.846566426,4.263778331303066,86.4835107725314,vrf_leakage,real_spec_vrf_leakage_003
2026-07-17T23:38:44+00:00,station2,0.0,0.882,10.597,0.0,10808979.4,534283.0909090909,86.4718352,4.274264727272728,vrf_leakage,real_spec_vrf_leakage_003
2026-07-17T23:38:44+00:00,station3,0.0,0.024,0.212,0.0,236.54545454545453,1308.6,0.0018923636363636363,0.010468799999999999,vrf_leakage,real_spec_vrf_leakage_003
2026-07-17T23:38:59+00:00,station1,0.0,1.044,9.872,0.0,322483.2269677631,6532234.040618921,2.579865815742105,52.257872324951364,vrf_leakage,real_spec_vrf_leakage_003
2026-07-17T23:38:59+00:00,station2,0.0,2.408,10.433,0.0,6530758.872727272,323559.10909090907,52.24607098181818,2.5884728727272726,vrf_leakage,real_spec_vrf_leakage_003
2026-07-17T23:38:59+00:00,station3,0.0,0.029,0.295,0.0,197.18181818181816,1089.6363636363635,0.0015774545454545453,0.008717090909090909,vrf_leakage,real_spec_vrf_leakage_003
2026-07-17T23:39:14+00:00,station1,0.0,0.87,13.027,0.0,432545.98181818175,8764193.49090909,3.460367854545454,70.11354792727272,vrf_leakage,real_spec_vrf_leakage_003
2026-07-17T23:39:14+00:00,station2,0.0,0.548,11.83,0.0,8762454.09090909,433835.39999999997,70.09963272727272,3.4706832,vrf_leakage,real_spec_vrf_leakage_003
2026-07-17T23:39:14+00:00,station3,0.0,0.398,0.923,0.0,234.36363636363635,1304.9454545454544,0.0018749090909090907,0.010439563636363634,vrf_leakage,real_spec_vrf_leakage_003
2026-07-17T23:39:29+00:00,station1,0.0,2.206,12.421,25.0,339697.4055017181,6891418.465118815,2.717579244013745,55.13134772095052,vrf_leakage,real_spec_vrf_leakage_003
2026-07-17T23:39:29+00:00,station2,0.0,0.657,10.034,0.0,6890317.799999999,340794.5636363636,55.12254239999999,2.726356509090909,vrf_leakage,real_spec_vrf_leakage_003
2026-07-17T23:39:29+00:00,station3,0.0,0.176,0.816,0.0,198.83636363636364,1089.7454545454543,0.0015906909090909092,0.008717963636363634,vrf_leakage,real_spec_vrf_leakage_003
2026-07-17T23:39:44+00:00,station1,0.0,1.587,12.315,0.0,560026.307655946,11358433.958147738,4.480210461247568,90.86747166518191,vrf_leakage,real_spec_vrf_leakage_003
2026-07-17T23:39:44+00:00,station2,0.0,1.514,10.915,0.0,11357726.927272728,561377.3818181817,90.86181541818182,4.491019054545454,vrf_leakage,real_spec_vrf_leakage_003
2026-07-17T23:39:44+00:00,station3,0.0,0.331,0.948,0.0,236.98181818181817,1305.2727272727273,0.0018958545454545454,0.010442181818181817,vrf_leakage,real_spec_vrf_leakage_003
2026-07-17T23:39:59+00:00,station1,0.0,1.787,11.613,0.0,538573.6232569133,10928324.382306421,4.308588986055306,87.42659505845137,vrf_leakage,real_spec_vrf_leakage_003
2026-07-17T23:39:59+00:00,station2,0.0,1.921,12.488,0.0,10927776.327272726,539686.3818181817,87.42221061818181,4.317491054545454,vrf_leakage,real_spec_vrf_leakage_003
2026-07-17T23:39:59+00:00,station3,0.0,0.162,0.748,0.0,197.6181818181818,1088.3272727272727,0.0015809454545454543,0.008706618181818181,vrf_leakage,real_spec_vrf_leakage_003
2026-07-17T23:40:14+00:00,station1,0.0,1.97,13.096,0.0,545252.7818181817,11045678.345454544,4.362022254545454,88.36542676363635,vrf_leakage,real_spec_vrf_leakage_003
2026-07-17T23:40:14+00:00,station2,0.0,1.112,12.979,0.0,11044185.909090908,546558.0909090909,88.35348727272726,4.372464727272727,vrf_leakage,real_spec_vrf_leakage_003
2026-07-17T23:40:14+00:00,station3,0.0,480.973,542.267,0.0,236.65454545454543,1306.1272727272726,0.0018932363636363634,0.010449018181818181,vrf_leakage,real_spec_vrf_leakage_003
2026-07-17T23:40:29+00:00,station1,0.0,1.469,12.193,0.0,435821.8363636363,8812246.399999999,3.4865746909090904,70.4979712,vrf_leakage,real_spec_vrf_leakage_003
2026-07-17T23:40:29+00:00,station2,0.0,1.591,12.994,0.0,8810915.472727273,436909.9272727272,70.48732378181818,3.4952794181818176,vrf_leakage,real_spec_vrf_leakage_003
2026-07-17T23:40:29+00:00,station3,0.0,885.462,1545.64,0.0,192.14545454545453,1087.6545454545453,0.0015371636363636363,0.008701236363636362,vrf_leakage,real_spec_vrf_leakage_003
2026-07-17T23:40:44+00:00,station1,0.0,1.194,11.906,0.0,545492.9910365266,11041837.239322921,4.363943928292213,88.33469791458337,vrf_leakage,real_spec_vrf_leakage_003
2026-07-17T23:40:44+00:00,station2,0.0,2.606,12.827,0.0,11040498.127272727,546816.6,88.32398501818182,4.3745328,vrf_leakage,real_spec_vrf_leakage_003
2026-07-17T23:40:44+00:00,station3,0.0,167.02,183.824,0.0,234.36363636363635,1304.6545454545453,0.0018749090909090907,0.010437236363636363,vrf_leakage,real_spec_vrf_leakage_003
2026-07-17T23:40:59+00:00,station1,0.0,0.571,11.797,0.0,551148.6181818182,11162164.127272727,4.409188945454545,89.29731301818181,vrf_leakage,real_spec_vrf_leakage_003
2026-07-17T23:40:59+00:00,station2,0.0,1.058,11.676,0.0,11161926.836363636,552301.8909090909,89.29541469090908,4.418415127272727,vrf_leakage,real_spec_vrf_leakage_003
2026-07-17T23:40:59+00:00,station3,0.0,1421.134,1979.884,0.0,193.9090909090909,1086.1454545454544,0.0015512727272727273,0.008689163636363635,vrf_leakage,real_spec_vrf_leakage_003
2026-07-17T23:41:14+00:00,station1,0.0,0.403,9.924,0.0,545831.5272727272,11051888.036363635,4.366652218181818,88.41510429090908,vrf_leakage,real_spec_vrf_leakage_003
2026-07-17T23:41:14+00:00,station2,0.0,1.384,11.547,0.0,11050256.563636363,547131.9999999999,88.40205250909091,4.377055999999999,vrf_leakage,real_spec_vrf_leakage_003
2026-07-17T23:41:14+00:00,station3,0.0,0.047,0.233,0.0,238.18181818181816,1329.9636363636362,0.0019054545454545452,0.01063970909090909,vrf_leakage,real_spec_vrf_leakage_003
2026-07-17T23:41:29+00:00,station1,0.0,1.383,10.31,0.0,325107.1032489137,6584989.018780794,2.60085682599131,52.67991215024635,vrf_leakage,real_spec_vrf_leakage_003
2026-07-17T23:41:29+00:00,station2,0.0,2.173,11.345,0.0,6584180.818181817,326220.4545454545,52.67344654545454,2.6097636363636356,vrf_leakage,real_spec_vrf_leakage_003
2026-07-17T23:41:29+00:00,station3,0.0,0.017,0.297,0.0,208.03636363636363,1115.290909090909,0.001664290909090909,0.008922327272727272,vrf_leakage,real_spec_vrf_leakage_003
2026-07-17T23:41:44+00:00,station1,0.0,0.743,1.433,0.0,431164.99999999994,8769052.672727272,3.4493199999999997,70.15242138181817,vrf_leakage,real_spec_vrf_leakage_003
2026-07-17T23:41:44+00:00,station2,0.0,1.61,2.15,0.0,8767705.654545454,432543.7818181818,70.14164523636363,3.4603502545454545,vrf_leakage,real_spec_vrf_leakage_003
2026-07-17T23:41:44+00:00,station3,0.0,0.581,1.223,0.0,235.3090909090909,1330.4,0.0018824727272727273,0.0106432,vrf_leakage,real_spec_vrf_leakage_003
2026-07-17T23:41:59+00:00,station1,0.0,0.097,0.911,0.0,325768.23636363633,6651046.709090908,2.6061458909090907,53.20837367272726,vrf_leakage,real_spec_vrf_leakage_003
2026-07-17T23:41:59+00:00,station2,0.0,0.175,0.872,0.0,6650086.218181818,326939.23636363633,53.20068974545454,2.6155138909090905,vrf_leakage,real_spec_vrf_leakage_003
2026-07-17T23:41:59+00:00,station3,0.0,0.084,0.763,0.0,193.54545454545453,1089.0727272727272,0.0015483636363636363,0.008712581818181818,vrf_leakage,real_spec_vrf_leakage_003
2026-07-17T23:42:14+00:00,station1,0.0,0.834,1.474,0.0,544474.0181818182,11116704.945454543,4.355792145454545,88.93363956363635,vrf_leakage,real_spec_vrf_leakage_003
2026-07-17T23:42:14+00:00,station2,0.0,0.782,1.287,0.0,11115901.727272727,545896.7090909091,88.92721381818181,4.367173672727273,vrf_leakage,real_spec_vrf_leakage_003
2026-07-17T23:42:14+00:00,station3,0.0,0.315,0.949,0.0,232.9090909090909,1306.4181818181817,0.0018632727272727273,0.010451345454545454,vrf_leakage,real_spec_vrf_leakage_003
2026-07-17T23:42:29+00:00,station1,0.0,0.19,0.887,0.0,546735.1625572768,11169208.015128372,4.373881300458215,89.35366412102698,vrf_leakage,real_spec_vrf_leakage_003
2026-07-17T23:42:29+00:00,station2,0.0,0.39,1.207,0.0,11166977.909090908,547862.9999999999,89.33582327272727,4.382903999999999,vrf_leakage,real_spec_vrf_leakage_003
2026-07-17T23:42:29+00:00,station3,0.0,0.079,0.67,0.0,198.94545454545454,1092.8363636363636,0.0015915636363636363,0.008742690909090908,vrf_leakage,real_spec_vrf_leakage_003
2026-07-17T23:42:44+00:00,station1,0.0,1.964,2.712,0.0,547462.8727272727,11101311.054545455,4.379702981818181,88.81048843636364,vrf_leakage,real_spec_vrf_leakage_003
2026-07-17T23:42:44+00:00,station2,0.0,1.878,2.427,0.0,11099641.181818182,548774.6727272726,88.79712945454546,4.390197381818181,vrf_leakage,real_spec_vrf_leakage_003
2026-07-17T23:42:44+00:00,station3,0.0,1419.378,1966.292,0.0,231.7090909090909,1310.6909090909091,0.001853672727272727,0.010485527272727273,vrf_leakage,real_spec_vrf_leakage_003
2026-07-17T23:42:59+00:00,station1,0.0,0.321,1.75,0.0,440131.19999999995,8866082.963636363,3.5210495999999996,70.9286637090909,vrf_leakage,real_spec_vrf_leakage_003
2026-07-17T23:42:59+00:00,station2,0.0,0.109,1.982,0.0,8864513.854545454,441201.34545454546,70.91611083636363,3.529610763636364,vrf_leakage,real_spec_vrf_leakage_003
2026-07-17T23:42:59+00:00,station3,0.0,505.331,434.022,0.0,193.43636363636364,1089.8181818181818,0.001547490909090909,0.008718545454545455,vrf_leakage,real_spec_vrf_leakage_003
2026-07-17T23:43:14+00:00,station1,0.0,0.475,1.928,0.0,555068.8557973781,11102243.822614959,4.440550846379025,88.81795058091967,vrf_leakage,real_spec_vrf_leakage_003
2026-07-17T23:43:14+00:00,station2,0.0,0.084,1.781,0.0,11100172.963636363,556341.9454545454,88.8013837090909,4.450735563636363,vrf_leakage,real_spec_vrf_leakage_003
2026-07-17T23:43:14+00:00,station3,0.0,0.0,248.879,90.0,216.7272727272727,1306.581818181818,0.0017338181818181814,0.010452654545454545,vrf_leakage,real_spec_vrf_leakage_003
2026-07-17T23:43:29+00:00,station1,0.0,0.381,1.797,0.0,555100.9818181818,11051460.872727271,4.440807854545454,88.41168698181816,vrf_leakage,real_spec_vrf_leakage_003
2026-07-17T23:43:29+00:00,station2,0.0,0.247,1.561,0.0,11050272.454545455,556185.0909090909,88.40217963636364,4.449480727272728,vrf_leakage,real_spec_vrf_leakage_003
2026-07-17T23:43:29+00:00,station3,0.0,2894.536,4434.534,0.0,187.56363636363633,1097.2,0.0015005090909090907,0.0087776,vrf_leakage,real_spec_vrf_leakage_003
2026-07-17T23:43:44+00:00,station1,0.0,0.028,0.243,0.0,566467.6436896558,11300165.118097352,4.531741149517247,90.40132094477882,vrf_leakage,real_spec_vrf_leakage_003
2026-07-17T23:43:44+00:00,station2,0.0,0.031,0.202,0.0,11298063.218181817,567737.8545454546,90.38450574545453,4.5419028363636365,vrf_leakage,real_spec_vrf_leakage_003
2026-07-17T23:43:44+00:00,station3,0.0,0.009,0.25,0.0,244.1090909090909,1308.2363636363634,0.001952872727272727,0.010465890909090907,vrf_leakage,real_spec_vrf_leakage_003
2026-07-17T23:43:59+00:00,station1,0.0,0.029,0.259,0.0,342808.5272727273,6833101.290909091,2.742468218181818,54.664810327272725,vrf_leakage,real_spec_vrf_leakage_003
2026-07-17T23:43:59+00:00,station2,0.0,0.038,0.21,0.0,6831700.036363635,343886.0909090909,54.65360029090908,2.751088727272727,vrf_leakage,real_spec_vrf_leakage_003
2026-07-17T23:43:59+00:00,station3,0.0,0.028,0.305,0.0,204.74545454545452,1089.6727272727271,0.0016379636363636361,0.008717381818181817,vrf_leakage,real_spec_vrf_leakage_003
2026-07-17T23:44:14+00:00,station1,0.0,1.043,2.678,0.0,445941.5080274187,8877688.030691467,3.5675320642193493,71.02150424553174,vrf_leakage,real_spec_vrf_leakage_003
2026-07-17T23:44:14+00:00,station2,0.0,1.53,2.631,0.0,8875946.418181818,447239.94545454544,71.00757134545455,3.5779195636363634,vrf_leakage,real_spec_vrf_leakage_003
2026-07-17T23:44:14+00:00,station3,0.0,1214.161,2140.911,0.0,251.09090909090907,1311.490909090909,0.0020087272727272727,0.010491927272727273,vrf_leakage,real_spec_vrf_leakage_003
2026-07-17T23:44:29+00:00,station1,0.0,1.224,3.05,0.0,333922.12727272726,6641638.254545454,2.671377018181818,53.13310603636363,vrf_leakage,real_spec_vrf_leakage_003
2026-07-17T23:44:29+00:00,station2,0.0,1.289,2.794,0.0,6640718.236363635,335027.0545454545,53.12574589090908,2.680216436363636,vrf_leakage,real_spec_vrf_leakage_003
2026-07-17T23:44:29+00:00,station3,0.0,819.624,2897.842,25.0,197.3090909090909,1086.8545454545454,0.0015784727272727273,0.008694836363636363,vrf_leakage,real_spec_vrf_leakage_003
2026-07-17T23:44:44+00:00,station1,0.0,0.534,2.012,0.0,551535.8545454545,10980861.018181818,4.412286836363636,87.84688814545454,vrf_leakage,real_spec_vrf_leakage_003
2026-07-17T23:44:44+00:00,station2,0.0,0.369,2.346,0.0,10979655.218181817,552853.6909090909,87.83724174545453,4.422829527272727,vrf_leakage,real_spec_vrf_leakage_003
2026-07-17T23:44:44+00:00,station3,0.0,1441.968,2965.947,0.0,232.79999999999998,1312.0181818181816,0.0018624,0.010496145454545452,vrf_leakage,real_spec_vrf_leakage_003
2026-07-17T23:44:59+00:00,station1,0.0,0.148,1.512,0.0,560036.0733831525,11168896.798123602,4.48028858706522,89.35117438498881,vrf_leakage,real_spec_vrf_leakage_003
2026-07-17T23:44:59+00:00,station2,0.0,0.031,2.091,0.0,11167370.872727271,561119.909090909,89.33896698181817,4.488959272727271,vrf_leakage,real_spec_vrf_leakage_003
2026-07-17T23:44:59+00:00,station3,0.0,1446.476,2953.36,0.0,193.47272727272727,1094.3636363636363,0.0015477818181818181,0.00875490909090909,vrf_leakage,real_spec_vrf_leakage_003
2026-07-17T23:45:14+00:00,station1,0.0,0.054,0.247,0.0,458205.4545454545,9134288.872727273,3.6656436363636358,73.07431098181819,vrf_leakage,real_spec_vrf_leakage_003
2026-07-17T23:45:14+00:00,station2,0.0,0.047,0.201,0.0,9132797.8,459602.61818181816,73.0623824,3.6768209454545455,vrf_leakage,real_spec_vrf_leakage_003
2026-07-17T23:45:14+00:00,station3,0.0,0.006,0.311,0.0,246.07272727272726,1307.5636363636363,0.001968581818181818,0.01046050909090909,vrf_leakage,real_spec_vrf_leakage_003
2026-07-17T23:45:29+00:00,station1,0.0,0.187,0.96,0.0,295955.0181818182,6562472.636363636,2.3676401454545455,52.49978109090909,vrf_leakage,real_spec_vrf_leakage_003
2026-07-17T23:45:29+00:00,station2,0.0,0.12,0.778,0.0,6560767.5636363635,296906.6,52.48614050909091,2.3752527999999997,vrf_leakage,real_spec_vrf_leakage_003
2026-07-17T23:45:29+00:00,station3,0.0,0.08,0.756,0.0,204.0,1088.1818181818182,0.001632,0.008705454545454546,vrf_leakage,real_spec_vrf_leakage_003
2026-07-17T23:45:44+00:00,station1,0.0,0.333,0.927,0.0,316267.80357435055,8799233.405450612,2.530142428594804,70.3938672436049,vrf_leakage,real_spec_vrf_leakage_003
2026-07-17T23:45:44+00:00,station2,0.0,0.784,1.321,0.0,8797860.254545454,317455.8909090909,70.38288203636363,2.539647127272727,vrf_leakage,real_spec_vrf_leakage_003
2026-07-17T23:45:44+00:00,station3,0.0,0.054,0.7,0.0,238.09090909090907,1302.109090909091,0.0019047272727272726,0.010416872727272729,vrf_leakage,real_spec_vrf_leakage_003
2026-07-17T23:45:59+00:00,station1,0.0,0.862,1.333,0.0,260745.21818181817,8602932.309090909,2.0859617454545454,68.82345847272727,vrf_leakage,real_spec_vrf_leakage_003
2026-07-17T23:45:59+00:00,station2,0.0,0.639,1.189,0.0,8601755.545454545,261711.45454545453,68.81404436363636,2.093691636363636,vrf_leakage,real_spec_vrf_leakage_003
2026-07-17T23:45:59+00:00,station3,0.0,0.055,0.709,0.0,193.45454545454544,1088.090909090909,0.0015476363636363634,0.008704727272727272,vrf_leakage,real_spec_vrf_leakage_003
2026-07-17T23:46:14+00:00,station1,0.0,0.178,0.934,0.0,393044.94545454544,13073969.854545454,3.1443595636363635,104.59175883636362,vrf_leakage,real_spec_vrf_leakage_003
2026-07-17T23:46:14+00:00,station2,0.0,0.532,1.208,0.0,13072283.272727272,394133.41818181815,104.57826618181818,3.153067345454545,vrf_leakage,real_spec_vrf_leakage_003
2026-07-17T23:46:14+00:00,station3,0.0,0.093,0.8,0.0,232.59999999999997,1307.6727272727271,0.0018607999999999997,0.010461381818181816,vrf_leakage,real_spec_vrf_leakage_003
2026-07-17T23:46:29+00:00,station1,0.0,0.147,0.842,0.0,275437.69090909086,10848305.709090909,2.203501527272727,86.78644567272727,vrf_leakage,real_spec_vrf_leakage_003
2026-07-17T23:46:29+00:00,station2,0.0,0.206,0.842,0.0,10847360.363636363,276602.99999999994,86.77888290909091,2.2128239999999995,vrf_leakage,real_spec_vrf_leakage_003
2026-07-17T23:46:29+00:00,station3,0.0,0.053,0.689,0.0,208.34545454545454,1098.8545454545454,0.0016667636363636364,0.008790836363636362,vrf_leakage,real_spec_vrf_leakage_003
2026-07-17T23:46:44+00:00,station1,0.0,0.104,1.709,0.0,409586.07712306606,12596398.360089451,3.2766886169845284,100.7711868807156,vrf_leakage,real_spec_vrf_leakage_003
2026-07-17T23:46:44+00:00,station2,0.0,0.343,1.777,0.0,12595606.8,410900.8909090909,100.7648544,3.287207127272727,vrf_leakage,real_spec_vrf_leakage_003
2026-07-17T23:46:44+00:00,station3,0.0,827.452,1136.022,0.0,247.1272727272727,1317.290909090909,0.0019770181818181817,0.010538327272727273,vrf_leakage,real_spec_vrf_leakage_003
2026-07-17T23:46:59+00:00,station1,0.0,0.362,1.888,0.0,389072.00130911474,10359516.736667939,3.112576010472918,82.8761338933435,vrf_leakage,real_spec_vrf_leakage_003
2026-07-17T23:46:59+00:00,station2,0.0,0.379,1.701,0.0,10358138.127272727,390145.8909090909,82.86510501818182,3.121167127272727,vrf_leakage,real_spec_vrf_leakage_003
2026-07-17T23:46:59+00:00,station3,0.0,1351.952,2635.341,0.0,204.16363636363633,1098.6,0.0016333090909090907,0.0087888,vrf_leakage,real_spec_vrf_leakage_003
2026-07-17T23:47:14+00:00,station1,0.0,0.294,1.583,0.0,547128.9272727272,12591285.38181818,4.377031418181818,100.73028305454545,vrf_leakage,real_spec_vrf_leakage_003
2026-07-17T23:47:14+00:00,station2,0.0,0.17,1.808,0.0,12589701.163636362,548420.3090909091,100.7176093090909,4.387362472727273,vrf_leakage,real_spec_vrf_leakage_003
2026-07-17T23:47:14+00:00,station3,0.0,0.0,823.967,90.0,250.07272727272726,1317.8545454545454,0.0020005818181818183,0.010542836363636362,vrf_leakage,real_spec_vrf_leakage_003
2026-07-17T23:47:29+00:00,station1,0.0,0.435,1.707,0.0,560324.8177173301,11170237.394766986,4.482598541738641,89.36189915813588,vrf_leakage,real_spec_vrf_leakage_003
2026-07-17T23:47:29+00:00,station2,0.0,0.448,1.815,0.0,11168820.781818181,561397.7272727272,89.35056625454546,4.4911818181818175,vrf_leakage,real_spec_vrf_leakage_003
2026-07-17T23:47:29+00:00,station3,0.0,1190.535,2471.03,20.0,205.38181818181818,1094.0727272727272,0.0016430545454545454,0.008752581818181818,vrf_leakage,real_spec_vrf_leakage_003
2026-07-17T23:47:44+00:00,station1,0.0,0.033,0.275,0.0,472863.8363636363,9426771.38181818,3.7829106909090906,75.41417105454545,vrf_leakage,real_spec_vrf_leakage_003
2026-07-17T23:47:44+00:00,station2,0.0,0.018,0.223,0.0,9425254.927272728,474247.69090909086,75.40203941818181,3.793981527272727,vrf_leakage,real_spec_vrf_leakage_003
2026-07-17T23:47:44+00:00,station3,0.0,0.035,0.282,0.0,247.9272727272727,1311.2181818181816,0.001983418181818182,0.010489745454545453,vrf_leakage,real_spec_vrf_leakage_003
2026-07-17T23:47:59+00:00,station1,0.0,0.109,0.727,0.0,333645.87272727274,6642223.0,2.669166981818182,53.137784,vrf_leakage,real_spec_vrf_leakage_003
2026-07-17T23:47:59+00:00,station2,0.0,0.183,0.93,0.0,6640413.963636364,334704.63636363635,53.12331170909091,2.6776370909090907,vrf_leakage,real_spec_vrf_leakage_003
2026-07-17T23:47:59+00:00,station3,0.0,0.099,0.721,0.0,209.7272727272727,1091.5454545454545,0.0016778181818181816,0.008732363636363635,vrf_leakage,real_spec_vrf_leakage_003
2026-07-17T23:48:14+00:00,station1,0.0,0.72,1.263,0.0,444960.7818181818,8876853.6,3.5596862545454546,71.0148288,vrf_leakage,real_spec_vrf_leakage_003
2026-07-17T23:48:14+00:00,station2,0.0,0.777,1.394,0.0,8875072.854545454,446257.61818181816,71.00058283636363,3.570060945454545,vrf_leakage,real_spec_vrf_leakage_003
2026-07-17T23:48:14+00:00,station3,0.0,0.287,0.933,0.0,242.54545454545453,1308.4,0.0019403636363636363,0.010467200000000001,vrf_leakage,real_spec_vrf_leakage_003
2026-07-17T23:48:29+00:00,station1,0.0,0.103,0.903,0.0,420183.3272727272,8385874.399999999,3.361466618181818,67.08699519999999,vrf_leakage,real_spec_vrf_leakage_003
2026-07-17T23:48:29+00:00,station2,0.0,0.313,1.137,0.0,8384435.109090908,421270.63636363635,67.07548087272727,3.370165090909091,vrf_leakage,real_spec_vrf_leakage_003
2026-07-17T23:48:29+00:00,station3,0.0,0.196,0.812,0.0,197.38181818181818,1089.8363636363636,0.0015790545454545453,0.008718690909090908,vrf_leakage,real_spec_vrf_leakage_003
2026-07-17T23:48:44+00:00,station1,0.0,0.117,0.922,0.0,643501.0635783504,12853954.475210445,5.148008508626803,102.83163580168356,vrf_leakage,real_spec_vrf_leakage_003
2026-07-17T23:48:44+00:00,station2,0.0,0.093,0.921,0.0,12852857.618181817,644755.6727272726,102.82286094545454,5.158045381818181,vrf_leakage,real_spec_vrf_leakage_003
2026-07-17T23:48:44+00:00,station3,0.0,0.124,0.838,0.0,232.43636363636364,1305.4727272727273,0.0018594909090909092,0.010443781818181818,vrf_leakage,real_spec_vrf_leakage_003
2026-07-17T23:48:59+00:00,station1,0.0,0.069,0.232,0.0,474631.89760186174,9491786.67660588,3.797055180814894,75.93429341284704,vrf_leakage,real_spec_vrf_leakage_003
2026-07-17T23:48:59+00:00,station2,0.0,0.02,0.222,0.0,9491063.672727274,475811.5818181818,75.92850938181819,3.8064926545454543,vrf_leakage,real_spec_vrf_leakage_003
2026-07-17T23:48:59+00:00,station3,0.0,0.012,0.33,0.0,196.67272727272726,1086.7272727272727,0.001573381818181818,0.008693818181818183,vrf_leakage,real_spec_vrf_leakage_003
2026-07-17T23:49:14+00:00,station1,0.0,1.272,1.762,0.0,555038.0909090909,11106916.09090909,4.440304727272728,88.85532872727272,vrf_leakage,real_spec_vrf_leakage_003
2026-07-17T23:49:14+00:00,station2,0.0,1.351,1.715,0.0,11105833.363636363,556340.3454545455,88.8466669090909,4.450722763636364,vrf_leakage,real_spec_vrf_leakage_003
2026-07-17T23:49:14+00:00,station3,0.0,0.24,0.9,0.0,240.94545454545454,1307.2181818181816,0.0019275636363636362,0.010457745454545453,vrf_leakage,real_spec_vrf_leakage_003
2026-07-17T23:49:29+00:00,station1,0.0,0.206,0.892,0.0,442693.18181818177,8873772.2,3.5415454545454543,70.9901776,vrf_leakage,real_spec_vrf_leakage_003
2026-07-17T23:49:29+00:00,station2,0.0,0.093,0.818,0.0,8872357.727272727,443766.2545454545,70.97886181818181,3.5501300363636363,vrf_leakage,real_spec_vrf_leakage_003
2026-07-17T23:49:29+00:00,station3,0.0,0.13,0.737,0.0,201.6,1089.8363636363636,0.0016128,0.008718690909090908,vrf_leakage,real_spec_vrf_leakage_003
2026-07-17T23:49:44+00:00,station1,0.0,0.26,0.894,0.0,552428.6363636364,11103844.781818181,4.419429090909091,88.83075825454544,vrf_leakage,real_spec_vrf_leakage_003
2026-07-17T23:49:44+00:00,station2,0.0,0.589,1.146,0.0,11102817.363636363,553740.3636363636,88.82253890909091,4.42992290909091,vrf_leakage,real_spec_vrf_leakage_003
2026-07-17T23:49:44+00:00,station3,0.0,0.067,0.655,0.0,238.69090909090906,1304.290909090909,0.0019095272727272725,0.010434327272727273,vrf_leakage,real_spec_vrf_leakage_003
2026-07-17T23:49:59+00:00,station1,0.0,0.837,1.333,0.0,554008.1636363636,11166662.727272727,4.432065309090909,89.33330181818181,vrf_leakage,real_spec_vrf_leakage_003
2026-07-17T23:49:59+00:00,station2,0.0,1.29,1.646,0.0,11165697.890909089,555099.6909090909,89.32558312727271,4.440797527272728,vrf_leakage,real_spec_vrf_leakage_003
2026-07-17T23:49:59+00:00,station3,0.0,0.102,0.721,0.0,194.56363636363633,1084.4545454545453,0.0015565090909090908,0.008675636363636363,vrf_leakage,real_spec_vrf_leakage_003
2026-07-17T23:50:14+00:00,station1,0.0,0.202,0.645,0.0,552255.8727272727,11099976.07272727,4.418046981818182,88.79980858181817,vrf_leakage,real_spec_vrf_leakage_003
2026-07-17T23:50:14+00:00,station2,0.0,0.201,0.872,0.0,11098483.98181818,553559.9999999999,88.78787185454544,4.428479999999999,vrf_leakage,real_spec_vrf_leakage_003
2026-07-17T23:50:14+00:00,station3,0.0,0.022,0.645,0.0,234.36363636363635,1305.6,0.0018749090909090907,0.010444799999999999,vrf_leakage,real_spec_vrf_leakage_003
2026-07-17T23:50:29+00:00,station1,0.0,0.042,0.895,0.0,442323.41872261517,8866793.611257568,3.5385873497809213,70.93434889006055,vrf_leakage,real_spec_vrf_leakage_003
2026-07-17T23:50:29+00:00,station2,0.0,0.392,1.042,0.0,8865525.072727272,443412.8545454545,70.92420058181818,3.547302836363636,vrf_leakage,real_spec_vrf_leakage_003
2026-07-17T23:50:29+00:00,station3,0.0,0.059,0.733,0.0,198.94545454545454,1090.6545454545453,0.0015915636363636363,0.008725236363636363,vrf_leakage,real_spec_vrf_leakage_003
2026-07-17T23:50:44+00:00,station1,0.0,0.331,0.962,0.0,555657.8789476554,11102121.67051508,4.445263031581243,88.81697336412064,vrf_leakage,real_spec_vrf_leakage_003
2026-07-17T23:50:44+00:00,station2,0.0,0.223,1.067,0.0,11100881.69090909,556987.5272727272,88.80705352727271,4.455900218181818,vrf_leakage,real_spec_vrf_leakage_003
2026-07-17T23:50:44+00:00,station3,0.0,0.196,0.881,0.0,235.56363636363633,1304.9818181818182,0.0018845090909090907,0.010439854545454546,vrf_leakage,real_spec_vrf_leakage_003
2026-07-17T23:50:59+00:00,station1,0.0,0.24,0.887,0.0,526018.2,10482089.254545454,4.2081456,83.85671403636363,vrf_leakage,real_spec_vrf_leakage_003
2026-07-17T23:50:59+00:00,station2,0.0,0.607,1.076,0.0,10480783.127272727,527026.3090909091,83.84626501818181,4.216210472727273,vrf_leakage,real_spec_vrf_leakage_003
2026-07-17T23:50:59+00:00,station3,0.0,0.292,0.893,0.0,194.56363636363633,1085.5454545454545,0.0015565090909090908,0.008684363636363636,vrf_leakage,real_spec_vrf_leakage_003
2026-07-17T23:51:14+00:00,station1,0.0,0.02,0.279,0.0,594397.1454545454,11863546.109090907,4.755177163636363,94.90836887272727,vrf_leakage,real_spec_vrf_leakage_003
2026-07-17T23:51:14+00:00,station2,0.0,0.019,0.215,0.0,11862059.181818182,595791.2181818181,94.89647345454546,4.766329745454545,vrf_leakage,real_spec_vrf_leakage_003
2026-07-17T23:51:14+00:00,station3,0.0,0.04,0.261,0.0,234.58181818181816,1303.909090909091,0.0018766545454545454,0.010431272727272728,vrf_leakage,real_spec_vrf_leakage_003
2026-07-17T23:51:29+00:00,station1,0.0,0.3,1.835,0.0,445352.63531080127,8869670.199807283,3.56282108248641,70.95736159845826,vrf_leakage,real_spec_vrf_leakage_003
2026-07-17T23:51:29+00:00,station2,0.0,0.101,1.825,0.0,8868694.89090909,446456.4727272727,70.94955912727272,3.571651781818182,vrf_leakage,real_spec_vrf_leakage_003
2026-07-17T23:51:29+00:00,station3,0.0,1482.035,3081.941,0.0,191.49090909090907,1090.6545454545453,0.0015319272727272726,0.008725236363636363,vrf_leakage,real_spec_vrf_leakage_003
2026-07-17T23:51:44+00:00,station1,0.0,0.448,2.477,0.0,557644.9454545454,11104795.436363636,4.461159563636364,88.83836349090909,vrf_leakage,real_spec_vrf_leakage_003
2026-07-17T23:51:44+00:00,station2,0.0,0.202,2.117,0.0,11102967.036363635,558923.5272727272,88.82373629090908,4.471388218181818,vrf_leakage,real_spec_vrf_leakage_003
2026-07-17T23:51:44+00:00,station3,0.0,2940.049,5391.525,0.0,232.79999999999998,1308.3090909090909,0.0018624,0.010466472727272727,vrf_leakage,real_spec_vrf_leakage_003
2026-07-17T23:51:59+00:00,station1,0.0,0.363,1.538,0.0,446094.72727272724,8870649.672727272,3.568757818181818,70.96519738181817,bgp_route_flap,real_spec_bgp_route_flap_003
2026-07-17T23:51:59+00:00,station2,0.0,0.615,2.118,0.0,8869696.545454545,447184.5818181818,70.95757236363636,3.577476654545454,bgp_route_flap,real_spec_bgp_route_flap_003
2026-07-17T23:51:59+00:00,station3,0.0,1448.668,2945.492,0.0,190.7090909090909,1087.9090909090908,0.0015256727272727271,0.008703272727272726,bgp_route_flap,real_spec_bgp_route_flap_003
2026-07-17T23:52:14+00:00,station1,0.0,0.863,2.382,0.0,635376.1522936781,12644202.80368734,5.083009218349425,101.15362242949871,bgp_route_flap,real_spec_bgp_route_flap_003
2026-07-17T23:52:14+00:00,station2,0.0,1.081,2.561,0.0,12642143.509090908,636476.0545454546,101.13714807272726,5.091808436363636,bgp_route_flap,real_spec_bgp_route_flap_003
2026-07-17T23:52:14+00:00,station3,0.0,1448.869,2946.622,0.0,234.39999999999998,1310.1454545454544,0.0018751999999999998,0.010481163636363635,bgp_route_flap,real_spec_bgp_route_flap_003
2026-07-17T23:52:29+00:00,station1,0.0,0.031,0.256,0.0,486725.3272727272,9702438.145454545,3.8938026181818177,77.61950516363636,bgp_route_flap,real_spec_bgp_route_flap_003
2026-07-17T23:52:29+00:00,station2,0.0,0.035,0.192,0.0,9700970.018181818,487708.309090909,77.60776014545453,3.901666472727272,bgp_route_flap,real_spec_bgp_route_flap_003
2026-07-17T23:52:29+00:00,station3,0.0,0.017,0.244,0.0,211.38181818181818,1095.2,0.0016910545454545455,0.0087616,bgp_route_flap,real_spec_bgp_route_flap_003
2026-07-17T23:52:44+00:00,station1,0.0,0.092,0.912,0.0,446365.5751713605,8879871.3114307,3.570924601370884,71.0389704914456,bgp_route_flap,real_spec_bgp_route_flap_003
2026-07-17T23:52:44+00:00,station2,0.0,0.186,0.874,0.0,8878451.727272727,447573.5818181818,71.02761381818182,3.5805886545454544,bgp_route_flap,real_spec_bgp_route_flap_003
2026-07-17T23:52:44+00:00,station3,0.0,0.296,2.13,0.0,243.4181818181818,1309.581818181818,0.0019473454545454545,0.010476654545454545,bgp_route_flap,real_spec_bgp_route_flap_003
2026-07-17T23:52:59+00:00,station1,0.0,0.989,1.724,0.0,333762.6,6646396.49090909,2.6701007999999997,53.171171927272724,bgp_route_flap,real_spec_bgp_route_flap_003
2026-07-17T23:52:59+00:00,station2,0.0,1.291,1.653,0.0,6645026.072727272,334838.6545454545,53.160208581818175,2.678709236363636,bgp_route_flap,real_spec_bgp_route_flap_003
2026-07-17T23:52:59+00:00,station3,0.0,0.165,2.911,0.0,199.76363636363632,1088.9636363636362,0.0015981090909090905,0.008711709090909089,bgp_route_flap,real_spec_bgp_route_flap_003
2026-07-17T23:53:14+00:00,station1,0.0,0.387,1.011,0.0,445337.67272727273,8881413.436363636,3.5627013818181816,71.05130749090908,bgp_route_flap,real_spec_bgp_route_flap_003
2026-07-17T23:53:14+00:00,station2,0.0,0.759,1.228,0.0,8879893.399999999,446645.61818181816,71.03914719999999,3.573164945454545,bgp_route_flap,real_spec_bgp_route_flap_003
2026-07-17T23:53:14+00:00,station3,0.0,0.077,2.137,0.0,237.5272727272727,1306.8,0.0019002181818181816,0.010454399999999999,bgp_route_flap,real_spec_bgp_route_flap_003
2026-07-17T23:53:29+00:00,station1,0.0,0.034,1.092,0.0,518469.3198552806,10347762.067523591,4.147754558842245,82.78209654018873,bgp_route_flap,real_spec_bgp_route_flap_003
2026-07-17T23:53:29+00:00,station2,0.0,0.067,1.063,0.0,10347088.636363635,519512.4545454545,82.77670909090908,4.156099636363636,bgp_route_flap,real_spec_bgp_route_flap_003
2026-07-17T23:53:29+00:00,station3,0.0,0.106,2.095,100.0,193.1272727272727,1092.7818181818182,0.0015450181818181816,0.008742254545454546,bgp_route_flap,real_spec_bgp_route_flap_003
2026-07-17T23:53:44+00:00,station1,0.0,0.025,0.239,0.0,600418.6,12001307.127272727,4.8033488,96.01045701818181,bgp_route_flap,real_spec_bgp_route_flap_003
2026-07-17T23:53:44+00:00,station2,0.0,0.038,0.198,0.0,11999854.927272728,601728.5272727272,95.99883941818182,4.8138282181818175,bgp_route_flap,real_spec_bgp_route_flap_003
2026-07-17T23:53:44+00:00,station3,0.0,0.009,0.254,0.0,236.65454545454543,1308.8181818181815,0.0018932363636363634,0.010470545454545453,bgp_route_flap,real_spec_bgp_route_flap_003
2026-07-17T23:53:59+00:00,station1,0.0,0.028,0.213,0.0,377285.41299249104,7534378.5203905385,3.018283303939928,60.27502816312431,bgp_route_flap,real_spec_bgp_route_flap_003
2026-07-17T23:53:59+00:00,station2,0.0,0.015,0.337,0.0,7533352.763636364,378440.5636363636,60.26682210909091,3.0275245090909086,bgp_route_flap,real_spec_bgp_route_flap_003
2026-07-17T23:53:59+00:00,station3,0.0,0.019,0.239,0.0,198.85454545454544,1090.9999999999998,0.0015908363636363636,0.008727999999999998,bgp_route_flap,real_spec_bgp_route_flap_003
2026-07-17T23:54:14+00:00,station1,0.0,1.136,2.497,0.0,445261.7502136402,8876649.029982364,3.562094001709122,71.01319223985891,bgp_route_flap,real_spec_bgp_route_flap_003
2026-07-17T23:54:14+00:00,station2,0.0,1.123,2.82,0.0,8874923.145454545,446544.7454545454,70.99938516363636,3.5723579636363634,bgp_route_flap,real_spec_bgp_route_flap_003
2026-07-17T23:54:14+00:00,station3,0.0,1219.109,2131.921,0.0,236.2181818181818,1311.6363636363635,0.0018897454545454544,0.010493090909090909,bgp_route_flap,real_spec_bgp_route_flap_003
2026-07-17T23:54:29+00:00,station1,0.0,0.44,1.883,0.0,333816.8545454545,6642599.145454545,2.670534836363636,53.14079316363636,bgp_route_flap,real_spec_bgp_route_flap_003
2026-07-17T23:54:29+00:00,station2,0.0,0.293,2.08,0.0,6641445.981818181,334909.4727272727,53.13156785454545,2.679275781818182,bgp_route_flap,real_spec_bgp_route_flap_003
2026-07-17T23:54:29+00:00,station3,0.0,1212.318,2145.382,0.0,198.5090909090909,1092.909090909091,0.0015880727272727271,0.008743272727272728,bgp_route_flap,real_spec_bgp_route_flap_003
2026-07-17T23:54:44+00:00,station1,0.0,0.446,1.825,0.0,516317.8909090909,10279533.072727272,4.130543127272727,82.23626458181818,bgp_route_flap,real_spec_bgp_route_flap_003
2026-07-17T23:54:44+00:00,station2,0.0,0.333,2.02,0.0,10278078.745454544,517625.69090909086,82.22462996363636,4.141005527272727,bgp_route_flap,real_spec_bgp_route_flap_003
2026-07-17T23:54:44+00:00,station3,0.0,504.669,4490.999,80.0,223.83636363636364,1310.7818181818182,0.001790690909090909,0.010486254545454545,bgp_route_flap,real_spec_bgp_route_flap_003
2026-07-17T23:54:59+00:00,station1,0.0,0.637,1.927,0.0,559952.6363636364,11169678.145454545,4.479621090909091,89.35742516363635,bgp_route_flap,real_spec_bgp_route_flap_003
2026-07-17T23:54:59+00:00,station2,0.0,0.247,2.357,0.0,11168222.98181818,561031.6909090909,89.34578385454545,4.488253527272727,bgp_route_flap,real_spec_bgp_route_flap_003
2026-07-17T23:54:59+00:00,station3,0.0,504.669,4490.999,80.0,195.76363636363632,1094.0363636363634,0.0015661090909090906,0.008752290909090908,bgp_route_flap,real_spec_bgp_route_flap_003
2026-07-17T23:55:14+00:00,station1,0.0,0.019,0.223,0.0,493544.026472246,9837918.78329485,3.948352211777968,78.7033502663588,bgp_route_flap,real_spec_bgp_route_flap_003
2026-07-17T23:55:14+00:00,station2,0.0,0.01,0.297,0.0,9836838.454545455,494915.69090909086,78.69470763636365,3.959325527272727,bgp_route_flap,real_spec_bgp_route_flap_003
2026-07-17T23:55:14+00:00,station3,0.0,0.028,0.208,0.0,248.0363636363636,1311.381818181818,0.001984290909090909,0.010491054545454544,bgp_route_flap,real_spec_bgp_route_flap_003
2026-07-17T23:55:29+00:00,station1,0.0,0.267,1.932,0.0,334467.90909090906,6646959.618181818,2.6757432727272725,53.17567694545455,bgp_route_flap,real_spec_bgp_route_flap_003
2026-07-17T23:55:29+00:00,station2,0.0,0.288,1.788,0.0,6645560.8545454545,335530.7636363636,53.164486836363636,2.684246109090909,bgp_route_flap,real_spec_bgp_route_flap_003
2026-07-17T23:55:29+00:00,station3,0.0,1731.479,3269.538,0.0,203.96363636363634,1101.3454545454545,0.0016317090909090907,0.008810763636363636,bgp_route_flap,real_spec_bgp_route_flap_003
2026-07-17T23:55:44+00:00,station1,0.0,0.409,1.61,0.0,446366.61818181816,8881203.763636362,3.5709329454545453,71.0496301090909,bgp_route_flap,real_spec_bgp_route_flap_003
2026-07-17T23:55:44+00:00,station2,0.0,0.42,1.515,0.0,8879394.709090909,447554.1272727272,71.03515767272727,3.5804330181818176,bgp_route_flap,real_spec_bgp_route_flap_003
2026-07-17T23:55:44+00:00,station3,0.0,1056.766,2589.075,0.0,245.89090909090908,1314.3454545454545,0.0019671272727272726,0.010514763636363635,bgp_route_flap,real_spec_bgp_route_flap_003
2026-07-17T23:55:59+00:00,station1,0.0,0.49,1.816,0.0,401306.5272727272,7980106.963636363,3.2104522181818176,63.8408557090909,bgp_route_flap,real_spec_bgp_route_flap_003
2026-07-17T23:55:59+00:00,station2,0.0,0.467,1.895,0.0,7978698.327272727,402278.0181818182,63.829586618181814,3.2182241454545455,bgp_route_flap,real_spec_bgp_route_flap_003
2026-07-17T23:55:59+00:00,station3,0.0,1100.468,3563.688,33.33333333333333,192.63636363636363,1096.1818181818182,0.001541090909090909,0.008769454545454546,bgp_route_flap,real_spec_bgp_route_flap_003
2026-07-17T23:56:14+00:00,station1,0.0,0.214,1.884,0.0,625283.0596919943,12449218.313060237,5.002264477535955,99.5937465044819,bgp_route_flap,real_spec_bgp_route_flap_003
2026-07-17T23:56:14+00:00,station2,0.0,0.683,1.693,0.0,12447196.2,626417.4727272727,99.57756959999999,5.011339781818181,bgp_route_flap,real_spec_bgp_route_flap_003
2026-07-17T23:56:14+00:00,station3,0.0,2413.123,3550.884,0.0,232.98181818181817,1316.509090909091,0.0018638545454545453,0.010532072727272726,bgp_route_flap,real_spec_bgp_route_flap_003
2026-07-17T23:56:29+00:00,station1,0.0,0.02,0.291,0.0,496421.37701579917,9899903.53253459,3.9713710161263935,79.19922826027673,bgp_route_flap,real_spec_bgp_route_flap_003
2026-07-17T23:56:29+00:00,station2,0.0,0.023,0.208,0.0,9899312.818181816,497583.10909090907,79.19450254545453,3.9806648727272727,bgp_route_flap,real_spec_bgp_route_flap_003
2026-07-17T23:56:29+00:00,station3,0.0,0.021,0.306,0.0,215.96363636363634,1102.8363636363636,0.0017277090909090908,0.008822690909090908,bgp_route_flap,real_spec_bgp_route_flap_003
2026-07-17T23:56:44+00:00,station1,0.0,0.1,0.8,0.0,557428.2727272727,11100414.98181818,4.4594261818181815,88.80331985454545,bgp_route_flap,real_spec_bgp_route_flap_003
2026-07-17T23:56:44+00:00,station2,0.0,0.096,0.85,0.0,11098982.054545455,558723.6727272726,88.79185643636363,4.469789381818181,bgp_route_flap,real_spec_bgp_route_flap_003
2026-07-17T23:56:44+00:00,station3,0.0,0.01,0.647,0.0,258.27272727272725,1316.581818181818,0.002066181818181818,0.010532654545454545,bgp_route_flap,real_spec_bgp_route_flap_003
2026-07-17T23:56:59+00:00,station1,0.0,0.062,0.815,0.0,445332.8909090909,8866288.945454545,3.562663127272727,70.93031156363637,bgp_route_flap,real_spec_bgp_route_flap_003
2026-07-17T23:56:59+00:00,station2,0.0,0.033,0.796,0.0,8865013.38181818,446405.5636363636,70.92010705454545,3.5712445090909086,bgp_route_flap,real_spec_bgp_route_flap_003
2026-07-17T23:56:59+00:00,station3,0.0,0.114,0.852,0.0,212.34545454545454,1095.1272727272726,0.0016987636363636363,0.008761018181818181,bgp_route_flap,real_spec_bgp_route_flap_003
2026-07-17T23:57:14+00:00,station1,0.0,0.054,0.768,0.0,556870.9636363636,11100712.218181817,4.454967709090909,88.80569774545454,bgp_route_flap,real_spec_bgp_route_flap_003
2026-07-17T23:57:14+00:00,station2,0.0,0.18,0.885,0.0,11099442.418181816,558172.7636363636,88.79553934545453,4.465382109090909,bgp_route_flap,real_spec_bgp_route_flap_003
2026-07-17T23:57:14+00:00,station3,0.0,0.043,0.704,0.0,249.5272727272727,1309.0545454545454,0.0019962181818181817,0.010472436363636364,bgp_route_flap,real_spec_bgp_route_flap_003
2026-07-17T23:57:29+00:00,station1,0.0,0.005,0.711,0.0,559576.7818181817,11172973.67272727,4.476614254545454,89.38378938181816,bgp_route_flap,real_spec_bgp_route_flap_003
2026-07-17T23:57:29+00:00,station2,0.0,0.148,0.95,0.0,11172143.363636363,560685.5454545454,89.37714690909091,4.485484363636363,bgp_route_flap,real_spec_bgp_route_flap_003
2026-07-17T23:57:29+00:00,station3,0.0,0.107,0.729,0.0,197.2,1090.9818181818182,0.0015776,0.008727854545454546,bgp_route_flap,real_spec_bgp_route_flap_003
2026-07-17T23:57:44+00:00,station1,0.0,0.181,0.978,0.0,556748.9999999999,11106656.836363636,4.4539919999999995,88.85325469090908,bgp_route_flap,real_spec_bgp_route_flap_003
2026-07-17T23:57:44+00:00,station2,0.0,0.145,0.837,0.0,11105036.018181818,558051.3454545455,88.84028814545454,4.464410763636364,bgp_route_flap,real_spec_bgp_route_flap_003
2026-07-17T23:57:44+00:00,station3,0.0,0.16,0.871,0.0,242.58181818181816,1309.709090909091,0.0019406545454545452,0.010477672727272727,bgp_route_flap,real_spec_bgp_route_flap_003
2026-07-17T23:57:59+00:00,station1,0.0,0.201,0.863,0.0,443900.70909090905,8870375.745454544,3.5512056727272725,70.96300596363635,bgp_route_flap,real_spec_bgp_route_flap_003
2026-07-17T23:57:59+00:00,station2,0.0,0.479,1.242,0.0,8869243.09090909,444980.309090909,70.95394472727271,3.559842472727272,bgp_route_flap,real_spec_bgp_route_flap_003
2026-07-17T23:57:59+00:00,station3,0.0,0.079,0.684,0.0,202.1272727272727,1090.7272727272727,0.0016170181818181816,0.008725818181818182,bgp_route_flap,real_spec_bgp_route_flap_003
2026-07-17T23:58:14+00:00,station1,0.0,1.159,1.599,0.0,553883.002127234,11101226.46860966,4.431064017017872,88.80981174887728,bgp_route_flap,real_spec_bgp_route_flap_003
2026-07-17T23:58:14+00:00,station2,0.0,1.116,1.81,0.0,11100116.418181816,555206.6909090909,88.80093134545453,4.441653527272727,bgp_route_flap,real_spec_bgp_route_flap_003
2026-07-17T23:58:14+00:00,station3,0.0,0.352,0.761,0.0,245.3090909090909,1310.1272727272726,0.001962472727272727,0.01048101818181818,bgp_route_flap,real_spec_bgp_route_flap_003
2026-07-17T23:58:29+00:00,station1,0.0,0.094,0.923,0.0,500636.8181818182,10060559.854545454,4.005094545454545,80.48447883636364,bgp_route_flap,real_spec_bgp_route_flap_003
2026-07-17T23:58:29+00:00,station2,0.0,0.155,0.926,0.0,10059044.2,501678.7818181818,80.47235359999999,4.0134302545454545,bgp_route_flap,real_spec_bgp_route_flap_003
2026-07-17T23:58:29+00:00,station3,0.0,0.189,0.822,0.0,202.9090909090909,1090.381818181818,0.0016232727272727273,0.008723054545454545,bgp_route_flap,real_spec_bgp_route_flap_003
2026-07-17T23:58:44+00:00,station1,0.0,0.034,0.244,0.0,609598.3818181817,12271338.0,4.876787054545454,98.170704,bgp_route_flap,real_spec_bgp_route_flap_003
2026-07-17T23:58:44+00:00,station2,0.0,0.026,0.234,0.0,12270062.854545454,610909.2909090909,98.16050283636363,4.887274327272727,bgp_route_flap,real_spec_bgp_route_flap_003
2026-07-17T23:58:44+00:00,station3,0.0,0.026,0.307,0.0,236.1090909090909,1303.9636363636362,0.001888872727272727,0.01043170909090909,bgp_route_flap,real_spec_bgp_route_flap_003
2026-07-17T23:58:59+00:00,station1,0.0,0.701,1.251,0.0,437617.85188283,8788162.099750895,3.50094281506264,70.30529679800716,bgp_route_flap,real_spec_bgp_route_flap_003
2026-07-17T23:58:59+00:00,station2,0.0,0.704,1.237,0.0,8784642.218181817,438671.3272727272,70.27713774545454,3.509370618181818,bgp_route_flap,real_spec_bgp_route_flap_003
2026-07-17T23:58:59+00:00,station3,0.0,1415.099,1953.82,0.0,191.47272727272727,1088.1272727272726,0.0015317818181818182,0.00870501818181818,bgp_route_flap,real_spec_bgp_route_flap_003
2026-07-17T23:59:14+00:00,station1,0.0,0.25,1.98,0.0,550628.2613043399,11021275.049544552,4.405026090434719,88.17020039635642,bgp_route_flap,real_spec_bgp_route_flap_003
2026-07-17T23:59:14+00:00,station2,0.0,0.398,2.104,0.0,11019427.29090909,551887.6727272726,88.15541832727271,4.415101381818181,bgp_route_flap,real_spec_bgp_route_flap_003
2026-07-17T23:59:14+00:00,station3,0.0,1446.749,2954.407,0.0,224.83636363636364,1303.8727272727272,0.0017986909090909092,0.010430981818181818,bgp_route_flap,real_spec_bgp_route_flap_003
2026-07-17T23:59:29+00:00,station1,0.0,0.362,2.114,0.0,440786.70909090905,8787761.127272727,3.5262936727272725,70.30208901818182,bgp_route_flap,real_spec_bgp_route_flap_003
2026-07-17T23:59:29+00:00,station2,0.0,0.423,2.006,0.0,8785733.072727272,441796.1272727272,70.28586458181817,3.5343690181818177,bgp_route_flap,real_spec_bgp_route_flap_003
2026-07-17T23:59:29+00:00,station3,0.0,1215.114,2132.043,0.0,197.96363636363634,1094.4727272727273,0.0015837090909090908,0.008755781818181818,bgp_route_flap,real_spec_bgp_route_flap_003
2026-07-17T23:59:44+00:00,station1,0.0,0.107,2.095,0.0,609739.9320012364,12150945.546444608,4.877919456009891,97.20756437155687,bgp_route_flap,real_spec_bgp_route_flap_003
2026-07-17T23:59:44+00:00,station2,0.0,0.43,1.599,0.0,12149506.054545455,611008.3818181817,97.19604843636364,4.888067054545454,bgp_route_flap,real_spec_bgp_route_flap_003
2026-07-17T23:59:44+00:00,station3,0.0,1094.886,2651.827,0.0,231.6181818181818,1308.8363636363636,0.0018529454545454544,0.010470690909090908,bgp_route_flap,real_spec_bgp_route_flap_003
2026-07-17T23:59:59+00:00,station1,0.0,0.764,0.753,0.0,511302.2545454545,10200385.2,4.090418036363636,81.6030816,bgp_route_flap,real_spec_bgp_route_flap_003
2026-07-17T23:59:59+00:00,station2,0.0,0.844,0.828,0.0,10199183.709090909,512320.50909090904,81.59346967272727,4.098564072727272,bgp_route_flap,real_spec_bgp_route_flap_003
2026-07-17T23:59:59+00:00,station3,0.0,0.0,827.696,90.0,222.27272727272728,1096.9454545454544,0.0017781818181818183,0.008775563636363636,bgp_route_flap,real_spec_bgp_route_flap_003
2026-07-18T00:00:14+00:00,station1,0.0,0.93,1.674,0.0,445825.9636363636,8876558.89090909,3.566607709090909,71.01247112727272,bgp_route_flap,real_spec_bgp_route_flap_003
2026-07-18T00:00:14+00:00,station2,0.0,0.949,1.589,0.0,8875550.927272728,447120.70909090905,71.00440741818183,3.5769656727272725,bgp_route_flap,real_spec_bgp_route_flap_003
2026-07-18T00:00:14+00:00,station3,0.0,508.684,410.084,0.0,260.07272727272726,1314.0727272727272,0.002080581818181818,0.010512581818181817,bgp_route_flap,real_spec_bgp_route_flap_003
2026-07-18T00:00:29+00:00,station1,0.0,0.225,1.913,0.0,333530.9432041306,6642411.006472257,2.668247545633045,53.13928805177805,bgp_route_flap,real_spec_bgp_route_flap_003
2026-07-18T00:00:29+00:00,station2,0.0,0.471,2.04,0.0,6640679.363636363,334630.5818181818,53.125434909090906,2.6770446545454543,bgp_route_flap,real_spec_bgp_route_flap_003
2026-07-18T00:00:29+00:00,station3,0.0,506.795,428.69,0.0,216.58181818181816,1095.4545454545453,0.0017326545454545454,0.008763636363636362,bgp_route_flap,real_spec_bgp_route_flap_003
2026-07-18T00:00:44+00:00,station1,0.0,1.147,2.646,0.0,445175.8599374591,8876109.31932223,3.561406879499673,71.00887455457784,bgp_route_flap,real_spec_bgp_route_flap_003
2026-07-18T00:00:44+00:00,station2,0.0,1.167,2.663,0.0,8875594.49090909,446521.4727272727,71.00475592727273,3.5721717818181817,bgp_route_flap,real_spec_bgp_route_flap_003
2026-07-18T00:00:44+00:00,station3,0.0,0.0,196.183,90.0,254.0181818181818,1312.6,0.0020321454545454546,0.0105008,bgp_route_flap,real_spec_bgp_route_flap_003
2026-07-18T00:00:59+00:00,station1,0.0,0.138,1.957,0.0,493669.9514554281,9847379.229468554,3.9493596116434246,78.77903383574844,bgp_route_flap,real_spec_bgp_route_flap_003
2026-07-18T00:00:59+00:00,station2,0.0,0.5,2.435,0.0,9846336.581818182,494779.3818181818,78.77069265454546,3.958235054545454,bgp_route_flap,real_spec_bgp_route_flap_003
2026-07-18T00:00:59+00:00,station3,0.0,0.0,826.63,90.0,180.9272727272727,1086.4181818181817,0.0014474181818181816,0.008691345454545453,bgp_route_flap,real_spec_bgp_route_flap_003
2026-07-18T00:01:14+00:00,station1,0.0,1.576,1.295,0.0,625927.7272727272,12507157.418181816,5.007421818181817,100.05725934545453,bgp_route_flap,real_spec_bgp_route_flap_003
2026-07-18T00:01:14+00:00,station2,0.0,2.072,1.639,0.0,12505355.38181818,627223.0545454546,100.04284305454544,5.017784436363637,bgp_route_flap,real_spec_bgp_route_flap_003
2026-07-18T00:01:14+00:00,station3,0.0,1413.777,1973.971,0.0,255.89090909090908,1324.5454545454545,0.0020471272727272728,0.010596363636363636,bgp_route_flap,real_spec_bgp_route_flap_003
2026-07-18T00:01:29+00:00,station1,0.0,0.043,0.242,0.0,402551.9191258023,8038861.197476318,3.2204153530064183,64.31088957981055,bgp_route_flap,real_spec_bgp_route_flap_003
2026-07-18T00:01:29+00:00,station2,0.0,0.024,0.194,0.0,8037424.581818181,403610.87272727274,64.29939665454545,3.228886981818182,bgp_route_flap,real_spec_bgp_route_flap_003
2026-07-18T00:01:29+00:00,station3,0.0,0.015,0.282,0.0,223.5272727272727,1102.9636363636362,0.0017882181818181817,0.00882370909090909,bgp_route_flap,real_spec_bgp_route_flap_003
2026-07-18T00:01:44+00:00,station1,0.0,0.238,1.907,0.0,438974.4909090909,8877981.690909091,3.5117959272727273,71.02385352727273,bgp_route_flap,real_spec_bgp_route_flap_003
2026-07-18T00:01:44+00:00,station2,0.0,0.382,2.431,0.0,8876177.2,440247.61818181816,71.00941759999999,3.5219809454545454,bgp_route_flap,real_spec_bgp_route_flap_003
2026-07-18T00:01:44+00:00,station3,0.0,1145.323,1157.286,100.0,242.34545454545454,1320.0363636363634,0.0019387636363636363,0.010560290909090907,bgp_route_flap,real_spec_bgp_route_flap_003
2026-07-18T00:01:59+00:00,station1,0.0,0.378,2.28,0.0,322446.26265932113,6643659.3756250115,2.579570101274569,53.14927500500009,bgp_route_flap,real_spec_bgp_route_flap_003
2026-07-18T00:01:59+00:00,station2,0.0,0.311,2.421,0.0,6642564.036363635,323520.2545454545,53.14051229090908,2.588162036363636,bgp_route_flap,real_spec_bgp_route_flap_003
2026-07-18T00:01:59+00:00,station3,0.0,0.0,0.203,90.0,185.18181818181816,1087.1636363636362,0.0014814545454545454,0.00869730909090909,bgp_route_flap,real_spec_bgp_route_flap_003
2026-07-18T00:02:14+00:00,station1,0.0,0.183,2.327,0.0,470401.0181818182,9777255.709090909,3.7632081454545454,78.21804567272727,bgp_route_flap,real_spec_bgp_route_flap_003
2026-07-18T00:02:14+00:00,station2,0.0,0.358,2.563,0.0,9775925.181818182,471701.3272727272,78.20740145454545,3.773610618181818,bgp_route_flap,real_spec_bgp_route_flap_003
2026-07-18T00:02:14+00:00,station3,0.0,0.0,0.203,100.0,228.2181818181818,1316.9818181818182,0.0018257454545454544,0.010535854545454545,bgp_route_flap,real_spec_bgp_route_flap_003
2026-07-18T00:02:29+00:00,station1,0.0,0.29,2.18,0.0,536463.7818181817,11173523.763636362,4.291710254545454,89.3881901090909,bgp_route_flap,real_spec_bgp_route_flap_003
2026-07-18T00:02:29+00:00,station2,0.0,0.528,2.358,0.0,11172140.272727272,537558.5636363636,89.37712218181817,4.3004685090909085,bgp_route_flap,real_spec_bgp_route_flap_003
2026-07-18T00:02:29+00:00,station3,0.0,0.0,0.203,100.0,183.09090909090907,1102.6545454545453,0.0014647272727272725,0.008821236363636362,bgp_route_flap,real_spec_bgp_route_flap_003
2026-07-18T00:02:44+00:00,station1,0.0,0.028,0.251,0.0,496711.0909090909,10345441.218181817,3.973688727272727,82.76352974545453,bgp_route_flap,real_spec_bgp_route_flap_003
2026-07-18T00:02:44+00:00,station2,0.0,0.034,0.194,0.0,10343884.2,497992.7818181818,82.7510736,3.9839422545454544,bgp_route_flap,real_spec_bgp_route_flap_003
2026-07-18T00:02:44+00:00,station3,0.0,0.026,0.266,0.0,279.29090909090905,1338.0,0.0022343272727272726,0.010704,bgp_route_flap,real_spec_bgp_route_flap_003
2026-07-18T00:02:59+00:00,station1,0.0,0.369,0.492,0.0,320336.61818181816,6621349.090909091,2.5626929454545455,52.97079272727272,bgp_route_flap,real_spec_bgp_route_flap_003
2026-07-18T00:02:59+00:00,station2,0.0,0.265,0.392,0.0,6619981.018181818,321300.8545454545,52.959848145454544,2.570406836363636,bgp_route_flap,real_spec_bgp_route_flap_003
2026-07-18T00:02:59+00:00,station3,0.0,0.274,0.493,0.0,222.27272727272728,1109.1272727272726,0.0017781818181818183,0.00887301818181818,bgp_route_flap,real_spec_bgp_route_flap_003
2026-07-18T00:03:14+00:00,station1,0.0,0.373,1.092,0.0,436442.99999999994,8854717.999999998,3.4915439999999993,70.83774399999999,bgp_route_flap,real_spec_bgp_route_flap_003
2026-07-18T00:03:14+00:00,station2,0.0,0.69,1.296,0.0,8852969.327272726,437530.1272727272,70.82375461818181,3.5002410181818178,bgp_route_flap,real_spec_bgp_route_flap_003
2026-07-18T00:03:14+00:00,station3,0.0,0.219,0.796,0.0,272.7272727272727,1323.4363636363635,0.0021818181818181815,0.010587490909090908,bgp_route_flap,real_spec_bgp_route_flap_003
2026-07-18T00:03:29+00:00,station1,0.0,1.304,1.706,0.0,373404.8142828573,7446312.528407542,2.987238514262858,59.57050022726034,bgp_route_flap,real_spec_bgp_route_flap_003
2026-07-18T00:03:29+00:00,station2,0.0,1.425,1.751,0.0,7445251.872727272,374317.23636363633,59.56201498181818,2.9945378909090907,bgp_route_flap,real_spec_bgp_route_flap_003
2026-07-18T00:03:29+00:00,station3,0.0,0.152,0.81,0.0,195.67272727272726,1086.1272727272726,0.001565381818181818,0.00868901818181818,bgp_route_flap,real_spec_bgp_route_flap_003
2026-07-18T00:03:44+00:00,station1,0.0,1.405,1.683,0.0,597048.6518917151,11914509.572205154,4.776389215133721,95.31607657764124,bgp_route_flap,real_spec_bgp_route_flap_003
2026-07-18T00:03:44+00:00,station2,0.0,1.345,1.674,0.0,11913235.763636362,598088.8181818181,95.30588610909089,4.784710545454545,bgp_route_flap,real_spec_bgp_route_flap_003
2026-07-18T00:03:44+00:00,station3,0.0,0.766,1.192,0.0,242.18181818181816,1306.3272727272727,0.0019374545454545454,0.010450618181818182,bgp_route_flap,real_spec_bgp_route_flap_003
2026-07-18T00:03:59+00:00,station1,0.0,0.772,0.949,0.0,522035.10909090907,10430110.254545454,4.176280872727273,83.44088203636363,bgp_route_flap,real_spec_bgp_route_flap_003
2026-07-18T00:03:59+00:00,station2,0.0,1.015,1.171,0.0,10428571.890909089,522811.0909090909,83.42857512727271,4.182488727272727,bgp_route_flap,real_spec_bgp_route_flap_003
2026-07-18T00:03:59+00:00,station3,0.0,0.162,0.507,0.0,207.58181818181816,1088.1999999999998,0.0016606545454545454,0.008705599999999999,bgp_route_flap,real_spec_bgp_route_flap_003
2026-07-18T00:04:14+00:00,station1,0.0,0.154,0.835,0.0,569190.6034655176,11353490.536191566,4.553524827724141,90.82792428953253,bgp_route_flap,real_spec_bgp_route_flap_003
2026-07-18T00:04:14+00:00,station2,0.0,0.146,0.802,0.0,11351271.98181818,570180.509090909,90.81017585454545,4.561444072727272,bgp_route_flap,real_spec_bgp_route_flap_003
2026-07-18T00:04:14+00:00,station3,0.0,0.181,0.789,0.0,241.05454545454543,1303.8727272727272,0.0019284363636363634,0.010430981818181818,bgp_route_flap,real_spec_bgp_route_flap_003
2026-07-18T00:04:29+00:00,station1,0.0,0.338,1.111,0.0,457734.79999999993,9119792.127272727,3.6618783999999995,72.95833701818182,bgp_route_flap,real_spec_bgp_route_flap_003
2026-07-18T00:04:29+00:00,station2,0.0,0.653,1.349,0.0,9118489.836363636,458619.61818181816,72.94791869090909,3.6689569454545454,bgp_route_flap,real_spec_bgp_route_flap_003
2026-07-18T00:04:29+00:00,station3,0.0,0.021,0.696,0.0,201.16363636363633,1086.2727272727273,0.0016093090909090905,0.008690181818181817,bgp_route_flap,real_spec_bgp_route_flap_003
2026-07-18T00:04:44+00:00,station1,0.0,0.108,0.834,0.0,569368.618181818,11354519.236363636,4.554948945454544,90.83615389090909,bgp_route_flap,real_spec_bgp_route_flap_003
2026-07-18T00:04:44+00:00,station2,0.0,0.172,0.944,0.0,11352871.0,570432.9818181818,90.822968,4.5634638545454544,bgp_route_flap,real_spec_bgp_route_flap_003
2026-07-18T00:04:44+00:00,station3,0.0,0.072,0.738,0.0,243.2363636363636,1304.5636363636363,0.0019458909090909087,0.010436509090909091,bgp_route_flap,real_spec_bgp_route_flap_003
2026-07-18T00:04:59+00:00,station1,0.0,0.111,1.077,0.0,559358.7454545455,11171868.47272727,4.474869963636364,89.37494778181816,bgp_route_flap,real_spec_bgp_route_flap_003
2026-07-18T00:04:59+00:00,station2,0.0,0.578,1.16,0.0,11170697.38181818,560291.4,89.36557905454545,4.4823312,bgp_route_flap,real_spec_bgp_route_flap_003
2026-07-18T00:04:59+00:00,station3,0.0,0.347,0.889,0.0,199.0,1084.1636363636362,0.001592,0.00867330909090909,bgp_route_flap,real_spec_bgp_route_flap_003
2026-07-18T00:05:14+00:00,station1,0.0,0.018,0.257,0.0,513641.34545454546,10256601.945454543,4.109130763636363,82.05281556363634,bgp_route_flap,real_spec_bgp_route_flap_003
2026-07-18T00:05:14+00:00,station2,0.0,0.021,0.239,0.0,10255039.29090909,514781.0181818182,82.04031432727271,4.118248145454546,bgp_route_flap,real_spec_bgp_route_flap_003
2026-07-18T00:05:14+00:00,station3,0.0,0.072,0.292,0.0,246.4363636363636,1305.2,0.0019714909090909087,0.0104416,bgp_route_flap,real_spec_bgp_route_flap_003
2026-07-18T00:05:29+00:00,station1,0.0,1.194,1.905,0.0,346193.87272727274,6892616.090909091,2.769550981818182,55.14092872727273,bgp_route_flap,real_spec_bgp_route_flap_003
2026-07-18T00:05:29+00:00,station2,0.0,1.001,1.855,0.0,6890947.836363635,347112.50909090904,55.12758269090908,2.776900072727272,bgp_route_flap,real_spec_bgp_route_flap_003
2026-07-18T00:05:29+00:00,station3,0.0,0.029,0.286,0.0,193.67272727272726,1087.3090909090909,0.0015493818181818182,0.008698472727272727,bgp_route_flap,real_spec_bgp_route_flap_003
2026-07-18T00:05:44+00:00,station1,0.0,0.303,2.041,0.0,457777.2909090909,9127149.018181818,3.6622183272727273,73.01719214545454,bgp_route_flap,real_spec_bgp_route_flap_003
2026-07-18T00:05:44+00:00,station2,0.0,0.044,2.081,0.0,9125460.163636362,458853.19999999995,73.0036813090909,3.6708255999999997,bgp_route_flap,real_spec_bgp_route_flap_003
2026-07-18T00:05:44+00:00,station3,0.0,505.422,4523.077,80.0,237.87272727272727,1317.9818181818182,0.0019029818181818183,0.010543854545454546,bgp_route_flap,real_spec_bgp_route_flap_003
2026-07-18T00:05:59+00:00,station1,0.0,0.263,2.662,0.0,391252.2727272727,7809050.272727272,3.1300181818181816,62.472402181818175,bgp_route_flap,real_spec_bgp_route_flap_003
2026-07-18T00:05:59+00:00,station2,0.0,0.457,2.232,0.0,7807845.381818181,392305.90909090906,62.46276305454545,3.1384472727272725,bgp_route_flap,real_spec_bgp_route_flap_003
2026-07-18T00:05:59+00:00,station3,0.0,505.422,4523.077,80.0,202.45454545454544,1099.8181818181815,0.0016196363636363635,0.008798545454545453,bgp_route_flap,real_spec_bgp_route_flap_003
2026-07-18T00:06:14+00:00,station1,0.0,0.413,2.332,0.0,614420.8440153457,12278049.582719686,4.9153667521227655,98.22439666175748,bgp_route_flap,real_spec_bgp_route_flap_003
2026-07-18T00:06:14+00:00,station2,0.0,0.297,2.225,0.0,12276452.418181816,615796.8545454546,98.21161934545452,4.926374836363637,bgp_route_flap,real_spec_bgp_route_flap_003
2026-07-18T00:06:14+00:00,station3,0.0,1621.721,2672.551,0.0,252.65454545454543,1321.709090909091,0.0020212363636363632,0.010573672727272727,bgp_route_flap,real_spec_bgp_route_flap_003
2026-07-18T00:06:29+00:00,station1,0.0,0.763,0.785,0.0,503205.5636363636,10071834.890909089,4.025644509090909,80.57467912727272,bgp_route_flap,real_spec_bgp_route_flap_003
2026-07-18T00:06:29+00:00,station2,0.0,0.84,0.92,0.0,10070768.345454544,504452.50909090904,80.56614676363635,4.035620072727272,bgp_route_flap,real_spec_bgp_route_flap_003
2026-07-18T00:06:29+00:00,station3,0.0,1429.871,2038.661,0.0,204.98181818181817,1094.709090909091,0.0016398545454545453,0.008757672727272727,bgp_route_flap,real_spec_bgp_route_flap_003
2026-07-18T00:06:44+00:00,station1,0.0,0.186,0.871,0.0,555985.3272727273,11103707.418181816,4.4478826181818185,88.82965934545453,bgp_route_flap,real_spec_bgp_route_flap_003
2026-07-18T00:06:44+00:00,station2,0.0,0.642,1.388,0.0,11102532.781818181,557461.0727272726,88.82026225454545,4.459688581818181,bgp_route_flap,real_spec_bgp_route_flap_003
2026-07-18T00:06:44+00:00,station3,0.0,0.207,0.808,0.0,263.0363636363636,1315.9818181818182,0.002104290909090909,0.010527854545454546,bgp_route_flap,real_spec_bgp_route_flap_003
2026-07-18T00:06:59+00:00,station1,0.0,0.126,0.874,0.0,444688.91353356116,8868472.511090102,3.5575113082684893,70.94778008872082,bgp_route_flap,real_spec_bgp_route_flap_003
2026-07-18T00:06:59+00:00,station2,0.0,0.067,0.818,0.0,8867619.2,445801.0727272727,70.9409536,3.5664085818181817,bgp_route_flap,real_spec_bgp_route_flap_003
2026-07-18T00:06:59+00:00,station3,0.0,0.064,0.702,0.0,207.25454545454542,1095.2727272727273,0.0016580363636363633,0.008762181818181818,bgp_route_flap,real_spec_bgp_route_flap_003
2026-07-18T00:07:14+00:00,station1,0.0,0.174,1.21,0.0,556821.7636363636,11102020.036363635,4.454574109090909,88.81616029090908,bgp_route_flap,real_spec_bgp_route_flap_003
2026-07-18T00:07:14+00:00,station2,0.0,0.369,1.179,0.0,11100520.67272727,558112.0727272726,88.80416538181817,4.464896581818181,bgp_route_flap,real_spec_bgp_route_flap_003
2026-07-18T00:07:14+00:00,station3,0.0,0.323,0.935,0.0,242.36363636363635,1311.2727272727273,0.0019389090909090907,0.010490181818181819,bgp_route_flap,real_spec_bgp_route_flap_003
2026-07-18T00:07:29+00:00,station1,0.0,0.037,0.735,0.0,559165.2181818181,11169425.163636362,4.4733217454545455,89.3554013090909,bgp_route_flap,real_spec_bgp_route_flap_003
2026-07-18T00:07:29+00:00,station2,0.0,0.262,0.983,0.0,11167964.636363635,560251.2181818181,89.34371709090908,4.482009745454545,bgp_route_flap,real_spec_bgp_route_flap_003
2026-07-18T00:07:29+00:00,station3,0.0,0.048,0.621,0.0,202.54545454545453,1088.4727272727273,0.0016203636363636364,0.008707781818181819,bgp_route_flap,real_spec_bgp_route_flap_003
2026-07-18T00:07:44+00:00,station1,0.0,0.331,0.746,0.0,557166.2515226996,11104285.103907201,4.457330012181597,88.83428083125762,bgp_route_flap,real_spec_bgp_route_flap_003
2026-07-18T00:07:44+00:00,station2,0.0,0.286,0.666,0.0,11102685.4,558477.9090909091,88.8214832,4.467823272727273,bgp_route_flap,real_spec_bgp_route_flap_003
2026-07-18T00:07:44+00:00,station3,0.0,0.857,1.396,0.0,236.7272727272727,1305.9272727272726,0.0018938181818181816,0.01044741818181818,bgp_route_flap,real_spec_bgp_route_flap_003
2026-07-18T00:07:59+00:00,station1,0.0,0.241,0.853,0.0,445500.7818181818,8869438.709090909,3.5640062545454545,70.95550967272727,bgp_route_flap,real_spec_bgp_route_flap_003
2026-07-18T00:07:59+00:00,station2,0.0,0.129,0.919,0.0,8867971.127272727,446563.2909090909,70.94376901818181,3.5725063272727273,bgp_route_flap,real_spec_bgp_route_flap_003
2026-07-18T00:07:59+00:00,station3,0.0,0.341,1.897,0.0,195.18181818181816,1086.0727272727272,0.0015614545454545453,0.008688581818181818,bgp_route_flap,real_spec_bgp_route_flap_003
2026-07-18T00:08:14+00:00,station1,0.0,0.27,0.896,0.0,557795.7999999999,11104105.181818182,4.4623664,88.83284145454546,bgp_route_flap,real_spec_bgp_route_flap_003
2026-07-18T00:08:14+00:00,station2,0.0,0.365,1.133,0.0,11102533.98181818,559095.4909090908,88.82027185454544,4.472763927272727,bgp_route_flap,real_spec_bgp_route_flap_003
2026-07-18T00:08:14+00:00,station3,0.0,0.375,1.328,0.0,239.99999999999997,1308.0727272727272,0.0019199999999999998,0.010464581818181818,bgp_route_flap,real_spec_bgp_route_flap_003
2026-07-18T00:08:29+00:00,station1,0.0,0.033,0.708,0.0,497456.2430678037,9899234.321872102,3.9796499445424294,79.19387457497682,bgp_route_flap,real_spec_bgp_route_flap_003
2026-07-18T00:08:29+00:00,station2,0.0,0.149,0.895,0.0,9897466.2,498523.70909090905,79.17972959999999,3.9881896727272723,bgp_route_flap,real_spec_bgp_route_flap_003
2026-07-18T00:08:29+00:00,station3,0.0,0.394,1.845,0.0,197.3090909090909,1086.7272727272727,0.0015784727272727273,0.008693818181818183,bgp_route_flap,real_spec_bgp_route_flap_003
2026-07-18T00:08:44+00:00,station1,0.0,0.302,0.386,0.0,624726.3653552469,12448056.177732527,4.997810922841976,99.58444942186021,bgp_route_flap,real_spec_bgp_route_flap_003
2026-07-18T00:08:44+00:00,station2,0.0,0.234,0.34,0.0,12447761.872727271,626074.3272727273,99.58209498181817,5.008594618181818,bgp_route_flap,real_spec_bgp_route_flap_003
2026-07-18T00:08:44+00:00,station3,0.0,0.629,0.683,0.0,249.67272727272726,1311.8,0.001997381818181818,0.0104944,bgp_route_flap,real_spec_bgp_route_flap_003
2026-07-18T00:08:59+00:00,station1,0.0,0.03,0.25,0.0,400795.0582716678,7982176.469518736,3.2063604661733422,63.85741175614989,bgp_route_flap,real_spec_bgp_route_flap_003
2026-07-18T00:08:59+00:00,station2,0.0,0.013,0.207,0.0,7981174.436363636,401881.4727272727,63.84939549090908,3.2150517818181816,bgp_route_flap,real_spec_bgp_route_flap_003
2026-07-18T00:08:59+00:00,station3,0.0,0.018,0.299,0.0,204.74545454545452,1091.3454545454545,0.0016379636363636361,0.008730763636363636,bgp_route_flap,real_spec_bgp_route_flap_003
2026-07-18T00:09:14+00:00,station1,0.0,0.222,0.917,0.0,417155.92443773744,8880763.586116616,3.3372473955018997,71.04610868893293,bgp_route_flap,real_spec_bgp_route_flap_003
2026-07-18T00:09:14+00:00,station2,0.0,0.056,0.871,0.0,8878224.836363636,418426.2727272727,71.02579869090908,3.347410181818182,bgp_route_flap,real_spec_bgp_route_flap_003
2026-07-18T00:09:14+00:00,station3,0.0,1.853,3.117,0.0,242.07272727272726,1309.8,0.001936581818181818,0.010478399999999999,bgp_route_flap,real_spec_bgp_route_flap_003
2026-07-18T00:09:29+00:00,station1,0.0,0.064,0.784,0.0,261281.4960272005,6647159.275623193,2.090251968217604,53.177274204985544,bgp_route_flap,real_spec_bgp_route_flap_003
2026-07-18T00:09:29+00:00,station2,0.0,0.042,0.799,0.0,6645657.327272727,262218.69090909086,53.16525861818182,2.0977495272727267,bgp_route_flap,real_spec_bgp_route_flap_003
2026-07-18T00:09:29+00:00,station3,0.0,0.203,1.45,0.0,192.83636363636364,1085.090909090909,0.001542690909090909,0.008680727272727272,bgp_route_flap,real_spec_bgp_route_flap_003
2026-07-18T00:09:44+00:00,station1,0.0,0.848,1.345,0.0,420858.98438210215,9835221.85051181,3.3668718750568174,78.68177480409447,bgp_route_flap,real_spec_bgp_route_flap_003
2026-07-18T00:09:44+00:00,station2,0.0,0.887,1.389,0.0,9833499.4,422023.4545454545,78.66799520000001,3.376187636363636,bgp_route_flap,real_spec_bgp_route_flap_003
2026-07-18T00:09:44+00:00,station3,0.0,0.142,1.494,0.0,240.69090909090906,1308.0,0.0019255272727272724,0.010464,bgp_route_flap,real_spec_bgp_route_flap_003
2026-07-18T00:09:59+00:00,station1,0.0,0.405,1.02,0.0,487620.9272727272,11172975.836363636,3.9009674181818177,89.38380669090908,bgp_route_flap,real_spec_bgp_route_flap_003
2026-07-18T00:09:59+00:00,station2,0.0,0.18,0.891,0.0,11171606.545454543,488397.2727272727,89.37285236363634,3.9071781818181814,bgp_route_flap,real_spec_bgp_route_flap_003
2026-07-18T00:09:59+00:00,station3,0.0,0.464,1.6,0.0,201.9090909090909,1087.6,0.0016152727272727273,0.0087008,bgp_route_flap,real_spec_bgp_route_flap_003
2026-07-18T00:10:14+00:00,station1,0.0,0.205,0.417,0.0,513812.05112820235,11100150.05727377,4.110496409025619,88.80120045819015,bgp_route_flap,real_spec_bgp_route_flap_003
2026-07-18T00:10:14+00:00,station2,0.0,0.196,0.37,0.0,11099636.509090908,514995.1272727272,88.79709207272727,4.119961018181818,bgp_route_flap,real_spec_bgp_route_flap_003
2026-07-18T00:10:14+00:00,station3,0.0,0.137,0.395,0.0,245.0181818181818,1307.2363636363634,0.0019601454545454546,0.010457890909090908,bgp_route_flap,real_spec_bgp_route_flap_003
2026-07-18T00:10:29+00:00,station1,0.0,0.265,0.669,0.0,444896.70909090905,8864522.963636363,3.5591736727272725,70.9161837090909,bgp_route_flap,real_spec_bgp_route_flap_003
2026-07-18T00:10:29+00:00,station2,0.0,0.658,1.149,0.0,8863594.2,445976.50909090904,70.9087536,3.567812072727272,bgp_route_flap,real_spec_bgp_route_flap_003
2026-07-18T00:10:29+00:00,station3,0.0,0.237,1.278,0.0,203.56363636363633,1088.9636363636362,0.0016285090909090906,0.008711709090909089,bgp_route_flap,real_spec_bgp_route_flap_003
2026-07-18T00:10:44+00:00,station1,0.0,1.127,1.564,0.0,556573.0363636364,11098974.709090909,4.452584290909091,88.79179767272727,bgp_route_flap,real_spec_bgp_route_flap_003
2026-07-18T00:10:44+00:00,station2,0.0,1.363,1.935,0.0,11097709.98181818,557880.0909090909,88.78167985454544,4.463040727272728,bgp_route_flap,real_spec_bgp_route_flap_003
2026-07-18T00:10:44+00:00,station3,0.0,0.075,0.686,0.0,238.83636363636364,1307.0181818181816,0.0019106909090909091,0.010456145454545453,bgp_route_flap,real_spec_bgp_route_flap_003
2026-07-18T00:10:59+00:00,station1,0.0,0.032,0.77,0.0,488695.58024107775,9756214.006508736,3.909564641928622,78.04971205206989,bgp_route_flap,real_spec_bgp_route_flap_003
2026-07-18T00:10:59+00:00,station2,0.0,0.124,0.98,0.0,9755613.963636363,489820.0909090909,78.0449117090909,3.918560727272727,bgp_route_flap,real_spec_bgp_route_flap_003
2026-07-18T00:10:59+00:00,station3,0.0,0.02,0.632,0.0,199.47272727272727,1090.2363636363636,0.0015957818181818182,0.00872189090909091,bgp_route_flap,real_spec_bgp_route_flap_003
2026-07-18T00:11:14+00:00,station1,0.0,0.394,0.73,0.0,629594.0181818181,12586857.963636363,5.036752145454544,100.69486370909091,bgp_route_flap,real_spec_bgp_route_flap_003
2026-07-18T00:11:14+00:00,station2,0.0,0.38,0.86,0.0,12585347.254545454,630895.2181818181,100.68277803636363,5.047161745454545,bgp_route_flap,real_spec_bgp_route_flap_003
2026-07-18T00:11:14+00:00,station3,0.0,0.383,0.736,0.0,238.83636363636364,1307.1636363636362,0.0019106909090909091,0.010457309090909089,bgp_route_flap,real_spec_bgp_route_flap_003
2026-07-18T00:11:29+00:00,station1,0.0,0.738,0.714,0.0,444630.16562732944,8866836.408923151,3.5570413250186355,70.9346912713852,bgp_route_flap,real_spec_bgp_route_flap_003
2026-07-18T00:11:29+00:00,station2,0.0,0.636,0.669,0.0,8865805.036363635,445739.18181818177,70.92644029090908,3.5659134545454543,bgp_route_flap,real_spec_bgp_route_flap_003
2026-07-18T00:11:29+00:00,station3,0.0,55.996,39.925,0.0,193.56363636363633,1086.0363636363636,0.0015485090909090906,0.008688290909090908,bgp_route_flap,real_spec_bgp_route_flap_003
2026-07-18T00:11:44+00:00,station1,0.0,1.164,2.911,0.0,557026.6530916496,11099813.028380271,4.456213224733197,88.79850422704217,bgp_route_flap,real_spec_bgp_route_flap_003
2026-07-18T00:11:44+00:00,station2,0.0,1.45,2.722,0.0,11098897.036363635,558367.3818181817,88.79117629090908,4.4669390545454535,bgp_route_flap,real_spec_bgp_route_flap_003
2026-07-18T00:11:44+00:00,station3,0.0,1050.967,2587.236,0.0,240.03636363636363,1309.1272727272726,0.001920290909090909,0.010473018181818181,bgp_route_flap,real_spec_bgp_route_flap_003
2026-07-18T00:11:59+00:00,station1,0.0,0.182,1.786,0.0,445495.6545454545,8865428.818181818,3.563965236363636,70.92343054545455,bgp_route_flap,real_spec_bgp_route_flap_003
2026-07-18T00:11:59+00:00,station2,0.0,0.339,2.582,0.0,8864212.909090908,446565.309090909,70.91370327272726,3.572522472727272,bgp_route_flap,real_spec_bgp_route_flap_003
2026-07-18T00:11:59+00:00,station3,0.0,1445.497,2609.259,0.0,205.03636363636363,1095.4727272727273,0.001640290909090909,0.00876378181818182,bgp_route_flap,real_spec_bgp_route_flap_003
2026-07-18T00:12:14+00:00,station1,0.0,0.504,1.819,0.0,598643.1818181818,11916817.98181818,4.789145454545454,95.33454385454544,bgp_route_flap,real_spec_bgp_route_flap_003
2026-07-18T00:12:14+00:00,station2,0.0,0.495,1.45,0.0,11915329.0,599949.7636363636,95.322632,4.799598109090908,bgp_route_flap,real_spec_bgp_route_flap_003
2026-07-18T00:12:14+00:00,station3,0.0,0.0,3535.419,80.0,240.2181818181818,1317.909090909091,0.0019217454545454543,0.010543272727272728,bgp_route_flap,real_spec_bgp_route_flap_003
2026-07-18T00:12:29+00:00,station1,0.0,1.086,1.452,0.0,522990.5636363636,10429242.454545455,4.183924509090909,83.43393963636365,bgp_route_flap,real_spec_bgp_route_flap_003
2026-07-18T00:12:29+00:00,station2,0.0,1.152,1.535,0.0,10427891.327272726,524059.9272727272,83.42313061818182,4.192479418181818,bgp_route_flap,real_spec_bgp_route_flap_003
2026-07-18T00:12:29+00:00,station3,0.0,688.246,783.155,0.0,210.54545454545453,1099.6,0.0016843636363636362,0.008796799999999999,bgp_route_flap,real_spec_bgp_route_flap_003
2026-07-18T00:12:44+00:00,station1,0.0,0.445,0.522,0.0,446115.51119111263,8877947.435407916,3.568924089528901,71.02357948326333,bgp_route_flap,real_spec_bgp_route_flap_003
2026-07-18T00:12:44+00:00,station2,0.0,0.21,0.375,0.0,8876214.345454546,447381.87272727274,71.00971476363637,3.579054981818182,bgp_route_flap,real_spec_bgp_route_flap_003
2026-07-18T00:12:44+00:00,station3,0.0,0.162,0.448,0.0,248.1090909090909,1319.490909090909,0.0019848727272727272,0.010555927272727273,bgp_route_flap,real_spec_bgp_route_flap_003
2026-07-18T00:12:59+00:00,station1,0.0,1.037,1.471,0.0,333789.90909090906,6643457.218181818,2.6703192727272724,53.147657745454545,bgp_route_flap,real_spec_bgp_route_flap_003
2026-07-18T00:12:59+00:00,station2,0.0,1.492,1.842,0.0,6641988.218181818,334849.67272727273,53.135905745454544,2.678797381818182,bgp_route_flap,real_spec_bgp_route_flap_003
2026-07-18T00:12:59+00:00,station3,0.0,0.228,0.815,0.0,205.94545454545454,1094.3636363636363,0.0016475636363636364,0.00875490909090909,bgp_route_flap,real_spec_bgp_route_flap_003
2026-07-18T00:13:14+00:00,station1,0.0,0.652,1.231,0.0,445284.7454545454,8876910.454545455,3.5622779636363635,71.01528363636363,bgp_route_flap,real_spec_bgp_route_flap_003
2026-07-18T00:13:14+00:00,station2,0.0,0.651,1.288,0.0,8875467.145454545,446584.18181818177,71.00373716363636,3.572673454545454,bgp_route_flap,real_spec_bgp_route_flap_003
2026-07-18T00:13:14+00:00,station3,0.0,0.159,0.779,0.0,246.7272727272727,1311.4727272727273,0.0019738181818181816,0.010491781818181818,bgp_route_flap,real_spec_bgp_route_flap_003
2026-07-18T00:13:29+00:00,station1,0.0,1.373,1.816,0.0,482065.2545454545,9616125.0,3.856522036363636,76.929,bgp_route_flap,real_spec_bgp_route_flap_003
2026-07-18T00:13:29+00:00,station2,0.0,1.88,2.188,0.0,9614691.763636362,483165.0727272727,76.9175341090909,3.8653205818181817,bgp_route_flap,real_spec_bgp_route_flap_003
2026-07-18T00:13:29+00:00,station3,0.0,0.246,0.794,0.0,193.9272727272727,1087.2363636363636,0.0015514181818181818,0.00869789090909091,bgp_route_flap,real_spec_bgp_route_flap_003
2026-07-18T00:13:44+00:00,station1,0.0,0.344,0.672,0.0,637035.3636363635,12727418.945454543,5.096282909090908,101.81935156363635,bgp_route_flap,real_spec_bgp_route_flap_003
2026-07-18T00:13:44+00:00,station2,0.0,0.189,0.472,0.0,12726041.363636363,638342.2363636363,101.80833090909091,5.10673789090909,bgp_route_flap,real_spec_bgp_route_flap_003
2026-07-18T00:13:44+00:00,station3,0.0,0.323,0.662,0.0,238.5090909090909,1308.4727272727273,0.0019080727272727273,0.010467781818181818,bgp_route_flap,real_spec_bgp_route_flap_003
2026-07-18T00:13:59+00:00,station1,0.0,0.036,0.216,0.0,445006.10875770415,8871405.468792612,3.560048870061633,70.97124375034089,bgp_route_flap,real_spec_bgp_route_flap_003
2026-07-18T00:13:59+00:00,station2,0.0,0.039,0.27,0.0,8870579.38181818,446110.6545454545,70.96463505454545,3.568885236363636,bgp_route_flap,real_spec_bgp_route_flap_003
2026-07-18T00:13:59+00:00,station3,0.0,0.062,0.251,0.0,198.05454545454543,1089.2363636363636,0.0015844363636363635,0.008713890909090909,bgp_route_flap,real_spec_bgp_route_flap_003
2026-07-18T00:14:14+00:00,station1,0.0,0.17,1.678,0.0,557636.1272727272,11107820.763636362,4.461089018181817,88.86256610909089,bgp_route_flap,real_spec_bgp_route_flap_003
2026-07-18T00:14:14+00:00,station2,0.0,0.317,1.775,0.0,11106450.854545454,558935.4181818182,88.85160683636363,4.471483345454546,bgp_route_flap,real_spec_bgp_route_flap_003
2026-07-18T00:14:14+00:00,station3,0.0,0.0,826.672,100.0,220.79999999999998,1311.6,0.0017663999999999998,0.0104928,bgp_route_flap,real_spec_bgp_route_flap_003
2026-07-18T00:14:29+00:00,station1,0.0,0.36,2.302,0.0,445931.45579171285,8873303.994472828,3.5674516463337027,70.98643195578262,bgp_route_flap,real_spec_bgp_route_flap_003
2026-07-18T00:14:29+00:00,station2,0.0,0.207,2.194,0.0,8872523.38181818,447017.4545454545,70.98018705454545,3.576139636363636,bgp_route_flap,real_spec_bgp_route_flap_003
2026-07-18T00:14:29+00:00,station3,0.0,1215.326,2130.089,0.0,206.25454545454542,1100.2181818181816,0.0016500363636363633,0.008801745454545453,bgp_route_flap,real_spec_bgp_route_flap_003
2026-07-18T00:14:44+00:00,station1,0.0,0.071,1.342,0.0,591960.6210457421,11784558.886626426,4.735684968365937,94.27647109301141,bgp_route_flap,real_spec_bgp_route_flap_003
2026-07-18T00:14:44+00:00,station2,0.0,0.263,1.622,0.0,11784099.036363635,593300.2909090909,94.27279229090908,4.746402327272727,bgp_route_flap,real_spec_bgp_route_flap_003
2026-07-18T00:14:44+00:00,station3,0.0,502.339,1273.822,0.0,265.54545454545456,1336.909090909091,0.0021243636363636365,0.010695272727272729,bgp_route_flap,real_spec_bgp_route_flap_003
2026-07-18T00:14:59+00:00,station1,0.0,0.072,1.778,0.0,530030.9460172004,10568772.57768323,4.240247568137603,84.55018062146584,bgp_route_flap,real_spec_bgp_route_flap_003
2026-07-18T00:14:59+00:00,station2,0.0,0.557,2.299,0.0,10567441.672727274,531089.9636363636,84.53953338181819,4.248719709090909,bgp_route_flap,real_spec_bgp_route_flap_003
2026-07-18T00:14:59+00:00,station3,0.0,2347.077,3698.665,0.0,239.67272727272726,1115.090909090909,0.001917381818181818,0.008920727272727273,bgp_route_flap,real_spec_bgp_route_flap_003
2026-07-18T00:15:14+00:00,station1,0.0,0.021,0.183,0.0,446280.79999999993,8879221.254545454,3.5702463999999994,71.03377003636363,bgp_route_flap,real_spec_bgp_route_flap_003
2026-07-18T00:15:14+00:00,station2,0.0,0.045,0.271,0.0,8877233.545454545,447550.8181818182,71.01786836363635,3.5804065454545455,bgp_route_flap,real_spec_bgp_route_flap_003
2026-07-18T00:15:14+00:00,station3,0.0,0.026,0.244,0.0,285.54545454545456,1336.1454545454544,0.0022843636363636365,0.010689163636363635,bgp_route_flap,real_spec_bgp_route_flap_003
2026-07-18T00:15:29+00:00,station1,0.0,0.303,1.036,0.0,334050.2545454545,6642900.0,2.672402036363636,53.1432,bgp_route_flap,real_spec_bgp_route_flap_003
2026-07-18T00:15:29+00:00,station2,0.0,0.717,1.301,0.0,6641987.109090908,335127.18181818177,53.135896872727265,2.681017454545454,bgp_route_flap,real_spec_bgp_route_flap_003
2026-07-18T00:15:29+00:00,station3,0.0,0.109,0.751,0.0,217.16363636363633,1095.2363636363634,0.0017373090909090906,0.008761890909090908,bgp_route_flap,real_spec_bgp_route_flap_003
2026-07-18T00:15:44+00:00,station1,0.0,0.563,1.431,0.0,445418.40760741103,8877494.954453718,3.563347260859288,71.01995963562975,bgp_route_flap,real_spec_bgp_route_flap_003
2026-07-18T00:15:44+00:00,station2,0.0,0.678,1.319,0.0,8875890.999999998,446715.14545454545,71.00712799999998,3.5737211636363635,bgp_route_flap,real_spec_bgp_route_flap_003
2026-07-18T00:15:44+00:00,station3,0.0,0.258,1.0,0.0,237.19999999999996,1308.2363636363634,0.0018975999999999997,0.010465890909090907,bgp_route_flap,real_spec_bgp_route_flap_003
2026-07-18T00:15:59+00:00,station1,0.0,0.601,1.541,0.0,475176.2727272727,9480665.127272727,3.8014101818181816,75.84532101818182,bgp_route_flap,real_spec_bgp_route_flap_003
2026-07-18T00:15:59+00:00,station2,0.0,1.35,1.666,0.0,9479978.0,476297.70909090905,75.839824,3.8103816727272726,bgp_route_flap,real_spec_bgp_route_flap_003
2026-07-18T00:15:59+00:00,station3,0.0,0.209,0.9,0.0,194.09090909090907,1086.6181818181817,0.0015527272727272725,0.008692945454545454,bgp_route_flap,real_spec_bgp_route_flap_003
2026-07-18T00:16:14+00:00,station1,0.0,0.075,0.77,0.0,643799.4327169585,12868754.90463463,5.150395461735668,102.95003923707704,bgp_route_flap,real_spec_bgp_route_flap_003
2026-07-18T00:16:14+00:00,station2,0.0,0.729,1.215,0.0,12867302.963636363,645106.618181818,102.9384237090909,5.160852945454544,bgp_route_flap,real_spec_bgp_route_flap_003
2026-07-18T00:16:14+00:00,station3,0.0,0.154,0.976,0.0,237.67272727272726,1305.8363636363636,0.001901381818181818,0.010446690909090908,bgp_route_flap,real_spec_bgp_route_flap_003
2026-07-18T00:16:29+00:00,station1,0.0,0.047,0.234,0.0,420302.67272727273,8401518.581818182,3.362421381818182,67.21214865454546,bgp_route_flap,real_spec_bgp_route_flap_003
2026-07-18T00:16:29+00:00,station2,0.0,0.026,0.194,0.0,8400195.98181818,421378.4545454545,67.20156785454544,3.371027636363636,bgp_route_flap,real_spec_bgp_route_flap_003
2026-07-18T00:16:29+00:00,station3,0.0,0.025,0.241,0.0,196.9090909090909,1088.509090909091,0.0015752727272727272,0.008708072727272727,bgp_route_flap,real_spec_bgp_route_flap_003
2026-07-18T00:16:44+00:00,station1,0.0,0.171,0.912,0.0,445452.67272727273,8882177.654545454,3.563621381818182,71.05742123636364,bgp_route_flap,real_spec_bgp_route_flap_003
2026-07-18T00:16:44+00:00,station2,0.0,0.599,1.177,0.0,8880508.38181818,446748.8545454545,71.04406705454545,3.573990836363636,bgp_route_flap,real_spec_bgp_route_flap_003
2026-07-18T00:16:44+00:00,station3,0.0,0.086,0.971,0.0,237.67272727272726,1307.6,0.001901381818181818,0.0104608,bgp_route_flap,real_spec_bgp_route_flap_003
2026-07-18T00:16:59+00:00,station1,0.0,0.255,0.864,0.0,333762.70909090905,6647952.509090909,2.6701016727272724,53.18362007272727,bgp_route_flap,real_spec_bgp_route_flap_003
2026-07-18T00:16:59+00:00,station2,0.0,0.167,0.939,0.0,6646926.945454544,334864.21818181814,53.175415563636356,2.6789137454545453,bgp_route_flap,real_spec_bgp_route_flap_003
2026-07-18T00:16:59+00:00,station3,0.0,0.049,0.619,0.0,196.74545454545452,1090.3636363636363,0.001573963636363636,0.00872290909090909,bgp_route_flap,real_spec_bgp_route_flap_003
2026-07-18T00:17:14+00:00,station1,0.0,0.213,0.86,0.0,472601.98181818175,9418615.436363636,3.780815854545454,75.34892349090909,bgp_route_flap,real_spec_bgp_route_flap_003
2026-07-18T00:17:14+00:00,station2,0.0,0.176,0.891,0.0,9417097.4,473907.4909090909,75.33677920000001,3.791259927272727,bgp_route_flap,real_spec_bgp_route_flap_003
2026-07-18T00:17:14+00:00,station3,0.0,0.163,0.894,0.0,239.16363636363633,1305.9454545454544,0.0019133090909090906,0.010447563636363635,bgp_route_flap,real_spec_bgp_route_flap_003
2026-07-18T00:17:29+00:00,station1,0.0,0.171,0.869,0.0,559431.9454545454,11171687.581818182,4.4754555636363635,89.37350065454545,bgp_route_flap,real_spec_bgp_route_flap_003
2026-07-18T00:17:29+00:00,station2,0.0,0.222,0.859,0.0,11170362.38181818,560516.0181818181,89.36289905454545,4.4841281454545445,bgp_route_flap,real_spec_bgp_route_flap_003
2026-07-18T00:17:29+00:00,station3,0.0,0.228,0.794,0.0,197.3090909090909,1086.1636363636362,0.0015784727272727273,0.00868930909090909,bgp_route_flap,real_spec_bgp_route_flap_003
2026-07-18T00:17:44+00:00,station1,0.0,0.03,0.249,0.0,557135.7636363636,11108900.818181816,4.457086109090908,88.87120654545453,bgp_route_flap,real_spec_bgp_route_flap_003
2026-07-18T00:17:44+00:00,station2,0.0,0.053,0.242,0.0,11107330.854545454,558430.1818181818,88.85864683636363,4.467441454545454,bgp_route_flap,real_spec_bgp_route_flap_003
2026-07-18T00:17:44+00:00,station3,0.0,0.004,0.288,0.0,244.25454545454542,1304.581818181818,0.0019540363636363633,0.010436654545454544,bgp_route_flap,real_spec_bgp_route_flap_003
2026-07-18T00:17:59+00:00,station1,0.0,0.341,1.337,0.0,444103.72727272724,8873668.909090908,3.552829818181818,70.98935127272726,bgp_route_flap,real_spec_bgp_route_flap_003
2026-07-18T00:17:59+00:00,station2,0.0,0.58,1.322,0.0,8872151.709090909,445177.21818181814,70.97721367272727,3.5614177454545453,bgp_route_flap,real_spec_bgp_route_flap_003
2026-07-18T00:17:59+00:00,station3,0.0,0.187,0.797,0.0,200.74545454545452,1086.9272727272726,0.0016059636363636362,0.00869541818181818,bgp_route_flap,real_spec_bgp_route_flap_003
2026-07-18T00:18:14+00:00,station1,0.0,0.211,0.853,0.0,554362.2727272727,11106834.49090909,4.434898181818181,88.85467592727272,bgp_route_flap,real_spec_bgp_route_flap_003
2026-07-18T00:18:14+00:00,station2,0.0,0.153,0.853,0.0,11105524.236363636,555668.3818181817,88.8441938909091,4.445347054545453,bgp_route_flap,real_spec_bgp_route_flap_003
2026-07-18T00:18:14+00:00,station3,0.0,0.045,0.968,0.0,240.1090909090909,1305.1818181818182,0.0019208727272727272,0.010441454545454545,bgp_route_flap,real_spec_bgp_route_flap_003
2026-07-18T00:18:29+00:00,station1,0.0,0.099,0.764,0.0,465590.8909090909,9347941.527272727,3.724727127272727,74.78353221818182,bgp_route_flap,real_spec_bgp_route_flap_003
2026-07-18T00:18:29+00:00,station2,0.0,0.138,0.856,0.0,9346790.236363636,466684.0181818182,74.77432189090909,3.7334721454545456,bgp_route_flap,real_spec_bgp_route_flap_003
2026-07-18T00:18:29+00:00,station3,0.0,0.147,0.736,0.0,199.34545454545454,1085.9999999999998,0.0015947636363636364,0.008687999999999998,bgp_route_flap,real_spec_bgp_route_flap_003
2026-07-18T00:18:44+00:00,station1,0.0,0.578,1.256,0.0,645811.4363636363,12990028.127272727,5.16649149090909,103.92022501818181,bgp_route_flap,real_spec_bgp_route_flap_003
2026-07-18T00:18:44+00:00,station2,0.0,2.748,2.674,0.0,12988518.963636363,647117.9636363635,103.9081517090909,5.176943709090908,bgp_route_flap,real_spec_bgp_route_flap_003
2026-07-18T00:18:44+00:00,station3,0.0,0.217,0.895,0.0,233.9272727272727,1304.7454545454543,0.0018714181818181817,0.010437963636363635,bgp_route_flap,real_spec_bgp_route_flap_003
2026-07-18T00:18:59+00:00,station1,0.0,0.056,0.207,0.0,442270.7405319903,8867268.195123725,3.5381659242559222,70.9381455609898,bgp_route_flap,real_spec_bgp_route_flap_003
2026-07-18T00:18:59+00:00,station2,0.0,0.055,0.268,0.0,8866087.345454546,443360.2909090909,70.92869876363636,3.5468823272727272,bgp_route_flap,real_spec_bgp_route_flap_003
2026-07-18T00:18:59+00:00,station3,0.0,0.041,0.306,0.0,194.56363636363633,1086.3999999999999,0.0015565090909090908,0.0086912,bgp_route_flap,real_spec_bgp_route_flap_003
2026-07-18T00:19:14+00:00,station1,0.0,0.141,0.904,0.0,554590.2768939877,11101302.51077214,4.436722215151901,88.81042008617713,bgp_route_flap,real_spec_bgp_route_flap_003
2026-07-18T00:19:14+00:00,station2,0.0,0.186,0.969,0.0,11100025.509090908,555918.2,88.80020407272727,4.447345599999999,bgp_route_flap,real_spec_bgp_route_flap_003
2026-07-18T00:19:14+00:00,station3,0.0,0.118,0.762,0.0,233.99999999999997,1307.5636363636363,0.0018719999999999997,0.01046050909090909,bgp_route_flap,real_spec_bgp_route_flap_003
2026-07-18T00:19:29+00:00,station1,0.0,0.673,1.215,0.0,444193.90909090906,8869923.38181818,3.5535512727272724,70.95938705454545,bgp_route_flap,real_spec_bgp_route_flap_003
2026-07-18T00:19:29+00:00,station2,0.0,0.684,1.262,0.0,8868741.327272726,445280.3636363636,70.94993061818181,3.5622429090909087,bgp_route_flap,real_spec_bgp_route_flap_003
2026-07-18T00:19:29+00:00,station3,0.0,0.627,1.265,0.0,193.23636363636362,1088.9818181818182,0.001545890909090909,0.008711854545454546,bgp_route_flap,real_spec_bgp_route_flap_003
2026-07-18T00:19:44+00:00,station1,0.0,0.319,1.071,0.0,577342.3823117625,11518055.003000164,4.6187390584941,92.14444002400131,bgp_route_flap,real_spec_bgp_route_flap_003
2026-07-18T00:19:44+00:00,station2,0.0,0.328,1.133,0.0,11516013.109090907,578635.3818181817,92.12810487272726,4.629083054545454,bgp_route_flap,real_spec_bgp_route_flap_003
2026-07-18T00:19:44+00:00,station3,0.0,0.123,0.701,0.0,233.99999999999997,1308.6727272727271,0.0018719999999999997,0.010469381818181817,bgp_route_flap,real_spec_bgp_route_flap_003
2026-07-18T00:19:59+00:00,station1,0.0,0.168,1.054,0.0,542162.1272727272,10830627.872727273,4.337297018181817,86.64502298181819,bgp_route_flap,real_spec_bgp_route_flap_003
2026-07-18T00:19:59+00:00,station2,0.0,0.335,0.908,0.0,10829270.727272727,543243.4181818182,86.63416581818181,4.345947345454546,bgp_route_flap,real_spec_bgp_route_flap_003
2026-07-18T00:19:59+00:00,station3,0.0,0.045,0.68,0.0,196.1272727272727,1089.1454545454544,0.0015690181818181815,0.008713163636363635,bgp_route_flap,real_spec_bgp_route_flap_003
2026-07-18T00:20:14+00:00,station1,0.0,0.23,0.997,0.0,552666.5272651236,11109525.755950324,4.421332218120988,88.8762060476026,bgp_route_flap,real_spec_bgp_route_flap_003
2026-07-18T00:20:14+00:00,station2,0.0,0.198,0.914,0.0,11107787.4,553949.0727272726,88.86229920000001,4.431592581818181,bgp_route_flap,real_spec_bgp_route_flap_003
2026-07-18T00:20:14+00:00,station3,0.0,0.058,1.797,0.0,233.9272727272727,1308.2,0.0018714181818181817,0.0104656,bgp_route_flap,real_spec_bgp_route_flap_003
2026-07-18T00:20:29+00:00,station1,0.0,1.043,1.47,0.0,435980.99965453916,8873928.907798324,3.4878479972363134,70.99143126238658,bgp_route_flap,real_spec_bgp_route_flap_003
2026-07-18T00:20:29+00:00,station2,0.0,1.161,1.539,0.0,8872713.290909091,437069.23636363633,70.98170632727273,3.4965538909090905,bgp_route_flap,real_spec_bgp_route_flap_003
2026-07-18T00:20:29+00:00,station3,0.0,0.161,1.551,0.0,195.34545454545454,1089.2727272727273,0.0015627636363636363,0.008714181818181819,bgp_route_flap,real_spec_bgp_route_flap_003
2026-07-18T00:20:44+00:00,station1,0.0,1.293,1.92,0.0,538288.5272727272,11107354.418181816,4.306308218181818,88.85883534545452,bgp_route_flap,real_spec_bgp_route_flap_003
2026-07-18T00:20:44+00:00,station2,0.0,1.598,2.047,0.0,11105757.945454543,539574.0181818182,88.84606356363635,4.316592145454545,bgp_route_flap,real_spec_bgp_route_flap_003
2026-07-18T00:20:44+00:00,station3,0.0,0.531,1.339,0.0,239.38181818181818,1314.1272727272726,0.0019150545454545455,0.010513018181818181,bgp_route_flap,real_spec_bgp_route_flap_003
2026-07-18T00:20:59+00:00,station1,0.0,0.184,1.002,0.0,535758.6,11172335.272727272,4.2860688,89.37868218181818,bgp_route_flap,real_spec_bgp_route_flap_003
2026-07-18T00:20:59+00:00,station2,0.0,0.067,0.646,0.0,11171370.254545454,536853.6363636364,89.37096203636364,4.294829090909091,bgp_route_flap,real_spec_bgp_route_flap_003
2026-07-18T00:20:59+00:00,station3,0.0,0.095,1.887,0.0,196.89090909090908,1095.3272727272727,0.0015751272727272726,0.008762618181818182,bgp_route_flap,real_spec_bgp_route_flap_003
2026-07-18T00:21:14+00:00,station1,0.0,0.05,0.213,0.0,521910.84968270996,10903164.64534429,4.17528679746168,87.22531716275432,bgp_route_flap,real_spec_bgp_route_flap_003
2026-07-18T00:21:14+00:00,station2,0.0,0.017,0.233,0.0,10900878.418181816,523170.50909090904,87.20702734545453,4.185364072727272,bgp_route_flap,real_spec_bgp_route_flap_003
2026-07-18T00:21:14+00:00,station3,0.0,0.028,0.187,0.0,240.94545454545454,1311.4727272727273,0.0019275636363636362,0.010491781818181818,bgp_route_flap,real_spec_bgp_route_flap_003
2026-07-18T00:21:29+00:00,station1,0.0,0.02,0.265,0.0,318974.48905374936,6643569.42323078,2.551795912429995,53.148555385846244,bgp_route_flap,real_spec_bgp_route_flap_003
2026-07-18T00:21:29+00:00,station2,0.0,0.045,0.254,0.0,6641615.4,320035.98181818175,53.1329232,2.560287854545454,bgp_route_flap,real_spec_bgp_route_flap_003
2026-07-18T00:21:29+00:00,station3,0.0,0.026,0.231,0.0,196.25454545454542,1087.2181818181818,0.0015700363636363633,0.008697745454545455,bgp_route_flap,real_spec_bgp_route_flap_003
2026-07-18T00:21:44+00:00,station1,0.0,0.588,1.171,0.0,435776.45860984345,8877281.031253977,3.4862116688787474,71.01824825003182,bgp_route_flap,real_spec_bgp_route_flap_003
2026-07-18T00:21:44+00:00,station2,0.0,0.837,1.369,0.0,8875814.127272727,437089.309090909,71.00651301818182,3.4967144727272723,bgp_route_flap,real_spec_bgp_route_flap_003
2026-07-18T00:21:44+00:00,station3,0.0,0.19,0.725,0.0,236.58181818181816,1304.6545454545453,0.0018926545454545454,0.010437236363636363,bgp_route_flap,real_spec_bgp_route_flap_003
2026-07-18T00:21:59+00:00,station1,0.0,0.02,0.867,0.0,346965.2909090909,6912503.672727272,2.775722327272727,55.30002938181818,bgp_route_flap,real_spec_bgp_route_flap_003
2026-07-18T00:21:59+00:00,station2,0.0,0.029,0.75,0.0,6911521.49090909,348068.8545454545,55.29217192727272,2.784550836363636,bgp_route_flap,real_spec_bgp_route_flap_003
2026-07-18T00:21:59+00:00,station3,0.0,0.042,0.665,0.0,195.65454545454543,1086.6909090909091,0.0015652363636363634,0.008693527272727273,bgp_route_flap,real_spec_bgp_route_flap_003
2026-07-18T00:22:14+00:00,station1,0.0,0.447,1.215,0.0,570634.6363636364,11380893.709090909,4.5650770909090905,91.04714967272727,bgp_route_flap,real_spec_bgp_route_flap_003
2026-07-18T00:22:14+00:00,station2,0.0,0.163,0.981,0.0,11379142.927272728,571952.2909090909,91.03314341818182,4.5756183272727275,bgp_route_flap,real_spec_bgp_route_flap_003
2026-07-18T00:22:14+00:00,station3,0.0,0.206,0.813,0.0,235.0181818181818,1305.0181818181816,0.0018801454545454544,0.010440145454545453,bgp_route_flap,real_spec_bgp_route_flap_003
2026-07-18T00:22:29+00:00,station1,0.0,0.17,0.83,0.0,548758.4909090908,10966158.8,4.390067927272727,87.7292704,bgp_route_flap,real_spec_bgp_route_flap_003
2026-07-18T00:22:29+00:00,station2,0.0,0.135,0.811,0.0,10964858.49090909,549848.6181818182,87.71886792727273,4.3987889454545455,bgp_route_flap,real_spec_bgp_route_flap_003
2026-07-18T00:22:29+00:00,station3,0.0,0.187,0.853,0.0,193.16363636363633,1086.0545454545454,0.0015453090909090907,0.008688436363636363,bgp_route_flap,real_spec_bgp_route_flap_003
2026-07-18T00:22:44+00:00,station1,0.0,0.549,1.676,0.0,556776.4404283558,11103643.024672277,4.454211523426847,88.82914419737821,bgp_route_flap,real_spec_bgp_route_flap_003
2026-07-18T00:22:44+00:00,station2,0.0,0.773,2.625,0.0,11102375.945454543,558096.6,88.81900756363635,4.4647727999999995,bgp_route_flap,real_spec_bgp_route_flap_003
2026-07-18T00:22:44+00:00,station3,0.0,1212.819,2147.461,0.0,232.83636363636364,1303.8727272727272,0.001862690909090909,0.010430981818181818,bgp_route_flap,real_spec_bgp_route_flap_003
2026-07-18T00:22:59+00:00,station1,0.0,0.714,2.393,0.0,445273.79999999993,8868047.345454546,3.5621903999999995,70.94437876363637,bgp_route_flap,real_spec_bgp_route_flap_003
2026-07-18T00:22:59+00:00,station2,0.0,0.636,2.357,0.0,8866937.672727272,446374.7818181818,70.93550138181817,3.5709982545454544,bgp_route_flap,real_spec_bgp_route_flap_003
2026-07-18T00:22:59+00:00,station3,0.0,1214.016,2136.661,0.0,190.8181818181818,1085.5636363636363,0.0015265454545454545,0.008684509090909091,bgp_route_flap,real_spec_bgp_route_flap_003
2026-07-18T00:23:14+00:00,station1,0.0,0.184,2.194,0.0,557594.3090909091,11102654.8,4.460754472727273,88.82123840000001,bgp_route_flap,real_spec_bgp_route_flap_003
2026-07-18T00:23:14+00:00,station2,0.0,0.394,2.232,0.0,11101443.509090908,558910.3272727273,88.81154807272726,4.471282618181818,bgp_route_flap,real_spec_bgp_route_flap_003
2026-07-18T00:23:14+00:00,station3,0.0,1448.502,2944.99,0.0,230.18181818181816,1304.3272727272727,0.0018414545454545452,0.010434618181818182,bgp_route_flap,real_spec_bgp_route_flap_003
2026-07-18T00:23:29+00:00,station1,0.0,0.138,1.823,0.0,560552.3454545455,11171654.927272728,4.484418763636364,89.37323941818183,bgp_route_flap,real_spec_bgp_route_flap_003
2026-07-18T00:23:29+00:00,station2,0.0,0.13,1.789,0.0,11170000.927272728,561636.4181818181,89.36000741818182,4.493091345454545,bgp_route_flap,real_spec_bgp_route_flap_003
2026-07-18T00:23:29+00:00,station3,0.0,962.69,2018.59,0.0,187.89090909090908,1089.1636363636362,0.0015031272727272726,0.00871330909090909,bgp_route_flap,real_spec_bgp_route_flap_003
2026-07-18T00:23:44+00:00,station1,0.0,0.042,0.243,0.0,554287.0518507744,11043359.064795287,4.434296414806195,88.3468725183623,bgp_route_flap,real_spec_bgp_route_flap_003
2026-07-18T00:23:44+00:00,station2,0.0,0.045,0.203,0.0,11042758.127272727,555617.9090909091,88.34206501818181,4.444943272727272,bgp_route_flap,real_spec_bgp_route_flap_003
2026-07-18T00:23:44+00:00,station3,0.0,0.032,0.205,0.0,241.56363636363633,1315.1272727272726,0.0019325090909090906,0.01052101818181818,bgp_route_flap,real_spec_bgp_route_flap_003
2026-07-18T00:23:59+00:00,station1,0.0,0.018,0.259,0.0,334272.309090909,6643681.781818181,2.6741784727272724,53.149454254545454,bgp_route_flap,real_spec_bgp_route_flap_003
2026-07-18T00:23:59+00:00,station2,0.0,0.024,0.283,0.0,6642604.763636364,335343.7454545454,53.14083810909091,2.6827499636363634,bgp_route_flap,real_spec_bgp_route_flap_003
2026-07-18T00:23:59+00:00,station3,0.0,0.019,0.232,0.0,201.1090909090909,1095.509090909091,0.0016088727272727272,0.008764072727272728,bgp_route_flap,real_spec_bgp_route_flap_003
2026-07-18T00:24:14+00:00,station1,0.0,0.026,0.737,0.0,445547.2545454545,8876541.145454545,3.564378036363636,71.01232916363635,bgp_route_flap,real_spec_bgp_route_flap_003
2026-07-18T00:24:14+00:00,station2,0.0,0.255,1.002,0.0,8875205.399999999,446831.72727272724,71.00164319999999,3.574653818181818,bgp_route_flap,real_spec_bgp_route_flap_003
2026-07-18T00:24:14+00:00,station3,0.0,0.062,0.653,0.0,244.2181818181818,1315.3454545454545,0.0019537454545454544,0.010522763636363636,bgp_route_flap,real_spec_bgp_route_flap_003
2026-07-18T00:24:29+00:00,station1,0.0,1.421,1.739,0.0,339424.70410704875,6769162.8456629645,2.71539763285639,54.153302765303714,bgp_route_flap,real_spec_bgp_route_flap_003
2026-07-18T00:24:29+00:00,station2,0.0,1.451,1.878,0.0,6768197.545454545,340528.98181818175,54.14558036363636,2.724231854545454,bgp_route_flap,real_spec_bgp_route_flap_003
2026-07-18T00:24:29+00:00,station3,0.0,0.685,1.131,0.0,194.25454545454542,1088.9090909090908,0.0015540363636363634,0.008711272727272725,bgp_route_flap,real_spec_bgp_route_flap_003
2026-07-18T00:24:44+00:00,station1,0.0,0.226,0.859,0.0,563148.5737141611,11238010.181262841,4.505188589713288,89.90408145010274,bgp_route_flap,real_spec_bgp_route_flap_003
2026-07-18T00:24:44+00:00,station2,0.0,0.224,0.87,0.0,11236798.781818181,564489.8727272727,89.89439025454546,4.5159189818181815,bgp_route_flap,real_spec_bgp_route_flap_003
2026-07-18T00:24:44+00:00,station3,0.0,0.037,0.612,0.0,233.9272727272727,1306.1272727272726,0.0018714181818181817,0.010449018181818181,bgp_route_flap,real_spec_bgp_route_flap_003
2026-07-18T00:24:59+00:00,station1,0.0,0.207,0.97,0.0,556340.9086777086,11111944.984819012,4.450727269421669,88.89555987855209,bgp_route_flap,real_spec_bgp_route_flap_003
2026-07-18T00:24:59+00:00,station2,0.0,0.287,0.941,0.0,11111403.781818181,557459.9999999999,88.89123025454545,4.459679999999999,bgp_route_flap,real_spec_bgp_route_flap_003
2026-07-18T00:24:59+00:00,station3,0.0,0.328,0.831,0.0,194.56363636363633,1088.1090909090908,0.0015565090909090908,0.008704872727272727,bgp_route_flap,real_spec_bgp_route_flap_003
2026-07-18T00:25:14+00:00,station1,0.0,0.015,0.239,0.0,444985.87272727274,8882952.818181818,3.559886981818182,71.06362254545455,bgp_route_flap,real_spec_bgp_route_flap_003
2026-07-18T00:25:14+00:00,station2,0.0,0.032,0.278,0.0,8881484.563636363,446294.79999999993,71.0518765090909,3.5703583999999995,bgp_route_flap,real_spec_bgp_route_flap_003
2026-07-18T00:25:14+00:00,station3,0.0,0.013,0.195,0.0,234.94545454545454,1306.381818181818,0.0018795636363636364,0.010451054545454544,bgp_route_flap,real_spec_bgp_route_flap_003
2026-07-18T00:25:29+00:00,station1,0.0,1.198,2.72,0.0,334094.8545454545,6648464.272727272,2.672758836363636,53.18771418181817,bgp_route_flap,real_spec_bgp_route_flap_003
2026-07-18T00:25:29+00:00,station2,0.0,1.004,2.531,0.0,6646844.454545454,335168.10909090907,53.174755636363635,2.6813448727272724,bgp_route_flap,real_spec_bgp_route_flap_003
2026-07-18T00:25:29+00:00,station3,0.0,1213.379,2145.377,0.0,190.0,1085.6,0.00152,0.0086848,bgp_route_flap,real_spec_bgp_route_flap_003
2026-07-18T00:25:44+00:00,station1,0.0,0.15,1.83,0.0,446257.0135088453,8882209.59618916,3.5700561080707622,71.05767676951328,bgp_route_flap,real_spec_bgp_route_flap_003
2026-07-18T00:25:44+00:00,station2,0.0,0.419,1.626,0.0,8881298.272727272,447574.23636363633,71.05038618181817,3.580593890909091,bgp_route_flap,real_spec_bgp_route_flap_003
2026-07-18T00:25:44+00:00,station3,0.0,2939.012,5399.883,0.0,219.83636363636364,1311.2545454545455,0.0017586909090909091,0.010490036363636364,bgp_route_flap,real_spec_bgp_route_flap_003
2026-07-18T00:25:59+00:00,station1,0.0,0.82,2.379,0.0,449230.87272727274,8941646.999999998,3.593846981818182,71.53317599999998,bgp_route_flap,real_spec_bgp_route_flap_003
2026-07-18T00:25:59+00:00,station2,0.0,0.987,2.588,0.0,8940204.945454545,450309.0909090909,71.52163956363636,3.602472727272727,bgp_route_flap,real_spec_bgp_route_flap_003
2026-07-18T00:25:59+00:00,station3,0.0,1447.285,3007.603,0.0,190.96363636363634,1092.7272727272725,0.0015277090909090907,0.00874181818181818,bgp_route_flap,real_spec_bgp_route_flap_003
2026-07-18T00:26:14+00:00,station1,0.0,0.576,1.553,0.0,673144.0519263286,13406846.530063089,5.385152415410628,107.2547722405047,bgp_route_flap,real_spec_bgp_route_flap_003
2026-07-18T00:26:14+00:00,station2,0.0,0.455,1.576,0.0,13405111.181818182,674439.7818181817,107.24088945454545,5.395518254545454,bgp_route_flap,real_spec_bgp_route_flap_003
2026-07-18T00:26:14+00:00,station3,0.0,2639.882,5918.115,10.0,252.18181818181816,1321.8545454545454,0.0020174545454545454,0.010574836363636363,bgp_route_flap,real_spec_bgp_route_flap_003
2026-07-18T00:26:29+00:00,station1,0.0,0.057,0.22,0.0,448594.6800967255,8944545.753713569,3.5887574407738043,71.55636602970856,bgp_route_flap,real_spec_bgp_route_flap_003
2026-07-18T00:26:29+00:00,station2,0.0,0.067,0.207,0.0,8943607.799999999,449671.8909090909,71.54886239999999,3.597375127272727,bgp_route_flap,real_spec_bgp_route_flap_003
2026-07-18T00:26:29+00:00,station3,0.0,0.042,0.201,0.0,221.96363636363634,1108.0181818181816,0.0017757090909090907,0.008864145454545452,bgp_route_flap,real_spec_bgp_route_flap_003
2026-07-18T00:26:44+00:00,station1,0.0,0.04,0.765,0.0,441338.7636363636,8882544.218181817,3.5307101090909088,71.06035374545453,bgp_route_flap,real_spec_bgp_route_flap_003
2026-07-18T00:26:44+00:00,station2,0.0,0.041,0.692,0.0,8881011.290909091,442616.0363636363,71.04809032727273,3.5409282909090907,bgp_route_flap,real_spec_bgp_route_flap_003
2026-07-18T00:26:44+00:00,station3,0.0,0.491,1.566,0.0,267.16363636363633,1316.4545454545453,0.0021373090909090906,0.010531636363636363,bgp_route_flap,real_spec_bgp_route_flap_003
2026-07-18T00:26:59+00:00,station1,0.0,0.424,1.072,0.0,324763.5272727273,6648933.709090908,2.5981082181818183,53.191469672727266,bgp_route_flap,real_spec_bgp_route_flap_003
2026-07-18T00:26:59+00:00,station2,0.0,0.198,0.862,0.0,6647252.036363635,325822.61818181816,53.178016290909085,2.6065809454545454,bgp_route_flap,real_spec_bgp_route_flap_003
2026-07-18T00:26:59+00:00,station3,0.0,0.217,2.006,0.0,220.8181818181818,1098.2181818181816,0.0017665454545454545,0.008785745454545453,bgp_route_flap,real_spec_bgp_route_flap_003
2026-07-18T00:27:14+00:00,station1,0.0,0.164,0.898,0.0,425107.0909090909,8881847.98181818,3.400856727272727,71.05478385454545,bgp_route_flap,real_spec_bgp_route_flap_003
2026-07-18T00:27:14+00:00,station2,0.0,0.016,0.755,0.0,8880608.309090909,426404.7636363636,71.04486647272726,3.4112381090909087,bgp_route_flap,real_spec_bgp_route_flap_003
2026-07-18T00:27:14+00:00,station3,0.0,0.149,1.757,0.0,243.4181818181818,1309.3090909090909,0.0019473454545454545,0.010474472727272727,bgp_route_flap,real_spec_bgp_route_flap_003
2026-07-18T00:27:29+00:00,station1,0.0,0.512,1.072,0.0,532814.4363636363,11106694.6,4.26251549090909,88.85355679999999,bgp_route_flap,real_spec_bgp_route_flap_003
2026-07-18T00:27:29+00:00,station2,0.0,0.683,1.363,0.0,11105574.345454544,533900.5636363636,88.84459476363635,4.271204509090909,bgp_route_flap,real_spec_bgp_route_flap_003
2026-07-18T00:27:29+00:00,station3,0.0,0.686,1.729,0.0,199.56363636363633,1091.0545454545454,0.0015965090909090907,0.008728436363636363,bgp_route_flap,real_spec_bgp_route_flap_003
2026-07-18T00:27:44+00:00,station1,0.0,0.05,0.238,0.0,540135.6545454545,11234139.69090909,4.321085236363636,89.87311752727271,bgp_route_flap,real_spec_bgp_route_flap_003
2026-07-18T00:27:44+00:00,station2,0.0,0.037,0.16,0.0,11232629.181818182,541444.7090909091,89.86103345454545,4.331557672727273,bgp_route_flap,real_spec_bgp_route_flap_003
2026-07-18T00:27:44+00:00,station3,0.0,0.049,0.233,0.0,246.74545454545452,1309.509090909091,0.0019739636363636363,0.010476072727272728,bgp_route_flap,real_spec_bgp_route_flap_003
2026-07-18T00:27:59+00:00,station1,0.0,0.067,0.218,0.0,325800.1236386116,6765902.307314679,2.606400989108893,54.12721845851743,bgp_route_flap,real_spec_bgp_route_flap_003
2026-07-18T00:27:59+00:00,station2,0.0,0.024,0.231,0.0,6764669.163636363,326879.6545454545,54.1173533090909,2.615037236363636,bgp_route_flap,real_spec_bgp_route_flap_003
2026-07-18T00:27:59+00:00,station3,0.0,0.061,0.224,0.0,203.2181818181818,1088.2545454545455,0.0016257454545454543,0.008706036363636364,bgp_route_flap,real_spec_bgp_route_flap_003
2026-07-18T00:28:14+00:00,station1,0.0,0.049,0.823,0.0,438099.18181818177,8868855.509090908,3.504793454545454,70.95084407272726,bgp_route_flap,real_spec_bgp_route_flap_003
2026-07-18T00:28:14+00:00,station2,0.0,0.141,0.953,0.0,8867369.363636363,439398.8909090909,70.93895490909091,3.5151911272727268,bgp_route_flap,real_spec_bgp_route_flap_003
2026-07-18T00:28:14+00:00,station3,0.0,0.176,0.728,0.0,246.3272727272727,1310.9454545454544,0.0019706181818181815,0.010487563636363635,bgp_route_flap,real_spec_bgp_route_flap_003
2026-07-18T00:28:29+00:00,station1,0.0,0.04,0.721,0.0,332983.38212032506,6643066.835148452,2.6638670569626006,53.144534681187615,bgp_route_flap,real_spec_bgp_route_flap_003
2026-07-18T00:28:29+00:00,station2,0.0,0.125,0.783,0.0,6642397.981818181,334072.309090909,53.13918385454545,2.672578472727272,bgp_route_flap,real_spec_bgp_route_flap_003
2026-07-18T00:28:29+00:00,station3,0.0,0.147,0.777,0.0,204.0,1092.7636363636364,0.001632,0.00874210909090909,bgp_route_flap,real_spec_bgp_route_flap_003
2026-07-18T00:28:44+00:00,station1,0.0,1.392,1.853,0.0,553044.2189857998,11040602.35640648,4.4243537518863985,88.32481885125183,bgp_route_flap,real_spec_bgp_route_flap_003
2026-07-18T00:28:44+00:00,station2,0.0,1.152,1.792,0.0,11038756.890909089,554333.4545454545,88.3100551272727,4.434667636363636,bgp_route_flap,real_spec_bgp_route_flap_003
2026-07-18T00:28:44+00:00,station3,0.0,0.626,1.273,0.0,244.54545454545453,1311.3272727272727,0.0019563636363636363,0.01049061818181818,bgp_route_flap,real_spec_bgp_route_flap_003
2026-07-18T00:28:59+00:00,station1,0.0,0.166,0.857,0.0,557528.8181818181,11154298.654545454,4.460230545454545,89.23438923636364,bgp_route_flap,real_spec_bgp_route_flap_003
2026-07-18T00:28:59+00:00,station2,0.0,0.07,0.755,0.0,11153206.67272727,558627.6909090909,89.22565338181816,4.469021527272727,bgp_route_flap,real_spec_bgp_route_flap_003
2026-07-18T00:28:59+00:00,station3,0.0,0.088,0.811,0.0,200.56363636363633,1090.3272727272727,0.0016045090909090906,0.008722618181818182,bgp_route_flap,real_spec_bgp_route_flap_003
2026-07-18T00:29:14+00:00,station1,0.0,0.331,1.638,0.0,555634.0545454544,11090290.781818181,4.445072436363636,88.72232625454545,bgp_route_flap,real_spec_bgp_route_flap_003
2026-07-18T00:29:14+00:00,station2,0.0,0.617,1.443,0.0,11088512.436363636,556933.3636363636,88.70809949090908,4.45546690909091,bgp_route_flap,real_spec_bgp_route_flap_003
2026-07-18T00:29:14+00:00,station3,0.0,1446.75,2951.747,0.0,234.47272727272727,1309.2,0.001875781818181818,0.0104736,bgp_route_flap,real_spec_bgp_route_flap_003
2026-07-18T00:29:29+00:00,station1,0.0,0.316,1.656,0.0,444227.3636363636,8854668.163636362,3.553818909090909,70.83734530909089,bgp_route_flap,real_spec_bgp_route_flap_003
2026-07-18T00:29:29+00:00,station2,0.0,0.261,1.736,0.0,8853693.054545455,445314.54545454547,70.82954443636363,3.5625163636363637,bgp_route_flap,real_spec_bgp_route_flap_003
2026-07-18T00:29:29+00:00,station3,0.0,1441.732,2965.867,0.0,189.5272727272727,1090.2545454545455,0.0015162181818181816,0.008722036363636363,bgp_route_flap,real_spec_bgp_route_flap_003
2026-07-18T00:29:44+00:00,station1,0.0,0.399,2.039,0.0,556559.0261995236,11089391.374702279,4.452472209596189,88.71513099761823,bgp_route_flap,real_spec_bgp_route_flap_003
2026-07-18T00:29:44+00:00,station2,0.0,0.13,2.051,0.0,11088281.818181816,557873.1454545454,88.70625454545453,4.462985163636363,bgp_route_flap,real_spec_bgp_route_flap_003
2026-07-18T00:29:44+00:00,station3,0.0,1441.895,2963.717,0.0,231.96363636363634,1307.0363636363634,0.0018557090909090907,0.010456290909090907,bgp_route_flap,real_spec_bgp_route_flap_003
2026-07-18T00:29:59+00:00,station1,0.0,0.118,2.078,0.0,550900.6363636364,10972569.781818181,4.407205090909091,87.78055825454545,bgp_route_flap,real_spec_bgp_route_flap_003
2026-07-18T00:29:59+00:00,station2,0.0,0.481,1.839,0.0,10971352.545454543,551987.8181818181,87.77082036363635,4.415902545454545,bgp_route_flap,real_spec_bgp_route_flap_003
2026-07-18T00:29:59+00:00,station3,0.0,1142.948,4294.109,33.33333333333333,183.4,1085.3636363636363,0.0014672,0.00868290909090909,bgp_route_flap,real_spec_bgp_route_flap_003
2026-07-18T00:30:14+00:00,station1,0.0,0.053,0.218,0.0,570181.4727272727,11375216.29090909,4.561451781818182,91.00173032727271,bgp_route_flap,real_spec_bgp_route_flap_003
2026-07-18T00:30:14+00:00,station2,0.0,0.026,0.177,0.0,11374017.436363636,571498.309090909,90.99213949090908,4.571986472727271,bgp_route_flap,real_spec_bgp_route_flap_003
2026-07-18T00:30:14+00:00,station3,0.0,0.042,0.241,0.0,237.0181818181818,1300.6181818181817,0.0018961454545454543,0.010404945454545454,bgp_route_flap,real_spec_bgp_route_flap_003
2026-07-18T00:30:29+00:00,station1,0.0,0.049,0.253,0.0,346373.7476589632,6907465.26174155,2.7709899812717054,55.259722093932396,bgp_route_flap,real_spec_bgp_route_flap_003
2026-07-18T00:30:29+00:00,station2,0.0,0.024,0.212,0.0,6905902.963636364,347446.0181818182,55.24722370909091,2.7795681454545456,bgp_route_flap,real_spec_bgp_route_flap_003
2026-07-18T00:30:29+00:00,station3,0.0,0.027,0.286,0.0,197.34545454545454,1083.1999999999998,0.0015787636363636364,0.008665599999999999,bgp_route_flap,real_spec_bgp_route_flap_003
2026-07-18T00:30:44+00:00,station1,0.0,0.055,0.791,0.0,445288.39720747585,8875765.835211985,3.562307177659807,71.00612668169587,bgp_route_flap,real_spec_bgp_route_flap_003
2026-07-18T00:30:44+00:00,station2,0.0,0.257,1.293,0.0,8875042.272727272,446630.94545454544,71.00033818181818,3.5730475636363637,bgp_route_flap,real_spec_bgp_route_flap_003
2026-07-18T00:30:44+00:00,station3,0.0,0.17,0.895,0.0,237.63636363636363,1302.8,0.001901090909090909,0.0104224,bgp_route_flap,real_spec_bgp_route_flap_003
2026-07-18T00:30:59+00:00,station1,0.0,0.096,0.922,0.0,333070.5441719241,6643122.725041362,2.664564353375393,53.144981800330896,bgp_route_flap,real_spec_bgp_route_flap_003
2026-07-18T00:30:59+00:00,station2,0.0,0.07,0.811,0.0,6641695.527272727,334139.8181818182,53.13356421818182,2.673118545454545,bgp_route_flap,real_spec_bgp_route_flap_003
2026-07-18T00:30:59+00:00,station3,0.0,0.064,0.643,0.0,199.36363636363635,1085.1818181818182,0.0015949090909090908,0.008681454545454546,bgp_route_flap,real_spec_bgp_route_flap_003
2026-07-18T00:31:14+00:00,station1,0.0,0.225,1.002,0.0,546066.3781975529,10906173.390542334,4.368531025580423,87.24938712433867,bgp_route_flap,real_spec_bgp_route_flap_003
2026-07-18T00:31:14+00:00,station2,0.0,0.207,0.905,0.0,10905250.309090909,547398.5818181818,87.24200247272726,4.379188654545454,bgp_route_flap,real_spec_bgp_route_flap_003
2026-07-18T00:31:14+00:00,station3,0.0,0.112,0.775,0.0,232.36363636363635,1304.1454545454544,0.0018589090909090908,0.010433163636363636,bgp_route_flap,real_spec_bgp_route_flap_003
2026-07-18T00:31:29+00:00,station1,0.0,0.207,0.937,0.0,558386.9999999999,11172662.781818181,4.467095999999999,89.38130225454545,bgp_route_flap,real_spec_bgp_route_flap_003
2026-07-18T00:31:29+00:00,station2,0.0,0.264,0.868,0.0,11171314.054545455,559473.5636363636,89.37051243636364,4.475788509090909,bgp_route_flap,real_spec_bgp_route_flap_003
2026-07-18T00:31:29+00:00,station3,0.0,0.099,0.802,0.0,191.6,1085.7090909090907,0.0015328,0.008685672727272727,bgp_route_flap,real_spec_bgp_route_flap_003
2026-07-18T00:31:44+00:00,station1,0.0,0.043,0.279,0.0,460832.3242240768,9214400.89819815,3.6866585937926146,73.7152071855852,bgp_route_flap,real_spec_bgp_route_flap_003
2026-07-18T00:31:44+00:00,station2,0.0,0.03,0.212,0.0,9212622.672727274,462146.94545454544,73.7009813818182,3.6971755636363635,bgp_route_flap,real_spec_bgp_route_flap_003
2026-07-18T00:31:44+00:00,station3,0.0,0.044,0.269,0.0,235.49090909090907,1303.3636363636363,0.0018839272727272725,0.01042690909090909,bgp_route_flap,real_spec_bgp_route_flap_003
2026-07-18T00:31:59+00:00,station1,0.0,0.43,1.105,0.0,332980.0909090909,6636924.0,2.663840727272727,53.095392,bgp_route_flap,real_spec_bgp_route_flap_003
2026-07-18T00:31:59+00:00,station2,0.0,0.759,1.431,0.0,6635685.090909091,334055.5272727273,53.085480727272724,2.6724442181818184,bgp_route_flap,real_spec_bgp_route_flap_003
2026-07-18T00:31:59+00:00,station3,0.0,0.296,1.012,0.0,194.56363636363633,1085.9818181818182,0.0015565090909090908,0.008687854545454546,bgp_route_flap,real_spec_bgp_route_flap_003
2026-07-18T00:32:14+00:00,station1,0.0,0.885,1.316,0.0,444854.1428025964,8872210.603829162,3.558833142420771,70.9776848306333,bgp_route_flap,real_spec_bgp_route_flap_003
2026-07-18T00:32:14+00:00,station2,0.0,1.507,1.907,0.0,8870294.054545455,446145.6545454545,70.96235243636363,3.5691652363636357,bgp_route_flap,real_spec_bgp_route_flap_003
2026-07-18T00:32:14+00:00,station3,0.0,0.292,0.865,0.0,233.9272727272727,1304.8727272727272,0.0018714181818181817,0.010438981818181817,bgp_route_flap,real_spec_bgp_route_flap_003
2026-07-18T00:32:29+00:00,station1,0.0,0.255,0.863,0.0,430870.4545454545,8596100.399999999,3.446963636363636,68.7688032,bgp_route_flap,real_spec_bgp_route_flap_003
2026-07-18T00:32:29+00:00,station2,0.0,0.066,0.859,0.0,8594709.98181818,431953.2545454545,68.75767985454544,3.455626036363636,bgp_route_flap,real_spec_bgp_route_flap_003
2026-07-18T00:32:29+00:00,station3,0.0,0.032,0.653,0.0,191.6,1086.5272727272727,0.0015328,0.008692218181818182,bgp_route_flap,real_spec_bgp_route_flap_003
2026-07-18T00:32:44+00:00,station1,0.0,0.142,0.816,0.0,654330.8545454546,13064734.09090909,5.234646836363637,104.51787272727272,bgp_route_flap,real_spec_bgp_route_flap_003
2026-07-18T00:32:44+00:00,station2,0.0,0.606,1.529,0.0,13063185.618181817,655614.2181818181,104.50548494545454,5.244913745454545,bgp_route_flap,real_spec_bgp_route_flap_003
2026-07-18T00:32:44+00:00,station3,0.0,0.308,0.895,0.0,232.36363636363635,1303.8727272727272,0.0018589090909090908,0.010430981818181818,bgp_route_flap,real_spec_bgp_route_flap_003
2026-07-18T00:32:59+00:00,station1,0.0,0.046,0.292,0.0,464262.8181818182,9281709.145454545,3.7141025454545455,74.25367316363635,none,
2026-07-18T00:32:59+00:00,station2,0.0,0.036,0.229,0.0,9280733.963636363,465435.0909090909,74.2458717090909,3.7234807272727273,none,
2026-07-18T00:32:59+00:00,station3,0.0,0.039,0.292,0.0,196.1272727272727,1085.1636363636362,0.0015690181818181815,0.00868130909090909,none,
2026-07-18T00:33:14+00:00,station1,0.0,0.128,0.748,0.0,556984.8545454545,11106450.09090909,4.455878836363636,88.85160072727273,none,
2026-07-18T00:33:14+00:00,station2,0.0,0.044,0.794,0.0,11104849.363636363,558285.0545454544,88.83879490909091,4.466280436363635,none,
2026-07-18T00:33:14+00:00,station3,0.0,0.101,0.829,0.0,233.9272727272727,1302.090909090909,0.0018714181818181817,0.010416727272727272,none,
2026-07-18T00:33:29+00:00,station1,0.0,0.053,0.776,0.0,445135.18181818177,8870160.563636363,3.5610814545454543,70.9612845090909,none,
2026-07-18T00:33:29+00:00,station2,0.0,0.008,0.73,0.0,8869103.836363636,446235.16363636364,70.95283069090908,3.569881309090909,none,
2026-07-18T00:33:29+00:00,station3,0.0,0.061,0.719,0.0,193.16363636363633,1083.7272727272727,0.0015453090909090907,0.008669818181818181,none,
2026-07-18T00:33:44+00:00,station1,0.0,0.139,0.942,0.0,557329.6363636364,11106103.436363636,4.45863709090909,88.84882749090909,none,
2026-07-18T00:33:44+00:00,station2,0.0,0.079,0.742,0.0,11104229.509090908,558610.3818181817,88.83383607272727,4.468883054545453,none,
2026-07-18T00:33:44+00:00,station3,0.0,0.165,0.807,0.0,232.7272727272727,1306.2363636363634,0.0018618181818181815,0.010449890909090907,none,
2026-07-18T00:33:59+00:00,station1,0.0,0.56,1.123,0.0,559483.9542537138,11171661.830215095,4.47587163402971,89.37329464172076,none,
2026-07-18T00:33:59+00:00,station2,0.0,0.693,1.367,0.0,11170128.545454543,560555.7272727272,89.36102836363635,4.484445818181817,none,
2026-07-18T00:33:59+00:00,station3,0.0,0.22,0.858,0.0,197.4,1089.509090909091,0.0015792,0.008716072727272726,none,
2026-07-18T00:34:14+00:00,station1,0.0,0.098,0.871,0.0,557070.598716387,11104654.279013108,4.456564789731096,88.83723423210486,none,
2026-07-18T00:34:14+00:00,station2,0.0,0.157,0.834,0.0,11105238.745454544,558442.3636363636,88.84190996363635,4.4675389090909094,none,
2026-07-18T00:34:14+00:00,station3,0.0,0.015,0.818,0.0,238.3272727272727,1308.581818181818,0.0019066181818181817,0.010468654545454545,none,
2026-07-18T00:34:29+00:00,station1,0.0,0.252,0.996,0.0,445545.6479444333,8872149.335418295,3.5643651835554664,70.97719468334635,none,
2026-07-18T00:34:29+00:00,station2,0.0,1.542,1.815,0.0,8870318.709090909,446588.0181818182,70.96254967272728,3.5727041454545456,none,
2026-07-18T00:34:29+00:00,station3,0.0,0.215,0.927,0.0,201.74545454545452,1092.6363636363635,0.0016139636363636362,0.008741090909090908,none,
2026-07-18T00:34:44+00:00,station1,0.0,0.032,0.725,0.0,556762.1220660692,11104311.328472994,4.454096976528553,88.83449062778395,none,
2026-07-18T00:34:44+00:00,station2,0.0,0.196,0.975,0.0,11103999.036363635,558121.4181818182,88.83199229090908,4.464971345454546,none,
2026-07-18T00:34:44+00:00,station3,0.0,0.19,0.771,0.0,239.5272727272727,1305.4,0.0019162181818181815,0.010443200000000001,none,
2026-07-18T00:34:59+00:00,station1,0.0,0.176,0.939,0.0,536044.6363636364,10692238.345454544,4.2883570909090905,85.53790676363636,none,
2026-07-18T00:34:59+00:00,station2,0.0,0.068,0.804,0.0,10690901.127272727,537043.1818181818,85.52720901818182,4.296345454545454,none,
2026-07-18T00:34:59+00:00,station3,0.0,0.023,0.658,0.0,194.56363636363633,1086.8545454545454,0.0015565090909090908,0.008694836363636363,none,
2026-07-18T00:35:14+00:00,station1,0.0,0.038,0.252,0.0,583228.5049362739,11656975.3459028,4.665828039490191,93.2558027672224,none,
2026-07-18T00:35:14+00:00,station2,0.0,0.043,0.192,0.0,11654355.836363636,584570.2363636363,93.2348466909091,4.676561890909091,none,
2026-07-18T00:35:14+00:00,station3,0.0,0.018,0.323,0.0,233.8181818181818,1304.8,0.0018705454545454546,0.0104384,none,
2026-07-18T00:35:29+00:00,station1,0.0,0.208,1.866,0.0,444908.23636363633,8871852.399999999,3.559265890909091,70.97481919999998,none,
2026-07-18T00:35:29+00:00,station2,0.0,0.276,1.798,0.0,8870468.272727272,445981.5818181818,70.96374618181817,3.5678526545454545,none,
2026-07-18T00:35:29+00:00,station3,0.0,1441.727,2965.314,0.0,186.69090909090906,1088.509090909091,0.0014935272727272725,0.008708072727272727,none,
2026-07-18T00:35:44+00:00,station1,0.0,0.124,2.063,0.0,557310.4363636363,11105582.854545454,4.4584834909090905,88.84466283636363,none,
2026-07-18T00:35:44+00:00,station2,0.0,0.603,1.821,0.0,11104097.29090909,558606.0727272726,88.83277832727272,4.468848581818181,none,
2026-07-18T00:35:44+00:00,station3,0.0,763.978,1751.439,0.0,219.9090909090909,1305.6909090909091,0.0017592727272727272,0.010445527272727273,none,
2026-07-18T00:35:59+00:00,station1,0.0,0.431,1.674,0.0,445890.3656297158,8871908.183487572,3.5671229250377263,70.97526546790057,none,
2026-07-18T00:35:59+00:00,station2,0.0,0.334,1.937,0.0,8870747.927272728,446972.0727272727,70.96598341818182,3.5757765818181815,none,
2026-07-18T00:35:59+00:00,station3,0.0,763.978,1751.439,100.0,172.47272727272727,1094.1636363636362,0.0013797818181818181,0.00875330909090909,none,
2026-07-18T00:36:14+00:00,station1,0.0,0.188,1.923,0.0,645368.9703449154,12855323.660430191,5.162951762759323,102.84258928344153,none,
2026-07-18T00:36:14+00:00,station2,0.0,0.164,2.026,0.0,12853497.98181818,646554.5454545454,102.82798385454545,5.172436363636363,none,
2026-07-18T00:36:14+00:00,station3,0.0,0.0,821.998,90.0,243.89090909090908,1344.4,0.0019511272727272726,0.010755200000000001,none,
2026-07-18T00:36:29+00:00,station1,0.0,0.028,0.239,0.0,475948.54545454547,9497916.109090907,3.8075883636363637,75.98332887272726,none,
2026-07-18T00:36:29+00:00,station2,0.0,0.018,0.182,0.0,9496466.709090909,477008.8363636363,75.97173367272727,3.8160706909090902,none,
2026-07-18T00:36:29+00:00,station3,0.0,0.014,0.264,0.0,229.58181818181816,1126.6545454545453,0.0018366545454545453,0.009013236363636363,none,
2026-07-18T00:36:44+00:00,station1,0.0,1.386,1.637,0.0,445020.5636363636,8878036.781818181,3.560164509090909,71.02429425454545,none,
2026-07-18T00:36:44+00:00,station2,0.0,1.317,1.618,0.0,8876414.236363636,446297.98181818175,71.0113138909091,3.570383854545454,none,
2026-07-18T00:36:44+00:00,station3,0.0,0.2,0.604,0.0,271.3454545454545,1338.581818181818,0.0021707636363636363,0.010708654545454544,none,
2026-07-18T00:36:59+00:00,station1,0.0,0.019,0.713,0.0,331865.3975526828,6642649.229986,2.6549231804214624,53.141193839888,none,
2026-07-18T00:36:59+00:00,station2,0.0,0.205,0.914,0.0,6640836.654545454,332915.61818181816,53.126693236363636,2.663324945454545,none,
2026-07-18T00:36:59+00:00,station3,0.0,0.01,0.599,0.0,211.69090909090906,1102.8181818181815,0.0016935272727272724,0.008822545454545453,none,
2026-07-18T00:37:14+00:00,station1,0.0,0.471,1.527,0.0,441775.0727272727,8874781.963636363,3.5342005818181814,70.9982557090909,none,
2026-07-18T00:37:14+00:00,station2,0.0,0.656,1.277,0.0,8873221.399999999,443080.5818181818,70.98577119999999,3.544644654545454,none,
2026-07-18T00:37:14+00:00,station3,0.0,0.29,0.977,0.0,252.7090909090909,1302.6909090909091,0.0020216727272727272,0.010421527272727273,none,
2026-07-18T00:37:29+00:00,station1,0.0,0.07,0.798,0.0,524653.6545454545,10548269.018181818,4.197229236363636,84.38615214545455,none,
2026-07-18T00:37:29+00:00,station2,0.0,0.15,0.792,0.0,10547094.09090909,525662.5818181818,84.37675272727272,4.2053006545454545,none,
2026-07-18T00:37:29+00:00,station3,0.0,0.028,0.951,0.0,197.3090909090909,1088.9272727272726,0.0015784727272727273,0.00871141818181818,none,
2026-07-18T00:37:44+00:00,station1,0.0,0.053,0.235,0.0,585889.8363636363,11793391.436363636,4.687118690909091,94.34713149090908,none,
2026-07-18T00:37:44+00:00,station2,0.0,0.05,0.262,0.0,11791904.127272727,587281.709090909,94.33523301818181,4.698253672727272,none,
2026-07-18T00:37:44+00:00,station3,0.0,0.038,0.286,0.0,233.9272727272727,1304.509090909091,0.0018714181818181817,0.010436072727272728,none,
2026-07-18T00:37:59+00:00,station1,0.0,0.132,0.892,0.0,439001.96352926205,8868230.841954075,3.5120157082340966,70.9458467356326,none,
2026-07-18T00:37:59+00:00,station2,0.0,0.607,1.284,0.0,8867582.327272726,440110.7636363636,70.94065861818181,3.5208861090909087,none,
2026-07-18T00:37:59+00:00,station3,0.0,0.048,0.658,0.0,191.9090909090909,1086.2363636363636,0.0015352727272727274,0.008689890909090909,none,
2026-07-18T00:38:14+00:00,station1,0.0,0.121,0.788,0.0,542982.8724158622,11103113.602065492,4.3438629793268975,88.82490881652394,none,
2026-07-18T00:38:14+00:00,station2,0.0,0.071,0.832,0.0,11101650.963636363,544280.3999999999,88.8132077090909,4.354243199999999,none,
2026-07-18T00:38:14+00:00,station3,0.0,0.015,0.602,0.0,231.27272727272728,1304.7636363636364,0.0018501818181818183,0.01043810909090909,none,
2026-07-18T00:38:29+00:00,station1,0.0,0.124,0.85,0.0,428321.3272727272,8869484.763636362,3.4265706181818176,70.95587810909089,none,
2026-07-18T00:38:29+00:00,station2,0.0,0.143,0.829,0.0,8868384.309090909,429410.4909090909,70.94707447272727,3.435283927272727,none,
2026-07-18T00:38:29+00:00,station3,0.0,0.073,1.095,0.0,193.45454545454544,1091.4727272727273,0.0015476363636363634,0.008731781818181818,none,
2026-07-18T00:38:44+00:00,station1,0.0,0.251,1.058,0.0,611297.6545454545,12713679.709090909,4.890381236363637,101.70943767272728,none,
2026-07-18T00:38:44+00:00,station2,0.0,0.042,0.817,0.0,12712889.254545454,612552.2181818181,101.70311403636363,4.900417745454545,none,
2026-07-18T00:38:44+00:00,station3,0.0,0.099,0.684,0.0,232.69090909090906,1306.2181818181816,0.0018615272727272724,0.010449745454545453,none,
2026-07-18T00:38:59+00:00,station1,0.0,0.046,0.235,0.0,462772.309090909,9639509.836363636,3.7021784727272724,77.11607869090909,none,
2026-07-18T00:38:59+00:00,station2,0.0,0.025,0.165,0.0,9638413.818181816,463865.0181818182,77.10731054545454,3.7109201454545455,none,
2026-07-18T00:38:59+00:00,station3,0.0,0.015,0.257,0.0,197.54545454545453,1088.9818181818182,0.0015803636363636363,0.008711854545454546,none,
2026-07-18T00:39:14+00:00,station1,0.0,0.083,0.687,0.0,429769.14545454545,8881585.236363636,3.4381531636363634,71.05268189090908,none,
2026-07-18T00:39:14+00:00,station2,0.0,0.195,0.893,0.0,8880018.2,431074.2545454545,71.04014559999999,3.448594036363636,none,
2026-07-18T00:39:14+00:00,station3,0.0,0.015,0.613,0.0,234.7272727272727,1304.2,0.0018778181818181815,0.010433600000000001,none,
2026-07-18T00:39:29+00:00,station1,0.0,0.147,0.934,0.0,326312.70909090905,6646099.327272727,2.6105016727272723,53.16879461818182,none,
2026-07-18T00:39:29+00:00,station2,0.0,0.146,0.794,0.0,6644998.381818181,327405.0545454545,53.15998705454545,2.619240436363636,none,
2026-07-18T00:39:29+00:00,station3,0.0,0.08,0.773,0.0,196.69090909090906,1087.290909090909,0.0015735272727272725,0.008698327272727272,none,
2026-07-18T00:39:44+00:00,station1,0.0,0.103,0.9,0.0,441351.9080777412,8878571.296111122,3.5308152646219297,71.02857036888898,none,
2026-07-18T00:39:44+00:00,station2,0.0,0.073,1.103,0.0,8877335.799999999,442671.4909090909,71.01868639999999,3.5413719272727273,none,
2026-07-18T00:39:44+00:00,station3,0.0,0.098,0.812,0.0,233.3090909090909,1301.5272727272725,0.0018664727272727274,0.01041221818181818,none,
2026-07-18T00:39:59+00:00,station1,0.0,0.151,0.843,0.0,518334.7393683751,10409085.2529954,4.146677914947001,83.2726820239632,none,
2026-07-18T00:39:59+00:00,station2,0.0,0.202,0.683,0.0,10407765.309090909,519348.72727272724,83.26212247272727,4.1547898181818175,none,
2026-07-18T00:39:59+00:00,station3,0.0,0.084,0.664,0.0,191.29090909090908,1083.1454545454544,0.0015303272727272726,0.008665163636363635,none,
2026-07-18T00:40:14+00:00,station1,0.0,0.025,0.265,0.0,593220.8181818181,11930888.527272727,4.745766545454545,95.44710821818182,none,
2026-07-18T00:40:14+00:00,station2,0.0,0.031,0.2,0.0,11929368.963636363,594609.6727272726,95.43495170909091,4.756877381818181,none,
2026-07-18T00:40:14+00:00,station3,0.0,0.039,0.276,0.0,232.83636363636364,1302.0545454545454,0.001862690909090909,0.010416436363636363,none,
2026-07-18T00:40:29+00:00,station1,0.0,0.131,0.825,0.0,438938.34545454546,8870290.054545455,3.5115067636363637,70.96232043636364,none,
2026-07-18T00:40:29+00:00,station2,0.0,0.188,1.136,0.0,8869316.745454544,440046.2727272727,70.95453396363635,3.5203701818181816,none,
2026-07-18T00:40:29+00:00,station3,0.0,0.175,0.796,0.0,196.2181818181818,1087.1818181818182,0.0015697454545454542,0.008697454545454546,none,
2026-07-18T00:40:44+00:00,station1,0.0,0.319,1.055,0.0,541397.6146755632,11104243.532170974,4.331180917404505,88.8339482573678,none,
2026-07-18T00:40:44+00:00,station2,0.0,0.228,0.893,0.0,11103305.29090909,542742.109090909,88.82644232727272,4.341936872727272,none,
2026-07-18T00:40:44+00:00,station3,0.0,0.1,0.698,0.0,233.9272727272727,1304.0181818181816,0.0018714181818181817,0.010432145454545452,none,
2026-07-18T00:40:59+00:00,station1,0.0,0.502,1.131,0.0,426497.6545454545,8872584.581818182,3.4119812363636357,70.98067665454546,none,
2026-07-18T00:40:59+00:00,station2,0.0,0.113,1.009,0.0,8871219.127272727,427594.87272727274,70.96975301818182,3.420758981818182,none,
2026-07-18T00:40:59+00:00,station3,0.0,0.342,0.964,0.0,194.56363636363633,1086.581818181818,0.0015565090909090908,0.008692654545454545,none,
2026-07-18T00:41:14+00:00,station1,0.0,0.22,0.932,0.0,602102.1254159014,12578971.982327593,4.816817003327212,100.63177585862074,none,
2026-07-18T00:41:14+00:00,station2,0.0,0.302,1.131,0.0,12578135.254545454,603383.5636363636,100.62508203636364,4.827068509090909,none,
2026-07-18T00:41:14+00:00,station3,0.0,0.026,0.617,0.0,233.9272727272727,1305.509090909091,0.0018714181818181817,0.010444072727272727,none,
2026-07-18T00:41:29+00:00,station1,0.0,0.036,0.246,0.0,467680.0239995636,9770534.717550589,3.741440191996509,78.16427774040471,none,
2026-07-18T00:41:29+00:00,station2,0.0,0.041,0.196,0.0,9769002.745454544,468806.72727272724,78.15202196363636,3.7504538181818177,none,
2026-07-18T00:41:29+00:00,station3,0.0,0.032,0.308,0.0,197.3090909090909,1089.9454545454544,0.0015784727272727273,0.008719563636363635,none,
2026-07-18T00:41:44+00:00,station1,0.0,1.402,1.76,0.0,540558.0909090909,11107168.836363636,4.324464727272727,88.85735069090909,none,
2026-07-18T00:41:44+00:00,station2,0.0,0.864,1.349,0.0,11105750.818181816,541879.0545454544,88.84600654545453,4.335032436363636,none,
2026-07-18T00:41:44+00:00,station3,0.0,0.183,0.872,0.0,232.36363636363635,1305.6363636363635,0.0018589090909090908,0.010445090909090907,none,
2026-07-18T00:41:59+00:00,station1,0.0,0.278,1.108,0.0,438568.2466953945,8872257.295587193,3.508545973563156,70.97805836469755,none,
2026-07-18T00:41:59+00:00,station2,0.0,0.631,1.364,0.0,8870779.818181818,439656.99999999994,70.96623854545454,3.5172559999999997,none,
2026-07-18T00:41:59+00:00,station3,0.0,0.13,0.872,0.0,193.0,1087.4727272727273,0.001544,0.008699781818181818,none,
2026-07-18T00:42:14+00:00,station1,0.0,0.532,1.086,0.0,555306.6727272726,11103740.036363635,4.442453381818181,88.82992029090909,none,
2026-07-18T00:42:14+00:00,station2,0.0,0.097,0.747,0.0,11102582.2,556623.6181818182,88.82065759999999,4.452988945454545,none,
2026-07-18T00:42:14+00:00,station3,0.0,0.099,0.702,0.0,233.9272727272727,1305.9818181818182,0.0018714181818181817,0.010447854545454546,none,
2026-07-18T00:42:29+00:00,station1,0.0,1.388,1.794,0.0,559294.7454545455,11169805.545454543,4.474357963636364,89.35844436363635,none,
2026-07-18T00:42:29+00:00,station2,0.0,0.732,1.245,0.0,11168894.927272728,560406.5272727272,89.35115941818182,4.483252218181818,none,
2026-07-18T00:42:29+00:00,station3,0.0,0.1,0.694,0.0,195.74545454545452,1090.509090909091,0.0015659636363636361,0.008724072727272728,none,
2026-07-18T00:42:44+00:00,station1,0.0,0.223,2.62,0.0,556737.6870352527,11103566.569096232,4.453901496282022,88.82853255276986,none,
2026-07-18T00:42:44+00:00,station2,0.0,0.254,1.817,0.0,11101887.363636363,558035.8363636363,88.8150989090909,4.46428669090909,none,
2026-07-18T00:42:44+00:00,station3,0.0,1441.631,2967.065,0.0,228.03636363636363,1307.6909090909091,0.001824290909090909,0.010461527272727273,none,
2026-07-18T00:42:59+00:00,station1,0.0,0.324,1.792,0.0,444809.7125506809,8868910.510717986,3.5584777004054473,70.9512840857439,none,
2026-07-18T00:42:59+00:00,station2,0.0,0.215,2.336,0.0,8868230.145454545,445925.18181818177,70.94584116363636,3.567401454545454,none,
2026-07-18T00:42:59+00:00,station3,0.0,1142.083,3464.189,20.0,187.58181818181816,1087.9454545454544,0.0015006545454545454,0.008703563636363635,none,
2026-07-18T00:43:14+00:00,station1,0.0,1.339,3.034,0.0,556320.7454545455,11104201.872727271,4.450565963636364,88.83361498181817,none,
2026-07-18T00:43:14+00:00,station2,0.0,0.231,2.471,0.0,11102483.47272727,557613.2,88.81986778181816,4.460905599999999,none,
2026-07-18T00:43:14+00:00,station3,0.0,1420.6,1980.746,0.0,227.56363636363633,1306.109090909091,0.0018205090909090907,0.010448872727272728,none,
2026-07-18T00:43:29+00:00,station1,0.0,0.463,2.384,0.0,510785.69090909086,10200724.018181818,4.086285527272727,81.60579214545454,none,
2026-07-18T00:43:29+00:00,station2,0.0,0.246,2.478,0.0,10200372.454545455,511862.61818181816,81.60297963636364,4.094900945454546,none,
2026-07-18T00:43:29+00:00,station3,0.0,1420.6,1980.746,0.0,188.65454545454543,1093.8727272727272,0.0015092363636363634,0.008750981818181817,none,
2026-07-18T00:43:44+00:00,station1,0.0,0.029,0.263,0.0,607578.4985727533,12149579.13492482,4.860627988582026,97.19663307939855,none,
2026-07-18T00:43:44+00:00,station2,0.0,0.07,0.233,0.0,12148430.49090909,608883.8,97.18744392727272,4.871070400000001,none,
2026-07-18T00:43:44+00:00,station3,0.0,0.017,0.18,0.0,270.4363636363636,1334.3454545454545,0.0021634909090909086,0.010674763636363636,none,
2026-07-18T00:43:59+00:00,station1,0.0,0.022,0.271,0.0,384199.50909090904,7683498.618181818,3.0735960727272724,61.46798894545454,none,
2026-07-18T00:43:59+00:00,station2,0.0,0.024,0.208,0.0,7681586.872727272,385290.50909090904,61.452694981818176,3.0823240727272725,none,
2026-07-18T00:43:59+00:00,station3,0.0,0.039,0.31,0.0,233.25454545454542,1118.490909090909,0.0018660363636363634,0.008947927272727273,none,
2026-07-18T00:44:14+00:00,station1,0.0,0.22,1.06,0.0,445426.4545454545,8878893.963636363,3.563411636363636,71.0311517090909,none,
2026-07-18T00:44:14+00:00,station2,0.0,0.274,1.073,0.0,8877535.036363635,446718.0181818182,71.02028029090908,3.5737441454545453,none,
2026-07-18T00:44:14+00:00,station3,0.0,0.426,0.903,0.0,262.4363636363636,1331.5454545454545,0.0020994909090909088,0.010652363636363637,none,
2026-07-18T00:44:29+00:00,station1,0.0,0.52,1.086,0.0,334066.7830324188,6644007.891052565,2.6725342642593506,53.152063128420515,none,
2026-07-18T00:44:29+00:00,station2,0.0,1.44,1.742,0.0,6642336.381818181,335110.7636363636,53.13869105454545,2.680886109090909,none,
2026-07-18T00:44:29+00:00,station3,0.0,0.204,0.555,0.0,234.87272727272727,1106.9454545454544,0.0018789818181818181,0.008855563636363636,none,
2026-07-18T00:44:44+00:00,station1,0.0,0.229,1.032,0.0,508839.8363636363,10132463.072727272,4.07071869090909,81.05970458181818,none,
2026-07-18T00:44:44+00:00,station2,0.0,0.22,1.03,0.0,10131847.218181817,510186.98181818175,81.05477774545453,4.081495854545454,none,
2026-07-18T00:44:44+00:00,station3,0.0,0.265,0.85,0.0,232.25454545454542,1304.0727272727272,0.0018580363636363634,0.010432581818181817,none,
2026-07-18T00:44:59+00:00,station1,0.0,2.11,2.444,0.0,559618.4026325836,11169975.037725216,4.476947221060669,89.35980030180173,none,
2026-07-18T00:44:59+00:00,station2,0.0,1.424,1.665,0.0,11168920.618181817,560717.6,89.35136494545453,4.485740799999999,none,
2026-07-18T00:44:59+00:00,station3,0.0,0.427,0.797,0.0,196.09090909090907,1087.6181818181817,0.0015687272727272724,0.008700945454545453,none,
2026-07-18T00:45:14+00:00,station1,0.0,1.355,1.9,0.0,554855.0727272726,11101629.69090909,4.438840581818181,88.81303752727271,none,
2026-07-18T00:45:14+00:00,station2,0.0,0.192,0.951,0.0,11100394.49090909,556161.8727272727,88.80315592727273,4.4492949818181815,none,
2026-07-18T00:45:14+00:00,station3,0.0,0.052,0.668,0.0,237.1272727272727,1304.4363636363635,0.0018970181818181815,0.010435490909090907,none,
2026-07-18T00:45:29+00:00,station1,0.0,0.175,0.952,0.0,438246.0181818182,8867921.963636363,3.5059681454545455,70.9433757090909,none,
2026-07-18T00:45:29+00:00,station2,0.0,0.371,1.074,0.0,8866997.836363636,439338.61818181816,70.93598269090909,3.5147089454545455,none,
2026-07-18T00:45:29+00:00,station3,0.0,0.04,0.645,0.0,201.6,1089.3454545454545,0.0016128,0.008714763636363636,none,
2026-07-18T00:45:44+00:00,station1,0.0,0.223,0.838,0.0,540643.4246650061,11103076.81678515,4.325147397320049,88.8246145342812,none,
2026-07-18T00:45:44+00:00,station2,0.0,0.05,0.713,0.0,11101399.98181818,541940.9818181818,88.81119985454545,4.335527854545455,none,
2026-07-18T00:45:44+00:00,station3,0.0,0.024,0.662,0.0,238.2181818181818,1303.090909090909,0.0019057454545454544,0.010424727272727271,none,
2026-07-18T00:45:59+00:00,station1,0.0,1.689,1.93,0.0,483805.84695380257,10060623.929603841,3.8704467756304206,80.48499143683073,none,
2026-07-18T00:45:59+00:00,station2,0.0,1.289,1.812,0.0,10060553.2,484902.5272727272,80.4844256,3.8792202181818176,none,
2026-07-18T00:45:59+00:00,station3,0.0,0.374,0.774,0.0,197.29090909090908,1084.9818181818182,0.0015783272727272727,0.008679854545454545,none,
2026-07-18T00:46:14+00:00,station1,0.0,0.047,0.249,0.0,589392.0181818181,12286831.818181816,4.715136145454545,98.29465454545453,none,
2026-07-18T00:46:14+00:00,station2,0.0,0.108,0.263,0.0,12284240.745454544,590660.309090909,98.27392596363636,4.7252824727272715,none,
2026-07-18T00:46:14+00:00,station3,0.0,0.022,0.244,0.0,236.65454545454543,1303.2,0.0018932363636363634,0.0104256,none,
2026-07-18T00:46:29+00:00,station1,0.0,1.078,1.849,0.0,428925.998654521,8875528.955071911,3.431407989236168,71.00423164057528,none,
2026-07-18T00:46:29+00:00,station2,0.0,1.056,1.716,0.0,8874186.09090909,430016.7636363636,70.99348872727272,3.4401341090909088,none,
2026-07-18T00:46:29+00:00,station3,0.0,1014.116,1426.145,40.0,198.47272727272727,1090.2363636363636,0.0015877818181818182,0.00872189090909091,none,
2026-07-18T00:46:44+00:00,station1,0.0,0.176,2.172,0.0,544965.2344673346,11110242.26776006,4.359721875738677,88.88193814208049,none,
2026-07-18T00:46:44+00:00,station2,0.0,0.228,2.374,0.0,11108454.527272727,546249.7818181817,88.86763621818181,4.369998254545454,none,
2026-07-18T00:46:44+00:00,station3,0.0,830.403,1130.851,0.0,228.65454545454543,1309.909090909091,0.0018292363636363634,0.010479272727272728,none,
2026-07-18T00:46:59+00:00,station1,0.0,0.296,2.133,0.0,442318.0181818182,8876384.909090908,3.5385441454545457,71.01107927272727,none,
2026-07-18T00:46:59+00:00,station2,0.0,0.297,1.919,0.0,8875371.163636362,443406.90909090906,71.0029693090909,3.5472552727272726,none,
2026-07-18T00:46:59+00:00,station3,0.0,830.403,1130.851,100.0,199.1090909090909,1091.6181818181817,0.0015928727272727272,0.008732945454545454,none,
2026-07-18T00:47:14+00:00,station1,0.0,0.37,2.342,0.0,612931.2181818181,12230787.2,4.903449745454545,97.8462976,none,
2026-07-18T00:47:14+00:00,station2,0.0,0.656,2.271,0.0,12229835.618181817,614261.9636363635,97.83868494545453,4.914095709090908,none,
2026-07-18T00:47:14+00:00,station3,0.0,2790.506,4498.759,0.0,230.83636363636364,1315.8363636363636,0.0018466909090909091,0.010526690909090908,none,
2026-07-18T00:47:29+00:00,station1,0.0,0.951,0.948,0.0,506634.90245277184,10118368.31578756,4.053079219622175,80.94694652630048,none,
2026-07-18T00:47:29+00:00,station2,0.0,0.722,0.738,0.0,10116152.636363635,507674.1272727272,80.92922109090908,4.061393018181818,none,
2026-07-18T00:47:29+00:00,station3,0.0,125.677,89.125,0.0,208.47272727272727,1098.0545454545454,0.0016677818181818182,0.008784436363636364,none,
2026-07-18T00:47:44+00:00,station1,0.0,0.359,1.83,0.0,550756.8594650618,11107285.088277543,4.4060548757204945,88.85828070622034,none,
2026-07-18T00:47:44+00:00,station2,0.0,0.192,2.278,0.0,11104547.98181818,552003.5272727272,88.83638385454545,4.416028218181818,none,
2026-07-18T00:47:44+00:00,station3,0.0,2463.243,3877.965,0.0,252.18181818181816,1309.8181818181815,0.0020174545454545454,0.010478545454545452,none,
2026-07-18T00:47:59+00:00,station1,0.0,0.387,2.11,0.0,434147.3636363636,8872352.236363636,3.4731789090909087,70.97881789090908,none,
2026-07-18T00:47:59+00:00,station2,0.0,0.267,1.987,0.0,8871089.127272727,435223.8181818182,70.96871301818182,3.4817905454545452,none,
2026-07-18T00:47:59+00:00,station3,0.0,513.328,4595.958,80.0,193.03636363636363,1094.290909090909,0.0015442909090909091,0.008754327272727272,none,
2026-07-18T00:48:14+00:00,station1,0.0,0.196,1.891,0.0,536478.2996054473,11105588.319787633,4.291826396843579,88.84470655830106,none,
2026-07-18T00:48:14+00:00,station2,0.0,0.43,2.249,0.0,11103688.636363635,537743.9818181818,88.82950909090908,4.301951854545455,none,
2026-07-18T00:48:14+00:00,station3,0.0,1216.016,2130.806,0.0,272.0363636363636,1342.3636363636363,0.002176290909090909,0.01073890909090909,none,
2026-07-18T00:48:29+00:00,station1,0.0,0.176,2.426,0.0,535794.7999999999,11171533.345454544,4.286358399999999,89.37226676363635,none,
2026-07-18T00:48:29+00:00,station2,0.0,0.027,2.137,0.0,11170615.47272727,536884.8727272727,89.36492378181816,4.295078981818182,none,
2026-07-18T00:48:29+00:00,station3,0.0,1216.016,2130.806,100.0,214.47272727272727,1133.3272727272727,0.001715781818181818,0.00906661818181818,none,
2026-07-18T00:48:44+00:00,station1,0.0,0.03,0.268,0.0,488759.8545454545,10190235.163636362,3.910078836363636,81.5218813090909,none,
2026-07-18T00:48:44+00:00,station2,0.0,0.011,0.179,0.0,10188493.763636362,490013.8181818182,81.5079501090909,3.9201105454545453,none,
2026-07-18T00:48:44+00:00,station3,0.0,0.017,0.268,0.0,283.52727272727276,1368.0545454545454,0.0022682181818181823,0.010944436363636362,none,
2026-07-18T00:48:59+00:00,station1,0.0,0.338,0.726,0.0,321315.877518365,6643458.997017965,2.57052702014692,53.14767197614372,none,
2026-07-18T00:48:59+00:00,station2,0.0,0.255,0.557,0.0,6641455.49090909,322338.32727272727,53.13164392727272,2.578706618181818,none,
2026-07-18T00:48:59+00:00,station3,0.0,0.16,0.508,0.0,235.94545454545454,1131.7818181818182,0.0018875636363636364,0.009054254545454546,none,
2026-07-18T00:49:14+00:00,station1,0.0,0.259,0.931,0.0,436413.39999999997,8877458.818181818,3.4913071999999996,71.01967054545455,none,
2026-07-18T00:49:14+00:00,station2,0.0,0.082,0.846,0.0,8876232.309090909,437700.0545454545,71.00985847272727,3.501600436363636,none,
2026-07-18T00:49:14+00:00,station3,0.0,0.108,0.754,0.0,263.6727272727273,1331.6909090909091,0.0021093818181818183,0.010653527272727272,none,
2026-07-18T00:49:29+00:00,station1,0.0,0.178,0.847,0.0,380107.17597221973,7623451.92080432,3.0408574077777577,60.98761536643456,none,
2026-07-18T00:49:29+00:00,station2,0.0,0.092,0.771,0.0,7623457.909090908,381253.50909090904,60.98766327272727,3.0500280727272724,none,
2026-07-18T00:49:29+00:00,station3,0.0,0.04,0.677,0.0,193.49090909090907,1086.509090909091,0.0015479272727272726,0.008692072727272727,none,
2026-07-18T00:49:44+00:00,station1,0.0,0.112,0.659,0.0,602139.1454545454,12090612.69090909,4.817113163636363,96.72490152727272,none,
2026-07-18T00:49:44+00:00,station2,0.0,0.234,0.927,0.0,12090125.836363636,603491.4,96.72100669090909,4.8279312,none,
2026-07-18T00:49:44+00:00,station3,0.0,0.033,0.627,0.0,235.56363636363633,1305.9818181818182,0.0018845090909090907,0.010447854545454546,none,
2026-07-18T00:49:59+00:00,station1,0.0,1.244,1.138,0.0,509762.64067926037,10254731.404883547,4.078101125434083,82.03785123906837,none,
2026-07-18T00:49:59+00:00,station2,0.0,1.021,0.917,0.0,10252763.563636363,510812.8909090909,82.0221085090909,4.086503127272727,none,
2026-07-18T00:49:59+00:00,station3,0.0,0.583,0.692,0.0,196.2,1088.3090909090909,0.0015696,0.008706472727272726,none,
2026-07-18T00:50:14+00:00,station1,0.0,1.343,2.15,0.0,553718.8494336262,11103965.79937817,4.429750795469009,88.83172639502536,none,
2026-07-18T00:50:14+00:00,station2,0.0,0.753,1.469,0.0,11102243.29090909,555038.4909090908,88.81794632727271,4.440307927272727,none,
2026-07-18T00:50:14+00:00,station3,0.0,0.946,1.972,0.0,231.8181818181818,1304.6,0.0018545454545454544,0.0104368,none,
2026-07-18T00:50:29+00:00,station1,0.0,0.077,0.788,0.0,443274.08767750964,8870073.840391295,3.546192701420077,70.96059072313037,none,
2026-07-18T00:50:29+00:00,station2,0.0,0.098,0.917,0.0,8868456.745454544,444331.98181818175,70.94765396363636,3.554655854545454,none,
2026-07-18T00:50:29+00:00,station3,0.0,0.461,2.41,0.0,190.83636363636364,1084.8363636363636,0.0015266909090909091,0.008678690909090908,none,
2026-07-18T00:50:44+00:00,station1,0.0,0.193,0.972,0.0,555847.3454545455,11105737.181818182,4.446778763636364,88.84589745454545,none,
2026-07-18T00:50:44+00:00,station2,0.0,0.174,0.796,0.0,11104079.581818182,557147.2363636363,88.83263665454545,4.45717789090909,none,
2026-07-18T00:50:44+00:00,station3,0.0,0.247,2.189,0.0,240.3272727272727,1315.490909090909,0.0019226181818181817,0.010523927272727272,none,
2026-07-18T00:50:59+00:00,station1,0.0,2.031,2.135,0.0,558582.3378606883,11172014.236622484,4.468658702885507,89.37611389297987,none,
2026-07-18T00:50:59+00:00,station2,0.0,1.138,1.785,0.0,11170316.98181818,559663.1636363636,89.36253585454544,4.477305309090909,none,
2026-07-18T00:50:59+00:00,station3,0.0,0.308,2.516,0.0,205.14545454545453,1098.3454545454545,0.0016411636363636362,0.008786763636363635,none,
2026-07-18T00:51:14+00:00,station1,0.0,0.185,0.468,0.0,556472.2545454545,11109433.181818182,4.451778036363637,88.87546545454545,none,
2026-07-18T00:51:14+00:00,station2,0.0,0.209,0.375,0.0,11107977.4,557756.9090909091,88.86381920000001,4.462055272727272,none,
2026-07-18T00:51:14+00:00,station3,0.0,0.258,0.468,0.0,246.07272727272726,1315.7818181818182,0.001968581818181818,0.010526254545454545,none,
2026-07-18T00:51:29+00:00,station1,0.0,0.208,0.916,0.0,444267.4909090909,8874904.09090909,3.554139927272727,70.99923272727271,none,
2026-07-18T00:51:29+00:00,station2,0.0,0.03,0.719,0.0,8873550.6,445342.5999999999,70.9884048,3.5627407999999994,none,
2026-07-18T00:51:29+00:00,station3,0.0,0.131,0.728,0.0,208.29090909090908,1090.1090909090908,0.0016663272727272726,0.008720872727272726,none,
2026-07-18T00:51:44+00:00,station1,0.0,1.945,2.095,0.0,554380.1792629494,11104949.45730233,4.435041434103595,88.83959565841865,none,
2026-07-18T00:51:44+00:00,station2,0.0,1.757,1.985,0.0,11104051.145454545,555700.1272727272,88.83240916363636,4.445601018181818,none,
2026-07-18T00:51:44+00:00,station3,0.0,0.024,0.705,0.0,238.65454545454543,1304.6909090909091,0.0019092363636363633,0.010437527272727273,none,
2026-07-18T00:51:59+00:00,station1,0.0,0.157,0.824,0.0,484064.309090909,9716732.672727274,3.8725144727272722,77.73386138181819,none,
2026-07-18T00:51:59+00:00,station2,0.0,0.091,0.867,0.0,9716292.872727273,485198.16363636364,77.73034298181818,3.881585309090909,none,
2026-07-18T00:51:59+00:00,station3,0.0,1.529,1.828,0.0,195.1090909090909,1086.7636363636364,0.001560872727272727,0.008694109090909091,none,
2026-07-18T00:52:14+00:00,station1,0.0,0.243,0.602,0.0,627640.8545454546,12623208.509090908,5.021126836363637,100.98566807272726,none,
2026-07-18T00:52:14+00:00,station2,0.0,0.349,0.614,0.0,12621025.47272727,628913.4181818181,100.96820378181816,5.031307345454545,none,
2026-07-18T00:52:14+00:00,station3,0.0,0.247,0.54,0.0,232.83636363636364,1303.0363636363634,0.001862690909090909,0.010424290909090908,none,
2026-07-18T00:52:29+00:00,station1,0.0,0.965,0.961,0.0,442064.34545454546,8871264.709090909,3.536514763636364,70.97011767272727,none,
2026-07-18T00:52:29+00:00,station2,0.0,0.784,0.741,0.0,8870029.436363636,443142.6545454545,70.96023549090908,3.545141236363636,none,
2026-07-18T00:52:29+00:00,station3,0.0,0.039,0.231,0.0,189.74545454545452,1087.4181818181817,0.0015179636363636363,0.008699345454545454,none,
2026-07-18T00:52:44+00:00,station1,0.0,0.155,2.844,0.0,554776.832306042,11106367.552137312,4.438214658448335,88.8509404170985,none,
2026-07-18T00:52:44+00:00,station2,0.0,0.659,2.232,0.0,11104331.836363636,556056.1818181818,88.83465469090909,4.448449454545454,none,
2026-07-18T00:52:44+00:00,station3,0.0,1743.042,3278.4,0.0,232.14545454545453,1310.2727272727273,0.0018571636363636363,0.010482181818181818,none,
2026-07-18T00:52:59+00:00,station1,0.0,0.252,2.395,0.0,444436.4545454545,8872434.909090908,3.555491636363636,70.97947927272726,none,
2026-07-18T00:52:59+00:00,station2,0.0,0.13,2.451,0.0,8871292.836363636,445521.34545454546,70.97034269090909,3.5641707636363638,none,
2026-07-18T00:52:59+00:00,station3,0.0,1743.042,3278.4,0.0,194.96363636363634,1091.7090909090907,0.0015597090909090906,0.008733672727272726,none,
2026-07-18T00:53:14+00:00,station1,0.0,0.811,2.44,0.0,595789.5454545454,11885421.69090909,4.7663163636363635,95.08337352727271,none,
2026-07-18T00:53:14+00:00,station2,0.0,0.54,2.465,0.0,11884439.327272726,597114.6363636364,95.07551461818181,4.776917090909091,none,
2026-07-18T00:53:14+00:00,station3,0.0,837.142,1117.547,0.0,239.78181818181818,1316.490909090909,0.0019182545454545453,0.010531927272727273,none,
2026-07-18T00:53:29+00:00,station1,0.0,2.199,2.604,0.0,524047.22075749584,10469189.628525192,4.192377766059967,83.75351702820153,none,
2026-07-18T00:53:29+00:00,station2,0.0,1.683,2.071,0.0,10466483.545454543,525054.6,83.73186836363635,4.200436799999999,none,
2026-07-18T00:53:29+00:00,station3,0.0,2940.237,5392.356,0.0,209.89090909090908,1094.490909090909,0.0016791272727272727,0.008755927272727273,none,
2026-07-18T00:53:44+00:00,station1,0.0,0.065,0.257,0.0,445456.38853028347,8879436.423804935,3.5636511082422677,71.03549139043947,none,
2026-07-18T00:53:44+00:00,station2,0.0,0.014,0.205,0.0,8877369.654545454,446724.7454545454,71.01895723636363,3.5737979636363635,none,
2026-07-18T00:53:44+00:00,station3,0.0,0.03,0.244,0.0,249.56363636363633,1312.2727272727273,0.0019965090909090906,0.010498181818181818,none,
2026-07-18T00:53:59+00:00,station1,0.0,0.136,0.84,0.0,333700.3236599025,6644714.3610444395,2.66960258927922,53.157714888355514,none,
2026-07-18T00:53:59+00:00,station2,0.0,0.174,0.832,0.0,6642290.618181818,334726.34545454546,53.13832494545454,2.6778107636363635,none,
2026-07-18T00:53:59+00:00,station3,0.0,0.17,0.873,0.0,199.29090909090908,1090.7454545454543,0.0015943272727272726,0.008725963636363635,none,
2026-07-18T00:54:14+00:00,station1,0.0,0.12,0.839,0.0,445959.39999999997,8878563.272727272,3.5676751999999996,71.02850618181817,none,
2026-07-18T00:54:14+00:00,station2,0.0,0.13,0.882,0.0,8876677.545454545,447245.67272727273,71.01342036363636,3.577965381818182,none,
2026-07-18T00:54:14+00:00,station3,0.0,0.169,0.756,0.0,247.5272727272727,1310.2181818181816,0.0019802181818181818,0.010481745454545452,none,
2026-07-18T00:54:29+00:00,station1,0.0,0.666,1.268,0.0,481318.8181818182,9581403.98181818,3.8505505454545452,76.65123185454544,none,
2026-07-18T00:54:29+00:00,station2,0.0,0.723,1.293,0.0,9580328.418181816,482427.3818181818,76.64262734545453,3.8594190545454543,none,
2026-07-18T00:54:29+00:00,station3,0.0,0.152,0.805,0.0,196.36363636363635,1088.3999999999999,0.0015709090909090907,0.008707199999999998,none,
2026-07-18T00:54:44+00:00,station1,0.0,0.099,0.779,0.0,640475.5922404233,12771148.191916805,5.123804737923386,102.16918553533444,none,
2026-07-18T00:54:44+00:00,station2,0.0,0.057,0.785,0.0,12769955.69090909,641806.109090909,102.15964552727272,5.134448872727272,none,
2026-07-18T00:54:44+00:00,station3,0.0,0.012,0.678,0.0,238.87272727272727,1310.7818181818182,0.0019109818181818183,0.010486254545454545,none,
2026-07-18T00:54:59+00:00,station1,0.0,0.028,0.245,0.0,416672.0909090909,8303738.236363635,3.3333767272727273,66.42990589090908,none,
2026-07-18T00:54:59+00:00,station2,0.0,0.031,0.225,0.0,8302565.745454545,417752.72727272724,66.42052596363636,3.3420218181818178,none,
2026-07-18T00:54:59+00:00,station3,0.0,0.034,0.2,0.0,199.5090909090909,1093.1818181818182,0.0015960727272727273,0.008745454545454546,none,
2026-07-18T00:55:14+00:00,station1,0.0,0.639,2.586,0.0,446202.0545454545,8881350.654545454,3.5696164363636362,71.05080523636363,none,
2026-07-18T00:55:14+00:00,station2,0.0,0.759,2.849,0.0,8879346.2,447492.8909090909,71.03476959999999,3.579943127272727,none,
2026-07-18T00:55:14+00:00,station3,0.0,1446.041,2951.938,0.0,227.99999999999997,1309.3454545454545,0.0018239999999999997,0.010474763636363635,none,
2026-07-18T00:55:29+00:00,station1,0.0,0.24,2.357,0.0,333776.63636363635,6646222.672727272,2.670213090909091,53.169781381818176,none,
2026-07-18T00:55:29+00:00,station2,0.0,0.223,2.268,0.0,6644886.236363635,334842.4,53.15908989090908,2.6787392000000003,none,
2026-07-18T00:55:29+00:00,station3,0.0,1446.041,2951.938,0.0,190.94545454545454,1090.3272727272727,0.0015275636363636363,0.008722618181818182,none,
2026-07-18T00:55:44+00:00,station1,0.0,0.106,2.462,0.0,477086.79999999993,9514310.072727272,3.8166943999999994,76.11448058181819,none,
2026-07-18T00:55:44+00:00,station2,0.0,0.026,2.169,0.0,9513029.618181817,478397.63636363635,76.10423694545453,3.827181090909091,none,
2026-07-18T00:55:44+00:00,station3,0.0,533.156,3703.184,40.0,234.9272727272727,1313.4,0.0018794181818181817,0.010507200000000001,none,
2026-07-18T00:55:59+00:00,station1,0.0,0.308,1.977,0.0,558862.7843130125,11170218.123306848,4.4709022745041,89.36174498645478,none,
2026-07-18T00:55:59+00:00,station2,0.0,0.285,1.876,0.0,11169354.98181818,559959.6727272726,89.35483985454545,4.479677381818181,none,
2026-07-18T00:55:59+00:00,station3,0.0,2941.418,5385.495,0.0,195.4,1100.7454545454543,0.0015632,0.008805963636363635,none,
2026-07-18T00:56:14+00:00,station1,0.0,0.019,0.215,0.0,556445.9717449408,11102177.385043364,4.4515677739595265,88.81741908034691,none,
2026-07-18T00:56:14+00:00,station2,0.0,0.025,0.255,0.0,11100366.709090909,557745.1636363636,88.80293367272728,4.461961309090909,none,
2026-07-18T00:56:14+00:00,station3,0.0,0.049,0.254,0.0,250.25454545454542,1315.2363636363634,0.002002036363636363,0.010521890909090907,none,
2026-07-18T00:56:29+00:00,station1,0.0,0.189,2.272,0.0,444594.62211152125,8867226.787629766,3.55675697689217,70.93781430103813,none,
2026-07-18T00:56:29+00:00,station2,0.0,0.247,1.816,0.0,8866173.036363635,445692.98181818175,70.92938429090908,3.565543854545454,none,
2026-07-18T00:56:29+00:00,station3,0.0,1791.099,2837.777,33.33333333333333,215.19999999999996,1093.890909090909,0.0017215999999999998,0.008751127272727272,none,
2026-07-18T00:56:44+00:00,station1,0.0,0.222,2.056,0.0,556581.1742031673,11102410.207458317,4.452649393625339,88.81928165966654,none,
2026-07-18T00:56:44+00:00,station2,0.0,0.127,1.999,0.0,11101037.69090909,557878.0363636364,88.80830152727272,4.463024290909091,none,
2026-07-18T00:56:44+00:00,station3,0.0,1441.625,2963.977,0.0,244.3272727272727,1320.5636363636363,0.0019546181818181816,0.01056450909090909,none,
2026-07-18T00:56:59+00:00,station1,0.0,0.086,2.219,0.0,473812.54545454547,9442851.145454545,3.790500363636364,75.54280916363636,none,
2026-07-18T00:56:59+00:00,station2,0.0,0.245,1.661,0.0,9441671.854545454,474900.16363636364,75.53337483636363,3.799201309090909,none,
2026-07-18T00:56:59+00:00,station3,0.0,1446.419,2952.183,0.0,202.34545454545454,1102.109090909091,0.0016187636363636363,0.008816872727272728,none,
2026-07-18T00:57:14+00:00,station1,0.0,0.044,1.961,0.0,646285.1117211789,12906457.17506318,5.170280893769431,103.25165740050544,none,
2026-07-18T00:57:14+00:00,station2,0.0,0.463,1.902,0.0,12906041.181818182,647612.4727272727,103.24832945454546,5.180899781818181,none,
2026-07-18T00:57:14+00:00,station3,0.0,460.115,1111.751,0.0,251.8181818181818,1318.381818181818,0.0020145454545454546,0.010547054545454545,none,
2026-07-18T00:57:29+00:00,station1,0.0,0.039,0.239,0.0,422885.6929874002,8439139.579280376,3.3830855438992016,67.513116634243,none,
2026-07-18T00:57:29+00:00,station2,0.0,0.041,0.207,0.0,8438013.618181817,423973.8363636363,67.50410894545453,3.3917906909090902,none,
2026-07-18T00:57:29+00:00,station3,0.0,0.029,0.218,0.0,218.36363636363635,1092.8363636363636,0.0017469090909090909,0.008742690909090908,none,
2026-07-18T00:57:44+00:00,station1,0.0,0.337,1.142,0.0,444905.6545454545,8865521.49090909,3.559245236363636,70.92417192727272,none,
2026-07-18T00:57:44+00:00,station2,0.0,0.756,1.517,0.0,8863947.872727271,446195.8545454545,70.91158298181817,3.569566836363636,none,
2026-07-18T00:57:44+00:00,station3,0.0,0.107,0.706,0.0,253.29090909090908,1311.1818181818182,0.0020263272727272727,0.010489454545454547,none,
2026-07-18T00:57:59+00:00,station1,0.0,0.091,0.815,0.0,333114.12727272726,6632217.2,2.664913018181818,53.0577376,none,
2026-07-18T00:57:59+00:00,station2,0.0,0.028,0.749,0.0,6630744.836363635,334186.2545454545,53.04595869090908,2.6734900363636362,none,
2026-07-18T00:57:59+00:00,station3,0.0,0.251,0.781,0.0,205.54545454545453,1091.490909090909,0.0016443636363636363,0.008731927272727273,none,
2026-07-18T00:58:14+00:00,station1,0.0,1.224,1.713,0.0,469729.10909090907,9363189.272727273,3.7578328727272727,74.90551418181819,none,
2026-07-18T00:58:14+00:00,station2,0.0,1.601,1.792,0.0,9362029.581818182,471046.4545454545,74.89623665454546,3.7683716363636357,none,
2026-07-18T00:58:14+00:00,station3,0.0,0.216,0.851,0.0,237.9272727272727,1310.8727272727272,0.0019034181818181816,0.010486981818181817,none,
2026-07-18T00:58:29+00:00,station1,0.0,0.293,0.932,0.0,559120.8545454545,11170657.09090909,4.472966836363636,89.36525672727272,none,
2026-07-18T00:58:29+00:00,station2,0.0,0.522,1.22,0.0,11169230.054545455,560210.1272727272,89.35384043636364,4.481681018181818,none,
2026-07-18T00:58:29+00:00,station3,0.0,0.249,0.936,0.0,196.14545454545453,1088.1090909090908,0.0015691636363636362,0.008704872727272727,none,
2026-07-18T00:58:44+00:00,station1,0.0,0.062,0.234,0.0,538683.9090909091,10752672.454545455,4.309471272727272,86.02137963636363,none,
2026-07-18T00:58:44+00:00,station2,0.0,0.027,0.181,0.0,10750542.345454544,539969.0545454544,86.00433876363635,4.319752436363635,none,
2026-07-18T00:58:44+00:00,station3,0.0,0.036,0.244,0.0,236.58181818181816,1307.381818181818,0.0018926545454545454,0.010459054545454545,none,
2026-07-18T00:58:59+00:00,station1,0.0,0.028,0.209,0.0,333837.0727272727,6643836.381818181,2.6706965818181816,53.15069105454545,none,
2026-07-18T00:58:59+00:00,station2,0.0,0.025,0.276,0.0,6642546.981818181,334921.50909090904,53.140375854545454,2.679372072727272,none,
2026-07-18T00:58:59+00:00,station3,0.0,0.03,0.255,0.0,197.29090909090908,1091.1090909090908,0.0015783272727272727,0.008728872727272727,none,
2026-07-18T00:59:14+00:00,station1,0.0,0.241,0.997,0.0,445487.91752277396,8878028.983399095,3.5639033401821916,71.02423186719275,none,
2026-07-18T00:59:14+00:00,station2,0.0,0.608,1.181,0.0,8875609.036363635,446748.8545454545,71.00487229090908,3.573990836363636,none,
2026-07-18T00:59:14+00:00,station3,0.0,0.11,0.679,0.0,235.56363636363633,1308.0727272727272,0.0018845090909090907,0.010464581818181818,none,
2026-07-18T00:59:29+00:00,station1,0.0,0.161,0.957,0.0,354212.07934112684,7061489.646019309,2.833696634729015,56.49191716815447,none,
2026-07-18T00:59:29+00:00,station2,0.0,1.237,1.645,0.0,7060793.945454544,355325.4909090909,56.486351563636354,2.842603927272727,none,
2026-07-18T00:59:29+00:00,station3,0.0,0.083,0.643,0.0,191.9272727272727,1086.509090909091,0.0015354181818181816,0.008692072727272727,none,
2026-07-18T00:59:44+00:00,station1,0.0,0.571,1.134,0.0,577871.0363636364,11528697.563636363,4.622968290909091,92.2295805090909,none,
2026-07-18T00:59:44+00:00,station2,0.0,0.76,1.357,0.0,11527152.49090909,579197.3636363635,92.21721992727272,4.633578909090908,none,
2026-07-18T00:59:44+00:00,station3,0.0,0.116,0.743,0.0,233.99999999999997,1307.290909090909,0.0018719999999999997,0.010458327272727273,none,
2026-07-18T00:59:59+00:00,station1,0.0,0.122,0.913,0.0,541512.5636363636,10816969.236363636,4.332100509090909,86.53575389090909,none,
2026-07-18T00:59:59+00:00,station2,0.0,0.074,0.861,0.0,10815947.636363635,542601.5636363636,86.52758109090908,4.340812509090909,none,
2026-07-18T00:59:59+00:00,station3,0.0,0.022,0.646,0.0,201.1090909090909,1088.6181818181817,0.0016088727272727272,0.008708945454545454,none,
2026-07-18T01:00:14+00:00,station1,0.0,0.022,0.271,0.0,445454.77852934756,8876954.778529348,3.5636382282347805,71.01563822823478,none,
2026-07-18T01:00:14+00:00,station2,0.0,0.011,0.207,0.0,8874862.127272727,446731.50909090904,70.99889701818182,3.5738520727272722,none,
2026-07-18T01:00:14+00:00,station3,0.0,0.023,0.324,0.0,241.56363636363633,1308.4545454545453,0.0019325090909090906,0.010467636363636363,none,
2026-07-18T01:00:29+00:00,station1,0.0,0.192,0.833,0.0,333789.2545454545,6644503.49090909,2.670314036363636,53.156027927272724,none,
2026-07-18T01:00:29+00:00,station2,0.0,0.545,1.202,0.0,6643339.981818181,334867.7272727273,53.14671985454545,2.6789418181818183,none,
2026-07-18T01:00:29+00:00,station3,0.0,0.38,0.89,0.0,196.83636363636364,1087.3454545454545,0.0015746909090909092,0.008698763636363635,none,
2026-07-18T01:00:44+00:00,station1,0.0,0.065,0.755,0.0,445961.39999999997,8879427.272727272,3.5676911999999996,71.03541818181817,none,
2026-07-18T01:00:44+00:00,station2,0.0,0.253,0.942,0.0,8878057.509090908,447245.8363636363,71.02446007272727,3.5779666909090904,none,
2026-07-18T01:00:44+00:00,station3,0.0,0.143,0.745,0.0,241.4181818181818,1310.0,0.0019313454545454546,0.01048,none,
2026-07-18T01:00:59+00:00,station1,0.0,0.845,1.47,0.0,463359.0247095402,9231323.169512173,3.7068721976763217,73.85058535609738,none,
2026-07-18T01:00:59+00:00,station2,0.0,1.241,1.636,0.0,9229789.49090909,464443.87272727274,73.83831592727272,3.7155509818181818,none,
2026-07-18T01:00:59+00:00,station3,0.0,0.632,1.114,0.0,195.69090909090906,1089.0181818181818,0.0015655272727272726,0.008712145454545454,none,
2026-07-18T01:01:14+00:00,station1,0.0,0.344,0.933,0.0,657401.5454545454,13118245.8,5.2592123636363635,104.9459664,none,
2026-07-18T01:01:14+00:00,station2,0.0,0.166,0.904,0.0,13116706.709090909,658695.6545454545,104.93365367272727,5.269565236363636,none,
2026-07-18T01:01:14+00:00,station3,0.0,0.164,0.745,0.0,238.25454545454542,1309.3090909090909,0.0019060363636363635,0.010474472727272727,none,
2026-07-18T01:01:29+00:00,station1,0.0,0.026,0.282,0.0,445679.3636363636,8875320.272727272,3.5654349090909085,71.00256218181818,none,
2026-07-18T01:01:29+00:00,station2,0.0,0.053,0.249,0.0,8874388.054545455,446765.98181818175,70.99510443636363,3.5741278545454542,none,
2026-07-18T01:01:29+00:00,station3,0.0,0.036,0.272,0.0,199.38181818181818,1088.2545454545455,0.0015950545454545455,0.008706036363636364,none,
2026-07-18T01:01:44+00:00,station1,0.0,0.138,0.816,0.0,557556.1272727272,11110492.09090909,4.4604490181818175,88.88393672727273,none,
2026-07-18T01:01:44+00:00,station2,0.0,0.084,0.776,0.0,11108868.018181818,558859.509090909,88.87094414545454,4.470876072727273,none,
2026-07-18T01:01:44+00:00,station3,0.0,0.124,0.714,0.0,232.54545454545453,1308.2727272727273,0.0018603636363636363,0.010466181818181817,none,
2026-07-18T01:01:59+00:00,station1,0.0,0.229,0.894,0.0,445397.0363636363,8876635.563636363,3.5631762909090905,71.0130845090909,none,
2026-07-18T01:01:59+00:00,station2,0.0,0.126,0.825,0.0,8875393.927272728,446482.2545454545,71.00315141818182,3.5718580363636363,none,
2026-07-18T01:01:59+00:00,station3,0.0,0.178,0.833,0.0,196.4181818181818,1089.9818181818182,0.0015713454545454545,0.008719854545454545,none,
2026-07-18T01:02:14+00:00,station1,0.0,0.375,0.989,0.0,571649.9818181818,11398604.563636363,4.573199854545455,91.1888365090909,none,
2026-07-18T01:02:14+00:00,station2,0.0,0.164,0.925,0.0,11397288.272727272,572965.909090909,91.17830618181817,4.5837272727272715,none,
2026-07-18T01:02:14+00:00,station3,0.0,0.022,0.641,0.0,236.94545454545454,1310.6181818181817,0.0018955636363636363,0.010484945454545454,none,
2026-07-18T01:02:29+00:00,station1,0.0,0.236,0.86,0.0,548508.3731839919,10950466.752731968,4.388066985471935,87.60373402185574,none,
2026-07-18T01:02:29+00:00,station2,0.0,0.152,1.025,0.0,10948381.218181817,549551.2181818181,87.58704974545454,4.396409745454545,none,
2026-07-18T01:02:29+00:00,station3,0.0,0.026,0.619,0.0,198.54545454545453,1089.6909090909091,0.0015883636363636362,0.008717527272727274,none,
2026-07-18T01:02:44+00:00,station1,0.0,0.13,0.801,0.0,556763.3454545455,11105500.527272727,4.454106763636363,88.84400421818182,none,
2026-07-18T01:02:44+00:00,station2,0.0,0.147,0.965,0.0,11104025.254545454,558072.0363636364,88.83220203636363,4.464576290909091,none,
2026-07-18T01:02:44+00:00,station3,0.0,0.151,2.024,0.0,238.96363636363634,1308.6909090909091,0.0019117090909090907,0.010469527272727272,none,
2026-07-18T01:02:59+00:00,station1,0.0,0.939,1.615,0.0,445037.34545454546,8871892.781818181,3.560298763636364,70.97514225454545,none,
2026-07-18T01:02:59+00:00,station2,0.0,0.796,1.277,0.0,8870572.727272727,446128.39999999997,70.96458181818181,3.5690272,none,
2026-07-18T01:02:59+00:00,station3,0.0,0.173,2.587,0.0,193.8,1086.7818181818182,0.0015504000000000002,0.008694254545454545,none,
2026-07-18T01:03:14+00:00,station1,0.0,0.057,0.734,0.0,556561.7920325825,11105960.926562302,4.45249433626066,88.84768741249842,none,
2026-07-18T01:03:14+00:00,station2,0.0,0.075,0.751,0.0,11104208.527272727,557846.7999999999,88.83366821818181,4.4627744,none,
2026-07-18T01:03:14+00:00,station3,0.0,0.309,1.771,0.0,240.25454545454542,1309.4545454545453,0.0019220363636363634,0.010475636363636362,none,
2026-07-18T01:03:29+00:00,station1,0.0,0.31,0.747,0.0,558746.6501827174,11170588.204279767,4.469973201461739,89.36470563423813,none,
2026-07-18T01:03:29+00:00,station2,0.0,0.071,1.12,0.0,11170054.127272727,559882.4181818181,89.36043301818182,4.479059345454544,none,
2026-07-18T01:03:29+00:00,station3,0.0,0.107,2.362,0.0,195.5272727272727,1090.7454545454543,0.0015642181818181816,0.008725963636363635,none,
2026-07-18T01:03:44+00:00,station1,0.0,0.005,0.254,0.0,556606.0181818182,11104715.709090909,4.452848145454546,88.83772567272727,none,
2026-07-18T01:03:44+00:00,station2,0.0,0.05,0.285,0.0,11103238.345454544,557887.2181818181,88.82590676363635,4.4630977454545455,none,
2026-07-18T01:03:44+00:00,station3,0.0,0.01,0.295,0.0,252.6363636363636,1310.709090909091,0.0020210909090909086,0.010485672727272728,none,
2026-07-18T01:03:59+00:00,station1,0.0,0.046,0.83,0.0,445018.4909090909,8871077.290909091,3.560147927272727,70.96861832727272,none,
2026-07-18T01:03:59+00:00,station2,0.0,0.105,0.805,0.0,8869450.654545454,446093.309090909,70.95560523636364,3.5687464727272724,none,
2026-07-18T01:03:59+00:00,station3,0.0,0.142,0.798,0.0,203.18181818181816,1086.5636363636363,0.0016254545454545452,0.00869250909090909,none,
2026-07-18T01:04:14+00:00,station1,0.0,0.115,0.766,0.0,557010.6727272726,11105940.581818182,4.4560853818181805,88.84752465454545,none,
2026-07-18T01:04:14+00:00,station2,0.0,0.161,1.021,0.0,11104133.218181817,558306.9454545454,88.83306574545453,4.466455563636363,none,
2026-07-18T01:04:14+00:00,station3,0.0,0.131,0.914,0.0,242.07272727272726,1305.2727272727273,0.001936581818181818,0.010442181818181817,none,
2026-07-18T01:04:29+00:00,station1,0.0,1.32,1.701,0.0,452833.0363636363,9023970.236363636,3.6226642909090905,72.19176189090909,none,
2026-07-18T01:04:29+00:00,station2,0.0,1.323,1.649,0.0,9022967.327272726,453939.4545454545,72.1837386181818,3.631515636363636,none,
2026-07-18T01:04:29+00:00,station3,0.0,0.039,0.648,0.0,194.65454545454543,1085.5636363636363,0.0015572363636363635,0.008684509090909091,none,
2026-07-18T01:04:44+00:00,station1,0.0,1.228,1.623,0.0,667319.6545454545,13323418.418181816,5.338557236363636,106.58734734545453,none,
2026-07-18T01:04:44+00:00,station2,0.0,1.355,1.705,0.0,13321801.618181817,668621.509090909,106.57441294545454,5.348972072727272,none,
2026-07-18T01:04:44+00:00,station3,0.0,0.199,0.743,0.0,236.65454545454543,1304.381818181818,0.0018932363636363634,0.010435054545454545,none,
2026-07-18T01:04:59+00:00,station1,0.0,0.078,0.308,0.0,444665.7999527247,8873695.619761078,3.5573263996217976,70.98956495808862,none,
2026-07-18T01:04:59+00:00,station2,0.0,0.043,0.349,0.0,8871944.109090907,445719.4545454545,70.97555287272726,3.565755636363636,none,
2026-07-18T01:04:59+00:00,station3,0.0,0.046,0.245,0.0,198.85454545454544,1088.2727272727273,0.0015908363636363636,0.008706181818181818,none,
2026-07-18T01:05:14+00:00,station1,0.0,0.091,0.802,0.0,557150.5736050761,11106390.087813394,4.457204588840608,88.85112070250716,none,
2026-07-18T01:05:14+00:00,station2,0.0,0.107,0.817,0.0,11105367.109090907,558475.7636363636,88.84293687272726,4.467806109090908,none,
2026-07-18T01:05:14+00:00,station3,0.0,0.041,0.652,0.0,235.49090909090907,1303.1818181818182,0.0018839272727272725,0.010425454545454547,none,
2026-07-18T01:05:29+00:00,station1,0.0,0.086,0.806,0.0,445022.19999999995,8872171.854545454,3.5601776,70.97737483636362,none,
2026-07-18T01:05:29+00:00,station2,0.0,0.075,0.812,0.0,8870830.236363636,446108.8363636363,70.96664189090909,3.5688706909090904,none,
2026-07-18T01:05:29+00:00,station3,0.0,0.066,0.736,0.0,190.76363636363632,1083.0545454545454,0.0015261090909090907,0.008664436363636363,none,
2026-07-18T01:05:44+00:00,station1,0.0,0.137,0.889,0.0,561138.0545454546,11190001.4,4.489104436363636,89.5200112,none,
2026-07-18T01:05:44+00:00,station2,0.0,0.229,0.874,0.0,11188327.836363636,562451.1636363636,89.50662269090908,4.499609309090909,none,
2026-07-18T01:05:44+00:00,station3,0.0,0.214,0.875,0.0,231.27272727272728,1300.6727272727271,0.0018501818181818183,0.010405381818181817,none,
2026-07-18T01:05:59+00:00,station1,0.0,1.383,1.696,0.0,558491.2909090909,11163086.07272727,4.467930327272727,89.30468858181817,none,
2026-07-18T01:05:59+00:00,station2,0.0,1.447,1.783,0.0,11161600.47272727,559559.6,89.29280378181817,4.4764767999999995,none,
2026-07-18T01:05:59+00:00,station3,0.0,0.054,0.639,0.0,195.03636363636363,1083.3272727272727,0.001560290909090909,0.008666618181818181,none,
2026-07-18T01:06:14+00:00,station1,0.0,0.029,0.248,0.0,447124.65681194206,8930195.658102876,3.5769972544955366,71.441565264823,none,
2026-07-18T01:06:14+00:00,station2,0.0,0.023,0.256,0.0,8928770.38181818,448422.2727272727,71.43016305454545,3.5873781818181816,none,
2026-07-18T01:06:14+00:00,station3,0.0,0.043,0.258,0.0,237.67272727272726,1302.6909090909091,0.001901381818181818,0.010421527272727273,none,
2026-07-18T01:06:29+00:00,station1,0.0,0.657,1.328,0.0,333573.61042928055,6644131.729667813,2.6685888834342446,53.1530538373425,none,
2026-07-18T01:06:29+00:00,station2,0.0,0.738,1.207,0.0,6642803.8,334644.23636363633,53.142430399999995,2.6771538909090906,none,
2026-07-18T01:06:29+00:00,station3,0.0,0.847,1.524,0.0,194.58181818181816,1084.1272727272726,0.0015566545454545452,0.008673018181818181,none,
2026-07-18T01:06:44+00:00,station1,0.0,1.127,1.504,0.0,444897.383683933,8877896.34733914,3.559179069471464,71.02317077871312,none,
2026-07-18T01:06:44+00:00,station2,0.0,1.325,1.79,0.0,8877133.545454545,446220.99999999994,71.01706836363635,3.5697679999999994,none,
2026-07-18T01:06:44+00:00,station3,0.0,0.379,1.953,0.0,238.2181818181818,1304.2727272727273,0.0019057454545454544,0.010434181818181818,none,
2026-07-18T01:06:59+00:00,station1,0.0,0.2,0.883,0.0,445367.5818181818,8885436.454545455,3.5629406545454545,71.08349163636365,none,
2026-07-18T01:06:59+00:00,station2,0.0,0.139,0.801,0.0,8884047.054545455,446451.50909090904,71.07237643636364,3.571612072727272,none,
2026-07-18T01:06:59+00:00,station3,0.0,0.261,2.161,0.0,195.7272727272727,1086.1636363636362,0.0015658181818181815,0.00868930909090909,none,
2026-07-18T01:07:14+00:00,station1,0.0,0.177,0.89,0.0,668452.6843990328,13352905.150628148,5.347621475192263,106.82324120502518,none,
2026-07-18T01:07:14+00:00,station2,0.0,0.175,0.981,0.0,13352254.309090909,669808.3636363635,106.81803447272726,5.358466909090908,none,
2026-07-18T01:07:14+00:00,station3,0.0,0.395,2.319,0.0,236.18181818181816,1307.2363636363634,0.0018894545454545453,0.010457890909090908,none,
2026-07-18T01:07:29+00:00,station1,0.0,0.027,0.252,0.0,449874.5999999999,8996618.636363635,3.598996799999999,71.97294909090908,none,
2026-07-18T01:07:29+00:00,station2,0.0,0.02,0.174,0.0,8995238.854545454,450956.61818181816,71.96191083636363,3.607652945454545,none,
2026-07-18T01:07:29+00:00,station3,0.0,0.014,0.26,0.0,199.96363636363634,1088.0363636363636,0.0015997090909090907,0.008704290909090908,none,
2026-07-18T01:07:44+00:00,station1,0.0,0.155,0.851,0.0,441003.0363636363,8882809.218181817,3.5280242909090904,71.06247374545454,none,
2026-07-18T01:07:44+00:00,station2,0.0,0.229,0.957,0.0,8880919.509090908,442288.4909090909,71.04735607272727,3.538307927272727,none,
2026-07-18T01:07:44+00:00,station3,0.0,0.059,2.376,0.0,238.9090909090909,1307.4727272727273,0.0019112727272727272,0.010459781818181819,none,
2026-07-18T01:07:59+00:00,station1,0.0,0.085,0.944,0.0,324639.0843469881,6648861.088383425,2.597112674775905,53.1908887070674,none,
2026-07-18T01:07:59+00:00,station2,0.0,0.608,1.172,0.0,6647392.218181818,325707.8181818182,53.17913774545454,2.6056625454545452,none,
2026-07-18T01:07:59+00:00,station3,0.0,0.255,1.894,0.0,201.1090909090909,1091.0363636363636,0.0016088727272727272,0.008728290909090908,none,
2026-07-18T01:08:14+00:00,station1,0.0,0.119,0.919,0.0,427514.41818181815,8882497.109090907,3.4201153454545454,71.05997687272726,none,
2026-07-18T01:08:14+00:00,station2,0.0,0.227,0.891,0.0,8881049.98181818,428800.19999999995,71.04839985454545,3.4304015999999997,none,
2026-07-18T01:08:14+00:00,station3,0.0,0.241,2.265,0.0,238.29090909090908,1306.1454545454544,0.0019063272727272726,0.010449163636363635,none,
2026-07-18T01:08:29+00:00,station1,0.0,0.146,0.916,0.0,531920.5621920399,11056388.479790542,4.255364497536319,88.45110783832433,none,
2026-07-18T01:08:29+00:00,station2,0.0,0.176,0.834,0.0,11055018.49090909,533005.9999999999,88.44014792727272,4.264047999999999,none,
2026-07-18T01:08:29+00:00,station3,0.0,0.235,2.497,0.0,190.29090909090908,1085.1999999999998,0.0015223272727272726,0.0086816,none,
2026-07-18T01:08:44+00:00,station1,0.0,0.026,0.251,0.0,541553.109090909,11295709.509090908,4.332424872727272,90.36567607272727,none,
2026-07-18T01:08:44+00:00,station2,0.0,0.049,0.204,0.0,11294176.818181816,542857.1818181818,90.35341454545453,4.342857454545454,none,
2026-07-18T01:08:44+00:00,station3,0.0,0.062,0.229,0.0,238.2181818181818,1309.0363636363634,0.0019057454545454544,0.010472290909090907,none,
2026-07-18T01:08:59+00:00,station1,0.0,0.029,0.205,0.0,327388.4070619466,6827368.679430535,2.6191072564955724,54.61894943544428,none,
2026-07-18T01:08:59+00:00,station2,0.0,0.014,0.291,0.0,6825645.781818181,328453.8363636363,54.60516625454545,2.6276306909090903,none,
2026-07-18T01:08:59+00:00,station3,0.0,0.019,0.219,0.0,198.85454545454544,1090.381818181818,0.0015908363636363636,0.008723054545454545,none,
2026-07-18T01:09:14+00:00,station1,0.0,0.112,0.854,0.0,426906.65624261374,8878648.533663025,3.41525324994091,71.0291882693042,none,
2026-07-18T01:09:14+00:00,station2,0.0,0.098,0.842,0.0,8877237.254545454,428220.7636363636,71.01789803636363,3.425766109090909,none,
2026-07-18T01:09:14+00:00,station3,0.0,0.097,0.757,0.0,239.3090909090909,1308.709090909091,0.0019144727272727272,0.010469672727272727,none,
2026-07-18T01:09:29+00:00,station1,0.0,0.567,1.156,0.0,320197.14545454545,6644919.0,2.561577163636364,53.159352,none,
2026-07-18T01:09:29+00:00,station2,0.0,0.81,1.285,0.0,6643349.109090908,321283.3818181818,53.14679287272727,2.5702670545454542,none,
2026-07-18T01:09:29+00:00,station3,0.0,0.372,0.897,0.0,195.6,1086.1272727272726,0.0015647999999999999,0.00868901818181818,none,
2026-07-18T01:09:44+00:00,station1,0.0,0.076,1.021,0.0,528018.8545454545,10988371.745454544,4.224150836363636,87.90697396363635,none,
2026-07-18T01:09:44+00:00,station2,0.0,0.247,1.006,0.0,10987471.07272727,529341.7999999999,87.89976858181817,4.2347344,none,
2026-07-18T01:09:44+00:00,station3,0.0,0.216,0.942,0.0,236.1090909090909,1305.1636363636362,0.001888872727272727,0.01044130909090909,none,
2026-07-18T01:09:59+00:00,station1,0.0,0.101,1.073,0.0,536049.4700289075,11172424.95863862,4.288395760231261,89.37939966910896,none,
2026-07-18T01:09:59+00:00,station2,0.0,1.633,2.241,0.0,11171499.454545455,537166.8181818181,89.37199563636364,4.297334545454545,none,
2026-07-18T01:09:59+00:00,station3,0.0,0.174,0.736,0.0,196.74545454545452,1086.3454545454545,0.001573963636363636,0.008690763636363636,none,
2026-07-18T01:10:14+00:00,station1,0.0,0.094,0.961,0.0,537507.1818181818,11108123.818181816,4.300057454545454,88.86499054545453,none,
2026-07-18T01:10:14+00:00,station2,0.0,0.069,1.057,0.0,11106502.854545454,538806.4545454545,88.85202283636363,4.310451636363636,none,
2026-07-18T01:10:14+00:00,station3,0.0,0.103,0.791,0.0,233.45454545454544,1303.581818181818,0.0018676363636363634,0.010428654545454545,none,
2026-07-18T01:10:29+00:00,station1,0.0,0.14,0.789,0.0,435257.8134943001,8872907.874402283,3.4820625079544008,70.98326299521827,none,
2026-07-18T01:10:29+00:00,station2,0.0,0.212,0.873,0.0,8871502.272727272,436346.2909090909,70.97201818181817,3.490770327272727,none,
2026-07-18T01:10:29+00:00,station3,0.0,0.079,0.727,0.0,191.38181818181818,1083.7454545454543,0.0015310545454545455,0.008669963636363635,none,
2026-07-18T01:10:44+00:00,station1,0.0,0.079,0.701,0.0,551800.9381306474,11109526.953075288,4.41440750504518,88.87621562460231,none,
2026-07-18T01:10:44+00:00,station2,0.0,0.069,0.735,0.0,11107117.036363635,553093.8363636363,88.85693629090908,4.42475069090909,none,
2026-07-18T01:10:44+00:00,station3,0.0,0.028,0.659,0.0,235.09090909090907,1304.7818181818182,0.0018807272727272724,0.010438254545454545,none,
2026-07-18T01:10:59+00:00,station1,0.0,0.146,0.98,0.0,547265.509090909,10921065.890909089,4.378124072727272,87.36852712727271,none,
2026-07-18T01:10:59+00:00,station2,0.0,0.128,1.149,0.0,10919637.38181818,548352.6181818182,87.35709905454544,4.386820945454545,none,
2026-07-18T01:10:59+00:00,station3,0.0,0.07,0.707,0.0,195.7272727272727,1087.1090909090908,0.0015658181818181815,0.008696872727272726,none,
2026-07-18T01:11:14+00:00,station1,0.0,0.025,0.26,0.0,571796.7818181817,11429977.98181818,4.574374254545454,91.43982385454544,none,
2026-07-18T01:11:14+00:00,station2,0.0,0.056,0.204,0.0,11428535.98181818,573110.1454545454,91.42828785454545,4.584881163636363,none,
2026-07-18T01:11:14+00:00,station3,0.0,0.027,0.284,0.0,234.94545454545454,1301.7454545454543,0.0018795636363636364,0.010413963636363635,none,
2026-07-18T01:11:29+00:00,station1,0.0,0.08,0.788,0.0,444569.61818181816,8871420.418181818,3.5565569454545454,70.97136334545455,none,
2026-07-18T01:11:29+00:00,station2,0.0,0.135,1.051,0.0,8870960.236363636,445681.0363636363,70.96768189090909,3.5654482909090905,none,
2026-07-18T01:11:29+00:00,station3,0.0,0.191,2.215,0.0,190.2181818181818,1083.9636363636362,0.0015217454545454544,0.008671709090909089,none,
2026-07-18T01:11:44+00:00,station1,0.0,0.291,0.878,0.0,556568.6,11104905.909090908,4.4525488,88.83924727272726,none,
2026-07-18T01:11:44+00:00,station2,0.0,0.432,1.032,0.0,11104187.218181817,557892.1636363636,88.83349774545454,4.463137309090909,none,
2026-07-18T01:11:44+00:00,station3,0.0,0.236,2.324,0.0,241.56363636363633,1307.9272727272726,0.0019325090909090906,0.01046341818181818,none,
2026-07-18T01:11:59+00:00,station1,0.0,0.028,0.707,0.0,444987.34522445867,8870997.618138513,3.559898761795669,70.9679809451081,none,
2026-07-18T01:11:59+00:00,station2,0.0,0.188,0.932,0.0,8869833.89090909,446059.1272727272,70.95867112727272,3.5684730181818174,none,
2026-07-18T01:11:59+00:00,station3,0.0,0.507,2.211,0.0,202.2,1091.581818181818,0.0016175999999999999,0.008732654545454546,none,
2026-07-18T01:12:14+00:00,station1,0.0,0.335,1.34,0.0,655374.6,13081895.29090909,5.2429968,104.65516232727272,none,
2026-07-18T01:12:14+00:00,station2,0.0,0.027,0.693,0.0,13080496.127272727,656676.8363636363,104.64396901818182,5.25341469090909,none,
2026-07-18T01:12:14+00:00,station3,0.0,0.103,2.067,0.0,242.18181818181816,1310.581818181818,0.0019374545454545454,0.010484654545454546,none,
2026-07-18T01:12:29+00:00,station1,0.0,0.015,0.174,0.0,463711.54545454547,9267502.8,3.7096923636363637,74.1400224,none,
2026-07-18T01:12:29+00:00,station2,0.0,0.041,0.219,0.0,9266050.309090909,464794.8909090909,74.12840247272727,3.718359127272727,none,
2026-07-18T01:12:29+00:00,station3,0.0,0.035,0.251,0.0,195.6,1087.4181818181817,0.0015647999999999999,0.008699345454545454,none,
2026-07-18T01:12:44+00:00,station1,0.0,0.209,1.0,0.0,445053.6545454545,8876546.436363636,3.560429236363636,71.01237149090909,none,
2026-07-18T01:12:44+00:00,station2,0.0,0.232,1.028,0.0,8875156.563636363,446355.99999999994,71.0012525090909,3.5708479999999994,none,
2026-07-18T01:12:44+00:00,station3,0.0,0.203,0.735,0.0,233.8181818181818,1306.6545454545453,0.0018705454545454546,0.010453236363636362,none,
2026-07-18T01:12:59+00:00,station1,0.0,0.107,0.831,0.0,333687.43636363634,6643276.636363636,2.6694994909090908,53.146213090909086,none,
2026-07-18T01:12:59+00:00,station2,0.0,0.031,0.746,0.0,6641676.545454545,334761.3818181818,53.13341236363636,2.678091054545454,none,
2026-07-18T01:12:59+00:00,station3,0.0,0.098,0.654,0.0,195.0,1089.581818181818,0.00156,0.008716654545454545,none,
2026-07-18T01:13:14+00:00,station1,0.0,0.045,0.732,0.0,445222.61413428845,8876074.998636387,3.5617809130743074,71.0085999890911,none,
2026-07-18T01:13:14+00:00,station2,0.0,0.243,0.907,0.0,8874480.781818181,446530.61818181816,70.99584625454546,3.5722449454545453,none,
2026-07-18T01:13:14+00:00,station3,0.0,0.038,0.632,0.0,233.27272727272728,1307.0545454545454,0.0018661818181818183,0.010456436363636364,none,
2026-07-18T01:13:29+00:00,station1,0.0,0.22,1.001,0.0,540329.3636363636,10779705.163636362,4.322634909090909,86.2376413090909,none,
2026-07-18T01:13:29+00:00,station2,0.0,0.191,0.856,0.0,10778558.345454544,541355.2545454545,86.22846676363635,4.330842036363636,none,
2026-07-18T01:13:29+00:00,station3,0.0,0.115,0.712,0.0,189.74545454545452,1084.2727272727273,0.0015179636363636363,0.008674181818181819,none,
2026-07-18T01:13:44+00:00,station1,0.0,0.048,0.28,0.0,578844.8545454546,11566465.781818181,4.630758836363637,92.53172625454545,none,
2026-07-18T01:13:44+00:00,station2,0.0,0.026,0.207,0.0,11565104.67272727,580238.6545454545,92.52083738181815,4.641909236363636,none,
2026-07-18T01:13:44+00:00,station3,0.0,0.055,0.254,0.0,233.63636363636363,1305.2727272727273,0.001869090909090909,0.010442181818181817,none,
2026-07-18T01:13:59+00:00,station1,0.0,0.972,1.489,0.0,444779.87272727274,8866839.472727273,3.558238981818182,70.93471578181818,none,
2026-07-18T01:13:59+00:00,station2,0.0,1.817,2.039,0.0,8865547.927272728,445860.7818181818,70.92438341818182,3.5668862545454543,none,
2026-07-18T01:13:59+00:00,station3,0.0,0.175,0.755,0.0,192.63636363636363,1085.7090909090907,0.001541090909090909,0.008685672727272727,none,
2026-07-18T01:14:14+00:00,station1,0.0,0.045,0.769,0.0,557059.3999999999,11100958.727272727,4.456475199999999,88.80766981818181,none,
2026-07-18T01:14:14+00:00,station2,0.0,0.043,0.729,0.0,11099539.218181817,558370.8545454545,88.79631374545454,4.466966836363636,none,
2026-07-18T01:14:14+00:00,station3,0.0,0.245,0.792,0.0,231.99999999999997,1303.9818181818182,0.0018559999999999998,0.010431854545454545,none,
2026-07-18T01:14:29+00:00,station1,0.0,0.628,1.183,0.0,445405.50909090904,8865309.236363636,3.5632440727272723,70.92247389090909,none,
2026-07-18T01:14:29+00:00,station2,0.0,0.612,1.439,0.0,8864536.999999998,446502.8363636363,70.91629599999999,3.5720226909090904,none,
2026-07-18T01:14:29+00:00,station3,0.0,0.297,0.915,0.0,191.23636363636362,1083.0181818181818,0.001529890909090909,0.008664145454545455,none,
2026-07-18T01:14:44+00:00,station1,0.0,1.777,1.987,0.0,649740.0181818181,12937853.745454544,5.197920145454544,103.50282996363636,none,
2026-07-18T01:14:44+00:00,station2,0.0,2.697,2.668,0.0,12936338.890909089,650963.0363636364,103.4907111272727,5.207704290909091,none,
2026-07-18T01:14:44+00:00,station3,0.0,0.156,0.533,0.0,231.63636363636363,1305.3454545454545,0.001853090909090909,0.010442763636363636,none,
2026-07-18T01:14:59+00:00,station1,0.0,0.054,0.288,0.0,471532.16363636364,9403268.218181817,3.772257309090909,75.22614574545453,none,
2026-07-18T01:14:59+00:00,station2,0.0,0.014,0.205,0.0,9402166.072727272,472730.2909090909,75.21732858181818,3.7818423272727273,none,
2026-07-18T01:14:59+00:00,station3,0.0,0.042,0.264,0.0,192.27272727272728,1086.1818181818182,0.0015381818181818183,0.008689454545454545,none,
2026-07-18T01:15:14+00:00,station1,0.0,1.397,1.723,0.0,556211.1454545454,11101525.309090909,4.449689163636363,88.81220247272726,none,
2026-07-18T01:15:14+00:00,station2,0.0,1.344,1.88,0.0,11099952.127272727,557528.6181818182,88.79961701818182,4.460228945454546,none,
2026-07-18T01:15:14+00:00,station3,0.0,0.337,0.669,0.0,233.27272727272728,1305.6363636363635,0.0018661818181818183,0.010445090909090907,none,
2026-07-18T01:15:29+00:00,station1,0.0,0.099,0.686,0.0,443389.5818181818,8867501.054545455,3.547116654545454,70.94000843636364,none,
2026-07-18T01:15:29+00:00,station2,0.0,0.631,1.185,0.0,8866214.309090909,444495.99999999994,70.92971447272727,3.5559679999999996,none,
2026-07-18T01:15:29+00:00,station3,0.0,0.118,0.682,0.0,191.3090909090909,1082.8181818181818,0.0015304727272727272,0.008662545454545454,none,
2026-07-18T01:15:44+00:00,station1,0.0,0.077,0.941,0.0,553382.1636363636,11102968.127272727,4.427057309090909,88.82374501818181,none,
2026-07-18T01:15:44+00:00,station2,0.0,0.049,0.853,0.0,11101626.309090909,554713.4181818182,88.81301047272727,4.4377073454545455,none,
2026-07-18T01:15:44+00:00,station3,0.0,0.24,0.784,0.0,233.27272727272728,1303.3272727272727,0.0018661818181818183,0.01042661818181818,none,
2026-07-18T01:15:59+00:00,station1,0.0,1.192,1.77,0.0,555213.3207265851,11169876.193246905,4.441706565812681,89.35900954597524,none,
2026-07-18T01:15:59+00:00,station2,0.0,1.471,1.761,0.0,11168349.709090909,556283.7090909091,89.34679767272728,4.450269672727273,none,
2026-07-18T01:15:59+00:00,station3,0.0,0.147,0.823,0.0,192.27272727272728,1084.509090909091,0.0015381818181818183,0.008676072727272726,none,
2026-07-18T01:16:14+00:00,station1,0.0,0.183,0.921,0.0,553227.7636363636,11102811.254545454,4.425822109090908,88.82249003636363,none,
2026-07-18T01:16:14+00:00,station2,0.0,0.031,0.972,0.0,11101421.727272727,554532.9636363636,88.8113738181818,4.436263709090909,none,
2026-07-18T01:16:14+00:00,station3,0.0,0.016,0.645,0.0,232.25454545454542,1304.6727272727271,0.0018580363636363634,0.010437381818181816,none,
2026-07-18T01:16:29+00:00,station1,0.0,0.08,0.783,0.0,442950.6172839506,8868433.60788378,3.543604938271605,70.94746886307024,none,
2026-07-18T01:16:29+00:00,station2,0.0,0.055,0.768,0.0,8866989.436363636,444036.0181818182,70.93591549090908,3.5522881454545456,none,
2026-07-18T01:16:29+00:00,station3,0.0,0.074,0.752,0.0,189.2,1083.4545454545453,0.0015136,0.008667636363636362,none,
2026-07-18T01:16:44+00:00,station1,0.0,1.419,1.868,0.0,555423.3272727273,11100955.890909089,4.443386618181818,88.80764712727272,none,
2026-07-18T01:16:44+00:00,station2,0.0,1.648,1.843,0.0,11099283.47272727,556726.4545454545,88.79426778181816,4.4538116363636355,none,
2026-07-18T01:16:44+00:00,station3,0.0,0.559,1.051,0.0,232.36363636363635,1305.8181818181815,0.0018589090909090908,0.010446545454545451,none,
2026-07-18T01:16:59+00:00,station1,0.0,0.109,0.935,0.0,529307.6307703496,10560864.420646898,4.234461046162797,84.4869153651752,none,
2026-07-18T01:16:59+00:00,station2,0.0,1.323,1.722,0.0,10559801.854545454,530323.7636363636,84.47841483636363,4.242590109090909,none,
2026-07-18T01:16:59+00:00,station3,0.0,0.193,0.785,0.0,193.0,1086.890909090909,0.001544,0.008695127272727272,none,
2026-07-18T01:17:14+00:00,station1,0.0,0.033,0.252,0.0,590096.380065817,11787122.906856239,4.720771040526536,94.2969832548499,none,
2026-07-18T01:17:14+00:00,station2,0.0,0.044,0.202,0.0,11785857.98181818,591419.4,94.28686385454544,4.7313552,none,
2026-07-18T01:17:14+00:00,station3,0.0,0.009,0.25,0.0,239.63636363636363,1304.9454545454544,0.001917090909090909,0.010439563636363634,none,
2026-07-18T01:17:29+00:00,station1,0.0,0.042,0.223,0.0,366324.2,7319173.709090908,2.9305936,58.55338967272726,none,
2026-07-18T01:17:29+00:00,station2,0.0,0.056,0.245,0.0,7318077.290909091,367500.7636363636,58.54461832727273,2.940006109090909,none,
2026-07-18T01:17:29+00:00,station3,0.0,0.035,0.269,0.0,198.03636363636363,1083.1818181818182,0.001584290909090909,0.008665454545454546,none,
2026-07-18T01:17:44+00:00,station1,0.0,0.096,0.901,0.0,445569.20531607367,8881129.302038072,3.5645536425285895,71.04903441630458,none,
2026-07-18T01:17:44+00:00,station2,0.0,0.231,0.905,0.0,8880174.49090909,446904.69090909086,71.04139592727272,3.575237527272727,none,
2026-07-18T01:17:44+00:00,station3,0.0,0.041,0.618,0.0,244.25454545454542,1304.4727272727273,0.0019540363636363633,0.010435781818181819,none,
2026-07-18T01:17:59+00:00,station1,0.0,0.5,1.231,0.0,333451.10909090907,6647985.345454545,2.6676088727272727,53.183882763636355,none,
2026-07-18T01:17:59+00:00,station2,0.0,0.485,1.141,0.0,6646387.5636363635,334527.2909090909,53.171100509090905,2.676218327272727,none,
2026-07-18T01:17:59+00:00,station3,0.0,0.066,0.664,0.0,200.74545454545452,1087.0727272727272,0.0016059636363636362,0.008696581818181818,none,
2026-07-18T01:18:14+00:00,station1,0.0,1.266,1.615,0.0,525511.8097350764,10498829.863447098,4.204094477880611,83.99063890757678,none,
2026-07-18T01:18:14+00:00,station2,0.0,1.61,1.818,0.0,10496764.454545455,526790.1272727272,83.97411563636363,4.214321018181818,none,
2026-07-18T01:18:14+00:00,station3,0.0,0.514,0.985,0.0,239.63636363636363,1305.8727272727272,0.001917090909090909,0.010446981818181817,none,
2026-07-18T01:18:29+00:00,station1,0.0,0.415,1.238,0.0,558336.8909090909,11171171.47272727,4.466695127272727,89.36937178181816,none,
2026-07-18T01:18:29+00:00,station2,0.0,0.68,1.196,0.0,11170054.781818181,559424.6909090909,89.36043825454546,4.475397527272728,none,
2026-07-18T01:18:29+00:00,station3,0.0,0.083,0.719,0.0,198.03636363636363,1084.6,0.001584290909090909,0.0086768,none,
2026-07-18T01:18:44+00:00,station1,0.0,0.03,0.249,0.0,480627.397858065,9621166.900012728,3.8450191828645197,76.96933520010182,none,
2026-07-18T01:18:44+00:00,station2,0.0,0.058,0.262,0.0,9619101.109090907,481980.0363636363,76.95280887272726,3.8558402909090908,none,
2026-07-18T01:18:44+00:00,station3,0.0,0.032,0.29,0.0,236.58181818181816,1307.2181818181816,0.0018926545454545454,0.010457745454545453,none,
2026-07-18T01:18:59+00:00,station1,0.0,0.085,1.103,0.0,330707.0492190767,6646099.656357389,2.6456563937526134,53.168797250859114,none,
2026-07-18T01:18:59+00:00,station2,0.0,0.09,0.794,0.0,6644946.254545454,331791.8181818182,53.15957003636363,2.6543345454545455,none,
2026-07-18T01:18:59+00:00,station3,0.0,0.027,0.632,0.0,197.2181818181818,1088.6727272727271,0.0015777454545454544,0.008709381818181816,none,
2026-07-18T01:19:14+00:00,station1,0.0,0.16,0.886,0.0,432309.4952360171,8880820.823332606,3.4584759618881367,71.04656658666084,none,
2026-07-18T01:19:14+00:00,station2,0.0,0.008,0.767,0.0,8878704.418181818,433573.5272727272,71.02963534545454,3.468588218181818,none,
2026-07-18T01:19:14+00:00,station3,0.0,0.085,0.803,0.0,235.49090909090907,1306.4363636363635,0.0018839272727272725,0.010451490909090907,none,
2026-07-18T01:19:29+00:00,station1,0.0,0.145,0.741,0.0,392952.5636363636,8197486.618181818,3.143620509090909,65.57989294545455,none,
2026-07-18T01:19:29+00:00,station2,0.0,0.071,0.766,0.0,8196613.509090909,394043.10909090907,65.57290807272727,3.1523448727272725,none,
2026-07-18T01:19:29+00:00,station3,0.0,0.008,0.646,0.0,192.4,1085.9454545454544,0.0015392000000000001,0.008687563636363634,none,
2026-07-18T01:19:44+00:00,station1,0.0,1.407,1.896,0.0,606522.335957528,12666169.760549808,4.852178687660224,101.32935808439846,none,
2026-07-18T01:19:44+00:00,station2,0.0,1.465,1.798,0.0,12664705.145454545,607758.1454545454,101.31764116363635,4.862065163636363,none,
2026-07-18T01:19:44+00:00,station3,0.0,0.203,0.819,0.0,235.56363636363633,1305.4,0.0018845090909090907,0.010443200000000001,none,
2026-07-18T01:19:59+00:00,station1,0.0,0.03,0.257,0.0,462675.50909090904,9682280.454545455,3.7014040727272723,77.45824363636365,none,
2026-07-18T01:19:59+00:00,station2,0.0,0.066,0.251,0.0,9681194.945454543,463844.1272727272,77.44955956363634,3.710753018181818,none,
2026-07-18T01:19:59+00:00,station3,0.0,0.029,0.287,0.0,196.2,1087.2363636363636,0.0015696,0.00869789090909091,none,
2026-07-18T01:20:14+00:00,station1,0.0,1.005,2.551,0.0,540212.2363636363,11102682.163636362,4.321697890909091,88.8214573090909,none,
2026-07-18T01:20:14+00:00,station2,0.0,2.06,3.595,0.0,11101701.0,541538.4545454545,88.813608,4.332307636363636,none,
2026-07-18T01:20:14+00:00,station3,0.0,1448.835,2941.338,0.0,230.18181818181816,1304.4727272727273,0.0018414545454545452,0.010435781818181819,none,
2026-07-18T01:20:29+00:00,station1,0.0,0.525,2.252,0.0,438505.90909090906,8867293.363636363,3.5080472727272727,70.93834690909091,none,
2026-07-18T01:20:29+00:00,station2,0.0,0.265,1.978,0.0,8866031.181818182,439584.4727272727,70.92824945454545,3.5166757818181815,none,
2026-07-18T01:20:29+00:00,station3,0.0,1441.827,2967.508,0.0,185.38181818181818,1087.1636363636362,0.0014830545454545454,0.00869730909090909,none,
2026-07-18T01:20:44+00:00,station1,0.0,0.199,2.065,0.0,555656.9880547626,11101935.255722621,4.445255904438101,88.81548204578097,none,
2026-07-18T01:20:44+00:00,station2,0.0,0.233,2.117,0.0,11100979.327272726,556972.3272727273,88.80783461818181,4.455778618181818,none,
2026-07-18T01:20:44+00:00,station3,0.0,1747.287,3265.218,0.0,223.5090909090909,1308.290909090909,0.0017880727272727272,0.010466327272727272,none,
2026-07-18T01:20:59+00:00,station1,0.0,1.113,2.247,0.0,559704.8545454546,11170357.363636363,4.477638836363637,89.3628589090909,none,
2026-07-18T01:20:59+00:00,station2,0.0,1.126,2.359,0.0,11169236.763636362,560780.3454545455,89.35389410909089,4.486242763636364,none,
2026-07-18T01:20:59+00:00,station3,0.0,501.328,9495.473,80.0,202.2181818181818,1101.7636363636364,0.0016177454545454543,0.008814109090909092,none,
2026-07-18T01:21:14+00:00,station1,0.0,0.067,0.233,0.0,488963.6545454545,9758584.472727273,3.911709236363636,78.06867578181819,none,
2026-07-18T01:21:14+00:00,station2,0.0,0.059,0.263,0.0,9756538.345454544,490282.63636363635,78.05230676363635,3.9222610909090907,none,
2026-07-18T01:21:14+00:00,station3,0.0,0.034,0.276,0.0,244.67272727272726,1320.1272727272726,0.001957381818181818,0.01056101818181818,none,
2026-07-18T01:21:29+00:00,station1,0.0,0.713,1.299,0.0,333777.30305619695,6645652.382597313,2.6702184244495757,53.165219060778504,none,
2026-07-18T01:21:29+00:00,station2,0.0,0.695,1.287,0.0,6644747.290909091,334856.63636363635,53.15797832727273,2.6788530909090906,none,
2026-07-18T01:21:29+00:00,station3,0.0,0.034,0.66,0.0,205.94545454545454,1096.709090909091,0.0016475636363636364,0.008773672727272728,none,
2026-07-18T01:21:44+00:00,station1,0.0,0.06,0.79,0.0,445513.18181818177,8880623.690909091,3.5641054545454542,71.04498952727273,none,
2026-07-18T01:21:44+00:00,station2,0.0,0.059,0.723,0.0,8878890.636363635,446792.54545454547,71.03112509090907,3.574340363636364,none,
2026-07-18T01:21:44+00:00,station3,0.0,1.552,1.722,0.0,249.16363636363633,1316.4727272727273,0.0019933090909090906,0.010531781818181818,none,
2026-07-18T01:21:59+00:00,station1,0.0,0.091,0.764,0.0,404227.3132238768,8060963.999345442,3.2338185057910147,64.48771199476354,none,
2026-07-18T01:21:59+00:00,station2,0.0,0.122,0.834,0.0,8059527.236363635,405301.23636363633,64.47621789090908,3.242409890909091,none,
2026-07-18T01:21:59+00:00,station3,0.0,0.179,0.769,0.0,190.27272727272728,1085.9818181818182,0.0015221818181818181,0.008687854545454546,none,
2026-07-18T01:22:14+00:00,station1,0.0,0.89,1.356,0.0,627569.1454545454,12529344.818181816,5.020553163636363,100.23475854545453,none,
2026-07-18T01:22:14+00:00,station2,0.0,1.254,1.667,0.0,12527632.636363635,628813.4727272727,100.22106109090907,5.030507781818181,none,
2026-07-18T01:22:14+00:00,station3,0.0,0.193,0.776,0.0,236.3272727272727,1307.1454545454544,0.0018906181818181818,0.010457163636363636,none,
2026-07-18T01:22:29+00:00,station1,0.0,0.037,0.299,0.0,491232.3230486718,9820502.009054381,3.9298585843893745,78.56401607243505,none,
2026-07-18T01:22:29+00:00,station2,0.0,0.016,0.214,0.0,9819438.09090909,492379.3272727272,78.55550472727272,3.9390346181818177,none,
2026-07-18T01:22:29+00:00,station3,0.0,0.031,0.306,0.0,203.45454545454544,1091.4727272727273,0.0016276363636363634,0.008731781818181818,none,
2026-07-18T01:22:44+00:00,station1,0.0,0.188,2.261,0.0,556795.9855275358,11108146.033708477,4.454367884220286,88.86516826966782,none,
2026-07-18T01:22:44+00:00,station2,0.0,0.497,2.04,0.0,11107046.018181818,558102.109090909,88.85636814545454,4.464816872727272,none,
2026-07-18T01:22:44+00:00,station3,0.0,0.0,6332.681,90.0,227.94545454545454,1316.9454545454544,0.0018235636363636363,0.010535563636363635,none,
2026-07-18T01:22:59+00:00,station1,0.0,0.073,1.904,0.0,445333.22424044076,8873370.915834835,3.562665793923526,70.98696732667868,none,
2026-07-18T01:22:59+00:00,station2,0.0,0.473,2.108,0.0,8872222.854545454,446384.41818181815,70.97778283636363,3.5710753454545454,none,
2026-07-18T01:22:59+00:00,station3,0.0,2732.882,5156.961,20.0,217.8181818181818,1134.0545454545454,0.0017425454545454545,0.009072436363636364,none,
2026-07-18T01:23:14+00:00,station1,0.0,0.562,1.991,0.0,557141.1636363636,11108145.909090908,4.4571293090909085,88.86516727272726,none,
2026-07-18T01:23:14+00:00,station2,0.0,0.621,2.399,0.0,11106704.509090908,558409.9454545454,88.85363607272727,4.467279563636364,none,
2026-07-18T01:23:14+00:00,station3,0.0,2937.551,5407.144,0.0,281.07272727272726,1355.9090909090908,0.0022485818181818182,0.010847272727272726,none,
2026-07-18T01:23:29+00:00,station1,0.0,0.744,2.6,0.0,559320.1818181818,11172146.781818181,4.474561454545454,89.37717425454545,none,
2026-07-18T01:23:29+00:00,station2,0.0,1.46,2.584,0.0,11170917.309090909,560380.3818181817,89.36733847272727,4.483043054545454,none,
2026-07-18T01:23:29+00:00,station3,0.0,846.359,2313.381,0.0,238.74545454545452,1129.6181818181817,0.0019099636363636362,0.009036945454545454,none,
2026-07-18T01:23:44+00:00,station1,0.0,0.031,0.294,0.0,495388.41111979785,9894091.63469755,3.963107288958383,79.15273307758041,none,
2026-07-18T01:23:44+00:00,station2,0.0,0.016,0.214,0.0,9892566.181818182,496712.5999999999,79.14052945454546,3.973700799999999,none,
2026-07-18T01:23:44+00:00,station3,0.0,0.057,0.258,0.0,290.3636363636363,1344.6,0.0023229090909090903,0.010756799999999999,none,
2026-07-18T01:23:59+00:00,station1,0.0,0.044,1.51,0.0,333642.7454545454,6644191.345454545,2.6691419636363634,53.15353076363636,none,
2026-07-18T01:23:59+00:00,station2,0.0,0.31,2.099,0.0,6642633.909090908,334713.90909090906,53.14107127272727,2.6777112727272723,none,
2026-07-18T01:23:59+00:00,station3,0.0,0.052,0.264,0.0,207.7272727272727,1093.2727272727273,0.0016618181818181816,0.008746181818181818,none,
2026-07-18T01:24:14+00:00,station1,0.0,0.442,1.734,0.0,445916.68939435267,8879300.096365388,3.567333515154821,71.03440077092311,none,
2026-07-18T01:24:14+00:00,station2,0.0,0.426,1.819,0.0,8877426.327272726,447190.18181818177,71.01941061818181,3.577521454545454,none,
2026-07-18T01:24:14+00:00,station3,0.0,1215.075,2135.584,0.0,252.05454545454543,1332.090909090909,0.0020164363636363636,0.010656727272727273,none,
2026-07-18T01:24:29+00:00,station1,0.0,0.672,2.284,0.0,398002.836312067,7922492.245595534,3.184022690496536,63.379937964764274,none,
2026-07-18T01:24:29+00:00,station2,0.0,0.631,2.453,0.0,7921287.581818181,399080.2545454545,63.370300654545446,3.1926420363636363,none,
2026-07-18T01:24:29+00:00,station3,0.0,1214.677,2146.172,0.0,218.14545454545453,1116.890909090909,0.0017451636363636361,0.008935127272727272,none,
2026-07-18T01:24:44+00:00,station1,0.0,1.033,2.791,0.0,621757.3818181817,12390884.4,4.974059054545454,99.12707520000001,none,
2026-07-18T01:24:44+00:00,station2,0.0,0.999,2.698,0.0,12389355.4,623000.5636363636,99.11484320000001,4.984004509090909,none,
2026-07-18T01:24:44+00:00,station3,0.0,0.0,32.698,90.0,261.7090909090909,1338.8363636363636,0.0020936727272727273,0.010710690909090909,none,
2026-07-18T01:24:59+00:00,station1,0.0,0.028,0.243,0.0,498991.6546971873,9958940.110179814,3.9919332375774985,79.67152088143851,none,
2026-07-18T01:24:59+00:00,station2,0.0,0.032,0.179,0.0,9957556.145454545,500059.79999999993,79.66044916363636,4.0004783999999995,none,
2026-07-18T01:24:59+00:00,station3,0.0,0.02,0.268,0.0,241.47272727272727,1110.6545454545453,0.0019317818181818181,0.008885236363636362,none,
2026-07-18T01:25:14+00:00,station1,0.0,0.23,0.885,0.0,445865.6545454545,8879385.618181817,3.5669252363636357,71.03508494545454,none,
2026-07-18T01:25:14+00:00,station2,0.0,0.278,1.046,0.0,8878919.272727272,447205.9636363636,71.03135418181817,3.577647709090909,none,
2026-07-18T01:25:14+00:00,station3,0.0,0.386,0.872,0.0,260.9272727272727,1316.090909090909,0.0020874181818181813,0.010528727272727271,none,
2026-07-18T01:25:29+00:00,station1,0.0,0.138,0.888,0.0,334179.54545454547,6645473.127272727,2.673436363636364,53.16378501818181,none,
2026-07-18T01:25:29+00:00,station2,0.0,0.077,0.901,0.0,6644439.472727272,335262.8363636363,53.155515781818174,2.6821026909090904,none,
2026-07-18T01:25:29+00:00,station3,0.0,0.068,0.705,0.0,228.54545454545453,1097.890909090909,0.0018283636363636362,0.008783127272727271,none,
2026-07-18T01:25:44+00:00,station1,0.0,0.366,1.53,0.0,446132.1975964073,8880006.99987273,3.5690575807712586,71.04005599898183,none,
2026-07-18T01:25:44+00:00,station2,0.0,0.135,0.775,0.0,8878441.109090907,447427.3818181818,71.02752887272726,3.579419054545454,none,
2026-07-18T01:25:44+00:00,station3,0.0,0.071,0.919,0.0,256.58181818181816,1315.0,0.0020526545454545454,0.01052,none,
2026-07-18T01:25:59+00:00,station1,0.0,0.423,1.018,0.0,506976.4909090909,10091962.8,4.055811927272727,80.73570240000001,none,
2026-07-18T01:25:59+00:00,station2,0.0,0.677,1.209,0.0,10090752.545454543,508017.0545454545,80.72602036363635,4.064136436363636,none,
2026-07-18T01:25:59+00:00,station3,0.0,0.074,0.715,0.0,199.14545454545453,1090.9272727272726,0.0015931636363636361,0.008727418181818181,none,
2026-07-18T01:26:14+00:00,station1,0.0,0.04,0.244,0.0,614504.2727272727,12254684.6,4.916034181818182,98.0374768,none,
2026-07-18T01:26:14+00:00,station2,0.0,0.058,0.259,0.0,12252418.818181816,615795.709090909,98.01935054545453,4.926365672727272,none,
2026-07-18T01:26:14+00:00,station3,0.0,0.056,0.266,0.0,239.59999999999997,1309.8363636363636,0.0019167999999999998,0.010478690909090909,none,
2026-07-18T01:26:29+00:00,station1,0.0,0.259,0.621,0.0,445858.99999999994,8873256.054545455,3.5668719999999996,70.98604843636363,none,
2026-07-18T01:26:29+00:00,station2,0.0,0.241,0.586,0.0,8872074.854545454,446948.2909090909,70.97659883636364,3.575586327272727,none,
2026-07-18T01:26:29+00:00,station3,0.0,0.346,0.633,0.0,197.3090909090909,1090.490909090909,0.0015784727272727273,0.008723927272727272,none,
2026-07-18T01:26:44+00:00,station1,0.0,0.077,0.835,0.0,557986.9636363636,11106681.054545455,4.463895709090909,88.85344843636364,none,
2026-07-18T01:26:44+00:00,station2,0.0,0.043,0.791,0.0,11105599.327272726,559310.509090909,88.84479461818181,4.4744840727272726,none,
2026-07-18T01:26:44+00:00,station3,0.0,0.145,0.751,0.0,233.9272727272727,1305.909090909091,0.0018714181818181817,0.010447272727272729,none,
2026-07-18T01:26:59+00:00,station1,0.0,0.019,0.745,0.0,445939.2545454545,8873205.272727272,3.567514036363636,70.98564218181818,none,
2026-07-18T01:26:59+00:00,station2,0.0,0.111,0.957,0.0,8871916.327272726,447017.2545454545,70.97533061818181,3.5761380363636364,none,
2026-07-18T01:26:59+00:00,station3,0.0,0.062,0.618,0.0,194.56363636363633,1087.6,0.0015565090909090908,0.0087008,none,
2026-07-18T01:27:14+00:00,station1,0.0,0.465,1.218,0.0,615841.106201931,12259860.7429226,4.926728849615448,98.0788859433808,none,
2026-07-18T01:27:14+00:00,station2,0.0,0.177,0.951,0.0,12258131.98181818,617118.2,98.06505585454545,4.9369456,none,
2026-07-18T01:27:14+00:00,station3,0.0,0.034,0.689,0.0,232.83636363636364,1303.8363636363636,0.001862690909090909,0.010430690909090908,none,
2026-07-18T01:27:29+00:00,station1,0.0,1.905,1.557,0.0,505653.10909090907,10084034.454545455,4.045224872727273,80.67227563636364,none,
2026-07-18T01:27:29+00:00,station2,0.0,1.981,1.69,0.0,10082915.69090909,506743.8727272727,80.66332552727272,4.053950981818182,none,
2026-07-18T01:27:29+00:00,station3,0.0,0.479,0.579,0.0,195.1272727272727,1087.0181818181818,0.0015610181818181816,0.008696145454545454,none,
2026-07-18T01:27:44+00:00,station1,0.0,1.175,1.643,0.0,550710.0569121952,11103728.785206465,4.405680455297562,88.82983028165172,none,
2026-07-18T01:27:44+00:00,station2,0.0,1.237,1.707,0.0,11101240.454545455,551978.4181818182,88.80992363636364,4.415827345454546,none,
2026-07-18T01:27:44+00:00,station3,0.0,0.254,0.883,0.0,232.83636363636364,1303.6727272727271,0.001862690909090909,0.010429381818181817,none,
2026-07-18T01:27:59+00:00,station1,0.0,0.168,1.006,0.0,433592.9562355679,8867747.177221404,3.4687436498845434,70.94197741777124,none,
2026-07-18T01:27:59+00:00,station2,0.0,0.174,1.0,0.0,8866140.545454545,434663.0363636363,70.92912436363636,3.4773042909090908,none,
2026-07-18T01:27:59+00:00,station3,0.0,0.156,0.79,0.0,193.47272727272727,1085.2727272727273,0.0015477818181818181,0.008682181818181818,none,
2026-07-18T01:28:14+00:00,station1,0.0,0.143,0.922,0.0,536536.301980108,11102180.482571777,4.292290415840864,88.81744386057422,none,
2026-07-18T01:28:14+00:00,station2,0.0,0.074,0.738,0.0,11100081.363636363,537815.7454545455,88.8006509090909,4.302525963636364,none,
2026-07-18T01:28:14+00:00,station3,0.0,0.025,0.651,0.0,235.56363636363633,1306.0727272727272,0.0018845090909090907,0.010448581818181818,none,
2026-07-18T01:28:29+00:00,station1,0.0,0.396,1.095,0.0,536547.8363636363,11171249.4,4.292382690909091,89.3699952,none,
2026-07-18T01:28:29+00:00,station2,0.0,0.564,1.116,0.0,11169565.181818182,537633.7090909091,89.35652145454546,4.301069672727273,none,
2026-07-18T01:28:29+00:00,station3,0.0,0.295,0.974,0.0,197.85454545454544,1089.4181818181817,0.0015828363636363637,0.008715345454545453,none,
2026-07-18T01:28:44+00:00,station1,0.0,0.285,0.706,0.0,534857.9090909091,11102502.145454545,4.278863272727272,88.82001716363635,none,
2026-07-18T01:28:44+00:00,station2,0.0,0.229,0.524,0.0,11101315.69090909,536180.7454545455,88.81052552727272,4.289445963636364,none,
2026-07-18T01:28:44+00:00,station3,0.0,1.102,1.862,0.0,232.47272727272727,1303.6545454545453,0.001859781818181818,0.010429236363636362,none,
2026-07-18T01:28:59+00:00,station1,0.0,1.215,1.595,0.0,427728.2727272727,8868282.6,3.4218261818181817,70.94626079999999,none,
2026-07-18T01:28:59+00:00,station2,0.0,1.256,1.647,0.0,8867272.836363636,428832.8181818182,70.93818269090909,3.4306625454545454,none,
2026-07-18T01:28:59+00:00,station3,0.0,0.491,1.749,0.0,193.0,1085.4363636363637,0.001544,0.008683490909090909,none,
2026-07-18T01:29:14+00:00,station1,0.0,0.076,0.869,0.0,533309.4727272727,11101733.2,4.2664757818181815,88.8138656,none,
2026-07-18T01:29:14+00:00,station2,0.0,0.129,0.82,0.0,11100207.545454543,534613.8727272727,88.80166036363634,4.276910981818181,none,
2026-07-18T01:29:14+00:00,station3,0.0,0.181,2.462,0.0,234.47272727272727,1303.8363636363636,0.001875781818181818,0.010430690909090908,none,
2026-07-18T01:29:29+00:00,station1,0.0,0.112,0.852,0.0,474698.8891515008,9881371.816082759,3.7975911132120066,79.05097452866207,none,
2026-07-18T01:29:29+00:00,station2,0.0,0.149,0.827,0.0,9880626.818181816,475823.1272727272,79.04501454545453,3.8065850181818175,none,
2026-07-18T01:29:29+00:00,station3,0.0,0.524,2.267,0.0,194.0,1090.7454545454543,0.001552,0.008725963636363635,none,
2026-07-18T01:29:44+00:00,station1,0.0,0.223,0.372,0.0,596601.8398996419,12462510.535788957,4.772814719197135,99.70008428631165,none,
2026-07-18T01:29:44+00:00,station2,0.0,0.246,0.384,0.0,12461570.309090909,597919.8909090909,99.69256247272727,4.783359127272727,none,
2026-07-18T01:29:44+00:00,station3,0.0,0.892,0.939,0.0,242.58181818181816,1309.7272727272725,0.0019406545454545452,0.01047781818181818,none,
2026-07-18T01:29:59+00:00,station1,0.0,0.299,0.459,0.0,427150.0545454545,8858160.763636362,3.417200436363636,70.86528610909089,none,
2026-07-18T01:29:59+00:00,station2,0.0,0.387,0.483,0.0,8856788.181818182,428224.79999999993,70.85430545454545,3.4257983999999992,none,
2026-07-18T01:29:59+00:00,station3,0.0,0.211,0.444,0.0,199.58181818181816,1090.290909090909,0.0015966545454545453,0.008722327272727273,none,
2026-07-18T01:30:14+00:00,station1,0.0,0.036,0.747,0.0,543721.1818181818,11094028.67272727,4.349769454545454,88.75222938181815,none,
2026-07-18T01:30:14+00:00,station2,0.0,0.081,0.751,0.0,11092503.254545454,545019.6,88.74002603636363,4.3601567999999995,none,
2026-07-18T01:30:14+00:00,station3,0.0,0.017,0.589,0.0,236.98181818181817,1310.2727272727273,0.0018958545454545454,0.010482181818181818,none,
2026-07-18T01:30:29+00:00,station1,0.0,0.873,1.517,0.0,441337.72727272724,8860219.872727271,3.530701818181818,70.88175898181817,none,
2026-07-18T01:30:29+00:00,station2,0.0,0.727,1.387,0.0,8858520.963636363,442416.94545454544,70.8681677090909,3.5393355636363637,none,
2026-07-18T01:30:29+00:00,station3,0.0,0.264,0.959,0.0,201.6,1090.8727272727272,0.0016128,0.008726981818181817,none,
2026-07-18T01:30:44+00:00,station1,0.0,0.019,0.689,0.0,602702.0727272726,12036802.327272726,4.821616581818181,96.29441861818181,none,
2026-07-18T01:30:44+00:00,station2,0.0,0.039,0.924,0.0,12035160.49090909,604015.9636363635,96.28128392727272,4.8321277090909085,none,
2026-07-18T01:30:44+00:00,station3,0.0,0.086,0.699,0.0,232.34545454545454,1307.090909090909,0.0018587636363636363,0.010456727272727272,none,
2026-07-18T01:30:59+00:00,station1,0.0,1.079,1.228,0.0,515706.79999999993,10319404.018181818,4.125654399999999,82.55523214545454,none,
2026-07-18T01:30:59+00:00,station2,0.0,0.87,1.181,0.0,10317946.654545454,516782.98181818175,82.54357323636363,4.134263854545454,none,
2026-07-18T01:30:59+00:00,station3,0.0,0.495,0.79,0.0,200.74545454545452,1090.1272727272726,0.0016059636363636362,0.00872101818181818,none,
2026-07-18T01:31:14+00:00,station1,0.0,0.371,0.577,0.0,443058.43636363634,8876901.509090908,3.5444674909090907,71.01521207272727,none,
2026-07-18T01:31:14+00:00,station2,0.0,0.428,0.514,0.0,8875611.98181818,444359.87272727274,71.00489585454544,3.554878981818182,none,
2026-07-18T01:31:14+00:00,station3,0.0,1.005,1.04,0.0,242.76363636363632,1309.509090909091,0.0019421090909090906,0.010476072727272728,none,
2026-07-18T01:31:29+00:00,station1,0.0,1.513,2.076,0.0,326548.6481080786,6642729.821626634,2.612389184864629,53.141838573013075,none,
2026-07-18T01:31:29+00:00,station2,0.0,1.085,1.63,0.0,6641335.145454545,327613.7818181818,53.13068116363635,2.6209102545454543,none,
2026-07-18T01:31:29+00:00,station3,0.0,0.266,1.854,0.0,201.78181818181818,1095.0363636363634,0.0016142545454545455,0.008760290909090907,none,
2026-07-18T01:31:44+00:00,station1,0.0,0.185,0.957,0.0,429367.41818181815,8877050.836363636,3.4349393454545454,71.0164066909091,none,
2026-07-18T01:31:44+00:00,station2,0.0,0.165,0.968,0.0,8875865.654545454,430678.34545454546,71.00692523636363,3.445426763636364,none,
2026-07-18T01:31:44+00:00,station3,0.0,0.399,2.263,0.0,240.59999999999997,1311.581818181818,0.0019247999999999997,0.010492654545454545,none,
2026-07-18T01:31:59+00:00,station1,0.0,0.115,0.767,0.0,467105.6201021837,9731641.757122856,3.7368449608174696,77.85313405698284,none,
2026-07-18T01:31:59+00:00,station2,0.0,0.113,0.805,0.0,9730136.763636362,468196.7636363636,77.84109410909089,3.7455741090909087,none,
2026-07-18T01:31:59+00:00,station3,0.0,0.058,2.5,0.0,192.85454545454544,1091.0545454545454,0.0015428363636363635,0.008728436363636363,none,
2026-07-18T01:32:14+00:00,station1,0.0,1.89,1.803,0.0,604740.8363636363,12622800.236363636,4.83792669090909,100.98240189090909,none,
2026-07-18T01:32:14+00:00,station2,0.0,1.783,1.724,0.0,12621079.909090908,606045.6,100.96863927272726,4.8483648,none,
2026-07-18T01:32:14+00:00,station3,0.0,0.955,1.59,0.0,240.58181818181816,1310.9454545454544,0.0019246545454545453,0.010487563636363635,none,
2026-07-18T01:32:29+00:00,station1,0.0,0.02,0.257,0.0,390683.70909090905,8153969.654545454,3.1254696727272724,65.23175723636363,none,
2026-07-18T01:32:29+00:00,station2,0.0,0.036,0.199,0.0,8152252.127272727,391744.6545454545,65.21801701818181,3.133957236363636,none,
2026-07-18T01:32:29+00:00,station3,0.0,0.029,0.281,0.0,201.9272727272727,1092.1272727272726,0.0016154181818181816,0.008737018181818181,none,
2026-07-18T01:32:44+00:00,station1,0.0,0.214,0.915,0.0,425903.50909090904,8869065.418181818,3.407228072727272,70.95252334545454,none,
2026-07-18T01:32:44+00:00,station2,0.0,0.311,1.073,0.0,8867561.545454545,427192.99999999994,70.94049236363637,3.4175439999999995,none,
2026-07-18T01:32:44+00:00,station3,0.0,0.082,0.774,0.0,241.27272727272728,1307.8545454545454,0.0019301818181818183,0.010462836363636364,none,
2026-07-18T01:32:59+00:00,station1,0.0,0.177,0.832,0.0,319253.0955108275,6634576.210476554,2.55402476408662,53.076609683812435,none,
2026-07-18T01:32:59+00:00,station2,0.0,0.038,1.042,0.0,6632880.109090908,320319.21818181814,53.06304087272727,2.562553745454545,none,
2026-07-18T01:32:59+00:00,station3,0.0,0.026,0.674,0.0,202.3090909090909,1089.2727272727273,0.0016184727272727272,0.008714181818181819,none,
2026-07-18T01:33:14+00:00,station1,0.0,0.216,0.881,0.0,464415.6545454545,9653150.145454545,3.7153252363636358,77.22520116363636,none,
2026-07-18T01:33:14+00:00,station2,0.0,0.143,0.93,0.0,9651582.781818181,465726.18181818177,77.21266225454545,3.725809454545454,none,
2026-07-18T01:33:14+00:00,station3,0.0,0.054,0.9,0.0,233.9272727272727,1305.1272727272726,0.0018714181818181817,0.01044101818181818,none,
2026-07-18T01:33:29+00:00,station1,0.0,0.13,0.892,0.0,535971.6914237923,11171485.136633879,4.2877735313903385,89.37188109307102,none,
2026-07-18T01:33:29+00:00,station2,0.0,0.094,0.715,0.0,11170107.036363635,537067.2181818181,89.36085629090908,4.296537745454545,none,
2026-07-18T01:33:29+00:00,station3,0.0,0.042,0.696,0.0,198.94545454545454,1091.0545454545454,0.0015915636363636363,0.008728436363636363,none,
2026-07-18T01:33:44+00:00,station1,0.0,0.047,0.272,0.0,533455.9090909091,11104488.018181818,4.267647272727272,88.83590414545453,none,
2026-07-18T01:33:44+00:00,station2,0.0,0.023,0.229,0.0,11102736.781818181,534755.6,88.82189425454546,4.2780448,none,
2026-07-18T01:33:44+00:00,station3,0.0,0.018,0.278,0.0,236.65454545454543,1305.7636363636364,0.0018932363636363634,0.010446109090909091,none,
2026-07-18T01:33:59+00:00,station1,0.0,0.206,0.904,0.0,425652.9573264969,8869934.12607502,3.405223658611975,70.95947300860016,none,
2026-07-18T01:33:59+00:00,station2,0.0,0.09,0.828,0.0,8868229.854545454,426720.4909090909,70.94583883636363,3.4137639272727274,none,
2026-07-18T01:33:59+00:00,station3,0.0,0.185,0.73,0.0,196.2,1086.7818181818182,0.0015696,0.008694254545454545,none,
2026-07-18T01:34:14+00:00,station1,0.0,0.713,1.487,0.0,532174.5240995619,11105265.086089343,4.257396192796495,88.84212068871474,none,
2026-07-18T01:34:14+00:00,station2,0.0,0.788,1.29,0.0,11103743.47272727,533483.6,88.82994778181816,4.2678688,none,
2026-07-18T01:34:14+00:00,station3,0.0,0.189,0.844,0.0,236.65454545454543,1306.2181818181816,0.0018932363636363634,0.010449745454545453,none,
2026-07-18T01:34:29+00:00,station1,0.0,0.305,0.901,0.0,459169.2332866675,9584342.830130361,3.67335386629334,76.67474264104288,none,
2026-07-18T01:34:29+00:00,station2,0.0,0.067,0.822,0.0,9583367.836363636,460274.5636363636,76.66694269090908,3.682196509090909,none,
2026-07-18T01:34:29+00:00,station3,0.0,0.082,0.771,0.0,198.94545454545454,1090.6363636363635,0.0015915636363636363,0.008725090909090908,none,
2026-07-18T01:34:44+00:00,station1,0.0,0.148,0.801,0.0,610463.8727272727,12763460.181818182,4.883710981818181,102.10768145454546,none,
2026-07-18T01:34:44+00:00,station2,0.0,0.039,0.742,0.0,12762004.927272728,611770.8181818181,102.09603941818182,4.894166545454545,none,
2026-07-18T01:34:44+00:00,station3,0.0,0.119,0.773,0.0,236.65454545454543,1307.3454545454545,0.0018932363636363634,0.010458763636363637,none,
2026-07-18T01:34:59+00:00,station1,0.0,0.001,0.291,0.0,426425.2545454545,8876505.727272727,3.411402036363636,71.01204581818182,none,
2026-07-18T01:34:59+00:00,station2,0.0,0.03,0.234,0.0,8875243.272727272,427513.4909090909,71.00194618181817,3.4201079272727273,none,
2026-07-18T01:34:59+00:00,station3,0.0,0.036,0.31,0.0,196.2,1088.3999999999999,0.0015696,0.008707199999999998,none,
2026-07-18T01:35:14+00:00,station1,0.0,0.048,0.739,0.0,541771.1693365093,11108654.472062113,4.334169354692074,88.86923577649691,none,
2026-07-18T01:35:14+00:00,station2,0.0,0.138,0.862,0.0,11107146.781818181,543060.1818181818,88.85717425454546,4.344481454545454,none,
2026-07-18T01:35:14+00:00,station3,0.0,0.163,0.77,0.0,234.47272727272727,1305.5272727272725,0.001875781818181818,0.01044421818181818,none,
2026-07-18T01:35:29+00:00,station1,0.0,0.207,0.866,0.0,439159.3847160858,8871174.566810306,3.5132750777286863,70.96939653448246,none,
2026-07-18T01:35:29+00:00,station2,0.0,0.102,0.945,0.0,8870114.89090909,440248.4909090909,70.96091912727273,3.5219879272727272,none,
2026-07-18T01:35:29+00:00,station3,0.0,0.098,0.861,0.0,195.1272727272727,1088.090909090909,0.0015610181818181816,0.008704727272727272,none,
2026-07-18T01:35:44+00:00,station1,0.0,0.664,1.154,0.0,584515.7178960383,11747243.559208013,4.676125743168306,93.9779484736641,none,
2026-07-18T01:35:44+00:00,station2,0.0,0.774,1.285,0.0,11746198.67272727,585852.3636363635,93.96958938181817,4.686818909090908,none,
2026-07-18T01:35:44+00:00,station3,0.0,0.166,0.754,0.0,234.47272727272727,1306.2181818181816,0.001875781818181818,0.010449745454545453,none,
2026-07-18T01:35:59+00:00,station1,0.0,0.198,0.827,0.0,525922.3818181817,10587890.163636362,4.207379054545454,84.7031213090909,none,
2026-07-18T01:35:59+00:00,station2,0.0,0.065,0.866,0.0,10586379.854545454,526996.3090909091,84.69103883636363,4.215970472727273,none,
2026-07-18T01:35:59+00:00,station3,0.0,0.149,0.733,0.0,194.0181818181818,1087.6181818181817,0.0015521454545454544,0.008700945454545453,none,
2026-07-18T01:36:14+00:00,station1,0.0,0.067,0.872,0.0,547436.8806705576,11100691.267113948,4.379495045364461,88.80553013691159,none,
2026-07-18T01:36:14+00:00,station2,0.0,0.108,0.793,0.0,11098535.654545454,548718.3999999999,88.78828523636363,4.3897471999999995,none,
2026-07-18T01:36:14+00:00,station3,0.0,0.139,0.853,0.0,234.47272727272727,1305.709090909091,0.001875781818181818,0.010445672727272728,none,
2026-07-18T01:36:29+00:00,station1,0.0,1.457,1.778,0.0,432638.9272727272,8867685.836363636,3.4611114181818174,70.94148669090909,none,
2026-07-18T01:36:29+00:00,station2,0.0,1.251,1.663,0.0,8866558.09090909,433727.19999999995,70.93246472727272,3.4698176,none,
2026-07-18T01:36:29+00:00,station3,0.0,0.305,0.867,0.0,195.1272727272727,1087.509090909091,0.0015610181818181816,0.008700072727272728,none,
2026-07-18T01:36:44+00:00,station1,0.0,0.068,0.771,0.0,534997.0727272726,11102191.545454543,4.279976581818181,88.81753236363635,none,
2026-07-18T01:36:44+00:00,station2,0.0,0.43,1.114,0.0,11100340.38181818,536296.2727272727,88.80272305454545,4.290370181818182,none,
2026-07-18T01:36:44+00:00,station3,0.0,0.071,0.787,0.0,234.47272727272727,1306.1818181818182,0.001875781818181818,0.010449454545454546,none,
2026-07-18T01:36:59+00:00,station1,0.0,0.072,0.834,0.0,533645.509090909,11169447.181818182,4.269164072727272,89.35557745454545,none,
2026-07-18T01:36:59+00:00,station2,0.0,0.315,0.983,0.0,11168248.763636362,534734.1818181818,89.34599010909089,4.277873454545454,none,
2026-07-18T01:36:59+00:00,station3,0.0,0.131,0.762,0.0,195.1090909090909,1088.4181818181817,0.001560872727272727,0.008707345454545453,none,
2026-07-18T01:37:14+00:00,station1,0.0,0.063,0.213,0.0,532812.4772710742,11104318.877736563,4.262499818168593,88.83455102189251,none,
2026-07-18T01:37:14+00:00,station2,0.0,0.046,0.253,0.0,11102324.49090909,534086.109090909,88.81859592727272,4.272688872727272,none,
2026-07-18T01:37:14+00:00,station3,0.0,0.064,0.266,0.0,233.38181818181818,1306.2181818181816,0.0018670545454545454,0.010449745454545453,none,
2026-07-18T01:37:29+00:00,station1,0.0,0.146,0.924,0.0,430189.08304089314,8871267.887339309,3.441512664327145,70.97014309871447,none,
2026-07-18T01:37:29+00:00,station2,0.0,0.082,0.739,0.0,8869625.036363635,431249.10909090907,70.95700029090908,3.4499928727272726,none,
2026-07-18T01:37:29+00:00,station3,0.0,0.033,0.726,0.0,195.1272727272727,1088.890909090909,0.0015610181818181816,0.008711127272727272,none,
2026-07-18T01:37:44+00:00,station1,0.0,0.134,0.697,0.0,545639.1651364471,11105457.393233096,4.3651133210915765,88.84365914586478,none,
2026-07-18T01:37:44+00:00,station2,0.0,0.017,0.816,0.0,11104746.890909089,546974.8727272727,88.83797512727271,4.375798981818181,none,
2026-07-18T01:37:44+00:00,station3,0.0,0.018,0.699,0.0,233.38181818181818,1306.4181818181817,0.0018670545454545454,0.010451345454545454,none,
2026-07-18T01:37:59+00:00,station1,0.0,0.076,0.747,0.0,466993.43636363634,9379891.345454544,3.7359474909090906,75.03913076363635,none,
2026-07-18T01:37:59+00:00,station2,0.0,0.016,0.712,0.0,9378500.69090909,468085.5999999999,75.02800552727271,3.7446847999999995,none,
2026-07-18T01:37:59+00:00,station3,0.0,0.032,0.64,0.0,194.0181818181818,1088.0181818181818,0.0015521454545454544,0.008704145454545455,none,
2026-07-18T01:38:14+00:00,station1,0.0,0.062,0.604,0.0,644313.5511554756,12965358.497427227,5.154508409243804,103.72286797941781,none,
2026-07-18T01:38:14+00:00,station2,0.0,0.118,0.828,0.0,12963565.0,645607.1454545454,103.70852,5.164857163636363,none,
2026-07-18T01:38:14+00:00,station3,0.0,0.017,0.696,0.0,234.47272727272727,1308.581818181818,0.001875781818181818,0.010468654545454545,none,
2026-07-18T01:38:29+00:00,station1,0.0,0.017,0.22,0.0,441952.19999999995,8870573.49090909,3.5356175999999997,70.96458792727272,none,
2026-07-18T01:38:29+00:00,station2,0.0,0.017,0.26,0.0,8869109.399999999,443052.2545454545,70.9528752,3.544418036363636,none,
2026-07-18T01:38:29+00:00,station3,0.0,0.015,0.306,0.0,196.76363636363632,1091.4363636363637,0.0015741090909090906,0.00873149090909091,none,
2026-07-18T01:38:44+00:00,station1,0.0,0.017,0.748,0.0,553008.2907583498,11104027.199505461,4.424066326066798,88.83221759604369,none,
2026-07-18T01:38:44+00:00,station2,0.0,0.063,0.781,0.0,11102943.254545454,554348.9818181818,88.82354603636364,4.4347918545454545,none,
2026-07-18T01:38:44+00:00,station3,0.0,0.114,0.706,0.0,234.47272727272727,1308.3454545454545,0.001875781818181818,0.010466763636363636,none,
2026-07-18T01:38:59+00:00,station1,0.0,0.209,0.87,0.0,442197.98181818175,8871243.290909091,3.537583854545454,70.96994632727272,none,
2026-07-18T01:38:59+00:00,station2,0.0,0.042,0.717,0.0,8870318.399999999,443292.0363636363,70.96254719999999,3.5463362909090907,none,
2026-07-18T01:38:59+00:00,station3,0.0,0.004,0.68,0.0,195.1090909090909,1089.1999999999998,0.001560872727272727,0.008713599999999998,none,
2026-07-18T01:39:14+00:00,station1,0.0,1.106,1.536,0.0,574842.4334987908,11543368.733976983,4.598739467990327,92.34694987181587,none,
2026-07-18T01:39:14+00:00,station2,0.0,1.428,1.729,0.0,11541668.781818181,576151.2,92.33335025454545,4.6092096,none,
2026-07-18T01:39:14+00:00,station3,0.0,0.013,0.627,0.0,234.47272727272727,1306.0181818181816,0.001875781818181818,0.010448145454545452,none,
2026-07-18T01:39:29+00:00,station1,0.0,0.185,1.0,0.0,536855.0727272726,10798656.218181817,4.294840581818181,86.38924974545453,none,
2026-07-18T01:39:29+00:00,station2,0.0,0.118,0.756,0.0,10797100.127272727,537931.9090909091,86.37680101818182,4.303455272727272,none,
2026-07-18T01:39:29+00:00,station3,0.0,0.125,0.79,0.0,196.76363636363632,1089.7818181818182,0.0015741090909090906,0.008718254545454546,none,
2026-07-18T01:39:44+00:00,station1,0.0,0.209,0.932,0.0,553813.4181818182,11105305.836363636,4.430507345454545,88.84244669090909,none,
2026-07-18T01:39:44+00:00,station2,0.0,0.085,0.757,0.0,11103534.563636363,555092.9636363636,88.8282765090909,4.440743709090909,none,
2026-07-18T01:39:44+00:00,station3,0.0,0.064,0.75,0.0,230.07272727272726,1305.9272727272726,0.001840581818181818,0.01044741818181818,none,
2026-07-18T01:39:59+00:00,station1,0.0,0.174,0.878,0.0,443568.7636363636,8872430.054545455,3.548550109090909,70.97944043636363,none,
2026-07-18T01:39:59+00:00,station2,0.0,0.082,0.921,0.0,8871115.963636363,444658.0727272727,70.9689277090909,3.5572645818181816,none,
2026-07-18T01:39:59+00:00,station3,0.0,0.025,0.613,0.0,194.96363636363634,1090.7454545454543,0.0015597090909090906,0.008725963636363635,none,
2026-07-18T01:40:14+00:00,station1,0.0,0.384,0.997,0.0,556387.7747677315,11107893.965564262,4.451102198141853,88.8631517245141,none,
2026-07-18T01:40:14+00:00,station2,0.0,0.128,0.81,0.0,11106524.163636362,557701.3818181817,88.8521933090909,4.461611054545454,none,
2026-07-18T01:40:14+00:00,station3,0.0,0.376,0.918,0.0,232.03636363636363,1308.090909090909,0.0018562909090909091,0.010464727272727271,none,
2026-07-18T01:40:29+00:00,station1,0.0,0.475,1.226,0.0,559266.9454545454,11173259.636363635,4.474135563636364,89.38607709090908,none,
2026-07-18T01:40:29+00:00,station2,0.0,1.0,1.458,0.0,11172193.909090908,560363.309090909,89.37755127272726,4.482906472727271,none,
2026-07-18T01:40:29+00:00,station3,0.0,0.245,1.0,0.0,195.4181818181818,1092.8545454545454,0.0015633454545454545,0.008742836363636363,none,
2026-07-18T01:40:44+00:00,station1,0.0,0.011,0.282,0.0,556587.7636363636,11107616.018181818,4.452702109090908,88.86092814545454,none,
2026-07-18T01:40:44+00:00,station2,0.0,0.051,0.257,0.0,11106011.654545454,557887.509090909,88.84809323636364,4.463100072727272,none,
2026-07-18T01:40:44+00:00,station3,0.0,0.008,0.292,0.0,237.45454545454544,1307.2181818181816,0.0018996363636363635,0.010457745454545453,none,
2026-07-18T01:40:59+00:00,station1,0.0,0.111,0.841,0.0,440751.8363636363,8873131.6,3.5260146909090904,70.98505279999999,none,
2026-07-18T01:40:59+00:00,station2,0.0,0.016,0.674,0.0,8871788.327272726,441824.3272727272,70.97430661818181,3.5345946181818175,none,
2026-07-18T01:40:59+00:00,station3,0.0,0.166,0.725,0.0,196.67272727272726,1088.2363636363636,0.001573381818181818,0.00870589090909091,none,
2026-07-18T01:41:14+00:00,station1,0.0,0.372,0.991,0.0,542343.4363636363,11107303.345454544,4.33874749090909,88.85842676363634,none,
2026-07-18T01:41:14+00:00,station2,0.0,1.134,1.638,0.0,11105781.8,543644.8181818181,88.8462544,4.349158545454545,none,
2026-07-18T01:41:14+00:00,station3,0.0,0.072,0.919,0.0,238.2181818181818,1308.890909090909,0.0019057454545454544,0.010471127272727272,none,
2026-07-18T01:41:29+00:00,station1,0.0,0.312,1.149,0.0,440491.5186444376,9174036.961620275,3.5239321491555007,73.3922956929622,none,
2026-07-18T01:41:29+00:00,station2,0.0,0.434,1.013,0.0,9173462.709090909,441613.0727272727,73.38770167272727,3.5329045818181815,none,
2026-07-18T01:41:29+00:00,station3,0.0,0.126,0.847,0.0,200.03636363636363,1092.581818181818,0.001600290909090909,0.008740654545454545,none,
2026-07-18T01:41:44+00:00,station1,0.0,0.063,1.061,0.0,632555.9818181818,13171743.181818182,5.060447854545455,105.37394545454545,none,
2026-07-18T01:41:44+00:00,station2,0.0,0.024,0.694,0.0,13170388.927272728,633863.618181818,105.36311141818182,5.070908945454544,none,
2026-07-18T01:41:44+00:00,station3,0.0,0.112,0.79,0.0,236.65454545454543,1307.6727272727271,0.0018932363636363634,0.010461381818181816,none,
2026-07-18T01:41:59+00:00,station1,0.0,0.043,0.246,0.0,427159.87272727274,8869906.054545455,3.417278981818182,70.95924843636364,none,
2026-07-18T01:41:59+00:00,station2,0.0,0.02,0.28,0.0,8868955.236363636,428259.7636363636,70.95164189090909,3.4260781090909087,none,
2026-07-18T01:41:59+00:00,station3,0.0,0.015,0.219,0.0,196.74545454545452,1088.0545454545454,0.001573963636363636,0.008704436363636363,none,
2026-07-18T01:42:14+00:00,station1,0.0,0.087,1.028,0.0,543966.1278885838,11104412.010690715,4.35172902310867,88.83529608552573,none,
2026-07-18T01:42:14+00:00,station2,0.0,0.091,0.778,0.0,11103282.309090909,545279.3454545455,88.82625847272728,4.362234763636364,none,
2026-07-18T01:42:14+00:00,station3,0.0,0.0,2.06,75.0,232.9090909090909,1309.3272727272727,0.0018632727272727273,0.010474618181818182,none,
2026-07-18T01:42:29+00:00,station1,0.0,0.174,0.815,0.0,441794.5999999999,8871246.618181817,3.5343567999999994,70.96997294545454,none,
2026-07-18T01:42:29+00:00,station2,0.0,0.196,0.907,0.0,8870016.2,442877.4727272727,70.96012959999999,3.543019781818182,none,
2026-07-18T01:42:29+00:00,station3,0.0,0.102,2.261,0.0,206.1090909090909,1097.0363636363634,0.001648872727272727,0.008776290909090908,none,
2026-07-18T01:42:44+00:00,station1,0.0,0.189,0.972,0.0,568427.5818181818,11340000.527272727,4.547420654545454,90.72000421818181,none,
2026-07-18T01:42:44+00:00,station2,0.0,0.536,1.102,0.0,11338413.727272727,569732.4909090908,90.70730981818181,4.557859927272727,none,
2026-07-18T01:42:44+00:00,station3,0.0,0.193,2.253,0.0,241.19999999999996,1313.2727272727273,0.0019295999999999996,0.010506181818181817,none,
2026-07-18T01:42:59+00:00,station1,0.0,0.187,0.889,0.0,551100.4545454545,11016271.054545455,4.408803636363635,88.13016843636363,none,
2026-07-18T01:42:59+00:00,station2,0.0,0.234,1.008,0.0,11014843.563636363,552161.8727272727,88.1187485090909,4.4172949818181815,none,
2026-07-18T01:42:59+00:00,station3,0.0,0.0,1.855,100.0,210.74545454545452,1095.8,0.0016859636363636362,0.008766399999999999,none,
2026-07-18T01:43:14+00:00,station1,0.0,0.029,0.241,0.0,444980.4545454545,8876837.236363636,3.559843636363636,71.01469789090909,none,
2026-07-18T01:43:14+00:00,station2,0.0,0.007,0.297,0.0,8875001.654545454,446263.99999999994,71.00001323636363,3.5701119999999995,none,
2026-07-18T01:43:14+00:00,station3,0.0,0.027,0.209,0.0,253.9272727272727,1313.0,0.0020314181818181817,0.010504,none,
2026-07-18T01:43:29+00:00,station1,0.0,0.705,1.698,0.0,333068.8181818182,6641342.69090909,2.6645505454545453,53.130741527272725,none,
2026-07-18T01:43:29+00:00,station2,0.0,0.352,2.058,0.0,6640360.5636363635,334145.7272727273,53.12288450909091,2.6731658181818183,none,
2026-07-18T01:43:29+00:00,station3,0.0,1443.792,2958.912,0.0,205.8181818181818,1096.890909090909,0.0016465454545454546,0.008775127272727272,none,
2026-07-18T01:43:44+00:00,station1,0.0,0.61,1.66,0.0,445229.3636363636,8875852.418181818,3.5618349090909085,71.00681934545455,none,
2026-07-18T01:43:44+00:00,station2,0.0,0.583,2.298,0.0,8874716.127272727,446531.8363636363,70.99772901818181,3.5722546909090904,none,
2026-07-18T01:43:44+00:00,station3,0.0,1443.792,2958.912,100.0,250.69090909090906,1328.6363636363635,0.0020055272727272726,0.010629090909090907,none,
2026-07-18T01:43:59+00:00,station1,0.0,1.203,2.533,0.0,453511.55433537567,9032036.03570844,3.6280924346830052,72.25628828566752,none,
2026-07-18T01:43:59+00:00,station2,0.0,1.025,2.776,0.0,9031000.836363636,454594.0909090909,72.2480066909091,3.636752727272727,none,
2026-07-18T01:43:59+00:00,station3,0.0,2903.382,4410.005,0.0,218.39999999999998,1120.4,0.0017471999999999998,0.008963200000000001,none,
2026-07-18T01:44:14+00:00,station1,0.0,0.329,2.095,0.0,667312.2965872106,13319761.159293806,5.338498372697685,106.55808927435045,none,
2026-07-18T01:44:14+00:00,station2,0.0,0.25,2.309,0.0,13318250.581818182,668597.6909090909,106.54600465454546,5.3487815272727275,none,
2026-07-18T01:44:14+00:00,station3,0.0,1508.456,2454.929,0.0,268.49090909090904,1342.381818181818,0.002147927272727272,0.010739054545454544,none,
2026-07-18T01:44:29+00:00,station1,0.0,0.025,0.25,0.0,443548.7736140657,8851095.292641684,3.5483901889125256,70.80876234113347,none,
2026-07-18T01:44:29+00:00,station2,0.0,0.044,0.207,0.0,8849580.472727273,444602.0363636363,70.79664378181818,3.5568162909090906,none,
2026-07-18T01:44:29+00:00,station3,0.0,0.053,0.226,0.0,241.2181818181818,1117.7636363636364,0.0019297454545454543,0.008942109090909091,none,
2026-07-18T01:44:44+00:00,station1,0.0,0.013,0.746,0.0,445412.5197723677,8873986.018436028,3.563300158178942,70.99188814748823,none,
2026-07-18T01:44:44+00:00,station2,0.0,0.072,0.88,0.0,8872455.236363636,446712.8363636363,70.9796418909091,3.5737026909090903,none,
2026-07-18T01:44:44+00:00,station3,0.0,0.104,0.73,0.0,252.47272727272727,1317.909090909091,0.0020197818181818183,0.010543272727272728,none,
2026-07-18T01:44:59+00:00,station1,0.0,0.089,0.934,0.0,333652.7699496373,6641802.149051835,2.669222159597098,53.13441719241468,none,
2026-07-18T01:44:59+00:00,station2,0.0,0.285,1.134,0.0,6640349.8545454545,334719.14545454545,53.122798836363636,2.6777531636363636,none,
2026-07-18T01:44:59+00:00,station3,0.0,0.028,0.61,0.0,195.3272727272727,1088.0181818181818,0.0015626181818181818,0.008704145454545455,none,
2026-07-18T01:45:14+00:00,station1,0.0,0.077,0.793,0.0,449332.6303158124,8960982.218505118,3.5946610425264995,71.68785774804094,none,
2026-07-18T01:45:14+00:00,station2,0.0,0.124,0.77,0.0,8959727.29090909,450652.23636363633,71.67781832727272,3.6052178909090906,none,
2026-07-18T01:45:14+00:00,station3,0.0,0.163,0.738,0.0,232.65454545454543,1308.3090909090909,0.0018612363636363635,0.010466472727272727,none,
2026-07-18T01:45:29+00:00,station1,0.0,0.171,0.879,0.0,559791.309090909,11172335.545454543,4.478330472727272,89.37868436363634,none,
2026-07-18T01:45:29+00:00,station2,0.0,1.053,1.604,0.0,11171139.47272727,560883.5818181818,89.36911578181817,4.487068654545454,none,
2026-07-18T01:45:29+00:00,station3,0.0,0.031,1.035,0.0,197.7090909090909,1092.6,0.0015816727272727272,0.0087408,none,
2026-07-18T01:45:44+00:00,station1,0.0,0.028,0.245,0.0,558300.5272727272,11156983.2,4.466404218181818,89.25586559999999,none,
2026-07-18T01:45:44+00:00,station2,0.0,0.042,0.212,0.0,11155367.69090909,559587.7818181817,89.24294152727272,4.476702254545454,none,
2026-07-18T01:45:44+00:00,station3,0.0,0.021,0.239,0.0,242.38181818181818,1309.090909090909,0.0019390545454545454,0.010472727272727272,none,
2026-07-18T01:45:59+00:00,station1,0.0,0.041,0.204,0.0,334927.7636363636,6688635.69090909,2.679422109090909,53.509085527272724,none,
2026-07-18T01:45:59+00:00,station2,0.0,0.029,0.206,0.0,6687295.090909091,336015.41818181815,53.498360727272726,2.688123345454545,none,
2026-07-18T01:45:59+00:00,station3,0.0,0.034,0.313,0.0,196.23636363636362,1086.9999999999998,0.0015698909090909089,0.008695999999999999,none,
2026-07-18T01:46:14+00:00,station1,0.0,1.134,1.697,0.0,445400.61089798366,8881349.520917801,3.5632048871838693,71.05079616734241,none,
2026-07-18T01:46:14+00:00,station2,0.0,1.091,1.527,0.0,8879837.727272727,446709.3272727272,71.0387018181818,3.5736746181818178,none,
2026-07-18T01:46:14+00:00,station3,0.0,0.695,1.287,0.0,236.58181818181816,1305.4545454545453,0.0018926545454545454,0.010443636363636362,none,
2026-07-18T01:46:29+00:00,station1,0.0,1.11,1.72,0.0,334421.4727272727,6662443.909090908,2.675371781818182,53.299551272727264,none,
2026-07-18T01:46:29+00:00,station2,0.0,1.562,1.842,0.0,6661132.163636363,335511.0727272727,53.28905730909091,2.6840885818181817,none,
2026-07-18T01:46:29+00:00,station3,0.0,0.352,1.436,0.0,196.29090909090908,1090.1272727272726,0.0015703272727272727,0.00872101818181818,none,
2026-07-18T01:46:44+00:00,station1,0.0,0.893,1.451,0.0,557844.2084977183,11130537.843390362,4.4627536679817466,89.0443027471229,none,
2026-07-18T01:46:44+00:00,station2,0.0,1.254,1.626,0.0,11129701.727272727,559184.7818181817,89.03761381818181,4.473478254545454,none,
2026-07-18T01:46:44+00:00,station3,0.0,0.091,1.934,0.0,238.36363636363635,1309.3454545454545,0.0019069090909090908,0.010474763636363635,none,
2026-07-18T01:46:59+00:00,station1,0.0,0.839,1.396,0.0,558867.1454545454,11170610.890909089,4.470937163636363,89.36488712727271,none,
2026-07-18T01:46:59+00:00,station2,0.0,1.476,1.791,0.0,11169329.309090909,559944.5272727272,89.35463447272727,4.479556218181818,none,
2026-07-18T01:46:59+00:00,station3,0.0,0.347,1.678,0.0,197.94545454545454,1089.9454545454544,0.0015835636363636363,0.008719563636363635,none,
2026-07-18T01:47:14+00:00,station1,0.0,0.245,2.051,0.0,556446.3454545455,11107922.727272727,4.451570763636363,88.86338181818181,none,
2026-07-18T01:47:14+00:00,station2,0.0,0.373,1.909,0.0,11106321.327272726,557735.4909090908,88.8505706181818,4.461883927272726,none,
2026-07-18T01:47:14+00:00,station3,0.0,2042.985,3052.434,0.0,239.49090909090907,1310.8,0.0019159272727272726,0.0104864,none,
2026-07-18T01:47:29+00:00,station1,0.0,0.71,1.542,0.0,444672.3818181818,8873364.909090908,3.557379054545454,70.98691927272726,none,
2026-07-18T01:47:29+00:00,station2,0.0,0.254,2.291,0.0,8871997.618181817,445748.70909090905,70.97598094545454,3.565989672727272,none,
2026-07-18T01:47:29+00:00,station3,0.0,1443.945,2953.496,0.0,201.78181818181818,1094.2545454545455,0.0016142545454545455,0.008754036363636364,none,
2026-07-18T01:47:44+00:00,station1,0.0,0.082,2.41,0.0,556839.6574607735,11106985.727532227,4.454717259686188,88.85588582025781,none,
2026-07-18T01:47:44+00:00,station2,0.0,0.242,1.994,0.0,11105522.236363636,558121.1454545454,88.8441778909091,4.464969163636363,none,
2026-07-18T01:47:44+00:00,station3,0.0,506.588,427.907,0.0,269.5272727272727,1345.9818181818182,0.0021562181818181817,0.010767854545454546,none,
2026-07-18T01:47:59+00:00,station1,0.0,0.886,2.486,0.0,554808.7056128293,11063029.727813235,4.438469644902635,88.50423782250587,none,
2026-07-18T01:47:59+00:00,station2,0.0,0.832,2.275,0.0,11061355.6,555853.2545454545,88.49084479999999,4.446826036363636,none,
2026-07-18T01:47:59+00:00,station3,0.0,1449.008,2946.711,0.0,224.99999999999997,1122.4363636363635,0.0017999999999999997,0.008979490909090908,none,
2026-07-18T01:48:14+00:00,station1,0.0,0.03,0.253,0.0,565450.4727272727,11287241.836363636,4.523603781818181,90.29793469090909,none,
2026-07-18T01:48:14+00:00,station2,0.0,0.046,0.212,0.0,11285845.181818182,566730.2181818181,90.28676145454546,4.533841745454545,none,
2026-07-18T01:48:14+00:00,station3,0.0,0.007,0.234,0.0,274.9090909090909,1344.6909090909091,0.0021992727272727272,0.010757527272727272,none,
2026-07-18T01:48:29+00:00,station1,0.0,0.025,0.256,0.0,341848.54545454547,6819181.909090908,2.7347883636363637,54.55345527272726,none,
2026-07-18T01:48:29+00:00,station2,0.0,0.014,0.234,0.0,6817866.745454545,342908.3636363636,54.54293396363636,2.7432669090909085,none,
2026-07-18T01:48:29+00:00,station3,0.0,0.037,0.33,0.0,251.09090909090907,1122.4363636363635,0.0020087272727272727,0.008979490909090908,none,
2026-07-18T01:48:44+00:00,station1,0.0,0.187,0.845,0.0,446003.87272727274,8878429.072727272,3.568030981818182,71.02743258181818,none,
2026-07-18T01:48:44+00:00,station2,0.0,0.146,0.822,0.0,8877007.618181817,447299.4545454545,71.01606094545454,3.5783956363636356,none,
2026-07-18T01:48:44+00:00,station3,0.0,0.056,0.649,0.0,247.05454545454543,1312.2727272727273,0.0019764363636363635,0.010498181818181818,none,
2026-07-18T01:48:59+00:00,station1,0.0,0.379,0.979,0.0,334367.4163227461,6644732.705488792,2.6749393305819686,53.15786164391033,none,
2026-07-18T01:48:59+00:00,station2,0.0,1.932,2.328,0.0,6643935.381818181,335470.69090909086,53.151483054545444,2.683765527272727,none,
2026-07-18T01:48:59+00:00,station3,0.0,0.109,0.699,0.0,195.0,1088.4181818181817,0.00156,0.008707345454545453,none,
2026-07-18T01:49:14+00:00,station1,0.0,0.017,0.81,0.0,552767.2042326503,10997348.920928711,4.422137633861203,87.9787913674297,none,
2026-07-18T01:49:14+00:00,station2,0.0,0.269,0.928,0.0,10996056.527272727,554084.8909090909,87.96845221818182,4.432679127272727,none,
2026-07-18T01:49:14+00:00,station3,0.0,0.219,0.749,0.0,235.45454545454544,1306.3090909090909,0.0018836363636363636,0.010450472727272727,none,
2026-07-18T01:49:29+00:00,station1,0.0,0.144,0.978,0.0,560667.7636363636,11172414.07272727,4.485342109090908,89.37931258181817,none,
2026-07-18T01:49:29+00:00,station2,0.0,0.443,1.046,0.0,11171296.49090909,561757.5636363636,89.37037192727273,4.494060509090909,none,
2026-07-18T01:49:29+00:00,station3,0.0,0.25,0.769,0.0,196.1090909090909,1088.9090909090908,0.001568872727272727,0.008711272727272725,none,
2026-07-18T01:49:44+00:00,station1,0.0,0.27,0.809,0.0,557944.7454545455,11104202.418181816,4.463557963636364,88.83361934545452,none,
2026-07-18T01:49:44+00:00,station2,0.0,0.206,0.902,0.0,11102531.363636363,559253.6909090909,88.8202509090909,4.4740295272727275,none,
2026-07-18T01:49:44+00:00,station3,0.0,0.11,2.169,0.0,231.16363636363633,1305.0727272727272,0.0018493090909090905,0.010440581818181818,none,
2026-07-18T01:49:59+00:00,station1,0.0,0.158,0.916,0.0,445458.1537846143,8869191.148929982,3.5636652302769143,70.95352919143986,none,
2026-07-18T01:49:59+00:00,station2,0.0,0.125,0.849,0.0,8867842.327272726,446535.98181818175,70.9427386181818,3.572287854545454,none,
2026-07-18T01:49:59+00:00,station3,0.0,0.813,2.232,0.0,197.14545454545453,1090.581818181818,0.0015771636363636362,0.008724654545454544,none,
2026-07-18T01:50:14+00:00,station1,0.0,0.163,0.866,0.0,556653.509090909,11103022.563636363,4.453228072727272,88.8241805090909,none,
2026-07-18T01:50:14+00:00,station2,0.0,0.16,0.861,0.0,11101659.618181817,557965.6181818182,88.81327694545453,4.463724945454545,none,
2026-07-18T01:50:14+00:00,station3,0.0,0.268,2.42,0.0,239.16363636363633,1309.6363636363635,0.0019133090909090906,0.010477090909090908,none,
2026-07-18T01:50:29+00:00,station1,0.0,0.205,0.904,0.0,547017.5275914108,10923614.229349624,4.376140220731286,87.388913834797,none,
2026-07-18T01:50:29+00:00,station2,0.0,0.086,0.763,0.0,10921889.909090908,548096.9090909091,87.37511927272726,4.384775272727272,none,
2026-07-18T01:50:29+00:00,station3,0.0,0.306,1.991,0.0,199.34545454545454,1092.3272727272727,0.0015947636363636364,0.008738618181818182,none,
2026-07-18T01:50:44+00:00,station1,0.0,0.023,0.259,0.0,571357.8,11424757.2,4.5708624,91.39805759999999,none,
2026-07-18T01:50:44+00:00,station2,0.0,0.029,0.232,0.0,11423413.254545454,572661.0909090909,91.38730603636363,4.581288727272727,none,
2026-07-18T01:50:44+00:00,station3,0.0,0.016,0.316,0.0,244.7272727272727,1311.2181818181816,0.0019578181818181817,0.010489745454545453,none,
2026-07-18T01:50:59+00:00,station1,0.0,1.151,1.56,0.0,443853.18448755477,8869313.93974655,3.5508254759004383,70.95451151797239,none,
2026-07-18T01:50:59+00:00,station2,0.0,1.379,1.803,0.0,8868287.018181818,444935.5999999999,70.94629614545454,3.5594847999999994,none,
2026-07-18T01:50:59+00:00,station3,0.0,0.11,0.841,0.0,201.2181818181818,1089.1818181818182,0.0016097454545454543,0.008713454545454547,none,
2026-07-18T01:51:14+00:00,station1,0.0,0.223,0.828,0.0,554058.1636363636,11102253.545454543,4.432465309090909,88.81802836363634,none,
2026-07-18T01:51:14+00:00,station2,0.0,0.094,0.769,0.0,11100578.6,555346.2363636363,88.8046288,4.442769890909091,none,
2026-07-18T01:51:14+00:00,station3,0.0,0.127,0.749,0.0,241.34545454545454,1309.890909090909,0.0019307636363636363,0.01047912727272727,none,
2026-07-18T01:51:29+00:00,station1,0.0,0.169,0.982,0.0,441855.6830372566,8868340.036729276,3.5348454642980527,70.9467202938342,none,
2026-07-18T01:51:29+00:00,station2,0.0,0.151,0.935,0.0,8866209.545454545,442908.8363636363,70.92967636363636,3.5432706909090905,none,
2026-07-18T01:51:29+00:00,station3,0.0,0.06,0.706,0.0,202.76363636363632,1092.0545454545454,0.0016221090909090906,0.008736436363636363,none,
2026-07-18T01:51:44+00:00,station1,0.0,0.219,0.922,0.0,651257.2410407462,13081339.260713832,5.21005792832597,104.65071408571066,none,
2026-07-18T01:51:44+00:00,station2,0.0,0.087,0.763,0.0,13079623.4,652551.1272727272,104.63698720000001,5.220409018181818,none,
2026-07-18T01:51:44+00:00,station3,0.0,0.038,0.678,0.0,240.07272727272726,1309.7636363636364,0.001920581818181818,0.01047810909090909,none,
2026-07-18T01:51:59+00:00,station1,0.0,0.023,0.254,0.0,460511.98181818175,9258693.309090909,3.684095854545454,74.06954647272727,none,
2026-07-18T01:51:59+00:00,station2,0.0,0.077,0.199,0.0,9256278.654545454,461626.23636363633,74.05022923636363,3.6930098909090905,none,
2026-07-18T01:51:59+00:00,station3,0.0,0.002,0.29,0.0,200.7090909090909,1092.1999999999998,0.0016056727272727271,0.008737599999999998,none,
2026-07-18T01:52:14+00:00,station1,0.0,0.075,0.775,0.0,546964.3642842857,11102435.628443118,4.375714914274286,88.81948502754494,none,
2026-07-18T01:52:14+00:00,station2,0.0,0.011,0.686,0.0,11101011.69090909,548282.2,88.80809352727272,4.3862575999999995,none,
2026-07-18T01:52:14+00:00,station3,0.0,0.189,1.639,0.0,235.09090909090907,1307.9636363636362,0.0018807272727272724,0.01046370909090909,none,
2026-07-18T01:52:29+00:00,station1,0.0,0.191,0.836,0.0,431848.566389702,8869511.045253722,3.4547885311176163,70.95608836202977,none,
2026-07-18T01:52:29+00:00,station2,0.0,0.073,0.864,0.0,8868541.181818182,432951.69090909086,70.94832945454546,3.463613527272727,none,
2026-07-18T01:52:29+00:00,station3,0.0,0.401,1.73,0.0,196.29090909090908,1091.1636363636362,0.0015703272727272727,0.00872930909090909,none,
2026-07-18T01:52:44+00:00,station1,0.0,0.037,0.714,0.0,533548.0181818182,11104670.581818182,4.2683841454545455,88.83736465454545,none,
2026-07-18T01:52:44+00:00,station2,0.0,0.123,0.903,0.0,11103304.272727272,534852.2,88.82643418181817,4.2788176,none,
2026-07-18T01:52:44+00:00,station3,0.0,0.449,1.662,0.0,234.98181818181817,1308.9454545454544,0.0018798545454545453,0.010471563636363635,none,
2026-07-18T01:52:59+00:00,station1,0.0,0.379,0.633,0.0,534632.3454545455,11171152.963636363,4.277058763636363,89.3692237090909,none,
2026-07-18T01:52:59+00:00,station2,0.0,0.3,0.569,0.0,11169900.98181818,535713.8545454545,89.35920785454545,4.285710836363636,none,
2026-07-18T01:52:59+00:00,station3,0.0,0.698,2.217,0.0,199.8,1092.0181818181818,0.0015984,0.008736145454545454,none,
2026-07-18T01:53:14+00:00,station1,0.0,1.281,1.61,0.0,532005.9453464482,11106508.045308266,4.2560475627715855,88.85206436246612,none,
2026-07-18T01:53:14+00:00,station2,0.0,1.485,1.824,0.0,11105367.29090909,533326.6181818182,88.84293832727272,4.266612945454545,none,
2026-07-18T01:53:14+00:00,station3,0.0,0.756,1.233,0.0,238.07272727272726,1308.709090909091,0.0019045818181818181,0.010469672727272727,none,
2026-07-18T01:53:29+00:00,station1,0.0,0.624,1.308,0.0,425544.34545454546,8872152.690909091,3.4043547636363636,70.97722152727273,none,
2026-07-18T01:53:29+00:00,station2,0.0,0.108,0.879,0.0,8870684.999999998,426618.3818181818,70.96547999999999,3.4129470545454543,none,
2026-07-18T01:53:29+00:00,station3,0.0,0.403,2.051,0.0,203.78181818181818,1092.0545454545454,0.0016302545454545455,0.008736436363636363,none,
2026-07-18T01:53:44+00:00,station1,0.0,0.01,0.745,0.0,532938.0374902275,11107368.175124088,4.26350429992182,88.85894540099271,none,
2026-07-18T01:53:44+00:00,station2,0.0,0.264,0.903,0.0,11105876.163636362,534240.4545454545,88.8470093090909,4.2739236363636355,none,
2026-07-18T01:53:44+00:00,station3,0.0,389.363,277.293,0.0,247.25454545454542,1310.7636363636364,0.0019780363636363635,0.010486109090909091,none,
2026-07-18T01:53:59+00:00,station1,0.0,0.058,0.796,0.0,513933.76243204426,10714360.824742267,4.111470099456354,85.71488659793813,none,
2026-07-18T01:53:59+00:00,station2,0.0,0.069,0.805,0.0,10712917.054545455,514917.54545454547,85.70333643636364,4.119340363636364,none,
2026-07-18T01:53:59+00:00,station3,0.0,0.348,1.848,0.0,212.2181818181818,1095.9636363636362,0.0016977454545454543,0.00876770909090909,none,
2026-07-18T01:54:14+00:00,station1,0.0,0.013,0.222,0.0,556959.999272714,11633185.85792469,4.455679994181712,93.06548686339752,none,
2026-07-18T01:54:14+00:00,station2,0.0,0.003,0.298,0.0,11631489.836363636,558315.3454545455,93.05191869090909,4.466522763636363,none,
2026-07-18T01:54:14+00:00,station3,0.0,0.007,0.232,0.0,254.7090909090909,1313.6181818181817,0.002037672727272727,0.010508945454545454,none,
2026-07-18T01:54:29+00:00,station1,0.0,0.204,0.884,0.0,426323.92675964144,8880381.56626725,3.4105914140771314,71.043052530138,none,
2026-07-18T01:54:29+00:00,station2,0.0,0.519,1.144,0.0,8878634.818181818,427379.5818181818,71.02907854545455,3.4190366545454545,none,
2026-07-18T01:54:29+00:00,station3,0.0,0.159,1.497,0.0,206.8181818181818,1090.9818181818182,0.0016545454545454545,0.008727854545454546,none,
2026-07-18T01:54:44+00:00,station1,0.0,0.683,1.51,0.0,532785.276631334,11113084.471191432,4.262282213050672,88.90467576953147,none,
2026-07-18T01:54:44+00:00,station2,0.0,0.728,1.455,0.0,11111941.581818182,534103.509090909,88.89553265454546,4.272828072727273,none,
2026-07-18T01:54:44+00:00,station3,0.0,0.49,1.87,0.0,239.7090909090909,1307.090909090909,0.001917672727272727,0.010456727272727272,none,
2026-07-18T01:54:59+00:00,station1,0.0,1.474,1.86,0.0,425883.72727272724,8878522.054545455,3.4070698181818178,71.02817643636364,none,
2026-07-18T01:54:59+00:00,station2,0.0,1.692,1.957,0.0,8877483.018181818,426955.0181818182,71.01986414545453,3.4156401454545455,none,
2026-07-18T01:54:59+00:00,station3,0.0,0.292,1.871,0.0,199.14545454545453,1090.7818181818182,0.0015931636363636361,0.008726254545454545,none,
2026-07-18T01:55:14+00:00,station1,0.0,0.018,0.729,0.0,617116.3454545455,12887321.67272727,4.936930763636363,103.09857338181816,none,
2026-07-18T01:55:14+00:00,station2,0.0,0.123,0.82,0.0,12885726.818181816,618332.0545454546,103.08581454545453,4.946656436363637,none,
2026-07-18T01:55:14+00:00,station3,0.0,0.546,2.044,0.0,235.38181818181818,1309.3272727272727,0.0018830545454545454,0.010474618181818182,none,
2026-07-18T01:55:29+00:00,station1,0.0,0.028,0.262,0.0,451610.5272727272,9462265.218181817,3.6128842181818177,75.69812174545453,none,
2026-07-18T01:55:29+00:00,station2,0.0,0.03,0.239,0.0,9461079.545454543,452776.9636363636,75.68863636363635,3.622215709090909,none,
2026-07-18T01:55:29+00:00,station3,0.0,0.035,0.312,0.0,203.45454545454544,1094.0727272727272,0.0016276363636363634,0.008752581818181818,none,
2026-07-18T01:55:44+00:00,station1,0.0,0.047,0.711,0.0,540364.5570080543,11105169.706005344,4.322916456064434,88.84135764804276,none,
2026-07-18T01:55:44+00:00,station2,0.0,0.099,0.811,0.0,11103742.963636363,541667.0909090909,88.8299437090909,4.3333367272727275,none,
2026-07-18T01:55:44+00:00,station3,0.0,0.15,0.721,0.0,240.07272727272726,1309.4545454545453,0.001920581818181818,0.010475636363636362,none,
2026-07-18T01:55:59+00:00,station1,0.0,0.101,0.877,0.0,439204.14174287743,8871964.164287921,3.5136331339430193,70.97571331430336,none,
2026-07-18T01:55:59+00:00,station2,0.0,0.036,0.7,0.0,8870370.436363636,440294.18181818177,70.96296349090909,3.522353454545454,none,
2026-07-18T01:55:59+00:00,station3,0.0,0.097,0.81,0.0,193.4,1086.9090909090908,0.0015472,0.008695272727272727,none,
2026-07-18T01:56:14+00:00,station1,0.0,0.052,0.827,0.0,555421.1818181818,11105658.636363635,4.443369454545454,88.84526909090908,none,
2026-07-18T01:56:14+00:00,station2,0.0,0.083,0.835,0.0,11103847.654545454,556719.7454545455,88.83078123636363,4.453757963636364,none,
2026-07-18T01:56:14+00:00,station3,0.0,0.023,0.673,0.0,239.99999999999997,1308.3454545454545,0.0019199999999999998,0.010466763636363636,none,
2026-07-18T01:56:29+00:00,station1,0.0,0.02,0.779,0.0,559062.9488881212,11172973.653108351,4.472503591104969,89.3837892248668,none,
2026-07-18T01:56:29+00:00,station2,0.0,0.029,0.718,0.0,11171265.8,560128.4909090908,89.3701264,4.481027927272727,none,
2026-07-18T01:56:29+00:00,station3,0.0,0.138,0.742,0.0,198.07272727272726,1092.3090909090909,0.0015845818181818181,0.008738472727272727,none,
2026-07-18T01:56:44+00:00,station1,0.0,0.029,0.594,0.0,555986.3818181817,11102251.109090907,4.447891054545454,88.81800887272726,none,
2026-07-18T01:56:44+00:00,station2,0.0,0.716,1.245,0.0,11100620.163636362,557281.2,88.8049613090909,4.458249599999999,none,
2026-07-18T01:56:44+00:00,station3,0.0,0.019,0.702,0.0,238.5090909090909,1309.3454545454545,0.0019080727272727273,0.010474763636363635,none,
2026-07-18T01:56:59+00:00,station1,0.0,0.26,0.695,0.0,443351.4845184633,8865902.983582117,3.5468118761477063,70.92722386865694,none,
2026-07-18T01:56:59+00:00,station2,0.0,0.711,1.162,0.0,8865030.399999999,444444.69090909086,70.92024319999999,3.5555575272727267,none,
2026-07-18T01:56:59+00:00,station3,0.0,0.281,1.022,0.0,193.47272727272727,1085.9636363636362,0.0015477818181818181,0.00868770909090909,none,
2026-07-18T01:57:14+00:00,station1,0.0,0.058,0.75,0.0,553869.8727272727,11101369.327272726,4.430958981818182,88.81095461818181,none,
2026-07-18T01:57:14+00:00,station2,0.0,0.119,1.152,0.0,11100207.654545454,555182.4545454545,88.80166123636363,4.441459636363636,none,
2026-07-18T01:57:14+00:00,station3,0.0,0.038,0.671,0.0,234.47272727272727,1306.2363636363634,0.001875781818181818,0.010449890909090907,none,
2026-07-18T01:57:29+00:00,station1,0.0,1.542,1.812,0.0,523343.8727272727,10506478.818181816,4.186750981818181,84.05183054545454,none,
2026-07-18T01:57:29+00:00,station2,0.0,1.777,2.087,0.0,10505017.072727272,524346.4363636363,84.04013658181817,4.1947714909090905,none,
2026-07-18T01:57:29+00:00,station3,0.0,0.084,0.634,0.0,198.94545454545454,1091.7090909090907,0.0015915636363636363,0.008733672727272726,none,
2026-07-18T01:57:44+00:00,station1,0.0,0.01,0.201,0.0,588631.3272727273,11836924.163636362,4.709050618181818,94.6953933090909,none,
2026-07-18T01:57:44+00:00,station2,0.0,0.019,0.219,0.0,11835538.127272727,590029.309090909,94.68430501818182,4.720234472727272,none,
2026-07-18T01:57:44+00:00,station3,0.0,0.046,0.299,0.0,234.47272727272727,1306.3272727272727,0.001875781818181818,0.010450618181818182,none,
2026-07-18T01:57:59+00:00,station1,0.0,0.363,1.101,0.0,441884.3069873998,8857958.071964946,3.5350744558991987,70.86366457571957,none,
2026-07-18T01:57:59+00:00,station2,0.0,1.199,1.632,0.0,8856533.09090909,442971.34545454546,70.85226472727273,3.543770763636364,none,
2026-07-18T01:57:59+00:00,station3,0.0,0.102,0.711,0.0,191.9090909090909,1085.7272727272727,0.0015352727272727274,0.008685818181818182,none,
2026-07-18T01:58:14+00:00,station1,0.0,0.195,0.858,0.0,554248.6,11092873.745454544,4.4339888,88.74298996363635,none,
2026-07-18T01:58:14+00:00,station2,0.0,0.06,0.811,0.0,11091194.709090909,555549.5818181818,88.72955767272727,4.4443966545454545,none,
2026-07-18T01:58:14+00:00,station3,0.0,0.217,0.795,0.0,231.27272727272728,1302.5454545454545,0.0018501818181818183,0.010420363636363636,none,
2026-07-18T01:58:29+00:00,station1,0.0,0.119,0.936,0.0,443932.1648697296,8859569.753277212,3.5514573189578367,70.8765580262177,none,
2026-07-18T01:58:29+00:00,station2,0.0,0.165,1.049,0.0,8858338.999999998,445028.0545454545,70.86671199999998,3.560224436363636,none,
2026-07-18T01:58:29+00:00,station3,0.0,0.213,0.795,0.0,192.0,1086.4363636363637,0.001536,0.00869149090909091,none,
2026-07-18T01:58:44+00:00,station1,0.0,0.982,1.614,0.0,634099.6545454545,12661864.927272728,5.072797236363637,101.29491941818182,none,
2026-07-18T01:58:44+00:00,station2,0.0,1.054,1.55,0.0,12660113.872727271,635321.5454545454,101.28091098181817,5.0825723636363636,none,
2026-07-18T01:58:44+00:00,station3,0.0,0.297,0.86,0.0,232.36363636363635,1303.2545454545455,0.0018589090909090908,0.010426036363636364,none,
2026-07-18T01:58:59+00:00,station1,0.0,0.016,0.254,0.0,484680.2719851645,9690367.743577624,3.877442175881316,77.522941948621,none,
2026-07-18T01:58:59+00:00,station2,0.0,0.037,0.2,0.0,9689255.563636363,485785.21818181814,77.5140445090909,3.886281745454545,none,
2026-07-18T01:58:59+00:00,station3,0.0,0.031,0.226,0.0,196.1272727272727,1085.7090909090907,0.0015690181818181815,0.008685672727272727,none,
2026-07-18T01:59:14+00:00,station1,0.0,0.092,0.762,0.0,444892.41818181815,8876256.363636363,3.559139345454545,71.01005090909091,none,
2026-07-18T01:59:14+00:00,station2,0.0,0.092,0.962,0.0,8874912.854545454,446201.1272727272,70.99930283636363,3.5696090181818176,none,
2026-07-18T01:59:14+00:00,station3,0.0,0.193,0.767,0.0,237.1272727272727,1305.2181818181816,0.0018970181818181815,0.010441745454545452,none,
2026-07-18T01:59:29+00:00,station1,0.0,0.167,0.95,0.0,333026.1822942235,6640684.139711631,2.6642094583537883,53.125473117693055,none,
2026-07-18T01:59:29+00:00,station2,0.0,0.114,0.848,0.0,6639556.781818181,334096.7272727273,53.11645425454545,2.672773818181818,none,
2026-07-18T01:59:29+00:00,station3,0.0,0.202,0.997,0.0,200.5090909090909,1090.090909090909,0.0016040727272727273,0.008720727272727272,none,
2026-07-18T01:59:44+00:00,station1,0.0,1.05,1.702,0.0,445133.0460397119,8876099.643610444,3.5610643683176955,71.00879714888354,none,
2026-07-18T01:59:44+00:00,station2,0.0,1.32,1.801,0.0,8874345.654545454,446414.16363636364,70.99476523636363,3.5713133090909093,none,
2026-07-18T01:59:44+00:00,station3,0.0,0.192,0.514,0.0,237.1272727272727,1305.6,0.0018970181818181815,0.010444799999999999,none,
2026-07-18T01:59:59+00:00,station1,0.0,0.509,1.104,0.0,518980.61853420845,10356137.142961036,4.151844948273667,82.8490971436883,none,
2026-07-18T01:59:59+00:00,station2,0.0,0.688,1.292,0.0,10354666.618181817,519998.98181818175,82.83733294545453,4.159991854545454,none,
2026-07-18T01:59:59+00:00,station3,0.0,0.167,0.777,0.0,199.54545454545453,1088.6727272727271,0.0015963636363636362,0.008709381818181816,none,
2026-07-18T02:00:14+00:00,station1,0.0,0.022,0.254,0.0,599891.7636363636,11989849.98181818,4.799134109090908,95.91879985454544,none,
2026-07-18T02:00:14+00:00,station2,0.0,0.053,0.265,0.0,11988454.018181818,601247.7818181817,95.90763214545454,4.809982254545454,none,
2026-07-18T02:00:14+00:00,station3,0.0,0.066,0.262,0.0,237.27272727272728,1306.0727272727272,0.0018981818181818182,0.010448581818181818,none,
2026-07-18T02:00:29+00:00,station1,0.0,0.128,2.113,0.0,445040.5825560465,8874492.84532446,3.560324660448372,70.99594276259569,none,
2026-07-18T02:00:29+00:00,station2,0.0,0.168,1.921,0.0,8873464.49090909,446126.54545454547,70.98771592727272,3.569012363636364,none,
2026-07-18T02:00:29+00:00,station3,0.0,1441.851,2967.272,0.0,190.58181818181816,1093.109090909091,0.0015246545454545453,0.008744872727272729,none,
2026-07-18T02:00:44+00:00,station1,0.0,0.304,2.451,0.0,557077.3090909091,11109584.509090908,4.456618472727273,88.87667607272726,none,
2026-07-18T02:00:44+00:00,station2,0.0,0.329,1.965,0.0,11108341.654545454,558374.4181818182,88.86673323636363,4.466995345454546,none,
2026-07-18T02:00:44+00:00,station3,0.0,1441.851,2967.272,100.0,218.49090909090907,1317.1636363636362,0.0017479272727272727,0.01053730909090909,none,
2026-07-18T02:00:59+00:00,station1,0.0,0.276,1.951,0.0,445354.0909090909,8875755.545454545,3.562832727272727,71.00604436363636,none,
2026-07-18T02:00:59+00:00,station2,0.0,0.126,2.0,0.0,8874296.836363636,446398.23636363633,70.99437469090908,3.5711858909090908,none,
2026-07-18T02:00:59+00:00,station3,0.0,836.063,1722.909,50.0,215.18181818181816,1137.3090909090909,0.0017214545454545453,0.009098472727272726,none,
2026-07-18T02:01:14+00:00,station1,0.0,0.416,1.935,0.0,628172.4150469991,12524438.028399484,5.025379320375993,100.19550422719587,none,
2026-07-18T02:01:14+00:00,station2,0.0,0.032,2.386,0.0,12523029.69090909,629402.109090909,100.18423752727271,5.035216872727272,none,
2026-07-18T02:01:14+00:00,station3,0.0,2461.339,6743.077,70.0,246.47272727272727,1359.8,0.001971781818181818,0.0108784,none,
2026-07-18T02:01:29+00:00,station1,0.0,0.03,0.245,0.0,492234.9636363636,9827061.472727273,3.937879709090909,78.61649178181818,none,
2026-07-18T02:01:29+00:00,station2,0.0,0.04,0.196,0.0,9825689.0,493282.0909090909,78.605512,3.946256727272727,none,
2026-07-18T02:01:29+00:00,station3,0.0,0.014,0.266,0.0,232.07272727272726,1139.381818181818,0.001856581818181818,0.009115054545454545,none,
2026-07-18T02:01:44+00:00,station1,0.0,0.162,0.926,0.0,445488.54545454547,8880186.036363635,3.5639083636363638,71.04148829090909,none,
2026-07-18T02:01:44+00:00,station2,0.0,0.191,0.863,0.0,8878188.963636363,446740.0727272727,71.0255117090909,3.5739205818181814,none,
2026-07-18T02:01:44+00:00,station3,0.0,0.172,0.868,0.0,275.6545454545454,1341.490909090909,0.0022052363636363634,0.010731927272727274,none,
2026-07-18T02:01:59+00:00,station1,0.0,0.105,1.023,0.0,332945.18181818177,6646319.0,2.6635614545454542,53.170552,none,
2026-07-18T02:01:59+00:00,station2,0.0,0.141,0.89,0.0,6644817.418181818,334004.12727272726,53.15853934545454,2.672033018181818,none,
2026-07-18T02:01:59+00:00,station3,0.0,0.219,0.798,0.0,201.0,1091.6181818181817,0.001608,0.008732945454545454,none,
2026-07-18T02:02:14+00:00,station1,0.0,0.041,0.709,0.0,442871.8363636363,8877224.89090909,3.5429746909090905,71.01779912727272,none,
2026-07-18T02:02:14+00:00,station2,0.0,0.103,0.888,0.0,8876288.345454546,444176.94545454544,71.01030676363636,3.5534155636363636,none,
2026-07-18T02:02:14+00:00,station3,0.0,0.039,0.678,0.0,251.5272727272727,1304.4727272727273,0.0020122181818181817,0.010435781818181819,none,
2026-07-18T02:02:29+00:00,station1,0.0,1.7,1.908,0.0,509131.90909090906,10220274.581818182,4.073055272727273,81.76219665454546,none,
2026-07-18T02:02:29+00:00,station2,0.0,2.458,2.518,0.0,10219193.872727273,510180.309090909,81.75355098181818,4.0814424727272725,none,
2026-07-18T02:02:29+00:00,station3,0.0,0.05,0.592,0.0,197.3090909090909,1088.7454545454543,0.0015784727272727273,0.008709963636363635,none,
2026-07-18T02:02:44+00:00,station1,0.0,0.047,0.216,0.0,602264.0181818181,12115615.363636363,4.818112145454545,96.92492290909091,none,
2026-07-18T02:02:44+00:00,station2,0.0,0.02,0.212,0.0,12114320.454545455,603630.0,96.91456363636364,4.82904,none,
2026-07-18T02:02:44+00:00,station3,0.0,0.039,0.303,0.0,236.1090909090909,1305.7636363636364,0.001888872727272727,0.010446109090909091,none,
2026-07-18T02:02:59+00:00,station1,0.0,0.209,0.773,0.0,441986.70909090905,8861629.272727272,3.5358936727272723,70.89303418181817,none,
2026-07-18T02:02:59+00:00,station2,0.0,0.226,0.965,0.0,8860262.472727273,443064.8181818182,70.88209978181818,3.5445185454545456,none,
2026-07-18T02:02:59+00:00,station3,0.0,0.154,0.798,0.0,194.09090909090907,1085.3636363636363,0.0015527272727272725,0.00868290909090909,none,
2026-07-18T02:03:14+00:00,station1,0.0,0.067,0.856,0.0,555063.4727272727,11095105.018181818,4.440507781818181,88.76084014545454,none,
2026-07-18T02:03:14+00:00,station2,0.0,0.034,0.721,0.0,11093222.49090909,556370.2545454545,88.74577992727272,4.450962036363636,none,
2026-07-18T02:03:14+00:00,station3,0.0,0.143,0.793,0.0,233.45454545454544,1303.5272727272725,0.0018676363636363634,0.01042821818181818,none,
2026-07-18T02:03:29+00:00,station1,0.0,0.237,0.939,0.0,445384.9272727272,8863664.654545454,3.5630794181818177,70.90931723636363,none,
2026-07-18T02:03:29+00:00,station2,0.0,0.228,1.037,0.0,8862688.709090909,446487.43636363634,70.90150967272727,3.571899490909091,none,
2026-07-18T02:03:29+00:00,station3,0.0,0.184,0.862,0.0,195.74545454545452,1087.2181818181818,0.0015659636363636361,0.008697745454545455,none,
2026-07-18T02:03:44+00:00,station1,0.0,0.221,0.949,0.0,622080.0181818181,12381976.927272728,4.976640145454544,99.05581541818182,none,
2026-07-18T02:03:44+00:00,station2,0.0,0.032,0.865,0.0,12380629.181818182,623345.0727272726,99.04503345454545,4.9867605818181815,none,
2026-07-18T02:03:44+00:00,station3,0.0,0.335,0.985,0.0,236.36363636363635,1304.4727272727273,0.0018909090909090907,0.010435781818181819,none,
2026-07-18T02:03:59+00:00,station1,0.0,0.036,0.266,0.0,499993.1087150208,9963799.098132627,3.9999448697201667,79.71039278506102,none,
2026-07-18T02:03:59+00:00,station2,0.0,0.051,0.257,0.0,9961980.109090907,501102.69090909086,79.69584087272726,4.008821527272727,none,
2026-07-18T02:03:59+00:00,station3,0.0,0.008,0.308,0.0,200.1272727272727,1087.1636363636362,0.0016010181818181817,0.00869730909090909,none,
2026-07-18T02:04:14+00:00,station1,0.0,0.262,0.928,0.0,556751.3636363636,11102741.509090908,4.4540109090909095,88.82193207272726,none,
2026-07-18T02:04:14+00:00,station2,0.0,0.14,0.876,0.0,11101269.545454543,558042.2,88.81015636363634,4.4643375999999995,none,
2026-07-18T02:04:14+00:00,station3,0.0,0.076,0.821,0.0,239.49090909090907,1305.1272727272726,0.0019159272727272726,0.01044101818181818,none,
2026-07-18T02:04:29+00:00,station1,0.0,0.205,0.87,0.0,443713.94025345915,8867851.251840943,3.5497115220276734,70.94281001472754,none,
2026-07-18T02:04:29+00:00,station2,0.0,0.045,0.692,0.0,8866841.618181817,444798.90909090906,70.93473294545454,3.5583912727272726,none,
2026-07-18T02:04:29+00:00,station3,0.0,0.219,0.823,0.0,199.05454545454543,1087.6181818181817,0.0015924363636363635,0.008700945454545453,none,
2026-07-18T02:04:44+00:00,station1,0.0,0.383,1.324,0.0,553643.1026018655,11102913.071146749,4.429144820814924,88.82330456917398,none,
2026-07-18T02:04:44+00:00,station2,0.0,0.698,1.203,0.0,11100857.036363635,554928.4363636363,88.80685629090908,4.4394274909090905,none,
2026-07-18T02:04:44+00:00,station3,0.0,0.637,1.108,0.0,236.58181818181816,1303.6545454545453,0.0018926545454545454,0.010429236363636362,none,
2026-07-18T02:04:59+00:00,station1,0.0,1.511,1.761,0.0,555364.0909090909,11170454.054545455,4.442912727272727,89.36363243636363,none,
2026-07-18T02:04:59+00:00,station2,0.0,1.455,2.067,0.0,11169358.47272727,556466.0363636364,89.35486778181817,4.451728290909091,none,
2026-07-18T02:04:59+00:00,station3,0.0,0.063,0.656,0.0,195.65454545454543,1085.890909090909,0.0015652363636363634,0.008687127272727272,none,
2026-07-18T02:05:14+00:00,station1,0.0,0.181,0.561,0.0,552777.5979928733,11099146.352992509,4.422220783942986,88.79317082394007,none,
2026-07-18T02:05:14+00:00,station2,0.0,0.214,0.581,0.0,11098431.98181818,554124.9818181818,88.78745585454544,4.4329998545454545,none,
2026-07-18T02:05:14+00:00,station3,0.0,0.156,0.519,0.0,235.0181818181818,1304.0363636363634,0.0018801454545454544,0.010432290909090907,none,
2026-07-18T02:05:29+00:00,station1,0.0,0.078,0.984,0.0,441999.145439008,8865374.024982272,3.5359931635120643,70.92299219985817,none,
2026-07-18T02:05:29+00:00,station2,0.0,0.735,1.215,0.0,8863875.145454545,443079.21818181814,70.91100116363636,3.5446337454545453,none,
2026-07-18T02:05:29+00:00,station3,0.0,0.115,0.779,0.0,196.2181818181818,1087.2545454545455,0.0015697454545454542,0.008698036363636363,none,
2026-07-18T02:05:44+00:00,station1,0.0,0.052,0.711,0.0,552580.2105492827,11097653.93916253,4.420641684394262,88.78123151330024,none,
2026-07-18T02:05:44+00:00,station2,0.0,0.257,0.929,0.0,11096111.618181817,553878.1454545454,88.76889294545454,4.431025163636363,none,
2026-07-18T02:05:44+00:00,station3,0.0,0.171,0.867,0.0,235.56363636363633,1306.0181818181816,0.0018845090909090907,0.010448145454545452,none,
2026-07-18T02:05:59+00:00,station1,0.0,1.419,1.718,0.0,497609.72727272724,9998061.127272727,3.980877818181818,79.98448901818182,none,
2026-07-18T02:05:59+00:00,station2,0.0,1.439,1.879,0.0,9996982.363636363,498711.9636363636,79.9758589090909,3.989695709090909,none,
2026-07-18T02:05:59+00:00,station3,0.0,0.056,0.72,0.0,195.0,1087.8,0.00156,0.008702399999999999,none,
2026-07-18T02:06:14+00:00,station1,0.0,0.339,0.478,0.0,613241.4,12339580.4,4.9059312,98.71664320000001,none,
2026-07-18T02:06:14+00:00,station2,0.0,0.373,0.536,0.0,12338073.29090909,614551.8909090909,98.70458632727271,4.916415127272727,none,
2026-07-18T02:06:14+00:00,station3,0.0,0.188,0.381,0.0,234.36363636363635,1306.3454545454545,0.0018749090909090907,0.010450763636363635,none,
2026-07-18T02:06:29+00:00,station1,0.0,0.211,0.587,0.0,441905.3255513737,8868803.66915762,3.5352426044109895,70.95042935326096,none,
2026-07-18T02:06:29+00:00,station2,0.0,0.271,0.628,0.0,8867460.345454546,442988.0727272727,70.93968276363637,3.5439045818181816,none,
2026-07-18T02:06:29+00:00,station3,0.0,0.191,0.498,0.0,196.65454545454543,1090.8363636363636,0.0015732363636363634,0.008726690909090909,none,
2026-07-18T02:06:44+00:00,station1,0.0,0.101,0.821,0.0,552846.2209778004,11101475.991345612,4.422769767822404,88.8118079307649,none,
2026-07-18T02:06:44+00:00,station2,0.0,0.026,0.857,0.0,11100364.963636363,554168.4545454545,88.8029197090909,4.433347636363636,none,
2026-07-18T02:06:44+00:00,station3,0.0,0.167,0.811,0.0,232.7272727272727,1305.3454545454545,0.0018618181818181815,0.010442763636363636,none,
2026-07-18T02:06:59+00:00,station1,0.0,0.062,0.738,0.0,442126.0909090909,8869723.690909091,3.537008727272727,70.95778952727274,none,
2026-07-18T02:06:59+00:00,station2,0.0,0.075,1.033,0.0,8867843.345454546,443212.0727272727,70.94274676363636,3.5456965818181816,none,
2026-07-18T02:06:59+00:00,station3,0.0,0.15,0.71,0.0,193.47272727272727,1086.3636363636363,0.0015477818181818181,0.00869090909090909,none,
2026-07-18T02:07:14+00:00,station1,0.0,0.105,0.782,0.0,605621.7793697838,12165940.142189573,4.84497423495827,97.32752113751658,none,
2026-07-18T02:07:14+00:00,station2,0.0,0.17,0.893,0.0,12163835.618181817,606904.2909090909,97.31068494545454,4.855234327272727,none,
2026-07-18T02:07:14+00:00,station3,0.0,0.154,0.723,0.0,232.83636363636364,1304.4181818181817,0.001862690909090909,0.010435345454545454,none,
2026-07-18T02:07:29+00:00,station1,0.0,0.264,0.406,0.0,505783.9208770431,10178306.56509645,4.046271367016344,81.42645252077159,none,
2026-07-18T02:07:29+00:00,station2,0.0,0.373,0.543,0.0,10177792.236363636,506899.8545454545,81.42233789090909,4.055198836363636,none,
2026-07-18T02:07:29+00:00,station3,0.0,0.164,0.356,0.0,196.2181818181818,1088.381818181818,0.0015697454545454542,0.008707054545454545,none,
2026-07-18T02:07:44+00:00,station1,0.0,0.466,1.183,0.0,553742.977145039,11104047.382679684,4.4299438171603125,88.83237906143748,none,
2026-07-18T02:07:44+00:00,station2,0.0,0.669,1.278,0.0,11102501.654545454,555042.4181818182,88.82001323636364,4.440339345454546,none,
2026-07-18T02:07:44+00:00,station3,0.0,0.371,2.038,0.0,234.87272727272727,1306.2545454545455,0.0018789818181818181,0.010450036363636363,none,
2026-07-18T02:07:59+00:00,station1,0.0,0.069,0.834,0.0,443496.0635647921,8869299.223622248,3.547968508518337,70.95439378897798,none,
2026-07-18T02:07:59+00:00,station2,0.0,0.152,0.839,0.0,8868048.472727273,444569.63636363635,70.94438778181818,3.5565570909090907,none,
2026-07-18T02:07:59+00:00,station3,0.0,0.133,2.406,0.0,200.96363636363634,1091.3454545454545,0.0016077090909090907,0.008730763636363636,none,
2026-07-18T02:08:14+00:00,station1,0.0,0.031,0.68,0.0,556327.4545454545,11104854.109090907,4.450619636363636,88.83883287272727,none,
2026-07-18T02:08:14+00:00,station2,0.0,0.075,0.822,0.0,11103431.98181818,557626.8727272727,88.82745585454545,4.461014981818182,none,
2026-07-18T02:08:14+00:00,station3,0.0,0.539,2.174,0.0,240.3272727272727,1308.9636363636362,0.0019226181818181817,0.01047170909090909,none,
2026-07-18T02:08:29+00:00,station1,0.0,0.035,0.703,0.0,559205.3818181817,11172857.563636363,4.4736430545454535,89.3828605090909,none,
2026-07-18T02:08:29+00:00,station2,0.0,0.082,0.876,0.0,11171657.98181818,560301.8363636363,89.37326385454544,4.48241469090909,none,
2026-07-18T02:08:29+00:00,station3,0.0,0.364,2.229,0.0,206.83636363636364,1091.6363636363635,0.0016546909090909092,0.008733090909090907,none,
2026-07-18T02:08:44+00:00,station1,0.0,0.313,0.509,0.0,555093.4727272727,11101992.545454543,4.440747781818181,88.81594036363634,none,
2026-07-18T02:08:44+00:00,station2,0.0,0.247,0.392,0.0,11100343.581818182,556388.8181818181,88.80274865454545,4.4511105454545445,none,
2026-07-18T02:08:44+00:00,station3,0.0,0.326,0.52,0.0,239.85454545454544,1305.4181818181817,0.0019188363636363636,0.010443345454545453,none,
2026-07-18T02:08:59+00:00,station1,0.0,1.414,1.812,0.0,437795.21818181814,8866168.49090909,3.5023617454545453,70.92934792727272,none,
2026-07-18T02:08:59+00:00,station2,0.0,1.769,1.997,0.0,8864933.2,438884.0909090909,70.9194656,3.511072727272727,none,
2026-07-18T02:08:59+00:00,station3,0.0,0.267,1.004,0.0,196.1272727272727,1084.3999999999999,0.0015690181818181815,0.0086752,none,
2026-07-18T02:09:14+00:00,station1,0.0,0.156,0.824,0.0,537637.5884074835,11097740.36835694,4.301100707259868,88.78192294685552,none,
2026-07-18T02:09:14+00:00,station2,0.0,0.029,0.735,0.0,11096475.218181817,538953.7999999999,88.77180174545454,4.311630399999999,none,
2026-07-18T02:09:14+00:00,station3,0.0,0.132,0.787,0.0,235.49090909090907,1303.0545454545454,0.0018839272727272725,0.010424436363636363,none,
2026-07-18T02:09:29+00:00,station1,0.0,0.099,0.935,0.0,467077.8502990746,9782608.621347927,3.736622802392597,78.2608689707834,none,
2026-07-18T02:09:29+00:00,station2,0.0,0.178,0.723,0.0,9781784.272727273,468200.54545454547,78.25427418181819,3.745604363636364,none,
2026-07-18T02:09:29+00:00,station3,0.0,0.106,0.72,0.0,196.2181818181818,1088.1090909090908,0.0015697454545454542,0.008704872727272727,none,
2026-07-18T02:09:44+00:00,station1,0.0,0.371,0.8,0.0,598322.4967726687,12560141.620756742,4.7865799741813495,100.48113296605393,none,
2026-07-18T02:09:44+00:00,station2,0.0,0.264,0.557,0.0,12558275.363636363,599615.2,100.46620290909091,4.796921599999999,none,
2026-07-18T02:09:44+00:00,station3,0.0,0.37,0.793,0.0,233.9272727272727,1303.5636363636363,0.0018714181818181817,0.01042850909090909,none,
2026-07-18T02:09:59+00:00,station1,0.0,0.179,0.373,0.0,425617.54545454547,8867765.927272728,3.4049403636363635,70.94212741818183,none,
2026-07-18T02:09:59+00:00,station2,0.0,0.257,0.412,0.0,8866863.09090909,426709.61818181816,70.93490472727272,3.4136769454545455,none,
2026-07-18T02:09:59+00:00,station3,0.0,0.161,0.45,0.0,193.47272727272727,1085.6181818181817,0.0015477818181818181,0.008684945454545453,none,
2026-07-18T02:10:14+00:00,station1,0.0,0.025,0.808,0.0,541515.4727272727,11100494.67272727,4.332123781818181,88.80395738181817,none,
2026-07-18T02:10:14+00:00,station2,0.0,0.085,0.925,0.0,11098714.49090909,542821.9454545454,88.78971592727272,4.342575563636363,none,
2026-07-18T02:10:14+00:00,station3,0.0,0.103,0.758,0.0,234.47272727272727,1304.8,0.001875781818181818,0.0104384,none,
2026-07-18T02:10:29+00:00,station1,0.0,0.758,1.396,0.0,439226.0545454545,8865445.509090908,3.513808436363636,70.92356407272726,none,
2026-07-18T02:10:29+00:00,station2,0.0,0.848,1.58,0.0,8863900.927272728,440310.0727272727,70.91120741818182,3.5224805818181815,none,
2026-07-18T02:10:29+00:00,station3,0.0,0.137,0.734,0.0,197.85454545454544,1089.1090909090908,0.0015828363636363637,0.008712872727272726,none,
2026-07-18T02:10:44+00:00,station1,0.0,0.176,0.818,0.0,594882.0342188041,11942483.826978674,4.759056273750433,95.53987061582939,none,
2026-07-18T02:10:44+00:00,station2,0.0,0.068,0.818,0.0,11940670.927272728,596179.6909090909,95.52536741818182,4.769437527272728,none,
2026-07-18T02:10:44+00:00,station3,0.0,0.117,0.773,0.0,235.56363636363633,1305.3272727272727,0.0018845090909090907,0.010442618181818181,none,
2026-07-18T02:10:59+00:00,station1,0.0,1.666,1.764,0.0,517073.60133820615,10397217.603956435,4.136588810705649,83.17774083165148,none,
2026-07-18T02:10:59+00:00,station2,0.0,1.734,1.851,0.0,10395649.781818181,518142.50909090904,83.16519825454544,4.145140072727273,none,
2026-07-18T02:10:59+00:00,station3,0.0,0.258,0.457,0.0,194.56363636363633,1084.8727272727272,0.0015565090909090908,0.008678981818181818,none,
2026-07-18T02:11:14+00:00,station1,0.0,0.23,1.883,0.0,548212.0220367643,11101201.62184767,4.385696176294115,88.80961297478136,none,
2026-07-18T02:11:14+00:00,station2,0.0,0.366,2.016,0.0,11099720.49090909,549501.109090909,88.79776392727273,4.396008872727272,none,
2026-07-18T02:11:14+00:00,station3,0.0,1294.215,1242.875,20.0,226.25454545454542,1312.6,0.0018100363636363633,0.0105008,none,
2026-07-18T02:11:29+00:00,station1,0.0,1.307,2.73,0.0,432879.46112030256,8868095.631147392,3.4630356889624205,70.94476504917914,none,
2026-07-18T02:11:29+00:00,station2,0.0,1.021,2.834,0.0,8867262.909090908,433973.4727272727,70.93810327272726,3.4717877818181817,none,
2026-07-18T02:11:29+00:00,station3,0.0,2940.249,5396.148,0.0,205.47272727272727,1118.8545454545454,0.001643781818181818,0.008950836363636363,none,
2026-07-18T02:11:44+00:00,station1,0.0,0.31,1.982,0.0,535631.1157978945,11102021.872329593,4.285048926383157,88.81617497863674,none,
2026-07-18T02:11:44+00:00,station2,0.0,0.206,2.166,0.0,11101107.654545454,536925.9454545454,88.80886123636364,4.295407563636363,none,
2026-07-18T02:11:44+00:00,station3,0.0,0.0,2147.514,90.0,250.5090909090909,1350.2363636363634,0.0020040727272727273,0.010801890909090908,none,
2026-07-18T02:11:59+00:00,station1,0.0,0.093,1.845,0.0,534583.131829173,11172135.44715743,4.2766650546333835,89.37708357725944,none,
2026-07-18T02:11:59+00:00,station2,0.0,0.256,1.815,0.0,11171798.436363636,535684.2,89.37438749090909,4.2854735999999995,none,
2026-07-18T02:11:59+00:00,station3,0.0,1446.47,2953.93,0.0,205.83636363636364,1131.890909090909,0.0016466909090909092,0.009055127272727271,none,
2026-07-18T02:12:14+00:00,station1,0.0,0.013,0.239,0.0,534215.2363636363,11106933.036363635,4.273721890909091,88.85546429090908,none,
2026-07-18T02:12:14+00:00,station2,0.0,0.05,0.267,0.0,11105368.454545455,535473.4545454545,88.84294763636365,4.283787636363636,none,
2026-07-18T02:12:14+00:00,station3,0.0,0.012,0.279,0.0,299.49090909090904,1364.5454545454545,0.002395927272727272,0.010916363636363636,none,
2026-07-18T02:12:29+00:00,station1,0.0,0.164,0.865,0.0,432528.42882339034,8873834.40914959,3.4602274305871226,70.99067527319673,none,
2026-07-18T02:12:29+00:00,station2,0.0,0.164,0.951,0.0,8871943.945454545,433565.63636363635,70.97555156363636,3.468525090909091,none,
2026-07-18T02:12:29+00:00,station3,0.0,0.066,0.709,0.0,223.6181818181818,1115.5272727272725,0.0017889454545454543,0.00892421818181818,none,
2026-07-18T02:12:44+00:00,station1,0.0,0.311,1.091,0.0,548629.6478117785,11106604.2655321,4.389037182494228,88.8528341242568,none,
2026-07-18T02:12:44+00:00,station2,0.0,0.77,1.229,0.0,11104544.454545455,549898.8545454545,88.83635563636363,4.399190836363636,none,
2026-07-18T02:12:44+00:00,station3,0.0,0.069,0.73,0.0,271.5272727272727,1323.2545454545455,0.0021722181818181817,0.010586036363636364,none,
2026-07-18T02:12:59+00:00,station1,0.0,0.258,0.997,0.0,479519.51924650435,9568793.425095914,3.836156153972035,76.55034740076731,none,
2026-07-18T02:12:59+00:00,station2,0.0,0.188,0.961,0.0,9566908.218181817,480586.3272727272,76.53526574545454,3.8446906181818177,none,
2026-07-18T02:12:59+00:00,station3,0.0,0.031,0.607,0.0,186.9272727272727,1077.1818181818182,0.0014954181818181817,0.008617454545454546,none,
2026-07-18T02:13:14+00:00,station1,0.0,0.301,0.917,0.0,639116.0748377243,12776097.29267805,5.112928598701795,102.2087783414244,none,
2026-07-18T02:13:14+00:00,station2,0.0,0.32,1.138,0.0,12774301.218181817,640408.1272727272,102.19440974545454,5.123265018181818,none,
2026-07-18T02:13:14+00:00,station3,0.0,0.11,0.747,0.0,233.9272727272727,1301.5636363636363,0.0018714181818181817,0.01041250909090909,none,
2026-07-18T02:13:29+00:00,station1,0.0,0.021,0.287,0.0,444522.37232050323,8872247.940946529,3.556178978564026,70.97798352757223,none,
2026-07-18T02:13:29+00:00,station2,0.0,0.041,0.237,0.0,8871095.145454545,445603.54545454547,70.96876116363636,3.5648283636363636,none,
2026-07-18T02:13:29+00:00,station3,0.0,0.047,0.271,0.0,197.3090909090909,1086.9636363636362,0.0015784727272727273,0.008695709090909089,none,
2026-07-18T02:13:44+00:00,station1,0.0,0.15,0.828,0.0,554980.0909090909,11107351.8,4.439840727272728,88.8588144,none,
2026-07-18T02:13:44+00:00,station2,0.0,0.148,0.927,0.0,11106191.218181817,556295.7454545455,88.84952974545453,4.450365963636364,none,
2026-07-18T02:13:44+00:00,station3,0.0,0.199,0.822,0.0,235.0181818181818,1302.8545454545454,0.0018801454545454544,0.010422836363636364,none,
2026-07-18T02:13:59+00:00,station1,0.0,0.849,1.326,0.0,442589.98181818175,8874515.509090908,3.540719854545454,70.99612407272727,none,
2026-07-18T02:13:59+00:00,station2,0.0,0.811,1.306,0.0,8872269.636363635,443627.19999999995,70.97815709090908,3.5490175999999996,none,
2026-07-18T02:13:59+00:00,station3,0.0,0.163,0.767,0.0,186.9272727272727,1077.3454545454545,0.0014954181818181817,0.008618763636363635,none,
2026-07-18T02:14:14+00:00,station1,0.0,0.672,1.431,0.0,583990.4545454546,11735312.781818181,4.671923636363637,93.88250225454546,none,
2026-07-18T02:14:14+00:00,station2,0.0,0.84,1.415,0.0,11734029.109090907,585311.6909090909,93.87223287272727,4.682493527272728,none,
2026-07-18T02:14:14+00:00,station3,0.0,0.207,0.95,0.0,235.56363636363633,1304.6909090909091,0.0018845090909090907,0.010437527272727273,none,
2026-07-18T02:14:29+00:00,station1,0.0,0.09,0.802,0.0,527146.9636363636,10609650.654545454,4.217175709090909,84.87720523636364,none,
2026-07-18T02:14:29+00:00,station2,0.0,0.135,0.866,0.0,10608402.454545455,528230.4727272727,84.86721963636364,4.225843781818181,none,
2026-07-18T02:14:29+00:00,station3,0.0,0.099,0.668,0.0,197.85454545454544,1089.7818181818182,0.0015828363636363637,0.008718254545454546,none,
2026-07-18T02:14:44+00:00,station1,0.0,0.17,0.782,0.0,552702.8545454545,11103739.218181817,4.421622836363636,88.82991374545453,none,
2026-07-18T02:14:44+00:00,station2,0.0,0.05,0.832,0.0,11102093.0,554008.5818181818,88.816744,4.432068654545454,none,
2026-07-18T02:14:44+00:00,station3,0.0,0.061,0.693,0.0,234.47272727272727,1305.7454545454543,0.001875781818181818,0.010445963636363634,none,
2026-07-18T02:14:59+00:00,station1,0.0,0.184,1.143,0.0,441681.43636363634,8867653.872727271,3.5334514909090906,70.94123098181817,none,
2026-07-18T02:14:59+00:00,station2,0.0,0.389,1.004,0.0,8866006.290909091,442764.98181818175,70.92805032727273,3.542119854545454,none,
2026-07-18T02:14:59+00:00,station3,0.0,0.108,0.737,0.0,187.47272727272727,1081.9454545454544,0.0014997818181818182,0.008655563636363635,none,
2026-07-18T02:15:14+00:00,station1,0.0,0.191,0.859,0.0,552873.7999999999,11101568.6,4.4229904,88.8125488,none,
2026-07-18T02:15:14+00:00,station2,0.0,1.726,1.926,0.0,11100159.909090908,554184.6181818182,88.80127927272727,4.4334769454545455,none,
2026-07-18T02:15:14+00:00,station3,0.0,0.043,0.763,0.0,232.83636363636364,1303.5272727272725,0.001862690909090909,0.01042821818181818,none,
2026-07-18T02:15:29+00:00,station1,0.0,0.072,0.71,0.0,555103.509090909,11166248.145454545,4.440828072727272,89.32998516363635,none,
2026-07-18T02:15:29+00:00,station2,0.0,0.149,0.99,0.0,11164824.163636362,556191.6727272726,89.3185933090909,4.449533381818181,none,
2026-07-18T02:15:29+00:00,station3,0.0,0.13,1.008,0.0,196.2181818181818,1087.1818181818182,0.0015697454545454542,0.008697454545454546,none,
2026-07-18T02:15:44+00:00,station1,0.0,0.017,0.278,0.0,553048.2727272727,11103529.38181818,4.424386181818182,88.82823505454544,none,
2026-07-18T02:15:44+00:00,station2,0.0,0.018,0.224,0.0,11101937.29090909,554347.4181818182,88.8154983272727,4.434779345454546,none,
2026-07-18T02:15:44+00:00,station3,0.0,0.034,0.262,0.0,231.27272727272728,1301.9636363636362,0.0018501818181818183,0.01041570909090909,none,
2026-07-18T02:15:59+00:00,station1,0.0,0.263,0.902,0.0,443028.4909090909,8870694.6,3.5442279272727273,70.9655568,none,
2026-07-18T02:15:59+00:00,station2,0.0,0.515,1.066,0.0,8869277.38181818,444108.0727272727,70.95421905454545,3.5528645818181817,none,
2026-07-18T02:15:59+00:00,station3,0.0,0.118,0.76,0.0,184.27272727272728,1077.290909090909,0.0014741818181818183,0.008618327272727272,none,
2026-07-18T02:16:14+00:00,station1,0.0,0.177,0.927,0.0,556210.7703216189,11105814.755558789,4.449686162572951,88.84651804447032,none,
2026-07-18T02:16:14+00:00,station2,0.0,0.201,0.89,0.0,11104721.654545454,557541.9454545454,88.83777323636363,4.460335563636363,none,
2026-07-18T02:16:14+00:00,station3,0.0,0.104,0.73,0.0,233.9272727272727,1303.8545454545454,0.0018714181818181817,0.010430836363636363,none,
2026-07-18T02:16:29+00:00,station1,0.0,0.089,0.841,0.0,470505.08154100686,9362565.296438375,3.7640406523280547,74.90052237150701,none,
2026-07-18T02:16:29+00:00,station2,0.0,0.086,0.767,0.0,9361846.163636362,471634.0909090909,74.8947693090909,3.773072727272727,none,
2026-07-18T02:16:29+00:00,station3,0.0,0.18,0.761,0.0,195.74545454545452,1088.6,0.0015659636363636361,0.0087088,none,
2026-07-18T02:16:44+00:00,station1,0.0,0.393,0.626,0.0,650948.709090909,12978174.927272728,5.207589672727272,103.82539941818182,none,
2026-07-18T02:16:44+00:00,station2,0.0,0.313,0.582,0.0,12976585.727272727,652254.2727272727,103.81268581818182,5.218034181818181,none,
2026-07-18T02:16:44+00:00,station3,0.0,0.148,0.696,0.0,236.58181818181816,1304.9454545454544,0.0018926545454545454,0.010439563636363634,none,
2026-07-18T02:16:59+00:00,station1,0.0,0.023,0.209,0.0,445708.4545454545,8869539.272727272,3.565667636363636,70.95631418181817,none,
2026-07-18T02:16:59+00:00,station2,0.0,0.067,0.244,0.0,8868374.945454545,446794.6545454545,70.94699956363637,3.574357236363636,none,
2026-07-18T02:16:59+00:00,station3,0.0,0.026,0.263,0.0,186.9272727272727,1079.8545454545454,0.0014954181818181817,0.008638836363636363,none,
2026-07-18T02:17:14+00:00,station1,0.0,0.372,1.017,0.0,557074.3595803865,11102311.928440267,4.456594876643092,88.81849542752214,none,
2026-07-18T02:17:14+00:00,station2,0.0,0.76,1.442,0.0,11101444.527272727,558406.5636363636,88.81155621818182,4.467252509090909,none,
2026-07-18T02:17:14+00:00,station3,0.0,0.154,2.658,0.0,237.05454545454543,1305.4727272727273,0.0018964363636363635,0.010443781818181818,none,
2026-07-18T02:17:29+00:00,station1,0.0,0.447,1.056,0.0,444738.2727272727,8870473.145454545,3.557906181818182,70.96378516363636,none,
2026-07-18T02:17:29+00:00,station2,0.0,0.769,1.255,0.0,8869470.2,445825.54545454547,70.95576159999999,3.5666043636363636,none,
2026-07-18T02:17:29+00:00,station3,0.0,0.514,2.212,0.0,200.9090909090909,1089.7636363636364,0.0016072727272727272,0.008718109090909091,none,
2026-07-18T02:17:44+00:00,station1,0.0,0.051,0.715,0.0,577841.5272727272,11530657.145454545,4.622732218181818,92.24525716363635,none,
2026-07-18T02:17:44+00:00,station2,0.0,0.178,0.86,0.0,11528912.309090909,579132.3818181817,92.23129847272727,4.633059054545454,none,
2026-07-18T02:17:44+00:00,station3,0.0,0.096,2.077,0.0,245.94545454545454,1310.909090909091,0.001967563636363636,0.010487272727272729,none,
2026-07-18T02:17:59+00:00,station1,0.0,0.031,1.069,0.0,541377.7001963778,10821882.882391447,4.331021601571022,86.57506305913158,none,
2026-07-18T02:17:59+00:00,station2,0.0,0.07,0.756,0.0,10820071.418181816,542414.3999999999,86.56057134545453,4.339315199999999,none,
2026-07-18T02:17:59+00:00,station3,0.0,0.432,1.869,0.0,206.78181818181818,1087.5454545454545,0.0016542545454545454,0.008700363636363636,none,
2026-07-18T02:18:14+00:00,station1,0.0,0.018,0.224,0.0,445411.67272727273,8881285.054545455,3.563293381818182,71.05028043636364,none,
2026-07-18T02:18:14+00:00,station2,0.0,0.005,0.305,0.0,8879456.054545455,446700.0363636363,71.03564843636364,3.5736002909090905,none,
2026-07-18T02:18:14+00:00,station3,0.0,0.045,0.258,0.0,249.16363636363633,1311.2545454545455,0.0019933090909090906,0.010490036363636364,none,
2026-07-18T02:18:29+00:00,station1,0.0,0.935,1.4,0.0,333864.2545454545,6645046.418181818,2.6709140363636363,53.16037134545454,none,
2026-07-18T02:18:29+00:00,station2,0.0,1.574,1.979,0.0,6643556.381818181,334933.7818181818,53.14845105454545,2.6794702545454543,none,
2026-07-18T02:18:29+00:00,station3,0.0,0.216,0.552,0.0,205.99999999999997,1090.509090909091,0.0016479999999999997,0.008724072727272728,none,
2026-07-18T02:18:44+00:00,station1,0.0,0.019,0.816,0.0,446185.4989727833,8877317.273603259,3.569483991782266,71.01853818882607,none,
2026-07-18T02:18:44+00:00,station2,0.0,0.213,0.801,0.0,8876588.2,447533.4909090909,71.01270559999999,3.580267927272727,none,
2026-07-18T02:18:44+00:00,station3,0.0,0.132,0.75,0.0,243.47272727272727,1306.7818181818182,0.001947781818181818,0.010454254545454546,none,
2026-07-18T02:18:59+00:00,station1,0.0,0.248,0.87,0.0,463868.2435503518,9226979.982910024,3.7109459484028147,73.81583986328019,none,
2026-07-18T02:18:59+00:00,station2,0.0,0.237,1.017,0.0,9226328.836363636,464984.4727272727,73.8106306909091,3.719875781818182,none,
2026-07-18T02:18:59+00:00,station3,0.0,0.035,0.68,0.0,188.09090909090907,1080.9636363636362,0.0015047272727272726,0.00864770909090909,none,
2026-07-18T02:19:14+00:00,station1,0.0,1.198,1.588,0.0,657455.0991836215,13113975.563192058,5.2596407934689715,104.91180450553647,none,
2026-07-18T02:19:14+00:00,station2,0.0,1.275,1.695,0.0,13112329.836363636,658744.618181818,104.89863869090908,5.2699569454545445,none,
2026-07-18T02:19:14+00:00,station3,0.0,0.459,1.119,0.0,242.25454545454542,1307.709090909091,0.0019380363636363634,0.010461672727272728,none,
2026-07-18T02:19:29+00:00,station1,0.0,0.02,0.272,0.0,445081.5818181818,8872335.109090907,3.5606526545454544,70.97868087272725,none,
2026-07-18T02:19:29+00:00,station2,0.0,0.065,0.262,0.0,8871149.909090908,446153.98181818175,70.96919927272727,3.569231854545454,none,
2026-07-18T02:19:29+00:00,station3,0.0,0.014,0.296,0.0,202.9090909090909,1090.6909090909091,0.0016232727272727273,0.008725527272727273,none,
2026-07-18T02:19:44+00:00,station1,0.0,0.673,1.304,0.0,546732.3454545455,11107515.909090908,4.373858763636363,88.86012727272727,none,
2026-07-18T02:19:44+00:00,station2,0.0,0.07,0.781,0.0,11106095.909090908,548024.8363636363,88.84876727272727,4.38419869090909,none,
2026-07-18T02:19:44+00:00,station3,0.0,0.183,2.668,0.0,244.2181818181818,1310.6181818181817,0.0019537454545454544,0.010484945454545454,none,
2026-07-18T02:19:59+00:00,station1,0.0,0.129,0.974,0.0,429205.90909090906,8873268.145454545,3.4336472727272724,70.98614516363635,none,
2026-07-18T02:19:59+00:00,station2,0.0,2.045,2.196,0.0,8871301.927272728,430252.94545454544,70.97041541818182,3.4420235636363636,none,
2026-07-18T02:19:59+00:00,station3,0.0,0.399,2.155,0.0,202.6,1085.1636363636362,0.0016208,0.00868130909090909,none,
2026-07-18T02:20:14+00:00,station1,0.0,0.064,0.779,0.0,544870.3090909091,11397401.545454543,4.358962472727272,91.17921236363634,none,
2026-07-18T02:20:14+00:00,station2,0.0,0.121,0.932,0.0,11396169.363636363,546183.4727272727,91.16935490909091,4.369467781818181,none,
2026-07-18T02:20:14+00:00,station3,0.0,0.351,2.269,0.0,243.78181818181818,1309.890909090909,0.0019502545454545455,0.01047912727272727,none,
2026-07-18T02:20:29+00:00,station1,0.0,0.143,0.886,0.0,522333.16968506796,10952611.935413484,4.1786653574805435,87.62089548330786,none,
2026-07-18T02:20:29+00:00,station2,0.0,0.185,0.865,0.0,10950412.38181818,523372.98181818175,87.60329905454545,4.186983854545454,none,
2026-07-18T02:20:29+00:00,station3,0.0,0.381,2.359,0.0,208.1090909090909,1094.0,0.0016648727272727273,0.008752,none,
2026-07-18T02:20:44+00:00,station1,0.0,0.451,1.053,0.0,535057.5241350472,11106289.875097722,4.280460193080378,88.85031900078178,none,
2026-07-18T02:20:44+00:00,station2,0.0,0.847,1.308,0.0,11105452.563636363,536390.3999999999,88.8436205090909,4.2911231999999995,none,
2026-07-18T02:20:44+00:00,station3,0.0,0.347,0.847,0.0,240.18181818181816,1306.7818181818182,0.0019214545454545452,0.010454254545454546,none,
2026-07-18T02:20:59+00:00,station1,0.0,0.128,0.798,0.0,433410.4545454545,8872716.727272727,3.4672836363636357,70.98173381818181,none,
2026-07-18T02:20:59+00:00,station2,0.0,0.055,0.731,0.0,8871832.909090908,434498.5272727272,70.97466327272727,3.4759882181818176,none,
2026-07-18T02:20:59+00:00,station3,0.0,0.097,0.73,0.0,193.7272727272727,1082.7272727272727,0.0015498181818181815,0.008661818181818182,none,
2026-07-18T02:21:14+00:00,station1,0.0,0.084,0.779,0.0,549055.7444410102,11107226.86860239,4.392445955528081,88.85781494881911,none,
2026-07-18T02:21:14+00:00,station2,0.0,0.212,1.047,0.0,11105574.018181818,550366.5636363636,88.84459214545454,4.402932509090909,none,
2026-07-18T02:21:14+00:00,station3,0.0,0.139,0.828,0.0,235.49090909090907,1304.5454545454545,0.0018839272727272725,0.010436363636363636,none,
2026-07-18T02:21:29+00:00,station1,0.0,1.532,2.012,0.0,555553.7392948706,11172529.483426368,4.444429914358965,89.38023586741095,none,
2026-07-18T02:21:29+00:00,station2,0.0,1.642,1.923,0.0,11170494.527272727,556624.5454545454,89.36395621818181,4.452996363636363,none,
2026-07-18T02:21:29+00:00,station3,0.0,0.184,0.987,0.0,196.2181818181818,1087.509090909091,0.0015697454545454542,0.008700072727272728,none,
2026-07-18T02:21:44+00:00,station1,0.0,0.01,0.26,0.0,552146.5272727272,11099460.563636363,4.417172218181817,88.7956845090909,none,
2026-07-18T02:21:44+00:00,station2,0.0,0.013,0.232,0.0,11097916.345454544,553449.3999999999,88.78333076363636,4.427595199999999,none,
2026-07-18T02:21:44+00:00,station3,0.0,0.032,0.329,0.0,233.9272727272727,1303.5636363636363,0.0018714181818181817,0.01042850909090909,none,
2026-07-18T02:21:59+00:00,station1,0.0,0.374,1.182,0.0,437770.4545454545,8865545.254545454,3.502163636363636,70.92436203636363,none,
2026-07-18T02:21:59+00:00,station2,0.0,0.199,0.988,0.0,8864023.963636363,438840.9272727272,70.9121917090909,3.5107274181818173,none,
2026-07-18T02:21:59+00:00,station3,0.0,0.088,0.858,0.0,189.76363636363632,1080.1818181818182,0.0015181090909090905,0.008641454545454546,none,
2026-07-18T02:22:14+00:00,station1,0.0,1.461,1.817,0.0,540526.0909090909,11099390.218181817,4.324208727272728,88.79512174545454,none,
2026-07-18T02:22:14+00:00,station2,0.0,1.413,1.85,0.0,11098077.29090909,541832.9636363636,88.78461832727271,4.334663709090909,none,
2026-07-18T02:22:14+00:00,station3,0.0,0.291,0.603,0.0,241.59999999999997,1308.6181818181817,0.0019327999999999997,0.010468945454545454,none,
2026-07-18T02:22:29+00:00,station1,0.0,0.19,0.892,0.0,433029.90909090906,9016089.236363636,3.4642392727272724,72.1287138909091,none,
2026-07-18T02:22:29+00:00,station2,0.0,0.119,0.914,0.0,9015145.29090909,434132.54545454547,72.12116232727271,3.473060363636364,none,
2026-07-18T02:22:29+00:00,station3,0.0,0.102,0.682,0.0,208.39999999999998,1095.5272727272725,0.0016671999999999998,0.00876421818181818,none,
2026-07-18T02:22:44+00:00,station1,0.0,0.03,0.692,0.0,639863.3710888497,13330638.656073306,5.118906968710798,106.64510924858645,none,
2026-07-18T02:22:44+00:00,station2,0.0,0.129,0.822,0.0,13329628.054545455,641191.4363636363,106.63702443636363,5.12953149090909,none,
2026-07-18T02:22:44+00:00,station3,0.0,0.027,0.67,0.0,245.0181818181818,1310.490909090909,0.0019601454545454546,0.010483927272727274,none,
2026-07-18T02:22:59+00:00,station1,0.0,0.023,0.227,0.0,425879.79781450576,8869968.381243296,3.407038382516046,70.95974704994637,none,
2026-07-18T02:22:59+00:00,station2,0.0,0.032,0.307,0.0,8868644.690909091,426947.87272727274,70.94915752727273,3.415582981818182,none,
2026-07-18T02:22:59+00:00,station3,0.0,0.053,0.268,0.0,197.3272727272727,1085.1636363636362,0.0015786181818181818,0.00868130909090909,none,
2026-07-18T02:23:14+00:00,station1,0.0,0.239,2.052,0.0,533816.966964237,11103864.02065417,4.270535735713897,88.83091216523336,none,
2026-07-18T02:23:14+00:00,station2,0.0,0.269,1.992,0.0,11102587.4,535121.1636363636,88.8206992,4.280969309090908,none,
2026-07-18T02:23:14+00:00,station3,0.0,513.177,3750.494,80.0,227.34545454545454,1312.5272727272725,0.0018187636363636364,0.010500218181818179,none,
2026-07-18T02:23:29+00:00,station1,0.0,0.522,1.821,0.0,426775.54545454547,8867095.781818181,3.414204363636364,70.93676625454545,none,
2026-07-18T02:23:29+00:00,station2,0.0,0.918,2.603,0.0,8865990.89090909,427860.5272727272,70.92792712727272,3.4228842181818178,none,
2026-07-18T02:23:29+00:00,station3,0.0,827.044,1133.849,0.0,200.0,1094.6,0.0016,0.008756799999999999,none,
2026-07-18T02:23:44+00:00,station1,0.0,0.197,1.857,0.0,536718.2545454545,11178521.963636363,4.293746036363636,89.42817570909091,none,
2026-07-18T02:23:44+00:00,station2,0.0,0.252,1.667,0.0,11177452.854545454,538047.2,89.41962283636363,4.3043776,none,
2026-07-18T02:23:44+00:00,station3,0.0,1468.591,2500.055,0.0,231.69090909090906,1313.4363636363635,0.0018535272727272724,0.010507490909090908,none,
2026-07-18T02:23:59+00:00,station1,0.0,0.889,2.39,0.0,536040.4363636363,11168041.127272727,4.28832349090909,89.34432901818181,none,
2026-07-18T02:23:59+00:00,station2,0.0,1.773,3.306,0.0,11166549.709090909,537117.1818181818,89.33239767272727,4.296937454545454,none,
2026-07-18T02:23:59+00:00,station3,0.0,1446.172,2932.539,0.0,199.5090909090909,1092.1454545454544,0.0015960727272727273,0.008737163636363635,none,
2026-07-18T02:24:14+00:00,station1,0.0,0.3,0.956,0.0,537693.6727272726,11104434.327272726,4.301549381818181,88.8354746181818,none,
2026-07-18T02:24:14+00:00,station2,0.0,0.23,0.917,0.0,11102922.67272727,538994.8909090909,88.82338138181817,4.311959127272727,none,
2026-07-18T02:24:14+00:00,station3,0.0,0.115,0.738,0.0,253.96363636363634,1310.8181818181815,0.0020317090909090906,0.010486545454545452,none,
2026-07-18T02:24:29+00:00,station1,0.0,1.201,1.607,0.0,434279.7818181818,8870954.072727272,3.474238254545454,70.96763258181818,none,
2026-07-18T02:24:29+00:00,station2,0.0,1.193,1.664,0.0,8869525.545454545,435356.70909090905,70.95620436363636,3.4828536727272725,none,
2026-07-18T02:24:29+00:00,station3,0.0,0.18,0.948,0.0,211.63636363636363,1092.581818181818,0.001693090909090909,0.008740654545454545,none,
2026-07-18T02:24:44+00:00,station1,0.0,0.215,0.891,0.0,549852.6700485464,11106201.349115439,4.3988213603883715,88.84961079292351,none,
2026-07-18T02:24:44+00:00,station2,0.0,0.029,0.731,0.0,11103846.527272727,551124.3999999999,88.83077221818182,4.4089952,none,
2026-07-18T02:24:44+00:00,station3,0.0,0.186,0.725,0.0,246.19999999999996,1309.7454545454543,0.0019695999999999997,0.010477963636363635,none,
2026-07-18T02:24:59+00:00,station1,0.0,0.318,0.887,0.0,553119.2021673121,11108258.622884054,4.424953617338497,88.86606898307242,none,
2026-07-18T02:24:59+00:00,station2,0.0,0.031,0.774,0.0,11107143.127272727,554206.1818181818,88.85714501818181,4.433649454545455,none,
2026-07-18T02:24:59+00:00,station3,0.0,0.15,0.727,0.0,186.9272727272727,1081.9454545454544,0.0014954181818181817,0.008655563636363635,none,
2026-07-18T02:25:14+00:00,station1,0.0,0.018,0.275,0.0,558951.1454545454,11237209.345454544,4.471609163636363,89.89767476363635,none,
2026-07-18T02:25:14+00:00,station2,0.0,0.039,0.216,0.0,11235636.6,560263.709090909,89.8850928,4.482109672727272,none,
2026-07-18T02:25:14+00:00,station3,0.0,0.02,0.325,0.0,233.9272727272727,1306.5272727272725,0.0018714181818181817,0.01045221818181818,none,
2026-07-18T02:25:29+00:00,station1,0.0,0.808,2.191,0.0,438017.98181818175,8870698.854545454,3.504143854545454,70.96559083636363,none,
2026-07-18T02:25:29+00:00,station2,0.0,0.88,2.435,0.0,8869518.163636362,439109.3818181818,70.9561453090909,3.512875054545454,none,
2026-07-18T02:25:29+00:00,station3,0.0,511.904,418.141,0.0,192.03636363636363,1091.8545454545454,0.0015362909090909092,0.008734836363636363,none,
2026-07-18T02:25:44+00:00,station1,0.0,0.349,2.004,0.0,540017.6909090909,11105092.763636362,4.320141527272727,88.8407421090909,none,
2026-07-18T02:25:44+00:00,station2,0.0,0.465,2.218,0.0,11104108.09090909,541326.5818181818,88.83286472727272,4.330612654545455,none,
2026-07-18T02:25:44+00:00,station3,0.0,2271.686,3261.371,100.0,225.25454545454542,1318.1454545454544,0.0018020363636363633,0.010545163636363635,none,
2026-07-18T02:25:59+00:00,station1,0.0,0.395,1.926,0.0,424747.72727272724,8873444.145454545,3.397981818181818,70.98755316363636,none,
2026-07-18T02:25:59+00:00,station2,0.0,0.621,1.849,0.0,8872832.618181817,425833.87272727274,70.98266094545454,3.406670981818182,none,
2026-07-18T02:25:59+00:00,station3,0.0,2271.686,3261.371,100.0,171.16363636363633,1093.0,0.0013693090909090906,0.008744,none,
2026-07-18T02:26:14+00:00,station1,0.0,0.496,2.508,0.0,635164.509090909,13274861.69090909,5.081316072727272,106.19889352727272,none,
2026-07-18T02:26:14+00:00,station2,0.0,0.826,2.025,0.0,13273253.363636363,636439.7272727272,106.18602690909091,5.091517818181817,none,
2026-07-18T02:26:14+00:00,station3,0.0,2790.075,4490.015,0.0,266.16363636363633,1337.1272727272726,0.002129309090909091,0.010697018181818181,none,
2026-07-18T02:26:29+00:00,station1,0.0,0.046,0.233,0.0,434051.0181818182,9076507.781818181,3.4724081454545455,72.61206225454545,none,
2026-07-18T02:26:29+00:00,station2,0.0,0.027,0.191,0.0,9075513.49090909,435120.90909090906,72.60410792727272,3.4809672727272725,none,
2026-07-18T02:26:29+00:00,station3,0.0,0.011,0.246,0.0,246.87272727272727,1122.0181818181816,0.001974981818181818,0.008976145454545453,none,
2026-07-18T02:26:44+00:00,station1,0.0,0.113,0.881,0.0,426283.8545454545,8881001.236363636,3.410270836363636,71.04800989090909,none,
2026-07-18T02:26:44+00:00,station2,0.0,1.959,2.068,0.0,8879767.127272727,427572.0181818182,71.03813701818181,3.4205761454545454,none,
2026-07-18T02:26:44+00:00,station3,0.0,0.282,1.495,0.0,285.8545454545454,1329.2,0.002286836363636363,0.0106336,none,
2026-07-18T02:26:59+00:00,station1,0.0,0.351,1.046,0.0,319031.94545454544,6647045.672727272,2.5522555636363635,53.17636538181817,none,
2026-07-18T02:26:59+00:00,station2,0.0,0.682,1.279,0.0,6646195.654545454,320105.6,53.16956523636363,2.5608448,none,
2026-07-18T02:26:59+00:00,station3,0.0,0.705,2.038,0.0,217.59999999999997,1096.290909090909,0.0017407999999999998,0.008770327272727273,none,
2026-07-18T02:27:14+00:00,station1,0.0,0.04,0.757,0.0,425555.14545454545,8880558.327272726,3.4044411636363634,71.04446661818181,none,
2026-07-18T02:27:14+00:00,station2,0.0,0.116,0.814,0.0,8879286.654545454,426850.6545454545,71.03429323636364,3.4148052363636356,none,
2026-07-18T02:27:14+00:00,station3,0.0,0.136,1.915,0.0,248.78181818181818,1307.7818181818182,0.0019902545454545456,0.010462254545454545,none,
2026-07-18T02:27:29+00:00,station1,0.0,0.091,0.757,0.0,525643.7805698493,10977287.252031928,4.205150244558794,87.81829801625543,none,
2026-07-18T02:27:29+00:00,station2,0.0,0.508,1.13,0.0,10975235.545454543,526693.9818181818,87.80188436363635,4.213551854545455,none,
2026-07-18T02:27:29+00:00,station3,0.0,0.643,2.056,0.0,205.99999999999997,1094.6181818181817,0.0016479999999999997,0.008756945454545454,none,
2026-07-18T02:27:44+00:00,station1,0.0,0.039,0.231,0.0,544437.0965689038,11377244.013309816,4.355496772551231,91.01795210647853,none,
2026-07-18T02:27:44+00:00,station2,0.0,0.029,0.181,0.0,11374647.327272726,545689.8909090909,90.9971786181818,4.365519127272727,none,
2026-07-18T02:27:44+00:00,station3,0.0,0.014,0.267,0.0,253.07272727272726,1334.890909090909,0.002024581818181818,0.010679127272727271,none,
2026-07-18T02:27:59+00:00,station1,0.0,0.023,0.186,0.0,331612.4979545826,6907897.056417156,2.652899983636661,55.263176451337245,none,
2026-07-18T02:27:59+00:00,station2,0.0,0.045,0.228,0.0,6906841.999999999,332700.6,55.254735999999994,2.6616047999999997,none,
2026-07-18T02:27:59+00:00,station3,0.0,0.055,0.261,0.0,205.5090909090909,1114.5636363636363,0.0016440727272727272,0.00891650909090909,none,
2026-07-18T02:28:14+00:00,station1,0.0,1.065,1.579,0.0,435883.6545454545,8872700.799999999,3.4870692363636357,70.98160639999999,none,
2026-07-18T02:28:14+00:00,station2,0.0,1.285,1.744,0.0,8871311.254545454,437200.70909090905,70.97049003636363,3.497605672727272,none,
2026-07-18T02:28:14+00:00,station3,0.0,0.204,1.785,0.0,246.39999999999998,1333.109090909091,0.0019711999999999998,0.010664872727272729,none,
2026-07-18T02:28:29+00:00,station1,0.0,0.429,1.135,0.0,333568.8987472955,6637089.507463501,2.668551189978364,53.09671605970801,none,
2026-07-18T02:28:29+00:00,station2,0.0,0.047,0.818,0.0,6636339.909090908,334671.23636363633,53.09071927272726,2.6773698909090906,none,
2026-07-18T02:28:29+00:00,station3,0.0,0.236,1.207,0.0,197.4181818181818,1113.0181818181816,0.0015793454545454545,0.008904145454545452,none,
2026-07-18T02:28:44+00:00,station1,0.0,0.296,1.013,0.0,547664.0848015419,10902670.757650139,4.381312678412335,87.22136606120111,none,
2026-07-18T02:28:44+00:00,station2,0.0,0.287,0.914,0.0,10901285.145454545,548967.2363636363,87.21028116363635,4.3917378909090905,none,
2026-07-18T02:28:44+00:00,station3,0.0,512.668,421.441,0.0,240.98181818181817,1311.2727272727273,0.0019278545454545454,0.010490181818181819,none,
2026-07-18T02:28:59+00:00,station1,0.0,0.111,0.814,0.0,560460.0181818181,11171114.945454543,4.483680145454545,89.36891956363635,none,
2026-07-18T02:28:59+00:00,station2,0.0,0.168,0.887,0.0,11169834.327272726,561542.0545454546,89.35867461818181,4.492336436363637,none,
2026-07-18T02:28:59+00:00,station3,0.0,0.398,1.674,0.0,203.18181818181816,1091.581818181818,0.0016254545454545452,0.008732654545454546,none,
2026-07-18T02:29:14+00:00,station1,0.0,0.007,0.258,0.0,462376.1204341739,9216190.487445682,3.6990089634733914,73.72952389956546,none,
2026-07-18T02:29:14+00:00,station2,0.0,0.031,0.205,0.0,9214673.036363635,463707.79999999993,73.71738429090908,3.7096623999999996,none,
2026-07-18T02:29:14+00:00,station3,0.0,0.026,0.273,0.0,244.7272727272727,1311.0727272727272,0.0019578181818181817,0.010488581818181818,none,
2026-07-18T02:29:29+00:00,station1,0.0,0.111,0.801,0.0,334179.5552484681,6643175.8641380435,2.673436441987745,53.145406913104345,none,
2026-07-18T02:29:29+00:00,station2,0.0,0.098,0.749,0.0,6641059.836363635,335223.67272727273,53.12847869090908,2.6817893818181817,none,
2026-07-18T02:29:29+00:00,station3,0.0,0.188,1.534,0.0,208.65454545454543,1094.3272727272727,0.0016692363636363634,0.00875461818181818,none,
2026-07-18T02:29:44+00:00,station1,0.0,0.845,1.331,0.0,446311.612516136,8877229.723095944,3.5704929001290884,71.01783778476755,none,
2026-07-18T02:29:44+00:00,station2,0.0,1.049,1.48,0.0,8875903.109090907,447607.14545454545,71.00722487272726,3.5808571636363635,none,
2026-07-18T02:29:44+00:00,station3,0.0,0.202,1.583,0.0,241.56363636363633,1305.6909090909091,0.0019325090909090906,0.010445527272727273,none,
2026-07-18T02:29:59+00:00,station1,0.0,0.061,0.79,0.0,432413.82883947564,8599634.479373103,3.4593106307158052,68.79707583498482,none,
2026-07-18T02:29:59+00:00,station2,0.0,0.042,0.717,0.0,8598379.927272728,433504.4727272727,68.78703941818182,3.4680357818181817,none,
2026-07-18T02:29:59+00:00,station3,0.0,0.234,1.55,0.0,199.54545454545453,1087.6181818181817,0.0015963636363636362,0.008700945454545453,none,
2026-07-18T02:30:14+00:00,station1,0.0,1.338,1.711,0.0,656158.4181818181,13066390.581818182,5.249267345454545,104.53112465454545,none,
2026-07-18T02:30:14+00:00,station2,0.0,1.279,1.803,0.0,13064742.127272727,657412.309090909,104.51793701818181,5.259298472727272,none,
2026-07-18T02:30:14+00:00,station3,0.0,0.507,1.439,0.0,240.65454545454543,1307.9454545454544,0.0019252363636363635,0.010463563636363636,none,
2026-07-18T02:30:29+00:00,station1,0.0,0.042,0.231,0.0,465677.0363636363,9284136.472727273,3.7254162909090907,74.27309178181818,none,
2026-07-18T02:30:29+00:00,station2,0.0,0.049,0.203,0.0,9282998.709090909,466761.4909090909,74.26398967272728,3.7340919272727273,none,
2026-07-18T02:30:29+00:00,station3,0.0,0.022,0.247,0.0,208.6181818181818,1092.1454545454544,0.0016689454545454545,0.008737163636363635,none,
