timestamp,host,metric,value
2026-07-19T12:05:23+00:00,station1,throughput_in_bps,511787.10909090907
2026-07-19T12:05:38+00:00,station1,throughput_in_bps,554733.1406025564
2026-07-19T12:05:53+00:00,station1,throughput_in_bps,577197.5272727272
2026-07-19T12:06:08+00:00,station1,throughput_in_bps,466797.2798516283
2026-07-19T12:06:23+00:00,station1,throughput_in_bps,579207.9636363635
2026-07-19T12:06:38+00:00,station1,throughput_in_bps,536375.184100951
2026-07-19T12:06:53+00:00,station1,throughput_in_bps,581828.9968908526
2026-07-19T12:07:08+00:00,station1,throughput_in_bps,444872.5272727272
2026-07-19T12:07:23+00:00,station1,throughput_in_bps,556327.8727272727
2026-07-19T12:07:38+00:00,station1,throughput_in_bps,444429.1921965055
2026-07-19T12:07:53+00:00,station1,throughput_in_bps,644301.0363636364
2026-07-19T12:08:08+00:00,station1,throughput_in_bps,473442.2786697456
2026-07-19T12:08:23+00:00,station1,throughput_in_bps,444842.9005218466
2026-07-19T12:08:38+00:00,station1,throughput_in_bps,333141.5636363636
2026-07-19T12:08:53+00:00,station1,throughput_in_bps,445498.28184942086
2026-07-19T12:09:08+00:00,station1,throughput_in_bps,530049.2518589895
2026-07-19T12:09:23+00:00,station1,throughput_in_bps,589297.6309521645
2026-07-19T12:09:38+00:00,station1,throughput_in_bps,445164.43636363634
2026-07-19T12:09:53+00:00,station1,throughput_in_bps,556634.7090909091
2026-07-19T12:10:08+00:00,station1,throughput_in_bps,445181.64627161477
2026-07-19T12:10:23+00:00,station1,throughput_in_bps,638052.7444955546
2026-07-19T12:10:38+00:00,station1,throughput_in_bps,479986.43636363634
2026-07-19T12:10:53+00:00,station1,throughput_in_bps,555442.9636363636
2026-07-19T12:11:08+00:00,station1,throughput_in_bps,443860.202541772
2026-07-19T12:11:23+00:00,station1,throughput_in_bps,547080.9999999999
2026-07-19T12:11:38+00:00,station1,throughput_in_bps,547430.2181818181
2026-07-19T12:11:53+00:00,station1,throughput_in_bps,542138.2702132688
2026-07-19T12:12:08+00:00,station1,throughput_in_bps,433569.8128988854
2026-07-19T12:12:23+00:00,station1,throughput_in_bps,546872.1636363636
2026-07-19T12:12:38+00:00,station1,throughput_in_bps,505680.50909090904
2026-07-19T12:12:53+00:00,station1,throughput_in_bps,560797.2545454545
2026-07-19T12:13:08+00:00,station1,throughput_in_bps,388452.4909090909
2026-07-19T12:13:23+00:00,station1,throughput_in_bps,454185.7171427013
2026-07-19T12:13:38+00:00,station1,throughput_in_bps,344395.77462227957
2026-07-19T12:13:53+00:00,station1,throughput_in_bps,480088.35027365125
2026-07-19T12:14:08+00:00,station1,throughput_in_bps,383534.32005382114
2026-07-19T12:14:23+00:00,station1,throughput_in_bps,334402.3818181818
2026-07-19T12:14:38+00:00,station1,throughput_in_bps,227421.0803832797
2026-07-19T12:14:53+00:00,station1,throughput_in_bps,267844.41535300645
2026-07-19T12:15:08+00:00,station1,throughput_in_bps,287627.3636363636
2026-07-19T12:15:23+00:00,station1,throughput_in_bps,341321.50909090904
2026-07-19T12:15:38+00:00,station1,throughput_in_bps,244297.0383433631
2026-07-19T12:15:53+00:00,station1,throughput_in_bps,308814.8181818182
2026-07-19T12:16:08+00:00,station1,throughput_in_bps,224233.34000036365
2026-07-19T12:16:23+00:00,station1,throughput_in_bps,268130.12727272726
2026-07-19T12:16:38+00:00,station1,throughput_in_bps,195623.67272727273
2026-07-19T12:16:53+00:00,station1,throughput_in_bps,184004.67272727273
2026-07-19T12:17:08+00:00,station1,throughput_in_bps,145639.07272727272
2026-07-19T12:17:23+00:00,station1,throughput_in_bps,181185.36363636362
2026-07-19T12:17:38+00:00,station1,throughput_in_bps,182158.32727272724
2026-07-19T12:17:53+00:00,station1,throughput_in_bps,159578.97416316663
2026-07-19T12:18:08+00:00,station1,throughput_in_bps,97315.16264523519
2026-07-19T12:18:23+00:00,station1,throughput_in_bps,81704.36363636362
2026-07-19T12:18:38+00:00,station1,throughput_in_bps,43080.94545454545
2026-07-19T12:18:53+00:00,station1,throughput_in_bps,62278.44948273667
2026-07-19T12:19:08+00:00,station1,throughput_in_bps,42064.78535192829
2026-07-19T12:19:23+00:00,station1,throughput_in_bps,51194.61464337012
2026-07-19T12:19:38+00:00,station1,throughput_in_bps,42002.94545454545
2026-07-19T12:19:53+00:00,station1,throughput_in_bps,51317.145454545454
2026-07-19T12:20:08+00:00,station1,throughput_in_bps,51804.880266196335
2026-07-19T12:20:23+00:00,station1,throughput_in_bps,52215.68698750932
2026-07-19T12:20:38+00:00,station1,throughput_in_bps,41175.12727272727
2026-07-19T12:20:53+00:00,station1,throughput_in_bps,51311.69208952239
2026-07-19T12:21:08+00:00,station1,throughput_in_bps,50078.780385811166
2026-07-19T12:21:23+00:00,station1,throughput_in_bps,54506.19999999999
2026-07-19T12:21:38+00:00,station1,throughput_in_bps,40475.96363636363
2026-07-19T12:21:53+00:00,station1,throughput_in_bps,52269.59509827094
2026-07-19T12:22:08+00:00,station1,throughput_in_bps,41359.60143280542
2026-07-19T12:22:23+00:00,station1,throughput_in_bps,58826.554175682315
2026-07-19T12:22:38+00:00,station1,throughput_in_bps,45822.530499445464
2026-07-19T12:22:53+00:00,station1,throughput_in_bps,52547.95541737123
2026-07-19T12:23:08+00:00,station1,throughput_in_bps,41668.61828827027
2026-07-19T12:23:23+00:00,station1,throughput_in_bps,52366.34545454545
2026-07-19T12:23:38+00:00,station1,throughput_in_bps,52029.63690248914
2026-07-19T12:23:53+00:00,station1,throughput_in_bps,50898.338060949885
2026-07-19T12:24:08+00:00,station1,throughput_in_bps,42427.714238958484
2026-07-19T12:24:23+00:00,station1,throughput_in_bps,51771.8
2026-07-19T12:24:38+00:00,station1,throughput_in_bps,45547.90909090909
2026-07-19T12:24:53+00:00,station1,throughput_in_bps,59671.01220022182
2026-07-19T12:25:08+00:00,station1,throughput_in_bps,41479.30909090909
2026-07-19T12:25:23+00:00,station1,throughput_in_bps,50703.21278568702
2026-07-19T12:25:38+00:00,station1,throughput_in_bps,41773.41818181818
2026-07-19T12:25:53+00:00,station1,throughput_in_bps,53228.66025489519
2026-07-19T12:26:08+00:00,station1,throughput_in_bps,49288.98181818181
2026-07-19T12:26:23+00:00,station1,throughput_in_bps,51591.301660030185
2026-07-19T12:26:38+00:00,station1,throughput_in_bps,40575.21818181818
2026-07-19T12:26:53+00:00,station1,throughput_in_bps,51788.89474736823
2026-07-19T12:27:08+00:00,station1,throughput_in_bps,51278.997036201974
2026-07-19T12:27:23+00:00,station1,throughput_in_bps,52149.71910623057
2026-07-19T12:27:38+00:00,station1,throughput_in_bps,40941.40106543517
2026-07-19T12:27:53+00:00,station1,throughput_in_bps,241769.96781876692
2026-07-19T12:28:08+00:00,station1,throughput_in_bps,330810.3351091878
2026-07-19T12:28:23+00:00,station1,throughput_in_bps,551045.3090909091
2026-07-19T12:28:38+00:00,station1,throughput_in_bps,459934.44977816567
2026-07-19T12:28:53+00:00,station1,throughput_in_bps,434388.5636363636
2026-07-19T12:29:08+00:00,station1,throughput_in_bps,326040.89016563335
2026-07-19T12:29:23+00:00,station1,throughput_in_bps,439228.5272727272
2026-07-19T12:29:38+00:00,station1,throughput_in_bps,531925.3818181817
2026-07-19T12:29:53+00:00,station1,throughput_in_bps,587335.2909090909
2026-07-19T12:30:08+00:00,station1,throughput_in_bps,444926.17779151595
2026-07-19T12:30:23+00:00,station1,throughput_in_bps,555812.4579553099
2026-07-19T12:30:38+00:00,station1,throughput_in_bps,443229.309090909
2026-07-19T12:30:53+00:00,station1,throughput_in_bps,637792.6727272726
2026-07-19T12:31:08+00:00,station1,throughput_in_bps,476601.3272727272
2026-07-19T12:31:23+00:00,station1,throughput_in_bps,443162.63636363635
2026-07-19T12:31:38+00:00,station1,throughput_in_bps,298517.55422628677
2026-07-19T12:31:53+00:00,station1,throughput_in_bps,323669.54545454547
2026-07-19T12:32:08+00:00,station1,throughput_in_bps,360460.4545454545
2026-07-19T12:32:23+00:00,station1,throughput_in_bps,372898.16363636364
2026-07-19T12:32:38+00:00,station1,throughput_in_bps,227062.32840597103
2026-07-19T12:32:53+00:00,station1,throughput_in_bps,345548.98181818175
2026-07-19T12:33:08+00:00,station1,throughput_in_bps,320470.44491718034
2026-07-19T12:33:23+00:00,station1,throughput_in_bps,522977.29132197594
2026-07-19T12:33:38+00:00,station1,throughput_in_bps,560140.3247213686
2026-07-19T12:33:53+00:00,station1,throughput_in_bps,486765.0673599622
2026-07-19T12:34:08+00:00,station1,throughput_in_bps,334399.3636363636
2026-07-19T12:34:23+00:00,station1,throughput_in_bps,445774.19999999995
2026-07-19T12:34:38+00:00,station1,throughput_in_bps,406620.4
2026-07-19T12:34:53+00:00,station1,throughput_in_bps,629816.5603010964
2026-07-19T12:35:08+00:00,station1,throughput_in_bps,487569.72727272724
2026-07-19T12:35:23+00:00,station1,throughput_in_bps,556433.2545454545
2026-07-19T12:35:38+00:00,station1,throughput_in_bps,445371.0909090909
2026-07-19T12:35:53+00:00,station1,throughput_in_bps,557280.5636363636
2026-07-19T12:36:08+00:00,station1,throughput_in_bps,555796.3343455098
2026-07-19T12:36:23+00:00,station1,throughput_in_bps,551635.6975327721
2026-07-19T12:36:38+00:00,station1,throughput_in_bps,439627.0181818182
2026-07-19T12:36:53+00:00,station1,throughput_in_bps,553051.7445137361
2026-07-19T12:37:08+00:00,station1,throughput_in_bps,516106.3818181818
2026-07-19T12:37:23+00:00,station1,throughput_in_bps,613124.8454657843
2026-07-19T12:37:38+00:00,station1,throughput_in_bps,445587.9272727272
2026-07-19T12:37:53+00:00,station1,throughput_in_bps,544704.1272727272
2026-07-19T12:38:08+00:00,station1,throughput_in_bps,427779.7476180085
2026-07-19T12:38:23+00:00,station1,throughput_in_bps,590165.6545454545
2026-07-19T12:38:38+00:00,station1,throughput_in_bps,482294.67061839736
2026-07-19T12:38:53+00:00,station1,throughput_in_bps,414028.0903983564
2026-07-19T12:39:08+00:00,station1,throughput_in_bps,307121.8363636363
2026-07-19T12:39:23+00:00,station1,throughput_in_bps,380437.98181818175
2026-07-19T12:39:38+00:00,station1,throughput_in_bps,415734.7588137966
2026-07-19T12:39:53+00:00,station1,throughput_in_bps,525728.0909090909
2026-07-19T12:40:08+00:00,station1,throughput_in_bps,358753.94545454544
2026-07-19T12:40:23+00:00,station1,throughput_in_bps,442902.8909090909
2026-07-19T12:40:38+00:00,station1,throughput_in_bps,356710.5220094911
2026-07-19T12:40:53+00:00,station1,throughput_in_bps,470942.0909090909
2026-07-19T12:41:08+00:00,station1,throughput_in_bps,413228.9636363636
2026-07-19T12:41:23+00:00,station1,throughput_in_bps,425842.67272727273
2026-07-19T12:41:38+00:00,station1,throughput_in_bps,334211.4909090909
2026-07-19T12:41:53+00:00,station1,throughput_in_bps,379310.2
2026-07-19T12:42:08+00:00,station1,throughput_in_bps,369245.61339709436
2026-07-19T12:42:23+00:00,station1,throughput_in_bps,345159.10909090907
2026-07-19T12:42:38+00:00,station1,throughput_in_bps,193778.47272727272
2026-07-19T12:42:53+00:00,station1,throughput_in_bps,257880.5636363636
2026-07-19T12:43:08+00:00,station1,throughput_in_bps,202051.83636363636
2026-07-19T12:43:23+00:00,station1,throughput_in_bps,334250.12727272726
2026-07-19T12:43:38+00:00,station1,throughput_in_bps,330626.98181818175
2026-07-19T12:43:53+00:00,station1,throughput_in_bps,329314.67272727273
2026-07-19T12:44:08+00:00,station1,throughput_in_bps,252384.62097932617
2026-07-19T12:44:23+00:00,station1,throughput_in_bps,280354.1806810538
2026-07-19T12:44:38+00:00,station1,throughput_in_bps,261410.25454545452
2026-07-19T12:44:53+00:00,station1,throughput_in_bps,252234.74545454545
2026-07-19T12:45:08+00:00,station1,throughput_in_bps,184557.5716805149
2026-07-19T12:45:23+00:00,station1,throughput_in_bps,230487.83636363636
2026-07-19T12:45:38+00:00,station1,throughput_in_bps,185268.82306951037
2026-07-19T12:45:53+00:00,station1,throughput_in_bps,270971.87272727274
2026-07-19T12:46:08+00:00,station1,throughput_in_bps,195191.23208960652
2026-07-19T12:46:23+00:00,station1,throughput_in_bps,229055.2353593571
2026-07-19T12:46:38+00:00,station1,throughput_in_bps,177491.74545454545
2026-07-19T12:46:53+00:00,station1,throughput_in_bps,184811.4
2026-07-19T12:47:08+00:00,station1,throughput_in_bps,166079.54545454544
2026-07-19T12:47:23+00:00,station1,throughput_in_bps,148298.42360770196
2026-07-19T12:47:38+00:00,station1,throughput_in_bps,108409.97436410245
2026-07-19T12:47:53+00:00,station1,throughput_in_bps,136805.38535662988
2026-07-19T12:48:08+00:00,station1,throughput_in_bps,127153.60837863883
2026-07-19T12:48:23+00:00,station1,throughput_in_bps,150348.63636363635
2026-07-19T12:48:38+00:00,station1,throughput_in_bps,107458.41818181818
2026-07-19T12:48:53+00:00,station1,throughput_in_bps,131982.41818181815
2026-07-19T12:49:08+00:00,station1,throughput_in_bps,99280.23636363636
2026-07-19T12:49:23+00:00,station1,throughput_in_bps,102658.23636363636
2026-07-19T12:49:38+00:00,station1,throughput_in_bps,67754.06825578648
2026-07-19T12:49:53+00:00,station1,throughput_in_bps,50873.94545454545
2026-07-19T12:50:08+00:00,station1,throughput_in_bps,26820.681128061533
2026-07-19T12:50:23+00:00,station1,throughput_in_bps,33176.79678551299
2026-07-19T12:50:38+00:00,station1,throughput_in_bps,33506.10011091111
2026-07-19T12:50:53+00:00,station1,throughput_in_bps,32765.19573083147
2026-07-19T12:51:08+00:00,station1,throughput_in_bps,26782.34545454545
2026-07-19T12:51:23+00:00,station1,throughput_in_bps,33195.8217422135
2026-07-19T12:51:38+00:00,station1,throughput_in_bps,28483.13605701922
2026-07-19T12:51:53+00:00,station1,throughput_in_bps,39868.41818181818
2026-07-19T12:52:08+00:00,station1,throughput_in_bps,26837.591141334982
2026-07-19T12:52:23+00:00,station1,throughput_in_bps,33365.50909090909
2026-07-19T12:52:38+00:00,station1,throughput_in_bps,27429.399999999998
2026-07-19T12:52:53+00:00,station1,throughput_in_bps,124468.68124874998
2026-07-19T12:53:08+00:00,station1,throughput_in_bps,227057.36363636362
2026-07-19T12:53:23+00:00,station1,throughput_in_bps,329775.8122284239
2026-07-19T12:53:38+00:00,station1,throughput_in_bps,427942.72727272724
2026-07-19T12:53:53+00:00,station1,throughput_in_bps,554308.3286366198
2026-07-19T12:54:08+00:00,station1,throughput_in_bps,550490.7358583196
2026-07-19T12:54:23+00:00,station1,throughput_in_bps,567701.4162863845
2026-07-19T12:54:38+00:00,station1,throughput_in_bps,444360.2741967744
2026-07-19T12:54:53+00:00,station1,throughput_in_bps,555828.4088222994
2026-07-19T12:55:08+00:00,station1,throughput_in_bps,444250.6545454545
2026-07-19T12:55:23+00:00,station1,throughput_in_bps,658491.9272727272
2026-07-19T12:55:38+00:00,station1,throughput_in_bps,459380.4909090909
2026-07-19T12:55:53+00:00,station1,throughput_in_bps,469861.3272727272
2026-07-19T12:56:08+00:00,station1,throughput_in_bps,358278.5606487627
2026-07-19T12:56:23+00:00,station1,throughput_in_bps,470315.4545454545
2026-07-19T12:56:38+00:00,station1,throughput_in_bps,559109.0909090909
2026-07-19T12:56:53+00:00,station1,throughput_in_bps,556463.9902543683
2026-07-19T12:57:08+00:00,station1,throughput_in_bps,444505.5818181818
2026-07-19T12:57:23+00:00,station1,throughput_in_bps,556262.5224995909
2026-07-19T12:57:38+00:00,station1,throughput_in_bps,453394.4617174858
2026-07-19T12:57:53+00:00,station1,throughput_in_bps,665903.4017563317
2026-07-19T12:58:08+00:00,station1,throughput_in_bps,444765.587213848
2026-07-19T12:58:23+00:00,station1,throughput_in_bps,548262.8861293431
2026-07-19T12:58:38+00:00,station1,throughput_in_bps,430623.57262346346
2026-07-19T12:58:53+00:00,station1,throughput_in_bps,537747.6181818182
2026-07-19T12:59:08+00:00,station1,throughput_in_bps,532683.109090909
2026-07-19T12:59:23+00:00,station1,throughput_in_bps,425702.16363636364
2026-07-19T12:59:38+00:00,station1,throughput_in_bps,236540.54545454544
2026-07-19T12:59:53+00:00,station1,throughput_in_bps,144977.56322842234
2026-07-19T13:00:08+00:00,station1,throughput_in_bps,46686.93976254114
2026-07-19T13:00:23+00:00,station1,throughput_in_bps,61944.818181818184
2026-07-19T13:00:38+00:00,station1,throughput_in_bps,31030.83636363636
2026-07-19T13:00:53+00:00,station1,throughput_in_bps,37224.96363636363
2026-07-19T13:01:08+00:00,station1,throughput_in_bps,29033.581818181814
2026-07-19T13:01:23+00:00,station1,throughput_in_bps,36371.21818181818
2026-07-19T13:01:38+00:00,station1,throughput_in_bps,33595.52727272727
2026-07-19T13:01:53+00:00,station1,throughput_in_bps,30028.200512736596
2026-07-19T13:02:08+00:00,station1,throughput_in_bps,18157.872727272726
2026-07-19T13:02:23+00:00,station1,throughput_in_bps,15733.545454545452
2026-07-19T13:02:38+00:00,station1,throughput_in_bps,12871.30909090909
2026-07-19T13:02:53+00:00,station1,throughput_in_bps,13285.740259268012
2026-07-19T13:03:08+00:00,station1,throughput_in_bps,10945.363636363636
2026-07-19T13:03:23+00:00,station1,throughput_in_bps,12419.90909090909
2026-07-19T13:03:38+00:00,station1,throughput_in_bps,9773.41818181818
2026-07-19T13:03:53+00:00,station1,throughput_in_bps,12049.363636363636
2026-07-19T13:04:08+00:00,station1,throughput_in_bps,8738.927272727273
2026-07-19T13:04:23+00:00,station1,throughput_in_bps,8527.727272727272
2026-07-19T13:04:38+00:00,station1,throughput_in_bps,5745.159002890961
2026-07-19T13:04:53+00:00,station1,throughput_in_bps,7065.414613748342
2026-07-19T13:05:08+00:00,station1,throughput_in_bps,6955.475965384336
2026-07-19T13:05:23+00:00,station1,throughput_in_bps,7171.124161378884
2026-07-19T13:05:38+00:00,station1,throughput_in_bps,6009.2363636363625
2026-07-19T13:05:53+00:00,station1,throughput_in_bps,6600.5890801985415
2026-07-19T13:06:08+00:00,station1,throughput_in_bps,4499.572703965671
2026-07-19T13:06:23+00:00,station1,throughput_in_bps,5927.144129893271
2026-07-19T13:06:38+00:00,station1,throughput_in_bps,3599.0181818181813
2026-07-19T13:06:53+00:00,station1,throughput_in_bps,4586.927272727273
2026-07-19T13:07:08+00:00,station1,throughput_in_bps,3849.719075585941
2026-07-19T13:07:23+00:00,station1,throughput_in_bps,4671.472465138266
2026-07-19T13:07:38+00:00,station1,throughput_in_bps,4076.5818181818177
2026-07-19T13:07:53+00:00,station1,throughput_in_bps,4218.127272727273
2026-07-19T13:08:08+00:00,station1,throughput_in_bps,3362.3818181818183
2026-07-19T13:08:23+00:00,station1,throughput_in_bps,4136.70909090909
2026-07-19T13:08:38+00:00,station1,throughput_in_bps,3399.225440462554
2026-07-19T13:08:53+00:00,station1,throughput_in_bps,5208.578025854075
2026-07-19T13:09:08+00:00,station1,throughput_in_bps,3687.369320557808
2026-07-19T13:09:23+00:00,station1,throughput_in_bps,4716.054545454545
2026-07-19T13:09:38+00:00,station1,throughput_in_bps,3733.8593843748295
2026-07-19T13:09:53+00:00,station1,throughput_in_bps,4291.3113830154725
2026-07-19T13:10:08+00:00,station1,throughput_in_bps,4060.7818181818175
2026-07-19T13:10:23+00:00,station1,throughput_in_bps,4408.883474845911
2026-07-19T13:10:38+00:00,station1,throughput_in_bps,3680.690909090909
2026-07-19T13:10:53+00:00,station1,throughput_in_bps,4467.1454545454535
2026-07-19T13:11:08+00:00,station1,throughput_in_bps,3853.589804192499
2026-07-19T13:11:23+00:00,station1,throughput_in_bps,4664.236363636363
2026-07-19T13:11:38+00:00,station1,throughput_in_bps,3202.5454545454545
2026-07-19T13:11:53+00:00,station1,throughput_in_bps,4206.014436101162
2026-07-19T13:12:08+00:00,station1,throughput_in_bps,3497.581818181818
2026-07-19T13:12:23+00:00,station1,throughput_in_bps,4431.727272727273
2026-07-19T13:12:38+00:00,station1,throughput_in_bps,4111.145454545454
2026-07-19T13:12:53+00:00,station1,throughput_in_bps,4260.072727272727
2026-07-19T13:13:08+00:00,station1,throughput_in_bps,3447.064598825476
2026-07-19T13:13:23+00:00,station1,throughput_in_bps,3866.4363636363632
2026-07-19T13:13:38+00:00,station1,throughput_in_bps,3581.054545454545
2026-07-19T13:13:53+00:00,station1,throughput_in_bps,4616.50909090909
2026-07-19T13:14:08+00:00,station1,throughput_in_bps,3364.3636363636365
2026-07-19T13:14:23+00:00,station1,throughput_in_bps,4397.810948891838
2026-07-19T13:14:38+00:00,station1,throughput_in_bps,3397.5783139101504
2026-07-19T13:14:53+00:00,station1,throughput_in_bps,127592.06196250978
2026-07-19T13:15:08+00:00,station1,throughput_in_bps,234372.98399166667
2026-07-19T13:15:23+00:00,station1,throughput_in_bps,340949.90909090906
2026-07-19T13:15:38+00:00,station1,throughput_in_bps,432019.0181818182
2026-07-19T13:15:53+00:00,station1,throughput_in_bps,550499.9181803305
2026-07-19T13:16:08+00:00,station1,throughput_in_bps,557891.4707540137
2026-07-19T13:16:23+00:00,station1,throughput_in_bps,561755.8
2026-07-19T13:16:38+00:00,station1,throughput_in_bps,338330.32727272727
2026-07-19T13:16:53+00:00,station1,throughput_in_bps,437133.5818181818
2026-07-19T13:17:08+00:00,station1,throughput_in_bps,321122.2
2026-07-19T13:17:23+00:00,station1,throughput_in_bps,533004.1272727272
2026-07-19T13:17:38+00:00,station1,throughput_in_bps,535166.3272727273
2026-07-19T13:17:53+00:00,station1,throughput_in_bps,562164.4727272727
2026-07-19T13:18:08+00:00,station1,throughput_in_bps,458915.0545454545
2026-07-19T13:18:23+00:00,station1,throughput_in_bps,575248.0727272726
2026-07-19T13:18:38+00:00,station1,throughput_in_bps,558820.3636363636
2026-07-19T13:18:53+00:00,station1,throughput_in_bps,556596.778006073
2026-07-19T13:19:08+00:00,station1,throughput_in_bps,443816.4545454545
2026-07-19T13:19:23+00:00,station1,throughput_in_bps,553541.0113278906
2026-07-19T13:19:38+00:00,station1,throughput_in_bps,456811.4909090909
2026-07-19T13:19:53+00:00,station1,throughput_in_bps,653055.3636363635
2026-07-19T13:20:08+00:00,station1,throughput_in_bps,441194.5999999999
2026-07-19T13:20:23+00:00,station1,throughput_in_bps,552399.2691307747
2026-07-19T13:20:38+00:00,station1,throughput_in_bps,441441.8503163866
2026-07-19T13:20:53+00:00,station1,throughput_in_bps,564816.709090909
2026-07-19T13:21:08+00:00,station1,throughput_in_bps,546357.8727272727
2026-07-19T13:21:23+00:00,station1,throughput_in_bps,553774.8545454545
2026-07-19T13:21:38+00:00,station1,throughput_in_bps,443738.0909090909
2026-07-19T13:21:53+00:00,station1,throughput_in_bps,556048.8917980327
2026-07-19T13:22:08+00:00,station1,throughput_in_bps,558999.509090909
2026-07-19T13:22:23+00:00,station1,throughput_in_bps,553768.8181818181
2026-07-19T13:22:38+00:00,station1,throughput_in_bps,332777.43636363634
2026-07-19T13:22:53+00:00,station1,throughput_in_bps,443904.9272727272
2026-07-19T13:23:08+00:00,station1,throughput_in_bps,316409.9380011272
2026-07-19T13:23:23+00:00,station1,throughput_in_bps,336243.10909090907
2026-07-19T13:23:38+00:00,station1,throughput_in_bps,230791.65833348484
2026-07-19T13:23:53+00:00,station1,throughput_in_bps,129884.38392029236
2026-07-19T13:24:08+00:00,station1,throughput_in_bps,38225.9214138953
2026-07-19T13:24:23+00:00,station1,throughput_in_bps,42791.65454545454
2026-07-19T13:24:38+00:00,station1,throughput_in_bps,40373.34545454545
2026-07-19T13:24:53+00:00,station1,throughput_in_bps,38682.928159717805
2026-07-19T13:25:08+00:00,station1,throughput_in_bps,29306.963636363635
2026-07-19T13:25:23+00:00,station1,throughput_in_bps,29569.21818181818
2026-07-19T13:25:38+00:00,station1,throughput_in_bps,18368.83636363636
2026-07-19T13:25:53+00:00,station1,throughput_in_bps,23608.229240531648
2026-07-19T13:26:08+00:00,station1,throughput_in_bps,12676.126756722362
2026-07-19T13:26:23+00:00,station1,throughput_in_bps,14454.963636363635
2026-07-19T13:26:38+00:00,station1,throughput_in_bps,10697.95094634643
2026-07-19T13:26:53+00:00,station1,throughput_in_bps,13322.30909090909
2026-07-19T13:27:08+00:00,station1,throughput_in_bps,12640.927272727273
2026-07-19T13:27:23+00:00,station1,throughput_in_bps,12948.835433371516
2026-07-19T13:27:38+00:00,station1,throughput_in_bps,9112.45659011982
2026-07-19T13:27:53+00:00,station1,throughput_in_bps,9614.425192269231
2026-07-19T13:28:08+00:00,station1,throughput_in_bps,7836.527272727272
2026-07-19T13:28:23+00:00,station1,throughput_in_bps,8509.645279176742
2026-07-19T13:28:38+00:00,station1,throughput_in_bps,6272.654545454545
2026-07-19T13:28:53+00:00,station1,throughput_in_bps,7712.818181818181
2026-07-19T13:29:08+00:00,station1,throughput_in_bps,6286.423389516173
2026-07-19T13:29:23+00:00,station1,throughput_in_bps,8253.618181818181
2026-07-19T13:29:38+00:00,station1,throughput_in_bps,7193.636363636363
2026-07-19T13:29:53+00:00,station1,throughput_in_bps,7721.722213131148
2026-07-19T13:30:08+00:00,station1,throughput_in_bps,5459.82654230077
2026-07-19T13:30:23+00:00,station1,throughput_in_bps,6500.390916198477
2026-07-19T13:30:38+00:00,station1,throughput_in_bps,6036.072727272726
2026-07-19T13:30:53+00:00,station1,throughput_in_bps,5518.927272727273
2026-07-19T13:31:08+00:00,station1,throughput_in_bps,4236.341157433501
2026-07-19T13:31:23+00:00,station1,throughput_in_bps,5736.490909090909
2026-07-19T13:31:38+00:00,station1,throughput_in_bps,5038.708387120234
2026-07-19T13:31:53+00:00,station1,throughput_in_bps,6762.541137111583
2026-07-19T13:32:08+00:00,station1,throughput_in_bps,5299.6890739494875
2026-07-19T13:32:23+00:00,station1,throughput_in_bps,5462.55386461572
2026-07-19T13:32:38+00:00,station1,throughput_in_bps,4498.254545454545
2026-07-19T13:32:53+00:00,station1,throughput_in_bps,5525.472727272727
2026-07-19T13:33:08+00:00,station1,throughput_in_bps,5502.381818181818
2026-07-19T13:33:23+00:00,station1,throughput_in_bps,5621.472727272727
2026-07-19T13:33:38+00:00,station1,throughput_in_bps,4482.0451280932375
2026-07-19T13:33:53+00:00,station1,throughput_in_bps,5495.072727272726
2026-07-19T13:34:08+00:00,station1,throughput_in_bps,4577.332896937959
2026-07-19T13:34:23+00:00,station1,throughput_in_bps,188270.52235413902
2026-07-19T13:34:38+00:00,station1,throughput_in_bps,225136.03636363635
2026-07-19T13:34:53+00:00,station1,throughput_in_bps,292700.49275415024
2026-07-19T13:35:08+00:00,station1,throughput_in_bps,326104.8500574011
2026-07-19T13:35:23+00:00,station1,throughput_in_bps,442720.23928577924
2026-07-19T13:35:38+00:00,station1,throughput_in_bps,515393.4512662946
2026-07-19T13:35:53+00:00,station1,throughput_in_bps,603396.2651829224
2026-07-19T13:36:08+00:00,station1,throughput_in_bps,380092.2727272727
2026-07-19T13:36:23+00:00,station1,throughput_in_bps,438040.309090909
2026-07-19T13:36:38+00:00,station1,throughput_in_bps,321592.54545454547
2026-07-19T13:36:53+00:00,station1,throughput_in_bps,490931.21818181814
2026-07-19T13:37:08+00:00,station1,throughput_in_bps,535211.1454545454
2026-07-19T13:37:23+00:00,station1,throughput_in_bps,560206.309090909
2026-07-19T13:37:38+00:00,station1,throughput_in_bps,457996.7272132221
2026-07-19T13:37:53+00:00,station1,throughput_in_bps,573992.5630954978
2026-07-19T13:38:08+00:00,station1,throughput_in_bps,533229.8727272727
2026-07-19T13:38:23+00:00,station1,throughput_in_bps,585365.2545454545
2026-07-19T13:38:38+00:00,station1,throughput_in_bps,362055.5818181818
2026-07-19T13:38:53+00:00,station1,throughput_in_bps,442780.70510372915
2026-07-19T13:39:08+00:00,station1,throughput_in_bps,330313.678430517
2026-07-19T13:39:23+00:00,station1,throughput_in_bps,525428.5454545454
2026-07-19T13:39:38+00:00,station1,throughput_in_bps,555056.7272727272
2026-07-19T13:39:53+00:00,station1,throughput_in_bps,553511.8274877726
2026-07-19T13:40:08+00:00,station1,throughput_in_bps,442969.0727272727
2026-07-19T13:40:23+00:00,station1,throughput_in_bps,555679.5454545454
2026-07-19T13:40:38+00:00,station1,throughput_in_bps,525728.7272727272
2026-07-19T13:40:53+00:00,station1,throughput_in_bps,593162.1425064999
2026-07-19T13:41:08+00:00,station1,throughput_in_bps,445265.43636363634
2026-07-19T13:41:23+00:00,station1,throughput_in_bps,557150.5008817702
2026-07-19T13:41:38+00:00,station1,throughput_in_bps,445185.82622766035
2026-07-19T13:41:53+00:00,station1,throughput_in_bps,633874.8909090909
2026-07-19T13:42:08+00:00,station1,throughput_in_bps,484071.18181818177
2026-07-19T13:42:23+00:00,station1,throughput_in_bps,556321.4487009327
2026-07-19T13:42:38+00:00,station1,throughput_in_bps,443667.4060471628
2026-07-19T13:42:53+00:00,station1,throughput_in_bps,557832.6
2026-07-19T13:43:08+00:00,station1,throughput_in_bps,561017.4181818181
2026-07-19T13:43:23+00:00,station1,throughput_in_bps,490389.16363636364
2026-07-19T13:43:38+00:00,station1,throughput_in_bps,344290.98181818175
2026-07-19T13:43:53+00:00,station1,throughput_in_bps,456417.6545454545
2026-07-19T13:44:08+00:00,station1,throughput_in_bps,414363.2611502028
2026-07-19T13:44:23+00:00,station1,throughput_in_bps,638585.2075416811
2026-07-19T13:44:38+00:00,station1,throughput_in_bps,484491.45392392174
2026-07-19T13:44:53+00:00,station1,throughput_in_bps,568933.8727272727
2026-07-19T13:45:08+00:00,station1,throughput_in_bps,457173.87272727274
2026-07-19T13:45:23+00:00,station1,throughput_in_bps,570387.109090909
2026-07-19T13:45:38+00:00,station1,throughput_in_bps,562665.4120984018
2026-07-19T13:45:53+00:00,station1,throughput_in_bps,563621.7567592137
2026-07-19T13:46:08+00:00,station1,throughput_in_bps,450398.5999999999
2026-07-19T13:46:23+00:00,station1,throughput_in_bps,562472.1272727272
2026-07-19T13:46:38+00:00,station1,throughput_in_bps,533753.3454545455
2026-07-19T13:46:53+00:00,station1,throughput_in_bps,587994.5636363636
2026-07-19T13:47:08+00:00,station1,throughput_in_bps,452897.21818181814
2026-07-19T13:47:23+00:00,station1,throughput_in_bps,564617.909090909
2026-07-19T13:47:38+00:00,station1,throughput_in_bps,453115.7818181818
2026-07-19T13:47:53+00:00,station1,throughput_in_bps,649724.8181818181
2026-07-19T13:48:08+00:00,station1,throughput_in_bps,472019.7625584059
2026-07-19T13:48:23+00:00,station1,throughput_in_bps,550575.4363636363
2026-07-19T13:48:38+00:00,station1,throughput_in_bps,438633.0793985564
2026-07-19T13:48:53+00:00,station1,throughput_in_bps,550781.0426023237
2026-07-19T13:49:08+00:00,station1,throughput_in_bps,560743.7496590724
2026-07-19T13:49:23+00:00,station1,throughput_in_bps,552873.1454545454
2026-07-19T13:49:38+00:00,station1,throughput_in_bps,440686.82277652534
2026-07-19T13:49:53+00:00,station1,throughput_in_bps,553108.6727272726
2026-07-19T13:50:08+00:00,station1,throughput_in_bps,518705.3123409207
2026-07-19T13:50:23+00:00,station1,throughput_in_bps,603273.709090909
2026-07-19T13:50:38+00:00,station1,throughput_in_bps,439601.43636363634
2026-07-19T13:50:53+00:00,station1,throughput_in_bps,550512.3090909091
2026-07-19T13:51:08+00:00,station1,throughput_in_bps,438204.10909090907
2026-07-19T13:51:23+00:00,station1,throughput_in_bps,619054.7636363636
2026-07-19T13:51:38+00:00,station1,throughput_in_bps,497283.6727272727
2026-07-19T13:51:53+00:00,station1,throughput_in_bps,562968.8181818181
2026-07-19T13:52:08+00:00,station1,throughput_in_bps,450241.29529627814
2026-07-19T13:52:23+00:00,station1,throughput_in_bps,559618.5705714442
2026-07-19T13:52:38+00:00,station1,throughput_in_bps,552941.6374247741
2026-07-19T13:52:53+00:00,station1,throughput_in_bps,486788.9636363636
2026-07-19T13:53:08+00:00,station1,throughput_in_bps,330405.43636363634
2026-07-19T13:53:23+00:00,station1,throughput_in_bps,443887.68886707036
2026-07-19T13:53:38+00:00,station1,throughput_in_bps,401018.54545454547
2026-07-19T13:53:53+00:00,station1,throughput_in_bps,624931.618181818
2026-07-19T13:54:08+00:00,station1,throughput_in_bps,496031.98181818175
2026-07-19T13:54:23+00:00,station1,throughput_in_bps,557619.6545454545
2026-07-19T13:54:38+00:00,station1,throughput_in_bps,445413.589337988
2026-07-19T13:54:53+00:00,station1,throughput_in_bps,556978.9814360262
2026-07-19T13:55:08+00:00,station1,throughput_in_bps,493132.29331442394
2026-07-19T13:55:23+00:00,station1,throughput_in_bps,457307.0181818182
2026-07-19T13:55:38+00:00,station1,throughput_in_bps,344843.0
2026-07-19T13:55:53+00:00,station1,throughput_in_bps,454843.1005327563
2026-07-19T13:56:08+00:00,station1,throughput_in_bps,499170.990673236
2026-07-19T13:56:23+00:00,station1,throughput_in_bps,611919.9818181818
2026-07-19T13:56:38+00:00,station1,throughput_in_bps,441824.50909090904
2026-07-19T13:56:53+00:00,station1,throughput_in_bps,554961.5279722187
2026-07-19T13:57:08+00:00,station1,throughput_in_bps,444740.4410828894
2026-07-19T13:57:23+00:00,station1,throughput_in_bps,611184.0330175814
2026-07-19T13:57:38+00:00,station1,throughput_in_bps,508300.07272727264
2026-07-19T13:57:53+00:00,station1,throughput_in_bps,556228.7454545455
2026-07-19T13:58:08+00:00,station1,throughput_in_bps,444388.8909090909
2026-07-19T13:58:23+00:00,station1,throughput_in_bps,556236.0909090909
2026-07-19T13:58:38+00:00,station1,throughput_in_bps,559060.4363636363
2026-07-19T13:58:53+00:00,station1,throughput_in_bps,512369.14545454545
2026-07-19T13:59:08+00:00,station1,throughput_in_bps,358187.38522518595
2026-07-19T13:59:23+00:00,station1,throughput_in_bps,471415.35608443484
2026-07-19T13:59:38+00:00,station1,throughput_in_bps,406819.7636363636
2026-07-19T13:59:53+00:00,station1,throughput_in_bps,631594.0545454546
2026-07-19T14:00:08+00:00,station1,throughput_in_bps,494278.73234058806
2026-07-19T14:00:23+00:00,station1,throughput_in_bps,446717.3584974272
2026-07-19T14:00:38+00:00,station1,throughput_in_bps,333973.2014617385
2026-07-19T14:00:53+00:00,station1,throughput_in_bps,445355.2909090909
2026-07-19T14:01:08+00:00,station1,throughput_in_bps,512885.3615520282
2026-07-19T14:01:23+00:00,station1,throughput_in_bps,607399.3418540807
2026-07-19T14:01:38+00:00,station1,throughput_in_bps,444074.9622734132
2026-07-19T14:01:53+00:00,station1,throughput_in_bps,557668.2727272727
2026-07-19T14:02:08+00:00,station1,throughput_in_bps,446527.5999999999
2026-07-19T14:02:23+00:00,station1,throughput_in_bps,625043.0181818181
2026-07-19T14:02:38+00:00,station1,throughput_in_bps,504357.0909090909
2026-07-19T14:02:53+00:00,station1,throughput_in_bps,560155.909090909
2026-07-19T14:03:08+00:00,station1,throughput_in_bps,447388.14545454545
2026-07-19T14:03:23+00:00,station1,throughput_in_bps,561163.0181818181
2026-07-19T14:03:38+00:00,station1,throughput_in_bps,566032.3824069529
2026-07-19T14:03:53+00:00,station1,throughput_in_bps,511055.8586078987
2026-07-19T14:04:08+00:00,station1,throughput_in_bps,335276.9272727273
2026-07-19T14:04:23+00:00,station1,throughput_in_bps,448006.8544208287
2026-07-19T14:04:38+00:00,station1,throughput_in_bps,390820.66294525156
2026-07-19T14:04:53+00:00,station1,throughput_in_bps,618122.5658648339
2026-07-19T14:05:08+00:00,station1,throughput_in_bps,518561.28293241694
2026-07-19T14:05:23+00:00,station1,throughput_in_bps,462275.5435968293
2026-07-19T14:05:38+00:00,station1,throughput_in_bps,348472.67272727273
2026-07-19T14:05:53+00:00,station1,throughput_in_bps,462081.76958324236
2026-07-19T14:06:08+00:00,station1,throughput_in_bps,511621.98181818175
2026-07-19T14:06:23+00:00,station1,throughput_in_bps,625966.9794166848
2026-07-19T14:06:38+00:00,station1,throughput_in_bps,458868.0459602938
2026-07-19T14:06:53+00:00,station1,throughput_in_bps,572630.2
2026-07-19T14:07:08+00:00,station1,throughput_in_bps,458490.43636363634
2026-07-19T14:07:23+00:00,station1,throughput_in_bps,628079.455990109
2026-07-19T14:07:38+00:00,station1,throughput_in_bps,507548.99999999994
2026-07-19T14:07:53+00:00,station1,throughput_in_bps,562115.0
2026-07-19T14:08:08+00:00,station1,throughput_in_bps,449283.19999999995
2026-07-19T14:08:23+00:00,station1,throughput_in_bps,563321.3454545455
2026-07-19T14:08:38+00:00,station1,throughput_in_bps,568441.9636363635
2026-07-19T14:08:53+00:00,station1,throughput_in_bps,560201.2799301856
2026-07-19T14:09:08+00:00,station1,throughput_in_bps,445904.2727272727
2026-07-19T14:09:23+00:00,station1,throughput_in_bps,559150.7090909091
2026-07-19T14:09:38+00:00,station1,throughput_in_bps,499136.07272727264
2026-07-19T14:09:53+00:00,station1,throughput_in_bps,634964.4720813106
2026-07-19T14:10:08+00:00,station1,throughput_in_bps,447881.79999999993
2026-07-19T14:10:23+00:00,station1,throughput_in_bps,561523.519464698
2026-07-19T14:10:38+00:00,station1,throughput_in_bps,448527.48131852143
2026-07-19T14:10:53+00:00,station1,throughput_in_bps,607964.2727272727
2026-07-19T14:11:08+00:00,station1,throughput_in_bps,528143.7168205949
2026-07-19T14:11:23+00:00,station1,throughput_in_bps,560393.6253386425
2026-07-19T14:11:38+00:00,station1,throughput_in_bps,446462.61818181816
2026-07-19T14:11:53+00:00,station1,throughput_in_bps,560179.0032546048
2026-07-19T14:12:08+00:00,station1,throughput_in_bps,568201.0617602676
2026-07-19T14:12:23+00:00,station1,throughput_in_bps,536875.0363636364
2026-07-19T14:12:38+00:00,station1,throughput_in_bps,335839.2756495336
2026-07-19T14:12:53+00:00,station1,throughput_in_bps,449872.63636363635
2026-07-19T14:13:08+00:00,station1,throughput_in_bps,367251.0727272727
2026-07-19T14:13:23+00:00,station1,throughput_in_bps,594158.6727272726
2026-07-19T14:13:38+00:00,station1,throughput_in_bps,543447.7818181817
2026-07-19T14:13:53+00:00,station1,throughput_in_bps,476612.48795388837
2026-07-19T14:14:08+00:00,station1,throughput_in_bps,361179.8363636363
2026-07-19T14:14:23+00:00,station1,throughput_in_bps,471304.11462026584
2026-07-19T14:14:38+00:00,station1,throughput_in_bps,494089.4561719304
2026-07-19T14:14:53+00:00,station1,throughput_in_bps,624467.5926767631
2026-07-19T14:15:08+00:00,station1,throughput_in_bps,444724.6395257923
2026-07-19T14:15:23+00:00,station1,throughput_in_bps,557147.6909090909
2026-07-19T14:15:38+00:00,station1,throughput_in_bps,445770.3272727272
2026-07-19T14:15:53+00:00,station1,throughput_in_bps,604137.8025055001
2026-07-19T14:16:08+00:00,station1,throughput_in_bps,518015.8354998818
2026-07-19T12:05:23+00:00,station2,throughput_in_bps,10281841.181818182
2026-07-19T12:05:38+00:00,station2,throughput_in_bps,11167443.69090909
2026-07-19T12:05:53+00:00,station2,throughput_in_bps,11892682.636363635
2026-07-19T12:06:08+00:00,station2,throughput_in_bps,9659575.4
2026-07-19T12:06:23+00:00,station2,throughput_in_bps,11893364.018181818
2026-07-19T12:06:38+00:00,station2,throughput_in_bps,10708834.236363636
2026-07-19T12:06:53+00:00,station2,throughput_in_bps,11634871.69090909
2026-07-19T12:07:08+00:00,station2,throughput_in_bps,8872612.418181818
2026-07-19T12:07:23+00:00,station2,throughput_in_bps,11105466.563636363
2026-07-19T12:07:38+00:00,station2,throughput_in_bps,8870601.436363636
2026-07-19T12:07:53+00:00,station2,throughput_in_bps,12873611.909090908
2026-07-19T12:08:08+00:00,station2,throughput_in_bps,9471089.8
2026-07-19T12:08:23+00:00,station2,throughput_in_bps,8872694.49090909
2026-07-19T12:08:38+00:00,station2,throughput_in_bps,6639013.763636364
2026-07-19T12:08:53+00:00,station2,throughput_in_bps,8873956.236363636
2026-07-19T12:09:08+00:00,station2,throughput_in_bps,10568929.618181817
2026-07-19T12:09:23+00:00,station2,throughput_in_bps,11772312.49090909
2026-07-19T12:09:38+00:00,station2,throughput_in_bps,8876224.527272727
2026-07-19T12:09:53+00:00,station2,throughput_in_bps,11109234.927272728
2026-07-19T12:10:08+00:00,station2,throughput_in_bps,8878053.945454545
2026-07-19T12:10:23+00:00,station2,throughput_in_bps,12740170.345454544
2026-07-19T12:10:38+00:00,station2,throughput_in_bps,9599250.418181816
2026-07-19T12:10:53+00:00,station2,throughput_in_bps,11107021.727272727
2026-07-19T12:11:08+00:00,station2,throughput_in_bps,8804822.454545455
2026-07-19T12:11:23+00:00,station2,throughput_in_bps,10889243.109090907
2026-07-19T12:11:38+00:00,station2,throughput_in_bps,10873953.0
2026-07-19T12:11:53+00:00,station2,throughput_in_bps,10729345.327272726
2026-07-19T12:12:08+00:00,station2,throughput_in_bps,8562438.163636362
2026-07-19T12:12:23+00:00,station2,throughput_in_bps,10719487.581818182
2026-07-19T12:12:38+00:00,station2,throughput_in_bps,9952639.98181818
2026-07-19T12:12:53+00:00,station2,throughput_in_bps,11034823.618181817
2026-07-19T12:13:08+00:00,station2,throughput_in_bps,7624367.436363636
2026-07-19T12:13:23+00:00,station2,throughput_in_bps,8782522.054545455
2026-07-19T12:13:38+00:00,station2,throughput_in_bps,6585256.872727272
2026-07-19T12:13:53+00:00,station2,throughput_in_bps,9196931.454545455
2026-07-19T12:14:08+00:00,station2,throughput_in_bps,7438965.781818181
2026-07-19T12:14:23+00:00,station2,throughput_in_bps,6454640.927272727
2026-07-19T12:14:38+00:00,station2,throughput_in_bps,4295039.672727273
2026-07-19T12:14:53+00:00,station2,throughput_in_bps,4953758.836363637
2026-07-19T12:15:08+00:00,station2,throughput_in_bps,5307521.781818181
2026-07-19T12:15:23+00:00,station2,throughput_in_bps,6343933.0
2026-07-19T12:15:38+00:00,station2,throughput_in_bps,4564723.8
2026-07-19T12:15:53+00:00,station2,throughput_in_bps,5687762.127272727
2026-07-19T12:16:08+00:00,station2,throughput_in_bps,4029577.0727272723
2026-07-19T12:16:23+00:00,station2,throughput_in_bps,4795582.418181818
2026-07-19T12:16:38+00:00,station2,throughput_in_bps,3500319.9090909087
2026-07-19T12:16:53+00:00,station2,throughput_in_bps,3249554.454545454
2026-07-19T12:17:08+00:00,station2,throughput_in_bps,2590758.4909090907
2026-07-19T12:17:23+00:00,station2,throughput_in_bps,3249710.5636363635
2026-07-19T12:17:38+00:00,station2,throughput_in_bps,3294186.4181818175
2026-07-19T12:17:53+00:00,station2,throughput_in_bps,2809583.9454545453
2026-07-19T12:18:08+00:00,station2,throughput_in_bps,1673454.6363636362
2026-07-19T12:18:23+00:00,station2,throughput_in_bps,1377699.0
2026-07-19T12:18:38+00:00,station2,throughput_in_bps,746782.9636363635
2026-07-19T12:18:53+00:00,station2,throughput_in_bps,1087112.9999999998
2026-07-19T12:19:08+00:00,station2,throughput_in_bps,724112.2
2026-07-19T12:19:23+00:00,station2,throughput_in_bps,895276.9636363635
2026-07-19T12:19:38+00:00,station2,throughput_in_bps,713680.7818181817
2026-07-19T12:19:53+00:00,station2,throughput_in_bps,897767.0363636364
2026-07-19T12:20:08+00:00,station2,throughput_in_bps,907800.0181818181
2026-07-19T12:20:23+00:00,station2,throughput_in_bps,891125.2545454544
2026-07-19T12:20:38+00:00,station2,throughput_in_bps,709528.4545454545
2026-07-19T12:20:53+00:00,station2,throughput_in_bps,891000.1636363636
2026-07-19T12:21:08+00:00,station2,throughput_in_bps,871163.3999999999
2026-07-19T12:21:23+00:00,station2,throughput_in_bps,959233.6545454544
2026-07-19T12:21:38+00:00,station2,throughput_in_bps,715335.109090909
2026-07-19T12:21:53+00:00,station2,throughput_in_bps,896905.5818181818
2026-07-19T12:22:08+00:00,station2,throughput_in_bps,715460.309090909
2026-07-19T12:22:23+00:00,station2,throughput_in_bps,1027103.1454545453
2026-07-19T12:22:38+00:00,station2,throughput_in_bps,802728.4909090908
2026-07-19T12:22:53+00:00,station2,throughput_in_bps,900278.3818181817
2026-07-19T12:23:08+00:00,station2,throughput_in_bps,718651.3272727273
2026-07-19T12:23:23+00:00,station2,throughput_in_bps,900357.2545454544
2026-07-19T12:23:38+00:00,station2,throughput_in_bps,907835.0727272726
2026-07-19T12:23:53+00:00,station2,throughput_in_bps,896262.9999999999
2026-07-19T12:24:08+00:00,station2,throughput_in_bps,714712.5272727272
2026-07-19T12:24:23+00:00,station2,throughput_in_bps,896416.5999999999
2026-07-19T12:24:38+00:00,station2,throughput_in_bps,798131.909090909
2026-07-19T12:24:53+00:00,station2,throughput_in_bps,1037401.4727272727
2026-07-19T12:25:08+00:00,station2,throughput_in_bps,709152.4545454545
2026-07-19T12:25:23+00:00,station2,throughput_in_bps,890593.3636363635
2026-07-19T12:25:38+00:00,station2,throughput_in_bps,709251.7636363636
2026-07-19T12:25:53+00:00,station2,throughput_in_bps,933194.309090909
2026-07-19T12:26:08+00:00,station2,throughput_in_bps,877827.8363636363
2026-07-19T12:26:23+00:00,station2,throughput_in_bps,890511.5818181818
2026-07-19T12:26:38+00:00,station2,throughput_in_bps,708939.3636363635
2026-07-19T12:26:53+00:00,station2,throughput_in_bps,900167.0727272726
2026-07-19T12:27:08+00:00,station2,throughput_in_bps,907872.9999999999
2026-07-19T12:27:23+00:00,station2,throughput_in_bps,909395.7999999999
2026-07-19T12:27:38+00:00,station2,throughput_in_bps,699460.9636363635
2026-07-19T12:27:53+00:00,station2,throughput_in_bps,4804283.036363636
2026-07-19T12:28:08+00:00,station2,throughput_in_bps,6675794.345454545
2026-07-19T12:28:23+00:00,station2,throughput_in_bps,11143681.363636363
2026-07-19T12:28:38+00:00,station2,throughput_in_bps,9322316.6
2026-07-19T12:28:53+00:00,station2,throughput_in_bps,8761257.109090907
2026-07-19T12:29:08+00:00,station2,throughput_in_bps,6525927.909090908
2026-07-19T12:29:23+00:00,station2,throughput_in_bps,8758819.945454545
2026-07-19T12:29:38+00:00,station2,throughput_in_bps,10609027.218181817
2026-07-19T12:29:53+00:00,station2,throughput_in_bps,11733593.109090907
2026-07-19T12:30:08+00:00,station2,throughput_in_bps,8872906.781818181
2026-07-19T12:30:23+00:00,station2,throughput_in_bps,11105968.272727272
2026-07-19T12:30:38+00:00,station2,throughput_in_bps,8873033.109090907
2026-07-19T12:30:53+00:00,station2,throughput_in_bps,12777015.69090909
2026-07-19T12:31:08+00:00,station2,throughput_in_bps,9571207.218181817
2026-07-19T12:31:23+00:00,station2,throughput_in_bps,8884917.072727272
2026-07-19T12:31:38+00:00,station2,throughput_in_bps,6648453.890909091
2026-07-19T12:31:53+00:00,station2,throughput_in_bps,8884463.781818181
2026-07-19T12:32:08+00:00,station2,throughput_in_bps,10485050.654545454
2026-07-19T12:32:23+00:00,station2,throughput_in_bps,12467586.763636362
2026-07-19T12:32:38+00:00,station2,throughput_in_bps,8845648.763636362
2026-07-19T12:32:53+00:00,station2,throughput_in_bps,10317996.872727273
2026-07-19T12:33:08+00:00,station2,throughput_in_bps,8082512.254545454
2026-07-19T12:33:23+00:00,station2,throughput_in_bps,11254862.581818182
2026-07-19T12:33:38+00:00,station2,throughput_in_bps,11170140.018181818
2026-07-19T12:33:53+00:00,station2,throughput_in_bps,9704643.98181818
2026-07-19T12:34:08+00:00,station2,throughput_in_bps,6651722.236363635
2026-07-19T12:34:23+00:00,station2,throughput_in_bps,8886838.127272727
2026-07-19T12:34:38+00:00,station2,throughput_in_bps,8118019.363636362
2026-07-19T12:34:53+00:00,station2,throughput_in_bps,12583792.818181816
2026-07-19T12:35:08+00:00,station2,throughput_in_bps,9754587.654545454
2026-07-19T12:35:23+00:00,station2,throughput_in_bps,11105417.727272727
2026-07-19T12:35:38+00:00,station2,throughput_in_bps,8873672.2
2026-07-19T12:35:53+00:00,station2,throughput_in_bps,11108073.254545454
2026-07-19T12:36:08+00:00,station2,throughput_in_bps,11169718.563636363
2026-07-19T12:36:23+00:00,station2,throughput_in_bps,11109080.309090909
2026-07-19T12:36:38+00:00,station2,throughput_in_bps,8874472.999999998
2026-07-19T12:36:53+00:00,station2,throughput_in_bps,10999139.29090909
2026-07-19T12:37:08+00:00,station2,throughput_in_bps,10036205.654545454
2026-07-19T12:37:23+00:00,station2,throughput_in_bps,11884455.363636363
2026-07-19T12:37:38+00:00,station2,throughput_in_bps,8562903.327272726
2026-07-19T12:37:53+00:00,station2,throughput_in_bps,10721709.109090907
2026-07-19T12:38:08+00:00,station2,throughput_in_bps,8565676.563636363
2026-07-19T12:38:23+00:00,station2,throughput_in_bps,11903133.618181817
2026-07-19T12:38:38+00:00,station2,throughput_in_bps,9732441.181818182
2026-07-19T12:38:53+00:00,station2,throughput_in_bps,8339937.254545454
2026-07-19T12:39:08+00:00,station2,throughput_in_bps,6181865.981818181
2026-07-19T12:39:23+00:00,station2,throughput_in_bps,7615475.509090909
2026-07-19T12:39:38+00:00,station2,throughput_in_bps,8264447.654545454
2026-07-19T12:39:53+00:00,station2,throughput_in_bps,10447879.69090909
2026-07-19T12:40:08+00:00,station2,throughput_in_bps,7083053.145454545
2026-07-19T12:40:23+00:00,station2,throughput_in_bps,8830333.909090908
2026-07-19T12:40:38+00:00,station2,throughput_in_bps,7081339.399999999
2026-07-19T12:40:53+00:00,station2,throughput_in_bps,9378649.29090909
2026-07-19T12:41:08+00:00,station2,throughput_in_bps,8166808.309090909
2026-07-19T12:41:23+00:00,station2,throughput_in_bps,8442662.054545455
2026-07-19T12:41:38+00:00,station2,throughput_in_bps,6694173.49090909
2026-07-19T12:41:53+00:00,station2,throughput_in_bps,7625228.799999999
2026-07-19T12:42:08+00:00,station2,throughput_in_bps,7518693.927272727
2026-07-19T12:42:23+00:00,station2,throughput_in_bps,6947225.799999999
2026-07-19T12:42:38+00:00,station2,throughput_in_bps,3909090.727272727
2026-07-19T12:42:53+00:00,station2,throughput_in_bps,5249664.036363636
2026-07-19T12:43:08+00:00,station2,throughput_in_bps,4072414.5454545454
2026-07-19T12:43:23+00:00,station2,throughput_in_bps,6752701.7272727275
2026-07-19T12:43:38+00:00,station2,throughput_in_bps,6698433.072727272
2026-07-19T12:43:53+00:00,station2,throughput_in_bps,6619731.363636363
2026-07-19T12:44:08+00:00,station2,throughput_in_bps,5211968.381818181
2026-07-19T12:44:23+00:00,station2,throughput_in_bps,5734945.509090909
2026-07-19T12:44:38+00:00,station2,throughput_in_bps,5328212.345454545
2026-07-19T12:44:53+00:00,station2,throughput_in_bps,5116003.181818182
2026-07-19T12:45:08+00:00,station2,throughput_in_bps,3693980.527272727
2026-07-19T12:45:23+00:00,station2,throughput_in_bps,4625167.109090908
2026-07-19T12:45:38+00:00,station2,throughput_in_bps,3693902.2727272725
2026-07-19T12:45:53+00:00,station2,throughput_in_bps,5439139.4363636365
2026-07-19T12:46:08+00:00,station2,throughput_in_bps,3927779.2909090905
2026-07-19T12:46:23+00:00,station2,throughput_in_bps,4620823.763636364
2026-07-19T12:46:38+00:00,station2,throughput_in_bps,3585640.054545454
2026-07-19T12:46:53+00:00,station2,throughput_in_bps,3699099.327272727
2026-07-19T12:47:08+00:00,station2,throughput_in_bps,3326565.6545454543
2026-07-19T12:47:23+00:00,station2,throughput_in_bps,2900996.090909091
2026-07-19T12:47:38+00:00,station2,throughput_in_bps,2073415.9454545453
2026-07-19T12:47:53+00:00,station2,throughput_in_bps,2595931.618181818
2026-07-19T12:48:08+00:00,station2,throughput_in_bps,2422873.1454545455
2026-07-19T12:48:23+00:00,station2,throughput_in_bps,2840115.6181818177
2026-07-19T12:48:38+00:00,station2,throughput_in_bps,2019380.418181818
2026-07-19T12:48:53+00:00,station2,throughput_in_bps,2541887.1454545455
2026-07-19T12:49:08+00:00,station2,throughput_in_bps,1902567.0727272728
2026-07-19T12:49:23+00:00,station2,throughput_in_bps,1901539.8363636362
2026-07-19T12:49:38+00:00,station2,throughput_in_bps,1228878.0545454544
2026-07-19T12:49:53+00:00,station2,throughput_in_bps,855261.2545454544
2026-07-19T12:50:08+00:00,station2,throughput_in_bps,449701.61818181816
2026-07-19T12:50:23+00:00,station2,throughput_in_bps,563213.3636363635
2026-07-19T12:50:38+00:00,station2,throughput_in_bps,566927.909090909
2026-07-19T12:50:53+00:00,station2,throughput_in_bps,561158.7818181817
2026-07-19T12:51:08+00:00,station2,throughput_in_bps,447740.4545454545
2026-07-19T12:51:23+00:00,station2,throughput_in_bps,561162.3818181817
2026-07-19T12:51:38+00:00,station2,throughput_in_bps,471046.0909090909
2026-07-19T12:51:53+00:00,station2,throughput_in_bps,675241.0363636364
2026-07-19T12:52:08+00:00,station2,throughput_in_bps,448578.2727272727
2026-07-19T12:52:23+00:00,station2,throughput_in_bps,556908.0545454544
2026-07-19T12:52:38+00:00,station2,throughput_in_bps,443639.72727272724
2026-07-19T12:52:53+00:00,station2,throughput_in_bps,2432699.5454545454
2026-07-19T12:53:08+00:00,station2,throughput_in_bps,4557933.69090909
2026-07-19T12:53:23+00:00,station2,throughput_in_bps,6615132.054545454
2026-07-19T12:53:38+00:00,station2,throughput_in_bps,8623387.618181817
2026-07-19T12:53:53+00:00,station2,throughput_in_bps,11107690.527272727
2026-07-19T12:54:08+00:00,station2,throughput_in_bps,10993789.727272727
2026-07-19T12:54:23+00:00,station2,throughput_in_bps,11351501.654545454
2026-07-19T12:54:38+00:00,station2,throughput_in_bps,8871505.036363635
2026-07-19T12:54:53+00:00,station2,throughput_in_bps,11104772.563636363
2026-07-19T12:55:08+00:00,station2,throughput_in_bps,8871311.618181817
2026-07-19T12:55:23+00:00,station2,throughput_in_bps,13159214.963636363
2026-07-19T12:55:38+00:00,station2,throughput_in_bps,9192258.745454544
2026-07-19T12:55:53+00:00,station2,throughput_in_bps,9469558.781818181
2026-07-19T12:56:08+00:00,station2,throughput_in_bps,7234518.381818181
2026-07-19T12:56:23+00:00,station2,throughput_in_bps,9469386.781818181
2026-07-19T12:56:38+00:00,station2,throughput_in_bps,11170056.127272727
2026-07-19T12:56:53+00:00,station2,throughput_in_bps,11100494.963636363
2026-07-19T12:57:08+00:00,station2,throughput_in_bps,8866451.472727273
2026-07-19T12:57:23+00:00,station2,throughput_in_bps,11100621.581818182
2026-07-19T12:57:38+00:00,station2,throughput_in_bps,9044317.654545454
2026-07-19T12:57:53+00:00,station2,throughput_in_bps,13302673.036363635
2026-07-19T12:58:08+00:00,station2,throughput_in_bps,8876196.999999998
2026-07-19T12:58:23+00:00,station2,throughput_in_bps,11110833.909090908
2026-07-19T12:58:38+00:00,station2,throughput_in_bps,8874006.636363635
2026-07-19T12:58:53+00:00,station2,throughput_in_bps,11209962.963636363
2026-07-19T12:59:08+00:00,station2,throughput_in_bps,11135100.309090909
2026-07-19T12:59:23+00:00,station2,throughput_in_bps,8901075.509090908
2026-07-19T12:59:38+00:00,station2,throughput_in_bps,4827823.8
2026-07-19T12:59:53+00:00,station2,throughput_in_bps,2768487.4
2026-07-19T13:00:08+00:00,station2,throughput_in_bps,646571.4363636363
2026-07-19T13:00:23+00:00,station2,throughput_in_bps,821597.9818181818
2026-07-19T13:00:38+00:00,station2,throughput_in_bps,347948.34545454546
2026-07-19T13:00:53+00:00,station2,throughput_in_bps,420512.7818181818
2026-07-19T13:01:08+00:00,station2,throughput_in_bps,332494.5818181818
2026-07-19T13:01:23+00:00,station2,throughput_in_bps,425043.18181818177
2026-07-19T13:01:38+00:00,station2,throughput_in_bps,399012.7818181818
2026-07-19T13:01:53+00:00,station2,throughput_in_bps,350814.9636363636
2026-07-19T13:02:08+00:00,station2,throughput_in_bps,207290.03636363635
2026-07-19T13:02:23+00:00,station2,throughput_in_bps,175918.3818181818
2026-07-19T13:02:38+00:00,station2,throughput_in_bps,143825.14545454545
2026-07-19T13:02:53+00:00,station2,throughput_in_bps,152918.2
2026-07-19T13:03:08+00:00,station2,throughput_in_bps,120441.94545454545
2026-07-19T13:03:23+00:00,station2,throughput_in_bps,138513.25454545455
2026-07-19T13:03:38+00:00,station2,throughput_in_bps,107091.21818181819
2026-07-19T13:03:53+00:00,station2,throughput_in_bps,132070.85454545455
2026-07-19T13:04:08+00:00,station2,throughput_in_bps,98073.01818181817
2026-07-19T13:04:23+00:00,station2,throughput_in_bps,91844.23636363636
2026-07-19T13:04:38+00:00,station2,throughput_in_bps,60875.2909090909
2026-07-19T13:04:53+00:00,station2,throughput_in_bps,75529.07272727272
2026-07-19T13:05:08+00:00,station2,throughput_in_bps,77983.16363636362
2026-07-19T13:05:23+00:00,station2,throughput_in_bps,79241.14545454545
2026-07-19T13:05:38+00:00,station2,throughput_in_bps,65266.01818181818
2026-07-19T13:05:53+00:00,station2,throughput_in_bps,69876.99999999999
2026-07-19T13:06:08+00:00,station2,throughput_in_bps,45905.03636363636
2026-07-19T13:06:23+00:00,station2,throughput_in_bps,61697.2909090909
2026-07-19T13:06:38+00:00,station2,throughput_in_bps,36864.01818181818
2026-07-19T13:06:53+00:00,station2,throughput_in_bps,45791.25454545454
2026-07-19T13:07:08+00:00,station2,throughput_in_bps,38384.92727272727
2026-07-19T13:07:23+00:00,station2,throughput_in_bps,47433.03636363636
2026-07-19T13:07:38+00:00,station2,throughput_in_bps,44281.50909090909
2026-07-19T13:07:53+00:00,station2,throughput_in_bps,42917.0
2026-07-19T13:08:08+00:00,station2,throughput_in_bps,32502.63636363636
2026-07-19T13:08:23+00:00,station2,throughput_in_bps,41025.90909090909
2026-07-19T13:08:38+00:00,station2,throughput_in_bps,33644.01818181818
2026-07-19T13:08:53+00:00,station2,throughput_in_bps,55163.43636363636
2026-07-19T13:09:08+00:00,station2,throughput_in_bps,38800.12727272727
2026-07-19T13:09:23+00:00,station2,throughput_in_bps,47805.87272727272
2026-07-19T13:09:38+00:00,station2,throughput_in_bps,37360.96363636363
2026-07-19T13:09:53+00:00,station2,throughput_in_bps,43171.50909090909
2026-07-19T13:10:08+00:00,station2,throughput_in_bps,43405.50909090909
2026-07-19T13:10:23+00:00,station2,throughput_in_bps,44328.454545454544
2026-07-19T13:10:38+00:00,station2,throughput_in_bps,36830.30909090909
2026-07-19T13:10:53+00:00,station2,throughput_in_bps,44534.818181818184
2026-07-19T13:11:08+00:00,station2,throughput_in_bps,38219.07272727272
2026-07-19T13:11:23+00:00,station2,throughput_in_bps,48641.2909090909
2026-07-19T13:11:38+00:00,station2,throughput_in_bps,31349.399999999998
2026-07-19T13:11:53+00:00,station2,throughput_in_bps,41898.781818181815
2026-07-19T13:12:08+00:00,station2,throughput_in_bps,34715.61818181818
2026-07-19T13:12:23+00:00,station2,throughput_in_bps,45086.43636363636
2026-07-19T13:12:38+00:00,station2,throughput_in_bps,43328.30909090909
2026-07-19T13:12:53+00:00,station2,throughput_in_bps,42685.0
2026-07-19T13:13:08+00:00,station2,throughput_in_bps,34210.2
2026-07-19T13:13:23+00:00,station2,throughput_in_bps,38293.41818181818
2026-07-19T13:13:38+00:00,station2,throughput_in_bps,36474.85454545454
2026-07-19T13:13:53+00:00,station2,throughput_in_bps,48943.472727272725
2026-07-19T13:14:08+00:00,station2,throughput_in_bps,33938.74545454545
2026-07-19T13:14:23+00:00,station2,throughput_in_bps,44805.763636363634
2026-07-19T13:14:38+00:00,station2,throughput_in_bps,34387.83636363636
2026-07-19T13:14:53+00:00,station2,throughput_in_bps,2651795.109090909
2026-07-19T13:15:08+00:00,station2,throughput_in_bps,4860478.818181817
2026-07-19T13:15:23+00:00,station2,throughput_in_bps,7041331.072727272
2026-07-19T13:15:38+00:00,station2,throughput_in_bps,8873599.98181818
2026-07-19T13:15:53+00:00,station2,throughput_in_bps,11109675.327272726
2026-07-19T13:16:08+00:00,station2,throughput_in_bps,11126005.872727271
2026-07-19T13:16:23+00:00,station2,throughput_in_bps,11223824.127272727
2026-07-19T13:16:38+00:00,station2,throughput_in_bps,6756114.418181818
2026-07-19T13:16:53+00:00,station2,throughput_in_bps,8884223.581818182
2026-07-19T13:17:08+00:00,station2,throughput_in_bps,6650258.454545454
2026-07-19T13:17:23+00:00,station2,throughput_in_bps,11066724.09090909
2026-07-19T13:17:38+00:00,station2,throughput_in_bps,11173043.8
2026-07-19T13:17:53+00:00,station2,throughput_in_bps,12078519.436363636
2026-07-19T13:18:08+00:00,station2,throughput_in_bps,9844163.763636362
2026-07-19T13:18:23+00:00,station2,throughput_in_bps,12078669.581818182
2026-07-19T13:18:38+00:00,station2,throughput_in_bps,11170850.527272727
2026-07-19T13:18:53+00:00,station2,throughput_in_bps,11108692.818181816
2026-07-19T13:19:08+00:00,station2,throughput_in_bps,8873570.345454546
2026-07-19T13:19:23+00:00,station2,throughput_in_bps,11102970.818181816
2026-07-19T13:19:38+00:00,station2,throughput_in_bps,9185010.781818181
2026-07-19T13:19:53+00:00,station2,throughput_in_bps,13147724.418181816
2026-07-19T13:20:08+00:00,station2,throughput_in_bps,8859853.618181817
2026-07-19T13:20:23+00:00,station2,throughput_in_bps,11094176.236363636
2026-07-19T13:20:38+00:00,station2,throughput_in_bps,8860239.254545454
2026-07-19T13:20:53+00:00,station2,throughput_in_bps,11343278.127272727
2026-07-19T13:21:08+00:00,station2,throughput_in_bps,10990848.2
2026-07-19T13:21:23+00:00,station2,throughput_in_bps,11102884.236363636
2026-07-19T13:21:38+00:00,station2,throughput_in_bps,8871188.236363636
2026-07-19T13:21:53+00:00,station2,throughput_in_bps,11106308.054545455
2026-07-19T13:22:08+00:00,station2,throughput_in_bps,11169476.963636363
2026-07-19T13:22:23+00:00,station2,throughput_in_bps,11066359.436363636
2026-07-19T13:22:38+00:00,station2,throughput_in_bps,6645866.090909091
2026-07-19T13:22:53+00:00,station2,throughput_in_bps,8878007.545454545
2026-07-19T13:23:08+00:00,station2,throughput_in_bps,6308428.272727272
2026-07-19T13:23:23+00:00,station2,throughput_in_bps,6539912.163636363
2026-07-19T13:23:38+00:00,station2,throughput_in_bps,4364221.654545454
2026-07-19T13:23:53+00:00,station2,throughput_in_bps,2251146.6
2026-07-19T13:24:08+00:00,station2,throughput_in_bps,451244.2727272727
2026-07-19T13:24:23+00:00,station2,throughput_in_bps,515363.0363636363
2026-07-19T13:24:38+00:00,station2,throughput_in_bps,491593.10909090907
2026-07-19T13:24:53+00:00,station2,throughput_in_bps,473032.99999999994
2026-07-19T13:25:08+00:00,station2,throughput_in_bps,354321.10909090907
2026-07-19T13:25:23+00:00,station2,throughput_in_bps,352716.1272727272
2026-07-19T13:25:38+00:00,station2,throughput_in_bps,213265.43636363637
2026-07-19T13:25:53+00:00,station2,throughput_in_bps,276800.8181818182
2026-07-19T13:26:08+00:00,station2,throughput_in_bps,149179.9818181818
2026-07-19T13:26:23+00:00,station2,throughput_in_bps,166345.1818181818
2026-07-19T13:26:38+00:00,station2,throughput_in_bps,121605.87272727273
2026-07-19T13:26:53+00:00,station2,throughput_in_bps,153435.05454545454
2026-07-19T13:27:08+00:00,station2,throughput_in_bps,149821.6
2026-07-19T13:27:23+00:00,station2,throughput_in_bps,149499.6909090909
2026-07-19T13:27:38+00:00,station2,throughput_in_bps,103894.4
2026-07-19T13:27:53+00:00,station2,throughput_in_bps,108727.30909090908
2026-07-19T13:28:08+00:00,station2,throughput_in_bps,88332.03636363636
2026-07-19T13:28:23+00:00,station2,throughput_in_bps,97015.47272727272
2026-07-19T13:28:38+00:00,station2,throughput_in_bps,69654.16363636364
2026-07-19T13:28:53+00:00,station2,throughput_in_bps,85564.05454545454
2026-07-19T13:29:08+00:00,station2,throughput_in_bps,69806.63636363637
2026-07-19T13:29:23+00:00,station2,throughput_in_bps,91538.34545454544
2026-07-19T13:29:38+00:00,station2,throughput_in_bps,80332.4909090909
2026-07-19T13:29:53+00:00,station2,throughput_in_bps,82995.72727272726
2026-07-19T13:30:08+00:00,station2,throughput_in_bps,57600.19999999999
2026-07-19T13:30:23+00:00,station2,throughput_in_bps,69199.07272727272
2026-07-19T13:30:38+00:00,station2,throughput_in_bps,65871.10909090909
2026-07-19T13:30:53+00:00,station2,throughput_in_bps,60380.67272727272
2026-07-19T13:31:08+00:00,station2,throughput_in_bps,43219.763636363634
2026-07-19T13:31:23+00:00,station2,throughput_in_bps,60250.23636363636
2026-07-19T13:31:38+00:00,station2,throughput_in_bps,52848.781818181815
2026-07-19T13:31:53+00:00,station2,throughput_in_bps,73180.85454545454
2026-07-19T13:32:08+00:00,station2,throughput_in_bps,58724.8909090909
2026-07-19T13:32:23+00:00,station2,throughput_in_bps,57823.6909090909
2026-07-19T13:32:38+00:00,station2,throughput_in_bps,47547.6909090909
2026-07-19T13:32:53+00:00,station2,throughput_in_bps,58272.818181818184
2026-07-19T13:33:08+00:00,station2,throughput_in_bps,61162.16363636363
2026-07-19T13:33:23+00:00,station2,throughput_in_bps,61461.472727272725
2026-07-19T13:33:38+00:00,station2,throughput_in_bps,46087.763636363634
2026-07-19T13:33:53+00:00,station2,throughput_in_bps,57651.32727272727
2026-07-19T13:34:08+00:00,station2,throughput_in_bps,47592.92727272727
2026-07-19T13:34:23+00:00,station2,throughput_in_bps,3891370.9999999995
2026-07-19T13:34:38+00:00,station2,throughput_in_bps,4694246.818181817
2026-07-19T13:34:53+00:00,station2,throughput_in_bps,6032873.581818181
2026-07-19T13:35:08+00:00,station2,throughput_in_bps,6642160.381818181
2026-07-19T13:35:23+00:00,station2,throughput_in_bps,8876895.836363636
2026-07-19T13:35:38+00:00,station2,throughput_in_bps,10286458.054545455
2026-07-19T13:35:53+00:00,station2,throughput_in_bps,12065437.29090909
2026-07-19T13:36:08+00:00,station2,throughput_in_bps,7598004.999999999
2026-07-19T13:36:23+00:00,station2,throughput_in_bps,8881259.98181818
2026-07-19T13:36:38+00:00,station2,throughput_in_bps,6647291.218181818
2026-07-19T13:36:53+00:00,station2,throughput_in_bps,10221208.563636363
2026-07-19T13:37:08+00:00,station2,throughput_in_bps,11172067.218181817
2026-07-19T13:37:23+00:00,station2,throughput_in_bps,11600594.4
2026-07-19T13:37:38+00:00,station2,throughput_in_bps,9365775.418181816
2026-07-19T13:37:53+00:00,station2,throughput_in_bps,11601155.854545454
2026-07-19T13:38:08+00:00,station2,throughput_in_bps,10645127.127272727
2026-07-19T13:38:23+00:00,station2,throughput_in_bps,13409090.927272728
2026-07-19T13:38:38+00:00,station2,throughput_in_bps,10027985.09090909
2026-07-19T13:38:53+00:00,station2,throughput_in_bps,11645067.927272728
2026-07-19T13:39:08+00:00,station2,throughput_in_bps,9410206.181818182
2026-07-19T13:39:23+00:00,station2,throughput_in_bps,11640637.418181816
2026-07-19T13:39:38+00:00,station2,throughput_in_bps,11169026.49090909
2026-07-19T13:39:53+00:00,station2,throughput_in_bps,11107662.309090909
2026-07-19T13:40:08+00:00,station2,throughput_in_bps,8874418.818181818
2026-07-19T13:40:23+00:00,station2,throughput_in_bps,11108691.4
2026-07-19T13:40:38+00:00,station2,throughput_in_bps,10488569.8
2026-07-19T13:40:53+00:00,station2,throughput_in_bps,11853960.854545454
2026-07-19T13:41:08+00:00,station2,throughput_in_bps,8874544.672727272
2026-07-19T13:41:23+00:00,station2,throughput_in_bps,11108818.345454544
2026-07-19T13:41:38+00:00,station2,throughput_in_bps,8875086.527272727
2026-07-19T13:41:53+00:00,station2,throughput_in_bps,12657947.145454545
2026-07-19T13:42:08+00:00,station2,throughput_in_bps,9683801.654545454
2026-07-19T13:42:23+00:00,station2,throughput_in_bps,11103291.727272727
2026-07-19T13:42:38+00:00,station2,throughput_in_bps,8825858.09090909
2026-07-19T13:42:53+00:00,station2,throughput_in_bps,11059950.709090909
2026-07-19T13:43:08+00:00,station2,throughput_in_bps,11125479.4
2026-07-19T13:43:23+00:00,station2,throughput_in_bps,9715104.745454544
2026-07-19T13:43:38+00:00,station2,throughput_in_bps,6819930.672727272
2026-07-19T13:43:53+00:00,station2,throughput_in_bps,9055053.763636362
2026-07-19T13:44:08+00:00,station2,throughput_in_bps,8231429.436363636
2026-07-19T13:44:23+00:00,station2,throughput_in_bps,12697667.67272727
2026-07-19T13:44:38+00:00,station2,throughput_in_bps,9642572.763636362
2026-07-19T13:44:53+00:00,station2,throughput_in_bps,11307960.4
2026-07-19T13:45:08+00:00,station2,throughput_in_bps,9076288.69090909
2026-07-19T13:45:23+00:00,station2,throughput_in_bps,11311178.745454544
2026-07-19T13:45:38+00:00,station2,throughput_in_bps,11170854.563636363
2026-07-19T13:45:53+00:00,station2,throughput_in_bps,11196525.67272727
2026-07-19T13:46:08+00:00,station2,throughput_in_bps,8963434.872727273
2026-07-19T13:46:23+00:00,station2,throughput_in_bps,11197246.67272727
2026-07-19T13:46:38+00:00,station2,throughput_in_bps,10630439.345454544
2026-07-19T13:46:53+00:00,station2,throughput_in_bps,11715100.4
2026-07-19T13:47:08+00:00,station2,throughput_in_bps,9016697.418181816
2026-07-19T13:47:23+00:00,station2,throughput_in_bps,11250613.8
2026-07-19T13:47:38+00:00,station2,throughput_in_bps,9017554.127272727
2026-07-19T13:47:53+00:00,station2,throughput_in_bps,12940973.872727271
2026-07-19T13:48:08+00:00,station2,throughput_in_bps,9401727.654545454
2026-07-19T13:48:23+00:00,station2,throughput_in_bps,10958547.618181817
2026-07-19T13:48:38+00:00,station2,throughput_in_bps,8725232.418181818
2026-07-19T13:48:53+00:00,station2,throughput_in_bps,10959943.872727273
2026-07-19T13:49:08+00:00,station2,throughput_in_bps,11170286.709090909
2026-07-19T13:49:23+00:00,station2,throughput_in_bps,11001808.309090909
2026-07-19T13:49:38+00:00,station2,throughput_in_bps,8765395.909090908
2026-07-19T13:49:53+00:00,station2,throughput_in_bps,10999769.581818182
2026-07-19T13:50:08+00:00,station2,throughput_in_bps,10319324.6
2026-07-19T13:50:23+00:00,station2,throughput_in_bps,12015460.09090909
2026-07-19T13:50:38+00:00,station2,throughput_in_bps,8772419.072727272
2026-07-19T13:50:53+00:00,station2,throughput_in_bps,11005817.29090909
2026-07-19T13:51:08+00:00,station2,throughput_in_bps,8773526.709090909
2026-07-19T13:51:23+00:00,station2,throughput_in_bps,12389812.709090909
2026-07-19T13:51:38+00:00,station2,throughput_in_bps,9942569.509090908
2026-07-19T13:51:53+00:00,station2,throughput_in_bps,11296616.272727272
2026-07-19T13:52:08+00:00,station2,throughput_in_bps,9064507.327272726
2026-07-19T13:52:23+00:00,station2,throughput_in_bps,11301339.363636363
2026-07-19T13:52:38+00:00,station2,throughput_in_bps,11171141.872727271
2026-07-19T13:52:53+00:00,station2,throughput_in_bps,9834420.854545454
2026-07-19T13:53:08+00:00,station2,throughput_in_bps,6643763.218181818
2026-07-19T13:53:23+00:00,station2,throughput_in_bps,8877463.036363635
2026-07-19T13:53:38+00:00,station2,throughput_in_bps,7980590.345454545
2026-07-19T13:53:53+00:00,station2,throughput_in_bps,12447901.727272727
2026-07-19T13:54:08+00:00,station2,throughput_in_bps,9894105.581818182
2026-07-19T13:54:23+00:00,station2,throughput_in_bps,11106717.29090909
2026-07-19T13:54:38+00:00,station2,throughput_in_bps,8871275.436363636
2026-07-19T13:54:53+00:00,station2,throughput_in_bps,11106829.254545454
2026-07-19T13:55:08+00:00,station2,throughput_in_bps,11171725.309090909
2026-07-19T13:55:23+00:00,station2,throughput_in_bps,11988940.818181816
2026-07-19T13:55:38+00:00,station2,throughput_in_bps,9755603.69090909
2026-07-19T13:55:53+00:00,station2,throughput_in_bps,11987581.254545454
2026-07-19T13:56:08+00:00,station2,throughput_in_bps,10224992.581818182
2026-07-19T13:56:23+00:00,station2,throughput_in_bps,12312500.927272728
2026-07-19T13:56:38+00:00,station2,throughput_in_bps,8866276.49090909
2026-07-19T13:56:53+00:00,station2,throughput_in_bps,11101610.2
2026-07-19T13:57:08+00:00,station2,throughput_in_bps,8870579.109090907
2026-07-19T13:57:23+00:00,station2,throughput_in_bps,12191506.636363635
2026-07-19T13:57:38+00:00,station2,throughput_in_bps,10153413.872727273
2026-07-19T13:57:53+00:00,station2,throughput_in_bps,11096192.309090909
2026-07-19T13:58:08+00:00,station2,throughput_in_bps,8860835.690909091
2026-07-19T13:58:23+00:00,station2,throughput_in_bps,11094953.145454545
2026-07-19T13:58:38+00:00,station2,throughput_in_bps,11168569.181818182
2026-07-19T13:58:53+00:00,station2,throughput_in_bps,10232912.818181816
2026-07-19T13:59:08+00:00,station2,throughput_in_bps,7127438.236363635
2026-07-19T13:59:23+00:00,station2,throughput_in_bps,9361687.836363636
2026-07-19T13:59:38+00:00,station2,throughput_in_bps,8062737.254545454
2026-07-19T13:59:53+00:00,station2,throughput_in_bps,12529913.327272726
2026-07-19T14:00:08+00:00,station2,throughput_in_bps,9816491.4
2026-07-19T14:00:23+00:00,station2,throughput_in_bps,8865661.799999999
2026-07-19T14:00:38+00:00,station2,throughput_in_bps,6632888.418181818
2026-07-19T14:00:53+00:00,station2,throughput_in_bps,8867369.98181818
2026-07-19T14:01:08+00:00,station2,throughput_in_bps,10218507.29090909
2026-07-19T14:01:23+00:00,station2,throughput_in_bps,12120474.781818181
2026-07-19T14:01:38+00:00,station2,throughput_in_bps,8853273.618181817
2026-07-19T14:01:53+00:00,station2,throughput_in_bps,11086322.854545454
2026-07-19T14:02:08+00:00,station2,throughput_in_bps,8852718.927272728
2026-07-19T14:02:23+00:00,station2,throughput_in_bps,12367482.927272728
2026-07-19T14:02:38+00:00,station2,throughput_in_bps,9968443.145454545
2026-07-19T14:02:53+00:00,station2,throughput_in_bps,11067224.563636363
2026-07-19T14:03:08+00:00,station2,throughput_in_bps,8835191.09090909
2026-07-19T14:03:23+00:00,station2,throughput_in_bps,11069252.2
2026-07-19T14:03:38+00:00,station2,throughput_in_bps,11166431.8
2026-07-19T14:03:53+00:00,station2,throughput_in_bps,10070550.163636362
2026-07-19T14:04:08+00:00,station2,throughput_in_bps,6585084.509090909
2026-07-19T14:04:23+00:00,station2,throughput_in_bps,8818427.181818182
2026-07-19T14:04:38+00:00,station2,throughput_in_bps,7683578.5636363635
2026-07-19T14:04:53+00:00,station2,throughput_in_bps,12151073.0
2026-07-19T14:05:08+00:00,station2,throughput_in_bps,10184764.781818181
2026-07-19T14:05:23+00:00,station2,throughput_in_bps,9061738.6
2026-07-19T14:05:38+00:00,station2,throughput_in_bps,6827457.981818181
2026-07-19T14:05:53+00:00,station2,throughput_in_bps,9059980.454545455
2026-07-19T14:06:08+00:00,station2,throughput_in_bps,10044163.0
2026-07-19T14:06:23+00:00,station2,throughput_in_bps,12288823.109090907
2026-07-19T14:06:38+00:00,station2,throughput_in_bps,9001895.8
2026-07-19T14:06:53+00:00,station2,throughput_in_bps,11236609.545454543
2026-07-19T14:07:08+00:00,station2,throughput_in_bps,9005325.327272726
2026-07-19T14:07:23+00:00,station2,throughput_in_bps,12349766.963636363
2026-07-19T14:07:38+00:00,station2,throughput_in_bps,9984500.672727274
2026-07-19T14:07:53+00:00,station2,throughput_in_bps,11047524.345454544
2026-07-19T14:08:08+00:00,station2,throughput_in_bps,8811652.454545455
2026-07-19T14:08:23+00:00,station2,throughput_in_bps,11046183.0
2026-07-19T14:08:38+00:00,station2,throughput_in_bps,11164437.727272727
2026-07-19T14:08:53+00:00,station2,throughput_in_bps,10990377.98181818
2026-07-19T14:09:08+00:00,station2,throughput_in_bps,8757422.2
2026-07-19T14:09:23+00:00,station2,throughput_in_bps,10992240.745454544
2026-07-19T14:09:38+00:00,station2,throughput_in_bps,9821539.618181817
2026-07-19T14:09:53+00:00,station2,throughput_in_bps,12500571.8
2026-07-19T14:10:08+00:00,station2,throughput_in_bps,8815941.036363635
2026-07-19T14:10:23+00:00,station2,throughput_in_bps,11049051.836363636
2026-07-19T14:10:38+00:00,station2,throughput_in_bps,8815832.89090909
2026-07-19T14:10:53+00:00,station2,throughput_in_bps,11952041.181818182
2026-07-19T14:11:08+00:00,station2,throughput_in_bps,10383371.0
2026-07-19T14:11:23+00:00,station2,throughput_in_bps,11003847.07272727
2026-07-19T14:11:38+00:00,station2,throughput_in_bps,8770337.781818181
2026-07-19T14:11:53+00:00,station2,throughput_in_bps,11002848.09090909
2026-07-19T14:12:08+00:00,station2,throughput_in_bps,11167635.181818182
2026-07-19T14:12:23+00:00,station2,throughput_in_bps,10552867.181818182
2026-07-19T14:12:38+00:00,station2,throughput_in_bps,6586396.927272727
2026-07-19T14:12:53+00:00,station2,throughput_in_bps,8822218.309090909
2026-07-19T14:13:08+00:00,station2,throughput_in_bps,7203238.345454545
2026-07-19T14:13:23+00:00,station2,throughput_in_bps,11669700.67272727
2026-07-19T14:13:38+00:00,station2,throughput_in_bps,10678410.2
2026-07-19T14:13:53+00:00,station2,throughput_in_bps,9367136.309090909
2026-07-19T14:14:08+00:00,station2,throughput_in_bps,7134920.018181818
2026-07-19T14:14:23+00:00,station2,throughput_in_bps,9369141.327272726
2026-07-19T14:14:38+00:00,station2,throughput_in_bps,9859541.872727273
2026-07-19T14:14:53+00:00,station2,throughput_in_bps,12483123.4
2026-07-19T14:15:08+00:00,station2,throughput_in_bps,8867974.527272727
2026-07-19T14:15:23+00:00,station2,throughput_in_bps,11101393.436363636
2026-07-19T14:15:38+00:00,station2,throughput_in_bps,8868616.963636363
2026-07-19T14:15:53+00:00,station2,throughput_in_bps,12022294.890909089
2026-07-19T14:16:08+00:00,station2,throughput_in_bps,10321374.38181818
2026-07-19T12:05:23+00:00,station3,throughput_in_bps,238.43636363636364
2026-07-19T12:05:38+00:00,station3,throughput_in_bps,195.65454545454543
2026-07-19T12:05:53+00:00,station3,throughput_in_bps,239.5272727272727
2026-07-19T12:06:08+00:00,station3,throughput_in_bps,202.9090909090909
2026-07-19T12:06:23+00:00,station3,throughput_in_bps,238.43636363636364
2026-07-19T12:06:38+00:00,station3,throughput_in_bps,196.34545454545454
2026-07-19T12:06:53+00:00,station3,throughput_in_bps,235.0181818181818
2026-07-19T12:07:08+00:00,station3,throughput_in_bps,196.83636363636364
2026-07-19T12:07:23+00:00,station3,throughput_in_bps,233.45454545454544
2026-07-19T12:07:38+00:00,station3,throughput_in_bps,196.83636363636364
2026-07-19T12:07:53+00:00,station3,throughput_in_bps,232.36363636363635
2026-07-19T12:08:08+00:00,station3,throughput_in_bps,197.3090909090909
2026-07-19T12:08:23+00:00,station3,throughput_in_bps,236.65454545454543
2026-07-19T12:08:38+00:00,station3,throughput_in_bps,195.74545454545452
2026-07-19T12:08:53+00:00,station3,throughput_in_bps,232.34545454545454
2026-07-19T12:09:08+00:00,station3,throughput_in_bps,201.3090909090909
2026-07-19T12:09:23+00:00,station3,throughput_in_bps,239.59999999999997
2026-07-19T12:09:38+00:00,station3,throughput_in_bps,198.69090909090906
2026-07-19T12:09:53+00:00,station3,throughput_in_bps,242.34545454545454
2026-07-19T12:10:08+00:00,station3,throughput_in_bps,198.58181818181816
2026-07-19T12:10:23+00:00,station3,throughput_in_bps,234.54545454545453
2026-07-19T12:10:38+00:00,station3,throughput_in_bps,201.05454545454543
2026-07-19T12:10:53+00:00,station3,throughput_in_bps,237.67272727272726
2026-07-19T12:11:08+00:00,station3,throughput_in_bps,199.49090909090907
2026-07-19T12:11:23+00:00,station3,throughput_in_bps,236.58181818181816
2026-07-19T12:11:38+00:00,station3,throughput_in_bps,195.65454545454543
2026-07-19T12:11:53+00:00,station3,throughput_in_bps,235.0181818181818
2026-07-19T12:12:08+00:00,station3,throughput_in_bps,197.3090909090909
2026-07-19T12:12:23+00:00,station3,throughput_in_bps,235.0181818181818
2026-07-19T12:12:38+00:00,station3,throughput_in_bps,195.65454545454543
2026-07-19T12:12:53+00:00,station3,throughput_in_bps,236.65454545454543
2026-07-19T12:13:08+00:00,station3,throughput_in_bps,200.03636363636363
2026-07-19T12:13:23+00:00,station3,throughput_in_bps,237.74545454545452
2026-07-19T12:13:38+00:00,station3,throughput_in_bps,199.98181818181817
2026-07-19T12:13:53+00:00,station3,throughput_in_bps,240.98181818181817
2026-07-19T12:14:08+00:00,station3,throughput_in_bps,204.36363636363635
2026-07-19T12:14:23+00:00,station3,throughput_in_bps,237.99999999999997
2026-07-19T12:14:38+00:00,station3,throughput_in_bps,194.85454545454544
2026-07-19T12:14:53+00:00,station3,throughput_in_bps,235.85454545454544
2026-07-19T12:15:08+00:00,station3,throughput_in_bps,198.58181818181816
2026-07-19T12:15:23+00:00,station3,throughput_in_bps,237.74545454545452
2026-07-19T12:15:38+00:00,station3,throughput_in_bps,197.29090909090908
2026-07-19T12:15:53+00:00,station3,throughput_in_bps,233.56363636363633
2026-07-19T12:16:08+00:00,station3,throughput_in_bps,196.98181818181817
2026-07-19T12:16:23+00:00,station3,throughput_in_bps,233.59999999999997
2026-07-19T12:16:38+00:00,station3,throughput_in_bps,198.4181818181818
2026-07-19T12:16:53+00:00,station3,throughput_in_bps,236.14545454545453
2026-07-19T12:17:08+00:00,station3,throughput_in_bps,204.18181818181816
2026-07-19T12:17:23+00:00,station3,throughput_in_bps,240.79999999999998
2026-07-19T12:17:38+00:00,station3,throughput_in_bps,201.43636363636364
2026-07-19T12:17:53+00:00,station3,throughput_in_bps,245.45454545454544
2026-07-19T12:18:08+00:00,station3,throughput_in_bps,203.16363636363633
2026-07-19T12:18:23+00:00,station3,throughput_in_bps,238.2181818181818
2026-07-19T12:18:38+00:00,station3,throughput_in_bps,192.67272727272726
2026-07-19T12:18:53+00:00,station3,throughput_in_bps,233.56363636363633
2026-07-19T12:19:08+00:00,station3,throughput_in_bps,196.83636363636364
2026-07-19T12:19:23+00:00,station3,throughput_in_bps,236.18181818181816
2026-07-19T12:19:38+00:00,station3,throughput_in_bps,195.7272727272727
2026-07-19T12:19:53+00:00,station3,throughput_in_bps,235.09090909090907
2026-07-19T12:20:08+00:00,station3,throughput_in_bps,199.49090909090907
2026-07-19T12:20:23+00:00,station3,throughput_in_bps,235.56363636363633
2026-07-19T12:20:38+00:00,station3,throughput_in_bps,197.29090909090908
2026-07-19T12:20:53+00:00,station3,throughput_in_bps,235.1272727272727
2026-07-19T12:21:08+00:00,station3,throughput_in_bps,195.78181818181818
2026-07-19T12:21:23+00:00,station3,throughput_in_bps,233.09090909090907
2026-07-19T12:21:38+00:00,station3,throughput_in_bps,193.7272727272727
2026-07-19T12:21:53+00:00,station3,throughput_in_bps,234.6181818181818
2026-07-19T12:22:08+00:00,station3,throughput_in_bps,196.83636363636364
2026-07-19T12:22:23+00:00,station3,throughput_in_bps,237.74545454545452
2026-07-19T12:22:38+00:00,station3,throughput_in_bps,198.38181818181818
2026-07-19T12:22:53+00:00,station3,throughput_in_bps,237.74545454545452
2026-07-19T12:23:08+00:00,station3,throughput_in_bps,200.03636363636363
2026-07-19T12:23:23+00:00,station3,throughput_in_bps,237.74545454545452
2026-07-19T12:23:38+00:00,station3,throughput_in_bps,198.38181818181818
2026-07-19T12:23:53+00:00,station3,throughput_in_bps,237.74545454545452
2026-07-19T12:24:08+00:00,station3,throughput_in_bps,200.03636363636363
2026-07-19T12:24:23+00:00,station3,throughput_in_bps,236.1090909090909
2026-07-19T12:24:38+00:00,station3,throughput_in_bps,198.38181818181818
2026-07-19T12:24:53+00:00,station3,throughput_in_bps,237.74545454545452
2026-07-19T12:25:08+00:00,station3,throughput_in_bps,201.1272727272727
2026-07-19T12:25:23+00:00,station3,throughput_in_bps,236.65454545454543
2026-07-19T12:25:38+00:00,station3,throughput_in_bps,198.38181818181818
2026-07-19T12:25:53+00:00,station3,throughput_in_bps,237.74545454545452
2026-07-19T12:26:08+00:00,station3,throughput_in_bps,200.03636363636363
2026-07-19T12:26:23+00:00,station3,throughput_in_bps,237.74545454545452
2026-07-19T12:26:38+00:00,station3,throughput_in_bps,196.74545454545452
2026-07-19T12:26:53+00:00,station3,throughput_in_bps,236.2181818181818
2026-07-19T12:27:08+00:00,station3,throughput_in_bps,198.5090909090909
2026-07-19T12:27:23+00:00,station3,throughput_in_bps,236.2181818181818
2026-07-19T12:27:38+00:00,station3,throughput_in_bps,195.65454545454543
2026-07-19T12:27:53+00:00,station3,throughput_in_bps,233.89090909090908
2026-07-19T12:28:08+00:00,station3,throughput_in_bps,203.2
2026-07-19T12:28:23+00:00,station3,throughput_in_bps,243.09090909090907
2026-07-19T12:28:38+00:00,station3,throughput_in_bps,207.49090909090907
2026-07-19T12:28:53+00:00,station3,throughput_in_bps,245.38181818181818
2026-07-19T12:29:08+00:00,station3,throughput_in_bps,203.3090909090909
2026-07-19T12:29:23+00:00,station3,throughput_in_bps,235.09090909090907
2026-07-19T12:29:38+00:00,station3,throughput_in_bps,196.27272727272728
2026-07-19T12:29:53+00:00,station3,throughput_in_bps,242.9090909090909
2026-07-19T12:30:08+00:00,station3,throughput_in_bps,206.47272727272727
2026-07-19T12:30:23+00:00,station3,throughput_in_bps,249.6363636363636
2026-07-19T12:30:38+00:00,station3,throughput_in_bps,206.25454545454542
2026-07-19T12:30:53+00:00,station3,throughput_in_bps,243.8181818181818
2026-07-19T12:31:08+00:00,station3,throughput_in_bps,203.67272727272726
2026-07-19T12:31:23+00:00,station3,throughput_in_bps,242.47272727272727
2026-07-19T12:31:38+00:00,station3,throughput_in_bps,201.6
2026-07-19T12:31:53+00:00,station3,throughput_in_bps,238.2181818181818
2026-07-19T12:32:08+00:00,station3,throughput_in_bps,203.45454545454544
2026-07-19T12:32:23+00:00,station3,throughput_in_bps,243.49090909090907
2026-07-19T12:32:38+00:00,station3,throughput_in_bps,205.2181818181818
2026-07-19T12:32:53+00:00,station3,throughput_in_bps,238.2181818181818
2026-07-19T12:33:08+00:00,station3,throughput_in_bps,188.87272727272727
2026-07-19T12:33:23+00:00,station3,throughput_in_bps,251.09090909090907
2026-07-19T12:33:38+00:00,station3,throughput_in_bps,235.0181818181818
2026-07-19T12:33:53+00:00,station3,throughput_in_bps,274.29090909090905
2026-07-19T12:34:08+00:00,station3,throughput_in_bps,242.58181818181816
2026-07-19T12:34:23+00:00,station3,throughput_in_bps,261.9272727272727
2026-07-19T12:34:38+00:00,station3,throughput_in_bps,200.7090909090909
2026-07-19T12:34:53+00:00,station3,throughput_in_bps,240.07272727272726
2026-07-19T12:35:08+00:00,station3,throughput_in_bps,194.69090909090906
2026-07-19T12:35:23+00:00,station3,throughput_in_bps,233.99999999999997
2026-07-19T12:35:38+00:00,station3,throughput_in_bps,194.63636363636363
2026-07-19T12:35:53+00:00,station3,throughput_in_bps,233.99999999999997
2026-07-19T12:36:08+00:00,station3,throughput_in_bps,195.78181818181818
2026-07-19T12:36:23+00:00,station3,throughput_in_bps,235.0181818181818
2026-07-19T12:36:38+00:00,station3,throughput_in_bps,195.65454545454543
2026-07-19T12:36:53+00:00,station3,throughput_in_bps,236.58181818181816
2026-07-19T12:37:08+00:00,station3,throughput_in_bps,194.69090909090906
2026-07-19T12:37:23+00:00,station3,throughput_in_bps,238.2181818181818
2026-07-19T12:37:38+00:00,station3,throughput_in_bps,198.38181818181818
2026-07-19T12:37:53+00:00,station3,throughput_in_bps,238.83636363636364
2026-07-19T12:38:08+00:00,station3,throughput_in_bps,198.5090909090909
2026-07-19T12:38:23+00:00,station3,throughput_in_bps,239.0181818181818
2026-07-19T12:38:38+00:00,station3,throughput_in_bps,198.56363636363633
2026-07-19T12:38:53+00:00,station3,throughput_in_bps,237.45454545454544
2026-07-19T12:39:08+00:00,station3,throughput_in_bps,198.65454545454543
2026-07-19T12:39:23+00:00,station3,throughput_in_bps,235.63636363636363
2026-07-19T12:39:38+00:00,station3,throughput_in_bps,198.38181818181818
2026-07-19T12:39:53+00:00,station3,throughput_in_bps,238.83636363636364
2026-07-19T12:40:08+00:00,station3,throughput_in_bps,198.5090909090909
2026-07-19T12:40:23+00:00,station3,throughput_in_bps,238.83636363636364
2026-07-19T12:40:38+00:00,station3,throughput_in_bps,196.74545454545452
2026-07-19T12:40:53+00:00,station3,throughput_in_bps,236.1090909090909
2026-07-19T12:41:08+00:00,station3,throughput_in_bps,194.25454545454542
2026-07-19T12:41:23+00:00,station3,throughput_in_bps,233.49090909090907
2026-07-19T12:41:38+00:00,station3,throughput_in_bps,196.27272727272728
2026-07-19T12:41:53+00:00,station3,throughput_in_bps,238.36363636363635
2026-07-19T12:42:08+00:00,station3,throughput_in_bps,199.1272727272727
2026-07-19T12:42:23+00:00,station3,throughput_in_bps,239.56363636363633
2026-07-19T12:42:38+00:00,station3,throughput_in_bps,194.23636363636362
2026-07-19T12:42:53+00:00,station3,throughput_in_bps,234.69090909090906
2026-07-19T12:43:08+00:00,station3,throughput_in_bps,195.45454545454544
2026-07-19T12:43:23+00:00,station3,throughput_in_bps,234.58181818181816
2026-07-19T12:43:38+00:00,station3,throughput_in_bps,194.1272727272727
2026-07-19T12:43:53+00:00,station3,throughput_in_bps,236.2181818181818
2026-07-19T12:44:08+00:00,station3,throughput_in_bps,198.5090909090909
2026-07-19T12:44:23+00:00,station3,throughput_in_bps,236.65454545454543
2026-07-19T12:44:38+00:00,station3,throughput_in_bps,197.29090909090908
2026-07-19T12:44:53+00:00,station3,throughput_in_bps,231.9272727272727
2026-07-19T12:45:08+00:00,station3,throughput_in_bps,193.78181818181818
2026-07-19T12:45:23+00:00,station3,throughput_in_bps,233.0181818181818
2026-07-19T12:45:38+00:00,station3,throughput_in_bps,192.56363636363633
2026-07-19T12:45:53+00:00,station3,throughput_in_bps,234.58181818181816
2026-07-19T12:46:08+00:00,station3,throughput_in_bps,195.89090909090908
2026-07-19T12:46:23+00:00,station3,throughput_in_bps,235.1272727272727
2026-07-19T12:46:38+00:00,station3,throughput_in_bps,195.76363636363632
2026-07-19T12:46:53+00:00,station3,throughput_in_bps,235.1272727272727
2026-07-19T12:47:08+00:00,station3,throughput_in_bps,195.34545454545454
2026-07-19T12:47:23+00:00,station3,throughput_in_bps,233.49090909090907
2026-07-19T12:47:38+00:00,station3,throughput_in_bps,194.56363636363633
2026-07-19T12:47:53+00:00,station3,throughput_in_bps,233.9272727272727
2026-07-19T12:48:08+00:00,station3,throughput_in_bps,195.78181818181818
2026-07-19T12:48:23+00:00,station3,throughput_in_bps,233.9272727272727
2026-07-19T12:48:38+00:00,station3,throughput_in_bps,194.56363636363633
2026-07-19T12:48:53+00:00,station3,throughput_in_bps,233.9272727272727
2026-07-19T12:49:08+00:00,station3,throughput_in_bps,194.25454545454542
2026-07-19T12:49:23+00:00,station3,throughput_in_bps,232.39999999999998
2026-07-19T12:49:38+00:00,station3,throughput_in_bps,193.03636363636363
2026-07-19T12:49:53+00:00,station3,throughput_in_bps,232.39999999999998
2026-07-19T12:50:08+00:00,station3,throughput_in_bps,195.78181818181818
2026-07-19T12:50:23+00:00,station3,throughput_in_bps,233.16363636363633
2026-07-19T12:50:38+00:00,station3,throughput_in_bps,193.8
2026-07-19T12:50:53+00:00,station3,throughput_in_bps,231.63636363636363
2026-07-19T12:51:08+00:00,station3,throughput_in_bps,193.49090909090907
2026-07-19T12:51:23+00:00,station3,throughput_in_bps,228.9090909090909
2026-07-19T12:51:38+00:00,station3,throughput_in_bps,193.8
2026-07-19T12:51:53+00:00,station3,throughput_in_bps,234.25454545454542
2026-07-19T12:52:08+00:00,station3,throughput_in_bps,196.1090909090909
2026-07-19T12:52:23+00:00,station3,throughput_in_bps,236.54545454545453
2026-07-19T12:52:38+00:00,station3,throughput_in_bps,199.9272727272727
2026-07-19T12:52:53+00:00,station3,throughput_in_bps,236.54545454545453
2026-07-19T12:53:08+00:00,station3,throughput_in_bps,198.4
2026-07-19T12:53:23+00:00,station3,throughput_in_bps,240.54545454545453
2026-07-19T12:53:38+00:00,station3,throughput_in_bps,201.2
2026-07-19T12:53:53+00:00,station3,throughput_in_bps,238.36363636363635
2026-07-19T12:54:08+00:00,station3,throughput_in_bps,200.2181818181818
2026-07-19T12:54:23+00:00,station3,throughput_in_bps,237.1272727272727
2026-07-19T12:54:38+00:00,station3,throughput_in_bps,187.14545454545453
2026-07-19T12:54:53+00:00,station3,throughput_in_bps,219.5090909090909
2026-07-19T12:55:08+00:00,station3,throughput_in_bps,190.27272727272728
2026-07-19T12:55:23+00:00,station3,throughput_in_bps,268.6727272727273
2026-07-19T12:55:38+00:00,station3,throughput_in_bps,241.39999999999998
2026-07-19T12:55:53+00:00,station3,throughput_in_bps,292.6545454545454
2026-07-19T12:56:08+00:00,station3,throughput_in_bps,206.39999999999998
2026-07-19T12:56:23+00:00,station3,throughput_in_bps,241.9272727272727
2026-07-19T12:56:38+00:00,station3,throughput_in_bps,194.56363636363633
2026-07-19T12:56:53+00:00,station3,throughput_in_bps,235.56363636363633
2026-07-19T12:57:08+00:00,station3,throughput_in_bps,196.76363636363632
2026-07-19T12:57:23+00:00,station3,throughput_in_bps,234.47272727272727
2026-07-19T12:57:38+00:00,station3,throughput_in_bps,195.1090909090909
2026-07-19T12:57:53+00:00,station3,throughput_in_bps,235.56363636363633
2026-07-19T12:58:08+00:00,station3,throughput_in_bps,196.76363636363632
2026-07-19T12:58:23+00:00,station3,throughput_in_bps,236.83636363636364
2026-07-19T12:58:38+00:00,station3,throughput_in_bps,196.38181818181818
2026-07-19T12:58:53+00:00,station3,throughput_in_bps,236.29090909090908
2026-07-19T12:59:08+00:00,station3,throughput_in_bps,202.25454545454542
2026-07-19T12:59:23+00:00,station3,throughput_in_bps,239.3090909090909
2026-07-19T12:59:38+00:00,station3,throughput_in_bps,200.6
2026-07-19T12:59:53+00:00,station3,throughput_in_bps,238.43636363636364
2026-07-19T13:00:08+00:00,station3,throughput_in_bps,198.07272727272726
2026-07-19T13:00:23+00:00,station3,throughput_in_bps,235.78181818181818
2026-07-19T13:00:38+00:00,station3,throughput_in_bps,193.58181818181816
2026-07-19T13:00:53+00:00,station3,throughput_in_bps,240.07272727272726
2026-07-19T13:01:08+00:00,station3,throughput_in_bps,206.9090909090909
2026-07-19T13:01:23+00:00,station3,throughput_in_bps,247.45454545454544
2026-07-19T13:01:38+00:00,station3,throughput_in_bps,204.67272727272726
2026-07-19T13:01:53+00:00,station3,throughput_in_bps,245.1272727272727
2026-07-19T13:02:08+00:00,station3,throughput_in_bps,198.03636363636363
2026-07-19T13:02:23+00:00,station3,throughput_in_bps,236.07272727272726
2026-07-19T13:02:38+00:00,station3,throughput_in_bps,196.7090909090909
2026-07-19T13:02:53+00:00,station3,throughput_in_bps,235.34545454545454
2026-07-19T13:03:08+00:00,station3,throughput_in_bps,218.18181818181816
2026-07-19T13:03:23+00:00,station3,throughput_in_bps,258.4363636363636
2026-07-19T13:03:38+00:00,station3,throughput_in_bps,218.56363636363633
2026-07-19T13:03:53+00:00,station3,throughput_in_bps,251.89090909090908
2026-07-19T13:04:08+00:00,station3,throughput_in_bps,206.14545454545453
2026-07-19T13:04:23+00:00,station3,throughput_in_bps,249.27272727272728
2026-07-19T13:04:38+00:00,station3,throughput_in_bps,210.4181818181818
2026-07-19T13:04:53+00:00,station3,throughput_in_bps,252.39999999999998
2026-07-19T13:05:08+00:00,station3,throughput_in_bps,192.94545454545454
2026-07-19T13:05:23+00:00,station3,throughput_in_bps,229.99999999999997
2026-07-19T13:05:38+00:00,station3,throughput_in_bps,194.23636363636362
2026-07-19T13:05:53+00:00,station3,throughput_in_bps,231.59999999999997
2026-07-19T13:06:08+00:00,station3,throughput_in_bps,188.65454545454543
2026-07-19T13:06:23+00:00,station3,throughput_in_bps,229.4181818181818
2026-07-19T13:06:38+00:00,station3,throughput_in_bps,189.4
2026-07-19T13:06:53+00:00,station3,throughput_in_bps,229.89090909090908
2026-07-19T13:07:08+00:00,station3,throughput_in_bps,190.65454545454543
2026-07-19T13:07:23+00:00,station3,throughput_in_bps,233.78181818181818
2026-07-19T13:07:38+00:00,station3,throughput_in_bps,194.3090909090909
2026-07-19T13:07:53+00:00,station3,throughput_in_bps,233.78181818181818
2026-07-19T13:08:08+00:00,station3,throughput_in_bps,193.45454545454544
2026-07-19T13:08:23+00:00,station3,throughput_in_bps,229.89090909090908
2026-07-19T13:08:38+00:00,station3,throughput_in_bps,188.89090909090908
2026-07-19T13:08:53+00:00,station3,throughput_in_bps,230.3272727272727
2026-07-19T13:09:08+00:00,station3,throughput_in_bps,189.5272727272727
2026-07-19T13:09:23+00:00,station3,throughput_in_bps,231.34545454545454
2026-07-19T13:09:38+00:00,station3,throughput_in_bps,190.34545454545454
2026-07-19T13:09:53+00:00,station3,throughput_in_bps,227.63636363636363
2026-07-19T13:10:08+00:00,station3,throughput_in_bps,187.38181818181818
2026-07-19T13:10:23+00:00,station3,throughput_in_bps,229.23636363636362
2026-07-19T13:10:38+00:00,station3,throughput_in_bps,190.09090909090907
2026-07-19T13:10:53+00:00,station3,throughput_in_bps,229.34545454545454
2026-07-19T13:11:08+00:00,station3,throughput_in_bps,189.0181818181818
2026-07-19T13:11:23+00:00,station3,throughput_in_bps,228.69090909090906
2026-07-19T13:11:38+00:00,station3,throughput_in_bps,192.38181818181818
2026-07-19T13:11:53+00:00,station3,throughput_in_bps,230.18181818181816
2026-07-19T13:12:08+00:00,station3,throughput_in_bps,190.6181818181818
2026-07-19T13:12:23+00:00,station3,throughput_in_bps,249.78181818181818
2026-07-19T13:12:38+00:00,station3,throughput_in_bps,211.6181818181818
2026-07-19T13:12:53+00:00,station3,throughput_in_bps,250.98181818181817
2026-07-19T13:13:08+00:00,station3,throughput_in_bps,207.7090909090909
2026-07-19T13:13:23+00:00,station3,throughput_in_bps,227.89090909090908
2026-07-19T13:13:38+00:00,station3,throughput_in_bps,190.85454545454544
2026-07-19T13:13:53+00:00,station3,throughput_in_bps,230.43636363636364
2026-07-19T13:14:08+00:00,station3,throughput_in_bps,193.7090909090909
2026-07-19T13:14:23+00:00,station3,throughput_in_bps,230.3272727272727
2026-07-19T13:14:38+00:00,station3,throughput_in_bps,192.16363636363633
2026-07-19T13:14:53+00:00,station3,throughput_in_bps,230.1090909090909
2026-07-19T13:15:08+00:00,station3,throughput_in_bps,195.1272727272727
2026-07-19T13:15:23+00:00,station3,throughput_in_bps,219.38181818181818
2026-07-19T13:15:38+00:00,station3,throughput_in_bps,192.1272727272727
2026-07-19T13:15:53+00:00,station3,throughput_in_bps,230.4181818181818
2026-07-19T13:16:08+00:00,station3,throughput_in_bps,197.07272727272726
2026-07-19T13:16:23+00:00,station3,throughput_in_bps,253.39999999999998
2026-07-19T13:16:38+00:00,station3,throughput_in_bps,200.3090909090909
2026-07-19T13:16:53+00:00,station3,throughput_in_bps,242.36363636363635
2026-07-19T13:17:08+00:00,station3,throughput_in_bps,204.54545454545453
2026-07-19T13:17:23+00:00,station3,throughput_in_bps,235.89090909090908
2026-07-19T13:17:38+00:00,station3,throughput_in_bps,196.5272727272727
2026-07-19T13:17:53+00:00,station3,throughput_in_bps,246.45454545454544
2026-07-19T13:18:08+00:00,station3,throughput_in_bps,203.03636363636363
2026-07-19T13:18:23+00:00,station3,throughput_in_bps,242.38181818181818
2026-07-19T13:18:38+00:00,station3,throughput_in_bps,199.58181818181816
2026-07-19T13:18:53+00:00,station3,throughput_in_bps,230.98181818181817
2026-07-19T13:19:08+00:00,station3,throughput_in_bps,194.83636363636364
2026-07-19T13:19:23+00:00,station3,throughput_in_bps,232.03636363636363
2026-07-19T13:19:38+00:00,station3,throughput_in_bps,193.5090909090909
2026-07-19T13:19:53+00:00,station3,throughput_in_bps,232.87272727272727
2026-07-19T13:20:08+00:00,station3,throughput_in_bps,194.03636363636363
2026-07-19T13:20:23+00:00,station3,throughput_in_bps,230.65454545454543
2026-07-19T13:20:38+00:00,station3,throughput_in_bps,192.9272727272727
2026-07-19T13:20:53+00:00,station3,throughput_in_bps,232.29090909090908
2026-07-19T13:21:08+00:00,station3,throughput_in_bps,195.67272727272726
2026-07-19T13:21:23+00:00,station3,throughput_in_bps,224.39999999999998
2026-07-19T13:21:38+00:00,station3,throughput_in_bps,204.6181818181818
2026-07-19T13:21:53+00:00,station3,throughput_in_bps,292.0363636363636
2026-07-19T13:22:08+00:00,station3,throughput_in_bps,258.6909090909091
2026-07-19T13:22:23+00:00,station3,throughput_in_bps,302.8
2026-07-19T13:22:38+00:00,station3,throughput_in_bps,226.23636363636362
2026-07-19T13:22:53+00:00,station3,throughput_in_bps,239.63636363636363
2026-07-19T13:23:08+00:00,station3,throughput_in_bps,197.3090909090909
2026-07-19T13:23:23+00:00,station3,throughput_in_bps,233.9272727272727
2026-07-19T13:23:38+00:00,station3,throughput_in_bps,191.94545454545454
2026-07-19T13:23:53+00:00,station3,throughput_in_bps,233.59999999999997
2026-07-19T13:24:08+00:00,station3,throughput_in_bps,198.5090909090909
2026-07-19T13:24:23+00:00,station3,throughput_in_bps,240.65454545454543
2026-07-19T13:24:38+00:00,station3,throughput_in_bps,198.0181818181818
2026-07-19T13:24:53+00:00,station3,throughput_in_bps,241.09090909090907
2026-07-19T13:25:08+00:00,station3,throughput_in_bps,204.47272727272727
2026-07-19T13:25:23+00:00,station3,throughput_in_bps,235.56363636363633
2026-07-19T13:25:38+00:00,station3,throughput_in_bps,194.0181818181818
2026-07-19T13:25:53+00:00,station3,throughput_in_bps,233.9272727272727
2026-07-19T13:26:08+00:00,station3,throughput_in_bps,198.94545454545454
2026-07-19T13:26:23+00:00,station3,throughput_in_bps,236.65454545454543
2026-07-19T13:26:38+00:00,station3,throughput_in_bps,195.1090909090909
2026-07-19T13:26:53+00:00,station3,throughput_in_bps,239.89090909090908
2026-07-19T13:27:08+00:00,station3,throughput_in_bps,202.18181818181816
2026-07-19T13:27:23+00:00,station3,throughput_in_bps,242.83636363636361
2026-07-19T13:27:38+00:00,station3,throughput_in_bps,202.4181818181818
2026-07-19T13:27:53+00:00,station3,throughput_in_bps,241.78181818181818
2026-07-19T13:28:08+00:00,station3,throughput_in_bps,200.69090909090906
2026-07-19T13:28:23+00:00,station3,throughput_in_bps,240.58181818181816
2026-07-19T13:28:38+00:00,station3,throughput_in_bps,201.2181818181818
2026-07-19T13:28:53+00:00,station3,throughput_in_bps,242.47272727272727
2026-07-19T13:29:08+00:00,station3,throughput_in_bps,204.2181818181818
2026-07-19T13:29:23+00:00,station3,throughput_in_bps,238.1090909090909
2026-07-19T13:29:38+00:00,station3,throughput_in_bps,197.65454545454543
2026-07-19T13:29:53+00:00,station3,throughput_in_bps,236.43636363636364
2026-07-19T13:30:08+00:00,station3,throughput_in_bps,201.16363636363633
2026-07-19T13:30:23+00:00,station3,throughput_in_bps,263.16363636363633
2026-07-19T13:30:38+00:00,station3,throughput_in_bps,220.5272727272727
2026-07-19T13:30:53+00:00,station3,throughput_in_bps,254.54545454545453
2026-07-19T13:31:08+00:00,station3,throughput_in_bps,196.4
2026-07-19T13:31:23+00:00,station3,throughput_in_bps,235.45454545454544
2026-07-19T13:31:38+00:00,station3,throughput_in_bps,195.0
2026-07-19T13:31:53+00:00,station3,throughput_in_bps,238.54545454545453
2026-07-19T13:32:08+00:00,station3,throughput_in_bps,196.9090909090909
2026-07-19T13:32:23+00:00,station3,throughput_in_bps,237.67272727272726
2026-07-19T13:32:38+00:00,station3,throughput_in_bps,193.8
2026-07-19T13:32:53+00:00,station3,throughput_in_bps,233.16363636363633
2026-07-19T13:33:08+00:00,station3,throughput_in_bps,195.45454545454544
2026-07-19T13:33:23+00:00,station3,throughput_in_bps,231.3090909090909
2026-07-19T13:33:38+00:00,station3,throughput_in_bps,192.05454545454543
2026-07-19T13:33:53+00:00,station3,throughput_in_bps,231.4181818181818
2026-07-19T13:34:08+00:00,station3,throughput_in_bps,193.49090909090907
2026-07-19T13:34:23+00:00,station3,throughput_in_bps,232.47272727272727
2026-07-19T13:34:38+00:00,station3,throughput_in_bps,196.2
2026-07-19T13:34:53+00:00,station3,throughput_in_bps,233.99999999999997
2026-07-19T13:35:08+00:00,station3,throughput_in_bps,195.45454545454544
2026-07-19T13:35:23+00:00,station3,throughput_in_bps,236.65454545454543
2026-07-19T13:35:38+00:00,station3,throughput_in_bps,195.18181818181816
2026-07-19T13:35:53+00:00,station3,throughput_in_bps,243.69090909090906
2026-07-19T13:36:08+00:00,station3,throughput_in_bps,202.49090909090907
2026-07-19T13:36:23+00:00,station3,throughput_in_bps,242.59999999999997
2026-07-19T13:36:38+00:00,station3,throughput_in_bps,203.25454545454542
2026-07-19T13:36:53+00:00,station3,throughput_in_bps,235.56363636363633
2026-07-19T13:37:08+00:00,station3,throughput_in_bps,196.54545454545453
2026-07-19T13:37:23+00:00,station3,throughput_in_bps,233.56363636363633
2026-07-19T13:37:38+00:00,station3,throughput_in_bps,184.0181818181818
2026-07-19T13:37:53+00:00,station3,throughput_in_bps,238.38181818181818
2026-07-19T13:38:08+00:00,station3,throughput_in_bps,195.0
2026-07-19T13:38:23+00:00,station3,throughput_in_bps,243.14545454545453
2026-07-19T13:38:38+00:00,station3,throughput_in_bps,210.1272727272727
2026-07-19T13:38:53+00:00,station3,throughput_in_bps,243.0181818181818
2026-07-19T13:39:08+00:00,station3,throughput_in_bps,204.47272727272727
2026-07-19T13:39:23+00:00,station3,throughput_in_bps,240.25454545454542
2026-07-19T13:39:38+00:00,station3,throughput_in_bps,196.2
2026-07-19T13:39:53+00:00,station3,throughput_in_bps,233.9272727272727
2026-07-19T13:40:08+00:00,station3,throughput_in_bps,195.45454545454544
2026-07-19T13:40:23+00:00,station3,throughput_in_bps,233.38181818181818
2026-07-19T13:40:38+00:00,station3,throughput_in_bps,194.0181818181818
2026-07-19T13:40:53+00:00,station3,throughput_in_bps,233.38181818181818
2026-07-19T13:41:08+00:00,station3,throughput_in_bps,191.3090909090909
2026-07-19T13:41:23+00:00,station3,throughput_in_bps,230.3272727272727
2026-07-19T13:41:38+00:00,station3,throughput_in_bps,190.96363636363634
2026-07-19T13:41:53+00:00,station3,throughput_in_bps,230.3272727272727
2026-07-19T13:42:08+00:00,station3,throughput_in_bps,192.7272727272727
2026-07-19T13:42:23+00:00,station3,throughput_in_bps,238.79999999999998
2026-07-19T13:42:38+00:00,station3,throughput_in_bps,197.87272727272727
2026-07-19T13:42:53+00:00,station3,throughput_in_bps,238.43636363636364
2026-07-19T13:43:08+00:00,station3,throughput_in_bps,194.54545454545453
2026-07-19T13:43:23+00:00,station3,throughput_in_bps,240.1090909090909
2026-07-19T13:43:38+00:00,station3,throughput_in_bps,201.1090909090909
2026-07-19T13:43:53+00:00,station3,throughput_in_bps,240.47272727272727
2026-07-19T13:44:08+00:00,station3,throughput_in_bps,198.25454545454542
2026-07-19T13:44:23+00:00,station3,throughput_in_bps,235.78181818181818
2026-07-19T13:44:38+00:00,station3,throughput_in_bps,196.4181818181818
2026-07-19T13:44:53+00:00,station3,throughput_in_bps,235.78181818181818
2026-07-19T13:45:08+00:00,station3,throughput_in_bps,196.76363636363632
2026-07-19T13:45:23+00:00,station3,throughput_in_bps,234.47272727272727
2026-07-19T13:45:38+00:00,station3,throughput_in_bps,198.34545454545454
2026-07-19T13:45:53+00:00,station3,throughput_in_bps,242.14545454545453
2026-07-19T13:46:08+00:00,station3,throughput_in_bps,203.1272727272727
2026-07-19T13:46:23+00:00,station3,throughput_in_bps,240.6181818181818
2026-07-19T13:46:38+00:00,station3,throughput_in_bps,196.49090909090907
2026-07-19T13:46:53+00:00,station3,throughput_in_bps,234.65454545454543
2026-07-19T13:47:08+00:00,station3,throughput_in_bps,195.63636363636363
2026-07-19T13:47:23+00:00,station3,throughput_in_bps,234.54545454545453
2026-07-19T13:47:38+00:00,station3,throughput_in_bps,195.1090909090909
2026-07-19T13:47:53+00:00,station3,throughput_in_bps,232.94545454545454
2026-07-19T13:48:08+00:00,station3,throughput_in_bps,193.9272727272727
2026-07-19T13:48:23+00:00,station3,throughput_in_bps,231.85454545454544
2026-07-19T13:48:38+00:00,station3,throughput_in_bps,192.38181818181818
2026-07-19T13:48:53+00:00,station3,throughput_in_bps,233.38181818181818
2026-07-19T13:49:08+00:00,station3,throughput_in_bps,196.03636363636363
2026-07-19T13:49:23+00:00,station3,throughput_in_bps,239.38181818181818
2026-07-19T13:49:38+00:00,station3,throughput_in_bps,198.38181818181818
2026-07-19T13:49:53+00:00,station3,throughput_in_bps,242.29090909090908
2026-07-19T13:50:08+00:00,station3,throughput_in_bps,204.83636363636364
2026-07-19T13:50:23+00:00,station3,throughput_in_bps,240.6181818181818
2026-07-19T13:50:38+00:00,station3,throughput_in_bps,196.7090909090909
2026-07-19T13:50:53+00:00,station3,throughput_in_bps,238.9090909090909
2026-07-19T13:51:08+00:00,station3,throughput_in_bps,196.65454545454543
2026-07-19T13:51:23+00:00,station3,throughput_in_bps,234.58181818181816
2026-07-19T13:51:38+00:00,station3,throughput_in_bps,194.0181818181818
2026-07-19T13:51:53+00:00,station3,throughput_in_bps,236.07272727272726
2026-07-19T13:52:08+00:00,station3,throughput_in_bps,198.47272727272727
2026-07-19T13:52:23+00:00,station3,throughput_in_bps,244.36363636363635
2026-07-19T13:52:38+00:00,station3,throughput_in_bps,207.74545454545452
2026-07-19T13:52:53+00:00,station3,throughput_in_bps,243.2363636363636
2026-07-19T13:53:08+00:00,station3,throughput_in_bps,206.79999999999998
2026-07-19T13:53:23+00:00,station3,throughput_in_bps,234.47272727272727
2026-07-19T13:53:38+00:00,station3,throughput_in_bps,193.54545454545453
2026-07-19T13:53:53+00:00,station3,throughput_in_bps,231.27272727272728
2026-07-19T13:54:08+00:00,station3,throughput_in_bps,195.9272727272727
2026-07-19T13:54:23+00:00,station3,throughput_in_bps,234.94545454545454
2026-07-19T13:54:38+00:00,station3,throughput_in_bps,195.58181818181816
2026-07-19T13:54:53+00:00,station3,throughput_in_bps,234.94545454545454
2026-07-19T13:55:08+00:00,station3,throughput_in_bps,194.36363636363635
2026-07-19T13:55:23+00:00,station3,throughput_in_bps,235.56363636363633
2026-07-19T13:55:38+00:00,station3,throughput_in_bps,196.2
2026-07-19T13:55:53+00:00,station3,throughput_in_bps,235.56363636363633
2026-07-19T13:56:08+00:00,station3,throughput_in_bps,197.74545454545452
2026-07-19T13:56:23+00:00,station3,throughput_in_bps,236.2181818181818
2026-07-19T13:56:38+00:00,station3,throughput_in_bps,196.85454545454544
2026-07-19T13:56:53+00:00,station3,throughput_in_bps,239.05454545454543
2026-07-19T13:57:08+00:00,station3,throughput_in_bps,195.56363636363633
2026-07-19T13:57:23+00:00,station3,throughput_in_bps,238.39999999999998
2026-07-19T13:57:38+00:00,station3,throughput_in_bps,202.45454545454544
2026-07-19T13:57:53+00:00,station3,throughput_in_bps,231.5272727272727
2026-07-19T13:58:08+00:00,station3,throughput_in_bps,197.85454545454544
2026-07-19T13:58:23+00:00,station3,throughput_in_bps,231.5272727272727
2026-07-19T13:58:38+00:00,station3,throughput_in_bps,193.58181818181816
2026-07-19T13:58:53+00:00,station3,throughput_in_bps,250.79999999999998
2026-07-19T13:59:08+00:00,station3,throughput_in_bps,211.27272727272728
2026-07-19T13:59:23+00:00,station3,throughput_in_bps,248.7272727272727
2026-07-19T13:59:38+00:00,station3,throughput_in_bps,197.54545454545453
2026-07-19T13:59:53+00:00,station3,throughput_in_bps,238.1090909090909
2026-07-19T14:00:08+00:00,station3,throughput_in_bps,202.1090909090909
2026-07-19T14:00:23+00:00,station3,throughput_in_bps,239.7090909090909
2026-07-19T14:00:38+00:00,station3,throughput_in_bps,206.23636363636362
2026-07-19T14:00:53+00:00,station3,throughput_in_bps,245.59999999999997
2026-07-19T14:01:08+00:00,station3,throughput_in_bps,208.25454545454542
2026-07-19T14:01:23+00:00,station3,throughput_in_bps,247.05454545454543
2026-07-19T14:01:38+00:00,station3,throughput_in_bps,198.8181818181818
2026-07-19T14:01:53+00:00,station3,throughput_in_bps,239.38181818181818
2026-07-19T14:02:08+00:00,station3,throughput_in_bps,197.1272727272727
2026-07-19T14:02:23+00:00,station3,throughput_in_bps,236.76363636363632
2026-07-19T14:02:38+00:00,station3,throughput_in_bps,195.65454545454543
2026-07-19T14:02:53+00:00,station3,throughput_in_bps,235.74545454545452
2026-07-19T14:03:08+00:00,station3,throughput_in_bps,204.7272727272727
2026-07-19T14:03:23+00:00,station3,throughput_in_bps,234.25454545454542
2026-07-19T14:03:38+00:00,station3,throughput_in_bps,225.5090909090909
2026-07-19T14:03:53+00:00,station3,throughput_in_bps,273.52727272727276
2026-07-19T14:04:08+00:00,station3,throughput_in_bps,223.85454545454544
2026-07-19T14:04:23+00:00,station3,throughput_in_bps,270.1818181818182
2026-07-19T14:04:38+00:00,station3,throughput_in_bps,192.0181818181818
2026-07-19T14:04:53+00:00,station3,throughput_in_bps,238.69090909090906
2026-07-19T14:05:08+00:00,station3,throughput_in_bps,208.43636363636364
2026-07-19T14:05:23+00:00,station3,throughput_in_bps,239.1272727272727
2026-07-19T14:05:38+00:00,station3,throughput_in_bps,184.0181818181818
2026-07-19T14:05:53+00:00,station3,throughput_in_bps,244.25454545454542
2026-07-19T14:06:08+00:00,station3,throughput_in_bps,203.89090909090908
2026-07-19T14:06:23+00:00,station3,throughput_in_bps,248.39999999999998
2026-07-19T14:06:38+00:00,station3,throughput_in_bps,204.89090909090908
2026-07-19T14:06:53+00:00,station3,throughput_in_bps,244.65454545454543
2026-07-19T14:07:08+00:00,station3,throughput_in_bps,208.6181818181818
2026-07-19T14:07:23+00:00,station3,throughput_in_bps,242.3272727272727
2026-07-19T14:07:38+00:00,station3,throughput_in_bps,196.56363636363633
2026-07-19T14:07:53+00:00,station3,throughput_in_bps,240.18181818181816
2026-07-19T14:08:08+00:00,station3,throughput_in_bps,197.49090909090907
2026-07-19T14:08:23+00:00,station3,throughput_in_bps,236.29090909090908
2026-07-19T14:08:38+00:00,station3,throughput_in_bps,195.3272727272727
2026-07-19T14:08:53+00:00,station3,throughput_in_bps,237.74545454545452
2026-07-19T14:09:08+00:00,station3,throughput_in_bps,199.49090909090907
2026-07-19T14:09:23+00:00,station3,throughput_in_bps,239.3090909090909
2026-07-19T14:09:38+00:00,station3,throughput_in_bps,194.23636363636362
2026-07-19T14:09:53+00:00,station3,throughput_in_bps,236.65454545454543
2026-07-19T14:10:08+00:00,station3,throughput_in_bps,197.3090909090909
2026-07-19T14:10:23+00:00,station3,throughput_in_bps,236.65454545454543
2026-07-19T14:10:38+00:00,station3,throughput_in_bps,194.23636363636362
2026-07-19T14:10:53+00:00,station3,throughput_in_bps,236.65454545454543
2026-07-19T14:11:08+00:00,station3,throughput_in_bps,198.4
2026-07-19T14:11:23+00:00,station3,throughput_in_bps,225.49090909090907
2026-07-19T14:11:38+00:00,station3,throughput_in_bps,206.56363636363633
2026-07-19T14:11:53+00:00,station3,throughput_in_bps,268.76363636363635
2026-07-19T14:12:08+00:00,station3,throughput_in_bps,228.43636363636364
2026-07-19T14:12:23+00:00,station3,throughput_in_bps,281.0181818181818
2026-07-19T14:12:38+00:00,station3,throughput_in_bps,193.76363636363632
2026-07-19T14:12:53+00:00,station3,throughput_in_bps,235.09090909090907
2026-07-19T14:13:08+00:00,station3,throughput_in_bps,205.23636363636362
2026-07-19T14:13:23+00:00,station3,throughput_in_bps,253.99999999999997
2026-07-19T14:13:38+00:00,station3,throughput_in_bps,221.76363636363632
2026-07-19T14:13:53+00:00,station3,throughput_in_bps,262.6545454545454
2026-07-19T14:14:08+00:00,station3,throughput_in_bps,208.29090909090908
2026-07-19T14:14:23+00:00,station3,throughput_in_bps,243.27272727272728
2026-07-19T14:14:38+00:00,station3,throughput_in_bps,198.0181818181818
2026-07-19T14:14:53+00:00,station3,throughput_in_bps,239.99999999999997
2026-07-19T14:15:08+00:00,station3,throughput_in_bps,197.38181818181818
2026-07-19T14:15:23+00:00,station3,throughput_in_bps,238.43636363636364
2026-07-19T14:15:38+00:00,station3,throughput_in_bps,197.54545454545453
2026-07-19T14:15:53+00:00,station3,throughput_in_bps,237.34545454545454
2026-07-19T14:16:08+00:00,station3,throughput_in_bps,200.5090909090909
2026-07-19T12:05:23+00:00,station1,throughput_out_bps,10282658.818181816
2026-07-19T12:05:38+00:00,station1,throughput_out_bps,11169239.095256276
2026-07-19T12:05:53+00:00,station1,throughput_out_bps,11894396.727272727
2026-07-19T12:06:08+00:00,station1,throughput_out_bps,9661168.154626615
2026-07-19T12:06:23+00:00,station1,throughput_out_bps,11895880.8
2026-07-19T12:06:38+00:00,station1,throughput_out_bps,10710850.573667655
2026-07-19T12:06:53+00:00,station1,throughput_out_bps,11636340.497099947
2026-07-19T12:07:08+00:00,station1,throughput_out_bps,8873926.418181818
2026-07-19T12:07:23+00:00,station1,throughput_out_bps,11106525.945454543
2026-07-19T12:07:38+00:00,station1,throughput_out_bps,8871574.535008455
2026-07-19T12:07:53+00:00,station1,throughput_out_bps,12874742.38181818
2026-07-19T12:08:08+00:00,station1,throughput_out_bps,9473112.678873394
2026-07-19T12:08:23+00:00,station1,throughput_out_bps,8874517.446406167
2026-07-19T12:08:38+00:00,station1,throughput_out_bps,6640579.418181818
2026-07-19T12:08:53+00:00,station1,throughput_out_bps,8875463.118852384
2026-07-19T12:09:08+00:00,station1,throughput_out_bps,10569684.362671128
2026-07-19T12:09:23+00:00,station1,throughput_out_bps,11773591.171069616
2026-07-19T12:09:38+00:00,station1,throughput_out_bps,8878027.727272727
2026-07-19T12:09:53+00:00,station1,throughput_out_bps,11111174.818181816
2026-07-19T12:10:08+00:00,station1,throughput_out_bps,8879749.859083222
2026-07-19T12:10:23+00:00,station1,throughput_out_bps,12741529.754004473
2026-07-19T12:10:38+00:00,station1,throughput_out_bps,9600430.727272727
2026-07-19T12:10:53+00:00,station1,throughput_out_bps,11108135.127272727
2026-07-19T12:11:08+00:00,station1,throughput_out_bps,8805663.260667987
2026-07-19T12:11:23+00:00,station1,throughput_out_bps,10890525.69090909
2026-07-19T12:11:38+00:00,station1,throughput_out_bps,10874751.236363636
2026-07-19T12:11:53+00:00,station1,throughput_out_bps,10731099.525463173
2026-07-19T12:12:08+00:00,station1,throughput_out_bps,8564163.027074205
2026-07-19T12:12:23+00:00,station1,throughput_out_bps,10721158.98181818
2026-07-19T12:12:38+00:00,station1,throughput_out_bps,9955653.254545454
2026-07-19T12:12:53+00:00,station1,throughput_out_bps,11036050.47272727
2026-07-19T12:13:08+00:00,station1,throughput_out_bps,7625792.963636364
2026-07-19T12:13:23+00:00,station1,throughput_out_bps,8783779.902914386
2026-07-19T12:13:38+00:00,station1,throughput_out_bps,6586187.432955763
2026-07-19T12:13:53+00:00,station1,throughput_out_bps,9198983.999127226
2026-07-19T12:14:08+00:00,station1,throughput_out_bps,7440283.906394894
2026-07-19T12:14:23+00:00,station1,throughput_out_bps,6455862.381818181
2026-07-19T12:14:38+00:00,station1,throughput_out_bps,4296050.110002
2026-07-19T12:14:53+00:00,station1,throughput_out_bps,4955168.421244023
2026-07-19T12:15:08+00:00,station1,throughput_out_bps,5308722.018181818
2026-07-19T12:15:23+00:00,station1,throughput_out_bps,6345355.5636363635
2026-07-19T12:15:38+00:00,station1,throughput_out_bps,4565847.917386324
2026-07-19T12:15:53+00:00,station1,throughput_out_bps,5689399.381818181
2026-07-19T12:16:08+00:00,station1,throughput_out_bps,4030974.39860356
2026-07-19T12:16:23+00:00,station1,throughput_out_bps,4797101.145454545
2026-07-19T12:16:38+00:00,station1,throughput_out_bps,3501242.7999999993
2026-07-19T12:16:53+00:00,station1,throughput_out_bps,3251024.2
2026-07-19T12:17:08+00:00,station1,throughput_out_bps,2591960.090909091
2026-07-19T12:17:23+00:00,station1,throughput_out_bps,3251141.309090909
2026-07-19T12:17:38+00:00,station1,throughput_out_bps,3295397.5636363635
2026-07-19T12:17:53+00:00,station1,throughput_out_bps,2811107.547409953
2026-07-19T12:18:08+00:00,station1,throughput_out_bps,1674814.7535320108
2026-07-19T12:18:23+00:00,station1,throughput_out_bps,1379305.3454545452
2026-07-19T12:18:38+00:00,station1,throughput_out_bps,747954.2363636363
2026-07-19T12:18:53+00:00,station1,throughput_out_bps,1088554.0081089435
2026-07-19T12:19:08+00:00,station1,throughput_out_bps,725285.1428259723
2026-07-19T12:19:23+00:00,station1,throughput_out_bps,896652.6244977363
2026-07-19T12:19:38+00:00,station1,throughput_out_bps,714881.9272727272
2026-07-19T12:19:53+00:00,station1,throughput_out_bps,899018.7636363636
2026-07-19T12:20:08+00:00,station1,throughput_out_bps,909144.6260705129
2026-07-19T12:20:23+00:00,station1,throughput_out_bps,892621.4977909492
2026-07-19T12:20:38+00:00,station1,throughput_out_bps,710806.2
2026-07-19T12:20:53+00:00,station1,throughput_out_bps,892594.8221006128
2026-07-19T12:21:08+00:00,station1,throughput_out_bps,872393.8292031053
2026-07-19T12:21:23+00:00,station1,throughput_out_bps,960662.2181818181
2026-07-19T12:21:38+00:00,station1,throughput_out_bps,716613.3818181817
2026-07-19T12:21:53+00:00,station1,throughput_out_bps,898405.9198923656
2026-07-19T12:22:08+00:00,station1,throughput_out_bps,716625.8341364075
2026-07-19T12:22:23+00:00,station1,throughput_out_bps,1028751.7500954597
2026-07-19T12:22:38+00:00,station1,throughput_out_bps,803927.7649497282
2026-07-19T12:22:53+00:00,station1,throughput_out_bps,901811.9420353097
2026-07-19T12:23:08+00:00,station1,throughput_out_bps,720001.5273560376
2026-07-19T12:23:23+00:00,station1,throughput_out_bps,901790.4363636363
2026-07-19T12:23:38+00:00,station1,throughput_out_bps,909116.8384879726
2026-07-19T12:23:53+00:00,station1,throughput_out_bps,897843.6249909084
2026-07-19T12:24:08+00:00,station1,throughput_out_bps,716036.2565230831
2026-07-19T12:24:23+00:00,station1,throughput_out_bps,897806.1636363636
2026-07-19T12:24:38+00:00,station1,throughput_out_bps,799309.0363636364
2026-07-19T12:24:53+00:00,station1,throughput_out_bps,1038958.4174257715
2026-07-19T12:25:08+00:00,station1,throughput_out_bps,710438.7636363636
2026-07-19T12:25:23+00:00,station1,throughput_out_bps,892231.1678394153
2026-07-19T12:25:38+00:00,station1,throughput_out_bps,710448.0545454544
2026-07-19T12:25:53+00:00,station1,throughput_out_bps,934653.3098194645
2026-07-19T12:26:08+00:00,station1,throughput_out_bps,879152.3636363635
2026-07-19T12:26:23+00:00,station1,throughput_out_bps,892074.8559064711
2026-07-19T12:26:38+00:00,station1,throughput_out_bps,710222.4181818181
2026-07-19T12:26:53+00:00,station1,throughput_out_bps,901566.0260722531
2026-07-19T12:27:08+00:00,station1,throughput_out_bps,909139.6621633907
2026-07-19T12:27:23+00:00,station1,throughput_out_bps,910788.9387851573
2026-07-19T12:27:38+00:00,station1,throughput_out_bps,700833.857566226
2026-07-19T12:27:53+00:00,station1,throughput_out_bps,4805491.609243468
2026-07-19T12:28:08+00:00,station1,throughput_out_bps,6677409.495063367
2026-07-19T12:28:23+00:00,station1,throughput_out_bps,11145143.181818182
2026-07-19T12:28:38+00:00,station1,throughput_out_bps,9324187.231798677
2026-07-19T12:28:53+00:00,station1,throughput_out_bps,8762800.836363636
2026-07-19T12:29:08+00:00,station1,throughput_out_bps,6527008.708932565
2026-07-19T12:29:23+00:00,station1,throughput_out_bps,8760466.727272727
2026-07-19T12:29:38+00:00,station1,throughput_out_bps,10610171.8
2026-07-19T12:29:53+00:00,station1,throughput_out_bps,11735157.418181816
2026-07-19T12:30:08+00:00,station1,throughput_out_bps,8874647.362583414
2026-07-19T12:30:23+00:00,station1,throughput_out_bps,11107207.578044035
2026-07-19T12:30:38+00:00,station1,throughput_out_bps,8874288.927272728
2026-07-19T12:30:53+00:00,station1,throughput_out_bps,12778684.163636362
2026-07-19T12:31:08+00:00,station1,throughput_out_bps,9572733.763636362
2026-07-19T12:31:23+00:00,station1,throughput_out_bps,8883702.854545454
2026-07-19T12:31:38+00:00,station1,throughput_out_bps,6649269.122379593
2026-07-19T12:31:53+00:00,station1,throughput_out_bps,8885980.872727271
2026-07-19T12:32:08+00:00,station1,throughput_out_bps,10486142.38181818
2026-07-19T12:32:23+00:00,station1,throughput_out_bps,12471818.09090909
2026-07-19T12:32:38+00:00,station1,throughput_out_bps,8847057.837415226
2026-07-19T12:32:53+00:00,station1,throughput_out_bps,10319736.581818182
2026-07-19T12:33:08+00:00,station1,throughput_out_bps,8083859.179257805
2026-07-19T12:33:23+00:00,station1,throughput_out_bps,11256017.363320667
2026-07-19T12:33:38+00:00,station1,throughput_out_bps,11171118.688751113
2026-07-19T12:33:53+00:00,station1,throughput_out_bps,9705261.967529045
2026-07-19T12:34:08+00:00,station1,throughput_out_bps,6653215.381818181
2026-07-19T12:34:23+00:00,station1,throughput_out_bps,8888420.109090907
2026-07-19T12:34:38+00:00,station1,throughput_out_bps,8119684.454545454
2026-07-19T12:34:53+00:00,station1,throughput_out_bps,12585548.882706959
2026-07-19T12:35:08+00:00,station1,throughput_out_bps,9755446.545454543
2026-07-19T12:35:23+00:00,station1,throughput_out_bps,11107322.945454543
2026-07-19T12:35:38+00:00,station1,throughput_out_bps,8875031.872727271
2026-07-19T12:35:53+00:00,station1,throughput_out_bps,11109642.6
2026-07-19T12:36:08+00:00,station1,throughput_out_bps,11171604.687528409
2026-07-19T12:36:23+00:00,station1,throughput_out_bps,11110194.378284032
2026-07-19T12:36:38+00:00,station1,throughput_out_bps,8875373.2
2026-07-19T12:36:53+00:00,station1,throughput_out_bps,11000240.213814294
2026-07-19T12:37:08+00:00,station1,throughput_out_bps,10037507.072727272
2026-07-19T12:37:23+00:00,station1,throughput_out_bps,11884741.291542433
2026-07-19T12:37:38+00:00,station1,throughput_out_bps,8564288.018181818
2026-07-19T12:37:53+00:00,station1,throughput_out_bps,10723537.890909089
2026-07-19T12:38:08+00:00,station1,throughput_out_bps,8567377.700196378
2026-07-19T12:38:23+00:00,station1,throughput_out_bps,11904505.07272727
2026-07-19T12:38:38+00:00,station1,throughput_out_bps,9734035.838318454
2026-07-19T12:38:53+00:00,station1,throughput_out_bps,8340788.65838803
2026-07-19T12:39:08+00:00,station1,throughput_out_bps,6182971.6
2026-07-19T12:39:23+00:00,station1,throughput_out_bps,7617081.436363636
2026-07-19T12:39:38+00:00,station1,throughput_out_bps,8265835.397007219
2026-07-19T12:39:53+00:00,station1,throughput_out_bps,10449407.436363636
2026-07-19T12:40:08+00:00,station1,throughput_out_bps,7084239.636363636
2026-07-19T12:40:23+00:00,station1,throughput_out_bps,8831650.927272728
2026-07-19T12:40:38+00:00,station1,throughput_out_bps,7082206.367388498
2026-07-19T12:40:53+00:00,station1,throughput_out_bps,9380342.163636362
2026-07-19T12:41:08+00:00,station1,throughput_out_bps,8167924.672727272
2026-07-19T12:41:23+00:00,station1,throughput_out_bps,8444533.472727273
2026-07-19T12:41:38+00:00,station1,throughput_out_bps,6695763.745454545
2026-07-19T12:41:53+00:00,station1,throughput_out_bps,7626447.345454545
2026-07-19T12:42:08+00:00,station1,throughput_out_bps,7520289.852173755
2026-07-19T12:42:23+00:00,station1,throughput_out_bps,6948287.109090908
2026-07-19T12:42:38+00:00,station1,throughput_out_bps,3910371.036363636
2026-07-19T12:42:53+00:00,station1,throughput_out_bps,5251099.109090908
2026-07-19T12:43:08+00:00,station1,throughput_out_bps,4073515.636363636
2026-07-19T12:43:23+00:00,station1,throughput_out_bps,6754031.872727272
2026-07-19T12:43:38+00:00,station1,throughput_out_bps,6699444.672727272
2026-07-19T12:43:53+00:00,station1,throughput_out_bps,6621091.363636363
2026-07-19T12:44:08+00:00,station1,throughput_out_bps,5213648.471734822
2026-07-19T12:44:23+00:00,station1,throughput_out_bps,5736259.167681764
2026-07-19T12:44:38+00:00,station1,throughput_out_bps,5329513.8
2026-07-19T12:44:53+00:00,station1,throughput_out_bps,5117525.890909091
2026-07-19T12:45:08+00:00,station1,throughput_out_bps,3695194.0691987416
2026-07-19T12:45:23+00:00,station1,throughput_out_bps,4626605.0
2026-07-19T12:45:38+00:00,station1,throughput_out_bps,3695039.291623484
2026-07-19T12:45:53+00:00,station1,throughput_out_bps,5440723.709090908
2026-07-19T12:46:08+00:00,station1,throughput_out_bps,3929260.618954106
2026-07-19T12:46:23+00:00,station1,throughput_out_bps,4622306.594425556
2026-07-19T12:46:38+00:00,station1,throughput_out_bps,3587006.1636363636
2026-07-19T12:46:53+00:00,station1,throughput_out_bps,3700649.381818182
2026-07-19T12:47:08+00:00,station1,throughput_out_bps,3327922.6181818177
2026-07-19T12:47:23+00:00,station1,throughput_out_bps,2902599.0290732556
2026-07-19T12:47:38+00:00,station1,throughput_out_bps,2074633.333939383
2026-07-19T12:47:53+00:00,station1,throughput_out_bps,2597405.7926219525
2026-07-19T12:48:08+00:00,station1,throughput_out_bps,2424303.671109333
2026-07-19T12:48:23+00:00,station1,throughput_out_bps,2841570.327272727
2026-07-19T12:48:38+00:00,station1,throughput_out_bps,2020664.236363636
2026-07-19T12:48:53+00:00,station1,throughput_out_bps,2543327.0
2026-07-19T12:49:08+00:00,station1,throughput_out_bps,1903861.5999999999
2026-07-19T12:49:23+00:00,station1,throughput_out_bps,1903197.7454545454
2026-07-19T12:49:38+00:00,station1,throughput_out_bps,1230230.4769177623
2026-07-19T12:49:53+00:00,station1,throughput_out_bps,856912.618181818
2026-07-19T12:50:08+00:00,station1,throughput_out_bps,451007.85497390764
2026-07-19T12:50:23+00:00,station1,throughput_out_bps,564606.1162524318
2026-07-19T12:50:38+00:00,station1,throughput_out_bps,568175.6577392316
2026-07-19T12:50:53+00:00,station1,throughput_out_bps,562653.2482408772
2026-07-19T12:51:08+00:00,station1,throughput_out_bps,449021.18181818177
2026-07-19T12:51:23+00:00,station1,throughput_out_bps,562683.5397007219
2026-07-19T12:51:38+00:00,station1,throughput_out_bps,472194.9489990727
2026-07-19T12:51:53+00:00,station1,throughput_out_bps,676770.6363636364
2026-07-19T12:52:08+00:00,station1,throughput_out_bps,449859.30141644087
2026-07-19T12:52:23+00:00,station1,throughput_out_bps,558446.2181818181
2026-07-19T12:52:38+00:00,station1,throughput_out_bps,444812.9636363636
2026-07-19T12:52:53+00:00,station1,throughput_out_bps,2434066.146657212
2026-07-19T12:53:08+00:00,station1,throughput_out_bps,4558993.4363636365
2026-07-19T12:53:23+00:00,station1,throughput_out_bps,6616416.740905042
2026-07-19T12:53:38+00:00,station1,throughput_out_bps,8624170.545454545
2026-07-19T12:53:53+00:00,station1,throughput_out_bps,11110207.625038635
2026-07-19T12:54:08+00:00,station1,throughput_out_bps,10995920.632034475
2026-07-19T12:54:23+00:00,station1,throughput_out_bps,11352149.373670528
2026-07-19T12:54:38+00:00,station1,throughput_out_bps,8873579.01340073
2026-07-19T12:54:53+00:00,station1,throughput_out_bps,11105409.131407168
2026-07-19T12:55:08+00:00,station1,throughput_out_bps,8872969.109090907
2026-07-19T12:55:23+00:00,station1,throughput_out_bps,13160956.363636363
2026-07-19T12:55:38+00:00,station1,throughput_out_bps,9193615.6
2026-07-19T12:55:53+00:00,station1,throughput_out_bps,9471095.327272726
2026-07-19T12:56:08+00:00,station1,throughput_out_bps,7235761.877920614
2026-07-19T12:56:23+00:00,station1,throughput_out_bps,9470873.418181816
2026-07-19T12:56:38+00:00,station1,throughput_out_bps,11171251.09090909
2026-07-19T12:56:53+00:00,station1,throughput_out_bps,11102293.58715613
2026-07-19T12:57:08+00:00,station1,throughput_out_bps,8867897.309090909
2026-07-19T12:57:23+00:00,station1,throughput_out_bps,11101813.112488864
2026-07-19T12:57:38+00:00,station1,throughput_out_bps,9045662.539318897
2026-07-19T12:57:53+00:00,station1,throughput_out_bps,13303944.982818494
2026-07-19T12:58:08+00:00,station1,throughput_out_bps,8877997.218030075
2026-07-19T12:58:23+00:00,station1,throughput_out_bps,11112490.645624625
2026-07-19T12:58:38+00:00,station1,throughput_out_bps,8875760.16437559
2026-07-19T12:58:53+00:00,station1,throughput_out_bps,11211196.6
2026-07-19T12:59:08+00:00,station1,throughput_out_bps,11136431.836363636
2026-07-19T12:59:23+00:00,station1,throughput_out_bps,8902396.509090908
2026-07-19T12:59:38+00:00,station1,throughput_out_bps,4829124.381818181
2026-07-19T12:59:53+00:00,station1,throughput_out_bps,2770201.1309296535
2026-07-19T13:00:08+00:00,station1,throughput_out_bps,647643.8117056674
2026-07-19T13:00:23+00:00,station1,throughput_out_bps,823005.309090909
2026-07-19T13:00:38+00:00,station1,throughput_out_bps,349175.2
2026-07-19T13:00:53+00:00,station1,throughput_out_bps,422027.4545454545
2026-07-19T13:01:08+00:00,station1,throughput_out_bps,333543.87272727274
2026-07-19T13:01:23+00:00,station1,throughput_out_bps,426247.0909090909
2026-07-19T13:01:38+00:00,station1,throughput_out_bps,400138.4909090909
2026-07-19T13:01:53+00:00,station1,throughput_out_bps,352226.5132093311
2026-07-19T13:02:08+00:00,station1,throughput_out_bps,208667.8727272727
2026-07-19T13:02:23+00:00,station1,throughput_out_bps,177527.43636363637
2026-07-19T13:02:38+00:00,station1,throughput_out_bps,144982.6545454545
2026-07-19T13:02:53+00:00,station1,throughput_out_bps,154330.0485445719
2026-07-19T13:03:08+00:00,station1,throughput_out_bps,121629.54545454544
2026-07-19T13:03:23+00:00,station1,throughput_out_bps,139930.8
2026-07-19T13:03:38+00:00,station1,throughput_out_bps,108249.52727272727
2026-07-19T13:03:53+00:00,station1,throughput_out_bps,133640.4
2026-07-19T13:04:08+00:00,station1,throughput_out_bps,99241.7818181818
2026-07-19T13:04:23+00:00,station1,throughput_out_bps,93226.94545454545
2026-07-19T13:04:38+00:00,station1,throughput_out_bps,61960.744740813476
2026-07-19T13:04:53+00:00,station1,throughput_out_bps,76766.52182608221
2026-07-19T13:05:08+00:00,station1,throughput_out_bps,79249.09097520179
2026-07-19T13:05:23+00:00,station1,throughput_out_bps,80714.80518536027
2026-07-19T13:05:38+00:00,station1,throughput_out_bps,66415.01818181817
2026-07-19T13:05:53+00:00,station1,throughput_out_bps,71351.01179978547
2026-07-19T13:06:08+00:00,station1,throughput_out_bps,47046.03887484772
2026-07-19T13:06:23+00:00,station1,throughput_out_bps,63229.71326751395
2026-07-19T13:06:38+00:00,station1,throughput_out_bps,38155.89090909091
2026-07-19T13:06:53+00:00,station1,throughput_out_bps,47301.56363636363
2026-07-19T13:07:08+00:00,station1,throughput_out_bps,39566.52181028056
2026-07-19T13:07:23+00:00,station1,throughput_out_bps,48766.66727269422
2026-07-19T13:07:38+00:00,station1,throughput_out_bps,45450.18181818181
2026-07-19T13:07:53+00:00,station1,throughput_out_bps,44336.67272727272
2026-07-19T13:08:08+00:00,station1,throughput_out_bps,33790.181818181816
2026-07-19T13:08:23+00:00,station1,throughput_out_bps,42516.4
2026-07-19T13:08:38+00:00,station1,throughput_out_bps,34791.70530373279
2026-07-19T13:08:53+00:00,station1,throughput_out_bps,56637.44295558263
2026-07-19T13:09:08+00:00,station1,throughput_out_bps,39970.85507536226
2026-07-19T13:09:23+00:00,station1,throughput_out_bps,49292.61818181818
2026-07-19T13:09:38+00:00,station1,throughput_out_bps,38612.516136070255
2026-07-19T13:09:53+00:00,station1,throughput_out_bps,44573.823246004766
2026-07-19T13:10:08+00:00,station1,throughput_out_bps,44646.25454545454
2026-07-19T13:10:23+00:00,station1,throughput_out_bps,45809.439828366754
2026-07-19T13:10:38+00:00,station1,throughput_out_bps,38055.89090909091
2026-07-19T13:10:53+00:00,station1,throughput_out_bps,46020.61818181818
2026-07-19T13:11:08+00:00,station1,throughput_out_bps,39450.902678035745
2026-07-19T13:11:23+00:00,station1,throughput_out_bps,50146.145454545454
2026-07-19T13:11:38+00:00,station1,throughput_out_bps,32565.999999999996
2026-07-19T13:11:53+00:00,station1,throughput_out_bps,43374.175014999724
2026-07-19T13:12:08+00:00,station1,throughput_out_bps,35878.67272727272
2026-07-19T13:12:23+00:00,station1,throughput_out_bps,46486.781818181815
2026-07-19T13:12:38+00:00,station1,throughput_out_bps,44598.67272727272
2026-07-19T13:12:53+00:00,station1,throughput_out_bps,44202.4909090909
2026-07-19T13:13:08+00:00,station1,throughput_out_bps,35494.71827784949
2026-07-19T13:13:23+00:00,station1,throughput_out_bps,39782.89090909091
2026-07-19T13:13:38+00:00,station1,throughput_out_bps,37661.01818181818
2026-07-19T13:13:53+00:00,station1,throughput_out_bps,50446.6909090909
2026-07-19T13:14:08+00:00,station1,throughput_out_bps,35184.18181818181
2026-07-19T13:14:23+00:00,station1,throughput_out_bps,46286.376611334344
2026-07-19T13:14:38+00:00,station1,throughput_out_bps,35554.842463138375
2026-07-19T13:14:53+00:00,station1,throughput_out_bps,2653117.6705878074
2026-07-19T13:15:08+00:00,station1,throughput_out_bps,4931093.220508333
2026-07-19T13:15:23+00:00,station1,throughput_out_bps,7042502.7272727275
2026-07-19T13:15:38+00:00,station1,throughput_out_bps,8875186.09090909
2026-07-19T13:15:53+00:00,station1,throughput_out_bps,11111520.009454718
2026-07-19T13:16:08+00:00,station1,throughput_out_bps,11127553.082783323
2026-07-19T13:16:23+00:00,station1,throughput_out_bps,11225562.909090908
2026-07-19T13:16:38+00:00,station1,throughput_out_bps,6757273.781818181
2026-07-19T13:16:53+00:00,station1,throughput_out_bps,8885359.781818181
2026-07-19T13:17:08+00:00,station1,throughput_out_bps,6651518.254545454
2026-07-19T13:17:23+00:00,station1,throughput_out_bps,11068523.163636362
2026-07-19T13:17:38+00:00,station1,throughput_out_bps,11174371.181818182
2026-07-19T13:17:53+00:00,station1,throughput_out_bps,12080398.218181817
2026-07-19T13:18:08+00:00,station1,throughput_out_bps,9845528.745454544
2026-07-19T13:18:23+00:00,station1,throughput_out_bps,12078668.709090909
2026-07-19T13:18:38+00:00,station1,throughput_out_bps,11172180.363636363
2026-07-19T13:18:53+00:00,station1,throughput_out_bps,11110665.745404296
2026-07-19T13:19:08+00:00,station1,throughput_out_bps,8875089.836363636
2026-07-19T13:19:23+00:00,station1,throughput_out_bps,11106543.120533848
2026-07-19T13:19:38+00:00,station1,throughput_out_bps,9185723.6
2026-07-19T13:19:53+00:00,station1,throughput_out_bps,13149210.654545454
2026-07-19T13:20:08+00:00,station1,throughput_out_bps,8860859.290909091
2026-07-19T13:20:23+00:00,station1,throughput_out_bps,11094630.329254769
2026-07-19T13:20:38+00:00,station1,throughput_out_bps,8861961.30627682
2026-07-19T13:20:53+00:00,station1,throughput_out_bps,11344772.218181817
2026-07-19T13:21:08+00:00,station1,throughput_out_bps,10991943.836363636
2026-07-19T13:21:23+00:00,station1,throughput_out_bps,11104557.0
2026-07-19T13:21:38+00:00,station1,throughput_out_bps,8872813.690909091
2026-07-19T13:21:53+00:00,station1,throughput_out_bps,11108064.692085313
2026-07-19T13:22:08+00:00,station1,throughput_out_bps,11171076.07272727
2026-07-19T13:22:23+00:00,station1,throughput_out_bps,11067943.109090907
2026-07-19T13:22:38+00:00,station1,throughput_out_bps,6647638.036363635
2026-07-19T13:22:53+00:00,station1,throughput_out_bps,8879379.399999999
2026-07-19T13:23:08+00:00,station1,throughput_out_bps,6309436.846602788
2026-07-19T13:23:23+00:00,station1,throughput_out_bps,6541318.4
2026-07-19T13:23:38+00:00,station1,throughput_out_bps,4365147.270049635
2026-07-19T13:23:53+00:00,station1,throughput_out_bps,2252645.606443519
2026-07-19T13:24:08+00:00,station1,throughput_out_bps,452528.13789843087
2026-07-19T13:24:23+00:00,station1,throughput_out_bps,516597.9636363636
2026-07-19T13:24:38+00:00,station1,throughput_out_bps,492576.23636363633
2026-07-19T13:24:53+00:00,station1,throughput_out_bps,474266.4872629416
2026-07-19T13:25:08+00:00,station1,throughput_out_bps,355454.7454545454
2026-07-19T13:25:23+00:00,station1,throughput_out_bps,354323.98181818175
2026-07-19T13:25:38+00:00,station1,throughput_out_bps,214485.63636363635
2026-07-19T13:25:53+00:00,station1,throughput_out_bps,278353.84279714175
2026-07-19T13:26:08+00:00,station1,throughput_out_bps,150294.09304947002
2026-07-19T13:26:23+00:00,station1,throughput_out_bps,167785.3818181818
2026-07-19T13:26:38+00:00,station1,throughput_out_bps,122880.51126343157
2026-07-19T13:26:53+00:00,station1,throughput_out_bps,154680.56363636363
2026-07-19T13:27:08+00:00,station1,throughput_out_bps,150900.05454545454
2026-07-19T13:27:23+00:00,station1,throughput_out_bps,150914.85299732722
2026-07-19T13:27:38+00:00,station1,throughput_out_bps,105258.22287677958
2026-07-19T13:27:53+00:00,station1,throughput_out_bps,110250.28635842985
2026-07-19T13:28:08+00:00,station1,throughput_out_bps,89463.70909090908
2026-07-19T13:28:23+00:00,station1,throughput_out_bps,98413.51975418629
2026-07-19T13:28:38+00:00,station1,throughput_out_bps,70805.81818181818
2026-07-19T13:28:53+00:00,station1,throughput_out_bps,87048.47272727272
2026-07-19T13:29:08+00:00,station1,throughput_out_bps,70980.85419734904
2026-07-19T13:29:23+00:00,station1,throughput_out_bps,93086.41818181818
2026-07-19T13:29:38+00:00,station1,throughput_out_bps,81714.36363636362
2026-07-19T13:29:53+00:00,station1,throughput_out_bps,84605.64737540683
2026-07-19T13:30:08+00:00,station1,throughput_out_bps,58888.81616029383
2026-07-19T13:30:23+00:00,station1,throughput_out_bps,70619.50217276678
2026-07-19T13:30:38+00:00,station1,throughput_out_bps,67040.72727272726
2026-07-19T13:30:53+00:00,station1,throughput_out_bps,61779.90909090909
2026-07-19T13:31:08+00:00,station1,throughput_out_bps,44473.227759495276
2026-07-19T13:31:23+00:00,station1,throughput_out_bps,61733.19999999999
2026-07-19T13:31:38+00:00,station1,throughput_out_bps,54015.96334612098
2026-07-19T13:31:53+00:00,station1,throughput_out_bps,74749.14089347079
2026-07-19T13:32:08+00:00,station1,throughput_out_bps,59997.90897685328
2026-07-19T13:32:23+00:00,station1,throughput_out_bps,59335.4060982927
2026-07-19T13:32:38+00:00,station1,throughput_out_bps,48793.74545454545
2026-07-19T13:32:53+00:00,station1,throughput_out_bps,59676.25454545454
2026-07-19T13:33:08+00:00,station1,throughput_out_bps,62321.30909090908
2026-07-19T13:33:23+00:00,station1,throughput_out_bps,62858.87272727272
2026-07-19T13:33:38+00:00,station1,throughput_out_bps,47334.75154093711
2026-07-19T13:33:53+00:00,station1,throughput_out_bps,59133.52727272727
2026-07-19T13:34:08+00:00,station1,throughput_out_bps,48768.164957451445
2026-07-19T13:34:23+00:00,station1,throughput_out_bps,3892762.622497773
2026-07-19T13:34:38+00:00,station1,throughput_out_bps,4695421.072727272
2026-07-19T13:34:53+00:00,station1,throughput_out_bps,6034653.817480953
2026-07-19T13:35:08+00:00,station1,throughput_out_bps,6659350.059200083
2026-07-19T13:35:23+00:00,station1,throughput_out_bps,8878879.95708857
2026-07-19T13:35:38+00:00,station1,throughput_out_bps,10287207.8068469
2026-07-19T13:35:53+00:00,station1,throughput_out_bps,12067774.692704923
2026-07-19T13:36:08+00:00,station1,throughput_out_bps,7599097.199999999
2026-07-19T13:36:23+00:00,station1,throughput_out_bps,8882935.38181818
2026-07-19T13:36:38+00:00,station1,throughput_out_bps,6648425.418181818
2026-07-19T13:36:53+00:00,station1,throughput_out_bps,10222516.472727273
2026-07-19T13:37:08+00:00,station1,throughput_out_bps,11173467.963636363
2026-07-19T13:37:23+00:00,station1,throughput_out_bps,11601774.581818182
2026-07-19T13:37:38+00:00,station1,throughput_out_bps,9366937.580683285
2026-07-19T13:37:53+00:00,station1,throughput_out_bps,11603623.863553712
2026-07-19T13:38:08+00:00,station1,throughput_out_bps,10646726.927272728
2026-07-19T13:38:23+00:00,station1,throughput_out_bps,13410571.636363635
2026-07-19T13:38:38+00:00,station1,throughput_out_bps,10029230.672727274
2026-07-19T13:38:53+00:00,station1,throughput_out_bps,11646729.740540737
2026-07-19T13:39:08+00:00,station1,throughput_out_bps,9411151.111838399
2026-07-19T13:39:23+00:00,station1,throughput_out_bps,11642065.327272726
2026-07-19T13:39:38+00:00,station1,throughput_out_bps,11169316.727272727
2026-07-19T13:39:53+00:00,station1,throughput_out_bps,11109459.790178003
2026-07-19T13:40:08+00:00,station1,throughput_out_bps,8875751.98181818
2026-07-19T13:40:23+00:00,station1,throughput_out_bps,11110389.745454544
2026-07-19T13:40:38+00:00,station1,throughput_out_bps,10489766.072727272
2026-07-19T13:40:53+00:00,station1,throughput_out_bps,11855234.813912474
2026-07-19T13:41:08+00:00,station1,throughput_out_bps,8876038.6
2026-07-19T13:41:23+00:00,station1,throughput_out_bps,11109759.285857135
2026-07-19T13:41:38+00:00,station1,throughput_out_bps,8875705.688780613
2026-07-19T13:41:53+00:00,station1,throughput_out_bps,12659331.272727272
2026-07-19T13:42:08+00:00,station1,throughput_out_bps,9684985.018181818
2026-07-19T13:42:23+00:00,station1,throughput_out_bps,11104136.397520045
2026-07-19T13:42:38+00:00,station1,throughput_out_bps,8826661.333430301
2026-07-19T13:42:53+00:00,station1,throughput_out_bps,11061200.07272727
2026-07-19T13:43:08+00:00,station1,throughput_out_bps,11126383.98181818
2026-07-19T13:43:23+00:00,station1,throughput_out_bps,9716662.418181816
2026-07-19T13:43:38+00:00,station1,throughput_out_bps,6821002.5636363635
2026-07-19T13:43:53+00:00,station1,throughput_out_bps,9056671.563636363
2026-07-19T13:44:08+00:00,station1,throughput_out_bps,8232476.663212059
2026-07-19T13:44:23+00:00,station1,throughput_out_bps,12699094.234650278
2026-07-19T13:44:38+00:00,station1,throughput_out_bps,9644132.318714088
2026-07-19T13:44:53+00:00,station1,throughput_out_bps,11309497.727272727
2026-07-19T13:45:08+00:00,station1,throughput_out_bps,9077622.363636363
2026-07-19T13:45:23+00:00,station1,throughput_out_bps,11312127.09090909
2026-07-19T13:45:38+00:00,station1,throughput_out_bps,11172904.998272697
2026-07-19T13:45:53+00:00,station1,throughput_out_bps,11198030.273277696
2026-07-19T13:46:08+00:00,station1,throughput_out_bps,8964350.963636363
2026-07-19T13:46:23+00:00,station1,throughput_out_bps,11198651.763636362
2026-07-19T13:46:38+00:00,station1,throughput_out_bps,10631862.272727273
2026-07-19T13:46:53+00:00,station1,throughput_out_bps,11716328.854545454
2026-07-19T13:47:08+00:00,station1,throughput_out_bps,9018112.618181817
2026-07-19T13:47:23+00:00,station1,throughput_out_bps,11252309.709090909
2026-07-19T13:47:38+00:00,station1,throughput_out_bps,9019011.036363635
2026-07-19T13:47:53+00:00,station1,throughput_out_bps,12942349.818181816
2026-07-19T13:48:08+00:00,station1,throughput_out_bps,9402279.2938567
2026-07-19T13:48:23+00:00,station1,throughput_out_bps,10959957.927272728
2026-07-19T13:48:38+00:00,station1,throughput_out_bps,8725937.364775186
2026-07-19T13:48:53+00:00,station1,throughput_out_bps,10962050.93005073
2026-07-19T13:49:08+00:00,station1,throughput_out_bps,11172357.07402222
2026-07-19T13:49:23+00:00,station1,throughput_out_bps,11003218.581818182
2026-07-19T13:49:38+00:00,station1,throughput_out_bps,8766553.050687222
2026-07-19T13:49:53+00:00,station1,throughput_out_bps,11003004.618181817
2026-07-19T13:50:08+00:00,station1,throughput_out_bps,10319895.280343246
2026-07-19T13:50:23+00:00,station1,throughput_out_bps,12017375.527272727
2026-07-19T13:50:38+00:00,station1,throughput_out_bps,8773970.49090909
2026-07-19T13:50:53+00:00,station1,throughput_out_bps,11005695.836363636
2026-07-19T13:51:08+00:00,station1,throughput_out_bps,8774857.454545455
2026-07-19T13:51:23+00:00,station1,throughput_out_bps,12391254.309090909
2026-07-19T13:51:38+00:00,station1,throughput_out_bps,9943933.927272728
2026-07-19T13:51:53+00:00,station1,throughput_out_bps,11298378.581818182
2026-07-19T13:52:08+00:00,station1,throughput_out_bps,9065437.226131385
2026-07-19T13:52:23+00:00,station1,throughput_out_bps,11302390.829257648
2026-07-19T13:52:38+00:00,station1,throughput_out_bps,11171726.986782057
2026-07-19T13:52:53+00:00,station1,throughput_out_bps,9835827.09090909
2026-07-19T13:53:08+00:00,station1,throughput_out_bps,6644692.909090908
2026-07-19T13:53:23+00:00,station1,throughput_out_bps,8879376.915943926
2026-07-19T13:53:38+00:00,station1,throughput_out_bps,7981847.581818181
2026-07-19T13:53:53+00:00,station1,throughput_out_bps,12449193.963636363
2026-07-19T13:54:08+00:00,station1,throughput_out_bps,9895555.363636363
2026-07-19T13:54:23+00:00,station1,throughput_out_bps,11108495.709090909
2026-07-19T13:54:38+00:00,station1,throughput_out_bps,8872695.830833288
2026-07-19T13:54:53+00:00,station1,throughput_out_bps,11108832.396952672
2026-07-19T13:55:08+00:00,station1,throughput_out_bps,11173203.185512464
2026-07-19T13:55:23+00:00,station1,throughput_out_bps,11989939.563636363
2026-07-19T13:55:38+00:00,station1,throughput_out_bps,9756843.527272727
2026-07-19T13:55:53+00:00,station1,throughput_out_bps,11989677.164208956
2026-07-19T13:56:08+00:00,station1,throughput_out_bps,10225874.69774376
2026-07-19T13:56:23+00:00,station1,throughput_out_bps,12314239.07272727
2026-07-19T13:56:38+00:00,station1,throughput_out_bps,8867170.181818182
2026-07-19T13:56:53+00:00,station1,throughput_out_bps,11102820.766895147
2026-07-19T13:57:08+00:00,station1,throughput_out_bps,8871212.596134616
2026-07-19T13:57:23+00:00,station1,throughput_out_bps,12192617.861493427
2026-07-19T13:57:38+00:00,station1,throughput_out_bps,10154911.636363635
2026-07-19T13:57:53+00:00,station1,throughput_out_bps,11097700.69090909
2026-07-19T13:58:08+00:00,station1,throughput_out_bps,8862224.418181818
2026-07-19T13:58:23+00:00,station1,throughput_out_bps,11096542.654545454
2026-07-19T13:58:38+00:00,station1,throughput_out_bps,11169320.872727271
2026-07-19T13:58:53+00:00,station1,throughput_out_bps,10234458.654545454
2026-07-19T13:59:08+00:00,station1,throughput_out_bps,7128750.977290496
2026-07-19T13:59:23+00:00,station1,throughput_out_bps,9363007.781676697
2026-07-19T13:59:38+00:00,station1,throughput_out_bps,8064006.199999999
2026-07-19T13:59:53+00:00,station1,throughput_out_bps,12531518.654545454
2026-07-19T14:00:08+00:00,station1,throughput_out_bps,9817758.522882234
2026-07-19T14:00:23+00:00,station1,throughput_out_bps,8867004.527355043
2026-07-19T14:00:38+00:00,station1,throughput_out_bps,6633343.272185153
2026-07-19T14:00:53+00:00,station1,throughput_out_bps,8868546.581818182
2026-07-19T14:01:08+00:00,station1,throughput_out_bps,10219611.174748631
2026-07-19T14:01:23+00:00,station1,throughput_out_bps,12121429.48566442
2026-07-19T14:01:38+00:00,station1,throughput_out_bps,8854278.504027199
2026-07-19T14:01:53+00:00,station1,throughput_out_bps,11088219.127272727
2026-07-19T14:02:08+00:00,station1,throughput_out_bps,8853407.581818182
2026-07-19T14:02:23+00:00,station1,throughput_out_bps,12368926.109090907
2026-07-19T14:02:38+00:00,station1,throughput_out_bps,9969521.709090909
2026-07-19T14:02:53+00:00,station1,throughput_out_bps,11068479.527272727
2026-07-19T14:03:08+00:00,station1,throughput_out_bps,8836699.509090908
2026-07-19T14:03:23+00:00,station1,throughput_out_bps,11070703.127272727
2026-07-19T14:03:38+00:00,station1,throughput_out_bps,11169456.699212713
2026-07-19T14:03:53+00:00,station1,throughput_out_bps,10072536.62084515
2026-07-19T14:04:08+00:00,station1,throughput_out_bps,6586430.890909091
2026-07-19T14:04:23+00:00,station1,throughput_out_bps,8819550.662715223
2026-07-19T14:04:38+00:00,station1,throughput_out_bps,7685177.882429951
2026-07-19T14:04:53+00:00,station1,throughput_out_bps,12152784.741540756
2026-07-19T14:05:08+00:00,station1,throughput_out_bps,10185126.202294588
2026-07-19T14:05:23+00:00,station1,throughput_out_bps,9062813.86808232
2026-07-19T14:05:38+00:00,station1,throughput_out_bps,6829156.745454545
2026-07-19T14:05:53+00:00,station1,throughput_out_bps,9062168.521347007
2026-07-19T14:06:08+00:00,station1,throughput_out_bps,10045379.527272727
2026-07-19T14:06:23+00:00,station1,throughput_out_bps,12291306.222270709
2026-07-19T14:06:38+00:00,station1,throughput_out_bps,9002863.046323903
2026-07-19T14:06:53+00:00,station1,throughput_out_bps,11238598.4
2026-07-19T14:07:08+00:00,station1,throughput_out_bps,9006449.745454544
2026-07-19T14:07:23+00:00,station1,throughput_out_bps,12352074.710449282
2026-07-19T14:07:38+00:00,station1,throughput_out_bps,9985782.072727272
2026-07-19T14:07:53+00:00,station1,throughput_out_bps,11048731.545454543
2026-07-19T14:08:08+00:00,station1,throughput_out_bps,8813139.290909091
2026-07-19T14:08:23+00:00,station1,throughput_out_bps,11047151.781818181
2026-07-19T14:08:38+00:00,station1,throughput_out_bps,11165906.545454543
2026-07-19T14:08:53+00:00,station1,throughput_out_bps,10991730.305619694
2026-07-19T14:09:08+00:00,station1,throughput_out_bps,8758908.799999999
2026-07-19T14:09:23+00:00,station1,throughput_out_bps,10994006.363636363
2026-07-19T14:09:38+00:00,station1,throughput_out_bps,9822626.563636363
2026-07-19T14:09:53+00:00,station1,throughput_out_bps,12501933.471517663
2026-07-19T14:10:08+00:00,station1,throughput_out_bps,8817213.418181818
2026-07-19T14:10:23+00:00,station1,throughput_out_bps,11050699.8563558
2026-07-19T14:10:38+00:00,station1,throughput_out_bps,8816660.697078235
2026-07-19T14:10:53+00:00,station1,throughput_out_bps,11953521.418181816
2026-07-19T14:11:08+00:00,station1,throughput_out_bps,10384012.580903206
2026-07-19T14:11:23+00:00,station1,throughput_out_bps,11005728.413243879
2026-07-19T14:11:38+00:00,station1,throughput_out_bps,8771555.418181818
2026-07-19T14:11:53+00:00,station1,throughput_out_bps,11004369.788541611
2026-07-19T14:12:08+00:00,station1,throughput_out_bps,11168132.0655237
2026-07-19T14:12:23+00:00,station1,throughput_out_bps,10554448.727272727
2026-07-19T14:12:38+00:00,station1,throughput_out_bps,6587349.975454991
2026-07-19T14:12:53+00:00,station1,throughput_out_bps,8823757.6
2026-07-19T14:13:08+00:00,station1,throughput_out_bps,7204591.072727272
2026-07-19T14:13:23+00:00,station1,throughput_out_bps,11671307.527272727
2026-07-19T14:13:38+00:00,station1,throughput_out_bps,10679394.072727272
2026-07-19T14:13:53+00:00,station1,throughput_out_bps,9369173.427641507
2026-07-19T14:14:08+00:00,station1,throughput_out_bps,7134851.545454545
2026-07-19T14:14:23+00:00,station1,throughput_out_bps,9370432.207858326
2026-07-19T14:14:38+00:00,station1,throughput_out_bps,9860999.818178512
2026-07-19T14:14:53+00:00,station1,throughput_out_bps,12483952.057160519
2026-07-19T14:15:08+00:00,station1,throughput_out_bps,8870649.871811189
2026-07-19T14:15:23+00:00,station1,throughput_out_bps,11103125.345454544
2026-07-19T14:15:38+00:00,station1,throughput_out_bps,8870060.781818181
2026-07-19T14:15:53+00:00,station1,throughput_out_bps,12023955.32646048
2026-07-19T14:16:08+00:00,station1,throughput_out_bps,10322240.623238733
2026-07-19T12:05:23+00:00,station2,throughput_out_bps,513197.50909090904
2026-07-19T12:05:38+00:00,station2,throughput_out_bps,556052.2545454545
2026-07-19T12:05:53+00:00,station2,throughput_out_bps,578537.909090909
2026-07-19T12:06:08+00:00,station2,throughput_out_bps,467904.5636363636
2026-07-19T12:06:23+00:00,station2,throughput_out_bps,580454.3636363635
2026-07-19T12:06:38+00:00,station2,throughput_out_bps,537355.1454545454
2026-07-19T12:06:53+00:00,station2,throughput_out_bps,583215.1818181818
2026-07-19T12:07:08+00:00,station2,throughput_out_bps,445948.8181818182
2026-07-19T12:07:23+00:00,station2,throughput_out_bps,557619.5454545454
2026-07-19T12:07:38+00:00,station2,throughput_out_bps,445522.72727272724
2026-07-19T12:07:53+00:00,station2,throughput_out_bps,645553.4545454546
2026-07-19T12:08:08+00:00,station2,throughput_out_bps,474502.69090909086
2026-07-19T12:08:23+00:00,station2,throughput_out_bps,446143.99999999994
2026-07-19T12:08:38+00:00,station2,throughput_out_bps,334225.10909090907
2026-07-19T12:08:53+00:00,station2,throughput_out_bps,446788.4909090909
2026-07-19T12:09:08+00:00,station2,throughput_out_bps,531079.9454545454
2026-07-19T12:09:23+00:00,station2,throughput_out_bps,590686.2181818181
2026-07-19T12:09:38+00:00,station2,throughput_out_bps,446239.98181818175
2026-07-19T12:09:53+00:00,station2,throughput_out_bps,557924.6909090909
2026-07-19T12:10:08+00:00,station2,throughput_out_bps,446236.18181818177
2026-07-19T12:10:23+00:00,station2,throughput_out_bps,639312.8
2026-07-19T12:10:38+00:00,station2,throughput_out_bps,481187.87272727274
2026-07-19T12:10:53+00:00,station2,throughput_out_bps,556783.2363636363
2026-07-19T12:11:08+00:00,station2,throughput_out_bps,445040.0181818182
2026-07-19T12:11:23+00:00,station2,throughput_out_bps,548475.5818181818
2026-07-19T12:11:38+00:00,station2,throughput_out_bps,548618.6909090909
2026-07-19T12:11:53+00:00,station2,throughput_out_bps,543524.8181818181
2026-07-19T12:12:08+00:00,station2,throughput_out_bps,434634.87272727274
2026-07-19T12:12:23+00:00,station2,throughput_out_bps,548162.0727272726
2026-07-19T12:12:38+00:00,station2,throughput_out_bps,506594.47272727266
2026-07-19T12:12:53+00:00,station2,throughput_out_bps,562064.9454545454
2026-07-19T12:13:08+00:00,station2,throughput_out_bps,389448.21818181814
2026-07-19T12:13:23+00:00,station2,throughput_out_bps,455423.19999999995
2026-07-19T12:13:38+00:00,station2,throughput_out_bps,345678.0545454545
2026-07-19T12:13:53+00:00,station2,throughput_out_bps,481501.43636363634
2026-07-19T12:14:08+00:00,station2,throughput_out_bps,384798.10909090907
2026-07-19T12:14:23+00:00,station2,throughput_out_bps,335794.43636363634
2026-07-19T12:14:38+00:00,station2,throughput_out_bps,228434.39999999997
2026-07-19T12:14:53+00:00,station2,throughput_out_bps,269047.19999999995
2026-07-19T12:15:08+00:00,station2,throughput_out_bps,288725.2
2026-07-19T12:15:23+00:00,station2,throughput_out_bps,342672.3818181818
2026-07-19T12:15:38+00:00,station2,throughput_out_bps,245389.58181818182
2026-07-19T12:15:53+00:00,station2,throughput_out_bps,310027.69090909086
2026-07-19T12:16:08+00:00,station2,throughput_out_bps,225294.61818181816
2026-07-19T12:16:23+00:00,station2,throughput_out_bps,269389.65454545454
2026-07-19T12:16:38+00:00,station2,throughput_out_bps,196725.6
2026-07-19T12:16:53+00:00,station2,throughput_out_bps,185396.72727272724
2026-07-19T12:17:08+00:00,station2,throughput_out_bps,146727.34545454543
2026-07-19T12:17:23+00:00,station2,throughput_out_bps,182497.7818181818
2026-07-19T12:17:38+00:00,station2,throughput_out_bps,183185.94545454544
2026-07-19T12:17:53+00:00,station2,throughput_out_bps,160764.34545454543
2026-07-19T12:18:08+00:00,station2,throughput_out_bps,98282.10909090909
2026-07-19T12:18:23+00:00,station2,throughput_out_bps,82896.27272727272
2026-07-19T12:18:38+00:00,station2,throughput_out_bps,44185.90909090909
2026-07-19T12:18:53+00:00,station2,throughput_out_bps,63678.30909090908
2026-07-19T12:19:08+00:00,station2,throughput_out_bps,43253.01818181818
2026-07-19T12:19:23+00:00,station2,throughput_out_bps,52594.454545454544
2026-07-19T12:19:38+00:00,station2,throughput_out_bps,43098.090909090904
2026-07-19T12:19:53+00:00,station2,throughput_out_bps,52648.21818181818
2026-07-19T12:20:08+00:00,station2,throughput_out_bps,52895.818181818184
2026-07-19T12:20:23+00:00,station2,throughput_out_bps,53525.19999999999
2026-07-19T12:20:38+00:00,station2,throughput_out_bps,42262.43636363636
2026-07-19T12:20:53+00:00,station2,throughput_out_bps,52615.03636363636
2026-07-19T12:21:08+00:00,station2,throughput_out_bps,51092.54545454545
2026-07-19T12:21:23+00:00,station2,throughput_out_bps,55907.18181818181
2026-07-19T12:21:38+00:00,station2,throughput_out_bps,41563.52727272727
2026-07-19T12:21:53+00:00,station2,throughput_out_bps,53568.763636363634
2026-07-19T12:22:08+00:00,station2,throughput_out_bps,42445.2
2026-07-19T12:22:23+00:00,station2,throughput_out_bps,60040.781818181815
2026-07-19T12:22:38+00:00,station2,throughput_out_bps,46965.8
2026-07-19T12:22:53+00:00,station2,throughput_out_bps,53852.99999999999
2026-07-19T12:23:08+00:00,station2,throughput_out_bps,42748.30909090909
2026-07-19T12:23:23+00:00,station2,throughput_out_bps,53673.83636363636
2026-07-19T12:23:38+00:00,station2,throughput_out_bps,53130.454545454544
2026-07-19T12:23:53+00:00,station2,throughput_out_bps,52199.92727272727
2026-07-19T12:24:08+00:00,station2,throughput_out_bps,43509.4909090909
2026-07-19T12:24:23+00:00,station2,throughput_out_bps,53080.72727272727
2026-07-19T12:24:38+00:00,station2,throughput_out_bps,46638.454545454544
2026-07-19T12:24:53+00:00,station2,throughput_out_bps,60969.67272727272
2026-07-19T12:25:08+00:00,station2,throughput_out_bps,42556.92727272727
2026-07-19T12:25:23+00:00,station2,throughput_out_bps,51996.6909090909
2026-07-19T12:25:38+00:00,station2,throughput_out_bps,42868.27272727272
2026-07-19T12:25:53+00:00,station2,throughput_out_bps,54545.472727272725
2026-07-19T12:26:08+00:00,station2,throughput_out_bps,50370.454545454544
2026-07-19T12:26:23+00:00,station2,throughput_out_bps,52895.090909090904
2026-07-19T12:26:38+00:00,station2,throughput_out_bps,41666.27272727272
2026-07-19T12:26:53+00:00,station2,throughput_out_bps,53098.4909090909
2026-07-19T12:27:08+00:00,station2,throughput_out_bps,52375.8
2026-07-19T12:27:23+00:00,station2,throughput_out_bps,53512.70909090909
2026-07-19T12:27:38+00:00,station2,throughput_out_bps,41948.29090909091
2026-07-19T12:27:53+00:00,station2,throughput_out_bps,243163.10909090907
2026-07-19T12:28:08+00:00,station2,throughput_out_bps,331953.9636363636
2026-07-19T12:28:23+00:00,station2,throughput_out_bps,552381.5454545454
2026-07-19T12:28:38+00:00,station2,throughput_out_bps,460980.3636363636
2026-07-19T12:28:53+00:00,station2,throughput_out_bps,435697.4909090909
2026-07-19T12:29:08+00:00,station2,throughput_out_bps,327140.4727272727
2026-07-19T12:29:23+00:00,station2,throughput_out_bps,440538.4909090909
2026-07-19T12:29:38+00:00,station2,throughput_out_bps,532925.9999999999
2026-07-19T12:29:53+00:00,station2,throughput_out_bps,588716.0
2026-07-19T12:30:08+00:00,station2,throughput_out_bps,445995.69090909086
2026-07-19T12:30:23+00:00,station2,throughput_out_bps,557113.2909090909
2026-07-19T12:30:38+00:00,station2,throughput_out_bps,444309.5818181818
2026-07-19T12:30:53+00:00,station2,throughput_out_bps,639008.4363636363
2026-07-19T12:31:08+00:00,station2,throughput_out_bps,477682.0909090909
2026-07-19T12:31:23+00:00,station2,throughput_out_bps,444710.90909090906
2026-07-19T12:31:38+00:00,station2,throughput_out_bps,299502.4727272727
2026-07-19T12:31:53+00:00,station2,throughput_out_bps,324857.7636363636
2026-07-19T12:32:08+00:00,station2,throughput_out_bps,361360.8545454545
2026-07-19T12:32:23+00:00,station2,throughput_out_bps,373850.0363636363
2026-07-19T12:32:38+00:00,station2,throughput_out_bps,228234.10909090907
2026-07-19T12:32:53+00:00,station2,throughput_out_bps,346851.23636363633
2026-07-19T12:33:08+00:00,station2,throughput_out_bps,321553.4727272727
2026-07-19T12:33:23+00:00,station2,throughput_out_bps,524254.8727272727
2026-07-19T12:33:38+00:00,station2,throughput_out_bps,561202.9454545454
2026-07-19T12:33:53+00:00,station2,throughput_out_bps,488138.8181818182
2026-07-19T12:34:08+00:00,station2,throughput_out_bps,335430.4
2026-07-19T12:34:23+00:00,station2,throughput_out_bps,447086.4909090909
2026-07-19T12:34:38+00:00,station2,throughput_out_bps,407710.8
2026-07-19T12:34:53+00:00,station2,throughput_out_bps,631046.0545454546
2026-07-19T12:35:08+00:00,station2,throughput_out_bps,488717.0909090909
2026-07-19T12:35:23+00:00,station2,throughput_out_bps,557717.109090909
2026-07-19T12:35:38+00:00,station2,throughput_out_bps,446450.9636363636
2026-07-19T12:35:53+00:00,station2,throughput_out_bps,558583.2
2026-07-19T12:36:08+00:00,station2,throughput_out_bps,556865.3636363636
2026-07-19T12:36:23+00:00,station2,throughput_out_bps,552949.8727272727
2026-07-19T12:36:38+00:00,station2,throughput_out_bps,440737.8909090909
2026-07-19T12:36:53+00:00,station2,throughput_out_bps,554505.0727272726
2026-07-19T12:37:08+00:00,station2,throughput_out_bps,517281.21818181814
2026-07-19T12:37:23+00:00,station2,throughput_out_bps,614683.7818181817
2026-07-19T12:37:38+00:00,station2,throughput_out_bps,446676.2909090909
2026-07-19T12:37:53+00:00,station2,throughput_out_bps,546002.2
2026-07-19T12:38:08+00:00,station2,throughput_out_bps,428830.19999999995
2026-07-19T12:38:23+00:00,station2,throughput_out_bps,591614.3818181817
2026-07-19T12:38:38+00:00,station2,throughput_out_bps,483540.69090909086
2026-07-19T12:38:53+00:00,station2,throughput_out_bps,415534.21818181814
2026-07-19T12:39:08+00:00,station2,throughput_out_bps,308391.8181818182
2026-07-19T12:39:23+00:00,station2,throughput_out_bps,381631.21818181814
2026-07-19T12:39:38+00:00,station2,throughput_out_bps,416733.72727272724
2026-07-19T12:39:53+00:00,station2,throughput_out_bps,527010.7818181817
2026-07-19T12:40:08+00:00,station2,throughput_out_bps,359930.18181818177
2026-07-19T12:40:23+00:00,station2,throughput_out_bps,444299.70909090905
2026-07-19T12:40:38+00:00,station2,throughput_out_bps,357881.7818181818
2026-07-19T12:40:53+00:00,station2,throughput_out_bps,472255.309090909
2026-07-19T12:41:08+00:00,station2,throughput_out_bps,414322.69090909086
2026-07-19T12:41:23+00:00,station2,throughput_out_bps,427134.5999999999
2026-07-19T12:41:38+00:00,station2,throughput_out_bps,335376.8
2026-07-19T12:41:53+00:00,station2,throughput_out_bps,380702.63636363635
2026-07-19T12:42:08+00:00,station2,throughput_out_bps,370409.67272727273
2026-07-19T12:42:23+00:00,station2,throughput_out_bps,346560.50909090904
2026-07-19T12:42:38+00:00,station2,throughput_out_bps,194864.10909090907
2026-07-19T12:42:53+00:00,station2,throughput_out_bps,259194.03636363632
2026-07-19T12:43:08+00:00,station2,throughput_out_bps,203238.25454545452
2026-07-19T12:43:23+00:00,station2,throughput_out_bps,335667.4727272727
2026-07-19T12:43:38+00:00,station2,throughput_out_bps,331815.7454545454
2026-07-19T12:43:53+00:00,station2,throughput_out_bps,330715.5636363636
2026-07-19T12:44:08+00:00,station2,throughput_out_bps,253358.99999999997
2026-07-19T12:44:23+00:00,station2,throughput_out_bps,281572.8909090909
2026-07-19T12:44:38+00:00,station2,throughput_out_bps,262404.1818181818
2026-07-19T12:44:53+00:00,station2,throughput_out_bps,253527.7818181818
2026-07-19T12:45:08+00:00,station2,throughput_out_bps,185639.58181818182
2026-07-19T12:45:23+00:00,station2,throughput_out_bps,231794.9090909091
2026-07-19T12:45:38+00:00,station2,throughput_out_bps,186364.14545454545
2026-07-19T12:45:53+00:00,station2,throughput_out_bps,272191.7636363636
2026-07-19T12:46:08+00:00,station2,throughput_out_bps,196346.9818181818
2026-07-19T12:46:23+00:00,station2,throughput_out_bps,230356.09090909088
2026-07-19T12:46:38+00:00,station2,throughput_out_bps,178478.09090909088
2026-07-19T12:46:53+00:00,station2,throughput_out_bps,186017.2909090909
2026-07-19T12:47:08+00:00,station2,throughput_out_bps,167075.34545454543
2026-07-19T12:47:23+00:00,station2,throughput_out_bps,149502.3818181818
2026-07-19T12:47:38+00:00,station2,throughput_out_bps,109497.45454545454
2026-07-19T12:47:53+00:00,station2,throughput_out_bps,138104.54545454544
2026-07-19T12:48:08+00:00,station2,throughput_out_bps,128148.21818181817
2026-07-19T12:48:23+00:00,station2,throughput_out_bps,151703.34545454543
2026-07-19T12:48:38+00:00,station2,throughput_out_bps,108540.3818181818
2026-07-19T12:48:53+00:00,station2,throughput_out_bps,133291.56363636363
2026-07-19T12:49:08+00:00,station2,throughput_out_bps,100256.9818181818
2026-07-19T12:49:23+00:00,station2,throughput_out_bps,103808.29090909091
2026-07-19T12:49:38+00:00,station2,throughput_out_bps,68736.3818181818
2026-07-19T12:49:53+00:00,station2,throughput_out_bps,52069.70909090909
2026-07-19T12:50:08+00:00,station2,throughput_out_bps,27901.981818181815
2026-07-19T12:50:23+00:00,station2,throughput_out_bps,34487.07272727272
2026-07-19T12:50:38+00:00,station2,throughput_out_bps,34605.29090909091
2026-07-19T12:50:53+00:00,station2,throughput_out_bps,34070.23636363636
2026-07-19T12:51:08+00:00,station2,throughput_out_bps,27863.92727272727
2026-07-19T12:51:23+00:00,station2,throughput_out_bps,34501.61818181818
2026-07-19T12:51:38+00:00,station2,throughput_out_bps,29585.181818181816
2026-07-19T12:51:53+00:00,station2,throughput_out_bps,41174.74545454545
2026-07-19T12:52:08+00:00,station2,throughput_out_bps,27923.03636363636
2026-07-19T12:52:23+00:00,station2,throughput_out_bps,34666.090909090904
2026-07-19T12:52:38+00:00,station2,throughput_out_bps,28510.163636363635
2026-07-19T12:52:53+00:00,station2,throughput_out_bps,125845.25454545455
2026-07-19T12:53:08+00:00,station2,throughput_out_bps,228224.14545454545
2026-07-19T12:53:23+00:00,station2,throughput_out_bps,331161.8181818182
2026-07-19T12:53:38+00:00,station2,throughput_out_bps,429209.5999999999
2026-07-19T12:53:53+00:00,station2,throughput_out_bps,555571.9272727272
2026-07-19T12:54:08+00:00,station2,throughput_out_bps,551546.2545454545
2026-07-19T12:54:23+00:00,station2,throughput_out_bps,569041.9636363635
2026-07-19T12:54:38+00:00,station2,throughput_out_bps,445416.7454545454
2026-07-19T12:54:53+00:00,station2,throughput_out_bps,557163.5272727272
2026-07-19T12:55:08+00:00,station2,throughput_out_bps,445303.16363636364
2026-07-19T12:55:23+00:00,station2,throughput_out_bps,659768.2545454545
2026-07-19T12:55:38+00:00,station2,throughput_out_bps,460438.72727272724
2026-07-19T12:55:53+00:00,station2,throughput_out_bps,471023.39999999997
2026-07-19T12:56:08+00:00,station2,throughput_out_bps,359241.4727272727
2026-07-19T12:56:23+00:00,station2,throughput_out_bps,471502.5999999999
2026-07-19T12:56:38+00:00,station2,throughput_out_bps,560151.5272727272
2026-07-19T12:56:53+00:00,station2,throughput_out_bps,557764.4545454545
2026-07-19T12:57:08+00:00,station2,throughput_out_bps,445593.7636363636
2026-07-19T12:57:23+00:00,station2,throughput_out_bps,557594.2909090909
2026-07-19T12:57:38+00:00,station2,throughput_out_bps,454489.5272727272
2026-07-19T12:57:53+00:00,station2,throughput_out_bps,667218.9818181818
2026-07-19T12:58:08+00:00,station2,throughput_out_bps,445823.0545454545
2026-07-19T12:58:23+00:00,station2,throughput_out_bps,549562.9999999999
2026-07-19T12:58:38+00:00,station2,throughput_out_bps,431677.9272727272
2026-07-19T12:58:53+00:00,station2,throughput_out_bps,539066.4181818182
2026-07-19T12:59:08+00:00,station2,throughput_out_bps,533765.6727272726
2026-07-19T12:59:23+00:00,station2,throughput_out_bps,426996.41818181815
2026-07-19T12:59:38+00:00,station2,throughput_out_bps,237693.32727272724
2026-07-19T12:59:53+00:00,station2,throughput_out_bps,146403.14545454545
2026-07-19T13:00:08+00:00,station2,throughput_out_bps,47913.70909090909
2026-07-19T13:00:23+00:00,station2,throughput_out_bps,63396.32727272727
2026-07-19T13:00:38+00:00,station2,throughput_out_bps,32125.45454545454
2026-07-19T13:00:53+00:00,station2,throughput_out_bps,38523.34545454545
2026-07-19T13:01:08+00:00,station2,throughput_out_bps,30298.10909090909
2026-07-19T13:01:23+00:00,station2,throughput_out_bps,37883.38181818181
2026-07-19T13:01:38+00:00,station2,throughput_out_bps,34801.6
2026-07-19T13:01:53+00:00,station2,throughput_out_bps,31434.072727272727
2026-07-19T13:02:08+00:00,station2,throughput_out_bps,19160.890909090907
2026-07-19T13:02:23+00:00,station2,throughput_out_bps,16927.236363636363
2026-07-19T13:02:38+00:00,station2,throughput_out_bps,13990.545454545452
2026-07-19T13:02:53+00:00,station2,throughput_out_bps,14672.199999999999
2026-07-19T13:03:08+00:00,station2,throughput_out_bps,12066.81818181818
2026-07-19T13:03:23+00:00,station2,throughput_out_bps,13762.70909090909
2026-07-19T13:03:38+00:00,station2,throughput_out_bps,10811.745454545453
2026-07-19T13:03:53+00:00,station2,throughput_out_bps,13232.563636363635
2026-07-19T13:04:08+00:00,station2,throughput_out_bps,9924.436363636363
2026-07-19T13:04:23+00:00,station2,throughput_out_bps,9934.672727272728
2026-07-19T13:04:38+00:00,station2,throughput_out_bps,7016.745454545454
2026-07-19T13:04:53+00:00,station2,throughput_out_bps,8553.218181818182
2026-07-19T13:05:08+00:00,station2,throughput_out_bps,8043.363636363635
2026-07-19T13:05:23+00:00,station2,throughput_out_bps,8502.90909090909
2026-07-19T13:05:38+00:00,station2,throughput_out_bps,7185.309090909091
2026-07-19T13:05:53+00:00,station2,throughput_out_bps,7893.890909090909
2026-07-19T13:06:08+00:00,station2,throughput_out_bps,5585.963636363636
2026-07-19T13:06:23+00:00,station2,throughput_out_bps,7195.981818181817
2026-07-19T13:06:38+00:00,station2,throughput_out_bps,4687.654545454545
2026-07-19T13:06:53+00:00,station2,throughput_out_bps,5891.1454545454535
2026-07-19T13:07:08+00:00,station2,throughput_out_bps,5018.436363636364
2026-07-19T13:07:23+00:00,station2,throughput_out_bps,6066.2363636363625
2026-07-19T13:07:38+00:00,station2,throughput_out_bps,5260.290909090909
2026-07-19T13:07:53+00:00,station2,throughput_out_bps,5595.963636363636
2026-07-19T13:08:08+00:00,station2,throughput_out_bps,4430.4
2026-07-19T13:08:23+00:00,station2,throughput_out_bps,5426.309090909091
2026-07-19T13:08:38+00:00,station2,throughput_out_bps,4488.236363636363
2026-07-19T13:08:53+00:00,station2,throughput_out_bps,6521.1454545454535
2026-07-19T13:09:08+00:00,station2,throughput_out_bps,4860.654545454545
2026-07-19T13:09:23+00:00,station2,throughput_out_bps,6015.672727272727
2026-07-19T13:09:38+00:00,station2,throughput_out_bps,4837.745454545454
2026-07-19T13:09:53+00:00,station2,throughput_out_bps,5616.072727272726
2026-07-19T13:10:08+00:00,station2,throughput_out_bps,5174.290909090909
2026-07-19T13:10:23+00:00,station2,throughput_out_bps,5728.672727272727
2026-07-19T13:10:38+00:00,station2,throughput_out_bps,4760.436363636364
2026-07-19T13:10:53+00:00,station2,throughput_out_bps,5760.0
2026-07-19T13:11:08+00:00,station2,throughput_out_bps,4879.090909090909
2026-07-19T13:11:23+00:00,station2,throughput_out_bps,5957.563636363636
2026-07-19T13:11:38+00:00,station2,throughput_out_bps,4275.472727272727
2026-07-19T13:11:53+00:00,station2,throughput_out_bps,5500.818181818181
2026-07-19T13:12:08+00:00,station2,throughput_out_bps,4576.127272727273
2026-07-19T13:12:23+00:00,station2,throughput_out_bps,5718.454545454545
2026-07-19T13:12:38+00:00,station2,throughput_out_bps,5182.963636363636
2026-07-19T13:12:53+00:00,station2,throughput_out_bps,5532.636363636363
2026-07-19T13:13:08+00:00,station2,throughput_out_bps,4498.6
2026-07-19T13:13:23+00:00,station2,throughput_out_bps,5156.6909090909085
2026-07-19T13:13:38+00:00,station2,throughput_out_bps,4630.072727272726
2026-07-19T13:13:53+00:00,station2,throughput_out_bps,5908.2
2026-07-19T13:14:08+00:00,station2,throughput_out_bps,4434.763636363637
2026-07-19T13:14:23+00:00,station2,throughput_out_bps,5687.8727272727265
2026-07-19T13:14:38+00:00,station2,throughput_out_bps,4476.418181818181
2026-07-19T13:14:53+00:00,station2,throughput_out_bps,128978.43636363636
2026-07-19T13:15:08+00:00,station2,throughput_out_bps,232244.59999999998
2026-07-19T13:15:23+00:00,station2,throughput_out_bps,342301.0909090909
2026-07-19T13:15:38+00:00,station2,throughput_out_bps,433030.21818181814
2026-07-19T13:15:53+00:00,station2,throughput_out_bps,551734.3818181817
2026-07-19T13:16:08+00:00,station2,throughput_out_bps,558912.8181818181
2026-07-19T13:16:23+00:00,station2,throughput_out_bps,563060.0
2026-07-19T13:16:38+00:00,station2,throughput_out_bps,339448.2
2026-07-19T13:16:53+00:00,station2,throughput_out_bps,438462.0363636363
2026-07-19T13:17:08+00:00,station2,throughput_out_bps,322219.0363636363
2026-07-19T13:17:23+00:00,station2,throughput_out_bps,534289.8909090909
2026-07-19T13:17:38+00:00,station2,throughput_out_bps,536451.1636363636
2026-07-19T13:17:53+00:00,station2,throughput_out_bps,563345.0
2026-07-19T13:18:08+00:00,station2,throughput_out_bps,459884.19999999995
2026-07-19T13:18:23+00:00,station2,throughput_out_bps,576518.5272727272
2026-07-19T13:18:38+00:00,station2,throughput_out_bps,559907.8727272727
2026-07-19T13:18:53+00:00,station2,throughput_out_bps,557866.9636363636
2026-07-19T13:19:08+00:00,station2,throughput_out_bps,444893.1272727272
2026-07-19T13:19:23+00:00,station2,throughput_out_bps,554738.1818181818
2026-07-19T13:19:38+00:00,station2,throughput_out_bps,457930.8909090909
2026-07-19T13:19:53+00:00,station2,throughput_out_bps,654365.5818181818
2026-07-19T13:20:08+00:00,station2,throughput_out_bps,442289.0545454545
2026-07-19T13:20:23+00:00,station2,throughput_out_bps,553762.5818181818
2026-07-19T13:20:38+00:00,station2,throughput_out_bps,442512.3636363636
2026-07-19T13:20:53+00:00,station2,throughput_out_bps,566130.6545454545
2026-07-19T13:21:08+00:00,station2,throughput_out_bps,547445.4363636363
2026-07-19T13:21:23+00:00,station2,throughput_out_bps,555068.6909090909
2026-07-19T13:21:38+00:00,station2,throughput_out_bps,444788.94545454544
2026-07-19T13:21:53+00:00,station2,throughput_out_bps,557295.3454545455
2026-07-19T13:22:08+00:00,station2,throughput_out_bps,560042.4727272727
2026-07-19T13:22:23+00:00,station2,throughput_out_bps,555018.9090909091
2026-07-19T13:22:38+00:00,station2,throughput_out_bps,333837.2727272727
2026-07-19T13:22:53+00:00,station2,throughput_out_bps,445208.7818181818
2026-07-19T13:23:08+00:00,station2,throughput_out_bps,317583.309090909
2026-07-19T13:23:23+00:00,station2,throughput_out_bps,337653.4545454545
2026-07-19T13:23:38+00:00,station2,throughput_out_bps,231992.36363636362
2026-07-19T13:23:53+00:00,station2,throughput_out_bps,131287.7636363636
2026-07-19T13:24:08+00:00,station2,throughput_out_bps,39306.98181818181
2026-07-19T13:24:23+00:00,station2,throughput_out_bps,44277.18181818181
2026-07-19T13:24:38+00:00,station2,throughput_out_bps,41642.27272727272
2026-07-19T13:24:53+00:00,station2,throughput_out_bps,40167.52727272727
2026-07-19T13:25:08+00:00,station2,throughput_out_bps,30512.272727272724
2026-07-19T13:25:23+00:00,station2,throughput_out_bps,30751.94545454545
2026-07-19T13:25:38+00:00,station2,throughput_out_bps,19427.30909090909
2026-07-19T13:25:53+00:00,station2,throughput_out_bps,24880.563636363637
2026-07-19T13:26:08+00:00,station2,throughput_out_bps,13956.199999999999
2026-07-19T13:26:23+00:00,station2,throughput_out_bps,15857.472727272725
2026-07-19T13:26:38+00:00,station2,throughput_out_bps,11800.30909090909
2026-07-19T13:26:53+00:00,station2,throughput_out_bps,14832.01818181818
2026-07-19T13:27:08+00:00,station2,throughput_out_bps,13917.21818181818
2026-07-19T13:27:23+00:00,station2,throughput_out_bps,14361.072727272725
2026-07-19T13:27:38+00:00,station2,throughput_out_bps,10126.41818181818
2026-07-19T13:27:53+00:00,station2,throughput_out_bps,10979.527272727273
2026-07-19T13:28:08+00:00,station2,throughput_out_bps,9014.072727272727
2026-07-19T13:28:23+00:00,station2,throughput_out_bps,9950.036363636364
2026-07-19T13:28:38+00:00,station2,throughput_out_bps,7466.181818181818
2026-07-19T13:28:53+00:00,station2,throughput_out_bps,9007.2
2026-07-19T13:29:08+00:00,station2,throughput_out_bps,7364.254545454545
2026-07-19T13:29:23+00:00,station2,throughput_out_bps,9458.672727272728
2026-07-19T13:29:38+00:00,station2,throughput_out_bps,8174.218181818182
2026-07-19T13:29:53+00:00,station2,throughput_out_bps,8909.381818181817
2026-07-19T13:30:08+00:00,station2,throughput_out_bps,6530.545454545454
2026-07-19T13:30:23+00:00,station2,throughput_out_bps,7805.254545454545
2026-07-19T13:30:38+00:00,station2,throughput_out_bps,7130.618181818181
2026-07-19T13:30:53+00:00,station2,throughput_out_bps,6884.527272727272
2026-07-19T13:31:08+00:00,station2,throughput_out_bps,5309.272727272726
2026-07-19T13:31:23+00:00,station2,throughput_out_bps,7034.927272727273
2026-07-19T13:31:38+00:00,station2,throughput_out_bps,6124.10909090909
2026-07-19T13:31:53+00:00,station2,throughput_out_bps,8007.599999999999
2026-07-19T13:32:08+00:00,station2,throughput_out_bps,6374.054545454545
2026-07-19T13:32:23+00:00,station2,throughput_out_bps,6752.1454545454535
2026-07-19T13:32:38+00:00,station2,throughput_out_bps,5579.127272727273
2026-07-19T13:32:53+00:00,station2,throughput_out_bps,6826.472727272727
2026-07-19T13:33:08+00:00,station2,throughput_out_bps,6598.10909090909
2026-07-19T13:33:23+00:00,station2,throughput_out_bps,7012.6909090909085
2026-07-19T13:33:38+00:00,station2,throughput_out_bps,5558.6
2026-07-19T13:33:53+00:00,station2,throughput_out_bps,6787.763636363637
2026-07-19T13:34:08+00:00,station2,throughput_out_bps,5650.436363636362
2026-07-19T13:34:23+00:00,station2,throughput_out_bps,189536.54545454544
2026-07-19T13:34:38+00:00,station2,throughput_out_bps,226273.99999999997
2026-07-19T13:34:53+00:00,station2,throughput_out_bps,294027.2909090909
2026-07-19T13:35:08+00:00,station2,throughput_out_bps,326405.70909090905
2026-07-19T13:35:23+00:00,station2,throughput_out_bps,443996.0727272727
2026-07-19T13:35:38+00:00,station2,throughput_out_bps,516458.6545454545
2026-07-19T13:35:53+00:00,station2,throughput_out_bps,604663.2
2026-07-19T13:36:08+00:00,station2,throughput_out_bps,381232.7636363636
2026-07-19T13:36:23+00:00,station2,throughput_out_bps,439335.14545454545
2026-07-19T13:36:38+00:00,station2,throughput_out_bps,322678.90909090906
2026-07-19T13:36:53+00:00,station2,throughput_out_bps,492240.0181818182
2026-07-19T13:37:08+00:00,station2,throughput_out_bps,536302.9636363636
2026-07-19T13:37:23+00:00,station2,throughput_out_bps,561412.6909090909
2026-07-19T13:37:38+00:00,station2,throughput_out_bps,458956.4727272727
2026-07-19T13:37:53+00:00,station2,throughput_out_bps,575141.3636363635
2026-07-19T13:38:08+00:00,station2,throughput_out_bps,533978.9090909091
2026-07-19T13:38:23+00:00,station2,throughput_out_bps,586650.8727272727
2026-07-19T13:38:38+00:00,station2,throughput_out_bps,363220.2545454545
2026-07-19T13:38:53+00:00,station2,throughput_out_bps,444074.63636363635
2026-07-19T13:39:08+00:00,station2,throughput_out_bps,331408.2
2026-07-19T13:39:23+00:00,station2,throughput_out_bps,526748.3636363636
2026-07-19T13:39:38+00:00,station2,throughput_out_bps,556196.3272727273
2026-07-19T13:39:53+00:00,station2,throughput_out_bps,554809.6545454545
2026-07-19T13:40:08+00:00,station2,throughput_out_bps,444065.72727272724
2026-07-19T13:40:23+00:00,station2,throughput_out_bps,556990.2727272727
2026-07-19T13:40:38+00:00,station2,throughput_out_bps,526749.0545454544
2026-07-19T13:40:53+00:00,station2,throughput_out_bps,594554.7818181817
2026-07-19T13:41:08+00:00,station2,throughput_out_bps,446347.3636363636
2026-07-19T13:41:23+00:00,station2,throughput_out_bps,558473.4363636363
2026-07-19T13:41:38+00:00,station2,throughput_out_bps,446310.1272727272
2026-07-19T13:41:53+00:00,station2,throughput_out_bps,635111.8181818181
2026-07-19T13:42:08+00:00,station2,throughput_out_bps,485233.34545454546
2026-07-19T13:42:23+00:00,station2,throughput_out_bps,557728.9090909091
2026-07-19T13:42:38+00:00,station2,throughput_out_bps,444850.8545454545
2026-07-19T13:42:53+00:00,station2,throughput_out_bps,559216.6
2026-07-19T13:43:08+00:00,station2,throughput_out_bps,562111.8909090909
2026-07-19T13:43:23+00:00,station2,throughput_out_bps,491962.19999999995
2026-07-19T13:43:38+00:00,station2,throughput_out_bps,345573.4
2026-07-19T13:43:53+00:00,station2,throughput_out_bps,457915.9272727272
2026-07-19T13:44:08+00:00,station2,throughput_out_bps,415652.9272727272
2026-07-19T13:44:23+00:00,station2,throughput_out_bps,639822.0909090909
2026-07-19T13:44:38+00:00,station2,throughput_out_bps,485723.79999999993
2026-07-19T13:44:53+00:00,station2,throughput_out_bps,570320.8545454546
2026-07-19T13:45:08+00:00,station2,throughput_out_bps,458332.70909090905
2026-07-19T13:45:23+00:00,station2,throughput_out_bps,571796.0363636364
2026-07-19T13:45:38+00:00,station2,throughput_out_bps,563644.2363636363
2026-07-19T13:45:53+00:00,station2,throughput_out_bps,564997.8545454546
2026-07-19T13:46:08+00:00,station2,throughput_out_bps,451574.23636363633
2026-07-19T13:46:23+00:00,station2,throughput_out_bps,563856.7454545455
2026-07-19T13:46:38+00:00,station2,throughput_out_bps,534765.4727272727
2026-07-19T13:46:53+00:00,station2,throughput_out_bps,589484.2909090909
2026-07-19T13:47:08+00:00,station2,throughput_out_bps,454062.7636363636
2026-07-19T13:47:23+00:00,station2,throughput_out_bps,566018.0181818181
2026-07-19T13:47:38+00:00,station2,throughput_out_bps,454296.4727272727
2026-07-19T13:47:53+00:00,station2,throughput_out_bps,650963.2
2026-07-19T13:48:08+00:00,station2,throughput_out_bps,473228.4727272727
2026-07-19T13:48:23+00:00,station2,throughput_out_bps,551883.7454545455
2026-07-19T13:48:38+00:00,station2,throughput_out_bps,439735.7454545454
2026-07-19T13:48:53+00:00,station2,throughput_out_bps,552053.6181818182
2026-07-19T13:49:08+00:00,station2,throughput_out_bps,561701.0545454546
2026-07-19T13:49:23+00:00,station2,throughput_out_bps,553996.6363636364
2026-07-19T13:49:38+00:00,station2,throughput_out_bps,441588.3272727272
2026-07-19T13:49:53+00:00,station2,throughput_out_bps,554040.4363636363
2026-07-19T13:50:08+00:00,station2,throughput_out_bps,519468.50909090904
2026-07-19T13:50:23+00:00,station2,throughput_out_bps,604422.9454545454
2026-07-19T13:50:38+00:00,station2,throughput_out_bps,440588.5636363636
2026-07-19T13:50:53+00:00,station2,throughput_out_bps,551823.9818181818
2026-07-19T13:51:08+00:00,station2,throughput_out_bps,439307.0909090909
2026-07-19T13:51:23+00:00,station2,throughput_out_bps,620316.4545454546
2026-07-19T13:51:38+00:00,station2,throughput_out_bps,498422.07272727264
2026-07-19T13:51:53+00:00,station2,throughput_out_bps,564336.7818181817
2026-07-19T13:52:08+00:00,station2,throughput_out_bps,451394.8181818182
2026-07-19T13:52:23+00:00,station2,throughput_out_bps,561017.618181818
2026-07-19T13:52:38+00:00,station2,throughput_out_bps,554037.0727272726
2026-07-19T13:52:53+00:00,station2,throughput_out_bps,488139.16363636364
2026-07-19T13:53:08+00:00,station2,throughput_out_bps,331491.4545454545
2026-07-19T13:53:23+00:00,station2,throughput_out_bps,445168.67272727273
2026-07-19T13:53:38+00:00,station2,throughput_out_bps,402110.4727272727
2026-07-19T13:53:53+00:00,station2,throughput_out_bps,626200.0545454546
2026-07-19T13:54:08+00:00,station2,throughput_out_bps,497166.16363636364
2026-07-19T13:54:23+00:00,station2,throughput_out_bps,558922.9272727272
2026-07-19T13:54:38+00:00,station2,throughput_out_bps,446481.6545454545
2026-07-19T13:54:53+00:00,station2,throughput_out_bps,558157.8727272727
2026-07-19T13:55:08+00:00,station2,throughput_out_bps,494101.70909090905
2026-07-19T13:55:23+00:00,station2,throughput_out_bps,458507.69090909086
2026-07-19T13:55:38+00:00,station2,throughput_out_bps,345833.70909090905
2026-07-19T13:55:53+00:00,station2,throughput_out_bps,456116.309090909
2026-07-19T13:56:08+00:00,station2,throughput_out_bps,500237.54545454547
2026-07-19T13:56:23+00:00,station2,throughput_out_bps,613219.8545454546
2026-07-19T13:56:38+00:00,station2,throughput_out_bps,442928.3636363636
2026-07-19T13:56:53+00:00,station2,throughput_out_bps,556278.9818181818
2026-07-19T13:57:08+00:00,station2,throughput_out_bps,445847.14545454545
2026-07-19T13:57:23+00:00,station2,throughput_out_bps,612516.2545454545
2026-07-19T13:57:38+00:00,station2,throughput_out_bps,509382.5272727272
2026-07-19T13:57:53+00:00,station2,throughput_out_bps,557540.9636363636
2026-07-19T13:58:08+00:00,station2,throughput_out_bps,445475.54545454547
2026-07-19T13:58:23+00:00,station2,throughput_out_bps,557532.2
2026-07-19T13:58:38+00:00,station2,throughput_out_bps,560159.1636363636
2026-07-19T13:58:53+00:00,station2,throughput_out_bps,513634.70909090905
2026-07-19T13:59:08+00:00,station2,throughput_out_bps,359388.54545454547
2026-07-19T13:59:23+00:00,station2,throughput_out_bps,472867.6545454545
2026-07-19T13:59:38+00:00,station2,throughput_out_bps,408048.43636363634
2026-07-19T13:59:53+00:00,station2,throughput_out_bps,633058.0
2026-07-19T14:00:08+00:00,station2,throughput_out_bps,495359.309090909
2026-07-19T14:00:23+00:00,station2,throughput_out_bps,448190.2909090909
2026-07-19T14:00:38+00:00,station2,throughput_out_bps,335270.0727272727
2026-07-19T14:00:53+00:00,station2,throughput_out_bps,446846.5272727272
2026-07-19T14:01:08+00:00,station2,throughput_out_bps,514015.34545454546
2026-07-19T14:01:23+00:00,station2,throughput_out_bps,608687.909090909
2026-07-19T14:01:38+00:00,station2,throughput_out_bps,445091.3636363636
2026-07-19T14:01:53+00:00,station2,throughput_out_bps,558957.0909090909
2026-07-19T14:02:08+00:00,station2,throughput_out_bps,447717.10909090907
2026-07-19T14:02:23+00:00,station2,throughput_out_bps,626385.509090909
2026-07-19T14:02:38+00:00,station2,throughput_out_bps,505497.5999999999
2026-07-19T14:02:53+00:00,station2,throughput_out_bps,561460.3818181817
2026-07-19T14:03:08+00:00,station2,throughput_out_bps,448550.4727272727
2026-07-19T14:03:23+00:00,station2,throughput_out_bps,562559.909090909
2026-07-19T14:03:38+00:00,station2,throughput_out_bps,567093.4545454546
2026-07-19T14:03:53+00:00,station2,throughput_out_bps,512386.10909090907
2026-07-19T14:04:08+00:00,station2,throughput_out_bps,336336.0181818182
2026-07-19T14:04:23+00:00,station2,throughput_out_bps,449374.43636363634
2026-07-19T14:04:38+00:00,station2,throughput_out_bps,391969.16363636364
2026-07-19T14:04:53+00:00,station2,throughput_out_bps,619509.9636363635
2026-07-19T14:05:08+00:00,station2,throughput_out_bps,519638.309090909
2026-07-19T14:05:23+00:00,station2,throughput_out_bps,463508.6545454545
2026-07-19T14:05:38+00:00,station2,throughput_out_bps,349358.72727272724
2026-07-19T14:05:53+00:00,station2,throughput_out_bps,463279.2909090909
2026-07-19T14:06:08+00:00,station2,throughput_out_bps,512657.5999999999
2026-07-19T14:06:23+00:00,station2,throughput_out_bps,627057.4363636363
2026-07-19T14:06:38+00:00,station2,throughput_out_bps,459782.4545454545
2026-07-19T14:06:53+00:00,station2,throughput_out_bps,573622.2545454545
2026-07-19T14:07:08+00:00,station2,throughput_out_bps,459333.54545454547
2026-07-19T14:07:23+00:00,station2,throughput_out_bps,629157.7272727272
2026-07-19T14:07:38+00:00,station2,throughput_out_bps,508569.54545454547
2026-07-19T14:07:53+00:00,station2,throughput_out_bps,563329.7272727272
2026-07-19T14:08:08+00:00,station2,throughput_out_bps,450363.8181818182
2026-07-19T14:08:23+00:00,station2,throughput_out_bps,564646.2545454545
2026-07-19T14:08:38+00:00,station2,throughput_out_bps,569537.2727272727
2026-07-19T14:08:53+00:00,station2,throughput_out_bps,561527.3636363635
2026-07-19T14:09:08+00:00,station2,throughput_out_bps,446977.72727272724
2026-07-19T14:09:23+00:00,station2,throughput_out_bps,560459.2181818181
2026-07-19T14:09:38+00:00,station2,throughput_out_bps,500244.0363636363
2026-07-19T14:09:53+00:00,station2,throughput_out_bps,636268.8545454546
2026-07-19T14:10:08+00:00,station2,throughput_out_bps,448969.3818181818
2026-07-19T14:10:23+00:00,station2,throughput_out_bps,562805.2181818181
2026-07-19T14:10:38+00:00,station2,throughput_out_bps,449636.1272727272
2026-07-19T14:10:53+00:00,station2,throughput_out_bps,609298.709090909
2026-07-19T14:11:08+00:00,station2,throughput_out_bps,529269.7454545455
2026-07-19T14:11:23+00:00,station2,throughput_out_bps,561680.2909090909
2026-07-19T14:11:38+00:00,station2,throughput_out_bps,447512.3818181818
2026-07-19T14:11:53+00:00,station2,throughput_out_bps,561419.9454545454
2026-07-19T14:12:08+00:00,station2,throughput_out_bps,569297.2181818181
2026-07-19T14:12:23+00:00,station2,throughput_out_bps,538143.2181818181
2026-07-19T14:12:38+00:00,station2,throughput_out_bps,336959.309090909
2026-07-19T14:12:53+00:00,station2,throughput_out_bps,451178.8909090909
2026-07-19T14:13:08+00:00,station2,throughput_out_bps,368334.8181818182
2026-07-19T14:13:23+00:00,station2,throughput_out_bps,595465.6545454545
2026-07-19T14:13:38+00:00,station2,throughput_out_bps,544508.3636363636
2026-07-19T14:13:53+00:00,station2,throughput_out_bps,477965.3818181818
2026-07-19T14:14:08+00:00,station2,throughput_out_bps,362403.4545454545
2026-07-19T14:14:23+00:00,station2,throughput_out_bps,472692.72727272724
2026-07-19T14:14:38+00:00,station2,throughput_out_bps,495176.2545454545
2026-07-19T14:14:53+00:00,station2,throughput_out_bps,625804.3818181817
2026-07-19T14:15:08+00:00,station2,throughput_out_bps,445762.8909090909
2026-07-19T14:15:23+00:00,station2,throughput_out_bps,558439.3999999999
2026-07-19T14:15:38+00:00,station2,throughput_out_bps,446844.4909090909
2026-07-19T14:15:53+00:00,station2,throughput_out_bps,605449.2181818181
2026-07-19T14:16:08+00:00,station2,throughput_out_bps,519122.8363636363
2026-07-19T12:05:23+00:00,station3,throughput_out_bps,1308.090909090909
2026-07-19T12:05:38+00:00,station3,throughput_out_bps,1088.8181818181818
2026-07-19T12:05:53+00:00,station3,throughput_out_bps,1309.581818181818
2026-07-19T12:06:08+00:00,station3,throughput_out_bps,1093.9454545454544
2026-07-19T12:06:23+00:00,station3,throughput_out_bps,1309.3272727272727
2026-07-19T12:06:38+00:00,station3,throughput_out_bps,1090.8545454545454
2026-07-19T12:06:53+00:00,station3,throughput_out_bps,1307.7636363636364
2026-07-19T12:07:08+00:00,station3,throughput_out_bps,1091.1090909090908
2026-07-19T12:07:23+00:00,station3,throughput_out_bps,1306.3090909090909
2026-07-19T12:07:38+00:00,station3,throughput_out_bps,1088.8181818181818
2026-07-19T12:07:53+00:00,station3,throughput_out_bps,1304.8181818181815
2026-07-19T12:08:08+00:00,station3,throughput_out_bps,1089.1090909090908
2026-07-19T12:08:23+00:00,station3,throughput_out_bps,1305.8545454545454
2026-07-19T12:08:38+00:00,station3,throughput_out_bps,1087.8363636363636
2026-07-19T12:08:53+00:00,station3,throughput_out_bps,1307.0363636363634
2026-07-19T12:09:08+00:00,station3,throughput_out_bps,1093.1818181818182
2026-07-19T12:09:23+00:00,station3,throughput_out_bps,1306.6909090909091
2026-07-19T12:09:38+00:00,station3,throughput_out_bps,1089.5454545454545
2026-07-19T12:09:53+00:00,station3,throughput_out_bps,1306.9636363636362
2026-07-19T12:10:08+00:00,station3,throughput_out_bps,1091.3636363636363
2026-07-19T12:10:23+00:00,station3,throughput_out_bps,1308.9454545454544
2026-07-19T12:10:38+00:00,station3,throughput_out_bps,1091.5272727272727
2026-07-19T12:10:53+00:00,station3,throughput_out_bps,1309.2363636363634
2026-07-19T12:11:08+00:00,station3,throughput_out_bps,1093.4181818181817
2026-07-19T12:11:23+00:00,station3,throughput_out_bps,1309.6
2026-07-19T12:11:38+00:00,station3,throughput_out_bps,1091.2545454545455
2026-07-19T12:11:53+00:00,station3,throughput_out_bps,1308.5454545454545
2026-07-19T12:12:08+00:00,station3,throughput_out_bps,1091.5454545454545
2026-07-19T12:12:23+00:00,station3,throughput_out_bps,1308.8727272727272
2026-07-19T12:12:38+00:00,station3,throughput_out_bps,1091.3636363636363
2026-07-19T12:12:53+00:00,station3,throughput_out_bps,1312.3636363636363
2026-07-19T12:13:08+00:00,station3,throughput_out_bps,1096.8545454545454
2026-07-19T12:13:23+00:00,station3,throughput_out_bps,1313.7454545454543
2026-07-19T12:13:38+00:00,station3,throughput_out_bps,1096.1454545454544
2026-07-19T12:13:53+00:00,station3,throughput_out_bps,1316.0181818181816
2026-07-19T12:14:08+00:00,station3,throughput_out_bps,1099.2363636363634
2026-07-19T12:14:23+00:00,station3,throughput_out_bps,1315.7272727272725
2026-07-19T12:14:38+00:00,station3,throughput_out_bps,1092.9454545454544
2026-07-19T12:14:53+00:00,station3,throughput_out_bps,1312.1272727272726
2026-07-19T12:15:08+00:00,station3,throughput_out_bps,1094.1818181818182
2026-07-19T12:15:23+00:00,station3,throughput_out_bps,1309.2181818181816
2026-07-19T12:15:38+00:00,station3,throughput_out_bps,1090.2545454545455
2026-07-19T12:15:53+00:00,station3,throughput_out_bps,1309.090909090909
2026-07-19T12:16:08+00:00,station3,throughput_out_bps,1093.5454545454545
2026-07-19T12:16:23+00:00,station3,throughput_out_bps,1309.8727272727272
2026-07-19T12:16:38+00:00,station3,throughput_out_bps,1091.6727272727271
2026-07-19T12:16:53+00:00,station3,throughput_out_bps,1307.709090909091
2026-07-19T12:17:08+00:00,station3,throughput_out_bps,1093.1818181818182
2026-07-19T12:17:23+00:00,station3,throughput_out_bps,1309.1272727272726
2026-07-19T12:17:38+00:00,station3,throughput_out_bps,1091.6909090909091
2026-07-19T12:17:53+00:00,station3,throughput_out_bps,1312.1272727272726
2026-07-19T12:18:08+00:00,station3,throughput_out_bps,1096.5272727272725
2026-07-19T12:18:23+00:00,station3,throughput_out_bps,1312.890909090909
2026-07-19T12:18:38+00:00,station3,throughput_out_bps,1093.6909090909091
2026-07-19T12:18:53+00:00,station3,throughput_out_bps,1312.4545454545453
2026-07-19T12:19:08+00:00,station3,throughput_out_bps,1094.2363636363634
2026-07-19T12:19:23+00:00,station3,throughput_out_bps,1312.0
2026-07-19T12:19:38+00:00,station3,throughput_out_bps,1091.7636363636364
2026-07-19T12:19:53+00:00,station3,throughput_out_bps,1310.1636363636362
2026-07-19T12:20:08+00:00,station3,throughput_out_bps,1093.1636363636362
2026-07-19T12:20:23+00:00,station3,throughput_out_bps,1309.9272727272726
2026-07-19T12:20:38+00:00,station3,throughput_out_bps,1092.290909090909
2026-07-19T12:20:53+00:00,station3,throughput_out_bps,1310.7636363636364
2026-07-19T12:21:08+00:00,station3,throughput_out_bps,1093.2181818181816
2026-07-19T12:21:23+00:00,station3,throughput_out_bps,1310.7636363636364
2026-07-19T12:21:38+00:00,station3,throughput_out_bps,1091.5272727272727
2026-07-19T12:21:53+00:00,station3,throughput_out_bps,1309.6909090909091
2026-07-19T12:22:08+00:00,station3,throughput_out_bps,1091.3454545454545
2026-07-19T12:22:23+00:00,station3,throughput_out_bps,1310.2363636363634
2026-07-19T12:22:38+00:00,station3,throughput_out_bps,1092.6545454545453
2026-07-19T12:22:53+00:00,station3,throughput_out_bps,1311.090909090909
2026-07-19T12:23:08+00:00,station3,throughput_out_bps,1094.8727272727272
2026-07-19T12:23:23+00:00,station3,throughput_out_bps,1311.090909090909
2026-07-19T12:23:38+00:00,station3,throughput_out_bps,1092.1272727272726
2026-07-19T12:23:53+00:00,station3,throughput_out_bps,1309.4363636363635
2026-07-19T12:24:08+00:00,station3,throughput_out_bps,1092.4727272727273
2026-07-19T12:24:23+00:00,station3,throughput_out_bps,1307.7272727272725
2026-07-19T12:24:38+00:00,station3,throughput_out_bps,1091.4727272727273
2026-07-19T12:24:53+00:00,station3,throughput_out_bps,1309.7454545454543
2026-07-19T12:25:08+00:00,station3,throughput_out_bps,1094.2363636363634
2026-07-19T12:25:23+00:00,station3,throughput_out_bps,1309.0727272727272
2026-07-19T12:25:38+00:00,station3,throughput_out_bps,1092.6363636363635
2026-07-19T12:25:53+00:00,station3,throughput_out_bps,1311.6181818181817
2026-07-19T12:26:08+00:00,station3,throughput_out_bps,1095.0181818181816
2026-07-19T12:26:23+00:00,station3,throughput_out_bps,1311.5454545454545
2026-07-19T12:26:38+00:00,station3,throughput_out_bps,1090.1272727272726
2026-07-19T12:26:53+00:00,station3,throughput_out_bps,1310.9272727272726
2026-07-19T12:27:08+00:00,station3,throughput_out_bps,1093.6727272727271
2026-07-19T12:27:23+00:00,station3,throughput_out_bps,1311.0181818181816
2026-07-19T12:27:38+00:00,station3,throughput_out_bps,1090.9090909090908
2026-07-19T12:27:53+00:00,station3,throughput_out_bps,1316.3454545454545
2026-07-19T12:28:08+00:00,station3,throughput_out_bps,1100.1636363636362
2026-07-19T12:28:23+00:00,station3,throughput_out_bps,1314.9454545454544
2026-07-19T12:28:38+00:00,station3,throughput_out_bps,1096.2
2026-07-19T12:28:53+00:00,station3,throughput_out_bps,1309.8363636363636
2026-07-19T12:29:08+00:00,station3,throughput_out_bps,1091.890909090909
2026-07-19T12:29:23+00:00,station3,throughput_out_bps,1308.5454545454545
2026-07-19T12:29:38+00:00,station3,throughput_out_bps,1095.6
2026-07-19T12:29:53+00:00,station3,throughput_out_bps,1314.9636363636362
2026-07-19T12:30:08+00:00,station3,throughput_out_bps,1100.1636363636362
2026-07-19T12:30:23+00:00,station3,throughput_out_bps,1320.3272727272727
2026-07-19T12:30:38+00:00,station3,throughput_out_bps,1097.2727272727273
2026-07-19T12:30:53+00:00,station3,throughput_out_bps,1314.2545454545455
2026-07-19T12:31:08+00:00,station3,throughput_out_bps,1095.109090909091
2026-07-19T12:31:23+00:00,station3,throughput_out_bps,1312.7636363636364
2026-07-19T12:31:38+00:00,station3,throughput_out_bps,1091.0727272727272
2026-07-19T12:31:53+00:00,station3,throughput_out_bps,1308.7818181818182
2026-07-19T12:32:08+00:00,station3,throughput_out_bps,1095.1454545454544
2026-07-19T12:32:23+00:00,station3,throughput_out_bps,1311.8181818181815
2026-07-19T12:32:38+00:00,station3,throughput_out_bps,1094.0363636363634
2026-07-19T12:32:53+00:00,station3,throughput_out_bps,1314.4727272727273
2026-07-19T12:33:08+00:00,station3,throughput_out_bps,1093.4
2026-07-19T12:33:23+00:00,station3,throughput_out_bps,1352.9272727272726
2026-07-19T12:33:38+00:00,station3,throughput_out_bps,1134.7818181818182
2026-07-19T12:33:53+00:00,station3,throughput_out_bps,1352.9454545454544
2026-07-19T12:34:08+00:00,station3,throughput_out_bps,1126.9454545454544
2026-07-19T12:34:23+00:00,station3,throughput_out_bps,1317.3636363636363
2026-07-19T12:34:38+00:00,station3,throughput_out_bps,1091.4363636363637
2026-07-19T12:34:53+00:00,station3,throughput_out_bps,1309.381818181818
2026-07-19T12:35:08+00:00,station3,throughput_out_bps,1087.0181818181818
2026-07-19T12:35:23+00:00,station3,throughput_out_bps,1306.4363636363635
2026-07-19T12:35:38+00:00,station3,throughput_out_bps,1088.7272727272727
2026-07-19T12:35:53+00:00,station3,throughput_out_bps,1305.6727272727271
2026-07-19T12:36:08+00:00,station3,throughput_out_bps,1087.5636363636363
2026-07-19T12:36:23+00:00,station3,throughput_out_bps,1304.8181818181815
2026-07-19T12:36:38+00:00,station3,throughput_out_bps,1088.4181818181817
2026-07-19T12:36:53+00:00,station3,throughput_out_bps,1306.2181818181816
2026-07-19T12:37:08+00:00,station3,throughput_out_bps,1087.509090909091
2026-07-19T12:37:23+00:00,station3,throughput_out_bps,1309.490909090909
2026-07-19T12:37:38+00:00,station3,throughput_out_bps,1092.6181818181817
2026-07-19T12:37:53+00:00,station3,throughput_out_bps,1312.2
2026-07-19T12:38:08+00:00,station3,throughput_out_bps,1093.909090909091
2026-07-19T12:38:23+00:00,station3,throughput_out_bps,1313.4545454545453
2026-07-19T12:38:38+00:00,station3,throughput_out_bps,1094.2
2026-07-19T12:38:53+00:00,station3,throughput_out_bps,1312.909090909091
2026-07-19T12:39:08+00:00,station3,throughput_out_bps,1093.890909090909
2026-07-19T12:39:23+00:00,station3,throughput_out_bps,1309.3636363636363
2026-07-19T12:39:38+00:00,station3,throughput_out_bps,1091.9454545454544
2026-07-19T12:39:53+00:00,station3,throughput_out_bps,1311.1636363636362
2026-07-19T12:40:08+00:00,station3,throughput_out_bps,1093.1636363636362
2026-07-19T12:40:23+00:00,station3,throughput_out_bps,1310.6181818181817
2026-07-19T12:40:38+00:00,station3,throughput_out_bps,1089.5454545454545
2026-07-19T12:40:53+00:00,station3,throughput_out_bps,1307.909090909091
2026-07-19T12:41:08+00:00,station3,throughput_out_bps,1090.5636363636363
2026-07-19T12:41:23+00:00,station3,throughput_out_bps,1309.0181818181816
2026-07-19T12:41:38+00:00,station3,throughput_out_bps,1092.509090909091
2026-07-19T12:41:53+00:00,station3,throughput_out_bps,1313.9818181818182
2026-07-19T12:42:08+00:00,station3,throughput_out_bps,1095.9454545454544
2026-07-19T12:42:23+00:00,station3,throughput_out_bps,1314.6727272727271
2026-07-19T12:42:38+00:00,station3,throughput_out_bps,1091.0545454545454
2026-07-19T12:42:53+00:00,station3,throughput_out_bps,1310.2363636363634
2026-07-19T12:43:08+00:00,station3,throughput_out_bps,1092.490909090909
2026-07-19T12:43:23+00:00,station3,throughput_out_bps,1309.890909090909
2026-07-19T12:43:38+00:00,station3,throughput_out_bps,1090.7272727272727
2026-07-19T12:43:53+00:00,station3,throughput_out_bps,1311.0181818181816
2026-07-19T12:44:08+00:00,station3,throughput_out_bps,1092.3454545454545
2026-07-19T12:44:23+00:00,station3,throughput_out_bps,1310.4363636363635
2026-07-19T12:44:38+00:00,station3,throughput_out_bps,1092.290909090909
2026-07-19T12:44:53+00:00,station3,throughput_out_bps,1310.1454545454544
2026-07-19T12:45:08+00:00,station3,throughput_out_bps,1092.8
2026-07-19T12:45:23+00:00,station3,throughput_out_bps,1309.7818181818182
2026-07-19T12:45:38+00:00,station3,throughput_out_bps,1089.381818181818
2026-07-19T12:45:53+00:00,station3,throughput_out_bps,1307.8
2026-07-19T12:46:08+00:00,station3,throughput_out_bps,1091.090909090909
2026-07-19T12:46:23+00:00,station3,throughput_out_bps,1308.109090909091
2026-07-19T12:46:38+00:00,station3,throughput_out_bps,1089.8545454545454
2026-07-19T12:46:53+00:00,station3,throughput_out_bps,1308.4181818181817
2026-07-19T12:47:08+00:00,station3,throughput_out_bps,1090.3636363636363
2026-07-19T12:47:23+00:00,station3,throughput_out_bps,1307.6363636363635
2026-07-19T12:47:38+00:00,station3,throughput_out_bps,1088.4727272727273
2026-07-19T12:47:53+00:00,station3,throughput_out_bps,1306.4363636363635
2026-07-19T12:48:08+00:00,station3,throughput_out_bps,1089.6181818181817
2026-07-19T12:48:23+00:00,station3,throughput_out_bps,1307.8727272727272
2026-07-19T12:48:38+00:00,station3,throughput_out_bps,1090.1454545454544
2026-07-19T12:48:53+00:00,station3,throughput_out_bps,1309.4181818181817
2026-07-19T12:49:08+00:00,station3,throughput_out_bps,1092.6
2026-07-19T12:49:23+00:00,station3,throughput_out_bps,1311.3636363636363
2026-07-19T12:49:38+00:00,station3,throughput_out_bps,1092.3272727272727
2026-07-19T12:49:53+00:00,station3,throughput_out_bps,1310.1454545454544
2026-07-19T12:50:08+00:00,station3,throughput_out_bps,1092.0363636363636
2026-07-19T12:50:23+00:00,station3,throughput_out_bps,1309.490909090909
2026-07-19T12:50:38+00:00,station3,throughput_out_bps,1091.3999999999999
2026-07-19T12:50:53+00:00,station3,throughput_out_bps,1311.0181818181816
2026-07-19T12:51:08+00:00,station3,throughput_out_bps,1093.8363636363636
2026-07-19T12:51:23+00:00,station3,throughput_out_bps,1308.4727272727273
2026-07-19T12:51:38+00:00,station3,throughput_out_bps,1093.2181818181816
2026-07-19T12:51:53+00:00,station3,throughput_out_bps,1311.4181818181817
2026-07-19T12:52:08+00:00,station3,throughput_out_bps,1094.4545454545453
2026-07-19T12:52:23+00:00,station3,throughput_out_bps,1312.509090909091
2026-07-19T12:52:38+00:00,station3,throughput_out_bps,1095.7272727272725
2026-07-19T12:52:53+00:00,station3,throughput_out_bps,1314.6727272727271
2026-07-19T12:53:08+00:00,station3,throughput_out_bps,1097.381818181818
2026-07-19T12:53:23+00:00,station3,throughput_out_bps,1318.5636363636363
2026-07-19T12:53:38+00:00,station3,throughput_out_bps,1097.509090909091
2026-07-19T12:53:53+00:00,station3,throughput_out_bps,1315.1454545454544
2026-07-19T12:54:08+00:00,station3,throughput_out_bps,1098.4181818181817
2026-07-19T12:54:23+00:00,station3,throughput_out_bps,1310.3090909090909
2026-07-19T12:54:38+00:00,station3,throughput_out_bps,1094.3636363636363
2026-07-19T12:54:53+00:00,station3,throughput_out_bps,1327.3636363636363
2026-07-19T12:55:08+00:00,station3,throughput_out_bps,1139.5272727272725
2026-07-19T12:55:23+00:00,station3,throughput_out_bps,1353.9272727272726
2026-07-19T12:55:38+00:00,station3,throughput_out_bps,1132.0
2026-07-19T12:55:53+00:00,station3,throughput_out_bps,1339.0
2026-07-19T12:56:08+00:00,station3,throughput_out_bps,1093.4545454545453
2026-07-19T12:56:23+00:00,station3,throughput_out_bps,1312.3636363636363
2026-07-19T12:56:38+00:00,station3,throughput_out_bps,1089.7090909090907
2026-07-19T12:56:53+00:00,station3,throughput_out_bps,1307.8181818181815
2026-07-19T12:57:08+00:00,station3,throughput_out_bps,1086.7090909090907
2026-07-19T12:57:23+00:00,station3,throughput_out_bps,1304.0363636363634
2026-07-19T12:57:38+00:00,station3,throughput_out_bps,1086.3272727272727
2026-07-19T12:57:53+00:00,station3,throughput_out_bps,1303.9272727272726
2026-07-19T12:58:08+00:00,station3,throughput_out_bps,1087.2727272727273
2026-07-19T12:58:23+00:00,station3,throughput_out_bps,1306.2181818181816
2026-07-19T12:58:38+00:00,station3,throughput_out_bps,1088.4545454545453
2026-07-19T12:58:53+00:00,station3,throughput_out_bps,1304.6
2026-07-19T12:59:08+00:00,station3,throughput_out_bps,1088.7454545454543
2026-07-19T12:59:23+00:00,station3,throughput_out_bps,1305.0181818181816
2026-07-19T12:59:38+00:00,station3,throughput_out_bps,1089.4181818181817
2026-07-19T12:59:53+00:00,station3,throughput_out_bps,1309.090909090909
2026-07-19T13:00:08+00:00,station3,throughput_out_bps,1093.7272727272725
2026-07-19T13:00:23+00:00,station3,throughput_out_bps,1311.490909090909
2026-07-19T13:00:38+00:00,station3,throughput_out_bps,1090.9818181818182
2026-07-19T13:00:53+00:00,station3,throughput_out_bps,1311.909090909091
2026-07-19T13:01:08+00:00,station3,throughput_out_bps,1098.9818181818182
2026-07-19T13:01:23+00:00,station3,throughput_out_bps,1317.4545454545453
2026-07-19T13:01:38+00:00,station3,throughput_out_bps,1097.890909090909
2026-07-19T13:01:53+00:00,station3,throughput_out_bps,1317.109090909091
2026-07-19T13:02:08+00:00,station3,throughput_out_bps,1094.4727272727273
2026-07-19T13:02:23+00:00,station3,throughput_out_bps,1316.5636363636363
2026-07-19T13:02:38+00:00,station3,throughput_out_bps,1100.8181818181815
2026-07-19T13:02:53+00:00,station3,throughput_out_bps,1323.581818181818
2026-07-19T13:03:08+00:00,station3,throughput_out_bps,1132.7272727272725
2026-07-19T13:03:23+00:00,station3,throughput_out_bps,1349.9272727272726
2026-07-19T13:03:38+00:00,station3,throughput_out_bps,1130.0727272727272
2026-07-19T13:03:53+00:00,station3,throughput_out_bps,1343.6
2026-07-19T13:04:08+00:00,station3,throughput_out_bps,1121.5272727272725
2026-07-19T13:04:23+00:00,station3,throughput_out_bps,1340.0727272727272
2026-07-19T13:04:38+00:00,station3,throughput_out_bps,1120.8
2026-07-19T13:04:53+00:00,station3,throughput_out_bps,1340.5272727272725
2026-07-19T13:05:08+00:00,station3,throughput_out_bps,1094.2363636363634
2026-07-19T13:05:23+00:00,station3,throughput_out_bps,1311.4181818181817
2026-07-19T13:05:38+00:00,station3,throughput_out_bps,1090.8181818181818
2026-07-19T13:05:53+00:00,station3,throughput_out_bps,1310.4545454545453
2026-07-19T13:06:08+00:00,station3,throughput_out_bps,1090.3636363636363
2026-07-19T13:06:23+00:00,station3,throughput_out_bps,1309.381818181818
2026-07-19T13:06:38+00:00,station3,throughput_out_bps,1090.0545454545454
2026-07-19T13:06:53+00:00,station3,throughput_out_bps,1309.0181818181816
2026-07-19T13:07:08+00:00,station3,throughput_out_bps,1090.1272727272726
2026-07-19T13:07:23+00:00,station3,throughput_out_bps,1311.0181818181816
2026-07-19T13:07:38+00:00,station3,throughput_out_bps,1091.9272727272726
2026-07-19T13:07:53+00:00,station3,throughput_out_bps,1313.9636363636362
2026-07-19T13:08:08+00:00,station3,throughput_out_bps,1092.4545454545453
2026-07-19T13:08:23+00:00,station3,throughput_out_bps,1311.3090909090909
2026-07-19T13:08:38+00:00,station3,throughput_out_bps,1090.4181818181817
2026-07-19T13:08:53+00:00,station3,throughput_out_bps,1308.9636363636362
2026-07-19T13:09:08+00:00,station3,throughput_out_bps,1090.0727272727272
2026-07-19T13:09:23+00:00,station3,throughput_out_bps,1309.4
2026-07-19T13:09:38+00:00,station3,throughput_out_bps,1089.0727272727272
2026-07-19T13:09:53+00:00,station3,throughput_out_bps,1312.2727272727273
2026-07-19T13:10:08+00:00,station3,throughput_out_bps,1093.3272727272727
2026-07-19T13:10:23+00:00,station3,throughput_out_bps,1315.6
2026-07-19T13:10:38+00:00,station3,throughput_out_bps,1095.6909090909091
2026-07-19T13:10:53+00:00,station3,throughput_out_bps,1311.6363636363635
2026-07-19T13:11:08+00:00,station3,throughput_out_bps,1092.5272727272725
2026-07-19T13:11:23+00:00,station3,throughput_out_bps,1310.5636363636363
2026-07-19T13:11:38+00:00,station3,throughput_out_bps,1095.9454545454544
2026-07-19T13:11:53+00:00,station3,throughput_out_bps,1313.6545454545453
2026-07-19T13:12:08+00:00,station3,throughput_out_bps,1097.6909090909091
2026-07-19T13:12:23+00:00,station3,throughput_out_bps,1346.8181818181815
2026-07-19T13:12:38+00:00,station3,throughput_out_bps,1127.3636363636363
2026-07-19T13:12:53+00:00,station3,throughput_out_bps,1347.8181818181815
2026-07-19T13:13:08+00:00,station3,throughput_out_bps,1122.0545454545454
2026-07-19T13:13:23+00:00,station3,throughput_out_bps,1314.1454545454544
2026-07-19T13:13:38+00:00,station3,throughput_out_bps,1094.0
2026-07-19T13:13:53+00:00,station3,throughput_out_bps,1313.1818181818182
2026-07-19T13:14:08+00:00,station3,throughput_out_bps,1097.0727272727272
2026-07-19T13:14:23+00:00,station3,throughput_out_bps,1310.6363636363635
2026-07-19T13:14:38+00:00,station3,throughput_out_bps,1092.3454545454545
2026-07-19T13:14:53+00:00,station3,throughput_out_bps,1310.0727272727272
2026-07-19T13:15:08+00:00,station3,throughput_out_bps,1092.0181818181818
2026-07-19T13:15:23+00:00,station3,throughput_out_bps,1314.6181818181817
2026-07-19T13:15:38+00:00,station3,throughput_out_bps,1099.1818181818182
2026-07-19T13:15:53+00:00,station3,throughput_out_bps,1322.4363636363635
2026-07-19T13:16:08+00:00,station3,throughput_out_bps,1106.2
2026-07-19T13:16:23+00:00,station3,throughput_out_bps,1312.1272727272726
2026-07-19T13:16:38+00:00,station3,throughput_out_bps,1090.4727272727273
2026-07-19T13:16:53+00:00,station3,throughput_out_bps,1302.0181818181816
2026-07-19T13:17:08+00:00,station3,throughput_out_bps,1086.4545454545453
2026-07-19T13:17:23+00:00,station3,throughput_out_bps,1304.9454545454544
2026-07-19T13:17:38+00:00,station3,throughput_out_bps,1086.0545454545454
2026-07-19T13:17:53+00:00,station3,throughput_out_bps,1307.2181818181816
2026-07-19T13:18:08+00:00,station3,throughput_out_bps,1090.0363636363636
2026-07-19T13:18:23+00:00,station3,throughput_out_bps,1307.5636363636363
2026-07-19T13:18:38+00:00,station3,throughput_out_bps,1090.9999999999998
2026-07-19T13:18:53+00:00,station3,throughput_out_bps,1305.2545454545455
2026-07-19T13:19:08+00:00,station3,throughput_out_bps,1089.1454545454544
2026-07-19T13:19:23+00:00,station3,throughput_out_bps,1304.2181818181816
2026-07-19T13:19:38+00:00,station3,throughput_out_bps,1085.6181818181817
2026-07-19T13:19:53+00:00,station3,throughput_out_bps,1302.1636363636362
2026-07-19T13:20:08+00:00,station3,throughput_out_bps,1085.6
2026-07-19T13:20:23+00:00,station3,throughput_out_bps,1301.2
2026-07-19T13:20:38+00:00,station3,throughput_out_bps,1086.1454545454544
2026-07-19T13:20:53+00:00,station3,throughput_out_bps,1303.6181818181817
2026-07-19T13:21:08+00:00,station3,throughput_out_bps,1088.509090909091
2026-07-19T13:21:23+00:00,station3,throughput_out_bps,1305.5272727272725
2026-07-19T13:21:38+00:00,station3,throughput_out_bps,1119.9454545454544
2026-07-19T13:21:53+00:00,station3,throughput_out_bps,1379.5090909090907
2026-07-19T13:22:08+00:00,station3,throughput_out_bps,1162.2363636363634
2026-07-19T13:22:23+00:00,station3,throughput_out_bps,1372.090909090909
2026-07-19T13:22:38+00:00,station3,throughput_out_bps,1105.1454545454544
2026-07-19T13:22:53+00:00,station3,throughput_out_bps,1304.2363636363634
2026-07-19T13:23:08+00:00,station3,throughput_out_bps,1092.1272727272726
2026-07-19T13:23:23+00:00,station3,throughput_out_bps,1309.6727272727271
2026-07-19T13:23:38+00:00,station3,throughput_out_bps,1088.1818181818182
2026-07-19T13:23:53+00:00,station3,throughput_out_bps,1307.5636363636363
2026-07-19T13:24:08+00:00,station3,throughput_out_bps,1090.9272727272726
2026-07-19T13:24:23+00:00,station3,throughput_out_bps,1310.6
2026-07-19T13:24:38+00:00,station3,throughput_out_bps,1092.3272727272727
2026-07-19T13:24:53+00:00,station3,throughput_out_bps,1313.0
2026-07-19T13:25:08+00:00,station3,throughput_out_bps,1097.9636363636362
2026-07-19T13:25:23+00:00,station3,throughput_out_bps,1309.9272727272726
2026-07-19T13:25:38+00:00,station3,throughput_out_bps,1090.5636363636363
2026-07-19T13:25:53+00:00,station3,throughput_out_bps,1308.4181818181817
2026-07-19T13:26:08+00:00,station3,throughput_out_bps,1093.8
2026-07-19T13:26:23+00:00,station3,throughput_out_bps,1310.4
2026-07-19T13:26:38+00:00,station3,throughput_out_bps,1090.6
2026-07-19T13:26:53+00:00,station3,throughput_out_bps,1312.3636363636363
2026-07-19T13:27:08+00:00,station3,throughput_out_bps,1097.0545454545454
2026-07-19T13:27:23+00:00,station3,throughput_out_bps,1315.4
2026-07-19T13:27:38+00:00,station3,throughput_out_bps,1096.7818181818182
2026-07-19T13:27:53+00:00,station3,throughput_out_bps,1313.9636363636362
2026-07-19T13:28:08+00:00,station3,throughput_out_bps,1093.3454545454545
2026-07-19T13:28:23+00:00,station3,throughput_out_bps,1312.709090909091
2026-07-19T13:28:38+00:00,station3,throughput_out_bps,1094.581818181818
2026-07-19T13:28:53+00:00,station3,throughput_out_bps,1315.3272727272727
2026-07-19T13:29:08+00:00,station3,throughput_out_bps,1099.0727272727272
2026-07-19T13:29:23+00:00,station3,throughput_out_bps,1313.1818181818182
2026-07-19T13:29:38+00:00,station3,throughput_out_bps,1094.6909090909091
2026-07-19T13:29:53+00:00,station3,throughput_out_bps,1313.3454545454545
2026-07-19T13:30:08+00:00,station3,throughput_out_bps,1096.5636363636363
2026-07-19T13:30:23+00:00,station3,throughput_out_bps,1343.2545454545455
2026-07-19T13:30:38+00:00,station3,throughput_out_bps,1121.7818181818182
2026-07-19T13:30:53+00:00,station3,throughput_out_bps,1338.890909090909
2026-07-19T13:31:08+00:00,station3,throughput_out_bps,1095.2545454545455
2026-07-19T13:31:23+00:00,station3,throughput_out_bps,1316.3272727272727
2026-07-19T13:31:38+00:00,station3,throughput_out_bps,1095.381818181818
2026-07-19T13:31:53+00:00,station3,throughput_out_bps,1314.6181818181817
2026-07-19T13:32:08+00:00,station3,throughput_out_bps,1096.1818181818182
2026-07-19T13:32:23+00:00,station3,throughput_out_bps,1317.4545454545453
2026-07-19T13:32:38+00:00,station3,throughput_out_bps,1097.4
2026-07-19T13:32:53+00:00,station3,throughput_out_bps,1314.7272727272725
2026-07-19T13:33:08+00:00,station3,throughput_out_bps,1091.6545454545453
2026-07-19T13:33:23+00:00,station3,throughput_out_bps,1310.109090909091
2026-07-19T13:33:38+00:00,station3,throughput_out_bps,1092.3454545454545
2026-07-19T13:33:53+00:00,station3,throughput_out_bps,1310.581818181818
2026-07-19T13:34:08+00:00,station3,throughput_out_bps,1093.4727272727273
2026-07-19T13:34:23+00:00,station3,throughput_out_bps,1311.0727272727272
2026-07-19T13:34:38+00:00,station3,throughput_out_bps,1091.9272727272726
2026-07-19T13:34:53+00:00,station3,throughput_out_bps,1310.890909090909
2026-07-19T13:35:08+00:00,station3,throughput_out_bps,1090.3636363636363
2026-07-19T13:35:23+00:00,station3,throughput_out_bps,1310.0
2026-07-19T13:35:38+00:00,station3,throughput_out_bps,1089.5272727272727
2026-07-19T13:35:53+00:00,station3,throughput_out_bps,1312.490909090909
2026-07-19T13:36:08+00:00,station3,throughput_out_bps,1092.2545454545455
2026-07-19T13:36:23+00:00,station3,throughput_out_bps,1311.6363636363635
2026-07-19T13:36:38+00:00,station3,throughput_out_bps,1092.9636363636362
2026-07-19T13:36:53+00:00,station3,throughput_out_bps,1308.6181818181817
2026-07-19T13:37:08+00:00,station3,throughput_out_bps,1090.1454545454544
2026-07-19T13:37:23+00:00,station3,throughput_out_bps,1309.4
2026-07-19T13:37:38+00:00,station3,throughput_out_bps,1093.6909090909091
2026-07-19T13:37:53+00:00,station3,throughput_out_bps,1312.2181818181816
2026-07-19T13:38:08+00:00,station3,throughput_out_bps,1093.6909090909091
2026-07-19T13:38:23+00:00,station3,throughput_out_bps,1316.0
2026-07-19T13:38:38+00:00,station3,throughput_out_bps,1097.2
2026-07-19T13:38:53+00:00,station3,throughput_out_bps,1313.090909090909
2026-07-19T13:39:08+00:00,station3,throughput_out_bps,1089.4363636363637
2026-07-19T13:39:23+00:00,station3,throughput_out_bps,1308.7272727272725
2026-07-19T13:39:38+00:00,station3,throughput_out_bps,1090.2727272727273
2026-07-19T13:39:53+00:00,station3,throughput_out_bps,1305.6
2026-07-19T13:40:08+00:00,station3,throughput_out_bps,1086.7636363636364
2026-07-19T13:40:23+00:00,station3,throughput_out_bps,1305.1272727272726
2026-07-19T13:40:38+00:00,station3,throughput_out_bps,1087.8
2026-07-19T13:40:53+00:00,station3,throughput_out_bps,1305.4545454545453
2026-07-19T13:41:08+00:00,station3,throughput_out_bps,1085.3272727272727
2026-07-19T13:41:23+00:00,station3,throughput_out_bps,1303.490909090909
2026-07-19T13:41:38+00:00,station3,throughput_out_bps,1086.1090909090908
2026-07-19T13:41:53+00:00,station3,throughput_out_bps,1302.8727272727272
2026-07-19T13:42:08+00:00,station3,throughput_out_bps,1084.2727272727273
2026-07-19T13:42:23+00:00,station3,throughput_out_bps,1310.0363636363634
2026-07-19T13:42:38+00:00,station3,throughput_out_bps,1093.2
2026-07-19T13:42:53+00:00,station3,throughput_out_bps,1312.3272727272727
2026-07-19T13:43:08+00:00,station3,throughput_out_bps,1089.8545454545454
2026-07-19T13:43:23+00:00,station3,throughput_out_bps,1312.090909090909
2026-07-19T13:43:38+00:00,station3,throughput_out_bps,1092.890909090909
2026-07-19T13:43:53+00:00,station3,throughput_out_bps,1310.490909090909
2026-07-19T13:44:08+00:00,station3,throughput_out_bps,1090.2181818181818
2026-07-19T13:44:23+00:00,station3,throughput_out_bps,1310.4363636363635
2026-07-19T13:44:38+00:00,station3,throughput_out_bps,1093.4545454545453
2026-07-19T13:44:53+00:00,station3,throughput_out_bps,1310.909090909091
2026-07-19T13:45:08+00:00,station3,throughput_out_bps,1092.4363636363635
2026-07-19T13:45:23+00:00,station3,throughput_out_bps,1308.0
2026-07-19T13:45:38+00:00,station3,throughput_out_bps,1091.581818181818
2026-07-19T13:45:53+00:00,station3,throughput_out_bps,1312.8727272727272
2026-07-19T13:46:08+00:00,station3,throughput_out_bps,1093.7272727272725
2026-07-19T13:46:23+00:00,station3,throughput_out_bps,1310.7818181818182
2026-07-19T13:46:38+00:00,station3,throughput_out_bps,1089.8727272727272
2026-07-19T13:46:53+00:00,station3,throughput_out_bps,1306.3454545454545
2026-07-19T13:47:08+00:00,station3,throughput_out_bps,1087.8181818181818
2026-07-19T13:47:23+00:00,station3,throughput_out_bps,1306.7636363636364
2026-07-19T13:47:38+00:00,station3,throughput_out_bps,1090.0363636363636
2026-07-19T13:47:53+00:00,station3,throughput_out_bps,1306.9818181818182
2026-07-19T13:48:08+00:00,station3,throughput_out_bps,1087.4363636363637
2026-07-19T13:48:23+00:00,station3,throughput_out_bps,1306.109090909091
2026-07-19T13:48:38+00:00,station3,throughput_out_bps,1086.9090909090908
2026-07-19T13:48:53+00:00,station3,throughput_out_bps,1305.6909090909091
2026-07-19T13:49:08+00:00,station3,throughput_out_bps,1088.6727272727271
2026-07-19T13:49:23+00:00,station3,throughput_out_bps,1310.4181818181817
2026-07-19T13:49:38+00:00,station3,throughput_out_bps,1091.509090909091
2026-07-19T13:49:53+00:00,station3,throughput_out_bps,1313.2363636363634
2026-07-19T13:50:08+00:00,station3,throughput_out_bps,1093.8727272727272
2026-07-19T13:50:23+00:00,station3,throughput_out_bps,1311.2545454545455
2026-07-19T13:50:38+00:00,station3,throughput_out_bps,1089.9272727272726
2026-07-19T13:50:53+00:00,station3,throughput_out_bps,1309.7454545454543
2026-07-19T13:51:08+00:00,station3,throughput_out_bps,1088.9818181818182
2026-07-19T13:51:23+00:00,station3,throughput_out_bps,1306.381818181818
2026-07-19T13:51:38+00:00,station3,throughput_out_bps,1088.3636363636363
2026-07-19T13:51:53+00:00,station3,throughput_out_bps,1314.6545454545453
2026-07-19T13:52:08+00:00,station3,throughput_out_bps,1095.8
2026-07-19T13:52:23+00:00,station3,throughput_out_bps,1324.0
2026-07-19T13:52:38+00:00,station3,throughput_out_bps,1104.490909090909
2026-07-19T13:52:53+00:00,station3,throughput_out_bps,1317.490909090909
2026-07-19T13:53:08+00:00,station3,throughput_out_bps,1097.1818181818182
2026-07-19T13:53:23+00:00,station3,throughput_out_bps,1309.0727272727272
2026-07-19T13:53:38+00:00,station3,throughput_out_bps,1089.7090909090907
2026-07-19T13:53:53+00:00,station3,throughput_out_bps,1305.290909090909
2026-07-19T13:54:08+00:00,station3,throughput_out_bps,1086.3636363636363
2026-07-19T13:54:23+00:00,station3,throughput_out_bps,1305.6545454545453
2026-07-19T13:54:38+00:00,station3,throughput_out_bps,1088.3090909090909
2026-07-19T13:54:53+00:00,station3,throughput_out_bps,1305.709090909091
2026-07-19T13:55:08+00:00,station3,throughput_out_bps,1087.1818181818182
2026-07-19T13:55:23+00:00,station3,throughput_out_bps,1306.6
2026-07-19T13:55:38+00:00,station3,throughput_out_bps,1089.0545454545454
2026-07-19T13:55:53+00:00,station3,throughput_out_bps,1305.5636363636363
2026-07-19T13:56:08+00:00,station3,throughput_out_bps,1087.2363636363636
2026-07-19T13:56:23+00:00,station3,throughput_out_bps,1306.4181818181817
2026-07-19T13:56:38+00:00,station3,throughput_out_bps,1089.7818181818182
2026-07-19T13:56:53+00:00,station3,throughput_out_bps,1309.8
2026-07-19T13:57:08+00:00,station3,throughput_out_bps,1087.4727272727273
2026-07-19T13:57:23+00:00,station3,throughput_out_bps,1309.509090909091
2026-07-19T13:57:38+00:00,station3,throughput_out_bps,1093.709090909091
2026-07-19T13:57:53+00:00,station3,throughput_out_bps,1313.5454545454545
2026-07-19T13:58:08+00:00,station3,throughput_out_bps,1090.5454545454545
2026-07-19T13:58:23+00:00,station3,throughput_out_bps,1312.6545454545453
2026-07-19T13:58:38+00:00,station3,throughput_out_bps,1097.3090909090909
2026-07-19T13:58:53+00:00,station3,throughput_out_bps,1311.290909090909
2026-07-19T13:59:08+00:00,station3,throughput_out_bps,1094.3636363636363
2026-07-19T13:59:23+00:00,station3,throughput_out_bps,1313.0181818181816
2026-07-19T13:59:38+00:00,station3,throughput_out_bps,1092.709090909091
2026-07-19T13:59:53+00:00,station3,throughput_out_bps,1311.0
2026-07-19T14:00:08+00:00,station3,throughput_out_bps,1090.1090909090908
2026-07-19T14:00:23+00:00,station3,throughput_out_bps,1309.8363636363636
2026-07-19T14:00:38+00:00,station3,throughput_out_bps,1096.2181818181816
2026-07-19T14:00:53+00:00,station3,throughput_out_bps,1313.290909090909
2026-07-19T14:01:08+00:00,station3,throughput_out_bps,1095.8363636363636
2026-07-19T14:01:23+00:00,station3,throughput_out_bps,1311.6363636363635
2026-07-19T14:01:38+00:00,station3,throughput_out_bps,1088.4363636363637
2026-07-19T14:01:53+00:00,station3,throughput_out_bps,1305.9818181818182
2026-07-19T14:02:08+00:00,station3,throughput_out_bps,1086.090909090909
2026-07-19T14:02:23+00:00,station3,throughput_out_bps,1307.4727272727273
2026-07-19T14:02:38+00:00,station3,throughput_out_bps,1089.8363636363636
2026-07-19T14:02:53+00:00,station3,throughput_out_bps,1311.3454545454545
2026-07-19T14:03:08+00:00,station3,throughput_out_bps,1098.2363636363634
2026-07-19T14:03:23+00:00,station3,throughput_out_bps,1320.2727272727273
2026-07-19T14:03:38+00:00,station3,throughput_out_bps,1121.7272727272725
2026-07-19T14:03:53+00:00,station3,throughput_out_bps,1344.3272727272727
2026-07-19T14:04:08+00:00,station3,throughput_out_bps,1118.2
2026-07-19T14:04:23+00:00,station3,throughput_out_bps,1330.4545454545453
2026-07-19T14:04:38+00:00,station3,throughput_out_bps,1089.0363636363636
2026-07-19T14:04:53+00:00,station3,throughput_out_bps,1310.8727272727272
2026-07-19T14:05:08+00:00,station3,throughput_out_bps,1097.6181818181817
2026-07-19T14:05:23+00:00,station3,throughput_out_bps,1309.2
2026-07-19T14:05:38+00:00,station3,throughput_out_bps,1094.4545454545453
2026-07-19T14:05:53+00:00,station3,throughput_out_bps,1319.290909090909
2026-07-19T14:06:08+00:00,station3,throughput_out_bps,1102.3090909090909
2026-07-19T14:06:23+00:00,station3,throughput_out_bps,1314.7272727272725
2026-07-19T14:06:38+00:00,station3,throughput_out_bps,1087.6
2026-07-19T14:06:53+00:00,station3,throughput_out_bps,1304.1636363636362
2026-07-19T14:07:08+00:00,station3,throughput_out_bps,1091.1999999999998
2026-07-19T14:07:23+00:00,station3,throughput_out_bps,1309.9272727272726
2026-07-19T14:07:38+00:00,station3,throughput_out_bps,1087.9818181818182
2026-07-19T14:07:53+00:00,station3,throughput_out_bps,1309.6727272727271
2026-07-19T14:08:08+00:00,station3,throughput_out_bps,1092.8545454545454
2026-07-19T14:08:23+00:00,station3,throughput_out_bps,1310.2727272727273
2026-07-19T14:08:38+00:00,station3,throughput_out_bps,1088.9090909090908
2026-07-19T14:08:53+00:00,station3,throughput_out_bps,1308.0181818181816
2026-07-19T14:09:08+00:00,station3,throughput_out_bps,1090.1454545454544
2026-07-19T14:09:23+00:00,station3,throughput_out_bps,1308.0181818181816
2026-07-19T14:09:38+00:00,station3,throughput_out_bps,1088.6909090909091
2026-07-19T14:09:53+00:00,station3,throughput_out_bps,1308.381818181818
2026-07-19T14:10:08+00:00,station3,throughput_out_bps,1090.0545454545454
2026-07-19T14:10:23+00:00,station3,throughput_out_bps,1308.3090909090909
2026-07-19T14:10:38+00:00,station3,throughput_out_bps,1088.2363636363636
2026-07-19T14:10:53+00:00,station3,throughput_out_bps,1307.509090909091
2026-07-19T14:11:08+00:00,station3,throughput_out_bps,1090.4363636363637
2026-07-19T14:11:23+00:00,station3,throughput_out_bps,1311.1272727272726
2026-07-19T14:11:38+00:00,station3,throughput_out_bps,1130.8363636363636
2026-07-19T14:11:53+00:00,station3,throughput_out_bps,1353.8
2026-07-19T14:12:08+00:00,station3,throughput_out_bps,1140.709090909091
2026-07-19T14:12:23+00:00,station3,throughput_out_bps,1352.5272727272725
2026-07-19T14:12:38+00:00,station3,throughput_out_bps,1093.0181818181816
2026-07-19T14:12:53+00:00,station3,throughput_out_bps,1310.6181818181817
2026-07-19T14:13:08+00:00,station3,throughput_out_bps,1091.6727272727271
2026-07-19T14:13:23+00:00,station3,throughput_out_bps,1312.4363636363635
2026-07-19T14:13:38+00:00,station3,throughput_out_bps,1094.9454545454544
2026-07-19T14:13:53+00:00,station3,throughput_out_bps,1313.2727272727273
2026-07-19T14:14:08+00:00,station3,throughput_out_bps,1093.090909090909
2026-07-19T14:14:23+00:00,station3,throughput_out_bps,1306.1818181818182
2026-07-19T14:14:38+00:00,station3,throughput_out_bps,1088.4363636363637
2026-07-19T14:14:53+00:00,station3,throughput_out_bps,1308.890909090909
2026-07-19T14:15:08+00:00,station3,throughput_out_bps,1093.381818181818
2026-07-19T14:15:23+00:00,station3,throughput_out_bps,1308.381818181818
2026-07-19T14:15:38+00:00,station3,throughput_out_bps,1089.6545454545453
2026-07-19T14:15:53+00:00,station3,throughput_out_bps,1307.0363636363634
2026-07-19T14:16:08+00:00,station3,throughput_out_bps,1091.1272727272726
2026-07-19T12:05:23+00:00,station1,packet_loss_pct,0.0
2026-07-19T12:05:38+00:00,station1,packet_loss_pct,0.0
2026-07-19T12:05:53+00:00,station1,packet_loss_pct,0.0
2026-07-19T12:06:08+00:00,station1,packet_loss_pct,0.0
2026-07-19T12:06:23+00:00,station1,packet_loss_pct,0.0
2026-07-19T12:06:38+00:00,station1,packet_loss_pct,0.0
2026-07-19T12:06:53+00:00,station1,packet_loss_pct,0.0
2026-07-19T12:07:08+00:00,station1,packet_loss_pct,0.0
2026-07-19T12:07:23+00:00,station1,packet_loss_pct,0.0
2026-07-19T12:07:38+00:00,station1,packet_loss_pct,0.0
2026-07-19T12:07:53+00:00,station1,packet_loss_pct,0.0
2026-07-19T12:08:08+00:00,station1,packet_loss_pct,0.0
2026-07-19T12:08:23+00:00,station1,packet_loss_pct,0.0
2026-07-19T12:08:38+00:00,station1,packet_loss_pct,0.0
2026-07-19T12:08:53+00:00,station1,packet_loss_pct,0.0
2026-07-19T12:09:08+00:00,station1,packet_loss_pct,0.0
2026-07-19T12:09:23+00:00,station1,packet_loss_pct,0.0
2026-07-19T12:09:38+00:00,station1,packet_loss_pct,0.0
2026-07-19T12:09:53+00:00,station1,packet_loss_pct,0.0
2026-07-19T12:10:08+00:00,station1,packet_loss_pct,0.0
2026-07-19T12:10:23+00:00,station1,packet_loss_pct,0.0
2026-07-19T12:10:38+00:00,station1,packet_loss_pct,0.0
2026-07-19T12:10:53+00:00,station1,packet_loss_pct,0.0
2026-07-19T12:11:08+00:00,station1,packet_loss_pct,0.0
2026-07-19T12:11:23+00:00,station1,packet_loss_pct,0.0
2026-07-19T12:11:38+00:00,station1,packet_loss_pct,0.0
2026-07-19T12:11:53+00:00,station1,packet_loss_pct,0.0
2026-07-19T12:12:08+00:00,station1,packet_loss_pct,0.0
2026-07-19T12:12:23+00:00,station1,packet_loss_pct,0.0
2026-07-19T12:12:38+00:00,station1,packet_loss_pct,0.0
2026-07-19T12:12:53+00:00,station1,packet_loss_pct,0.0
2026-07-19T12:13:08+00:00,station1,packet_loss_pct,0.0
2026-07-19T12:13:23+00:00,station1,packet_loss_pct,0.0
2026-07-19T12:13:38+00:00,station1,packet_loss_pct,0.0
2026-07-19T12:13:53+00:00,station1,packet_loss_pct,0.0
2026-07-19T12:14:08+00:00,station1,packet_loss_pct,0.0
2026-07-19T12:14:23+00:00,station1,packet_loss_pct,0.0
2026-07-19T12:14:38+00:00,station1,packet_loss_pct,0.0
2026-07-19T12:14:53+00:00,station1,packet_loss_pct,0.0
2026-07-19T12:15:08+00:00,station1,packet_loss_pct,0.0
2026-07-19T12:15:23+00:00,station1,packet_loss_pct,0.0
2026-07-19T12:15:38+00:00,station1,packet_loss_pct,0.0
2026-07-19T12:15:53+00:00,station1,packet_loss_pct,0.0
2026-07-19T12:16:08+00:00,station1,packet_loss_pct,0.0
2026-07-19T12:16:23+00:00,station1,packet_loss_pct,0.0
2026-07-19T12:16:38+00:00,station1,packet_loss_pct,25.0
2026-07-19T12:16:53+00:00,station1,packet_loss_pct,0.0
2026-07-19T12:17:08+00:00,station1,packet_loss_pct,0.0
2026-07-19T12:17:23+00:00,station1,packet_loss_pct,0.0
2026-07-19T12:17:38+00:00,station1,packet_loss_pct,0.0
2026-07-19T12:17:53+00:00,station1,packet_loss_pct,0.0
2026-07-19T12:18:08+00:00,station1,packet_loss_pct,0.0
2026-07-19T12:18:23+00:00,station1,packet_loss_pct,0.0
2026-07-19T12:18:38+00:00,station1,packet_loss_pct,0.0
2026-07-19T12:18:53+00:00,station1,packet_loss_pct,0.0
2026-07-19T12:19:08+00:00,station1,packet_loss_pct,0.0
2026-07-19T12:19:23+00:00,station1,packet_loss_pct,0.0
2026-07-19T12:19:38+00:00,station1,packet_loss_pct,0.0
2026-07-19T12:19:53+00:00,station1,packet_loss_pct,0.0
2026-07-19T12:20:08+00:00,station1,packet_loss_pct,0.0
2026-07-19T12:20:23+00:00,station1,packet_loss_pct,0.0
2026-07-19T12:20:38+00:00,station1,packet_loss_pct,0.0
2026-07-19T12:20:53+00:00,station1,packet_loss_pct,0.0
2026-07-19T12:21:08+00:00,station1,packet_loss_pct,0.0
2026-07-19T12:21:23+00:00,station1,packet_loss_pct,0.0
2026-07-19T12:21:38+00:00,station1,packet_loss_pct,0.0
2026-07-19T12:21:53+00:00,station1,packet_loss_pct,0.0
2026-07-19T12:22:08+00:00,station1,packet_loss_pct,0.0
2026-07-19T12:22:23+00:00,station1,packet_loss_pct,0.0
2026-07-19T12:22:38+00:00,station1,packet_loss_pct,0.0
2026-07-19T12:22:53+00:00,station1,packet_loss_pct,0.0
2026-07-19T12:23:08+00:00,station1,packet_loss_pct,0.0
2026-07-19T12:23:23+00:00,station1,packet_loss_pct,0.0
2026-07-19T12:23:38+00:00,station1,packet_loss_pct,0.0
2026-07-19T12:23:53+00:00,station1,packet_loss_pct,0.0
2026-07-19T12:24:08+00:00,station1,packet_loss_pct,0.0
2026-07-19T12:24:23+00:00,station1,packet_loss_pct,0.0
2026-07-19T12:24:38+00:00,station1,packet_loss_pct,0.0
2026-07-19T12:24:53+00:00,station1,packet_loss_pct,0.0
2026-07-19T12:25:08+00:00,station1,packet_loss_pct,0.0
2026-07-19T12:25:23+00:00,station1,packet_loss_pct,0.0
2026-07-19T12:25:38+00:00,station1,packet_loss_pct,0.0
2026-07-19T12:25:53+00:00,station1,packet_loss_pct,0.0
2026-07-19T12:26:08+00:00,station1,packet_loss_pct,0.0
2026-07-19T12:26:23+00:00,station1,packet_loss_pct,0.0
2026-07-19T12:26:38+00:00,station1,packet_loss_pct,0.0
2026-07-19T12:26:53+00:00,station1,packet_loss_pct,0.0
2026-07-19T12:27:08+00:00,station1,packet_loss_pct,0.0
2026-07-19T12:27:23+00:00,station1,packet_loss_pct,0.0
2026-07-19T12:27:38+00:00,station1,packet_loss_pct,0.0
2026-07-19T12:27:53+00:00,station1,packet_loss_pct,0.0
2026-07-19T12:28:08+00:00,station1,packet_loss_pct,0.0
2026-07-19T12:28:23+00:00,station1,packet_loss_pct,0.0
2026-07-19T12:28:38+00:00,station1,packet_loss_pct,0.0
2026-07-19T12:28:53+00:00,station1,packet_loss_pct,0.0
2026-07-19T12:29:08+00:00,station1,packet_loss_pct,0.0
2026-07-19T12:29:23+00:00,station1,packet_loss_pct,0.0
2026-07-19T12:29:38+00:00,station1,packet_loss_pct,0.0
2026-07-19T12:29:53+00:00,station1,packet_loss_pct,0.0
2026-07-19T12:30:08+00:00,station1,packet_loss_pct,0.0
2026-07-19T12:30:23+00:00,station1,packet_loss_pct,0.0
2026-07-19T12:30:38+00:00,station1,packet_loss_pct,0.0
2026-07-19T12:30:53+00:00,station1,packet_loss_pct,0.0
2026-07-19T12:31:08+00:00,station1,packet_loss_pct,0.0
2026-07-19T12:31:23+00:00,station1,packet_loss_pct,0.0
2026-07-19T12:31:38+00:00,station1,packet_loss_pct,0.0
2026-07-19T12:31:53+00:00,station1,packet_loss_pct,0.0
2026-07-19T12:32:08+00:00,station1,packet_loss_pct,0.0
2026-07-19T12:32:23+00:00,station1,packet_loss_pct,0.0
2026-07-19T12:32:38+00:00,station1,packet_loss_pct,0.0
2026-07-19T12:32:53+00:00,station1,packet_loss_pct,0.0
2026-07-19T12:33:08+00:00,station1,packet_loss_pct,0.0
2026-07-19T12:33:23+00:00,station1,packet_loss_pct,0.0
2026-07-19T12:33:38+00:00,station1,packet_loss_pct,0.0
2026-07-19T12:33:53+00:00,station1,packet_loss_pct,0.0
2026-07-19T12:34:08+00:00,station1,packet_loss_pct,0.0
2026-07-19T12:34:23+00:00,station1,packet_loss_pct,0.0
2026-07-19T12:34:38+00:00,station1,packet_loss_pct,0.0
2026-07-19T12:34:53+00:00,station1,packet_loss_pct,0.0
2026-07-19T12:35:08+00:00,station1,packet_loss_pct,0.0
2026-07-19T12:35:23+00:00,station1,packet_loss_pct,0.0
2026-07-19T12:35:38+00:00,station1,packet_loss_pct,0.0
2026-07-19T12:35:53+00:00,station1,packet_loss_pct,0.0
2026-07-19T12:36:08+00:00,station1,packet_loss_pct,0.0
2026-07-19T12:36:23+00:00,station1,packet_loss_pct,0.0
2026-07-19T12:36:38+00:00,station1,packet_loss_pct,0.0
2026-07-19T12:36:53+00:00,station1,packet_loss_pct,0.0
2026-07-19T12:37:08+00:00,station1,packet_loss_pct,0.0
2026-07-19T12:37:23+00:00,station1,packet_loss_pct,0.0
2026-07-19T12:37:38+00:00,station1,packet_loss_pct,0.0
2026-07-19T12:37:53+00:00,station1,packet_loss_pct,0.0
2026-07-19T12:38:08+00:00,station1,packet_loss_pct,0.0
2026-07-19T12:38:23+00:00,station1,packet_loss_pct,0.0
2026-07-19T12:38:38+00:00,station1,packet_loss_pct,0.0
2026-07-19T12:38:53+00:00,station1,packet_loss_pct,0.0
2026-07-19T12:39:08+00:00,station1,packet_loss_pct,0.0
2026-07-19T12:39:23+00:00,station1,packet_loss_pct,0.0
2026-07-19T12:39:38+00:00,station1,packet_loss_pct,0.0
2026-07-19T12:39:53+00:00,station1,packet_loss_pct,0.0
2026-07-19T12:40:08+00:00,station1,packet_loss_pct,0.0
2026-07-19T12:40:23+00:00,station1,packet_loss_pct,0.0
2026-07-19T12:40:38+00:00,station1,packet_loss_pct,0.0
2026-07-19T12:40:53+00:00,station1,packet_loss_pct,0.0
2026-07-19T12:41:08+00:00,station1,packet_loss_pct,0.0
2026-07-19T12:41:23+00:00,station1,packet_loss_pct,0.0
2026-07-19T12:41:38+00:00,station1,packet_loss_pct,0.0
2026-07-19T12:41:53+00:00,station1,packet_loss_pct,0.0
2026-07-19T12:42:08+00:00,station1,packet_loss_pct,0.0
2026-07-19T12:42:23+00:00,station1,packet_loss_pct,0.0
2026-07-19T12:42:38+00:00,station1,packet_loss_pct,0.0
2026-07-19T12:42:53+00:00,station1,packet_loss_pct,0.0
2026-07-19T12:43:08+00:00,station1,packet_loss_pct,0.0
2026-07-19T12:43:23+00:00,station1,packet_loss_pct,0.0
2026-07-19T12:43:38+00:00,station1,packet_loss_pct,0.0
2026-07-19T12:43:53+00:00,station1,packet_loss_pct,0.0
2026-07-19T12:44:08+00:00,station1,packet_loss_pct,0.0
2026-07-19T12:44:23+00:00,station1,packet_loss_pct,0.0
2026-07-19T12:44:38+00:00,station1,packet_loss_pct,0.0
2026-07-19T12:44:53+00:00,station1,packet_loss_pct,0.0
2026-07-19T12:45:08+00:00,station1,packet_loss_pct,0.0
2026-07-19T12:45:23+00:00,station1,packet_loss_pct,0.0
2026-07-19T12:45:38+00:00,station1,packet_loss_pct,0.0
2026-07-19T12:45:53+00:00,station1,packet_loss_pct,0.0
2026-07-19T12:46:08+00:00,station1,packet_loss_pct,0.0
2026-07-19T12:46:23+00:00,station1,packet_loss_pct,0.0
2026-07-19T12:46:38+00:00,station1,packet_loss_pct,0.0
2026-07-19T12:46:53+00:00,station1,packet_loss_pct,0.0
2026-07-19T12:47:08+00:00,station1,packet_loss_pct,0.0
2026-07-19T12:47:23+00:00,station1,packet_loss_pct,0.0
2026-07-19T12:47:38+00:00,station1,packet_loss_pct,0.0
2026-07-19T12:47:53+00:00,station1,packet_loss_pct,0.0
2026-07-19T12:48:08+00:00,station1,packet_loss_pct,0.0
2026-07-19T12:48:23+00:00,station1,packet_loss_pct,0.0
2026-07-19T12:48:38+00:00,station1,packet_loss_pct,0.0
2026-07-19T12:48:53+00:00,station1,packet_loss_pct,0.0
2026-07-19T12:49:08+00:00,station1,packet_loss_pct,0.0
2026-07-19T12:49:23+00:00,station1,packet_loss_pct,0.0
2026-07-19T12:49:38+00:00,station1,packet_loss_pct,0.0
2026-07-19T12:49:53+00:00,station1,packet_loss_pct,0.0
2026-07-19T12:50:08+00:00,station1,packet_loss_pct,0.0
2026-07-19T12:50:23+00:00,station1,packet_loss_pct,0.0
2026-07-19T12:50:38+00:00,station1,packet_loss_pct,0.0
2026-07-19T12:50:53+00:00,station1,packet_loss_pct,0.0
2026-07-19T12:51:08+00:00,station1,packet_loss_pct,0.0
2026-07-19T12:51:23+00:00,station1,packet_loss_pct,0.0
2026-07-19T12:51:38+00:00,station1,packet_loss_pct,0.0
2026-07-19T12:51:53+00:00,station1,packet_loss_pct,0.0
2026-07-19T12:52:08+00:00,station1,packet_loss_pct,0.0
2026-07-19T12:52:23+00:00,station1,packet_loss_pct,0.0
2026-07-19T12:52:38+00:00,station1,packet_loss_pct,0.0
2026-07-19T12:52:53+00:00,station1,packet_loss_pct,0.0
2026-07-19T12:53:08+00:00,station1,packet_loss_pct,0.0
2026-07-19T12:53:23+00:00,station1,packet_loss_pct,0.0
2026-07-19T12:53:38+00:00,station1,packet_loss_pct,0.0
2026-07-19T12:53:53+00:00,station1,packet_loss_pct,0.0
2026-07-19T12:54:08+00:00,station1,packet_loss_pct,0.0
2026-07-19T12:54:23+00:00,station1,packet_loss_pct,0.0
2026-07-19T12:54:38+00:00,station1,packet_loss_pct,0.0
2026-07-19T12:54:53+00:00,station1,packet_loss_pct,0.0
2026-07-19T12:55:08+00:00,station1,packet_loss_pct,0.0
2026-07-19T12:55:23+00:00,station1,packet_loss_pct,0.0
2026-07-19T12:55:38+00:00,station1,packet_loss_pct,0.0
2026-07-19T12:55:53+00:00,station1,packet_loss_pct,0.0
2026-07-19T12:56:08+00:00,station1,packet_loss_pct,0.0
2026-07-19T12:56:23+00:00,station1,packet_loss_pct,0.0
2026-07-19T12:56:38+00:00,station1,packet_loss_pct,0.0
2026-07-19T12:56:53+00:00,station1,packet_loss_pct,0.0
2026-07-19T12:57:08+00:00,station1,packet_loss_pct,0.0
2026-07-19T12:57:23+00:00,station1,packet_loss_pct,0.0
2026-07-19T12:57:38+00:00,station1,packet_loss_pct,0.0
2026-07-19T12:57:53+00:00,station1,packet_loss_pct,0.0
2026-07-19T12:58:08+00:00,station1,packet_loss_pct,0.0
2026-07-19T12:58:23+00:00,station1,packet_loss_pct,0.0
2026-07-19T12:58:38+00:00,station1,packet_loss_pct,0.0
2026-07-19T12:58:53+00:00,station1,packet_loss_pct,0.0
2026-07-19T12:59:08+00:00,station1,packet_loss_pct,0.0
2026-07-19T12:59:23+00:00,station1,packet_loss_pct,0.0
2026-07-19T12:59:38+00:00,station1,packet_loss_pct,0.0
2026-07-19T12:59:53+00:00,station1,packet_loss_pct,0.0
2026-07-19T13:00:08+00:00,station1,packet_loss_pct,0.0
2026-07-19T13:00:23+00:00,station1,packet_loss_pct,0.0
2026-07-19T13:00:38+00:00,station1,packet_loss_pct,0.0
2026-07-19T13:00:53+00:00,station1,packet_loss_pct,0.0
2026-07-19T13:01:08+00:00,station1,packet_loss_pct,0.0
2026-07-19T13:01:23+00:00,station1,packet_loss_pct,25.0
2026-07-19T13:01:38+00:00,station1,packet_loss_pct,0.0
2026-07-19T13:01:53+00:00,station1,packet_loss_pct,0.0
2026-07-19T13:02:08+00:00,station1,packet_loss_pct,25.0
2026-07-19T13:02:23+00:00,station1,packet_loss_pct,0.0
2026-07-19T13:02:38+00:00,station1,packet_loss_pct,0.0
2026-07-19T13:02:53+00:00,station1,packet_loss_pct,0.0
2026-07-19T13:03:08+00:00,station1,packet_loss_pct,0.0
2026-07-19T13:03:23+00:00,station1,packet_loss_pct,0.0
2026-07-19T13:03:38+00:00,station1,packet_loss_pct,0.0
2026-07-19T13:03:53+00:00,station1,packet_loss_pct,0.0
2026-07-19T13:04:08+00:00,station1,packet_loss_pct,25.0
2026-07-19T13:04:23+00:00,station1,packet_loss_pct,0.0
2026-07-19T13:04:38+00:00,station1,packet_loss_pct,25.0
2026-07-19T13:04:53+00:00,station1,packet_loss_pct,0.0
2026-07-19T13:05:08+00:00,station1,packet_loss_pct,0.0
2026-07-19T13:05:23+00:00,station1,packet_loss_pct,0.0
2026-07-19T13:05:38+00:00,station1,packet_loss_pct,25.0
2026-07-19T13:05:53+00:00,station1,packet_loss_pct,0.0
2026-07-19T13:06:08+00:00,station1,packet_loss_pct,0.0
2026-07-19T13:06:23+00:00,station1,packet_loss_pct,0.0
2026-07-19T13:06:38+00:00,station1,packet_loss_pct,0.0
2026-07-19T13:06:53+00:00,station1,packet_loss_pct,0.0
2026-07-19T13:07:08+00:00,station1,packet_loss_pct,25.0
2026-07-19T13:07:23+00:00,station1,packet_loss_pct,0.0
2026-07-19T13:07:38+00:00,station1,packet_loss_pct,0.0
2026-07-19T13:07:53+00:00,station1,packet_loss_pct,25.0
2026-07-19T13:08:08+00:00,station1,packet_loss_pct,0.0
2026-07-19T13:08:23+00:00,station1,packet_loss_pct,0.0
2026-07-19T13:08:38+00:00,station1,packet_loss_pct,25.0
2026-07-19T13:08:53+00:00,station1,packet_loss_pct,0.0
2026-07-19T13:09:08+00:00,station1,packet_loss_pct,0.0
2026-07-19T13:09:23+00:00,station1,packet_loss_pct,25.0
2026-07-19T13:09:38+00:00,station1,packet_loss_pct,40.0
2026-07-19T13:09:53+00:00,station1,packet_loss_pct,0.0
2026-07-19T13:10:08+00:00,station1,packet_loss_pct,0.0
2026-07-19T13:10:23+00:00,station1,packet_loss_pct,0.0
2026-07-19T13:10:38+00:00,station1,packet_loss_pct,0.0
2026-07-19T13:10:53+00:00,station1,packet_loss_pct,0.0
2026-07-19T13:11:08+00:00,station1,packet_loss_pct,0.0
2026-07-19T13:11:23+00:00,station1,packet_loss_pct,25.0
2026-07-19T13:11:38+00:00,station1,packet_loss_pct,25.0
2026-07-19T13:11:53+00:00,station1,packet_loss_pct,0.0
2026-07-19T13:12:08+00:00,station1,packet_loss_pct,0.0
2026-07-19T13:12:23+00:00,station1,packet_loss_pct,25.0
2026-07-19T13:12:38+00:00,station1,packet_loss_pct,25.0
2026-07-19T13:12:53+00:00,station1,packet_loss_pct,25.0
2026-07-19T13:13:08+00:00,station1,packet_loss_pct,0.0
2026-07-19T13:13:23+00:00,station1,packet_loss_pct,25.0
2026-07-19T13:13:38+00:00,station1,packet_loss_pct,0.0
2026-07-19T13:13:53+00:00,station1,packet_loss_pct,0.0
2026-07-19T13:14:08+00:00,station1,packet_loss_pct,0.0
2026-07-19T13:14:23+00:00,station1,packet_loss_pct,50.0
2026-07-19T13:14:38+00:00,station1,packet_loss_pct,0.0
2026-07-19T13:14:53+00:00,station1,packet_loss_pct,0.0
2026-07-19T13:15:23+00:00,station1,packet_loss_pct,0.0
2026-07-19T13:15:38+00:00,station1,packet_loss_pct,0.0
2026-07-19T13:15:53+00:00,station1,packet_loss_pct,0.0
2026-07-19T13:16:08+00:00,station1,packet_loss_pct,0.0
2026-07-19T13:16:23+00:00,station1,packet_loss_pct,0.0
2026-07-19T13:16:38+00:00,station1,packet_loss_pct,0.0
2026-07-19T13:16:53+00:00,station1,packet_loss_pct,0.0
2026-07-19T13:17:08+00:00,station1,packet_loss_pct,0.0
2026-07-19T13:17:23+00:00,station1,packet_loss_pct,0.0
2026-07-19T13:17:38+00:00,station1,packet_loss_pct,0.0
2026-07-19T13:17:53+00:00,station1,packet_loss_pct,0.0
2026-07-19T13:18:08+00:00,station1,packet_loss_pct,0.0
2026-07-19T13:18:23+00:00,station1,packet_loss_pct,0.0
2026-07-19T13:18:38+00:00,station1,packet_loss_pct,0.0
2026-07-19T13:18:53+00:00,station1,packet_loss_pct,0.0
2026-07-19T13:19:08+00:00,station1,packet_loss_pct,0.0
2026-07-19T13:19:23+00:00,station1,packet_loss_pct,0.0
2026-07-19T13:19:38+00:00,station1,packet_loss_pct,0.0
2026-07-19T13:19:53+00:00,station1,packet_loss_pct,0.0
2026-07-19T13:20:08+00:00,station1,packet_loss_pct,0.0
2026-07-19T13:20:23+00:00,station1,packet_loss_pct,0.0
2026-07-19T13:20:38+00:00,station1,packet_loss_pct,0.0
2026-07-19T13:20:53+00:00,station1,packet_loss_pct,0.0
2026-07-19T13:21:08+00:00,station1,packet_loss_pct,0.0
2026-07-19T13:21:23+00:00,station1,packet_loss_pct,0.0
2026-07-19T13:21:38+00:00,station1,packet_loss_pct,0.0
2026-07-19T13:21:53+00:00,station1,packet_loss_pct,0.0
2026-07-19T13:22:08+00:00,station1,packet_loss_pct,0.0
2026-07-19T13:22:23+00:00,station1,packet_loss_pct,0.0
2026-07-19T13:22:38+00:00,station1,packet_loss_pct,0.0
2026-07-19T13:22:53+00:00,station1,packet_loss_pct,0.0
2026-07-19T13:23:08+00:00,station1,packet_loss_pct,0.0
2026-07-19T13:23:23+00:00,station1,packet_loss_pct,0.0
2026-07-19T13:23:38+00:00,station1,packet_loss_pct,0.0
2026-07-19T13:23:53+00:00,station1,packet_loss_pct,0.0
2026-07-19T13:24:08+00:00,station1,packet_loss_pct,0.0
2026-07-19T13:24:23+00:00,station1,packet_loss_pct,0.0
2026-07-19T13:24:38+00:00,station1,packet_loss_pct,0.0
2026-07-19T13:24:53+00:00,station1,packet_loss_pct,0.0
2026-07-19T13:25:08+00:00,station1,packet_loss_pct,0.0
2026-07-19T13:25:23+00:00,station1,packet_loss_pct,0.0
2026-07-19T13:25:38+00:00,station1,packet_loss_pct,0.0
2026-07-19T13:25:53+00:00,station1,packet_loss_pct,0.0
2026-07-19T13:26:08+00:00,station1,packet_loss_pct,0.0
2026-07-19T13:26:23+00:00,station1,packet_loss_pct,0.0
2026-07-19T13:26:38+00:00,station1,packet_loss_pct,25.0
2026-07-19T13:26:53+00:00,station1,packet_loss_pct,0.0
2026-07-19T13:27:08+00:00,station1,packet_loss_pct,0.0
2026-07-19T13:27:23+00:00,station1,packet_loss_pct,0.0
2026-07-19T13:27:38+00:00,station1,packet_loss_pct,0.0
2026-07-19T13:27:53+00:00,station1,packet_loss_pct,25.0
2026-07-19T13:28:08+00:00,station1,packet_loss_pct,0.0
2026-07-19T13:28:23+00:00,station1,packet_loss_pct,0.0
2026-07-19T13:28:38+00:00,station1,packet_loss_pct,0.0
2026-07-19T13:28:53+00:00,station1,packet_loss_pct,0.0
2026-07-19T13:29:08+00:00,station1,packet_loss_pct,0.0
2026-07-19T13:29:23+00:00,station1,packet_loss_pct,25.0
2026-07-19T13:29:38+00:00,station1,packet_loss_pct,0.0
2026-07-19T13:29:53+00:00,station1,packet_loss_pct,0.0
2026-07-19T13:30:08+00:00,station1,packet_loss_pct,25.0
2026-07-19T13:30:23+00:00,station1,packet_loss_pct,25.0
2026-07-19T13:30:38+00:00,station1,packet_loss_pct,0.0
2026-07-19T13:30:53+00:00,station1,packet_loss_pct,0.0
2026-07-19T13:31:08+00:00,station1,packet_loss_pct,50.0
2026-07-19T13:31:23+00:00,station1,packet_loss_pct,0.0
2026-07-19T13:31:38+00:00,station1,packet_loss_pct,0.0
2026-07-19T13:31:53+00:00,station1,packet_loss_pct,0.0
2026-07-19T13:32:08+00:00,station1,packet_loss_pct,0.0
2026-07-19T13:32:23+00:00,station1,packet_loss_pct,0.0
2026-07-19T13:32:38+00:00,station1,packet_loss_pct,0.0
2026-07-19T13:32:53+00:00,station1,packet_loss_pct,0.0
2026-07-19T13:33:08+00:00,station1,packet_loss_pct,0.0
2026-07-19T13:33:23+00:00,station1,packet_loss_pct,25.0
2026-07-19T13:33:38+00:00,station1,packet_loss_pct,25.0
2026-07-19T13:33:53+00:00,station1,packet_loss_pct,0.0
2026-07-19T13:34:08+00:00,station1,packet_loss_pct,25.0
2026-07-19T13:34:23+00:00,station1,packet_loss_pct,0.0
2026-07-19T13:34:38+00:00,station1,packet_loss_pct,0.0
2026-07-19T13:34:53+00:00,station1,packet_loss_pct,0.0
2026-07-19T13:35:08+00:00,station1,packet_loss_pct,0.0
2026-07-19T13:35:23+00:00,station1,packet_loss_pct,0.0
2026-07-19T13:35:38+00:00,station1,packet_loss_pct,0.0
2026-07-19T13:35:53+00:00,station1,packet_loss_pct,0.0
2026-07-19T13:36:08+00:00,station1,packet_loss_pct,0.0
2026-07-19T13:36:23+00:00,station1,packet_loss_pct,0.0
2026-07-19T13:36:38+00:00,station1,packet_loss_pct,0.0
2026-07-19T13:36:53+00:00,station1,packet_loss_pct,0.0
2026-07-19T13:37:08+00:00,station1,packet_loss_pct,0.0
2026-07-19T13:37:23+00:00,station1,packet_loss_pct,0.0
2026-07-19T13:37:38+00:00,station1,packet_loss_pct,0.0
2026-07-19T13:37:53+00:00,station1,packet_loss_pct,0.0
2026-07-19T13:38:08+00:00,station1,packet_loss_pct,0.0
2026-07-19T13:38:23+00:00,station1,packet_loss_pct,0.0
2026-07-19T13:38:38+00:00,station1,packet_loss_pct,0.0
2026-07-19T13:38:53+00:00,station1,packet_loss_pct,0.0
2026-07-19T13:39:08+00:00,station1,packet_loss_pct,0.0
2026-07-19T13:39:23+00:00,station1,packet_loss_pct,0.0
2026-07-19T13:39:38+00:00,station1,packet_loss_pct,0.0
2026-07-19T13:39:53+00:00,station1,packet_loss_pct,0.0
2026-07-19T13:40:08+00:00,station1,packet_loss_pct,0.0
2026-07-19T13:40:23+00:00,station1,packet_loss_pct,0.0
2026-07-19T13:40:38+00:00,station1,packet_loss_pct,0.0
2026-07-19T13:40:53+00:00,station1,packet_loss_pct,0.0
2026-07-19T13:41:08+00:00,station1,packet_loss_pct,0.0
2026-07-19T13:41:23+00:00,station1,packet_loss_pct,0.0
2026-07-19T13:41:38+00:00,station1,packet_loss_pct,0.0
2026-07-19T13:41:53+00:00,station1,packet_loss_pct,0.0
2026-07-19T13:42:08+00:00,station1,packet_loss_pct,0.0
2026-07-19T13:42:23+00:00,station1,packet_loss_pct,0.0
2026-07-19T13:42:38+00:00,station1,packet_loss_pct,0.0
2026-07-19T13:42:53+00:00,station1,packet_loss_pct,0.0
2026-07-19T13:43:08+00:00,station1,packet_loss_pct,0.0
2026-07-19T13:43:23+00:00,station1,packet_loss_pct,0.0
2026-07-19T13:43:38+00:00,station1,packet_loss_pct,0.0
2026-07-19T13:43:53+00:00,station1,packet_loss_pct,0.0
2026-07-19T13:44:08+00:00,station1,packet_loss_pct,0.0
2026-07-19T13:44:23+00:00,station1,packet_loss_pct,0.0
2026-07-19T13:44:38+00:00,station1,packet_loss_pct,0.0
2026-07-19T13:44:53+00:00,station1,packet_loss_pct,0.0
2026-07-19T13:45:08+00:00,station1,packet_loss_pct,0.0
2026-07-19T13:45:23+00:00,station1,packet_loss_pct,0.0
2026-07-19T13:45:38+00:00,station1,packet_loss_pct,0.0
2026-07-19T13:45:53+00:00,station1,packet_loss_pct,0.0
2026-07-19T13:46:08+00:00,station1,packet_loss_pct,25.0
2026-07-19T13:46:23+00:00,station1,packet_loss_pct,0.0
2026-07-19T13:46:38+00:00,station1,packet_loss_pct,0.0
2026-07-19T13:46:53+00:00,station1,packet_loss_pct,0.0
2026-07-19T13:47:08+00:00,station1,packet_loss_pct,0.0
2026-07-19T13:47:23+00:00,station1,packet_loss_pct,0.0
2026-07-19T13:47:38+00:00,station1,packet_loss_pct,0.0
2026-07-19T13:47:53+00:00,station1,packet_loss_pct,0.0
2026-07-19T13:48:08+00:00,station1,packet_loss_pct,0.0
2026-07-19T13:48:23+00:00,station1,packet_loss_pct,0.0
2026-07-19T13:48:38+00:00,station1,packet_loss_pct,0.0
2026-07-19T13:48:53+00:00,station1,packet_loss_pct,0.0
2026-07-19T13:49:08+00:00,station1,packet_loss_pct,0.0
2026-07-19T13:49:23+00:00,station1,packet_loss_pct,0.0
2026-07-19T13:49:38+00:00,station1,packet_loss_pct,0.0
2026-07-19T13:49:53+00:00,station1,packet_loss_pct,0.0
2026-07-19T13:50:08+00:00,station1,packet_loss_pct,0.0
2026-07-19T13:50:23+00:00,station1,packet_loss_pct,0.0
2026-07-19T13:50:38+00:00,station1,packet_loss_pct,0.0
2026-07-19T13:50:53+00:00,station1,packet_loss_pct,0.0
2026-07-19T13:51:08+00:00,station1,packet_loss_pct,0.0
2026-07-19T13:51:23+00:00,station1,packet_loss_pct,0.0
2026-07-19T13:51:38+00:00,station1,packet_loss_pct,25.0
2026-07-19T13:51:53+00:00,station1,packet_loss_pct,0.0
2026-07-19T13:52:08+00:00,station1,packet_loss_pct,0.0
2026-07-19T13:52:23+00:00,station1,packet_loss_pct,0.0
2026-07-19T13:52:38+00:00,station1,packet_loss_pct,0.0
2026-07-19T13:52:53+00:00,station1,packet_loss_pct,0.0
2026-07-19T13:53:08+00:00,station1,packet_loss_pct,0.0
2026-07-19T13:53:23+00:00,station1,packet_loss_pct,0.0
2026-07-19T13:53:38+00:00,station1,packet_loss_pct,0.0
2026-07-19T13:53:53+00:00,station1,packet_loss_pct,0.0
2026-07-19T13:54:08+00:00,station1,packet_loss_pct,0.0
2026-07-19T13:54:23+00:00,station1,packet_loss_pct,0.0
2026-07-19T13:54:38+00:00,station1,packet_loss_pct,0.0
2026-07-19T13:54:53+00:00,station1,packet_loss_pct,0.0
2026-07-19T13:55:08+00:00,station1,packet_loss_pct,0.0
2026-07-19T13:55:23+00:00,station1,packet_loss_pct,0.0
2026-07-19T13:55:38+00:00,station1,packet_loss_pct,0.0
2026-07-19T13:55:53+00:00,station1,packet_loss_pct,0.0
2026-07-19T13:56:08+00:00,station1,packet_loss_pct,0.0
2026-07-19T13:56:23+00:00,station1,packet_loss_pct,0.0
2026-07-19T13:56:38+00:00,station1,packet_loss_pct,0.0
2026-07-19T13:56:53+00:00,station1,packet_loss_pct,0.0
2026-07-19T13:57:08+00:00,station1,packet_loss_pct,0.0
2026-07-19T13:57:23+00:00,station1,packet_loss_pct,0.0
2026-07-19T13:57:38+00:00,station1,packet_loss_pct,0.0
2026-07-19T13:57:53+00:00,station1,packet_loss_pct,0.0
2026-07-19T13:58:08+00:00,station1,packet_loss_pct,0.0
2026-07-19T13:58:23+00:00,station1,packet_loss_pct,0.0
2026-07-19T13:58:38+00:00,station1,packet_loss_pct,0.0
2026-07-19T13:58:53+00:00,station1,packet_loss_pct,0.0
2026-07-19T13:59:08+00:00,station1,packet_loss_pct,0.0
2026-07-19T13:59:23+00:00,station1,packet_loss_pct,0.0
2026-07-19T13:59:38+00:00,station1,packet_loss_pct,0.0
2026-07-19T13:59:53+00:00,station1,packet_loss_pct,0.0
2026-07-19T14:00:08+00:00,station1,packet_loss_pct,0.0
2026-07-19T14:00:23+00:00,station1,packet_loss_pct,0.0
2026-07-19T14:00:38+00:00,station1,packet_loss_pct,0.0
2026-07-19T14:00:53+00:00,station1,packet_loss_pct,0.0
2026-07-19T14:01:08+00:00,station1,packet_loss_pct,0.0
2026-07-19T14:01:23+00:00,station1,packet_loss_pct,0.0
2026-07-19T14:01:38+00:00,station1,packet_loss_pct,0.0
2026-07-19T14:01:53+00:00,station1,packet_loss_pct,0.0
2026-07-19T14:02:08+00:00,station1,packet_loss_pct,0.0
2026-07-19T14:02:23+00:00,station1,packet_loss_pct,0.0
2026-07-19T14:02:38+00:00,station1,packet_loss_pct,0.0
2026-07-19T14:02:53+00:00,station1,packet_loss_pct,0.0
2026-07-19T14:03:08+00:00,station1,packet_loss_pct,0.0
2026-07-19T14:03:23+00:00,station1,packet_loss_pct,0.0
2026-07-19T14:03:38+00:00,station1,packet_loss_pct,0.0
2026-07-19T14:03:53+00:00,station1,packet_loss_pct,0.0
2026-07-19T14:04:08+00:00,station1,packet_loss_pct,0.0
2026-07-19T14:04:23+00:00,station1,packet_loss_pct,0.0
2026-07-19T14:04:38+00:00,station1,packet_loss_pct,0.0
2026-07-19T14:04:53+00:00,station1,packet_loss_pct,0.0
2026-07-19T14:05:08+00:00,station1,packet_loss_pct,0.0
2026-07-19T14:05:23+00:00,station1,packet_loss_pct,0.0
2026-07-19T14:05:38+00:00,station1,packet_loss_pct,0.0
2026-07-19T14:05:53+00:00,station1,packet_loss_pct,0.0
2026-07-19T14:06:08+00:00,station1,packet_loss_pct,0.0
2026-07-19T14:06:23+00:00,station1,packet_loss_pct,0.0
2026-07-19T14:06:38+00:00,station1,packet_loss_pct,0.0
2026-07-19T14:06:53+00:00,station1,packet_loss_pct,0.0
2026-07-19T14:07:08+00:00,station1,packet_loss_pct,0.0
2026-07-19T14:07:23+00:00,station1,packet_loss_pct,0.0
2026-07-19T14:07:38+00:00,station1,packet_loss_pct,0.0
2026-07-19T14:07:53+00:00,station1,packet_loss_pct,0.0
2026-07-19T14:08:08+00:00,station1,packet_loss_pct,0.0
2026-07-19T14:08:23+00:00,station1,packet_loss_pct,0.0
2026-07-19T14:08:38+00:00,station1,packet_loss_pct,0.0
2026-07-19T14:08:53+00:00,station1,packet_loss_pct,0.0
2026-07-19T14:09:08+00:00,station1,packet_loss_pct,0.0
2026-07-19T14:09:23+00:00,station1,packet_loss_pct,0.0
2026-07-19T14:09:38+00:00,station1,packet_loss_pct,0.0
2026-07-19T14:09:53+00:00,station1,packet_loss_pct,0.0
2026-07-19T14:10:08+00:00,station1,packet_loss_pct,0.0
2026-07-19T14:10:23+00:00,station1,packet_loss_pct,0.0
2026-07-19T14:10:38+00:00,station1,packet_loss_pct,0.0
2026-07-19T14:10:53+00:00,station1,packet_loss_pct,0.0
2026-07-19T14:11:08+00:00,station1,packet_loss_pct,0.0
2026-07-19T14:11:23+00:00,station1,packet_loss_pct,0.0
2026-07-19T14:11:38+00:00,station1,packet_loss_pct,0.0
2026-07-19T14:11:53+00:00,station1,packet_loss_pct,0.0
2026-07-19T14:12:08+00:00,station1,packet_loss_pct,0.0
2026-07-19T14:12:23+00:00,station1,packet_loss_pct,0.0
2026-07-19T14:12:38+00:00,station1,packet_loss_pct,0.0
2026-07-19T14:12:53+00:00,station1,packet_loss_pct,0.0
2026-07-19T14:13:08+00:00,station1,packet_loss_pct,0.0
2026-07-19T14:13:23+00:00,station1,packet_loss_pct,0.0
2026-07-19T14:13:38+00:00,station1,packet_loss_pct,0.0
2026-07-19T14:13:53+00:00,station1,packet_loss_pct,0.0
2026-07-19T14:14:08+00:00,station1,packet_loss_pct,0.0
2026-07-19T14:14:23+00:00,station1,packet_loss_pct,0.0
2026-07-19T14:14:38+00:00,station1,packet_loss_pct,0.0
2026-07-19T14:14:53+00:00,station1,packet_loss_pct,0.0
2026-07-19T14:15:08+00:00,station1,packet_loss_pct,0.0
2026-07-19T14:15:23+00:00,station1,packet_loss_pct,0.0
2026-07-19T14:15:38+00:00,station1,packet_loss_pct,0.0
2026-07-19T14:15:53+00:00,station1,packet_loss_pct,0.0
2026-07-19T14:16:08+00:00,station1,packet_loss_pct,0.0
2026-07-19T12:05:23+00:00,station2,packet_loss_pct,0.0
2026-07-19T12:05:38+00:00,station2,packet_loss_pct,0.0
2026-07-19T12:05:53+00:00,station2,packet_loss_pct,0.0
2026-07-19T12:06:08+00:00,station2,packet_loss_pct,0.0
2026-07-19T12:06:23+00:00,station2,packet_loss_pct,0.0
2026-07-19T12:06:38+00:00,station2,packet_loss_pct,0.0
2026-07-19T12:06:53+00:00,station2,packet_loss_pct,0.0
2026-07-19T12:07:08+00:00,station2,packet_loss_pct,0.0
2026-07-19T12:07:23+00:00,station2,packet_loss_pct,0.0
2026-07-19T12:07:38+00:00,station2,packet_loss_pct,0.0
2026-07-19T12:07:53+00:00,station2,packet_loss_pct,0.0
2026-07-19T12:08:08+00:00,station2,packet_loss_pct,0.0
2026-07-19T12:08:23+00:00,station2,packet_loss_pct,0.0
2026-07-19T12:08:38+00:00,station2,packet_loss_pct,0.0
2026-07-19T12:08:53+00:00,station2,packet_loss_pct,0.0
2026-07-19T12:09:08+00:00,station2,packet_loss_pct,0.0
2026-07-19T12:09:23+00:00,station2,packet_loss_pct,0.0
2026-07-19T12:09:38+00:00,station2,packet_loss_pct,0.0
2026-07-19T12:09:53+00:00,station2,packet_loss_pct,0.0
2026-07-19T12:10:08+00:00,station2,packet_loss_pct,0.0
2026-07-19T12:10:23+00:00,station2,packet_loss_pct,0.0
2026-07-19T12:10:38+00:00,station2,packet_loss_pct,0.0
2026-07-19T12:10:53+00:00,station2,packet_loss_pct,0.0
2026-07-19T12:11:08+00:00,station2,packet_loss_pct,0.0
2026-07-19T12:11:23+00:00,station2,packet_loss_pct,0.0
2026-07-19T12:11:38+00:00,station2,packet_loss_pct,0.0
2026-07-19T12:11:53+00:00,station2,packet_loss_pct,0.0
2026-07-19T12:12:08+00:00,station2,packet_loss_pct,0.0
2026-07-19T12:12:23+00:00,station2,packet_loss_pct,0.0
2026-07-19T12:12:38+00:00,station2,packet_loss_pct,0.0
2026-07-19T12:12:53+00:00,station2,packet_loss_pct,0.0
2026-07-19T12:13:08+00:00,station2,packet_loss_pct,0.0
2026-07-19T12:13:23+00:00,station2,packet_loss_pct,0.0
2026-07-19T12:13:38+00:00,station2,packet_loss_pct,0.0
2026-07-19T12:13:53+00:00,station2,packet_loss_pct,0.0
2026-07-19T12:14:08+00:00,station2,packet_loss_pct,0.0
2026-07-19T12:14:23+00:00,station2,packet_loss_pct,0.0
2026-07-19T12:14:38+00:00,station2,packet_loss_pct,0.0
2026-07-19T12:14:53+00:00,station2,packet_loss_pct,0.0
2026-07-19T12:15:08+00:00,station2,packet_loss_pct,0.0
2026-07-19T12:15:23+00:00,station2,packet_loss_pct,0.0
2026-07-19T12:15:38+00:00,station2,packet_loss_pct,0.0
2026-07-19T12:15:53+00:00,station2,packet_loss_pct,0.0
2026-07-19T12:16:08+00:00,station2,packet_loss_pct,0.0
2026-07-19T12:16:23+00:00,station2,packet_loss_pct,0.0
2026-07-19T12:16:38+00:00,station2,packet_loss_pct,0.0
2026-07-19T12:16:53+00:00,station2,packet_loss_pct,0.0
2026-07-19T12:17:08+00:00,station2,packet_loss_pct,0.0
2026-07-19T12:17:23+00:00,station2,packet_loss_pct,0.0
2026-07-19T12:17:38+00:00,station2,packet_loss_pct,0.0
2026-07-19T12:17:53+00:00,station2,packet_loss_pct,0.0
2026-07-19T12:18:08+00:00,station2,packet_loss_pct,25.0
2026-07-19T12:18:23+00:00,station2,packet_loss_pct,0.0
2026-07-19T12:18:38+00:00,station2,packet_loss_pct,0.0
2026-07-19T12:18:53+00:00,station2,packet_loss_pct,0.0
2026-07-19T12:19:08+00:00,station2,packet_loss_pct,0.0
2026-07-19T12:19:23+00:00,station2,packet_loss_pct,0.0
2026-07-19T12:19:38+00:00,station2,packet_loss_pct,0.0
2026-07-19T12:19:53+00:00,station2,packet_loss_pct,0.0
2026-07-19T12:20:08+00:00,station2,packet_loss_pct,25.0
2026-07-19T12:20:23+00:00,station2,packet_loss_pct,0.0
2026-07-19T12:20:38+00:00,station2,packet_loss_pct,0.0
2026-07-19T12:20:53+00:00,station2,packet_loss_pct,0.0
2026-07-19T12:21:08+00:00,station2,packet_loss_pct,0.0
2026-07-19T12:21:23+00:00,station2,packet_loss_pct,0.0
2026-07-19T12:21:38+00:00,station2,packet_loss_pct,0.0
2026-07-19T12:21:53+00:00,station2,packet_loss_pct,0.0
2026-07-19T12:22:08+00:00,station2,packet_loss_pct,0.0
2026-07-19T12:22:23+00:00,station2,packet_loss_pct,0.0
2026-07-19T12:22:38+00:00,station2,packet_loss_pct,0.0
2026-07-19T12:22:53+00:00,station2,packet_loss_pct,0.0
2026-07-19T12:23:08+00:00,station2,packet_loss_pct,0.0
2026-07-19T12:23:23+00:00,station2,packet_loss_pct,0.0
2026-07-19T12:23:38+00:00,station2,packet_loss_pct,0.0
2026-07-19T12:23:53+00:00,station2,packet_loss_pct,0.0
2026-07-19T12:24:08+00:00,station2,packet_loss_pct,0.0
2026-07-19T12:24:23+00:00,station2,packet_loss_pct,0.0
2026-07-19T12:24:38+00:00,station2,packet_loss_pct,25.0
2026-07-19T12:24:53+00:00,station2,packet_loss_pct,0.0
2026-07-19T12:25:08+00:00,station2,packet_loss_pct,0.0
2026-07-19T12:25:23+00:00,station2,packet_loss_pct,0.0
2026-07-19T12:25:38+00:00,station2,packet_loss_pct,0.0
2026-07-19T12:25:53+00:00,station2,packet_loss_pct,0.0
2026-07-19T12:26:08+00:00,station2,packet_loss_pct,0.0
2026-07-19T12:26:23+00:00,station2,packet_loss_pct,0.0
2026-07-19T12:26:38+00:00,station2,packet_loss_pct,0.0
2026-07-19T12:26:53+00:00,station2,packet_loss_pct,25.0
2026-07-19T12:27:08+00:00,station2,packet_loss_pct,0.0
2026-07-19T12:27:23+00:00,station2,packet_loss_pct,25.0
2026-07-19T12:27:38+00:00,station2,packet_loss_pct,0.0
2026-07-19T12:27:53+00:00,station2,packet_loss_pct,0.0
2026-07-19T12:28:08+00:00,station2,packet_loss_pct,0.0
2026-07-19T12:28:23+00:00,station2,packet_loss_pct,0.0
2026-07-19T12:28:38+00:00,station2,packet_loss_pct,0.0
2026-07-19T12:28:53+00:00,station2,packet_loss_pct,0.0
2026-07-19T12:29:08+00:00,station2,packet_loss_pct,0.0
2026-07-19T12:29:23+00:00,station2,packet_loss_pct,0.0
2026-07-19T12:29:38+00:00,station2,packet_loss_pct,0.0
2026-07-19T12:29:53+00:00,station2,packet_loss_pct,0.0
2026-07-19T12:30:08+00:00,station2,packet_loss_pct,0.0
2026-07-19T12:30:23+00:00,station2,packet_loss_pct,0.0
2026-07-19T12:30:38+00:00,station2,packet_loss_pct,0.0
2026-07-19T12:30:53+00:00,station2,packet_loss_pct,0.0
2026-07-19T12:31:08+00:00,station2,packet_loss_pct,0.0
2026-07-19T12:31:23+00:00,station2,packet_loss_pct,0.0
2026-07-19T12:31:38+00:00,station2,packet_loss_pct,0.0
2026-07-19T12:31:53+00:00,station2,packet_loss_pct,0.0
2026-07-19T12:32:08+00:00,station2,packet_loss_pct,0.0
2026-07-19T12:32:23+00:00,station2,packet_loss_pct,0.0
2026-07-19T12:32:38+00:00,station2,packet_loss_pct,0.0
2026-07-19T12:32:53+00:00,station2,packet_loss_pct,0.0
2026-07-19T12:33:08+00:00,station2,packet_loss_pct,0.0
2026-07-19T12:33:23+00:00,station2,packet_loss_pct,0.0
2026-07-19T12:33:38+00:00,station2,packet_loss_pct,0.0
2026-07-19T12:33:53+00:00,station2,packet_loss_pct,0.0
2026-07-19T12:34:08+00:00,station2,packet_loss_pct,0.0
2026-07-19T12:34:23+00:00,station2,packet_loss_pct,0.0
2026-07-19T12:34:38+00:00,station2,packet_loss_pct,0.0
2026-07-19T12:34:53+00:00,station2,packet_loss_pct,0.0
2026-07-19T12:35:08+00:00,station2,packet_loss_pct,0.0
2026-07-19T12:35:23+00:00,station2,packet_loss_pct,0.0
2026-07-19T12:35:38+00:00,station2,packet_loss_pct,0.0
2026-07-19T12:35:53+00:00,station2,packet_loss_pct,0.0
2026-07-19T12:36:08+00:00,station2,packet_loss_pct,0.0
2026-07-19T12:36:23+00:00,station2,packet_loss_pct,0.0
2026-07-19T12:36:38+00:00,station2,packet_loss_pct,0.0
2026-07-19T12:36:53+00:00,station2,packet_loss_pct,0.0
2026-07-19T12:37:08+00:00,station2,packet_loss_pct,0.0
2026-07-19T12:37:23+00:00,station2,packet_loss_pct,0.0
2026-07-19T12:37:38+00:00,station2,packet_loss_pct,0.0
2026-07-19T12:37:53+00:00,station2,packet_loss_pct,0.0
2026-07-19T12:38:08+00:00,station2,packet_loss_pct,0.0
2026-07-19T12:38:23+00:00,station2,packet_loss_pct,0.0
2026-07-19T12:38:38+00:00,station2,packet_loss_pct,0.0
2026-07-19T12:38:53+00:00,station2,packet_loss_pct,0.0
2026-07-19T12:39:08+00:00,station2,packet_loss_pct,0.0
2026-07-19T12:39:23+00:00,station2,packet_loss_pct,0.0
2026-07-19T12:39:38+00:00,station2,packet_loss_pct,0.0
2026-07-19T12:39:53+00:00,station2,packet_loss_pct,0.0
2026-07-19T12:40:08+00:00,station2,packet_loss_pct,0.0
2026-07-19T12:40:23+00:00,station2,packet_loss_pct,0.0
2026-07-19T12:40:38+00:00,station2,packet_loss_pct,0.0
2026-07-19T12:40:53+00:00,station2,packet_loss_pct,0.0
2026-07-19T12:41:08+00:00,station2,packet_loss_pct,0.0
2026-07-19T12:41:23+00:00,station2,packet_loss_pct,0.0
2026-07-19T12:41:38+00:00,station2,packet_loss_pct,0.0
2026-07-19T12:41:53+00:00,station2,packet_loss_pct,0.0
2026-07-19T12:42:08+00:00,station2,packet_loss_pct,0.0
2026-07-19T12:42:23+00:00,station2,packet_loss_pct,0.0
2026-07-19T12:42:38+00:00,station2,packet_loss_pct,0.0
2026-07-19T12:42:53+00:00,station2,packet_loss_pct,0.0
2026-07-19T12:43:08+00:00,station2,packet_loss_pct,0.0
2026-07-19T12:43:23+00:00,station2,packet_loss_pct,0.0
2026-07-19T12:43:38+00:00,station2,packet_loss_pct,0.0
2026-07-19T12:43:53+00:00,station2,packet_loss_pct,0.0
2026-07-19T12:44:08+00:00,station2,packet_loss_pct,0.0
2026-07-19T12:44:23+00:00,station2,packet_loss_pct,25.0
2026-07-19T12:44:38+00:00,station2,packet_loss_pct,0.0
2026-07-19T12:44:53+00:00,station2,packet_loss_pct,0.0
2026-07-19T12:45:08+00:00,station2,packet_loss_pct,25.0
2026-07-19T12:45:23+00:00,station2,packet_loss_pct,0.0
2026-07-19T12:45:38+00:00,station2,packet_loss_pct,0.0
2026-07-19T12:45:53+00:00,station2,packet_loss_pct,0.0
2026-07-19T12:46:08+00:00,station2,packet_loss_pct,0.0
2026-07-19T12:46:23+00:00,station2,packet_loss_pct,0.0
2026-07-19T12:46:38+00:00,station2,packet_loss_pct,0.0
2026-07-19T12:46:53+00:00,station2,packet_loss_pct,0.0
2026-07-19T12:47:08+00:00,station2,packet_loss_pct,0.0
2026-07-19T12:47:23+00:00,station2,packet_loss_pct,0.0
2026-07-19T12:47:38+00:00,station2,packet_loss_pct,0.0
2026-07-19T12:47:53+00:00,station2,packet_loss_pct,0.0
2026-07-19T12:48:08+00:00,station2,packet_loss_pct,0.0
2026-07-19T12:48:23+00:00,station2,packet_loss_pct,0.0
2026-07-19T12:48:38+00:00,station2,packet_loss_pct,0.0
2026-07-19T12:48:53+00:00,station2,packet_loss_pct,0.0
2026-07-19T12:49:08+00:00,station2,packet_loss_pct,0.0
2026-07-19T12:49:23+00:00,station2,packet_loss_pct,0.0
2026-07-19T12:49:38+00:00,station2,packet_loss_pct,0.0
2026-07-19T12:49:53+00:00,station2,packet_loss_pct,0.0
2026-07-19T12:50:08+00:00,station2,packet_loss_pct,0.0
2026-07-19T12:50:23+00:00,station2,packet_loss_pct,0.0
2026-07-19T12:50:38+00:00,station2,packet_loss_pct,0.0
2026-07-19T12:50:53+00:00,station2,packet_loss_pct,0.0
2026-07-19T12:51:08+00:00,station2,packet_loss_pct,0.0
2026-07-19T12:51:23+00:00,station2,packet_loss_pct,0.0
2026-07-19T12:51:38+00:00,station2,packet_loss_pct,0.0
2026-07-19T12:51:53+00:00,station2,packet_loss_pct,0.0
2026-07-19T12:52:08+00:00,station2,packet_loss_pct,0.0
2026-07-19T12:52:23+00:00,station2,packet_loss_pct,0.0
2026-07-19T12:52:38+00:00,station2,packet_loss_pct,0.0
2026-07-19T12:52:53+00:00,station2,packet_loss_pct,0.0
2026-07-19T12:53:08+00:00,station2,packet_loss_pct,0.0
2026-07-19T12:53:23+00:00,station2,packet_loss_pct,0.0
2026-07-19T12:53:38+00:00,station2,packet_loss_pct,0.0
2026-07-19T12:53:53+00:00,station2,packet_loss_pct,0.0
2026-07-19T12:54:08+00:00,station2,packet_loss_pct,0.0
2026-07-19T12:54:23+00:00,station2,packet_loss_pct,0.0
2026-07-19T12:54:38+00:00,station2,packet_loss_pct,0.0
2026-07-19T12:54:53+00:00,station2,packet_loss_pct,0.0
2026-07-19T12:55:08+00:00,station2,packet_loss_pct,0.0
2026-07-19T12:55:23+00:00,station2,packet_loss_pct,0.0
2026-07-19T12:55:38+00:00,station2,packet_loss_pct,0.0
2026-07-19T12:55:53+00:00,station2,packet_loss_pct,0.0
2026-07-19T12:56:08+00:00,station2,packet_loss_pct,0.0
2026-07-19T12:56:23+00:00,station2,packet_loss_pct,0.0
2026-07-19T12:56:38+00:00,station2,packet_loss_pct,0.0
2026-07-19T12:56:53+00:00,station2,packet_loss_pct,0.0
2026-07-19T12:57:08+00:00,station2,packet_loss_pct,0.0
2026-07-19T12:57:23+00:00,station2,packet_loss_pct,0.0
2026-07-19T12:57:38+00:00,station2,packet_loss_pct,0.0
2026-07-19T12:57:53+00:00,station2,packet_loss_pct,0.0
2026-07-19T12:58:08+00:00,station2,packet_loss_pct,0.0
2026-07-19T12:58:23+00:00,station2,packet_loss_pct,0.0
2026-07-19T12:58:38+00:00,station2,packet_loss_pct,0.0
2026-07-19T12:58:53+00:00,station2,packet_loss_pct,0.0
2026-07-19T12:59:08+00:00,station2,packet_loss_pct,0.0
2026-07-19T12:59:23+00:00,station2,packet_loss_pct,0.0
2026-07-19T12:59:38+00:00,station2,packet_loss_pct,0.0
2026-07-19T12:59:53+00:00,station2,packet_loss_pct,0.0
2026-07-19T13:00:08+00:00,station2,packet_loss_pct,0.0
2026-07-19T13:00:23+00:00,station2,packet_loss_pct,0.0
2026-07-19T13:00:38+00:00,station2,packet_loss_pct,0.0
2026-07-19T13:00:53+00:00,station2,packet_loss_pct,0.0
2026-07-19T13:01:08+00:00,station2,packet_loss_pct,25.0
2026-07-19T13:01:23+00:00,station2,packet_loss_pct,0.0
2026-07-19T13:01:38+00:00,station2,packet_loss_pct,0.0
2026-07-19T13:01:53+00:00,station2,packet_loss_pct,0.0
2026-07-19T13:02:08+00:00,station2,packet_loss_pct,0.0
2026-07-19T13:02:23+00:00,station2,packet_loss_pct,0.0
2026-07-19T13:02:38+00:00,station2,packet_loss_pct,0.0
2026-07-19T13:02:53+00:00,station2,packet_loss_pct,25.0
2026-07-19T13:03:08+00:00,station2,packet_loss_pct,0.0
2026-07-19T13:03:23+00:00,station2,packet_loss_pct,25.0
2026-07-19T13:03:38+00:00,station2,packet_loss_pct,0.0
2026-07-19T13:03:53+00:00,station2,packet_loss_pct,0.0
2026-07-19T13:04:08+00:00,station2,packet_loss_pct,0.0
2026-07-19T13:04:23+00:00,station2,packet_loss_pct,0.0
2026-07-19T13:04:38+00:00,station2,packet_loss_pct,25.0
2026-07-19T13:04:53+00:00,station2,packet_loss_pct,0.0
2026-07-19T13:05:08+00:00,station2,packet_loss_pct,0.0
2026-07-19T13:05:23+00:00,station2,packet_loss_pct,0.0
2026-07-19T13:05:38+00:00,station2,packet_loss_pct,0.0
2026-07-19T13:05:53+00:00,station2,packet_loss_pct,0.0
2026-07-19T13:06:08+00:00,station2,packet_loss_pct,0.0
2026-07-19T13:06:23+00:00,station2,packet_loss_pct,25.0
2026-07-19T13:06:38+00:00,station2,packet_loss_pct,0.0
2026-07-19T13:06:53+00:00,station2,packet_loss_pct,25.0
2026-07-19T13:07:08+00:00,station2,packet_loss_pct,0.0
2026-07-19T13:07:23+00:00,station2,packet_loss_pct,0.0
2026-07-19T13:07:38+00:00,station2,packet_loss_pct,0.0
2026-07-19T13:07:53+00:00,station2,packet_loss_pct,25.0
2026-07-19T13:08:08+00:00,station2,packet_loss_pct,0.0
2026-07-19T13:08:23+00:00,station2,packet_loss_pct,0.0
2026-07-19T13:08:38+00:00,station2,packet_loss_pct,25.0
2026-07-19T13:08:53+00:00,station2,packet_loss_pct,0.0
2026-07-19T13:09:08+00:00,station2,packet_loss_pct,0.0
2026-07-19T13:09:23+00:00,station2,packet_loss_pct,0.0
2026-07-19T13:09:38+00:00,station2,packet_loss_pct,25.0
2026-07-19T13:09:53+00:00,station2,packet_loss_pct,25.0
2026-07-19T13:10:08+00:00,station2,packet_loss_pct,0.0
2026-07-19T13:10:23+00:00,station2,packet_loss_pct,0.0
2026-07-19T13:10:38+00:00,station2,packet_loss_pct,0.0
2026-07-19T13:10:53+00:00,station2,packet_loss_pct,0.0
2026-07-19T13:11:08+00:00,station2,packet_loss_pct,25.0
2026-07-19T13:11:23+00:00,station2,packet_loss_pct,0.0
2026-07-19T13:11:38+00:00,station2,packet_loss_pct,0.0
2026-07-19T13:11:53+00:00,station2,packet_loss_pct,0.0
2026-07-19T13:12:08+00:00,station2,packet_loss_pct,0.0
2026-07-19T13:12:23+00:00,station2,packet_loss_pct,0.0
2026-07-19T13:12:38+00:00,station2,packet_loss_pct,25.0
2026-07-19T13:12:53+00:00,station2,packet_loss_pct,0.0
2026-07-19T13:13:08+00:00,station2,packet_loss_pct,0.0
2026-07-19T13:13:23+00:00,station2,packet_loss_pct,25.0
2026-07-19T13:13:38+00:00,station2,packet_loss_pct,0.0
2026-07-19T13:13:53+00:00,station2,packet_loss_pct,0.0
2026-07-19T13:14:08+00:00,station2,packet_loss_pct,25.0
2026-07-19T13:14:23+00:00,station2,packet_loss_pct,0.0
2026-07-19T13:14:38+00:00,station2,packet_loss_pct,0.0
2026-07-19T13:14:53+00:00,station2,packet_loss_pct,0.0
2026-07-19T13:15:08+00:00,station2,packet_loss_pct,0.0
2026-07-19T13:15:23+00:00,station2,packet_loss_pct,0.0
2026-07-19T13:15:38+00:00,station2,packet_loss_pct,0.0
2026-07-19T13:15:53+00:00,station2,packet_loss_pct,0.0
2026-07-19T13:16:08+00:00,station2,packet_loss_pct,0.0
2026-07-19T13:16:23+00:00,station2,packet_loss_pct,0.0
2026-07-19T13:16:38+00:00,station2,packet_loss_pct,0.0
2026-07-19T13:16:53+00:00,station2,packet_loss_pct,0.0
2026-07-19T13:17:08+00:00,station2,packet_loss_pct,0.0
2026-07-19T13:17:23+00:00,station2,packet_loss_pct,0.0
2026-07-19T13:17:38+00:00,station2,packet_loss_pct,0.0
2026-07-19T13:17:53+00:00,station2,packet_loss_pct,0.0
2026-07-19T13:18:08+00:00,station2,packet_loss_pct,0.0
2026-07-19T13:18:23+00:00,station2,packet_loss_pct,0.0
2026-07-19T13:18:38+00:00,station2,packet_loss_pct,0.0
2026-07-19T13:18:53+00:00,station2,packet_loss_pct,0.0
2026-07-19T13:19:08+00:00,station2,packet_loss_pct,0.0
2026-07-19T13:19:23+00:00,station2,packet_loss_pct,0.0
2026-07-19T13:19:38+00:00,station2,packet_loss_pct,0.0
2026-07-19T13:19:53+00:00,station2,packet_loss_pct,0.0
2026-07-19T13:20:08+00:00,station2,packet_loss_pct,0.0
2026-07-19T13:20:23+00:00,station2,packet_loss_pct,0.0
2026-07-19T13:20:38+00:00,station2,packet_loss_pct,0.0
2026-07-19T13:20:53+00:00,station2,packet_loss_pct,0.0
2026-07-19T13:21:08+00:00,station2,packet_loss_pct,0.0
2026-07-19T13:21:23+00:00,station2,packet_loss_pct,0.0
2026-07-19T13:21:38+00:00,station2,packet_loss_pct,0.0
2026-07-19T13:21:53+00:00,station2,packet_loss_pct,0.0
2026-07-19T13:22:08+00:00,station2,packet_loss_pct,0.0
2026-07-19T13:22:23+00:00,station2,packet_loss_pct,0.0
2026-07-19T13:22:38+00:00,station2,packet_loss_pct,0.0
2026-07-19T13:22:53+00:00,station2,packet_loss_pct,0.0
2026-07-19T13:23:08+00:00,station2,packet_loss_pct,0.0
2026-07-19T13:23:23+00:00,station2,packet_loss_pct,0.0
2026-07-19T13:23:38+00:00,station2,packet_loss_pct,0.0
2026-07-19T13:23:53+00:00,station2,packet_loss_pct,0.0
2026-07-19T13:24:08+00:00,station2,packet_loss_pct,0.0
2026-07-19T13:24:23+00:00,station2,packet_loss_pct,0.0
2026-07-19T13:24:38+00:00,station2,packet_loss_pct,0.0
2026-07-19T13:24:53+00:00,station2,packet_loss_pct,0.0
2026-07-19T13:25:08+00:00,station2,packet_loss_pct,0.0
2026-07-19T13:25:23+00:00,station2,packet_loss_pct,0.0
2026-07-19T13:25:38+00:00,station2,packet_loss_pct,0.0
2026-07-19T13:25:53+00:00,station2,packet_loss_pct,0.0
2026-07-19T13:26:08+00:00,station2,packet_loss_pct,0.0
2026-07-19T13:26:23+00:00,station2,packet_loss_pct,0.0
2026-07-19T13:26:38+00:00,station2,packet_loss_pct,0.0
2026-07-19T13:26:53+00:00,station2,packet_loss_pct,0.0
2026-07-19T13:27:08+00:00,station2,packet_loss_pct,0.0
2026-07-19T13:27:23+00:00,station2,packet_loss_pct,0.0
2026-07-19T13:27:38+00:00,station2,packet_loss_pct,0.0
2026-07-19T13:27:53+00:00,station2,packet_loss_pct,25.0
2026-07-19T13:28:08+00:00,station2,packet_loss_pct,0.0
2026-07-19T13:28:23+00:00,station2,packet_loss_pct,0.0
2026-07-19T13:28:38+00:00,station2,packet_loss_pct,0.0
2026-07-19T13:28:53+00:00,station2,packet_loss_pct,0.0
2026-07-19T13:29:08+00:00,station2,packet_loss_pct,0.0
2026-07-19T13:29:23+00:00,station2,packet_loss_pct,25.0
2026-07-19T13:29:38+00:00,station2,packet_loss_pct,0.0
2026-07-19T13:29:53+00:00,station2,packet_loss_pct,0.0
2026-07-19T13:30:08+00:00,station2,packet_loss_pct,0.0
2026-07-19T13:30:23+00:00,station2,packet_loss_pct,0.0
2026-07-19T13:30:38+00:00,station2,packet_loss_pct,0.0
2026-07-19T13:30:53+00:00,station2,packet_loss_pct,0.0
2026-07-19T13:31:08+00:00,station2,packet_loss_pct,0.0
2026-07-19T13:31:23+00:00,station2,packet_loss_pct,0.0
2026-07-19T13:31:38+00:00,station2,packet_loss_pct,0.0
2026-07-19T13:31:53+00:00,station2,packet_loss_pct,0.0
2026-07-19T13:32:08+00:00,station2,packet_loss_pct,25.0
2026-07-19T13:32:23+00:00,station2,packet_loss_pct,0.0
2026-07-19T13:32:38+00:00,station2,packet_loss_pct,0.0
2026-07-19T13:32:53+00:00,station2,packet_loss_pct,25.0
2026-07-19T13:33:08+00:00,station2,packet_loss_pct,25.0
2026-07-19T13:33:23+00:00,station2,packet_loss_pct,25.0
2026-07-19T13:33:38+00:00,station2,packet_loss_pct,0.0
2026-07-19T13:33:53+00:00,station2,packet_loss_pct,0.0
2026-07-19T13:34:08+00:00,station2,packet_loss_pct,0.0
2026-07-19T13:34:23+00:00,station2,packet_loss_pct,0.0
2026-07-19T13:34:38+00:00,station2,packet_loss_pct,0.0
2026-07-19T13:34:53+00:00,station2,packet_loss_pct,0.0
2026-07-19T13:35:08+00:00,station2,packet_loss_pct,0.0
2026-07-19T13:35:23+00:00,station2,packet_loss_pct,0.0
2026-07-19T13:35:38+00:00,station2,packet_loss_pct,0.0
2026-07-19T13:35:53+00:00,station2,packet_loss_pct,0.0
2026-07-19T13:36:08+00:00,station2,packet_loss_pct,0.0
2026-07-19T13:36:23+00:00,station2,packet_loss_pct,0.0
2026-07-19T13:36:38+00:00,station2,packet_loss_pct,0.0
2026-07-19T13:36:53+00:00,station2,packet_loss_pct,0.0
2026-07-19T13:37:08+00:00,station2,packet_loss_pct,0.0
2026-07-19T13:37:23+00:00,station2,packet_loss_pct,0.0
2026-07-19T13:37:38+00:00,station2,packet_loss_pct,0.0
2026-07-19T13:37:53+00:00,station2,packet_loss_pct,0.0
2026-07-19T13:38:08+00:00,station2,packet_loss_pct,0.0
2026-07-19T13:38:23+00:00,station2,packet_loss_pct,0.0
2026-07-19T13:38:38+00:00,station2,packet_loss_pct,0.0
2026-07-19T13:38:53+00:00,station2,packet_loss_pct,0.0
2026-07-19T13:39:08+00:00,station2,packet_loss_pct,0.0
2026-07-19T13:39:23+00:00,station2,packet_loss_pct,0.0
2026-07-19T13:39:38+00:00,station2,packet_loss_pct,0.0
2026-07-19T13:39:53+00:00,station2,packet_loss_pct,0.0
2026-07-19T13:40:08+00:00,station2,packet_loss_pct,0.0
2026-07-19T13:40:23+00:00,station2,packet_loss_pct,0.0
2026-07-19T13:40:38+00:00,station2,packet_loss_pct,0.0
2026-07-19T13:40:53+00:00,station2,packet_loss_pct,0.0
2026-07-19T13:41:08+00:00,station2,packet_loss_pct,0.0
2026-07-19T13:41:23+00:00,station2,packet_loss_pct,0.0
2026-07-19T13:41:38+00:00,station2,packet_loss_pct,0.0
2026-07-19T13:41:53+00:00,station2,packet_loss_pct,0.0
2026-07-19T13:42:08+00:00,station2,packet_loss_pct,0.0
2026-07-19T13:42:23+00:00,station2,packet_loss_pct,0.0
2026-07-19T13:42:38+00:00,station2,packet_loss_pct,0.0
2026-07-19T13:42:53+00:00,station2,packet_loss_pct,0.0
2026-07-19T13:43:08+00:00,station2,packet_loss_pct,0.0
2026-07-19T13:43:23+00:00,station2,packet_loss_pct,0.0
2026-07-19T13:43:38+00:00,station2,packet_loss_pct,0.0
2026-07-19T13:43:53+00:00,station2,packet_loss_pct,0.0
2026-07-19T13:44:08+00:00,station2,packet_loss_pct,0.0
2026-07-19T13:44:23+00:00,station2,packet_loss_pct,0.0
2026-07-19T13:44:38+00:00,station2,packet_loss_pct,0.0
2026-07-19T13:44:53+00:00,station2,packet_loss_pct,0.0
2026-07-19T13:45:08+00:00,station2,packet_loss_pct,0.0
2026-07-19T13:45:23+00:00,station2,packet_loss_pct,0.0
2026-07-19T13:45:38+00:00,station2,packet_loss_pct,0.0
2026-07-19T13:45:53+00:00,station2,packet_loss_pct,0.0
2026-07-19T13:46:08+00:00,station2,packet_loss_pct,0.0
2026-07-19T13:46:23+00:00,station2,packet_loss_pct,0.0
2026-07-19T13:46:38+00:00,station2,packet_loss_pct,0.0
2026-07-19T13:46:53+00:00,station2,packet_loss_pct,0.0
2026-07-19T13:47:08+00:00,station2,packet_loss_pct,0.0
2026-07-19T13:47:23+00:00,station2,packet_loss_pct,0.0
2026-07-19T13:47:38+00:00,station2,packet_loss_pct,0.0
2026-07-19T13:47:53+00:00,station2,packet_loss_pct,0.0
2026-07-19T13:48:08+00:00,station2,packet_loss_pct,0.0
2026-07-19T13:48:23+00:00,station2,packet_loss_pct,0.0
2026-07-19T13:48:38+00:00,station2,packet_loss_pct,0.0
2026-07-19T13:48:53+00:00,station2,packet_loss_pct,0.0
2026-07-19T13:49:08+00:00,station2,packet_loss_pct,25.0
2026-07-19T13:49:23+00:00,station2,packet_loss_pct,0.0
2026-07-19T13:49:38+00:00,station2,packet_loss_pct,0.0
2026-07-19T13:49:53+00:00,station2,packet_loss_pct,0.0
2026-07-19T13:50:08+00:00,station2,packet_loss_pct,0.0
2026-07-19T13:50:23+00:00,station2,packet_loss_pct,0.0
2026-07-19T13:50:38+00:00,station2,packet_loss_pct,0.0
2026-07-19T13:50:53+00:00,station2,packet_loss_pct,0.0
2026-07-19T13:51:08+00:00,station2,packet_loss_pct,0.0
2026-07-19T13:51:23+00:00,station2,packet_loss_pct,0.0
2026-07-19T13:51:38+00:00,station2,packet_loss_pct,0.0
2026-07-19T13:51:53+00:00,station2,packet_loss_pct,0.0
2026-07-19T13:52:08+00:00,station2,packet_loss_pct,0.0
2026-07-19T13:52:23+00:00,station2,packet_loss_pct,0.0
2026-07-19T13:52:38+00:00,station2,packet_loss_pct,0.0
2026-07-19T13:52:53+00:00,station2,packet_loss_pct,0.0
2026-07-19T13:53:08+00:00,station2,packet_loss_pct,0.0
2026-07-19T13:53:23+00:00,station2,packet_loss_pct,0.0
2026-07-19T13:53:38+00:00,station2,packet_loss_pct,0.0
2026-07-19T13:53:53+00:00,station2,packet_loss_pct,0.0
2026-07-19T13:54:08+00:00,station2,packet_loss_pct,0.0
2026-07-19T13:54:23+00:00,station2,packet_loss_pct,0.0
2026-07-19T13:54:38+00:00,station2,packet_loss_pct,0.0
2026-07-19T13:54:53+00:00,station2,packet_loss_pct,0.0
2026-07-19T13:55:08+00:00,station2,packet_loss_pct,0.0
2026-07-19T13:55:23+00:00,station2,packet_loss_pct,0.0
2026-07-19T13:55:38+00:00,station2,packet_loss_pct,0.0
2026-07-19T13:55:53+00:00,station2,packet_loss_pct,0.0
2026-07-19T13:56:08+00:00,station2,packet_loss_pct,0.0
2026-07-19T13:56:23+00:00,station2,packet_loss_pct,0.0
2026-07-19T13:56:38+00:00,station2,packet_loss_pct,0.0
2026-07-19T13:56:53+00:00,station2,packet_loss_pct,0.0
2026-07-19T13:57:08+00:00,station2,packet_loss_pct,0.0
2026-07-19T13:57:23+00:00,station2,packet_loss_pct,0.0
2026-07-19T13:57:38+00:00,station2,packet_loss_pct,0.0
2026-07-19T13:57:53+00:00,station2,packet_loss_pct,0.0
2026-07-19T13:58:08+00:00,station2,packet_loss_pct,0.0
2026-07-19T13:58:23+00:00,station2,packet_loss_pct,0.0
2026-07-19T13:58:38+00:00,station2,packet_loss_pct,0.0
2026-07-19T13:58:53+00:00,station2,packet_loss_pct,0.0
2026-07-19T13:59:08+00:00,station2,packet_loss_pct,0.0
2026-07-19T13:59:23+00:00,station2,packet_loss_pct,0.0
2026-07-19T13:59:38+00:00,station2,packet_loss_pct,0.0
2026-07-19T13:59:53+00:00,station2,packet_loss_pct,0.0
2026-07-19T14:00:08+00:00,station2,packet_loss_pct,0.0
2026-07-19T14:00:23+00:00,station2,packet_loss_pct,0.0
2026-07-19T14:00:38+00:00,station2,packet_loss_pct,0.0
2026-07-19T14:00:53+00:00,station2,packet_loss_pct,0.0
2026-07-19T14:01:08+00:00,station2,packet_loss_pct,0.0
2026-07-19T14:01:23+00:00,station2,packet_loss_pct,0.0
2026-07-19T14:01:38+00:00,station2,packet_loss_pct,0.0
2026-07-19T14:01:53+00:00,station2,packet_loss_pct,0.0
2026-07-19T14:02:08+00:00,station2,packet_loss_pct,0.0
2026-07-19T14:02:23+00:00,station2,packet_loss_pct,0.0
2026-07-19T14:02:38+00:00,station2,packet_loss_pct,0.0
2026-07-19T14:02:53+00:00,station2,packet_loss_pct,0.0
2026-07-19T14:03:08+00:00,station2,packet_loss_pct,0.0
2026-07-19T14:03:23+00:00,station2,packet_loss_pct,0.0
2026-07-19T14:03:38+00:00,station2,packet_loss_pct,0.0
2026-07-19T14:03:53+00:00,station2,packet_loss_pct,0.0
2026-07-19T14:04:08+00:00,station2,packet_loss_pct,0.0
2026-07-19T14:04:23+00:00,station2,packet_loss_pct,0.0
2026-07-19T14:04:38+00:00,station2,packet_loss_pct,0.0
2026-07-19T14:04:53+00:00,station2,packet_loss_pct,0.0
2026-07-19T14:05:08+00:00,station2,packet_loss_pct,0.0
2026-07-19T14:05:23+00:00,station2,packet_loss_pct,0.0
2026-07-19T14:05:38+00:00,station2,packet_loss_pct,0.0
2026-07-19T14:05:53+00:00,station2,packet_loss_pct,0.0
2026-07-19T14:06:08+00:00,station2,packet_loss_pct,0.0
2026-07-19T14:06:23+00:00,station2,packet_loss_pct,0.0
2026-07-19T14:06:38+00:00,station2,packet_loss_pct,0.0
2026-07-19T14:06:53+00:00,station2,packet_loss_pct,0.0
2026-07-19T14:07:08+00:00,station2,packet_loss_pct,0.0
2026-07-19T14:07:23+00:00,station2,packet_loss_pct,0.0
2026-07-19T14:07:38+00:00,station2,packet_loss_pct,0.0
2026-07-19T14:07:53+00:00,station2,packet_loss_pct,0.0
2026-07-19T14:08:08+00:00,station2,packet_loss_pct,0.0
2026-07-19T14:08:23+00:00,station2,packet_loss_pct,0.0
2026-07-19T14:08:38+00:00,station2,packet_loss_pct,0.0
2026-07-19T14:08:53+00:00,station2,packet_loss_pct,0.0
2026-07-19T14:09:08+00:00,station2,packet_loss_pct,0.0
2026-07-19T14:09:23+00:00,station2,packet_loss_pct,0.0
2026-07-19T14:09:38+00:00,station2,packet_loss_pct,0.0
2026-07-19T14:09:53+00:00,station2,packet_loss_pct,0.0
2026-07-19T14:10:08+00:00,station2,packet_loss_pct,0.0
2026-07-19T14:10:23+00:00,station2,packet_loss_pct,0.0
2026-07-19T14:10:38+00:00,station2,packet_loss_pct,25.0
2026-07-19T14:10:53+00:00,station2,packet_loss_pct,0.0
2026-07-19T14:11:08+00:00,station2,packet_loss_pct,0.0
2026-07-19T14:11:23+00:00,station2,packet_loss_pct,0.0
2026-07-19T14:11:38+00:00,station2,packet_loss_pct,0.0
2026-07-19T14:11:53+00:00,station2,packet_loss_pct,0.0
2026-07-19T14:12:08+00:00,station2,packet_loss_pct,0.0
2026-07-19T14:12:23+00:00,station2,packet_loss_pct,0.0
2026-07-19T14:12:38+00:00,station2,packet_loss_pct,0.0
2026-07-19T14:12:53+00:00,station2,packet_loss_pct,0.0
2026-07-19T14:13:08+00:00,station2,packet_loss_pct,0.0
2026-07-19T14:13:23+00:00,station2,packet_loss_pct,0.0
2026-07-19T14:13:38+00:00,station2,packet_loss_pct,0.0
2026-07-19T14:13:53+00:00,station2,packet_loss_pct,0.0
2026-07-19T14:14:08+00:00,station2,packet_loss_pct,0.0
2026-07-19T14:14:23+00:00,station2,packet_loss_pct,0.0
2026-07-19T14:14:38+00:00,station2,packet_loss_pct,0.0
2026-07-19T14:14:53+00:00,station2,packet_loss_pct,0.0
2026-07-19T14:15:08+00:00,station2,packet_loss_pct,0.0
2026-07-19T14:15:23+00:00,station2,packet_loss_pct,0.0
2026-07-19T14:15:38+00:00,station2,packet_loss_pct,0.0
2026-07-19T14:15:53+00:00,station2,packet_loss_pct,0.0
2026-07-19T14:16:08+00:00,station2,packet_loss_pct,0.0
2026-07-19T12:05:23+00:00,station3,packet_loss_pct,0.0
2026-07-19T12:05:38+00:00,station3,packet_loss_pct,0.0
2026-07-19T12:05:53+00:00,station3,packet_loss_pct,0.0
2026-07-19T12:06:08+00:00,station3,packet_loss_pct,0.0
2026-07-19T12:06:23+00:00,station3,packet_loss_pct,0.0
2026-07-19T12:06:38+00:00,station3,packet_loss_pct,0.0
2026-07-19T12:06:53+00:00,station3,packet_loss_pct,0.0
2026-07-19T12:07:08+00:00,station3,packet_loss_pct,0.0
2026-07-19T12:07:23+00:00,station3,packet_loss_pct,0.0
2026-07-19T12:07:38+00:00,station3,packet_loss_pct,0.0
2026-07-19T12:07:53+00:00,station3,packet_loss_pct,0.0
2026-07-19T12:08:08+00:00,station3,packet_loss_pct,0.0
2026-07-19T12:08:23+00:00,station3,packet_loss_pct,0.0
2026-07-19T12:08:38+00:00,station3,packet_loss_pct,0.0
2026-07-19T12:08:53+00:00,station3,packet_loss_pct,0.0
2026-07-19T12:09:08+00:00,station3,packet_loss_pct,0.0
2026-07-19T12:09:23+00:00,station3,packet_loss_pct,0.0
2026-07-19T12:09:38+00:00,station3,packet_loss_pct,0.0
2026-07-19T12:09:53+00:00,station3,packet_loss_pct,0.0
2026-07-19T12:10:08+00:00,station3,packet_loss_pct,0.0
2026-07-19T12:10:23+00:00,station3,packet_loss_pct,0.0
2026-07-19T12:10:38+00:00,station3,packet_loss_pct,0.0
2026-07-19T12:10:53+00:00,station3,packet_loss_pct,0.0
2026-07-19T12:11:08+00:00,station3,packet_loss_pct,0.0
2026-07-19T12:11:23+00:00,station3,packet_loss_pct,0.0
2026-07-19T12:11:38+00:00,station3,packet_loss_pct,0.0
2026-07-19T12:11:53+00:00,station3,packet_loss_pct,0.0
2026-07-19T12:12:08+00:00,station3,packet_loss_pct,0.0
2026-07-19T12:12:23+00:00,station3,packet_loss_pct,0.0
2026-07-19T12:12:38+00:00,station3,packet_loss_pct,0.0
2026-07-19T12:12:53+00:00,station3,packet_loss_pct,0.0
2026-07-19T12:13:08+00:00,station3,packet_loss_pct,0.0
2026-07-19T12:13:23+00:00,station3,packet_loss_pct,0.0
2026-07-19T12:13:38+00:00,station3,packet_loss_pct,0.0
2026-07-19T12:13:53+00:00,station3,packet_loss_pct,0.0
2026-07-19T12:14:08+00:00,station3,packet_loss_pct,0.0
2026-07-19T12:14:23+00:00,station3,packet_loss_pct,0.0
2026-07-19T12:14:38+00:00,station3,packet_loss_pct,0.0
2026-07-19T12:14:53+00:00,station3,packet_loss_pct,0.0
2026-07-19T12:15:08+00:00,station3,packet_loss_pct,0.0
2026-07-19T12:15:23+00:00,station3,packet_loss_pct,0.0
2026-07-19T12:15:38+00:00,station3,packet_loss_pct,0.0
2026-07-19T12:15:53+00:00,station3,packet_loss_pct,0.0
2026-07-19T12:16:08+00:00,station3,packet_loss_pct,0.0
2026-07-19T12:16:23+00:00,station3,packet_loss_pct,0.0
2026-07-19T12:16:38+00:00,station3,packet_loss_pct,0.0
2026-07-19T12:16:53+00:00,station3,packet_loss_pct,0.0
2026-07-19T12:17:08+00:00,station3,packet_loss_pct,0.0
2026-07-19T12:17:23+00:00,station3,packet_loss_pct,0.0
2026-07-19T12:17:38+00:00,station3,packet_loss_pct,25.0
2026-07-19T12:17:53+00:00,station3,packet_loss_pct,0.0
2026-07-19T12:18:08+00:00,station3,packet_loss_pct,0.0
2026-07-19T12:18:23+00:00,station3,packet_loss_pct,0.0
2026-07-19T12:18:38+00:00,station3,packet_loss_pct,0.0
2026-07-19T12:18:53+00:00,station3,packet_loss_pct,0.0
2026-07-19T12:19:08+00:00,station3,packet_loss_pct,0.0
2026-07-19T12:19:23+00:00,station3,packet_loss_pct,0.0
2026-07-19T12:19:38+00:00,station3,packet_loss_pct,0.0
2026-07-19T12:19:53+00:00,station3,packet_loss_pct,0.0
2026-07-19T12:20:08+00:00,station3,packet_loss_pct,0.0
2026-07-19T12:20:23+00:00,station3,packet_loss_pct,0.0
2026-07-19T12:20:38+00:00,station3,packet_loss_pct,0.0
2026-07-19T12:20:53+00:00,station3,packet_loss_pct,0.0
2026-07-19T12:21:08+00:00,station3,packet_loss_pct,0.0
2026-07-19T12:21:23+00:00,station3,packet_loss_pct,0.0
2026-07-19T12:21:38+00:00,station3,packet_loss_pct,0.0
2026-07-19T12:21:53+00:00,station3,packet_loss_pct,0.0
2026-07-19T12:22:08+00:00,station3,packet_loss_pct,0.0
2026-07-19T12:22:23+00:00,station3,packet_loss_pct,0.0
2026-07-19T12:22:38+00:00,station3,packet_loss_pct,0.0
2026-07-19T12:22:53+00:00,station3,packet_loss_pct,0.0
2026-07-19T12:23:08+00:00,station3,packet_loss_pct,0.0
2026-07-19T12:23:23+00:00,station3,packet_loss_pct,0.0
2026-07-19T12:23:38+00:00,station3,packet_loss_pct,0.0
2026-07-19T12:23:53+00:00,station3,packet_loss_pct,0.0
2026-07-19T12:24:08+00:00,station3,packet_loss_pct,0.0
2026-07-19T12:24:23+00:00,station3,packet_loss_pct,0.0
2026-07-19T12:24:38+00:00,station3,packet_loss_pct,0.0
2026-07-19T12:24:53+00:00,station3,packet_loss_pct,0.0
2026-07-19T12:25:08+00:00,station3,packet_loss_pct,0.0
2026-07-19T12:25:23+00:00,station3,packet_loss_pct,0.0
2026-07-19T12:25:38+00:00,station3,packet_loss_pct,0.0
2026-07-19T12:25:53+00:00,station3,packet_loss_pct,0.0
2026-07-19T12:26:08+00:00,station3,packet_loss_pct,0.0
2026-07-19T12:26:23+00:00,station3,packet_loss_pct,0.0
2026-07-19T12:26:38+00:00,station3,packet_loss_pct,0.0
2026-07-19T12:26:53+00:00,station3,packet_loss_pct,0.0
2026-07-19T12:27:08+00:00,station3,packet_loss_pct,0.0
2026-07-19T12:27:23+00:00,station3,packet_loss_pct,0.0
2026-07-19T12:27:38+00:00,station3,packet_loss_pct,0.0
2026-07-19T12:27:53+00:00,station3,packet_loss_pct,0.0
2026-07-19T12:28:08+00:00,station3,packet_loss_pct,0.0
2026-07-19T12:28:23+00:00,station3,packet_loss_pct,0.0
2026-07-19T12:28:38+00:00,station3,packet_loss_pct,0.0
2026-07-19T12:28:53+00:00,station3,packet_loss_pct,0.0
2026-07-19T12:29:08+00:00,station3,packet_loss_pct,0.0
2026-07-19T12:29:23+00:00,station3,packet_loss_pct,0.0
2026-07-19T12:29:38+00:00,station3,packet_loss_pct,0.0
2026-07-19T12:29:53+00:00,station3,packet_loss_pct,0.0
2026-07-19T12:30:08+00:00,station3,packet_loss_pct,0.0
2026-07-19T12:30:23+00:00,station3,packet_loss_pct,0.0
2026-07-19T12:30:38+00:00,station3,packet_loss_pct,0.0
2026-07-19T12:30:53+00:00,station3,packet_loss_pct,0.0
2026-07-19T12:31:08+00:00,station3,packet_loss_pct,0.0
2026-07-19T12:31:23+00:00,station3,packet_loss_pct,0.0
2026-07-19T12:31:38+00:00,station3,packet_loss_pct,0.0
2026-07-19T12:31:53+00:00,station3,packet_loss_pct,0.0
2026-07-19T12:32:08+00:00,station3,packet_loss_pct,0.0
2026-07-19T12:32:23+00:00,station3,packet_loss_pct,0.0
2026-07-19T12:32:38+00:00,station3,packet_loss_pct,0.0
2026-07-19T12:32:53+00:00,station3,packet_loss_pct,0.0
2026-07-19T12:33:08+00:00,station3,packet_loss_pct,0.0
2026-07-19T12:33:23+00:00,station3,packet_loss_pct,100.0
2026-07-19T12:33:38+00:00,station3,packet_loss_pct,0.0
2026-07-19T12:33:53+00:00,station3,packet_loss_pct,0.0
2026-07-19T12:34:08+00:00,station3,packet_loss_pct,0.0
2026-07-19T12:34:23+00:00,station3,packet_loss_pct,0.0
2026-07-19T12:34:38+00:00,station3,packet_loss_pct,0.0
2026-07-19T12:34:53+00:00,station3,packet_loss_pct,0.0
2026-07-19T12:35:08+00:00,station3,packet_loss_pct,0.0
2026-07-19T12:35:23+00:00,station3,packet_loss_pct,0.0
2026-07-19T12:35:38+00:00,station3,packet_loss_pct,0.0
2026-07-19T12:35:53+00:00,station3,packet_loss_pct,0.0
2026-07-19T12:36:08+00:00,station3,packet_loss_pct,0.0
2026-07-19T12:36:23+00:00,station3,packet_loss_pct,0.0
2026-07-19T12:36:38+00:00,station3,packet_loss_pct,0.0
2026-07-19T12:36:53+00:00,station3,packet_loss_pct,0.0
2026-07-19T12:37:08+00:00,station3,packet_loss_pct,0.0
2026-07-19T12:37:23+00:00,station3,packet_loss_pct,0.0
2026-07-19T12:37:38+00:00,station3,packet_loss_pct,0.0
2026-07-19T12:37:53+00:00,station3,packet_loss_pct,0.0
2026-07-19T12:38:08+00:00,station3,packet_loss_pct,0.0
2026-07-19T12:38:23+00:00,station3,packet_loss_pct,0.0
2026-07-19T12:38:38+00:00,station3,packet_loss_pct,0.0
2026-07-19T12:38:53+00:00,station3,packet_loss_pct,0.0
2026-07-19T12:39:08+00:00,station3,packet_loss_pct,0.0
2026-07-19T12:39:23+00:00,station3,packet_loss_pct,0.0
2026-07-19T12:39:38+00:00,station3,packet_loss_pct,0.0
2026-07-19T12:39:53+00:00,station3,packet_loss_pct,0.0
2026-07-19T12:40:08+00:00,station3,packet_loss_pct,0.0
2026-07-19T12:40:23+00:00,station3,packet_loss_pct,0.0
2026-07-19T12:40:38+00:00,station3,packet_loss_pct,0.0
2026-07-19T12:40:53+00:00,station3,packet_loss_pct,0.0
2026-07-19T12:41:08+00:00,station3,packet_loss_pct,0.0
2026-07-19T12:41:23+00:00,station3,packet_loss_pct,0.0
2026-07-19T12:41:38+00:00,station3,packet_loss_pct,0.0
2026-07-19T12:41:53+00:00,station3,packet_loss_pct,0.0
2026-07-19T12:42:08+00:00,station3,packet_loss_pct,0.0
2026-07-19T12:42:23+00:00,station3,packet_loss_pct,0.0
2026-07-19T12:42:38+00:00,station3,packet_loss_pct,0.0
2026-07-19T12:42:53+00:00,station3,packet_loss_pct,0.0
2026-07-19T12:43:08+00:00,station3,packet_loss_pct,0.0
2026-07-19T12:43:23+00:00,station3,packet_loss_pct,0.0
2026-07-19T12:43:38+00:00,station3,packet_loss_pct,0.0
2026-07-19T12:43:53+00:00,station3,packet_loss_pct,0.0
2026-07-19T12:44:08+00:00,station3,packet_loss_pct,0.0
2026-07-19T12:44:23+00:00,station3,packet_loss_pct,0.0
2026-07-19T12:44:38+00:00,station3,packet_loss_pct,0.0
2026-07-19T12:44:53+00:00,station3,packet_loss_pct,0.0
2026-07-19T12:45:08+00:00,station3,packet_loss_pct,0.0
2026-07-19T12:45:23+00:00,station3,packet_loss_pct,0.0
2026-07-19T12:45:38+00:00,station3,packet_loss_pct,0.0
2026-07-19T12:45:53+00:00,station3,packet_loss_pct,0.0
2026-07-19T12:46:08+00:00,station3,packet_loss_pct,0.0
2026-07-19T12:46:23+00:00,station3,packet_loss_pct,0.0
2026-07-19T12:46:38+00:00,station3,packet_loss_pct,0.0
2026-07-19T12:46:53+00:00,station3,packet_loss_pct,0.0
2026-07-19T12:47:08+00:00,station3,packet_loss_pct,0.0
2026-07-19T12:47:23+00:00,station3,packet_loss_pct,0.0
2026-07-19T12:47:38+00:00,station3,packet_loss_pct,0.0
2026-07-19T12:47:53+00:00,station3,packet_loss_pct,0.0
2026-07-19T12:48:08+00:00,station3,packet_loss_pct,0.0
2026-07-19T12:48:23+00:00,station3,packet_loss_pct,0.0
2026-07-19T12:48:38+00:00,station3,packet_loss_pct,0.0
2026-07-19T12:48:53+00:00,station3,packet_loss_pct,0.0
2026-07-19T12:49:08+00:00,station3,packet_loss_pct,0.0
2026-07-19T12:49:23+00:00,station3,packet_loss_pct,0.0
2026-07-19T12:49:38+00:00,station3,packet_loss_pct,0.0
2026-07-19T12:49:53+00:00,station3,packet_loss_pct,0.0
2026-07-19T12:50:08+00:00,station3,packet_loss_pct,0.0
2026-07-19T12:50:23+00:00,station3,packet_loss_pct,0.0
2026-07-19T12:50:38+00:00,station3,packet_loss_pct,0.0
2026-07-19T12:50:53+00:00,station3,packet_loss_pct,0.0
2026-07-19T12:51:08+00:00,station3,packet_loss_pct,0.0
2026-07-19T12:51:23+00:00,station3,packet_loss_pct,0.0
2026-07-19T12:51:38+00:00,station3,packet_loss_pct,0.0
2026-07-19T12:51:53+00:00,station3,packet_loss_pct,0.0
2026-07-19T12:52:08+00:00,station3,packet_loss_pct,0.0
2026-07-19T12:52:23+00:00,station3,packet_loss_pct,0.0
2026-07-19T12:52:38+00:00,station3,packet_loss_pct,0.0
2026-07-19T12:52:53+00:00,station3,packet_loss_pct,0.0
2026-07-19T12:53:08+00:00,station3,packet_loss_pct,0.0
2026-07-19T12:53:23+00:00,station3,packet_loss_pct,0.0
2026-07-19T12:53:38+00:00,station3,packet_loss_pct,0.0
2026-07-19T12:53:53+00:00,station3,packet_loss_pct,0.0
2026-07-19T12:54:08+00:00,station3,packet_loss_pct,0.0
2026-07-19T12:54:23+00:00,station3,packet_loss_pct,0.0
2026-07-19T12:54:38+00:00,station3,packet_loss_pct,0.0
2026-07-19T12:54:53+00:00,station3,packet_loss_pct,100.0
2026-07-19T12:55:08+00:00,station3,packet_loss_pct,100.0
2026-07-19T12:55:23+00:00,station3,packet_loss_pct,0.0
2026-07-19T12:55:38+00:00,station3,packet_loss_pct,0.0
2026-07-19T12:55:53+00:00,station3,packet_loss_pct,0.0
2026-07-19T12:56:08+00:00,station3,packet_loss_pct,0.0
2026-07-19T12:56:23+00:00,station3,packet_loss_pct,0.0
2026-07-19T12:56:38+00:00,station3,packet_loss_pct,0.0
2026-07-19T12:56:53+00:00,station3,packet_loss_pct,0.0
2026-07-19T12:57:08+00:00,station3,packet_loss_pct,0.0
2026-07-19T12:57:23+00:00,station3,packet_loss_pct,0.0
2026-07-19T12:57:38+00:00,station3,packet_loss_pct,0.0
2026-07-19T12:57:53+00:00,station3,packet_loss_pct,0.0
2026-07-19T12:58:08+00:00,station3,packet_loss_pct,0.0
2026-07-19T12:58:23+00:00,station3,packet_loss_pct,0.0
2026-07-19T12:58:38+00:00,station3,packet_loss_pct,0.0
2026-07-19T12:58:53+00:00,station3,packet_loss_pct,0.0
2026-07-19T12:59:08+00:00,station3,packet_loss_pct,0.0
2026-07-19T12:59:23+00:00,station3,packet_loss_pct,0.0
2026-07-19T12:59:38+00:00,station3,packet_loss_pct,0.0
2026-07-19T12:59:53+00:00,station3,packet_loss_pct,0.0
2026-07-19T13:00:08+00:00,station3,packet_loss_pct,0.0
2026-07-19T13:00:23+00:00,station3,packet_loss_pct,0.0
2026-07-19T13:00:38+00:00,station3,packet_loss_pct,0.0
2026-07-19T13:00:53+00:00,station3,packet_loss_pct,25.0
2026-07-19T13:01:08+00:00,station3,packet_loss_pct,0.0
2026-07-19T13:01:23+00:00,station3,packet_loss_pct,0.0
2026-07-19T13:01:38+00:00,station3,packet_loss_pct,0.0
2026-07-19T13:01:53+00:00,station3,packet_loss_pct,25.0
2026-07-19T13:02:08+00:00,station3,packet_loss_pct,0.0
2026-07-19T13:02:23+00:00,station3,packet_loss_pct,25.0
2026-07-19T13:02:38+00:00,station3,packet_loss_pct,0.0
2026-07-19T13:02:53+00:00,station3,packet_loss_pct,0.0
2026-07-19T13:03:08+00:00,station3,packet_loss_pct,0.0
2026-07-19T13:03:23+00:00,station3,packet_loss_pct,25.0
2026-07-19T13:03:38+00:00,station3,packet_loss_pct,0.0
2026-07-19T13:03:53+00:00,station3,packet_loss_pct,0.0
2026-07-19T13:04:08+00:00,station3,packet_loss_pct,0.0
2026-07-19T13:04:23+00:00,station3,packet_loss_pct,25.0
2026-07-19T13:04:38+00:00,station3,packet_loss_pct,0.0
2026-07-19T13:04:53+00:00,station3,packet_loss_pct,0.0
2026-07-19T13:05:08+00:00,station3,packet_loss_pct,0.0
2026-07-19T13:05:23+00:00,station3,packet_loss_pct,0.0
2026-07-19T13:05:38+00:00,station3,packet_loss_pct,0.0
2026-07-19T13:05:53+00:00,station3,packet_loss_pct,0.0
2026-07-19T13:06:08+00:00,station3,packet_loss_pct,0.0
2026-07-19T13:06:23+00:00,station3,packet_loss_pct,0.0
2026-07-19T13:06:38+00:00,station3,packet_loss_pct,0.0
2026-07-19T13:06:53+00:00,station3,packet_loss_pct,0.0
2026-07-19T13:07:08+00:00,station3,packet_loss_pct,0.0
2026-07-19T13:07:23+00:00,station3,packet_loss_pct,25.0
2026-07-19T13:07:38+00:00,station3,packet_loss_pct,25.0
2026-07-19T13:07:53+00:00,station3,packet_loss_pct,0.0
2026-07-19T13:08:08+00:00,station3,packet_loss_pct,0.0
2026-07-19T13:08:23+00:00,station3,packet_loss_pct,0.0
2026-07-19T13:08:38+00:00,station3,packet_loss_pct,0.0
2026-07-19T13:08:53+00:00,station3,packet_loss_pct,0.0
2026-07-19T13:09:08+00:00,station3,packet_loss_pct,0.0
2026-07-19T13:09:23+00:00,station3,packet_loss_pct,0.0
2026-07-19T13:09:38+00:00,station3,packet_loss_pct,25.0
2026-07-19T13:09:53+00:00,station3,packet_loss_pct,0.0
2026-07-19T13:10:08+00:00,station3,packet_loss_pct,0.0
2026-07-19T13:10:23+00:00,station3,packet_loss_pct,0.0
2026-07-19T13:10:38+00:00,station3,packet_loss_pct,0.0
2026-07-19T13:10:53+00:00,station3,packet_loss_pct,25.0
2026-07-19T13:11:08+00:00,station3,packet_loss_pct,0.0
2026-07-19T13:11:23+00:00,station3,packet_loss_pct,40.0
2026-07-19T13:11:38+00:00,station3,packet_loss_pct,0.0
2026-07-19T13:11:53+00:00,station3,packet_loss_pct,25.0
2026-07-19T13:12:08+00:00,station3,packet_loss_pct,0.0
2026-07-19T13:12:23+00:00,station3,packet_loss_pct,0.0
2026-07-19T13:12:38+00:00,station3,packet_loss_pct,0.0
2026-07-19T13:12:53+00:00,station3,packet_loss_pct,25.0
2026-07-19T13:13:08+00:00,station3,packet_loss_pct,25.0
2026-07-19T13:13:23+00:00,station3,packet_loss_pct,0.0
2026-07-19T13:13:38+00:00,station3,packet_loss_pct,0.0
2026-07-19T13:13:53+00:00,station3,packet_loss_pct,0.0
2026-07-19T13:14:08+00:00,station3,packet_loss_pct,0.0
2026-07-19T13:14:23+00:00,station3,packet_loss_pct,0.0
2026-07-19T13:14:38+00:00,station3,packet_loss_pct,25.0
2026-07-19T13:14:53+00:00,station3,packet_loss_pct,0.0
2026-07-19T13:15:08+00:00,station3,packet_loss_pct,0.0
2026-07-19T13:15:23+00:00,station3,packet_loss_pct,40.0
2026-07-19T13:15:38+00:00,station3,packet_loss_pct,40.0
2026-07-19T13:15:53+00:00,station3,packet_loss_pct,90.0
2026-07-19T13:16:08+00:00,station3,packet_loss_pct,0.0
2026-07-19T13:16:23+00:00,station3,packet_loss_pct,0.0
2026-07-19T13:16:38+00:00,station3,packet_loss_pct,0.0
2026-07-19T13:16:53+00:00,station3,packet_loss_pct,0.0
2026-07-19T13:17:08+00:00,station3,packet_loss_pct,0.0
2026-07-19T13:17:23+00:00,station3,packet_loss_pct,0.0
2026-07-19T13:17:38+00:00,station3,packet_loss_pct,0.0
2026-07-19T13:17:53+00:00,station3,packet_loss_pct,0.0
2026-07-19T13:18:08+00:00,station3,packet_loss_pct,0.0
2026-07-19T13:18:23+00:00,station3,packet_loss_pct,0.0
2026-07-19T13:18:38+00:00,station3,packet_loss_pct,0.0
2026-07-19T13:18:53+00:00,station3,packet_loss_pct,0.0
2026-07-19T13:19:08+00:00,station3,packet_loss_pct,0.0
2026-07-19T13:19:23+00:00,station3,packet_loss_pct,0.0
2026-07-19T13:19:38+00:00,station3,packet_loss_pct,0.0
2026-07-19T13:19:53+00:00,station3,packet_loss_pct,0.0
2026-07-19T13:20:08+00:00,station3,packet_loss_pct,0.0
2026-07-19T13:20:23+00:00,station3,packet_loss_pct,0.0
2026-07-19T13:20:38+00:00,station3,packet_loss_pct,0.0
2026-07-19T13:20:53+00:00,station3,packet_loss_pct,0.0
2026-07-19T13:21:08+00:00,station3,packet_loss_pct,0.0
2026-07-19T13:21:23+00:00,station3,packet_loss_pct,62.5
2026-07-19T13:21:38+00:00,station3,packet_loss_pct,0.0
2026-07-19T13:21:53+00:00,station3,packet_loss_pct,90.0
2026-07-19T13:22:08+00:00,station3,packet_loss_pct,0.0
2026-07-19T13:22:23+00:00,station3,packet_loss_pct,0.0
2026-07-19T13:22:38+00:00,station3,packet_loss_pct,0.0
2026-07-19T13:22:53+00:00,station3,packet_loss_pct,0.0
2026-07-19T13:23:08+00:00,station3,packet_loss_pct,25.0
2026-07-19T13:23:23+00:00,station3,packet_loss_pct,0.0
2026-07-19T13:23:38+00:00,station3,packet_loss_pct,0.0
2026-07-19T13:23:53+00:00,station3,packet_loss_pct,0.0
2026-07-19T13:24:08+00:00,station3,packet_loss_pct,0.0
2026-07-19T13:24:23+00:00,station3,packet_loss_pct,0.0
2026-07-19T13:24:38+00:00,station3,packet_loss_pct,0.0
2026-07-19T13:24:53+00:00,station3,packet_loss_pct,0.0
2026-07-19T13:25:08+00:00,station3,packet_loss_pct,0.0
2026-07-19T13:25:23+00:00,station3,packet_loss_pct,25.0
2026-07-19T13:25:38+00:00,station3,packet_loss_pct,0.0
2026-07-19T13:25:53+00:00,station3,packet_loss_pct,0.0
2026-07-19T13:26:08+00:00,station3,packet_loss_pct,0.0
2026-07-19T13:26:23+00:00,station3,packet_loss_pct,0.0
2026-07-19T13:26:38+00:00,station3,packet_loss_pct,0.0
2026-07-19T13:26:53+00:00,station3,packet_loss_pct,25.0
2026-07-19T13:27:08+00:00,station3,packet_loss_pct,0.0
2026-07-19T13:27:23+00:00,station3,packet_loss_pct,0.0
2026-07-19T13:27:38+00:00,station3,packet_loss_pct,0.0
2026-07-19T13:27:53+00:00,station3,packet_loss_pct,0.0
2026-07-19T13:28:08+00:00,station3,packet_loss_pct,0.0
2026-07-19T13:28:23+00:00,station3,packet_loss_pct,0.0
2026-07-19T13:28:38+00:00,station3,packet_loss_pct,0.0
2026-07-19T13:28:53+00:00,station3,packet_loss_pct,0.0
2026-07-19T13:29:08+00:00,station3,packet_loss_pct,0.0
2026-07-19T13:29:23+00:00,station3,packet_loss_pct,0.0
2026-07-19T13:29:38+00:00,station3,packet_loss_pct,0.0
2026-07-19T13:29:53+00:00,station3,packet_loss_pct,0.0
2026-07-19T13:30:08+00:00,station3,packet_loss_pct,0.0
2026-07-19T13:30:23+00:00,station3,packet_loss_pct,0.0
2026-07-19T13:30:38+00:00,station3,packet_loss_pct,25.0
2026-07-19T13:30:53+00:00,station3,packet_loss_pct,0.0
2026-07-19T13:31:08+00:00,station3,packet_loss_pct,0.0
2026-07-19T13:31:23+00:00,station3,packet_loss_pct,0.0
2026-07-19T13:31:38+00:00,station3,packet_loss_pct,0.0
2026-07-19T13:31:53+00:00,station3,packet_loss_pct,0.0
2026-07-19T13:32:08+00:00,station3,packet_loss_pct,25.0
2026-07-19T13:32:23+00:00,station3,packet_loss_pct,25.0
2026-07-19T13:32:38+00:00,station3,packet_loss_pct,0.0
2026-07-19T13:32:53+00:00,station3,packet_loss_pct,0.0
2026-07-19T13:33:08+00:00,station3,packet_loss_pct,0.0
2026-07-19T13:33:23+00:00,station3,packet_loss_pct,0.0
2026-07-19T13:33:38+00:00,station3,packet_loss_pct,0.0
2026-07-19T13:33:53+00:00,station3,packet_loss_pct,0.0
2026-07-19T13:34:08+00:00,station3,packet_loss_pct,0.0
2026-07-19T13:34:23+00:00,station3,packet_loss_pct,0.0
2026-07-19T13:34:38+00:00,station3,packet_loss_pct,0.0
2026-07-19T13:34:53+00:00,station3,packet_loss_pct,0.0
2026-07-19T13:35:08+00:00,station3,packet_loss_pct,0.0
2026-07-19T13:35:23+00:00,station3,packet_loss_pct,0.0
2026-07-19T13:35:38+00:00,station3,packet_loss_pct,0.0
2026-07-19T13:35:53+00:00,station3,packet_loss_pct,0.0
2026-07-19T13:36:08+00:00,station3,packet_loss_pct,0.0
2026-07-19T13:36:23+00:00,station3,packet_loss_pct,0.0
2026-07-19T13:36:38+00:00,station3,packet_loss_pct,0.0
2026-07-19T13:36:53+00:00,station3,packet_loss_pct,0.0
2026-07-19T13:37:08+00:00,station3,packet_loss_pct,0.0
2026-07-19T13:37:23+00:00,station3,packet_loss_pct,0.0
2026-07-19T13:37:38+00:00,station3,packet_loss_pct,0.0
2026-07-19T13:37:53+00:00,station3,packet_loss_pct,0.0
2026-07-19T13:38:08+00:00,station3,packet_loss_pct,0.0
2026-07-19T13:38:23+00:00,station3,packet_loss_pct,0.0
2026-07-19T13:38:38+00:00,station3,packet_loss_pct,0.0
2026-07-19T13:38:53+00:00,station3,packet_loss_pct,0.0
2026-07-19T13:39:08+00:00,station3,packet_loss_pct,0.0
2026-07-19T13:39:23+00:00,station3,packet_loss_pct,0.0
2026-07-19T13:39:38+00:00,station3,packet_loss_pct,0.0
2026-07-19T13:39:53+00:00,station3,packet_loss_pct,0.0
2026-07-19T13:40:08+00:00,station3,packet_loss_pct,0.0
2026-07-19T13:40:23+00:00,station3,packet_loss_pct,0.0
2026-07-19T13:40:38+00:00,station3,packet_loss_pct,0.0
2026-07-19T13:40:53+00:00,station3,packet_loss_pct,0.0
2026-07-19T13:41:08+00:00,station3,packet_loss_pct,0.0
2026-07-19T13:41:23+00:00,station3,packet_loss_pct,0.0
2026-07-19T13:41:38+00:00,station3,packet_loss_pct,0.0
2026-07-19T13:41:53+00:00,station3,packet_loss_pct,0.0
2026-07-19T13:42:08+00:00,station3,packet_loss_pct,0.0
2026-07-19T13:42:23+00:00,station3,packet_loss_pct,0.0
2026-07-19T13:42:38+00:00,station3,packet_loss_pct,0.0
2026-07-19T13:42:53+00:00,station3,packet_loss_pct,0.0
2026-07-19T13:43:08+00:00,station3,packet_loss_pct,0.0
2026-07-19T13:43:23+00:00,station3,packet_loss_pct,0.0
2026-07-19T13:43:38+00:00,station3,packet_loss_pct,0.0
2026-07-19T13:43:53+00:00,station3,packet_loss_pct,0.0
2026-07-19T13:44:08+00:00,station3,packet_loss_pct,0.0
2026-07-19T13:44:23+00:00,station3,packet_loss_pct,0.0
2026-07-19T13:44:38+00:00,station3,packet_loss_pct,0.0
2026-07-19T13:44:53+00:00,station3,packet_loss_pct,0.0
2026-07-19T13:45:08+00:00,station3,packet_loss_pct,0.0
2026-07-19T13:45:23+00:00,station3,packet_loss_pct,0.0
2026-07-19T13:45:38+00:00,station3,packet_loss_pct,0.0
2026-07-19T13:45:53+00:00,station3,packet_loss_pct,0.0
2026-07-19T13:46:08+00:00,station3,packet_loss_pct,0.0
2026-07-19T13:46:23+00:00,station3,packet_loss_pct,0.0
2026-07-19T13:46:38+00:00,station3,packet_loss_pct,0.0
2026-07-19T13:46:53+00:00,station3,packet_loss_pct,0.0
2026-07-19T13:47:08+00:00,station3,packet_loss_pct,0.0
2026-07-19T13:47:23+00:00,station3,packet_loss_pct,0.0
2026-07-19T13:47:38+00:00,station3,packet_loss_pct,0.0
2026-07-19T13:47:53+00:00,station3,packet_loss_pct,0.0
2026-07-19T13:48:08+00:00,station3,packet_loss_pct,0.0
2026-07-19T13:48:23+00:00,station3,packet_loss_pct,0.0
2026-07-19T13:48:38+00:00,station3,packet_loss_pct,0.0
2026-07-19T13:48:53+00:00,station3,packet_loss_pct,0.0
2026-07-19T13:49:08+00:00,station3,packet_loss_pct,0.0
2026-07-19T13:49:23+00:00,station3,packet_loss_pct,0.0
2026-07-19T13:49:38+00:00,station3,packet_loss_pct,0.0
2026-07-19T13:49:53+00:00,station3,packet_loss_pct,0.0
2026-07-19T13:50:08+00:00,station3,packet_loss_pct,0.0
2026-07-19T13:50:23+00:00,station3,packet_loss_pct,0.0
2026-07-19T13:50:38+00:00,station3,packet_loss_pct,0.0
2026-07-19T13:50:53+00:00,station3,packet_loss_pct,0.0
2026-07-19T13:51:08+00:00,station3,packet_loss_pct,0.0
2026-07-19T13:51:23+00:00,station3,packet_loss_pct,0.0
2026-07-19T13:51:38+00:00,station3,packet_loss_pct,0.0
2026-07-19T13:51:53+00:00,station3,packet_loss_pct,0.0
2026-07-19T13:52:08+00:00,station3,packet_loss_pct,0.0
2026-07-19T13:52:23+00:00,station3,packet_loss_pct,0.0
2026-07-19T13:52:38+00:00,station3,packet_loss_pct,0.0
2026-07-19T13:52:53+00:00,station3,packet_loss_pct,0.0
2026-07-19T13:53:08+00:00,station3,packet_loss_pct,0.0
2026-07-19T13:53:23+00:00,station3,packet_loss_pct,0.0
2026-07-19T13:53:38+00:00,station3,packet_loss_pct,0.0
2026-07-19T13:53:53+00:00,station3,packet_loss_pct,0.0
2026-07-19T13:54:08+00:00,station3,packet_loss_pct,0.0
2026-07-19T13:54:23+00:00,station3,packet_loss_pct,0.0
2026-07-19T13:54:38+00:00,station3,packet_loss_pct,0.0
2026-07-19T13:54:53+00:00,station3,packet_loss_pct,0.0
2026-07-19T13:55:08+00:00,station3,packet_loss_pct,0.0
2026-07-19T13:55:23+00:00,station3,packet_loss_pct,0.0
2026-07-19T13:55:38+00:00,station3,packet_loss_pct,0.0
2026-07-19T13:55:53+00:00,station3,packet_loss_pct,0.0
2026-07-19T13:56:08+00:00,station3,packet_loss_pct,0.0
2026-07-19T13:56:23+00:00,station3,packet_loss_pct,0.0
2026-07-19T13:56:38+00:00,station3,packet_loss_pct,0.0
2026-07-19T13:56:53+00:00,station3,packet_loss_pct,0.0
2026-07-19T13:57:08+00:00,station3,packet_loss_pct,0.0
2026-07-19T13:57:23+00:00,station3,packet_loss_pct,0.0
2026-07-19T13:57:38+00:00,station3,packet_loss_pct,0.0
2026-07-19T13:57:53+00:00,station3,packet_loss_pct,0.0
2026-07-19T13:58:08+00:00,station3,packet_loss_pct,0.0
2026-07-19T13:58:23+00:00,station3,packet_loss_pct,0.0
2026-07-19T13:58:38+00:00,station3,packet_loss_pct,0.0
2026-07-19T13:58:53+00:00,station3,packet_loss_pct,0.0
2026-07-19T13:59:08+00:00,station3,packet_loss_pct,0.0
2026-07-19T13:59:23+00:00,station3,packet_loss_pct,0.0
2026-07-19T13:59:38+00:00,station3,packet_loss_pct,0.0
2026-07-19T13:59:53+00:00,station3,packet_loss_pct,0.0
2026-07-19T14:00:08+00:00,station3,packet_loss_pct,0.0
2026-07-19T14:00:23+00:00,station3,packet_loss_pct,0.0
2026-07-19T14:00:38+00:00,station3,packet_loss_pct,0.0
2026-07-19T14:00:53+00:00,station3,packet_loss_pct,0.0
2026-07-19T14:01:08+00:00,station3,packet_loss_pct,0.0
2026-07-19T14:01:23+00:00,station3,packet_loss_pct,0.0
2026-07-19T14:01:38+00:00,station3,packet_loss_pct,0.0
2026-07-19T14:01:53+00:00,station3,packet_loss_pct,0.0
2026-07-19T14:02:08+00:00,station3,packet_loss_pct,0.0
2026-07-19T14:02:23+00:00,station3,packet_loss_pct,0.0
2026-07-19T14:02:38+00:00,station3,packet_loss_pct,0.0
2026-07-19T14:02:53+00:00,station3,packet_loss_pct,0.0
2026-07-19T14:03:08+00:00,station3,packet_loss_pct,57.14285714285714
2026-07-19T14:03:23+00:00,station3,packet_loss_pct,90.0
2026-07-19T14:03:38+00:00,station3,packet_loss_pct,0.0
2026-07-19T14:03:53+00:00,station3,packet_loss_pct,0.0
2026-07-19T14:04:08+00:00,station3,packet_loss_pct,0.0
2026-07-19T14:04:23+00:00,station3,packet_loss_pct,0.0
2026-07-19T14:04:38+00:00,station3,packet_loss_pct,0.0
2026-07-19T14:04:53+00:00,station3,packet_loss_pct,0.0
2026-07-19T14:05:08+00:00,station3,packet_loss_pct,0.0
2026-07-19T14:05:23+00:00,station3,packet_loss_pct,0.0
2026-07-19T14:05:38+00:00,station3,packet_loss_pct,100.0
2026-07-19T14:05:53+00:00,station3,packet_loss_pct,0.0
2026-07-19T14:06:08+00:00,station3,packet_loss_pct,0.0
2026-07-19T14:06:23+00:00,station3,packet_loss_pct,0.0
2026-07-19T14:06:38+00:00,station3,packet_loss_pct,0.0
2026-07-19T14:06:53+00:00,station3,packet_loss_pct,0.0
2026-07-19T14:07:08+00:00,station3,packet_loss_pct,0.0
2026-07-19T14:07:23+00:00,station3,packet_loss_pct,0.0
2026-07-19T14:07:38+00:00,station3,packet_loss_pct,0.0
2026-07-19T14:07:53+00:00,station3,packet_loss_pct,0.0
2026-07-19T14:08:08+00:00,station3,packet_loss_pct,0.0
2026-07-19T14:08:23+00:00,station3,packet_loss_pct,0.0
2026-07-19T14:08:38+00:00,station3,packet_loss_pct,0.0
2026-07-19T14:08:53+00:00,station3,packet_loss_pct,0.0
2026-07-19T14:09:08+00:00,station3,packet_loss_pct,0.0
2026-07-19T14:09:23+00:00,station3,packet_loss_pct,0.0
2026-07-19T14:09:38+00:00,station3,packet_loss_pct,0.0
2026-07-19T14:09:53+00:00,station3,packet_loss_pct,0.0
2026-07-19T14:10:08+00:00,station3,packet_loss_pct,0.0
2026-07-19T14:10:23+00:00,station3,packet_loss_pct,0.0
2026-07-19T14:10:38+00:00,station3,packet_loss_pct,0.0
2026-07-19T14:10:53+00:00,station3,packet_loss_pct,0.0
2026-07-19T14:11:08+00:00,station3,packet_loss_pct,0.0
2026-07-19T14:11:23+00:00,station3,packet_loss_pct,90.0
2026-07-19T14:11:38+00:00,station3,packet_loss_pct,0.0
2026-07-19T14:11:53+00:00,station3,packet_loss_pct,25.0
2026-07-19T14:12:08+00:00,station3,packet_loss_pct,0.0
2026-07-19T14:12:23+00:00,station3,packet_loss_pct,0.0
2026-07-19T14:12:38+00:00,station3,packet_loss_pct,0.0
2026-07-19T14:12:53+00:00,station3,packet_loss_pct,50.0
2026-07-19T14:13:08+00:00,station3,packet_loss_pct,0.0
2026-07-19T14:13:23+00:00,station3,packet_loss_pct,0.0
2026-07-19T14:13:38+00:00,station3,packet_loss_pct,0.0
2026-07-19T14:13:53+00:00,station3,packet_loss_pct,0.0
2026-07-19T14:14:08+00:00,station3,packet_loss_pct,0.0
2026-07-19T14:14:23+00:00,station3,packet_loss_pct,0.0
2026-07-19T14:14:38+00:00,station3,packet_loss_pct,0.0
2026-07-19T14:14:53+00:00,station3,packet_loss_pct,0.0
2026-07-19T14:15:08+00:00,station3,packet_loss_pct,0.0
2026-07-19T14:15:23+00:00,station3,packet_loss_pct,0.0
2026-07-19T14:15:38+00:00,station3,packet_loss_pct,0.0
2026-07-19T14:15:53+00:00,station3,packet_loss_pct,0.0
2026-07-19T14:16:08+00:00,station3,packet_loss_pct,0.0
2026-07-19T12:05:23+00:00,station1,jitter_ms,0.06
2026-07-19T12:05:38+00:00,station1,jitter_ms,0.65
2026-07-19T12:05:53+00:00,station1,jitter_ms,0.091
2026-07-19T12:06:08+00:00,station1,jitter_ms,0.471
2026-07-19T12:06:23+00:00,station1,jitter_ms,0.042
2026-07-19T12:06:38+00:00,station1,jitter_ms,0.198
2026-07-19T12:06:53+00:00,station1,jitter_ms,0.033
2026-07-19T12:07:08+00:00,station1,jitter_ms,0.851
2026-07-19T12:07:23+00:00,station1,jitter_ms,0.187
2026-07-19T12:07:38+00:00,station1,jitter_ms,0.82
2026-07-19T12:07:53+00:00,station1,jitter_ms,0.064
2026-07-19T12:08:08+00:00,station1,jitter_ms,0.027
2026-07-19T12:08:23+00:00,station1,jitter_ms,1.222
2026-07-19T12:08:38+00:00,station1,jitter_ms,0.089
2026-07-19T12:08:53+00:00,station1,jitter_ms,1.241
2026-07-19T12:09:08+00:00,station1,jitter_ms,1.078
2026-07-19T12:09:23+00:00,station1,jitter_ms,0.039
2026-07-19T12:09:38+00:00,station1,jitter_ms,1.439
2026-07-19T12:09:53+00:00,station1,jitter_ms,0.19
2026-07-19T12:10:08+00:00,station1,jitter_ms,0.161
2026-07-19T12:10:23+00:00,station1,jitter_ms,0.093
2026-07-19T12:10:38+00:00,station1,jitter_ms,0.028
2026-07-19T12:10:53+00:00,station1,jitter_ms,5.788
2026-07-19T12:11:08+00:00,station1,jitter_ms,12.409
2026-07-19T12:11:23+00:00,station1,jitter_ms,3.482
2026-07-19T12:11:38+00:00,station1,jitter_ms,0.515
2026-07-19T12:11:53+00:00,station1,jitter_ms,3.803
2026-07-19T12:12:08+00:00,station1,jitter_ms,1.103
2026-07-19T12:12:23+00:00,station1,jitter_ms,10.652
2026-07-19T12:12:38+00:00,station1,jitter_ms,43.978
2026-07-19T12:12:53+00:00,station1,jitter_ms,0.2
2026-07-19T12:13:08+00:00,station1,jitter_ms,12.358
2026-07-19T12:13:23+00:00,station1,jitter_ms,7.738
2026-07-19T12:13:38+00:00,station1,jitter_ms,6.036
2026-07-19T12:13:53+00:00,station1,jitter_ms,19.909
2026-07-19T12:14:08+00:00,station1,jitter_ms,1.459
2026-07-19T12:14:23+00:00,station1,jitter_ms,2.362
2026-07-19T12:14:38+00:00,station1,jitter_ms,1.857
2026-07-19T12:14:53+00:00,station1,jitter_ms,3.066
2026-07-19T12:15:08+00:00,station1,jitter_ms,4.2
2026-07-19T12:15:23+00:00,station1,jitter_ms,0.698
2026-07-19T12:15:38+00:00,station1,jitter_ms,1.769
2026-07-19T12:15:53+00:00,station1,jitter_ms,59.488
2026-07-19T12:16:08+00:00,station1,jitter_ms,1.0
2026-07-19T12:16:23+00:00,station1,jitter_ms,5.671
2026-07-19T12:16:38+00:00,station1,jitter_ms,2.186
2026-07-19T12:16:53+00:00,station1,jitter_ms,26.876
2026-07-19T12:17:08+00:00,station1,jitter_ms,2.11
2026-07-19T12:17:23+00:00,station1,jitter_ms,4.285
2026-07-19T12:17:38+00:00,station1,jitter_ms,14.413
2026-07-19T12:17:53+00:00,station1,jitter_ms,1.156
2026-07-19T12:18:08+00:00,station1,jitter_ms,86.45
2026-07-19T12:18:23+00:00,station1,jitter_ms,9.917
2026-07-19T12:18:38+00:00,station1,jitter_ms,33.72
2026-07-19T12:18:53+00:00,station1,jitter_ms,1.851
2026-07-19T12:19:08+00:00,station1,jitter_ms,75.054
2026-07-19T12:19:23+00:00,station1,jitter_ms,15.286
2026-07-19T12:19:38+00:00,station1,jitter_ms,11.39
2026-07-19T12:19:53+00:00,station1,jitter_ms,5.154
2026-07-19T12:20:08+00:00,station1,jitter_ms,123.464
2026-07-19T12:20:23+00:00,station1,jitter_ms,36.758
2026-07-19T12:20:38+00:00,station1,jitter_ms,4.247
2026-07-19T12:20:53+00:00,station1,jitter_ms,47.794
2026-07-19T12:21:08+00:00,station1,jitter_ms,2.564
2026-07-19T12:21:23+00:00,station1,jitter_ms,2.577
2026-07-19T12:21:38+00:00,station1,jitter_ms,47.184
2026-07-19T12:21:53+00:00,station1,jitter_ms,51.901
2026-07-19T12:22:08+00:00,station1,jitter_ms,16.065
2026-07-19T12:22:23+00:00,station1,jitter_ms,22.721
2026-07-19T12:22:38+00:00,station1,jitter_ms,1.271
2026-07-19T12:22:53+00:00,station1,jitter_ms,3.648
2026-07-19T12:23:08+00:00,station1,jitter_ms,53.618
2026-07-19T12:23:23+00:00,station1,jitter_ms,23.112
2026-07-19T12:23:38+00:00,station1,jitter_ms,7.525
2026-07-19T12:23:53+00:00,station1,jitter_ms,38.746
2026-07-19T12:24:08+00:00,station1,jitter_ms,19.024
2026-07-19T12:24:23+00:00,station1,jitter_ms,0.841
2026-07-19T12:24:38+00:00,station1,jitter_ms,50.875
2026-07-19T12:24:53+00:00,station1,jitter_ms,0.93
2026-07-19T12:25:08+00:00,station1,jitter_ms,37.513
2026-07-19T12:25:23+00:00,station1,jitter_ms,41.542
2026-07-19T12:25:38+00:00,station1,jitter_ms,1.935
2026-07-19T12:25:53+00:00,station1,jitter_ms,52.815
2026-07-19T12:26:08+00:00,station1,jitter_ms,2.341
2026-07-19T12:26:23+00:00,station1,jitter_ms,53.139
2026-07-19T12:26:38+00:00,station1,jitter_ms,49.895
2026-07-19T12:26:53+00:00,station1,jitter_ms,20.482
2026-07-19T12:27:08+00:00,station1,jitter_ms,7.892
2026-07-19T12:27:23+00:00,station1,jitter_ms,67.743
2026-07-19T12:27:38+00:00,station1,jitter_ms,167.422
2026-07-19T12:27:53+00:00,station1,jitter_ms,0.268
2026-07-19T12:28:08+00:00,station1,jitter_ms,0.338
2026-07-19T12:28:23+00:00,station1,jitter_ms,0.382
2026-07-19T12:28:38+00:00,station1,jitter_ms,0.043
2026-07-19T12:28:53+00:00,station1,jitter_ms,0.244
2026-07-19T12:29:08+00:00,station1,jitter_ms,0.149
2026-07-19T12:29:23+00:00,station1,jitter_ms,0.051
2026-07-19T12:29:38+00:00,station1,jitter_ms,0.208
2026-07-19T12:29:53+00:00,station1,jitter_ms,0.06
2026-07-19T12:30:08+00:00,station1,jitter_ms,0.045
2026-07-19T12:30:23+00:00,station1,jitter_ms,0.258
2026-07-19T12:30:38+00:00,station1,jitter_ms,0.541
2026-07-19T12:30:53+00:00,station1,jitter_ms,1.442
2026-07-19T12:31:08+00:00,station1,jitter_ms,0.031
2026-07-19T12:31:23+00:00,station1,jitter_ms,0.824
2026-07-19T12:31:38+00:00,station1,jitter_ms,0.173
2026-07-19T12:31:53+00:00,station1,jitter_ms,0.101
2026-07-19T12:32:08+00:00,station1,jitter_ms,1.077
2026-07-19T12:32:23+00:00,station1,jitter_ms,0.091
2026-07-19T12:32:38+00:00,station1,jitter_ms,0.028
2026-07-19T12:32:53+00:00,station1,jitter_ms,0.943
2026-07-19T12:33:08+00:00,station1,jitter_ms,0.115
2026-07-19T12:33:23+00:00,station1,jitter_ms,0.432
2026-07-19T12:33:38+00:00,station1,jitter_ms,0.051
2026-07-19T12:33:53+00:00,station1,jitter_ms,0.018
2026-07-19T12:34:08+00:00,station1,jitter_ms,0.107
2026-07-19T12:34:23+00:00,station1,jitter_ms,0.252
2026-07-19T12:34:38+00:00,station1,jitter_ms,0.863
2026-07-19T12:34:53+00:00,station1,jitter_ms,0.101
2026-07-19T12:35:08+00:00,station1,jitter_ms,0.018
2026-07-19T12:35:23+00:00,station1,jitter_ms,0.176
2026-07-19T12:35:38+00:00,station1,jitter_ms,1.326
2026-07-19T12:35:53+00:00,station1,jitter_ms,0.141
2026-07-19T12:36:08+00:00,station1,jitter_ms,0.249
2026-07-19T12:36:23+00:00,station1,jitter_ms,0.186
2026-07-19T12:36:38+00:00,station1,jitter_ms,0.153
2026-07-19T12:36:53+00:00,station1,jitter_ms,4.535
2026-07-19T12:37:08+00:00,station1,jitter_ms,10.645
2026-07-19T12:37:23+00:00,station1,jitter_ms,0.217
2026-07-19T12:37:38+00:00,station1,jitter_ms,2.121
2026-07-19T12:37:53+00:00,station1,jitter_ms,0.986
2026-07-19T12:38:08+00:00,station1,jitter_ms,4.243
2026-07-19T12:38:23+00:00,station1,jitter_ms,24.804
2026-07-19T12:38:38+00:00,station1,jitter_ms,0.204
2026-07-19T12:38:53+00:00,station1,jitter_ms,0.703
2026-07-19T12:39:08+00:00,station1,jitter_ms,2.107
2026-07-19T12:39:23+00:00,station1,jitter_ms,1.606
2026-07-19T12:39:38+00:00,station1,jitter_ms,9.007
2026-07-19T12:39:53+00:00,station1,jitter_ms,1.461
2026-07-19T12:40:08+00:00,station1,jitter_ms,2.613
2026-07-19T12:40:23+00:00,station1,jitter_ms,4.482
2026-07-19T12:40:38+00:00,station1,jitter_ms,1.593
2026-07-19T12:40:53+00:00,station1,jitter_ms,10.446
2026-07-19T12:41:08+00:00,station1,jitter_ms,1.085
2026-07-19T12:41:23+00:00,station1,jitter_ms,6.144
2026-07-19T12:41:38+00:00,station1,jitter_ms,2.65
2026-07-19T12:41:53+00:00,station1,jitter_ms,3.26
2026-07-19T12:42:08+00:00,station1,jitter_ms,2.676
2026-07-19T12:42:23+00:00,station1,jitter_ms,0.668
2026-07-19T12:42:38+00:00,station1,jitter_ms,40.612
2026-07-19T12:42:53+00:00,station1,jitter_ms,3.512
2026-07-19T12:43:08+00:00,station1,jitter_ms,7.545
2026-07-19T12:43:23+00:00,station1,jitter_ms,9.587
2026-07-19T12:43:38+00:00,station1,jitter_ms,0.586
2026-07-19T12:43:53+00:00,station1,jitter_ms,3.48
2026-07-19T12:44:08+00:00,station1,jitter_ms,43.318
2026-07-19T12:44:23+00:00,station1,jitter_ms,8.671
2026-07-19T12:44:38+00:00,station1,jitter_ms,55.252
2026-07-19T12:44:53+00:00,station1,jitter_ms,16.957
2026-07-19T12:45:08+00:00,station1,jitter_ms,1.141
2026-07-19T12:45:23+00:00,station1,jitter_ms,1.738
2026-07-19T12:45:38+00:00,station1,jitter_ms,3.03
2026-07-19T12:45:53+00:00,station1,jitter_ms,110.161
2026-07-19T12:46:08+00:00,station1,jitter_ms,0.665
2026-07-19T12:46:23+00:00,station1,jitter_ms,0.402
2026-07-19T12:46:38+00:00,station1,jitter_ms,30.397
2026-07-19T12:46:53+00:00,station1,jitter_ms,52.484
2026-07-19T12:47:08+00:00,station1,jitter_ms,5.627
2026-07-19T12:47:23+00:00,station1,jitter_ms,32.042
2026-07-19T12:47:38+00:00,station1,jitter_ms,4.456
2026-07-19T12:47:53+00:00,station1,jitter_ms,10.808
2026-07-19T12:48:08+00:00,station1,jitter_ms,15.487
2026-07-19T12:48:23+00:00,station1,jitter_ms,0.394
2026-07-19T12:48:38+00:00,station1,jitter_ms,41.104
2026-07-19T12:48:53+00:00,station1,jitter_ms,7.547
2026-07-19T12:49:08+00:00,station1,jitter_ms,0.602
2026-07-19T12:49:23+00:00,station1,jitter_ms,23.834
2026-07-19T12:49:38+00:00,station1,jitter_ms,0.93
2026-07-19T12:49:53+00:00,station1,jitter_ms,20.84
2026-07-19T12:50:08+00:00,station1,jitter_ms,36.731
2026-07-19T12:50:23+00:00,station1,jitter_ms,6.732
2026-07-19T12:50:38+00:00,station1,jitter_ms,51.312
2026-07-19T12:50:53+00:00,station1,jitter_ms,41.977
2026-07-19T12:51:08+00:00,station1,jitter_ms,49.254
2026-07-19T12:51:23+00:00,station1,jitter_ms,5.91
2026-07-19T12:51:38+00:00,station1,jitter_ms,16.62
2026-07-19T12:51:53+00:00,station1,jitter_ms,0.875
2026-07-19T12:52:08+00:00,station1,jitter_ms,59.235
2026-07-19T12:52:23+00:00,station1,jitter_ms,15.049
2026-07-19T12:52:38+00:00,station1,jitter_ms,3.215
2026-07-19T12:52:53+00:00,station1,jitter_ms,0.053
2026-07-19T12:53:08+00:00,station1,jitter_ms,0.401
2026-07-19T12:53:23+00:00,station1,jitter_ms,0.267
2026-07-19T12:53:38+00:00,station1,jitter_ms,0.137
2026-07-19T12:53:53+00:00,station1,jitter_ms,0.026
2026-07-19T12:54:08+00:00,station1,jitter_ms,1.118
2026-07-19T12:54:23+00:00,station1,jitter_ms,1.241
2026-07-19T12:54:38+00:00,station1,jitter_ms,0.15
2026-07-19T12:54:53+00:00,station1,jitter_ms,0.04
2026-07-19T12:55:08+00:00,station1,jitter_ms,1.832
2026-07-19T12:55:23+00:00,station1,jitter_ms,1.011
2026-07-19T12:55:38+00:00,station1,jitter_ms,0.038
2026-07-19T12:55:53+00:00,station1,jitter_ms,0.102
2026-07-19T12:56:08+00:00,station1,jitter_ms,0.592
2026-07-19T12:56:23+00:00,station1,jitter_ms,0.027
2026-07-19T12:56:38+00:00,station1,jitter_ms,0.087
2026-07-19T12:56:53+00:00,station1,jitter_ms,0.071
2026-07-19T12:57:08+00:00,station1,jitter_ms,0.17
2026-07-19T12:57:23+00:00,station1,jitter_ms,0.032
2026-07-19T12:57:38+00:00,station1,jitter_ms,0.093
2026-07-19T12:57:53+00:00,station1,jitter_ms,0.027
2026-07-19T12:58:08+00:00,station1,jitter_ms,0.212
2026-07-19T12:58:23+00:00,station1,jitter_ms,0.748
2026-07-19T12:58:38+00:00,station1,jitter_ms,0.409
2026-07-19T12:58:53+00:00,station1,jitter_ms,0.12
2026-07-19T12:59:08+00:00,station1,jitter_ms,0.026
2026-07-19T12:59:23+00:00,station1,jitter_ms,6.527
2026-07-19T12:59:38+00:00,station1,jitter_ms,0.694
2026-07-19T12:59:53+00:00,station1,jitter_ms,0.976
2026-07-19T13:00:08+00:00,station1,jitter_ms,0.472
2026-07-19T13:00:23+00:00,station1,jitter_ms,1.954
2026-07-19T13:00:38+00:00,station1,jitter_ms,1.033
2026-07-19T13:00:53+00:00,station1,jitter_ms,2.704
2026-07-19T13:01:08+00:00,station1,jitter_ms,0.898
2026-07-19T13:01:23+00:00,station1,jitter_ms,0.526
2026-07-19T13:01:38+00:00,station1,jitter_ms,1.171
2026-07-19T13:01:53+00:00,station1,jitter_ms,5.2
2026-07-19T13:02:08+00:00,station1,jitter_ms,1.127
2026-07-19T13:02:23+00:00,station1,jitter_ms,2.355
2026-07-19T13:02:38+00:00,station1,jitter_ms,4.067
2026-07-19T13:02:53+00:00,station1,jitter_ms,3.885
2026-07-19T13:03:08+00:00,station1,jitter_ms,0.602
2026-07-19T13:03:23+00:00,station1,jitter_ms,4.148
2026-07-19T13:03:38+00:00,station1,jitter_ms,4.422
2026-07-19T13:03:53+00:00,station1,jitter_ms,4.919
2026-07-19T13:04:08+00:00,station1,jitter_ms,3.99
2026-07-19T13:04:23+00:00,station1,jitter_ms,9.282
2026-07-19T13:04:38+00:00,station1,jitter_ms,7.093
2026-07-19T13:04:53+00:00,station1,jitter_ms,5.713
2026-07-19T13:05:08+00:00,station1,jitter_ms,6.692
2026-07-19T13:05:23+00:00,station1,jitter_ms,8.986
2026-07-19T13:05:38+00:00,station1,jitter_ms,5.895
2026-07-19T13:05:53+00:00,station1,jitter_ms,5.526
2026-07-19T13:06:08+00:00,station1,jitter_ms,11.912
2026-07-19T13:06:23+00:00,station1,jitter_ms,10.097
2026-07-19T13:06:38+00:00,station1,jitter_ms,6.282
2026-07-19T13:06:53+00:00,station1,jitter_ms,12.546
2026-07-19T13:07:08+00:00,station1,jitter_ms,6.328
2026-07-19T13:07:23+00:00,station1,jitter_ms,9.17
2026-07-19T13:07:38+00:00,station1,jitter_ms,6.839
2026-07-19T13:07:53+00:00,station1,jitter_ms,6.548
2026-07-19T13:08:08+00:00,station1,jitter_ms,9.527
2026-07-19T13:08:23+00:00,station1,jitter_ms,2.628
2026-07-19T13:08:38+00:00,station1,jitter_ms,4.452
2026-07-19T13:08:53+00:00,station1,jitter_ms,9.823
2026-07-19T13:09:08+00:00,station1,jitter_ms,3.098
2026-07-19T13:09:23+00:00,station1,jitter_ms,3.235
2026-07-19T13:09:38+00:00,station1,jitter_ms,7.478
2026-07-19T13:09:53+00:00,station1,jitter_ms,6.895
2026-07-19T13:10:08+00:00,station1,jitter_ms,8.651
2026-07-19T13:10:23+00:00,station1,jitter_ms,1.97
2026-07-19T13:10:38+00:00,station1,jitter_ms,5.803
2026-07-19T13:10:53+00:00,station1,jitter_ms,8.604
2026-07-19T13:11:08+00:00,station1,jitter_ms,4.509
2026-07-19T13:11:23+00:00,station1,jitter_ms,2.327
2026-07-19T13:11:38+00:00,station1,jitter_ms,2.69
2026-07-19T13:11:53+00:00,station1,jitter_ms,5.303
2026-07-19T13:12:08+00:00,station1,jitter_ms,8.292
2026-07-19T13:12:23+00:00,station1,jitter_ms,5.84
2026-07-19T13:12:38+00:00,station1,jitter_ms,12.532
2026-07-19T13:12:53+00:00,station1,jitter_ms,7.168
2026-07-19T13:13:08+00:00,station1,jitter_ms,12.426
2026-07-19T13:13:23+00:00,station1,jitter_ms,8.695
2026-07-19T13:13:38+00:00,station1,jitter_ms,2.607
2026-07-19T13:13:53+00:00,station1,jitter_ms,7.531
2026-07-19T13:14:08+00:00,station1,jitter_ms,2.512
2026-07-19T13:14:23+00:00,station1,jitter_ms,6.133
2026-07-19T13:14:38+00:00,station1,jitter_ms,10.676
2026-07-19T13:14:53+00:00,station1,jitter_ms,0.136
2026-07-19T13:15:23+00:00,station1,jitter_ms,0.286
2026-07-19T13:15:38+00:00,station1,jitter_ms,0.395
2026-07-19T13:15:53+00:00,station1,jitter_ms,0.36
2026-07-19T13:16:08+00:00,station1,jitter_ms,0.142
2026-07-19T13:16:23+00:00,station1,jitter_ms,0.012
2026-07-19T13:16:38+00:00,station1,jitter_ms,0.29
2026-07-19T13:16:53+00:00,station1,jitter_ms,0.135
2026-07-19T13:17:08+00:00,station1,jitter_ms,0.16
2026-07-19T13:17:23+00:00,station1,jitter_ms,0.692
2026-07-19T13:17:38+00:00,station1,jitter_ms,1.489
2026-07-19T13:17:53+00:00,station1,jitter_ms,0.113
2026-07-19T13:18:08+00:00,station1,jitter_ms,0.278
2026-07-19T13:18:23+00:00,station1,jitter_ms,0.2
2026-07-19T13:18:38+00:00,station1,jitter_ms,0.187
2026-07-19T13:18:53+00:00,station1,jitter_ms,0.13
2026-07-19T13:19:08+00:00,station1,jitter_ms,0.269
2026-07-19T13:19:23+00:00,station1,jitter_ms,0.164
2026-07-19T13:19:38+00:00,station1,jitter_ms,0.146
2026-07-19T13:19:53+00:00,station1,jitter_ms,0.019
2026-07-19T13:20:08+00:00,station1,jitter_ms,0.72
2026-07-19T13:20:23+00:00,station1,jitter_ms,0.046
2026-07-19T13:20:38+00:00,station1,jitter_ms,1.538
2026-07-19T13:20:53+00:00,station1,jitter_ms,0.207
2026-07-19T13:21:08+00:00,station1,jitter_ms,0.045
2026-07-19T13:21:23+00:00,station1,jitter_ms,0.552
2026-07-19T13:21:38+00:00,station1,jitter_ms,0.412
2026-07-19T13:21:53+00:00,station1,jitter_ms,0.27
2026-07-19T13:22:08+00:00,station1,jitter_ms,0.436
2026-07-19T13:22:23+00:00,station1,jitter_ms,0.024
2026-07-19T13:22:38+00:00,station1,jitter_ms,0.109
2026-07-19T13:22:53+00:00,station1,jitter_ms,0.169
2026-07-19T13:23:08+00:00,station1,jitter_ms,1.32
2026-07-19T13:23:23+00:00,station1,jitter_ms,1.107
2026-07-19T13:23:38+00:00,station1,jitter_ms,0.792
2026-07-19T13:23:53+00:00,station1,jitter_ms,0.43
2026-07-19T13:24:08+00:00,station1,jitter_ms,0.376
2026-07-19T13:24:23+00:00,station1,jitter_ms,1.924
2026-07-19T13:24:38+00:00,station1,jitter_ms,0.921
2026-07-19T13:24:53+00:00,station1,jitter_ms,3.007
2026-07-19T13:25:08+00:00,station1,jitter_ms,1.687
2026-07-19T13:25:23+00:00,station1,jitter_ms,2.967
2026-07-19T13:25:38+00:00,station1,jitter_ms,3.242
2026-07-19T13:25:53+00:00,station1,jitter_ms,2.934
2026-07-19T13:26:08+00:00,station1,jitter_ms,5.773
2026-07-19T13:26:23+00:00,station1,jitter_ms,1.742
2026-07-19T13:26:38+00:00,station1,jitter_ms,2.239
2026-07-19T13:26:53+00:00,station1,jitter_ms,4.628
2026-07-19T13:27:08+00:00,station1,jitter_ms,4.648
2026-07-19T13:27:23+00:00,station1,jitter_ms,2.9
2026-07-19T13:27:38+00:00,station1,jitter_ms,4.592
2026-07-19T13:27:53+00:00,station1,jitter_ms,0.867
2026-07-19T13:28:08+00:00,station1,jitter_ms,4.463
2026-07-19T13:28:23+00:00,station1,jitter_ms,5.424
2026-07-19T13:28:38+00:00,station1,jitter_ms,6.244
2026-07-19T13:28:53+00:00,station1,jitter_ms,2.11
2026-07-19T13:29:08+00:00,station1,jitter_ms,2.209
2026-07-19T13:29:23+00:00,station1,jitter_ms,5.86
2026-07-19T13:29:38+00:00,station1,jitter_ms,6.88
2026-07-19T13:29:53+00:00,station1,jitter_ms,1.447
2026-07-19T13:30:08+00:00,station1,jitter_ms,8.266
2026-07-19T13:30:23+00:00,station1,jitter_ms,8.556
2026-07-19T13:30:38+00:00,station1,jitter_ms,3.676
2026-07-19T13:30:53+00:00,station1,jitter_ms,6.485
2026-07-19T13:31:08+00:00,station1,jitter_ms,7.045
2026-07-19T13:31:23+00:00,station1,jitter_ms,4.506
2026-07-19T13:31:38+00:00,station1,jitter_ms,10.566
2026-07-19T13:31:53+00:00,station1,jitter_ms,1.702
2026-07-19T13:32:08+00:00,station1,jitter_ms,8.943
2026-07-19T13:32:23+00:00,station1,jitter_ms,5.474
2026-07-19T13:32:38+00:00,station1,jitter_ms,4.956
2026-07-19T13:32:53+00:00,station1,jitter_ms,4.267
2026-07-19T13:33:08+00:00,station1,jitter_ms,7.607
2026-07-19T13:33:23+00:00,station1,jitter_ms,4.92
2026-07-19T13:33:38+00:00,station1,jitter_ms,11.88
2026-07-19T13:33:53+00:00,station1,jitter_ms,2.158
2026-07-19T13:34:08+00:00,station1,jitter_ms,24.53
2026-07-19T13:34:23+00:00,station1,jitter_ms,0.151
2026-07-19T13:34:38+00:00,station1,jitter_ms,0.025
2026-07-19T13:34:53+00:00,station1,jitter_ms,0.027
2026-07-19T13:35:08+00:00,station1,jitter_ms,0.673
2026-07-19T13:35:23+00:00,station1,jitter_ms,0.197
2026-07-19T13:35:38+00:00,station1,jitter_ms,0.409
2026-07-19T13:35:53+00:00,station1,jitter_ms,0.033
2026-07-19T13:36:08+00:00,station1,jitter_ms,0.029
2026-07-19T13:36:23+00:00,station1,jitter_ms,0.049
2026-07-19T13:36:38+00:00,station1,jitter_ms,0.088
2026-07-19T13:36:53+00:00,station1,jitter_ms,0.194
2026-07-19T13:37:08+00:00,station1,jitter_ms,0.171
2026-07-19T13:37:23+00:00,station1,jitter_ms,0.695
2026-07-19T13:37:38+00:00,station1,jitter_ms,0.791
2026-07-19T13:37:53+00:00,station1,jitter_ms,0.981
2026-07-19T13:38:08+00:00,station1,jitter_ms,0.378
2026-07-19T13:38:23+00:00,station1,jitter_ms,0.274
2026-07-19T13:38:38+00:00,station1,jitter_ms,0.035
2026-07-19T13:38:53+00:00,station1,jitter_ms,0.744
2026-07-19T13:39:08+00:00,station1,jitter_ms,0.879
2026-07-19T13:39:23+00:00,station1,jitter_ms,0.168
2026-07-19T13:39:38+00:00,station1,jitter_ms,0.201
2026-07-19T13:39:53+00:00,station1,jitter_ms,1.47
2026-07-19T13:40:08+00:00,station1,jitter_ms,0.07
2026-07-19T13:40:23+00:00,station1,jitter_ms,0.283
2026-07-19T13:40:38+00:00,station1,jitter_ms,1.343
2026-07-19T13:40:53+00:00,station1,jitter_ms,0.026
2026-07-19T13:41:08+00:00,station1,jitter_ms,0.06
2026-07-19T13:41:23+00:00,station1,jitter_ms,0.054
2026-07-19T13:41:38+00:00,station1,jitter_ms,1.255
2026-07-19T13:41:53+00:00,station1,jitter_ms,0.927
2026-07-19T13:42:08+00:00,station1,jitter_ms,0.042
2026-07-19T13:42:23+00:00,station1,jitter_ms,0.752
2026-07-19T13:42:38+00:00,station1,jitter_ms,1.504
2026-07-19T13:42:53+00:00,station1,jitter_ms,0.647
2026-07-19T13:43:08+00:00,station1,jitter_ms,0.245
2026-07-19T13:43:23+00:00,station1,jitter_ms,1.309
2026-07-19T13:43:38+00:00,station1,jitter_ms,0.655
2026-07-19T13:43:53+00:00,station1,jitter_ms,0.421
2026-07-19T13:44:08+00:00,station1,jitter_ms,0.633
2026-07-19T13:44:23+00:00,station1,jitter_ms,1.506
2026-07-19T13:44:38+00:00,station1,jitter_ms,2.144
2026-07-19T13:44:53+00:00,station1,jitter_ms,0.222
2026-07-19T13:45:08+00:00,station1,jitter_ms,2.391
2026-07-19T13:45:23+00:00,station1,jitter_ms,1.013
2026-07-19T13:45:38+00:00,station1,jitter_ms,1.231
2026-07-19T13:45:53+00:00,station1,jitter_ms,2.245
2026-07-19T13:46:08+00:00,station1,jitter_ms,0.802
2026-07-19T13:46:23+00:00,station1,jitter_ms,2.565
2026-07-19T13:46:38+00:00,station1,jitter_ms,2.947
2026-07-19T13:46:53+00:00,station1,jitter_ms,1.64
2026-07-19T13:47:08+00:00,station1,jitter_ms,0.7
2026-07-19T13:47:23+00:00,station1,jitter_ms,2.838
2026-07-19T13:47:38+00:00,station1,jitter_ms,2.835
2026-07-19T13:47:53+00:00,station1,jitter_ms,0.68
2026-07-19T13:48:08+00:00,station1,jitter_ms,2.032
2026-07-19T13:48:23+00:00,station1,jitter_ms,3.421
2026-07-19T13:48:38+00:00,station1,jitter_ms,3.077
2026-07-19T13:48:53+00:00,station1,jitter_ms,2.277
2026-07-19T13:49:08+00:00,station1,jitter_ms,1.378
2026-07-19T13:49:23+00:00,station1,jitter_ms,3.053
2026-07-19T13:49:38+00:00,station1,jitter_ms,2.421
2026-07-19T13:49:53+00:00,station1,jitter_ms,1.371
2026-07-19T13:50:08+00:00,station1,jitter_ms,1.04
2026-07-19T13:50:23+00:00,station1,jitter_ms,0.517
2026-07-19T13:50:38+00:00,station1,jitter_ms,1.642
2026-07-19T13:50:53+00:00,station1,jitter_ms,1.115
2026-07-19T13:51:08+00:00,station1,jitter_ms,0.623
2026-07-19T13:51:23+00:00,station1,jitter_ms,2.234
2026-07-19T13:51:38+00:00,station1,jitter_ms,3.095
2026-07-19T13:51:53+00:00,station1,jitter_ms,0.14
2026-07-19T13:52:08+00:00,station1,jitter_ms,1.423
2026-07-19T13:52:23+00:00,station1,jitter_ms,0.431
2026-07-19T13:52:38+00:00,station1,jitter_ms,1.45
2026-07-19T13:52:53+00:00,station1,jitter_ms,0.023
2026-07-19T13:53:08+00:00,station1,jitter_ms,0.57
2026-07-19T13:53:23+00:00,station1,jitter_ms,0.131
2026-07-19T13:53:38+00:00,station1,jitter_ms,0.792
2026-07-19T13:53:53+00:00,station1,jitter_ms,1.197
2026-07-19T13:54:08+00:00,station1,jitter_ms,0.034
2026-07-19T13:54:23+00:00,station1,jitter_ms,0.124
2026-07-19T13:54:38+00:00,station1,jitter_ms,0.826
2026-07-19T13:54:53+00:00,station1,jitter_ms,0.695
2026-07-19T13:55:08+00:00,station1,jitter_ms,0.528
2026-07-19T13:55:23+00:00,station1,jitter_ms,0.141
2026-07-19T13:55:38+00:00,station1,jitter_ms,0.04
2026-07-19T13:55:53+00:00,station1,jitter_ms,0.03
2026-07-19T13:56:08+00:00,station1,jitter_ms,1.078
2026-07-19T13:56:23+00:00,station1,jitter_ms,0.023
2026-07-19T13:56:38+00:00,station1,jitter_ms,0.068
2026-07-19T13:56:53+00:00,station1,jitter_ms,0.685
2026-07-19T13:57:08+00:00,station1,jitter_ms,0.205
2026-07-19T13:57:23+00:00,station1,jitter_ms,0.085
2026-07-19T13:57:38+00:00,station1,jitter_ms,0.054
2026-07-19T13:57:53+00:00,station1,jitter_ms,0.675
2026-07-19T13:58:08+00:00,station1,jitter_ms,0.652
2026-07-19T13:58:23+00:00,station1,jitter_ms,0.275
2026-07-19T13:58:38+00:00,station1,jitter_ms,0.284
2026-07-19T13:58:53+00:00,station1,jitter_ms,1.139
2026-07-19T13:59:08+00:00,station1,jitter_ms,0.708
2026-07-19T13:59:23+00:00,station1,jitter_ms,0.489
2026-07-19T13:59:38+00:00,station1,jitter_ms,0.826
2026-07-19T13:59:53+00:00,station1,jitter_ms,0.776
2026-07-19T14:00:08+00:00,station1,jitter_ms,0.316
2026-07-19T14:00:23+00:00,station1,jitter_ms,0.35
2026-07-19T14:00:38+00:00,station1,jitter_ms,0.482
2026-07-19T14:00:53+00:00,station1,jitter_ms,1.333
2026-07-19T14:01:08+00:00,station1,jitter_ms,0.19
2026-07-19T14:01:23+00:00,station1,jitter_ms,0.765
2026-07-19T14:01:38+00:00,station1,jitter_ms,0.795
2026-07-19T14:01:53+00:00,station1,jitter_ms,0.836
2026-07-19T14:02:08+00:00,station1,jitter_ms,0.054
2026-07-19T14:02:23+00:00,station1,jitter_ms,0.511
2026-07-19T14:02:38+00:00,station1,jitter_ms,0.565
2026-07-19T14:02:53+00:00,station1,jitter_ms,1.1
2026-07-19T14:03:08+00:00,station1,jitter_ms,0.83
2026-07-19T14:03:23+00:00,station1,jitter_ms,1.784
2026-07-19T14:03:38+00:00,station1,jitter_ms,2.044
2026-07-19T14:03:53+00:00,station1,jitter_ms,1.053
2026-07-19T14:04:08+00:00,station1,jitter_ms,0.533
2026-07-19T14:04:23+00:00,station1,jitter_ms,1.19
2026-07-19T14:04:38+00:00,station1,jitter_ms,1.493
2026-07-19T14:04:53+00:00,station1,jitter_ms,1.145
2026-07-19T14:05:08+00:00,station1,jitter_ms,1.849
2026-07-19T14:05:23+00:00,station1,jitter_ms,1.973
2026-07-19T14:05:38+00:00,station1,jitter_ms,1.019
2026-07-19T14:05:53+00:00,station1,jitter_ms,1.198
2026-07-19T14:06:08+00:00,station1,jitter_ms,0.741
2026-07-19T14:06:23+00:00,station1,jitter_ms,1.584
2026-07-19T14:06:38+00:00,station1,jitter_ms,2.856
2026-07-19T14:06:53+00:00,station1,jitter_ms,1.094
2026-07-19T14:07:08+00:00,station1,jitter_ms,2.251
2026-07-19T14:07:23+00:00,station1,jitter_ms,2.989
2026-07-19T14:07:38+00:00,station1,jitter_ms,0.805
2026-07-19T14:07:53+00:00,station1,jitter_ms,3.198
2026-07-19T14:08:08+00:00,station1,jitter_ms,2.741
2026-07-19T14:08:23+00:00,station1,jitter_ms,1.633
2026-07-19T14:08:38+00:00,station1,jitter_ms,1.975
2026-07-19T14:08:53+00:00,station1,jitter_ms,1.364
2026-07-19T14:09:08+00:00,station1,jitter_ms,1.277
2026-07-19T14:09:23+00:00,station1,jitter_ms,2.095
2026-07-19T14:09:38+00:00,station1,jitter_ms,2.561
2026-07-19T14:09:53+00:00,station1,jitter_ms,2.767
2026-07-19T14:10:08+00:00,station1,jitter_ms,0.82
2026-07-19T14:10:23+00:00,station1,jitter_ms,2.053
2026-07-19T14:10:38+00:00,station1,jitter_ms,2.638
2026-07-19T14:10:53+00:00,station1,jitter_ms,2.475
2026-07-19T14:11:08+00:00,station1,jitter_ms,1.556
2026-07-19T14:11:23+00:00,station1,jitter_ms,1.107
2026-07-19T14:11:38+00:00,station1,jitter_ms,1.059
2026-07-19T14:11:53+00:00,station1,jitter_ms,1.902
2026-07-19T14:12:08+00:00,station1,jitter_ms,1.897
2026-07-19T14:12:23+00:00,station1,jitter_ms,3.01
2026-07-19T14:12:38+00:00,station1,jitter_ms,1.613
2026-07-19T14:12:53+00:00,station1,jitter_ms,0.799
2026-07-19T14:13:08+00:00,station1,jitter_ms,2.128
2026-07-19T14:13:23+00:00,station1,jitter_ms,1.606
2026-07-19T14:13:38+00:00,station1,jitter_ms,5.28
2026-07-19T14:13:53+00:00,station1,jitter_ms,0.103
2026-07-19T14:14:08+00:00,station1,jitter_ms,0.505
2026-07-19T14:14:23+00:00,station1,jitter_ms,0.723
2026-07-19T14:14:38+00:00,station1,jitter_ms,0.096
2026-07-19T14:14:53+00:00,station1,jitter_ms,0.014
2026-07-19T14:15:08+00:00,station1,jitter_ms,0.053
2026-07-19T14:15:23+00:00,station1,jitter_ms,0.275
2026-07-19T14:15:38+00:00,station1,jitter_ms,1.017
2026-07-19T14:15:53+00:00,station1,jitter_ms,0.435
2026-07-19T14:16:08+00:00,station1,jitter_ms,0.012
2026-07-19T12:05:23+00:00,station2,jitter_ms,0.101
2026-07-19T12:05:38+00:00,station2,jitter_ms,0.701
2026-07-19T12:05:53+00:00,station2,jitter_ms,0.02
2026-07-19T12:06:08+00:00,station2,jitter_ms,0.765
2026-07-19T12:06:23+00:00,station2,jitter_ms,0.027
2026-07-19T12:06:38+00:00,station2,jitter_ms,0.117
2026-07-19T12:06:53+00:00,station2,jitter_ms,0.028
2026-07-19T12:07:08+00:00,station2,jitter_ms,1.447
2026-07-19T12:07:23+00:00,station2,jitter_ms,0.209
2026-07-19T12:07:38+00:00,station2,jitter_ms,1.411
2026-07-19T12:07:53+00:00,station2,jitter_ms,0.037
2026-07-19T12:08:08+00:00,station2,jitter_ms,0.037
2026-07-19T12:08:23+00:00,station2,jitter_ms,1.4
2026-07-19T12:08:38+00:00,station2,jitter_ms,0.151
2026-07-19T12:08:53+00:00,station2,jitter_ms,1.758
2026-07-19T12:09:08+00:00,station2,jitter_ms,1.437
2026-07-19T12:09:23+00:00,station2,jitter_ms,0.055
2026-07-19T12:09:38+00:00,station2,jitter_ms,1.723
2026-07-19T12:09:53+00:00,station2,jitter_ms,0.236
2026-07-19T12:10:08+00:00,station2,jitter_ms,0.124
2026-07-19T12:10:23+00:00,station2,jitter_ms,0.706
2026-07-19T12:10:38+00:00,station2,jitter_ms,0.018
2026-07-19T12:10:53+00:00,station2,jitter_ms,5.775
2026-07-19T12:11:08+00:00,station2,jitter_ms,13.366
2026-07-19T12:11:23+00:00,station2,jitter_ms,0.84
2026-07-19T12:11:38+00:00,station2,jitter_ms,0.708
2026-07-19T12:11:53+00:00,station2,jitter_ms,3.079
2026-07-19T12:12:08+00:00,station2,jitter_ms,1.879
2026-07-19T12:12:23+00:00,station2,jitter_ms,11.599
2026-07-19T12:12:38+00:00,station2,jitter_ms,41.703
2026-07-19T12:12:53+00:00,station2,jitter_ms,0.267
2026-07-19T12:13:08+00:00,station2,jitter_ms,13.431
2026-07-19T12:13:23+00:00,station2,jitter_ms,7.768
2026-07-19T12:13:38+00:00,station2,jitter_ms,0.857
2026-07-19T12:13:53+00:00,station2,jitter_ms,21.404
2026-07-19T12:14:08+00:00,station2,jitter_ms,1.542
2026-07-19T12:14:23+00:00,station2,jitter_ms,2.107
2026-07-19T12:14:38+00:00,station2,jitter_ms,0.955
2026-07-19T12:14:53+00:00,station2,jitter_ms,0.864
2026-07-19T12:15:08+00:00,station2,jitter_ms,1.921
2026-07-19T12:15:23+00:00,station2,jitter_ms,1.851
2026-07-19T12:15:38+00:00,station2,jitter_ms,2.677
2026-07-19T12:15:53+00:00,station2,jitter_ms,64.74
2026-07-19T12:16:08+00:00,station2,jitter_ms,1.406
2026-07-19T12:16:23+00:00,station2,jitter_ms,3.445
2026-07-19T12:16:38+00:00,station2,jitter_ms,0.809
2026-07-19T12:16:53+00:00,station2,jitter_ms,59.632
2026-07-19T12:17:08+00:00,station2,jitter_ms,3.014
2026-07-19T12:17:23+00:00,station2,jitter_ms,11.678
2026-07-19T12:17:38+00:00,station2,jitter_ms,14.482
2026-07-19T12:17:53+00:00,station2,jitter_ms,42.762
2026-07-19T12:18:08+00:00,station2,jitter_ms,35.676
2026-07-19T12:18:23+00:00,station2,jitter_ms,30.631
2026-07-19T12:18:38+00:00,station2,jitter_ms,32.028
2026-07-19T12:18:53+00:00,station2,jitter_ms,1.637
2026-07-19T12:19:08+00:00,station2,jitter_ms,78.293
2026-07-19T12:19:23+00:00,station2,jitter_ms,15.356
2026-07-19T12:19:38+00:00,station2,jitter_ms,9.782
2026-07-19T12:19:53+00:00,station2,jitter_ms,2.82
2026-07-19T12:20:08+00:00,station2,jitter_ms,142.326
2026-07-19T12:20:23+00:00,station2,jitter_ms,32.857
2026-07-19T12:20:38+00:00,station2,jitter_ms,3.448
2026-07-19T12:20:53+00:00,station2,jitter_ms,45.139
2026-07-19T12:21:08+00:00,station2,jitter_ms,5.228
2026-07-19T12:21:23+00:00,station2,jitter_ms,0.531
2026-07-19T12:21:38+00:00,station2,jitter_ms,44.911
2026-07-19T12:21:53+00:00,station2,jitter_ms,51.945
2026-07-19T12:22:08+00:00,station2,jitter_ms,17.308
2026-07-19T12:22:23+00:00,station2,jitter_ms,19.089
2026-07-19T12:22:38+00:00,station2,jitter_ms,2.312
2026-07-19T12:22:53+00:00,station2,jitter_ms,6.991
2026-07-19T12:23:08+00:00,station2,jitter_ms,57.657
2026-07-19T12:23:23+00:00,station2,jitter_ms,10.634
2026-07-19T12:23:38+00:00,station2,jitter_ms,34.639
2026-07-19T12:23:53+00:00,station2,jitter_ms,42.186
2026-07-19T12:24:08+00:00,station2,jitter_ms,20.07
2026-07-19T12:24:23+00:00,station2,jitter_ms,4.554
2026-07-19T12:24:38+00:00,station2,jitter_ms,11.047
2026-07-19T12:24:53+00:00,station2,jitter_ms,2.792
2026-07-19T12:25:08+00:00,station2,jitter_ms,40.725
2026-07-19T12:25:23+00:00,station2,jitter_ms,42.185
2026-07-19T12:25:38+00:00,station2,jitter_ms,4.494
2026-07-19T12:25:53+00:00,station2,jitter_ms,53.97
2026-07-19T12:26:08+00:00,station2,jitter_ms,2.826
2026-07-19T12:26:23+00:00,station2,jitter_ms,56.458
2026-07-19T12:26:38+00:00,station2,jitter_ms,52.424
2026-07-19T12:26:53+00:00,station2,jitter_ms,56.692
2026-07-19T12:27:08+00:00,station2,jitter_ms,11.954
2026-07-19T12:27:23+00:00,station2,jitter_ms,90.172
2026-07-19T12:27:38+00:00,station2,jitter_ms,168.15
2026-07-19T12:27:53+00:00,station2,jitter_ms,0.74
2026-07-19T12:28:08+00:00,station2,jitter_ms,0.692
2026-07-19T12:28:23+00:00,station2,jitter_ms,0.511
2026-07-19T12:28:38+00:00,station2,jitter_ms,0.053
2026-07-19T12:28:53+00:00,station2,jitter_ms,0.088
2026-07-19T12:29:08+00:00,station2,jitter_ms,0.117
2026-07-19T12:29:23+00:00,station2,jitter_ms,0.028
2026-07-19T12:29:38+00:00,station2,jitter_ms,0.294
2026-07-19T12:29:53+00:00,station2,jitter_ms,0.018
2026-07-19T12:30:08+00:00,station2,jitter_ms,0.248
2026-07-19T12:30:23+00:00,station2,jitter_ms,0.205
2026-07-19T12:30:38+00:00,station2,jitter_ms,0.465
2026-07-19T12:30:53+00:00,station2,jitter_ms,1.678
2026-07-19T12:31:08+00:00,station2,jitter_ms,0.045
2026-07-19T12:31:23+00:00,station2,jitter_ms,0.032
2026-07-19T12:31:38+00:00,station2,jitter_ms,0.148
2026-07-19T12:31:53+00:00,station2,jitter_ms,0.102
2026-07-19T12:32:08+00:00,station2,jitter_ms,1.78
2026-07-19T12:32:23+00:00,station2,jitter_ms,0.031
2026-07-19T12:32:38+00:00,station2,jitter_ms,0.012
2026-07-19T12:32:53+00:00,station2,jitter_ms,0.954
2026-07-19T12:33:08+00:00,station2,jitter_ms,0.082
2026-07-19T12:33:23+00:00,station2,jitter_ms,0.245
2026-07-19T12:33:38+00:00,station2,jitter_ms,0.42
2026-07-19T12:33:53+00:00,station2,jitter_ms,0.004
2026-07-19T12:34:08+00:00,station2,jitter_ms,0.209
2026-07-19T12:34:23+00:00,station2,jitter_ms,0.411
2026-07-19T12:34:38+00:00,station2,jitter_ms,1.511
2026-07-19T12:34:53+00:00,station2,jitter_ms,0.204
2026-07-19T12:35:08+00:00,station2,jitter_ms,0.075
2026-07-19T12:35:23+00:00,station2,jitter_ms,0.215
2026-07-19T12:35:38+00:00,station2,jitter_ms,1.71
2026-07-19T12:35:53+00:00,station2,jitter_ms,0.105
2026-07-19T12:36:08+00:00,station2,jitter_ms,0.535
2026-07-19T12:36:23+00:00,station2,jitter_ms,0.055
2026-07-19T12:36:38+00:00,station2,jitter_ms,0.028
2026-07-19T12:36:53+00:00,station2,jitter_ms,5.131
2026-07-19T12:37:08+00:00,station2,jitter_ms,10.816
2026-07-19T12:37:23+00:00,station2,jitter_ms,0.608
2026-07-19T12:37:38+00:00,station2,jitter_ms,1.326
2026-07-19T12:37:53+00:00,station2,jitter_ms,1.341
2026-07-19T12:38:08+00:00,station2,jitter_ms,0.864
2026-07-19T12:38:23+00:00,station2,jitter_ms,26.359
2026-07-19T12:38:38+00:00,station2,jitter_ms,0.846
2026-07-19T12:38:53+00:00,station2,jitter_ms,0.934
2026-07-19T12:39:08+00:00,station2,jitter_ms,1.435
2026-07-19T12:39:23+00:00,station2,jitter_ms,0.854
2026-07-19T12:39:38+00:00,station2,jitter_ms,7.303
2026-07-19T12:39:53+00:00,station2,jitter_ms,0.705
2026-07-19T12:40:08+00:00,station2,jitter_ms,2.772
2026-07-19T12:40:23+00:00,station2,jitter_ms,11.522
2026-07-19T12:40:38+00:00,station2,jitter_ms,1.937
2026-07-19T12:40:53+00:00,station2,jitter_ms,11.486
2026-07-19T12:41:08+00:00,station2,jitter_ms,0.848
2026-07-19T12:41:23+00:00,station2,jitter_ms,6.664
2026-07-19T12:41:38+00:00,station2,jitter_ms,1.101
2026-07-19T12:41:53+00:00,station2,jitter_ms,8.63
2026-07-19T12:42:08+00:00,station2,jitter_ms,5.1
2026-07-19T12:42:23+00:00,station2,jitter_ms,1.141
2026-07-19T12:42:38+00:00,station2,jitter_ms,41.147
2026-07-19T12:42:53+00:00,station2,jitter_ms,9.668
2026-07-19T12:43:08+00:00,station2,jitter_ms,7.087
2026-07-19T12:43:23+00:00,station2,jitter_ms,11.541
2026-07-19T12:43:38+00:00,station2,jitter_ms,0.215
2026-07-19T12:43:53+00:00,station2,jitter_ms,1.706
2026-07-19T12:44:08+00:00,station2,jitter_ms,42.043
2026-07-19T12:44:23+00:00,station2,jitter_ms,10.643
2026-07-19T12:44:38+00:00,station2,jitter_ms,54.268
2026-07-19T12:44:53+00:00,station2,jitter_ms,16.783
2026-07-19T12:45:08+00:00,station2,jitter_ms,2.793
2026-07-19T12:45:23+00:00,station2,jitter_ms,7.848
2026-07-19T12:45:38+00:00,station2,jitter_ms,1.826
2026-07-19T12:45:53+00:00,station2,jitter_ms,115.382
2026-07-19T12:46:08+00:00,station2,jitter_ms,1.065
2026-07-19T12:46:23+00:00,station2,jitter_ms,0.696
2026-07-19T12:46:38+00:00,station2,jitter_ms,30.08
2026-07-19T12:46:53+00:00,station2,jitter_ms,52.16
2026-07-19T12:47:08+00:00,station2,jitter_ms,6.705
2026-07-19T12:47:23+00:00,station2,jitter_ms,30.25
2026-07-19T12:47:38+00:00,station2,jitter_ms,6.506
2026-07-19T12:47:53+00:00,station2,jitter_ms,11.4
2026-07-19T12:48:08+00:00,station2,jitter_ms,14.679
2026-07-19T12:48:23+00:00,station2,jitter_ms,0.255
2026-07-19T12:48:38+00:00,station2,jitter_ms,41.342
2026-07-19T12:48:53+00:00,station2,jitter_ms,7.073
2026-07-19T12:49:08+00:00,station2,jitter_ms,1.176
2026-07-19T12:49:23+00:00,station2,jitter_ms,22.608
2026-07-19T12:49:38+00:00,station2,jitter_ms,0.678
2026-07-19T12:49:53+00:00,station2,jitter_ms,19.229
2026-07-19T12:50:08+00:00,station2,jitter_ms,34.325
2026-07-19T12:50:23+00:00,station2,jitter_ms,2.976
2026-07-19T12:50:38+00:00,station2,jitter_ms,52.165
2026-07-19T12:50:53+00:00,station2,jitter_ms,38.767
2026-07-19T12:51:08+00:00,station2,jitter_ms,53.143
2026-07-19T12:51:23+00:00,station2,jitter_ms,7.521
2026-07-19T12:51:38+00:00,station2,jitter_ms,14.735
2026-07-19T12:51:53+00:00,station2,jitter_ms,1.01
2026-07-19T12:52:08+00:00,station2,jitter_ms,59.328
2026-07-19T12:52:23+00:00,station2,jitter_ms,13.357
2026-07-19T12:52:38+00:00,station2,jitter_ms,2.855
2026-07-19T12:52:53+00:00,station2,jitter_ms,0.062
2026-07-19T12:53:08+00:00,station2,jitter_ms,0.236
2026-07-19T12:53:23+00:00,station2,jitter_ms,0.419
2026-07-19T12:53:38+00:00,station2,jitter_ms,0.149
2026-07-19T12:53:53+00:00,station2,jitter_ms,0.098
2026-07-19T12:54:08+00:00,station2,jitter_ms,1.728
2026-07-19T12:54:23+00:00,station2,jitter_ms,1.295
2026-07-19T12:54:38+00:00,station2,jitter_ms,1.676
2026-07-19T12:54:53+00:00,station2,jitter_ms,0.441
2026-07-19T12:55:08+00:00,station2,jitter_ms,0.362
2026-07-19T12:55:23+00:00,station2,jitter_ms,1.14
2026-07-19T12:55:38+00:00,station2,jitter_ms,0.027
2026-07-19T12:55:53+00:00,station2,jitter_ms,0.133
2026-07-19T12:56:08+00:00,station2,jitter_ms,0.157
2026-07-19T12:56:23+00:00,station2,jitter_ms,0.162
2026-07-19T12:56:38+00:00,station2,jitter_ms,0.182
2026-07-19T12:56:53+00:00,station2,jitter_ms,0.486
2026-07-19T12:57:08+00:00,station2,jitter_ms,0.13
2026-07-19T12:57:23+00:00,station2,jitter_ms,0.155
2026-07-19T12:57:38+00:00,station2,jitter_ms,0.469
2026-07-19T12:57:53+00:00,station2,jitter_ms,0.011
2026-07-19T12:58:08+00:00,station2,jitter_ms,0.207
2026-07-19T12:58:23+00:00,station2,jitter_ms,0.969
2026-07-19T12:58:38+00:00,station2,jitter_ms,0.263
2026-07-19T12:58:53+00:00,station2,jitter_ms,0.193
2026-07-19T12:59:08+00:00,station2,jitter_ms,0.048
2026-07-19T12:59:23+00:00,station2,jitter_ms,6.879
2026-07-19T12:59:38+00:00,station2,jitter_ms,1.259
2026-07-19T12:59:53+00:00,station2,jitter_ms,1.166
2026-07-19T13:00:08+00:00,station2,jitter_ms,0.706
2026-07-19T13:00:23+00:00,station2,jitter_ms,2.386
2026-07-19T13:00:38+00:00,station2,jitter_ms,1.758
2026-07-19T13:00:53+00:00,station2,jitter_ms,1.462
2026-07-19T13:01:08+00:00,station2,jitter_ms,0.163
2026-07-19T13:01:23+00:00,station2,jitter_ms,2.202
2026-07-19T13:01:38+00:00,station2,jitter_ms,2.19
2026-07-19T13:01:53+00:00,station2,jitter_ms,1.998
2026-07-19T13:02:08+00:00,station2,jitter_ms,3.83
2026-07-19T13:02:23+00:00,station2,jitter_ms,3.65
2026-07-19T13:02:38+00:00,station2,jitter_ms,1.231
2026-07-19T13:02:53+00:00,station2,jitter_ms,1.168
2026-07-19T13:03:08+00:00,station2,jitter_ms,2.271
2026-07-19T13:03:23+00:00,station2,jitter_ms,4.792
2026-07-19T13:03:38+00:00,station2,jitter_ms,4.242
2026-07-19T13:03:53+00:00,station2,jitter_ms,7.341
2026-07-19T13:04:08+00:00,station2,jitter_ms,3.155
2026-07-19T13:04:23+00:00,station2,jitter_ms,1.008
2026-07-19T13:04:38+00:00,station2,jitter_ms,6.686
2026-07-19T13:04:53+00:00,station2,jitter_ms,3.221
2026-07-19T13:05:08+00:00,station2,jitter_ms,2.701
2026-07-19T13:05:23+00:00,station2,jitter_ms,10.945
2026-07-19T13:05:38+00:00,station2,jitter_ms,7.375
2026-07-19T13:05:53+00:00,station2,jitter_ms,4.49
2026-07-19T13:06:08+00:00,station2,jitter_ms,6.479
2026-07-19T13:06:23+00:00,station2,jitter_ms,4.683
2026-07-19T13:06:38+00:00,station2,jitter_ms,1.415
2026-07-19T13:06:53+00:00,station2,jitter_ms,4.444
2026-07-19T13:07:08+00:00,station2,jitter_ms,4.922
2026-07-19T13:07:23+00:00,station2,jitter_ms,3.481
2026-07-19T13:07:38+00:00,station2,jitter_ms,1.808
2026-07-19T13:07:53+00:00,station2,jitter_ms,1.7
2026-07-19T13:08:08+00:00,station2,jitter_ms,6.237
2026-07-19T13:08:23+00:00,station2,jitter_ms,6.455
2026-07-19T13:08:38+00:00,station2,jitter_ms,3.645
2026-07-19T13:08:53+00:00,station2,jitter_ms,4.807
2026-07-19T13:09:08+00:00,station2,jitter_ms,7.373
2026-07-19T13:09:23+00:00,station2,jitter_ms,4.42
2026-07-19T13:09:38+00:00,station2,jitter_ms,1.482
2026-07-19T13:09:53+00:00,station2,jitter_ms,5.102
2026-07-19T13:10:08+00:00,station2,jitter_ms,7.47
2026-07-19T13:10:23+00:00,station2,jitter_ms,7.344
2026-07-19T13:10:38+00:00,station2,jitter_ms,10.007
2026-07-19T13:10:53+00:00,station2,jitter_ms,6.358
2026-07-19T13:11:08+00:00,station2,jitter_ms,7.732
2026-07-19T13:11:23+00:00,station2,jitter_ms,3.576
2026-07-19T13:11:38+00:00,station2,jitter_ms,5.211
2026-07-19T13:11:53+00:00,station2,jitter_ms,0.588
2026-07-19T13:12:08+00:00,station2,jitter_ms,1.992
2026-07-19T13:12:23+00:00,station2,jitter_ms,10.057
2026-07-19T13:12:38+00:00,station2,jitter_ms,9.232
2026-07-19T13:12:53+00:00,station2,jitter_ms,2.463
2026-07-19T13:13:08+00:00,station2,jitter_ms,6.65
2026-07-19T13:13:23+00:00,station2,jitter_ms,8.481
2026-07-19T13:13:38+00:00,station2,jitter_ms,3.255
2026-07-19T13:13:53+00:00,station2,jitter_ms,0.995
2026-07-19T13:14:08+00:00,station2,jitter_ms,11.669
2026-07-19T13:14:23+00:00,station2,jitter_ms,9.474
2026-07-19T13:14:38+00:00,station2,jitter_ms,8.489
2026-07-19T13:14:53+00:00,station2,jitter_ms,0.186
2026-07-19T13:15:08+00:00,station2,jitter_ms,0.021
2026-07-19T13:15:23+00:00,station2,jitter_ms,0.493
2026-07-19T13:15:38+00:00,station2,jitter_ms,0.383
2026-07-19T13:15:53+00:00,station2,jitter_ms,0.243
2026-07-19T13:16:08+00:00,station2,jitter_ms,0.225
2026-07-19T13:16:23+00:00,station2,jitter_ms,0.007
2026-07-19T13:16:38+00:00,station2,jitter_ms,0.274
2026-07-19T13:16:53+00:00,station2,jitter_ms,0.212
2026-07-19T13:17:08+00:00,station2,jitter_ms,0.596
2026-07-19T13:17:23+00:00,station2,jitter_ms,0.661
2026-07-19T13:17:38+00:00,station2,jitter_ms,1.466
2026-07-19T13:17:53+00:00,station2,jitter_ms,2.098
2026-07-19T13:18:08+00:00,station2,jitter_ms,1.234
2026-07-19T13:18:23+00:00,station2,jitter_ms,0.235
2026-07-19T13:18:38+00:00,station2,jitter_ms,0.649
2026-07-19T13:18:53+00:00,station2,jitter_ms,0.141
2026-07-19T13:19:08+00:00,station2,jitter_ms,1.593
2026-07-19T13:19:23+00:00,station2,jitter_ms,0.077
2026-07-19T13:19:38+00:00,station2,jitter_ms,0.107
2026-07-19T13:19:53+00:00,station2,jitter_ms,0.035
2026-07-19T13:20:08+00:00,station2,jitter_ms,0.82
2026-07-19T13:20:23+00:00,station2,jitter_ms,0.031
2026-07-19T13:20:38+00:00,station2,jitter_ms,1.433
2026-07-19T13:20:53+00:00,station2,jitter_ms,0.142
2026-07-19T13:21:08+00:00,station2,jitter_ms,0.055
2026-07-19T13:21:23+00:00,station2,jitter_ms,0.385
2026-07-19T13:21:38+00:00,station2,jitter_ms,0.145
2026-07-19T13:21:53+00:00,station2,jitter_ms,0.479
2026-07-19T13:22:08+00:00,station2,jitter_ms,0.488
2026-07-19T13:22:23+00:00,station2,jitter_ms,0.032
2026-07-19T13:22:38+00:00,station2,jitter_ms,0.052
2026-07-19T13:22:53+00:00,station2,jitter_ms,0.031
2026-07-19T13:23:08+00:00,station2,jitter_ms,1.388
2026-07-19T13:23:23+00:00,station2,jitter_ms,0.294
2026-07-19T13:23:38+00:00,station2,jitter_ms,0.989
2026-07-19T13:23:53+00:00,station2,jitter_ms,1.474
2026-07-19T13:24:08+00:00,station2,jitter_ms,1.56
2026-07-19T13:24:23+00:00,station2,jitter_ms,0.409
2026-07-19T13:24:38+00:00,station2,jitter_ms,0.946
2026-07-19T13:24:53+00:00,station2,jitter_ms,0.76
2026-07-19T13:25:08+00:00,station2,jitter_ms,3.886
2026-07-19T13:25:23+00:00,station2,jitter_ms,0.511
2026-07-19T13:25:38+00:00,station2,jitter_ms,1.129
2026-07-19T13:25:53+00:00,station2,jitter_ms,1.765
2026-07-19T13:26:08+00:00,station2,jitter_ms,3.121
2026-07-19T13:26:23+00:00,station2,jitter_ms,0.948
2026-07-19T13:26:38+00:00,station2,jitter_ms,5.773
2026-07-19T13:26:53+00:00,station2,jitter_ms,0.98
2026-07-19T13:27:08+00:00,station2,jitter_ms,2.161
2026-07-19T13:27:23+00:00,station2,jitter_ms,5.19
2026-07-19T13:27:38+00:00,station2,jitter_ms,2.596
2026-07-19T13:27:53+00:00,station2,jitter_ms,5.946
2026-07-19T13:28:08+00:00,station2,jitter_ms,3.658
2026-07-19T13:28:23+00:00,station2,jitter_ms,4.981
2026-07-19T13:28:38+00:00,station2,jitter_ms,7.655
2026-07-19T13:28:53+00:00,station2,jitter_ms,3.266
2026-07-19T13:29:08+00:00,station2,jitter_ms,5.213
2026-07-19T13:29:23+00:00,station2,jitter_ms,4.59
2026-07-19T13:29:38+00:00,station2,jitter_ms,8.759
2026-07-19T13:29:53+00:00,station2,jitter_ms,3.464
2026-07-19T13:30:08+00:00,station2,jitter_ms,3.828
2026-07-19T13:30:23+00:00,station2,jitter_ms,3.951
2026-07-19T13:30:38+00:00,station2,jitter_ms,8.791
2026-07-19T13:30:53+00:00,station2,jitter_ms,3.526
2026-07-19T13:31:08+00:00,station2,jitter_ms,5.184
2026-07-19T13:31:23+00:00,station2,jitter_ms,3.603
2026-07-19T13:31:38+00:00,station2,jitter_ms,8.8
2026-07-19T13:31:53+00:00,station2,jitter_ms,8.098
2026-07-19T13:32:08+00:00,station2,jitter_ms,9.178
2026-07-19T13:32:23+00:00,station2,jitter_ms,5.777
2026-07-19T13:32:38+00:00,station2,jitter_ms,3.973
2026-07-19T13:32:53+00:00,station2,jitter_ms,5.129
2026-07-19T13:33:08+00:00,station2,jitter_ms,6.26
2026-07-19T13:33:23+00:00,station2,jitter_ms,3.923
2026-07-19T13:33:38+00:00,station2,jitter_ms,4.448
2026-07-19T13:33:53+00:00,station2,jitter_ms,7.288
2026-07-19T13:34:08+00:00,station2,jitter_ms,7.821
2026-07-19T13:34:23+00:00,station2,jitter_ms,0.651
2026-07-19T13:34:38+00:00,station2,jitter_ms,0.025
2026-07-19T13:34:53+00:00,station2,jitter_ms,0.183
2026-07-19T13:35:08+00:00,station2,jitter_ms,0.707
2026-07-19T13:35:23+00:00,station2,jitter_ms,0.183
2026-07-19T13:35:38+00:00,station2,jitter_ms,0.613
2026-07-19T13:35:53+00:00,station2,jitter_ms,0.042
2026-07-19T13:36:08+00:00,station2,jitter_ms,0.043
2026-07-19T13:36:23+00:00,station2,jitter_ms,0.284
2026-07-19T13:36:38+00:00,station2,jitter_ms,0.372
2026-07-19T13:36:53+00:00,station2,jitter_ms,0.029
2026-07-19T13:37:08+00:00,station2,jitter_ms,0.072
2026-07-19T13:37:23+00:00,station2,jitter_ms,0.42
2026-07-19T13:37:38+00:00,station2,jitter_ms,0.718
2026-07-19T13:37:53+00:00,station2,jitter_ms,1.038
2026-07-19T13:38:08+00:00,station2,jitter_ms,0.575
2026-07-19T13:38:23+00:00,station2,jitter_ms,0.244
2026-07-19T13:38:38+00:00,station2,jitter_ms,0.069
2026-07-19T13:38:53+00:00,station2,jitter_ms,0.745
2026-07-19T13:39:08+00:00,station2,jitter_ms,0.73
2026-07-19T13:39:23+00:00,station2,jitter_ms,0.109
2026-07-19T13:39:38+00:00,station2,jitter_ms,0.074
2026-07-19T13:39:53+00:00,station2,jitter_ms,1.374
2026-07-19T13:40:08+00:00,station2,jitter_ms,0.256
2026-07-19T13:40:23+00:00,station2,jitter_ms,0.024
2026-07-19T13:40:38+00:00,station2,jitter_ms,1.174
2026-07-19T13:40:53+00:00,station2,jitter_ms,0.008
2026-07-19T13:41:08+00:00,station2,jitter_ms,0.056
2026-07-19T13:41:23+00:00,station2,jitter_ms,0.039
2026-07-19T13:41:38+00:00,station2,jitter_ms,2.088
2026-07-19T13:41:53+00:00,station2,jitter_ms,0.839
2026-07-19T13:42:08+00:00,station2,jitter_ms,0.042
2026-07-19T13:42:23+00:00,station2,jitter_ms,0.516
2026-07-19T13:42:38+00:00,station2,jitter_ms,0.49
2026-07-19T13:42:53+00:00,station2,jitter_ms,0.034
2026-07-19T13:43:08+00:00,station2,jitter_ms,0.325
2026-07-19T13:43:23+00:00,station2,jitter_ms,1.22
2026-07-19T13:43:38+00:00,station2,jitter_ms,1.08
2026-07-19T13:43:53+00:00,station2,jitter_ms,1.01
2026-07-19T13:44:08+00:00,station2,jitter_ms,0.539
2026-07-19T13:44:23+00:00,station2,jitter_ms,0.603
2026-07-19T13:44:38+00:00,station2,jitter_ms,1.265
2026-07-19T13:44:53+00:00,station2,jitter_ms,1.262
2026-07-19T13:45:08+00:00,station2,jitter_ms,1.165
2026-07-19T13:45:23+00:00,station2,jitter_ms,0.985
2026-07-19T13:45:38+00:00,station2,jitter_ms,0.232
2026-07-19T13:45:53+00:00,station2,jitter_ms,0.612
2026-07-19T13:46:08+00:00,station2,jitter_ms,1.587
2026-07-19T13:46:23+00:00,station2,jitter_ms,2.846
2026-07-19T13:46:38+00:00,station2,jitter_ms,0.427
2026-07-19T13:46:53+00:00,station2,jitter_ms,1.42
2026-07-19T13:47:08+00:00,station2,jitter_ms,3.14
2026-07-19T13:47:23+00:00,station2,jitter_ms,1.74
2026-07-19T13:47:38+00:00,station2,jitter_ms,0.721
2026-07-19T13:47:53+00:00,station2,jitter_ms,2.949
2026-07-19T13:48:08+00:00,station2,jitter_ms,2.433
2026-07-19T13:48:23+00:00,station2,jitter_ms,1.569
2026-07-19T13:48:38+00:00,station2,jitter_ms,1.176
2026-07-19T13:48:53+00:00,station2,jitter_ms,1.537
2026-07-19T13:49:08+00:00,station2,jitter_ms,0.649
2026-07-19T13:49:23+00:00,station2,jitter_ms,0.667
2026-07-19T13:49:38+00:00,station2,jitter_ms,1.781
2026-07-19T13:49:53+00:00,station2,jitter_ms,1.013
2026-07-19T13:50:08+00:00,station2,jitter_ms,3.061
2026-07-19T13:50:23+00:00,station2,jitter_ms,0.711
2026-07-19T13:50:38+00:00,station2,jitter_ms,2.898
2026-07-19T13:50:53+00:00,station2,jitter_ms,1.906
2026-07-19T13:51:08+00:00,station2,jitter_ms,2.777
2026-07-19T13:51:23+00:00,station2,jitter_ms,2.756
2026-07-19T13:51:38+00:00,station2,jitter_ms,1.296
2026-07-19T13:51:53+00:00,station2,jitter_ms,0.11
2026-07-19T13:52:08+00:00,station2,jitter_ms,1.471
2026-07-19T13:52:23+00:00,station2,jitter_ms,0.404
2026-07-19T13:52:38+00:00,station2,jitter_ms,1.281
2026-07-19T13:52:53+00:00,station2,jitter_ms,0.013
2026-07-19T13:53:08+00:00,station2,jitter_ms,0.687
2026-07-19T13:53:23+00:00,station2,jitter_ms,0.04
2026-07-19T13:53:38+00:00,station2,jitter_ms,0.827
2026-07-19T13:53:53+00:00,station2,jitter_ms,1.253
2026-07-19T13:54:08+00:00,station2,jitter_ms,0.039
2026-07-19T13:54:23+00:00,station2,jitter_ms,0.466
2026-07-19T13:54:38+00:00,station2,jitter_ms,0.675
2026-07-19T13:54:53+00:00,station2,jitter_ms,0.601
2026-07-19T13:55:08+00:00,station2,jitter_ms,1.904
2026-07-19T13:55:23+00:00,station2,jitter_ms,0.093
2026-07-19T13:55:38+00:00,station2,jitter_ms,0.021
2026-07-19T13:55:53+00:00,station2,jitter_ms,0.015
2026-07-19T13:56:08+00:00,station2,jitter_ms,1.273
2026-07-19T13:56:23+00:00,station2,jitter_ms,0.028
2026-07-19T13:56:38+00:00,station2,jitter_ms,0.03
2026-07-19T13:56:53+00:00,station2,jitter_ms,0.702
2026-07-19T13:57:08+00:00,station2,jitter_ms,0.163
2026-07-19T13:57:23+00:00,station2,jitter_ms,0.214
2026-07-19T13:57:38+00:00,station2,jitter_ms,0.031
2026-07-19T13:57:53+00:00,station2,jitter_ms,0.577
2026-07-19T13:58:08+00:00,station2,jitter_ms,0.311
2026-07-19T13:58:23+00:00,station2,jitter_ms,0.121
2026-07-19T13:58:38+00:00,station2,jitter_ms,0.275
2026-07-19T13:58:53+00:00,station2,jitter_ms,0.962
2026-07-19T13:59:08+00:00,station2,jitter_ms,0.284
2026-07-19T13:59:23+00:00,station2,jitter_ms,0.546
2026-07-19T13:59:38+00:00,station2,jitter_ms,0.281
2026-07-19T13:59:53+00:00,station2,jitter_ms,0.308
2026-07-19T14:00:08+00:00,station2,jitter_ms,0.426
2026-07-19T14:00:23+00:00,station2,jitter_ms,0.45
2026-07-19T14:00:38+00:00,station2,jitter_ms,0.733
2026-07-19T14:00:53+00:00,station2,jitter_ms,0.969
2026-07-19T14:01:08+00:00,station2,jitter_ms,0.843
2026-07-19T14:01:23+00:00,station2,jitter_ms,0.094
2026-07-19T14:01:38+00:00,station2,jitter_ms,0.506
2026-07-19T14:01:53+00:00,station2,jitter_ms,0.284
2026-07-19T14:02:08+00:00,station2,jitter_ms,1.354
2026-07-19T14:02:23+00:00,station2,jitter_ms,0.488
2026-07-19T14:02:38+00:00,station2,jitter_ms,1.545
2026-07-19T14:02:53+00:00,station2,jitter_ms,1.478
2026-07-19T14:03:08+00:00,station2,jitter_ms,1.393
2026-07-19T14:03:23+00:00,station2,jitter_ms,0.807
2026-07-19T14:03:38+00:00,station2,jitter_ms,1.739
2026-07-19T14:03:53+00:00,station2,jitter_ms,0.977
2026-07-19T14:04:08+00:00,station2,jitter_ms,0.694
2026-07-19T14:04:23+00:00,station2,jitter_ms,2.945
2026-07-19T14:04:38+00:00,station2,jitter_ms,2.386
2026-07-19T14:04:53+00:00,station2,jitter_ms,2.778
2026-07-19T14:05:08+00:00,station2,jitter_ms,2.004
2026-07-19T14:05:23+00:00,station2,jitter_ms,1.228
2026-07-19T14:05:38+00:00,station2,jitter_ms,1.844
2026-07-19T14:05:53+00:00,station2,jitter_ms,1.033
2026-07-19T14:06:08+00:00,station2,jitter_ms,1.095
2026-07-19T14:06:23+00:00,station2,jitter_ms,3.178
2026-07-19T14:06:38+00:00,station2,jitter_ms,1.416
2026-07-19T14:06:53+00:00,station2,jitter_ms,1.039
2026-07-19T14:07:08+00:00,station2,jitter_ms,0.173
2026-07-19T14:07:23+00:00,station2,jitter_ms,0.73
2026-07-19T14:07:38+00:00,station2,jitter_ms,0.443
2026-07-19T14:07:53+00:00,station2,jitter_ms,0.819
2026-07-19T14:08:08+00:00,station2,jitter_ms,2.084
2026-07-19T14:08:23+00:00,station2,jitter_ms,2.734
2026-07-19T14:08:38+00:00,station2,jitter_ms,0.666
2026-07-19T14:08:53+00:00,station2,jitter_ms,2.599
2026-07-19T14:09:08+00:00,station2,jitter_ms,1.735
2026-07-19T14:09:23+00:00,station2,jitter_ms,2.145
2026-07-19T14:09:38+00:00,station2,jitter_ms,1.987
2026-07-19T14:09:53+00:00,station2,jitter_ms,2.085
2026-07-19T14:10:08+00:00,station2,jitter_ms,2.593
2026-07-19T14:10:23+00:00,station2,jitter_ms,2.877
2026-07-19T14:10:38+00:00,station2,jitter_ms,2.353
2026-07-19T14:10:53+00:00,station2,jitter_ms,2.39
2026-07-19T14:11:08+00:00,station2,jitter_ms,2.602
2026-07-19T14:11:23+00:00,station2,jitter_ms,1.987
2026-07-19T14:11:38+00:00,station2,jitter_ms,0.629
2026-07-19T14:11:53+00:00,station2,jitter_ms,1.463
2026-07-19T14:12:08+00:00,station2,jitter_ms,1.572
2026-07-19T14:12:23+00:00,station2,jitter_ms,2.528
2026-07-19T14:12:38+00:00,station2,jitter_ms,3.425
2026-07-19T14:12:53+00:00,station2,jitter_ms,1.594
2026-07-19T14:13:08+00:00,station2,jitter_ms,0.77
2026-07-19T14:13:23+00:00,station2,jitter_ms,2.212
2026-07-19T14:13:38+00:00,station2,jitter_ms,5.671
2026-07-19T14:13:53+00:00,station2,jitter_ms,0.371
2026-07-19T14:14:08+00:00,station2,jitter_ms,0.607
2026-07-19T14:14:23+00:00,station2,jitter_ms,0.785
2026-07-19T14:14:38+00:00,station2,jitter_ms,0.263
2026-07-19T14:14:53+00:00,station2,jitter_ms,0.036
2026-07-19T14:15:08+00:00,station2,jitter_ms,0.214
2026-07-19T14:15:23+00:00,station2,jitter_ms,0.73
2026-07-19T14:15:38+00:00,station2,jitter_ms,1.511
2026-07-19T14:15:53+00:00,station2,jitter_ms,0.563
2026-07-19T14:16:08+00:00,station2,jitter_ms,0.033
2026-07-19T12:05:23+00:00,station3,jitter_ms,0.066
2026-07-19T12:05:38+00:00,station3,jitter_ms,0.167
2026-07-19T12:05:53+00:00,station3,jitter_ms,0.077
2026-07-19T12:06:08+00:00,station3,jitter_ms,0.292
2026-07-19T12:06:23+00:00,station3,jitter_ms,0.056
2026-07-19T12:06:38+00:00,station3,jitter_ms,0.151
2026-07-19T12:06:53+00:00,station3,jitter_ms,0.068
2026-07-19T12:07:08+00:00,station3,jitter_ms,0.503
2026-07-19T12:07:23+00:00,station3,jitter_ms,0.111
2026-07-19T12:07:38+00:00,station3,jitter_ms,0.297
2026-07-19T12:07:53+00:00,station3,jitter_ms,0.203
2026-07-19T12:08:08+00:00,station3,jitter_ms,0.011
2026-07-19T12:08:23+00:00,station3,jitter_ms,0.218
2026-07-19T12:08:38+00:00,station3,jitter_ms,0.04
2026-07-19T12:08:53+00:00,station3,jitter_ms,0.095
2026-07-19T12:09:08+00:00,station3,jitter_ms,0.66
2026-07-19T12:09:23+00:00,station3,jitter_ms,0.022
2026-07-19T12:09:38+00:00,station3,jitter_ms,0.188
2026-07-19T12:09:53+00:00,station3,jitter_ms,0.511
2026-07-19T12:10:08+00:00,station3,jitter_ms,0.328
2026-07-19T12:10:23+00:00,station3,jitter_ms,0.517
2026-07-19T12:10:38+00:00,station3,jitter_ms,0.024
2026-07-19T12:10:53+00:00,station3,jitter_ms,3.56
2026-07-19T12:11:08+00:00,station3,jitter_ms,12.98
2026-07-19T12:11:23+00:00,station3,jitter_ms,1.976
2026-07-19T12:11:38+00:00,station3,jitter_ms,0.265
2026-07-19T12:11:53+00:00,station3,jitter_ms,1.414
2026-07-19T12:12:08+00:00,station3,jitter_ms,1.356
2026-07-19T12:12:23+00:00,station3,jitter_ms,12.034
2026-07-19T12:12:38+00:00,station3,jitter_ms,41.606
2026-07-19T12:12:53+00:00,station3,jitter_ms,0.013
2026-07-19T12:13:08+00:00,station3,jitter_ms,13.546
2026-07-19T12:13:23+00:00,station3,jitter_ms,6.493
2026-07-19T12:13:38+00:00,station3,jitter_ms,5.095
2026-07-19T12:13:53+00:00,station3,jitter_ms,20.06
2026-07-19T12:14:08+00:00,station3,jitter_ms,0.043
2026-07-19T12:14:23+00:00,station3,jitter_ms,0.912
2026-07-19T12:14:38+00:00,station3,jitter_ms,0.482
2026-07-19T12:14:53+00:00,station3,jitter_ms,0.863
2026-07-19T12:15:08+00:00,station3,jitter_ms,1.263
2026-07-19T12:15:23+00:00,station3,jitter_ms,0.002
2026-07-19T12:15:38+00:00,station3,jitter_ms,2.878
2026-07-19T12:15:53+00:00,station3,jitter_ms,62.146
2026-07-19T12:16:08+00:00,station3,jitter_ms,0.669
2026-07-19T12:16:23+00:00,station3,jitter_ms,2.96
2026-07-19T12:16:38+00:00,station3,jitter_ms,0.015
2026-07-19T12:16:53+00:00,station3,jitter_ms,54.569
2026-07-19T12:17:08+00:00,station3,jitter_ms,3.878
2026-07-19T12:17:23+00:00,station3,jitter_ms,0.74
2026-07-19T12:17:38+00:00,station3,jitter_ms,49.509
2026-07-19T12:17:53+00:00,station3,jitter_ms,39.055
2026-07-19T12:18:08+00:00,station3,jitter_ms,86.593
2026-07-19T12:18:23+00:00,station3,jitter_ms,9.335
2026-07-19T12:18:38+00:00,station3,jitter_ms,32.702
2026-07-19T12:18:53+00:00,station3,jitter_ms,0.018
2026-07-19T12:19:08+00:00,station3,jitter_ms,77.901
2026-07-19T12:19:23+00:00,station3,jitter_ms,15.447
2026-07-19T12:19:38+00:00,station3,jitter_ms,9.033
2026-07-19T12:19:53+00:00,station3,jitter_ms,5.283
2026-07-19T12:20:08+00:00,station3,jitter_ms,127.185
2026-07-19T12:20:23+00:00,station3,jitter_ms,35.064
2026-07-19T12:20:38+00:00,station3,jitter_ms,5.703
2026-07-19T12:20:53+00:00,station3,jitter_ms,45.672
2026-07-19T12:21:08+00:00,station3,jitter_ms,3.148
2026-07-19T12:21:23+00:00,station3,jitter_ms,0.067
2026-07-19T12:21:38+00:00,station3,jitter_ms,48.706
2026-07-19T12:21:53+00:00,station3,jitter_ms,49.499
2026-07-19T12:22:08+00:00,station3,jitter_ms,16.648
2026-07-19T12:22:23+00:00,station3,jitter_ms,25.217
2026-07-19T12:22:38+00:00,station3,jitter_ms,0.016
2026-07-19T12:22:53+00:00,station3,jitter_ms,3.804
2026-07-19T12:23:08+00:00,station3,jitter_ms,55.606
2026-07-19T12:23:23+00:00,station3,jitter_ms,11.564
2026-07-19T12:23:38+00:00,station3,jitter_ms,34.699
2026-07-19T12:23:53+00:00,station3,jitter_ms,40.357
2026-07-19T12:24:08+00:00,station3,jitter_ms,17.802
2026-07-19T12:24:23+00:00,station3,jitter_ms,1.58
2026-07-19T12:24:38+00:00,station3,jitter_ms,47.203
2026-07-19T12:24:53+00:00,station3,jitter_ms,0.056
2026-07-19T12:25:08+00:00,station3,jitter_ms,39.703
2026-07-19T12:25:23+00:00,station3,jitter_ms,44.932
2026-07-19T12:25:38+00:00,station3,jitter_ms,3.164
2026-07-19T12:25:53+00:00,station3,jitter_ms,52.773
2026-07-19T12:26:08+00:00,station3,jitter_ms,0.058
2026-07-19T12:26:23+00:00,station3,jitter_ms,53.463
2026-07-19T12:26:38+00:00,station3,jitter_ms,51.772
2026-07-19T12:26:53+00:00,station3,jitter_ms,20.148
2026-07-19T12:27:08+00:00,station3,jitter_ms,9.145
2026-07-19T12:27:23+00:00,station3,jitter_ms,66.912
2026-07-19T12:27:38+00:00,station3,jitter_ms,162.999
2026-07-19T12:27:53+00:00,station3,jitter_ms,0.598
2026-07-19T12:28:08+00:00,station3,jitter_ms,0.193
2026-07-19T12:28:23+00:00,station3,jitter_ms,0.763
2026-07-19T12:28:38+00:00,station3,jitter_ms,0.002
2026-07-19T12:28:53+00:00,station3,jitter_ms,0.205
2026-07-19T12:29:08+00:00,station3,jitter_ms,0.199
2026-07-19T12:29:23+00:00,station3,jitter_ms,0.323
2026-07-19T12:29:38+00:00,station3,jitter_ms,0.093
2026-07-19T12:29:53+00:00,station3,jitter_ms,0.043
2026-07-19T12:30:08+00:00,station3,jitter_ms,0.28
2026-07-19T12:30:23+00:00,station3,jitter_ms,0.234
2026-07-19T12:30:38+00:00,station3,jitter_ms,0.332
2026-07-19T12:30:53+00:00,station3,jitter_ms,0.662
2026-07-19T12:31:08+00:00,station3,jitter_ms,0.052
2026-07-19T12:31:23+00:00,station3,jitter_ms,0.051
2026-07-19T12:31:38+00:00,station3,jitter_ms,0.047
2026-07-19T12:31:53+00:00,station3,jitter_ms,0.188
2026-07-19T12:32:08+00:00,station3,jitter_ms,0.282
2026-07-19T12:32:23+00:00,station3,jitter_ms,0.019
2026-07-19T12:32:38+00:00,station3,jitter_ms,0.031
2026-07-19T12:32:53+00:00,station3,jitter_ms,1214.546
2026-07-19T12:33:08+00:00,station3,jitter_ms,1214.546
2026-07-19T12:33:23+00:00,station3,jitter_ms,1214.546
2026-07-19T12:33:38+00:00,station3,jitter_ms,1143.089
2026-07-19T12:33:53+00:00,station3,jitter_ms,0.051
2026-07-19T12:34:08+00:00,station3,jitter_ms,0.132
2026-07-19T12:34:23+00:00,station3,jitter_ms,0.037
2026-07-19T12:34:38+00:00,station3,jitter_ms,0.322
2026-07-19T12:34:53+00:00,station3,jitter_ms,0.26
2026-07-19T12:35:08+00:00,station3,jitter_ms,0.06
2026-07-19T12:35:23+00:00,station3,jitter_ms,0.149
2026-07-19T12:35:38+00:00,station3,jitter_ms,0.31
2026-07-19T12:35:53+00:00,station3,jitter_ms,0.028
2026-07-19T12:36:08+00:00,station3,jitter_ms,0.397
2026-07-19T12:36:23+00:00,station3,jitter_ms,0.334
2026-07-19T12:36:38+00:00,station3,jitter_ms,0.401
2026-07-19T12:36:53+00:00,station3,jitter_ms,5.26
2026-07-19T12:37:08+00:00,station3,jitter_ms,12.238
2026-07-19T12:37:23+00:00,station3,jitter_ms,0.009
2026-07-19T12:37:38+00:00,station3,jitter_ms,1.656
2026-07-19T12:37:53+00:00,station3,jitter_ms,1.168
2026-07-19T12:38:08+00:00,station3,jitter_ms,0.995
2026-07-19T12:38:23+00:00,station3,jitter_ms,26.809
2026-07-19T12:38:38+00:00,station3,jitter_ms,0.026
2026-07-19T12:38:53+00:00,station3,jitter_ms,1.126
2026-07-19T12:39:08+00:00,station3,jitter_ms,2.727
2026-07-19T12:39:23+00:00,station3,jitter_ms,2.101
2026-07-19T12:39:38+00:00,station3,jitter_ms,7.027
2026-07-19T12:39:53+00:00,station3,jitter_ms,0.038
2026-07-19T12:40:08+00:00,station3,jitter_ms,1.882
2026-07-19T12:40:23+00:00,station3,jitter_ms,10.148
2026-07-19T12:40:38+00:00,station3,jitter_ms,1.802
2026-07-19T12:40:53+00:00,station3,jitter_ms,11.097
2026-07-19T12:41:08+00:00,station3,jitter_ms,0.022
2026-07-19T12:41:23+00:00,station3,jitter_ms,7.911
2026-07-19T12:41:38+00:00,station3,jitter_ms,2.372
2026-07-19T12:41:53+00:00,station3,jitter_ms,5.076
2026-07-19T12:42:08+00:00,station3,jitter_ms,2.9
2026-07-19T12:42:23+00:00,station3,jitter_ms,0.007
2026-07-19T12:42:38+00:00,station3,jitter_ms,40.639
2026-07-19T12:42:53+00:00,station3,jitter_ms,8.286
2026-07-19T12:43:08+00:00,station3,jitter_ms,8.872
2026-07-19T12:43:23+00:00,station3,jitter_ms,9.237
2026-07-19T12:43:38+00:00,station3,jitter_ms,0.035
2026-07-19T12:43:53+00:00,station3,jitter_ms,0.655
2026-07-19T12:44:08+00:00,station3,jitter_ms,43.985
2026-07-19T12:44:23+00:00,station3,jitter_ms,9.477
2026-07-19T12:44:38+00:00,station3,jitter_ms,54.79
2026-07-19T12:44:53+00:00,station3,jitter_ms,17.107
2026-07-19T12:45:08+00:00,station3,jitter_ms,0.276
2026-07-19T12:45:23+00:00,station3,jitter_ms,5.313
2026-07-19T12:45:38+00:00,station3,jitter_ms,2.482
2026-07-19T12:45:53+00:00,station3,jitter_ms,110.665
2026-07-19T12:46:08+00:00,station3,jitter_ms,0.038
2026-07-19T12:46:23+00:00,station3,jitter_ms,0.773
2026-07-19T12:46:38+00:00,station3,jitter_ms,32.164
2026-07-19T12:46:53+00:00,station3,jitter_ms,51.876
2026-07-19T12:47:08+00:00,station3,jitter_ms,5.577
2026-07-19T12:47:23+00:00,station3,jitter_ms,32.278
2026-07-19T12:47:38+00:00,station3,jitter_ms,4.985
2026-07-19T12:47:53+00:00,station3,jitter_ms,10.717
2026-07-19T12:48:08+00:00,station3,jitter_ms,16.658
2026-07-19T12:48:23+00:00,station3,jitter_ms,0.023
2026-07-19T12:48:38+00:00,station3,jitter_ms,39.989
2026-07-19T12:48:53+00:00,station3,jitter_ms,5.844
2026-07-19T12:49:08+00:00,station3,jitter_ms,2.423
2026-07-19T12:49:23+00:00,station3,jitter_ms,23.369
2026-07-19T12:49:38+00:00,station3,jitter_ms,0.015
2026-07-19T12:49:53+00:00,station3,jitter_ms,20.112
2026-07-19T12:50:08+00:00,station3,jitter_ms,34.517
2026-07-19T12:50:23+00:00,station3,jitter_ms,2.371
2026-07-19T12:50:38+00:00,station3,jitter_ms,50.777
2026-07-19T12:50:53+00:00,station3,jitter_ms,39.747
2026-07-19T12:51:08+00:00,station3,jitter_ms,52.784
2026-07-19T12:51:23+00:00,station3,jitter_ms,5.27
2026-07-19T12:51:38+00:00,station3,jitter_ms,16.342
2026-07-19T12:51:53+00:00,station3,jitter_ms,0.029
2026-07-19T12:52:08+00:00,station3,jitter_ms,59.587
2026-07-19T12:52:23+00:00,station3,jitter_ms,12.1
2026-07-19T12:52:38+00:00,station3,jitter_ms,3.145
2026-07-19T12:52:53+00:00,station3,jitter_ms,0.174
2026-07-19T12:53:08+00:00,station3,jitter_ms,0.18
2026-07-19T12:53:23+00:00,station3,jitter_ms,0.314
2026-07-19T12:53:38+00:00,station3,jitter_ms,0.207
2026-07-19T12:53:53+00:00,station3,jitter_ms,0.074
2026-07-19T12:54:08+00:00,station3,jitter_ms,0.151
2026-07-19T12:54:23+00:00,station3,jitter_ms,0.054
2026-07-19T12:54:38+00:00,station3,jitter_ms,2735.017
2026-07-19T12:54:53+00:00,station3,jitter_ms,2735.017
2026-07-19T12:55:08+00:00,station3,jitter_ms,2735.017
2026-07-19T12:55:23+00:00,station3,jitter_ms,505.863
2026-07-19T12:55:38+00:00,station3,jitter_ms,0.035
2026-07-19T12:55:53+00:00,station3,jitter_ms,0.195
2026-07-19T12:56:08+00:00,station3,jitter_ms,0.029
2026-07-19T12:56:23+00:00,station3,jitter_ms,0.023
2026-07-19T12:56:38+00:00,station3,jitter_ms,0.14
2026-07-19T12:56:53+00:00,station3,jitter_ms,0.079
2026-07-19T12:57:08+00:00,station3,jitter_ms,0.281
2026-07-19T12:57:23+00:00,station3,jitter_ms,0.018
2026-07-19T12:57:38+00:00,station3,jitter_ms,0.139
2026-07-19T12:57:53+00:00,station3,jitter_ms,0.072
2026-07-19T12:58:08+00:00,station3,jitter_ms,0.049
2026-07-19T12:58:23+00:00,station3,jitter_ms,0.48
2026-07-19T12:58:38+00:00,station3,jitter_ms,0.034
2026-07-19T12:58:53+00:00,station3,jitter_ms,0.208
2026-07-19T12:59:08+00:00,station3,jitter_ms,0.008
2026-07-19T12:59:23+00:00,station3,jitter_ms,4.073
2026-07-19T12:59:38+00:00,station3,jitter_ms,1.707
2026-07-19T12:59:53+00:00,station3,jitter_ms,1.583
2026-07-19T13:00:08+00:00,station3,jitter_ms,2.218
2026-07-19T13:00:23+00:00,station3,jitter_ms,1.198
2026-07-19T13:00:38+00:00,station3,jitter_ms,1.154
2026-07-19T13:00:53+00:00,station3,jitter_ms,0.321
2026-07-19T13:01:08+00:00,station3,jitter_ms,0.611
2026-07-19T13:01:23+00:00,station3,jitter_ms,1.181
2026-07-19T13:01:38+00:00,station3,jitter_ms,3.658
2026-07-19T13:01:53+00:00,station3,jitter_ms,1.335
2026-07-19T13:02:08+00:00,station3,jitter_ms,3.071
2026-07-19T13:02:23+00:00,station3,jitter_ms,0.088
2026-07-19T13:02:38+00:00,station3,jitter_ms,0.92
2026-07-19T13:02:53+00:00,station3,jitter_ms,5.143
2026-07-19T13:03:08+00:00,station3,jitter_ms,2.22
2026-07-19T13:03:23+00:00,station3,jitter_ms,4.029
2026-07-19T13:03:38+00:00,station3,jitter_ms,3.303
2026-07-19T13:03:53+00:00,station3,jitter_ms,3.22
2026-07-19T13:04:08+00:00,station3,jitter_ms,2.45
2026-07-19T13:04:23+00:00,station3,jitter_ms,2.626
2026-07-19T13:04:38+00:00,station3,jitter_ms,1.946
2026-07-19T13:04:53+00:00,station3,jitter_ms,5.452
2026-07-19T13:05:08+00:00,station3,jitter_ms,7.365
2026-07-19T13:05:23+00:00,station3,jitter_ms,4.536
2026-07-19T13:05:38+00:00,station3,jitter_ms,1.994
2026-07-19T13:05:53+00:00,station3,jitter_ms,9.29
2026-07-19T13:06:08+00:00,station3,jitter_ms,4.504
2026-07-19T13:06:23+00:00,station3,jitter_ms,7.478
2026-07-19T13:06:38+00:00,station3,jitter_ms,5.629
2026-07-19T13:06:53+00:00,station3,jitter_ms,2.255
2026-07-19T13:07:08+00:00,station3,jitter_ms,0.594
2026-07-19T13:07:23+00:00,station3,jitter_ms,6.923
2026-07-19T13:07:38+00:00,station3,jitter_ms,4.942
2026-07-19T13:07:53+00:00,station3,jitter_ms,5.944
2026-07-19T13:08:08+00:00,station3,jitter_ms,8.618
2026-07-19T13:08:23+00:00,station3,jitter_ms,7.163
2026-07-19T13:08:38+00:00,station3,jitter_ms,11.391
2026-07-19T13:08:53+00:00,station3,jitter_ms,10.456
2026-07-19T13:09:08+00:00,station3,jitter_ms,4.818
2026-07-19T13:09:23+00:00,station3,jitter_ms,5.848
2026-07-19T13:09:38+00:00,station3,jitter_ms,8.176
2026-07-19T13:09:53+00:00,station3,jitter_ms,5.209
2026-07-19T13:10:08+00:00,station3,jitter_ms,5.844
2026-07-19T13:10:23+00:00,station3,jitter_ms,4.523
2026-07-19T13:10:38+00:00,station3,jitter_ms,5.408
2026-07-19T13:10:53+00:00,station3,jitter_ms,3.404
2026-07-19T13:11:08+00:00,station3,jitter_ms,2.797
2026-07-19T13:11:23+00:00,station3,jitter_ms,9.926
2026-07-19T13:11:38+00:00,station3,jitter_ms,4.527
2026-07-19T13:11:53+00:00,station3,jitter_ms,4.361
2026-07-19T13:12:08+00:00,station3,jitter_ms,0.762
2026-07-19T13:12:23+00:00,station3,jitter_ms,4.367
2026-07-19T13:12:38+00:00,station3,jitter_ms,3.858
2026-07-19T13:12:53+00:00,station3,jitter_ms,7.575
2026-07-19T13:13:08+00:00,station3,jitter_ms,5.91
2026-07-19T13:13:23+00:00,station3,jitter_ms,7.998
2026-07-19T13:13:38+00:00,station3,jitter_ms,7.804
2026-07-19T13:13:53+00:00,station3,jitter_ms,7.903
2026-07-19T13:14:08+00:00,station3,jitter_ms,8.238
2026-07-19T13:14:23+00:00,station3,jitter_ms,0.759
2026-07-19T13:14:38+00:00,station3,jitter_ms,5.266
2026-07-19T13:14:53+00:00,station3,jitter_ms,0.032
2026-07-19T13:15:08+00:00,station3,jitter_ms,0.036
2026-07-19T13:15:23+00:00,station3,jitter_ms,2900.759
2026-07-19T13:15:38+00:00,station3,jitter_ms,2900.759
2026-07-19T13:15:53+00:00,station3,jitter_ms,0.0
2026-07-19T13:16:08+00:00,station3,jitter_ms,1443.923
2026-07-19T13:16:23+00:00,station3,jitter_ms,0.019
2026-07-19T13:16:38+00:00,station3,jitter_ms,0.17
2026-07-19T13:16:53+00:00,station3,jitter_ms,0.095
2026-07-19T13:17:08+00:00,station3,jitter_ms,0.153
2026-07-19T13:17:23+00:00,station3,jitter_ms,0.232
2026-07-19T13:17:38+00:00,station3,jitter_ms,0.219
2026-07-19T13:17:53+00:00,station3,jitter_ms,0.042
2026-07-19T13:18:08+00:00,station3,jitter_ms,0.288
2026-07-19T13:18:23+00:00,station3,jitter_ms,0.164
2026-07-19T13:18:38+00:00,station3,jitter_ms,0.141
2026-07-19T13:18:53+00:00,station3,jitter_ms,0.051
2026-07-19T13:19:08+00:00,station3,jitter_ms,0.088
2026-07-19T13:19:23+00:00,station3,jitter_ms,0.047
2026-07-19T13:19:38+00:00,station3,jitter_ms,0.056
2026-07-19T13:19:53+00:00,station3,jitter_ms,0.072
2026-07-19T13:20:08+00:00,station3,jitter_ms,0.195
2026-07-19T13:20:23+00:00,station3,jitter_ms,0.044
2026-07-19T13:20:38+00:00,station3,jitter_ms,0.229
2026-07-19T13:20:53+00:00,station3,jitter_ms,0.227
2026-07-19T13:21:08+00:00,station3,jitter_ms,0.055
2026-07-19T13:21:23+00:00,station3,jitter_ms,2492.26
2026-07-19T13:21:38+00:00,station3,jitter_ms,1441.633
2026-07-19T13:21:53+00:00,station3,jitter_ms,0.0
2026-07-19T13:22:08+00:00,station3,jitter_ms,2649.01
2026-07-19T13:22:23+00:00,station3,jitter_ms,0.04
2026-07-19T13:22:38+00:00,station3,jitter_ms,0.168
2026-07-19T13:22:53+00:00,station3,jitter_ms,0.095
2026-07-19T13:23:08+00:00,station3,jitter_ms,0.99
2026-07-19T13:23:23+00:00,station3,jitter_ms,1.247
2026-07-19T13:23:38+00:00,station3,jitter_ms,0.939
2026-07-19T13:23:53+00:00,station3,jitter_ms,1.328
2026-07-19T13:24:08+00:00,station3,jitter_ms,0.481
2026-07-19T13:24:23+00:00,station3,jitter_ms,0.376
2026-07-19T13:24:38+00:00,station3,jitter_ms,0.702
2026-07-19T13:24:53+00:00,station3,jitter_ms,0.658
2026-07-19T13:25:08+00:00,station3,jitter_ms,5.499
2026-07-19T13:25:23+00:00,station3,jitter_ms,2.091
2026-07-19T13:25:38+00:00,station3,jitter_ms,0.311
2026-07-19T13:25:53+00:00,station3,jitter_ms,1.344
2026-07-19T13:26:08+00:00,station3,jitter_ms,1.021
2026-07-19T13:26:23+00:00,station3,jitter_ms,2.192
2026-07-19T13:26:38+00:00,station3,jitter_ms,2.605
2026-07-19T13:26:53+00:00,station3,jitter_ms,2.182
2026-07-19T13:27:08+00:00,station3,jitter_ms,2.263
2026-07-19T13:27:23+00:00,station3,jitter_ms,3.57
2026-07-19T13:27:38+00:00,station3,jitter_ms,5.217
2026-07-19T13:27:53+00:00,station3,jitter_ms,2.125
2026-07-19T13:28:08+00:00,station3,jitter_ms,4.931
2026-07-19T13:28:23+00:00,station3,jitter_ms,1.383
2026-07-19T13:28:38+00:00,station3,jitter_ms,2.319
2026-07-19T13:28:53+00:00,station3,jitter_ms,2.498
2026-07-19T13:29:08+00:00,station3,jitter_ms,2.542
2026-07-19T13:29:23+00:00,station3,jitter_ms,2.231
2026-07-19T13:29:38+00:00,station3,jitter_ms,2.131
2026-07-19T13:29:53+00:00,station3,jitter_ms,4.253
2026-07-19T13:30:08+00:00,station3,jitter_ms,8.848
2026-07-19T13:30:23+00:00,station3,jitter_ms,8.958
2026-07-19T13:30:38+00:00,station3,jitter_ms,2.797
2026-07-19T13:30:53+00:00,station3,jitter_ms,4.356
2026-07-19T13:31:08+00:00,station3,jitter_ms,4.77
2026-07-19T13:31:23+00:00,station3,jitter_ms,5.16
2026-07-19T13:31:38+00:00,station3,jitter_ms,2.846
2026-07-19T13:31:53+00:00,station3,jitter_ms,6.363
2026-07-19T13:32:08+00:00,station3,jitter_ms,6.719
2026-07-19T13:32:23+00:00,station3,jitter_ms,6.08
2026-07-19T13:32:38+00:00,station3,jitter_ms,1.564
2026-07-19T13:32:53+00:00,station3,jitter_ms,4.868
2026-07-19T13:33:08+00:00,station3,jitter_ms,7.037
2026-07-19T13:33:23+00:00,station3,jitter_ms,5.267
2026-07-19T13:33:38+00:00,station3,jitter_ms,2.652
2026-07-19T13:33:53+00:00,station3,jitter_ms,4.681
2026-07-19T13:34:08+00:00,station3,jitter_ms,2.712
2026-07-19T13:34:23+00:00,station3,jitter_ms,0.208
2026-07-19T13:34:38+00:00,station3,jitter_ms,0.014
2026-07-19T13:34:53+00:00,station3,jitter_ms,0.253
2026-07-19T13:35:08+00:00,station3,jitter_ms,0.235
2026-07-19T13:35:23+00:00,station3,jitter_ms,0.133
2026-07-19T13:35:38+00:00,station3,jitter_ms,0.458
2026-07-19T13:35:53+00:00,station3,jitter_ms,0.042
2026-07-19T13:36:08+00:00,station3,jitter_ms,0.015
2026-07-19T13:36:23+00:00,station3,jitter_ms,1.193
2026-07-19T13:36:38+00:00,station3,jitter_ms,0.036
2026-07-19T13:36:53+00:00,station3,jitter_ms,0.442
2026-07-19T13:37:08+00:00,station3,jitter_ms,0.067
2026-07-19T13:37:23+00:00,station3,jitter_ms,1140.83
2026-07-19T13:37:38+00:00,station3,jitter_ms,2790.485
2026-07-19T13:37:53+00:00,station3,jitter_ms,473.685
2026-07-19T13:38:08+00:00,station3,jitter_ms,2641.506
2026-07-19T13:38:23+00:00,station3,jitter_ms,0.026
2026-07-19T13:38:38+00:00,station3,jitter_ms,0.025
2026-07-19T13:38:53+00:00,station3,jitter_ms,0.275
2026-07-19T13:39:08+00:00,station3,jitter_ms,0.072
2026-07-19T13:39:23+00:00,station3,jitter_ms,0.223
2026-07-19T13:39:38+00:00,station3,jitter_ms,0.099
2026-07-19T13:39:53+00:00,station3,jitter_ms,0.276
2026-07-19T13:40:08+00:00,station3,jitter_ms,0.173
2026-07-19T13:40:23+00:00,station3,jitter_ms,0.145
2026-07-19T13:40:38+00:00,station3,jitter_ms,0.278
2026-07-19T13:40:53+00:00,station3,jitter_ms,0.055
2026-07-19T13:41:08+00:00,station3,jitter_ms,0.079
2026-07-19T13:41:23+00:00,station3,jitter_ms,0.014
2026-07-19T13:41:38+00:00,station3,jitter_ms,0.462
2026-07-19T13:41:53+00:00,station3,jitter_ms,0.499
2026-07-19T13:42:08+00:00,station3,jitter_ms,0.008
2026-07-19T13:42:23+00:00,station3,jitter_ms,0.068
2026-07-19T13:42:38+00:00,station3,jitter_ms,0.021
2026-07-19T13:42:53+00:00,station3,jitter_ms,0.042
2026-07-19T13:43:08+00:00,station3,jitter_ms,0.039
2026-07-19T13:43:23+00:00,station3,jitter_ms,0.019
2026-07-19T13:43:38+00:00,station3,jitter_ms,0.225
2026-07-19T13:43:53+00:00,station3,jitter_ms,0.075
2026-07-19T13:44:08+00:00,station3,jitter_ms,0.186
2026-07-19T13:44:23+00:00,station3,jitter_ms,0.306
2026-07-19T13:44:38+00:00,station3,jitter_ms,0.026
2026-07-19T13:44:53+00:00,station3,jitter_ms,0.069
2026-07-19T13:45:08+00:00,station3,jitter_ms,0.195
2026-07-19T13:45:23+00:00,station3,jitter_ms,0.158
2026-07-19T13:45:38+00:00,station3,jitter_ms,0.378
2026-07-19T13:45:53+00:00,station3,jitter_ms,0.071
2026-07-19T13:46:08+00:00,station3,jitter_ms,0.176
2026-07-19T13:46:23+00:00,station3,jitter_ms,0.127
2026-07-19T13:46:38+00:00,station3,jitter_ms,0.285
2026-07-19T13:46:53+00:00,station3,jitter_ms,0.04
2026-07-19T13:47:08+00:00,station3,jitter_ms,0.082
2026-07-19T13:47:23+00:00,station3,jitter_ms,0.27
2026-07-19T13:47:38+00:00,station3,jitter_ms,0.272
2026-07-19T13:47:53+00:00,station3,jitter_ms,0.084
2026-07-19T13:48:08+00:00,station3,jitter_ms,0.004
2026-07-19T13:48:23+00:00,station3,jitter_ms,0.213
2026-07-19T13:48:38+00:00,station3,jitter_ms,0.025
2026-07-19T13:48:53+00:00,station3,jitter_ms,0.125
2026-07-19T13:49:08+00:00,station3,jitter_ms,0.084
2026-07-19T13:49:23+00:00,station3,jitter_ms,0.334
2026-07-19T13:49:38+00:00,station3,jitter_ms,0.145
2026-07-19T13:49:53+00:00,station3,jitter_ms,0.051
2026-07-19T13:50:08+00:00,station3,jitter_ms,0.117
2026-07-19T13:50:23+00:00,station3,jitter_ms,0.033
2026-07-19T13:50:38+00:00,station3,jitter_ms,0.125
2026-07-19T13:50:53+00:00,station3,jitter_ms,0.216
2026-07-19T13:51:08+00:00,station3,jitter_ms,0.036
2026-07-19T13:51:23+00:00,station3,jitter_ms,0.069
2026-07-19T13:51:38+00:00,station3,jitter_ms,0.062
2026-07-19T13:51:53+00:00,station3,jitter_ms,0.37
2026-07-19T13:52:08+00:00,station3,jitter_ms,0.144
2026-07-19T13:52:23+00:00,station3,jitter_ms,0.386
2026-07-19T13:52:38+00:00,station3,jitter_ms,0.028
2026-07-19T13:52:53+00:00,station3,jitter_ms,0.018
2026-07-19T13:53:08+00:00,station3,jitter_ms,0.106
2026-07-19T13:53:23+00:00,station3,jitter_ms,0.114
2026-07-19T13:53:38+00:00,station3,jitter_ms,0.17
2026-07-19T13:53:53+00:00,station3,jitter_ms,0.152
2026-07-19T13:54:08+00:00,station3,jitter_ms,0.027
2026-07-19T13:54:23+00:00,station3,jitter_ms,0.147
2026-07-19T13:54:38+00:00,station3,jitter_ms,0.183
2026-07-19T13:54:53+00:00,station3,jitter_ms,0.194
2026-07-19T13:55:08+00:00,station3,jitter_ms,0.079
2026-07-19T13:55:23+00:00,station3,jitter_ms,0.126
2026-07-19T13:55:38+00:00,station3,jitter_ms,0.056
2026-07-19T13:55:53+00:00,station3,jitter_ms,0.075
2026-07-19T13:56:08+00:00,station3,jitter_ms,0.126
2026-07-19T13:56:23+00:00,station3,jitter_ms,0.027
2026-07-19T13:56:38+00:00,station3,jitter_ms,0.142
2026-07-19T13:56:53+00:00,station3,jitter_ms,0.411
2026-07-19T13:57:08+00:00,station3,jitter_ms,0.056
2026-07-19T13:57:23+00:00,station3,jitter_ms,0.193
2026-07-19T13:57:38+00:00,station3,jitter_ms,0.017
2026-07-19T13:57:53+00:00,station3,jitter_ms,2465.595
2026-07-19T13:58:08+00:00,station3,jitter_ms,827.2
2026-07-19T13:58:23+00:00,station3,jitter_ms,2045.096
2026-07-19T13:58:38+00:00,station3,jitter_ms,2045.096
2026-07-19T13:58:53+00:00,station3,jitter_ms,0.026
2026-07-19T13:59:08+00:00,station3,jitter_ms,0.142
2026-07-19T13:59:23+00:00,station3,jitter_ms,0.157
2026-07-19T13:59:38+00:00,station3,jitter_ms,0.165
2026-07-19T13:59:53+00:00,station3,jitter_ms,0.168
2026-07-19T14:00:08+00:00,station3,jitter_ms,0.049
2026-07-19T14:00:23+00:00,station3,jitter_ms,0.274
2026-07-19T14:00:38+00:00,station3,jitter_ms,0.304
2026-07-19T14:00:53+00:00,station3,jitter_ms,0.744
2026-07-19T14:01:08+00:00,station3,jitter_ms,0.284
2026-07-19T14:01:23+00:00,station3,jitter_ms,0.031
2026-07-19T14:01:38+00:00,station3,jitter_ms,0.242
2026-07-19T14:01:53+00:00,station3,jitter_ms,0.149
2026-07-19T14:02:08+00:00,station3,jitter_ms,0.198
2026-07-19T14:02:23+00:00,station3,jitter_ms,0.121
2026-07-19T14:02:38+00:00,station3,jitter_ms,0.035
2026-07-19T14:02:53+00:00,station3,jitter_ms,2905.206
2026-07-19T14:03:08+00:00,station3,jitter_ms,2517.945
2026-07-19T14:03:23+00:00,station3,jitter_ms,0.0
2026-07-19T14:03:38+00:00,station3,jitter_ms,836.413
2026-07-19T14:03:53+00:00,station3,jitter_ms,0.068
2026-07-19T14:04:08+00:00,station3,jitter_ms,0.378
2026-07-19T14:04:23+00:00,station3,jitter_ms,0.319
2026-07-19T14:04:38+00:00,station3,jitter_ms,0.394
2026-07-19T14:04:53+00:00,station3,jitter_ms,0.239
2026-07-19T14:05:08+00:00,station3,jitter_ms,0.057
2026-07-19T14:05:23+00:00,station3,jitter_ms,717.687
2026-07-19T14:05:38+00:00,station3,jitter_ms,717.687
2026-07-19T14:05:53+00:00,station3,jitter_ms,1215.762
2026-07-19T14:06:08+00:00,station3,jitter_ms,1375.67
2026-07-19T14:06:23+00:00,station3,jitter_ms,0.04
2026-07-19T14:06:38+00:00,station3,jitter_ms,0.189
2026-07-19T14:06:53+00:00,station3,jitter_ms,0.053
2026-07-19T14:07:08+00:00,station3,jitter_ms,0.03
2026-07-19T14:07:23+00:00,station3,jitter_ms,0.158
2026-07-19T14:07:38+00:00,station3,jitter_ms,0.054
2026-07-19T14:07:53+00:00,station3,jitter_ms,0.255
2026-07-19T14:08:08+00:00,station3,jitter_ms,0.381
2026-07-19T14:08:23+00:00,station3,jitter_ms,0.482
2026-07-19T14:08:38+00:00,station3,jitter_ms,0.385
2026-07-19T14:08:53+00:00,station3,jitter_ms,0.106
2026-07-19T14:09:08+00:00,station3,jitter_ms,0.396
2026-07-19T14:09:23+00:00,station3,jitter_ms,0.065
2026-07-19T14:09:38+00:00,station3,jitter_ms,0.435
2026-07-19T14:09:53+00:00,station3,jitter_ms,0.006
2026-07-19T14:10:08+00:00,station3,jitter_ms,0.037
2026-07-19T14:10:23+00:00,station3,jitter_ms,0.151
2026-07-19T14:10:38+00:00,station3,jitter_ms,0.204
2026-07-19T14:10:53+00:00,station3,jitter_ms,0.039
2026-07-19T14:11:08+00:00,station3,jitter_ms,0.015
2026-07-19T14:11:23+00:00,station3,jitter_ms,0.0
2026-07-19T14:11:38+00:00,station3,jitter_ms,1497.726
2026-07-19T14:11:53+00:00,station3,jitter_ms,434.199
2026-07-19T14:12:08+00:00,station3,jitter_ms,1217.004
2026-07-19T14:12:23+00:00,station3,jitter_ms,0.024
2026-07-19T14:12:38+00:00,station3,jitter_ms,0.049
2026-07-19T14:12:53+00:00,station3,jitter_ms,826.917
2026-07-19T14:13:08+00:00,station3,jitter_ms,763.965
2026-07-19T14:13:23+00:00,station3,jitter_ms,509.599
2026-07-19T14:13:38+00:00,station3,jitter_ms,0.042
2026-07-19T14:13:53+00:00,station3,jitter_ms,0.128
2026-07-19T14:14:08+00:00,station3,jitter_ms,0.041
2026-07-19T14:14:23+00:00,station3,jitter_ms,0.061
2026-07-19T14:14:38+00:00,station3,jitter_ms,0.207
2026-07-19T14:14:53+00:00,station3,jitter_ms,0.029
2026-07-19T14:15:08+00:00,station3,jitter_ms,0.069
2026-07-19T14:15:23+00:00,station3,jitter_ms,0.421
2026-07-19T14:15:38+00:00,station3,jitter_ms,0.415
2026-07-19T14:15:53+00:00,station3,jitter_ms,0.101
2026-07-19T14:16:08+00:00,station3,jitter_ms,0.004
2026-07-19T12:05:23+00:00,station1,latency_ms,0.821
2026-07-19T12:05:38+00:00,station1,latency_ms,2.039
2026-07-19T12:05:53+00:00,station1,latency_ms,0.731
2026-07-19T12:06:08+00:00,station1,latency_ms,1.068
2026-07-19T12:06:23+00:00,station1,latency_ms,0.732
2026-07-19T12:06:38+00:00,station1,latency_ms,0.86
2026-07-19T12:06:53+00:00,station1,latency_ms,0.299
2026-07-19T12:07:08+00:00,station1,latency_ms,1.455
2026-07-19T12:07:23+00:00,station1,latency_ms,1.034
2026-07-19T12:07:38+00:00,station1,latency_ms,1.543
2026-07-19T12:07:53+00:00,station1,latency_ms,0.73
2026-07-19T12:08:08+00:00,station1,latency_ms,0.245
2026-07-19T12:08:23+00:00,station1,latency_ms,1.607
2026-07-19T12:08:38+00:00,station1,latency_ms,0.679
2026-07-19T12:08:53+00:00,station1,latency_ms,1.859
2026-07-19T12:09:08+00:00,station1,latency_ms,1.471
2026-07-19T12:09:23+00:00,station1,latency_ms,0.25
2026-07-19T12:09:38+00:00,station1,latency_ms,1.74
2026-07-19T12:09:53+00:00,station1,latency_ms,0.843
2026-07-19T12:10:08+00:00,station1,latency_ms,0.967
2026-07-19T12:10:23+00:00,station1,latency_ms,1.013
2026-07-19T12:10:38+00:00,station1,latency_ms,0.181
2026-07-19T12:10:53+00:00,station1,latency_ms,5.607
2026-07-19T12:11:08+00:00,station1,latency_ms,53.292
2026-07-19T12:11:23+00:00,station1,latency_ms,207.631
2026-07-19T12:11:38+00:00,station1,latency_ms,233.803
2026-07-19T12:11:53+00:00,station1,latency_ms,148.331
2026-07-19T12:12:08+00:00,station1,latency_ms,163.328
2026-07-19T12:12:23+00:00,station1,latency_ms,240.829
2026-07-19T12:12:38+00:00,station1,latency_ms,335.011
2026-07-19T12:12:53+00:00,station1,latency_ms,4.853
2026-07-19T12:13:08+00:00,station1,latency_ms,201.421
2026-07-19T12:13:23+00:00,station1,latency_ms,266.011
2026-07-19T12:13:38+00:00,station1,latency_ms,315.759
2026-07-19T12:13:53+00:00,station1,latency_ms,345.871
2026-07-19T12:14:08+00:00,station1,latency_ms,9.536
2026-07-19T12:14:23+00:00,station1,latency_ms,273.611
2026-07-19T12:14:38+00:00,station1,latency_ms,282.774
2026-07-19T12:14:53+00:00,station1,latency_ms,304.082
2026-07-19T12:15:08+00:00,station1,latency_ms,306.248
2026-07-19T12:15:23+00:00,station1,latency_ms,11.364
2026-07-19T12:15:38+00:00,station1,latency_ms,275.976
2026-07-19T12:15:53+00:00,station1,latency_ms,351.296
2026-07-19T12:16:08+00:00,station1,latency_ms,366.257
2026-07-19T12:16:23+00:00,station1,latency_ms,355.688
2026-07-19T12:16:38+00:00,station1,latency_ms,13.603
2026-07-19T12:16:53+00:00,station1,latency_ms,349.585
2026-07-19T12:17:08+00:00,station1,latency_ms,366.321
2026-07-19T12:17:23+00:00,station1,latency_ms,359.821
2026-07-19T12:17:38+00:00,station1,latency_ms,389.443
2026-07-19T12:17:53+00:00,station1,latency_ms,12.853
2026-07-19T12:18:08+00:00,station1,latency_ms,328.371
2026-07-19T12:18:23+00:00,station1,latency_ms,378.336
2026-07-19T12:18:38+00:00,station1,latency_ms,388.552
2026-07-19T12:18:53+00:00,station1,latency_ms,13.554
2026-07-19T12:19:08+00:00,station1,latency_ms,119.724
2026-07-19T12:19:23+00:00,station1,latency_ms,410.402
2026-07-19T12:19:38+00:00,station1,latency_ms,368.385
2026-07-19T12:19:53+00:00,station1,latency_ms,387.461
2026-07-19T12:20:08+00:00,station1,latency_ms,145.825
2026-07-19T12:20:23+00:00,station1,latency_ms,382.995
2026-07-19T12:20:38+00:00,station1,latency_ms,386.147
2026-07-19T12:20:53+00:00,station1,latency_ms,386.246
2026-07-19T12:21:08+00:00,station1,latency_ms,381.474
2026-07-19T12:21:23+00:00,station1,latency_ms,14.714
2026-07-19T12:21:38+00:00,station1,latency_ms,377.686
2026-07-19T12:21:53+00:00,station1,latency_ms,363.385
2026-07-19T12:22:08+00:00,station1,latency_ms,406.021
2026-07-19T12:22:23+00:00,station1,latency_ms,421.412
2026-07-19T12:22:38+00:00,station1,latency_ms,16.104
2026-07-19T12:22:53+00:00,station1,latency_ms,380.699
2026-07-19T12:23:08+00:00,station1,latency_ms,386.624
2026-07-19T12:23:23+00:00,station1,latency_ms,414.547
2026-07-19T12:23:38+00:00,station1,latency_ms,398.107
2026-07-19T12:23:53+00:00,station1,latency_ms,41.03
2026-07-19T12:24:08+00:00,station1,latency_ms,345.543
2026-07-19T12:24:23+00:00,station1,latency_ms,379.267
2026-07-19T12:24:38+00:00,station1,latency_ms,369.661
2026-07-19T12:24:53+00:00,station1,latency_ms,15.123
2026-07-19T12:25:08+00:00,station1,latency_ms,270.414
2026-07-19T12:25:23+00:00,station1,latency_ms,373.041
2026-07-19T12:25:38+00:00,station1,latency_ms,382.286
2026-07-19T12:25:53+00:00,station1,latency_ms,368.885
2026-07-19T12:26:08+00:00,station1,latency_ms,12.021
2026-07-19T12:26:23+00:00,station1,latency_ms,360.606
2026-07-19T12:26:38+00:00,station1,latency_ms,384.927
2026-07-19T12:26:53+00:00,station1,latency_ms,420.916
2026-07-19T12:27:08+00:00,station1,latency_ms,374.131
2026-07-19T12:27:23+00:00,station1,latency_ms,61.613
2026-07-19T12:27:38+00:00,station1,latency_ms,127.269
2026-07-19T12:27:53+00:00,station1,latency_ms,1.069
2026-07-19T12:28:08+00:00,station1,latency_ms,1.209
2026-07-19T12:28:23+00:00,station1,latency_ms,0.681
2026-07-19T12:28:38+00:00,station1,latency_ms,0.241
2026-07-19T12:28:53+00:00,station1,latency_ms,0.548
2026-07-19T12:29:08+00:00,station1,latency_ms,0.878
2026-07-19T12:29:23+00:00,station1,latency_ms,0.701
2026-07-19T12:29:38+00:00,station1,latency_ms,0.98
2026-07-19T12:29:53+00:00,station1,latency_ms,0.286
2026-07-19T12:30:08+00:00,station1,latency_ms,0.788
2026-07-19T12:30:23+00:00,station1,latency_ms,0.705
2026-07-19T12:30:38+00:00,station1,latency_ms,1.156
2026-07-19T12:30:53+00:00,station1,latency_ms,2.041
2026-07-19T12:31:08+00:00,station1,latency_ms,0.254
2026-07-19T12:31:23+00:00,station1,latency_ms,1.313
2026-07-19T12:31:38+00:00,station1,latency_ms,0.823
2026-07-19T12:31:53+00:00,station1,latency_ms,0.848
2026-07-19T12:32:08+00:00,station1,latency_ms,1.629
2026-07-19T12:32:23+00:00,station1,latency_ms,0.286
2026-07-19T12:32:38+00:00,station1,latency_ms,0.189
2026-07-19T12:32:53+00:00,station1,latency_ms,2.34
2026-07-19T12:33:08+00:00,station1,latency_ms,2.004
2026-07-19T12:33:23+00:00,station1,latency_ms,2.048
2026-07-19T12:33:38+00:00,station1,latency_ms,1.286
2026-07-19T12:33:53+00:00,station1,latency_ms,0.217
2026-07-19T12:34:08+00:00,station1,latency_ms,0.87
2026-07-19T12:34:23+00:00,station1,latency_ms,0.93
2026-07-19T12:34:38+00:00,station1,latency_ms,1.527
2026-07-19T12:34:53+00:00,station1,latency_ms,0.903
2026-07-19T12:35:08+00:00,station1,latency_ms,0.257
2026-07-19T12:35:23+00:00,station1,latency_ms,1.074
2026-07-19T12:35:38+00:00,station1,latency_ms,1.623
2026-07-19T12:35:53+00:00,station1,latency_ms,0.899
2026-07-19T12:36:08+00:00,station1,latency_ms,1.066
2026-07-19T12:36:23+00:00,station1,latency_ms,0.943
2026-07-19T12:36:38+00:00,station1,latency_ms,0.88
2026-07-19T12:36:53+00:00,station1,latency_ms,47.864
2026-07-19T12:37:08+00:00,station1,latency_ms,84.758
2026-07-19T12:37:23+00:00,station1,latency_ms,1.971
2026-07-19T12:37:38+00:00,station1,latency_ms,145.337
2026-07-19T12:37:53+00:00,station1,latency_ms,185.868
2026-07-19T12:38:08+00:00,station1,latency_ms,195.138
2026-07-19T12:38:23+00:00,station1,latency_ms,266.03
2026-07-19T12:38:38+00:00,station1,latency_ms,4.152
2026-07-19T12:38:53+00:00,station1,latency_ms,145.961
2026-07-19T12:39:08+00:00,station1,latency_ms,147.17
2026-07-19T12:39:23+00:00,station1,latency_ms,243.772
2026-07-19T12:39:38+00:00,station1,latency_ms,279.424
2026-07-19T12:39:53+00:00,station1,latency_ms,6.952
2026-07-19T12:40:08+00:00,station1,latency_ms,180.955
2026-07-19T12:40:23+00:00,station1,latency_ms,217.038
2026-07-19T12:40:38+00:00,station1,latency_ms,248.085
2026-07-19T12:40:53+00:00,station1,latency_ms,290.355
2026-07-19T12:41:08+00:00,station1,latency_ms,6.713
2026-07-19T12:41:23+00:00,station1,latency_ms,214.754
2026-07-19T12:41:38+00:00,station1,latency_ms,322.762
2026-07-19T12:41:53+00:00,station1,latency_ms,363.285
2026-07-19T12:42:08+00:00,station1,latency_ms,363.705
2026-07-19T12:42:23+00:00,station1,latency_ms,7.444
2026-07-19T12:42:38+00:00,station1,latency_ms,84.43
2026-07-19T12:42:53+00:00,station1,latency_ms,246.683
2026-07-19T12:43:08+00:00,station1,latency_ms,309.775
2026-07-19T12:43:23+00:00,station1,latency_ms,357.991
2026-07-19T12:43:38+00:00,station1,latency_ms,9.677
2026-07-19T12:43:53+00:00,station1,latency_ms,249.35
2026-07-19T12:44:08+00:00,station1,latency_ms,347.913
2026-07-19T12:44:23+00:00,station1,latency_ms,373.33
2026-07-19T12:44:38+00:00,station1,latency_ms,367.48
2026-07-19T12:44:53+00:00,station1,latency_ms,20.896
2026-07-19T12:45:08+00:00,station1,latency_ms,348.396
2026-07-19T12:45:23+00:00,station1,latency_ms,365.652
2026-07-19T12:45:38+00:00,station1,latency_ms,398.496
2026-07-19T12:45:53+00:00,station1,latency_ms,321.342
2026-07-19T12:46:08+00:00,station1,latency_ms,8.209
2026-07-19T12:46:23+00:00,station1,latency_ms,342.263
2026-07-19T12:46:38+00:00,station1,latency_ms,370.056
2026-07-19T12:46:53+00:00,station1,latency_ms,344.131
2026-07-19T12:47:08+00:00,station1,latency_ms,363.715
2026-07-19T12:47:23+00:00,station1,latency_ms,356.759
2026-07-19T12:47:38+00:00,station1,latency_ms,353.483
2026-07-19T12:47:53+00:00,station1,latency_ms,341.117
2026-07-19T12:48:08+00:00,station1,latency_ms,397.982
2026-07-19T12:48:23+00:00,station1,latency_ms,8.597
2026-07-19T12:48:38+00:00,station1,latency_ms,278.327
2026-07-19T12:48:53+00:00,station1,latency_ms,368.878
2026-07-19T12:49:08+00:00,station1,latency_ms,455.995
2026-07-19T12:49:23+00:00,station1,latency_ms,358.869
2026-07-19T12:49:38+00:00,station1,latency_ms,7.524
2026-07-19T12:49:53+00:00,station1,latency_ms,369.703
2026-07-19T12:50:08+00:00,station1,latency_ms,414.252
2026-07-19T12:50:23+00:00,station1,latency_ms,388.27
2026-07-19T12:50:38+00:00,station1,latency_ms,380.155
2026-07-19T12:50:53+00:00,station1,latency_ms,232.722
2026-07-19T12:51:08+00:00,station1,latency_ms,408.061
2026-07-19T12:51:23+00:00,station1,latency_ms,402.282
2026-07-19T12:51:38+00:00,station1,latency_ms,257.309
2026-07-19T12:51:53+00:00,station1,latency_ms,8.649
2026-07-19T12:52:08+00:00,station1,latency_ms,88.772
2026-07-19T12:52:23+00:00,station1,latency_ms,427.597
2026-07-19T12:52:38+00:00,station1,latency_ms,396.871
2026-07-19T12:52:53+00:00,station1,latency_ms,1.012
2026-07-19T12:53:08+00:00,station1,latency_ms,0.553
2026-07-19T12:53:23+00:00,station1,latency_ms,1.083
2026-07-19T12:53:38+00:00,station1,latency_ms,0.753
2026-07-19T12:53:53+00:00,station1,latency_ms,0.895
2026-07-19T12:54:08+00:00,station1,latency_ms,1.813
2026-07-19T12:54:23+00:00,station1,latency_ms,1.109
2026-07-19T12:54:38+00:00,station1,latency_ms,2.446
2026-07-19T12:54:53+00:00,station1,latency_ms,2.332
2026-07-19T12:55:08+00:00,station1,latency_ms,3.255
2026-07-19T12:55:23+00:00,station1,latency_ms,1.57
2026-07-19T12:55:38+00:00,station1,latency_ms,0.26
2026-07-19T12:55:53+00:00,station1,latency_ms,0.816
2026-07-19T12:56:08+00:00,station1,latency_ms,1.182
2026-07-19T12:56:23+00:00,station1,latency_ms,0.732
2026-07-19T12:56:38+00:00,station1,latency_ms,0.814
2026-07-19T12:56:53+00:00,station1,latency_ms,0.85
2026-07-19T12:57:08+00:00,station1,latency_ms,0.851
2026-07-19T12:57:23+00:00,station1,latency_ms,0.74
2026-07-19T12:57:38+00:00,station1,latency_ms,0.793
2026-07-19T12:57:53+00:00,station1,latency_ms,0.304
2026-07-19T12:58:08+00:00,station1,latency_ms,0.957
2026-07-19T12:58:23+00:00,station1,latency_ms,1.463
2026-07-19T12:58:38+00:00,station1,latency_ms,0.964
2026-07-19T12:58:53+00:00,station1,latency_ms,0.92
2026-07-19T12:59:08+00:00,station1,latency_ms,0.195
2026-07-19T12:59:23+00:00,station1,latency_ms,5.113
2026-07-19T12:59:38+00:00,station1,latency_ms,14.87
2026-07-19T12:59:53+00:00,station1,latency_ms,14.851
2026-07-19T13:00:08+00:00,station1,latency_ms,14.784
2026-07-19T13:00:23+00:00,station1,latency_ms,13.793
2026-07-19T13:00:38+00:00,station1,latency_ms,13.129
2026-07-19T13:00:53+00:00,station1,latency_ms,14.52
2026-07-19T13:01:08+00:00,station1,latency_ms,17.055
2026-07-19T13:01:23+00:00,station1,latency_ms,15.255
2026-07-19T13:01:38+00:00,station1,latency_ms,20.203
2026-07-19T13:01:53+00:00,station1,latency_ms,26.19
2026-07-19T13:02:08+00:00,station1,latency_ms,26.853
2026-07-19T13:02:23+00:00,station1,latency_ms,23.236
2026-07-19T13:02:38+00:00,station1,latency_ms,30.972
2026-07-19T13:02:53+00:00,station1,latency_ms,29.727
2026-07-19T13:03:08+00:00,station1,latency_ms,29.5
2026-07-19T13:03:23+00:00,station1,latency_ms,29.666
2026-07-19T13:03:38+00:00,station1,latency_ms,32.992
2026-07-19T13:03:53+00:00,station1,latency_ms,37.094
2026-07-19T13:04:08+00:00,station1,latency_ms,36.071
2026-07-19T13:04:23+00:00,station1,latency_ms,44.131
2026-07-19T13:04:38+00:00,station1,latency_ms,45.781
2026-07-19T13:04:53+00:00,station1,latency_ms,43.474
2026-07-19T13:05:08+00:00,station1,latency_ms,38.299
2026-07-19T13:05:23+00:00,station1,latency_ms,41.029
2026-07-19T13:05:38+00:00,station1,latency_ms,46.904
2026-07-19T13:05:53+00:00,station1,latency_ms,62.576
2026-07-19T13:06:08+00:00,station1,latency_ms,59.898
2026-07-19T13:06:23+00:00,station1,latency_ms,66.371
2026-07-19T13:06:38+00:00,station1,latency_ms,54.855
2026-07-19T13:06:53+00:00,station1,latency_ms,54.332
2026-07-19T13:07:08+00:00,station1,latency_ms,66.186
2026-07-19T13:07:23+00:00,station1,latency_ms,52.828
2026-07-19T13:07:38+00:00,station1,latency_ms,55.725
2026-07-19T13:07:53+00:00,station1,latency_ms,52.224
2026-07-19T13:08:08+00:00,station1,latency_ms,53.681
2026-07-19T13:08:23+00:00,station1,latency_ms,65.099
2026-07-19T13:08:38+00:00,station1,latency_ms,55.233
2026-07-19T13:08:53+00:00,station1,latency_ms,54.035
2026-07-19T13:09:08+00:00,station1,latency_ms,55.504
2026-07-19T13:09:23+00:00,station1,latency_ms,53.343
2026-07-19T13:09:38+00:00,station1,latency_ms,63.07
2026-07-19T13:09:53+00:00,station1,latency_ms,51.384
2026-07-19T13:10:08+00:00,station1,latency_ms,54.159
2026-07-19T13:10:23+00:00,station1,latency_ms,68.593
2026-07-19T13:10:38+00:00,station1,latency_ms,65.139
2026-07-19T13:10:53+00:00,station1,latency_ms,60.966
2026-07-19T13:11:08+00:00,station1,latency_ms,52.118
2026-07-19T13:11:23+00:00,station1,latency_ms,50.843
2026-07-19T13:11:38+00:00,station1,latency_ms,52.96
2026-07-19T13:11:53+00:00,station1,latency_ms,55.441
2026-07-19T13:12:08+00:00,station1,latency_ms,55.525
2026-07-19T13:12:23+00:00,station1,latency_ms,50.325
2026-07-19T13:12:38+00:00,station1,latency_ms,58.431
2026-07-19T13:12:53+00:00,station1,latency_ms,53.374
2026-07-19T13:13:08+00:00,station1,latency_ms,57.001
2026-07-19T13:13:23+00:00,station1,latency_ms,62.76
2026-07-19T13:13:38+00:00,station1,latency_ms,59.655
2026-07-19T13:13:53+00:00,station1,latency_ms,55.249
2026-07-19T13:14:08+00:00,station1,latency_ms,47.487
2026-07-19T13:14:23+00:00,station1,latency_ms,62.347
2026-07-19T13:14:38+00:00,station1,latency_ms,54.846
2026-07-19T13:14:53+00:00,station1,latency_ms,0.981
2026-07-19T13:15:23+00:00,station1,latency_ms,2.933
2026-07-19T13:15:38+00:00,station1,latency_ms,2.269
2026-07-19T13:15:53+00:00,station1,latency_ms,2.241
2026-07-19T13:16:08+00:00,station1,latency_ms,2.001
2026-07-19T13:16:23+00:00,station1,latency_ms,0.276
2026-07-19T13:16:38+00:00,station1,latency_ms,0.657
2026-07-19T13:16:53+00:00,station1,latency_ms,0.927
2026-07-19T13:17:08+00:00,station1,latency_ms,0.873
2026-07-19T13:17:23+00:00,station1,latency_ms,1.353
2026-07-19T13:17:38+00:00,station1,latency_ms,1.321
2026-07-19T13:17:53+00:00,station1,latency_ms,0.853
2026-07-19T13:18:08+00:00,station1,latency_ms,1.023
2026-07-19T13:18:23+00:00,station1,latency_ms,0.873
2026-07-19T13:18:38+00:00,station1,latency_ms,0.903
2026-07-19T13:18:53+00:00,station1,latency_ms,0.86
2026-07-19T13:19:08+00:00,station1,latency_ms,0.777
2026-07-19T13:19:23+00:00,station1,latency_ms,0.864
2026-07-19T13:19:38+00:00,station1,latency_ms,0.915
2026-07-19T13:19:53+00:00,station1,latency_ms,0.263
2026-07-19T13:20:08+00:00,station1,latency_ms,1.209
2026-07-19T13:20:23+00:00,station1,latency_ms,0.724
2026-07-19T13:20:38+00:00,station1,latency_ms,1.768
2026-07-19T13:20:53+00:00,station1,latency_ms,0.69
2026-07-19T13:21:08+00:00,station1,latency_ms,0.236
2026-07-19T13:21:23+00:00,station1,latency_ms,2.318
2026-07-19T13:21:38+00:00,station1,latency_ms,1.984
2026-07-19T13:21:53+00:00,station1,latency_ms,1.79
2026-07-19T13:22:08+00:00,station1,latency_ms,2.302
2026-07-19T13:22:23+00:00,station1,latency_ms,0.258
2026-07-19T13:22:38+00:00,station1,latency_ms,0.82
2026-07-19T13:22:53+00:00,station1,latency_ms,0.894
2026-07-19T13:23:08+00:00,station1,latency_ms,13.319
2026-07-19T13:23:23+00:00,station1,latency_ms,12.067
2026-07-19T13:23:38+00:00,station1,latency_ms,12.66
2026-07-19T13:23:53+00:00,station1,latency_ms,12.999
2026-07-19T13:24:08+00:00,station1,latency_ms,13.254
2026-07-19T13:24:23+00:00,station1,latency_ms,18.969
2026-07-19T13:24:38+00:00,station1,latency_ms,19.138
2026-07-19T13:24:53+00:00,station1,latency_ms,17.906
2026-07-19T13:25:08+00:00,station1,latency_ms,19.92
2026-07-19T13:25:23+00:00,station1,latency_ms,25.773
2026-07-19T13:25:38+00:00,station1,latency_ms,34.129
2026-07-19T13:25:53+00:00,station1,latency_ms,35.093
2026-07-19T13:26:08+00:00,station1,latency_ms,33.272
2026-07-19T13:26:23+00:00,station1,latency_ms,30.627
2026-07-19T13:26:38+00:00,station1,latency_ms,29.487
2026-07-19T13:26:53+00:00,station1,latency_ms,36.201
2026-07-19T13:27:08+00:00,station1,latency_ms,40.901
2026-07-19T13:27:23+00:00,station1,latency_ms,47.666
2026-07-19T13:27:38+00:00,station1,latency_ms,42.171
2026-07-19T13:27:53+00:00,station1,latency_ms,45.144
2026-07-19T13:28:08+00:00,station1,latency_ms,49.688
2026-07-19T13:28:23+00:00,station1,latency_ms,43.09
2026-07-19T13:28:38+00:00,station1,latency_ms,40.903
2026-07-19T13:28:53+00:00,station1,latency_ms,43.629
2026-07-19T13:29:08+00:00,station1,latency_ms,43.82
2026-07-19T13:29:23+00:00,station1,latency_ms,52.07
2026-07-19T13:29:38+00:00,station1,latency_ms,56.486
2026-07-19T13:29:53+00:00,station1,latency_ms,50.205
2026-07-19T13:30:08+00:00,station1,latency_ms,56.942
2026-07-19T13:30:23+00:00,station1,latency_ms,56.16
2026-07-19T13:30:38+00:00,station1,latency_ms,57.895
2026-07-19T13:30:53+00:00,station1,latency_ms,49.62
2026-07-19T13:31:08+00:00,station1,latency_ms,57.836
2026-07-19T13:31:23+00:00,station1,latency_ms,46.894
2026-07-19T13:31:38+00:00,station1,latency_ms,55.858
2026-07-19T13:31:53+00:00,station1,latency_ms,49.966
2026-07-19T13:32:08+00:00,station1,latency_ms,53.535
2026-07-19T13:32:23+00:00,station1,latency_ms,60.186
2026-07-19T13:32:38+00:00,station1,latency_ms,45.721
2026-07-19T13:32:53+00:00,station1,latency_ms,59.006
2026-07-19T13:33:08+00:00,station1,latency_ms,55.756
2026-07-19T13:33:23+00:00,station1,latency_ms,53.077
2026-07-19T13:33:38+00:00,station1,latency_ms,50.167
2026-07-19T13:33:53+00:00,station1,latency_ms,48.265
2026-07-19T13:34:08+00:00,station1,latency_ms,35.56
2026-07-19T13:34:23+00:00,station1,latency_ms,0.942
2026-07-19T13:34:38+00:00,station1,latency_ms,0.251
2026-07-19T13:34:53+00:00,station1,latency_ms,0.749
2026-07-19T13:35:08+00:00,station1,latency_ms,1.347
2026-07-19T13:35:23+00:00,station1,latency_ms,0.947
2026-07-19T13:35:38+00:00,station1,latency_ms,1.183
2026-07-19T13:35:53+00:00,station1,latency_ms,0.246
2026-07-19T13:36:08+00:00,station1,latency_ms,0.255
2026-07-19T13:36:23+00:00,station1,latency_ms,0.729
2026-07-19T13:36:38+00:00,station1,latency_ms,0.872
2026-07-19T13:36:53+00:00,station1,latency_ms,0.969
2026-07-19T13:37:08+00:00,station1,latency_ms,0.823
2026-07-19T13:37:23+00:00,station1,latency_ms,1.941
2026-07-19T13:37:38+00:00,station1,latency_ms,2.595
2026-07-19T13:37:53+00:00,station1,latency_ms,2.481
2026-07-19T13:38:08+00:00,station1,latency_ms,2.081
2026-07-19T13:38:23+00:00,station1,latency_ms,0.533
2026-07-19T13:38:38+00:00,station1,latency_ms,0.248
2026-07-19T13:38:53+00:00,station1,latency_ms,1.247
2026-07-19T13:39:08+00:00,station1,latency_ms,1.497
2026-07-19T13:39:23+00:00,station1,latency_ms,0.918
2026-07-19T13:39:38+00:00,station1,latency_ms,0.894
2026-07-19T13:39:53+00:00,station1,latency_ms,1.735
2026-07-19T13:40:08+00:00,station1,latency_ms,0.82
2026-07-19T13:40:23+00:00,station1,latency_ms,1.059
2026-07-19T13:40:38+00:00,station1,latency_ms,1.729
2026-07-19T13:40:53+00:00,station1,latency_ms,0.193
2026-07-19T13:41:08+00:00,station1,latency_ms,0.789
2026-07-19T13:41:23+00:00,station1,latency_ms,0.876
2026-07-19T13:41:38+00:00,station1,latency_ms,1.566
2026-07-19T13:41:53+00:00,station1,latency_ms,1.392
2026-07-19T13:42:08+00:00,station1,latency_ms,0.254
2026-07-19T13:42:23+00:00,station1,latency_ms,3.998
2026-07-19T13:42:38+00:00,station1,latency_ms,4.421
2026-07-19T13:42:53+00:00,station1,latency_ms,3.784
2026-07-19T13:43:08+00:00,station1,latency_ms,3.423
2026-07-19T13:43:23+00:00,station1,latency_ms,6.769
2026-07-19T13:43:38+00:00,station1,latency_ms,8.087
2026-07-19T13:43:53+00:00,station1,latency_ms,7.999
2026-07-19T13:44:08+00:00,station1,latency_ms,7.795
2026-07-19T13:44:23+00:00,station1,latency_ms,9.054
2026-07-19T13:44:38+00:00,station1,latency_ms,9.701
2026-07-19T13:44:53+00:00,station1,latency_ms,9.839
2026-07-19T13:45:08+00:00,station1,latency_ms,10.174
2026-07-19T13:45:23+00:00,station1,latency_ms,11.038
2026-07-19T13:45:38+00:00,station1,latency_ms,9.146
2026-07-19T13:45:53+00:00,station1,latency_ms,13.689
2026-07-19T13:46:08+00:00,station1,latency_ms,14.76
2026-07-19T13:46:23+00:00,station1,latency_ms,11.101
2026-07-19T13:46:38+00:00,station1,latency_ms,12.671
2026-07-19T13:46:53+00:00,station1,latency_ms,12.047
2026-07-19T13:47:08+00:00,station1,latency_ms,9.928
2026-07-19T13:47:23+00:00,station1,latency_ms,11.675
2026-07-19T13:47:38+00:00,station1,latency_ms,12.949
2026-07-19T13:47:53+00:00,station1,latency_ms,11.423
2026-07-19T13:48:08+00:00,station1,latency_ms,11.884
2026-07-19T13:48:23+00:00,station1,latency_ms,14.329
2026-07-19T13:48:38+00:00,station1,latency_ms,13.27
2026-07-19T13:48:53+00:00,station1,latency_ms,13.582
2026-07-19T13:49:08+00:00,station1,latency_ms,15.331
2026-07-19T13:49:23+00:00,station1,latency_ms,12.48
2026-07-19T13:49:38+00:00,station1,latency_ms,12.895
2026-07-19T13:49:53+00:00,station1,latency_ms,13.019
2026-07-19T13:50:08+00:00,station1,latency_ms,14.393
2026-07-19T13:50:23+00:00,station1,latency_ms,11.05
2026-07-19T13:50:38+00:00,station1,latency_ms,12.723
2026-07-19T13:50:53+00:00,station1,latency_ms,14.567
2026-07-19T13:51:08+00:00,station1,latency_ms,13.02
2026-07-19T13:51:23+00:00,station1,latency_ms,12.103
2026-07-19T13:51:38+00:00,station1,latency_ms,12.356
2026-07-19T13:51:53+00:00,station1,latency_ms,0.818
2026-07-19T13:52:08+00:00,station1,latency_ms,1.81
2026-07-19T13:52:23+00:00,station1,latency_ms,1.034
2026-07-19T13:52:38+00:00,station1,latency_ms,1.966
2026-07-19T13:52:53+00:00,station1,latency_ms,0.233
2026-07-19T13:53:08+00:00,station1,latency_ms,1.237
2026-07-19T13:53:23+00:00,station1,latency_ms,0.847
2026-07-19T13:53:38+00:00,station1,latency_ms,1.399
2026-07-19T13:53:53+00:00,station1,latency_ms,1.55
2026-07-19T13:54:08+00:00,station1,latency_ms,0.256
2026-07-19T13:54:23+00:00,station1,latency_ms,0.97
2026-07-19T13:54:38+00:00,station1,latency_ms,1.313
2026-07-19T13:54:53+00:00,station1,latency_ms,1.489
2026-07-19T13:55:08+00:00,station1,latency_ms,1.302
2026-07-19T13:55:23+00:00,station1,latency_ms,1.002
2026-07-19T13:55:38+00:00,station1,latency_ms,0.829
2026-07-19T13:55:53+00:00,station1,latency_ms,0.729
2026-07-19T13:56:08+00:00,station1,latency_ms,1.624
2026-07-19T13:56:23+00:00,station1,latency_ms,0.245
2026-07-19T13:56:38+00:00,station1,latency_ms,0.879
2026-07-19T13:56:53+00:00,station1,latency_ms,1.121
2026-07-19T13:57:08+00:00,station1,latency_ms,0.85
2026-07-19T13:57:23+00:00,station1,latency_ms,0.849
2026-07-19T13:57:38+00:00,station1,latency_ms,0.301
2026-07-19T13:57:53+00:00,station1,latency_ms,1.788
2026-07-19T13:58:08+00:00,station1,latency_ms,2.575
2026-07-19T13:58:23+00:00,station1,latency_ms,2.166
2026-07-19T13:58:38+00:00,station1,latency_ms,2.301
2026-07-19T13:58:53+00:00,station1,latency_ms,1.743
2026-07-19T13:59:08+00:00,station1,latency_ms,3.368
2026-07-19T13:59:23+00:00,station1,latency_ms,2.379
2026-07-19T13:59:38+00:00,station1,latency_ms,2.898
2026-07-19T13:59:53+00:00,station1,latency_ms,2.974
2026-07-19T14:00:08+00:00,station1,latency_ms,2.863
2026-07-19T14:00:23+00:00,station1,latency_ms,5.005
2026-07-19T14:00:38+00:00,station1,latency_ms,4.913
2026-07-19T14:00:53+00:00,station1,latency_ms,5.653
2026-07-19T14:01:08+00:00,station1,latency_ms,4.478
2026-07-19T14:01:23+00:00,station1,latency_ms,4.274
2026-07-19T14:01:38+00:00,station1,latency_ms,4.917
2026-07-19T14:01:53+00:00,station1,latency_ms,9.092
2026-07-19T14:02:08+00:00,station1,latency_ms,5.906
2026-07-19T14:02:23+00:00,station1,latency_ms,7.817
2026-07-19T14:02:38+00:00,station1,latency_ms,6.989
2026-07-19T14:02:53+00:00,station1,latency_ms,10.112
2026-07-19T14:03:08+00:00,station1,latency_ms,9.561
2026-07-19T14:03:23+00:00,station1,latency_ms,11.225
2026-07-19T14:03:38+00:00,station1,latency_ms,11.351
2026-07-19T14:03:53+00:00,station1,latency_ms,8.572
2026-07-19T14:04:08+00:00,station1,latency_ms,8.963
2026-07-19T14:04:23+00:00,station1,latency_ms,14.368
2026-07-19T14:04:38+00:00,station1,latency_ms,11.466
2026-07-19T14:04:53+00:00,station1,latency_ms,10.582
2026-07-19T14:05:08+00:00,station1,latency_ms,13.242
2026-07-19T14:05:23+00:00,station1,latency_ms,16.258
2026-07-19T14:05:38+00:00,station1,latency_ms,14.132
2026-07-19T14:05:53+00:00,station1,latency_ms,13.159
2026-07-19T14:06:08+00:00,station1,latency_ms,12.566
2026-07-19T14:06:23+00:00,station1,latency_ms,11.305
2026-07-19T14:06:38+00:00,station1,latency_ms,13.046
2026-07-19T14:06:53+00:00,station1,latency_ms,14.685
2026-07-19T14:07:08+00:00,station1,latency_ms,13.405
2026-07-19T14:07:23+00:00,station1,latency_ms,11.572
2026-07-19T14:07:38+00:00,station1,latency_ms,14.314
2026-07-19T14:07:53+00:00,station1,latency_ms,13.959
2026-07-19T14:08:08+00:00,station1,latency_ms,12.688
2026-07-19T14:08:23+00:00,station1,latency_ms,13.888
2026-07-19T14:08:38+00:00,station1,latency_ms,15.158
2026-07-19T14:08:53+00:00,station1,latency_ms,14.091
2026-07-19T14:09:08+00:00,station1,latency_ms,12.955
2026-07-19T14:09:23+00:00,station1,latency_ms,12.127
2026-07-19T14:09:38+00:00,station1,latency_ms,15.213
2026-07-19T14:09:53+00:00,station1,latency_ms,11.849
2026-07-19T14:10:08+00:00,station1,latency_ms,15.62
2026-07-19T14:10:23+00:00,station1,latency_ms,12.253
2026-07-19T14:10:38+00:00,station1,latency_ms,13.696
2026-07-19T14:10:53+00:00,station1,latency_ms,12.67
2026-07-19T14:11:08+00:00,station1,latency_ms,12.287
2026-07-19T14:11:23+00:00,station1,latency_ms,11.63
2026-07-19T14:11:38+00:00,station1,latency_ms,12.365
2026-07-19T14:11:53+00:00,station1,latency_ms,12.839
2026-07-19T14:12:08+00:00,station1,latency_ms,12.996
2026-07-19T14:12:23+00:00,station1,latency_ms,12.845
2026-07-19T14:12:38+00:00,station1,latency_ms,13.405
2026-07-19T14:12:53+00:00,station1,latency_ms,16.457
2026-07-19T14:13:08+00:00,station1,latency_ms,15.099
2026-07-19T14:13:23+00:00,station1,latency_ms,14.291
2026-07-19T14:13:38+00:00,station1,latency_ms,4.027
2026-07-19T14:13:53+00:00,station1,latency_ms,0.946
2026-07-19T14:14:08+00:00,station1,latency_ms,1.197
2026-07-19T14:14:23+00:00,station1,latency_ms,1.193
2026-07-19T14:14:38+00:00,station1,latency_ms,0.792
2026-07-19T14:14:53+00:00,station1,latency_ms,0.219
2026-07-19T14:15:08+00:00,station1,latency_ms,0.786
2026-07-19T14:15:23+00:00,station1,latency_ms,1.046
2026-07-19T14:15:38+00:00,station1,latency_ms,1.913
2026-07-19T14:15:53+00:00,station1,latency_ms,0.998
2026-07-19T14:16:08+00:00,station1,latency_ms,0.31
2026-07-19T12:05:23+00:00,station2,latency_ms,0.799
2026-07-19T12:05:38+00:00,station2,latency_ms,2.169
2026-07-19T12:05:53+00:00,station2,latency_ms,0.795
2026-07-19T12:06:08+00:00,station2,latency_ms,1.32
2026-07-19T12:06:23+00:00,station2,latency_ms,0.786
2026-07-19T12:06:38+00:00,station2,latency_ms,0.784
2026-07-19T12:06:53+00:00,station2,latency_ms,0.214
2026-07-19T12:07:08+00:00,station2,latency_ms,1.961
2026-07-19T12:07:23+00:00,station2,latency_ms,0.889
2026-07-19T12:07:38+00:00,station2,latency_ms,1.858
2026-07-19T12:07:53+00:00,station2,latency_ms,0.712
2026-07-19T12:08:08+00:00,station2,latency_ms,0.199
2026-07-19T12:08:23+00:00,station2,latency_ms,1.707
2026-07-19T12:08:38+00:00,station2,latency_ms,0.826
2026-07-19T12:08:53+00:00,station2,latency_ms,1.959
2026-07-19T12:09:08+00:00,station2,latency_ms,1.738
2026-07-19T12:09:23+00:00,station2,latency_ms,0.247
2026-07-19T12:09:38+00:00,station2,latency_ms,2.128
2026-07-19T12:09:53+00:00,station2,latency_ms,0.892
2026-07-19T12:10:08+00:00,station2,latency_ms,0.998
2026-07-19T12:10:23+00:00,station2,latency_ms,1.372
2026-07-19T12:10:38+00:00,station2,latency_ms,0.267
2026-07-19T12:10:53+00:00,station2,latency_ms,5.662
2026-07-19T12:11:08+00:00,station2,latency_ms,52.841
2026-07-19T12:11:23+00:00,station2,latency_ms,208.507
2026-07-19T12:11:38+00:00,station2,latency_ms,233.095
2026-07-19T12:11:53+00:00,station2,latency_ms,149.907
2026-07-19T12:12:08+00:00,station2,latency_ms,163.792
2026-07-19T12:12:23+00:00,station2,latency_ms,240.19
2026-07-19T12:12:38+00:00,station2,latency_ms,339.821
2026-07-19T12:12:53+00:00,station2,latency_ms,3.785
2026-07-19T12:13:08+00:00,station2,latency_ms,202.336
2026-07-19T12:13:23+00:00,station2,latency_ms,265.153
2026-07-19T12:13:38+00:00,station2,latency_ms,316.423
2026-07-19T12:13:53+00:00,station2,latency_ms,340.47
2026-07-19T12:14:08+00:00,station2,latency_ms,9.879
2026-07-19T12:14:23+00:00,station2,latency_ms,275.649
2026-07-19T12:14:38+00:00,station2,latency_ms,281.916
2026-07-19T12:14:53+00:00,station2,latency_ms,305.8
2026-07-19T12:15:08+00:00,station2,latency_ms,307.081
2026-07-19T12:15:23+00:00,station2,latency_ms,9.127
2026-07-19T12:15:38+00:00,station2,latency_ms,275.106
2026-07-19T12:15:53+00:00,station2,latency_ms,349.734
2026-07-19T12:16:08+00:00,station2,latency_ms,363.727
2026-07-19T12:16:23+00:00,station2,latency_ms,357.722
2026-07-19T12:16:38+00:00,station2,latency_ms,16.282
2026-07-19T12:16:53+00:00,station2,latency_ms,278.239
2026-07-19T12:17:08+00:00,station2,latency_ms,370.714
2026-07-19T12:17:23+00:00,station2,latency_ms,344.012
2026-07-19T12:17:38+00:00,station2,latency_ms,388.703
2026-07-19T12:17:53+00:00,station2,latency_ms,223.628
2026-07-19T12:18:08+00:00,station2,latency_ms,267.309
2026-07-19T12:18:23+00:00,station2,latency_ms,409.493
2026-07-19T12:18:38+00:00,station2,latency_ms,392.907
2026-07-19T12:18:53+00:00,station2,latency_ms,14.917
2026-07-19T12:19:08+00:00,station2,latency_ms,120.099
2026-07-19T12:19:23+00:00,station2,latency_ms,406.307
2026-07-19T12:19:38+00:00,station2,latency_ms,373.325
2026-07-19T12:19:53+00:00,station2,latency_ms,387.838
2026-07-19T12:20:08+00:00,station2,latency_ms,117.904
2026-07-19T12:20:23+00:00,station2,latency_ms,380.405
2026-07-19T12:20:38+00:00,station2,latency_ms,388.819
2026-07-19T12:20:53+00:00,station2,latency_ms,386.377
2026-07-19T12:21:08+00:00,station2,latency_ms,382.108
2026-07-19T12:21:23+00:00,station2,latency_ms,17.13
2026-07-19T12:21:38+00:00,station2,latency_ms,379.911
2026-07-19T12:21:53+00:00,station2,latency_ms,367.99
2026-07-19T12:22:08+00:00,station2,latency_ms,405.462
2026-07-19T12:22:23+00:00,station2,latency_ms,421.97
2026-07-19T12:22:38+00:00,station2,latency_ms,14.258
2026-07-19T12:22:53+00:00,station2,latency_ms,382.28
2026-07-19T12:23:08+00:00,station2,latency_ms,387.747
2026-07-19T12:23:23+00:00,station2,latency_ms,371.165
2026-07-19T12:23:38+00:00,station2,latency_ms,386.292
2026-07-19T12:23:53+00:00,station2,latency_ms,296.308
2026-07-19T12:24:08+00:00,station2,latency_ms,350.87
2026-07-19T12:24:23+00:00,station2,latency_ms,383.961
2026-07-19T12:24:38+00:00,station2,latency_ms,339.923
2026-07-19T12:24:53+00:00,station2,latency_ms,15.487
2026-07-19T12:25:08+00:00,station2,latency_ms,271.343
2026-07-19T12:25:23+00:00,station2,latency_ms,369.685
2026-07-19T12:25:38+00:00,station2,latency_ms,379.112
2026-07-19T12:25:53+00:00,station2,latency_ms,367.088
2026-07-19T12:26:08+00:00,station2,latency_ms,13.159
2026-07-19T12:26:23+00:00,station2,latency_ms,365.591
2026-07-19T12:26:38+00:00,station2,latency_ms,385.503
2026-07-19T12:26:53+00:00,station2,latency_ms,392.472
2026-07-19T12:27:08+00:00,station2,latency_ms,397.114
2026-07-19T12:27:23+00:00,station2,latency_ms,74.536
2026-07-19T12:27:38+00:00,station2,latency_ms,126.143
2026-07-19T12:27:53+00:00,station2,latency_ms,1.24
2026-07-19T12:28:08+00:00,station2,latency_ms,1.339
2026-07-19T12:28:23+00:00,station2,latency_ms,0.915
2026-07-19T12:28:38+00:00,station2,latency_ms,0.242
2026-07-19T12:28:53+00:00,station2,latency_ms,0.777
2026-07-19T12:29:08+00:00,station2,latency_ms,0.86
2026-07-19T12:29:23+00:00,station2,latency_ms,0.795
2026-07-19T12:29:38+00:00,station2,latency_ms,1.093
2026-07-19T12:29:53+00:00,station2,latency_ms,0.212
2026-07-19T12:30:08+00:00,station2,latency_ms,0.887
2026-07-19T12:30:23+00:00,station2,latency_ms,1.058
2026-07-19T12:30:38+00:00,station2,latency_ms,1.085
2026-07-19T12:30:53+00:00,station2,latency_ms,1.965
2026-07-19T12:31:08+00:00,station2,latency_ms,0.208
2026-07-19T12:31:23+00:00,station2,latency_ms,0.809
2026-07-19T12:31:38+00:00,station2,latency_ms,0.784
2026-07-19T12:31:53+00:00,station2,latency_ms,0.714
2026-07-19T12:32:08+00:00,station2,latency_ms,2.035
2026-07-19T12:32:23+00:00,station2,latency_ms,0.174
2026-07-19T12:32:38+00:00,station2,latency_ms,0.303
2026-07-19T12:32:53+00:00,station2,latency_ms,2.404
2026-07-19T12:33:08+00:00,station2,latency_ms,1.892
2026-07-19T12:33:23+00:00,station2,latency_ms,1.579
2026-07-19T12:33:38+00:00,station2,latency_ms,1.808
2026-07-19T12:33:53+00:00,station2,latency_ms,0.289
2026-07-19T12:34:08+00:00,station2,latency_ms,0.875
2026-07-19T12:34:23+00:00,station2,latency_ms,1.024
2026-07-19T12:34:38+00:00,station2,latency_ms,1.912
2026-07-19T12:34:53+00:00,station2,latency_ms,0.864
2026-07-19T12:35:08+00:00,station2,latency_ms,0.264
2026-07-19T12:35:23+00:00,station2,latency_ms,0.882
2026-07-19T12:35:38+00:00,station2,latency_ms,2.104
2026-07-19T12:35:53+00:00,station2,latency_ms,0.87
2026-07-19T12:36:08+00:00,station2,latency_ms,1.26
2026-07-19T12:36:23+00:00,station2,latency_ms,0.749
2026-07-19T12:36:38+00:00,station2,latency_ms,0.755
2026-07-19T12:36:53+00:00,station2,latency_ms,47.517
2026-07-19T12:37:08+00:00,station2,latency_ms,85.445
2026-07-19T12:37:23+00:00,station2,latency_ms,2.31
2026-07-19T12:37:38+00:00,station2,latency_ms,145.171
2026-07-19T12:37:53+00:00,station2,latency_ms,186.214
2026-07-19T12:38:08+00:00,station2,latency_ms,198.361
2026-07-19T12:38:23+00:00,station2,latency_ms,265.784
2026-07-19T12:38:38+00:00,station2,latency_ms,3.919
2026-07-19T12:38:53+00:00,station2,latency_ms,145.35
2026-07-19T12:39:08+00:00,station2,latency_ms,146.949
2026-07-19T12:39:23+00:00,station2,latency_ms,244.646
2026-07-19T12:39:38+00:00,station2,latency_ms,279.822
2026-07-19T12:39:53+00:00,station2,latency_ms,6.159
2026-07-19T12:40:08+00:00,station2,latency_ms,180.166
2026-07-19T12:40:23+00:00,station2,latency_ms,231.752
2026-07-19T12:40:38+00:00,station2,latency_ms,250.446
2026-07-19T12:40:53+00:00,station2,latency_ms,287.387
2026-07-19T12:41:08+00:00,station2,latency_ms,6.726
2026-07-19T12:41:23+00:00,station2,latency_ms,215.057
2026-07-19T12:41:38+00:00,station2,latency_ms,321.243
2026-07-19T12:41:53+00:00,station2,latency_ms,360.246
2026-07-19T12:42:08+00:00,station2,latency_ms,364.725
2026-07-19T12:42:23+00:00,station2,latency_ms,7.871
2026-07-19T12:42:38+00:00,station2,latency_ms,85.556
2026-07-19T12:42:53+00:00,station2,latency_ms,280.069
2026-07-19T12:43:08+00:00,station2,latency_ms,308.732
2026-07-19T12:43:23+00:00,station2,latency_ms,355.846
2026-07-19T12:43:38+00:00,station2,latency_ms,6.606
2026-07-19T12:43:53+00:00,station2,latency_ms,248.754
2026-07-19T12:44:08+00:00,station2,latency_ms,347.725
2026-07-19T12:44:23+00:00,station2,latency_ms,384.888
2026-07-19T12:44:38+00:00,station2,latency_ms,370.166
2026-07-19T12:44:53+00:00,station2,latency_ms,20.813
2026-07-19T12:45:08+00:00,station2,latency_ms,350.394
2026-07-19T12:45:23+00:00,station2,latency_ms,376.776
2026-07-19T12:45:38+00:00,station2,latency_ms,398.374
2026-07-19T12:45:53+00:00,station2,latency_ms,320.553
2026-07-19T12:46:08+00:00,station2,latency_ms,8.666
2026-07-19T12:46:23+00:00,station2,latency_ms,342.734
2026-07-19T12:46:38+00:00,station2,latency_ms,370.631
2026-07-19T12:46:53+00:00,station2,latency_ms,343.932
2026-07-19T12:47:08+00:00,station2,latency_ms,363.511
2026-07-19T12:47:23+00:00,station2,latency_ms,353.834
2026-07-19T12:47:38+00:00,station2,latency_ms,351.091
2026-07-19T12:47:53+00:00,station2,latency_ms,339.514
2026-07-19T12:48:08+00:00,station2,latency_ms,398.267
2026-07-19T12:48:23+00:00,station2,latency_ms,8.292
2026-07-19T12:48:38+00:00,station2,latency_ms,278.38
2026-07-19T12:48:53+00:00,station2,latency_ms,370.361
2026-07-19T12:49:08+00:00,station2,latency_ms,456.436
2026-07-19T12:49:23+00:00,station2,latency_ms,361.748
2026-07-19T12:49:38+00:00,station2,latency_ms,8.325
2026-07-19T12:49:53+00:00,station2,latency_ms,367.503
2026-07-19T12:50:08+00:00,station2,latency_ms,414.74
2026-07-19T12:50:23+00:00,station2,latency_ms,390.222
2026-07-19T12:50:38+00:00,station2,latency_ms,380.502
2026-07-19T12:50:53+00:00,station2,latency_ms,233.74
2026-07-19T12:51:08+00:00,station2,latency_ms,383.593
2026-07-19T12:51:23+00:00,station2,latency_ms,404.722
2026-07-19T12:51:38+00:00,station2,latency_ms,260.57
2026-07-19T12:51:53+00:00,station2,latency_ms,7.328
2026-07-19T12:52:08+00:00,station2,latency_ms,88.798
2026-07-19T12:52:23+00:00,station2,latency_ms,429.384
2026-07-19T12:52:38+00:00,station2,latency_ms,398.974
2026-07-19T12:52:53+00:00,station2,latency_ms,0.83
2026-07-19T12:53:08+00:00,station2,latency_ms,0.373
2026-07-19T12:53:23+00:00,station2,latency_ms,1.074
2026-07-19T12:53:38+00:00,station2,latency_ms,1.006
2026-07-19T12:53:53+00:00,station2,latency_ms,0.772
2026-07-19T12:54:08+00:00,station2,latency_ms,2.227
2026-07-19T12:54:23+00:00,station2,latency_ms,1.145
2026-07-19T12:54:38+00:00,station2,latency_ms,3.583
2026-07-19T12:54:53+00:00,station2,latency_ms,2.397
2026-07-19T12:55:08+00:00,station2,latency_ms,2.096
2026-07-19T12:55:23+00:00,station2,latency_ms,1.822
2026-07-19T12:55:38+00:00,station2,latency_ms,0.227
2026-07-19T12:55:53+00:00,station2,latency_ms,0.809
2026-07-19T12:56:08+00:00,station2,latency_ms,1.004
2026-07-19T12:56:23+00:00,station2,latency_ms,0.837
2026-07-19T12:56:38+00:00,station2,latency_ms,1.003
2026-07-19T12:56:53+00:00,station2,latency_ms,1.091
2026-07-19T12:57:08+00:00,station2,latency_ms,0.89
2026-07-19T12:57:23+00:00,station2,latency_ms,0.773
2026-07-19T12:57:38+00:00,station2,latency_ms,1.156
2026-07-19T12:57:53+00:00,station2,latency_ms,0.206
2026-07-19T12:58:08+00:00,station2,latency_ms,0.82
2026-07-19T12:58:23+00:00,station2,latency_ms,1.392
2026-07-19T12:58:38+00:00,station2,latency_ms,0.891
2026-07-19T12:58:53+00:00,station2,latency_ms,0.928
2026-07-19T12:59:08+00:00,station2,latency_ms,0.214
2026-07-19T12:59:23+00:00,station2,latency_ms,5.424
2026-07-19T12:59:38+00:00,station2,latency_ms,13.012
2026-07-19T12:59:53+00:00,station2,latency_ms,13.323
2026-07-19T13:00:08+00:00,station2,latency_ms,11.796
2026-07-19T13:00:23+00:00,station2,latency_ms,13.726
2026-07-19T13:00:38+00:00,station2,latency_ms,14.357
2026-07-19T13:00:53+00:00,station2,latency_ms,12.94
2026-07-19T13:01:08+00:00,station2,latency_ms,16.183
2026-07-19T13:01:23+00:00,station2,latency_ms,14.91
2026-07-19T13:01:38+00:00,station2,latency_ms,21.564
2026-07-19T13:01:53+00:00,station2,latency_ms,23.36
2026-07-19T13:02:08+00:00,station2,latency_ms,30.646
2026-07-19T13:02:23+00:00,station2,latency_ms,25.573
2026-07-19T13:02:38+00:00,station2,latency_ms,29.218
2026-07-19T13:02:53+00:00,station2,latency_ms,32.967
2026-07-19T13:03:08+00:00,station2,latency_ms,25.555
2026-07-19T13:03:23+00:00,station2,latency_ms,30.965
2026-07-19T13:03:38+00:00,station2,latency_ms,30.655
2026-07-19T13:03:53+00:00,station2,latency_ms,38.058
2026-07-19T13:04:08+00:00,station2,latency_ms,44.879
2026-07-19T13:04:23+00:00,station2,latency_ms,45.212
2026-07-19T13:04:38+00:00,station2,latency_ms,43.918
2026-07-19T13:04:53+00:00,station2,latency_ms,36.79
2026-07-19T13:05:08+00:00,station2,latency_ms,43.149
2026-07-19T13:05:23+00:00,station2,latency_ms,44.635
2026-07-19T13:05:38+00:00,station2,latency_ms,44.993
2026-07-19T13:05:53+00:00,station2,latency_ms,49.549
2026-07-19T13:06:08+00:00,station2,latency_ms,55.726
2026-07-19T13:06:23+00:00,station2,latency_ms,61.182
2026-07-19T13:06:38+00:00,station2,latency_ms,49.862
2026-07-19T13:06:53+00:00,station2,latency_ms,56.784
2026-07-19T13:07:08+00:00,station2,latency_ms,48.515
2026-07-19T13:07:23+00:00,station2,latency_ms,61.391
2026-07-19T13:07:38+00:00,station2,latency_ms,65.798
2026-07-19T13:07:53+00:00,station2,latency_ms,56.572
2026-07-19T13:08:08+00:00,station2,latency_ms,57.928
2026-07-19T13:08:23+00:00,station2,latency_ms,55.344
2026-07-19T13:08:38+00:00,station2,latency_ms,55.249
2026-07-19T13:08:53+00:00,station2,latency_ms,51.684
2026-07-19T13:09:08+00:00,station2,latency_ms,54.357
2026-07-19T13:09:23+00:00,station2,latency_ms,57.858
2026-07-19T13:09:38+00:00,station2,latency_ms,55.707
2026-07-19T13:09:53+00:00,station2,latency_ms,62.643
2026-07-19T13:10:08+00:00,station2,latency_ms,55.603
2026-07-19T13:10:23+00:00,station2,latency_ms,59.46
2026-07-19T13:10:38+00:00,station2,latency_ms,60.331
2026-07-19T13:10:53+00:00,station2,latency_ms,58.287
2026-07-19T13:11:08+00:00,station2,latency_ms,53.979
2026-07-19T13:11:23+00:00,station2,latency_ms,53.287
2026-07-19T13:11:38+00:00,station2,latency_ms,53.088
2026-07-19T13:11:53+00:00,station2,latency_ms,57.805
2026-07-19T13:12:08+00:00,station2,latency_ms,50.224
2026-07-19T13:12:23+00:00,station2,latency_ms,56.657
2026-07-19T13:12:38+00:00,station2,latency_ms,59.684
2026-07-19T13:12:53+00:00,station2,latency_ms,60.791
2026-07-19T13:13:08+00:00,station2,latency_ms,52.346
2026-07-19T13:13:23+00:00,station2,latency_ms,52.368
2026-07-19T13:13:38+00:00,station2,latency_ms,67.313
2026-07-19T13:13:53+00:00,station2,latency_ms,60.349
2026-07-19T13:14:08+00:00,station2,latency_ms,54.234
2026-07-19T13:14:23+00:00,station2,latency_ms,59.731
2026-07-19T13:14:38+00:00,station2,latency_ms,54.844
2026-07-19T13:14:53+00:00,station2,latency_ms,0.87
2026-07-19T13:15:08+00:00,station2,latency_ms,0.221
2026-07-19T13:15:23+00:00,station2,latency_ms,2.681
2026-07-19T13:15:38+00:00,station2,latency_ms,2.258
2026-07-19T13:15:53+00:00,station2,latency_ms,2.741
2026-07-19T13:16:08+00:00,station2,latency_ms,2.261
2026-07-19T13:16:23+00:00,station2,latency_ms,0.209
2026-07-19T13:16:38+00:00,station2,latency_ms,0.773
2026-07-19T13:16:53+00:00,station2,latency_ms,0.885
2026-07-19T13:17:08+00:00,station2,latency_ms,1.23
2026-07-19T13:17:23+00:00,station2,latency_ms,1.223
2026-07-19T13:17:38+00:00,station2,latency_ms,1.305
2026-07-19T13:17:53+00:00,station2,latency_ms,2.243
2026-07-19T13:18:08+00:00,station2,latency_ms,1.72
2026-07-19T13:18:23+00:00,station2,latency_ms,0.945
2026-07-19T13:18:38+00:00,station2,latency_ms,1.336
2026-07-19T13:18:53+00:00,station2,latency_ms,0.823
2026-07-19T13:19:08+00:00,station2,latency_ms,1.843
2026-07-19T13:19:23+00:00,station2,latency_ms,0.698
2026-07-19T13:19:38+00:00,station2,latency_ms,0.821
2026-07-19T13:19:53+00:00,station2,latency_ms,0.234
2026-07-19T13:20:08+00:00,station2,latency_ms,1.29
2026-07-19T13:20:23+00:00,station2,latency_ms,0.793
2026-07-19T13:20:38+00:00,station2,latency_ms,1.796
2026-07-19T13:20:53+00:00,station2,latency_ms,0.969
2026-07-19T13:21:08+00:00,station2,latency_ms,0.257
2026-07-19T13:21:23+00:00,station2,latency_ms,2.025
2026-07-19T13:21:38+00:00,station2,latency_ms,2.064
2026-07-19T13:21:53+00:00,station2,latency_ms,2.265
2026-07-19T13:22:08+00:00,station2,latency_ms,2.325
2026-07-19T13:22:23+00:00,station2,latency_ms,0.235
2026-07-19T13:22:38+00:00,station2,latency_ms,1.129
2026-07-19T13:22:53+00:00,station2,latency_ms,0.773
2026-07-19T13:23:08+00:00,station2,latency_ms,12.595
2026-07-19T13:23:23+00:00,station2,latency_ms,11.711
2026-07-19T13:23:38+00:00,station2,latency_ms,12.925
2026-07-19T13:23:53+00:00,station2,latency_ms,12.56
2026-07-19T13:24:08+00:00,station2,latency_ms,13.739
2026-07-19T13:24:23+00:00,station2,latency_ms,20.095
2026-07-19T13:24:38+00:00,station2,latency_ms,20.384
2026-07-19T13:24:53+00:00,station2,latency_ms,17.674
2026-07-19T13:25:08+00:00,station2,latency_ms,23.365
2026-07-19T13:25:23+00:00,station2,latency_ms,27.79
2026-07-19T13:25:38+00:00,station2,latency_ms,32.3
2026-07-19T13:25:53+00:00,station2,latency_ms,33.315
2026-07-19T13:26:08+00:00,station2,latency_ms,32.048
2026-07-19T13:26:23+00:00,station2,latency_ms,32.519
2026-07-19T13:26:38+00:00,station2,latency_ms,34.109
2026-07-19T13:26:53+00:00,station2,latency_ms,33.031
2026-07-19T13:27:08+00:00,station2,latency_ms,41.996
2026-07-19T13:27:23+00:00,station2,latency_ms,49.679
2026-07-19T13:27:38+00:00,station2,latency_ms,49.401
2026-07-19T13:27:53+00:00,station2,latency_ms,40.942
2026-07-19T13:28:08+00:00,station2,latency_ms,45.814
2026-07-19T13:28:23+00:00,station2,latency_ms,46.071
2026-07-19T13:28:38+00:00,station2,latency_ms,44.298
2026-07-19T13:28:53+00:00,station2,latency_ms,41.138
2026-07-19T13:29:08+00:00,station2,latency_ms,44.456
2026-07-19T13:29:23+00:00,station2,latency_ms,52.078
2026-07-19T13:29:38+00:00,station2,latency_ms,53.819
2026-07-19T13:29:53+00:00,station2,latency_ms,45.339
2026-07-19T13:30:08+00:00,station2,latency_ms,59.469
2026-07-19T13:30:23+00:00,station2,latency_ms,56.369
2026-07-19T13:30:38+00:00,station2,latency_ms,52.385
2026-07-19T13:30:53+00:00,station2,latency_ms,53.782
2026-07-19T13:31:08+00:00,station2,latency_ms,60.71
2026-07-19T13:31:23+00:00,station2,latency_ms,43.824
2026-07-19T13:31:38+00:00,station2,latency_ms,51.232
2026-07-19T13:31:53+00:00,station2,latency_ms,58.958
2026-07-19T13:32:08+00:00,station2,latency_ms,52.593
2026-07-19T13:32:23+00:00,station2,latency_ms,59.09
2026-07-19T13:32:38+00:00,station2,latency_ms,55.71
2026-07-19T13:32:53+00:00,station2,latency_ms,63.713
2026-07-19T13:33:08+00:00,station2,latency_ms,54.212
2026-07-19T13:33:23+00:00,station2,latency_ms,56.358
2026-07-19T13:33:38+00:00,station2,latency_ms,54.883
2026-07-19T13:33:53+00:00,station2,latency_ms,58.208
2026-07-19T13:34:08+00:00,station2,latency_ms,48.002
2026-07-19T13:34:23+00:00,station2,latency_ms,1.352
2026-07-19T13:34:38+00:00,station2,latency_ms,0.182
2026-07-19T13:34:53+00:00,station2,latency_ms,0.857
2026-07-19T13:35:08+00:00,station2,latency_ms,1.418
2026-07-19T13:35:23+00:00,station2,latency_ms,0.808
2026-07-19T13:35:38+00:00,station2,latency_ms,1.168
2026-07-19T13:35:53+00:00,station2,latency_ms,0.205
2026-07-19T13:36:08+00:00,station2,latency_ms,0.248
2026-07-19T13:36:23+00:00,station2,latency_ms,0.952
2026-07-19T13:36:38+00:00,station2,latency_ms,1.13
2026-07-19T13:36:53+00:00,station2,latency_ms,0.718
2026-07-19T13:37:08+00:00,station2,latency_ms,0.947
2026-07-19T13:37:23+00:00,station2,latency_ms,2.583
2026-07-19T13:37:38+00:00,station2,latency_ms,3.039
2026-07-19T13:37:53+00:00,station2,latency_ms,2.707
2026-07-19T13:38:08+00:00,station2,latency_ms,2.211
2026-07-19T13:38:23+00:00,station2,latency_ms,0.562
2026-07-19T13:38:38+00:00,station2,latency_ms,0.268
2026-07-19T13:38:53+00:00,station2,latency_ms,1.303
2026-07-19T13:39:08+00:00,station2,latency_ms,1.433
2026-07-19T13:39:23+00:00,station2,latency_ms,0.831
2026-07-19T13:39:38+00:00,station2,latency_ms,0.751
2026-07-19T13:39:53+00:00,station2,latency_ms,1.811
2026-07-19T13:40:08+00:00,station2,latency_ms,0.87
2026-07-19T13:40:23+00:00,station2,latency_ms,0.728
2026-07-19T13:40:38+00:00,station2,latency_ms,1.665
2026-07-19T13:40:53+00:00,station2,latency_ms,0.277
2026-07-19T13:41:08+00:00,station2,latency_ms,0.738
2026-07-19T13:41:23+00:00,station2,latency_ms,0.719
2026-07-19T13:41:38+00:00,station2,latency_ms,2.279
2026-07-19T13:41:53+00:00,station2,latency_ms,1.48
2026-07-19T13:42:08+00:00,station2,latency_ms,0.245
2026-07-19T13:42:23+00:00,station2,latency_ms,4.276
2026-07-19T13:42:38+00:00,station2,latency_ms,3.94
2026-07-19T13:42:53+00:00,station2,latency_ms,3.671
2026-07-19T13:43:08+00:00,station2,latency_ms,3.631
2026-07-19T13:43:23+00:00,station2,latency_ms,6.023
2026-07-19T13:43:38+00:00,station2,latency_ms,6.43
2026-07-19T13:43:53+00:00,station2,latency_ms,6.194
2026-07-19T13:44:08+00:00,station2,latency_ms,7.607
2026-07-19T13:44:23+00:00,station2,latency_ms,8.006
2026-07-19T13:44:38+00:00,station2,latency_ms,9.633
2026-07-19T13:44:53+00:00,station2,latency_ms,9.343
2026-07-19T13:45:08+00:00,station2,latency_ms,10.581
2026-07-19T13:45:23+00:00,station2,latency_ms,10.215
2026-07-19T13:45:38+00:00,station2,latency_ms,9.237
2026-07-19T13:45:53+00:00,station2,latency_ms,13.947
2026-07-19T13:46:08+00:00,station2,latency_ms,13.553
2026-07-19T13:46:23+00:00,station2,latency_ms,12.875
2026-07-19T13:46:38+00:00,station2,latency_ms,10.619
2026-07-19T13:46:53+00:00,station2,latency_ms,11.206
2026-07-19T13:47:08+00:00,station2,latency_ms,11.427
2026-07-19T13:47:23+00:00,station2,latency_ms,14.861
2026-07-19T13:47:38+00:00,station2,latency_ms,16.211
2026-07-19T13:47:53+00:00,station2,latency_ms,13.71
2026-07-19T13:48:08+00:00,station2,latency_ms,11.534
2026-07-19T13:48:23+00:00,station2,latency_ms,12.172
2026-07-19T13:48:38+00:00,station2,latency_ms,15.05
2026-07-19T13:48:53+00:00,station2,latency_ms,11.741
2026-07-19T13:49:08+00:00,station2,latency_ms,15.525
2026-07-19T13:49:23+00:00,station2,latency_ms,10.792
2026-07-19T13:49:38+00:00,station2,latency_ms,11.185
2026-07-19T13:49:53+00:00,station2,latency_ms,11.624
2026-07-19T13:50:08+00:00,station2,latency_ms,11.33
2026-07-19T13:50:23+00:00,station2,latency_ms,9.192
2026-07-19T13:50:38+00:00,station2,latency_ms,13.212
2026-07-19T13:50:53+00:00,station2,latency_ms,12.78
2026-07-19T13:51:08+00:00,station2,latency_ms,12.953
2026-07-19T13:51:23+00:00,station2,latency_ms,13.763
2026-07-19T13:51:38+00:00,station2,latency_ms,10.048
2026-07-19T13:51:53+00:00,station2,latency_ms,0.895
2026-07-19T13:52:08+00:00,station2,latency_ms,1.831
2026-07-19T13:52:23+00:00,station2,latency_ms,0.867
2026-07-19T13:52:38+00:00,station2,latency_ms,1.62
2026-07-19T13:52:53+00:00,station2,latency_ms,0.309
2026-07-19T13:53:08+00:00,station2,latency_ms,1.443
2026-07-19T13:53:23+00:00,station2,latency_ms,0.78
2026-07-19T13:53:38+00:00,station2,latency_ms,1.266
2026-07-19T13:53:53+00:00,station2,latency_ms,1.571
2026-07-19T13:54:08+00:00,station2,latency_ms,0.248
2026-07-19T13:54:23+00:00,station2,latency_ms,1.081
2026-07-19T13:54:38+00:00,station2,latency_ms,1.4
2026-07-19T13:54:53+00:00,station2,latency_ms,1.404
2026-07-19T13:55:08+00:00,station2,latency_ms,2.37
2026-07-19T13:55:23+00:00,station2,latency_ms,0.942
2026-07-19T13:55:38+00:00,station2,latency_ms,0.727
2026-07-19T13:55:53+00:00,station2,latency_ms,0.721
2026-07-19T13:56:08+00:00,station2,latency_ms,1.749
2026-07-19T13:56:23+00:00,station2,latency_ms,0.239
2026-07-19T13:56:38+00:00,station2,latency_ms,0.737
2026-07-19T13:56:53+00:00,station2,latency_ms,1.457
2026-07-19T13:57:08+00:00,station2,latency_ms,0.757
2026-07-19T13:57:23+00:00,station2,latency_ms,1.118
2026-07-19T13:57:38+00:00,station2,latency_ms,0.224
2026-07-19T13:57:53+00:00,station2,latency_ms,1.695
2026-07-19T13:58:08+00:00,station2,latency_ms,2.646
2026-07-19T13:58:23+00:00,station2,latency_ms,2.815
2026-07-19T13:58:38+00:00,station2,latency_ms,2.482
2026-07-19T13:58:53+00:00,station2,latency_ms,1.596
2026-07-19T13:59:08+00:00,station2,latency_ms,3.601
2026-07-19T13:59:23+00:00,station2,latency_ms,2.726
2026-07-19T13:59:38+00:00,station2,latency_ms,2.843
2026-07-19T13:59:53+00:00,station2,latency_ms,3.451
2026-07-19T14:00:08+00:00,station2,latency_ms,2.079
2026-07-19T14:00:23+00:00,station2,latency_ms,5.399
2026-07-19T14:00:38+00:00,station2,latency_ms,4.649
2026-07-19T14:00:53+00:00,station2,latency_ms,5.328
2026-07-19T14:01:08+00:00,station2,latency_ms,5.003
2026-07-19T14:01:23+00:00,station2,latency_ms,3.44
2026-07-19T14:01:38+00:00,station2,latency_ms,4.741
2026-07-19T14:01:53+00:00,station2,latency_ms,7.138
2026-07-19T14:02:08+00:00,station2,latency_ms,7.652
2026-07-19T14:02:23+00:00,station2,latency_ms,8.331
2026-07-19T14:02:38+00:00,station2,latency_ms,7.41
2026-07-19T14:02:53+00:00,station2,latency_ms,8.969
2026-07-19T14:03:08+00:00,station2,latency_ms,10.613
2026-07-19T14:03:23+00:00,station2,latency_ms,9.944
2026-07-19T14:03:38+00:00,station2,latency_ms,9.694
2026-07-19T14:03:53+00:00,station2,latency_ms,10.437
2026-07-19T14:04:08+00:00,station2,latency_ms,11.419
2026-07-19T14:04:23+00:00,station2,latency_ms,12.634
2026-07-19T14:04:38+00:00,station2,latency_ms,11.629
2026-07-19T14:04:53+00:00,station2,latency_ms,13.993
2026-07-19T14:05:08+00:00,station2,latency_ms,12.679
2026-07-19T14:05:23+00:00,station2,latency_ms,15.049
2026-07-19T14:05:38+00:00,station2,latency_ms,14.706
2026-07-19T14:05:53+00:00,station2,latency_ms,15.678
2026-07-19T14:06:08+00:00,station2,latency_ms,13.859
2026-07-19T14:06:23+00:00,station2,latency_ms,13.535
2026-07-19T14:06:38+00:00,station2,latency_ms,12.268
2026-07-19T14:06:53+00:00,station2,latency_ms,11.062
2026-07-19T14:07:08+00:00,station2,latency_ms,12.479
2026-07-19T14:07:23+00:00,station2,latency_ms,10.78
2026-07-19T14:07:38+00:00,station2,latency_ms,14.73
2026-07-19T14:07:53+00:00,station2,latency_ms,12.646
2026-07-19T14:08:08+00:00,station2,latency_ms,12.411
2026-07-19T14:08:23+00:00,station2,latency_ms,11.875
2026-07-19T14:08:38+00:00,station2,latency_ms,14.06
2026-07-19T14:08:53+00:00,station2,latency_ms,11.632
2026-07-19T14:09:08+00:00,station2,latency_ms,12.539
2026-07-19T14:09:23+00:00,station2,latency_ms,11.527
2026-07-19T14:09:38+00:00,station2,latency_ms,15.293
2026-07-19T14:09:53+00:00,station2,latency_ms,14.536
2026-07-19T14:10:08+00:00,station2,latency_ms,12.892
2026-07-19T14:10:23+00:00,station2,latency_ms,13.778
2026-07-19T14:10:38+00:00,station2,latency_ms,11.265
2026-07-19T14:10:53+00:00,station2,latency_ms,13.479
2026-07-19T14:11:08+00:00,station2,latency_ms,11.765
2026-07-19T14:11:23+00:00,station2,latency_ms,15.538
2026-07-19T14:11:38+00:00,station2,latency_ms,15.465
2026-07-19T14:11:53+00:00,station2,latency_ms,15.463
2026-07-19T14:12:08+00:00,station2,latency_ms,12.506
2026-07-19T14:12:23+00:00,station2,latency_ms,11.69
2026-07-19T14:12:38+00:00,station2,latency_ms,13.803
2026-07-19T14:12:53+00:00,station2,latency_ms,13.804
2026-07-19T14:13:08+00:00,station2,latency_ms,15.458
2026-07-19T14:13:23+00:00,station2,latency_ms,14.668
2026-07-19T14:13:38+00:00,station2,latency_ms,4.216
2026-07-19T14:13:53+00:00,station2,latency_ms,1.034
2026-07-19T14:14:08+00:00,station2,latency_ms,1.375
2026-07-19T14:14:23+00:00,station2,latency_ms,1.257
2026-07-19T14:14:38+00:00,station2,latency_ms,1.07
2026-07-19T14:14:53+00:00,station2,latency_ms,0.216
2026-07-19T14:15:08+00:00,station2,latency_ms,0.983
2026-07-19T14:15:23+00:00,station2,latency_ms,1.22
2026-07-19T14:15:38+00:00,station2,latency_ms,2.073
2026-07-19T14:15:53+00:00,station2,latency_ms,1.242
2026-07-19T14:16:08+00:00,station2,latency_ms,0.213
2026-07-19T12:05:23+00:00,station3,latency_ms,0.795
2026-07-19T12:05:38+00:00,station3,latency_ms,0.91
2026-07-19T12:05:53+00:00,station3,latency_ms,0.693
2026-07-19T12:06:08+00:00,station3,latency_ms,0.918
2026-07-19T12:06:23+00:00,station3,latency_ms,0.72
2026-07-19T12:06:38+00:00,station3,latency_ms,0.679
2026-07-19T12:06:53+00:00,station3,latency_ms,0.257
2026-07-19T12:07:08+00:00,station3,latency_ms,1.061
2026-07-19T12:07:23+00:00,station3,latency_ms,0.739
2026-07-19T12:07:38+00:00,station3,latency_ms,0.995
2026-07-19T12:07:53+00:00,station3,latency_ms,0.78
2026-07-19T12:08:08+00:00,station3,latency_ms,0.245
2026-07-19T12:08:23+00:00,station3,latency_ms,0.816
2026-07-19T12:08:38+00:00,station3,latency_ms,0.674
2026-07-19T12:08:53+00:00,station3,latency_ms,0.672
2026-07-19T12:09:08+00:00,station3,latency_ms,1.13
2026-07-19T12:09:23+00:00,station3,latency_ms,0.293
2026-07-19T12:09:38+00:00,station3,latency_ms,1.735
2026-07-19T12:09:53+00:00,station3,latency_ms,2.503
2026-07-19T12:10:08+00:00,station3,latency_ms,1.89
2026-07-19T12:10:23+00:00,station3,latency_ms,2.275
2026-07-19T12:10:38+00:00,station3,latency_ms,0.233
2026-07-19T12:10:53+00:00,station3,latency_ms,3.46
2026-07-19T12:11:08+00:00,station3,latency_ms,49.141
2026-07-19T12:11:23+00:00,station3,latency_ms,204.93
2026-07-19T12:11:38+00:00,station3,latency_ms,229.881
2026-07-19T12:11:53+00:00,station3,latency_ms,146.643
2026-07-19T12:12:08+00:00,station3,latency_ms,159.545
2026-07-19T12:12:23+00:00,station3,latency_ms,236.261
2026-07-19T12:12:38+00:00,station3,latency_ms,335.779
2026-07-19T12:12:53+00:00,station3,latency_ms,0.258
2026-07-19T12:13:08+00:00,station3,latency_ms,197.246
2026-07-19T12:13:23+00:00,station3,latency_ms,262.364
2026-07-19T12:13:38+00:00,station3,latency_ms,304.832
2026-07-19T12:13:53+00:00,station3,latency_ms,334.06
2026-07-19T12:14:08+00:00,station3,latency_ms,0.229
2026-07-19T12:14:23+00:00,station3,latency_ms,265.959
2026-07-19T12:14:38+00:00,station3,latency_ms,273.064
2026-07-19T12:14:53+00:00,station3,latency_ms,296.906
2026-07-19T12:15:08+00:00,station3,latency_ms,298.442
2026-07-19T12:15:23+00:00,station3,latency_ms,0.275
2026-07-19T12:15:38+00:00,station3,latency_ms,266.872
2026-07-19T12:15:53+00:00,station3,latency_ms,338.741
2026-07-19T12:16:08+00:00,station3,latency_ms,350.907
2026-07-19T12:16:23+00:00,station3,latency_ms,343.822
2026-07-19T12:16:38+00:00,station3,latency_ms,0.232
2026-07-19T12:16:53+00:00,station3,latency_ms,267.45
2026-07-19T12:17:08+00:00,station3,latency_ms,354.907
2026-07-19T12:17:23+00:00,station3,latency_ms,345.23
2026-07-19T12:17:38+00:00,station3,latency_ms,395.532
2026-07-19T12:17:53+00:00,station3,latency_ms,213.824
2026-07-19T12:18:08+00:00,station3,latency_ms,315.241
2026-07-19T12:18:23+00:00,station3,latency_ms,362.795
2026-07-19T12:18:38+00:00,station3,latency_ms,374.695
2026-07-19T12:18:53+00:00,station3,latency_ms,0.27
2026-07-19T12:19:08+00:00,station3,latency_ms,107.603
2026-07-19T12:19:23+00:00,station3,latency_ms,393.805
2026-07-19T12:19:38+00:00,station3,latency_ms,354.439
2026-07-19T12:19:53+00:00,station3,latency_ms,375.636
2026-07-19T12:20:08+00:00,station3,latency_ms,129.508
2026-07-19T12:20:23+00:00,station3,latency_ms,366.362
2026-07-19T12:20:38+00:00,station3,latency_ms,373.805
2026-07-19T12:20:53+00:00,station3,latency_ms,374.571
2026-07-19T12:21:08+00:00,station3,latency_ms,369.277
2026-07-19T12:21:23+00:00,station3,latency_ms,0.333
2026-07-19T12:21:38+00:00,station3,latency_ms,365.772
2026-07-19T12:21:53+00:00,station3,latency_ms,352.895
2026-07-19T12:22:08+00:00,station3,latency_ms,394.767
2026-07-19T12:22:23+00:00,station3,latency_ms,405.609
2026-07-19T12:22:38+00:00,station3,latency_ms,0.269
2026-07-19T12:22:53+00:00,station3,latency_ms,367.096
2026-07-19T12:23:08+00:00,station3,latency_ms,371.234
2026-07-19T12:23:23+00:00,station3,latency_ms,357.776
2026-07-19T12:23:38+00:00,station3,latency_ms,372.753
2026-07-19T12:23:53+00:00,station3,latency_ms,283.979
2026-07-19T12:24:08+00:00,station3,latency_ms,333.032
2026-07-19T12:24:23+00:00,station3,latency_ms,368.628
2026-07-19T12:24:38+00:00,station3,latency_ms,355.85
2026-07-19T12:24:53+00:00,station3,latency_ms,0.269
2026-07-19T12:25:08+00:00,station3,latency_ms,258.38
2026-07-19T12:25:23+00:00,station3,latency_ms,359.721
2026-07-19T12:25:38+00:00,station3,latency_ms,369.948
2026-07-19T12:25:53+00:00,station3,latency_ms,352.965
2026-07-19T12:26:08+00:00,station3,latency_ms,0.282
2026-07-19T12:26:23+00:00,station3,latency_ms,349.57
2026-07-19T12:26:38+00:00,station3,latency_ms,370.208
2026-07-19T12:26:53+00:00,station3,latency_ms,408.528
2026-07-19T12:27:08+00:00,station3,latency_ms,381.756
2026-07-19T12:27:23+00:00,station3,latency_ms,47.591
2026-07-19T12:27:38+00:00,station3,latency_ms,117.103
2026-07-19T12:27:53+00:00,station3,latency_ms,2.279
2026-07-19T12:28:08+00:00,station3,latency_ms,2.228
2026-07-19T12:28:23+00:00,station3,latency_ms,1.263
2026-07-19T12:28:38+00:00,station3,latency_ms,0.233
2026-07-19T12:28:53+00:00,station3,latency_ms,2.274
2026-07-19T12:29:08+00:00,station3,latency_ms,1.771
2026-07-19T12:29:23+00:00,station3,latency_ms,2.003
2026-07-19T12:29:38+00:00,station3,latency_ms,2.312
2026-07-19T12:29:53+00:00,station3,latency_ms,0.213
2026-07-19T12:30:08+00:00,station3,latency_ms,2.069
2026-07-19T12:30:23+00:00,station3,latency_ms,2.383
2026-07-19T12:30:38+00:00,station3,latency_ms,2.02
2026-07-19T12:30:53+00:00,station3,latency_ms,2.868
2026-07-19T12:31:08+00:00,station3,latency_ms,0.221
2026-07-19T12:31:23+00:00,station3,latency_ms,0.811
2026-07-19T12:31:38+00:00,station3,latency_ms,0.653
2026-07-19T12:31:53+00:00,station3,latency_ms,0.861
2026-07-19T12:32:08+00:00,station3,latency_ms,0.864
2026-07-19T12:32:23+00:00,station3,latency_ms,0.264
2026-07-19T12:32:38+00:00,station3,latency_ms,0.257
2026-07-19T12:32:53+00:00,station3,latency_ms,2137.766
2026-07-19T12:33:08+00:00,station3,latency_ms,2137.766
2026-07-19T12:33:23+00:00,station3,latency_ms,2137.766
2026-07-19T12:33:38+00:00,station3,latency_ms,1896.394
2026-07-19T12:33:53+00:00,station3,latency_ms,0.253
2026-07-19T12:34:08+00:00,station3,latency_ms,0.89
2026-07-19T12:34:23+00:00,station3,latency_ms,0.666
2026-07-19T12:34:38+00:00,station3,latency_ms,0.947
2026-07-19T12:34:53+00:00,station3,latency_ms,0.788
2026-07-19T12:35:08+00:00,station3,latency_ms,0.267
2026-07-19T12:35:23+00:00,station3,latency_ms,0.796
2026-07-19T12:35:38+00:00,station3,latency_ms,0.914
2026-07-19T12:35:53+00:00,station3,latency_ms,0.682
2026-07-19T12:36:08+00:00,station3,latency_ms,0.997
2026-07-19T12:36:23+00:00,station3,latency_ms,1.762
2026-07-19T12:36:38+00:00,station3,latency_ms,2.233
2026-07-19T12:36:53+00:00,station3,latency_ms,45.013
2026-07-19T12:37:08+00:00,station3,latency_ms,83.255
2026-07-19T12:37:23+00:00,station3,latency_ms,0.271
2026-07-19T12:37:38+00:00,station3,latency_ms,143.355
2026-07-19T12:37:53+00:00,station3,latency_ms,183.995
2026-07-19T12:38:08+00:00,station3,latency_ms,195.366
2026-07-19T12:38:23+00:00,station3,latency_ms,260.474
2026-07-19T12:38:38+00:00,station3,latency_ms,0.226
2026-07-19T12:38:53+00:00,station3,latency_ms,141.842
2026-07-19T12:39:08+00:00,station3,latency_ms,142.96
2026-07-19T12:39:23+00:00,station3,latency_ms,239.774
2026-07-19T12:39:38+00:00,station3,latency_ms,275.625
2026-07-19T12:39:53+00:00,station3,latency_ms,0.271
2026-07-19T12:40:08+00:00,station3,latency_ms,173.514
2026-07-19T12:40:23+00:00,station3,latency_ms,225.381
2026-07-19T12:40:38+00:00,station3,latency_ms,243.61
2026-07-19T12:40:53+00:00,station3,latency_ms,281.43
2026-07-19T12:41:08+00:00,station3,latency_ms,0.255
2026-07-19T12:41:23+00:00,station3,latency_ms,208.224
2026-07-19T12:41:38+00:00,station3,latency_ms,314.251
2026-07-19T12:41:53+00:00,station3,latency_ms,353.989
2026-07-19T12:42:08+00:00,station3,latency_ms,356.48
2026-07-19T12:42:23+00:00,station3,latency_ms,0.279
2026-07-19T12:42:38+00:00,station3,latency_ms,76.15
2026-07-19T12:42:53+00:00,station3,latency_ms,274.249
2026-07-19T12:43:08+00:00,station3,latency_ms,300.647
2026-07-19T12:43:23+00:00,station3,latency_ms,349.71
2026-07-19T12:43:38+00:00,station3,latency_ms,0.273
2026-07-19T12:43:53+00:00,station3,latency_ms,242.016
2026-07-19T12:44:08+00:00,station3,latency_ms,340.281
2026-07-19T12:44:23+00:00,station3,latency_ms,363.938
2026-07-19T12:44:38+00:00,station3,latency_ms,361.796
2026-07-19T12:44:53+00:00,station3,latency_ms,12.349
2026-07-19T12:45:08+00:00,station3,latency_ms,341.05
2026-07-19T12:45:23+00:00,station3,latency_ms,368.068
2026-07-19T12:45:38+00:00,station3,latency_ms,390.947
2026-07-19T12:45:53+00:00,station3,latency_ms,312.36
2026-07-19T12:46:08+00:00,station3,latency_ms,0.292
2026-07-19T12:46:23+00:00,station3,latency_ms,334.547
2026-07-19T12:46:38+00:00,station3,latency_ms,363.787
2026-07-19T12:46:53+00:00,station3,latency_ms,336.763
2026-07-19T12:47:08+00:00,station3,latency_ms,355.885
2026-07-19T12:47:23+00:00,station3,latency_ms,348.056
2026-07-19T12:47:38+00:00,station3,latency_ms,345.427
2026-07-19T12:47:53+00:00,station3,latency_ms,332.585
2026-07-19T12:48:08+00:00,station3,latency_ms,389.623
2026-07-19T12:48:23+00:00,station3,latency_ms,0.327
2026-07-19T12:48:38+00:00,station3,latency_ms,269.524
2026-07-19T12:48:53+00:00,station3,latency_ms,362.357
2026-07-19T12:49:08+00:00,station3,latency_ms,448.399
2026-07-19T12:49:23+00:00,station3,latency_ms,350.901
2026-07-19T12:49:38+00:00,station3,latency_ms,0.245
2026-07-19T12:49:53+00:00,station3,latency_ms,363.453
2026-07-19T12:50:08+00:00,station3,latency_ms,405.233
2026-07-19T12:50:23+00:00,station3,latency_ms,382.241
2026-07-19T12:50:38+00:00,station3,latency_ms,371.235
2026-07-19T12:50:53+00:00,station3,latency_ms,226.409
2026-07-19T12:51:08+00:00,station3,latency_ms,374.646
2026-07-19T12:51:23+00:00,station3,latency_ms,392.957
2026-07-19T12:51:38+00:00,station3,latency_ms,249.803
2026-07-19T12:51:53+00:00,station3,latency_ms,0.274
2026-07-19T12:52:08+00:00,station3,latency_ms,79.98
2026-07-19T12:52:23+00:00,station3,latency_ms,421.837
2026-07-19T12:52:38+00:00,station3,latency_ms,389.394
2026-07-19T12:52:53+00:00,station3,latency_ms,0.903
2026-07-19T12:53:08+00:00,station3,latency_ms,0.401
2026-07-19T12:53:23+00:00,station3,latency_ms,1.024
2026-07-19T12:53:38+00:00,station3,latency_ms,0.777
2026-07-19T12:53:53+00:00,station3,latency_ms,0.685
2026-07-19T12:54:08+00:00,station3,latency_ms,0.701
2026-07-19T12:54:23+00:00,station3,latency_ms,0.237
2026-07-19T12:54:38+00:00,station3,latency_ms,3508.244
2026-07-19T12:54:53+00:00,station3,latency_ms,3508.244
2026-07-19T12:55:08+00:00,station3,latency_ms,3508.244
2026-07-19T12:55:23+00:00,station3,latency_ms,420.859
2026-07-19T12:55:38+00:00,station3,latency_ms,0.256
2026-07-19T12:55:53+00:00,station3,latency_ms,0.858
2026-07-19T12:56:08+00:00,station3,latency_ms,0.713
2026-07-19T12:56:23+00:00,station3,latency_ms,0.679
2026-07-19T12:56:38+00:00,station3,latency_ms,0.771
2026-07-19T12:56:53+00:00,station3,latency_ms,0.86
2026-07-19T12:57:08+00:00,station3,latency_ms,0.909
2026-07-19T12:57:23+00:00,station3,latency_ms,0.686
2026-07-19T12:57:38+00:00,station3,latency_ms,0.746
2026-07-19T12:57:53+00:00,station3,latency_ms,0.256
2026-07-19T12:58:08+00:00,station3,latency_ms,0.711
2026-07-19T12:58:23+00:00,station3,latency_ms,1.044
2026-07-19T12:58:38+00:00,station3,latency_ms,0.807
2026-07-19T12:58:53+00:00,station3,latency_ms,0.805
2026-07-19T12:59:08+00:00,station3,latency_ms,0.257
2026-07-19T12:59:23+00:00,station3,latency_ms,3.398
2026-07-19T12:59:38+00:00,station3,latency_ms,12.155
2026-07-19T12:59:53+00:00,station3,latency_ms,11.771
2026-07-19T13:00:08+00:00,station3,latency_ms,11.978
2026-07-19T13:00:23+00:00,station3,latency_ms,11.827
2026-07-19T13:00:38+00:00,station3,latency_ms,10.162
2026-07-19T13:00:53+00:00,station3,latency_ms,9.034
2026-07-19T13:01:08+00:00,station3,latency_ms,9.227
2026-07-19T13:01:23+00:00,station3,latency_ms,10.505
2026-07-19T13:01:38+00:00,station3,latency_ms,23.484
2026-07-19T13:01:53+00:00,station3,latency_ms,24.355
2026-07-19T13:02:08+00:00,station3,latency_ms,24.981
2026-07-19T13:02:23+00:00,station3,latency_ms,18.868
2026-07-19T13:02:38+00:00,station3,latency_ms,21.998
2026-07-19T13:02:53+00:00,station3,latency_ms,22.221
2026-07-19T13:03:08+00:00,station3,latency_ms,26.956
2026-07-19T13:03:23+00:00,station3,latency_ms,21.773
2026-07-19T13:03:38+00:00,station3,latency_ms,23.802
2026-07-19T13:03:53+00:00,station3,latency_ms,29.566
2026-07-19T13:04:08+00:00,station3,latency_ms,24.902
2026-07-19T13:04:23+00:00,station3,latency_ms,34.912
2026-07-19T13:04:38+00:00,station3,latency_ms,27.07
2026-07-19T13:04:53+00:00,station3,latency_ms,38.484
2026-07-19T13:05:08+00:00,station3,latency_ms,34.538
2026-07-19T13:05:23+00:00,station3,latency_ms,29.166
2026-07-19T13:05:38+00:00,station3,latency_ms,32.538
2026-07-19T13:05:53+00:00,station3,latency_ms,46.406
2026-07-19T13:06:08+00:00,station3,latency_ms,40.734
2026-07-19T13:06:23+00:00,station3,latency_ms,45.608
2026-07-19T13:06:38+00:00,station3,latency_ms,40.152
2026-07-19T13:06:53+00:00,station3,latency_ms,50.641
2026-07-19T13:07:08+00:00,station3,latency_ms,33.664
2026-07-19T13:07:23+00:00,station3,latency_ms,42.916
2026-07-19T13:07:38+00:00,station3,latency_ms,43.158
2026-07-19T13:07:53+00:00,station3,latency_ms,45.706
2026-07-19T13:08:08+00:00,station3,latency_ms,47.153
2026-07-19T13:08:23+00:00,station3,latency_ms,42.577
2026-07-19T13:08:38+00:00,station3,latency_ms,48.895
2026-07-19T13:08:53+00:00,station3,latency_ms,45.296
2026-07-19T13:09:08+00:00,station3,latency_ms,53.5
2026-07-19T13:09:23+00:00,station3,latency_ms,49.713
2026-07-19T13:09:38+00:00,station3,latency_ms,48.629
2026-07-19T13:09:53+00:00,station3,latency_ms,41.979
2026-07-19T13:10:08+00:00,station3,latency_ms,49.721
2026-07-19T13:10:23+00:00,station3,latency_ms,53.421
2026-07-19T13:10:38+00:00,station3,latency_ms,35.624
2026-07-19T13:10:53+00:00,station3,latency_ms,56.542
2026-07-19T13:11:08+00:00,station3,latency_ms,44.71
2026-07-19T13:11:23+00:00,station3,latency_ms,44.178
2026-07-19T13:11:38+00:00,station3,latency_ms,47.563
2026-07-19T13:11:53+00:00,station3,latency_ms,55.094
2026-07-19T13:12:08+00:00,station3,latency_ms,52.167
2026-07-19T13:12:23+00:00,station3,latency_ms,41.9
2026-07-19T13:12:38+00:00,station3,latency_ms,47.796
2026-07-19T13:12:53+00:00,station3,latency_ms,50.102
2026-07-19T13:13:08+00:00,station3,latency_ms,39.149
2026-07-19T13:13:23+00:00,station3,latency_ms,48.935
2026-07-19T13:13:38+00:00,station3,latency_ms,42.425
2026-07-19T13:13:53+00:00,station3,latency_ms,48.215
2026-07-19T13:14:08+00:00,station3,latency_ms,42.327
2026-07-19T13:14:23+00:00,station3,latency_ms,59.442
2026-07-19T13:14:38+00:00,station3,latency_ms,40.201
2026-07-19T13:14:53+00:00,station3,latency_ms,0.638
2026-07-19T13:15:08+00:00,station3,latency_ms,0.313
2026-07-19T13:15:23+00:00,station3,latency_ms,5773.943
2026-07-19T13:15:38+00:00,station3,latency_ms,5773.943
2026-07-19T13:15:53+00:00,station3,latency_ms,1.197
2026-07-19T13:16:08+00:00,station3,latency_ms,2957.455
2026-07-19T13:16:23+00:00,station3,latency_ms,0.286
2026-07-19T13:16:38+00:00,station3,latency_ms,0.561
2026-07-19T13:16:53+00:00,station3,latency_ms,0.702
2026-07-19T13:17:08+00:00,station3,latency_ms,0.913
2026-07-19T13:17:23+00:00,station3,latency_ms,0.767
2026-07-19T13:17:38+00:00,station3,latency_ms,0.427
2026-07-19T13:17:53+00:00,station3,latency_ms,0.605
2026-07-19T13:18:08+00:00,station3,latency_ms,1.015
2026-07-19T13:18:23+00:00,station3,latency_ms,0.733
2026-07-19T13:18:38+00:00,station3,latency_ms,0.753
2026-07-19T13:18:53+00:00,station3,latency_ms,0.655
2026-07-19T13:19:08+00:00,station3,latency_ms,0.747
2026-07-19T13:19:23+00:00,station3,latency_ms,0.646
2026-07-19T13:19:38+00:00,station3,latency_ms,0.715
2026-07-19T13:19:53+00:00,station3,latency_ms,0.256
2026-07-19T13:20:08+00:00,station3,latency_ms,0.895
2026-07-19T13:20:23+00:00,station3,latency_ms,0.674
2026-07-19T13:20:38+00:00,station3,latency_ms,0.925
2026-07-19T13:20:53+00:00,station3,latency_ms,0.787
2026-07-19T13:21:08+00:00,station3,latency_ms,0.254
2026-07-19T13:21:23+00:00,station3,latency_ms,4296.441
2026-07-19T13:21:38+00:00,station3,latency_ms,2965.016
2026-07-19T13:21:53+00:00,station3,latency_ms,820.167
2026-07-19T13:22:08+00:00,station3,latency_ms,4612.268
2026-07-19T13:22:23+00:00,station3,latency_ms,0.282
2026-07-19T13:22:38+00:00,station3,latency_ms,0.833
2026-07-19T13:22:53+00:00,station3,latency_ms,0.828
2026-07-19T13:23:08+00:00,station3,latency_ms,7.187
2026-07-19T13:23:23+00:00,station3,latency_ms,8.372
2026-07-19T13:23:38+00:00,station3,latency_ms,7.823
2026-07-19T13:23:53+00:00,station3,latency_ms,8.105
2026-07-19T13:24:08+00:00,station3,latency_ms,9.573
2026-07-19T13:24:23+00:00,station3,latency_ms,7.836
2026-07-19T13:24:38+00:00,station3,latency_ms,7.56
2026-07-19T13:24:53+00:00,station3,latency_ms,9.643
2026-07-19T13:25:08+00:00,station3,latency_ms,12.092
2026-07-19T13:25:23+00:00,station3,latency_ms,15.767
2026-07-19T13:25:38+00:00,station3,latency_ms,17.005
2026-07-19T13:25:53+00:00,station3,latency_ms,13.987
2026-07-19T13:26:08+00:00,station3,latency_ms,14.985
2026-07-19T13:26:23+00:00,station3,latency_ms,18.165
2026-07-19T13:26:38+00:00,station3,latency_ms,18.495
2026-07-19T13:26:53+00:00,station3,latency_ms,15.843
2026-07-19T13:27:08+00:00,station3,latency_ms,19.452
2026-07-19T13:27:23+00:00,station3,latency_ms,23.632
2026-07-19T13:27:38+00:00,station3,latency_ms,24.689
2026-07-19T13:27:53+00:00,station3,latency_ms,25.887
2026-07-19T13:28:08+00:00,station3,latency_ms,28.052
2026-07-19T13:28:23+00:00,station3,latency_ms,25.154
2026-07-19T13:28:38+00:00,station3,latency_ms,29.096
2026-07-19T13:28:53+00:00,station3,latency_ms,30.023
2026-07-19T13:29:08+00:00,station3,latency_ms,24.089
2026-07-19T13:29:23+00:00,station3,latency_ms,34.885
2026-07-19T13:29:38+00:00,station3,latency_ms,30.361
2026-07-19T13:29:53+00:00,station3,latency_ms,35.546
2026-07-19T13:30:08+00:00,station3,latency_ms,37.656
2026-07-19T13:30:23+00:00,station3,latency_ms,36.002
2026-07-19T13:30:38+00:00,station3,latency_ms,34.453
2026-07-19T13:30:53+00:00,station3,latency_ms,38.981
2026-07-19T13:31:08+00:00,station3,latency_ms,35.168
2026-07-19T13:31:23+00:00,station3,latency_ms,33.003
2026-07-19T13:31:38+00:00,station3,latency_ms,36.614
2026-07-19T13:31:53+00:00,station3,latency_ms,36.949
2026-07-19T13:32:08+00:00,station3,latency_ms,34.494
2026-07-19T13:32:23+00:00,station3,latency_ms,37.017
2026-07-19T13:32:38+00:00,station3,latency_ms,32.81
2026-07-19T13:32:53+00:00,station3,latency_ms,31.015
2026-07-19T13:33:08+00:00,station3,latency_ms,33.342
2026-07-19T13:33:23+00:00,station3,latency_ms,36.078
2026-07-19T13:33:38+00:00,station3,latency_ms,38.536
2026-07-19T13:33:53+00:00,station3,latency_ms,37.896
2026-07-19T13:34:08+00:00,station3,latency_ms,29.721
2026-07-19T13:34:23+00:00,station3,latency_ms,0.834
2026-07-19T13:34:38+00:00,station3,latency_ms,0.262
2026-07-19T13:34:53+00:00,station3,latency_ms,2.481
2026-07-19T13:35:08+00:00,station3,latency_ms,2.245
2026-07-19T13:35:23+00:00,station3,latency_ms,2.196
2026-07-19T13:35:38+00:00,station3,latency_ms,2.371
2026-07-19T13:35:53+00:00,station3,latency_ms,0.237
2026-07-19T13:36:08+00:00,station3,latency_ms,0.301
2026-07-19T13:36:23+00:00,station3,latency_ms,1.523
2026-07-19T13:36:38+00:00,station3,latency_ms,0.738
2026-07-19T13:36:53+00:00,station3,latency_ms,0.969
2026-07-19T13:37:08+00:00,station3,latency_ms,0.685
2026-07-19T13:37:23+00:00,station3,latency_ms,2167.444
2026-07-19T13:37:38+00:00,station3,latency_ms,4489.689
2026-07-19T13:37:53+00:00,station3,latency_ms,335.995
2026-07-19T13:38:08+00:00,station3,latency_ms,4330.706
2026-07-19T13:38:23+00:00,station3,latency_ms,0.725
2026-07-19T13:38:38+00:00,station3,latency_ms,0.274
2026-07-19T13:38:53+00:00,station3,latency_ms,0.859
2026-07-19T13:39:08+00:00,station3,latency_ms,0.754
2026-07-19T13:39:23+00:00,station3,latency_ms,0.792
2026-07-19T13:39:38+00:00,station3,latency_ms,0.715
2026-07-19T13:39:53+00:00,station3,latency_ms,0.85
2026-07-19T13:40:08+00:00,station3,latency_ms,0.849
2026-07-19T13:40:23+00:00,station3,latency_ms,0.773
2026-07-19T13:40:38+00:00,station3,latency_ms,0.62
2026-07-19T13:40:53+00:00,station3,latency_ms,0.234
2026-07-19T13:41:08+00:00,station3,latency_ms,0.684
2026-07-19T13:41:23+00:00,station3,latency_ms,0.693
2026-07-19T13:41:38+00:00,station3,latency_ms,0.984
2026-07-19T13:41:53+00:00,station3,latency_ms,1.037
2026-07-19T13:42:08+00:00,station3,latency_ms,0.295
2026-07-19T13:42:23+00:00,station3,latency_ms,0.835
2026-07-19T13:42:38+00:00,station3,latency_ms,0.798
2026-07-19T13:42:53+00:00,station3,latency_ms,0.623
2026-07-19T13:43:08+00:00,station3,latency_ms,0.682
2026-07-19T13:43:23+00:00,station3,latency_ms,0.292
2026-07-19T13:43:38+00:00,station3,latency_ms,0.851
2026-07-19T13:43:53+00:00,station3,latency_ms,0.669
2026-07-19T13:44:08+00:00,station3,latency_ms,0.536
2026-07-19T13:44:23+00:00,station3,latency_ms,0.929
2026-07-19T13:44:38+00:00,station3,latency_ms,0.314
2026-07-19T13:44:53+00:00,station3,latency_ms,0.718
2026-07-19T13:45:08+00:00,station3,latency_ms,0.833
2026-07-19T13:45:23+00:00,station3,latency_ms,0.771
2026-07-19T13:45:38+00:00,station3,latency_ms,0.947
2026-07-19T13:45:53+00:00,station3,latency_ms,0.711
2026-07-19T13:46:08+00:00,station3,latency_ms,0.782
2026-07-19T13:46:23+00:00,station3,latency_ms,0.754
2026-07-19T13:46:38+00:00,station3,latency_ms,1.167
2026-07-19T13:46:53+00:00,station3,latency_ms,0.264
2026-07-19T13:47:08+00:00,station3,latency_ms,0.712
2026-07-19T13:47:23+00:00,station3,latency_ms,0.93
2026-07-19T13:47:38+00:00,station3,latency_ms,0.817
2026-07-19T13:47:53+00:00,station3,latency_ms,0.819
2026-07-19T13:48:08+00:00,station3,latency_ms,0.271
2026-07-19T13:48:23+00:00,station3,latency_ms,1.162
2026-07-19T13:48:38+00:00,station3,latency_ms,0.661
2026-07-19T13:48:53+00:00,station3,latency_ms,0.793
2026-07-19T13:49:08+00:00,station3,latency_ms,0.745
2026-07-19T13:49:23+00:00,station3,latency_ms,0.878
2026-07-19T13:49:38+00:00,station3,latency_ms,0.761
2026-07-19T13:49:53+00:00,station3,latency_ms,0.693
2026-07-19T13:50:08+00:00,station3,latency_ms,0.8
2026-07-19T13:50:23+00:00,station3,latency_ms,0.257
2026-07-19T13:50:38+00:00,station3,latency_ms,0.662
2026-07-19T13:50:53+00:00,station3,latency_ms,0.916
2026-07-19T13:51:08+00:00,station3,latency_ms,0.598
2026-07-19T13:51:23+00:00,station3,latency_ms,0.661
2026-07-19T13:51:38+00:00,station3,latency_ms,0.277
2026-07-19T13:51:53+00:00,station3,latency_ms,1.406
2026-07-19T13:52:08+00:00,station3,latency_ms,1.835
2026-07-19T13:52:23+00:00,station3,latency_ms,1.714
2026-07-19T13:52:38+00:00,station3,latency_ms,1.33
2026-07-19T13:52:53+00:00,station3,latency_ms,0.207
2026-07-19T13:53:08+00:00,station3,latency_ms,0.776
2026-07-19T13:53:23+00:00,station3,latency_ms,0.72
2026-07-19T13:53:38+00:00,station3,latency_ms,0.843
2026-07-19T13:53:53+00:00,station3,latency_ms,0.795
2026-07-19T13:54:08+00:00,station3,latency_ms,0.301
2026-07-19T13:54:23+00:00,station3,latency_ms,0.758
2026-07-19T13:54:38+00:00,station3,latency_ms,0.771
2026-07-19T13:54:53+00:00,station3,latency_ms,0.976
2026-07-19T13:55:08+00:00,station3,latency_ms,0.818
2026-07-19T13:55:23+00:00,station3,latency_ms,0.841
2026-07-19T13:55:38+00:00,station3,latency_ms,0.691
2026-07-19T13:55:53+00:00,station3,latency_ms,0.613
2026-07-19T13:56:08+00:00,station3,latency_ms,0.753
2026-07-19T13:56:23+00:00,station3,latency_ms,0.324
2026-07-19T13:56:38+00:00,station3,latency_ms,0.714
2026-07-19T13:56:53+00:00,station3,latency_ms,1.077
2026-07-19T13:57:08+00:00,station3,latency_ms,0.774
2026-07-19T13:57:23+00:00,station3,latency_ms,0.814
2026-07-19T13:57:38+00:00,station3,latency_ms,0.302
2026-07-19T13:57:53+00:00,station3,latency_ms,3925.954
2026-07-19T13:58:08+00:00,station3,latency_ms,1134.598
2026-07-19T13:58:23+00:00,station3,latency_ms,4082.277
2026-07-19T13:58:38+00:00,station3,latency_ms,4082.277
2026-07-19T13:58:53+00:00,station3,latency_ms,0.255
2026-07-19T13:59:08+00:00,station3,latency_ms,1.868
2026-07-19T13:59:23+00:00,station3,latency_ms,1.46
2026-07-19T13:59:38+00:00,station3,latency_ms,1.834
2026-07-19T13:59:53+00:00,station3,latency_ms,1.823
2026-07-19T14:00:08+00:00,station3,latency_ms,0.21
2026-07-19T14:00:23+00:00,station3,latency_ms,1.844
2026-07-19T14:00:38+00:00,station3,latency_ms,1.577
2026-07-19T14:00:53+00:00,station3,latency_ms,1.287
2026-07-19T14:01:08+00:00,station3,latency_ms,1.914
2026-07-19T14:01:23+00:00,station3,latency_ms,0.245
2026-07-19T14:01:38+00:00,station3,latency_ms,0.751
2026-07-19T14:01:53+00:00,station3,latency_ms,0.78
2026-07-19T14:02:08+00:00,station3,latency_ms,0.813
2026-07-19T14:02:23+00:00,station3,latency_ms,0.92
2026-07-19T14:02:38+00:00,station3,latency_ms,0.254
2026-07-19T14:02:53+00:00,station3,latency_ms,4398.136
2026-07-19T14:03:08+00:00,station3,latency_ms,3514.869
2026-07-19T14:03:23+00:00,station3,latency_ms,0.821
2026-07-19T14:03:38+00:00,station3,latency_ms,1114.666
2026-07-19T14:03:53+00:00,station3,latency_ms,0.281
2026-07-19T14:04:08+00:00,station3,latency_ms,2.281
2026-07-19T14:04:23+00:00,station3,latency_ms,2.541
2026-07-19T14:04:38+00:00,station3,latency_ms,2.204
2026-07-19T14:04:53+00:00,station3,latency_ms,2.06
2026-07-19T14:05:08+00:00,station3,latency_ms,0.206
2026-07-19T14:05:23+00:00,station3,latency_ms,825.348
2026-07-19T14:05:38+00:00,station3,latency_ms,825.348
2026-07-19T14:05:53+00:00,station3,latency_ms,2130.881
2026-07-19T14:06:08+00:00,station3,latency_ms,2008.493
2026-07-19T14:06:23+00:00,station3,latency_ms,0.238
2026-07-19T14:06:38+00:00,station3,latency_ms,1.244
2026-07-19T14:06:53+00:00,station3,latency_ms,0.615
2026-07-19T14:07:08+00:00,station3,latency_ms,0.618
2026-07-19T14:07:23+00:00,station3,latency_ms,0.721
2026-07-19T14:07:38+00:00,station3,latency_ms,0.238
2026-07-19T14:07:53+00:00,station3,latency_ms,1.47
2026-07-19T14:08:08+00:00,station3,latency_ms,1.762
2026-07-19T14:08:23+00:00,station3,latency_ms,1.922
2026-07-19T14:08:38+00:00,station3,latency_ms,2.314
2026-07-19T14:08:53+00:00,station3,latency_ms,0.674
2026-07-19T14:09:08+00:00,station3,latency_ms,0.874
2026-07-19T14:09:23+00:00,station3,latency_ms,0.641
2026-07-19T14:09:38+00:00,station3,latency_ms,0.973
2026-07-19T14:09:53+00:00,station3,latency_ms,0.24
2026-07-19T14:10:08+00:00,station3,latency_ms,0.645
2026-07-19T14:10:23+00:00,station3,latency_ms,0.778
2026-07-19T14:10:38+00:00,station3,latency_ms,0.782
2026-07-19T14:10:53+00:00,station3,latency_ms,0.685
2026-07-19T14:11:08+00:00,station3,latency_ms,0.318
2026-07-19T14:11:23+00:00,station3,latency_ms,8.047
2026-07-19T14:11:38+00:00,station3,latency_ms,1950.645
2026-07-19T14:11:53+00:00,station3,latency_ms,1593.856
2026-07-19T14:12:08+00:00,station3,latency_ms,2152.816
2026-07-19T14:12:23+00:00,station3,latency_ms,0.28
2026-07-19T14:12:38+00:00,station3,latency_ms,0.282
2026-07-19T14:12:53+00:00,station3,latency_ms,4152.291
2026-07-19T14:13:08+00:00,station3,latency_ms,1764.947
2026-07-19T14:13:23+00:00,station3,latency_ms,437.702
2026-07-19T14:13:38+00:00,station3,latency_ms,0.226
2026-07-19T14:13:53+00:00,station3,latency_ms,0.774
2026-07-19T14:14:08+00:00,station3,latency_ms,0.748
2026-07-19T14:14:23+00:00,station3,latency_ms,0.688
2026-07-19T14:14:38+00:00,station3,latency_ms,0.863
2026-07-19T14:14:53+00:00,station3,latency_ms,0.308
2026-07-19T14:15:08+00:00,station3,latency_ms,0.678
2026-07-19T14:15:23+00:00,station3,latency_ms,1.172
2026-07-19T14:15:38+00:00,station3,latency_ms,1.154
2026-07-19T14:15:53+00:00,station3,latency_ms,0.653
2026-07-19T14:16:08+00:00,station3,latency_ms,0.224
2026-07-19T12:05:23+00:00,station1,drop_out_rate,0.0
2026-07-19T12:05:38+00:00,station1,drop_out_rate,0.0
2026-07-19T12:05:53+00:00,station1,drop_out_rate,0.0
2026-07-19T12:06:08+00:00,station1,drop_out_rate,0.0
2026-07-19T12:06:23+00:00,station1,drop_out_rate,0.0
2026-07-19T12:06:38+00:00,station1,drop_out_rate,0.0
2026-07-19T12:06:53+00:00,station1,drop_out_rate,0.0
2026-07-19T12:07:08+00:00,station1,drop_out_rate,0.0
2026-07-19T12:07:23+00:00,station1,drop_out_rate,0.0
2026-07-19T12:07:38+00:00,station1,drop_out_rate,0.0
2026-07-19T12:07:53+00:00,station1,drop_out_rate,0.0
2026-07-19T12:08:08+00:00,station1,drop_out_rate,0.0
2026-07-19T12:08:23+00:00,station1,drop_out_rate,0.0
2026-07-19T12:08:38+00:00,station1,drop_out_rate,0.0
2026-07-19T12:08:53+00:00,station1,drop_out_rate,0.0
2026-07-19T12:09:08+00:00,station1,drop_out_rate,0.0
2026-07-19T12:09:23+00:00,station1,drop_out_rate,0.0
2026-07-19T12:09:38+00:00,station1,drop_out_rate,0.0
2026-07-19T12:09:53+00:00,station1,drop_out_rate,0.0
2026-07-19T12:10:08+00:00,station1,drop_out_rate,0.0
2026-07-19T12:10:23+00:00,station1,drop_out_rate,0.0
2026-07-19T12:10:38+00:00,station1,drop_out_rate,0.0
2026-07-19T12:10:53+00:00,station1,drop_out_rate,0.0
2026-07-19T12:11:08+00:00,station1,drop_out_rate,0.0
2026-07-19T12:11:23+00:00,station1,drop_out_rate,0.0
2026-07-19T12:11:38+00:00,station1,drop_out_rate,0.0
2026-07-19T12:11:53+00:00,station1,drop_out_rate,0.0
2026-07-19T12:12:08+00:00,station1,drop_out_rate,0.0
2026-07-19T12:12:23+00:00,station1,drop_out_rate,0.0
2026-07-19T12:12:38+00:00,station1,drop_out_rate,0.0
2026-07-19T12:12:53+00:00,station1,drop_out_rate,0.0
2026-07-19T12:13:08+00:00,station1,drop_out_rate,0.0
2026-07-19T12:13:23+00:00,station1,drop_out_rate,0.0
2026-07-19T12:13:38+00:00,station1,drop_out_rate,0.0
2026-07-19T12:13:53+00:00,station1,drop_out_rate,0.0
2026-07-19T12:14:08+00:00,station1,drop_out_rate,0.0
2026-07-19T12:14:23+00:00,station1,drop_out_rate,0.0
2026-07-19T12:14:38+00:00,station1,drop_out_rate,0.0
2026-07-19T12:14:53+00:00,station1,drop_out_rate,0.0
2026-07-19T12:15:08+00:00,station1,drop_out_rate,0.0
2026-07-19T12:15:23+00:00,station1,drop_out_rate,0.0
2026-07-19T12:15:38+00:00,station1,drop_out_rate,0.0
2026-07-19T12:15:53+00:00,station1,drop_out_rate,0.0
2026-07-19T12:16:08+00:00,station1,drop_out_rate,0.0
2026-07-19T12:16:23+00:00,station1,drop_out_rate,0.0
2026-07-19T12:16:38+00:00,station1,drop_out_rate,0.0
2026-07-19T12:16:53+00:00,station1,drop_out_rate,0.0
2026-07-19T12:17:08+00:00,station1,drop_out_rate,0.0
2026-07-19T12:17:23+00:00,station1,drop_out_rate,0.0
2026-07-19T12:17:38+00:00,station1,drop_out_rate,0.0
2026-07-19T12:17:53+00:00,station1,drop_out_rate,0.0
2026-07-19T12:18:08+00:00,station1,drop_out_rate,0.0
2026-07-19T12:18:23+00:00,station1,drop_out_rate,0.0
2026-07-19T12:18:38+00:00,station1,drop_out_rate,0.0
2026-07-19T12:18:53+00:00,station1,drop_out_rate,0.0
2026-07-19T12:19:08+00:00,station1,drop_out_rate,0.0
2026-07-19T12:19:23+00:00,station1,drop_out_rate,0.0
2026-07-19T12:19:38+00:00,station1,drop_out_rate,0.0
2026-07-19T12:19:53+00:00,station1,drop_out_rate,0.0
2026-07-19T12:20:08+00:00,station1,drop_out_rate,0.0
2026-07-19T12:20:23+00:00,station1,drop_out_rate,0.0
2026-07-19T12:20:38+00:00,station1,drop_out_rate,0.0
2026-07-19T12:20:53+00:00,station1,drop_out_rate,0.0
2026-07-19T12:21:08+00:00,station1,drop_out_rate,0.0
2026-07-19T12:21:23+00:00,station1,drop_out_rate,0.0
2026-07-19T12:21:38+00:00,station1,drop_out_rate,0.0
2026-07-19T12:21:53+00:00,station1,drop_out_rate,0.0
2026-07-19T12:22:08+00:00,station1,drop_out_rate,0.0
2026-07-19T12:22:23+00:00,station1,drop_out_rate,0.0
2026-07-19T12:22:38+00:00,station1,drop_out_rate,0.0
2026-07-19T12:22:53+00:00,station1,drop_out_rate,0.0
2026-07-19T12:23:08+00:00,station1,drop_out_rate,0.0
2026-07-19T12:23:23+00:00,station1,drop_out_rate,0.0
2026-07-19T12:23:38+00:00,station1,drop_out_rate,0.0
2026-07-19T12:23:53+00:00,station1,drop_out_rate,0.0
2026-07-19T12:24:08+00:00,station1,drop_out_rate,0.0
2026-07-19T12:24:23+00:00,station1,drop_out_rate,0.0
2026-07-19T12:24:38+00:00,station1,drop_out_rate,0.0
2026-07-19T12:24:53+00:00,station1,drop_out_rate,0.0
2026-07-19T12:25:08+00:00,station1,drop_out_rate,0.0
2026-07-19T12:25:23+00:00,station1,drop_out_rate,0.0
2026-07-19T12:25:38+00:00,station1,drop_out_rate,0.0
2026-07-19T12:25:53+00:00,station1,drop_out_rate,0.0
2026-07-19T12:26:08+00:00,station1,drop_out_rate,0.0
2026-07-19T12:26:23+00:00,station1,drop_out_rate,0.0
2026-07-19T12:26:38+00:00,station1,drop_out_rate,0.0
2026-07-19T12:26:53+00:00,station1,drop_out_rate,0.0
2026-07-19T12:27:08+00:00,station1,drop_out_rate,0.0
2026-07-19T12:27:23+00:00,station1,drop_out_rate,0.0
2026-07-19T12:27:38+00:00,station1,drop_out_rate,0.0
2026-07-19T12:27:53+00:00,station1,drop_out_rate,0.0
2026-07-19T12:28:08+00:00,station1,drop_out_rate,0.0
2026-07-19T12:28:23+00:00,station1,drop_out_rate,0.0
2026-07-19T12:28:38+00:00,station1,drop_out_rate,0.0
2026-07-19T12:28:53+00:00,station1,drop_out_rate,0.0
2026-07-19T12:29:08+00:00,station1,drop_out_rate,0.0
2026-07-19T12:29:23+00:00,station1,drop_out_rate,0.0
2026-07-19T12:29:38+00:00,station1,drop_out_rate,0.0
2026-07-19T12:29:53+00:00,station1,drop_out_rate,0.0
2026-07-19T12:30:08+00:00,station1,drop_out_rate,0.0
2026-07-19T12:30:23+00:00,station1,drop_out_rate,0.0
2026-07-19T12:30:38+00:00,station1,drop_out_rate,0.0
2026-07-19T12:30:53+00:00,station1,drop_out_rate,0.0
2026-07-19T12:31:08+00:00,station1,drop_out_rate,0.0
2026-07-19T12:31:23+00:00,station1,drop_out_rate,0.0
2026-07-19T12:31:38+00:00,station1,drop_out_rate,0.0
2026-07-19T12:31:53+00:00,station1,drop_out_rate,0.0
2026-07-19T12:32:08+00:00,station1,drop_out_rate,0.0
2026-07-19T12:32:23+00:00,station1,drop_out_rate,0.0
2026-07-19T12:32:38+00:00,station1,drop_out_rate,0.0
2026-07-19T12:32:53+00:00,station1,drop_out_rate,0.0
2026-07-19T12:33:08+00:00,station1,drop_out_rate,0.0
2026-07-19T12:33:23+00:00,station1,drop_out_rate,0.0
2026-07-19T12:33:38+00:00,station1,drop_out_rate,0.0
2026-07-19T12:33:53+00:00,station1,drop_out_rate,0.0
2026-07-19T12:34:08+00:00,station1,drop_out_rate,0.0
2026-07-19T12:34:23+00:00,station1,drop_out_rate,0.0
2026-07-19T12:34:38+00:00,station1,drop_out_rate,0.0
2026-07-19T12:34:53+00:00,station1,drop_out_rate,0.0
2026-07-19T12:35:08+00:00,station1,drop_out_rate,0.0
2026-07-19T12:35:23+00:00,station1,drop_out_rate,0.0
2026-07-19T12:35:38+00:00,station1,drop_out_rate,0.0
2026-07-19T12:35:53+00:00,station1,drop_out_rate,0.0
2026-07-19T12:36:08+00:00,station1,drop_out_rate,0.0
2026-07-19T12:36:23+00:00,station1,drop_out_rate,0.0
2026-07-19T12:36:38+00:00,station1,drop_out_rate,0.0
2026-07-19T12:36:53+00:00,station1,drop_out_rate,0.0
2026-07-19T12:37:08+00:00,station1,drop_out_rate,0.0
2026-07-19T12:37:23+00:00,station1,drop_out_rate,0.0
2026-07-19T12:37:38+00:00,station1,drop_out_rate,0.0
2026-07-19T12:37:53+00:00,station1,drop_out_rate,0.0
2026-07-19T12:38:08+00:00,station1,drop_out_rate,0.0
2026-07-19T12:38:23+00:00,station1,drop_out_rate,0.0
2026-07-19T12:38:38+00:00,station1,drop_out_rate,0.0
2026-07-19T12:38:53+00:00,station1,drop_out_rate,0.0
2026-07-19T12:39:08+00:00,station1,drop_out_rate,0.0
2026-07-19T12:39:23+00:00,station1,drop_out_rate,0.0
2026-07-19T12:39:38+00:00,station1,drop_out_rate,0.0
2026-07-19T12:39:53+00:00,station1,drop_out_rate,0.0
2026-07-19T12:40:08+00:00,station1,drop_out_rate,0.0
2026-07-19T12:40:23+00:00,station1,drop_out_rate,0.0
2026-07-19T12:40:38+00:00,station1,drop_out_rate,0.0
2026-07-19T12:40:53+00:00,station1,drop_out_rate,0.0
2026-07-19T12:41:08+00:00,station1,drop_out_rate,0.0
2026-07-19T12:41:23+00:00,station1,drop_out_rate,0.0
2026-07-19T12:41:38+00:00,station1,drop_out_rate,0.0
2026-07-19T12:41:53+00:00,station1,drop_out_rate,0.0
2026-07-19T12:42:08+00:00,station1,drop_out_rate,0.0
2026-07-19T12:42:23+00:00,station1,drop_out_rate,0.0
2026-07-19T12:42:38+00:00,station1,drop_out_rate,0.0
2026-07-19T12:42:53+00:00,station1,drop_out_rate,0.0
2026-07-19T12:43:08+00:00,station1,drop_out_rate,0.0
2026-07-19T12:43:23+00:00,station1,drop_out_rate,0.0
2026-07-19T12:43:38+00:00,station1,drop_out_rate,0.0
2026-07-19T12:43:53+00:00,station1,drop_out_rate,0.0
2026-07-19T12:44:08+00:00,station1,drop_out_rate,0.0
2026-07-19T12:44:23+00:00,station1,drop_out_rate,0.0
2026-07-19T12:44:38+00:00,station1,drop_out_rate,0.0
2026-07-19T12:44:53+00:00,station1,drop_out_rate,0.0
2026-07-19T12:45:08+00:00,station1,drop_out_rate,0.0
2026-07-19T12:45:23+00:00,station1,drop_out_rate,0.0
2026-07-19T12:45:38+00:00,station1,drop_out_rate,0.0
2026-07-19T12:45:53+00:00,station1,drop_out_rate,0.0
2026-07-19T12:46:08+00:00,station1,drop_out_rate,0.0
2026-07-19T12:46:23+00:00,station1,drop_out_rate,0.0
2026-07-19T12:46:38+00:00,station1,drop_out_rate,0.0
2026-07-19T12:46:53+00:00,station1,drop_out_rate,0.0
2026-07-19T12:47:08+00:00,station1,drop_out_rate,0.0
2026-07-19T12:47:23+00:00,station1,drop_out_rate,0.0
2026-07-19T12:47:38+00:00,station1,drop_out_rate,0.0
2026-07-19T12:47:53+00:00,station1,drop_out_rate,0.0
2026-07-19T12:48:08+00:00,station1,drop_out_rate,0.0
2026-07-19T12:48:23+00:00,station1,drop_out_rate,0.0
2026-07-19T12:48:38+00:00,station1,drop_out_rate,0.0
2026-07-19T12:48:53+00:00,station1,drop_out_rate,0.0
2026-07-19T12:49:08+00:00,station1,drop_out_rate,0.0
2026-07-19T12:49:23+00:00,station1,drop_out_rate,0.0
2026-07-19T12:49:38+00:00,station1,drop_out_rate,0.0
2026-07-19T12:49:53+00:00,station1,drop_out_rate,0.0
2026-07-19T12:50:08+00:00,station1,drop_out_rate,0.0
2026-07-19T12:50:23+00:00,station1,drop_out_rate,0.0
2026-07-19T12:50:38+00:00,station1,drop_out_rate,0.0
2026-07-19T12:50:53+00:00,station1,drop_out_rate,0.0
2026-07-19T12:51:08+00:00,station1,drop_out_rate,0.0
2026-07-19T12:51:23+00:00,station1,drop_out_rate,0.0
2026-07-19T12:51:38+00:00,station1,drop_out_rate,0.0
2026-07-19T12:51:53+00:00,station1,drop_out_rate,0.0
2026-07-19T12:52:08+00:00,station1,drop_out_rate,0.0
2026-07-19T12:52:23+00:00,station1,drop_out_rate,0.0
2026-07-19T12:52:38+00:00,station1,drop_out_rate,0.0
2026-07-19T12:52:53+00:00,station1,drop_out_rate,0.0
2026-07-19T12:53:08+00:00,station1,drop_out_rate,0.0
2026-07-19T12:53:23+00:00,station1,drop_out_rate,0.0
2026-07-19T12:53:38+00:00,station1,drop_out_rate,0.0
2026-07-19T12:53:53+00:00,station1,drop_out_rate,0.0
2026-07-19T12:54:08+00:00,station1,drop_out_rate,0.0
2026-07-19T12:54:23+00:00,station1,drop_out_rate,0.0
2026-07-19T12:54:38+00:00,station1,drop_out_rate,0.0
2026-07-19T12:54:53+00:00,station1,drop_out_rate,0.0
2026-07-19T12:55:08+00:00,station1,drop_out_rate,0.0
2026-07-19T12:55:23+00:00,station1,drop_out_rate,0.0
2026-07-19T12:55:38+00:00,station1,drop_out_rate,0.0
2026-07-19T12:55:53+00:00,station1,drop_out_rate,0.0
2026-07-19T12:56:08+00:00,station1,drop_out_rate,0.0
2026-07-19T12:56:23+00:00,station1,drop_out_rate,0.0
2026-07-19T12:56:38+00:00,station1,drop_out_rate,0.0
2026-07-19T12:56:53+00:00,station1,drop_out_rate,0.0
2026-07-19T12:57:08+00:00,station1,drop_out_rate,0.0
2026-07-19T12:57:23+00:00,station1,drop_out_rate,0.0
2026-07-19T12:57:38+00:00,station1,drop_out_rate,0.0
2026-07-19T12:57:53+00:00,station1,drop_out_rate,0.0
2026-07-19T12:58:08+00:00,station1,drop_out_rate,0.0
2026-07-19T12:58:23+00:00,station1,drop_out_rate,0.0
2026-07-19T12:58:38+00:00,station1,drop_out_rate,0.0
2026-07-19T12:58:53+00:00,station1,drop_out_rate,0.0
2026-07-19T12:59:08+00:00,station1,drop_out_rate,0.0
2026-07-19T12:59:23+00:00,station1,drop_out_rate,0.0
2026-07-19T12:59:38+00:00,station1,drop_out_rate,0.0
2026-07-19T12:59:53+00:00,station1,drop_out_rate,0.0
2026-07-19T13:00:08+00:00,station1,drop_out_rate,0.0
2026-07-19T13:00:23+00:00,station1,drop_out_rate,0.0
2026-07-19T13:00:38+00:00,station1,drop_out_rate,0.0
2026-07-19T13:00:53+00:00,station1,drop_out_rate,0.0
2026-07-19T13:01:08+00:00,station1,drop_out_rate,0.0
2026-07-19T13:01:23+00:00,station1,drop_out_rate,0.0
2026-07-19T13:01:38+00:00,station1,drop_out_rate,0.0
2026-07-19T13:01:53+00:00,station1,drop_out_rate,0.0
2026-07-19T13:02:08+00:00,station1,drop_out_rate,0.0
2026-07-19T13:02:23+00:00,station1,drop_out_rate,0.0
2026-07-19T13:02:38+00:00,station1,drop_out_rate,0.0
2026-07-19T13:02:53+00:00,station1,drop_out_rate,0.0
2026-07-19T13:03:08+00:00,station1,drop_out_rate,0.0
2026-07-19T13:03:23+00:00,station1,drop_out_rate,0.0
2026-07-19T13:03:38+00:00,station1,drop_out_rate,0.0
2026-07-19T13:03:53+00:00,station1,drop_out_rate,0.0
2026-07-19T13:04:08+00:00,station1,drop_out_rate,0.0
2026-07-19T13:04:23+00:00,station1,drop_out_rate,0.0
2026-07-19T13:04:38+00:00,station1,drop_out_rate,0.0
2026-07-19T13:04:53+00:00,station1,drop_out_rate,0.0
2026-07-19T13:05:08+00:00,station1,drop_out_rate,0.0
2026-07-19T13:05:23+00:00,station1,drop_out_rate,0.0
2026-07-19T13:05:38+00:00,station1,drop_out_rate,0.0
2026-07-19T13:05:53+00:00,station1,drop_out_rate,0.0
2026-07-19T13:06:08+00:00,station1,drop_out_rate,0.0
2026-07-19T13:06:23+00:00,station1,drop_out_rate,0.0
2026-07-19T13:06:38+00:00,station1,drop_out_rate,0.0
2026-07-19T13:06:53+00:00,station1,drop_out_rate,0.0
2026-07-19T13:07:08+00:00,station1,drop_out_rate,0.0
2026-07-19T13:07:23+00:00,station1,drop_out_rate,0.0
2026-07-19T13:07:38+00:00,station1,drop_out_rate,0.0
2026-07-19T13:07:53+00:00,station1,drop_out_rate,0.0
2026-07-19T13:08:08+00:00,station1,drop_out_rate,0.0
2026-07-19T13:08:23+00:00,station1,drop_out_rate,0.0
2026-07-19T13:08:38+00:00,station1,drop_out_rate,0.0
2026-07-19T13:08:53+00:00,station1,drop_out_rate,0.0
2026-07-19T13:09:08+00:00,station1,drop_out_rate,0.0
2026-07-19T13:09:23+00:00,station1,drop_out_rate,0.0
2026-07-19T13:09:38+00:00,station1,drop_out_rate,0.0
2026-07-19T13:09:53+00:00,station1,drop_out_rate,0.0
2026-07-19T13:10:08+00:00,station1,drop_out_rate,0.0
2026-07-19T13:10:23+00:00,station1,drop_out_rate,0.0
2026-07-19T13:10:38+00:00,station1,drop_out_rate,0.0
2026-07-19T13:10:53+00:00,station1,drop_out_rate,0.0
2026-07-19T13:11:08+00:00,station1,drop_out_rate,0.0
2026-07-19T13:11:23+00:00,station1,drop_out_rate,0.0
2026-07-19T13:11:38+00:00,station1,drop_out_rate,0.0
2026-07-19T13:11:53+00:00,station1,drop_out_rate,0.0
2026-07-19T13:12:08+00:00,station1,drop_out_rate,0.0
2026-07-19T13:12:23+00:00,station1,drop_out_rate,0.0
2026-07-19T13:12:38+00:00,station1,drop_out_rate,0.0
2026-07-19T13:12:53+00:00,station1,drop_out_rate,0.0
2026-07-19T13:13:08+00:00,station1,drop_out_rate,0.0
2026-07-19T13:13:23+00:00,station1,drop_out_rate,0.0
2026-07-19T13:13:38+00:00,station1,drop_out_rate,0.0
2026-07-19T13:13:53+00:00,station1,drop_out_rate,0.0
2026-07-19T13:14:08+00:00,station1,drop_out_rate,0.0
2026-07-19T13:14:23+00:00,station1,drop_out_rate,0.0
2026-07-19T13:14:38+00:00,station1,drop_out_rate,0.0
2026-07-19T13:14:53+00:00,station1,drop_out_rate,0.0
2026-07-19T13:15:08+00:00,station1,drop_out_rate,0.0
2026-07-19T13:15:23+00:00,station1,drop_out_rate,0.0
2026-07-19T13:15:38+00:00,station1,drop_out_rate,0.0
2026-07-19T13:15:53+00:00,station1,drop_out_rate,0.0
2026-07-19T13:16:08+00:00,station1,drop_out_rate,0.0
2026-07-19T13:16:23+00:00,station1,drop_out_rate,0.0
2026-07-19T13:16:38+00:00,station1,drop_out_rate,0.0
2026-07-19T13:16:53+00:00,station1,drop_out_rate,0.0
2026-07-19T13:17:08+00:00,station1,drop_out_rate,0.0
2026-07-19T13:17:23+00:00,station1,drop_out_rate,0.0
2026-07-19T13:17:38+00:00,station1,drop_out_rate,0.0
2026-07-19T13:17:53+00:00,station1,drop_out_rate,0.0
2026-07-19T13:18:08+00:00,station1,drop_out_rate,0.0
2026-07-19T13:18:23+00:00,station1,drop_out_rate,0.0
2026-07-19T13:18:38+00:00,station1,drop_out_rate,0.0
2026-07-19T13:18:53+00:00,station1,drop_out_rate,0.0
2026-07-19T13:19:08+00:00,station1,drop_out_rate,0.0
2026-07-19T13:19:23+00:00,station1,drop_out_rate,0.0
2026-07-19T13:19:38+00:00,station1,drop_out_rate,0.0
2026-07-19T13:19:53+00:00,station1,drop_out_rate,0.0
2026-07-19T13:20:08+00:00,station1,drop_out_rate,0.0
2026-07-19T13:20:23+00:00,station1,drop_out_rate,0.0
2026-07-19T13:20:38+00:00,station1,drop_out_rate,0.0
2026-07-19T13:20:53+00:00,station1,drop_out_rate,0.0
2026-07-19T13:21:08+00:00,station1,drop_out_rate,0.0
2026-07-19T13:21:23+00:00,station1,drop_out_rate,0.0
2026-07-19T13:21:38+00:00,station1,drop_out_rate,0.0
2026-07-19T13:21:53+00:00,station1,drop_out_rate,0.0
2026-07-19T13:22:08+00:00,station1,drop_out_rate,0.0
2026-07-19T13:22:23+00:00,station1,drop_out_rate,0.0
2026-07-19T13:22:38+00:00,station1,drop_out_rate,0.0
2026-07-19T13:22:53+00:00,station1,drop_out_rate,0.0
2026-07-19T13:23:08+00:00,station1,drop_out_rate,0.0
2026-07-19T13:23:23+00:00,station1,drop_out_rate,0.0
2026-07-19T13:23:38+00:00,station1,drop_out_rate,0.0
2026-07-19T13:23:53+00:00,station1,drop_out_rate,0.0
2026-07-19T13:24:08+00:00,station1,drop_out_rate,0.0
2026-07-19T13:24:23+00:00,station1,drop_out_rate,0.0
2026-07-19T13:24:38+00:00,station1,drop_out_rate,0.0
2026-07-19T13:24:53+00:00,station1,drop_out_rate,0.0
2026-07-19T13:25:08+00:00,station1,drop_out_rate,0.0
2026-07-19T13:25:23+00:00,station1,drop_out_rate,0.0
2026-07-19T13:25:38+00:00,station1,drop_out_rate,0.0
2026-07-19T13:25:53+00:00,station1,drop_out_rate,0.0
2026-07-19T13:26:08+00:00,station1,drop_out_rate,0.0
2026-07-19T13:26:23+00:00,station1,drop_out_rate,0.0
2026-07-19T13:26:38+00:00,station1,drop_out_rate,0.0
2026-07-19T13:26:53+00:00,station1,drop_out_rate,0.0
2026-07-19T13:27:08+00:00,station1,drop_out_rate,0.0
2026-07-19T13:27:23+00:00,station1,drop_out_rate,0.0
2026-07-19T13:27:38+00:00,station1,drop_out_rate,0.0
2026-07-19T13:27:53+00:00,station1,drop_out_rate,0.0
2026-07-19T13:28:08+00:00,station1,drop_out_rate,0.0
2026-07-19T13:28:23+00:00,station1,drop_out_rate,0.0
2026-07-19T13:28:38+00:00,station1,drop_out_rate,0.0
2026-07-19T13:28:53+00:00,station1,drop_out_rate,0.0
2026-07-19T13:29:08+00:00,station1,drop_out_rate,0.0
2026-07-19T13:29:23+00:00,station1,drop_out_rate,0.0
2026-07-19T13:29:38+00:00,station1,drop_out_rate,0.0
2026-07-19T13:29:53+00:00,station1,drop_out_rate,0.0
2026-07-19T13:30:08+00:00,station1,drop_out_rate,0.0
2026-07-19T13:30:23+00:00,station1,drop_out_rate,0.0
2026-07-19T13:30:38+00:00,station1,drop_out_rate,0.0
2026-07-19T13:30:53+00:00,station1,drop_out_rate,0.0
2026-07-19T13:31:08+00:00,station1,drop_out_rate,0.0
2026-07-19T13:31:23+00:00,station1,drop_out_rate,0.0
2026-07-19T13:31:38+00:00,station1,drop_out_rate,0.0
2026-07-19T13:31:53+00:00,station1,drop_out_rate,0.0
2026-07-19T13:32:08+00:00,station1,drop_out_rate,0.0
2026-07-19T13:32:23+00:00,station1,drop_out_rate,0.0
2026-07-19T13:32:38+00:00,station1,drop_out_rate,0.0
2026-07-19T13:32:53+00:00,station1,drop_out_rate,0.0
2026-07-19T13:33:08+00:00,station1,drop_out_rate,0.0
2026-07-19T13:33:23+00:00,station1,drop_out_rate,0.0
2026-07-19T13:33:38+00:00,station1,drop_out_rate,0.0
2026-07-19T13:33:53+00:00,station1,drop_out_rate,0.0
2026-07-19T13:34:08+00:00,station1,drop_out_rate,0.0
2026-07-19T13:34:23+00:00,station1,drop_out_rate,0.0
2026-07-19T13:34:38+00:00,station1,drop_out_rate,0.0
2026-07-19T13:34:53+00:00,station1,drop_out_rate,0.0
2026-07-19T13:35:08+00:00,station1,drop_out_rate,0.0
2026-07-19T13:35:23+00:00,station1,drop_out_rate,0.0
2026-07-19T13:35:38+00:00,station1,drop_out_rate,0.0
2026-07-19T13:35:53+00:00,station1,drop_out_rate,0.0
2026-07-19T13:36:08+00:00,station1,drop_out_rate,0.0
2026-07-19T13:36:23+00:00,station1,drop_out_rate,0.0
2026-07-19T13:36:38+00:00,station1,drop_out_rate,0.0
2026-07-19T13:36:53+00:00,station1,drop_out_rate,0.0
2026-07-19T13:37:08+00:00,station1,drop_out_rate,0.0
2026-07-19T13:37:23+00:00,station1,drop_out_rate,0.0
2026-07-19T13:37:38+00:00,station1,drop_out_rate,0.0
2026-07-19T13:37:53+00:00,station1,drop_out_rate,0.0
2026-07-19T13:38:08+00:00,station1,drop_out_rate,0.0
2026-07-19T13:38:23+00:00,station1,drop_out_rate,0.0
2026-07-19T13:38:38+00:00,station1,drop_out_rate,0.0
2026-07-19T13:38:53+00:00,station1,drop_out_rate,0.0
2026-07-19T13:39:08+00:00,station1,drop_out_rate,0.0
2026-07-19T13:39:23+00:00,station1,drop_out_rate,0.0
2026-07-19T13:39:38+00:00,station1,drop_out_rate,0.0
2026-07-19T13:39:53+00:00,station1,drop_out_rate,0.0
2026-07-19T13:40:08+00:00,station1,drop_out_rate,0.0
2026-07-19T13:40:23+00:00,station1,drop_out_rate,0.0
2026-07-19T13:40:38+00:00,station1,drop_out_rate,0.0
2026-07-19T13:40:53+00:00,station1,drop_out_rate,0.0
2026-07-19T13:41:08+00:00,station1,drop_out_rate,0.0
2026-07-19T13:41:23+00:00,station1,drop_out_rate,0.0
2026-07-19T13:41:38+00:00,station1,drop_out_rate,0.0
2026-07-19T13:41:53+00:00,station1,drop_out_rate,0.0
2026-07-19T13:42:08+00:00,station1,drop_out_rate,0.0
2026-07-19T13:42:23+00:00,station1,drop_out_rate,0.0
2026-07-19T13:42:38+00:00,station1,drop_out_rate,0.0
2026-07-19T13:42:53+00:00,station1,drop_out_rate,0.0
2026-07-19T13:43:08+00:00,station1,drop_out_rate,0.0
2026-07-19T13:43:23+00:00,station1,drop_out_rate,0.0
2026-07-19T13:43:38+00:00,station1,drop_out_rate,0.0
2026-07-19T13:43:53+00:00,station1,drop_out_rate,0.0
2026-07-19T13:44:08+00:00,station1,drop_out_rate,0.0
2026-07-19T13:44:23+00:00,station1,drop_out_rate,0.0
2026-07-19T13:44:38+00:00,station1,drop_out_rate,0.0
2026-07-19T13:44:53+00:00,station1,drop_out_rate,0.0
2026-07-19T13:45:08+00:00,station1,drop_out_rate,0.0
2026-07-19T13:45:23+00:00,station1,drop_out_rate,0.0
2026-07-19T13:45:38+00:00,station1,drop_out_rate,0.0
2026-07-19T13:45:53+00:00,station1,drop_out_rate,0.0
2026-07-19T13:46:08+00:00,station1,drop_out_rate,0.0
2026-07-19T13:46:23+00:00,station1,drop_out_rate,0.0
2026-07-19T13:46:38+00:00,station1,drop_out_rate,0.0
2026-07-19T13:46:53+00:00,station1,drop_out_rate,0.0
2026-07-19T13:47:08+00:00,station1,drop_out_rate,0.0
2026-07-19T13:47:23+00:00,station1,drop_out_rate,0.0
2026-07-19T13:47:38+00:00,station1,drop_out_rate,0.0
2026-07-19T13:47:53+00:00,station1,drop_out_rate,0.0
2026-07-19T13:48:08+00:00,station1,drop_out_rate,0.0
2026-07-19T13:48:23+00:00,station1,drop_out_rate,0.0
2026-07-19T13:48:38+00:00,station1,drop_out_rate,0.0
2026-07-19T13:48:53+00:00,station1,drop_out_rate,0.0
2026-07-19T13:49:08+00:00,station1,drop_out_rate,0.0
2026-07-19T13:49:23+00:00,station1,drop_out_rate,0.0
2026-07-19T13:49:38+00:00,station1,drop_out_rate,0.0
2026-07-19T13:49:53+00:00,station1,drop_out_rate,0.0
2026-07-19T13:50:08+00:00,station1,drop_out_rate,0.0
2026-07-19T13:50:23+00:00,station1,drop_out_rate,0.0
2026-07-19T13:50:38+00:00,station1,drop_out_rate,0.0
2026-07-19T13:50:53+00:00,station1,drop_out_rate,0.0
2026-07-19T13:51:08+00:00,station1,drop_out_rate,0.0
2026-07-19T13:51:23+00:00,station1,drop_out_rate,0.0
2026-07-19T13:51:38+00:00,station1,drop_out_rate,0.0
2026-07-19T13:51:53+00:00,station1,drop_out_rate,0.0
2026-07-19T13:52:08+00:00,station1,drop_out_rate,0.0
2026-07-19T13:52:23+00:00,station1,drop_out_rate,0.0
2026-07-19T13:52:38+00:00,station1,drop_out_rate,0.0
2026-07-19T13:52:53+00:00,station1,drop_out_rate,0.0
2026-07-19T13:53:08+00:00,station1,drop_out_rate,0.0
2026-07-19T13:53:23+00:00,station1,drop_out_rate,0.0
2026-07-19T13:53:38+00:00,station1,drop_out_rate,0.0
2026-07-19T13:53:53+00:00,station1,drop_out_rate,0.0
2026-07-19T13:54:08+00:00,station1,drop_out_rate,0.0
2026-07-19T13:54:23+00:00,station1,drop_out_rate,0.0
2026-07-19T13:54:38+00:00,station1,drop_out_rate,0.0
2026-07-19T13:54:53+00:00,station1,drop_out_rate,0.0
2026-07-19T13:55:08+00:00,station1,drop_out_rate,0.0
2026-07-19T13:55:23+00:00,station1,drop_out_rate,0.0
2026-07-19T13:55:38+00:00,station1,drop_out_rate,0.0
2026-07-19T13:55:53+00:00,station1,drop_out_rate,0.0
2026-07-19T13:56:08+00:00,station1,drop_out_rate,0.0
2026-07-19T13:56:23+00:00,station1,drop_out_rate,0.0
2026-07-19T13:56:38+00:00,station1,drop_out_rate,0.0
2026-07-19T13:56:53+00:00,station1,drop_out_rate,0.0
2026-07-19T13:57:08+00:00,station1,drop_out_rate,0.0
2026-07-19T13:57:23+00:00,station1,drop_out_rate,0.0
2026-07-19T13:57:38+00:00,station1,drop_out_rate,0.0
2026-07-19T13:57:53+00:00,station1,drop_out_rate,0.0
2026-07-19T13:58:08+00:00,station1,drop_out_rate,0.0
2026-07-19T13:58:23+00:00,station1,drop_out_rate,0.0
2026-07-19T13:58:38+00:00,station1,drop_out_rate,0.0
2026-07-19T13:58:53+00:00,station1,drop_out_rate,0.0
2026-07-19T13:59:08+00:00,station1,drop_out_rate,0.0
2026-07-19T13:59:23+00:00,station1,drop_out_rate,0.0
2026-07-19T13:59:38+00:00,station1,drop_out_rate,0.0
2026-07-19T13:59:53+00:00,station1,drop_out_rate,0.0
2026-07-19T14:00:08+00:00,station1,drop_out_rate,0.0
2026-07-19T14:00:23+00:00,station1,drop_out_rate,0.0
2026-07-19T14:00:38+00:00,station1,drop_out_rate,0.0
2026-07-19T14:00:53+00:00,station1,drop_out_rate,0.0
2026-07-19T14:01:08+00:00,station1,drop_out_rate,0.0
2026-07-19T14:01:23+00:00,station1,drop_out_rate,0.0
2026-07-19T14:01:38+00:00,station1,drop_out_rate,0.0
2026-07-19T14:01:53+00:00,station1,drop_out_rate,0.0
2026-07-19T14:02:08+00:00,station1,drop_out_rate,0.0
2026-07-19T14:02:23+00:00,station1,drop_out_rate,0.0
2026-07-19T14:02:38+00:00,station1,drop_out_rate,0.0
2026-07-19T14:02:53+00:00,station1,drop_out_rate,0.0
2026-07-19T14:03:08+00:00,station1,drop_out_rate,0.0
2026-07-19T14:03:23+00:00,station1,drop_out_rate,0.0
2026-07-19T14:03:38+00:00,station1,drop_out_rate,0.0
2026-07-19T14:03:53+00:00,station1,drop_out_rate,0.0
2026-07-19T14:04:08+00:00,station1,drop_out_rate,0.0
2026-07-19T14:04:23+00:00,station1,drop_out_rate,0.0
2026-07-19T14:04:38+00:00,station1,drop_out_rate,0.0
2026-07-19T14:04:53+00:00,station1,drop_out_rate,0.0
2026-07-19T14:05:08+00:00,station1,drop_out_rate,0.0
2026-07-19T14:05:23+00:00,station1,drop_out_rate,0.0
2026-07-19T14:05:38+00:00,station1,drop_out_rate,0.0
2026-07-19T14:05:53+00:00,station1,drop_out_rate,0.0
2026-07-19T14:06:08+00:00,station1,drop_out_rate,0.0
2026-07-19T14:06:23+00:00,station1,drop_out_rate,0.0
2026-07-19T14:06:38+00:00,station1,drop_out_rate,0.0
2026-07-19T14:06:53+00:00,station1,drop_out_rate,0.0
2026-07-19T14:07:08+00:00,station1,drop_out_rate,0.0
2026-07-19T14:07:23+00:00,station1,drop_out_rate,0.0
2026-07-19T14:07:38+00:00,station1,drop_out_rate,0.0
2026-07-19T14:07:53+00:00,station1,drop_out_rate,0.0
2026-07-19T14:08:08+00:00,station1,drop_out_rate,0.0
2026-07-19T14:08:23+00:00,station1,drop_out_rate,0.0
2026-07-19T14:08:38+00:00,station1,drop_out_rate,0.0
2026-07-19T14:08:53+00:00,station1,drop_out_rate,0.0
2026-07-19T14:09:08+00:00,station1,drop_out_rate,0.0
2026-07-19T14:09:23+00:00,station1,drop_out_rate,0.0
2026-07-19T14:09:38+00:00,station1,drop_out_rate,0.0
2026-07-19T14:09:53+00:00,station1,drop_out_rate,0.0
2026-07-19T14:10:08+00:00,station1,drop_out_rate,0.0
2026-07-19T14:10:23+00:00,station1,drop_out_rate,0.0
2026-07-19T14:10:38+00:00,station1,drop_out_rate,0.0
2026-07-19T14:10:53+00:00,station1,drop_out_rate,0.0
2026-07-19T14:11:08+00:00,station1,drop_out_rate,0.0
2026-07-19T14:11:23+00:00,station1,drop_out_rate,0.0
2026-07-19T14:11:38+00:00,station1,drop_out_rate,0.0
2026-07-19T14:11:53+00:00,station1,drop_out_rate,0.0
2026-07-19T14:12:08+00:00,station1,drop_out_rate,0.0
2026-07-19T14:12:23+00:00,station1,drop_out_rate,0.0
2026-07-19T14:12:38+00:00,station1,drop_out_rate,0.0
2026-07-19T14:12:53+00:00,station1,drop_out_rate,0.0
2026-07-19T14:13:08+00:00,station1,drop_out_rate,0.0
2026-07-19T14:13:23+00:00,station1,drop_out_rate,0.0
2026-07-19T14:13:38+00:00,station1,drop_out_rate,0.0
2026-07-19T14:13:53+00:00,station1,drop_out_rate,0.0
2026-07-19T14:14:08+00:00,station1,drop_out_rate,0.0
2026-07-19T14:14:23+00:00,station1,drop_out_rate,0.0
2026-07-19T14:14:38+00:00,station1,drop_out_rate,0.0
2026-07-19T14:14:53+00:00,station1,drop_out_rate,0.0
2026-07-19T14:15:08+00:00,station1,drop_out_rate,0.0
2026-07-19T14:15:23+00:00,station1,drop_out_rate,0.0
2026-07-19T14:15:38+00:00,station1,drop_out_rate,0.0
2026-07-19T14:15:53+00:00,station1,drop_out_rate,0.0
2026-07-19T14:16:08+00:00,station1,drop_out_rate,0.0
2026-07-19T12:05:23+00:00,station2,drop_out_rate,0.0
2026-07-19T12:05:38+00:00,station2,drop_out_rate,0.0
2026-07-19T12:05:53+00:00,station2,drop_out_rate,0.0
2026-07-19T12:06:08+00:00,station2,drop_out_rate,0.0
2026-07-19T12:06:23+00:00,station2,drop_out_rate,0.0
2026-07-19T12:06:38+00:00,station2,drop_out_rate,0.0
2026-07-19T12:06:53+00:00,station2,drop_out_rate,0.0
2026-07-19T12:07:08+00:00,station2,drop_out_rate,0.0
2026-07-19T12:07:23+00:00,station2,drop_out_rate,0.0
2026-07-19T12:07:38+00:00,station2,drop_out_rate,0.0
2026-07-19T12:07:53+00:00,station2,drop_out_rate,0.0
2026-07-19T12:08:08+00:00,station2,drop_out_rate,0.0
2026-07-19T12:08:23+00:00,station2,drop_out_rate,0.0
2026-07-19T12:08:38+00:00,station2,drop_out_rate,0.0
2026-07-19T12:08:53+00:00,station2,drop_out_rate,0.0
2026-07-19T12:09:08+00:00,station2,drop_out_rate,0.0
2026-07-19T12:09:23+00:00,station2,drop_out_rate,0.0
2026-07-19T12:09:38+00:00,station2,drop_out_rate,0.0
2026-07-19T12:09:53+00:00,station2,drop_out_rate,0.0
2026-07-19T12:10:08+00:00,station2,drop_out_rate,0.0
2026-07-19T12:10:23+00:00,station2,drop_out_rate,0.0
2026-07-19T12:10:38+00:00,station2,drop_out_rate,0.0
2026-07-19T12:10:53+00:00,station2,drop_out_rate,0.0
2026-07-19T12:11:08+00:00,station2,drop_out_rate,0.0
2026-07-19T12:11:23+00:00,station2,drop_out_rate,0.0
2026-07-19T12:11:38+00:00,station2,drop_out_rate,0.0
2026-07-19T12:11:53+00:00,station2,drop_out_rate,0.0
2026-07-19T12:12:08+00:00,station2,drop_out_rate,0.0
2026-07-19T12:12:23+00:00,station2,drop_out_rate,0.0
2026-07-19T12:12:38+00:00,station2,drop_out_rate,0.0
2026-07-19T12:12:53+00:00,station2,drop_out_rate,0.0
2026-07-19T12:13:08+00:00,station2,drop_out_rate,0.0
2026-07-19T12:13:23+00:00,station2,drop_out_rate,0.0
2026-07-19T12:13:38+00:00,station2,drop_out_rate,0.0
2026-07-19T12:13:53+00:00,station2,drop_out_rate,0.0
2026-07-19T12:14:08+00:00,station2,drop_out_rate,0.0
2026-07-19T12:14:23+00:00,station2,drop_out_rate,0.0
2026-07-19T12:14:38+00:00,station2,drop_out_rate,0.0
2026-07-19T12:14:53+00:00,station2,drop_out_rate,0.0
2026-07-19T12:15:08+00:00,station2,drop_out_rate,0.0
2026-07-19T12:15:23+00:00,station2,drop_out_rate,0.0
2026-07-19T12:15:38+00:00,station2,drop_out_rate,0.0
2026-07-19T12:15:53+00:00,station2,drop_out_rate,0.0
2026-07-19T12:16:08+00:00,station2,drop_out_rate,0.0
2026-07-19T12:16:23+00:00,station2,drop_out_rate,0.0
2026-07-19T12:16:38+00:00,station2,drop_out_rate,0.0
2026-07-19T12:16:53+00:00,station2,drop_out_rate,0.0
2026-07-19T12:17:08+00:00,station2,drop_out_rate,0.0
2026-07-19T12:17:23+00:00,station2,drop_out_rate,0.0
2026-07-19T12:17:38+00:00,station2,drop_out_rate,0.0
2026-07-19T12:17:53+00:00,station2,drop_out_rate,0.0
2026-07-19T12:18:08+00:00,station2,drop_out_rate,0.0
2026-07-19T12:18:23+00:00,station2,drop_out_rate,0.0
2026-07-19T12:18:38+00:00,station2,drop_out_rate,0.0
2026-07-19T12:18:53+00:00,station2,drop_out_rate,0.0
2026-07-19T12:19:08+00:00,station2,drop_out_rate,0.0
2026-07-19T12:19:23+00:00,station2,drop_out_rate,0.0
2026-07-19T12:19:38+00:00,station2,drop_out_rate,0.0
2026-07-19T12:19:53+00:00,station2,drop_out_rate,0.0
2026-07-19T12:20:08+00:00,station2,drop_out_rate,0.0
2026-07-19T12:20:23+00:00,station2,drop_out_rate,0.0
2026-07-19T12:20:38+00:00,station2,drop_out_rate,0.0
2026-07-19T12:20:53+00:00,station2,drop_out_rate,0.0
2026-07-19T12:21:08+00:00,station2,drop_out_rate,0.0
2026-07-19T12:21:23+00:00,station2,drop_out_rate,0.0
2026-07-19T12:21:38+00:00,station2,drop_out_rate,0.0
2026-07-19T12:21:53+00:00,station2,drop_out_rate,0.0
2026-07-19T12:22:08+00:00,station2,drop_out_rate,0.0
2026-07-19T12:22:23+00:00,station2,drop_out_rate,0.0
2026-07-19T12:22:38+00:00,station2,drop_out_rate,0.0
2026-07-19T12:22:53+00:00,station2,drop_out_rate,0.0
2026-07-19T12:23:08+00:00,station2,drop_out_rate,0.0
2026-07-19T12:23:23+00:00,station2,drop_out_rate,0.0
2026-07-19T12:23:38+00:00,station2,drop_out_rate,0.0
2026-07-19T12:23:53+00:00,station2,drop_out_rate,0.0
2026-07-19T12:24:08+00:00,station2,drop_out_rate,0.0
2026-07-19T12:24:23+00:00,station2,drop_out_rate,0.0
2026-07-19T12:24:38+00:00,station2,drop_out_rate,0.0
2026-07-19T12:24:53+00:00,station2,drop_out_rate,0.0
2026-07-19T12:25:08+00:00,station2,drop_out_rate,0.0
2026-07-19T12:25:23+00:00,station2,drop_out_rate,0.0
2026-07-19T12:25:38+00:00,station2,drop_out_rate,0.0
2026-07-19T12:25:53+00:00,station2,drop_out_rate,0.0
2026-07-19T12:26:08+00:00,station2,drop_out_rate,0.0
2026-07-19T12:26:23+00:00,station2,drop_out_rate,0.0
2026-07-19T12:26:38+00:00,station2,drop_out_rate,0.0
2026-07-19T12:26:53+00:00,station2,drop_out_rate,0.0
2026-07-19T12:27:08+00:00,station2,drop_out_rate,0.0
2026-07-19T12:27:23+00:00,station2,drop_out_rate,0.0
2026-07-19T12:27:38+00:00,station2,drop_out_rate,0.0
2026-07-19T12:27:53+00:00,station2,drop_out_rate,0.0
2026-07-19T12:28:08+00:00,station2,drop_out_rate,0.0
2026-07-19T12:28:23+00:00,station2,drop_out_rate,0.0
2026-07-19T12:28:38+00:00,station2,drop_out_rate,0.0
2026-07-19T12:28:53+00:00,station2,drop_out_rate,0.0
2026-07-19T12:29:08+00:00,station2,drop_out_rate,0.0
2026-07-19T12:29:23+00:00,station2,drop_out_rate,0.0
2026-07-19T12:29:38+00:00,station2,drop_out_rate,0.0
2026-07-19T12:29:53+00:00,station2,drop_out_rate,0.0
2026-07-19T12:30:08+00:00,station2,drop_out_rate,0.0
2026-07-19T12:30:23+00:00,station2,drop_out_rate,0.0
2026-07-19T12:30:38+00:00,station2,drop_out_rate,0.0
2026-07-19T12:30:53+00:00,station2,drop_out_rate,0.0
2026-07-19T12:31:08+00:00,station2,drop_out_rate,0.0
2026-07-19T12:31:23+00:00,station2,drop_out_rate,0.0
2026-07-19T12:31:38+00:00,station2,drop_out_rate,0.0
2026-07-19T12:31:53+00:00,station2,drop_out_rate,0.0
2026-07-19T12:32:08+00:00,station2,drop_out_rate,0.0
2026-07-19T12:32:23+00:00,station2,drop_out_rate,0.0
2026-07-19T12:32:38+00:00,station2,drop_out_rate,0.0
2026-07-19T12:32:53+00:00,station2,drop_out_rate,0.0
2026-07-19T12:33:08+00:00,station2,drop_out_rate,0.0
2026-07-19T12:33:23+00:00,station2,drop_out_rate,0.0
2026-07-19T12:33:38+00:00,station2,drop_out_rate,0.0
2026-07-19T12:33:53+00:00,station2,drop_out_rate,0.0
2026-07-19T12:34:08+00:00,station2,drop_out_rate,0.0
2026-07-19T12:34:23+00:00,station2,drop_out_rate,0.0
2026-07-19T12:34:38+00:00,station2,drop_out_rate,0.0
2026-07-19T12:34:53+00:00,station2,drop_out_rate,0.0
2026-07-19T12:35:08+00:00,station2,drop_out_rate,0.0
2026-07-19T12:35:23+00:00,station2,drop_out_rate,0.0
2026-07-19T12:35:38+00:00,station2,drop_out_rate,0.0
2026-07-19T12:35:53+00:00,station2,drop_out_rate,0.0
2026-07-19T12:36:08+00:00,station2,drop_out_rate,0.0
2026-07-19T12:36:23+00:00,station2,drop_out_rate,0.0
2026-07-19T12:36:38+00:00,station2,drop_out_rate,0.0
2026-07-19T12:36:53+00:00,station2,drop_out_rate,0.0
2026-07-19T12:37:08+00:00,station2,drop_out_rate,0.0
2026-07-19T12:37:23+00:00,station2,drop_out_rate,0.0
2026-07-19T12:37:38+00:00,station2,drop_out_rate,0.0
2026-07-19T12:37:53+00:00,station2,drop_out_rate,0.0
2026-07-19T12:38:08+00:00,station2,drop_out_rate,0.0
2026-07-19T12:38:23+00:00,station2,drop_out_rate,0.0
2026-07-19T12:38:38+00:00,station2,drop_out_rate,0.0
2026-07-19T12:38:53+00:00,station2,drop_out_rate,0.0
2026-07-19T12:39:08+00:00,station2,drop_out_rate,0.0
2026-07-19T12:39:23+00:00,station2,drop_out_rate,0.0
2026-07-19T12:39:38+00:00,station2,drop_out_rate,0.0
2026-07-19T12:39:53+00:00,station2,drop_out_rate,0.0
2026-07-19T12:40:08+00:00,station2,drop_out_rate,0.0
2026-07-19T12:40:23+00:00,station2,drop_out_rate,0.0
2026-07-19T12:40:38+00:00,station2,drop_out_rate,0.0
2026-07-19T12:40:53+00:00,station2,drop_out_rate,0.0
2026-07-19T12:41:08+00:00,station2,drop_out_rate,0.0
2026-07-19T12:41:23+00:00,station2,drop_out_rate,0.0
2026-07-19T12:41:38+00:00,station2,drop_out_rate,0.0
2026-07-19T12:41:53+00:00,station2,drop_out_rate,0.0
2026-07-19T12:42:08+00:00,station2,drop_out_rate,0.0
2026-07-19T12:42:23+00:00,station2,drop_out_rate,0.0
2026-07-19T12:42:38+00:00,station2,drop_out_rate,0.0
2026-07-19T12:42:53+00:00,station2,drop_out_rate,0.0
2026-07-19T12:43:08+00:00,station2,drop_out_rate,0.0
2026-07-19T12:43:23+00:00,station2,drop_out_rate,0.0
2026-07-19T12:43:38+00:00,station2,drop_out_rate,0.0
2026-07-19T12:43:53+00:00,station2,drop_out_rate,0.0
2026-07-19T12:44:08+00:00,station2,drop_out_rate,0.0
2026-07-19T12:44:23+00:00,station2,drop_out_rate,0.0
2026-07-19T12:44:38+00:00,station2,drop_out_rate,0.0
2026-07-19T12:44:53+00:00,station2,drop_out_rate,0.0
2026-07-19T12:45:08+00:00,station2,drop_out_rate,0.0
2026-07-19T12:45:23+00:00,station2,drop_out_rate,0.0
2026-07-19T12:45:38+00:00,station2,drop_out_rate,0.0
2026-07-19T12:45:53+00:00,station2,drop_out_rate,0.0
2026-07-19T12:46:08+00:00,station2,drop_out_rate,0.0
2026-07-19T12:46:23+00:00,station2,drop_out_rate,0.0
2026-07-19T12:46:38+00:00,station2,drop_out_rate,0.0
2026-07-19T12:46:53+00:00,station2,drop_out_rate,0.0
2026-07-19T12:47:08+00:00,station2,drop_out_rate,0.0
2026-07-19T12:47:23+00:00,station2,drop_out_rate,0.0
2026-07-19T12:47:38+00:00,station2,drop_out_rate,0.0
2026-07-19T12:47:53+00:00,station2,drop_out_rate,0.0
2026-07-19T12:48:08+00:00,station2,drop_out_rate,0.0
2026-07-19T12:48:23+00:00,station2,drop_out_rate,0.0
2026-07-19T12:48:38+00:00,station2,drop_out_rate,0.0
2026-07-19T12:48:53+00:00,station2,drop_out_rate,0.0
2026-07-19T12:49:08+00:00,station2,drop_out_rate,0.0
2026-07-19T12:49:23+00:00,station2,drop_out_rate,0.0
2026-07-19T12:49:38+00:00,station2,drop_out_rate,0.0
2026-07-19T12:49:53+00:00,station2,drop_out_rate,0.0
2026-07-19T12:50:08+00:00,station2,drop_out_rate,0.0
2026-07-19T12:50:23+00:00,station2,drop_out_rate,0.0
2026-07-19T12:50:38+00:00,station2,drop_out_rate,0.0
2026-07-19T12:50:53+00:00,station2,drop_out_rate,0.0
2026-07-19T12:51:08+00:00,station2,drop_out_rate,0.0
2026-07-19T12:51:23+00:00,station2,drop_out_rate,0.0
2026-07-19T12:51:38+00:00,station2,drop_out_rate,0.0
2026-07-19T12:51:53+00:00,station2,drop_out_rate,0.0
2026-07-19T12:52:08+00:00,station2,drop_out_rate,0.0
2026-07-19T12:52:23+00:00,station2,drop_out_rate,0.0
2026-07-19T12:52:38+00:00,station2,drop_out_rate,0.0
2026-07-19T12:52:53+00:00,station2,drop_out_rate,0.0
2026-07-19T12:53:08+00:00,station2,drop_out_rate,0.0
2026-07-19T12:53:23+00:00,station2,drop_out_rate,0.0
2026-07-19T12:53:38+00:00,station2,drop_out_rate,0.0
2026-07-19T12:53:53+00:00,station2,drop_out_rate,0.0
2026-07-19T12:54:08+00:00,station2,drop_out_rate,0.0
2026-07-19T12:54:23+00:00,station2,drop_out_rate,0.0
2026-07-19T12:54:38+00:00,station2,drop_out_rate,0.0
2026-07-19T12:54:53+00:00,station2,drop_out_rate,0.0
2026-07-19T12:55:08+00:00,station2,drop_out_rate,0.0
2026-07-19T12:55:23+00:00,station2,drop_out_rate,0.0
2026-07-19T12:55:38+00:00,station2,drop_out_rate,0.0
2026-07-19T12:55:53+00:00,station2,drop_out_rate,0.0
2026-07-19T12:56:08+00:00,station2,drop_out_rate,0.0
2026-07-19T12:56:23+00:00,station2,drop_out_rate,0.0
2026-07-19T12:56:38+00:00,station2,drop_out_rate,0.0
2026-07-19T12:56:53+00:00,station2,drop_out_rate,0.0
2026-07-19T12:57:08+00:00,station2,drop_out_rate,0.0
2026-07-19T12:57:23+00:00,station2,drop_out_rate,0.0
2026-07-19T12:57:38+00:00,station2,drop_out_rate,0.0
2026-07-19T12:57:53+00:00,station2,drop_out_rate,0.0
2026-07-19T12:58:08+00:00,station2,drop_out_rate,0.0
2026-07-19T12:58:23+00:00,station2,drop_out_rate,0.0
2026-07-19T12:58:38+00:00,station2,drop_out_rate,0.0
2026-07-19T12:58:53+00:00,station2,drop_out_rate,0.0
2026-07-19T12:59:08+00:00,station2,drop_out_rate,0.0
2026-07-19T12:59:23+00:00,station2,drop_out_rate,0.0
2026-07-19T12:59:38+00:00,station2,drop_out_rate,0.0
2026-07-19T12:59:53+00:00,station2,drop_out_rate,0.0
2026-07-19T13:00:08+00:00,station2,drop_out_rate,0.0
2026-07-19T13:00:23+00:00,station2,drop_out_rate,0.0
2026-07-19T13:00:38+00:00,station2,drop_out_rate,0.0
2026-07-19T13:00:53+00:00,station2,drop_out_rate,0.0
2026-07-19T13:01:08+00:00,station2,drop_out_rate,0.0
2026-07-19T13:01:23+00:00,station2,drop_out_rate,0.0
2026-07-19T13:01:38+00:00,station2,drop_out_rate,0.0
2026-07-19T13:01:53+00:00,station2,drop_out_rate,0.0
2026-07-19T13:02:08+00:00,station2,drop_out_rate,0.0
2026-07-19T13:02:23+00:00,station2,drop_out_rate,0.0
2026-07-19T13:02:38+00:00,station2,drop_out_rate,0.0
2026-07-19T13:02:53+00:00,station2,drop_out_rate,0.0
2026-07-19T13:03:08+00:00,station2,drop_out_rate,0.0
2026-07-19T13:03:23+00:00,station2,drop_out_rate,0.0
2026-07-19T13:03:38+00:00,station2,drop_out_rate,0.0
2026-07-19T13:03:53+00:00,station2,drop_out_rate,0.0
2026-07-19T13:04:08+00:00,station2,drop_out_rate,0.0
2026-07-19T13:04:23+00:00,station2,drop_out_rate,0.0
2026-07-19T13:04:38+00:00,station2,drop_out_rate,0.0
2026-07-19T13:04:53+00:00,station2,drop_out_rate,0.0
2026-07-19T13:05:08+00:00,station2,drop_out_rate,0.0
2026-07-19T13:05:23+00:00,station2,drop_out_rate,0.0
2026-07-19T13:05:38+00:00,station2,drop_out_rate,0.0
2026-07-19T13:05:53+00:00,station2,drop_out_rate,0.0
2026-07-19T13:06:08+00:00,station2,drop_out_rate,0.0
2026-07-19T13:06:23+00:00,station2,drop_out_rate,0.0
2026-07-19T13:06:38+00:00,station2,drop_out_rate,0.0
2026-07-19T13:06:53+00:00,station2,drop_out_rate,0.0
2026-07-19T13:07:08+00:00,station2,drop_out_rate,0.0
2026-07-19T13:07:23+00:00,station2,drop_out_rate,0.0
2026-07-19T13:07:38+00:00,station2,drop_out_rate,0.0
2026-07-19T13:07:53+00:00,station2,drop_out_rate,0.0
2026-07-19T13:08:08+00:00,station2,drop_out_rate,0.0
2026-07-19T13:08:23+00:00,station2,drop_out_rate,0.0
2026-07-19T13:08:38+00:00,station2,drop_out_rate,0.0
2026-07-19T13:08:53+00:00,station2,drop_out_rate,0.0
2026-07-19T13:09:08+00:00,station2,drop_out_rate,0.0
2026-07-19T13:09:23+00:00,station2,drop_out_rate,0.0
2026-07-19T13:09:38+00:00,station2,drop_out_rate,0.0
2026-07-19T13:09:53+00:00,station2,drop_out_rate,0.0
2026-07-19T13:10:08+00:00,station2,drop_out_rate,0.0
2026-07-19T13:10:23+00:00,station2,drop_out_rate,0.0
2026-07-19T13:10:38+00:00,station2,drop_out_rate,0.0
2026-07-19T13:10:53+00:00,station2,drop_out_rate,0.0
2026-07-19T13:11:08+00:00,station2,drop_out_rate,0.0
2026-07-19T13:11:23+00:00,station2,drop_out_rate,0.0
2026-07-19T13:11:38+00:00,station2,drop_out_rate,0.0
2026-07-19T13:11:53+00:00,station2,drop_out_rate,0.0
2026-07-19T13:12:08+00:00,station2,drop_out_rate,0.0
2026-07-19T13:12:23+00:00,station2,drop_out_rate,0.0
2026-07-19T13:12:38+00:00,station2,drop_out_rate,0.0
2026-07-19T13:12:53+00:00,station2,drop_out_rate,0.0
2026-07-19T13:13:08+00:00,station2,drop_out_rate,0.0
2026-07-19T13:13:23+00:00,station2,drop_out_rate,0.0
2026-07-19T13:13:38+00:00,station2,drop_out_rate,0.0
2026-07-19T13:13:53+00:00,station2,drop_out_rate,0.0
2026-07-19T13:14:08+00:00,station2,drop_out_rate,0.0
2026-07-19T13:14:23+00:00,station2,drop_out_rate,0.0
2026-07-19T13:14:38+00:00,station2,drop_out_rate,0.0
2026-07-19T13:14:53+00:00,station2,drop_out_rate,0.0
2026-07-19T13:15:08+00:00,station2,drop_out_rate,0.0
2026-07-19T13:15:23+00:00,station2,drop_out_rate,0.0
2026-07-19T13:15:38+00:00,station2,drop_out_rate,0.0
2026-07-19T13:15:53+00:00,station2,drop_out_rate,0.0
2026-07-19T13:16:08+00:00,station2,drop_out_rate,0.0
2026-07-19T13:16:23+00:00,station2,drop_out_rate,0.0
2026-07-19T13:16:38+00:00,station2,drop_out_rate,0.0
2026-07-19T13:16:53+00:00,station2,drop_out_rate,0.0
2026-07-19T13:17:08+00:00,station2,drop_out_rate,0.0
2026-07-19T13:17:23+00:00,station2,drop_out_rate,0.0
2026-07-19T13:17:38+00:00,station2,drop_out_rate,0.0
2026-07-19T13:17:53+00:00,station2,drop_out_rate,0.0
2026-07-19T13:18:08+00:00,station2,drop_out_rate,0.0
2026-07-19T13:18:23+00:00,station2,drop_out_rate,0.0
2026-07-19T13:18:38+00:00,station2,drop_out_rate,0.0
2026-07-19T13:18:53+00:00,station2,drop_out_rate,0.0
2026-07-19T13:19:08+00:00,station2,drop_out_rate,0.0
2026-07-19T13:19:23+00:00,station2,drop_out_rate,0.0
2026-07-19T13:19:38+00:00,station2,drop_out_rate,0.0
2026-07-19T13:19:53+00:00,station2,drop_out_rate,0.0
2026-07-19T13:20:08+00:00,station2,drop_out_rate,0.0
2026-07-19T13:20:23+00:00,station2,drop_out_rate,0.0
2026-07-19T13:20:38+00:00,station2,drop_out_rate,0.0
2026-07-19T13:20:53+00:00,station2,drop_out_rate,0.0
2026-07-19T13:21:08+00:00,station2,drop_out_rate,0.0
2026-07-19T13:21:23+00:00,station2,drop_out_rate,0.0
2026-07-19T13:21:38+00:00,station2,drop_out_rate,0.0
2026-07-19T13:21:53+00:00,station2,drop_out_rate,0.0
2026-07-19T13:22:08+00:00,station2,drop_out_rate,0.0
2026-07-19T13:22:23+00:00,station2,drop_out_rate,0.0
2026-07-19T13:22:38+00:00,station2,drop_out_rate,0.0
2026-07-19T13:22:53+00:00,station2,drop_out_rate,0.0
2026-07-19T13:23:08+00:00,station2,drop_out_rate,0.0
2026-07-19T13:23:23+00:00,station2,drop_out_rate,0.0
2026-07-19T13:23:38+00:00,station2,drop_out_rate,0.0
2026-07-19T13:23:53+00:00,station2,drop_out_rate,0.0
2026-07-19T13:24:08+00:00,station2,drop_out_rate,0.0
2026-07-19T13:24:23+00:00,station2,drop_out_rate,0.0
2026-07-19T13:24:38+00:00,station2,drop_out_rate,0.0
2026-07-19T13:24:53+00:00,station2,drop_out_rate,0.0
2026-07-19T13:25:08+00:00,station2,drop_out_rate,0.0
2026-07-19T13:25:23+00:00,station2,drop_out_rate,0.0
2026-07-19T13:25:38+00:00,station2,drop_out_rate,0.0
2026-07-19T13:25:53+00:00,station2,drop_out_rate,0.0
2026-07-19T13:26:08+00:00,station2,drop_out_rate,0.0
2026-07-19T13:26:23+00:00,station2,drop_out_rate,0.0
2026-07-19T13:26:38+00:00,station2,drop_out_rate,0.0
2026-07-19T13:26:53+00:00,station2,drop_out_rate,0.0
2026-07-19T13:27:08+00:00,station2,drop_out_rate,0.0
2026-07-19T13:27:23+00:00,station2,drop_out_rate,0.0
2026-07-19T13:27:38+00:00,station2,drop_out_rate,0.0
2026-07-19T13:27:53+00:00,station2,drop_out_rate,0.0
2026-07-19T13:28:08+00:00,station2,drop_out_rate,0.0
2026-07-19T13:28:23+00:00,station2,drop_out_rate,0.0
2026-07-19T13:28:38+00:00,station2,drop_out_rate,0.0
2026-07-19T13:28:53+00:00,station2,drop_out_rate,0.0
2026-07-19T13:29:08+00:00,station2,drop_out_rate,0.0
2026-07-19T13:29:23+00:00,station2,drop_out_rate,0.0
2026-07-19T13:29:38+00:00,station2,drop_out_rate,0.0
2026-07-19T13:29:53+00:00,station2,drop_out_rate,0.0
2026-07-19T13:30:08+00:00,station2,drop_out_rate,0.0
2026-07-19T13:30:23+00:00,station2,drop_out_rate,0.0
2026-07-19T13:30:38+00:00,station2,drop_out_rate,0.0
2026-07-19T13:30:53+00:00,station2,drop_out_rate,0.0
2026-07-19T13:31:08+00:00,station2,drop_out_rate,0.0
2026-07-19T13:31:23+00:00,station2,drop_out_rate,0.0
2026-07-19T13:31:38+00:00,station2,drop_out_rate,0.0
2026-07-19T13:31:53+00:00,station2,drop_out_rate,0.0
2026-07-19T13:32:08+00:00,station2,drop_out_rate,0.0
2026-07-19T13:32:23+00:00,station2,drop_out_rate,0.0
2026-07-19T13:32:38+00:00,station2,drop_out_rate,0.0
2026-07-19T13:32:53+00:00,station2,drop_out_rate,0.0
2026-07-19T13:33:08+00:00,station2,drop_out_rate,0.0
2026-07-19T13:33:23+00:00,station2,drop_out_rate,0.0
2026-07-19T13:33:38+00:00,station2,drop_out_rate,0.0
2026-07-19T13:33:53+00:00,station2,drop_out_rate,0.0
2026-07-19T13:34:08+00:00,station2,drop_out_rate,0.0
2026-07-19T13:34:23+00:00,station2,drop_out_rate,0.0
2026-07-19T13:34:38+00:00,station2,drop_out_rate,0.0
2026-07-19T13:34:53+00:00,station2,drop_out_rate,0.0
2026-07-19T13:35:08+00:00,station2,drop_out_rate,0.0
2026-07-19T13:35:23+00:00,station2,drop_out_rate,0.0
2026-07-19T13:35:38+00:00,station2,drop_out_rate,0.0
2026-07-19T13:35:53+00:00,station2,drop_out_rate,0.0
2026-07-19T13:36:08+00:00,station2,drop_out_rate,0.0
2026-07-19T13:36:23+00:00,station2,drop_out_rate,0.0
2026-07-19T13:36:38+00:00,station2,drop_out_rate,0.0
2026-07-19T13:36:53+00:00,station2,drop_out_rate,0.0
2026-07-19T13:37:08+00:00,station2,drop_out_rate,0.0
2026-07-19T13:37:23+00:00,station2,drop_out_rate,0.0
2026-07-19T13:37:38+00:00,station2,drop_out_rate,0.0
2026-07-19T13:37:53+00:00,station2,drop_out_rate,0.0
2026-07-19T13:38:08+00:00,station2,drop_out_rate,0.0
2026-07-19T13:38:23+00:00,station2,drop_out_rate,0.0
2026-07-19T13:38:38+00:00,station2,drop_out_rate,0.0
2026-07-19T13:38:53+00:00,station2,drop_out_rate,0.0
2026-07-19T13:39:08+00:00,station2,drop_out_rate,0.0
2026-07-19T13:39:23+00:00,station2,drop_out_rate,0.0
2026-07-19T13:39:38+00:00,station2,drop_out_rate,0.0
2026-07-19T13:39:53+00:00,station2,drop_out_rate,0.0
2026-07-19T13:40:08+00:00,station2,drop_out_rate,0.0
2026-07-19T13:40:23+00:00,station2,drop_out_rate,0.0
2026-07-19T13:40:38+00:00,station2,drop_out_rate,0.0
2026-07-19T13:40:53+00:00,station2,drop_out_rate,0.0
2026-07-19T13:41:08+00:00,station2,drop_out_rate,0.0
2026-07-19T13:41:23+00:00,station2,drop_out_rate,0.0
2026-07-19T13:41:38+00:00,station2,drop_out_rate,0.0
2026-07-19T13:41:53+00:00,station2,drop_out_rate,0.0
2026-07-19T13:42:08+00:00,station2,drop_out_rate,0.0
2026-07-19T13:42:23+00:00,station2,drop_out_rate,0.0
2026-07-19T13:42:38+00:00,station2,drop_out_rate,0.0
2026-07-19T13:42:53+00:00,station2,drop_out_rate,0.0
2026-07-19T13:43:08+00:00,station2,drop_out_rate,0.0
2026-07-19T13:43:23+00:00,station2,drop_out_rate,0.0
2026-07-19T13:43:38+00:00,station2,drop_out_rate,0.0
2026-07-19T13:43:53+00:00,station2,drop_out_rate,0.0
2026-07-19T13:44:08+00:00,station2,drop_out_rate,0.0
2026-07-19T13:44:23+00:00,station2,drop_out_rate,0.0
2026-07-19T13:44:38+00:00,station2,drop_out_rate,0.0
2026-07-19T13:44:53+00:00,station2,drop_out_rate,0.0
2026-07-19T13:45:08+00:00,station2,drop_out_rate,0.0
2026-07-19T13:45:23+00:00,station2,drop_out_rate,0.0
2026-07-19T13:45:38+00:00,station2,drop_out_rate,0.0
2026-07-19T13:45:53+00:00,station2,drop_out_rate,0.0
2026-07-19T13:46:08+00:00,station2,drop_out_rate,0.0
2026-07-19T13:46:23+00:00,station2,drop_out_rate,0.0
2026-07-19T13:46:38+00:00,station2,drop_out_rate,0.0
2026-07-19T13:46:53+00:00,station2,drop_out_rate,0.0
2026-07-19T13:47:08+00:00,station2,drop_out_rate,0.0
2026-07-19T13:47:23+00:00,station2,drop_out_rate,0.0
2026-07-19T13:47:38+00:00,station2,drop_out_rate,0.0
2026-07-19T13:47:53+00:00,station2,drop_out_rate,0.0
2026-07-19T13:48:08+00:00,station2,drop_out_rate,0.0
2026-07-19T13:48:23+00:00,station2,drop_out_rate,0.0
2026-07-19T13:48:38+00:00,station2,drop_out_rate,0.0
2026-07-19T13:48:53+00:00,station2,drop_out_rate,0.0
2026-07-19T13:49:08+00:00,station2,drop_out_rate,0.0
2026-07-19T13:49:23+00:00,station2,drop_out_rate,0.0
2026-07-19T13:49:38+00:00,station2,drop_out_rate,0.0
2026-07-19T13:49:53+00:00,station2,drop_out_rate,0.0
2026-07-19T13:50:08+00:00,station2,drop_out_rate,0.0
2026-07-19T13:50:23+00:00,station2,drop_out_rate,0.0
2026-07-19T13:50:38+00:00,station2,drop_out_rate,0.0
2026-07-19T13:50:53+00:00,station2,drop_out_rate,0.0
2026-07-19T13:51:08+00:00,station2,drop_out_rate,0.0
2026-07-19T13:51:23+00:00,station2,drop_out_rate,0.0
2026-07-19T13:51:38+00:00,station2,drop_out_rate,0.0
2026-07-19T13:51:53+00:00,station2,drop_out_rate,0.0
2026-07-19T13:52:08+00:00,station2,drop_out_rate,0.0
2026-07-19T13:52:23+00:00,station2,drop_out_rate,0.0
2026-07-19T13:52:38+00:00,station2,drop_out_rate,0.0
2026-07-19T13:52:53+00:00,station2,drop_out_rate,0.0
2026-07-19T13:53:08+00:00,station2,drop_out_rate,0.0
2026-07-19T13:53:23+00:00,station2,drop_out_rate,0.0
2026-07-19T13:53:38+00:00,station2,drop_out_rate,0.0
2026-07-19T13:53:53+00:00,station2,drop_out_rate,0.0
2026-07-19T13:54:08+00:00,station2,drop_out_rate,0.0
2026-07-19T13:54:23+00:00,station2,drop_out_rate,0.0
2026-07-19T13:54:38+00:00,station2,drop_out_rate,0.0
2026-07-19T13:54:53+00:00,station2,drop_out_rate,0.0
2026-07-19T13:55:08+00:00,station2,drop_out_rate,0.0
2026-07-19T13:55:23+00:00,station2,drop_out_rate,0.0
2026-07-19T13:55:38+00:00,station2,drop_out_rate,0.0
2026-07-19T13:55:53+00:00,station2,drop_out_rate,0.0
2026-07-19T13:56:08+00:00,station2,drop_out_rate,0.0
2026-07-19T13:56:23+00:00,station2,drop_out_rate,0.0
2026-07-19T13:56:38+00:00,station2,drop_out_rate,0.0
2026-07-19T13:56:53+00:00,station2,drop_out_rate,0.0
2026-07-19T13:57:08+00:00,station2,drop_out_rate,0.0
2026-07-19T13:57:23+00:00,station2,drop_out_rate,0.0
2026-07-19T13:57:38+00:00,station2,drop_out_rate,0.0
2026-07-19T13:57:53+00:00,station2,drop_out_rate,0.0
2026-07-19T13:58:08+00:00,station2,drop_out_rate,0.0
2026-07-19T13:58:23+00:00,station2,drop_out_rate,0.0
2026-07-19T13:58:38+00:00,station2,drop_out_rate,0.0
2026-07-19T13:58:53+00:00,station2,drop_out_rate,0.0
2026-07-19T13:59:08+00:00,station2,drop_out_rate,0.0
2026-07-19T13:59:23+00:00,station2,drop_out_rate,0.0
2026-07-19T13:59:38+00:00,station2,drop_out_rate,0.0
2026-07-19T13:59:53+00:00,station2,drop_out_rate,0.0
2026-07-19T14:00:08+00:00,station2,drop_out_rate,0.0
2026-07-19T14:00:23+00:00,station2,drop_out_rate,0.0
2026-07-19T14:00:38+00:00,station2,drop_out_rate,0.0
2026-07-19T14:00:53+00:00,station2,drop_out_rate,0.0
2026-07-19T14:01:08+00:00,station2,drop_out_rate,0.0
2026-07-19T14:01:23+00:00,station2,drop_out_rate,0.0
2026-07-19T14:01:38+00:00,station2,drop_out_rate,0.0
2026-07-19T14:01:53+00:00,station2,drop_out_rate,0.0
2026-07-19T14:02:08+00:00,station2,drop_out_rate,0.0
2026-07-19T14:02:23+00:00,station2,drop_out_rate,0.0
2026-07-19T14:02:38+00:00,station2,drop_out_rate,0.0
2026-07-19T14:02:53+00:00,station2,drop_out_rate,0.0
2026-07-19T14:03:08+00:00,station2,drop_out_rate,0.0
2026-07-19T14:03:23+00:00,station2,drop_out_rate,0.0
2026-07-19T14:03:38+00:00,station2,drop_out_rate,0.0
2026-07-19T14:03:53+00:00,station2,drop_out_rate,0.0
2026-07-19T14:04:08+00:00,station2,drop_out_rate,0.0
2026-07-19T14:04:23+00:00,station2,drop_out_rate,0.0
2026-07-19T14:04:38+00:00,station2,drop_out_rate,0.0
2026-07-19T14:04:53+00:00,station2,drop_out_rate,0.0
2026-07-19T14:05:08+00:00,station2,drop_out_rate,0.0
2026-07-19T14:05:23+00:00,station2,drop_out_rate,0.0
2026-07-19T14:05:38+00:00,station2,drop_out_rate,0.0
2026-07-19T14:05:53+00:00,station2,drop_out_rate,0.0
2026-07-19T14:06:08+00:00,station2,drop_out_rate,0.0
2026-07-19T14:06:23+00:00,station2,drop_out_rate,0.0
2026-07-19T14:06:38+00:00,station2,drop_out_rate,0.0
2026-07-19T14:06:53+00:00,station2,drop_out_rate,0.0
2026-07-19T14:07:08+00:00,station2,drop_out_rate,0.0
2026-07-19T14:07:23+00:00,station2,drop_out_rate,0.0
2026-07-19T14:07:38+00:00,station2,drop_out_rate,0.0
2026-07-19T14:07:53+00:00,station2,drop_out_rate,0.0
2026-07-19T14:08:08+00:00,station2,drop_out_rate,0.0
2026-07-19T14:08:23+00:00,station2,drop_out_rate,0.0
2026-07-19T14:08:38+00:00,station2,drop_out_rate,0.0
2026-07-19T14:08:53+00:00,station2,drop_out_rate,0.0
2026-07-19T14:09:08+00:00,station2,drop_out_rate,0.0
2026-07-19T14:09:23+00:00,station2,drop_out_rate,0.0
2026-07-19T14:09:38+00:00,station2,drop_out_rate,0.0
2026-07-19T14:09:53+00:00,station2,drop_out_rate,0.0
2026-07-19T14:10:08+00:00,station2,drop_out_rate,0.0
2026-07-19T14:10:23+00:00,station2,drop_out_rate,0.0
2026-07-19T14:10:38+00:00,station2,drop_out_rate,0.0
2026-07-19T14:10:53+00:00,station2,drop_out_rate,0.0
2026-07-19T14:11:08+00:00,station2,drop_out_rate,0.0
2026-07-19T14:11:23+00:00,station2,drop_out_rate,0.0
2026-07-19T14:11:38+00:00,station2,drop_out_rate,0.0
2026-07-19T14:11:53+00:00,station2,drop_out_rate,0.0
2026-07-19T14:12:08+00:00,station2,drop_out_rate,0.0
2026-07-19T14:12:23+00:00,station2,drop_out_rate,0.0
2026-07-19T14:12:38+00:00,station2,drop_out_rate,0.0
2026-07-19T14:12:53+00:00,station2,drop_out_rate,0.0
2026-07-19T14:13:08+00:00,station2,drop_out_rate,0.0
2026-07-19T14:13:23+00:00,station2,drop_out_rate,0.0
2026-07-19T14:13:38+00:00,station2,drop_out_rate,0.0
2026-07-19T14:13:53+00:00,station2,drop_out_rate,0.0
2026-07-19T14:14:08+00:00,station2,drop_out_rate,0.0
2026-07-19T14:14:23+00:00,station2,drop_out_rate,0.0
2026-07-19T14:14:38+00:00,station2,drop_out_rate,0.0
2026-07-19T14:14:53+00:00,station2,drop_out_rate,0.0
2026-07-19T14:15:08+00:00,station2,drop_out_rate,0.0
2026-07-19T14:15:23+00:00,station2,drop_out_rate,0.0
2026-07-19T14:15:38+00:00,station2,drop_out_rate,0.0
2026-07-19T14:15:53+00:00,station2,drop_out_rate,0.0
2026-07-19T14:16:08+00:00,station2,drop_out_rate,0.0
2026-07-19T12:05:23+00:00,station3,drop_out_rate,0.0
2026-07-19T12:05:38+00:00,station3,drop_out_rate,0.0
2026-07-19T12:05:53+00:00,station3,drop_out_rate,0.0
2026-07-19T12:06:08+00:00,station3,drop_out_rate,0.0
2026-07-19T12:06:23+00:00,station3,drop_out_rate,0.0
2026-07-19T12:06:38+00:00,station3,drop_out_rate,0.0
2026-07-19T12:06:53+00:00,station3,drop_out_rate,0.0
2026-07-19T12:07:08+00:00,station3,drop_out_rate,0.0
2026-07-19T12:07:23+00:00,station3,drop_out_rate,0.0
2026-07-19T12:07:38+00:00,station3,drop_out_rate,0.0
2026-07-19T12:07:53+00:00,station3,drop_out_rate,0.0
2026-07-19T12:08:08+00:00,station3,drop_out_rate,0.0
2026-07-19T12:08:23+00:00,station3,drop_out_rate,0.0
2026-07-19T12:08:38+00:00,station3,drop_out_rate,0.0
2026-07-19T12:08:53+00:00,station3,drop_out_rate,0.0
2026-07-19T12:09:08+00:00,station3,drop_out_rate,0.0
2026-07-19T12:09:23+00:00,station3,drop_out_rate,0.0
2026-07-19T12:09:38+00:00,station3,drop_out_rate,0.0
2026-07-19T12:09:53+00:00,station3,drop_out_rate,0.0
2026-07-19T12:10:08+00:00,station3,drop_out_rate,0.0
2026-07-19T12:10:23+00:00,station3,drop_out_rate,0.0
2026-07-19T12:10:38+00:00,station3,drop_out_rate,0.0
2026-07-19T12:10:53+00:00,station3,drop_out_rate,0.0
2026-07-19T12:11:08+00:00,station3,drop_out_rate,0.0
2026-07-19T12:11:23+00:00,station3,drop_out_rate,0.0
2026-07-19T12:11:38+00:00,station3,drop_out_rate,0.0
2026-07-19T12:11:53+00:00,station3,drop_out_rate,0.0
2026-07-19T12:12:08+00:00,station3,drop_out_rate,0.0
2026-07-19T12:12:23+00:00,station3,drop_out_rate,0.0
2026-07-19T12:12:38+00:00,station3,drop_out_rate,0.0
2026-07-19T12:12:53+00:00,station3,drop_out_rate,0.0
2026-07-19T12:13:08+00:00,station3,drop_out_rate,0.0
2026-07-19T12:13:23+00:00,station3,drop_out_rate,0.0
2026-07-19T12:13:38+00:00,station3,drop_out_rate,0.0
2026-07-19T12:13:53+00:00,station3,drop_out_rate,0.0
2026-07-19T12:14:08+00:00,station3,drop_out_rate,0.0
2026-07-19T12:14:23+00:00,station3,drop_out_rate,0.0
2026-07-19T12:14:38+00:00,station3,drop_out_rate,0.0
2026-07-19T12:14:53+00:00,station3,drop_out_rate,0.0
2026-07-19T12:15:08+00:00,station3,drop_out_rate,0.0
2026-07-19T12:15:23+00:00,station3,drop_out_rate,0.0
2026-07-19T12:15:38+00:00,station3,drop_out_rate,0.0
2026-07-19T12:15:53+00:00,station3,drop_out_rate,0.0
2026-07-19T12:16:08+00:00,station3,drop_out_rate,0.0
2026-07-19T12:16:23+00:00,station3,drop_out_rate,0.0
2026-07-19T12:16:38+00:00,station3,drop_out_rate,0.0
2026-07-19T12:16:53+00:00,station3,drop_out_rate,0.0
2026-07-19T12:17:08+00:00,station3,drop_out_rate,0.0
2026-07-19T12:17:23+00:00,station3,drop_out_rate,0.0
2026-07-19T12:17:38+00:00,station3,drop_out_rate,0.0
2026-07-19T12:17:53+00:00,station3,drop_out_rate,0.0
2026-07-19T12:18:08+00:00,station3,drop_out_rate,0.0
2026-07-19T12:18:23+00:00,station3,drop_out_rate,0.0
2026-07-19T12:18:38+00:00,station3,drop_out_rate,0.0
2026-07-19T12:18:53+00:00,station3,drop_out_rate,0.0
2026-07-19T12:19:08+00:00,station3,drop_out_rate,0.0
2026-07-19T12:19:23+00:00,station3,drop_out_rate,0.0
2026-07-19T12:19:38+00:00,station3,drop_out_rate,0.0
2026-07-19T12:19:53+00:00,station3,drop_out_rate,0.0
2026-07-19T12:20:08+00:00,station3,drop_out_rate,0.0
2026-07-19T12:20:23+00:00,station3,drop_out_rate,0.0
2026-07-19T12:20:38+00:00,station3,drop_out_rate,0.0
2026-07-19T12:20:53+00:00,station3,drop_out_rate,0.0
2026-07-19T12:21:08+00:00,station3,drop_out_rate,0.0
2026-07-19T12:21:23+00:00,station3,drop_out_rate,0.0
2026-07-19T12:21:38+00:00,station3,drop_out_rate,0.0
2026-07-19T12:21:53+00:00,station3,drop_out_rate,0.0
2026-07-19T12:22:08+00:00,station3,drop_out_rate,0.0
2026-07-19T12:22:23+00:00,station3,drop_out_rate,0.0
2026-07-19T12:22:38+00:00,station3,drop_out_rate,0.0
2026-07-19T12:22:53+00:00,station3,drop_out_rate,0.0
2026-07-19T12:23:08+00:00,station3,drop_out_rate,0.0
2026-07-19T12:23:23+00:00,station3,drop_out_rate,0.0
2026-07-19T12:23:38+00:00,station3,drop_out_rate,0.0
2026-07-19T12:23:53+00:00,station3,drop_out_rate,0.0
2026-07-19T12:24:08+00:00,station3,drop_out_rate,0.0
2026-07-19T12:24:23+00:00,station3,drop_out_rate,0.0
2026-07-19T12:24:38+00:00,station3,drop_out_rate,0.0
2026-07-19T12:24:53+00:00,station3,drop_out_rate,0.0
2026-07-19T12:25:08+00:00,station3,drop_out_rate,0.0
2026-07-19T12:25:23+00:00,station3,drop_out_rate,0.0
2026-07-19T12:25:38+00:00,station3,drop_out_rate,0.0
2026-07-19T12:25:53+00:00,station3,drop_out_rate,0.0
2026-07-19T12:26:08+00:00,station3,drop_out_rate,0.0
2026-07-19T12:26:23+00:00,station3,drop_out_rate,0.0
2026-07-19T12:26:38+00:00,station3,drop_out_rate,0.0
2026-07-19T12:26:53+00:00,station3,drop_out_rate,0.0
2026-07-19T12:27:08+00:00,station3,drop_out_rate,0.0
2026-07-19T12:27:23+00:00,station3,drop_out_rate,0.0
2026-07-19T12:27:38+00:00,station3,drop_out_rate,0.0
2026-07-19T12:27:53+00:00,station3,drop_out_rate,0.0
2026-07-19T12:28:08+00:00,station3,drop_out_rate,0.0
2026-07-19T12:28:23+00:00,station3,drop_out_rate,0.0
2026-07-19T12:28:38+00:00,station3,drop_out_rate,0.0
2026-07-19T12:28:53+00:00,station3,drop_out_rate,0.0
2026-07-19T12:29:08+00:00,station3,drop_out_rate,0.0
2026-07-19T12:29:23+00:00,station3,drop_out_rate,0.0
2026-07-19T12:29:38+00:00,station3,drop_out_rate,0.0
2026-07-19T12:29:53+00:00,station3,drop_out_rate,0.0
2026-07-19T12:30:08+00:00,station3,drop_out_rate,0.0
2026-07-19T12:30:23+00:00,station3,drop_out_rate,0.0
2026-07-19T12:30:38+00:00,station3,drop_out_rate,0.0
2026-07-19T12:30:53+00:00,station3,drop_out_rate,0.0
2026-07-19T12:31:08+00:00,station3,drop_out_rate,0.0
2026-07-19T12:31:23+00:00,station3,drop_out_rate,0.0
2026-07-19T12:31:38+00:00,station3,drop_out_rate,0.0
2026-07-19T12:31:53+00:00,station3,drop_out_rate,0.0
2026-07-19T12:32:08+00:00,station3,drop_out_rate,0.0
2026-07-19T12:32:23+00:00,station3,drop_out_rate,0.0
2026-07-19T12:32:38+00:00,station3,drop_out_rate,0.0
2026-07-19T12:32:53+00:00,station3,drop_out_rate,0.0
2026-07-19T12:33:08+00:00,station3,drop_out_rate,0.0
2026-07-19T12:33:23+00:00,station3,drop_out_rate,0.0
2026-07-19T12:33:38+00:00,station3,drop_out_rate,0.0
2026-07-19T12:33:53+00:00,station3,drop_out_rate,0.0
2026-07-19T12:34:08+00:00,station3,drop_out_rate,0.0
2026-07-19T12:34:23+00:00,station3,drop_out_rate,0.0
2026-07-19T12:34:38+00:00,station3,drop_out_rate,0.0
2026-07-19T12:34:53+00:00,station3,drop_out_rate,0.0
2026-07-19T12:35:08+00:00,station3,drop_out_rate,0.0
2026-07-19T12:35:23+00:00,station3,drop_out_rate,0.0
2026-07-19T12:35:38+00:00,station3,drop_out_rate,0.0
2026-07-19T12:35:53+00:00,station3,drop_out_rate,0.0
2026-07-19T12:36:08+00:00,station3,drop_out_rate,0.0
2026-07-19T12:36:23+00:00,station3,drop_out_rate,0.0
2026-07-19T12:36:38+00:00,station3,drop_out_rate,0.0
2026-07-19T12:36:53+00:00,station3,drop_out_rate,0.0
2026-07-19T12:37:08+00:00,station3,drop_out_rate,0.0
2026-07-19T12:37:23+00:00,station3,drop_out_rate,0.0
2026-07-19T12:37:38+00:00,station3,drop_out_rate,0.0
2026-07-19T12:37:53+00:00,station3,drop_out_rate,0.0
2026-07-19T12:38:08+00:00,station3,drop_out_rate,0.0
2026-07-19T12:38:23+00:00,station3,drop_out_rate,0.0
2026-07-19T12:38:38+00:00,station3,drop_out_rate,0.0
2026-07-19T12:38:53+00:00,station3,drop_out_rate,0.0
2026-07-19T12:39:08+00:00,station3,drop_out_rate,0.0
2026-07-19T12:39:23+00:00,station3,drop_out_rate,0.0
2026-07-19T12:39:38+00:00,station3,drop_out_rate,0.0
2026-07-19T12:39:53+00:00,station3,drop_out_rate,0.0
2026-07-19T12:40:08+00:00,station3,drop_out_rate,0.0
2026-07-19T12:40:23+00:00,station3,drop_out_rate,0.0
2026-07-19T12:40:38+00:00,station3,drop_out_rate,0.0
2026-07-19T12:40:53+00:00,station3,drop_out_rate,0.0
2026-07-19T12:41:08+00:00,station3,drop_out_rate,0.0
2026-07-19T12:41:23+00:00,station3,drop_out_rate,0.0
2026-07-19T12:41:38+00:00,station3,drop_out_rate,0.0
2026-07-19T12:41:53+00:00,station3,drop_out_rate,0.0
2026-07-19T12:42:08+00:00,station3,drop_out_rate,0.0
2026-07-19T12:42:23+00:00,station3,drop_out_rate,0.0
2026-07-19T12:42:38+00:00,station3,drop_out_rate,0.0
2026-07-19T12:42:53+00:00,station3,drop_out_rate,0.0
2026-07-19T12:43:08+00:00,station3,drop_out_rate,0.0
2026-07-19T12:43:23+00:00,station3,drop_out_rate,0.0
2026-07-19T12:43:38+00:00,station3,drop_out_rate,0.0
2026-07-19T12:43:53+00:00,station3,drop_out_rate,0.0
2026-07-19T12:44:08+00:00,station3,drop_out_rate,0.0
2026-07-19T12:44:23+00:00,station3,drop_out_rate,0.0
2026-07-19T12:44:38+00:00,station3,drop_out_rate,0.0
2026-07-19T12:44:53+00:00,station3,drop_out_rate,0.0
2026-07-19T12:45:08+00:00,station3,drop_out_rate,0.0
2026-07-19T12:45:23+00:00,station3,drop_out_rate,0.0
2026-07-19T12:45:38+00:00,station3,drop_out_rate,0.0
2026-07-19T12:45:53+00:00,station3,drop_out_rate,0.0
2026-07-19T12:46:08+00:00,station3,drop_out_rate,0.0
2026-07-19T12:46:23+00:00,station3,drop_out_rate,0.0
2026-07-19T12:46:38+00:00,station3,drop_out_rate,0.0
2026-07-19T12:46:53+00:00,station3,drop_out_rate,0.0
2026-07-19T12:47:08+00:00,station3,drop_out_rate,0.0
2026-07-19T12:47:23+00:00,station3,drop_out_rate,0.0
2026-07-19T12:47:38+00:00,station3,drop_out_rate,0.0
2026-07-19T12:47:53+00:00,station3,drop_out_rate,0.0
2026-07-19T12:48:08+00:00,station3,drop_out_rate,0.0
2026-07-19T12:48:23+00:00,station3,drop_out_rate,0.0
2026-07-19T12:48:38+00:00,station3,drop_out_rate,0.0
2026-07-19T12:48:53+00:00,station3,drop_out_rate,0.0
2026-07-19T12:49:08+00:00,station3,drop_out_rate,0.0
2026-07-19T12:49:23+00:00,station3,drop_out_rate,0.0
2026-07-19T12:49:38+00:00,station3,drop_out_rate,0.0
2026-07-19T12:49:53+00:00,station3,drop_out_rate,0.0
2026-07-19T12:50:08+00:00,station3,drop_out_rate,0.0
2026-07-19T12:50:23+00:00,station3,drop_out_rate,0.0
2026-07-19T12:50:38+00:00,station3,drop_out_rate,0.0
2026-07-19T12:50:53+00:00,station3,drop_out_rate,0.0
2026-07-19T12:51:08+00:00,station3,drop_out_rate,0.0
2026-07-19T12:51:23+00:00,station3,drop_out_rate,0.0
2026-07-19T12:51:38+00:00,station3,drop_out_rate,0.0
2026-07-19T12:51:53+00:00,station3,drop_out_rate,0.0
2026-07-19T12:52:08+00:00,station3,drop_out_rate,0.0
2026-07-19T12:52:23+00:00,station3,drop_out_rate,0.0
2026-07-19T12:52:38+00:00,station3,drop_out_rate,0.0
2026-07-19T12:52:53+00:00,station3,drop_out_rate,0.0
2026-07-19T12:53:08+00:00,station3,drop_out_rate,0.0
2026-07-19T12:53:23+00:00,station3,drop_out_rate,0.0
2026-07-19T12:53:38+00:00,station3,drop_out_rate,0.0
2026-07-19T12:53:53+00:00,station3,drop_out_rate,0.0
2026-07-19T12:54:08+00:00,station3,drop_out_rate,0.0
2026-07-19T12:54:23+00:00,station3,drop_out_rate,0.0
2026-07-19T12:54:38+00:00,station3,drop_out_rate,0.0
2026-07-19T12:54:53+00:00,station3,drop_out_rate,0.0
2026-07-19T12:55:08+00:00,station3,drop_out_rate,0.0
2026-07-19T12:55:23+00:00,station3,drop_out_rate,0.0
2026-07-19T12:55:38+00:00,station3,drop_out_rate,0.0
2026-07-19T12:55:53+00:00,station3,drop_out_rate,0.0
2026-07-19T12:56:08+00:00,station3,drop_out_rate,0.0
2026-07-19T12:56:23+00:00,station3,drop_out_rate,0.0
2026-07-19T12:56:38+00:00,station3,drop_out_rate,0.0
2026-07-19T12:56:53+00:00,station3,drop_out_rate,0.0
2026-07-19T12:57:08+00:00,station3,drop_out_rate,0.0
2026-07-19T12:57:23+00:00,station3,drop_out_rate,0.0
2026-07-19T12:57:38+00:00,station3,drop_out_rate,0.0
2026-07-19T12:57:53+00:00,station3,drop_out_rate,0.0
2026-07-19T12:58:08+00:00,station3,drop_out_rate,0.0
2026-07-19T12:58:23+00:00,station3,drop_out_rate,0.0
2026-07-19T12:58:38+00:00,station3,drop_out_rate,0.0
2026-07-19T12:58:53+00:00,station3,drop_out_rate,0.0
2026-07-19T12:59:08+00:00,station3,drop_out_rate,0.0
2026-07-19T12:59:23+00:00,station3,drop_out_rate,0.0
2026-07-19T12:59:38+00:00,station3,drop_out_rate,0.0
2026-07-19T12:59:53+00:00,station3,drop_out_rate,0.0
2026-07-19T13:00:08+00:00,station3,drop_out_rate,0.0
2026-07-19T13:00:23+00:00,station3,drop_out_rate,0.0
2026-07-19T13:00:38+00:00,station3,drop_out_rate,0.0
2026-07-19T13:00:53+00:00,station3,drop_out_rate,0.0
2026-07-19T13:01:08+00:00,station3,drop_out_rate,0.0
2026-07-19T13:01:23+00:00,station3,drop_out_rate,0.0
2026-07-19T13:01:38+00:00,station3,drop_out_rate,0.0
2026-07-19T13:01:53+00:00,station3,drop_out_rate,0.0
2026-07-19T13:02:08+00:00,station3,drop_out_rate,0.0
2026-07-19T13:02:23+00:00,station3,drop_out_rate,0.0
2026-07-19T13:02:38+00:00,station3,drop_out_rate,0.0
2026-07-19T13:02:53+00:00,station3,drop_out_rate,0.0
2026-07-19T13:03:08+00:00,station3,drop_out_rate,0.0
2026-07-19T13:03:23+00:00,station3,drop_out_rate,0.0
2026-07-19T13:03:38+00:00,station3,drop_out_rate,0.0
2026-07-19T13:03:53+00:00,station3,drop_out_rate,0.0
2026-07-19T13:04:08+00:00,station3,drop_out_rate,0.0
2026-07-19T13:04:23+00:00,station3,drop_out_rate,0.0
2026-07-19T13:04:38+00:00,station3,drop_out_rate,0.0
2026-07-19T13:04:53+00:00,station3,drop_out_rate,0.0
2026-07-19T13:05:08+00:00,station3,drop_out_rate,0.0
2026-07-19T13:05:23+00:00,station3,drop_out_rate,0.0
2026-07-19T13:05:38+00:00,station3,drop_out_rate,0.0
2026-07-19T13:05:53+00:00,station3,drop_out_rate,0.0
2026-07-19T13:06:08+00:00,station3,drop_out_rate,0.0
2026-07-19T13:06:23+00:00,station3,drop_out_rate,0.0
2026-07-19T13:06:38+00:00,station3,drop_out_rate,0.0
2026-07-19T13:06:53+00:00,station3,drop_out_rate,0.0
2026-07-19T13:07:08+00:00,station3,drop_out_rate,0.0
2026-07-19T13:07:23+00:00,station3,drop_out_rate,0.0
2026-07-19T13:07:38+00:00,station3,drop_out_rate,0.0
2026-07-19T13:07:53+00:00,station3,drop_out_rate,0.0
2026-07-19T13:08:08+00:00,station3,drop_out_rate,0.0
2026-07-19T13:08:23+00:00,station3,drop_out_rate,0.0
2026-07-19T13:08:38+00:00,station3,drop_out_rate,0.0
2026-07-19T13:08:53+00:00,station3,drop_out_rate,0.0
2026-07-19T13:09:08+00:00,station3,drop_out_rate,0.0
2026-07-19T13:09:23+00:00,station3,drop_out_rate,0.0
2026-07-19T13:09:38+00:00,station3,drop_out_rate,0.0
2026-07-19T13:09:53+00:00,station3,drop_out_rate,0.0
2026-07-19T13:10:08+00:00,station3,drop_out_rate,0.0
2026-07-19T13:10:23+00:00,station3,drop_out_rate,0.0
2026-07-19T13:10:38+00:00,station3,drop_out_rate,0.0
2026-07-19T13:10:53+00:00,station3,drop_out_rate,0.0
2026-07-19T13:11:08+00:00,station3,drop_out_rate,0.0
2026-07-19T13:11:23+00:00,station3,drop_out_rate,0.0
2026-07-19T13:11:38+00:00,station3,drop_out_rate,0.0
2026-07-19T13:11:53+00:00,station3,drop_out_rate,0.0
2026-07-19T13:12:08+00:00,station3,drop_out_rate,0.0
2026-07-19T13:12:23+00:00,station3,drop_out_rate,0.0
2026-07-19T13:12:38+00:00,station3,drop_out_rate,0.0
2026-07-19T13:12:53+00:00,station3,drop_out_rate,0.0
2026-07-19T13:13:08+00:00,station3,drop_out_rate,0.0
2026-07-19T13:13:23+00:00,station3,drop_out_rate,0.0
2026-07-19T13:13:38+00:00,station3,drop_out_rate,0.0
2026-07-19T13:13:53+00:00,station3,drop_out_rate,0.0
2026-07-19T13:14:08+00:00,station3,drop_out_rate,0.0
2026-07-19T13:14:23+00:00,station3,drop_out_rate,0.0
2026-07-19T13:14:38+00:00,station3,drop_out_rate,0.0
2026-07-19T13:14:53+00:00,station3,drop_out_rate,0.0
2026-07-19T13:15:08+00:00,station3,drop_out_rate,0.0
2026-07-19T13:15:23+00:00,station3,drop_out_rate,0.0
2026-07-19T13:15:38+00:00,station3,drop_out_rate,0.0
2026-07-19T13:15:53+00:00,station3,drop_out_rate,0.0
2026-07-19T13:16:08+00:00,station3,drop_out_rate,0.0
2026-07-19T13:16:23+00:00,station3,drop_out_rate,0.0
2026-07-19T13:16:38+00:00,station3,drop_out_rate,0.0
2026-07-19T13:16:53+00:00,station3,drop_out_rate,0.0
2026-07-19T13:17:08+00:00,station3,drop_out_rate,0.0
2026-07-19T13:17:23+00:00,station3,drop_out_rate,0.0
2026-07-19T13:17:38+00:00,station3,drop_out_rate,0.0
2026-07-19T13:17:53+00:00,station3,drop_out_rate,0.0
2026-07-19T13:18:08+00:00,station3,drop_out_rate,0.0
2026-07-19T13:18:23+00:00,station3,drop_out_rate,0.0
2026-07-19T13:18:38+00:00,station3,drop_out_rate,0.0
2026-07-19T13:18:53+00:00,station3,drop_out_rate,0.0
2026-07-19T13:19:08+00:00,station3,drop_out_rate,0.0
2026-07-19T13:19:23+00:00,station3,drop_out_rate,0.0
2026-07-19T13:19:38+00:00,station3,drop_out_rate,0.0
2026-07-19T13:19:53+00:00,station3,drop_out_rate,0.0
2026-07-19T13:20:08+00:00,station3,drop_out_rate,0.0
2026-07-19T13:20:23+00:00,station3,drop_out_rate,0.0
2026-07-19T13:20:38+00:00,station3,drop_out_rate,0.0
2026-07-19T13:20:53+00:00,station3,drop_out_rate,0.0
2026-07-19T13:21:08+00:00,station3,drop_out_rate,0.0
2026-07-19T13:21:23+00:00,station3,drop_out_rate,0.0
2026-07-19T13:21:38+00:00,station3,drop_out_rate,0.0
2026-07-19T13:21:53+00:00,station3,drop_out_rate,0.0
2026-07-19T13:22:08+00:00,station3,drop_out_rate,0.0
2026-07-19T13:22:23+00:00,station3,drop_out_rate,0.0
2026-07-19T13:22:38+00:00,station3,drop_out_rate,0.0
2026-07-19T13:22:53+00:00,station3,drop_out_rate,0.0
2026-07-19T13:23:08+00:00,station3,drop_out_rate,0.0
2026-07-19T13:23:23+00:00,station3,drop_out_rate,0.0
2026-07-19T13:23:38+00:00,station3,drop_out_rate,0.0
2026-07-19T13:23:53+00:00,station3,drop_out_rate,0.0
2026-07-19T13:24:08+00:00,station3,drop_out_rate,0.0
2026-07-19T13:24:23+00:00,station3,drop_out_rate,0.0
2026-07-19T13:24:38+00:00,station3,drop_out_rate,0.0
2026-07-19T13:24:53+00:00,station3,drop_out_rate,0.0
2026-07-19T13:25:08+00:00,station3,drop_out_rate,0.0
2026-07-19T13:25:23+00:00,station3,drop_out_rate,0.0
2026-07-19T13:25:38+00:00,station3,drop_out_rate,0.0
2026-07-19T13:25:53+00:00,station3,drop_out_rate,0.0
2026-07-19T13:26:08+00:00,station3,drop_out_rate,0.0
2026-07-19T13:26:23+00:00,station3,drop_out_rate,0.0
2026-07-19T13:26:38+00:00,station3,drop_out_rate,0.0
2026-07-19T13:26:53+00:00,station3,drop_out_rate,0.0
2026-07-19T13:27:08+00:00,station3,drop_out_rate,0.0
2026-07-19T13:27:23+00:00,station3,drop_out_rate,0.0
2026-07-19T13:27:38+00:00,station3,drop_out_rate,0.0
2026-07-19T13:27:53+00:00,station3,drop_out_rate,0.0
2026-07-19T13:28:08+00:00,station3,drop_out_rate,0.0
2026-07-19T13:28:23+00:00,station3,drop_out_rate,0.0
2026-07-19T13:28:38+00:00,station3,drop_out_rate,0.0
2026-07-19T13:28:53+00:00,station3,drop_out_rate,0.0
2026-07-19T13:29:08+00:00,station3,drop_out_rate,0.0
2026-07-19T13:29:23+00:00,station3,drop_out_rate,0.0
2026-07-19T13:29:38+00:00,station3,drop_out_rate,0.0
2026-07-19T13:29:53+00:00,station3,drop_out_rate,0.0
2026-07-19T13:30:08+00:00,station3,drop_out_rate,0.0
2026-07-19T13:30:23+00:00,station3,drop_out_rate,0.0
2026-07-19T13:30:38+00:00,station3,drop_out_rate,0.0
2026-07-19T13:30:53+00:00,station3,drop_out_rate,0.0
2026-07-19T13:31:08+00:00,station3,drop_out_rate,0.0
2026-07-19T13:31:23+00:00,station3,drop_out_rate,0.0
2026-07-19T13:31:38+00:00,station3,drop_out_rate,0.0
2026-07-19T13:31:53+00:00,station3,drop_out_rate,0.0
2026-07-19T13:32:08+00:00,station3,drop_out_rate,0.0
2026-07-19T13:32:23+00:00,station3,drop_out_rate,0.0
2026-07-19T13:32:38+00:00,station3,drop_out_rate,0.0
2026-07-19T13:32:53+00:00,station3,drop_out_rate,0.0
2026-07-19T13:33:08+00:00,station3,drop_out_rate,0.0
2026-07-19T13:33:23+00:00,station3,drop_out_rate,0.0
2026-07-19T13:33:38+00:00,station3,drop_out_rate,0.0
2026-07-19T13:33:53+00:00,station3,drop_out_rate,0.0
2026-07-19T13:34:08+00:00,station3,drop_out_rate,0.0
2026-07-19T13:34:23+00:00,station3,drop_out_rate,0.0
2026-07-19T13:34:38+00:00,station3,drop_out_rate,0.0
2026-07-19T13:34:53+00:00,station3,drop_out_rate,0.0
2026-07-19T13:35:08+00:00,station3,drop_out_rate,0.0
2026-07-19T13:35:23+00:00,station3,drop_out_rate,0.0
2026-07-19T13:35:38+00:00,station3,drop_out_rate,0.0
2026-07-19T13:35:53+00:00,station3,drop_out_rate,0.0
2026-07-19T13:36:08+00:00,station3,drop_out_rate,0.0
2026-07-19T13:36:23+00:00,station3,drop_out_rate,0.0
2026-07-19T13:36:38+00:00,station3,drop_out_rate,0.0
2026-07-19T13:36:53+00:00,station3,drop_out_rate,0.0
2026-07-19T13:37:08+00:00,station3,drop_out_rate,0.0
2026-07-19T13:37:23+00:00,station3,drop_out_rate,0.0
2026-07-19T13:37:38+00:00,station3,drop_out_rate,0.0
2026-07-19T13:37:53+00:00,station3,drop_out_rate,0.0
2026-07-19T13:38:08+00:00,station3,drop_out_rate,0.0
2026-07-19T13:38:23+00:00,station3,drop_out_rate,0.0
2026-07-19T13:38:38+00:00,station3,drop_out_rate,0.0
2026-07-19T13:38:53+00:00,station3,drop_out_rate,0.0
2026-07-19T13:39:08+00:00,station3,drop_out_rate,0.0
2026-07-19T13:39:23+00:00,station3,drop_out_rate,0.0
2026-07-19T13:39:38+00:00,station3,drop_out_rate,0.0
2026-07-19T13:39:53+00:00,station3,drop_out_rate,0.0
2026-07-19T13:40:08+00:00,station3,drop_out_rate,0.0
2026-07-19T13:40:23+00:00,station3,drop_out_rate,0.0
2026-07-19T13:40:38+00:00,station3,drop_out_rate,0.0
2026-07-19T13:40:53+00:00,station3,drop_out_rate,0.0
2026-07-19T13:41:08+00:00,station3,drop_out_rate,0.0
2026-07-19T13:41:23+00:00,station3,drop_out_rate,0.0
2026-07-19T13:41:38+00:00,station3,drop_out_rate,0.0
2026-07-19T13:41:53+00:00,station3,drop_out_rate,0.0
2026-07-19T13:42:08+00:00,station3,drop_out_rate,0.0
2026-07-19T13:42:23+00:00,station3,drop_out_rate,0.0
2026-07-19T13:42:38+00:00,station3,drop_out_rate,0.0
2026-07-19T13:42:53+00:00,station3,drop_out_rate,0.0
2026-07-19T13:43:08+00:00,station3,drop_out_rate,0.0
2026-07-19T13:43:23+00:00,station3,drop_out_rate,0.0
2026-07-19T13:43:38+00:00,station3,drop_out_rate,0.0
2026-07-19T13:43:53+00:00,station3,drop_out_rate,0.0
2026-07-19T13:44:08+00:00,station3,drop_out_rate,0.0
2026-07-19T13:44:23+00:00,station3,drop_out_rate,0.0
2026-07-19T13:44:38+00:00,station3,drop_out_rate,0.0
2026-07-19T13:44:53+00:00,station3,drop_out_rate,0.0
2026-07-19T13:45:08+00:00,station3,drop_out_rate,0.0
2026-07-19T13:45:23+00:00,station3,drop_out_rate,0.0
2026-07-19T13:45:38+00:00,station3,drop_out_rate,0.0
2026-07-19T13:45:53+00:00,station3,drop_out_rate,0.0
2026-07-19T13:46:08+00:00,station3,drop_out_rate,0.0
2026-07-19T13:46:23+00:00,station3,drop_out_rate,0.0
2026-07-19T13:46:38+00:00,station3,drop_out_rate,0.0
2026-07-19T13:46:53+00:00,station3,drop_out_rate,0.0
2026-07-19T13:47:08+00:00,station3,drop_out_rate,0.0
2026-07-19T13:47:23+00:00,station3,drop_out_rate,0.0
2026-07-19T13:47:38+00:00,station3,drop_out_rate,0.0
2026-07-19T13:47:53+00:00,station3,drop_out_rate,0.0
2026-07-19T13:48:08+00:00,station3,drop_out_rate,0.0
2026-07-19T13:48:23+00:00,station3,drop_out_rate,0.0
2026-07-19T13:48:38+00:00,station3,drop_out_rate,0.0
2026-07-19T13:48:53+00:00,station3,drop_out_rate,0.0
2026-07-19T13:49:08+00:00,station3,drop_out_rate,0.0
2026-07-19T13:49:23+00:00,station3,drop_out_rate,0.0
2026-07-19T13:49:38+00:00,station3,drop_out_rate,0.0
2026-07-19T13:49:53+00:00,station3,drop_out_rate,0.0
2026-07-19T13:50:08+00:00,station3,drop_out_rate,0.0
2026-07-19T13:50:23+00:00,station3,drop_out_rate,0.0
2026-07-19T13:50:38+00:00,station3,drop_out_rate,0.0
2026-07-19T13:50:53+00:00,station3,drop_out_rate,0.0
2026-07-19T13:51:08+00:00,station3,drop_out_rate,0.0
2026-07-19T13:51:23+00:00,station3,drop_out_rate,0.0
2026-07-19T13:51:38+00:00,station3,drop_out_rate,0.0
2026-07-19T13:51:53+00:00,station3,drop_out_rate,0.0
2026-07-19T13:52:08+00:00,station3,drop_out_rate,0.0
2026-07-19T13:52:23+00:00,station3,drop_out_rate,0.0
2026-07-19T13:52:38+00:00,station3,drop_out_rate,0.0
2026-07-19T13:52:53+00:00,station3,drop_out_rate,0.0
2026-07-19T13:53:08+00:00,station3,drop_out_rate,0.0
2026-07-19T13:53:23+00:00,station3,drop_out_rate,0.0
2026-07-19T13:53:38+00:00,station3,drop_out_rate,0.0
2026-07-19T13:53:53+00:00,station3,drop_out_rate,0.0
2026-07-19T13:54:08+00:00,station3,drop_out_rate,0.0
2026-07-19T13:54:23+00:00,station3,drop_out_rate,0.0
2026-07-19T13:54:38+00:00,station3,drop_out_rate,0.0
2026-07-19T13:54:53+00:00,station3,drop_out_rate,0.0
2026-07-19T13:55:08+00:00,station3,drop_out_rate,0.0
2026-07-19T13:55:23+00:00,station3,drop_out_rate,0.0
2026-07-19T13:55:38+00:00,station3,drop_out_rate,0.0
2026-07-19T13:55:53+00:00,station3,drop_out_rate,0.0
2026-07-19T13:56:08+00:00,station3,drop_out_rate,0.0
2026-07-19T13:56:23+00:00,station3,drop_out_rate,0.0
2026-07-19T13:56:38+00:00,station3,drop_out_rate,0.0
2026-07-19T13:56:53+00:00,station3,drop_out_rate,0.0
2026-07-19T13:57:08+00:00,station3,drop_out_rate,0.0
2026-07-19T13:57:23+00:00,station3,drop_out_rate,0.0
2026-07-19T13:57:38+00:00,station3,drop_out_rate,0.0
2026-07-19T13:57:53+00:00,station3,drop_out_rate,0.0
2026-07-19T13:58:08+00:00,station3,drop_out_rate,0.0
2026-07-19T13:58:23+00:00,station3,drop_out_rate,0.0
2026-07-19T13:58:38+00:00,station3,drop_out_rate,0.0
2026-07-19T13:58:53+00:00,station3,drop_out_rate,0.0
2026-07-19T13:59:08+00:00,station3,drop_out_rate,0.0
2026-07-19T13:59:23+00:00,station3,drop_out_rate,0.0
2026-07-19T13:59:38+00:00,station3,drop_out_rate,0.0
2026-07-19T13:59:53+00:00,station3,drop_out_rate,0.0
2026-07-19T14:00:08+00:00,station3,drop_out_rate,0.0
2026-07-19T14:00:23+00:00,station3,drop_out_rate,0.0
2026-07-19T14:00:38+00:00,station3,drop_out_rate,0.0
2026-07-19T14:00:53+00:00,station3,drop_out_rate,0.0
2026-07-19T14:01:08+00:00,station3,drop_out_rate,0.0
2026-07-19T14:01:23+00:00,station3,drop_out_rate,0.0
2026-07-19T14:01:38+00:00,station3,drop_out_rate,0.0
2026-07-19T14:01:53+00:00,station3,drop_out_rate,0.0
2026-07-19T14:02:08+00:00,station3,drop_out_rate,0.0
2026-07-19T14:02:23+00:00,station3,drop_out_rate,0.0
2026-07-19T14:02:38+00:00,station3,drop_out_rate,0.0
2026-07-19T14:02:53+00:00,station3,drop_out_rate,0.0
2026-07-19T14:03:08+00:00,station3,drop_out_rate,0.0
2026-07-19T14:03:23+00:00,station3,drop_out_rate,0.0
2026-07-19T14:03:38+00:00,station3,drop_out_rate,0.0
2026-07-19T14:03:53+00:00,station3,drop_out_rate,0.0
2026-07-19T14:04:08+00:00,station3,drop_out_rate,0.0
2026-07-19T14:04:23+00:00,station3,drop_out_rate,0.0
2026-07-19T14:04:38+00:00,station3,drop_out_rate,0.0
2026-07-19T14:04:53+00:00,station3,drop_out_rate,0.0
2026-07-19T14:05:08+00:00,station3,drop_out_rate,0.0
2026-07-19T14:05:23+00:00,station3,drop_out_rate,0.0
2026-07-19T14:05:38+00:00,station3,drop_out_rate,0.0
2026-07-19T14:05:53+00:00,station3,drop_out_rate,0.0
2026-07-19T14:06:08+00:00,station3,drop_out_rate,0.0
2026-07-19T14:06:23+00:00,station3,drop_out_rate,0.0
2026-07-19T14:06:38+00:00,station3,drop_out_rate,0.0
2026-07-19T14:06:53+00:00,station3,drop_out_rate,0.0
2026-07-19T14:07:08+00:00,station3,drop_out_rate,0.0
2026-07-19T14:07:23+00:00,station3,drop_out_rate,0.0
2026-07-19T14:07:38+00:00,station3,drop_out_rate,0.0
2026-07-19T14:07:53+00:00,station3,drop_out_rate,0.0
2026-07-19T14:08:08+00:00,station3,drop_out_rate,0.0
2026-07-19T14:08:23+00:00,station3,drop_out_rate,0.0
2026-07-19T14:08:38+00:00,station3,drop_out_rate,0.0
2026-07-19T14:08:53+00:00,station3,drop_out_rate,0.0
2026-07-19T14:09:08+00:00,station3,drop_out_rate,0.0
2026-07-19T14:09:23+00:00,station3,drop_out_rate,0.0
2026-07-19T14:09:38+00:00,station3,drop_out_rate,0.0
2026-07-19T14:09:53+00:00,station3,drop_out_rate,0.0
2026-07-19T14:10:08+00:00,station3,drop_out_rate,0.0
2026-07-19T14:10:23+00:00,station3,drop_out_rate,0.0
2026-07-19T14:10:38+00:00,station3,drop_out_rate,0.0
2026-07-19T14:10:53+00:00,station3,drop_out_rate,0.0
2026-07-19T14:11:08+00:00,station3,drop_out_rate,0.0
2026-07-19T14:11:23+00:00,station3,drop_out_rate,0.0
2026-07-19T14:11:38+00:00,station3,drop_out_rate,0.0
2026-07-19T14:11:53+00:00,station3,drop_out_rate,0.0
2026-07-19T14:12:08+00:00,station3,drop_out_rate,0.0
2026-07-19T14:12:23+00:00,station3,drop_out_rate,0.0
2026-07-19T14:12:38+00:00,station3,drop_out_rate,0.0
2026-07-19T14:12:53+00:00,station3,drop_out_rate,0.0
2026-07-19T14:13:08+00:00,station3,drop_out_rate,0.0
2026-07-19T14:13:23+00:00,station3,drop_out_rate,0.0
2026-07-19T14:13:38+00:00,station3,drop_out_rate,0.0
2026-07-19T14:13:53+00:00,station3,drop_out_rate,0.0
2026-07-19T14:14:08+00:00,station3,drop_out_rate,0.0
2026-07-19T14:14:23+00:00,station3,drop_out_rate,0.0
2026-07-19T14:14:38+00:00,station3,drop_out_rate,0.0
2026-07-19T14:14:53+00:00,station3,drop_out_rate,0.0
2026-07-19T14:15:08+00:00,station3,drop_out_rate,0.0
2026-07-19T14:15:23+00:00,station3,drop_out_rate,0.0
2026-07-19T14:15:38+00:00,station3,drop_out_rate,0.0
2026-07-19T14:15:53+00:00,station3,drop_out_rate,0.0
2026-07-19T14:16:08+00:00,station3,drop_out_rate,0.0
