asn,asn_name,start_time,duration_sec,datasource,method,score,event_type,source
9304,AS9304 (HUTCHISON-AS-AP),2026-07-05T02:20:00+00:00,682800,bgp,median,12605.160070241795,bgp_outage,ioda_bgp
44559,AS44559 (ITHOSTLINE),2026-07-05T02:45:00+00:00,681300,bgp,median,11939.402324294411,bgp_outage,ioda_bgp
206375,AS206375 (NETSPEED),2026-07-05T06:30:00+00:00,667800,bgp,median,32735.294117647056,bgp_outage,ioda_bgp
29256,AS29256 (INT-PDN-STE-AS),2026-07-05T09:55:00+00:00,655500,bgp,median,18620.50599201065,bgp_outage,ioda_bgp
14315,AS14315 (1GSERVERS),2026-07-05T10:55:00+00:00,651900,bgp,median,169011.1111111111,bgp_outage,ioda_bgp
45839,AS45839 (SHINJIRU-MY-AS-AP),2026-07-05T11:50:00+00:00,648600,bgp,median,469525.2525252526,bgp_outage,ioda_bgp
34918,AS34918 (PISHGAMAN-DATACENTER),2026-07-05T15:20:00+00:00,636000,bgp,median,16307.692307692309,bgp_outage,ioda_bgp
10299,AS10299 (),2026-07-05T17:35:00+00:00,627900,bgp,median,49538.46153846154,bgp_outage,ioda_bgp
28656,AS28656 (),2026-07-05T21:30:00+00:00,613800,bgp,median,143578.94736842104,bgp_outage,ioda_bgp
29713,AS29713 (ELIA-60),2026-07-05T23:00:00+00:00,608400,bgp,median,101400.0,bgp_outage,ioda_bgp
400618,AS400618 (PRIME-SEC),2026-07-06T02:10:00+00:00,597000,bgp,median,30151.515151515152,bgp_outage,ioda_bgp
398704,AS398704 (STACKS-INC-01),2026-07-06T03:05:00+00:00,181500,bgp,median,3781.25,bgp_outage,ioda_bgp
15149,AS15149 (EZZI-101-BGP),2026-07-06T04:45:00+00:00,587700,bgp,median,237454.54545454544,bgp_outage,ioda_bgp
17483,AS17483 (CITYON-AS-AP),2026-07-06T05:05:00+00:00,586500,bgp,median,18443.396226415094,bgp_outage,ioda_bgp
48330,AS48330 (GIGANET-UA-AS),2026-07-06T06:00:00+00:00,583200,bgp,median,379317.0731707317,bgp_outage,ioda_bgp
203217,AS203217 (HZ),2026-07-06T07:50:00+00:00,576600,bgp,median,12986.486486486487,bgp_outage,ioda_bgp
41201,AS41201 (DOLSAT),2026-07-06T08:25:00+00:00,574500,bgp,median,93590.22556390977,bgp_outage,ioda_bgp
152179,AS152179 (GCNL-AS-AP),2026-07-06T08:30:00+00:00,574200,bgp,median,240285.71428571426,bgp_outage,ioda_bgp
148996,AS148996 (ROROKO-INTERNET-AP),2026-07-06T08:30:00+00:00,574200,bgp,median,544426.6666666666,bgp_outage,ioda_bgp
20454,AS20454 (SSASN2),2026-07-06T08:35:00+00:00,573900,bgp,median,10904.723127035832,bgp_outage,ioda_bgp
18811,AS18811 (MENTOS-INTERNET-SERVICE),2026-07-06T08:40:00+00:00,573600,bgp,median,956000.0,bgp_outage,ioda_bgp
50131,AS50131 (SPARTANHOST),2026-07-06T09:35:00+00:00,570300,bgp,median,13775.36231884058,bgp_outage,ioda_bgp
135062,AS135062 (FBKL-AS-AP),2026-07-06T09:45:00+00:00,569700,bgp,median,632999.9999999999,bgp_outage,ioda_bgp
6698,AS6698 (ARCHERNET),2026-07-06T10:30:00+00:00,567000,bgp,median,17499.999999999996,bgp_outage,ioda_bgp
132384,AS132384 (DCIPL-AS-AP),2026-07-06T11:10:00+00:00,564600,bgp,median,89619.04761904762,bgp_outage,ioda_bgp
33947,AS33947 (WLA-NET-HU-AS),2026-07-06T11:10:00+00:00,564600,bgp,median,57030.30303030303,bgp_outage,ioda_bgp
30036,AS30036 (MEDIACOM-ENTERPRISE-BUSINESS),2026-07-06T12:10:00+00:00,197400,bgp,median,4597.7357155492655,bgp_outage,ioda_bgp
135834,AS135834 (MULTIFI-AS),2026-07-06T12:35:00+00:00,559500,bgp,median,44404.7619047619,bgp_outage,ioda_bgp
53340,AS53340 (FIBERHUB),2026-07-06T13:20:00+00:00,556800,bgp,median,10197.802197802199,bgp_outage,ioda_bgp
33185,AS33185 (HIVE-DATA-CENTER),2026-07-06T13:45:00+00:00,555300,bgp,median,44071.42857142857,bgp_outage,ioda_bgp
263087,AS263087 (),2026-07-06T13:50:00+00:00,555000,bgp,median,102777.77777777778,bgp_outage,ioda_bgp
25198,AS25198 (ZetServers),2026-07-06T14:25:00+00:00,552900,bgp,median,75395.45454545454,bgp_outage,ioda_bgp
44901,AS44901 (belcloud),2026-07-06T14:30:00+00:00,552600,bgp,median,11961.038961038961,bgp_outage,ioda_bgp
204805,AS204805 (voipedeu),2026-07-06T15:35:00+00:00,143100,bgp,median,7014.7058823529405,bgp_outage,ioda_bgp
27138,AS27138 (DNIC-ASBLK-27032-27159),2026-07-06T15:45:00+00:00,548100,bgp,median,12513.698630136985,bgp_outage,ioda_bgp
198584,AS198584 (PIO-Hosting),2026-07-06T15:45:00+00:00,548100,bgp,median,32624.999999999996,bgp_outage,ioda_bgp
197730,AS197730 (BWE-CAPITAL),2026-07-06T17:20:00+00:00,542400,bgp,median,874838.7096774194,bgp_outage,ioda_bgp
5015,AS5015 (SHOUTING),2026-07-06T17:20:00+00:00,542400,bgp,median,29161.290322580644,bgp_outage,ioda_bgp
213120,AS213120 (PROLEXIC-IP-PROTECT),2026-07-06T17:35:00+00:00,150900,bgp,median,4056.4516129032254,bgp_outage,ioda_bgp
11287,AS11287 (AS-MSEA),2026-07-06T17:35:00+00:00,541500,bgp,median,16409.090909090908,bgp_outage,ioda_bgp
140171,AS140171 (REISNS-AS-IN),2026-07-06T18:10:00+00:00,539400,bgp,median,51371.42857142857,bgp_outage,ioda_bgp
394303,AS394303 (BIGSCOOTS),2026-07-06T19:00:00+00:00,536400,bgp,median,27090.909090909092,bgp_outage,ioda_bgp
15964,AS15964 (CAMNET-AS),2026-07-06T20:15:00+00:00,567000,bgp,median,11812.5,bgp_outage,ioda_bgp
205220,AS205220 (RHC-Hosting),2026-07-06T20:50:00+00:00,529800,bgp,median,44150.0,bgp_outage,ioda_bgp
53153,AS53153 (),2026-07-06T21:05:00+00:00,528900,bgp,median,30396.551724137928,bgp_outage,ioda_bgp
28032,AS28032 (),2026-07-06T22:00:00+00:00,525600,bgp,median,145999.99999999997,bgp_outage,ioda_bgp
28329,AS28329 (),2026-07-06T23:40:00+00:00,330600,bgp,median,27378.88198757764,bgp_outage,ioda_bgp
53271,AS53271 (PHENIXCITYCABLE),2026-07-07T02:00:00+00:00,189900,bgp,median,41170.73170731708,bgp_outage,ioda_bgp
35039,AS35039 (SAP_CC),2026-07-07T02:10:00+00:00,510600,bgp,median,12654.275092936803,bgp_outage,ioda_bgp
136841,AS136841 (MTMBALI-AS-ID),2026-07-07T04:05:00+00:00,503700,bgp,median,41975.0,bgp_outage,ioda_bgp
393796,AS393796 (GBTA-ASN),2026-07-07T05:45:00+00:00,497700,bgp,median,17648.936170212764,bgp_outage,ioda_bgp
6995,AS6995 (VRIS-6995),2026-07-07T06:05:00+00:00,298500,bgp,median,14214.285714285714,bgp_outage,ioda_bgp
53180,AS53180 (),2026-07-07T06:30:00+00:00,495000,bgp,median,19186.04651162791,bgp_outage,ioda_bgp
63296,AS63296 (AWBROADBAND),2026-07-07T06:40:00+00:00,339600,bgp,median,20962.96296296296,bgp_outage,ioda_bgp
55154,AS55154 (MADGEN-01),2026-07-07T06:50:00+00:00,208800,bgp,median,7733.333333333334,bgp_outage,ioda_bgp
3299,AS3299 (),2026-07-07T07:10:00+00:00,211800,bgp,median,14120.0,bgp_outage,ioda_bgp
27855,AS27855 (),2026-07-07T07:25:00+00:00,491700,bgp,median,182111.1111111111,bgp_outage,ioda_bgp
48359,AS48359 (Hesabgar-AS),2026-07-07T07:45:00+00:00,76200,bgp,median,4535.714285714285,bgp_outage,ioda_bgp
207253,AS207253 (AS_ZEAG),2026-07-07T09:00:00+00:00,486000,bgp,median,810000.0,bgp_outage,ioda_bgp
8771,AS8771 (YUNET-AS),2026-07-07T09:55:00+00:00,482700,bgp,median,48029.850746268654,bgp_outage,ioda_bgp
25593,AS25593 (LINKBYNET-AS),2026-07-07T10:00:00+00:00,482400,bgp,median,804000.0,bgp_outage,ioda_bgp
5384,AS5384 (EMIRATES-INTERNET),2026-07-07T10:15:00+00:00,72600,bgp,median,3137.763371150729,bgp_outage,ioda_bgp
198961,AS198961 (Orion-Telekom-Montenegro),2026-07-07T10:25:00+00:00,480900,bgp,median,40075.0,bgp_outage,ioda_bgp
5371,AS5371 (DNIC-ASBLK-05120-05376),2026-07-07T11:20:00+00:00,122700,bgp,median,5317.966903073286,bgp_outage,ioda_bgp
3319,AS3319 (URAN),2026-07-07T11:30:00+00:00,477000,bgp,median,72272.72727272728,bgp_outage,ioda_bgp
25764,AS25764 (IFIBER-COMMUNICATIONS),2026-07-07T11:30:00+00:00,477000,bgp,median,795000.0,bgp_outage,ioda_bgp
45305,AS45305 (LDP-AS-ID),2026-07-07T11:45:00+00:00,476100,bgp,median,15558.823529411764,bgp_outage,ioda_bgp
34879,AS34879 (CCT-AS),2026-07-07T11:50:00+00:00,179400,bgp,median,3114.583333333333,bgp_outage,ioda_bgp
269909,AS269909 (),2026-07-07T13:00:00+00:00,94800,bgp,median,6869.565217391304,bgp_outage,ioda_bgp
138968,AS138968 (RAINBOWIDC-AS-AP),2026-07-07T13:05:00+00:00,67500,bgp,median,6081.081081081081,bgp_outage,ioda_bgp
142111,AS142111 (AIYUN-AS-AP),2026-07-07T13:30:00+00:00,469800,bgp,median,15352.941176470587,bgp_outage,ioda_bgp
16578,AS16578 (DATANOC),2026-07-07T13:40:00+00:00,469200,bgp,median,10289.473684210525,bgp_outage,ioda_bgp
28878,AS28878 (SIGNET-AS),2026-07-07T14:00:00+00:00,96300,bgp,median,3614.864864864865,bgp_outage,ioda_bgp
25252,AS25252 (VolvoIT),2026-07-07T14:15:00+00:00,467100,bgp,median,12556.451612903225,bgp_outage,ioda_bgp
37297,AS37297 (OAU-Ife),2026-07-07T14:25:00+00:00,162600,bgp,median,271000.0,bgp_outage,ioda_bgp
328126,AS328126 (ORANGE-CDN-AS),2026-07-07T14:55:00+00:00,464700,bgp,median,33673.91304347826,bgp_outage,ioda_bgp
58273,AS58273 (B4RN-AS),2026-07-07T15:05:00+00:00,237300,bgp,median,4346.153846153847,bgp_outage,ioda_bgp
34665,AS34665 (PINDC-AS),2026-07-07T15:10:00+00:00,463800,bgp,median,16534.759358288768,bgp_outage,ioda_bgp
199452,AS199452 (MS3-AS),2026-07-07T15:10:00+00:00,463800,bgp,median,19325.0,bgp_outage,ioda_bgp
41421,AS41421 (AS-SNT),2026-07-07T15:40:00+00:00,61200,bgp,median,1436.6197183098593,bgp_outage,ioda_bgp
23764,AS23764 (CTGNet),2026-07-07T16:10:00+00:00,229800,bgp,median,6047.368421052632,bgp_outage,ioda_bgp
10229,AS10229 (YAHOO-TW1),2026-07-07T18:15:00+00:00,452700,bgp,median,137181.8181818182,bgp_outage,ioda_bgp
27932,AS27932 (),2026-07-07T19:05:00+00:00,449700,bgp,median,8614.942528735632,bgp_outage,ioda_bgp
1493,AS1493 (DNIC-ASBLK-01492-01493),2026-07-07T19:10:00+00:00,92100,bgp,median,5053.497942386832,bgp_outage,ioda_bgp
55286,AS55286 (SERVER-MANIA),2026-07-07T19:25:00+00:00,448500,bgp,median,13505.498821681067,bgp_outage,ioda_bgp
395839,AS395839 (HOSTKEY-USA),2026-07-07T20:10:00+00:00,445800,bgp,median,16152.173913043478,bgp_outage,ioda_bgp
57367,AS57367 (ECO-ATMAN-PL),2026-07-07T20:45:00+00:00,443700,bgp,median,13445.454545454544,bgp_outage,ioda_bgp
45773,AS45773 (HECPERN-AS-PK),2026-07-07T20:55:00+00:00,35100,bgp,median,1244.6808510638298,bgp_outage,ioda_bgp
54723,AS54723 (AS54723-MIDWEST-DATA-CENTER),2026-07-07T20:55:00+00:00,443100,bgp,median,26374.999999999996,bgp_outage,ioda_bgp
24207,AS24207 (EXPRESSNET-AS-ID),2026-07-07T21:30:00+00:00,9600,bgp,median,179.77528089887642,bgp_outage,ioda_bgp
27892,AS27892 (),2026-07-07T21:50:00+00:00,78000,bgp,median,130000.0,bgp_outage,ioda_bgp
15290,AS15290 (ALLST-15290),2026-07-07T21:55:00+00:00,439500,bgp,median,8517.441860465116,bgp_outage,ioda_bgp
30043,AS30043 (RBAND-AS30043),2026-07-07T21:55:00+00:00,48300,bgp,median,3220.0,bgp_outage,ioda_bgp
12654,AS12654 (RIPE-NCC-RIS-AS),2026-07-07T22:00:00+00:00,21600,bgp,median,10800.0,bgp_outage,ioda_bgp
46513,AS46513 (ALARM-PROD-US-AS),2026-07-07T22:20:00+00:00,438000,bgp,median,447419.3548387097,bgp_outage,ioda_bgp
200899,AS200899 (INTERSPACE-EUROPE),2026-07-07T23:15:00+00:00,2700,bgp,median,1000.0,bgp_outage,ioda_bgp
48147,AS48147 (AminIDC),2026-07-07T23:20:00+00:00,3000,bgp,median,142.85714285714286,bgp_outage,ioda_bgp
209854,AS209854 (SURFSHARK),2026-07-07T23:20:00+00:00,3900,bgp,median,75.80174927113703,bgp_outage,ioda_bgp
271942,AS271942 (),2026-07-07T23:40:00+00:00,1500,bgp,median,1250.0,bgp_outage,ioda_bgp
57976,AS57976 (BLIZZARD),2026-07-07T23:40:00+00:00,433200,bgp,median,8298.850574712644,bgp_outage,ioda_bgp
9069,AS9069 (),2026-07-07T23:50:00+00:00,11700,bgp,median,12000.0,bgp_outage,ioda_bgp
36935,AS36935 (Vodafone-EG),2026-07-07T23:55:00+00:00,1800,bgp,median,1861.9701492537313,bgp_outage,ioda_bgp
13979,AS13979 (ATT-IPFR),2026-07-08T00:00:00+00:00,3600,bgp,median,853.3333333333333,bgp_outage,ioda_bgp
10100,AS10100 (UBSGROUPAG-AS-AP),2026-07-08T00:00:00+00:00,3600,bgp,median,115.38461538461539,bgp_outage,ioda_bgp
28964,AS28964 (ORIONTELEKOMTIM-AS),2026-07-08T00:05:00+00:00,1200,bgp,median,133.33333333333334,bgp_outage,ioda_bgp
56582,AS56582 (NETFACTOR-ASN),2026-07-08T00:35:00+00:00,41100,bgp,median,1427.083333333333,bgp_outage,ioda_bgp
61112,AS61112 (VALI-AS),2026-07-08T01:15:00+00:00,114900,bgp,median,5847.328244274809,bgp_outage,ioda_bgp
43599,AS43599 (NWEWN-AS),2026-07-08T01:15:00+00:00,1800,bgp,median,3000.0,bgp_outage,ioda_bgp
44533,AS44533 (Davydov-NET),2026-07-08T01:30:00+00:00,12600,bgp,median,2534.4827586206898,bgp_outage,ioda_bgp
37020,AS37020 (CELTEL-DRC),2026-07-08T01:40:00+00:00,10500,bgp,median,472.97297297297297,bgp_outage,ioda_bgp
10798,AS10798 (SBICSA),2026-07-08T01:45:00+00:00,4800,bgp,median,96.3855421686747,bgp_outage,ioda_bgp
48851,AS48851 (radware),2026-07-08T02:00:00+00:00,3600,bgp,median,155.17241379310346,bgp_outage,ioda_bgp
262253,AS262253 (),2026-07-08T02:00:00+00:00,3600,bgp,median,4604.6511627906975,bgp_outage,ioda_bgp
262589,AS262589 (),2026-07-08T02:00:00+00:00,3600,bgp,median,77.7537796976242,bgp_outage,ioda_bgp
27843,AS27843 (),2026-07-08T02:00:00+00:00,3600,bgp,median,390.5325443786983,bgp_outage,ioda_bgp
16260,AS16260 (GTT-AUS),2026-07-08T02:00:00+00:00,3600,bgp,median,187.5,bgp_outage,ioda_bgp
17428,AS17428 (CHINA-ABITCOOL),2026-07-08T02:00:00+00:00,3600,bgp,median,1052.6315789473683,bgp_outage,ioda_bgp
59045,AS59045 (SUNHONGS),2026-07-08T02:00:00+00:00,3600,bgp,median,2160.0,bgp_outage,ioda_bgp
56282,AS56282 (VClouD),2026-07-08T02:00:00+00:00,3600,bgp,median,2400.0,bgp_outage,ioda_bgp
55990,AS55990 (HWCSNET),2026-07-08T02:00:00+00:00,3600,bgp,median,553.4804753820034,bgp_outage,ioda_bgp
38365,AS38365 (Baidu),2026-07-08T02:00:00+00:00,3600,bgp,median,179.23186344238974,bgp_outage,ioda_bgp
59019,AS59019 (BJKSCNET),2026-07-08T02:00:00+00:00,3600,bgp,median,302.3255813953488,bgp_outage,ioda_bgp
45079,AS45079 (GDSNET),2026-07-08T02:00:00+00:00,3600,bgp,median,2914.285714285714,bgp_outage,ioda_bgp
4816,AS4816 (CHINANET-IDC-GD),2026-07-08T02:00:00+00:00,3600,bgp,median,348.83720930232556,bgp_outage,ioda_bgp
50004,AS50004 (DKS-AS),2026-07-08T02:05:00+00:00,1200,bgp,median,2000.0,bgp_outage,ioda_bgp
51522,AS51522 (ONLINE),2026-07-08T02:20:00+00:00,900,bgp,median,1500.0,bgp_outage,ioda_bgp
15472,AS15472 (ASN-NEWSOFT),2026-07-08T02:25:00+00:00,8100,bgp,median,12886.363636363636,bgp_outage,ioda_bgp
28964,AS28964 (ORIONTELEKOMTIM-AS),2026-07-08T02:25:00+00:00,900,bgp,median,66.66666666666667,bgp_outage,ioda_bgp
32738,AS32738 (HYBRID-WIRELESS),2026-07-08T02:40:00+00:00,183600,bgp,median,58846.15384615385,bgp_outage,ioda_bgp
15102,AS15102 (ASN-WIBAND-1),2026-07-08T02:40:00+00:00,142200,bgp,median,31081.967213114756,bgp_outage,ioda_bgp
41034,AS41034 (IMPULS-AS),2026-07-08T02:45:00+00:00,13200,bgp,median,830.1886792452831,bgp_outage,ioda_bgp
9430,AS9430 (STPI-NOIDA),2026-07-08T02:55:00+00:00,421500,bgp,median,20071.428571428572,bgp_outage,ioda_bgp
46783,AS46783,2026-07-08T02:55:00+00:00,431100,bgp,median,59874.99999999999,bgp_outage,ioda_bgp
47118,AS47118 (MANNET-AS),2026-07-08T03:05:00+00:00,8100,bgp,median,675.0,bgp_outage,ioda_bgp
263210,AS263210 (),2026-07-08T03:15:00+00:00,32700,bgp,median,3114.285714285714,bgp_outage,ioda_bgp
47215,AS47215 (FILOO-ASN),2026-07-08T03:15:00+00:00,1500,bgp,median,149.25373134328356,bgp_outage,ioda_bgp
264758,AS264758 (),2026-07-08T03:30:00+00:00,29400,bgp,median,1256.4102564102564,bgp_outage,ioda_bgp
30722,AS30722 (VODAFONE-IT-ASN),2026-07-08T03:45:00+00:00,88800,bgp,median,1749.699824512792,bgp_outage,ioda_bgp
56120,AS56120 (TOT-MOBILE-AS-AP),2026-07-08T03:55:00+00:00,417900,bgp,median,325033.3333333333,bgp_outage,ioda_bgp
13979,AS13979 (ATT-IPFR),2026-07-08T04:00:00+00:00,3600,bgp,median,853.3333333333333,bgp_outage,ioda_bgp
10100,AS10100 (UBSGROUPAG-AS-AP),2026-07-08T04:00:00+00:00,3600,bgp,median,115.38461538461539,bgp_outage,ioda_bgp
54004,AS54004 (OPTIMUM-WIFI2),2026-07-08T04:10:00+00:00,900,bgp,median,17.429193899782135,bgp_outage,ioda_bgp
57324,AS57324 (MASARAT),2026-07-08T04:25:00+00:00,3000,bgp,median,147.05882352941174,bgp_outage,ioda_bgp
14280,AS14280 (NETNATION),2026-07-08T04:25:00+00:00,416100,bgp,median,306959.0163934426,bgp_outage,ioda_bgp
5387,AS5387 (NSC),2026-07-08T04:30:00+00:00,2700,bgp,median,281.25,bgp_outage,ioda_bgp
138077,AS138077 (IDNIC-ABHINAWA-AS-ID),2026-07-08T04:40:00+00:00,415200,bgp,median,11728.813559322034,bgp_outage,ioda_bgp
28403,AS28403 (),2026-07-08T04:40:00+00:00,1200,bgp,median,56.33802816901409,bgp_outage,ioda_bgp
16260,AS16260 (GTT-AUS),2026-07-08T05:00:00+00:00,3600,bgp,median,187.5,bgp_outage,ioda_bgp
272809,AS272809 (),2026-07-08T05:00:00+00:00,900,bgp,median,85.71428571428572,bgp_outage,ioda_bgp
24634,AS24634 (Cyberia-AS),2026-07-08T05:10:00+00:00,39000,bgp,median,1130.4347826086955,bgp_outage,ioda_bgp
28590,AS28590 (),2026-07-08T05:10:00+00:00,10800,bgp,median,230.76923076923075,bgp_outage,ioda_bgp
11489,AS11489 (BACI),2026-07-08T05:10:00+00:00,900,bgp,median,161.25,bgp_outage,ioda_bgp
21232,AS21232 (GGAMAUR),2026-07-08T05:15:00+00:00,900,bgp,median,24.896265560165975,bgp_outage,ioda_bgp
47139,AS47139 (INDIGO-TAJIKISTAN-AS),2026-07-08T05:30:00+00:00,12300,bgp,median,3727.2727272727275,bgp_outage,ioda_bgp
265594,AS265594 (),2026-07-08T05:30:00+00:00,60600,bgp,median,6167.938931297709,bgp_outage,ioda_bgp
11966,AS11966 (GLOBALDATASYSTEMS-ASN),2026-07-08T05:30:00+00:00,900,bgp,median,130.43478260869566,bgp_outage,ioda_bgp
11601,AS11601 (PICANOC-AS),2026-07-08T05:35:00+00:00,5400,bgp,median,9000.0,bgp_outage,ioda_bgp
57324,AS57324 (MASARAT),2026-07-08T05:40:00+00:00,5400,bgp,median,264.70588235294116,bgp_outage,ioda_bgp
9049,AS9049 (ERTH-TRANSIT-AS),2026-07-08T05:45:00+00:00,3900,bgp,median,130.0,bgp_outage,ioda_bgp
57374,AS57374 (GIV-AS),2026-07-08T05:45:00+00:00,1200,bgp,median,166.66666666666663,bgp_outage,ioda_bgp
12654,AS12654 (RIPE-NCC-RIS-AS),2026-07-08T06:00:00+00:00,21600,bgp,median,5400.0,bgp_outage,ioda_bgp
48161,AS48161 (NG-AS),2026-07-08T06:10:00+00:00,5700,bgp,median,145.23381294964028,bgp_outage,ioda_bgp
197537,AS197537 (WISDOM-CLOUD),2026-07-08T06:15:00+00:00,1800,bgp,median,40.35874439461884,bgp_outage,ioda_bgp
44533,AS44533 (Davydov-NET),2026-07-08T06:20:00+00:00,1500,bgp,median,301.7241379310345,bgp_outage,ioda_bgp
16633,AS16633 (I-3),2026-07-08T06:25:00+00:00,2100,bgp,median,76.08695652173913,bgp_outage,ioda_bgp
23671,AS23671 (JMN-AS-ID),2026-07-08T06:35:00+00:00,12600,bgp,median,777.7777777777777,bgp_outage,ioda_bgp
16863,AS16863 (HOMESC),2026-07-08T06:35:00+00:00,1500,bgp,median,194.17475728155338,bgp_outage,ioda_bgp
11489,AS11489 (BACI),2026-07-08T06:40:00+00:00,1200,bgp,median,215.0,bgp_outage,ioda_bgp
5384,AS5384 (EMIRATES-INTERNET),2026-07-08T07:00:00+00:00,2100,bgp,median,90.76175040518639,bgp_outage,ioda_bgp
31586,AS31586 (AS-TBNLTN),2026-07-08T07:05:00+00:00,900,bgp,median,211.16504854368932,bgp_outage,ioda_bgp
133200,AS133200 (NEOCOMISP-AS-AP),2026-07-08T07:30:00+00:00,2100,bgp,median,102.94117647058823,bgp_outage,ioda_bgp
133278,AS133278 (ENETSOLS-AS-IN),2026-07-08T07:30:00+00:00,6000,bgp,median,333.33333333333337,bgp_outage,ioda_bgp
8867,AS8867 (Tehila-AS),2026-07-08T07:35:00+00:00,404700,bgp,median,26980.0,bgp_outage,ioda_bgp
48715,AS48715 (SEFROYEKPARDAZENG-AS),2026-07-08T07:50:00+00:00,3000,bgp,median,1854.8387096774193,bgp_outage,ioda_bgp
12735,AS12735 (ASTurkNet),2026-07-08T07:50:00+00:00,2100,bgp,median,85.51483420593368,bgp_outage,ioda_bgp
57324,AS57324 (MASARAT),2026-07-08T07:55:00+00:00,2400,bgp,median,117.6470588235294,bgp_outage,ioda_bgp
37546,AS37546 (MIA-TELECOMs),2026-07-08T07:55:00+00:00,3900,bgp,median,6500.0,bgp_outage,ioda_bgp
262808,AS262808 (),2026-07-08T08:00:00+00:00,3600,bgp,median,206.8965517241379,bgp_outage,ioda_bgp
44486,AS44486 (SYNLINQ),2026-07-08T08:00:00+00:00,3600,bgp,median,98.36065573770492,bgp_outage,ioda_bgp
27176,AS27176 (DATAWAGON),2026-07-08T08:00:00+00:00,3600,bgp,median,139.53488372093025,bgp_outage,ioda_bgp
58466,AS58466 (CT-Guangzhou-IDC),2026-07-08T08:00:00+00:00,3600,bgp,median,129.55465587044534,bgp_outage,ioda_bgp
43260,AS43260 (AS43260),2026-07-08T08:00:00+00:00,123600,bgp,median,2512.1951219512193,bgp_outage,ioda_bgp
28086,AS28086 (),2026-07-08T08:00:00+00:00,3600,bgp,median,999.9999999999999,bgp_outage,ioda_bgp
12066,AS12066 (),2026-07-08T08:00:00+00:00,3600,bgp,median,5433.165829145729,bgp_outage,ioda_bgp
18881,AS18881 (),2026-07-08T08:05:00+00:00,3300,bgp,median,1369.7318007662834,bgp_outage,ioda_bgp
394446,AS394446 (NCATS),2026-07-08T08:10:00+00:00,30300,bgp,median,4391.304347826087,bgp_outage,ioda_bgp
26666,AS26666 (INTERSERVER-LAX),2026-07-08T08:15:00+00:00,900,bgp,median,17.857142857142858,bgp_outage,ioda_bgp
17252,AS17252 (AS2-COLOAM),2026-07-08T08:15:00+00:00,900,bgp,median,512.8205128205128,bgp_outage,ioda_bgp
198247,AS198247 (AD1),2026-07-08T08:15:00+00:00,6300,bgp,median,388.88888888888886,bgp_outage,ioda_bgp
22354,AS22354 (UNIV-DAR),2026-07-08T08:15:00+00:00,1200,bgp,median,2000.0,bgp_outage,ioda_bgp
5504,AS5504 (LOGOSNET),2026-07-08T08:20:00+00:00,900,bgp,median,19.48051948051948,bgp_outage,ioda_bgp
3548,AS3548 (),2026-07-08T08:20:00+00:00,52200,bgp,median,4094.117647058824,bgp_outage,ioda_bgp
28590,AS28590 (),2026-07-08T08:25:00+00:00,900,bgp,median,19.23076923076923,bgp_outage,ioda_bgp
131471,AS131471 (LOGINMEPVTLTD-AS-AP),2026-07-08T08:30:00+00:00,6300,bgp,median,1884.6153846153845,bgp_outage,ioda_bgp
271907,AS271907 (),2026-07-08T08:35:00+00:00,6300,bgp,median,670.2127659574468,bgp_outage,ioda_bgp
48147,AS48147 (AminIDC),2026-07-08T08:40:00+00:00,2400,bgp,median,114.28571428571429,bgp_outage,ioda_bgp
206283,AS206283 (YAHSAT-FRANKFURT),2026-07-08T08:45:00+00:00,5700,bgp,median,169.64285714285714,bgp_outage,ioda_bgp
37170,AS37170 (UNILAG),2026-07-08T08:50:00+00:00,14100,bgp,median,11750.0,bgp_outage,ioda_bgp
395973,AS395973 (GOOGLE-2),2026-07-08T09:00:00+00:00,12900,bgp,median,447.91666666666663,bgp_outage,ioda_bgp
24207,AS24207 (EXPRESSNET-AS-ID),2026-07-08T09:05:00+00:00,37200,bgp,median,696.6292134831461,bgp_outage,ioda_bgp
24435,AS24435 (SUPERNET-PAKISTAN-AS-AP),2026-07-08T09:05:00+00:00,4500,bgp,median,104.16666666666666,bgp_outage,ioda_bgp
41421,AS41421 (AS-SNT),2026-07-08T09:10:00+00:00,4500,bgp,median,105.63380281690142,bgp_outage,ioda_bgp
6703,AS6703 (ALKAR-AS),2026-07-08T09:15:00+00:00,398700,bgp,median,14790.14308426073,bgp_outage,ioda_bgp
37308,AS37308 (COOLLINK),2026-07-08T09:15:00+00:00,7200,bgp,median,387.09677419354836,bgp_outage,ioda_bgp
22354,AS22354 (UNIV-DAR),2026-07-08T09:25:00+00:00,1800,bgp,median,1999.9999999999998,bgp_outage,ioda_bgp
19905,AS19905 (ULTRADDOS),2026-07-08T09:25:00+00:00,40500,bgp,median,2343.75,bgp_outage,ioda_bgp
26577,AS26577 (BAESYSTEMS),2026-07-08T09:25:00+00:00,398100,bgp,median,294888.8888888889,bgp_outage,ioda_bgp
5839,AS5839 (DNIC-ASBLK-05800-06055),2026-07-08T09:30:00+00:00,1500,bgp,median,132.45033112582783,bgp_outage,ioda_bgp
306,AS306 (DNIC-ASBLK-00306-00371),2026-07-08T09:40:00+00:00,39300,bgp,median,969.5287655391732,bgp_outage,ioda_bgp
133301,AS133301 (DWANIRINN-AS),2026-07-08T09:40:00+00:00,3000,bgp,median,185.18518518518516,bgp_outage,ioda_bgp
38731,AS38731 (VTDC-AS-VN),2026-07-08T10:00:00+00:00,3600,bgp,median,352.94117647058823,bgp_outage,ioda_bgp
38726,AS38726 (VTCDIGICOM-AS-VN),2026-07-08T10:00:00+00:00,3600,bgp,median,1148.936170212766,bgp_outage,ioda_bgp
16260,AS16260 (GTT-AUS),2026-07-08T10:00:00+00:00,3600,bgp,median,187.5,bgp_outage,ioda_bgp
32875,AS32875 (VIRPUS),2026-07-08T10:00:00+00:00,3600,bgp,median,214.28571428571428,bgp_outage,ioda_bgp
56971,AS56971 (CloudBackbone),2026-07-08T10:00:00+00:00,396000,bgp,median,7630.057803468208,bgp_outage,ioda_bgp
41421,AS41421 (AS-SNT),2026-07-08T10:30:00+00:00,1800,bgp,median,42.25352112676057,bgp_outage,ioda_bgp
48147,AS48147 (AminIDC),2026-07-08T10:35:00+00:00,2400,bgp,median,114.28571428571429,bgp_outage,ioda_bgp
327872,AS327872 (IBITS-Internet),2026-07-08T10:35:00+00:00,900,bgp,median,1500.0,bgp_outage,ioda_bgp
200899,AS200899 (INTERSPACE-EUROPE),2026-07-08T10:40:00+00:00,1200,bgp,median,444.44444444444446,bgp_outage,ioda_bgp
5384,AS5384 (EMIRATES-INTERNET),2026-07-08T10:45:00+00:00,9900,bgp,median,427.87682333873585,bgp_outage,ioda_bgp
40676,AS40676 (AS40676),2026-07-08T10:50:00+00:00,9300,bgp,median,950.7845934379457,bgp_outage,ioda_bgp
56911,AS56911 (ASN-WARIAN),2026-07-08T10:50:00+00:00,900,bgp,median,80.35714285714285,bgp_outage,ioda_bgp
13414,AS13414 (TWITTER),2026-07-08T10:50:00+00:00,393000,bgp,median,158787.87878787878,bgp_outage,ioda_bgp
205659,AS205659 (CODE200-ISP2),2026-07-08T10:50:00+00:00,900,bgp,median,230.76923076923077,bgp_outage,ioda_bgp
7489,AS7489 (HOSTUS-GLOBAL-AS),2026-07-08T10:50:00+00:00,24900,bgp,median,432.29166666666663,bgp_outage,ioda_bgp
29838,AS29838 (AMC),2026-07-08T10:50:00+00:00,9300,bgp,median,877.9296875,bgp_outage,ioda_bgp
27176,AS27176 (DATAWAGON),2026-07-08T11:00:00+00:00,3600,bgp,median,139.53488372093025,bgp_outage,ioda_bgp
58466,AS58466 (CT-Guangzhou-IDC),2026-07-08T11:00:00+00:00,3600,bgp,median,97.16599190283401,bgp_outage,ioda_bgp
18881,AS18881 (),2026-07-08T11:00:00+00:00,3600,bgp,median,1494.2528735632184,bgp_outage,ioda_bgp
35319,AS35319 (as48964),2026-07-08T11:10:00+00:00,2400,bgp,median,4000.0,bgp_outage,ioda_bgp
36907,AS36907 (TVCaboAngola),2026-07-08T11:10:00+00:00,1200,bgp,median,40.40404040404041,bgp_outage,ioda_bgp
44050,AS44050 (PIN-AS),2026-07-08T11:20:00+00:00,2700,bgp,median,361.8090452261306,bgp_outage,ioda_bgp
56911,AS56911 (ASN-WARIAN),2026-07-08T11:40:00+00:00,2100,bgp,median,187.5,bgp_outage,ioda_bgp
262663,AS262663 (),2026-07-08T11:55:00+00:00,82800,bgp,median,1516.4835164835167,bgp_outage,ioda_bgp
48470,AS48470 (JSCMTUKRISTALL-AS),2026-07-08T11:55:00+00:00,900,bgp,median,617.6470588235294,bgp_outage,ioda_bgp
34156,AS34156 (BAHN-AS-BLN),2026-07-08T12:00:00+00:00,388800,bgp,median,92571.42857142857,bgp_outage,ioda_bgp
56582,AS56582 (NETFACTOR-ASN),2026-07-08T12:05:00+00:00,77100,bgp,median,2677.083333333333,bgp_outage,ioda_bgp
12418,AS12418 (QUANTUM),2026-07-08T12:10:00+00:00,2100,bgp,median,39.47368421052631,bgp_outage,ioda_bgp
31736,AS31736 (SENSELAN-AS),2026-07-08T12:10:00+00:00,388200,bgp,median,8402.597402597403,bgp_outage,ioda_bgp
41165,AS41165 (UNTC-AS),2026-07-08T12:15:00+00:00,1500,bgp,median,2045.4545454545457,bgp_outage,ioda_bgp
26666,AS26666 (INTERSERVER-LAX),2026-07-08T12:15:00+00:00,900,bgp,median,17.857142857142858,bgp_outage,ioda_bgp
17252,AS17252 (AS2-COLOAM),2026-07-08T12:15:00+00:00,900,bgp,median,512.8205128205128,bgp_outage,ioda_bgp
51540,AS51540 (DALNET-ASN),2026-07-08T12:15:00+00:00,155400,bgp,median,6023.2558139534885,bgp_outage,ioda_bgp
47169,AS47169 (HPC-MVM-AS),2026-07-08T12:20:00+00:00,387600,bgp,median,34918.91891891892,bgp_outage,ioda_bgp
40065,AS40065 (CNSERVERS),2026-07-08T12:20:00+00:00,387600,bgp,median,7154.591601292109,bgp_outage,ioda_bgp
37531,AS37531 (AIRTEL-NIGER),2026-07-08T12:30:00+00:00,3900,bgp,median,2267.441860465116,bgp_outage,ioda_bgp
395973,AS395973 (GOOGLE-2),2026-07-08T12:40:00+00:00,386400,bgp,median,13416.666666666664,bgp_outage,ioda_bgp
1416,AS1416 (CHICAGO-PUBLIC-SCHOOLS),2026-07-08T13:05:00+00:00,4200,bgp,median,5600.0,bgp_outage,ioda_bgp
16596,AS16596 (),2026-07-08T13:15:00+00:00,17400,bgp,median,453.125,bgp_outage,ioda_bgp
39891,AS39891 (ALJAWWALSTC-AS),2026-07-08T13:15:00+00:00,6600,bgp,median,296.02446483180427,bgp_outage,ioda_bgp
3551,AS3551 (),2026-07-08T13:20:00+00:00,22800,bgp,median,1401.639344262295,bgp_outage,ioda_bgp
44629,AS44629 (POINTUA-AS),2026-07-08T13:25:00+00:00,900,bgp,median,1500.0,bgp_outage,ioda_bgp
135060,AS135060 (TELAIRPTYLTD-AS-AP),2026-07-08T13:35:00+00:00,8400,bgp,median,2450.0,bgp_outage,ioda_bgp
62523,AS62523 (CIRBN-LLC),2026-07-08T13:40:00+00:00,2100,bgp,median,53.84615384615385,bgp_outage,ioda_bgp
12654,AS12654 (RIPE-NCC-RIS-AS),2026-07-08T14:00:00+00:00,7200,bgp,median,4200.0,bgp_outage,ioda_bgp
27176,AS27176 (DATAWAGON),2026-07-08T14:00:00+00:00,3600,bgp,median,139.53488372093025,bgp_outage,ioda_bgp
58466,AS58466 (CT-Guangzhou-IDC),2026-07-08T14:00:00+00:00,3600,bgp,median,97.16599190283401,bgp_outage,ioda_bgp
18881,AS18881 (),2026-07-08T14:00:00+00:00,3600,bgp,median,1494.2528735632184,bgp_outage,ioda_bgp
20472,AS20472 (SYNN),2026-07-08T14:00:00+00:00,1800,bgp,median,76.92307692307692,bgp_outage,ioda_bgp
45432,AS45432 (MBTNET-IN),2026-07-08T14:05:00+00:00,3000,bgp,median,53.76344086021506,bgp_outage,ioda_bgp
152672,AS152672 (AIYUN-AS-AP),2026-07-08T14:40:00+00:00,3300,bgp,median,236.55913978494627,bgp_outage,ioda_bgp
54252,AS54252 (SP-NYJ),2026-07-08T14:40:00+00:00,379200,bgp,median,46814.81481481481,bgp_outage,ioda_bgp
28086,AS28086 (),2026-07-08T14:45:00+00:00,900,bgp,median,249.99999999999997,bgp_outage,ioda_bgp
12066,AS12066 (),2026-07-08T14:45:00+00:00,900,bgp,median,1358.2914572864322,bgp_outage,ioda_bgp
9125,AS9125 (ORIONTELEKOM-AS),2026-07-08T14:45:00+00:00,378900,bgp,median,6550.8298755186715,bgp_outage,ioda_bgp
394769,AS394769 (UMF-7-AS),2026-07-08T14:45:00+00:00,30600,bgp,median,2999.9999999999995,bgp_outage,ioda_bgp
398432,AS398432 (WANRACK),2026-07-08T15:05:00+00:00,27600,bgp,median,44516.12903225807,bgp_outage,ioda_bgp
395753,AS395753 (KKR),2026-07-08T15:10:00+00:00,2400,bgp,median,133.33333333333334,bgp_outage,ioda_bgp
36907,AS36907 (TVCaboAngola),2026-07-08T15:10:00+00:00,900,bgp,median,30.303030303030305,bgp_outage,ioda_bgp
49788,AS49788 (NEXTHOP),2026-07-08T15:10:00+00:00,2100,bgp,median,75.67567567567568,bgp_outage,ioda_bgp
1651,AS1651 (CABLELYNX),2026-07-08T15:10:00+00:00,25500,bgp,median,3863.636363636364,bgp_outage,ioda_bgp
149440,AS149440 (EVOXTENTERPRISE-AS-AP),2026-07-08T15:15:00+00:00,900,bgp,median,139.53488372093025,bgp_outage,ioda_bgp
20472,AS20472 (SYNN),2026-07-08T15:20:00+00:00,3600,bgp,median,153.84615384615384,bgp_outage,ioda_bgp
48470,AS48470 (JSCMTUKRISTALL-AS),2026-07-08T15:25:00+00:00,32700,bgp,median,16029.411764705883,bgp_outage,ioda_bgp
37451,AS37451 (CongoTelecom),2026-07-08T15:25:00+00:00,1800,bgp,median,176.47058823529412,bgp_outage,ioda_bgp
5384,AS5384 (EMIRATES-INTERNET),2026-07-08T15:40:00+00:00,62400,bgp,median,2696.9205834683953,bgp_outage,ioda_bgp
210489,AS210489 (Beyond_ASN),2026-07-08T15:45:00+00:00,60000,bgp,median,9090.909090909092,bgp_outage,ioda_bgp
64267,AS64267 (AS-SPRIOUS),2026-07-08T15:55:00+00:00,374700,bgp,median,17454.96894409938,bgp_outage,ioda_bgp
397630,AS397630 (AS-BLAZINGSEO),2026-07-08T15:55:00+00:00,374700,bgp,median,57646.15384615385,bgp_outage,ioda_bgp
16260,AS16260 (GTT-AUS),2026-07-08T16:00:00+00:00,3600,bgp,median,187.5,bgp_outage,ioda_bgp
269909,AS269909 (),2026-07-08T16:00:00+00:00,374400,bgp,median,27130.434782608696,bgp_outage,ioda_bgp
132298,AS132298 (ADCL-AS-AP),2026-07-08T16:05:00+00:00,900,bgp,median,75.0,bgp_outage,ioda_bgp
25151,AS25151 (CYSO-AS),2026-07-08T16:20:00+00:00,373200,bgp,median,19746.031746031746,bgp_outage,ioda_bgp
262643,AS262643 (),2026-07-08T16:20:00+00:00,373200,bgp,median,69111.11111111111,bgp_outage,ioda_bgp
35928,AS35928 (BECKMAN-COULTER-ASN),2026-07-08T16:25:00+00:00,56400,bgp,median,10444.444444444443,bgp_outage,ioda_bgp
13904,AS13904 (COSLINK),2026-07-08T16:30:00+00:00,249900,bgp,median,5825.174825174825,bgp_outage,ioda_bgp
2648,AS2648 (NOAA-BOULDER),2026-07-08T16:40:00+00:00,372000,bgp,median,21802.197802197803,bgp_outage,ioda_bgp
31775,AS31775 (GREENLIGHT-NETWORKS),2026-07-08T16:45:00+00:00,4800,bgp,median,251.57232704402517,bgp_outage,ioda_bgp
28878,AS28878 (SIGNET-AS),2026-07-08T16:50:00+00:00,371400,bgp,median,13941.441441441442,bgp_outage,ioda_bgp
263478,AS263478 (),2026-07-08T16:55:00+00:00,1500,bgp,median,1000.0,bgp_outage,ioda_bgp
14677,AS14677 (CLICK-NETWORK),2026-07-08T17:00:00+00:00,2700,bgp,median,437.50000000000006,bgp_outage,ioda_bgp
14065,AS14065 (TWC-14065-COUDERSPORT),2026-07-08T17:00:00+00:00,35100,bgp,median,45500.00000000001,bgp_outage,ioda_bgp
27425,AS27425 (ASN-IDK-27425),2026-07-08T17:00:00+00:00,370800,bgp,median,55461.53846153846,bgp_outage,ioda_bgp
212424,AS212424 (VIAREZO),2026-07-08T17:05:00+00:00,1800,bgp,median,3000.0,bgp_outage,ioda_bgp
13480,AS13480 (OGOPS),2026-07-08T17:05:00+00:00,7200,bgp,median,5538.461538461538,bgp_outage,ioda_bgp
36907,AS36907 (TVCaboAngola),2026-07-08T17:30:00+00:00,10200,bgp,median,343.4343434343435,bgp_outage,ioda_bgp
12654,AS12654 (RIPE-NCC-RIS-AS),2026-07-08T18:00:00+00:00,7200,bgp,median,600.0,bgp_outage,ioda_bgp
5839,AS5839 (DNIC-ASBLK-05800-06055),2026-07-08T18:05:00+00:00,1200,bgp,median,105.96026490066225,bgp_outage,ioda_bgp
30286,AS30286 (THM),2026-07-08T18:05:00+00:00,1800,bgp,median,300.0,bgp_outage,ioda_bgp
33922,AS33922 (NTT-LT-AS),2026-07-08T18:30:00+00:00,4800,bgp,median,179.77528089887642,bgp_outage,ioda_bgp
47674,AS47674 (NETSOLUTIONS),2026-07-08T18:40:00+00:00,2100,bgp,median,2500.0,bgp_outage,ioda_bgp
11178,AS11178 (ACCESSPLUS-COMMUNICATIONS),2026-07-08T18:45:00+00:00,364500,bgp,median,30375.0,bgp_outage,ioda_bgp
5839,AS5839 (DNIC-ASBLK-05800-06055),2026-07-08T18:50:00+00:00,11700,bgp,median,258.27814569536423,bgp_outage,ioda_bgp
206026,AS206026 (ipnet_kar-tel),2026-07-08T19:00:00+00:00,900,bgp,median,15.151515151515152,bgp_outage,ioda_bgp
54253,AS54253 (ORCL-CHICAGO-PP),2026-07-08T19:00:00+00:00,69300,bgp,median,2264.705882352941,bgp_outage,ioda_bgp
28086,AS28086 (),2026-07-08T19:15:00+00:00,6300,bgp,median,1749.9999999999998,bgp_outage,ioda_bgp
11976,AS11976 (FIDN),2026-07-08T19:15:00+00:00,900,bgp,median,77.65667574931881,bgp_outage,ioda_bgp
206026,AS206026 (ipnet_kar-tel),2026-07-08T19:20:00+00:00,900,bgp,median,15.151515151515152,bgp_outage,ioda_bgp
206026,AS206026 (ipnet_kar-tel),2026-07-08T19:40:00+00:00,900,bgp,median,15.151515151515152,bgp_outage,ioda_bgp
14571,AS14571 (),2026-07-08T19:40:00+00:00,59400,bgp,median,99000.0,bgp_outage,ioda_bgp
9387,AS9387 (SHARPTEL-AS-AP),2026-07-08T19:45:00+00:00,4500,bgp,median,1956.5217391304348,bgp_outage,ioda_bgp
206026,AS206026 (ipnet_kar-tel),2026-07-08T20:00:00+00:00,900,bgp,median,15.151515151515152,bgp_outage,ioda_bgp
31721,AS31721 (AZERCELL-AS),2026-07-08T20:00:00+00:00,1200,bgp,median,122.13740458015266,bgp_outage,ioda_bgp
52962,AS52962 (),2026-07-08T20:25:00+00:00,358500,bgp,median,597500.0,bgp_outage,ioda_bgp
44533,AS44533 (Davydov-NET),2026-07-08T20:35:00+00:00,9000,bgp,median,1810.3448275862067,bgp_outage,ioda_bgp
60436,AS60436 (AS_KBCGROUP_DCBE),2026-07-08T20:45:00+00:00,900,bgp,median,21.73913043478261,bgp_outage,ioda_bgp
133661,AS133661 (NETPLUS-AS),2026-07-08T20:55:00+00:00,1200,bgp,median,28.985507246376812,bgp_outage,ioda_bgp
13979,AS13979 (ATT-IPFR),2026-07-08T21:00:00+00:00,3600,bgp,median,853.3333333333333,bgp_outage,ioda_bgp
10100,AS10100 (UBSGROUPAG-AS-AP),2026-07-08T21:00:00+00:00,3600,bgp,median,115.38461538461539,bgp_outage,ioda_bgp
27064,AS27064 (DNIC-ASBLK-27032-27159),2026-07-08T21:00:00+00:00,5400,bgp,median,139.31888544891643,bgp_outage,ioda_bgp
9311,AS9311 (HITRON-AS-AP),2026-07-08T21:00:00+00:00,1800,bgp,median,1285.7142857142856,bgp_outage,ioda_bgp
19905,AS19905 (ULTRADDOS),2026-07-08T21:05:00+00:00,10800,bgp,median,250.0,bgp_outage,ioda_bgp
2,AS2 (UDEL-DCN),2026-07-08T21:15:00+00:00,6300,bgp,median,713.8810198300284,bgp_outage,ioda_bgp
139190,AS139190 (GOOGLE-AS-AP),2026-07-08T21:15:00+00:00,6300,bgp,median,3796.758104738155,bgp_outage,ioda_bgp
18004,AS18004 (WIRELESSNET-ID),2026-07-08T21:15:00+00:00,6300,bgp,median,218.74999999999997,bgp_outage,ioda_bgp
45820,AS45820 (TTSL-MEISISP),2026-07-08T21:15:00+00:00,6300,bgp,median,111.34318766066838,bgp_outage,ioda_bgp
138699,AS138699 (TIKTOK-AS-AP),2026-07-08T21:20:00+00:00,1800,bgp,median,409.09090909090907,bgp_outage,ioda_bgp
197423,AS197423 (JOTEL-AS),2026-07-08T21:25:00+00:00,900,bgp,median,54.21686746987951,bgp_outage,ioda_bgp
1493,AS1493 (DNIC-ASBLK-01492-01493),2026-07-08T21:35:00+00:00,900,bgp,median,49.382716049382715,bgp_outage,ioda_bgp
29076,AS29076 (CITYTELECOM-AS),2026-07-08T21:35:00+00:00,1200,bgp,median,80.92485549132948,bgp_outage,ioda_bgp
25505,AS25505 (CHEREDA-KV-AS),2026-07-08T21:35:00+00:00,1500,bgp,median,2500.0,bgp_outage,ioda_bgp
52271,AS52271 (),2026-07-08T21:45:00+00:00,900,bgp,median,1500.0,bgp_outage,ioda_bgp
52323,AS52323 (),2026-07-08T21:45:00+00:00,900,bgp,median,193.9655172413793,bgp_outage,ioda_bgp
12654,AS12654 (RIPE-NCC-RIS-AS),2026-07-08T22:00:00+00:00,7200,bgp,median,3600.0,bgp_outage,ioda_bgp
1493,AS1493 (DNIC-ASBLK-01492-01493),2026-07-08T22:00:00+00:00,58200,bgp,median,3193.4156378600824,bgp_outage,ioda_bgp
818,AS818 (DOC-AS),2026-07-08T22:20:00+00:00,1200,bgp,median,2000.0,bgp_outage,ioda_bgp
3766,AS3766 (SSC-299-Z-3766),2026-07-08T22:25:00+00:00,900,bgp,median,921.9687875150059,bgp_outage,ioda_bgp
44725,AS44725 (AZQTEL-AS),2026-07-08T22:25:00+00:00,9900,bgp,median,12878.048780487805,bgp_outage,ioda_bgp
11840,AS11840 (VGRS-REGISTRY-AS),2026-07-08T22:50:00+00:00,80700,bgp,median,6113.636363636364,bgp_outage,ioda_bgp
39087,AS39087 (PAKT-AS),2026-07-08T23:00:00+00:00,2100,bgp,median,129.62962962962962,bgp_outage,ioda_bgp
13659,AS13659 (INTERTECH),2026-07-08T23:05:00+00:00,2400,bgp,median,400.0,bgp_outage,ioda_bgp
398808,AS398808 (ACS-PUBLIC-01),2026-07-08T23:10:00+00:00,11100,bgp,median,711.5384615384615,bgp_outage,ioda_bgp
36184,AS36184 (VIRTU-FINANCIAL),2026-07-08T23:10:00+00:00,11100,bgp,median,770.8333333333333,bgp_outage,ioda_bgp
199391,AS199391 (XGlobe-199391),2026-07-08T23:10:00+00:00,11100,bgp,median,440.4761904761905,bgp_outage,ioda_bgp
14860,AS14860 (AS-SMARTCOM),2026-07-08T23:20:00+00:00,348000,bgp,median,53333.33333333333,bgp_outage,ioda_bgp
37684,AS37684 (ANGANI-AS),2026-07-09T00:00:00+00:00,3600,bgp,median,999.9999999999999,bgp_outage,ioda_bgp
37645,AS37645 (ZAP-Angola),2026-07-09T00:05:00+00:00,9600,bgp,median,175.82417582417582,bgp_outage,ioda_bgp
204601,AS204601 (ON-LINE-DATA),2026-07-09T00:10:00+00:00,900,bgp,median,37.26708074534161,bgp_outage,ioda_bgp
13285,AS13285 (OPALTELECOM-AS),2026-07-09T00:20:00+00:00,344400,bgp,median,43918.943152609245,bgp_outage,ioda_bgp
18111,AS18111 (NETSPEED-AS-AP),2026-07-09T00:20:00+00:00,3900,bgp,median,6500.0,bgp_outage,ioda_bgp
133594,AS133594 (WPIS-AS),2026-07-09T00:25:00+00:00,3300,bgp,median,407.40740740740733,bgp_outage,ioda_bgp
7575,AS7575 (AARNET-AS-AP),2026-07-09T00:25:00+00:00,35700,bgp,median,873.0546909737661,bgp_outage,ioda_bgp
204601,AS204601 (ON-LINE-DATA),2026-07-09T00:30:00+00:00,1800,bgp,median,74.53416149068322,bgp_outage,ioda_bgp
2588,AS2588 (LATNET-AS),2026-07-09T01:00:00+00:00,1500,bgp,median,40.32258064516129,bgp_outage,ioda_bgp
199527,AS199527 (BITE-LT-AS),2026-07-09T01:00:00+00:00,2100,bgp,median,2370.0787401574808,bgp_outage,ioda_bgp
19443,AS19443 (STAPLES),2026-07-09T01:05:00+00:00,341700,bgp,median,16750.0,bgp_outage,ioda_bgp
51151,AS51151 (COMENERSOL-AS),2026-07-09T01:10:00+00:00,22800,bgp,median,1407.4074074074072,bgp_outage,ioda_bgp
44725,AS44725 (AZQTEL-AS),2026-07-09T01:20:00+00:00,1800,bgp,median,2341.4634146341464,bgp_outage,ioda_bgp
44533,AS44533 (Davydov-NET),2026-07-09T01:50:00+00:00,12300,bgp,median,2474.137931034483,bgp_outage,ioda_bgp
15472,AS15472 (ASN-NEWSOFT),2026-07-09T01:55:00+00:00,1800,bgp,median,2863.6363636363635,bgp_outage,ioda_bgp
12654,AS12654 (RIPE-NCC-RIS-AS),2026-07-09T02:00:00+00:00,7200,bgp,median,1800.0,bgp_outage,ioda_bgp
41378,AS41378 (KirinoNET),2026-07-09T02:00:00+00:00,3600,bgp,median,400.0,bgp_outage,ioda_bgp
137443,AS137443 (ANCHGLOBAL-AS-AP),2026-07-09T02:00:00+00:00,3600,bgp,median,260.8695652173913,bgp_outage,ioda_bgp
6373,AS6373 (OPUS1),2026-07-09T02:00:00+00:00,20700,bgp,median,33615.38461538462,bgp_outage,ioda_bgp
197537,AS197537 (WISDOM-CLOUD),2026-07-09T02:10:00+00:00,2400,bgp,median,71.74887892376682,bgp_outage,ioda_bgp
5839,AS5839 (DNIC-ASBLK-05800-06055),2026-07-09T02:15:00+00:00,900,bgp,median,79.47019867549669,bgp_outage,ioda_bgp
33549,AS33549 (WHIPCORD),2026-07-09T02:15:00+00:00,22200,bgp,median,587.3015873015872,bgp_outage,ioda_bgp
132116,AS132116 (ANINETWORK-IN),2026-07-09T02:25:00+00:00,12300,bgp,median,1008.1967213114755,bgp_outage,ioda_bgp
28015,AS28015 (),2026-07-09T02:25:00+00:00,900,bgp,median,228.65853658536585,bgp_outage,ioda_bgp
33779,AS33779 (wataniya-telecom-as),2026-07-09T02:25:00+00:00,48000,bgp,median,1951.219512195122,bgp_outage,ioda_bgp
262253,AS262253 (),2026-07-09T03:00:00+00:00,3600,bgp,median,4604.6511627906975,bgp_outage,ioda_bgp
262589,AS262589 (),2026-07-09T03:00:00+00:00,3600,bgp,median,90.71274298056156,bgp_outage,ioda_bgp
27843,AS27843 (),2026-07-09T03:00:00+00:00,3600,bgp,median,390.5325443786983,bgp_outage,ioda_bgp
272809,AS272809 (),2026-07-09T03:00:00+00:00,2400,bgp,median,190.47619047619048,bgp_outage,ioda_bgp
668,AS668 (DNIC-AS-00668),2026-07-09T03:05:00+00:00,3900,bgp,median,190.01948917837726,bgp_outage,ioda_bgp
237,AS237 (MERIT-AS-14),2026-07-09T03:15:00+00:00,2400,bgp,median,221.24913574556348,bgp_outage,ioda_bgp
51522,AS51522 (ONLINE),2026-07-09T03:15:00+00:00,2700,bgp,median,4500.0,bgp_outage,ioda_bgp
133676,AS133676 (PNPL-AS),2026-07-09T03:15:00+00:00,1800,bgp,median,32.608695652173914,bgp_outage,ioda_bgp
45474,AS45474 (NEXUSGUARD-AS-AP),2026-07-09T03:30:00+00:00,10200,bgp,median,193.1818181818182,bgp_outage,ioda_bgp
17287,AS17287 (),2026-07-09T03:35:00+00:00,3900,bgp,median,6500.0,bgp_outage,ioda_bgp
24207,AS24207 (EXPRESSNET-AS-ID),2026-07-09T03:35:00+00:00,8700,bgp,median,162.92134831460675,bgp_outage,ioda_bgp
269820,AS269820 (),2026-07-09T03:45:00+00:00,57900,bgp,median,984.6938775510205,bgp_outage,ioda_bgp
32875,AS32875 (VIRPUS),2026-07-09T04:00:00+00:00,3600,bgp,median,214.28571428571428,bgp_outage,ioda_bgp
9389,AS9389 (CGWNET),2026-07-09T04:10:00+00:00,1500,bgp,median,58.309037900874635,bgp_outage,ioda_bgp
398576,AS398576 (PCBPRTLND),2026-07-09T04:15:00+00:00,3300,bgp,median,1833.333333333333,bgp_outage,ioda_bgp
9875,AS9875 (PESAT1-AS-AP),2026-07-09T04:15:00+00:00,330300,bgp,median,20579.439252336448,bgp_outage,ioda_bgp
38742,AS38742 (AWCC-AS-AP),2026-07-09T04:25:00+00:00,3600,bgp,median,75.0,bgp_outage,ioda_bgp
12846,AS12846 (),2026-07-09T04:40:00+00:00,328800,bgp,median,16606.060606060604,bgp_outage,ioda_bgp
2,AS2 (UDEL-DCN),2026-07-09T04:45:00+00:00,900,bgp,median,101.9830028328612,bgp_outage,ioda_bgp
139190,AS139190 (GOOGLE-AS-AP),2026-07-09T04:45:00+00:00,900,bgp,median,542.3940149625936,bgp_outage,ioda_bgp
18004,AS18004 (WIRELESSNET-ID),2026-07-09T04:45:00+00:00,900,bgp,median,31.249999999999996,bgp_outage,ioda_bgp
45820,AS45820 (TTSL-MEISISP),2026-07-09T04:45:00+00:00,900,bgp,median,16.388174807197945,bgp_outage,ioda_bgp
28015,AS28015 (),2026-07-09T04:50:00+00:00,900,bgp,median,228.65853658536585,bgp_outage,ioda_bgp
204818,AS204818 (HOSTEUR-NET-CORE),2026-07-09T04:50:00+00:00,2400,bgp,median,195.1219512195122,bgp_outage,ioda_bgp
28086,AS28086 (),2026-07-09T05:00:00+00:00,3600,bgp,median,999.9999999999999,bgp_outage,ioda_bgp
409,AS409 (AFCONC-BLOCK1-AS),2026-07-09T05:00:00+00:00,1200,bgp,median,30.41825095057034,bgp_outage,ioda_bgp
24634,AS24634 (Cyberia-AS),2026-07-09T05:05:00+00:00,39300,bgp,median,1139.1304347826087,bgp_outage,ioda_bgp
62943,AS62943 (AS62943-BLUEBIRD-NETWORK),2026-07-09T05:05:00+00:00,900,bgp,median,20.761245674740486,bgp_outage,ioda_bgp
393750,AS393750 (TRUMAN-STATE-UNIVERSITY),2026-07-09T05:05:00+00:00,3600,bgp,median,6000.0,bgp_outage,ioda_bgp
272809,AS272809 (),2026-07-09T05:15:00+00:00,900,bgp,median,95.23809523809523,bgp_outage,ioda_bgp
133054,AS133054 (RSHL-AS),2026-07-09T05:30:00+00:00,6000,bgp,median,3333.333333333333,bgp_outage,ioda_bgp
19905,AS19905 (ULTRADDOS),2026-07-09T05:45:00+00:00,14100,bgp,median,326.38888888888886,bgp_outage,ioda_bgp
11976,AS11976 (FIDN),2026-07-09T05:45:00+00:00,900,bgp,median,77.65667574931881,bgp_outage,ioda_bgp
62943,AS62943 (AS62943-BLUEBIRD-NETWORK),2026-07-09T05:50:00+00:00,900,bgp,median,259.51557093425606,bgp_outage,ioda_bgp
12654,AS12654 (RIPE-NCC-RIS-AS),2026-07-09T06:00:00+00:00,7200,bgp,median,2400.0,bgp_outage,ioda_bgp
55066,AS55066 (ESTRUXTURE-BC-B),2026-07-09T06:15:00+00:00,900,bgp,median,821.4285714285714,bgp_outage,ioda_bgp
53910,AS53910 (NWST-SAT),2026-07-09T06:20:00+00:00,1200,bgp,median,1944.4444444444443,bgp_outage,ioda_bgp
200899,AS200899 (INTERSPACE-EUROPE),2026-07-09T06:25:00+00:00,2100,bgp,median,777.7777777777777,bgp_outage,ioda_bgp
9389,AS9389 (CGWNET),2026-07-09T06:30:00+00:00,7800,bgp,median,303.2069970845481,bgp_outage,ioda_bgp
204818,AS204818 (HOSTEUR-NET-CORE),2026-07-09T06:35:00+00:00,900,bgp,median,73.17073170731707,bgp_outage,ioda_bgp
8159,AS8159 (KANSASNET),2026-07-09T06:35:00+00:00,12600,bgp,median,21000.0,bgp_outage,ioda_bgp
205960,AS205960 (KIDC),2026-07-09T06:40:00+00:00,26700,bgp,median,1236.111111111111,bgp_outage,ioda_bgp
147049,AS147049 (PACKETHUBSA-AS-AP),2026-07-09T06:45:00+00:00,321300,bgp,median,5409.090909090909,bgp_outage,ioda_bgp
61466,AS61466 (),2026-07-09T07:05:00+00:00,1200,bgp,median,166.66666666666663,bgp_outage,ioda_bgp
262404,AS262404 (),2026-07-09T07:10:00+00:00,2700,bgp,median,562.5,bgp_outage,ioda_bgp
5974,AS5974 (DNIC-ASBLK-05800-06055),2026-07-09T07:10:00+00:00,900,bgp,median,1500.0,bgp_outage,ioda_bgp
27046,AS27046 (DNIC-ASBLK-27032-27159),2026-07-09T07:10:00+00:00,900,bgp,median,22.13114754098361,bgp_outage,ioda_bgp
62943,AS62943 (AS62943-BLUEBIRD-NETWORK),2026-07-09T07:15:00+00:00,900,bgp,median,20.761245674740486,bgp_outage,ioda_bgp
17025,AS17025 (ZAYO-CUSTOMER-17025),2026-07-09T07:20:00+00:00,2100,bgp,median,106.06060606060606,bgp_outage,ioda_bgp
39134,AS39134 (UNITEDNET),2026-07-09T07:20:00+00:00,319200,bgp,median,11259.25925925926,bgp_outage,ioda_bgp
47217,AS47217 (PLANETEL-SPA),2026-07-09T07:20:00+00:00,28800,bgp,median,820.5128205128206,bgp_outage,ioda_bgp
134489,AS134489 (SBLINKNETWORK-AS-AP),2026-07-09T07:30:00+00:00,318600,bgp,median,26550.0,bgp_outage,ioda_bgp
17817,AS17817 (DAKSH-IN),2026-07-09T07:35:00+00:00,318300,bgp,median,24113.636363636364,bgp_outage,ioda_bgp
35197,AS35197 (VISP-LB-AS),2026-07-09T07:45:00+00:00,1500,bgp,median,104.16666666666666,bgp_outage,ioda_bgp
45570,AS45570 (NETPRES-AS-AP),2026-07-09T07:55:00+00:00,317100,bgp,median,283125.0,bgp_outage,ioda_bgp
38731,AS38731 (VTDC-AS-VN),2026-07-09T08:00:00+00:00,3600,bgp,median,352.94117647058823,bgp_outage,ioda_bgp
38726,AS38726 (VTCDIGICOM-AS-VN),2026-07-09T08:00:00+00:00,3600,bgp,median,1148.936170212766,bgp_outage,ioda_bgp
28110,AS28110 (),2026-07-09T08:00:00+00:00,900,bgp,median,36.58536585365854,bgp_outage,ioda_bgp
51151,AS51151 (COMENERSOL-AS),2026-07-09T08:20:00+00:00,3300,bgp,median,203.70370370370367,bgp_outage,ioda_bgp
22311,AS22311 (FAIRNET-LLC),2026-07-09T08:30:00+00:00,1500,bgp,median,416.66666666666663,bgp_outage,ioda_bgp
17072,AS17072 (),2026-07-09T08:35:00+00:00,4800,bgp,median,625.4071661237784,bgp_outage,ioda_bgp
210402,AS210402 (Halasat-FTTX),2026-07-09T08:40:00+00:00,1500,bgp,median,178.57142857142856,bgp_outage,ioda_bgp
262287,AS262287 (),2026-07-09T08:40:00+00:00,900,bgp,median,35.07194244604317,bgp_outage,ioda_bgp
5839,AS5839 (DNIC-ASBLK-05800-06055),2026-07-09T08:50:00+00:00,1800,bgp,median,39.735099337748345,bgp_outage,ioda_bgp
19637,AS19637 (AVG19637),2026-07-09T08:55:00+00:00,900,bgp,median,15.624999999999998,bgp_outage,ioda_bgp
328880,AS328880 (STE-INTERNET-SMART-SOLUTIONS-AS),2026-07-09T09:00:00+00:00,3000,bgp,median,1105.7692307692307,bgp_outage,ioda_bgp
13654,AS13654 (KC-WEB-LLC),2026-07-09T09:05:00+00:00,1500,bgp,median,71.42857142857143,bgp_outage,ioda_bgp
28015,AS28015 (),2026-07-09T09:05:00+00:00,1200,bgp,median,304.8780487804878,bgp_outage,ioda_bgp
36315,AS36315 (SERVPAC),2026-07-09T09:05:00+00:00,21300,bgp,median,4437.5,bgp_outage,ioda_bgp
38320,AS38320 (MMS-AS-ID),2026-07-09T09:10:00+00:00,20700,bgp,median,1296.9924812030076,bgp_outage,ioda_bgp
12257,AS12257 (EMC-AS12257),2026-07-09T09:25:00+00:00,1500,bgp,median,39.0625,bgp_outage,ioda_bgp
47394,AS47394 (ASC-AL-AS),2026-07-09T09:25:00+00:00,2400,bgp,median,1400.0,bgp_outage,ioda_bgp
53271,AS53271 (PHENIXCITYCABLE),2026-07-09T09:35:00+00:00,311100,bgp,median,67447.15447154472,bgp_outage,ioda_bgp
50837,AS50837 (CLOUDSIGMA-AS),2026-07-09T09:45:00+00:00,310500,bgp,median,8625.0,bgp_outage,ioda_bgp
210402,AS210402 (Halasat-FTTX),2026-07-09T09:50:00+00:00,3900,bgp,median,464.2857142857143,bgp_outage,ioda_bgp
9657,AS9657 (MELSANET-ID-AP),2026-07-09T09:50:00+00:00,1800,bgp,median,93.75,bgp_outage,ioda_bgp
12654,AS12654 (RIPE-NCC-RIS-AS),2026-07-09T10:00:00+00:00,7200,bgp,median,3600.0,bgp_outage,ioda_bgp
306,AS306 (DNIC-ASBLK-00306-00371),2026-07-09T10:00:00+00:00,21300,bgp,median,525.4697889563457,bgp_outage,ioda_bgp
19905,AS19905 (ULTRADDOS),2026-07-09T10:00:00+00:00,3600,bgp,median,83.33333333333333,bgp_outage,ioda_bgp
3551,AS3551 (),2026-07-09T10:00:00+00:00,900,bgp,median,55.32786885245901,bgp_outage,ioda_bgp
33965,AS33965 (LITECOM),2026-07-09T10:10:00+00:00,309000,bgp,median,6866.666666666668,bgp_outage,ioda_bgp
262808,AS262808 (),2026-07-09T10:30:00+00:00,1800,bgp,median,103.44827586206895,bgp_outage,ioda_bgp
44486,AS44486 (SYNLINQ),2026-07-09T10:30:00+00:00,1800,bgp,median,73.17073170731707,bgp_outage,ioda_bgp
58256,AS58256 (refatec),2026-07-09T10:50:00+00:00,6300,bgp,median,338.7096774193548,bgp_outage,ioda_bgp
2773,AS2773 (DTAG-IOT),2026-07-09T11:05:00+00:00,105600,bgp,median,28800.0,bgp_outage,ioda_bgp
5371,AS5371 (DNIC-ASBLK-05120-05376),2026-07-09T11:10:00+00:00,3600,bgp,median,78.01418439716312,bgp_outage,ioda_bgp
5839,AS5839 (DNIC-ASBLK-05800-06055),2026-07-09T11:15:00+00:00,2100,bgp,median,46.35761589403974,bgp_outage,ioda_bgp
10753,AS10753 (LUMEN-LEGACY-L3-CUSTOMER-SHARED-USE),2026-07-09T11:15:00+00:00,9000,bgp,median,419.35483870967744,bgp_outage,ioda_bgp
49434,AS49434 (HARMONYHOSTING-AS),2026-07-09T11:20:00+00:00,1200,bgp,median,153.84615384615384,bgp_outage,ioda_bgp
151734,AS151734 (WEBYNEDC-AS-IN),2026-07-09T11:25:00+00:00,2400,bgp,median,76.92307692307692,bgp_outage,ioda_bgp
41034,AS41034 (IMPULS-AS),2026-07-09T11:30:00+00:00,30000,bgp,median,1886.7924528301887,bgp_outage,ioda_bgp
134341,AS134341 (JDMBROADBAND-AS),2026-07-09T11:45:00+00:00,6900,bgp,median,1533.3333333333335,bgp_outage,ioda_bgp
409,AS409 (AFCONC-BLOCK1-AS),2026-07-09T11:50:00+00:00,3600,bgp,median,91.25475285171102,bgp_outage,ioda_bgp
37461,AS37461 (ORANGE-GN),2026-07-09T12:05:00+00:00,24000,bgp,median,1568.627450980392,bgp_outage,ioda_bgp
52232,AS52232 (),2026-07-09T12:10:00+00:00,3000,bgp,median,82.64462809917356,bgp_outage,ioda_bgp
203963,AS203963 (RubikDC),2026-07-09T12:10:00+00:00,301800,bgp,median,15242.424242424242,bgp_outage,ioda_bgp
131584,AS131584 (TAIFO-AS-TW),2026-07-09T12:15:00+00:00,1800,bgp,median,55.900621118012424,bgp_outage,ioda_bgp
28146,AS28146 (),2026-07-09T12:20:00+00:00,174600,bgp,median,6037.3443983402485,bgp_outage,ioda_bgp
262913,AS262913 (),2026-07-09T12:30:00+00:00,14100,bgp,median,671.4285714285714,bgp_outage,ioda_bgp
8119,AS8119 (DTN-AS),2026-07-09T12:30:00+00:00,4800,bgp,median,695.6521739130435,bgp_outage,ioda_bgp
393451,AS393451 (ONLIGHTAURORA),2026-07-09T12:30:00+00:00,125700,bgp,median,209500.0,bgp_outage,ioda_bgp
38553,AS38553 (DCTECHDVO-AS-AP),2026-07-09T12:35:00+00:00,300300,bgp,median,13902.777777777777,bgp_outage,ioda_bgp
5839,AS5839 (DNIC-ASBLK-05800-06055),2026-07-09T12:40:00+00:00,138600,bgp,median,3059.602649006623,bgp_outage,ioda_bgp
26328,AS26328 (BLASTCOMM),2026-07-09T12:40:00+00:00,17700,bgp,median,4538.461538461539,bgp_outage,ioda_bgp
262253,AS262253 (),2026-07-09T12:45:00+00:00,900,bgp,median,1151.1627906976744,bgp_outage,ioda_bgp
262589,AS262589 (),2026-07-09T12:45:00+00:00,900,bgp,median,19.48051948051948,bgp_outage,ioda_bgp
27843,AS27843 (),2026-07-09T12:45:00+00:00,900,bgp,median,97.63313609467457,bgp_outage,ioda_bgp
16596,AS16596 (),2026-07-09T12:45:00+00:00,9000,bgp,median,292.96875,bgp_outage,ioda_bgp
35928,AS35928 (BECKMAN-COULTER-ASN),2026-07-09T12:55:00+00:00,2700,bgp,median,50.0,bgp_outage,ioda_bgp
51151,AS51151 (COMENERSOL-AS),2026-07-09T12:55:00+00:00,63300,bgp,median,3907.407407407407,bgp_outage,ioda_bgp
5371,AS5371 (DNIC-ASBLK-05120-05376),2026-07-09T13:00:00+00:00,900,bgp,median,30.141843971631207,bgp_outage,ioda_bgp
40676,AS40676 (AS40676),2026-07-09T13:20:00+00:00,8400,bgp,median,258.15602836879435,bgp_outage,ioda_bgp
7602,AS7602 (SPT-AS-VN),2026-07-09T13:25:00+00:00,900,bgp,median,100.23866348448688,bgp_outage,ioda_bgp
36911,AS36911 (DOPC-AS-US),2026-07-09T13:25:00+00:00,10800,bgp,median,13354.838709677419,bgp_outage,ioda_bgp
45538,AS45538 (ODSJSC-AS-VN),2026-07-09T13:25:00+00:00,900,bgp,median,338.7096774193548,bgp_outage,ioda_bgp
23930,AS23930 (IPVG-AS-AP),2026-07-09T13:30:00+00:00,1500,bgp,median,30.864197530864196,bgp_outage,ioda_bgp
44786,AS44786 (ADOBE-IRELAND-AS),2026-07-09T13:35:00+00:00,1800,bgp,median,90.9090909090909,bgp_outage,ioda_bgp
211826,AS211826 (ISTQSERVERS-AS),2026-07-09T13:40:00+00:00,3000,bgp,median,113.63636363636364,bgp_outage,ioda_bgp
5133,AS5133 (DNIC-ASBLK-05120-05376),2026-07-09T13:40:00+00:00,12900,bgp,median,924.731182795699,bgp_outage,ioda_bgp
53991,AS53991 (ACRONIS-53991),2026-07-09T13:40:00+00:00,17700,bgp,median,842.8571428571429,bgp_outage,ioda_bgp
34879,AS34879 (CCT-AS),2026-07-09T13:45:00+00:00,58500,bgp,median,1015.6249999999999,bgp_outage,ioda_bgp
400164,AS400164 (RIPPLEFIBER-ASN-01),2026-07-09T13:45:00+00:00,5400,bgp,median,128.57142857142858,bgp_outage,ioda_bgp
3551,AS3551 (),2026-07-09T13:50:00+00:00,900,bgp,median,55.32786885245901,bgp_outage,ioda_bgp
12654,AS12654 (RIPE-NCC-RIS-AS),2026-07-09T14:00:00+00:00,7200,bgp,median,2400.0,bgp_outage,ioda_bgp
262808,AS262808 (),2026-07-09T14:00:00+00:00,3600,bgp,median,206.8965517241379,bgp_outage,ioda_bgp
44486,AS44486 (SYNLINQ),2026-07-09T14:00:00+00:00,3600,bgp,median,146.34146341463415,bgp_outage,ioda_bgp
17025,AS17025 (ZAYO-CUSTOMER-17025),2026-07-09T14:05:00+00:00,900,bgp,median,68.18181818181819,bgp_outage,ioda_bgp
151734,AS151734 (WEBYNEDC-AS-IN),2026-07-09T14:05:00+00:00,2400,bgp,median,76.92307692307692,bgp_outage,ioda_bgp
48266,AS48266 (AS-CATIXS),2026-07-09T14:05:00+00:00,3000,bgp,median,83.33333333333334,bgp_outage,ioda_bgp
36955,AS36955 (Matrix-ASN1),2026-07-09T14:15:00+00:00,2100,bgp,median,92.10526315789473,bgp_outage,ioda_bgp
269730,AS269730 (),2026-07-09T14:25:00+00:00,11400,bgp,median,2209.302325581395,bgp_outage,ioda_bgp
133301,AS133301 (DWANIRINN-AS),2026-07-09T14:30:00+00:00,900,bgp,median,55.55555555555555,bgp_outage,ioda_bgp
54253,AS54253 (ORCL-CHICAGO-PP),2026-07-09T14:35:00+00:00,1800,bgp,median,58.8235294117647,bgp_outage,ioda_bgp
211826,AS211826 (ISTQSERVERS-AS),2026-07-09T14:40:00+00:00,14100,bgp,median,534.0909090909091,bgp_outage,ioda_bgp
1501,AS1501 (DNIC-ASBLK-01500-01502),2026-07-09T15:15:00+00:00,4500,bgp,median,135.5421686746988,bgp_outage,ioda_bgp
263210,AS263210 (),2026-07-09T15:15:00+00:00,3900,bgp,median,185.71428571428572,bgp_outage,ioda_bgp
409,AS409 (AFCONC-BLOCK1-AS),2026-07-09T15:25:00+00:00,7500,bgp,median,190.11406844106463,bgp_outage,ioda_bgp
5371,AS5371 (DNIC-ASBLK-05120-05376),2026-07-09T15:30:00+00:00,900,bgp,median,24.822695035460992,bgp_outage,ioda_bgp
37649,AS37649 (Tigo),2026-07-09T15:35:00+00:00,13800,bgp,median,273.8095238095238,bgp_outage,ioda_bgp
5371,AS5371 (DNIC-ASBLK-05120-05376),2026-07-09T15:55:00+00:00,6000,bgp,median,425.531914893617,bgp_outage,ioda_bgp
38731,AS38731 (VTDC-AS-VN),2026-07-09T16:00:00+00:00,3600,bgp,median,352.94117647058823,bgp_outage,ioda_bgp
38726,AS38726 (VTCDIGICOM-AS-VN),2026-07-09T16:00:00+00:00,3600,bgp,median,1148.936170212766,bgp_outage,ioda_bgp
22598,AS22598 (ALENCO),2026-07-09T16:00:00+00:00,1500,bgp,median,125.0,bgp_outage,ioda_bgp
23308,AS23308 (UTILITY-AS),2026-07-09T16:00:00+00:00,900,bgp,median,73.17073170731707,bgp_outage,ioda_bgp
134773,AS134773 (ChinaNet-Guangdong-Guangzhou-MAN),2026-07-09T16:10:00+00:00,287400,bgp,median,197729.61816305466,bgp_outage,ioda_bgp
30286,AS30286 (THM),2026-07-09T16:20:00+00:00,2100,bgp,median,350.0,bgp_outage,ioda_bgp
31872,AS31872 (VANTIVE-HEALTHCARE),2026-07-09T16:25:00+00:00,2100,bgp,median,333.3333333333333,bgp_outage,ioda_bgp
399122,AS399122 (AS-VPSHOUSE),2026-07-09T16:25:00+00:00,29400,bgp,median,5297.2972972972975,bgp_outage,ioda_bgp
58895,AS58895 (EBONE1-PK),2026-07-09T16:45:00+00:00,900,bgp,median,101.85185185185185,bgp_outage,ioda_bgp
138536,AS138536 (PREMIUM-AS-AP),2026-07-09T16:55:00+00:00,1200,bgp,median,66.66666666666667,bgp_outage,ioda_bgp
19905,AS19905 (ULTRADDOS),2026-07-09T17:00:00+00:00,11100,bgp,median,256.94444444444446,bgp_outage,ioda_bgp
55685,AS55685 (JLM-AS-ID),2026-07-09T17:05:00+00:00,3600,bgp,median,74.07407407407408,bgp_outage,ioda_bgp
262808,AS262808 (),2026-07-09T17:15:00+00:00,2700,bgp,median,155.17241379310343,bgp_outage,ioda_bgp
44486,AS44486 (SYNLINQ),2026-07-09T17:15:00+00:00,2700,bgp,median,109.7560975609756,bgp_outage,ioda_bgp
133798,AS133798 (SMARTFREN-AS-ID),2026-07-09T17:15:00+00:00,13800,bgp,median,821.4285714285713,bgp_outage,ioda_bgp
44786,AS44786 (ADOBE-IRELAND-AS),2026-07-09T17:20:00+00:00,10800,bgp,median,545.4545454545455,bgp_outage,ioda_bgp
23118,AS23118 (SKYBEST),2026-07-09T17:25:00+00:00,282900,bgp,median,20679.824561403508,bgp_outage,ioda_bgp
32475,AS32475 (SINGLEHOP-LLC),2026-07-09T17:30:00+00:00,282600,bgp,median,9962.800875273522,bgp_outage,ioda_bgp
264780,AS264780 (),2026-07-09T17:35:00+00:00,2400,bgp,median,121.21212121212122,bgp_outage,ioda_bgp
40994,AS40994 (Alwyzon),2026-07-09T17:40:00+00:00,282000,bgp,median,19583.333333333332,bgp_outage,ioda_bgp
47447,AS47447 (TTM),2026-07-09T17:50:00+00:00,900,bgp,median,20.000000000000004,bgp_outage,ioda_bgp
10436,AS10436 (),2026-07-09T17:50:00+00:00,900,bgp,median,21.42857142857143,bgp_outage,ioda_bgp
59162,AS59162 (UPCSPL-AS-IN),2026-07-09T17:50:00+00:00,37200,bgp,median,1476.1904761904761,bgp_outage,ioda_bgp
272809,AS272809 (),2026-07-09T17:55:00+00:00,900,bgp,median,38.095238095238095,bgp_outage,ioda_bgp
269730,AS269730 (),2026-07-09T17:55:00+00:00,1800,bgp,median,69.76744186046513,bgp_outage,ioda_bgp
12654,AS12654 (RIPE-NCC-RIS-AS),2026-07-09T18:00:00+00:00,7200,bgp,median,3600.0,bgp_outage,ioda_bgp
48851,AS48851 (radware),2026-07-09T18:00:00+00:00,3600,bgp,median,153.84615384615384,bgp_outage,ioda_bgp
262253,AS262253 (),2026-07-09T18:00:00+00:00,3600,bgp,median,4604.6511627906975,bgp_outage,ioda_bgp
262589,AS262589 (),2026-07-09T18:00:00+00:00,3600,bgp,median,77.92207792207792,bgp_outage,ioda_bgp
27843,AS27843 (),2026-07-09T18:00:00+00:00,3600,bgp,median,390.5325443786983,bgp_outage,ioda_bgp
27892,AS27892 (),2026-07-09T18:05:00+00:00,3300,bgp,median,5500.0,bgp_outage,ioda_bgp
31798,AS31798 (DATACITY),2026-07-09T18:20:00+00:00,900,bgp,median,285.7142857142857,bgp_outage,ioda_bgp
40676,AS40676 (AS40676),2026-07-09T18:25:00+00:00,4200,bgp,median,89.36170212765957,bgp_outage,ioda_bgp
43936,AS43936 (EVPANET-AS),2026-07-09T18:50:00+00:00,4800,bgp,median,8000.0,bgp_outage,ioda_bgp
5371,AS5371 (DNIC-ASBLK-05120-05376),2026-07-09T18:55:00+00:00,3300,bgp,median,156.02836879432624,bgp_outage,ioda_bgp
54119,AS54119 (WHITESKY-COMMUNICATIONS-2),2026-07-09T18:55:00+00:00,2400,bgp,median,62.5,bgp_outage,ioda_bgp
17287,AS17287 (),2026-07-09T19:00:00+00:00,8100,bgp,median,13500.0,bgp_outage,ioda_bgp
43260,AS43260 (AS43260),2026-07-09T19:10:00+00:00,276600,bgp,median,5621.951219512195,bgp_outage,ioda_bgp
50265,AS50265 (GT-AS),2026-07-09T19:10:00+00:00,8700,bgp,median,14500.0,bgp_outage,ioda_bgp
53338,AS53338 (ITCI),2026-07-09T19:20:00+00:00,276000,bgp,median,6571.428571428572,bgp_outage,ioda_bgp
134033,AS134033 (HIREACH-BROADBAND-AS),2026-07-09T19:20:00+00:00,2400,bgp,median,133.33333333333334,bgp_outage,ioda_bgp
35928,AS35928 (BECKMAN-COULTER-ASN),2026-07-09T19:30:00+00:00,1200,bgp,median,22.22222222222222,bgp_outage,ioda_bgp
27892,AS27892 (),2026-07-09T19:40:00+00:00,93600,bgp,median,156000.0,bgp_outage,ioda_bgp
48095,AS48095 (XTGLOBAL),2026-07-09T19:50:00+00:00,274200,bgp,median,9989.071038251366,bgp_outage,ioda_bgp
38731,AS38731 (VTDC-AS-VN),2026-07-09T20:00:00+00:00,3600,bgp,median,352.94117647058823,bgp_outage,ioda_bgp
38726,AS38726 (VTCDIGICOM-AS-VN),2026-07-09T20:00:00+00:00,3600,bgp,median,1148.936170212766,bgp_outage,ioda_bgp
63526,AS63526 (SSDTL-BD),2026-07-09T20:00:00+00:00,3000,bgp,median,106.38297872340425,bgp_outage,ioda_bgp
10886,AS10886 (MAX-GIGAPOP),2026-07-09T20:05:00+00:00,4800,bgp,median,400.0,bgp_outage,ioda_bgp
409,AS409 (AFCONC-BLOCK1-AS),2026-07-09T20:10:00+00:00,1200,bgp,median,30.41825095057034,bgp_outage,ioda_bgp
9422,AS9422 (SOLNET-ID),2026-07-09T20:20:00+00:00,5400,bgp,median,236.84210526315786,bgp_outage,ioda_bgp
52308,AS52308 (),2026-07-09T20:45:00+00:00,900,bgp,median,16.666666666666668,bgp_outage,ioda_bgp
27983,AS27983 (),2026-07-09T20:45:00+00:00,900,bgp,median,21.844660194174757,bgp_outage,ioda_bgp
30614,AS30614 (DELL-BLK),2026-07-09T20:45:00+00:00,270900,bgp,median,16722.22222222222,bgp_outage,ioda_bgp
1493,AS1493 (DNIC-ASBLK-01492-01493),2026-07-09T20:55:00+00:00,1500,bgp,median,61.72839506172839,bgp_outage,ioda_bgp
134326,AS134326 (AIRDESIGNBROADCAST-AS),2026-07-09T20:55:00+00:00,3900,bgp,median,325.0,bgp_outage,ioda_bgp
211995,AS211995 (a2z),2026-07-09T21:45:00+00:00,1200,bgp,median,480.0,bgp_outage,ioda_bgp
50265,AS50265 (GT-AS),2026-07-09T21:50:00+00:00,4800,bgp,median,6720.0,bgp_outage,ioda_bgp
31148,AS31148 (FREENET_LLC),2026-07-09T21:50:00+00:00,267000,bgp,median,10563.79821958457,bgp_outage,ioda_bgp
11840,AS11840 (VGRS-REGISTRY-AS),2026-07-09T21:55:00+00:00,266700,bgp,median,20204.545454545456,bgp_outage,ioda_bgp
12654,AS12654 (RIPE-NCC-RIS-AS),2026-07-09T22:00:00+00:00,7200,bgp,median,4800.0,bgp_outage,ioda_bgp
409,AS409 (AFCONC-BLOCK1-AS),2026-07-09T22:00:00+00:00,3900,bgp,median,98.8593155893536,bgp_outage,ioda_bgp
29303,AS29303 (PIC-AS),2026-07-09T22:10:00+00:00,900,bgp,median,750.0,bgp_outage,ioda_bgp
13979,AS13979 (ATT-IPFR),2026-07-09T22:15:00+00:00,2700,bgp,median,640.0,bgp_outage,ioda_bgp
10100,AS10100 (UBSGROUPAG-AS-AP),2026-07-09T22:15:00+00:00,2700,bgp,median,86.53846153846155,bgp_outage,ioda_bgp
33549,AS33549 (WHIPCORD),2026-07-09T22:15:00+00:00,2700,bgp,median,1928.5714285714284,bgp_outage,ioda_bgp
6206,AS6206 (NETROUTING-AS),2026-07-09T22:20:00+00:00,4200,bgp,median,318.1818181818182,bgp_outage,ioda_bgp
41564,AS41564 (AS41564),2026-07-09T22:35:00+00:00,1200,bgp,median,170.8542713567839,bgp_outage,ioda_bgp
136787,AS136787 (TEFINCOMSA-AS-AP),2026-07-09T22:40:00+00:00,1500,bgp,median,25.536261491317667,bgp_outage,ioda_bgp
43936,AS43936 (EVPANET-AS),2026-07-09T22:50:00+00:00,3900,bgp,median,6500.0,bgp_outage,ioda_bgp
34170,AS34170 (AS-AZTELEKOM),2026-07-09T22:50:00+00:00,8100,bgp,median,364.86486486486484,bgp_outage,ioda_bgp
200736,AS200736 (INALAN),2026-07-09T22:55:00+00:00,1500,bgp,median,153.6312849162011,bgp_outage,ioda_bgp
37292,AS37292 (OTI-AS),2026-07-09T23:00:00+00:00,31500,bgp,median,5526.315789473683,bgp_outage,ioda_bgp
270158,AS270158 (),2026-07-09T23:15:00+00:00,2400,bgp,median,200.0,bgp_outage,ioda_bgp
41564,AS41564 (AS41564),2026-07-09T23:25:00+00:00,3300,bgp,median,469.84924623115575,bgp_outage,ioda_bgp
49743,AS49743 (FINEMEDIA-WROCLAW),2026-07-09T23:25:00+00:00,3600,bgp,median,6000.0,bgp_outage,ioda_bgp
28110,AS28110 (),2026-07-09T23:40:00+00:00,900,bgp,median,36.58536585365854,bgp_outage,ioda_bgp
36986,AS36986 (AINET),2026-07-09T23:50:00+00:00,259800,bgp,median,67656.25,bgp_outage,ioda_bgp
37661,AS37661 (NRaE1-AS),2026-07-09T23:50:00+00:00,7800,bgp,median,5437.908496732026,bgp_outage,ioda_bgp
36890,AS36890 (MTNRW-ASN),2026-07-09T23:55:00+00:00,3000,bgp,median,4816.176470588235,bgp_outage,ioda_bgp
28086,AS28086 (),2026-07-10T00:00:00+00:00,3600,bgp,median,999.9999999999999,bgp_outage,ioda_bgp
647,AS647 (DNIC-ASBLK-00616-00665),2026-07-10T00:05:00+00:00,9000,bgp,median,1024.0963855421687,bgp_outage,ioda_bgp
8048,AS8048 (),2026-07-10T00:05:00+00:00,5700,bgp,median,303.4630311473778,bgp_outage,ioda_bgp
409,AS409 (AFCONC-BLOCK1-AS),2026-07-10T00:20:00+00:00,2700,bgp,median,68.44106463878326,bgp_outage,ioda_bgp
262194,AS262194 (),2026-07-10T00:25:00+00:00,1200,bgp,median,400.0,bgp_outage,ioda_bgp
203068,AS203068 (BANDALIBRE-AS),2026-07-10T00:25:00+00:00,900,bgp,median,214.28571428571428,bgp_outage,ioda_bgp
9389,AS9389 (CGWNET),2026-07-10T00:30:00+00:00,2100,bgp,median,81.63265306122449,bgp_outage,ioda_bgp
42,AS42 (WOODYNET-1),2026-07-10T00:35:00+00:00,900,bgp,median,19.10828025477707,bgp_outage,ioda_bgp
41564,AS41564 (AS41564),2026-07-10T00:50:00+00:00,1200,bgp,median,170.8542713567839,bgp_outage,ioda_bgp
28590,AS28590 (),2026-07-10T00:55:00+00:00,3300,bgp,median,70.51282051282051,bgp_outage,ioda_bgp
41564,AS41564 (AS41564),2026-07-10T01:15:00+00:00,1200,bgp,median,170.8542713567839,bgp_outage,ioda_bgp
34170,AS34170 (AS-AZTELEKOM),2026-07-10T01:15:00+00:00,35700,bgp,median,1608.1081081081081,bgp_outage,ioda_bgp
28512,AS28512 (),2026-07-10T01:30:00+00:00,23400,bgp,median,6573.033707865169,bgp_outage,ioda_bgp
27742,AS27742 (),2026-07-10T01:30:00+00:00,43200,bgp,median,1028.5714285714287,bgp_outage,ioda_bgp
49743,AS49743 (FINEMEDIA-WROCLAW),2026-07-10T01:40:00+00:00,1800,bgp,median,3000.0,bgp_outage,ioda_bgp
45753,AS45753 (NETSEC-HK),2026-07-10T01:40:00+00:00,2400,bgp,median,57.279236276849645,bgp_outage,ioda_bgp
51511,AS51511 (TRADE-EXPRESS-AS),2026-07-10T01:45:00+00:00,16500,bgp,median,23375.0,bgp_outage,ioda_bgp
58580,AS58580 (Fastrack),2026-07-10T01:50:00+00:00,252600,bgp,median,38272.72727272728,bgp_outage,ioda_bgp
12654,AS12654 (RIPE-NCC-RIS-AS),2026-07-10T02:00:00+00:00,7200,bgp,median,3600.0,bgp_outage,ioda_bgp
212424,AS212424 (VIAREZO),2026-07-10T02:00:00+00:00,2400,bgp,median,4000.0,bgp_outage,ioda_bgp
45474,AS45474 (NEXUSGUARD-AS-AP),2026-07-10T02:15:00+00:00,8100,bgp,median,153.40909090909093,bgp_outage,ioda_bgp
37340,AS37340 (Spectranet),2026-07-10T02:15:00+00:00,251100,bgp,median,25363.636363636364,bgp_outage,ioda_bgp
41564,AS41564 (AS41564),2026-07-10T02:20:00+00:00,2700,bgp,median,384.4221105527638,bgp_outage,ioda_bgp
637,AS637 (DNIC-ASBLK-00616-00665),2026-07-10T02:20:00+00:00,1500,bgp,median,26.91882937603534,bgp_outage,ioda_bgp
49743,AS49743 (FINEMEDIA-WROCLAW),2026-07-10T02:25:00+00:00,900,bgp,median,1500.0,bgp_outage,ioda_bgp
38731,AS38731 (VTDC-AS-VN),2026-07-10T02:30:00+00:00,1800,bgp,median,176.47058823529412,bgp_outage,ioda_bgp
38726,AS38726 (VTCDIGICOM-AS-VN),2026-07-10T02:30:00+00:00,1800,bgp,median,574.468085106383,bgp_outage,ioda_bgp
9902,AS9902 (NEOCOMISP-KH-AP),2026-07-10T02:35:00+00:00,249900,bgp,median,8861.702127659575,bgp_outage,ioda_bgp
54119,AS54119 (WHITESKY-COMMUNICATIONS-2),2026-07-10T03:25:00+00:00,22200,bgp,median,578.125,bgp_outage,ioda_bgp
37405,AS37405 (UNIV-NG-NSUKKA),2026-07-10T03:25:00+00:00,18000,bgp,median,15000.0,bgp_outage,ioda_bgp
393789,AS393789 (CENTURYLINK-CHIA),2026-07-10T03:25:00+00:00,22200,bgp,median,616.6666666666667,bgp_outage,ioda_bgp
409,AS409 (AFCONC-BLOCK1-AS),2026-07-10T03:40:00+00:00,2700,bgp,median,68.44106463878326,bgp_outage,ioda_bgp
53237,AS53237 (),2026-07-10T03:40:00+00:00,900,bgp,median,98.36065573770492,bgp_outage,ioda_bgp
212424,AS212424 (VIAREZO),2026-07-10T04:15:00+00:00,1800,bgp,median,3000.0,bgp_outage,ioda_bgp
59162,AS59162 (UPCSPL-AS-IN),2026-07-10T04:30:00+00:00,900,bgp,median,35.714285714285715,bgp_outage,ioda_bgp
40469,AS40469 (NEPAWAN),2026-07-10T04:40:00+00:00,33600,bgp,median,56000.0,bgp_outage,ioda_bgp
28403,AS28403 (),2026-07-10T04:55:00+00:00,900,bgp,median,63.38028169014084,bgp_outage,ioda_bgp
38731,AS38731 (VTDC-AS-VN),2026-07-10T05:00:00+00:00,3600,bgp,median,352.94117647058823,bgp_outage,ioda_bgp
38726,AS38726 (VTCDIGICOM-AS-VN),2026-07-10T05:00:00+00:00,3600,bgp,median,1148.936170212766,bgp_outage,ioda_bgp
212424,AS212424 (VIAREZO),2026-07-10T05:00:00+00:00,1200,bgp,median,2000.0,bgp_outage,ioda_bgp
22903,AS22903 (EDGE-HOSTING),2026-07-10T05:00:00+00:00,13800,bgp,median,450.9803921568627,bgp_outage,ioda_bgp
6503,AS6503 (),2026-07-10T05:00:00+00:00,241200,bgp,median,4632.337054375225,bgp_outage,ioda_bgp
24634,AS24634 (Cyberia-AS),2026-07-10T05:05:00+00:00,39300,bgp,median,1139.1304347826087,bgp_outage,ioda_bgp
328228,AS328228 (SBIN-AS),2026-07-10T05:05:00+00:00,2100,bgp,median,120.1716738197425,bgp_outage,ioda_bgp
398013,AS398013 (NGX-ASN01),2026-07-10T05:15:00+00:00,2400,bgp,median,142.85714285714283,bgp_outage,ioda_bgp
328228,AS328228 (SBIN-AS),2026-07-10T05:45:00+00:00,17700,bgp,median,2025.7510729613734,bgp_outage,ioda_bgp
151734,AS151734 (WEBYNEDC-AS-IN),2026-07-10T05:50:00+00:00,27900,bgp,median,894.2307692307693,bgp_outage,ioda_bgp
28376,AS28376 (),2026-07-10T05:55:00+00:00,8100,bgp,median,1389.705882352941,bgp_outage,ioda_bgp
41034,AS41034 (IMPULS-AS),2026-07-10T05:55:00+00:00,6000,bgp,median,377.35849056603774,bgp_outage,ioda_bgp
12654,AS12654 (RIPE-NCC-RIS-AS),2026-07-10T06:00:00+00:00,7200,bgp,median,2400.0,bgp_outage,ioda_bgp
51725,AS51725 (PLANETA-AS),2026-07-10T06:05:00+00:00,1200,bgp,median,2000.0,bgp_outage,ioda_bgp
28403,AS28403 (),2026-07-10T06:15:00+00:00,1200,bgp,median,84.50704225352112,bgp_outage,ioda_bgp
11814,AS11814 (DISTRIBUTEL-AS11814),2026-07-10T06:15:00+00:00,3600,bgp,median,177.70849571317225,bgp_outage,ioda_bgp
9389,AS9389 (CGWNET),2026-07-10T06:20:00+00:00,3000,bgp,median,116.61807580174927,bgp_outage,ioda_bgp
13979,AS13979 (ATT-IPFR),2026-07-10T06:30:00+00:00,1800,bgp,median,426.66666666666663,bgp_outage,ioda_bgp
10100,AS10100 (UBSGROUPAG-AS-AP),2026-07-10T06:30:00+00:00,1800,bgp,median,57.69230769230769,bgp_outage,ioda_bgp
33549,AS33549 (WHIPCORD),2026-07-10T06:30:00+00:00,1800,bgp,median,1285.7142857142856,bgp_outage,ioda_bgp
24084,AS24084 (HCL-TECH-IN),2026-07-10T06:30:00+00:00,8700,bgp,median,149.48453608247422,bgp_outage,ioda_bgp
203380,AS203380 (DAInternationalGroup),2026-07-10T06:30:00+00:00,1800,bgp,median,66.66666666666667,bgp_outage,ioda_bgp
37113,AS37113 (tangerine-ug-as),2026-07-10T07:25:00+00:00,4800,bgp,median,8000.0,bgp_outage,ioda_bgp
25467,AS25467 (AKTON-AS),2026-07-10T07:35:00+00:00,11100,bgp,median,198.92473118279574,bgp_outage,ioda_bgp
202448,AS202448 (mvps),2026-07-10T07:35:00+00:00,6600,bgp,median,407.40740740740733,bgp_outage,ioda_bgp
57794,AS57794 (HCN-01),2026-07-10T07:35:00+00:00,11100,bgp,median,1275.8620689655172,bgp_outage,ioda_bgp
136258,AS136258 (ONEPROVIDER-AS),2026-07-10T07:35:00+00:00,11100,bgp,median,207.86516853932585,bgp_outage,ioda_bgp
35758,AS35758 (HQserv_communication_solutions),2026-07-10T07:35:00+00:00,11100,bgp,median,1632.3529411764707,bgp_outage,ioda_bgp
15774,AS15774 (TTK-RTL),2026-07-10T07:40:00+00:00,3900,bgp,median,165.9070191431176,bgp_outage,ioda_bgp
32875,AS32875 (VIRPUS),2026-07-10T08:00:00+00:00,3600,bgp,median,214.28571428571428,bgp_outage,ioda_bgp
131274,AS131274 (CYPRESSTEL-HK),2026-07-10T08:15:00+00:00,229500,bgp,median,28333.33333333333,bgp_outage,ioda_bgp
262663,AS262663 (),2026-07-10T08:25:00+00:00,2100,bgp,median,38.46153846153847,bgp_outage,ioda_bgp
8796,AS8796 (FD-298-8796),2026-07-10T08:30:00+00:00,3000,bgp,median,384.1463414634146,bgp_outage,ioda_bgp
197897,AS197897 (PETKOM),2026-07-10T08:30:00+00:00,18600,bgp,median,449.27536231884056,bgp_outage,ioda_bgp
209181,AS209181 (ZENEX5IVE-NL),2026-07-10T08:45:00+00:00,227700,bgp,median,9730.76923076923,bgp_outage,ioda_bgp
17665,AS17665 (ONEBROADBAND),2026-07-10T08:45:00+00:00,900,bgp,median,15.07537688442211,bgp_outage,ioda_bgp
37531,AS37531 (AIRTEL-NIGER),2026-07-10T09:00:00+00:00,2700,bgp,median,104.65116279069768,bgp_outage,ioda_bgp
50272,AS50272 (AVUR),2026-07-10T09:05:00+00:00,1200,bgp,median,163.26530612244898,bgp_outage,ioda_bgp
27725,AS27725 (),2026-07-10T09:05:00+00:00,1200,bgp,median,43.01075268817205,bgp_outage,ioda_bgp
265605,AS265605 (),2026-07-10T09:15:00+00:00,2700,bgp,median,180.0,bgp_outage,ioda_bgp
9389,AS9389 (CGWNET),2026-07-10T09:40:00+00:00,2100,bgp,median,81.63265306122449,bgp_outage,ioda_bgp
272027,AS272027 (),2026-07-10T09:40:00+00:00,9300,bgp,median,596.1538461538462,bgp_outage,ioda_bgp
45815,AS45815 (HOSTCOIN-AS-IN-AP),2026-07-10T09:50:00+00:00,4500,bgp,median,163.04347826086956,bgp_outage,ioda_bgp
12654,AS12654 (RIPE-NCC-RIS-AS),2026-07-10T10:00:00+00:00,7200,bgp,median,1800.0,bgp_outage,ioda_bgp
409,AS409 (AFCONC-BLOCK1-AS),2026-07-10T10:00:00+00:00,2100,bgp,median,53.2319391634981,bgp_outage,ioda_bgp
10991,AS10991 (CAPGE-HOSTING-MRO),2026-07-10T10:05:00+00:00,1500,bgp,median,121.95121951219512,bgp_outage,ioda_bgp
25038,AS25038 (AIXTRANET-AS),2026-07-10T10:20:00+00:00,6000,bgp,median,800.0,bgp_outage,ioda_bgp
28512,AS28512 (),2026-07-10T10:25:00+00:00,6900,bgp,median,3230.3370786516857,bgp_outage,ioda_bgp
37308,AS37308 (COOLLINK),2026-07-10T10:30:00+00:00,900,bgp,median,96.77419354838709,bgp_outage,ioda_bgp
200845,AS200845 (EsWikiker),2026-07-10T10:35:00+00:00,2700,bgp,median,45.631825273010925,bgp_outage,ioda_bgp
43936,AS43936 (EVPANET-AS),2026-07-10T10:45:00+00:00,1200,bgp,median,2000.0,bgp_outage,ioda_bgp
5379,AS5379 (MK-UKIM-1),2026-07-10T10:45:00+00:00,5100,bgp,median,7437.5,bgp_outage,ioda_bgp
5371,AS5371 (DNIC-ASBLK-05120-05376),2026-07-10T10:50:00+00:00,900,bgp,median,42.502951593860686,bgp_outage,ioda_bgp
7016,AS7016 (CCCH-3),2026-07-10T10:50:00+00:00,19500,bgp,median,637.2549019607843,bgp_outage,ioda_bgp
150750,AS150750 (ICIL-AS-AP),2026-07-10T10:55:00+00:00,219900,bgp,median,8523.255813953489,bgp_outage,ioda_bgp
28964,AS28964 (ORIONTELEKOMTIM-AS),2026-07-10T11:15:00+00:00,18900,bgp,median,700.0,bgp_outage,ioda_bgp
34170,AS34170 (AS-AZTELEKOM),2026-07-10T11:15:00+00:00,1200,bgp,median,54.05405405405405,bgp_outage,ioda_bgp
40028,AS40028 (AS40028),2026-07-10T11:20:00+00:00,3000,bgp,median,1140.3508771929824,bgp_outage,ioda_bgp
26675,AS26675 (REGIONIVESC),2026-07-10T11:20:00+00:00,7800,bgp,median,13000.0,bgp_outage,ioda_bgp
28015,AS28015 (),2026-07-10T11:25:00+00:00,900,bgp,median,228.65853658536585,bgp_outage,ioda_bgp
5371,AS5371 (DNIC-ASBLK-05120-05376),2026-07-10T11:35:00+00:00,1200,bgp,median,33.057851239669425,bgp_outage,ioda_bgp
328228,AS328228 (SBIN-AS),2026-07-10T11:40:00+00:00,7200,bgp,median,824.0343347639486,bgp_outage,ioda_bgp
36913,AS36913 (TELEKOM-NETWORKS-MALAWI),2026-07-10T11:45:00+00:00,9900,bgp,median,6499.999999999999,bgp_outage,ioda_bgp
42003,AS42003 (OGERONET),2026-07-10T11:55:00+00:00,216300,bgp,median,12194.503171247357,bgp_outage,ioda_bgp
3855,AS3855 (LOGIC-3855),2026-07-10T12:00:00+00:00,900,bgp,median,46.875,bgp_outage,ioda_bgp
5371,AS5371 (DNIC-ASBLK-05120-05376),2026-07-10T12:10:00+00:00,4200,bgp,median,74.3801652892562,bgp_outage,ioda_bgp
40395,AS40395 (VIRTBIZ-DALLAS),2026-07-10T12:20:00+00:00,39600,bgp,median,2062.5,bgp_outage,ioda_bgp
967,AS967 (VMISS-CA),2026-07-10T12:25:00+00:00,214500,bgp,median,23442.622950819674,bgp_outage,ioda_bgp
59692,AS59692 (IQWEB),2026-07-10T12:30:00+00:00,8400,bgp,median,437.5,bgp_outage,ioda_bgp
409,AS409 (AFCONC-BLOCK1-AS),2026-07-10T12:35:00+00:00,6000,bgp,median,152.0912547528517,bgp_outage,ioda_bgp
25038,AS25038 (AIXTRANET-AS),2026-07-10T12:40:00+00:00,1500,bgp,median,200.0,bgp_outage,ioda_bgp
135772,AS135772 (POWERNETCOMM-AS),2026-07-10T12:50:00+00:00,213000,bgp,median,32272.727272727276,bgp_outage,ioda_bgp
19400,AS19400 (SPX-FLOW-AS),2026-07-10T12:50:00+00:00,30600,bgp,median,3777.7777777777774,bgp_outage,ioda_bgp
16596,AS16596 (),2026-07-10T12:55:00+00:00,16200,bgp,median,527.34375,bgp_outage,ioda_bgp
13979,AS13979 (ATT-IPFR),2026-07-10T13:15:00+00:00,2700,bgp,median,640.0,bgp_outage,ioda_bgp
10100,AS10100 (UBSGROUPAG-AS-AP),2026-07-10T13:15:00+00:00,2700,bgp,median,86.53846153846155,bgp_outage,ioda_bgp
33549,AS33549 (WHIPCORD),2026-07-10T13:15:00+00:00,2700,bgp,median,1928.5714285714284,bgp_outage,ioda_bgp
43865,AS43865 (INTEK-M-AS),2026-07-10T13:15:00+00:00,1500,bgp,median,86.20689655172413,bgp_outage,ioda_bgp
996,AS996 (JY-MOBILE-COMMUNICATIONS),2026-07-10T13:20:00+00:00,211200,bgp,median,40615.38461538462,bgp_outage,ioda_bgp
59962,AS59962 (ShirazUniversity_ASN),2026-07-10T13:30:00+00:00,21600,bgp,median,9729.72972972973,bgp_outage,ioda_bgp
265605,AS265605 (),2026-07-10T13:35:00+00:00,5700,bgp,median,380.0,bgp_outage,ioda_bgp
7040,AS7040 (NETMINDERS),2026-07-10T13:35:00+00:00,210300,bgp,median,9736.111111111111,bgp_outage,ioda_bgp
43936,AS43936 (EVPANET-AS),2026-07-10T13:55:00+00:00,1800,bgp,median,1263.157894736842,bgp_outage,ioda_bgp
5371,AS5371 (DNIC-ASBLK-05120-05376),2026-07-10T14:00:00+00:00,900,bgp,median,38.96103896103896,bgp_outage,ioda_bgp
12654,AS12654 (RIPE-NCC-RIS-AS),2026-07-10T14:05:00+00:00,6900,bgp,median,4600.0,bgp_outage,ioda_bgp
37506,AS37506 (Zinox),2026-07-10T14:05:00+00:00,1500,bgp,median,250.0,bgp_outage,ioda_bgp
262663,AS262663 (),2026-07-10T14:10:00+00:00,208200,bgp,median,3813.1868131868137,bgp_outage,ioda_bgp
53356,AS53356 (FREE RANGE CLOUD),2026-07-10T14:10:00+00:00,208200,bgp,median,15160.194174757282,bgp_outage,ioda_bgp
204765,AS204765 (PG8GLOBAL),2026-07-10T14:10:00+00:00,208200,bgp,median,237478.125,bgp_outage,ioda_bgp
18049,AS18049 (TINP-TW),2026-07-10T14:25:00+00:00,1500,bgp,median,89.28571428571428,bgp_outage,ioda_bgp
57374,AS57374 (GIV-AS),2026-07-10T15:30:00+00:00,3300,bgp,median,458.33333333333326,bgp_outage,ioda_bgp
33549,AS33549 (WHIPCORD),2026-07-10T15:45:00+00:00,23400,bgp,median,619.047619047619,bgp_outage,ioda_bgp
27022,AS27022 (SIYEH-ASN-1),2026-07-10T15:50:00+00:00,22200,bgp,median,37000.0,bgp_outage,ioda_bgp
51088,AS51088 (A2B),2026-07-10T15:55:00+00:00,1200,bgp,median,57.971014492753625,bgp_outage,ioda_bgp
32875,AS32875 (VIRPUS),2026-07-10T16:00:00+00:00,3600,bgp,median,214.28571428571428,bgp_outage,ioda_bgp
28086,AS28086 (),2026-07-10T16:00:00+00:00,3600,bgp,median,999.9999999999999,bgp_outage,ioda_bgp
5371,AS5371 (DNIC-ASBLK-05120-05376),2026-07-10T16:10:00+00:00,900,bgp,median,31.87721369539551,bgp_outage,ioda_bgp
23949,AS23949 (COMNET-AS-ID),2026-07-10T16:20:00+00:00,7200,bgp,median,300.0,bgp_outage,ioda_bgp
1493,AS1493 (DNIC-ASBLK-01492-01493),2026-07-10T16:20:00+00:00,1200,bgp,median,32.6530612244898,bgp_outage,ioda_bgp
58381,AS58381 (WOWRACK-AS-ID),2026-07-10T16:20:00+00:00,7200,bgp,median,571.4285714285714,bgp_outage,ioda_bgp
37088,AS37088 (VDT-AS),2026-07-10T16:20:00+00:00,3000,bgp,median,1875.0,bgp_outage,ioda_bgp
409,AS409 (AFCONC-BLOCK1-AS),2026-07-10T16:30:00+00:00,4200,bgp,median,106.4638783269962,bgp_outage,ioda_bgp
54119,AS54119 (WHITESKY-COMMUNICATIONS-2),2026-07-10T16:30:00+00:00,25500,bgp,median,664.0625,bgp_outage,ioda_bgp
136030,AS136030 (REDTONE-AS-AP),2026-07-10T16:30:00+00:00,1200,bgp,median,266.6666666666667,bgp_outage,ioda_bgp
38732,AS38732 (CMCTELECOM-AS-VN),2026-07-10T16:40:00+00:00,199200,bgp,median,9222.222222222223,bgp_outage,ioda_bgp
24722,AS24722 (Babilon-AS),2026-07-10T16:50:00+00:00,1800,bgp,median,38.96103896103896,bgp_outage,ioda_bgp
28512,AS28512 (),2026-07-10T16:55:00+00:00,10800,bgp,median,5056.179775280899,bgp_outage,ioda_bgp
36911,AS36911 (DOPC-AS-US),2026-07-10T17:05:00+00:00,77700,bgp,median,8354.838709677419,bgp_outage,ioda_bgp
5371,AS5371 (DNIC-ASBLK-05120-05376),2026-07-10T17:10:00+00:00,1500,bgp,median,35.41912632821724,bgp_outage,ioda_bgp
10235,AS10235 (NAB-AS-AP),2026-07-10T17:40:00+00:00,57600,bgp,median,49934.06593406594,bgp_outage,ioda_bgp
33788,AS33788 (KANARTEL),2026-07-10T17:40:00+00:00,181500,bgp,median,9166.666666666666,bgp_outage,ioda_bgp
24207,AS24207 (EXPRESSNET-AS-ID),2026-07-10T17:50:00+00:00,33300,bgp,median,623.5955056179776,bgp_outage,ioda_bgp
28086,AS28086 (),2026-07-10T18:00:00+00:00,3600,bgp,median,999.9999999999999,bgp_outage,ioda_bgp
12654,AS12654 (RIPE-NCC-RIS-AS),2026-07-10T18:05:00+00:00,6900,bgp,median,575.0,bgp_outage,ioda_bgp
12066,AS12066 (),2026-07-10T18:20:00+00:00,2400,bgp,median,3622.110552763819,bgp_outage,ioda_bgp
30436,AS30436 (ELITE-BROADBAND),2026-07-10T18:25:00+00:00,900,bgp,median,45.45454545454545,bgp_outage,ioda_bgp
28378,AS28378 (),2026-07-10T18:30:00+00:00,10200,bgp,median,809.5238095238095,bgp_outage,ioda_bgp
61468,AS61468 (),2026-07-10T18:30:00+00:00,3300,bgp,median,70.51282051282051,bgp_outage,ioda_bgp
45528,AS45528 (TIKONAIN-AS),2026-07-10T19:20:00+00:00,6000,bgp,median,124.37810945273633,bgp_outage,ioda_bgp
56582,AS56582 (NETFACTOR-ASN),2026-07-10T19:30:00+00:00,199200,bgp,median,6916.666666666666,bgp_outage,ioda_bgp
409,AS409 (AFCONC-BLOCK1-AS),2026-07-10T19:30:00+00:00,3600,bgp,median,91.25475285171102,bgp_outage,ioda_bgp
58172,AS58172 (OWC-AS),2026-07-10T19:35:00+00:00,3600,bgp,median,85.71428571428572,bgp_outage,ioda_bgp
37027,AS37027 (SIMBANET-AS),2026-07-10T19:35:00+00:00,3900,bgp,median,246.8354430379747,bgp_outage,ioda_bgp
45536,AS45536 (READYLINK-AS-AP),2026-07-10T19:35:00+00:00,24000,bgp,median,5454.545454545454,bgp_outage,ioda_bgp
7725,AS7725 (COMCAST-7725),2026-07-10T19:45:00+00:00,5100,bgp,median,361.70212765957444,bgp_outage,ioda_bgp
49483,AS49483 (SKATISP),2026-07-10T19:45:00+00:00,33300,bgp,median,27750.0,bgp_outage,ioda_bgp
327901,AS327901 (Level7-AS),2026-07-10T20:10:00+00:00,9600,bgp,median,432.4324324324324,bgp_outage,ioda_bgp
24086,AS24086 (VIETTEL-AS-VN),2026-07-10T20:45:00+00:00,2100,bgp,median,290.03359462486003,bgp_outage,ioda_bgp
13979,AS13979 (ATT-IPFR),2026-07-10T21:00:00+00:00,1500,bgp,median,355.55555555555554,bgp_outage,ioda_bgp
10100,AS10100 (UBSGROUPAG-AS-AP),2026-07-10T21:00:00+00:00,1500,bgp,median,48.07692307692308,bgp_outage,ioda_bgp
37020,AS37020 (CELTEL-DRC),2026-07-10T21:05:00+00:00,26400,bgp,median,1189.1891891891892,bgp_outage,ioda_bgp
17287,AS17287 (),2026-07-10T21:10:00+00:00,2400,bgp,median,4000.0,bgp_outage,ioda_bgp
13693,AS13693 (NTS-ONLINE),2026-07-10T21:35:00+00:00,900,bgp,median,54.19075144508671,bgp_outage,ioda_bgp
1493,AS1493 (DNIC-ASBLK-01492-01493),2026-07-10T21:55:00+00:00,104700,bgp,median,5697.95918367347,bgp_outage,ioda_bgp
56,AS56 (DNIC-AS-00056),2026-07-10T21:55:00+00:00,2700,bgp,median,110.82606464853771,bgp_outage,ioda_bgp
12654,AS12654 (RIPE-NCC-RIS-AS),2026-07-10T22:00:00+00:00,7200,bgp,median,4200.0,bgp_outage,ioda_bgp
37684,AS37684 (ANGANI-AS),2026-07-10T22:00:00+00:00,3600,bgp,median,999.9999999999999,bgp_outage,ioda_bgp
39891,AS39891 (ALJAWWALSTC-AS),2026-07-10T22:05:00+00:00,3600,bgp,median,161.4678899082569,bgp_outage,ioda_bgp
49467,AS49467 (EUROTA-ASN),2026-07-10T22:10:00+00:00,1200,bgp,median,571.4285714285713,bgp_outage,ioda_bgp
39775,AS39775 (HYPERNET-AS),2026-07-10T22:25:00+00:00,900,bgp,median,1394.7368421052631,bgp_outage,ioda_bgp
37027,AS37027 (SIMBANET-AS),2026-07-10T22:30:00+00:00,900,bgp,median,56.9620253164557,bgp_outage,ioda_bgp
269730,AS269730 (),2026-07-10T22:35:00+00:00,14400,bgp,median,558.139534883721,bgp_outage,ioda_bgp
61461,AS61461 (),2026-07-10T22:40:00+00:00,14100,bgp,median,2208.5168869309837,bgp_outage,ioda_bgp
43936,AS43936 (EVPANET-AS),2026-07-10T22:50:00+00:00,29100,bgp,median,48500.0,bgp_outage,ioda_bgp
668,AS668 (DNIC-AS-00668),2026-07-10T22:55:00+00:00,161400,bgp,median,7063.698840906759,bgp_outage,ioda_bgp
747,AS747 (DNIC-AS-00747),2026-07-10T23:05:00+00:00,11700,bgp,median,1791.8918918918919,bgp_outage,ioda_bgp
28512,AS28512 (),2026-07-10T23:20:00+00:00,10500,bgp,median,4915.730337078652,bgp_outage,ioda_bgp
16596,AS16596 (),2026-07-10T23:35:00+00:00,89400,bgp,median,32011.71875,bgp_outage,ioda_bgp
58965,AS58965 (ABSPL-AS-IN),2026-07-10T23:40:00+00:00,1500,bgp,median,119.04761904761905,bgp_outage,ioda_bgp
37453,AS37453 (VODACOM-CONGO),2026-07-10T23:40:00+00:00,900,bgp,median,124.99999999999999,bgp_outage,ioda_bgp
28086,AS28086 (),2026-07-11T00:00:00+00:00,3600,bgp,median,999.9999999999999,bgp_outage,ioda_bgp
206119,AS206119 (Veganet-Telekom),2026-07-11T00:00:00+00:00,900,bgp,median,29.126213592233007,bgp_outage,ioda_bgp
27742,AS27742 (),2026-07-11T00:25:00+00:00,171300,bgp,median,4078.5714285714284,bgp_outage,ioda_bgp
393451,AS393451 (ONLIGHTAURORA),2026-07-11T00:30:00+00:00,4500,bgp,median,7500.0,bgp_outage,ioda_bgp
5371,AS5371 (DNIC-ASBLK-05120-05376),2026-07-11T00:45:00+00:00,2100,bgp,median,53.71900826446281,bgp_outage,ioda_bgp
29049,AS29049 (Delta-Telecom-AS),2026-07-11T01:00:00+00:00,3600,bgp,median,117.6470588235294,bgp_outage,ioda_bgp
51396,AS51396 (PFCLOUD),2026-07-11T01:00:00+00:00,3600,bgp,median,499.99999999999994,bgp_outage,ioda_bgp
13213,AS13213 (UK2NET-AS),2026-07-11T01:00:00+00:00,3600,bgp,median,967.3913043478261,bgp_outage,ioda_bgp
199242,AS199242 (malakmadze),2026-07-11T01:00:00+00:00,3600,bgp,median,413.7931034482758,bgp_outage,ioda_bgp
50300,AS50300 (CUSTDC),2026-07-11T01:00:00+00:00,3600,bgp,median,139.53488372093025,bgp_outage,ioda_bgp
12778,AS12778 (SGN),2026-07-11T01:00:00+00:00,3600,bgp,median,92.3076923076923,bgp_outage,ioda_bgp
136787,AS136787 (TEFINCOMSA-AS-AP),2026-07-11T01:00:00+00:00,3600,bgp,median,91.93054136874362,bgp_outage,ioda_bgp
138915,AS138915 (KAOPU-HK),2026-07-11T01:00:00+00:00,3600,bgp,median,118.54103343465046,bgp_outage,ioda_bgp
45725,AS45725 (KINGS-AS-ID),2026-07-11T01:00:00+00:00,169200,bgp,median,8812.5,bgp_outage,ioda_bgp
28086,AS28086 (),2026-07-11T01:15:00+00:00,2700,bgp,median,749.9999999999999,bgp_outage,ioda_bgp
17088,AS17088 (CURRENEX),2026-07-11T01:15:00+00:00,900,bgp,median,157.89473684210526,bgp_outage,ioda_bgp
36924,AS36924 (GVA-Canalbox),2026-07-11T01:50:00+00:00,16500,bgp,median,4059.9769319492502,bgp_outage,ioda_bgp
16260,AS16260 (GTT-AUS),2026-07-11T02:00:00+00:00,3600,bgp,median,187.5,bgp_outage,ioda_bgp
12654,AS12654 (RIPE-NCC-RIS-AS),2026-07-11T02:05:00+00:00,6900,bgp,median,4600.0,bgp_outage,ioda_bgp
28210,AS28210 (),2026-07-11T02:05:00+00:00,8700,bgp,median,593.1818181818181,bgp_outage,ioda_bgp
269832,AS269832 (),2026-07-11T02:05:00+00:00,165300,bgp,median,7155.8441558441555,bgp_outage,ioda_bgp
10372,AS10372 (WELLSFARGO-10372-10376),2026-07-11T02:05:00+00:00,42300,bgp,median,2937.4999999999995,bgp_outage,ioda_bgp
1761,AS1761 (TDIR-CAPNET),2026-07-11T02:15:00+00:00,58200,bgp,median,2308.66493120119,bgp_outage,ioda_bgp
5371,AS5371 (DNIC-ASBLK-05120-05376),2026-07-11T02:20:00+00:00,900,bgp,median,23.022432113341203,bgp_outage,ioda_bgp
28015,AS28015 (),2026-07-11T02:20:00+00:00,900,bgp,median,228.65853658536585,bgp_outage,ioda_bgp
24560,AS24560 (AIRTELBROADBAND-AS-AP),2026-07-11T02:30:00+00:00,1800,bgp,median,38.71133139634251,bgp_outage,ioda_bgp
55290,AS55290 (DTCC-CDZ-CVO),2026-07-11T02:45:00+00:00,900,bgp,median,65.21739130434783,bgp_outage,ioda_bgp
48161,AS48161 (NG-AS),2026-07-11T02:50:00+00:00,5700,bgp,median,478.41726618705036,bgp_outage,ioda_bgp
55577,AS55577 (BEAMTELE-AS-AP),2026-07-11T03:05:00+00:00,1200,bgp,median,51.779935275080916,bgp_outage,ioda_bgp
5839,AS5839 (DNIC-ASBLK-05800-06055),2026-07-11T03:15:00+00:00,161100,bgp,median,3556.291390728477,bgp_outage,ioda_bgp
31747,AS31747 (BLACKROCK-FINANCIAL-MANAGEMENT-2),2026-07-11T03:20:00+00:00,20700,bgp,median,2555.555555555555,bgp_outage,ioda_bgp
24084,AS24084 (HCL-TECH-IN),2026-07-11T03:40:00+00:00,15000,bgp,median,515.4639175257731,bgp_outage,ioda_bgp
24207,AS24207 (EXPRESSNET-AS-ID),2026-07-11T04:05:00+00:00,1500,bgp,median,28.08988764044944,bgp_outage,ioda_bgp
37405,AS37405 (UNIV-NG-NSUKKA),2026-07-11T04:20:00+00:00,7200,bgp,median,6000.0,bgp_outage,ioda_bgp
28015,AS28015 (),2026-07-11T04:25:00+00:00,900,bgp,median,228.65853658536585,bgp_outage,ioda_bgp
17428,AS17428 (CHINA-ABITCOOL),2026-07-11T04:30:00+00:00,1800,bgp,median,526.3157894736842,bgp_outage,ioda_bgp
59045,AS59045 (SUNHONGS),2026-07-11T04:30:00+00:00,1800,bgp,median,1080.0,bgp_outage,ioda_bgp
56282,AS56282 (VClouD),2026-07-11T04:30:00+00:00,1800,bgp,median,1200.0,bgp_outage,ioda_bgp
55990,AS55990 (HWCSNET),2026-07-11T04:30:00+00:00,1800,bgp,median,276.7402376910017,bgp_outage,ioda_bgp
38365,AS38365 (Baidu),2026-07-11T04:30:00+00:00,1800,bgp,median,89.61593172119487,bgp_outage,ioda_bgp
59019,AS59019 (BJKSCNET),2026-07-11T04:30:00+00:00,1800,bgp,median,151.1627906976744,bgp_outage,ioda_bgp
45079,AS45079 (GDSNET),2026-07-11T04:30:00+00:00,1800,bgp,median,1457.142857142857,bgp_outage,ioda_bgp
4816,AS4816 (CHINANET-IDC-GD),2026-07-11T04:30:00+00:00,1800,bgp,median,174.41860465116278,bgp_outage,ioda_bgp
36868,AS36868 (EIS),2026-07-11T04:30:00+00:00,4500,bgp,median,81.52173913043478,bgp_outage,ioda_bgp
55341,AS55341 (ORANGEINFOCOM-IN-IN),2026-07-11T04:35:00+00:00,12000,bgp,median,2857.142857142857,bgp_outage,ioda_bgp
15673,AS15673 (TELESETI-PLUS-AS),2026-07-11T04:40:00+00:00,12000,bgp,median,20000.0,bgp_outage,ioda_bgp
16260,AS16260 (GTT-AUS),2026-07-11T04:45:00+00:00,900,bgp,median,46.875,bgp_outage,ioda_bgp
398194,AS398194 (UPRISE),2026-07-11T04:50:00+00:00,2100,bgp,median,194.44444444444443,bgp_outage,ioda_bgp
18211,AS18211 (NOMURAINDIA-AS-AP),2026-07-11T04:50:00+00:00,16800,bgp,median,5419.354838709678,bgp_outage,ioda_bgp
15304,AS15304 (WASHOE-NET),2026-07-11T04:50:00+00:00,2100,bgp,median,1750.0,bgp_outage,ioda_bgp
24634,AS24634 (Cyberia-AS),2026-07-11T05:05:00+00:00,39300,bgp,median,1139.1304347826087,bgp_outage,ioda_bgp
29664,AS29664 (RGCOM-VANCO-HAI),2026-07-11T05:05:00+00:00,21900,bgp,median,1738.095238095238,bgp_outage,ioda_bgp
62563,AS62563 (AS-GLOBALTELEHOST),2026-07-11T05:10:00+00:00,33300,bgp,median,1353.658536585366,bgp_outage,ioda_bgp
41378,AS41378 (KirinoNET),2026-07-11T05:30:00+00:00,153000,bgp,median,17000.0,bgp_outage,ioda_bgp
210110,AS210110 (KVMCLOUD-AS),2026-07-11T05:30:00+00:00,153000,bgp,median,19245.283018867925,bgp_outage,ioda_bgp
2,AS2 (UDEL-DCN),2026-07-11T06:00:00+00:00,3600,bgp,median,407.9320113314448,bgp_outage,ioda_bgp
139190,AS139190 (GOOGLE-AS-AP),2026-07-11T06:00:00+00:00,3600,bgp,median,2169.5760598503743,bgp_outage,ioda_bgp
18004,AS18004 (WIRELESSNET-ID),2026-07-11T06:00:00+00:00,3600,bgp,median,124.99999999999999,bgp_outage,ioda_bgp
45820,AS45820 (TTSL-MEISISP),2026-07-11T06:00:00+00:00,3600,bgp,median,65.57377049180329,bgp_outage,ioda_bgp
12654,AS12654 (RIPE-NCC-RIS-AS),2026-07-11T06:00:00+00:00,7200,bgp,median,4800.0,bgp_outage,ioda_bgp
28086,AS28086 (),2026-07-11T06:00:00+00:00,3600,bgp,median,999.9999999999999,bgp_outage,ioda_bgp
30012,AS30012 (ASN-UNIVERSAL-MUSIC-GROUP-INC),2026-07-11T06:20:00+00:00,19200,bgp,median,500.0,bgp_outage,ioda_bgp
271907,AS271907 (),2026-07-11T06:40:00+00:00,1500,bgp,median,106.38297872340425,bgp_outage,ioda_bgp
48851,AS48851 (radware),2026-07-11T06:45:00+00:00,900,bgp,median,25.86206896551724,bgp_outage,ioda_bgp
262253,AS262253 (),2026-07-11T06:45:00+00:00,900,bgp,median,1151.1627906976744,bgp_outage,ioda_bgp
262589,AS262589 (),2026-07-11T06:45:00+00:00,900,bgp,median,19.48051948051948,bgp_outage,ioda_bgp
27843,AS27843 (),2026-07-11T06:45:00+00:00,900,bgp,median,97.63313609467457,bgp_outage,ioda_bgp
51559,AS51559 (NETINTERNET),2026-07-11T06:45:00+00:00,900,bgp,median,65.21739130434783,bgp_outage,ioda_bgp
38742,AS38742 (AWCC-AS-AP),2026-07-11T06:50:00+00:00,9000,bgp,median,187.5,bgp_outage,ioda_bgp
394977,AS394977 (T2EE-AS1),2026-07-11T07:00:00+00:00,9600,bgp,median,340.4255319148936,bgp_outage,ioda_bgp
28015,AS28015 (),2026-07-11T07:10:00+00:00,1200,bgp,median,304.8780487804878,bgp_outage,ioda_bgp
21433,AS21433 (AccentureFSSC),2026-07-11T07:20:00+00:00,2700,bgp,median,115.38461538461537,bgp_outage,ioda_bgp
23188,AS23188 (WIN),2026-07-11T07:50:00+00:00,900,bgp,median,1500.0,bgp_outage,ioda_bgp
200899,AS200899 (INTERSPACE-EUROPE),2026-07-11T08:00:00+00:00,3600,bgp,median,1333.3333333333333,bgp_outage,ioda_bgp
23188,AS23188 (WIN),2026-07-11T08:10:00+00:00,3300,bgp,median,5500.0,bgp_outage,ioda_bgp
41897,AS41897 (SAT-TRAKT-AS),2026-07-11T08:20:00+00:00,8700,bgp,median,208.63309352517987,bgp_outage,ioda_bgp
38750,AS38750 (TDS-AS-ID),2026-07-11T08:35:00+00:00,10200,bgp,median,3148.1481481481483,bgp_outage,ioda_bgp
201971,AS201971 (CreeperHostLTD-AS),2026-07-11T08:45:00+00:00,6900,bgp,median,425.92592592592587,bgp_outage,ioda_bgp
200899,AS200899 (INTERSPACE-EUROPE),2026-07-11T09:15:00+00:00,2700,bgp,median,1000.0,bgp_outage,ioda_bgp
43936,AS43936 (EVPANET-AS),2026-07-11T09:20:00+00:00,25800,bgp,median,43000.0,bgp_outage,ioda_bgp
2,AS2 (UDEL-DCN),2026-07-11T10:00:00+00:00,3600,bgp,median,407.9320113314448,bgp_outage,ioda_bgp
139190,AS139190 (GOOGLE-AS-AP),2026-07-11T10:00:00+00:00,3600,bgp,median,2169.5760598503743,bgp_outage,ioda_bgp
18004,AS18004 (WIRELESSNET-ID),2026-07-11T10:00:00+00:00,3600,bgp,median,124.99999999999999,bgp_outage,ioda_bgp
45820,AS45820 (TTSL-MEISISP),2026-07-11T10:00:00+00:00,3600,bgp,median,65.57377049180329,bgp_outage,ioda_bgp
12654,AS12654 (RIPE-NCC-RIS-AS),2026-07-11T10:00:00+00:00,7200,bgp,median,4200.0,bgp_outage,ioda_bgp
28086,AS28086 (),2026-07-11T10:00:00+00:00,3600,bgp,median,999.9999999999999,bgp_outage,ioda_bgp
23188,AS23188 (WIN),2026-07-11T10:10:00+00:00,5100,bgp,median,7500.0,bgp_outage,ioda_bgp
37027,AS37027 (SIMBANET-AS),2026-07-11T10:20:00+00:00,900,bgp,median,56.9620253164557,bgp_outage,ioda_bgp
27176,AS27176 (DATAWAGON),2026-07-11T10:30:00+00:00,1800,bgp,median,69.76744186046513,bgp_outage,ioda_bgp
58466,AS58466 (CT-Guangzhou-IDC),2026-07-11T10:30:00+00:00,1800,bgp,median,48.582995951417004,bgp_outage,ioda_bgp
18881,AS18881 (),2026-07-11T10:30:00+00:00,1800,bgp,median,747.1264367816092,bgp_outage,ioda_bgp
12066,AS12066 (),2026-07-11T10:30:00+00:00,1800,bgp,median,2716.5829145728644,bgp_outage,ioda_bgp
19400,AS19400 (SPX-FLOW-AS),2026-07-11T10:35:00+00:00,134700,bgp,median,8314.814814814814,bgp_outage,ioda_bgp
15472,AS15472 (ASN-NEWSOFT),2026-07-11T10:40:00+00:00,900,bgp,median,1431.8181818181818,bgp_outage,ioda_bgp
16960,AS16960 (),2026-07-11T10:40:00+00:00,134400,bgp,median,6200.692041522492,bgp_outage,ioda_bgp
45184,AS45184 (DEN-ISP-AS-IN-AP),2026-07-11T10:55:00+00:00,3000,bgp,median,365.8536585365853,bgp_outage,ioda_bgp
134341,AS134341 (JDMBROADBAND-AS),2026-07-11T11:05:00+00:00,132900,bgp,median,59066.66666666667,bgp_outage,ioda_bgp
41165,AS41165 (UNTC-AS),2026-07-11T11:20:00+00:00,6900,bgp,median,9409.09090909091,bgp_outage,ioda_bgp
262533,AS262533 (),2026-07-11T11:20:00+00:00,6000,bgp,median,10000.0,bgp_outage,ioda_bgp
46156,AS46156 (SUNLIFE-ASN),2026-07-11T11:25:00+00:00,4800,bgp,median,1066.6666666666667,bgp_outage,ioda_bgp
5371,AS5371 (DNIC-ASBLK-05120-05376),2026-07-11T11:45:00+00:00,12600,bgp,median,2082.6446280991736,bgp_outage,ioda_bgp
202448,AS202448 (mvps),2026-07-11T11:45:00+00:00,1500,bgp,median,30.864197530864196,bgp_outage,ioda_bgp
37684,AS37684 (ANGANI-AS),2026-07-11T12:00:00+00:00,10800,bgp,median,2999.9999999999995,bgp_outage,ioda_bgp
13979,AS13979 (ATT-IPFR),2026-07-11T12:00:00+00:00,3600,bgp,median,853.3333333333333,bgp_outage,ioda_bgp
10100,AS10100 (UBSGROUPAG-AS-AP),2026-07-11T12:00:00+00:00,3600,bgp,median,115.38461538461539,bgp_outage,ioda_bgp
28086,AS28086 (),2026-07-11T12:00:00+00:00,3600,bgp,median,999.9999999999999,bgp_outage,ioda_bgp
33549,AS33549 (WHIPCORD),2026-07-11T12:00:00+00:00,3600,bgp,median,2571.428571428571,bgp_outage,ioda_bgp
328988,AS328988 (SAFARICOM-TEL),2026-07-11T12:15:00+00:00,9300,bgp,median,775.0,bgp_outage,ioda_bgp
16260,AS16260 (GTT-AUS),2026-07-11T12:45:00+00:00,900,bgp,median,46.875,bgp_outage,ioda_bgp
2,AS2 (UDEL-DCN),2026-07-11T12:55:00+00:00,3900,bgp,median,441.9263456090652,bgp_outage,ioda_bgp
139190,AS139190 (GOOGLE-AS-AP),2026-07-11T12:55:00+00:00,3900,bgp,median,2350.3740648379057,bgp_outage,ioda_bgp
18004,AS18004 (WIRELESSNET-ID),2026-07-11T12:55:00+00:00,3900,bgp,median,135.41666666666666,bgp_outage,ioda_bgp
45820,AS45820 (TTSL-MEISISP),2026-07-11T12:55:00+00:00,3900,bgp,median,71.03825136612022,bgp_outage,ioda_bgp
7725,AS7725 (COMCAST-7725),2026-07-11T13:00:00+00:00,13800,bgp,median,489.36170212765956,bgp_outage,ioda_bgp
25049,AS25049 (STASCO-UK-AS),2026-07-11T13:00:00+00:00,5100,bgp,median,123.18840579710145,bgp_outage,ioda_bgp
2631,AS2631 (DISCOVERY-AS),2026-07-11T13:05:00+00:00,4500,bgp,median,340.90909090909093,bgp_outage,ioda_bgp
204805,AS204805 (voipedeu),2026-07-11T13:35:00+00:00,7800,bgp,median,382.35294117647055,bgp_outage,ioda_bgp
4493,AS4493 (),2026-07-11T13:50:00+00:00,1200,bgp,median,71.42857142857142,bgp_outage,ioda_bgp
33353,AS33353 (SIE-CGEI-ASN-1),2026-07-11T13:50:00+00:00,33900,bgp,median,719.7452229299364,bgp_outage,ioda_bgp
12654,AS12654 (RIPE-NCC-RIS-AS),2026-07-11T14:00:00+00:00,7200,bgp,median,4800.0,bgp_outage,ioda_bgp
17428,AS17428 (CHINA-ABITCOOL),2026-07-11T14:00:00+00:00,3600,bgp,median,1052.6315789473683,bgp_outage,ioda_bgp
59045,AS59045 (SUNHONGS),2026-07-11T14:00:00+00:00,3600,bgp,median,2160.0,bgp_outage,ioda_bgp
56282,AS56282 (VClouD),2026-07-11T14:00:00+00:00,3600,bgp,median,2400.0,bgp_outage,ioda_bgp
55990,AS55990 (HWCSNET),2026-07-11T14:00:00+00:00,3600,bgp,median,553.4804753820034,bgp_outage,ioda_bgp
38365,AS38365 (Baidu),2026-07-11T14:00:00+00:00,3600,bgp,median,179.23186344238974,bgp_outage,ioda_bgp
59019,AS59019 (BJKSCNET),2026-07-11T14:00:00+00:00,3600,bgp,median,302.3255813953488,bgp_outage,ioda_bgp
45079,AS45079 (GDSNET),2026-07-11T14:00:00+00:00,3600,bgp,median,2914.285714285714,bgp_outage,ioda_bgp
4816,AS4816 (CHINANET-IDC-GD),2026-07-11T14:00:00+00:00,3600,bgp,median,348.83720930232556,bgp_outage,ioda_bgp
57324,AS57324 (MASARAT),2026-07-11T14:10:00+00:00,900,bgp,median,44.11764705882353,bgp_outage,ioda_bgp
11158,AS11158 (NETDEPON),2026-07-11T14:15:00+00:00,10200,bgp,median,586.2068965517241,bgp_outage,ioda_bgp
41165,AS41165 (UNTC-AS),2026-07-11T14:35:00+00:00,2700,bgp,median,3681.8181818181824,bgp_outage,ioda_bgp
13979,AS13979 (ATT-IPFR),2026-07-11T14:45:00+00:00,900,bgp,median,213.33333333333331,bgp_outage,ioda_bgp
10100,AS10100 (UBSGROUPAG-AS-AP),2026-07-11T14:45:00+00:00,900,bgp,median,28.846153846153847,bgp_outage,ioda_bgp
33549,AS33549 (WHIPCORD),2026-07-11T14:45:00+00:00,900,bgp,median,642.8571428571428,bgp_outage,ioda_bgp
30198,AS30198 (KENT-SCHOOL-DISTRICT),2026-07-11T14:50:00+00:00,17400,bgp,median,29000.0,bgp_outage,ioda_bgp
214922,AS214922,2026-07-11T15:00:00+00:00,164700,bgp,median,11437.499999999998,bgp_outage,ioda_bgp
137453,AS137453 (ORANGE2-AS-AP),2026-07-11T15:10:00+00:00,147900,bgp,median,10270.833333333332,bgp_outage,ioda_bgp
58765,AS58765 (BITTEL-AS),2026-07-11T15:20:00+00:00,8700,bgp,median,3434.210526315789,bgp_outage,ioda_bgp
5371,AS5371 (DNIC-ASBLK-05120-05376),2026-07-11T15:35:00+00:00,3600,bgp,median,127.50885478158204,bgp_outage,ioda_bgp
264780,AS264780 (),2026-07-11T15:40:00+00:00,3600,bgp,median,181.8181818181818,bgp_outage,ioda_bgp
197423,AS197423 (JOTEL-AS),2026-07-11T16:05:00+00:00,5700,bgp,median,114.45783132530121,bgp_outage,ioda_bgp
215540,AS215540 (GCS-AS),2026-07-11T16:30:00+00:00,113400,bgp,median,12096.0,bgp_outage,ioda_bgp
63023,AS63023 (AS-GLOBALTELEHOST),2026-07-11T16:30:00+00:00,23700,bgp,median,1128.5714285714287,bgp_outage,ioda_bgp
58224,AS58224 (TCI),2026-07-11T17:05:00+00:00,2700,bgp,median,277.9166330726437,bgp_outage,ioda_bgp
20347,AS20347 (NVIDIA),2026-07-11T17:05:00+00:00,111300,bgp,median,8065.217391304347,bgp_outage,ioda_bgp
34989,AS34989 (SERVETHEWORLD-AS),2026-07-11T17:05:00+00:00,15300,bgp,median,3336.4485981308408,bgp_outage,ioda_bgp
3548,AS3548 (),2026-07-11T17:50:00+00:00,1800,bgp,median,70.58823529411765,bgp_outage,ioda_bgp
17910,AS17910 (TIGAKOM-AS-ID),2026-07-11T17:50:00+00:00,1500,bgp,median,214.28571428571428,bgp_outage,ioda_bgp
12654,AS12654 (RIPE-NCC-RIS-AS),2026-07-11T18:00:00+00:00,7200,bgp,median,3600.0,bgp_outage,ioda_bgp
17625,AS17625 (BLAZENET-IN-AP),2026-07-11T18:05:00+00:00,33900,bgp,median,2008.8888888888887,bgp_outage,ioda_bgp
52232,AS52232 (),2026-07-11T18:10:00+00:00,18900,bgp,median,1561.9834710743803,bgp_outage,ioda_bgp
22541,AS22541 (),2026-07-11T18:25:00+00:00,900,bgp,median,60.810810810810814,bgp_outage,ioda_bgp
37506,AS37506 (Zinox),2026-07-11T19:10:00+00:00,43200,bgp,median,72000.0,bgp_outage,ioda_bgp
43936,AS43936 (EVPANET-AS),2026-07-11T19:30:00+00:00,24900,bgp,median,41500.0,bgp_outage,ioda_bgp
204104,AS204104 (GITI-AS),2026-07-11T19:55:00+00:00,101100,bgp,median,3585.1063829787236,bgp_outage,ioda_bgp
59162,AS59162 (UPCSPL-AS-IN),2026-07-11T20:00:00+00:00,7500,bgp,median,297.6190476190476,bgp_outage,ioda_bgp
147185,AS147185 (IDSPL-AS-AP),2026-07-11T20:00:00+00:00,7800,bgp,median,2228.5714285714284,bgp_outage,ioda_bgp
55424,AS55424 (INSTATELECOM-AS-AP),2026-07-11T20:30:00+00:00,1800,bgp,median,65.21739130434783,bgp_outage,ioda_bgp
8159,AS8159 (KANSASNET),2026-07-11T20:35:00+00:00,900,bgp,median,1500.0,bgp_outage,ioda_bgp
45178,AS45178 (ROSHAN-AF),2026-07-11T20:35:00+00:00,1200,bgp,median,200.0,bgp_outage,ioda_bgp
13979,AS13979 (ATT-IPFR),2026-07-11T21:15:00+00:00,2700,bgp,median,640.0,bgp_outage,ioda_bgp
10100,AS10100 (UBSGROUPAG-AS-AP),2026-07-11T21:15:00+00:00,2700,bgp,median,86.53846153846155,bgp_outage,ioda_bgp
33549,AS33549 (WHIPCORD),2026-07-11T21:15:00+00:00,2700,bgp,median,1928.5714285714284,bgp_outage,ioda_bgp
40824,AS40824 (WZCOM-US),2026-07-11T21:30:00+00:00,95400,bgp,median,3057.6923076923076,bgp_outage,ioda_bgp
11924,AS11924 (MONTANA-OPTICOM),2026-07-11T21:35:00+00:00,8400,bgp,median,8531.25,bgp_outage,ioda_bgp
24207,AS24207 (EXPRESSNET-AS-ID),2026-07-11T21:40:00+00:00,42600,bgp,median,797.7528089887641,bgp_outage,ioda_bgp
12654,AS12654 (RIPE-NCC-RIS-AS),2026-07-11T22:00:00+00:00,21600,bgp,median,10800.0,bgp_outage,ioda_bgp
32875,AS32875 (VIRPUS),2026-07-11T22:00:00+00:00,3600,bgp,median,214.28571428571428,bgp_outage,ioda_bgp
47939,AS47939 (YALTANET),2026-07-11T22:05:00+00:00,8400,bgp,median,14000.0,bgp_outage,ioda_bgp
273683,AS273683 (),2026-07-11T22:05:00+00:00,3300,bgp,median,500.00000000000006,bgp_outage,ioda_bgp
28417,AS28417 (),2026-07-11T22:20:00+00:00,900,bgp,median,300.0,bgp_outage,ioda_bgp
38264,AS38264 (WATEEN-IMS-PK-AS-AP),2026-07-11T22:30:00+00:00,8700,bgp,median,2192.365269461078,bgp_outage,ioda_bgp
7590,AS7590 (COMSATS),2026-07-11T22:35:00+00:00,8400,bgp,median,2500.0,bgp_outage,ioda_bgp
9686,AS9686 (SKKUNET-AS),2026-07-11T23:00:00+00:00,37800,bgp,median,28000.0,bgp_outage,ioda_bgp
52251,AS52251 (),2026-07-11T23:05:00+00:00,5400,bgp,median,562.5,bgp_outage,ioda_bgp
39045,AS39045 (Gaztelecom-AS),2026-07-11T23:10:00+00:00,900,bgp,median,46.15384615384615,bgp_outage,ioda_bgp
200899,AS200899 (INTERSPACE-EUROPE),2026-07-11T23:15:00+00:00,2700,bgp,median,1000.0,bgp_outage,ioda_bgp
5371,AS5371 (DNIC-ASBLK-05120-05376),2026-07-11T23:20:00+00:00,3000,bgp,median,76.74144037780401,bgp_outage,ioda_bgp
198218,AS198218 (HTS-PET),2026-07-11T23:20:00+00:00,9900,bgp,median,279.66101694915255,bgp_outage,ioda_bgp
28590,AS28590 (),2026-07-11T23:30:00+00:00,900,bgp,median,19.23076923076923,bgp_outage,ioda_bgp
206026,AS206026 (ipnet_kar-tel),2026-07-11T23:55:00+00:00,1500,bgp,median,126.26262626262626,bgp_outage,ioda_bgp
16260,AS16260 (GTT-AUS),2026-07-12T00:00:00+00:00,3600,bgp,median,187.5,bgp_outage,ioda_bgp
29049,AS29049 (Delta-Telecom-AS),2026-07-12T00:30:00+00:00,1800,bgp,median,58.8235294117647,bgp_outage,ioda_bgp
51396,AS51396 (PFCLOUD),2026-07-12T00:30:00+00:00,1800,bgp,median,249.99999999999997,bgp_outage,ioda_bgp
13213,AS13213 (UK2NET-AS),2026-07-12T00:30:00+00:00,1800,bgp,median,494.5652173913044,bgp_outage,ioda_bgp
199242,AS199242 (malakmadze),2026-07-12T00:30:00+00:00,1800,bgp,median,206.8965517241379,bgp_outage,ioda_bgp
50300,AS50300 (CUSTDC),2026-07-12T00:30:00+00:00,1800,bgp,median,69.76744186046513,bgp_outage,ioda_bgp
12778,AS12778 (SGN),2026-07-12T00:30:00+00:00,1800,bgp,median,46.15384615384615,bgp_outage,ioda_bgp
138915,AS138915 (KAOPU-HK),2026-07-12T00:30:00+00:00,1800,bgp,median,59.27051671732523,bgp_outage,ioda_bgp
11924,AS11924 (MONTANA-OPTICOM),2026-07-12T00:35:00+00:00,1500,bgp,median,117.1875,bgp_outage,ioda_bgp
23671,AS23671 (JMN-AS-ID),2026-07-12T00:50:00+00:00,59100,bgp,median,3648.148148148148,bgp_outage,ioda_bgp
12418,AS12418 (QUANTUM),2026-07-12T00:55:00+00:00,14700,bgp,median,460.5263157894737,bgp_outage,ioda_bgp
44387,AS44387 (REEDLAN-AS),2026-07-12T00:55:00+00:00,2100,bgp,median,3500.0,bgp_outage,ioda_bgp
32875,AS32875 (VIRPUS),2026-07-12T02:00:00+00:00,3600,bgp,median,214.28571428571428,bgp_outage,ioda_bgp
136384,AS136384 (OPTIX-AS-AP),2026-07-12T02:05:00+00:00,13500,bgp,median,511.36363636363643,bgp_outage,ioda_bgp
11941,AS11941 (PWLLP-AS001),2026-07-12T02:15:00+00:00,40500,bgp,median,3068.1818181818185,bgp_outage,ioda_bgp
18434,AS18434 (FNIS),2026-07-12T02:30:00+00:00,1500,bgp,median,26.88172043010753,bgp_outage,ioda_bgp
36911,AS36911 (DOPC-AS-US),2026-07-12T02:35:00+00:00,7200,bgp,median,10838.709677419354,bgp_outage,ioda_bgp
34470,AS34470 (PTKOM-AS),2026-07-12T02:35:00+00:00,9000,bgp,median,1285.7142857142858,bgp_outage,ioda_bgp
3548,AS3548 (),2026-07-12T02:40:00+00:00,12300,bgp,median,241.1764705882353,bgp_outage,ioda_bgp
8069,AS8069 (MICROSOFT-CORP-MSN-AS-BLOCK),2026-07-12T02:40:00+00:00,4500,bgp,median,84.50704225352113,bgp_outage,ioda_bgp
34927,AS34927 (iFog-GmbH),2026-07-12T02:45:00+00:00,1200,bgp,median,114.28571428571429,bgp_outage,ioda_bgp
1651,AS1651 (CABLELYNX),2026-07-12T03:10:00+00:00,1200,bgp,median,2000.0,bgp_outage,ioda_bgp
57563,AS57563 (MUI),2026-07-12T03:15:00+00:00,1800,bgp,median,1666.6666666666667,bgp_outage,ioda_bgp
20326,AS20326 (TERASWITCH),2026-07-12T03:15:00+00:00,74700,bgp,median,1546.5838509316768,bgp_outage,ioda_bgp
24631,AS24631 (FANAPTELECOM-FCP),2026-07-12T03:15:00+00:00,1800,bgp,median,155.94059405940595,bgp_outage,ioda_bgp
51336,AS51336 (Gemzo),2026-07-12T03:35:00+00:00,9900,bgp,median,532.258064516129,bgp_outage,ioda_bgp
5371,AS5371 (DNIC-ASBLK-05120-05376),2026-07-12T03:45:00+00:00,900,bgp,median,17.70956316410862,bgp_outage,ioda_bgp
39246,AS39246 (LIULINNET),2026-07-12T03:45:00+00:00,8400,bgp,median,840.0,bgp_outage,ioda_bgp
58895,AS58895 (EBONE1-PK),2026-07-12T03:45:00+00:00,900,bgp,median,138.88888888888889,bgp_outage,ioda_bgp
32875,AS32875 (VIRPUS),2026-07-12T04:00:00+00:00,3600,bgp,median,214.28571428571428,bgp_outage,ioda_bgp
27176,AS27176 (DATAWAGON),2026-07-12T04:00:00+00:00,3600,bgp,median,139.53488372093025,bgp_outage,ioda_bgp
58466,AS58466 (CT-Guangzhou-IDC),2026-07-12T04:00:00+00:00,3600,bgp,median,97.16599190283401,bgp_outage,ioda_bgp
18881,AS18881 (),2026-07-12T04:00:00+00:00,3600,bgp,median,1494.2528735632184,bgp_outage,ioda_bgp
17428,AS17428 (CHINA-ABITCOOL),2026-07-12T04:00:00+00:00,3600,bgp,median,1052.6315789473683,bgp_outage,ioda_bgp
59045,AS59045 (SUNHONGS),2026-07-12T04:00:00+00:00,3600,bgp,median,2160.0,bgp_outage,ioda_bgp
56282,AS56282 (VClouD),2026-07-12T04:00:00+00:00,3600,bgp,median,2400.0,bgp_outage,ioda_bgp
55990,AS55990 (HWCSNET),2026-07-12T04:00:00+00:00,3600,bgp,median,553.4804753820034,bgp_outage,ioda_bgp
38365,AS38365 (Baidu),2026-07-12T04:00:00+00:00,3600,bgp,median,179.23186344238974,bgp_outage,ioda_bgp
59019,AS59019 (BJKSCNET),2026-07-12T04:00:00+00:00,3600,bgp,median,302.3255813953488,bgp_outage,ioda_bgp
45079,AS45079 (GDSNET),2026-07-12T04:00:00+00:00,3600,bgp,median,2914.285714285714,bgp_outage,ioda_bgp
4816,AS4816 (CHINANET-IDC-GD),2026-07-12T04:00:00+00:00,3600,bgp,median,348.83720930232556,bgp_outage,ioda_bgp
28086,AS28086 (),2026-07-12T04:00:00+00:00,3600,bgp,median,999.9999999999999,bgp_outage,ioda_bgp
12066,AS12066 (),2026-07-12T04:00:00+00:00,3600,bgp,median,5433.165829145729,bgp_outage,ioda_bgp
44803,AS44803 (WEBDOCK-AS),2026-07-12T04:00:00+00:00,1200,bgp,median,470.5882352941176,bgp_outage,ioda_bgp
28964,AS28964 (ORIONTELEKOMTIM-AS),2026-07-12T04:20:00+00:00,9300,bgp,median,688.8888888888889,bgp_outage,ioda_bgp
26616,AS26616 (),2026-07-12T04:20:00+00:00,9000,bgp,median,14000.0,bgp_outage,ioda_bgp
48851,AS48851 (radware),2026-07-12T04:45:00+00:00,4500,bgp,median,129.3103448275862,bgp_outage,ioda_bgp
262253,AS262253 (),2026-07-12T04:45:00+00:00,4500,bgp,median,5755.813953488372,bgp_outage,ioda_bgp
262589,AS262589 (),2026-07-12T04:45:00+00:00,4500,bgp,median,97.40259740259741,bgp_outage,ioda_bgp
27843,AS27843 (),2026-07-12T04:45:00+00:00,4500,bgp,median,488.1656804733728,bgp_outage,ioda_bgp
37568,AS37568 (NUoS-ASN),2026-07-12T04:45:00+00:00,7200,bgp,median,12000.0,bgp_outage,ioda_bgp
265605,AS265605 (),2026-07-12T04:50:00+00:00,69000,bgp,median,4600.0,bgp_outage,ioda_bgp
5371,AS5371 (DNIC-ASBLK-05120-05376),2026-07-12T04:55:00+00:00,8700,bgp,median,222.55017709563165,bgp_outage,ioda_bgp
24634,AS24634 (Cyberia-AS),2026-07-12T05:05:00+00:00,39300,bgp,median,1139.1304347826087,bgp_outage,ioda_bgp
4604,AS4604 (HOUSTON-ISD),2026-07-12T05:05:00+00:00,18600,bgp,median,7750.0,bgp_outage,ioda_bgp
28376,AS28376 (),2026-07-12T05:15:00+00:00,2700,bgp,median,463.235294117647,bgp_outage,ioda_bgp
18196,AS18196 (SEVENSTAR-AS),2026-07-12T05:20:00+00:00,1800,bgp,median,157.89473684210526,bgp_outage,ioda_bgp
136334,AS136334 (VNPL-AS),2026-07-12T05:20:00+00:00,1800,bgp,median,1770.4918032786884,bgp_outage,ioda_bgp
271907,AS271907 (),2026-07-12T05:40:00+00:00,1200,bgp,median,127.65957446808511,bgp_outage,ioda_bgp
264628,AS264628 (),2026-07-12T05:40:00+00:00,1200,bgp,median,121.21212121212122,bgp_outage,ioda_bgp
12654,AS12654 (RIPE-NCC-RIS-AS),2026-07-12T06:00:00+00:00,7200,bgp,median,4800.0,bgp_outage,ioda_bgp
29049,AS29049 (Delta-Telecom-AS),2026-07-12T06:00:00+00:00,3600,bgp,median,117.6470588235294,bgp_outage,ioda_bgp
51396,AS51396 (PFCLOUD),2026-07-12T06:00:00+00:00,3600,bgp,median,499.99999999999994,bgp_outage,ioda_bgp
13213,AS13213 (UK2NET-AS),2026-07-12T06:00:00+00:00,3600,bgp,median,967.3913043478261,bgp_outage,ioda_bgp
199242,AS199242 (malakmadze),2026-07-12T06:00:00+00:00,3600,bgp,median,413.7931034482758,bgp_outage,ioda_bgp
50300,AS50300 (CUSTDC),2026-07-12T06:00:00+00:00,3600,bgp,median,139.53488372093025,bgp_outage,ioda_bgp
12778,AS12778 (SGN),2026-07-12T06:00:00+00:00,3600,bgp,median,92.3076923076923,bgp_outage,ioda_bgp
136787,AS136787 (TEFINCOMSA-AS-AP),2026-07-12T06:00:00+00:00,3600,bgp,median,85.27918781725889,bgp_outage,ioda_bgp
138915,AS138915 (KAOPU-HK),2026-07-12T06:00:00+00:00,3600,bgp,median,118.54103343465046,bgp_outage,ioda_bgp
16260,AS16260 (GTT-AUS),2026-07-12T06:00:00+00:00,3600,bgp,median,187.5,bgp_outage,ioda_bgp
38247,AS38247 (VIETNAMOBILE-AS-VN),2026-07-12T06:05:00+00:00,5100,bgp,median,2402.173913043478,bgp_outage,ioda_bgp
17428,AS17428 (CHINA-ABITCOOL),2026-07-12T06:30:00+00:00,1800,bgp,median,526.3157894736842,bgp_outage,ioda_bgp
59045,AS59045 (SUNHONGS),2026-07-12T06:30:00+00:00,1800,bgp,median,1080.0,bgp_outage,ioda_bgp
56282,AS56282 (VClouD),2026-07-12T06:30:00+00:00,1800,bgp,median,1200.0,bgp_outage,ioda_bgp
55990,AS55990 (HWCSNET),2026-07-12T06:30:00+00:00,1800,bgp,median,276.7402376910017,bgp_outage,ioda_bgp
38365,AS38365 (Baidu),2026-07-12T06:30:00+00:00,1800,bgp,median,89.61593172119487,bgp_outage,ioda_bgp
59019,AS59019 (BJKSCNET),2026-07-12T06:30:00+00:00,1800,bgp,median,151.1627906976744,bgp_outage,ioda_bgp
45079,AS45079 (GDSNET),2026-07-12T06:30:00+00:00,1800,bgp,median,1457.142857142857,bgp_outage,ioda_bgp
4816,AS4816 (CHINANET-IDC-GD),2026-07-12T06:30:00+00:00,1800,bgp,median,174.41860465116278,bgp_outage,ioda_bgp
211057,AS211057 (ps-astra),2026-07-12T06:50:00+00:00,61800,bgp,median,4904.761904761905,bgp_outage,ioda_bgp
1493,AS1493 (DNIC-ASBLK-01492-01493),2026-07-12T07:05:00+00:00,900,bgp,median,36.734693877551024,bgp_outage,ioda_bgp
8069,AS8069 (MICROSOFT-CORP-MSN-AS-BLOCK),2026-07-12T07:55:00+00:00,3900,bgp,median,73.23943661971832,bgp_outage,ioda_bgp
17025,AS17025 (ZAYO-CUSTOMER-17025),2026-07-12T08:05:00+00:00,3000,bgp,median,151.5151515151515,bgp_outage,ioda_bgp
28417,AS28417 (),2026-07-12T08:30:00+00:00,55800,bgp,median,9300.0,bgp_outage,ioda_bgp
18002,AS18002 (WORLDPHONE-IN),2026-07-12T08:35:00+00:00,87600,bgp,median,3020.689655172414,bgp_outage,ioda_bgp
7590,AS7590 (COMSATS),2026-07-12T09:10:00+00:00,2100,bgp,median,124.99999999999999,bgp_outage,ioda_bgp
17471,AS17471 (CYBERNET-BD-AS),2026-07-12T09:35:00+00:00,900,bgp,median,120.96774193548387,bgp_outage,ioda_bgp
5371,AS5371 (DNIC-ASBLK-05120-05376),2026-07-12T09:55:00+00:00,1500,bgp,median,41.32231404958678,bgp_outage,ioda_bgp
2,AS2 (UDEL-DCN),2026-07-12T10:00:00+00:00,3600,bgp,median,407.9320113314448,bgp_outage,ioda_bgp
139190,AS139190 (GOOGLE-AS-AP),2026-07-12T10:00:00+00:00,3600,bgp,median,2169.5760598503743,bgp_outage,ioda_bgp
18004,AS18004 (WIRELESSNET-ID),2026-07-12T10:00:00+00:00,3600,bgp,median,124.99999999999999,bgp_outage,ioda_bgp
45820,AS45820 (TTSL-MEISISP),2026-07-12T10:00:00+00:00,3600,bgp,median,65.57377049180329,bgp_outage,ioda_bgp
12654,AS12654 (RIPE-NCC-RIS-AS),2026-07-12T10:00:00+00:00,7200,bgp,median,4800.0,bgp_outage,ioda_bgp
15499,AS15499 (GECITS-EU),2026-07-12T10:10:00+00:00,900,bgp,median,1200.0,bgp_outage,ioda_bgp
5371,AS5371 (DNIC-ASBLK-05120-05376),2026-07-12T10:25:00+00:00,1500,bgp,median,41.32231404958678,bgp_outage,ioda_bgp
37027,AS37027 (SIMBANET-AS),2026-07-12T11:10:00+00:00,1200,bgp,median,75.9493670886076,bgp_outage,ioda_bgp
197207,AS197207 (MCCI-AS),2026-07-12T11:20:00+00:00,900,bgp,median,21.90780465540849,bgp_outage,ioda_bgp
44539,AS44539 (REDI),2026-07-12T11:25:00+00:00,1200,bgp,median,551.7241379310344,bgp_outage,ioda_bgp
59478,AS59478 (IPSERVICE-AS),2026-07-12T11:30:00+00:00,900,bgp,median,375.0,bgp_outage,ioda_bgp
52308,AS52308 (),2026-07-12T11:40:00+00:00,23100,bgp,median,427.77777777777777,bgp_outage,ioda_bgp
58256,AS58256 (refatec),2026-07-12T11:45:00+00:00,6600,bgp,median,354.83870967741933,bgp_outage,ioda_bgp
37531,AS37531 (AIRTEL-NIGER),2026-07-12T11:55:00+00:00,2100,bgp,median,81.39534883720931,bgp_outage,ioda_bgp
2,AS2 (UDEL-DCN),2026-07-12T12:00:00+00:00,3600,bgp,median,407.9320113314448,bgp_outage,ioda_bgp
139190,AS139190 (GOOGLE-AS-AP),2026-07-12T12:00:00+00:00,3600,bgp,median,2169.5760598503743,bgp_outage,ioda_bgp
18004,AS18004 (WIRELESSNET-ID),2026-07-12T12:00:00+00:00,3600,bgp,median,124.99999999999999,bgp_outage,ioda_bgp
45820,AS45820 (TTSL-MEISISP),2026-07-12T12:00:00+00:00,3600,bgp,median,65.57377049180329,bgp_outage,ioda_bgp
29049,AS29049 (Delta-Telecom-AS),2026-07-12T12:00:00+00:00,3600,bgp,median,117.6470588235294,bgp_outage,ioda_bgp
51396,AS51396 (PFCLOUD),2026-07-12T12:00:00+00:00,3600,bgp,median,499.99999999999994,bgp_outage,ioda_bgp
13213,AS13213 (UK2NET-AS),2026-07-12T12:00:00+00:00,3600,bgp,median,967.3913043478261,bgp_outage,ioda_bgp
199242,AS199242 (malakmadze),2026-07-12T12:00:00+00:00,3600,bgp,median,413.7931034482758,bgp_outage,ioda_bgp
50300,AS50300 (CUSTDC),2026-07-12T12:00:00+00:00,3600,bgp,median,139.53488372093025,bgp_outage,ioda_bgp
12778,AS12778 (SGN),2026-07-12T12:00:00+00:00,3600,bgp,median,92.3076923076923,bgp_outage,ioda_bgp
136787,AS136787 (TEFINCOMSA-AS-AP),2026-07-12T12:00:00+00:00,3600,bgp,median,91.27789046653145,bgp_outage,ioda_bgp
138915,AS138915 (KAOPU-HK),2026-07-12T12:00:00+00:00,3600,bgp,median,118.54103343465046,bgp_outage,ioda_bgp
37684,AS37684 (ANGANI-AS),2026-07-12T12:00:00+00:00,3600,bgp,median,999.9999999999999,bgp_outage,ioda_bgp
51428,AS51428 (IRONNET-AS),2026-07-12T12:00:00+00:00,12000,bgp,median,20000.0,bgp_outage,ioda_bgp
62864,AS62864 (NILAS),2026-07-12T12:10:00+00:00,42600,bgp,median,15585.365853658537,bgp_outage,ioda_bgp
48851,AS48851 (radware),2026-07-12T12:25:00+00:00,2100,bgp,median,60.34482758620689,bgp_outage,ioda_bgp
262253,AS262253 (),2026-07-12T12:25:00+00:00,2100,bgp,median,2686.046511627907,bgp_outage,ioda_bgp
262589,AS262589 (),2026-07-12T12:25:00+00:00,2100,bgp,median,45.45454545454545,bgp_outage,ioda_bgp
27843,AS27843 (),2026-07-12T12:25:00+00:00,2100,bgp,median,227.81065088757398,bgp_outage,ioda_bgp
13530,AS13530 (DANA-HOLDING-CORPORATION),2026-07-12T12:40:00+00:00,1800,bgp,median,120.0,bgp_outage,ioda_bgp
58895,AS58895 (EBONE1-PK),2026-07-12T13:00:00+00:00,1200,bgp,median,185.1851851851852,bgp_outage,ioda_bgp
262808,AS262808 (),2026-07-12T13:35:00+00:00,37500,bgp,median,2155.1724137931033,bgp_outage,ioda_bgp
2,AS2 (UDEL-DCN),2026-07-12T14:00:00+00:00,3600,bgp,median,407.9320113314448,bgp_outage,ioda_bgp
139190,AS139190 (GOOGLE-AS-AP),2026-07-12T14:00:00+00:00,3600,bgp,median,2169.5760598503743,bgp_outage,ioda_bgp
18004,AS18004 (WIRELESSNET-ID),2026-07-12T14:00:00+00:00,3600,bgp,median,124.99999999999999,bgp_outage,ioda_bgp
45820,AS45820 (TTSL-MEISISP),2026-07-12T14:00:00+00:00,3600,bgp,median,65.57377049180329,bgp_outage,ioda_bgp
12654,AS12654 (RIPE-NCC-RIS-AS),2026-07-12T14:00:00+00:00,7200,bgp,median,4800.0,bgp_outage,ioda_bgp
32875,AS32875 (VIRPUS),2026-07-12T14:00:00+00:00,3600,bgp,median,214.28571428571428,bgp_outage,ioda_bgp
13,AS13 (DNIC-AS-00013),2026-07-12T14:25:00+00:00,900,bgp,median,1495.1456310679612,bgp_outage,ioda_bgp
22541,AS22541 (),2026-07-12T14:35:00+00:00,2100,bgp,median,94.5945945945946,bgp_outage,ioda_bgp
262913,AS262913 (),2026-07-12T14:55:00+00:00,3300,bgp,median,157.14285714285714,bgp_outage,ioda_bgp
16260,AS16260 (GTT-AUS),2026-07-12T15:15:00+00:00,2700,bgp,median,140.625,bgp_outage,ioda_bgp
44387,AS44387 (REEDLAN-AS),2026-07-12T15:25:00+00:00,3300,bgp,median,5500.0,bgp_outage,ioda_bgp
58895,AS58895 (EBONE1-PK),2026-07-12T16:25:00+00:00,1200,bgp,median,185.1851851851852,bgp_outage,ioda_bgp
272083,AS272083 (),2026-07-12T16:30:00+00:00,1800,bgp,median,234.375,bgp_outage,ioda_bgp
25585,AS25585 (KENCOMP),2026-07-12T17:25:00+00:00,7500,bgp,median,10000.0,bgp_outage,ioda_bgp
16116,AS16116 (),2026-07-12T17:40:00+00:00,29400,bgp,median,1451.851851851852,bgp_outage,ioda_bgp
36972,AS36972 (MTNSD),2026-07-12T17:40:00+00:00,1200,bgp,median,22.847100175746924,bgp_outage,ioda_bgp
12654,AS12654 (RIPE-NCC-RIS-AS),2026-07-12T18:00:00+00:00,7200,bgp,median,3000.0,bgp_outage,ioda_bgp
44486,AS44486 (SYNLINQ),2026-07-12T18:00:00+00:00,3600,bgp,median,146.34146341463415,bgp_outage,ioda_bgp
17287,AS17287 (),2026-07-12T19:10:00+00:00,3300,bgp,median,5500.0,bgp_outage,ioda_bgp
15472,AS15472 (ASN-NEWSOFT),2026-07-12T19:20:00+00:00,1500,bgp,median,2386.3636363636365,bgp_outage,ioda_bgp
9708,AS9708 (pknu-as),2026-07-12T19:25:00+00:00,3000,bgp,median,5000.0,bgp_outage,ioda_bgp
43936,AS43936 (EVPANET-AS),2026-07-12T19:30:00+00:00,29400,bgp,median,49000.0,bgp_outage,ioda_bgp
45588,AS45588 (BTCL-ISP-AS),2026-07-12T19:30:00+00:00,1500,bgp,median,74.8502994011976,bgp_outage,ioda_bgp
18004,AS18004 (WIRELESSNET-ID),2026-07-12T20:00:00+00:00,6900,bgp,median,239.5833333333333,bgp_outage,ioda_bgp
27176,AS27176 (DATAWAGON),2026-07-12T20:00:00+00:00,3600,bgp,median,139.53488372093025,bgp_outage,ioda_bgp
58466,AS58466 (CT-Guangzhou-IDC),2026-07-12T20:00:00+00:00,3600,bgp,median,97.16599190283401,bgp_outage,ioda_bgp
18881,AS18881 (),2026-07-12T20:00:00+00:00,3600,bgp,median,1494.2528735632184,bgp_outage,ioda_bgp
17161,AS17161 (MARSH),2026-07-12T20:10:00+00:00,13800,bgp,median,3054.6875,bgp_outage,ioda_bgp
51997,AS51997 (ASKET-AS),2026-07-12T20:15:00+00:00,3300,bgp,median,125.00000000000001,bgp_outage,ioda_bgp
5371,AS5371 (DNIC-ASBLK-05120-05376),2026-07-12T20:30:00+00:00,4200,bgp,median,115.56603773584905,bgp_outage,ioda_bgp
17411,AS17411 (IO-GLOBAL-AP),2026-07-12T20:55:00+00:00,2700,bgp,median,81.81818181818181,bgp_outage,ioda_bgp
197207,AS197207 (MCCI-AS),2026-07-12T21:00:00+00:00,900,bgp,median,51.51757188498403,bgp_outage,ioda_bgp
40410,AS40410 (USFRCS-BGP),2026-07-12T21:10:00+00:00,20400,bgp,median,373.62637362637366,bgp_outage,ioda_bgp
197207,AS197207 (MCCI-AS),2026-07-12T21:20:00+00:00,2100,bgp,median,204.47284345047925,bgp_outage,ioda_bgp
11340,AS11340 (),2026-07-12T21:20:00+00:00,3600,bgp,median,206.8965517241379,bgp_outage,ioda_bgp
54448,AS54448 (GREENFIELD-COMMUNICATIONS),2026-07-12T21:35:00+00:00,8700,bgp,median,13840.90909090909,bgp_outage,ioda_bgp
5371,AS5371 (DNIC-ASBLK-05120-05376),2026-07-12T21:55:00+00:00,8700,bgp,median,170.99056603773585,bgp_outage,ioda_bgp
12654,AS12654 (RIPE-NCC-RIS-AS),2026-07-12T22:00:00+00:00,7200,bgp,median,3600.0,bgp_outage,ioda_bgp
44486,AS44486 (SYNLINQ),2026-07-12T22:00:00+00:00,3600,bgp,median,146.34146341463415,bgp_outage,ioda_bgp
197207,AS197207 (MCCI-AS),2026-07-12T22:15:00+00:00,10800,bgp,median,1051.5746234596074,bgp_outage,ioda_bgp
3548,AS3548 (),2026-07-12T22:30:00+00:00,3000,bgp,median,117.64705882352942,bgp_outage,ioda_bgp
199242,AS199242 (malakmadze),2026-07-12T23:05:00+00:00,3300,bgp,median,189.65517241379308,bgp_outage,ioda_bgp
9463,AS9463 (ESSENTIALENERGY-AS-AP),2026-07-12T23:05:00+00:00,3300,bgp,median,916.6666666666665,bgp_outage,ioda_bgp
197328,AS197328 (INETLTD),2026-07-12T23:05:00+00:00,3300,bgp,median,250.00000000000003,bgp_outage,ioda_bgp
32875,AS32875 (VIRPUS),2026-07-12T23:15:00+00:00,2700,bgp,median,160.7142857142857,bgp_outage,ioda_bgp
198218,AS198218 (HTS-PET),2026-07-12T23:15:00+00:00,21000,bgp,median,593.2203389830509,bgp_outage,ioda_bgp
17428,AS17428 (CHINA-ABITCOOL),2026-07-13T00:00:00+00:00,3600,bgp,median,1052.6315789473683,bgp_outage,ioda_bgp
59045,AS59045 (SUNHONGS),2026-07-13T00:00:00+00:00,3600,bgp,median,2160.0,bgp_outage,ioda_bgp
56282,AS56282 (VClouD),2026-07-13T00:00:00+00:00,3600,bgp,median,2400.0,bgp_outage,ioda_bgp
55990,AS55990 (HWCSNET),2026-07-13T00:00:00+00:00,3600,bgp,median,553.4804753820034,bgp_outage,ioda_bgp
38365,AS38365 (Baidu),2026-07-13T00:00:00+00:00,3600,bgp,median,179.23186344238974,bgp_outage,ioda_bgp
59019,AS59019 (BJKSCNET),2026-07-13T00:00:00+00:00,3600,bgp,median,302.3255813953488,bgp_outage,ioda_bgp
45079,AS45079 (GDSNET),2026-07-13T00:00:00+00:00,3600,bgp,median,2914.285714285714,bgp_outage,ioda_bgp
4816,AS4816 (CHINANET-IDC-GD),2026-07-13T00:00:00+00:00,3600,bgp,median,348.83720930232556,bgp_outage,ioda_bgp
13979,AS13979 (ATT-IPFR),2026-07-13T00:00:00+00:00,3600,bgp,median,853.3333333333333,bgp_outage,ioda_bgp
10100,AS10100 (UBSGROUPAG-AS-AP),2026-07-13T00:00:00+00:00,3600,bgp,median,115.38461538461539,bgp_outage,ioda_bgp
33549,AS33549 (WHIPCORD),2026-07-13T00:00:00+00:00,3600,bgp,median,2571.428571428571,bgp_outage,ioda_bgp
