timestamp,host,drop_out_rate,jitter_ms,latency_ms,packet_loss_pct,throughput_in_bps,throughput_out_bps,throughput_in_mbps,throughput_out_mbps,fault_type,run_id
2026-07-19T15:15:38+00:00,station1,0.0,0.379,2.686,0.0,558580.6439882912,11170342.430137634,4.468645151906329,89.36273944110107,none,
2026-07-19T15:15:38+00:00,station2,0.0,0.302,2.54,0.0,11169334.745454544,559726.2,89.35467796363635,4.4778096,none,
2026-07-19T15:15:38+00:00,station3,0.0,2356.537,5126.131,10.0,214.45454545454544,1099.2727272727273,0.0017156363636363634,0.008794181818181817,none,
2026-07-19T15:15:53+00:00,station1,0.0,0.206,0.505,0.0,543753.3770885224,11053836.699816374,4.35002701670818,88.430693598531,none,
2026-07-19T15:15:53+00:00,station2,0.0,0.234,0.356,0.0,11052963.49090909,545254.9090909091,88.42370792727272,4.362039272727272,none,
2026-07-19T15:15:53+00:00,station3,0.0,0.062,0.491,0.0,249.0181818181818,1314.7454545454543,0.0019921454545454545,0.010517963636363635,none,
2026-07-19T15:16:08+00:00,station1,0.0,0.97,1.556,0.0,249431.06076088978,5651999.897640225,1.9954484860871182,45.215999181121795,none,
2026-07-19T15:16:08+00:00,station2,0.0,1.417,1.769,0.0,7818165.909090908,359477.4909090909,62.54532727272726,2.8758199272727274,none,
2026-07-19T15:16:08+00:00,station3,0.0,0.188,0.82,0.0,213.49090909090907,1092.3090909090909,0.0017079272727272725,0.008738472727272727,none,
2026-07-19T15:16:23+00:00,station1,0.0,0.032,0.742,0.0,469995.67272727273,10054029.236363636,3.7599653818181817,80.43223389090909,none,
2026-07-19T15:16:23+00:00,station2,0.0,0.125,0.869,0.0,10052644.309090909,471480.7818181818,80.42115447272727,3.7718462545454545,none,
2026-07-19T15:16:23+00:00,station3,0.0,0.019,0.653,0.0,247.9272727272727,1308.9454545454544,0.001983418181818182,0.010471563636363635,none,
2026-07-19T15:16:38+00:00,station1,0.0,1.288,1.603,0.0,373873.07503499935,8127234.759368012,2.9909846002799947,65.0178780749441,none,
2026-07-19T15:16:38+00:00,station2,0.0,1.522,1.808,0.0,8126374.090909091,375121.34545454546,65.01099272727272,3.0009707636363636,none,
2026-07-19T15:16:38+00:00,station3,0.0,0.063,0.733,0.0,194.56363636363633,1110.6,0.0015565090909090908,0.0088848,none,
2026-07-19T15:16:53+00:00,station1,0.0,0.122,0.789,0.0,596846.6909090909,12403226.781818181,4.774773527272727,99.22581425454545,none,
2026-07-19T15:16:53+00:00,station2,0.0,0.176,0.871,0.0,12401920.0,598069.8363636363,99.21536,4.7845586909090905,none,
2026-07-19T15:16:53+00:00,station3,0.0,0.039,0.588,0.0,235.0181818181818,1329.509090909091,0.0018801454545454544,0.010636072727272728,none,
2026-07-19T15:17:08+00:00,station1,0.0,0.053,0.301,0.0,522091.0363636363,10434078.054545455,4.17672829090909,83.47262443636363,none,
2026-07-19T15:17:08+00:00,station2,0.0,0.036,0.216,0.0,10432698.2,523176.63636363635,83.46158559999999,4.1854130909090905,none,
2026-07-19T15:17:08+00:00,station3,0.0,0.022,0.325,0.0,203.09090909090907,1115.1272727272726,0.0016247272727272725,0.008921018181818181,none,
2026-07-19T15:17:23+00:00,station1,0.0,0.043,0.701,0.0,555887.6545454545,11109750.945454543,4.447101236363636,88.87800756363634,none,
2026-07-19T15:17:23+00:00,station2,0.0,0.115,0.773,0.0,11108408.38181818,557187.1818181818,88.86726705454545,4.457497454545454,none,
2026-07-19T15:17:23+00:00,station3,0.0,0.164,0.74,0.0,240.79999999999998,1331.8545454545454,0.0019263999999999998,0.010654836363636363,none,
2026-07-19T15:17:38+00:00,station1,0.0,0.023,0.763,0.0,443515.34545454546,8876812.49090909,3.5481227636363637,71.01449992727272,none,
2026-07-19T15:17:38+00:00,station2,0.0,0.212,0.894,0.0,8875217.98181818,444593.8909090909,71.00174385454544,3.556751127272727,none,
2026-07-19T15:17:38+00:00,station3,0.0,0.056,0.698,0.0,200.34545454545454,1088.290909090909,0.0016027636363636364,0.008706327272727273,none,
2026-07-19T15:17:53+00:00,station1,0.0,0.151,0.998,0.0,553583.2621225069,11109187.432955764,4.428666096980055,88.87349946364611,none,
2026-07-19T15:17:53+00:00,station2,0.0,0.223,0.91,0.0,11107610.527272727,554876.3272727273,88.86088421818182,4.439010618181818,none,
2026-07-19T15:17:53+00:00,station3,0.0,0.23,0.938,0.0,246.98181818181817,1307.4363636363635,0.0019758545454545452,0.010459490909090909,none,
2026-07-19T15:18:08+00:00,station1,0.0,1.729,1.988,0.0,555226.4909090908,11170089.654545454,4.441811927272727,89.36071723636364,none,
2026-07-19T15:18:08+00:00,station2,0.0,2.042,2.19,0.0,11168587.727272727,556313.8363636363,89.34870181818181,4.45051069090909,none,
2026-07-19T15:18:08+00:00,station3,0.0,0.071,0.8,0.0,203.49090909090907,1088.9272727272726,0.0016279272727272726,0.00871141818181818,none,
2026-07-19T15:18:23+00:00,station1,0.0,0.074,0.828,0.0,553101.6181818182,11107453.49090909,4.424812945454545,88.85962792727273,none,
2026-07-19T15:18:23+00:00,station2,0.0,0.15,0.932,0.0,11105676.636363635,554390.1454545454,88.84541309090908,4.435121163636363,none,
2026-07-19T15:18:23+00:00,station3,0.0,0.191,0.775,0.0,240.1090909090909,1303.6545454545453,0.0019208727272727272,0.010429236363636362,none,
2026-07-19T15:18:38+00:00,station1,0.0,1.24,1.58,0.0,443029.5074814101,8873672.236059852,3.544236059851281,70.98937788847881,none,
2026-07-19T15:18:38+00:00,station2,0.0,1.367,1.663,0.0,8872819.581818182,444138.87272727274,70.98255665454546,3.553110981818182,none,
2026-07-19T15:18:38+00:00,station3,0.0,0.081,0.722,0.0,193.47272727272727,1085.890909090909,0.0015477818181818181,0.008687127272727272,none,
2026-07-19T15:18:53+00:00,station1,0.0,0.199,0.853,0.0,555616.3818181817,11109594.054545455,4.444931054545454,88.87675243636363,none,
2026-07-19T15:18:53+00:00,station2,0.0,0.151,0.925,0.0,11108019.872727271,556921.0909090909,88.86415898181816,4.455368727272727,none,
2026-07-19T15:18:53+00:00,station3,0.0,0.138,0.682,0.0,235.0181818181818,1305.5636363636363,0.0018801454545454544,0.01044450909090909,none,
2026-07-19T15:19:08+00:00,station1,0.0,0.103,0.755,0.0,478748.2727272727,9548424.963636363,3.8299861818181817,76.3873997090909,none,
2026-07-19T15:19:08+00:00,station2,0.0,0.159,0.958,0.0,9547553.509090908,479876.0727272727,76.38042807272727,3.8390085818181814,none,
2026-07-19T15:19:08+00:00,station3,0.0,0.073,0.717,0.0,197.3090909090909,1089.5454545454545,0.0015784727272727273,0.008716363636363637,none,
2026-07-19T15:19:23+00:00,station1,0.0,0.026,0.25,0.0,640673.8,12804837.418181816,5.125390400000001,102.43869934545452,none,
2026-07-19T15:19:23+00:00,station2,0.0,0.043,0.206,0.0,12803589.4,642003.2181818181,102.4287152,5.136025745454545,none,
2026-07-19T15:19:23+00:00,station3,0.0,0.033,0.251,0.0,233.9272727272727,1305.4727272727273,0.0018714181818181817,0.010443781818181818,none,
2026-07-19T15:19:38+00:00,station1,0.0,0.064,0.248,0.0,417160.0363636363,8336186.745454545,3.3372802909090904,66.68949396363637,none,
2026-07-19T15:19:38+00:00,station2,0.0,0.053,0.276,0.0,8335146.781818181,418250.4909090909,66.68117425454545,3.346003927272727,none,
2026-07-19T15:19:38+00:00,station3,0.0,0.041,0.277,0.0,194.56363636363633,1087.490909090909,0.0015565090909090908,0.008699927272727273,none,
2026-07-19T15:19:53+00:00,station1,0.0,0.259,1.023,0.0,444465.6545454545,8882460.38181818,3.555725236363636,71.05968305454545,none,
2026-07-19T15:19:53+00:00,station2,0.0,0.635,1.324,0.0,8881353.690909091,445786.23636363633,71.05082952727273,3.5662898909090908,none,
2026-07-19T15:19:53+00:00,station3,0.0,0.039,0.608,0.0,233.9272727272727,1305.4,0.0018714181818181817,0.010443200000000001,none,
2026-07-19T15:20:08+00:00,station1,0.0,0.705,1.255,0.0,331958.12803403573,6646803.567207869,2.655665024272286,53.174428537662955,none,
2026-07-19T15:20:08+00:00,station2,0.0,0.775,1.242,0.0,6645352.527272727,333040.12727272726,53.16282021818182,2.664321018181818,none,
2026-07-19T15:20:08+00:00,station3,0.0,0.053,0.687,0.0,197.3090909090909,1090.8727272727272,0.0015784727272727273,0.008726981818181817,none,
2026-07-19T15:20:23+00:00,station1,0.0,0.017,0.833,0.0,472701.61818181816,9483687.836363636,3.7816129454545453,75.86950269090909,none,
2026-07-19T15:20:23+00:00,station2,0.0,0.073,0.729,0.0,9482503.327272726,474015.309090909,75.8600266181818,3.792122472727272,none,
2026-07-19T15:20:23+00:00,station3,0.0,0.095,0.911,0.0,233.9272727272727,1307.2363636363634,0.0018714181818181817,0.010457890909090908,none,
2026-07-19T15:20:38+00:00,station1,0.0,0.106,0.813,0.0,555650.9090909091,11170371.872727271,4.445207272727273,89.36297498181817,none,
2026-07-19T15:20:38+00:00,station2,0.0,0.313,1.138,0.0,11169693.327272726,556773.9090909091,89.35754661818181,4.4541912727272726,none,
2026-07-19T15:20:38+00:00,station3,0.0,0.079,0.722,0.0,194.56363636363633,1088.8181818181818,0.0015565090909090908,0.008710545454545453,none,
2026-07-19T15:20:53+00:00,station1,0.0,0.291,2.101,0.0,553486.4098321911,11103182.244604839,4.427891278657529,88.82545795683872,none,
2026-07-19T15:20:53+00:00,station2,0.0,0.574,2.43,0.0,11102473.581818182,554823.7090909091,88.81978865454546,4.4385896727272725,none,
2026-07-19T15:20:53+00:00,station3,0.0,0.043,0.277,0.0,230.83636363636364,1307.0545454545454,0.0018466909090909091,0.010456436363636364,none,
2026-07-19T15:21:08+00:00,station1,0.0,0.399,2.154,0.0,443041.72727272724,8870337.399999999,3.544333818181818,70.96269919999999,vrf_leakage,compound_congestion_breach_01_vrf_leakage
2026-07-19T15:21:08+00:00,station2,0.0,0.442,2.839,0.0,8869334.2,444136.6545454545,70.95467359999999,3.553093236363636,vrf_leakage,compound_congestion_breach_01_vrf_leakage
2026-07-19T15:21:08+00:00,station3,0.0,1446.806,2954.534,0.0,193.1272727272727,1089.5272727272727,0.0015450181818181816,0.008716218181818182,vrf_leakage,compound_congestion_breach_01_vrf_leakage
2026-07-19T15:21:23+00:00,station1,0.0,1.556,32.079,0.0,548079.8421703397,11049503.036584478,4.384638737362717,88.39602429267582,vrf_leakage,compound_congestion_breach_01_vrf_leakage
2026-07-19T15:21:23+00:00,station2,0.0,0.852,32.872,0.0,11047110.67272727,549417.4727272727,88.37688538181816,4.395339781818182,vrf_leakage,compound_congestion_breach_01_vrf_leakage
2026-07-19T15:21:23+00:00,station3,0.0,1.961,30.844,0.0,240.98181818181817,1310.2363636363634,0.0019278545454545454,0.010481890909090907,vrf_leakage,compound_congestion_breach_01_vrf_leakage
2026-07-19T15:21:38+00:00,station1,0.0,19.705,150.871,0.0,462520.0727272727,9282147.909090908,3.7001605818181815,74.25718327272726,vrf_leakage,compound_congestion_breach_01_vrf_leakage
2026-07-19T15:21:38+00:00,station2,0.0,21.035,150.904,0.0,9280850.672727274,463695.1272727272,74.24680538181819,3.7095610181818177,vrf_leakage,compound_congestion_breach_01_vrf_leakage
2026-07-19T15:21:38+00:00,station3,0.0,20.245,148.488,0.0,198.96363636363634,1091.7090909090907,0.0015917090909090908,0.008733672727272726,vrf_leakage,compound_congestion_breach_01_vrf_leakage
2026-07-19T15:21:53+00:00,station1,0.0,0.822,2.522,0.0,637853.9454545454,12730958.818181816,5.1028315636363635,101.84767054545453,vrf_leakage,compound_congestion_breach_01_vrf_leakage
2026-07-19T15:21:53+00:00,station2,0.0,0.433,2.395,0.0,12729458.818181816,639236.3272727273,101.83567054545453,5.113890618181818,vrf_leakage,compound_congestion_breach_01_vrf_leakage
2026-07-19T15:21:53+00:00,station3,0.0,0.043,0.31,0.0,244.39999999999998,1313.2,0.0019552,0.0105056,vrf_leakage,compound_congestion_breach_01_vrf_leakage
2026-07-19T15:22:08+00:00,station1,0.0,31.128,117.592,0.0,436259.4774450445,8584883.288787069,3.490075819560356,68.67906631029655,vrf_leakage,compound_congestion_breach_01_vrf_leakage
2026-07-19T15:22:08+00:00,station2,0.0,30.022,117.575,0.0,8583418.927272728,437418.4909090909,68.66735141818182,3.4993479272727273,vrf_leakage,compound_congestion_breach_01_vrf_leakage
2026-07-19T15:22:08+00:00,station3,0.0,29.651,114.565,0.0,203.56363636363633,1095.6363636363635,0.0016285090909090906,0.008765090909090908,vrf_leakage,compound_congestion_breach_01_vrf_leakage
2026-07-19T15:22:23+00:00,station1,0.0,10.247,191.96,25.0,545150.9845633557,10723791.596210841,4.361207876506845,85.79033276968673,vrf_leakage,compound_congestion_breach_01_vrf_leakage
2026-07-19T15:22:23+00:00,station2,0.0,0.233,184.849,0.0,10722207.945454543,546459.6909090909,85.77766356363635,4.371677527272728,vrf_leakage,compound_congestion_breach_01_vrf_leakage
2026-07-19T15:22:23+00:00,station3,0.0,0.482,182.982,0.0,234.3272727272727,1310.7454545454543,0.0018746181818181818,0.010485963636363635,vrf_leakage,compound_congestion_breach_01_vrf_leakage
2026-07-19T15:22:38+00:00,station1,0.0,1.903,236.351,0.0,434431.309090909,8565504.418181818,3.4754504727272724,68.52403534545455,vrf_leakage,compound_congestion_breach_01_vrf_leakage
2026-07-19T15:22:38+00:00,station2,0.0,1.909,236.835,0.0,8564404.38181818,435522.5636363636,68.51523505454544,3.484180509090909,vrf_leakage,compound_congestion_breach_01_vrf_leakage
2026-07-19T15:22:38+00:00,station3,0.0,2.664,234.013,0.0,197.6181818181818,1092.6545454545453,0.0015809454545454543,0.008741236363636362,vrf_leakage,compound_congestion_breach_01_vrf_leakage
2026-07-19T15:22:53+00:00,station1,0.0,9.636,277.834,0.0,558129.2639464688,11116994.054113027,4.46503411157175,88.93595243290422,vrf_leakage,compound_congestion_breach_01_vrf_leakage
2026-07-19T15:22:53+00:00,station2,0.0,12.063,276.867,0.0,11114749.909090908,559407.2727272727,88.91799927272727,4.475258181818182,vrf_leakage,compound_congestion_breach_01_vrf_leakage
2026-07-19T15:22:53+00:00,station3,0.0,12.185,274.661,0.0,237.96363636363634,1310.7636363636364,0.0019037090909090908,0.010486109090909091,vrf_leakage,compound_congestion_breach_01_vrf_leakage
2026-07-19T15:23:08+00:00,station1,0.0,1.831,3.661,0.0,528633.8097316169,10543283.966106625,4.229070477852935,84.346271728853,vrf_leakage,compound_congestion_breach_01_vrf_leakage
2026-07-19T15:23:08+00:00,station2,0.0,1.26,3.706,0.0,10541277.327272726,529731.5272727272,84.3302186181818,4.237852218181818,vrf_leakage,compound_congestion_breach_01_vrf_leakage
2026-07-19T15:23:08+00:00,station3,0.0,0.043,0.271,0.0,204.47272727272727,1094.6909090909091,0.001635781818181818,0.008757527272727272,vrf_leakage,compound_congestion_breach_01_vrf_leakage
2026-07-19T15:23:23+00:00,station1,0.0,2.817,183.29,0.0,535132.2,10739279.69090909,4.2810576,85.91423752727272,vrf_leakage,compound_congestion_breach_01_vrf_leakage
2026-07-19T15:23:23+00:00,station2,0.0,2.17,184.262,0.0,10737864.018181818,536616.1454545454,85.90291214545454,4.292929163636363,vrf_leakage,compound_congestion_breach_01_vrf_leakage
2026-07-19T15:23:23+00:00,station3,0.0,3.265,178.393,0.0,245.05454545454543,1315.0727272727272,0.0019604363636363635,0.010520581818181819,vrf_leakage,compound_congestion_breach_01_vrf_leakage
2026-07-19T15:23:38+00:00,station1,0.0,3.143,211.227,0.0,429935.2739041108,8581579.989454737,3.439482191232887,68.65263991563789,vrf_leakage,compound_congestion_breach_01_vrf_leakage
2026-07-19T15:23:38+00:00,station2,0.0,3.275,211.775,0.0,8580243.290909091,431173.5272727272,68.64194632727273,3.449388218181818,vrf_leakage,compound_congestion_breach_01_vrf_leakage
2026-07-19T15:23:38+00:00,station3,0.0,2.871,206.464,0.0,201.76363636363632,1093.6,0.0016141090909090907,0.0087488,vrf_leakage,compound_congestion_breach_01_vrf_leakage
2026-07-19T15:23:53+00:00,station1,0.0,2.02,226.256,0.0,539768.8909090909,10739054.109090907,4.318151127272727,85.91243287272727,vrf_leakage,compound_congestion_breach_01_vrf_leakage
2026-07-19T15:23:53+00:00,station2,0.0,1.691,225.702,0.0,10737925.727272727,541322.2363636363,85.90340581818181,4.33057789090909,vrf_leakage,compound_congestion_breach_01_vrf_leakage
2026-07-19T15:23:53+00:00,station3,0.0,1.517,221.218,0.0,239.99999999999997,1311.381818181818,0.0019199999999999998,0.010491054545454544,vrf_leakage,compound_congestion_breach_01_vrf_leakage
2026-07-19T15:24:08+00:00,station1,0.0,3.483,231.511,0.0,543721.4363636363,10793855.963636363,4.34977149090909,86.3508477090909,vrf_leakage,compound_congestion_breach_01_vrf_leakage
2026-07-19T15:24:08+00:00,station2,0.0,5.116,233.332,0.0,10791917.563636363,544808.6727272726,86.3353405090909,4.358469381818181,vrf_leakage,compound_congestion_breach_01_vrf_leakage
2026-07-19T15:24:08+00:00,station3,0.0,5.498,227.83,0.0,197.49090909090907,1092.9818181818182,0.0015799272727272725,0.008743854545454545,vrf_leakage,compound_congestion_breach_01_vrf_leakage
2026-07-19T15:24:23+00:00,station1,0.0,41.515,67.789,0.0,541694.6893805793,10719939.548751887,4.333557515044634,85.7595163900151,vrf_leakage,compound_congestion_breach_01_vrf_leakage
2026-07-19T15:24:23+00:00,station2,0.0,41.849,69.21,0.0,10719136.163636362,543085.1636363636,85.7530893090909,4.344681309090909,vrf_leakage,compound_congestion_breach_01_vrf_leakage
2026-07-19T15:24:23+00:00,station3,0.0,41.431,64.085,0.0,242.3272727272727,1308.0,0.0019386181818181816,0.010464,vrf_leakage,compound_congestion_breach_01_vrf_leakage
2026-07-19T15:24:38+00:00,station1,0.0,7.88,162.359,0.0,433887.63636363635,8560359.581818182,3.471101090909091,68.48287665454545,vrf_leakage,compound_congestion_breach_01_vrf_leakage
2026-07-19T15:24:38+00:00,station2,0.0,10.696,162.534,0.0,8559155.399999999,434967.5818181818,68.47324319999998,3.4797406545454543,vrf_leakage,compound_congestion_breach_01_vrf_leakage
2026-07-19T15:24:38+00:00,station3,0.0,9.959,156.44,0.0,203.03636363636363,1090.7272727272727,0.0016242909090909091,0.008725818181818182,vrf_leakage,compound_congestion_breach_01_vrf_leakage
2026-07-19T15:24:53+00:00,station1,0.0,0.61,271.18,0.0,533574.3818181817,10708271.818181816,4.268595054545454,85.66617454545454,vrf_leakage,compound_congestion_breach_01_vrf_leakage
2026-07-19T15:24:53+00:00,station2,0.0,1.319,272.349,0.0,10706696.890909089,534864.8363636363,85.65357512727272,4.278918690909091,vrf_leakage,compound_congestion_breach_01_vrf_leakage
2026-07-19T15:24:53+00:00,station3,0.0,0.295,264.646,0.0,243.49090909090907,1310.1818181818182,0.0019479272727272725,0.010481454545454546,vrf_leakage,compound_congestion_breach_01_vrf_leakage
2026-07-19T15:25:08+00:00,station1,0.0,2.014,270.27,0.0,397957.90909090906,8048850.436363636,3.1836632727272725,64.39080349090908,vrf_leakage,compound_congestion_breach_01_vrf_leakage
2026-07-19T15:25:08+00:00,station2,0.0,2.166,271.976,0.0,8047710.418181818,399050.61818181816,64.38168334545455,3.192404945454545,vrf_leakage,compound_congestion_breach_01_vrf_leakage
2026-07-19T15:25:08+00:00,station3,0.0,0.857,264.029,0.0,201.89090909090908,1092.2727272727273,0.0016151272727272727,0.008738181818181819,vrf_leakage,compound_congestion_breach_01_vrf_leakage
2026-07-19T15:25:23+00:00,station1,0.0,10.679,14.898,0.0,542019.7272727272,11032111.109090907,4.3361578181818174,88.25688887272726,vrf_leakage,compound_congestion_breach_01_vrf_leakage
2026-07-19T15:25:23+00:00,station2,0.0,4.91,12.285,0.0,11030467.4,543311.6909090909,88.24373920000001,4.346493527272727,vrf_leakage,compound_congestion_breach_01_vrf_leakage
2026-07-19T15:25:23+00:00,station3,0.0,6.743,5.051,0.0,233.99999999999997,1306.9454545454544,0.0018719999999999997,0.010455563636363635,vrf_leakage,compound_congestion_breach_01_vrf_leakage
2026-07-19T15:25:38+00:00,station1,0.0,23.288,27.544,0.0,327461.19020345825,6719563.610247459,2.619689521627666,53.75650888197968,vrf_leakage,compound_congestion_breach_01_vrf_leakage
2026-07-19T15:25:38+00:00,station2,0.0,25.2,27.722,0.0,6718769.472727272,328563.34545454546,53.75015578181817,2.6285067636363637,vrf_leakage,compound_congestion_breach_01_vrf_leakage
2026-07-19T15:25:38+00:00,station3,0.0,25.037,20.13,0.0,196.67272727272726,1088.8181818181818,0.001573381818181818,0.008710545454545453,vrf_leakage,compound_congestion_breach_01_vrf_leakage
2026-07-19T15:25:53+00:00,station1,0.0,5.161,240.067,0.0,379090.4380079638,7485124.784086984,3.0327235040637106,59.88099827269587,vrf_leakage,compound_congestion_breach_01_vrf_leakage
2026-07-19T15:25:53+00:00,station2,0.0,9.604,238.377,0.0,7483417.509090909,380388.2727272727,59.86734007272727,3.0431061818181817,vrf_leakage,compound_congestion_breach_01_vrf_leakage
2026-07-19T15:25:53+00:00,station3,0.0,7.743,231.475,0.0,238.98181818181817,1309.3636363636363,0.0019118545454545454,0.01047490909090909,vrf_leakage,compound_congestion_breach_01_vrf_leakage
2026-07-19T15:26:08+00:00,station1,0.0,0.437,280.419,0.0,308097.43104921555,5962365.725505882,2.4647794483937244,47.69892580404706,vrf_leakage,compound_congestion_breach_01_vrf_leakage
2026-07-19T15:26:08+00:00,station2,0.0,0.454,282.459,0.0,5961567.545454545,309198.5636363636,47.69254036363636,2.473588509090909,vrf_leakage,compound_congestion_breach_01_vrf_leakage
2026-07-19T15:26:08+00:00,station3,0.0,1.101,272.789,0.0,202.36363636363635,1094.3636363636363,0.0016189090909090908,0.00875490909090909,vrf_leakage,compound_congestion_breach_01_vrf_leakage
2026-07-19T15:26:23+00:00,station1,0.0,10.05,321.528,0.0,385058.9786011672,7483989.436939804,3.080471828809338,59.87191549551843,vrf_leakage,compound_congestion_breach_01_vrf_leakage
2026-07-19T15:26:23+00:00,station2,0.0,8.869,324.184,0.0,7483018.199999999,386383.63636363635,59.86414559999999,3.091069090909091,vrf_leakage,compound_congestion_breach_01_vrf_leakage
2026-07-19T15:26:23+00:00,station3,0.0,9.33,314.844,0.0,238.98181818181817,1310.090909090909,0.0019118545454545454,0.010480727272727272,vrf_leakage,compound_congestion_breach_01_vrf_leakage
2026-07-19T15:26:38+00:00,station1,0.0,136.325,191.765,0.0,390563.7818181818,7612096.581818181,3.1245102545454544,60.89677265454545,vrf_leakage,compound_congestion_breach_01_vrf_leakage
2026-07-19T15:26:38+00:00,station2,0.0,137.649,191.185,0.0,7610673.145454545,391659.8545454545,60.88538516363636,3.133278836363636,vrf_leakage,compound_congestion_breach_01_vrf_leakage
2026-07-19T15:26:38+00:00,station3,0.0,138.06,184.919,0.0,193.47272727272727,1087.6727272727271,0.0015477818181818181,0.008701381818181817,vrf_leakage,compound_congestion_breach_01_vrf_leakage
2026-07-19T15:26:53+00:00,station1,0.0,7.531,217.783,0.0,388281.54033563024,7546442.628315848,3.106252322685042,60.371541026526785,vrf_leakage,compound_congestion_breach_01_vrf_leakage
2026-07-19T15:26:53+00:00,station2,0.0,10.131,216.776,0.0,7545087.527272727,389765.18181818177,60.36070021818182,3.118121454545454,vrf_leakage,compound_congestion_breach_01_vrf_leakage
2026-07-19T15:26:53+00:00,station3,0.0,8.302,207.8,0.0,243.3090909090909,1313.7272727272725,0.0019464727272727274,0.010509818181818181,vrf_leakage,compound_congestion_breach_01_vrf_leakage
2026-07-19T15:27:08+00:00,station1,0.0,6.82,247.237,0.0,315342.9636363636,6023630.163636363,2.522743709090909,48.189041309090904,vrf_leakage,compound_congestion_breach_01_vrf_leakage
2026-07-19T15:27:08+00:00,station2,0.0,9.917,248.634,0.0,6022421.49090909,316609.9636363636,48.17937192727272,2.532879709090909,vrf_leakage,compound_congestion_breach_01_vrf_leakage
2026-07-19T15:27:08+00:00,station3,0.0,7.726,238.731,0.0,206.69090909090906,1098.2545454545455,0.0016535272727272725,0.008786036363636363,vrf_leakage,compound_congestion_breach_01_vrf_leakage
2026-07-19T15:27:23+00:00,station1,0.0,3.831,313.339,0.0,394975.3636363636,7546666.509090909,3.1598029090909088,60.37333207272727,vrf_leakage,compound_congestion_breach_01_vrf_leakage
2026-07-19T15:27:23+00:00,station2,0.0,3.771,311.89,0.0,7545197.945454544,396461.34545454546,60.36158356363636,3.171690763636364,vrf_leakage,compound_congestion_breach_01_vrf_leakage
2026-07-19T15:27:23+00:00,station3,0.0,2.854,301.327,0.0,244.5090909090909,1314.5454545454545,0.0019560727272727274,0.010516363636363636,vrf_leakage,compound_congestion_breach_01_vrf_leakage
2026-07-19T15:27:38+00:00,station1,0.0,12.046,336.996,0.0,383030.85398447304,7359359.19346921,3.0642468318757845,58.87487354775368,vrf_leakage,compound_congestion_breach_01_vrf_leakage
2026-07-19T15:27:38+00:00,station2,0.0,11.806,332.223,0.0,7357940.909090908,384033.3272727272,58.86352727272727,3.0722666181818177,vrf_leakage,compound_congestion_breach_01_vrf_leakage
2026-07-19T15:27:38+00:00,station3,0.0,12.102,323.511,0.0,193.1090909090909,1088.090909090909,0.0015448727272727272,0.008704727272727272,vrf_leakage,compound_congestion_breach_01_vrf_leakage
2026-07-19T15:27:53+00:00,station1,0.0,1.193,11.615,0.0,409084.39846548246,7917349.993636479,3.2726751877238596,63.33879994909183,vrf_leakage,compound_congestion_breach_01_vrf_leakage
2026-07-19T15:27:53+00:00,station2,0.0,1.32,10.778,0.0,7916170.363636363,410407.3272727272,63.329362909090904,3.2832586181818177,vrf_leakage,compound_congestion_breach_01_vrf_leakage
2026-07-19T15:27:53+00:00,station3,0.0,0.028,0.246,0.0,238.54545454545453,1310.3272727272727,0.0019083636363636362,0.010482618181818181,vrf_leakage,compound_congestion_breach_01_vrf_leakage
2026-07-19T15:28:08+00:00,station1,0.0,0.789,12.084,0.0,249356.21170524173,4872824.54864457,1.9948496936419338,38.982596389156555,vrf_leakage,compound_congestion_breach_01_vrf_leakage
2026-07-19T15:28:08+00:00,station2,0.0,1.741,11.208,0.0,4871714.218181818,250533.9090909091,38.97371374545454,2.004271272727273,vrf_leakage,compound_congestion_breach_01_vrf_leakage
2026-07-19T15:28:08+00:00,station3,0.0,0.053,0.268,0.0,201.9272727272727,1095.0363636363634,0.0016154181818181816,0.008760290909090907,vrf_leakage,compound_congestion_breach_01_vrf_leakage
2026-07-19T15:28:23+00:00,station1,0.0,0.523,218.155,0.0,316244.9272727273,6009195.963636364,2.5299594181818184,48.07356770909091,vrf_leakage,compound_congestion_breach_01_vrf_leakage
2026-07-19T15:28:23+00:00,station2,0.0,1.046,219.721,0.0,6007837.290909091,317557.4545454545,48.06269832727273,2.540459636363636,vrf_leakage,compound_congestion_breach_01_vrf_leakage
2026-07-19T15:28:23+00:00,station3,0.0,1.927,208.477,0.0,236.87272727272727,1310.2363636363634,0.001894981818181818,0.010481890909090907,vrf_leakage,compound_congestion_breach_01_vrf_leakage
2026-07-19T15:28:38+00:00,station1,0.0,14.127,318.242,0.0,227088.9983818476,4329292.631043072,1.8167119870547808,34.634341048344574,vrf_leakage,compound_congestion_breach_01_vrf_leakage
2026-07-19T15:28:38+00:00,station2,0.0,14.636,320.057,0.0,4328314.8545454545,228180.63636363635,34.62651883636364,1.825445090909091,vrf_leakage,compound_congestion_breach_01_vrf_leakage
2026-07-19T15:28:38+00:00,station3,0.0,12.63,307.815,0.0,193.69090909090906,1089.1090909090908,0.0015495272727272724,0.008712872727272726,vrf_leakage,compound_congestion_breach_01_vrf_leakage
2026-07-19T15:28:53+00:00,station1,0.0,11.296,391.784,0.0,299967.2545454545,5797406.672727272,2.3997380363636363,46.379253381818174,vrf_leakage,compound_congestion_breach_01_vrf_leakage
2026-07-19T15:28:53+00:00,station2,0.0,11.738,389.081,0.0,5796140.272727272,301269.0909090909,46.36912218181817,2.410152727272727,vrf_leakage,compound_congestion_breach_01_vrf_leakage
2026-07-19T15:28:53+00:00,station3,0.0,12.304,379.473,0.0,235.09090909090907,1309.909090909091,0.0018807272727272724,0.010479272727272728,vrf_leakage,compound_congestion_breach_01_vrf_leakage
2026-07-19T15:29:08+00:00,station1,0.0,1.982,355.619,0.0,282304.3818181818,5546680.909090908,2.2584350545454543,44.37344727272727,vrf_leakage,compound_congestion_breach_01_vrf_leakage
2026-07-19T15:29:08+00:00,station2,0.0,2.234,352.516,0.0,5545242.127272727,283379.0545454545,44.36193701818181,2.2670324363636363,vrf_leakage,compound_congestion_breach_01_vrf_leakage
2026-07-19T15:29:08+00:00,station3,0.0,1.203,343.232,0.0,198.94545454545454,1094.0,0.0015915636363636363,0.008752,vrf_leakage,compound_congestion_breach_01_vrf_leakage
2026-07-19T15:29:23+00:00,station1,0.0,7.113,351.005,0.0,245408.21075980438,4871562.062507954,1.963265686078435,38.972496500063635,vrf_leakage,compound_congestion_breach_01_vrf_leakage
2026-07-19T15:29:23+00:00,station2,0.0,9.666,350.24,0.0,4870146.090909091,246702.67272727273,38.96116872727273,1.9736213818181818,vrf_leakage,compound_congestion_breach_01_vrf_leakage
2026-07-19T15:29:23+00:00,station3,0.0,8.986,338.881,0.0,234.03636363636363,1308.9272727272726,0.001872290909090909,0.01047141818181818,vrf_leakage,compound_congestion_breach_01_vrf_leakage
2026-07-19T15:29:38+00:00,station1,0.0,1.687,359.318,0.0,175975.7818181818,3506107.2727272725,1.4078062545454544,28.04885818181818,vrf_leakage,compound_congestion_breach_01_vrf_leakage
2026-07-19T15:29:38+00:00,station2,0.0,0.82,358.951,0.0,3504801.9090909087,177062.1636363636,28.03841527272727,1.4164973090909088,vrf_leakage,compound_congestion_breach_01_vrf_leakage
2026-07-19T15:29:38+00:00,station3,0.0,0.671,347.817,0.0,196.85454545454544,1091.6909090909091,0.0015748363636363635,0.008733527272727273,vrf_leakage,compound_congestion_breach_01_vrf_leakage
2026-07-19T15:29:53+00:00,station1,0.0,1.544,411.281,0.0,226367.1024163197,4391678.07858039,1.8109368193305577,35.13342462864312,vrf_leakage,compound_congestion_breach_01_vrf_leakage
2026-07-19T15:29:53+00:00,station2,0.0,1.194,413.846,0.0,4390036.236363636,227668.61818181816,35.12028989090909,1.8213489454545453,vrf_leakage,compound_congestion_breach_01_vrf_leakage
2026-07-19T15:29:53+00:00,station3,0.0,2.477,399.768,0.0,235.1272727272727,1307.9818181818182,0.0018810181818181815,0.010463854545454546,vrf_leakage,compound_congestion_breach_01_vrf_leakage
2026-07-19T15:30:08+00:00,station1,0.0,1.235,363.421,0.0,212698.76911328884,4109717.223323212,1.7015901529063107,32.8777377865857,vrf_leakage,compound_congestion_breach_01_vrf_leakage
2026-07-19T15:30:08+00:00,station2,0.0,3.171,364.063,0.0,4108468.9272727272,213708.72727272724,32.86775141818182,1.709669818181818,vrf_leakage,compound_congestion_breach_01_vrf_leakage
2026-07-19T15:30:08+00:00,station3,0.0,3.196,352.452,0.0,198.47272727272727,1092.7272727272725,0.0015877818181818182,0.00874181818181818,vrf_leakage,compound_congestion_breach_01_vrf_leakage
2026-07-19T15:30:23+00:00,station1,0.0,1.681,10.314,0.0,246423.9090909091,4797053.527272727,1.9713912727272727,38.37642821818182,vrf_leakage,compound_congestion_breach_01_vrf_leakage
2026-07-19T15:30:23+00:00,station2,0.0,1.279,10.544,0.0,4795580.090909091,247785.85454545452,38.36464072727273,1.9822868363636361,vrf_leakage,compound_congestion_breach_01_vrf_leakage
2026-07-19T15:30:23+00:00,station3,0.0,0.033,0.31,0.0,239.3090909090909,1310.6545454545453,0.0019144727272727272,0.010485236363636363,vrf_leakage,compound_congestion_breach_01_vrf_leakage
2026-07-19T15:30:38+00:00,station1,0.0,25.478,332.9,0.0,181153.34545454543,3505454.2909090905,1.4492267636363634,28.043634327272724,vrf_leakage,compound_congestion_breach_01_vrf_leakage
2026-07-19T15:30:38+00:00,station2,0.0,26.81,334.441,0.0,3504043.472727272,182234.41818181815,28.032347781818178,1.4578753454545452,vrf_leakage,compound_congestion_breach_01_vrf_leakage
2026-07-19T15:30:38+00:00,station3,0.0,25.968,324.279,0.0,198.49090909090907,1091.8727272727272,0.0015879272727272727,0.008734981818181817,vrf_leakage,compound_congestion_breach_01_vrf_leakage
2026-07-19T15:30:53+00:00,station1,0.0,8.319,375.28,25.0,220634.74545454545,4391949.181818182,1.7650779636363636,35.13559345454545,vrf_leakage,compound_congestion_breach_01_vrf_leakage
2026-07-19T15:30:53+00:00,station2,0.0,0.374,369.355,0.0,4390353.7272727275,221936.49090909088,35.12282981818182,1.775491927272727,vrf_leakage,compound_congestion_breach_01_vrf_leakage
2026-07-19T15:30:53+00:00,station3,0.0,1.146,358.96,0.0,236.1090909090909,1310.5272727272725,0.001888872727272727,0.01048421818181818,vrf_leakage,compound_congestion_breach_01_vrf_leakage
2026-07-19T15:31:08+00:00,station1,0.0,8.064,402.106,0.0,177072.1688850098,3506300.349116299,1.4165773510800783,28.05040279293039,vrf_leakage,compound_congestion_breach_01_vrf_leakage
2026-07-19T15:31:08+00:00,station2,0.0,7.405,401.133,0.0,3504685.2909090905,178142.8727272727,28.037482327272723,1.4251429818181818,vrf_leakage,compound_congestion_breach_01_vrf_leakage
2026-07-19T15:31:08+00:00,station3,0.0,5.546,391.377,0.0,200.03636363636363,1095.6181818181817,0.001600290909090909,0.008764945454545453,vrf_leakage,compound_congestion_breach_01_vrf_leakage
2026-07-19T15:31:23+00:00,station1,0.0,9.529,384.618,0.0,249777.46868124878,4911910.943835343,1.9982197494499903,39.295287550682744,vrf_leakage,compound_congestion_breach_01_vrf_leakage
2026-07-19T15:31:23+00:00,station2,0.0,8.337,382.534,0.0,4910221.218181818,251023.21818181817,39.28176974545454,2.0081857454545453,vrf_leakage,compound_congestion_breach_01_vrf_leakage
2026-07-19T15:31:23+00:00,station3,0.0,8.815,371.215,0.0,234.65454545454543,1311.909090909091,0.0018772363636363634,0.010495272727272728,vrf_leakage,compound_congestion_breach_01_vrf_leakage
2026-07-19T15:31:38+00:00,station1,0.0,0.894,12.454,0.0,205117.6117666309,4004399.269130775,1.6409408941330472,32.0351941530462,vrf_leakage,compound_congestion_breach_01_vrf_leakage
2026-07-19T15:31:38+00:00,station2,0.0,1.828,9.805,0.0,4003294.5636363635,206214.43636363637,32.02635650909091,1.649715490909091,vrf_leakage,compound_congestion_breach_01_vrf_leakage
2026-07-19T15:31:38+00:00,station3,0.0,0.025,0.29,0.0,197.3272727272727,1092.8181818181815,0.0015786181818181818,0.008742545454545452,vrf_leakage,compound_congestion_breach_01_vrf_leakage
2026-07-19T15:31:53+00:00,station1,0.0,2.19,365.364,0.0,225945.43338727567,4394693.419641071,1.8075634670982053,35.15754735712857,vrf_leakage,compound_congestion_breach_01_vrf_leakage
2026-07-19T15:31:53+00:00,station2,0.0,2.608,367.606,25.0,4393116.890909091,227243.45454545453,35.144935127272724,1.8179476363636362,vrf_leakage,compound_congestion_breach_01_vrf_leakage
2026-07-19T15:31:53+00:00,station3,0.0,3.238,354.395,0.0,236.2181818181818,1311.4363636363635,0.0018897454545454544,0.010491490909090908,vrf_leakage,compound_congestion_breach_01_vrf_leakage
2026-07-19T15:32:08+00:00,station1,0.0,1.552,386.325,0.0,177016.18211240208,3508876.215931199,1.4161294568992167,28.071009727449592,vrf_leakage,compound_congestion_breach_01_vrf_leakage
2026-07-19T15:32:08+00:00,station2,0.0,1.11,387.055,0.0,3507477.6909090905,178098.2909090909,28.059821527272724,1.4247863272727272,vrf_leakage,compound_congestion_breach_01_vrf_leakage
2026-07-19T15:32:08+00:00,station3,0.0,1.742,376.096,0.0,198.5090909090909,1094.2363636363634,0.0015880727272727271,0.008753890909090907,vrf_leakage,compound_congestion_breach_01_vrf_leakage
2026-07-19T15:32:23+00:00,station1,0.0,3.535,383.492,0.0,193483.51848148217,3610013.5088452934,1.5478681478518574,28.880108070762347,vrf_leakage,compound_congestion_breach_01_vrf_leakage
2026-07-19T15:32:23+00:00,station2,0.0,2.899,384.457,0.0,3608632.9636363634,194696.43636363637,28.869063709090906,1.557571490909091,vrf_leakage,compound_congestion_breach_01_vrf_leakage
2026-07-19T15:32:23+00:00,station3,0.0,4.65,372.947,0.0,237.74545454545452,1310.4727272727273,0.0019019636363636363,0.010483781818181818,vrf_leakage,compound_congestion_breach_01_vrf_leakage
2026-07-19T15:32:38+00:00,station1,0.0,52.764,355.221,0.0,164197.67272727273,3033330.436363636,1.3135813818181818,24.26664349090909,vrf_leakage,compound_congestion_breach_01_vrf_leakage
2026-07-19T15:32:38+00:00,station2,0.0,55.13,354.779,0.0,3031974.4909090907,165185.03636363635,24.255795927272725,1.3214802909090908,vrf_leakage,compound_congestion_breach_01_vrf_leakage
2026-07-19T15:32:38+00:00,station3,0.0,52.935,345.493,0.0,197.29090909090908,1091.509090909091,0.0015783272727272727,0.008732072727272727,vrf_leakage,compound_congestion_breach_01_vrf_leakage
2026-07-19T15:32:53+00:00,station1,0.0,40.763,306.107,0.0,135379.4338490628,2409565.096449285,1.0830354707925025,19.276520771594278,vrf_leakage,compound_congestion_breach_01_vrf_leakage
2026-07-19T15:32:53+00:00,station2,0.0,41.758,305.706,0.0,2408091.0,136580.63636363635,19.264728,1.0926450909090908,vrf_leakage,compound_congestion_breach_01_vrf_leakage
2026-07-19T15:32:53+00:00,station3,0.0,38.653,295.351,0.0,237.74545454545452,1310.6181818181817,0.0019019636363636363,0.010484945454545454,vrf_leakage,compound_congestion_breach_01_vrf_leakage
2026-07-19T15:33:08+00:00,station1,0.0,17.368,335.739,0.0,66420.99999999999,1081089.7454545454,0.5313679999999998,8.648717963636363,vrf_leakage,compound_congestion_breach_01_vrf_leakage
2026-07-19T15:33:08+00:00,station2,0.0,19.952,334.476,0.0,1079780.9272727272,67503.85454545454,8.638247418181818,0.5400308363636364,vrf_leakage,compound_congestion_breach_01_vrf_leakage
2026-07-19T15:33:08+00:00,station3,0.0,18.442,325.876,0.0,200.03636363636363,1094.0727272727272,0.001600290909090909,0.008752581818181818,vrf_leakage,compound_congestion_breach_01_vrf_leakage
2026-07-19T15:33:23+00:00,station1,0.0,5.977,362.834,0.0,77630.01145475374,1353807.3237695233,0.6210400916380299,10.830458590156187,vrf_leakage,compound_congestion_breach_01_vrf_leakage
2026-07-19T15:33:23+00:00,station2,0.0,3.52,363.52,0.0,1352211.0,78920.67272727271,10.817688,0.6313653818181817,vrf_leakage,compound_congestion_breach_01_vrf_leakage
2026-07-19T15:33:23+00:00,station3,0.0,4.173,352.434,0.0,238.83636363636364,1311.3636363636363,0.0019106909090909091,0.01049090909090909,vrf_leakage,compound_congestion_breach_01_vrf_leakage
2026-07-19T15:33:38+00:00,station1,0.0,29.776,356.745,0.0,67164.98181818181,1179884.818181818,0.5373198545454545,9.439078545454542,vrf_leakage,compound_congestion_breach_01_vrf_leakage
2026-07-19T15:33:38+00:00,station2,0.0,19.493,391.919,25.0,1178736.7454545454,68265.54545454546,9.429893963636363,0.5461243636363636,vrf_leakage,compound_congestion_breach_01_vrf_leakage
2026-07-19T15:33:38+00:00,station3,0.0,30.632,348.908,0.0,195.7272727272727,1091.3999999999999,0.0015658181818181815,0.0087312,vrf_leakage,compound_congestion_breach_01_vrf_leakage
2026-07-19T15:33:53+00:00,station1,0.0,2.031,12.428,0.0,89068.67272727271,1568696.3818181818,0.7125493818181817,12.549571054545455,vrf_leakage,compound_congestion_breach_01_vrf_leakage
2026-07-19T15:33:53+00:00,station2,0.0,0.877,12.73,0.0,1567138.6727272726,90371.32727272726,12.537109381818182,0.7229706181818181,vrf_leakage,compound_congestion_breach_01_vrf_leakage
2026-07-19T15:33:53+00:00,station3,0.0,0.026,0.229,0.0,238.83636363636364,1311.8,0.0019106909090909091,0.0104944,vrf_leakage,compound_congestion_breach_01_vrf_leakage
2026-07-19T15:34:08+00:00,station1,0.0,40.022,239.484,0.0,61721.69596916419,1080578.0985800258,0.4937735677533135,8.644624788640206,vrf_leakage,compound_congestion_breach_01_vrf_leakage
2026-07-19T15:34:08+00:00,station2,0.0,44.367,240.393,0.0,1079292.7818181817,62807.763636363634,8.634342254545453,0.502462109090909,vrf_leakage,compound_congestion_breach_01_vrf_leakage
2026-07-19T15:34:08+00:00,station3,0.0,41.761,226.26,0.0,198.4,1092.8545454545454,0.0015872,0.008742836363636363,vrf_leakage,compound_congestion_breach_01_vrf_leakage
2026-07-19T15:34:23+00:00,station1,0.0,18.134,404.882,0.0,76276.23636363636,1353285.9454545453,0.6102098909090908,10.826287563636363,vrf_leakage,compound_congestion_breach_01_vrf_leakage
2026-07-19T15:34:23+00:00,station2,0.0,16.992,406.311,0.0,1351799.6545454545,77585.76363636363,10.814397236363636,0.620686109090909,vrf_leakage,compound_congestion_breach_01_vrf_leakage
2026-07-19T15:34:23+00:00,station3,0.0,18.187,395.65,0.0,236.18181818181816,1311.0363636363634,0.0018894545454545453,0.010488290909090908,vrf_leakage,compound_congestion_breach_01_vrf_leakage
2026-07-19T15:34:38+00:00,station1,0.0,10.484,353.42,0.0,62343.8909090909,1080588.9999999998,0.4987511272727272,8.644711999999998,vrf_leakage,compound_congestion_breach_01_vrf_leakage
2026-07-19T15:34:38+00:00,station2,0.0,11.416,354.492,0.0,1079495.7636363634,63442.27272727272,8.635966109090907,0.5075381818181818,vrf_leakage,compound_congestion_breach_01_vrf_leakage
2026-07-19T15:34:38+00:00,station3,0.0,11.363,342.634,0.0,193.54545454545453,1089.6909090909091,0.0015483636363636363,0.008717527272727274,vrf_leakage,compound_congestion_breach_01_vrf_leakage
2026-07-19T15:34:53+00:00,station1,0.0,3.898,368.49,0.0,81032.9812185233,1420987.0911437974,0.6482638497481864,11.36789672915038,vrf_leakage,compound_congestion_breach_01_vrf_leakage
2026-07-19T15:34:53+00:00,station2,0.0,3.203,369.632,0.0,1419502.7454545454,82347.32727272726,11.356021963636364,0.658778618181818,vrf_leakage,compound_congestion_breach_01_vrf_leakage
2026-07-19T15:34:53+00:00,station3,0.0,3.417,357.412,0.0,233.89090909090908,1310.6545454545453,0.0018711272727272726,0.010485236363636363,vrf_leakage,compound_congestion_breach_01_vrf_leakage
2026-07-19T15:35:08+00:00,station1,0.0,1.009,11.844,0.0,75087.67113325212,1329715.096089162,0.600701369066017,10.637720768713296,vrf_leakage,compound_congestion_breach_01_vrf_leakage
2026-07-19T15:35:08+00:00,station2,0.0,0.869,11.26,0.0,1328469.4727272727,76173.94545454545,10.62775578181818,0.6093915636363636,vrf_leakage,compound_congestion_breach_01_vrf_leakage
2026-07-19T15:35:08+00:00,station3,0.0,0.018,0.297,0.0,194.54545454545453,1093.0545454545454,0.0015563636363636363,0.008744436363636364,vrf_leakage,compound_congestion_breach_01_vrf_leakage
2026-07-19T15:35:23+00:00,station1,0.0,56.766,379.864,0.0,77143.58181818182,1346201.0727272728,0.6171486545454545,10.769608581818183,vrf_leakage,compound_congestion_breach_01_vrf_leakage
2026-07-19T15:35:23+00:00,station2,0.0,55.98,381.195,0.0,1344691.1090909091,78445.92727272726,10.757528872727272,0.627567418181818,vrf_leakage,compound_congestion_breach_01_vrf_leakage
2026-07-19T15:35:23+00:00,station3,0.0,55.032,369.284,0.0,235.45454545454544,1311.0363636363634,0.0018836363636363636,0.010488290909090908,vrf_leakage,compound_congestion_breach_01_vrf_leakage
2026-07-19T15:35:38+00:00,station1,0.0,15.639,397.5,25.0,61643.090909090904,1073483.4545454544,0.49314472727272723,8.587867636363635,vrf_leakage,compound_congestion_breach_01_vrf_leakage
2026-07-19T15:35:38+00:00,station2,0.0,9.458,382.23,0.0,1072207.8363636364,62731.41818181818,8.577662690909092,0.5018513454545455,vrf_leakage,compound_congestion_breach_01_vrf_leakage
2026-07-19T15:35:38+00:00,station3,0.0,9.405,371.154,0.0,195.1090909090909,1091.090909090909,0.001560872727272727,0.008728727272727272,vrf_leakage,compound_congestion_breach_01_vrf_leakage
2026-07-19T15:35:53+00:00,station1,0.0,48.349,380.231,0.0,75331.29090909091,1346302.218181818,0.6026503272727273,10.770417745454544,vrf_leakage,compound_congestion_breach_01_vrf_leakage
2026-07-19T15:35:53+00:00,station2,0.0,50.452,376.665,0.0,1344819.3636363635,76636.6,10.758554909090908,0.6130928,vrf_leakage,compound_congestion_breach_01_vrf_leakage
2026-07-19T15:35:53+00:00,station3,0.0,50.361,368.221,0.0,235.45454545454544,1311.6545454545453,0.0018836363636363636,0.010493236363636362,vrf_leakage,compound_congestion_breach_01_vrf_leakage
2026-07-19T15:36:08+00:00,station1,0.0,5.255,360.56,0.0,77288.74788647892,1363578.2593676709,0.6183099830918313,10.908626074941367,vrf_leakage,compound_congestion_breach_01_vrf_leakage
2026-07-19T15:36:08+00:00,station2,0.0,3.718,363.562,0.0,1362359.690909091,78385.6909090909,10.898877527272727,0.6270855272727273,vrf_leakage,compound_congestion_breach_01_vrf_leakage
2026-07-19T15:36:08+00:00,station3,0.0,5.348,349.863,0.0,196.1090909090909,1093.8181818181815,0.001568872727272727,0.008750545454545452,vrf_leakage,compound_congestion_breach_01_vrf_leakage
2026-07-19T15:36:23+00:00,station1,0.0,52.668,78.464,0.0,77062.69432878158,1368928.9052130117,0.6165015546302527,10.951431241704093,vrf_leakage,compound_congestion_breach_01_vrf_leakage
2026-07-19T15:36:23+00:00,station2,0.0,51.758,81.907,0.0,1367363.4363636363,78371.98181818183,10.93890749090909,0.6269758545454546,vrf_leakage,compound_congestion_breach_01_vrf_leakage
2026-07-19T15:36:23+00:00,station3,0.0,53.61,69.373,0.0,235.45454545454544,1311.5454545454545,0.0018836363636363636,0.010492363636363636,vrf_leakage,compound_congestion_breach_01_vrf_leakage
2026-07-19T15:36:38+00:00,station1,0.0,34.547,399.134,25.0,60771.80414901547,1074071.053253577,0.4861744331921238,8.592568426028617,vrf_leakage,compound_congestion_breach_01_vrf_leakage
2026-07-19T15:36:38+00:00,station2,0.0,26.118,387.782,0.0,1072760.5636363635,61863.94545454545,8.582084509090908,0.4949115636363636,vrf_leakage,compound_congestion_breach_01_vrf_leakage
2026-07-19T15:36:38+00:00,station3,0.0,26.745,376.769,0.0,193.9090909090909,1090.7818181818182,0.0015512727272727273,0.008726254545454545,vrf_leakage,compound_congestion_breach_01_vrf_leakage
2026-07-19T15:36:53+00:00,station1,0.0,40.714,361.061,0.0,77250.34545454544,1346678.818181818,0.6180027636363635,10.773430545454543,vrf_leakage,compound_congestion_breach_01_vrf_leakage
2026-07-19T15:36:53+00:00,station2,0.0,42.793,359.604,0.0,1345266.6727272726,78557.32727272726,10.762133381818181,0.628458618181818,vrf_leakage,compound_congestion_breach_01_vrf_leakage
2026-07-19T15:36:53+00:00,station3,0.0,45.789,351.339,0.0,236.54545454545453,1312.2363636363634,0.0018923636363636363,0.010497890909090908,vrf_leakage,compound_congestion_breach_01_vrf_leakage
2026-07-19T15:37:08+00:00,station1,0.0,12.065,392.535,0.0,60983.18181818181,1074062.8363636364,0.4878654545454545,8.592502690909091,vrf_leakage,compound_congestion_breach_01_vrf_leakage
2026-07-19T15:37:08+00:00,station2,0.0,15.735,387.81,0.0,1072886.309090909,62074.61818181818,8.583090472727273,0.4965969454545454,vrf_leakage,compound_congestion_breach_01_vrf_leakage
2026-07-19T15:37:08+00:00,station3,0.0,12.939,379.387,0.0,198.83636363636364,1095.8,0.0015906909090909092,0.008766399999999999,vrf_leakage,compound_congestion_breach_01_vrf_leakage
2026-07-19T15:37:23+00:00,station1,0.0,191.98,281.603,0.0,90545.87272727273,1614327.3818181818,0.7243669818181818,12.914619054545454,vrf_leakage,compound_congestion_breach_01_vrf_leakage
2026-07-19T15:37:23+00:00,station2,0.0,190.143,282.547,0.0,1612774.6,91850.4909090909,12.9021968,0.7348039272727273,vrf_leakage,compound_congestion_breach_01_vrf_leakage
2026-07-19T15:37:23+00:00,station3,0.0,191.757,271.38,0.0,236.54545454545453,1312.2727272727273,0.0018923636363636363,0.010498181818181818,vrf_leakage,compound_congestion_breach_01_vrf_leakage
2026-07-19T15:37:38+00:00,station1,0.0,1.837,10.346,0.0,64054.83237582721,1138388.8989891643,0.5124386590066177,9.107111191913313,vrf_leakage,compound_congestion_breach_01_vrf_leakage
2026-07-19T15:37:38+00:00,station2,0.0,0.925,11.924,0.0,1137254.8545454545,65242.21818181818,9.098038836363635,0.5219377454545454,vrf_leakage,compound_congestion_breach_01_vrf_leakage
2026-07-19T15:37:38+00:00,station3,0.0,0.054,0.271,0.0,195.0,1091.890909090909,0.00156,0.008735127272727272,vrf_leakage,compound_congestion_breach_01_vrf_leakage
2026-07-19T15:37:53+00:00,station1,0.0,0.534,373.366,0.0,76089.58181818182,1336446.4727272727,0.6087166545454545,10.691571781818181,vrf_leakage,compound_congestion_breach_01_vrf_leakage
2026-07-19T15:37:53+00:00,station2,0.0,3.425,372.504,0.0,1334957.5454545454,77394.45454545454,10.679660363636364,0.6191556363636364,vrf_leakage,compound_congestion_breach_01_vrf_leakage
2026-07-19T15:37:53+00:00,station3,0.0,2.228,358.344,0.0,235.45454545454544,1310.0181818181816,0.0018836363636363636,0.010480145454545453,vrf_leakage,compound_congestion_breach_01_vrf_leakage
2026-07-19T15:38:08+00:00,station1,0.0,20.029,401.428,0.0,59606.65781866444,1063673.7268876242,0.47685326254931554,8.509389815100993,vrf_leakage,compound_congestion_breach_01_vrf_leakage
2026-07-19T15:38:08+00:00,station2,0.0,18.837,382.147,25.0,1062450.2363636363,60697.34545454545,8.49960189090909,0.4855787636363636,vrf_leakage,compound_congestion_breach_01_vrf_leakage
2026-07-19T15:38:08+00:00,station3,0.0,21.531,391.169,0.0,197.74545454545452,1093.7818181818182,0.001581963636363636,0.008750254545454545,vrf_leakage,compound_congestion_breach_01_vrf_leakage
2026-07-19T15:38:23+00:00,station1,0.0,54.409,351.858,0.0,76115.83636363636,1336463.4545454544,0.6089266909090909,10.691707636363635,vrf_leakage,compound_congestion_breach_01_vrf_leakage
2026-07-19T15:38:23+00:00,station2,0.0,56.466,351.614,0.0,1335054.018181818,77421.12727272726,10.680432145454544,0.6193690181818181,vrf_leakage,compound_congestion_breach_01_vrf_leakage
2026-07-19T15:38:23+00:00,station3,0.0,53.758,338.146,0.0,232.29090909090908,1309.2181818181816,0.0018583272727272727,0.010473745454545453,vrf_leakage,compound_congestion_breach_01_vrf_leakage
2026-07-19T15:38:38+00:00,station1,0.0,0.289,2.193,0.0,138045.99999999997,2618375.9272727272,1.1043679999999998,20.94700741818182,vrf_leakage,compound_congestion_breach_01_vrf_leakage
2026-07-19T15:38:38+00:00,station2,0.0,0.173,1.913,0.0,2617455.9090909087,139230.34545454543,20.93964727272727,1.1138427636363635,vrf_leakage,compound_congestion_breach_01_vrf_leakage
2026-07-19T15:38:38+00:00,station3,0.0,1749.46,3124.635,0.0,190.3090909090909,1093.290909090909,0.0015224727272727273,0.008746327272727273,vrf_leakage,compound_congestion_breach_01_vrf_leakage
2026-07-19T15:38:53+00:00,station1,0.0,0.055,0.231,0.0,154588.8909090909,3007214.6545454543,1.2367111272727271,24.057717236363633,vrf_leakage,compound_congestion_breach_01_vrf_leakage
2026-07-19T15:38:53+00:00,station2,0.0,0.042,0.241,0.0,3005868.9272727272,156065.03636363635,24.046951418181816,1.2485202909090907,vrf_leakage,compound_congestion_breach_01_vrf_leakage
2026-07-19T15:38:53+00:00,station3,0.0,0.024,0.282,0.0,237.74545454545452,1311.581818181818,0.0019019636363636363,0.010492654545454545,vrf_leakage,compound_congestion_breach_01_vrf_leakage
2026-07-19T15:39:08+00:00,station1,0.0,0.15,0.844,0.0,201536.74545454545,3983851.054545454,1.6122939636363636,31.870808436363635,vrf_leakage,compound_congestion_breach_01_vrf_leakage
2026-07-19T15:39:08+00:00,station2,0.0,1.181,1.711,0.0,3982653.327272727,202697.5090909091,31.861226618181817,1.6215800727272727,vrf_leakage,compound_congestion_breach_01_vrf_leakage
2026-07-19T15:39:08+00:00,station3,0.0,0.298,0.896,0.0,201.1272727272727,1095.090909090909,0.0016090181818181816,0.008760727272727272,vrf_leakage,compound_congestion_breach_01_vrf_leakage
2026-07-19T15:39:23+00:00,station1,0.0,0.688,1.397,0.0,409828.2,8180229.709090908,3.2786256000000003,65.44183767272726,vrf_leakage,compound_congestion_breach_01_vrf_leakage
2026-07-19T15:39:23+00:00,station2,0.0,0.932,1.41,0.0,8178953.254545454,411225.41818181815,65.43162603636362,3.2898033454545454,vrf_leakage,compound_congestion_breach_01_vrf_leakage
2026-07-19T15:39:23+00:00,station3,0.0,0.492,1.081,0.0,239.27272727272728,1310.8727272727272,0.0019141818181818183,0.010486981818181817,vrf_leakage,compound_congestion_breach_01_vrf_leakage
2026-07-19T15:39:38+00:00,station1,0.0,0.159,0.834,0.0,412444.59393124015,8225271.785175354,3.2995567514499213,65.80217428140283,vrf_leakage,compound_congestion_breach_01_vrf_leakage
2026-07-19T15:39:38+00:00,station2,0.0,0.014,0.707,0.0,8224440.818181817,413553.98181818175,65.79552654545454,3.308431854545454,vrf_leakage,compound_congestion_breach_01_vrf_leakage
2026-07-19T15:39:38+00:00,station3,0.0,0.041,0.654,0.0,198.38181818181818,1092.4363636363635,0.0015870545454545453,0.008739490909090908,vrf_leakage,compound_congestion_breach_01_vrf_leakage
2026-07-19T15:39:53+00:00,station1,0.0,0.123,0.799,0.0,635934.2351679121,12695349.060892018,5.087473881343297,101.56279248713614,vrf_leakage,compound_congestion_breach_01_vrf_leakage
2026-07-19T15:39:53+00:00,station2,0.0,0.124,0.819,0.0,12693505.4,637151.7272727272,101.54804320000001,5.097213818181817,vrf_leakage,compound_congestion_breach_01_vrf_leakage
2026-07-19T15:39:53+00:00,station3,0.0,0.18,0.812,0.0,237.74545454545452,1309.490909090909,0.0019019636363636363,0.010475927272727273,vrf_leakage,compound_congestion_breach_01_vrf_leakage
2026-07-19T15:40:08+00:00,station1,0.0,0.051,0.238,0.0,483080.4909090909,9654899.127272727,3.864643927272727,77.23919301818182,vrf_leakage,compound_congestion_breach_01_vrf_leakage
2026-07-19T15:40:08+00:00,station2,0.0,0.02,0.227,0.0,9653621.29090909,484253.6545454545,77.22897032727272,3.874029236363636,vrf_leakage,compound_congestion_breach_01_vrf_leakage
2026-07-19T15:40:08+00:00,station3,0.0,0.024,0.318,0.0,201.1272727272727,1093.8363636363636,0.0016090181818181816,0.008750690909090909,vrf_leakage,compound_congestion_breach_01_vrf_leakage
2026-07-19T15:40:23+00:00,station1,0.0,0.015,0.707,0.0,557497.2634870993,11113886.648362638,4.459978107896794,88.91109318690111,vrf_leakage,compound_congestion_breach_01_vrf_leakage
2026-07-19T15:40:23+00:00,station2,0.0,0.194,0.821,0.0,11111704.781818181,558760.2,88.89363825454545,4.470081599999999,vrf_leakage,compound_congestion_breach_01_vrf_leakage
2026-07-19T15:40:23+00:00,station3,0.0,0.058,0.653,0.0,237.27272727272728,1308.709090909091,0.0018981818181818182,0.010469672727272727,vrf_leakage,compound_congestion_breach_01_vrf_leakage
2026-07-19T15:40:38+00:00,station1,0.0,0.519,1.144,0.0,445749.7500045454,8877527.663133398,3.565998000036363,71.02022130506718,vrf_leakage,compound_congestion_breach_01_vrf_leakage
2026-07-19T15:40:38+00:00,station2,0.0,0.818,1.392,0.0,8876712.309090909,446847.2727272727,71.01369847272727,3.5747781818181816,vrf_leakage,compound_congestion_breach_01_vrf_leakage
2026-07-19T15:40:38+00:00,station3,0.0,0.282,0.898,0.0,196.74545454545452,1088.2181818181818,0.001573963636363636,0.008705745454545454,vrf_leakage,compound_congestion_breach_01_vrf_leakage
2026-07-19T15:40:53+00:00,station1,0.0,0.166,0.939,0.0,558587.5925016819,11112373.134056984,4.468700740013455,88.89898507245587,vrf_leakage,compound_congestion_breach_01_vrf_leakage
2026-07-19T15:40:53+00:00,station2,0.0,0.054,0.74,0.0,11110620.854545454,559874.3454545455,88.88496683636363,4.478994763636364,vrf_leakage,compound_congestion_breach_01_vrf_leakage
2026-07-19T15:40:53+00:00,station3,0.0,0.196,0.84,0.0,236.18181818181816,1308.7636363636364,0.0018894545454545453,0.010470109090909091,vrf_leakage,compound_congestion_breach_01_vrf_leakage
2026-07-19T15:41:08+00:00,station1,0.0,0.038,0.812,0.0,560783.2181818181,11172075.909090908,4.486265745454545,89.37660727272727,vrf_leakage,compound_congestion_breach_01_vrf_leakage
2026-07-19T15:41:08+00:00,station2,0.0,0.027,0.716,0.0,11170957.727272727,561888.4363636363,89.36766181818182,4.49510749090909,vrf_leakage,compound_congestion_breach_01_vrf_leakage
2026-07-19T15:41:08+00:00,station3,0.0,0.127,0.728,0.0,201.1272727272727,1094.0545454545454,0.0016090181818181816,0.008752436363636363,vrf_leakage,compound_congestion_breach_01_vrf_leakage
2026-07-19T15:41:23+00:00,station1,0.0,0.01,0.283,0.0,488354.9272727272,9724257.927272728,3.9068394181818173,77.79406341818182,vrf_leakage,compound_congestion_breach_01_vrf_leakage
2026-07-19T15:41:23+00:00,station2,0.0,0.033,0.243,0.0,9722676.672727274,489715.7818181818,77.7814133818182,3.9177262545454545,vrf_leakage,compound_congestion_breach_01_vrf_leakage
2026-07-19T15:41:23+00:00,station3,0.0,0.028,0.288,0.0,238.2181818181818,1309.490909090909,0.0019057454545454544,0.010475927272727273,vrf_leakage,compound_congestion_breach_01_vrf_leakage
2026-07-19T15:41:38+00:00,station1,0.0,0.297,2.265,0.0,334928.90909090906,6650375.654545454,2.6794312727272724,53.20300523636364,vrf_leakage,compound_congestion_breach_01_vrf_leakage
2026-07-19T15:41:38+00:00,station2,0.0,0.435,2.093,0.0,6649117.327272727,336008.61818181816,53.19293861818182,2.6880689454545452,vrf_leakage,compound_congestion_breach_01_vrf_leakage
2026-07-19T15:41:38+00:00,station3,0.0,1448.416,2945.211,0.0,191.94545454545454,1091.6,0.0015355636363636363,0.008732799999999999,vrf_leakage,compound_congestion_breach_01_vrf_leakage
2026-07-19T15:41:53+00:00,station1,0.0,0.469,1.809,0.0,446507.02765605395,8884673.036711093,3.5720562212484315,71.07738429368874,vrf_leakage,compound_congestion_breach_01_vrf_leakage
2026-07-19T15:41:53+00:00,station2,0.0,0.288,1.778,0.0,8882866.236363636,447914.6545454545,71.06292989090909,3.583317236363636,vrf_leakage,compound_congestion_breach_01_vrf_leakage
2026-07-19T15:41:53+00:00,station3,0.0,1444.321,2959.343,0.0,229.7090909090909,1308.290909090909,0.0018376727272727271,0.010466327272727272,vrf_leakage,compound_congestion_breach_01_vrf_leakage
2026-07-19T15:42:08+00:00,station1,0.0,0.525,2.904,0.0,406804.592476774,8097680.817409961,3.2544367398141922,64.78144653927968,vrf_leakage,compound_congestion_breach_01_vrf_leakage
2026-07-19T15:42:08+00:00,station2,0.0,0.306,2.702,0.0,8096902.745454545,408032.98181818175,64.77522196363635,3.264263854545454,vrf_leakage,compound_congestion_breach_01_vrf_leakage
2026-07-19T15:42:08+00:00,station3,0.0,1444.321,2959.343,100.0,181.89090909090908,1090.5272727272727,0.0014551272727272727,0.008724218181818181,vrf_leakage,compound_congestion_breach_01_vrf_leakage
2026-07-19T15:42:23+00:00,station1,0.0,0.128,2.318,0.0,630038.6153734274,12564493.74590939,5.040308922987419,100.51594996727512,vrf_leakage,compound_congestion_breach_01_vrf_leakage
2026-07-19T15:42:23+00:00,station2,0.0,0.234,2.15,0.0,12563722.98181818,631293.4363636363,100.50978385454545,5.050347490909091,vrf_leakage,compound_congestion_breach_01_vrf_leakage
2026-07-19T15:42:23+00:00,station3,0.0,833.644,1123.795,100.0,236.2181818181818,1317.1818181818182,0.0018897454545454544,0.010537454545454546,vrf_leakage,compound_congestion_breach_01_vrf_leakage
2026-07-19T15:42:38+00:00,station1,0.0,0.044,0.702,0.0,490134.08847111865,11175116.306976236,3.9210727077689493,89.40093045580988,vrf_leakage,compound_congestion_breach_01_vrf_leakage
2026-07-19T15:42:38+00:00,station2,0.0,0.02,0.766,0.0,11172041.09090909,491003.39999999997,89.37632872727272,3.9280272,vrf_leakage,compound_congestion_breach_01_vrf_leakage
2026-07-19T15:42:38+00:00,station3,0.0,0.209,1.825,0.0,208.65454545454543,1097.2363636363634,0.0016692363636363634,0.008777890909090907,vrf_leakage,compound_congestion_breach_01_vrf_leakage
2026-07-19T15:42:53+00:00,station1,0.0,0.323,0.99,0.0,441871.34545454546,12596155.29090909,3.534970763636364,100.7692423272727,vrf_leakage,compound_congestion_breach_01_vrf_leakage
2026-07-19T15:42:53+00:00,station2,0.0,0.06,0.68,0.0,12594812.67272727,442995.9636363636,100.75850138181816,3.543967709090909,vrf_leakage,compound_congestion_breach_01_vrf_leakage
2026-07-19T15:42:53+00:00,station3,0.0,0.17,0.74,0.0,358.6727272727273,1414.3272727272727,0.002869381818181818,0.01131461818181818,vrf_leakage,compound_congestion_breach_01_vrf_leakage
2026-07-19T15:43:08+00:00,station1,0.0,1.343,1.856,0.0,330122.309090909,10362134.418181816,2.640978472727272,82.89707534545452,vrf_leakage,compound_congestion_breach_01_vrf_leakage
2026-07-19T15:43:08+00:00,station2,0.0,1.184,1.904,0.0,10360730.727272727,331103.5818181818,82.8858458181818,2.6488286545454542,vrf_leakage,compound_congestion_breach_01_vrf_leakage
2026-07-19T15:43:08+00:00,station3,0.0,0.145,0.839,0.0,309.6181818181818,1191.7818181818182,0.0024769454545454546,0.009534254545454545,vrf_leakage,compound_congestion_breach_01_vrf_leakage
2026-07-19T15:43:23+00:00,station1,0.0,0.142,0.643,0.0,442182.8181818182,12596468.0,3.537462545454545,100.771744,vrf_leakage,compound_congestion_breach_01_vrf_leakage
2026-07-19T15:43:23+00:00,station2,0.0,0.398,1.165,0.0,12595013.309090909,443368.0909090909,100.76010647272727,3.5469447272727272,vrf_leakage,compound_congestion_breach_01_vrf_leakage
2026-07-19T15:43:23+00:00,station3,0.0,0.099,0.855,0.0,349.0363636363636,1405.0545454545454,0.0027922909090909087,0.011240436363636364,vrf_leakage,compound_congestion_breach_01_vrf_leakage
2026-07-19T15:43:38+00:00,station1,0.0,0.144,0.867,0.0,511425.5636363636,10358662.49090909,4.091404509090909,82.86929992727272,vrf_leakage,compound_congestion_breach_01_vrf_leakage
2026-07-19T15:43:38+00:00,station2,0.0,0.103,0.948,0.0,10357193.272727273,512341.5636363636,82.8575461818182,4.098732509090909,vrf_leakage,compound_congestion_breach_01_vrf_leakage
2026-07-19T15:43:38+00:00,station3,0.0,0.165,0.841,0.0,308.3818181818181,1189.1636363636362,0.002467054545454545,0.00951330909090909,vrf_leakage,compound_congestion_breach_01_vrf_leakage
2026-07-19T15:43:53+00:00,station1,0.0,0.01,0.223,0.0,609303.5454545454,12156322.218181817,4.874428363636364,97.25057774545454,vrf_leakage,compound_congestion_breach_01_vrf_leakage
2026-07-19T15:43:53+00:00,station2,0.0,0.021,0.287,0.0,12154129.618181817,610115.309090909,97.23303694545454,4.8809224727272715,vrf_leakage,compound_congestion_breach_01_vrf_leakage
2026-07-19T15:43:53+00:00,station3,0.0,0.049,0.265,0.0,241.03636363636363,1312.9272727272726,0.0019282909090909091,0.01050341818181818,vrf_leakage,compound_congestion_breach_01_vrf_leakage
2026-07-19T15:44:08+00:00,station1,0.0,0.151,0.832,0.0,457795.42520501115,9120580.304380238,3.6623634016400892,72.96464243504191,vrf_leakage,compound_congestion_breach_01_vrf_leakage
2026-07-19T15:44:08+00:00,station2,0.0,0.13,0.978,0.0,9117623.472727273,458375.79999999993,72.94098778181818,3.6670063999999996,vrf_leakage,compound_congestion_breach_01_vrf_leakage
2026-07-19T15:44:08+00:00,station3,0.0,0.197,0.845,0.0,204.4181818181818,1095.8545454545454,0.0016353454545454545,0.008766836363636362,vrf_leakage,compound_congestion_breach_01_vrf_leakage
2026-07-19T15:44:23+00:00,station1,0.0,0.285,0.91,0.0,569233.676975945,11352630.8114693,4.55386941580756,90.8210464917544,vrf_leakage,compound_congestion_breach_01_vrf_leakage
2026-07-19T15:44:23+00:00,station2,0.0,1.776,1.993,0.0,11350609.181818182,570092.5636363636,90.80487345454546,4.560740509090909,vrf_leakage,compound_congestion_breach_01_vrf_leakage
2026-07-19T15:44:23+00:00,station3,0.0,0.415,1.002,0.0,241.5090909090909,1310.1454545454544,0.0019320727272727272,0.010481163636363635,vrf_leakage,compound_congestion_breach_01_vrf_leakage
2026-07-19T15:44:38+00:00,station1,0.0,2.94,2.951,0.0,457519.0181818182,9118580.836363636,3.6601521454545454,72.94864669090909,vrf_leakage,compound_congestion_breach_01_vrf_leakage
2026-07-19T15:44:38+00:00,station2,0.0,2.689,2.611,0.0,9116901.581818182,458199.98181818175,72.93521265454545,3.6655998545454542,vrf_leakage,compound_congestion_breach_01_vrf_leakage
2026-07-19T15:44:38+00:00,station3,0.0,0.262,0.606,0.0,204.4181818181818,1093.1818181818182,0.0016353454545454545,0.008745454545454546,vrf_leakage,compound_congestion_breach_01_vrf_leakage
2026-07-19T15:44:53+00:00,station1,0.0,0.634,1.248,0.0,631181.2181818181,12600035.07272727,5.049449745454545,100.80028058181816,vrf_leakage,compound_congestion_breach_01_vrf_leakage
2026-07-19T15:44:53+00:00,station2,0.0,0.761,1.293,0.0,12598510.927272728,632445.1818181818,100.78808741818182,5.059561454545454,vrf_leakage,compound_congestion_breach_01_vrf_leakage
2026-07-19T15:44:53+00:00,station3,0.0,0.108,0.723,0.0,235.0181818181818,1304.6,0.0018801454545454544,0.0104368,vrf_leakage,compound_congestion_breach_01_vrf_leakage
2026-07-19T15:45:08+00:00,station1,0.0,0.023,0.261,0.0,487567.69090909086,9740262.909090908,3.900541527272727,77.92210327272727,vrf_leakage,compound_congestion_breach_01_vrf_leakage
2026-07-19T15:45:08+00:00,station2,0.0,0.059,0.257,0.0,9739327.545454543,488704.94545454544,77.91462036363635,3.9096395636363637,vrf_leakage,compound_congestion_breach_01_vrf_leakage
2026-07-19T15:45:08+00:00,station3,0.0,0.012,0.308,0.0,200.03636363636363,1091.0181818181818,0.001600290909090909,0.008728145454545455,vrf_leakage,compound_congestion_breach_01_vrf_leakage
2026-07-19T15:45:23+00:00,station1,0.0,0.227,0.868,0.0,556723.1586028837,11104739.940726195,4.4537852688230695,88.83791952580955,vrf_leakage,compound_congestion_breach_01_vrf_leakage
2026-07-19T15:45:23+00:00,station2,0.0,0.234,0.845,0.0,11102708.709090909,558017.5636363636,88.82166967272727,4.4641405090909085,vrf_leakage,compound_congestion_breach_01_vrf_leakage
2026-07-19T15:45:23+00:00,station3,0.0,0.076,0.694,0.0,236.65454545454543,1306.381818181818,0.0018932363636363634,0.010451054545454544,vrf_leakage,compound_congestion_breach_01_vrf_leakage
2026-07-19T15:45:38+00:00,station1,0.0,0.03,0.71,0.0,444968.0727272727,8870958.6,3.5597445818181814,70.9676688,vrf_leakage,compound_congestion_breach_01_vrf_leakage
2026-07-19T15:45:38+00:00,station2,0.0,0.169,0.79,0.0,8869597.836363636,446045.1272727272,70.9567826909091,3.5683610181818177,vrf_leakage,compound_congestion_breach_01_vrf_leakage
2026-07-19T15:45:38+00:00,station3,0.0,0.104,0.797,0.0,197.29090909090908,1088.1454545454544,0.0015783272727272727,0.008705163636363636,vrf_leakage,compound_congestion_breach_01_vrf_leakage
2026-07-19T15:45:53+00:00,station1,0.0,0.087,0.767,0.0,557027.3085943892,11106116.216068799,4.456218468755114,88.84892972855039,vrf_leakage,compound_congestion_breach_01_vrf_leakage
2026-07-19T15:45:53+00:00,station2,0.0,0.088,0.83,0.0,11104564.454545455,558326.5272727272,88.83651563636364,4.466612218181818,vrf_leakage,compound_congestion_breach_01_vrf_leakage
2026-07-19T15:45:53+00:00,station3,0.0,0.058,0.657,0.0,236.65454545454543,1306.4727272727273,0.0018932363636363634,0.010451781818181818,vrf_leakage,compound_congestion_breach_01_vrf_leakage
2026-07-19T15:46:08+00:00,station1,0.0,0.561,1.13,0.0,559538.309090909,11172154.49090909,4.476306472727272,89.37723592727272,vrf_leakage,compound_congestion_breach_01_vrf_leakage
2026-07-19T15:46:08+00:00,station2,0.0,0.315,0.991,0.0,11170749.836363636,560633.4363636363,89.3659986909091,4.48506749090909,vrf_leakage,compound_congestion_breach_01_vrf_leakage
2026-07-19T15:46:08+00:00,station3,0.0,0.439,0.911,0.0,200.03636363636363,1091.2363636363636,0.001600290909090909,0.008729890909090909,vrf_leakage,compound_congestion_breach_01_vrf_leakage
2026-07-19T15:46:23+00:00,station1,0.0,0.166,0.822,0.0,557027.4727272727,11108355.254545454,4.456219781818182,88.86684203636364,vrf_leakage,compound_congestion_breach_01_vrf_leakage
2026-07-19T15:46:23+00:00,station2,0.0,0.14,0.906,0.0,11107426.236363636,558345.9818181818,88.85940989090909,4.466767854545455,vrf_leakage,compound_congestion_breach_01_vrf_leakage
2026-07-19T15:46:23+00:00,station3,0.0,0.108,0.889,0.0,236.65454545454543,1306.7818181818182,0.0018932363636363634,0.010454254545454546,vrf_leakage,compound_congestion_breach_01_vrf_leakage
2026-07-19T15:46:38+00:00,station1,0.0,0.163,0.824,0.0,444192.3307696504,8874962.108401971,3.5535386461572034,70.99969686721576,vrf_leakage,compound_congestion_breach_01_vrf_leakage
2026-07-19T15:46:38+00:00,station2,0.0,0.009,0.723,0.0,8873360.818181818,445255.8545454545,70.98688654545455,3.562046836363636,vrf_leakage,compound_congestion_breach_01_vrf_leakage
2026-07-19T15:46:38+00:00,station3,0.0,0.027,0.63,0.0,198.85454545454544,1088.7272727272727,0.0015908363636363636,0.008709818181818181,vrf_leakage,compound_congestion_breach_01_vrf_leakage
2026-07-19T15:46:53+00:00,station1,0.0,0.095,0.876,0.0,554636.4181818182,11108636.654545454,4.4370913454545455,88.86909323636364,vrf_leakage,compound_congestion_breach_01_vrf_leakage
2026-07-19T15:46:53+00:00,station2,0.0,0.086,0.958,0.0,11107760.309090909,555964.3454545455,88.86208247272727,4.447714763636363,vrf_leakage,compound_congestion_breach_01_vrf_leakage
2026-07-19T15:46:53+00:00,station3,0.0,0.097,0.694,0.0,235.45454545454544,1305.2545454545455,0.0018836363636363636,0.010442036363636364,vrf_leakage,compound_congestion_breach_01_vrf_leakage
2026-07-19T15:47:08+00:00,station1,0.0,0.233,0.77,0.0,510206.7818181818,10234861.836363636,4.081654254545454,81.87889469090909,vrf_leakage,compound_congestion_breach_01_vrf_leakage
2026-07-19T15:47:08+00:00,station2,0.0,0.717,1.48,0.0,10233730.127272727,511259.2545454545,81.86984101818182,4.090074036363636,vrf_leakage,compound_congestion_breach_01_vrf_leakage
2026-07-19T15:47:08+00:00,station3,0.0,0.227,0.894,0.0,197.2,1087.6727272727271,0.0015776,0.008701381818181817,vrf_leakage,compound_congestion_breach_01_vrf_leakage
2026-07-19T15:47:23+00:00,station1,0.0,0.024,0.258,0.0,602813.6909090909,12114090.6,4.822509527272727,96.91272479999999,vrf_leakage,compound_congestion_breach_02_vrf_leakage
2026-07-19T15:47:23+00:00,station2,0.0,0.041,0.257,0.0,12112356.345454544,604167.4,96.89885076363635,4.8333392,vrf_leakage,compound_congestion_breach_02_vrf_leakage
2026-07-19T15:47:23+00:00,station3,0.0,0.017,0.306,0.0,235.45454545454544,1304.909090909091,0.0018836363636363636,0.010439272727272728,vrf_leakage,compound_congestion_breach_02_vrf_leakage
2026-07-19T15:47:38+00:00,station1,0.0,0.198,148.633,0.0,452056.43636363634,9062440.818181816,3.616451490909091,72.49952654545453,vrf_leakage,compound_congestion_breach_02_vrf_leakage
2026-07-19T15:47:38+00:00,station2,0.0,1.331,149.122,0.0,9061291.181818182,453227.54545454547,72.49032945454546,3.6258203636363637,vrf_leakage,compound_congestion_breach_02_vrf_leakage
2026-07-19T15:47:38+00:00,station3,0.0,0.748,144.184,0.0,193.47272727272727,1086.3090909090909,0.0015477818181818181,0.008690472727272728,vrf_leakage,compound_congestion_breach_02_vrf_leakage
2026-07-19T15:47:53+00:00,station1,0.0,2.19,220.76,0.0,560118.6,11146158.563636363,4.4809488,89.1692685090909,vrf_leakage,compound_congestion_breach_02_vrf_leakage
2026-07-19T15:47:53+00:00,station2,0.0,3.026,221.889,0.0,11144105.654545454,561485.6363636364,89.15284523636363,4.491885090909091,vrf_leakage,compound_congestion_breach_02_vrf_leakage
2026-07-19T15:47:53+00:00,station3,0.0,2.762,216.865,0.0,231.3090909090909,1307.4363636363635,0.0018504727272727272,0.010459490909090909,vrf_leakage,compound_congestion_breach_02_vrf_leakage
2026-07-19T15:48:08+00:00,station1,0.0,10.317,246.5,0.0,445856.63636363635,8835299.2,3.566853090909091,70.6823936,vrf_leakage,compound_congestion_breach_02_vrf_leakage
2026-07-19T15:48:08+00:00,station2,0.0,13.405,242.982,0.0,8834355.872727271,447034.6545454545,70.67484698181816,3.576277236363636,vrf_leakage,compound_congestion_breach_02_vrf_leakage
2026-07-19T15:48:08+00:00,station3,0.0,13.675,237.374,0.0,191.85454545454544,1089.6,0.0015348363636363636,0.008716799999999999,vrf_leakage,compound_congestion_breach_02_vrf_leakage
2026-07-19T15:48:23+00:00,station1,0.0,18.841,269.852,0.0,618783.9454545454,12210029.327272726,4.950271563636363,97.68023461818181,vrf_leakage,compound_congestion_breach_02_vrf_leakage
2026-07-19T15:48:23+00:00,station2,0.0,20.54,266.686,0.0,12208512.272727272,620117.3818181817,97.66809818181817,4.960939054545454,vrf_leakage,compound_congestion_breach_02_vrf_leakage
2026-07-19T15:48:23+00:00,station3,0.0,19.857,263.532,0.0,231.19999999999996,1309.2727272727273,0.0018495999999999996,0.010474181818181818,vrf_leakage,compound_congestion_breach_02_vrf_leakage
2026-07-19T15:48:38+00:00,station1,0.0,0.104,4.952,0.0,478680.87272727274,9446380.709090909,3.8294469818181818,75.57104567272727,vrf_leakage,compound_congestion_breach_02_vrf_leakage
2026-07-19T15:48:38+00:00,station2,0.0,0.383,5.043,0.0,9445088.927272728,479828.3636363636,75.56071141818182,3.838626909090909,vrf_leakage,compound_congestion_breach_02_vrf_leakage
2026-07-19T15:48:38+00:00,station3,0.0,0.044,0.255,0.0,193.8,1090.4545454545453,0.0015504000000000002,0.008723636363636362,vrf_leakage,compound_congestion_breach_02_vrf_leakage
2026-07-19T15:48:53+00:00,station1,0.0,13.656,182.832,0.0,539786.4506627393,10715691.030746015,4.318291605301915,85.72552824596812,vrf_leakage,compound_congestion_breach_02_vrf_leakage
2026-07-19T15:48:53+00:00,station2,0.0,14.622,185.308,25.0,10714027.945454543,541089.8727272727,85.71222356363634,4.328718981818182,vrf_leakage,compound_congestion_breach_02_vrf_leakage
2026-07-19T15:48:53+00:00,station3,0.0,14.231,177.684,0.0,233.16363636363633,1308.4545454545453,0.0018653090909090907,0.010467636363636363,vrf_leakage,compound_congestion_breach_02_vrf_leakage
2026-07-19T15:49:08+00:00,station1,0.0,2.001,201.776,0.0,427975.4727272727,8557036.709090909,3.4238037818181817,68.45629367272727,vrf_leakage,compound_congestion_breach_02_vrf_leakage
2026-07-19T15:49:08+00:00,station2,0.0,1.301,203.6,0.0,8555520.054545455,429053.21818181814,68.44416043636363,3.432425745454545,vrf_leakage,compound_congestion_breach_02_vrf_leakage
2026-07-19T15:49:08+00:00,station3,0.0,0.927,197.72,0.0,196.1090909090909,1092.1636363636362,0.001568872727272727,0.00873730909090909,vrf_leakage,compound_congestion_breach_02_vrf_leakage
2026-07-19T15:49:23+00:00,station1,0.0,7.331,256.728,0.0,531359.2167699945,10712218.66080032,4.250873734159955,85.69774928640255,vrf_leakage,compound_congestion_breach_02_vrf_leakage
2026-07-19T15:49:23+00:00,station2,0.0,11.177,256.372,0.0,10711495.036363635,532706.8727272727,85.69196029090908,4.2616549818181815,vrf_leakage,compound_congestion_breach_02_vrf_leakage
2026-07-19T15:49:23+00:00,station3,0.0,10.042,252.165,0.0,234.36363636363635,1309.6363636363635,0.0018749090909090907,0.010477090909090908,vrf_leakage,compound_congestion_breach_02_vrf_leakage
2026-07-19T15:49:38+00:00,station1,0.0,12.103,252.011,0.0,534076.5818181818,10789925.327272726,4.272612654545454,86.31940261818181,vrf_leakage,compound_congestion_breach_02_vrf_leakage
2026-07-19T15:49:38+00:00,station2,0.0,11.773,254.962,0.0,10788633.69090909,535176.7636363636,86.30906952727271,4.281414109090909,vrf_leakage,compound_congestion_breach_02_vrf_leakage
2026-07-19T15:49:38+00:00,station3,0.0,11.514,248.843,0.0,193.9090909090909,1090.1090909090908,0.0015512727272727273,0.008720872727272726,vrf_leakage,compound_congestion_breach_02_vrf_leakage
2026-07-19T15:49:53+00:00,station1,0.0,3.725,172.877,0.0,542010.7824063131,10930408.13135262,4.3360862592505045,87.44326505082095,vrf_leakage,compound_congestion_breach_02_vrf_leakage
2026-07-19T15:49:53+00:00,station2,0.0,0.28,175.754,0.0,10928446.945454543,543469.5818181818,87.42757556363635,4.347756654545455,vrf_leakage,compound_congestion_breach_02_vrf_leakage
2026-07-19T15:49:53+00:00,station3,0.0,2.504,162.885,0.0,240.43636363636364,1312.290909090909,0.001923490909090909,0.010498327272727273,vrf_leakage,compound_congestion_breach_02_vrf_leakage
2026-07-19T15:50:08+00:00,station1,0.0,2.435,179.579,0.0,438012.96340066544,8771483.500299994,3.5041037072053234,70.17186800239995,vrf_leakage,compound_congestion_breach_02_vrf_leakage
2026-07-19T15:50:08+00:00,station2,0.0,1.101,182.048,0.0,8770612.799999999,439284.9272727272,70.16490239999999,3.5142794181818173,vrf_leakage,compound_congestion_breach_02_vrf_leakage
2026-07-19T15:50:08+00:00,station3,0.0,1.179,169.035,0.0,203.8181818181818,1096.0181818181816,0.0016305454545454544,0.008768145454545453,vrf_leakage,compound_congestion_breach_02_vrf_leakage
2026-07-19T15:50:23+00:00,station1,0.0,1.692,210.361,0.0,546879.8930928528,10930750.331812149,4.375039144742822,87.44600265449719,vrf_leakage,compound_congestion_breach_02_vrf_leakage
2026-07-19T15:50:23+00:00,station2,0.0,1.819,208.218,0.0,10929582.709090909,548390.0727272726,87.43666167272727,4.387120581818181,vrf_leakage,compound_congestion_breach_02_vrf_leakage
2026-07-19T15:50:23+00:00,station3,0.0,1.701,198.553,0.0,241.63636363636363,1311.490909090909,0.001933090909090909,0.010491927272727273,vrf_leakage,compound_congestion_breach_02_vrf_leakage
2026-07-19T15:50:38+00:00,station1,0.0,45.941,339.434,0.0,495622.8363636363,9978429.527272727,3.9649826909090904,79.82743621818182,vrf_leakage,compound_congestion_breach_02_vrf_leakage
2026-07-19T15:50:38+00:00,station2,0.0,41.407,339.014,0.0,9976858.218181817,496550.90909090906,79.81486574545454,3.9724072727272723,vrf_leakage,compound_congestion_breach_02_vrf_leakage
2026-07-19T15:50:38+00:00,station3,0.0,45.923,329.12,0.0,196.85454545454544,1090.5272727272727,0.0015748363636363635,0.008724218181818181,vrf_leakage,compound_congestion_breach_02_vrf_leakage
2026-07-19T15:50:53+00:00,station1,0.0,0.989,10.828,0.0,533531.7636363636,10737102.545454543,4.2682541090909085,85.89682036363635,vrf_leakage,compound_congestion_breach_02_vrf_leakage
2026-07-19T15:50:53+00:00,station2,0.0,0.298,8.184,0.0,10735845.963636363,534795.9454545454,85.8867677090909,4.278367563636364,vrf_leakage,compound_congestion_breach_02_vrf_leakage
2026-07-19T15:50:53+00:00,station3,0.0,0.031,0.298,0.0,238.18181818181816,1310.6363636363635,0.0019054545454545452,0.010485090909090907,vrf_leakage,compound_congestion_breach_02_vrf_leakage
2026-07-19T15:51:08+00:00,station1,0.0,0.732,215.541,0.0,356186.9636363636,7218062.5636363635,2.8494957090909088,57.744500509090905,vrf_leakage,compound_congestion_breach_02_vrf_leakage
2026-07-19T15:51:08+00:00,station2,0.0,1.595,214.063,0.0,7216689.272727272,357158.4727272727,57.73351418181817,2.8572677818181815,vrf_leakage,compound_congestion_breach_02_vrf_leakage
2026-07-19T15:51:08+00:00,station3,0.0,1.091,203.936,0.0,204.4,1098.4,0.0016352,0.0087872,vrf_leakage,compound_congestion_breach_02_vrf_leakage
2026-07-19T15:51:23+00:00,station1,0.0,7.067,272.102,0.0,402604.9636363636,8013630.7272727275,3.220839709090909,64.10904581818183,vrf_leakage,compound_congestion_breach_02_vrf_leakage
2026-07-19T15:51:23+00:00,station2,0.0,8.174,272.166,0.0,8012000.527272727,403792.2545454545,64.09600421818182,3.2303380363636363,vrf_leakage,compound_congestion_breach_02_vrf_leakage
2026-07-19T15:51:23+00:00,station3,0.0,5.905,262.757,0.0,238.18181818181816,1312.1272727272726,0.0019054545454545452,0.01049701818181818,vrf_leakage,compound_congestion_breach_02_vrf_leakage
2026-07-19T15:51:38+00:00,station1,0.0,3.625,311.056,0.0,297542.5818181818,5842721.436363636,2.380340654545454,46.74177149090909,vrf_leakage,compound_congestion_breach_02_vrf_leakage
2026-07-19T15:51:38+00:00,station2,0.0,6.044,312.078,0.0,5841313.872727272,298616.7454545454,46.73051098181818,2.3889339636363633,vrf_leakage,compound_congestion_breach_02_vrf_leakage
2026-07-19T15:51:38+00:00,station3,0.0,4.141,301.745,0.0,198.9272727272727,1092.5272727272725,0.0015914181818181816,0.00874021818181818,vrf_leakage,compound_congestion_breach_02_vrf_leakage
2026-07-19T15:51:53+00:00,station1,0.0,21.117,353.535,0.0,420050.1272727272,8181473.563636363,3.360401018181818,65.4517885090909,vrf_leakage,compound_congestion_breach_02_vrf_leakage
2026-07-19T15:51:53+00:00,station2,0.0,13.013,362.034,0.0,8179774.709090908,421296.7636363636,65.43819767272727,3.3703741090909087,vrf_leakage,compound_congestion_breach_02_vrf_leakage
2026-07-19T15:51:53+00:00,station3,0.0,17.667,345.442,0.0,236.76363636363632,1310.909090909091,0.0018941090909090905,0.010487272727272729,vrf_leakage,compound_congestion_breach_02_vrf_leakage
2026-07-19T15:52:08+00:00,station1,0.0,4.305,14.98,0.0,339438.4909090909,6644507.054545454,2.715507927272727,53.15605643636363,vrf_leakage,compound_congestion_breach_02_vrf_leakage
2026-07-19T15:52:08+00:00,station2,0.0,2.74,15.656,0.0,6643385.472727272,340623.5272727273,53.147083781818175,2.724988218181818,vrf_leakage,compound_congestion_breach_02_vrf_leakage
2026-07-19T15:52:08+00:00,station3,0.0,0.038,0.256,0.0,197.3090909090909,1093.0545454545454,0.0015784727272727273,0.008744436363636364,vrf_leakage,compound_congestion_breach_02_vrf_leakage
2026-07-19T15:52:23+00:00,station1,0.0,1.456,217.169,0.0,302348.3391211069,5854463.864293377,2.418786712968855,46.83571091434702,vrf_leakage,compound_congestion_breach_02_vrf_leakage
2026-07-19T15:52:23+00:00,station2,0.0,3.294,219.286,0.0,5852968.818181817,303743.0545454545,46.82375054545454,2.429944436363636,vrf_leakage,compound_congestion_breach_02_vrf_leakage
2026-07-19T15:52:23+00:00,station3,0.0,1.632,202.388,0.0,233.9272727272727,1308.581818181818,0.0018714181818181817,0.010468654545454545,vrf_leakage,compound_congestion_breach_02_vrf_leakage
2026-07-19T15:52:38+00:00,station1,0.0,1.247,227.823,0.0,227659.63636363635,4376079.49090909,1.8212770909090907,35.00863592727272,vrf_leakage,compound_congestion_breach_02_vrf_leakage
2026-07-19T15:52:38+00:00,station2,0.0,3.641,230.921,0.0,4375025.436363636,228842.9090909091,35.00020349090909,1.8307432727272728,vrf_leakage,compound_congestion_breach_02_vrf_leakage
2026-07-19T15:52:38+00:00,station3,0.0,3.452,212.636,0.0,195.1090909090909,1090.4727272727273,0.001560872727272727,0.008723781818181819,vrf_leakage,compound_congestion_breach_02_vrf_leakage
2026-07-19T15:52:53+00:00,station1,0.0,1.962,267.07,0.0,303924.4531718759,5852575.210458372,2.431395625375007,46.82060168366697,vrf_leakage,compound_congestion_breach_02_vrf_leakage
2026-07-19T15:52:53+00:00,station2,0.0,2.636,264.739,0.0,5851054.381818181,305344.0727272727,46.80843505454545,2.4427525818181817,vrf_leakage,compound_congestion_breach_02_vrf_leakage
2026-07-19T15:52:53+00:00,station3,0.0,1.258,249.317,0.0,237.78181818181818,1311.6363636363635,0.0019022545454545454,0.010493090909090909,vrf_leakage,compound_congestion_breach_02_vrf_leakage
2026-07-19T15:53:08+00:00,station1,0.0,1.494,267.894,25.0,334799.3491027436,6592795.385538445,2.678394792821949,52.742363084307556,vrf_leakage,compound_congestion_breach_02_vrf_leakage
2026-07-19T15:53:08+00:00,station2,0.0,3.762,269.986,25.0,6591767.836363635,335931.43636363634,52.73414269090908,2.6874514909090905,vrf_leakage,compound_congestion_breach_02_vrf_leakage
2026-07-19T15:53:08+00:00,station3,0.0,0.351,255.87,0.0,204.14545454545453,1097.1272727272726,0.0016331636363636362,0.008777018181818181,vrf_leakage,compound_congestion_breach_02_vrf_leakage
2026-07-19T15:53:23+00:00,station1,0.0,2.314,15.999,0.0,409072.63636363635,8219405.999999999,3.2725810909090907,65.755248,vrf_leakage,compound_congestion_breach_02_vrf_leakage
2026-07-19T15:53:23+00:00,station2,0.0,0.626,16.674,0.0,8218056.999999999,410403.9272727272,65.744456,3.2832314181818174,vrf_leakage,compound_congestion_breach_02_vrf_leakage
2026-07-19T15:53:23+00:00,station3,0.0,0.006,0.248,0.0,238.14545454545453,1312.2181818181816,0.0019051636363636361,0.010497745454545453,vrf_leakage,compound_congestion_breach_02_vrf_leakage
2026-07-19T15:53:38+00:00,station1,0.0,39.081,173.364,0.0,275868.43636363634,5591638.5636363635,2.2069474909090907,44.73310850909091,vrf_leakage,compound_congestion_breach_02_vrf_leakage
2026-07-19T15:53:38+00:00,station2,0.0,43.189,171.204,0.0,5590391.181818182,276994.94545454544,44.72312945454545,2.2159595636363636,vrf_leakage,compound_congestion_breach_02_vrf_leakage
2026-07-19T15:53:38+00:00,station3,0.0,40.508,155.554,0.0,193.7272727272727,1090.2545454545455,0.0015498181818181815,0.008722036363636363,vrf_leakage,compound_congestion_breach_02_vrf_leakage
2026-07-19T15:53:53+00:00,station1,0.0,4.968,364.358,0.0,315516.04574628634,6243542.955326461,2.5241283659702907,49.94834364261169,vrf_leakage,compound_congestion_breach_02_vrf_leakage
2026-07-19T15:53:53+00:00,station2,0.0,5.189,364.45,0.0,6242010.890909091,316724.4,49.93608712727273,2.5337952,vrf_leakage,compound_congestion_breach_02_vrf_leakage
2026-07-19T15:53:53+00:00,station3,0.0,0.431,351.714,0.0,237.78181818181818,1309.9636363636362,0.0019022545454545454,0.01047970909090909,vrf_leakage,compound_congestion_breach_02_vrf_leakage
2026-07-19T15:54:08+00:00,station1,0.0,24.636,351.726,0.0,220763.83636363636,4085002.9636363634,1.766110690909091,32.680023709090904,vrf_leakage,compound_congestion_breach_02_vrf_leakage
2026-07-19T15:54:08+00:00,station2,0.0,17.75,354.985,0.0,4083922.054545454,221771.59999999998,32.67137643636364,1.7741727999999999,vrf_leakage,compound_congestion_breach_02_vrf_leakage
2026-07-19T15:54:08+00:00,station3,0.0,22.131,336.435,0.0,198.18181818181816,1092.6,0.0015854545454545453,0.0087408,vrf_leakage,compound_congestion_breach_02_vrf_leakage
2026-07-19T15:54:23+00:00,station1,0.0,16.232,396.305,0.0,273642.0844015346,4839866.052110038,2.1891366752122767,38.7189284168803,vrf_leakage,compound_congestion_breach_02_vrf_leakage
2026-07-19T15:54:23+00:00,station2,0.0,14.272,396.756,0.0,4838254.454545454,274946.3636363636,38.70603563636363,2.199570909090909,vrf_leakage,compound_congestion_breach_02_vrf_leakage
2026-07-19T15:54:23+00:00,station3,0.0,13.86,384.439,0.0,236.3272727272727,1308.8181818181815,0.0018906181818181818,0.010470545454545453,vrf_leakage,compound_congestion_breach_02_vrf_leakage
2026-07-19T15:54:38+00:00,station1,0.0,3.209,16.011,0.0,225105.74545454545,3856115.054545454,1.8008459636363636,30.848920436363635,vrf_leakage,compound_congestion_breach_02_vrf_leakage
2026-07-19T15:54:38+00:00,station2,0.0,1.488,15.076,0.0,3855020.454545454,226288.74545454545,30.840163636363634,1.8103099636363635,vrf_leakage,compound_congestion_breach_02_vrf_leakage
2026-07-19T15:54:38+00:00,station3,0.0,0.034,0.282,0.0,194.16363636363633,1089.8545454545454,0.0015533090909090907,0.008718836363636363,vrf_leakage,compound_congestion_breach_02_vrf_leakage
2026-07-19T15:54:53+00:00,station1,0.0,3.348,409.11,0.0,231777.70303437996,3936788.5388069744,1.8542216242750396,31.494308310455796,vrf_leakage,compound_congestion_breach_02_vrf_leakage
2026-07-19T15:54:53+00:00,station2,0.0,2.758,406.623,0.0,3935895.6545454543,233203.99999999997,31.487165236363634,1.8656319999999997,vrf_leakage,compound_congestion_breach_02_vrf_leakage
2026-07-19T15:54:53+00:00,station3,0.0,1.404,390.024,0.0,232.83636363636364,1308.9272727272726,0.001862690909090909,0.01047141818181818,vrf_leakage,compound_congestion_breach_02_vrf_leakage
2026-07-19T15:55:08+00:00,station1,0.0,2.552,411.489,25.0,186789.7636363636,3141204.5636363635,1.4943181090909088,25.129636509090908,vrf_leakage,compound_congestion_breach_02_vrf_leakage
2026-07-19T15:55:08+00:00,station2,0.0,2.761,407.934,0.0,3140510.054545454,188024.12727272726,25.124080436363634,1.5041930181818182,vrf_leakage,compound_congestion_breach_02_vrf_leakage
2026-07-19T15:55:08+00:00,station3,0.0,0.514,390.958,0.0,196.2181818181818,1093.3090909090909,0.0015697454545454542,0.008746472727272726,vrf_leakage,compound_congestion_breach_02_vrf_leakage
2026-07-19T15:55:23+00:00,station1,0.0,43.157,193.75,0.0,229123.6909090909,3880527.1636363636,1.832989527272727,31.044217309090907,vrf_leakage,compound_congestion_breach_02_vrf_leakage
2026-07-19T15:55:23+00:00,station2,0.0,42.459,190.928,0.0,3878938.636363636,230422.70909090908,31.031509090909086,1.8433816727272727,vrf_leakage,compound_congestion_breach_02_vrf_leakage
2026-07-19T15:55:23+00:00,station3,0.0,40.609,174.616,0.0,238.43636363636364,1312.709090909091,0.001907490909090909,0.010501672727272728,vrf_leakage,compound_congestion_breach_02_vrf_leakage
2026-07-19T15:55:38+00:00,station1,0.0,41.502,372.504,0.0,230402.10177996763,3920446.0827984945,1.8432168142397412,31.363568662387955,vrf_leakage,compound_congestion_breach_02_vrf_leakage
2026-07-19T15:55:38+00:00,station2,0.0,55.756,369.555,0.0,3919252.4181818175,231503.7636363636,31.35401934545454,1.8520301090909088,vrf_leakage,compound_congestion_breach_02_vrf_leakage
2026-07-19T15:55:38+00:00,station3,0.0,49.277,358.542,0.0,198.96363636363634,1092.9818181818182,0.0015917090909090908,0.008743854545454545,vrf_leakage,compound_congestion_breach_02_vrf_leakage
2026-07-19T15:55:53+00:00,station1,0.0,55.493,92.599,0.0,227678.2422137779,3893376.7567862403,1.8214259377102233,31.147014054289922,vrf_leakage,compound_congestion_breach_02_vrf_leakage
2026-07-19T15:55:53+00:00,station2,0.0,56.075,91.68,0.0,3891653.5818181816,228966.47272727272,31.13322865454545,1.8317317818181817,vrf_leakage,compound_congestion_breach_02_vrf_leakage
2026-07-19T15:55:53+00:00,station3,0.0,57.654,76.395,0.0,236.76363636363632,1310.0181818181816,0.0018941090909090905,0.010480145454545453,vrf_leakage,compound_congestion_breach_02_vrf_leakage
2026-07-19T15:56:08+00:00,station1,0.0,4.208,402.263,25.0,180546.1206974926,3085463.352546503,1.4443689655799408,24.683706820372024,vrf_leakage,compound_congestion_breach_02_vrf_leakage
2026-07-19T15:56:08+00:00,station2,0.0,1.281,397.77,0.0,3084018.309090909,181620.14545454545,24.672146472727274,1.4529611636363635,vrf_leakage,compound_congestion_breach_02_vrf_leakage
2026-07-19T15:56:08+00:00,station3,0.0,0.445,384.582,0.0,199.05454545454543,1092.9272727272726,0.0015924363636363635,0.008743418181818181,vrf_leakage,compound_congestion_breach_02_vrf_leakage
2026-07-19T15:56:23+00:00,station1,0.0,4.537,404.913,0.0,232105.79999999996,3937114.309090909,1.8568463999999996,31.496914472727273,vrf_leakage,compound_congestion_breach_02_vrf_leakage
2026-07-19T15:56:23+00:00,station2,0.0,2.368,404.884,0.0,3935884.1636363636,233425.45454545453,31.48707330909091,1.8674036363636362,vrf_leakage,compound_congestion_breach_02_vrf_leakage
2026-07-19T15:56:23+00:00,station3,0.0,1.122,392.623,0.0,230.7272727272727,1306.6727272727271,0.0018458181818181815,0.010453381818181817,vrf_leakage,compound_congestion_breach_02_vrf_leakage
2026-07-19T15:56:38+00:00,station1,0.0,2.526,408.478,25.0,188173.39127588779,3169648.253541102,1.5053871302071022,25.35718602832882,vrf_leakage,compound_congestion_breach_02_vrf_leakage
2026-07-19T15:56:38+00:00,station2,0.0,2.358,411.342,0.0,3168201.6545454543,189248.23636363636,25.345613236363633,1.5139858909090909,vrf_leakage,compound_congestion_breach_02_vrf_leakage
2026-07-19T15:56:38+00:00,station3,0.0,0.709,394.011,0.0,190.27272727272728,1088.1454545454544,0.0015221818181818181,0.008705163636363636,vrf_leakage,compound_congestion_breach_02_vrf_leakage
2026-07-19T15:56:53+00:00,station1,0.0,196.319,287.673,0.0,273321.5818181818,4607163.309090909,2.1865726545454542,36.85730647272727,vrf_leakage,compound_congestion_breach_02_vrf_leakage
2026-07-19T15:56:53+00:00,station2,0.0,22.048,421.201,50.0,4605549.981818181,274533.94545454544,36.84439985454545,2.1962715636363637,vrf_leakage,compound_congestion_breach_02_vrf_leakage
2026-07-19T15:56:53+00:00,station3,0.0,194.289,271.024,0.0,235.1272727272727,1310.890909090909,0.0018810181818181815,0.010487127272727272,vrf_leakage,compound_congestion_breach_02_vrf_leakage
2026-07-19T15:57:08+00:00,station1,0.0,90.359,83.76,0.0,180779.02219959637,3044948.2373047764,1.446232177596771,24.359585898438212,vrf_leakage,compound_congestion_breach_02_vrf_leakage
2026-07-19T15:57:08+00:00,station2,0.0,94.382,81.193,0.0,3043707.981818182,181847.4,24.349663854545454,1.4547792,vrf_leakage,compound_congestion_breach_02_vrf_leakage
2026-07-19T15:57:08+00:00,station3,0.0,89.986,63.884,0.0,198.94545454545454,1094.6545454545453,0.0015915636363636363,0.008757236363636362,vrf_leakage,compound_congestion_breach_02_vrf_leakage
2026-07-19T15:57:23+00:00,station1,0.0,53.116,405.83,0.0,146313.14545454545,2456491.7818181817,1.1705051636363635,19.651934254545456,vrf_leakage,compound_congestion_breach_02_vrf_leakage
2026-07-19T15:57:23+00:00,station2,0.0,53.616,409.044,0.0,2454828.5636363635,147496.63636363635,19.638628509090907,1.1799730909090909,vrf_leakage,compound_congestion_breach_02_vrf_leakage
2026-07-19T15:57:23+00:00,station3,0.0,52.803,394.772,0.0,236.65454545454543,1310.8,0.0018932363636363634,0.0104864,vrf_leakage,compound_congestion_breach_02_vrf_leakage
2026-07-19T15:57:38+00:00,station1,0.0,3.105,402.014,0.0,59087.47749877266,979254.7593505101,0.4726998199901813,7.834038074804081,vrf_leakage,compound_congestion_breach_02_vrf_leakage
2026-07-19T15:57:38+00:00,station2,0.0,2.284,400.403,25.0,977851.2545454544,60055.87272727272,7.822810036363635,0.48044698181818174,vrf_leakage,compound_congestion_breach_02_vrf_leakage
2026-07-19T15:57:38+00:00,station3,0.0,4.121,381.591,0.0,197.4,1091.9636363636362,0.0015792,0.008735709090909089,vrf_leakage,compound_congestion_breach_02_vrf_leakage
2026-07-19T15:57:53+00:00,station1,0.0,40.619,407.721,0.0,33952.70909090909,563772.5636363636,0.2716216727272727,4.510180509090909,vrf_leakage,compound_congestion_breach_02_vrf_leakage
2026-07-19T15:57:53+00:00,station2,0.0,38.996,398.308,0.0,562454.2727272727,35255.36363636363,4.499634181818181,0.28204290909090907,vrf_leakage,compound_congestion_breach_02_vrf_leakage
2026-07-19T15:57:53+00:00,station3,0.0,40.183,389.844,0.0,235.0181818181818,1308.0727272727272,0.0018801454545454544,0.010464581818181818,vrf_leakage,compound_congestion_breach_02_vrf_leakage
2026-07-19T15:58:08+00:00,station1,0.0,39.199,397.373,0.0,32790.07654406284,568164.0515626988,0.2623206123525027,4.54531241250159,vrf_leakage,compound_congestion_breach_02_vrf_leakage
2026-07-19T15:58:08+00:00,station2,0.0,39.313,397.053,0.0,566934.4545454546,33891.87272727273,4.535475636363636,0.2711349818181818,vrf_leakage,compound_congestion_breach_02_vrf_leakage
2026-07-19T15:58:08+00:00,station3,0.0,40.174,381.384,0.0,197.3090909090909,1091.4727272727273,0.0015784727272727273,0.008731781818181818,vrf_leakage,compound_congestion_breach_02_vrf_leakage
2026-07-19T15:58:23+00:00,station1,0.0,41.548,400.134,25.0,34120.70909090909,563603.709090909,0.27296567272727273,4.508829672727272,vrf_leakage,compound_congestion_breach_02_vrf_leakage
2026-07-19T15:58:23+00:00,station2,0.0,38.735,406.111,0.0,562090.6363636364,35425.58181818181,4.496725090909091,0.2834046545454545,vrf_leakage,compound_congestion_breach_02_vrf_leakage
2026-07-19T15:58:23+00:00,station3,0.0,41.358,389.242,0.0,234.58181818181816,1308.7636363636364,0.0018766545454545454,0.010470109090909091,vrf_leakage,compound_congestion_breach_02_vrf_leakage
2026-07-19T15:58:38+00:00,station1,0.0,18.327,425.873,0.0,26937.854545454546,449962.6545454545,0.21550283636363637,3.599701236363636,vrf_leakage,compound_congestion_breach_02_vrf_leakage
2026-07-19T15:58:38+00:00,station2,0.0,18.093,422.088,25.0,448660.7454545454,28025.21818181818,3.5892859636363634,0.22420174545454546,vrf_leakage,compound_congestion_breach_02_vrf_leakage
2026-07-19T15:58:38+00:00,station3,0.0,15.988,410.298,0.0,193.03636363636363,1088.9818181818182,0.0015442909090909091,0.008711854545454546,vrf_leakage,compound_congestion_breach_02_vrf_leakage
2026-07-19T15:58:53+00:00,station1,0.0,57.763,411.736,0.0,33695.10909090909,563581.3272727273,0.26956087272727275,4.508650618181818,vrf_leakage,compound_congestion_breach_02_vrf_leakage
2026-07-19T15:58:53+00:00,station2,0.0,56.178,414.909,0.0,561991.5454545454,34997.34545454545,4.4959323636363635,0.2799787636363636,vrf_leakage,compound_congestion_breach_02_vrf_leakage
2026-07-19T15:58:53+00:00,station3,0.0,58.114,399.322,0.0,233.38181818181818,1308.8,0.0018670545454545454,0.0104704,vrf_leakage,compound_congestion_breach_02_vrf_leakage
2026-07-19T15:59:08+00:00,station1,0.0,54.172,411.706,0.0,31317.569410352917,533555.5555555556,0.2505405552828233,4.268444444444445,vrf_leakage,compound_congestion_breach_02_vrf_leakage
2026-07-19T15:59:08+00:00,station2,0.0,48.285,398.804,25.0,532299.7636363636,32324.163636363635,4.258398109090908,0.2585933090909091,vrf_leakage,compound_congestion_breach_02_vrf_leakage
2026-07-19T15:59:08+00:00,station3,0.0,52.344,394.842,0.0,197.27272727272728,1094.4181818181817,0.0015781818181818182,0.008755345454545453,vrf_leakage,compound_congestion_breach_02_vrf_leakage
2026-07-19T15:59:23+00:00,station1,0.0,2.615,15.442,0.0,35574.01818181818,615800.6909090909,0.2845921454545454,4.926405527272728,vrf_leakage,compound_congestion_breach_02_vrf_leakage
2026-07-19T15:59:23+00:00,station2,0.0,0.418,16.745,0.0,614352.1636363636,36940.05454545454,4.914817309090909,0.29552043636363634,vrf_leakage,compound_congestion_breach_02_vrf_leakage
2026-07-19T15:59:23+00:00,station3,0.0,0.017,0.281,0.0,234.98181818181817,1312.4363636363635,0.0018798545454545453,0.010499490909090907,vrf_leakage,compound_congestion_breach_02_vrf_leakage
2026-07-19T15:59:38+00:00,station1,0.0,30.577,375.033,25.0,25864.909090909092,446974.4727272727,0.20691927272727273,3.5757957818181816,vrf_leakage,compound_congestion_breach_02_vrf_leakage
2026-07-19T15:59:38+00:00,station2,0.0,50.361,391.565,0.0,445668.41818181815,26951.181818181816,3.565347345454545,0.21560945454545452,vrf_leakage,compound_congestion_breach_02_vrf_leakage
2026-07-19T15:59:38+00:00,station3,0.0,46.904,372.362,0.0,194.5272727272727,1092.909090909091,0.0015562181818181817,0.008743272727272728,vrf_leakage,compound_congestion_breach_02_vrf_leakage
2026-07-19T15:59:53+00:00,station1,0.0,17.918,369.278,0.0,33710.42344684642,560605.6253522664,0.26968338757477134,4.484845002818131,vrf_leakage,compound_congestion_breach_02_vrf_leakage
2026-07-19T15:59:53+00:00,station2,0.0,20.768,367.454,25.0,559098.2,35014.70909090909,4.4727856,0.2801176727272727,vrf_leakage,compound_congestion_breach_02_vrf_leakage
2026-07-19T15:59:53+00:00,station3,0.0,21.777,354.161,0.0,232.79999999999998,1310.8363636363636,0.0018624,0.010486690909090908,vrf_leakage,compound_congestion_breach_02_vrf_leakage
2026-07-19T16:00:08+00:00,station1,0.0,37.543,398.514,0.0,26742.34545454545,446976.9272727272,0.2139387636363636,3.5758154181818176,vrf_leakage,compound_congestion_breach_02_vrf_leakage
2026-07-19T16:00:08+00:00,station2,0.0,41.048,401.744,0.0,445802.7818181818,27834.12727272727,3.5664222545454543,0.22267301818181817,vrf_leakage,compound_congestion_breach_02_vrf_leakage
2026-07-19T16:00:08+00:00,station3,0.0,38.071,383.664,0.0,195.0181818181818,1091.2181818181818,0.0015601454545454544,0.008729745454545454,vrf_leakage,compound_congestion_breach_02_vrf_leakage
2026-07-19T16:00:23+00:00,station1,0.0,8.002,392.2,0.0,37349.66636970236,626619.3341939237,0.2987973309576189,5.01295467355139,vrf_leakage,compound_congestion_breach_02_vrf_leakage
2026-07-19T16:00:23+00:00,station2,0.0,7.75,394.998,0.0,625062.8545454546,38607.69090909091,5.000502836363637,0.3088615272727273,vrf_leakage,compound_congestion_breach_02_vrf_leakage
2026-07-19T16:00:23+00:00,station3,0.0,6.449,375.993,0.0,231.63636363636363,1307.0,0.001853090909090909,0.010456,vrf_leakage,compound_congestion_breach_02_vrf_leakage
2026-07-19T16:00:38+00:00,station1,0.0,2.688,15.537,0.0,30343.672727272726,522737.69090909086,0.24274938181818181,4.181901527272727,vrf_leakage,compound_congestion_breach_02_vrf_leakage
2026-07-19T16:00:38+00:00,station2,0.0,1.511,14.111,0.0,521444.23636363633,31434.472727272725,4.171553890909091,0.2514757818181818,vrf_leakage,compound_congestion_breach_02_vrf_leakage
2026-07-19T16:00:38+00:00,station3,0.0,0.045,0.28,0.0,192.38181818181818,1088.8,0.0015390545454545454,0.0087104,vrf_leakage,compound_congestion_breach_02_vrf_leakage
2026-07-19T16:00:53+00:00,station1,0.0,2.969,396.62,0.0,32811.88748886344,557321.9513082056,0.2624950999109075,4.458575610465645,vrf_leakage,compound_congestion_breach_02_vrf_leakage
2026-07-19T16:00:53+00:00,station2,0.0,3.703,400.277,0.0,555800.3090909091,34118.27272727273,4.446402472727272,0.2729461818181818,vrf_leakage,compound_congestion_breach_02_vrf_leakage
2026-07-19T16:00:53+00:00,station3,0.0,3.445,381.715,0.0,231.63636363636363,1308.3636363636363,0.001853090909090909,0.01046690909090909,vrf_leakage,compound_congestion_breach_02_vrf_leakage
2026-07-19T16:01:08+00:00,station1,0.0,54.352,390.191,0.0,26391.799999999996,443674.3636363636,0.21113439999999997,3.5493949090909087,vrf_leakage,compound_congestion_breach_02_vrf_leakage
2026-07-19T16:01:08+00:00,station2,0.0,54.068,387.253,0.0,442395.3272727272,27478.727272727272,3.539162618181818,0.21982981818181818,vrf_leakage,compound_congestion_breach_02_vrf_leakage
2026-07-19T16:01:08+00:00,station3,0.0,49.314,375.62,0.0,195.0181818181818,1092.7636363636364,0.0015601454545454544,0.00874210909090909,vrf_leakage,compound_congestion_breach_02_vrf_leakage
2026-07-19T16:01:23+00:00,station1,0.0,3.237,403.448,0.0,32824.68134625525,557363.2198119897,0.26259745077004204,4.458905758495917,vrf_leakage,compound_congestion_breach_02_vrf_leakage
2026-07-19T16:01:23+00:00,station2,0.0,7.155,406.873,0.0,555873.509090909,34131.83636363636,4.446988072727272,0.27305469090909085,vrf_leakage,compound_congestion_breach_02_vrf_leakage
2026-07-19T16:01:23+00:00,station3,0.0,4.122,388.562,0.0,233.27272727272728,1309.9272727272726,0.0018661818181818183,0.010479418181818181,vrf_leakage,compound_congestion_breach_02_vrf_leakage
2026-07-19T16:01:38+00:00,station1,0.0,30.003,374.128,25.0,33695.47429859811,568200.6109424151,0.26956379438878486,4.54560488753932,vrf_leakage,compound_congestion_breach_02_vrf_leakage
2026-07-19T16:01:38+00:00,station2,0.0,21.725,361.871,0.0,566903.6545454545,34790.6,4.535229236363636,0.2783248,vrf_leakage,compound_congestion_breach_02_vrf_leakage
2026-07-19T16:01:38+00:00,station3,0.0,24.708,344.095,0.0,191.29090909090908,1090.7818181818182,0.0015303272727272726,0.008726254545454545,vrf_leakage,compound_congestion_breach_02_vrf_leakage
2026-07-19T16:01:53+00:00,station1,0.0,42.402,309.708,0.0,32875.047729876176,562870.3565649035,0.2630003818390094,4.502962852519228,vrf_leakage,compound_congestion_breach_02_vrf_leakage
2026-07-19T16:01:53+00:00,station2,0.0,37.054,317.819,0.0,561348.7454545455,34176.181818181816,4.490789963636364,0.2734094545454545,vrf_leakage,compound_congestion_breach_02_vrf_leakage
2026-07-19T16:01:53+00:00,station3,0.0,42.446,295.53,0.0,229.0181818181818,1309.581818181818,0.0018321454545454543,0.010476654545454545,vrf_leakage,compound_congestion_breach_02_vrf_leakage
2026-07-19T16:02:08+00:00,station1,0.0,16.83,370.659,0.0,27551.654545454545,449200.2545454545,0.22041323636363636,3.5936020363636363,vrf_leakage,compound_congestion_breach_02_vrf_leakage
2026-07-19T16:02:08+00:00,station2,0.0,23.352,375.241,0.0,447942.5636363636,28634.599999999995,3.5835405090909087,0.22907679999999997,vrf_leakage,compound_congestion_breach_02_vrf_leakage
2026-07-19T16:02:08+00:00,station3,0.0,16.672,356.168,0.0,190.76363636363632,1092.3090909090909,0.0015261090909090907,0.008738472727272727,vrf_leakage,compound_congestion_breach_02_vrf_leakage
2026-07-19T16:02:23+00:00,station1,0.0,0.152,0.938,0.0,189189.2761686576,3748529.5187185225,1.5135142093492608,29.98823614974818,vrf_leakage,compound_congestion_breach_02_vrf_leakage
2026-07-19T16:02:23+00:00,station2,0.0,0.163,0.898,0.0,3747290.818181818,190574.1636363636,29.978326545454543,1.524593309090909,vrf_leakage,compound_congestion_breach_02_vrf_leakage
2026-07-19T16:02:23+00:00,station3,0.0,0.102,0.74,0.0,227.38181818181818,1308.2727272727273,0.0018190545454545453,0.010466181818181817,vrf_leakage,compound_congestion_breach_02_vrf_leakage
2026-07-19T16:02:38+00:00,station1,0.0,0.987,1.424,0.0,287628.4727272727,5777331.036363635,2.3010277818181817,46.21864829090908,vrf_leakage,compound_congestion_breach_02_vrf_leakage
2026-07-19T16:02:38+00:00,station2,0.0,2.293,2.295,0.0,5776248.672727272,288810.5636363636,46.209989381818176,2.3104845090909087,vrf_leakage,compound_congestion_breach_02_vrf_leakage
2026-07-19T16:02:38+00:00,station3,0.0,0.054,0.719,0.0,191.07272727272726,1088.9818181818182,0.001528581818181818,0.008711854545454546,vrf_leakage,compound_congestion_breach_02_vrf_leakage
2026-07-19T16:02:53+00:00,station1,0.0,0.057,0.209,0.0,492068.8181818182,9936204.945454543,3.9365505454545455,79.48963956363635,vrf_leakage,compound_congestion_breach_02_vrf_leakage
2026-07-19T16:02:53+00:00,station2,0.0,0.021,0.229,0.0,9934765.98181818,493461.67272727273,79.47812785454545,3.9476933818181816,vrf_leakage,compound_congestion_breach_02_vrf_leakage
2026-07-19T16:02:53+00:00,station3,0.0,0.024,0.189,0.0,232.6181818181818,1308.7636363636364,0.0018609454545454544,0.010470109090909091,vrf_leakage,compound_congestion_breach_02_vrf_leakage
2026-07-19T16:03:08+00:00,station1,0.0,0.023,0.252,0.0,426615.69090909086,8643664.436363636,3.412925527272727,69.14931549090909,vrf_leakage,compound_congestion_breach_02_vrf_leakage
2026-07-19T16:03:08+00:00,station2,0.0,0.019,0.221,0.0,8642546.345454546,427698.79999999993,69.14037076363637,3.4215903999999995,vrf_leakage,compound_congestion_breach_02_vrf_leakage
2026-07-19T16:03:08+00:00,station3,0.0,0.032,0.309,0.0,196.0,1093.290909090909,0.001568,0.008746327272727273,vrf_leakage,compound_congestion_breach_02_vrf_leakage
2026-07-19T16:03:23+00:00,station1,0.0,0.31,2.166,0.0,440521.5170081632,8880010.126720361,3.5241721360653058,71.04008101376289,vrf_leakage,compound_congestion_breach_02_vrf_leakage
2026-07-19T16:03:23+00:00,station2,0.0,0.447,2.653,0.0,8878778.563636363,441838.34545454546,71.0302285090909,3.534706763636364,vrf_leakage,compound_congestion_breach_02_vrf_leakage
2026-07-19T16:03:23+00:00,station3,0.0,0.0,823.843,90.0,224.54545454545453,1311.3272727272727,0.0017963636363636363,0.01049061818181818,vrf_leakage,compound_congestion_breach_02_vrf_leakage
2026-07-19T16:03:38+00:00,station1,0.0,0.266,2.044,0.0,331815.23636363633,6645398.836363635,2.654521890909091,53.16319069090908,vrf_leakage,compound_congestion_breach_02_vrf_leakage
2026-07-19T16:03:38+00:00,station2,0.0,0.15,2.18,0.0,6645667.072727272,332962.63636363635,53.16533658181818,2.663701090909091,vrf_leakage,compound_congestion_breach_02_vrf_leakage
2026-07-19T16:03:38+00:00,station3,0.0,1749.084,3257.954,0.0,188.9272727272727,1091.581818181818,0.0015114181818181817,0.008732654545454546,vrf_leakage,compound_congestion_breach_02_vrf_leakage
2026-07-19T16:03:53+00:00,station1,0.0,0.692,1.867,0.0,459864.16363636364,9174722.6,3.678913309090909,73.39778079999999,vrf_leakage,compound_congestion_breach_02_vrf_leakage
2026-07-19T16:03:53+00:00,station2,0.0,0.267,2.381,0.0,9173176.454545455,461161.309090909,73.38541163636364,3.689290472727272,vrf_leakage,compound_congestion_breach_02_vrf_leakage
2026-07-19T16:03:53+00:00,station3,0.0,1214.354,2134.221,0.0,234.79999999999998,1312.6909090909091,0.0018784,0.010501527272727273,vrf_leakage,compound_congestion_breach_02_vrf_leakage
2026-07-19T16:04:08+00:00,station1,0.0,0.14,2.503,0.0,558774.7454545455,11173235.527272727,4.470197963636364,89.38588421818181,vrf_leakage,compound_congestion_breach_02_vrf_leakage
2026-07-19T16:04:08+00:00,station2,0.0,0.362,2.223,0.0,11171290.927272728,559828.2727272727,89.37032741818182,4.478626181818182,vrf_leakage,compound_congestion_breach_02_vrf_leakage
2026-07-19T16:04:08+00:00,station3,0.0,1214.354,2134.221,0.0,194.47272727272727,1095.3454545454545,0.001555781818181818,0.008762763636363635,vrf_leakage,compound_congestion_breach_02_vrf_leakage
2026-07-19T16:04:23+00:00,station1,0.0,0.181,0.715,0.0,556599.8654643298,11108931.023198312,4.452798923714639,88.8714481855865,vrf_leakage,compound_congestion_breach_02_vrf_leakage
2026-07-19T16:04:23+00:00,station2,0.0,0.119,0.668,0.0,11108466.236363636,557943.0909090909,88.86772989090909,4.463544727272727,vrf_leakage,compound_congestion_breach_02_vrf_leakage
2026-07-19T16:04:23+00:00,station3,0.0,0.183,0.855,0.0,245.05454545454543,1306.5272727272725,0.0019604363636363635,0.01045221818181818,vrf_leakage,compound_congestion_breach_02_vrf_leakage
2026-07-19T16:04:38+00:00,station1,0.0,0.031,0.742,0.0,439671.8366456352,8875913.522555776,3.5173746931650816,71.0073081804462,vrf_leakage,compound_congestion_breach_02_vrf_leakage
2026-07-19T16:04:38+00:00,station2,0.0,0.086,0.811,0.0,8874115.654545454,440736.87272727274,70.99292523636363,3.525894981818182,vrf_leakage,compound_congestion_breach_02_vrf_leakage
2026-07-19T16:04:38+00:00,station3,0.0,0.175,0.751,0.0,200.23636363636362,1086.3090909090909,0.001601890909090909,0.008690472727272728,vrf_leakage,compound_congestion_breach_02_vrf_leakage
2026-07-19T16:04:53+00:00,station1,0.0,0.096,0.783,0.0,541643.9090909091,11110399.872727271,4.333151272727273,88.88319898181817,vrf_leakage,compound_congestion_breach_02_vrf_leakage
2026-07-19T16:04:53+00:00,station2,0.0,0.268,0.914,0.0,11108724.818181816,542945.6545454545,88.86979854545453,4.343565236363636,vrf_leakage,compound_congestion_breach_02_vrf_leakage
2026-07-19T16:04:53+00:00,station3,0.0,0.083,0.744,0.0,239.38181818181818,1306.6,0.0019150545454545455,0.0104528,vrf_leakage,compound_congestion_breach_02_vrf_leakage
2026-07-19T16:05:08+00:00,station1,0.0,0.192,0.976,0.0,436742.640507664,9108311.03514737,3.493941124061312,72.86648828117896,vrf_leakage,compound_congestion_breach_02_vrf_leakage
2026-07-19T16:05:08+00:00,station2,0.0,0.045,0.69,0.0,9106688.890909089,437821.72727272724,72.85351112727271,3.502573818181818,vrf_leakage,compound_congestion_breach_02_vrf_leakage
2026-07-19T16:05:08+00:00,station3,0.0,0.368,0.786,0.0,199.49090909090907,1092.1999999999998,0.0015959272727272726,0.008737599999999998,vrf_leakage,compound_congestion_breach_02_vrf_leakage
2026-07-19T16:05:23+00:00,station1,0.0,0.042,0.261,0.0,633858.2804574296,13243597.203788884,5.070866243659436,105.94877763031107,vrf_leakage,compound_congestion_breach_02_vrf_leakage
2026-07-19T16:05:23+00:00,station2,0.0,0.02,0.201,0.0,13242501.654545454,635194.1818181818,105.94001323636364,5.081553454545454,vrf_leakage,compound_congestion_breach_02_vrf_leakage
2026-07-19T16:05:23+00:00,station3,0.0,0.02,0.283,0.0,234.79999999999998,1309.909090909091,0.0018784,0.010479272727272728,vrf_leakage,compound_congestion_breach_02_vrf_leakage
2026-07-19T16:05:38+00:00,station1,0.0,1.172,1.81,0.0,425997.0908561974,8877930.398734523,3.4079767268495793,71.02344318987619,vrf_leakage,compound_congestion_breach_02_vrf_leakage
2026-07-19T16:05:38+00:00,station2,0.0,1.413,1.712,0.0,8876590.38181818,427083.0363636363,71.01272305454545,3.4166642909090905,vrf_leakage,compound_congestion_breach_02_vrf_leakage
2026-07-19T16:05:38+00:00,station3,0.0,0.216,0.856,0.0,197.07272727272726,1093.2545454545455,0.0015765818181818182,0.008746036363636363,vrf_leakage,compound_congestion_breach_02_vrf_leakage
2026-07-19T16:05:53+00:00,station1,0.0,0.096,0.787,0.0,543214.1272727272,11111763.163636362,4.345713018181818,88.8941053090909,vrf_leakage,compound_congestion_breach_02_vrf_leakage
2026-07-19T16:05:53+00:00,station2,0.0,0.571,1.288,0.0,11110371.581818182,544519.9454545454,88.88297265454545,4.356159563636363,vrf_leakage,compound_congestion_breach_02_vrf_leakage
2026-07-19T16:05:53+00:00,station3,0.0,0.301,0.871,0.0,238.79999999999998,1312.6181818181817,0.0019103999999999998,0.010500945454545454,vrf_leakage,compound_congestion_breach_02_vrf_leakage
2026-07-19T16:06:08+00:00,station1,0.0,0.155,0.932,0.0,427720.41818181815,8877225.327272726,3.4217633454545453,71.0178026181818,vrf_leakage,compound_congestion_breach_02_vrf_leakage
2026-07-19T16:06:08+00:00,station2,0.0,0.62,1.205,0.0,8875634.436363636,428773.70909090905,71.00507549090908,3.4301896727272725,vrf_leakage,compound_congestion_breach_02_vrf_leakage
2026-07-19T16:06:08+00:00,station3,0.0,0.079,0.677,0.0,201.09090909090907,1094.5636363636363,0.0016087272727272725,0.00875650909090909,vrf_leakage,compound_congestion_breach_02_vrf_leakage
2026-07-19T16:06:23+00:00,station1,0.0,0.063,0.692,0.0,461235.61818181816,11277398.036363635,3.6898849454545455,90.21918429090908,vrf_leakage,compound_congestion_breach_02_vrf_leakage
2026-07-19T16:06:23+00:00,station2,0.0,0.076,0.821,0.0,11275665.745454544,462429.39999999997,90.20532596363635,3.6994352,vrf_leakage,compound_congestion_breach_02_vrf_leakage
2026-07-19T16:06:23+00:00,station3,0.0,0.08,0.733,0.0,241.19999999999996,1310.8363636363636,0.0019295999999999996,0.010486690909090908,vrf_leakage,compound_congestion_breach_02_vrf_leakage
2026-07-19T16:06:38+00:00,station1,0.0,0.058,0.449,0.0,406632.0363636363,11176066.636363635,3.2530562909090905,89.40853309090907,vrf_leakage,compound_congestion_breach_02_vrf_leakage
2026-07-19T16:06:38+00:00,station2,0.0,0.252,0.398,0.0,11174759.854545454,407603.61818181816,89.39807883636362,3.2608289454545454,vrf_leakage,compound_congestion_breach_02_vrf_leakage
2026-07-19T16:06:38+00:00,station3,0.0,0.015,0.443,0.0,198.0181818181818,1089.2545454545455,0.0015841454545454544,0.008714036363636364,vrf_leakage,compound_congestion_breach_02_vrf_leakage
2026-07-19T16:06:53+00:00,station1,0.0,0.79,1.397,0.0,405973.9272727272,11956191.4,3.2477914181818175,95.6495312,vrf_leakage,compound_congestion_breach_02_vrf_leakage
2026-07-19T16:06:53+00:00,station2,0.0,0.859,1.423,0.0,11954927.872727271,407171.14545454545,95.63942298181817,3.2573691636363638,vrf_leakage,compound_congestion_breach_02_vrf_leakage
2026-07-19T16:06:53+00:00,station3,0.0,0.116,0.69,0.0,237.19999999999996,1305.709090909091,0.0018975999999999997,0.010445672727272728,vrf_leakage,compound_congestion_breach_02_vrf_leakage
2026-07-19T16:07:08+00:00,station1,0.0,0.112,0.839,0.0,351524.98181818175,9719706.018181818,2.812199854545454,77.75764814545454,vrf_leakage,compound_congestion_breach_02_vrf_leakage
2026-07-19T16:07:08+00:00,station2,0.0,0.028,0.713,0.0,9718812.181818182,352612.3818181818,77.75049745454545,2.820899054545454,vrf_leakage,compound_congestion_breach_02_vrf_leakage
2026-07-19T16:07:08+00:00,station3,0.0,0.085,0.785,0.0,199.49090909090907,1089.490909090909,0.0015959272727272726,0.008715927272727273,vrf_leakage,compound_congestion_breach_02_vrf_leakage
2026-07-19T16:07:23+00:00,station1,0.0,0.787,1.464,0.0,507194.90909090906,11948232.109090907,4.057559272727272,95.58585687272726,vrf_leakage,compound_congestion_breach_02_vrf_leakage
2026-07-19T16:07:23+00:00,station2,0.0,1.158,1.514,0.0,11946923.818181816,508505.309090909,95.57539054545454,4.068042472727273,vrf_leakage,compound_congestion_breach_02_vrf_leakage
2026-07-19T16:07:23+00:00,station3,0.0,0.403,1.021,0.0,235.99999999999997,1305.8,0.0018879999999999997,0.0104464,vrf_leakage,compound_congestion_breach_02_vrf_leakage
2026-07-19T16:07:38+00:00,station1,0.0,0.085,0.842,0.0,554844.6699030892,11151591.974399535,4.438757359224714,89.21273579519628,vrf_leakage,compound_congestion_breach_02_vrf_leakage
2026-07-19T16:07:38+00:00,station2,0.0,0.056,0.89,0.0,11150428.49090909,555949.1636363636,89.20342792727273,4.447593309090909,vrf_leakage,compound_congestion_breach_02_vrf_leakage
2026-07-19T16:07:38+00:00,station3,0.0,0.187,0.827,0.0,193.36363636363635,1085.490909090909,0.0015469090909090908,0.008683927272727272,vrf_leakage,compound_congestion_breach_02_vrf_leakage
2026-07-19T16:07:53+00:00,station1,0.0,0.199,0.652,0.0,555940.5272727272,11183483.909090908,4.447524218181818,89.46787127272727,vrf_leakage,compound_congestion_breach_02_vrf_leakage
2026-07-19T16:07:53+00:00,station2,0.0,0.178,0.559,0.0,11181829.29090909,557243.7999999999,89.45463432727271,4.4579504,vrf_leakage,compound_congestion_breach_02_vrf_leakage
2026-07-19T16:07:53+00:00,station3,0.0,0.27,0.699,0.0,233.8181818181818,1304.8181818181815,0.0018705454545454546,0.010438545454545452,vrf_leakage,compound_congestion_breach_02_vrf_leakage
2026-07-19T16:08:08+00:00,station1,0.0,0.135,0.868,0.0,442691.5818181818,8872408.563636363,3.5415326545454544,70.9792685090909,vrf_leakage,compound_congestion_breach_02_vrf_leakage
2026-07-19T16:08:08+00:00,station2,0.0,0.203,0.987,0.0,8871402.672727272,443784.87272727274,70.97122138181818,3.550278981818182,vrf_leakage,compound_congestion_breach_02_vrf_leakage
2026-07-19T16:08:08+00:00,station3,0.0,0.101,0.765,0.0,196.1090909090909,1088.8181818181818,0.001568872727272727,0.008710545454545453,vrf_leakage,compound_congestion_breach_02_vrf_leakage
2026-07-19T16:08:23+00:00,station1,0.0,1.128,1.719,0.0,555457.1818181818,11109594.727272727,4.443657454545454,88.87675781818182,vrf_leakage,compound_congestion_breach_02_vrf_leakage
2026-07-19T16:08:23+00:00,station2,0.0,1.682,1.99,0.0,11108199.872727271,556767.1818181818,88.86559898181817,4.454137454545454,vrf_leakage,compound_congestion_breach_02_vrf_leakage
2026-07-19T16:08:23+00:00,station3,0.0,0.144,0.895,0.0,233.45454545454544,1305.2545454545455,0.0018676363636363634,0.010442036363636364,vrf_leakage,compound_congestion_breach_02_vrf_leakage
2026-07-19T16:08:38+00:00,station1,0.0,0.015,0.695,0.0,444989.7274595007,8875437.06478064,3.5599178196760057,71.00349651824511,vrf_leakage,compound_congestion_breach_02_vrf_leakage
2026-07-19T16:08:38+00:00,station2,0.0,0.295,1.015,0.0,8873642.963636363,446072.2545454545,70.9891437090909,3.568578036363636,vrf_leakage,compound_congestion_breach_02_vrf_leakage
2026-07-19T16:08:38+00:00,station3,0.0,0.023,0.693,0.0,194.56363636363633,1085.9090909090908,0.0015565090909090908,0.008687272727272726,vrf_leakage,compound_congestion_breach_02_vrf_leakage
2026-07-19T16:08:53+00:00,station1,0.0,1.46,1.249,0.0,667626.6727272726,13326944.909090908,5.341013381818181,106.61555927272727,vrf_leakage,compound_congestion_breach_02_vrf_leakage
2026-07-19T16:08:53+00:00,station2,0.0,1.597,1.385,0.0,13325723.4,668941.3454545455,106.60578720000001,5.351530763636363,vrf_leakage,compound_congestion_breach_02_vrf_leakage
2026-07-19T16:08:53+00:00,station3,0.0,0.146,0.322,0.0,234.54545454545453,1305.9636363636362,0.0018763636363636363,0.010447709090909089,vrf_leakage,compound_congestion_breach_02_vrf_leakage
2026-07-19T16:09:08+00:00,station1,0.0,0.931,1.446,0.0,451248.8909090909,9021035.581818182,3.609991127272727,72.16828465454546,vrf_leakage,compound_congestion_breach_02_vrf_leakage
2026-07-19T16:09:08+00:00,station2,0.0,1.044,1.727,0.0,9020082.49090909,452340.50909090904,72.16065992727272,3.6187240727272725,vrf_leakage,compound_congestion_breach_02_vrf_leakage
2026-07-19T16:09:08+00:00,station3,0.0,0.036,0.234,0.0,198.4,1089.1636363636362,0.0015872,0.00871330909090909,vrf_leakage,compound_congestion_breach_02_vrf_leakage
2026-07-19T16:09:23+00:00,station1,0.0,0.025,2.51,0.0,556938.3261513846,11110439.9534537,4.455506609211077,88.8835196276296,vrf_leakage,compound_congestion_breach_02_vrf_leakage
2026-07-19T16:09:23+00:00,station2,0.0,0.383,2.111,0.0,11108098.527272727,558200.2,88.86478821818181,4.465601599999999,vrf_leakage,compound_congestion_breach_02_vrf_leakage
2026-07-19T16:09:23+00:00,station3,0.0,2045.483,4085.67,0.0,235.23636363636362,1311.9636363636362,0.0018818909090909089,0.01049570909090909,vrf_leakage,compound_congestion_breach_02_vrf_leakage
2026-07-19T16:09:38+00:00,station1,0.0,0.229,2.293,0.0,445121.67272727273,8875682.454545455,3.5609733818181817,71.00545963636364,vrf_leakage,compound_congestion_breach_02_vrf_leakage
2026-07-19T16:09:38+00:00,station2,0.0,0.1,1.614,0.0,8874215.181818182,446188.7454545454,70.99372145454545,3.569509963636363,vrf_leakage,compound_congestion_breach_02_vrf_leakage
2026-07-19T16:09:38+00:00,station3,0.0,2045.483,4085.67,0.0,202.85454545454544,1098.4181818181817,0.0016228363636363635,0.008787345454545454,vrf_leakage,compound_congestion_breach_02_vrf_leakage
2026-07-19T16:09:53+00:00,station1,0.0,0.147,1.817,0.0,557003.0363636364,11108666.0,4.456024290909091,88.869328,vrf_leakage,compound_congestion_breach_02_vrf_leakage
2026-07-19T16:09:53+00:00,station2,0.0,0.474,2.624,0.0,11106773.509090908,558280.109090909,88.85418807272727,4.466240872727272,vrf_leakage,compound_congestion_breach_02_vrf_leakage
2026-07-19T16:09:53+00:00,station3,0.0,2941.378,5385.315,100.0,266.4363636363636,1324.090909090909,0.0021314909090909087,0.010592727272727273,vrf_leakage,compound_congestion_breach_02_vrf_leakage
2026-07-19T16:10:08+00:00,station1,0.0,0.945,0.843,0.0,559227.0669309235,11171085.241013145,4.473816535447388,89.36868192810516,vrf_leakage,compound_congestion_breach_02_vrf_leakage
2026-07-19T16:10:08+00:00,station2,0.0,0.92,0.871,0.0,11169039.581818182,560272.8909090909,89.35231665454546,4.482183127272727,vrf_leakage,compound_congestion_breach_02_vrf_leakage
2026-07-19T16:10:08+00:00,station3,0.0,0.0,818.613,90.0,228.25454545454542,1107.1454545454544,0.0018260363636363633,0.008857163636363635,vrf_leakage,compound_congestion_breach_02_vrf_leakage
2026-07-19T16:10:23+00:00,station1,0.0,0.206,0.548,0.0,455205.94545454544,9090907.709090909,3.6416475636363637,72.72726167272727,vrf_leakage,compound_congestion_breach_02_vrf_leakage
2026-07-19T16:10:23+00:00,station2,0.0,0.311,0.708,0.0,9089945.872727273,456519.0727272727,72.71956698181819,3.6521525818181817,vrf_leakage,compound_congestion_breach_02_vrf_leakage
2026-07-19T16:10:23+00:00,station3,0.0,0.17,0.537,0.0,268.4,1318.6,0.0021471999999999997,0.010548799999999999,vrf_leakage,compound_congestion_breach_02_vrf_leakage
2026-07-19T16:10:38+00:00,station1,0.0,0.319,1.052,0.0,333769.32727272727,6649364.145454545,2.6701546181818183,53.19491316363636,vrf_leakage,compound_congestion_breach_03_vrf_leakage
2026-07-19T16:10:38+00:00,station2,0.0,0.279,1.048,0.0,6648023.981818181,334834.94545454544,53.18419185454545,2.6786795636363636,vrf_leakage,compound_congestion_breach_03_vrf_leakage
2026-07-19T16:10:38+00:00,station3,0.0,0.042,0.595,0.0,217.3272727272727,1095.2,0.0017386181818181818,0.0087616,vrf_leakage,compound_congestion_breach_03_vrf_leakage
2026-07-19T16:10:53+00:00,station1,0.0,3.449,41.034,0.0,447149.6645637511,8798990.618693527,3.577197316510009,70.39192494954821,vrf_leakage,compound_congestion_breach_03_vrf_leakage
2026-07-19T16:10:53+00:00,station2,0.0,4.068,39.618,0.0,8798114.781818181,448583.7636363636,70.38491825454545,3.5886701090909088,vrf_leakage,compound_congestion_breach_03_vrf_leakage
2026-07-19T16:10:53+00:00,station3,0.0,4.492,36.147,0.0,236.1090909090909,1307.8727272727272,0.001888872727272727,0.010462981818181817,vrf_leakage,compound_congestion_breach_03_vrf_leakage
2026-07-19T16:11:08+00:00,station1,0.0,1.93,185.305,0.0,437774.9636363636,8569791.636363635,3.502199709090909,68.55833309090907,vrf_leakage,compound_congestion_breach_03_vrf_leakage
2026-07-19T16:11:08+00:00,station2,0.0,0.667,187.496,0.0,8568772.2,438979.9636363636,68.5501776,3.511839709090909,vrf_leakage,compound_congestion_breach_03_vrf_leakage
2026-07-19T16:11:08+00:00,station3,0.0,0.609,182.691,0.0,198.4,1091.4545454545453,0.0015872,0.008731636363636362,vrf_leakage,compound_congestion_breach_03_vrf_leakage
2026-07-19T16:11:23+00:00,station1,0.0,89.333,128.83,0.0,657555.5454545454,12886743.509090908,5.260444363636363,103.09394807272726,vrf_leakage,compound_congestion_breach_03_vrf_leakage
2026-07-19T16:11:23+00:00,station2,0.0,89.239,126.606,0.0,12885581.436363636,658985.4,103.08465149090908,5.2718832,vrf_leakage,compound_congestion_breach_03_vrf_leakage
2026-07-19T16:11:23+00:00,station3,0.0,88.899,122.296,0.0,236.1090909090909,1308.4545454545453,0.001888872727272727,0.010467636363636363,vrf_leakage,compound_congestion_breach_03_vrf_leakage
2026-07-19T16:11:38+00:00,station1,0.0,11.787,13.279,0.0,457101.5272727272,8887953.727272727,3.656812218181818,71.10362981818182,vrf_leakage,compound_congestion_breach_03_vrf_leakage
2026-07-19T16:11:38+00:00,station2,0.0,12.354,13.469,0.0,8886857.472727273,458229.0545454545,71.09485978181819,3.665832436363636,vrf_leakage,compound_congestion_breach_03_vrf_leakage
2026-07-19T16:11:38+00:00,station3,0.0,13.246,9.651,0.0,194.56363636363633,1089.0545454545454,0.0015565090909090908,0.008712436363636363,vrf_leakage,compound_congestion_breach_03_vrf_leakage
2026-07-19T16:11:53+00:00,station1,0.0,15.795,264.895,0.0,540484.8269968545,10725885.797923598,4.323878615974836,85.80708638338879,vrf_leakage,compound_congestion_breach_03_vrf_leakage
2026-07-19T16:11:53+00:00,station2,0.0,11.173,266.251,0.0,10724167.272727273,541967.4909090908,85.79333818181819,4.335739927272726,vrf_leakage,compound_congestion_breach_03_vrf_leakage
2026-07-19T16:11:53+00:00,station3,0.0,11.912,258.204,0.0,238.25454545454542,1308.9636363636362,0.0019060363636363635,0.01047170909090909,vrf_leakage,compound_congestion_breach_03_vrf_leakage
2026-07-19T16:12:08+00:00,station1,0.0,16.405,269.918,0.0,430224.99999999994,8567483.545454545,3.4417999999999997,68.53986836363636,vrf_leakage,compound_congestion_breach_03_vrf_leakage
2026-07-19T16:12:08+00:00,station2,0.0,21.459,266.672,0.0,8566164.872727271,431484.4909090909,68.52931898181816,3.4518759272727273,vrf_leakage,compound_congestion_breach_03_vrf_leakage
2026-07-19T16:12:08+00:00,station3,0.0,19.492,259.324,0.0,200.54545454545453,1091.381818181818,0.0016043636363636362,0.008731054545454545,vrf_leakage,compound_congestion_breach_03_vrf_leakage
2026-07-19T16:12:23+00:00,station1,0.0,20.276,264.01,0.0,540255.6684910086,10724975.344109679,4.322045347928069,85.79980275287743,vrf_leakage,compound_congestion_breach_03_vrf_leakage
2026-07-19T16:12:23+00:00,station2,0.0,23.901,268.381,0.0,10722969.945454543,541710.6727272726,85.78375956363635,4.333685381818181,vrf_leakage,compound_congestion_breach_03_vrf_leakage
2026-07-19T16:12:23+00:00,station3,0.0,20.503,255.385,0.0,239.45454545454544,1309.9272727272726,0.0019156363636363635,0.010479418181818181,vrf_leakage,compound_congestion_breach_03_vrf_leakage
2026-07-19T16:12:38+00:00,station1,0.0,127.799,188.27,0.0,546048.3272727273,10792324.0,4.368386618181818,86.338592,vrf_leakage,compound_congestion_breach_03_vrf_leakage
2026-07-19T16:12:38+00:00,station2,0.0,131.921,192.974,0.0,10791074.163636362,547359.8909090909,86.32859330909089,4.378879127272727,vrf_leakage,compound_congestion_breach_03_vrf_leakage
2026-07-19T16:12:38+00:00,station3,0.0,128.964,182.217,0.0,197.9090909090909,1089.7090909090907,0.0015832727272727272,0.008717672727272726,vrf_leakage,compound_congestion_breach_03_vrf_leakage
2026-07-19T16:12:53+00:00,station1,0.0,8.058,162.259,25.0,539173.9818181818,10609691.018181818,4.313391854545454,84.87752814545455,vrf_leakage,compound_congestion_breach_03_vrf_leakage
2026-07-19T16:12:53+00:00,station2,0.0,11.825,160.193,0.0,10608454.145454545,540517.2909090909,84.86763316363636,4.324138327272727,vrf_leakage,compound_congestion_breach_03_vrf_leakage
2026-07-19T16:12:53+00:00,station3,0.0,10.642,151.378,0.0,236.2181818181818,1308.7454545454543,0.0018897454545454544,0.010469963636363634,vrf_leakage,compound_congestion_breach_03_vrf_leakage
2026-07-19T16:13:08+00:00,station1,0.0,4.579,229.602,0.0,413617.0363636363,8224166.49090909,3.3089362909090907,65.79333192727272,vrf_leakage,compound_congestion_breach_03_vrf_leakage
2026-07-19T16:13:08+00:00,station2,0.0,2.62,232.601,0.0,8223228.69090909,414740.9272727272,65.78582952727272,3.3179274181818177,vrf_leakage,compound_congestion_breach_03_vrf_leakage
2026-07-19T16:13:08+00:00,station3,0.0,3.18,216.277,0.0,198.5090909090909,1092.581818181818,0.0015880727272727271,0.008740654545454545,vrf_leakage,compound_congestion_breach_03_vrf_leakage
2026-07-19T16:13:23+00:00,station1,0.0,4.175,286.352,0.0,481012.27183477563,9565739.54621482,3.848098174678205,76.52591636971857,vrf_leakage,compound_congestion_breach_03_vrf_leakage
2026-07-19T16:13:23+00:00,station2,0.0,3.739,288.705,0.0,9564874.418181816,482362.23636363633,76.51899534545453,3.8588978909090907,vrf_leakage,compound_congestion_breach_03_vrf_leakage
2026-07-19T16:13:23+00:00,station3,0.0,3.063,276.385,0.0,235.0181818181818,1308.6727272727271,0.0018801454545454544,0.010469381818181817,vrf_leakage,compound_congestion_breach_03_vrf_leakage
2026-07-19T16:13:38+00:00,station1,0.0,2.741,293.516,0.0,439798.02534683706,8771017.510046002,3.5183842027746963,70.16814008036802,vrf_leakage,compound_congestion_breach_03_vrf_leakage
2026-07-19T16:13:38+00:00,station2,0.0,7.79,291.517,0.0,8769302.745454544,440777.69090909086,70.15442196363635,3.526221527272727,vrf_leakage,compound_congestion_breach_03_vrf_leakage
2026-07-19T16:13:38+00:00,station3,0.0,1.851,281.012,0.0,195.65454545454543,1089.8181818181818,0.0015652363636363634,0.008718545454545455,vrf_leakage,compound_congestion_breach_03_vrf_leakage
2026-07-19T16:13:53+00:00,station1,0.0,2.809,12.887,0.0,479202.5417719678,9454326.17588771,3.8336203341757424,75.63460940710168,vrf_leakage,compound_congestion_breach_03_vrf_leakage
2026-07-19T16:13:53+00:00,station2,0.0,0.878,15.965,0.0,9453061.98181818,480554.8909090909,75.62449585454544,3.844439127272727,vrf_leakage,compound_congestion_breach_03_vrf_leakage
2026-07-19T16:13:53+00:00,station3,0.0,0.054,0.288,0.0,237.19999999999996,1309.7272727272725,0.0018975999999999997,0.01047781818181818,vrf_leakage,compound_congestion_breach_03_vrf_leakage
2026-07-19T16:14:08+00:00,station1,0.0,4.327,182.933,0.0,345640.4545454545,6813661.672727272,2.7651236363636356,54.509293381818175,vrf_leakage,compound_congestion_breach_03_vrf_leakage
2026-07-19T16:14:08+00:00,station2,0.0,5.364,181.416,0.0,6812177.072727272,346725.0727272727,54.49741658181818,2.7738005818181817,vrf_leakage,compound_congestion_breach_03_vrf_leakage
2026-07-19T16:14:08+00:00,station3,0.0,2.284,170.323,0.0,199.49090909090907,1092.5272727272725,0.0015959272727272726,0.00874021818181818,vrf_leakage,compound_congestion_breach_03_vrf_leakage
2026-07-19T16:14:23+00:00,station1,0.0,2.981,231.31,0.0,433733.2545454545,8562944.38181818,3.469866036363636,68.50355505454544,vrf_leakage,compound_congestion_breach_03_vrf_leakage
2026-07-19T16:14:23+00:00,station2,0.0,1.889,236.306,0.0,8561688.672727272,435270.6545454545,68.49350938181817,3.482165236363636,vrf_leakage,compound_congestion_breach_03_vrf_leakage
2026-07-19T16:14:23+00:00,station3,0.0,1.043,219.549,0.0,244.36363636363635,1316.490909090909,0.001954909090909091,0.010531927272727273,vrf_leakage,compound_congestion_breach_03_vrf_leakage
2026-07-19T16:14:38+00:00,station1,0.0,1.458,253.27,0.0,343582.43636363634,6812902.018181818,2.7486594909090907,54.50321614545454,vrf_leakage,compound_congestion_breach_03_vrf_leakage
2026-07-19T16:14:38+00:00,station2,0.0,2.531,251.676,0.0,6812115.327272727,344899.50909090904,54.49692261818182,2.7591960727272724,vrf_leakage,compound_congestion_breach_03_vrf_leakage
2026-07-19T16:14:38+00:00,station3,0.0,2.141,236.579,0.0,202.8181818181818,1097.1272727272726,0.0016225454545454544,0.008777018181818181,vrf_leakage,compound_congestion_breach_03_vrf_leakage
2026-07-19T16:14:53+00:00,station1,0.0,5.152,276.16,0.0,483946.7425495936,9790730.603487464,3.871573940396749,78.32584482789972,vrf_leakage,compound_congestion_breach_03_vrf_leakage
2026-07-19T16:14:53+00:00,station2,0.0,4.168,278.08,0.0,9788548.890909089,485391.7636363636,78.30839112727271,3.883134109090909,vrf_leakage,compound_congestion_breach_03_vrf_leakage
2026-07-19T16:14:53+00:00,station3,0.0,1.057,259.683,0.0,242.18181818181816,1317.3272727272727,0.0019374545454545454,0.010538618181818182,vrf_leakage,compound_congestion_breach_03_vrf_leakage
2026-07-19T16:15:08+00:00,station1,0.0,1.777,22.172,0.0,386961.14545454545,7763066.909090908,3.0956891636363637,62.10453527272727,vrf_leakage,compound_congestion_breach_03_vrf_leakage
2026-07-19T16:15:08+00:00,station2,0.0,0.141,14.191,0.0,7761805.018181818,388102.50909090904,62.09444014545454,3.1048200727272723,vrf_leakage,compound_congestion_breach_03_vrf_leakage
2026-07-19T16:15:08+00:00,station3,0.0,0.047,0.281,0.0,199.6,1096.8363636363636,0.0015968,0.008774690909090908,vrf_leakage,compound_congestion_breach_03_vrf_leakage
2026-07-19T16:15:23+00:00,station1,0.0,2.395,280.806,0.0,405115.90909090906,8181672.290909091,3.2409272727272724,65.45337832727273,vrf_leakage,compound_congestion_breach_03_vrf_leakage
2026-07-19T16:15:23+00:00,station2,0.0,3.287,277.839,0.0,8180222.672727272,406414.0909090909,65.44178138181817,3.251312727272727,vrf_leakage,compound_congestion_breach_03_vrf_leakage
2026-07-19T16:15:23+00:00,station3,0.0,1.132,257.983,0.0,233.49090909090907,1310.4181818181817,0.0018679272727272725,0.010483345454545453,vrf_leakage,compound_congestion_breach_03_vrf_leakage
2026-07-19T16:15:38+00:00,station1,0.0,4.752,323.237,0.0,300177.0909090909,6023183.636363636,2.401416727272727,48.18546909090909,vrf_leakage,compound_congestion_breach_03_vrf_leakage
2026-07-19T16:15:38+00:00,station2,0.0,0.982,325.022,0.0,6021636.127272727,301236.0363636363,48.17308901818181,2.4098882909090906,vrf_leakage,compound_congestion_breach_03_vrf_leakage
2026-07-19T16:15:38+00:00,station3,0.0,1.131,306.019,0.0,195.2181818181818,1092.2545454545455,0.0015617454545454542,0.008738036363636363,vrf_leakage,compound_congestion_breach_03_vrf_leakage
2026-07-19T16:15:53+00:00,station1,0.0,3.058,343.217,0.0,356408.0842243072,6954450.760055277,2.8512646737944576,55.635606080442216,vrf_leakage,compound_congestion_breach_03_vrf_leakage
2026-07-19T16:15:53+00:00,station2,0.0,5.074,343.369,0.0,6952858.163636363,357687.8545454545,55.622865309090905,2.861502836363636,vrf_leakage,compound_congestion_breach_03_vrf_leakage
2026-07-19T16:15:53+00:00,station3,0.0,1.344,328.092,0.0,232.94545454545454,1309.709090909091,0.0018635636363636362,0.010477672727272727,vrf_leakage,compound_congestion_breach_03_vrf_leakage
2026-07-19T16:16:08+00:00,station1,0.0,1.875,357.125,0.0,341563.9375261368,6716471.8085783385,2.7325115002090943,53.73177446862671,vrf_leakage,compound_congestion_breach_03_vrf_leakage
2026-07-19T16:16:08+00:00,station2,0.0,6.79,360.22,0.0,6715175.472727272,342730.5272727273,53.721403781818175,2.7418442181818183,vrf_leakage,compound_congestion_breach_03_vrf_leakage
2026-07-19T16:16:08+00:00,station3,0.0,5.336,342.872,0.0,195.67272727272726,1091.7636363636364,0.001565381818181818,0.008734109090909091,vrf_leakage,compound_congestion_breach_03_vrf_leakage
2026-07-19T16:16:23+00:00,station1,0.0,0.908,14.553,0.0,311450.6663272912,6119395.851135393,2.49160533061833,48.95516680908314,vrf_leakage,compound_congestion_breach_03_vrf_leakage
2026-07-19T16:16:23+00:00,station2,0.0,0.402,15.197,0.0,6118146.018181818,312755.18181818177,48.94516814545454,2.502041454545454,vrf_leakage,compound_congestion_breach_03_vrf_leakage
2026-07-19T16:16:23+00:00,station3,0.0,0.036,0.253,0.0,236.1090909090909,1310.2545454545455,0.001888872727272727,0.010482036363636364,vrf_leakage,compound_congestion_breach_03_vrf_leakage
2026-07-19T16:16:38+00:00,station1,0.0,27.478,214.051,0.0,189383.283940292,3795666.0787985674,1.515066271522336,30.36532863038854,vrf_leakage,compound_congestion_breach_03_vrf_leakage
2026-07-19T16:16:38+00:00,station2,0.0,12.714,238.183,25.0,3794429.6181818177,190476.09090909088,30.355436945454542,1.523808727272727,vrf_leakage,compound_congestion_breach_03_vrf_leakage
2026-07-19T16:16:38+00:00,station3,0.0,26.32,194.347,0.0,196.09090909090907,1089.8363636363636,0.0015687272727272724,0.008718690909090908,vrf_leakage,compound_congestion_breach_03_vrf_leakage
2026-07-19T16:16:53+00:00,station1,0.0,8.247,327.305,0.0,252760.69526008616,5136622.079598553,2.0220855620806892,41.09297663678842,vrf_leakage,compound_congestion_breach_03_vrf_leakage
2026-07-19T16:16:53+00:00,station2,0.0,7.752,331.951,0.0,5135172.018181818,254065.12727272726,41.08137614545454,2.032521018181818,vrf_leakage,compound_congestion_breach_03_vrf_leakage
2026-07-19T16:16:53+00:00,station3,0.0,6.587,315.196,0.0,238.83636363636364,1309.5636363636363,0.0019106909090909091,0.010476509090909091,vrf_leakage,compound_congestion_breach_03_vrf_leakage
2026-07-19T16:17:08+00:00,station1,0.0,6.933,368.191,0.0,216540.81818181818,4379212.927272727,1.7323265454545453,35.033703418181815,vrf_leakage,compound_congestion_breach_03_vrf_leakage
2026-07-19T16:17:08+00:00,station2,0.0,10.556,369.908,0.0,4378190.090909091,217645.94545454544,35.02552072727273,1.7411675636363635,vrf_leakage,compound_congestion_breach_03_vrf_leakage
2026-07-19T16:17:08+00:00,station3,0.0,3.97,351.377,0.0,204.18181818181816,1092.090909090909,0.0016334545454545454,0.008736727272727273,vrf_leakage,compound_congestion_breach_03_vrf_leakage
2026-07-19T16:17:23+00:00,station1,0.0,26.44,393.259,0.0,359428.53766295157,7060753.168124216,2.8754283013036126,56.48602534499373,vrf_leakage,compound_congestion_breach_03_vrf_leakage
2026-07-19T16:17:23+00:00,station2,0.0,0.776,417.525,0.0,7059497.109090908,360747.4909090909,56.475976872727266,2.8859799272727273,vrf_leakage,compound_congestion_breach_03_vrf_leakage
2026-07-19T16:17:23+00:00,station3,0.0,25.67,377.68,0.0,241.4181818181818,1310.0727272727272,0.0019313454545454546,0.010480581818181818,vrf_leakage,compound_congestion_breach_03_vrf_leakage
2026-07-19T16:17:38+00:00,station1,0.0,1.179,15.166,0.0,330092.18181818177,6406227.5636363635,2.6407374545454543,51.24982050909091,vrf_leakage,compound_congestion_breach_03_vrf_leakage
2026-07-19T16:17:38+00:00,station2,0.0,2.019,21.766,0.0,6404920.527272727,331081.14545454545,51.23936421818182,2.6486491636363634,vrf_leakage,compound_congestion_breach_03_vrf_leakage
2026-07-19T16:17:38+00:00,station3,0.0,0.018,0.27,0.0,200.96363636363634,1091.7090909090907,0.0016077090909090907,0.008733672727272726,vrf_leakage,compound_congestion_breach_03_vrf_leakage
2026-07-19T16:17:53+00:00,station1,0.0,3.549,367.554,0.0,323372.6,6245272.418181818,2.5869807999999996,49.962179345454544,vrf_leakage,compound_congestion_breach_03_vrf_leakage
2026-07-19T16:17:53+00:00,station2,0.0,2.599,371.307,0.0,6243671.4,324569.0,49.9493712,2.596552,vrf_leakage,compound_congestion_breach_03_vrf_leakage
2026-07-19T16:17:53+00:00,station3,0.0,0.957,352.51,0.0,246.07272727272726,1311.0363636363634,0.001968581818181818,0.010488290909090908,vrf_leakage,compound_congestion_breach_03_vrf_leakage
2026-07-19T16:18:08+00:00,station1,0.0,2.189,367.55,0.0,231969.32727272724,4496424.8,1.8557546181818179,35.9713984,vrf_leakage,compound_congestion_breach_03_vrf_leakage
2026-07-19T16:18:08+00:00,station2,0.0,2.749,366.302,0.0,4495159.7272727275,232962.21818181817,35.96127781818182,1.8636977454545454,vrf_leakage,compound_congestion_breach_03_vrf_leakage
2026-07-19T16:18:08+00:00,station3,0.0,1.339,352.562,0.0,204.69090909090906,1094.709090909091,0.0016375272727272726,0.008757672727272727,vrf_leakage,compound_congestion_breach_03_vrf_leakage
2026-07-19T16:18:23+00:00,station1,0.0,2.265,412.456,0.0,254053.2909090909,5018965.945454544,2.032426327272727,40.151727563636356,vrf_leakage,compound_congestion_breach_03_vrf_leakage
2026-07-19T16:18:23+00:00,station2,0.0,1.422,420.073,0.0,5017370.090909091,255270.70909090908,40.138960727272725,2.042165672727273,vrf_leakage,compound_congestion_breach_03_vrf_leakage
2026-07-19T16:18:23+00:00,station3,0.0,2.862,396.364,0.0,240.76363636363632,1310.2,0.0019261090909090907,0.0104816,vrf_leakage,compound_congestion_breach_03_vrf_leakage
2026-07-19T16:18:38+00:00,station1,0.0,5.804,362.012,25.0,232736.1282815795,4657254.363319031,1.861889026252636,37.25803490655225,vrf_leakage,compound_congestion_breach_03_vrf_leakage
2026-07-19T16:18:38+00:00,station2,0.0,1.64,358.563,0.0,4656431.072727272,233862.41818181815,37.25144858181818,1.8708993454545453,vrf_leakage,compound_congestion_breach_03_vrf_leakage
2026-07-19T16:18:38+00:00,station3,0.0,5.968,343.578,0.0,200.1272727272727,1094.909090909091,0.0016010181818181817,0.008759272727272728,vrf_leakage,compound_congestion_breach_03_vrf_leakage
2026-07-19T16:18:53+00:00,station1,0.0,38.919,171.966,0.0,231590.06199887273,4603385.065726077,1.8527204959909818,36.82708052580862,vrf_leakage,compound_congestion_breach_03_vrf_leakage
2026-07-19T16:18:53+00:00,station2,0.0,43.855,168.617,0.0,4601926.781818181,232895.63636363635,36.81541425454545,1.8631650909090909,vrf_leakage,compound_congestion_breach_03_vrf_leakage
2026-07-19T16:18:53+00:00,station3,0.0,40.77,151.252,0.0,241.67272727272726,1315.490909090909,0.0019333818181818182,0.010523927272727272,vrf_leakage,compound_congestion_breach_03_vrf_leakage
2026-07-19T16:19:08+00:00,station1,0.0,5.717,354.883,0.0,185263.58181818182,3671523.5454545454,1.4821086545454545,29.372188363636365,vrf_leakage,compound_congestion_breach_03_vrf_leakage
2026-07-19T16:19:08+00:00,station2,0.0,5.006,349.326,0.0,3670265.5818181816,186356.07272727272,29.362124654545454,1.4908485818181818,vrf_leakage,compound_congestion_breach_03_vrf_leakage
2026-07-19T16:19:08+00:00,station3,0.0,4.929,332.78,0.0,203.96363636363634,1098.109090909091,0.0016317090909090907,0.008784872727272729,vrf_leakage,compound_congestion_breach_03_vrf_leakage
2026-07-19T16:19:23+00:00,station1,0.0,0.462,390.838,0.0,227454.70247077433,4603067.723578715,1.8196376197661945,36.824541788629716,vrf_leakage,compound_congestion_breach_03_vrf_leakage
2026-07-19T16:19:23+00:00,station2,0.0,3.749,390.066,0.0,4601722.8545454545,228755.85454545452,36.813782836363636,1.8300468363636362,vrf_leakage,compound_congestion_breach_03_vrf_leakage
2026-07-19T16:19:23+00:00,station3,0.0,1.438,370.323,0.0,241.67272727272726,1314.1272727272726,0.0019333818181818182,0.010513018181818181,vrf_leakage,compound_congestion_breach_03_vrf_leakage
2026-07-19T16:19:38+00:00,station1,0.0,5.882,406.868,0.0,188228.962106335,3862765.5284020654,1.50583169685068,30.90212422721652,vrf_leakage,compound_congestion_breach_03_vrf_leakage
2026-07-19T16:19:38+00:00,station2,0.0,1.216,409.221,0.0,3861826.9999999995,189334.7636363636,30.894615999999996,1.514678109090909,vrf_leakage,compound_congestion_breach_03_vrf_leakage
2026-07-19T16:19:38+00:00,station3,0.0,2.785,390.507,0.0,198.38181818181818,1091.5636363636363,0.0015870545454545453,0.00873250909090909,vrf_leakage,compound_congestion_breach_03_vrf_leakage
2026-07-19T16:19:53+00:00,station1,0.0,2.389,17.557,0.0,265084.28937655676,5391320.757804404,2.120674315012454,43.130566062435236,vrf_leakage,compound_congestion_breach_03_vrf_leakage
2026-07-19T16:19:53+00:00,station2,0.0,4.56,18.7,0.0,5389848.927272727,266295.61818181816,43.118791418181814,2.1303649454545455,vrf_leakage,compound_congestion_breach_03_vrf_leakage
2026-07-19T16:19:53+00:00,station3,0.0,0.03,0.268,0.0,236.2181818181818,1310.2,0.0018897454545454544,0.0104816,vrf_leakage,compound_congestion_breach_03_vrf_leakage
2026-07-19T16:20:08+00:00,station1,0.0,43.088,148.483,0.0,175438.27272727274,3542445.5999999996,1.403506181818182,28.339564799999998,vrf_leakage,compound_congestion_breach_03_vrf_leakage
2026-07-19T16:20:08+00:00,station2,0.0,41.33,147.757,0.0,3541077.509090909,176418.1818181818,28.328620072727272,1.4113454545454545,vrf_leakage,compound_congestion_breach_03_vrf_leakage
2026-07-19T16:20:08+00:00,station3,0.0,40.797,130.679,0.0,201.34545454545454,1095.6545454545453,0.0016107636363636363,0.008765236363636363,vrf_leakage,compound_congestion_breach_03_vrf_leakage
2026-07-19T16:20:23+00:00,station1,0.0,6.203,365.412,0.0,184101.40184366988,3656218.9676175932,1.472811214749359,29.249751740940745,vrf_leakage,compound_congestion_breach_03_vrf_leakage
2026-07-19T16:20:23+00:00,station2,0.0,3.691,370.831,0.0,3654575.327272727,185303.10909090907,29.236602618181816,1.4824248727272726,vrf_leakage,compound_congestion_breach_03_vrf_leakage
2026-07-19T16:20:23+00:00,station3,0.0,0.214,349.193,0.0,237.49090909090907,1312.0,0.0018999272727272727,0.010496,vrf_leakage,compound_congestion_breach_03_vrf_leakage
2026-07-19T16:20:38+00:00,station1,0.0,19.46,392.374,0.0,118804.18931941742,2318118.879211593,0.9504335145553393,18.544951033692744,vrf_leakage,compound_congestion_breach_03_vrf_leakage
2026-07-19T16:20:38+00:00,station2,0.0,15.82,389.776,0.0,2316837.727272727,119794.4909090909,18.534701818181816,0.9583559272727272,vrf_leakage,compound_congestion_breach_03_vrf_leakage
2026-07-19T16:20:38+00:00,station3,0.0,18.179,371.559,0.0,195.4,1091.6909090909091,0.0015632,0.008733527272727273,vrf_leakage,compound_congestion_breach_03_vrf_leakage
2026-07-19T16:20:53+00:00,station1,0.0,27.723,355.581,0.0,134073.83636363636,2628132.7636363637,1.072590690909091,21.02506210909091,vrf_leakage,compound_congestion_breach_03_vrf_leakage
2026-07-19T16:20:53+00:00,station2,0.0,25.398,358.779,0.0,2626757.472727272,135389.61818181816,21.014059781818176,1.0831169454545453,vrf_leakage,compound_congestion_breach_03_vrf_leakage
2026-07-19T16:20:53+00:00,station3,0.0,24.172,338.246,0.0,240.94545454545454,1313.5454545454545,0.0019275636363636362,0.010508363636363637,vrf_leakage,compound_congestion_breach_03_vrf_leakage
2026-07-19T16:21:08+00:00,station1,0.0,159.538,131.896,0.0,132202.10193283268,2613799.0799498158,1.0576168154626615,20.910392639598527,vrf_leakage,compound_congestion_breach_03_vrf_leakage
2026-07-19T16:21:08+00:00,station2,0.0,163.548,132.096,0.0,2612467.6909090905,133301.63636363635,20.899741527272724,1.0664130909090908,vrf_leakage,compound_congestion_breach_03_vrf_leakage
2026-07-19T16:21:08+00:00,station3,0.0,158.765,112.552,0.0,201.49090909090907,1096.5636363636363,0.0016119272727272726,0.00877250909090909,vrf_leakage,compound_congestion_breach_03_vrf_leakage
2026-07-19T16:21:23+00:00,station1,0.0,24.506,381.41,0.0,132273.6909090909,2584088.236363636,1.058189527272727,20.672705890909086,vrf_leakage,compound_congestion_breach_03_vrf_leakage
2026-07-19T16:21:23+00:00,station2,0.0,28.459,383.093,0.0,2582783.6909090905,133587.2909090909,20.662269527272723,1.068698327272727,vrf_leakage,compound_congestion_breach_03_vrf_leakage
2026-07-19T16:21:23+00:00,station3,0.0,20.737,362.012,0.0,241.45454545454544,1311.909090909091,0.0019316363636363635,0.010495272727272728,vrf_leakage,compound_congestion_breach_03_vrf_leakage
2026-07-19T16:21:38+00:00,station1,0.0,4.657,369.569,0.0,106041.01818181817,2061408.018181818,0.8483281454545454,16.491264145454544,vrf_leakage,compound_congestion_breach_03_vrf_leakage
2026-07-19T16:21:38+00:00,station2,0.0,0.987,367.089,0.0,2060187.2909090905,107135.99999999999,16.481498327272725,0.8570879999999998,vrf_leakage,compound_congestion_breach_03_vrf_leakage
2026-07-19T16:21:38+00:00,station3,0.0,2.309,348.537,0.0,199.36363636363635,1091.1454545454544,0.0015949090909090908,0.008729163636363635,vrf_leakage,compound_congestion_breach_03_vrf_leakage
2026-07-19T16:21:53+00:00,station1,0.0,5.168,366.768,0.0,132138.19246222934,2584352.3262367505,1.0571055396978348,20.674818609894004,vrf_leakage,compound_congestion_breach_03_vrf_leakage
2026-07-19T16:21:53+00:00,station2,0.0,6.468,364.48,0.0,2582647.6909090905,133428.9090909091,20.661181527272724,1.0674312727272728,vrf_leakage,compound_congestion_breach_03_vrf_leakage
2026-07-19T16:21:53+00:00,station3,0.0,2.788,347.479,0.0,241.74545454545452,1311.3636363636363,0.0019339636363636362,0.01049090909090909,vrf_leakage,compound_congestion_breach_03_vrf_leakage
2026-07-19T16:22:08+00:00,station1,0.0,31.473,355.161,0.0,129514.22753140966,2559861.3065692107,1.0361138202512774,20.478890452553685,vrf_leakage,compound_congestion_breach_03_vrf_leakage
2026-07-19T16:22:08+00:00,station2,0.0,27.176,355.283,0.0,2558631.109090909,130601.92727272726,20.46904887272727,1.0448154181818181,vrf_leakage,compound_congestion_breach_03_vrf_leakage
2026-07-19T16:22:08+00:00,station3,0.0,28.534,335.306,0.0,203.34545454545454,1095.4363636363635,0.0016267636363636363,0.008763490909090907,vrf_leakage,compound_congestion_breach_03_vrf_leakage
2026-07-19T16:22:23+00:00,station1,0.0,3.613,17.826,0.0,126354.07916507573,2427000.727285951,1.010832633320606,19.41600581828761,vrf_leakage,compound_congestion_breach_03_vrf_leakage
2026-07-19T16:22:23+00:00,station2,0.0,2.512,19.938,0.0,2425281.8727272726,127618.12727272726,19.40225498181818,1.020945018181818,vrf_leakage,compound_congestion_breach_03_vrf_leakage
2026-07-19T16:22:23+00:00,station3,0.0,0.024,0.308,0.0,243.38181818181818,1314.7454545454543,0.0019470545454545454,0.010517963636363635,vrf_leakage,compound_congestion_breach_03_vrf_leakage
2026-07-19T16:22:38+00:00,station1,0.0,26.012,430.516,0.0,79243.50909090908,1466578.1636363636,0.6339480727272726,11.732625309090908,vrf_leakage,compound_congestion_breach_03_vrf_leakage
2026-07-19T16:22:38+00:00,station2,0.0,20.637,433.811,0.0,1465309.1818181819,80214.47272727272,11.722473454545455,0.6417157818181818,vrf_leakage,compound_congestion_breach_03_vrf_leakage
2026-07-19T16:22:38+00:00,station3,0.0,23.933,412.824,0.0,196.89090909090908,1091.3636363636363,0.0015751272727272726,0.00873090909090909,vrf_leakage,compound_congestion_breach_03_vrf_leakage
2026-07-19T16:22:53+00:00,station1,0.0,2.839,396.912,0.0,66268.79999999999,1170800.727272727,0.5301503999999999,9.366405818181816,vrf_leakage,compound_congestion_breach_03_vrf_leakage
2026-07-19T16:22:53+00:00,station2,0.0,8.781,402.139,0.0,1169527.9818181817,67471.4909090909,9.356223854545453,0.5397719272727273,vrf_leakage,compound_congestion_breach_03_vrf_leakage
2026-07-19T16:22:53+00:00,station3,0.0,2.515,382.431,0.0,237.45454545454544,1311.2363636363634,0.0018996363636363635,0.010489890909090907,vrf_leakage,compound_congestion_breach_03_vrf_leakage
2026-07-19T16:23:08+00:00,station1,0.0,55.565,384.076,0.0,28075.801378206877,448914.25298641797,0.224606411025655,3.5913140238913437,vrf_leakage,compound_congestion_breach_03_vrf_leakage
2026-07-19T16:23:08+00:00,station2,0.0,51.162,382.821,0.0,447726.70909090905,29167.50909090909,3.5818136727272725,0.23334007272727272,vrf_leakage,compound_congestion_breach_03_vrf_leakage
2026-07-19T16:23:08+00:00,station3,0.0,52.817,366.597,0.0,197.4181818181818,1091.6727272727271,0.0015793454545454545,0.008733381818181818,vrf_leakage,compound_congestion_breach_03_vrf_leakage
2026-07-19T16:23:23+00:00,station1,0.0,4.377,408.194,0.0,38951.964509736186,653315.7942582861,0.3116157160778895,5.226526354066289,vrf_leakage,compound_congestion_breach_03_vrf_leakage
2026-07-19T16:23:23+00:00,station2,0.0,8.831,405.457,0.0,651715.7272727272,40174.16363636363,5.213725818181818,0.321393309090909,vrf_leakage,compound_congestion_breach_03_vrf_leakage
2026-07-19T16:23:23+00:00,station3,0.0,1.275,391.09,0.0,234.03636363636363,1307.8181818181815,0.001872290909090909,0.010462545454545452,vrf_leakage,compound_congestion_breach_03_vrf_leakage
2026-07-19T16:23:38+00:00,station1,0.0,1.869,20.659,0.0,29214.749359079255,496108.34742449864,0.23371799487263403,3.9688667793959893,vrf_leakage,compound_congestion_breach_03_vrf_leakage
2026-07-19T16:23:38+00:00,station2,0.0,4.546,17.125,0.0,494891.61818181816,30359.163636363635,3.959132945454545,0.2428733090909091,vrf_leakage,compound_congestion_breach_03_vrf_leakage
2026-07-19T16:23:38+00:00,station3,0.0,0.041,0.246,0.0,196.96363636363634,1091.6545454545453,0.0015757090909090908,0.008733236363636362,vrf_leakage,compound_congestion_breach_03_vrf_leakage
2026-07-19T16:23:53+00:00,station1,0.0,7.15,412.016,0.0,33493.99101834512,562850.3845384629,0.26795192814676094,4.5028030763077025,vrf_leakage,compound_congestion_breach_03_vrf_leakage
2026-07-19T16:23:53+00:00,station2,0.0,10.462,407.647,0.0,561355.509090909,34799.94545454545,4.490844072727272,0.2783995636363636,vrf_leakage,compound_congestion_breach_03_vrf_leakage
2026-07-19T16:23:53+00:00,station3,0.0,9.701,392.28,0.0,241.16363636363633,1313.8181818181815,0.0019293090909090907,0.010510545454545453,vrf_leakage,compound_congestion_breach_03_vrf_leakage
2026-07-19T16:24:08+00:00,station1,0.0,10.981,384.022,0.0,27638.50755495754,449272.9239776715,0.22110806043966033,3.594183391821372,vrf_leakage,compound_congestion_breach_03_vrf_leakage
2026-07-19T16:24:08+00:00,station2,0.0,14.884,381.615,0.0,447950.309090909,28718.909090909092,3.5836024727272724,0.22975127272727275,vrf_leakage,compound_congestion_breach_03_vrf_leakage
2026-07-19T16:24:08+00:00,station3,0.0,13.5,364.85,0.0,204.54545454545453,1099.0363636363634,0.0016363636363636363,0.008792290909090906,vrf_leakage,compound_congestion_breach_03_vrf_leakage
2026-07-19T16:24:23+00:00,station1,0.0,21.317,440.007,0.0,33388.163636363635,562884.509090909,0.26710530909090907,4.503076072727272,vrf_leakage,compound_congestion_breach_03_vrf_leakage
2026-07-19T16:24:23+00:00,station2,0.0,20.264,439.946,0.0,561484.8545454546,34694.090909090904,4.491878836363637,0.27755272727272723,vrf_leakage,compound_congestion_breach_03_vrf_leakage
2026-07-19T16:24:23+00:00,station3,0.0,22.209,419.537,0.0,237.96363636363634,1316.2,0.0019037090909090908,0.0105296,vrf_leakage,compound_congestion_breach_03_vrf_leakage
2026-07-19T16:24:38+00:00,station1,0.0,5.729,401.023,0.0,34036.29090909091,568180.5272727272,0.2722903272727273,4.545444218181818,vrf_leakage,compound_congestion_breach_03_vrf_leakage
2026-07-19T16:24:38+00:00,station2,0.0,2.267,398.837,0.0,566888.7818181817,35131.8,4.535110254545454,0.28105440000000004,vrf_leakage,compound_congestion_breach_03_vrf_leakage
2026-07-19T16:24:38+00:00,station3,0.0,5.192,382.331,0.0,200.25454545454542,1098.0727272727272,0.0016020363636363635,0.008784581818181817,vrf_leakage,compound_congestion_breach_03_vrf_leakage
2026-07-19T16:24:53+00:00,station1,0.0,34.084,407.239,0.0,33171.181818181816,562907.4545454546,0.2653694545454545,4.503259636363636,vrf_leakage,compound_congestion_breach_03_vrf_leakage
2026-07-19T16:24:53+00:00,station2,0.0,39.235,406.161,0.0,561398.709090909,34477.781818181815,4.4911896727272715,0.2758222545454545,vrf_leakage,compound_congestion_breach_03_vrf_leakage
2026-07-19T16:24:53+00:00,station3,0.0,37.014,391.013,0.0,231.8181818181818,1311.3454545454545,0.0018545454545454544,0.010490763636363636,vrf_leakage,compound_congestion_breach_03_vrf_leakage
2026-07-19T16:25:08+00:00,station1,0.0,4.599,278.267,0.0,26948.41818181818,449295.8363636363,0.21558734545454544,3.5943666909090903,vrf_leakage,compound_congestion_breach_03_vrf_leakage
2026-07-19T16:25:08+00:00,station2,0.0,1.147,288.028,0.0,447965.98181818175,28031.14545454545,3.583727854545454,0.2242491636363636,vrf_leakage,compound_congestion_breach_03_vrf_leakage
2026-07-19T16:25:08+00:00,station3,0.0,4.861,261.668,0.0,195.74545454545452,1095.581818181818,0.0015659636363636361,0.008764654545454545,vrf_leakage,compound_congestion_breach_03_vrf_leakage
2026-07-19T16:25:23+00:00,station1,0.0,57.11,412.03,0.0,33527.58181818182,562881.6363636364,0.2682206545454545,4.5030530909090905,vrf_leakage,compound_congestion_breach_03_vrf_leakage
2026-07-19T16:25:23+00:00,station2,0.0,48.765,406.469,0.0,561397.9636363635,34836.163636363635,4.491183709090908,0.2786893090909091,vrf_leakage,compound_congestion_breach_03_vrf_leakage
2026-07-19T16:25:23+00:00,station3,0.0,54.454,393.889,0.0,236.87272727272727,1312.6727272727271,0.001894981818181818,0.010501381818181816,vrf_leakage,compound_congestion_breach_03_vrf_leakage
2026-07-19T16:25:38+00:00,station1,0.0,1.796,407.572,0.0,30146.32727272727,503034.2545454545,0.24117061818181817,4.024274036363636,vrf_leakage,compound_congestion_breach_03_vrf_leakage
2026-07-19T16:25:38+00:00,station2,0.0,5.889,405.002,0.0,501866.61818181816,31247.290909090905,4.014932945454546,0.24997832727272723,vrf_leakage,compound_congestion_breach_03_vrf_leakage
2026-07-19T16:25:38+00:00,station3,0.0,3.093,384.475,0.0,193.36363636363635,1093.290909090909,0.0015469090909090908,0.008746327272727273,vrf_leakage,compound_congestion_breach_03_vrf_leakage
2026-07-19T16:25:53+00:00,station1,0.0,3.069,16.343,0.0,38128.41818181818,643499.8181818181,0.30502734545454546,5.147998545454545,vrf_leakage,compound_congestion_breach_03_vrf_leakage
2026-07-19T16:25:53+00:00,station2,0.0,2.263,17.014,0.0,641987.309090909,39446.94545454545,5.135898472727272,0.3155755636363636,vrf_leakage,compound_congestion_breach_03_vrf_leakage
2026-07-19T16:25:53+00:00,station3,0.0,0.063,0.27,0.0,255.49090909090907,1336.2181818181816,0.0020439272727272727,0.010689745454545452,vrf_leakage,compound_congestion_breach_03_vrf_leakage
2026-07-19T16:26:08+00:00,station1,0.0,37.082,332.657,0.0,25912.12727272727,435220.5818181818,0.20729701818181817,3.4817646545454544,vrf_leakage,compound_congestion_breach_03_vrf_leakage
2026-07-19T16:26:08+00:00,station2,0.0,37.68,345.524,0.0,433959.1272727272,27006.50909090909,3.4716730181818174,0.21605207272727273,vrf_leakage,compound_congestion_breach_03_vrf_leakage
2026-07-19T16:26:08+00:00,station3,0.0,38.243,318.042,0.0,218.87272727272727,1120.5636363636363,0.0017509818181818183,0.00896450909090909,vrf_leakage,compound_congestion_breach_03_vrf_leakage
2026-07-19T16:26:23+00:00,station1,0.0,33.958,432.173,0.0,33190.52727272727,548861.4545454545,0.26552421818181815,4.390891636363635,vrf_leakage,compound_congestion_breach_03_vrf_leakage
2026-07-19T16:26:23+00:00,station2,0.0,28.098,436.96,0.0,547361.2545454545,34501.63636363636,4.378890036363636,0.2760130909090909,vrf_leakage,compound_congestion_breach_03_vrf_leakage
2026-07-19T16:26:23+00:00,station3,0.0,32.081,412.769,0.0,256.3636363636363,1335.890909090909,0.0020509090909090907,0.010687127272727272,vrf_leakage,compound_congestion_breach_03_vrf_leakage
2026-07-19T16:26:38+00:00,station1,0.0,7.769,418.721,0.0,25796.181818181816,435242.5999999999,0.20636945454545452,3.4819407999999994,vrf_leakage,compound_congestion_breach_03_vrf_leakage
2026-07-19T16:26:38+00:00,station2,0.0,6.504,415.883,0.0,434063.54545454547,26881.799999999996,3.4725083636363636,0.21505439999999998,vrf_leakage,compound_congestion_breach_03_vrf_leakage
2026-07-19T16:26:38+00:00,station3,0.0,6.743,397.92,0.0,195.67272727272726,1089.8363636363636,0.001565381818181818,0.008718690909090908,vrf_leakage,compound_congestion_breach_03_vrf_leakage
2026-07-19T16:26:53+00:00,station1,0.0,43.921,396.145,0.0,34657.993781705125,587191.1125656831,0.277263950253641,4.697528900525465,vrf_leakage,compound_congestion_breach_03_vrf_leakage
2026-07-19T16:26:53+00:00,station2,0.0,37.604,398.731,0.0,585690.4545454546,35963.763636363634,4.685523636363636,0.28771010909090905,vrf_leakage,compound_congestion_breach_03_vrf_leakage
2026-07-19T16:26:53+00:00,station3,0.0,43.196,382.314,0.0,237.74545454545452,1312.3636363636363,0.0019019636363636363,0.01049890909090909,vrf_leakage,compound_congestion_breach_03_vrf_leakage
2026-07-19T16:27:08+00:00,station1,0.0,0.054,0.228,0.0,56796.80369447828,1079829.94854639,0.45437442955582624,8.63863958837112,vrf_leakage,compound_congestion_breach_03_vrf_leakage
2026-07-19T16:27:08+00:00,station2,0.0,0.025,0.234,0.0,1078665.7272727273,57962.58181818181,8.629325818181819,0.4637006545454545,vrf_leakage,compound_congestion_breach_03_vrf_leakage
2026-07-19T16:27:08+00:00,station3,0.0,0.027,0.314,0.0,200.03636363636363,1096.1272727272726,0.001600290909090909,0.00876901818181818,vrf_leakage,compound_congestion_breach_03_vrf_leakage
2026-07-19T16:27:23+00:00,station1,0.0,0.178,0.881,0.0,189130.30909090908,3736239.1818181816,1.5130424727272727,29.889913454545454,vrf_leakage,compound_congestion_breach_03_vrf_leakage
2026-07-19T16:27:23+00:00,station2,0.0,0.117,0.737,0.0,3735017.1818181816,190525.25454545452,29.88013745454545,1.5242020363636362,vrf_leakage,compound_congestion_breach_03_vrf_leakage
2026-07-19T16:27:23+00:00,station3,0.0,0.037,0.778,0.0,236.65454545454543,1311.7272727272725,0.0018932363636363634,0.01049381818181818,vrf_leakage,compound_congestion_breach_03_vrf_leakage
2026-07-19T16:27:38+00:00,station1,0.0,0.045,0.743,0.0,286883.4097025238,5742072.859844352,2.2950672776201904,45.93658287875482,vrf_leakage,compound_congestion_breach_03_vrf_leakage
2026-07-19T16:27:38+00:00,station2,0.0,0.225,1.026,0.0,5740641.0,288032.3636363636,45.925128,2.3042589090909087,vrf_leakage,compound_congestion_breach_03_vrf_leakage
2026-07-19T16:27:38+00:00,station3,0.0,0.056,0.757,0.0,192.9272727272727,1088.0727272727272,0.0015434181818181816,0.008704581818181817,vrf_leakage,compound_congestion_breach_03_vrf_leakage
2026-07-19T16:27:53+00:00,station1,0.0,0.554,1.187,0.0,502735.7310398749,10098075.095005183,4.021885848318999,80.78460076004146,vrf_leakage,compound_congestion_breach_03_vrf_leakage
2026-07-19T16:27:53+00:00,station2,0.0,0.792,1.294,0.0,10096275.618181817,504097.309090909,80.77020494545454,4.032778472727272,vrf_leakage,compound_congestion_breach_03_vrf_leakage
2026-07-19T16:27:53+00:00,station3,0.0,0.077,0.64,0.0,237.74545454545452,1311.1636363636362,0.0019019636363636363,0.01048930909090909,vrf_leakage,compound_congestion_breach_03_vrf_leakage
2026-07-19T16:28:08+00:00,station1,0.0,1.075,1.925,0.0,555012.8361302522,11169862.111597972,4.440102689042018,89.35889689278378,vrf_leakage,compound_congestion_breach_03_vrf_leakage
2026-07-19T16:28:08+00:00,station2,0.0,1.396,1.696,0.0,11168485.181818182,556116.9090909091,89.34788145454546,4.448935272727272,vrf_leakage,compound_congestion_breach_03_vrf_leakage
2026-07-19T16:28:08+00:00,station3,0.0,0.045,0.931,0.0,198.4,1091.381818181818,0.0015872,0.008731054545454545,vrf_leakage,compound_congestion_breach_03_vrf_leakage
2026-07-19T16:28:23+00:00,station1,0.0,0.183,0.898,0.0,552821.6909090909,11107226.054545455,4.422573527272728,88.85780843636364,vrf_leakage,compound_congestion_breach_03_vrf_leakage
2026-07-19T16:28:23+00:00,station2,0.0,0.091,0.753,0.0,11105367.727272727,554115.5818181818,88.84294181818181,4.432924654545454,vrf_leakage,compound_congestion_breach_03_vrf_leakage
2026-07-19T16:28:23+00:00,station3,0.0,0.131,0.834,0.0,237.74545454545452,1306.109090909091,0.0019019636363636363,0.010448872727272728,vrf_leakage,compound_congestion_breach_03_vrf_leakage
2026-07-19T16:28:38+00:00,station1,0.0,0.191,0.819,0.0,442440.69090909086,8873458.89090909,3.539525527272727,70.98767112727272,vrf_leakage,compound_congestion_breach_03_vrf_leakage
2026-07-19T16:28:38+00:00,station2,0.0,0.201,0.822,0.0,8872301.872727271,443528.4909090909,70.97841498181818,3.5482279272727273,vrf_leakage,compound_congestion_breach_03_vrf_leakage
2026-07-19T16:28:38+00:00,station3,0.0,0.128,0.794,0.0,191.83636363636364,1080.6,0.0015346909090909091,0.0086448,vrf_leakage,compound_congestion_breach_03_vrf_leakage
2026-07-19T16:28:53+00:00,station1,0.0,0.224,0.758,0.0,554913.9090909091,11107305.654545454,4.439311272727273,88.85844523636364,vrf_leakage,compound_congestion_breach_03_vrf_leakage
2026-07-19T16:28:53+00:00,station2,0.0,0.587,1.427,0.0,11105135.69090909,556211.8909090909,88.84108552727271,4.449695127272727,vrf_leakage,compound_congestion_breach_03_vrf_leakage
2026-07-19T16:28:53+00:00,station3,0.0,0.587,1.198,0.0,239.49090909090907,1308.509090909091,0.0019159272727272726,0.010468072727272727,vrf_leakage,compound_congestion_breach_03_vrf_leakage
2026-07-19T16:29:08+00:00,station1,0.0,0.146,0.935,0.0,471224.0404370989,9407962.472044947,3.769792323496791,75.26369977635957,vrf_leakage,compound_congestion_breach_03_vrf_leakage
2026-07-19T16:29:08+00:00,station2,0.0,0.046,0.911,0.0,9406347.145454545,472304.87272727274,75.25077716363636,3.778438981818182,vrf_leakage,compound_congestion_breach_03_vrf_leakage
2026-07-19T16:29:08+00:00,station3,0.0,0.029,0.605,0.0,200.14545454545453,1091.6181818181817,0.0016011636363636361,0.008732945454545454,vrf_leakage,compound_congestion_breach_03_vrf_leakage
2026-07-19T16:29:23+00:00,station1,0.0,0.046,0.222,0.0,647091.4660751945,12937146.462075485,5.176731728601556,103.49717169660389,vrf_leakage,compound_congestion_breach_03_vrf_leakage
2026-07-19T16:29:23+00:00,station2,0.0,0.062,0.254,0.0,12936752.890909089,648438.109090909,103.49402312727271,5.187504872727272,vrf_leakage,compound_congestion_breach_03_vrf_leakage
2026-07-19T16:29:23+00:00,station3,0.0,0.01,0.244,0.0,239.49090909090907,1309.6727272727271,0.0019159272727272726,0.010477381818181817,vrf_leakage,compound_congestion_breach_03_vrf_leakage
2026-07-19T16:29:38+00:00,station1,0.0,0.211,2.018,0.0,444932.7636363636,8877353.854545454,3.559462109090909,71.01883083636363,vrf_leakage,compound_congestion_breach_03_vrf_leakage
2026-07-19T16:29:38+00:00,station2,0.0,0.646,2.44,0.0,8876091.799999999,446014.9636363636,71.0087344,3.568119709090909,vrf_leakage,compound_congestion_breach_03_vrf_leakage
2026-07-19T16:29:38+00:00,station3,0.0,0.006,0.245,0.0,194.58181818181816,1083.5636363636363,0.0015566545454545452,0.00866850909090909,vrf_leakage,compound_congestion_breach_03_vrf_leakage
2026-07-19T16:29:53+00:00,station1,0.0,0.215,2.29,0.0,556855.7014035343,11113151.952585267,4.454845611228274,88.90521562068214,vrf_leakage,compound_congestion_breach_03_vrf_leakage
2026-07-19T16:29:53+00:00,station2,0.0,0.731,2.122,0.0,11112969.618181817,558193.3818181817,88.90375694545453,4.465547054545453,vrf_leakage,compound_congestion_breach_03_vrf_leakage
2026-07-19T16:29:53+00:00,station3,0.0,1448.734,2946.314,0.0,217.07272727272726,1320.5272727272725,0.0017365818181818181,0.01056421818181818,vrf_leakage,compound_congestion_breach_03_vrf_leakage
2026-07-19T16:30:08+00:00,station1,0.0,0.26,2.849,0.0,445072.3441391975,8878786.403883565,3.56057875311358,71.03029123106852,vrf_leakage,compound_congestion_breach_03_vrf_leakage
2026-07-19T16:30:08+00:00,station2,0.0,0.307,2.056,0.0,8877691.363636363,446143.94545454544,71.02153090909091,3.5691515636363635,vrf_leakage,compound_congestion_breach_03_vrf_leakage
2026-07-19T16:30:08+00:00,station3,0.0,830.618,1130.786,0.0,233.54545454545453,1125.3090909090909,0.0018683636363636363,0.009002472727272727,vrf_leakage,compound_congestion_breach_03_vrf_leakage
2026-07-19T16:30:23+00:00,station1,0.0,0.479,1.543,0.0,579755.2860753051,11579633.49271858,4.638042288602441,92.63706794174864,vrf_leakage,compound_congestion_breach_03_vrf_leakage
2026-07-19T16:30:23+00:00,station2,0.0,0.68,2.047,0.0,11579453.327272726,581274.2545454545,92.6356266181818,4.6501940363636365,vrf_leakage,compound_congestion_breach_03_vrf_leakage
2026-07-19T16:30:23+00:00,station3,0.0,2940.115,5392.214,0.0,259.54545454545456,1346.7454545454543,0.0020763636363636366,0.010773963636363635,vrf_leakage,compound_congestion_breach_03_vrf_leakage
2026-07-19T16:30:38+00:00,station1,0.0,0.062,0.322,0.0,538499.9909095868,10772392.251331747,4.307999927276694,86.17913801065397,vrf_leakage,compound_congestion_breach_03_vrf_leakage
2026-07-19T16:30:38+00:00,station2,0.0,0.043,0.192,0.0,10771699.654545454,539679.9818181818,86.17359723636363,4.317439854545454,vrf_leakage,compound_congestion_breach_03_vrf_leakage
2026-07-19T16:30:38+00:00,station3,0.0,0.099,0.418,0.0,239.79999999999998,1116.6363636363635,0.0019183999999999998,0.008933090909090908,vrf_leakage,compound_congestion_breach_03_vrf_leakage
2026-07-19T16:30:53+00:00,station1,0.0,0.157,1.026,0.0,456972.5999999999,11290854.38181818,3.655780799999999,90.32683505454544,vrf_leakage,compound_congestion_breach_03_vrf_leakage
2026-07-19T16:30:53+00:00,station2,0.0,0.169,0.911,0.0,11289239.109090907,458140.69090909086,90.31391287272726,3.665125527272727,vrf_leakage,compound_congestion_breach_03_vrf_leakage
2026-07-19T16:30:53+00:00,station3,0.0,0.121,0.635,0.0,285.8181818181818,1324.709090909091,0.0022865454545454543,0.010597672727272727,vrf_leakage,compound_congestion_breach_03_vrf_leakage
2026-07-19T16:31:08+00:00,station1,0.0,0.17,0.842,0.0,345604.0,9058068.363636363,2.764832,72.46454690909091,vrf_leakage,compound_congestion_breach_03_vrf_leakage
2026-07-19T16:31:08+00:00,station2,0.0,0.179,0.862,0.0,9056490.854545454,346548.8909090909,72.45192683636363,2.772391127272727,vrf_leakage,compound_congestion_breach_03_vrf_leakage
2026-07-19T16:31:08+00:00,station3,0.0,0.065,0.674,0.0,199.78181818181818,1094.0363636363634,0.0015982545454545454,0.008752290909090908,vrf_leakage,compound_congestion_breach_03_vrf_leakage
2026-07-19T16:31:23+00:00,station1,0.0,0.093,0.89,0.0,458232.2866856966,11291968.29148561,3.6658582934855732,90.33574633188488,vrf_leakage,compound_congestion_breach_03_vrf_leakage
2026-07-19T16:31:23+00:00,station2,0.0,0.045,0.767,0.0,11289873.8,459217.0363636363,90.3189904,3.6737362909090905,vrf_leakage,compound_congestion_breach_03_vrf_leakage
2026-07-19T16:31:23+00:00,station3,0.0,0.053,0.741,0.0,247.59999999999997,1305.090909090909,0.0019807999999999996,0.010440727272727272,vrf_leakage,compound_congestion_breach_03_vrf_leakage
2026-07-19T16:31:38+00:00,station1,0.0,0.032,0.721,0.0,478148.6336612061,10277298.994563734,3.825189069289649,82.21839195650988,vrf_leakage,compound_congestion_breach_03_vrf_leakage
2026-07-19T16:31:38+00:00,station2,0.0,0.195,0.932,0.0,10276617.709090909,479264.67272727273,82.21294167272727,3.834117381818182,vrf_leakage,compound_congestion_breach_03_vrf_leakage
2026-07-19T16:31:38+00:00,station3,0.0,0.081,0.696,0.0,191.6181818181818,1087.7636363636364,0.0015329454545454544,0.00870210909090909,vrf_leakage,compound_congestion_breach_03_vrf_leakage
2026-07-19T16:31:53+00:00,station1,0.0,0.03,0.28,0.0,643764.8181818181,12833356.327272726,5.150118545454545,102.66685061818181,vrf_leakage,compound_congestion_breach_03_vrf_leakage
2026-07-19T16:31:53+00:00,station2,0.0,0.028,0.197,0.0,12831974.49090909,645063.5272727272,102.65579592727272,5.160508218181818,vrf_leakage,compound_congestion_breach_03_vrf_leakage
2026-07-19T16:31:53+00:00,station3,0.0,0.055,0.27,0.0,233.16363636363633,1307.7636363636364,0.0018653090909090907,0.01046210909090909,vrf_leakage,compound_congestion_breach_03_vrf_leakage
2026-07-19T16:32:08+00:00,station1,0.0,0.062,0.876,0.0,446110.64239867625,8877098.659926904,3.56888513918941,71.01678927941524,vrf_leakage,compound_congestion_breach_03_vrf_leakage
2026-07-19T16:32:08+00:00,station2,0.0,0.089,1.118,0.0,8875248.49090909,447160.0363636363,71.00198792727272,3.5772802909090906,vrf_leakage,compound_congestion_breach_03_vrf_leakage
2026-07-19T16:32:08+00:00,station3,0.0,0.139,0.644,0.0,199.67272727272726,1092.290909090909,0.001597381818181818,0.008738327272727272,vrf_leakage,compound_congestion_breach_03_vrf_leakage
2026-07-19T16:32:23+00:00,station1,0.0,0.045,0.805,0.0,555911.4775557697,11110304.837917931,4.447291820446158,88.88243870334345,vrf_leakage,compound_congestion_breach_03_vrf_leakage
2026-07-19T16:32:23+00:00,station2,0.0,0.191,0.88,0.0,11108125.29090909,557224.0363636364,88.86500232727272,4.457792290909091,vrf_leakage,compound_congestion_breach_03_vrf_leakage
2026-07-19T16:32:23+00:00,station3,0.0,0.15,0.854,0.0,231.5272727272727,1305.6727272727271,0.0018522181818181817,0.010445381818181818,vrf_leakage,compound_congestion_breach_03_vrf_leakage
2026-07-19T16:32:38+00:00,station1,0.0,0.143,0.889,0.0,442751.7317866947,8874174.37864766,3.542013854293558,70.99339502918129,vrf_leakage,compound_congestion_breach_03_vrf_leakage
2026-07-19T16:32:38+00:00,station2,0.0,0.178,0.901,0.0,8873545.327272726,443864.90909090906,70.98836261818181,3.5509192727272723,vrf_leakage,compound_congestion_breach_03_vrf_leakage
2026-07-19T16:32:38+00:00,station3,0.0,0.199,0.787,0.0,193.18181818181816,1086.9636363636362,0.0015454545454545452,0.008695709090909089,vrf_leakage,compound_congestion_breach_03_vrf_leakage
2026-07-19T16:32:53+00:00,station1,0.0,1.136,1.683,0.0,581431.8363636363,11682228.945454543,4.65145469090909,93.45783156363635,vrf_leakage,compound_congestion_breach_03_vrf_leakage
2026-07-19T16:32:53+00:00,station2,0.0,1.221,1.798,0.0,11680814.781818181,582751.2,93.44651825454545,4.662009599999999,vrf_leakage,compound_congestion_breach_03_vrf_leakage
2026-07-19T16:32:53+00:00,station3,0.0,0.231,0.53,0.0,234.36363636363635,1307.509090909091,0.0018749090909090907,0.010460072727272727,vrf_leakage,compound_congestion_breach_03_vrf_leakage
2026-07-19T16:33:08+00:00,station1,0.0,0.032,0.315,0.0,529665.9818181818,10660259.527272727,4.2373278545454545,85.28207621818181,vrf_leakage,compound_congestion_breach_03_vrf_leakage
2026-07-19T16:33:08+00:00,station2,0.0,0.023,0.22,0.0,10658624.781818181,530736.3454545455,85.26899825454545,4.245890763636364,vrf_leakage,compound_congestion_breach_03_vrf_leakage
2026-07-19T16:33:08+00:00,station3,0.0,0.021,0.212,0.0,197.74545454545452,1091.9818181818182,0.001581963636363636,0.008735854545454546,vrf_leakage,compound_congestion_breach_03_vrf_leakage
2026-07-19T16:33:23+00:00,station1,0.0,0.23,2.156,0.0,553859.4727272727,11109256.236363636,4.430875781818181,88.87404989090909,vrf_leakage,compound_congestion_breach_03_vrf_leakage
2026-07-19T16:33:23+00:00,station2,0.0,0.116,2.227,0.0,11109590.49090909,555208.4909090908,88.87672392727272,4.441667927272727,vrf_leakage,compound_congestion_breach_03_vrf_leakage
2026-07-19T16:33:23+00:00,station3,0.0,1747.334,3267.331,0.0,232.83636363636364,1308.0363636363634,0.001862690909090909,0.010464290909090908,vrf_leakage,compound_congestion_breach_03_vrf_leakage
2026-07-19T16:33:38+00:00,station1,0.0,0.252,2.511,0.0,443650.84733435157,8878062.277256528,3.5492067786748125,71.02449821805223,vrf_leakage,compound_congestion_breach_03_vrf_leakage
2026-07-19T16:33:38+00:00,station2,0.0,0.3,2.232,0.0,8876450.2,444713.9636363636,71.01160159999999,3.557711709090909,vrf_leakage,compound_congestion_breach_03_vrf_leakage
2026-07-19T16:33:38+00:00,station3,0.0,1747.334,3267.331,100.0,181.65454545454543,1092.6363636363635,0.0014532363636363633,0.008741090909090908,vrf_leakage,compound_congestion_breach_03_vrf_leakage
2026-07-19T16:33:53+00:00,station1,0.0,0.371,2.093,0.0,556088.8545454545,11112256.454545455,4.448710836363636,88.89805163636365,vrf_leakage,compound_congestion_breach_03_vrf_leakage
2026-07-19T16:33:53+00:00,station2,0.0,0.5,2.305,0.0,11110846.745454544,557363.2727272727,88.88677396363636,4.458906181818182,vrf_leakage,compound_congestion_breach_03_vrf_leakage
2026-07-19T16:33:53+00:00,station3,0.0,1747.334,3267.331,100.0,247.34545454545454,1331.9272727272726,0.0019787636363636364,0.01065541818181818,vrf_leakage,compound_congestion_breach_03_vrf_leakage
2026-07-19T16:34:08+00:00,station1,0.0,0.063,2.088,0.0,558872.8885979746,11172557.11922035,4.470983108783797,89.3804569537628,vrf_leakage,compound_congestion_breach_03_vrf_leakage
2026-07-19T16:34:08+00:00,station2,0.0,0.283,2.618,0.0,11171165.145454545,559930.9636363635,89.36932116363636,4.479447709090908,vrf_leakage,compound_congestion_breach_03_vrf_leakage
2026-07-19T16:34:08+00:00,station3,0.0,1747.334,3267.331,100.0,235.2181818181818,1125.0363636363634,0.0018817454545454542,0.009000290909090908,vrf_leakage,compound_congestion_breach_03_vrf_leakage
2026-07-19T16:34:23+00:00,station1,0.0,0.009,0.194,0.0,536963.0201988983,10731723.16055488,4.295704161591186,85.85378528443904,vrf_leakage,compound_congestion_breach_03_vrf_leakage
2026-07-19T16:34:23+00:00,station2,0.0,0.068,0.248,0.0,10730366.436363636,538245.4363636363,85.84293149090908,4.3059634909090905,vrf_leakage,compound_congestion_breach_03_vrf_leakage
2026-07-19T16:34:23+00:00,station3,0.0,0.034,0.247,0.0,280.4181818181818,1347.1818181818182,0.002243345454545454,0.010777454545454547,vrf_leakage,compound_congestion_breach_03_vrf_leakage
2026-07-19T16:34:38+00:00,station1,0.0,0.903,3.346,0.0,333498.84551751724,6647488.482446413,2.667990764140138,53.1799078595713,vrf_leakage,compound_congestion_breach_03_vrf_leakage
2026-07-19T16:34:38+00:00,station2,0.0,1.22,2.518,0.0,6646529.709090908,334577.0727272727,53.17223767272726,2.6766165818181817,vrf_leakage,compound_congestion_breach_03_vrf_leakage
2026-07-19T16:34:38+00:00,station3,0.0,0.022,0.229,0.0,253.9090909090909,1122.5272727272725,0.002031272727272727,0.00898021818181818,vrf_leakage,compound_congestion_breach_03_vrf_leakage
2026-07-19T16:34:53+00:00,station1,0.0,0.306,2.295,0.0,445297.6564914641,8881439.376034034,3.562381251931713,71.05151500827228,vrf_leakage,compound_congestion_breach_03_vrf_leakage
2026-07-19T16:34:53+00:00,station2,0.0,0.22,2.304,0.0,8880531.927272728,446612.18181818177,71.04425541818182,3.572897454545454,vrf_leakage,compound_congestion_breach_03_vrf_leakage
2026-07-19T16:34:53+00:00,station3,0.0,902.957,4082.654,33.33333333333333,267.6545454545454,1328.509090909091,0.0021412363636363636,0.010628072727272727,vrf_leakage,compound_congestion_breach_03_vrf_leakage
2026-07-19T16:35:08+00:00,station1,0.0,0.373,2.457,0.0,355364.4545454545,7088382.454545454,2.8429156363636356,56.70705963636363,vrf_leakage,compound_congestion_breach_03_vrf_leakage
2026-07-19T16:35:08+00:00,station2,0.0,0.052,2.609,0.0,7087199.254545454,356455.61818181816,56.69759403636363,2.851644945454545,vrf_leakage,compound_congestion_breach_03_vrf_leakage
2026-07-19T16:35:08+00:00,station3,0.0,1444.335,2957.575,0.0,200.9090909090909,1098.581818181818,0.0016072727272727272,0.008788654545454544,vrf_leakage,compound_congestion_breach_03_vrf_leakage
2026-07-19T16:35:23+00:00,station1,0.0,1.093,3.074,0.0,578576.8958056833,11555270.239805102,4.628615166445467,92.44216191844082,vrf_leakage,compound_congestion_breach_03_vrf_leakage
2026-07-19T16:35:23+00:00,station2,0.0,1.099,3.086,0.0,11554617.8,579918.309090909,92.4369424,4.639346472727271,vrf_leakage,compound_congestion_breach_03_vrf_leakage
2026-07-19T16:35:23+00:00,station3,0.0,1443.993,2959.363,0.0,240.58181818181816,1316.290909090909,0.0019246545454545453,0.010530327272727272,vrf_leakage,compound_congestion_breach_03_vrf_leakage
2026-07-19T16:35:38+00:00,station1,0.0,5.888,8.554,0.0,539603.3272727273,10793141.672727274,4.3168266181818185,86.34513338181819,vrf_leakage,compound_tunnel_degradation_01_vrf_leakage
2026-07-19T16:35:38+00:00,station2,0.0,4.156,5.92,0.0,10791235.181818182,540645.2909090909,86.32988145454546,4.325162327272727,vrf_leakage,compound_tunnel_degradation_01_vrf_leakage
2026-07-19T16:35:38+00:00,station3,0.0,4.299,6.266,0.0,218.29090909090908,1092.8,0.0017463272727272726,0.008742399999999999,vrf_leakage,compound_tunnel_degradation_01_vrf_leakage
2026-07-19T16:35:53+00:00,station1,0.0,1.274,11.765,0.0,432578.22585043905,8608069.907819858,3.4606258068035123,68.86455926255886,vrf_leakage,compound_tunnel_degradation_01_vrf_leakage
2026-07-19T16:35:53+00:00,station2,0.0,2.086,11.958,0.0,8606636.89090909,433966.9636363636,68.85309512727272,3.471735709090909,vrf_leakage,compound_tunnel_degradation_01_vrf_leakage
2026-07-19T16:35:53+00:00,station3,0.0,1.952,8.964,0.0,242.54545454545453,1307.1636363636362,0.0019403636363636363,0.010457309090909089,vrf_leakage,compound_tunnel_degradation_01_vrf_leakage
2026-07-19T16:36:08+00:00,station1,0.0,1.707,12.633,0.0,219491.9818181818,4257349.745454545,1.7559358545454544,34.05879796363636,vrf_leakage,compound_tunnel_degradation_01_vrf_leakage
2026-07-19T16:36:08+00:00,station2,0.0,1.262,11.419,0.0,4255812.709090909,220636.25454545452,34.046501672727274,1.7650900363636362,vrf_leakage,compound_tunnel_degradation_01_vrf_leakage
2026-07-19T16:36:08+00:00,station3,0.0,1.029,9.799,0.0,198.5090909090909,1085.2181818181818,0.0015880727272727271,0.008681745454545454,vrf_leakage,compound_tunnel_degradation_01_vrf_leakage
2026-07-19T16:36:23+00:00,station1,0.0,0.94,12.779,0.0,127000.96363636362,2246686.8909090906,1.016007709090909,17.973495127272724,vrf_leakage,compound_tunnel_degradation_01_vrf_leakage
2026-07-19T16:36:23+00:00,station2,0.0,2.41,12.447,25.0,2245124.9272727272,128385.6909090909,17.960999418181817,1.0270855272727273,vrf_leakage,compound_tunnel_degradation_01_vrf_leakage
2026-07-19T16:36:23+00:00,station3,0.0,1.565,9.541,0.0,240.36363636363635,1303.9272727272726,0.0019229090909090908,0.01043141818181818,vrf_leakage,compound_tunnel_degradation_01_vrf_leakage
2026-07-19T16:36:38+00:00,station1,0.0,0.674,16.795,0.0,42865.589149682746,496261.84026325843,0.342924713197462,3.9700947221060674,vrf_leakage,compound_tunnel_degradation_01_vrf_leakage
2026-07-19T16:36:38+00:00,station2,0.0,1.715,16.242,0.0,495341.8909090909,44152.92727272727,3.962735127272727,0.3532234181818181,vrf_leakage,compound_tunnel_degradation_01_vrf_leakage
2026-07-19T16:36:38+00:00,station3,0.0,0.783,7.537,0.0,196.7090909090909,1086.9818181818182,0.0015736727272727272,0.008695854545454546,vrf_leakage,compound_tunnel_degradation_01_vrf_leakage
2026-07-19T16:36:53+00:00,station1,0.0,2.414,14.896,0.0,53485.46337206131,622555.3010054729,0.42788370697649053,4.980442408043783,vrf_leakage,compound_tunnel_degradation_01_vrf_leakage
2026-07-19T16:36:53+00:00,station2,0.0,1.751,14.213,0.0,621162.3636363635,54972.18181818181,4.9692989090909085,0.43977745454545447,vrf_leakage,compound_tunnel_degradation_01_vrf_leakage
2026-07-19T16:36:53+00:00,station3,0.0,0.886,7.687,0.0,237.27272727272728,1307.6909090909091,0.0018981818181818182,0.010461527272727273,vrf_leakage,compound_tunnel_degradation_01_vrf_leakage
2026-07-19T16:37:08+00:00,station1,0.0,3.744,25.822,0.0,35182.73059510173,407487.71795850835,0.2814618447608139,3.259901743668067,vrf_leakage,compound_tunnel_degradation_01_vrf_leakage
2026-07-19T16:37:08+00:00,station2,0.0,2.166,22.104,25.0,406307.23636363633,36344.83636363636,3.2504578909090904,0.29075869090909084,vrf_leakage,compound_tunnel_degradation_01_vrf_leakage
2026-07-19T16:37:08+00:00,station3,0.0,1.454,22.002,0.0,195.4181818181818,1089.090909090909,0.0015633454545454545,0.008712727272727271,vrf_leakage,compound_tunnel_degradation_01_vrf_leakage
2026-07-19T16:37:23+00:00,station1,0.0,2.595,21.954,0.0,32648.66093343757,377851.3481573062,0.2611892874675006,3.0228107852584496,vrf_leakage,compound_tunnel_degradation_01_vrf_leakage
2026-07-19T16:37:23+00:00,station2,0.0,6.037,26.739,0.0,376427.3636363636,34032.6,3.0114189090909087,0.27226079999999997,vrf_leakage,compound_tunnel_degradation_01_vrf_leakage
2026-07-19T16:37:23+00:00,station3,0.0,1.599,19.865,0.0,237.38181818181818,1310.9454545454544,0.0018990545454545453,0.010487563636363635,vrf_leakage,compound_tunnel_degradation_01_vrf_leakage
2026-07-19T16:37:38+00:00,station1,0.0,1.814,28.915,0.0,18322.733140602555,209604.61099292716,0.14658186512482044,1.6768368879434172,vrf_leakage,compound_tunnel_degradation_01_vrf_leakage
2026-07-19T16:37:38+00:00,station2,0.0,3.365,29.105,0.0,208382.25454545452,19399.581818181814,1.6670580363636363,0.1551966545454545,vrf_leakage,compound_tunnel_degradation_01_vrf_leakage
2026-07-19T16:37:38+00:00,station3,0.0,4.441,18.395,25.0,195.2181818181818,1091.0727272727272,0.0015617454545454542,0.008728581818181818,vrf_leakage,compound_tunnel_degradation_01_vrf_leakage
2026-07-19T16:37:53+00:00,station1,0.0,2.465,27.802,25.0,17593.654545454545,201907.1818181818,0.14074923636363637,1.6152574545454543,vrf_leakage,compound_tunnel_degradation_01_vrf_leakage
2026-07-19T16:37:53+00:00,station2,0.0,3.394,32.188,0.0,200431.81818181818,18889.345454545455,1.6034545454545455,0.15111476363636364,vrf_leakage,compound_tunnel_degradation_01_vrf_leakage
2026-07-19T16:37:53+00:00,station3,0.0,2.578,17.157,0.0,234.14545454545453,1312.6181818181817,0.0018731636363636362,0.010500945454545454,vrf_leakage,compound_tunnel_degradation_01_vrf_leakage
2026-07-19T16:38:08+00:00,station1,0.0,3.85,24.118,0.0,14455.209905274449,168818.69420555988,0.1156416792421956,1.350549553644479,vrf_leakage,compound_tunnel_degradation_01_vrf_leakage
2026-07-19T16:38:08+00:00,station2,0.0,3.925,28.951,0.0,167624.43636363637,15622.545454545452,1.3409954909090909,0.12498036363636361,vrf_leakage,compound_tunnel_degradation_01_vrf_leakage
2026-07-19T16:38:08+00:00,station3,0.0,3.633,19.497,0.0,194.47272727272727,1094.7454545454543,0.001555781818181818,0.008757963636363634,vrf_leakage,compound_tunnel_degradation_01_vrf_leakage
2026-07-19T16:38:23+00:00,station1,0.0,1.595,24.158,0.0,14841.815305732833,171530.155093729,0.11873452244586266,1.3722412407498321,vrf_leakage,compound_tunnel_degradation_01_vrf_leakage
2026-07-19T16:38:23+00:00,station2,0.0,1.913,28.602,0.0,170111.8,16225.090909090908,1.3608943999999998,0.12980072727272726,vrf_leakage,compound_tunnel_degradation_01_vrf_leakage
2026-07-19T16:38:23+00:00,station3,0.0,2.406,15.879,0.0,232.94545454545454,1312.4545454545453,0.0018635636363636362,0.010499636363636362,vrf_leakage,compound_tunnel_degradation_01_vrf_leakage
2026-07-19T16:38:38+00:00,station1,0.0,2.054,44.398,25.0,11212.923401392702,127978.52766313338,0.08970338721114161,1.0238282213050671,vrf_leakage,compound_tunnel_degradation_01_vrf_leakage
2026-07-19T16:38:38+00:00,station2,0.0,0.716,43.788,0.0,126817.63636363637,12403.454545454546,1.0145410909090908,0.09922763636363637,vrf_leakage,compound_tunnel_degradation_01_vrf_leakage
2026-07-19T16:38:38+00:00,station3,0.0,4.874,28.153,0.0,197.25454545454542,1093.1272727272726,0.0015780363636363633,0.00874501818181818,vrf_leakage,compound_tunnel_degradation_01_vrf_leakage
2026-07-19T16:38:53+00:00,station1,0.0,2.787,44.037,25.0,11597.858298638257,131998.41826809448,0.09278286638910606,1.0559873461447558,vrf_leakage,compound_tunnel_degradation_01_vrf_leakage
2026-07-19T16:38:53+00:00,station2,0.0,0.794,48.306,0.0,130655.63636363637,13008.10909090909,1.045245090909091,0.10406487272727273,vrf_leakage,compound_tunnel_degradation_01_vrf_leakage
2026-07-19T16:38:53+00:00,station3,0.0,3.46,28.225,0.0,237.16363636363633,1310.0727272727272,0.0018973090909090906,0.010480581818181818,vrf_leakage,compound_tunnel_degradation_01_vrf_leakage
2026-07-19T16:39:08+00:00,station1,0.0,5.381,39.158,0.0,10316.982710033999,119258.6767994473,0.082535861680272,0.9540694143955785,vrf_leakage,compound_tunnel_degradation_01_vrf_leakage
2026-07-19T16:39:08+00:00,station2,0.0,4.664,38.879,25.0,118083.99999999999,11516.145454545453,0.9446719999999998,0.09212916363636361,vrf_leakage,compound_tunnel_degradation_01_vrf_leakage
2026-07-19T16:39:08+00:00,station3,0.0,4.278,25.82,0.0,198.03636363636363,1092.9636363636362,0.001584290909090909,0.00874370909090909,vrf_leakage,compound_tunnel_degradation_01_vrf_leakage
2026-07-19T16:39:23+00:00,station1,0.0,3.769,37.629,0.0,9405.50909090909,106336.05454545454,0.07524407272727272,0.8506884363636363,vrf_leakage,compound_tunnel_degradation_01_vrf_leakage
2026-07-19T16:39:23+00:00,station2,0.0,4.739,42.708,25.0,104933.87272727273,10821.81818181818,0.8394709818181818,0.08657454545454545,vrf_leakage,compound_tunnel_degradation_01_vrf_leakage
2026-07-19T16:39:23+00:00,station3,0.0,4.321,26.29,0.0,239.99999999999997,1312.4181818181817,0.0019199999999999998,0.010499345454545454,vrf_leakage,compound_tunnel_degradation_01_vrf_leakage
2026-07-19T16:39:38+00:00,station1,0.0,3.406,40.878,0.0,6806.254545454545,75723.23636363636,0.054450036363636364,0.6057858909090909,vrf_leakage,compound_tunnel_degradation_01_vrf_leakage
2026-07-19T16:39:38+00:00,station2,0.0,10.86,45.332,25.0,74544.90909090909,7980.836363636363,0.5963592727272727,0.0638466909090909,vrf_leakage,compound_tunnel_degradation_01_vrf_leakage
2026-07-19T16:39:38+00:00,station3,0.0,2.357,23.189,25.0,196.3090909090909,1091.8727272727272,0.0015704727272727273,0.008734981818181817,vrf_leakage,compound_tunnel_degradation_01_vrf_leakage
2026-07-19T16:39:53+00:00,station1,0.0,7.278,49.094,25.0,7776.272727272726,85610.18181818182,0.06221018181818181,0.6848814545454546,vrf_leakage,compound_tunnel_degradation_01_vrf_leakage
2026-07-19T16:39:53+00:00,station2,0.0,7.293,60.593,0.0,84108.4,9062.10909090909,0.6728672,0.07249687272727273,vrf_leakage,compound_tunnel_degradation_01_vrf_leakage
2026-07-19T16:39:53+00:00,station3,0.0,5.302,34.772,0.0,236.76363636363632,1313.0363636363634,0.0018941090909090905,0.010504290909090906,vrf_leakage,compound_tunnel_degradation_01_vrf_leakage
2026-07-19T16:40:08+00:00,station1,0.0,4.5,52.426,25.0,5406.952853688249,57892.14349351807,0.04325562282950599,0.4631371479481446,vrf_leakage,compound_tunnel_degradation_01_vrf_leakage
2026-07-19T16:40:08+00:00,station2,0.0,9.246,49.501,0.0,56728.472727272725,6479.127272727273,0.4538277818181818,0.05183301818181818,vrf_leakage,compound_tunnel_degradation_01_vrf_leakage
2026-07-19T16:40:08+00:00,station3,0.0,4.405,40.157,0.0,196.0,1092.9454545454544,0.001568,0.008743563636363635,vrf_leakage,compound_tunnel_degradation_01_vrf_leakage
2026-07-19T16:40:23+00:00,station1,0.0,5.078,49.871,0.0,7039.273441335297,77938.87161584756,0.05631418753068238,0.6235109729267805,vrf_leakage,compound_tunnel_degradation_01_vrf_leakage
2026-07-19T16:40:23+00:00,station2,0.0,5.338,58.197,25.0,76447.98181818183,8324.89090909091,0.6115838545454546,0.06659912727272728,vrf_leakage,compound_tunnel_degradation_01_vrf_leakage
2026-07-19T16:40:23+00:00,station3,0.0,1.733,41.272,0.0,235.09090909090907,1312.6727272727271,0.0018807272727272724,0.010501381818181816,vrf_leakage,compound_tunnel_degradation_01_vrf_leakage
2026-07-19T16:40:38+00:00,station1,0.0,5.143,51.873,0.0,4689.139802541864,51168.94852633684,0.03751311842033491,0.40935158821069473,vrf_leakage,compound_tunnel_degradation_01_vrf_leakage
2026-07-19T16:40:38+00:00,station2,0.0,4.014,45.96,0.0,50010.38181818181,5854.290909090909,0.4000830545454545,0.04683432727272727,vrf_leakage,compound_tunnel_degradation_01_vrf_leakage
2026-07-19T16:40:38+00:00,station3,0.0,8.228,31.092,0.0,193.54545454545453,1091.7272727272727,0.0015483636363636363,0.008733818181818181,vrf_leakage,compound_tunnel_degradation_01_vrf_leakage
2026-07-19T16:40:53+00:00,station1,0.0,5.777,56.886,25.0,5235.431023510373,55607.76042329581,0.04188344818808298,0.4448620833863665,vrf_leakage,compound_tunnel_degradation_01_vrf_leakage
2026-07-19T16:40:53+00:00,station2,0.0,1.546,58.632,0.0,54213.58181818181,6622.636363636363,0.4337086545454545,0.0529810909090909,vrf_leakage,compound_tunnel_degradation_01_vrf_leakage
2026-07-19T16:40:53+00:00,station3,0.0,6.856,33.482,25.0,233.99999999999997,1310.0,0.0018719999999999997,0.01048,vrf_leakage,compound_tunnel_degradation_01_vrf_leakage
2026-07-19T16:41:08+00:00,station1,0.0,4.377,55.234,0.0,4428.425971381298,46596.51993672612,0.035427407771050384,0.372772159493809,vrf_leakage,compound_tunnel_degradation_01_vrf_leakage
2026-07-19T16:41:08+00:00,station2,0.0,3.219,45.679,0.0,45439.07272727272,5599.654545454545,0.3635125818181818,0.04479723636363636,vrf_leakage,compound_tunnel_degradation_01_vrf_leakage
2026-07-19T16:41:08+00:00,station3,0.0,3.355,39.435,0.0,193.16363636363633,1091.1090909090908,0.0015453090909090907,0.008728872727272727,vrf_leakage,compound_tunnel_degradation_01_vrf_leakage
2026-07-19T16:41:23+00:00,station1,0.0,7.83,55.778,25.0,5691.90909090909,59344.59999999999,0.04553527272727272,0.4747567999999999,vrf_leakage,compound_tunnel_degradation_01_vrf_leakage
2026-07-19T16:41:23+00:00,station2,0.0,8.468,67.254,25.0,57946.27272727272,6987.181818181818,0.46357018181818177,0.05589745454545454,vrf_leakage,compound_tunnel_degradation_01_vrf_leakage
2026-07-19T16:41:23+00:00,station3,0.0,10.564,49.363,0.0,235.56363636363633,1312.4727272727273,0.0018845090909090907,0.010499781818181819,vrf_leakage,compound_tunnel_degradation_01_vrf_leakage
2026-07-19T16:41:38+00:00,station1,0.0,3.332,52.635,0.0,4994.5999018163975,54267.91396207204,0.03995679921453118,0.43414331169657633,vrf_leakage,compound_tunnel_degradation_01_vrf_leakage
2026-07-19T16:41:38+00:00,station2,0.0,8.479,62.633,0.0,52939.399999999994,5989.1454545454535,0.4235152,0.04791316363636363,vrf_leakage,compound_tunnel_degradation_01_vrf_leakage
2026-07-19T16:41:38+00:00,station3,0.0,6.226,51.123,0.0,196.2,1094.9636363636362,0.0015696,0.008759709090909088,vrf_leakage,compound_tunnel_degradation_01_vrf_leakage
2026-07-19T16:41:53+00:00,station1,0.0,5.237,50.035,25.0,5106.890909090909,53176.399999999994,0.040855127272727276,0.42541119999999993,vrf_leakage,compound_tunnel_degradation_01_vrf_leakage
2026-07-19T16:41:53+00:00,station2,0.0,6.035,72.683,0.0,51570.96363636363,6298.163636363636,0.41256770909090906,0.05038530909090909,vrf_leakage,compound_tunnel_degradation_01_vrf_leakage
2026-07-19T16:41:53+00:00,station3,0.0,5.587,52.435,25.0,235.1272727272727,1314.0727272727272,0.0018810181818181815,0.010512581818181817,vrf_leakage,compound_tunnel_degradation_01_vrf_leakage
2026-07-19T16:42:08+00:00,station1,0.0,13.167,61.055,0.0,3688.169306012618,37286.467518772384,0.029505354448100946,0.29829174015017906,vrf_leakage,compound_tunnel_degradation_01_vrf_leakage
2026-07-19T16:42:08+00:00,station2,0.0,7.513,67.754,0.0,35913.69090909091,4659.1454545454535,0.2873095272727273,0.037273163636363627,vrf_leakage,compound_tunnel_degradation_01_vrf_leakage
2026-07-19T16:42:08+00:00,station3,0.0,4.112,35.822,0.0,190.1090909090909,1091.9636363636362,0.0015208727272727272,0.008735709090909089,vrf_leakage,compound_tunnel_degradation_01_vrf_leakage
2026-07-19T16:42:23+00:00,station1,0.0,14.147,58.719,0.0,3935.3636363636365,40811.43636363636,0.03148290909090909,0.3264914909090909,vrf_leakage,compound_tunnel_degradation_01_vrf_leakage
2026-07-19T16:42:23+00:00,station2,0.0,3.627,68.304,0.0,39293.50909090909,5224.218181818182,0.3143480727272727,0.04179374545454545,vrf_leakage,compound_tunnel_degradation_01_vrf_leakage
2026-07-19T16:42:23+00:00,station3,0.0,2.441,52.985,40.0,233.59999999999997,1314.2181818181816,0.0018687999999999997,0.010513745454545453,vrf_leakage,compound_tunnel_degradation_01_vrf_leakage
2026-07-19T16:42:38+00:00,station1,0.0,4.642,62.605,25.0,3400.6181818181813,35721.70909090909,0.02720494545454545,0.2857736727272727,vrf_leakage,compound_tunnel_degradation_01_vrf_leakage
2026-07-19T16:42:38+00:00,station2,0.0,2.521,62.548,0.0,34572.6,4485.127272727273,0.2765808,0.03588101818181818,vrf_leakage,compound_tunnel_degradation_01_vrf_leakage
2026-07-19T16:42:38+00:00,station3,0.0,5.388,50.61,0.0,193.14545454545453,1097.2363636363634,0.0015451636363636363,0.008777890909090907,vrf_leakage,compound_tunnel_degradation_01_vrf_leakage
2026-07-19T16:42:53+00:00,station1,0.0,11.975,66.852,0.0,4647.254545454545,51709.72727272727,0.03717803636363636,0.4136778181818182,vrf_leakage,compound_tunnel_degradation_01_vrf_leakage
2026-07-19T16:42:53+00:00,station2,0.0,9.59,64.936,25.0,50234.85454545454,5951.10909090909,0.4018788363636363,0.04760887272727272,vrf_leakage,compound_tunnel_degradation_01_vrf_leakage
2026-07-19T16:42:53+00:00,station3,0.0,4.733,52.069,25.0,233.59999999999997,1317.0545454545454,0.0018687999999999997,0.010536436363636364,vrf_leakage,compound_tunnel_degradation_01_vrf_leakage
2026-07-19T16:43:08+00:00,station1,0.0,5.701,61.222,25.0,3375.218181818181,36949.87272727272,0.02700174545454545,0.2955989818181817,vrf_leakage,compound_tunnel_degradation_01_vrf_leakage
2026-07-19T16:43:08+00:00,station2,0.0,10.359,56.711,25.0,35773.763636363634,4534.090909090909,0.2861901090909091,0.03627272727272727,vrf_leakage,compound_tunnel_degradation_01_vrf_leakage
2026-07-19T16:43:08+00:00,station3,0.0,6.031,44.325,0.0,192.7272727272727,1096.6181818181817,0.0015418181818181815,0.008772945454545454,vrf_leakage,compound_tunnel_degradation_01_vrf_leakage
2026-07-19T16:43:23+00:00,station1,0.0,10.323,68.794,0.0,4273.799999999999,45082.6909090909,0.034190399999999996,0.3606615272727272,vrf_leakage,compound_tunnel_degradation_01_vrf_leakage
2026-07-19T16:43:23+00:00,station2,0.0,2.283,74.299,0.0,43598.30909090909,5570.763636363637,0.3487864727272727,0.04456610909090909,vrf_leakage,compound_tunnel_degradation_01_vrf_leakage
2026-07-19T16:43:23+00:00,station3,0.0,10.124,44.231,40.0,233.59999999999997,1316.7272727272725,0.0018687999999999997,0.01053381818181818,vrf_leakage,compound_tunnel_degradation_01_vrf_leakage
2026-07-19T16:43:38+00:00,station1,0.0,4.011,70.369,0.0,3391.9272727272723,34969.21818181818,0.02713541818181818,0.2797537454545454,vrf_leakage,compound_tunnel_degradation_01_vrf_leakage
2026-07-19T16:43:38+00:00,station2,0.0,6.058,60.301,25.0,33794.34545454545,4471.527272727272,0.2703547636363636,0.03577221818181818,vrf_leakage,compound_tunnel_degradation_01_vrf_leakage
2026-07-19T16:43:38+00:00,station3,0.0,7.271,42.313,0.0,195.78181818181818,1099.3454545454545,0.0015662545454545455,0.008794763636363636,vrf_leakage,compound_tunnel_degradation_01_vrf_leakage
2026-07-19T16:43:53+00:00,station1,0.0,5.599,53.541,0.0,4134.493354424626,42081.43784432444,0.03307594683539701,0.33665150275459554,vrf_leakage,compound_tunnel_degradation_01_vrf_leakage
2026-07-19T16:43:53+00:00,station2,0.0,2.335,67.379,40.0,40671.98181818181,5433.054545454545,0.3253758545454545,0.043464436363636366,vrf_leakage,compound_tunnel_degradation_01_vrf_leakage
2026-07-19T16:43:53+00:00,station3,0.0,8.209,48.053,0.0,233.59999999999997,1315.6363636363635,0.0018687999999999997,0.010525090909090908,vrf_leakage,compound_tunnel_degradation_01_vrf_leakage
2026-07-19T16:44:08+00:00,station1,0.0,6.946,67.146,25.0,3831.036363636363,41052.43636363636,0.030648290909090905,0.3284194909090909,vrf_leakage,compound_tunnel_degradation_01_vrf_leakage
2026-07-19T16:44:08+00:00,station2,0.0,4.439,67.424,0.0,39808.34545454545,4913.890909090909,0.3184667636363636,0.03931112727272727,vrf_leakage,compound_tunnel_degradation_01_vrf_leakage
2026-07-19T16:44:08+00:00,station3,0.0,0.899,58.245,0.0,190.1090909090909,1093.1818181818182,0.0015208727272727272,0.008745454545454546,vrf_leakage,compound_tunnel_degradation_01_vrf_leakage
2026-07-19T16:44:23+00:00,station1,0.0,1.634,59.396,0.0,4213.011618815572,42832.499954542975,0.033704092950524574,0.3426599996363438,vrf_leakage,compound_tunnel_degradation_01_vrf_leakage
2026-07-19T16:44:23+00:00,station2,0.0,7.521,64.364,0.0,41344.454545454544,5503.472727272727,0.33075563636363636,0.044027781818181816,vrf_leakage,compound_tunnel_degradation_01_vrf_leakage
2026-07-19T16:44:23+00:00,station3,0.0,4.483,44.052,25.0,232.03636363636363,1314.8,0.0018562909090909091,0.010518399999999999,vrf_leakage,compound_tunnel_degradation_01_vrf_leakage
2026-07-19T16:44:38+00:00,station1,0.0,10.521,57.347,0.0,3323.2363636363634,33227.399999999994,0.026585890909090908,0.2658192,vrf_leakage,compound_tunnel_degradation_01_vrf_leakage
2026-07-19T16:44:38+00:00,station2,0.0,10.111,55.615,0.0,31975.727272727272,4398.163636363636,0.2558058181818182,0.03518530909090909,vrf_leakage,compound_tunnel_degradation_01_vrf_leakage
2026-07-19T16:44:38+00:00,station3,0.0,6.971,48.173,0.0,194.65454545454543,1097.6,0.0015572363636363635,0.0087808,vrf_leakage,compound_tunnel_degradation_01_vrf_leakage
2026-07-19T16:44:53+00:00,station1,0.0,5.144,58.195,25.0,4166.909090909091,43036.145454545454,0.03333527272727273,0.34428916363636364,vrf_leakage,compound_tunnel_degradation_01_vrf_leakage
2026-07-19T16:44:53+00:00,station2,0.0,8.296,57.772,0.0,41550.49090909091,5453.50909090909,0.33240392727272733,0.043628072727272725,vrf_leakage,compound_tunnel_degradation_01_vrf_leakage
2026-07-19T16:44:53+00:00,station3,0.0,6.542,43.998,25.0,230.7272727272727,1320.1818181818182,0.0018458181818181815,0.010561454545454546,vrf_leakage,compound_tunnel_degradation_01_vrf_leakage
2026-07-19T16:45:08+00:00,station1,0.0,2.717,57.535,0.0,3954.980999654539,41670.79401443663,0.03163984799723631,0.33336635211549304,vrf_leakage,compound_tunnel_degradation_01_vrf_leakage
2026-07-19T16:45:08+00:00,station2,0.0,7.42,57.194,0.0,40407.69090909091,4970.054545454545,0.3232615272727273,0.03976043636363636,vrf_leakage,compound_tunnel_degradation_01_vrf_leakage
2026-07-19T16:45:08+00:00,station3,0.0,2.455,33.381,0.0,191.49090909090907,1101.1454545454544,0.0015319272727272726,0.008809163636363635,vrf_leakage,compound_tunnel_degradation_01_vrf_leakage
2026-07-19T16:45:23+00:00,station1,0.0,6.293,55.488,0.0,4531.607366870899,49370.48888242459,0.036252858934967186,0.39496391105939677,vrf_leakage,compound_tunnel_degradation_01_vrf_leakage
2026-07-19T16:45:23+00:00,station2,0.0,10.315,61.576,0.0,47843.0,5819.090909090909,0.382744,0.04655272727272727,vrf_leakage,compound_tunnel_degradation_01_vrf_leakage
2026-07-19T16:45:23+00:00,station3,0.0,4.472,48.143,0.0,233.34545454545454,1322.4727272727273,0.0018667636363636363,0.010579781818181819,vrf_leakage,compound_tunnel_degradation_01_vrf_leakage
2026-07-19T16:45:38+00:00,station1,0.0,5.56,55.109,57.14285714285714,3517.9555248468096,36569.412877066025,0.028143644198774475,0.2925553030165282,vrf_leakage,compound_tunnel_degradation_01_vrf_leakage
2026-07-19T16:45:38+00:00,station2,0.0,3.608,58.583,25.0,35290.92727272727,4593.072727272726,0.28232741818181817,0.03674458181818181,vrf_leakage,compound_tunnel_degradation_01_vrf_leakage
2026-07-19T16:45:38+00:00,station3,0.0,10.158,46.917,25.0,193.0,1099.4727272727273,0.001544,0.008795781818181818,vrf_leakage,compound_tunnel_degradation_01_vrf_leakage
2026-07-19T16:45:53+00:00,station1,0.0,5.445,67.514,0.0,4346.418181818181,44724.43636363636,0.03477134545454545,0.3577954909090909,vrf_leakage,compound_tunnel_degradation_01_vrf_leakage
2026-07-19T16:45:53+00:00,station2,0.0,10.643,56.912,40.0,43184.96363636363,5635.7818181818175,0.345479709090909,0.04508625454545454,vrf_leakage,compound_tunnel_degradation_01_vrf_leakage
2026-07-19T16:45:53+00:00,station3,0.0,7.475,53.029,0.0,231.99999999999997,1318.5454545454545,0.0018559999999999998,0.010548363636363635,vrf_leakage,compound_tunnel_degradation_01_vrf_leakage
2026-07-19T16:46:08+00:00,station1,0.0,8.61,68.452,0.0,3378.272727272727,33630.6909090909,0.027026181818181817,0.26904552727272724,vrf_leakage,compound_tunnel_degradation_01_vrf_leakage
2026-07-19T16:46:08+00:00,station2,0.0,13.751,58.983,40.0,32430.272727272724,4456.581818181818,0.2594421818181818,0.03565265454545454,vrf_leakage,compound_tunnel_degradation_01_vrf_leakage
2026-07-19T16:46:08+00:00,station3,0.0,10.491,45.179,0.0,189.09090909090907,1095.381818181818,0.0015127272727272726,0.008763054545454544,vrf_leakage,compound_tunnel_degradation_01_vrf_leakage
2026-07-19T16:46:23+00:00,station1,0.0,3.505,61.071,25.0,4535.174645889775,46931.95992508682,0.0362813971671182,0.3754556794006946,vrf_leakage,compound_tunnel_degradation_01_vrf_leakage
2026-07-19T16:46:23+00:00,station2,0.0,8.076,60.379,0.0,45448.472727272725,5837.963636363636,0.3635877818181818,0.04670370909090909,vrf_leakage,compound_tunnel_degradation_01_vrf_leakage
2026-07-19T16:46:23+00:00,station3,0.0,7.169,50.32,0.0,227.99999999999997,1315.909090909091,0.0018239999999999997,0.010527272727272727,vrf_leakage,compound_tunnel_degradation_01_vrf_leakage
2026-07-19T16:46:38+00:00,station1,0.0,5.159,55.523,0.0,3909.485971962107,41929.97799879993,0.031275887775696856,0.3354398239903994,vrf_leakage,compound_tunnel_degradation_01_vrf_leakage
2026-07-19T16:46:38+00:00,station2,0.0,6.211,64.215,0.0,40667.01818181818,4993.10909090909,0.3253361454545454,0.03994487272727272,vrf_leakage,compound_tunnel_degradation_01_vrf_leakage
2026-07-19T16:46:38+00:00,station3,0.0,3.38,43.383,0.0,190.7090909090909,1095.6909090909091,0.0015256727272727271,0.008765527272727273,vrf_leakage,compound_tunnel_degradation_01_vrf_leakage
2026-07-19T16:46:53+00:00,station1,0.0,0.963,1.356,0.0,19895.21818181818,356507.63636363635,0.15916174545454545,2.852061090909091,vrf_leakage,compound_tunnel_degradation_01_vrf_leakage
2026-07-19T16:46:53+00:00,station2,0.0,0.792,1.479,0.0,354181.9636363636,21267.672727272726,2.833455709090909,0.1701413818181818,vrf_leakage,compound_tunnel_degradation_01_vrf_leakage
2026-07-19T16:46:53+00:00,station3,0.0,0.51,1.003,0.0,232.29090909090908,1316.2181818181816,0.0018583272727272727,0.010529745454545453,vrf_leakage,compound_tunnel_degradation_01_vrf_leakage
2026-07-19T16:47:08+00:00,station1,0.0,0.113,0.695,0.0,123384.09367783697,2573268.9601250975,0.9870727494226957,20.586151681000782,vrf_leakage,compound_tunnel_degradation_01_vrf_leakage
2026-07-19T16:47:08+00:00,station2,0.0,0.218,0.91,0.0,2572271.6,124539.85454545454,20.5781728,0.9963188363636363,vrf_leakage,compound_tunnel_degradation_01_vrf_leakage
2026-07-19T16:47:08+00:00,station3,0.0,0.059,0.734,0.0,194.8,1097.0727272727272,0.0015584000000000001,0.008776581818181818,vrf_leakage,compound_tunnel_degradation_01_vrf_leakage
2026-07-19T16:47:23+00:00,station1,0.0,0.103,0.902,0.0,330952.5826803149,7030662.569771458,2.6476206614425193,56.245300558171664,vrf_leakage,compound_tunnel_degradation_01_vrf_leakage
2026-07-19T16:47:23+00:00,station2,0.0,0.051,1.019,0.0,7029570.527272727,332334.2545454545,56.23656421818182,2.658674036363636,vrf_leakage,compound_tunnel_degradation_01_vrf_leakage
2026-07-19T16:47:23+00:00,station3,0.0,1.36,1.812,0.0,237.96363636363634,1314.4363636363635,0.0019037090909090908,0.010515490909090907,vrf_leakage,compound_tunnel_degradation_01_vrf_leakage
2026-07-19T16:47:38+00:00,station1,0.0,0.051,0.792,0.0,434845.2824699529,9256930.614397148,3.4787622597596233,74.05544491517718,vrf_leakage,compound_tunnel_degradation_01_vrf_leakage
2026-07-19T16:47:38+00:00,station2,0.0,0.065,0.775,0.0,9255327.327272726,436002.5636363636,74.0426186181818,3.4880205090909087,vrf_leakage,compound_tunnel_degradation_01_vrf_leakage
2026-07-19T16:47:38+00:00,station3,0.0,0.112,0.782,0.0,197.5090909090909,1093.8,0.0015800727272727271,0.0087504,vrf_leakage,compound_tunnel_degradation_01_vrf_leakage
2026-07-19T16:47:53+00:00,station1,0.0,0.336,0.696,0.0,530668.0545454544,11322316.127272727,4.245344436363635,90.57852901818181,vrf_leakage,compound_tunnel_degradation_01_vrf_leakage
2026-07-19T16:47:53+00:00,station2,0.0,0.316,0.744,0.0,11321804.38181818,531980.8363636363,90.57443505454545,4.255846690909091,vrf_leakage,compound_tunnel_degradation_01_vrf_leakage
2026-07-19T16:47:53+00:00,station3,0.0,0.199,0.515,0.0,239.49090909090907,1310.7454545454543,0.0019159272727272726,0.010485963636363635,vrf_leakage,compound_tunnel_degradation_01_vrf_leakage
2026-07-19T16:48:08+00:00,station1,0.0,0.022,0.721,0.0,419226.8181818182,8875444.09090909,3.3538145454545454,71.00355272727272,vrf_leakage,compound_tunnel_degradation_01_vrf_leakage
2026-07-19T16:48:08+00:00,station2,0.0,0.054,0.942,0.0,8873951.363636363,420309.99999999994,70.99161090909091,3.3624799999999997,vrf_leakage,compound_tunnel_degradation_01_vrf_leakage
2026-07-19T16:48:08+00:00,station3,0.0,0.018,0.699,0.0,194.8,1088.4181818181817,0.0015584000000000001,0.008707345454545453,vrf_leakage,compound_tunnel_degradation_01_vrf_leakage
2026-07-19T16:48:23+00:00,station1,0.0,0.032,0.772,0.0,528674.3454545455,11111503.254545454,4.229394763636364,88.89202603636363,vrf_leakage,compound_tunnel_degradation_01_vrf_leakage
2026-07-19T16:48:23+00:00,station2,0.0,0.171,0.901,0.0,11109593.763636362,529977.3818181817,88.87675010909089,4.239819054545454,vrf_leakage,compound_tunnel_degradation_01_vrf_leakage
2026-07-19T16:48:23+00:00,station3,0.0,0.014,0.622,0.0,235.56363636363633,1305.381818181818,0.0018845090909090907,0.010443054545454545,vrf_leakage,compound_tunnel_degradation_01_vrf_leakage
2026-07-19T16:48:38+00:00,station1,0.0,0.174,0.831,0.0,426277.6676787695,8876984.091198342,3.410221341430156,71.01587272958673,vrf_leakage,compound_tunnel_degradation_01_vrf_leakage
2026-07-19T16:48:38+00:00,station2,0.0,0.068,0.804,0.0,8875502.09090909,427361.39999999997,71.00401672727271,3.4188911999999996,vrf_leakage,compound_tunnel_degradation_01_vrf_leakage
2026-07-19T16:48:38+00:00,station3,0.0,0.043,0.744,0.0,193.47272727272727,1084.6181818181817,0.0015477818181818181,0.008676945454545454,vrf_leakage,compound_tunnel_degradation_01_vrf_leakage
2026-07-19T16:48:53+00:00,station1,0.0,1.472,1.191,0.0,633314.4545454546,13193812.38181818,5.066515636363636,105.55049905454544,vrf_leakage,compound_tunnel_degradation_01_vrf_leakage
2026-07-19T16:48:53+00:00,station2,0.0,1.587,1.289,0.0,13192201.036363635,634617.4,105.53760829090908,5.0769392,vrf_leakage,compound_tunnel_degradation_01_vrf_leakage
2026-07-19T16:48:53+00:00,station3,0.0,0.899,0.848,0.0,235.56363636363633,1304.7454545454543,0.0018845090909090907,0.010437963636363635,vrf_leakage,compound_tunnel_degradation_01_vrf_leakage
2026-07-19T16:49:08+00:00,station1,0.0,0.031,0.26,0.0,439873.4340624375,9163534.209712904,3.5189874724995,73.30827367770323,vrf_leakage,compound_tunnel_degradation_01_vrf_leakage
2026-07-19T16:49:08+00:00,station2,0.0,0.042,0.22,0.0,9161809.945454543,440952.16363636364,73.29447956363634,3.527617309090909,vrf_leakage,compound_tunnel_degradation_01_vrf_leakage
2026-07-19T16:49:08+00:00,station3,0.0,0.046,0.243,0.0,197.63636363636363,1088.6,0.001581090909090909,0.0087088,vrf_leakage,compound_tunnel_degradation_01_vrf_leakage
2026-07-19T16:49:23+00:00,station1,0.0,0.048,0.774,0.0,428048.309090909,8882465.763636362,3.424386472727272,71.05972610909089,vrf_leakage,compound_tunnel_degradation_01_vrf_leakage
2026-07-19T16:49:23+00:00,station2,0.0,0.76,1.296,0.0,8881124.963636363,429351.79999999993,71.04899970909091,3.4348143999999996,vrf_leakage,compound_tunnel_degradation_01_vrf_leakage
2026-07-19T16:49:23+00:00,station3,0.0,0.358,0.941,0.0,238.39999999999998,1308.1818181818182,0.0019071999999999997,0.010465454545454545,vrf_leakage,compound_tunnel_degradation_01_vrf_leakage
2026-07-19T16:49:38+00:00,station1,0.0,0.126,0.919,0.0,320006.54545454547,6647936.8545454545,2.560052363636364,53.183494836363636,vrf_leakage,compound_tunnel_degradation_01_vrf_leakage
2026-07-19T16:49:38+00:00,station2,0.0,0.051,0.733,0.0,6646781.4,321081.43636363634,53.1742512,2.5686514909090907,vrf_leakage,compound_tunnel_degradation_01_vrf_leakage
2026-07-19T16:49:38+00:00,station3,0.0,0.136,0.803,0.0,201.29090909090908,1090.6545454545453,0.0016103272727272726,0.008725236363636363,vrf_leakage,compound_tunnel_degradation_01_vrf_leakage
2026-07-19T16:49:53+00:00,station1,0.0,0.263,0.877,0.0,427081.87272727274,8881487.545454545,3.4166549818181817,71.05190036363636,vrf_leakage,compound_tunnel_degradation_01_vrf_leakage
2026-07-19T16:49:53+00:00,station2,0.0,0.028,0.714,0.0,8880047.036363635,428391.2545454545,71.04037629090908,3.427130036363636,vrf_leakage,compound_tunnel_degradation_01_vrf_leakage
2026-07-19T16:49:53+00:00,station3,0.0,0.248,0.734,0.0,241.8181818181818,1310.490909090909,0.0019345454545454544,0.010483927272727274,vrf_leakage,compound_tunnel_degradation_01_vrf_leakage
2026-07-19T16:50:08+00:00,station1,0.0,0.072,0.699,0.0,519591.8727272727,10891636.872727273,4.156734981818182,87.13309498181819,vrf_leakage,compound_tunnel_degradation_01_vrf_leakage
2026-07-19T16:50:08+00:00,station2,0.0,0.09,0.838,0.0,10890530.945454543,520655.34545454546,87.12424756363635,4.165242763636364,vrf_leakage,compound_tunnel_degradation_01_vrf_leakage
2026-07-19T16:50:08+00:00,station3,0.0,0.148,0.965,0.0,202.7272727272727,1091.1818181818182,0.0016218181818181815,0.008729454545454545,vrf_leakage,compound_tunnel_degradation_01_vrf_leakage
2026-07-19T16:50:23+00:00,station1,0.0,0.111,0.387,0.0,472490.7543773523,12815024.291350752,3.7799260350188186,102.52019433080602,vrf_leakage,compound_tunnel_degradation_01_vrf_leakage
2026-07-19T16:50:23+00:00,station2,0.0,0.027,0.152,0.0,12813411.309090909,473675.5999999999,102.50729047272726,3.7894047999999994,vrf_leakage,compound_tunnel_degradation_01_vrf_leakage
2026-07-19T16:50:23+00:00,station3,0.0,0.809,1.05,0.0,243.49090909090907,1309.509090909091,0.0019479272727272725,0.010476072727272728,vrf_leakage,compound_tunnel_degradation_01_vrf_leakage
2026-07-19T16:50:38+00:00,station1,0.0,0.92,0.849,0.0,258881.4117133662,9589045.257014018,2.0710512937069296,76.71236205611214,vrf_leakage,compound_tunnel_degradation_01_vrf_leakage
2026-07-19T16:50:38+00:00,station2,0.0,1.273,1.172,0.0,9587733.763636362,259924.8727272727,76.70187010909089,2.0793989818181817,vrf_leakage,compound_tunnel_degradation_01_vrf_leakage
2026-07-19T16:50:38+00:00,station3,0.0,0.732,0.897,0.0,201.4,1088.9636363636362,0.0016112000000000001,0.008711709090909089,vrf_leakage,compound_tunnel_degradation_01_vrf_leakage
2026-07-19T16:50:53+00:00,station1,0.0,0.31,2.22,0.0,357249.94545454544,11447850.309090909,2.8579995636363633,91.58280247272727,vrf_leakage,compound_tunnel_degradation_01_vrf_leakage
2026-07-19T16:50:53+00:00,station2,0.0,0.545,2.097,0.0,11446576.2,358393.94545454544,91.57260959999999,2.8671515636363636,vrf_leakage,compound_tunnel_degradation_01_vrf_leakage
2026-07-19T16:50:53+00:00,station3,0.0,1014.842,2485.236,0.0,240.87272727272727,1313.6363636363635,0.0019269818181818182,0.010509090909090909,vrf_leakage,compound_tunnel_degradation_01_vrf_leakage
2026-07-19T16:51:08+00:00,station1,0.0,1.007,3.072,0.0,323438.64210775134,9212432.98725385,2.587509136862011,73.6994638980308,vrf_leakage,compound_tunnel_degradation_01_vrf_leakage
2026-07-19T16:51:08+00:00,station2,0.0,0.65,2.698,0.0,9210730.545454543,324466.2909090909,73.68584436363635,2.5957303272727272,vrf_leakage,compound_tunnel_degradation_01_vrf_leakage
2026-07-19T16:51:08+00:00,station3,0.0,1088.645,1264.626,0.0,195.6,1092.9272727272726,0.0015647999999999999,0.008743418181818181,vrf_leakage,compound_tunnel_degradation_01_vrf_leakage
2026-07-19T16:51:23+00:00,station1,0.0,0.246,2.503,0.0,540937.4363636363,12039912.654545454,4.327499490909091,96.31930123636363,vrf_leakage,compound_tunnel_degradation_01_vrf_leakage
2026-07-19T16:51:23+00:00,station2,0.0,0.25,2.563,0.0,12038303.963636363,542197.9818181818,96.3064317090909,4.337583854545454,vrf_leakage,compound_tunnel_degradation_01_vrf_leakage
2026-07-19T16:51:23+00:00,station3,0.0,2045.204,4081.395,0.0,237.45454545454544,1313.6181818181817,0.0018996363636363635,0.010508945454545454,vrf_leakage,compound_tunnel_degradation_01_vrf_leakage
2026-07-19T16:51:38+00:00,station1,0.0,1.061,1.677,0.0,560055.3919192848,11198165.145784002,4.480443135354278,89.58532116627201,vrf_leakage,compound_tunnel_degradation_01_vrf_leakage
2026-07-19T16:51:38+00:00,station2,0.0,1.188,1.857,0.0,11170396.745454544,559807.1636363636,89.36317396363636,4.478457309090909,vrf_leakage,compound_tunnel_degradation_01_vrf_leakage
2026-07-19T16:51:38+00:00,station3,0.0,2048.497,3627.571,0.0,201.0,1089.2727272727273,0.001608,0.008714181818181819,vrf_leakage,compound_tunnel_degradation_01_vrf_leakage
2026-07-19T16:51:53+00:00,station1,0.0,0.358,0.527,0.0,466373.61818181816,9321043.763636362,3.7309889454545453,74.5683501090909,vrf_leakage,compound_tunnel_degradation_01_vrf_leakage
2026-07-19T16:51:53+00:00,station2,0.0,0.371,0.527,0.0,9319366.018181818,467754.10909090907,74.55492814545454,3.7420328727272727,vrf_leakage,compound_tunnel_degradation_01_vrf_leakage
2026-07-19T16:51:53+00:00,station3,0.0,0.534,0.635,0.0,244.7272727272727,1309.4181818181817,0.0019578181818181817,0.010475345454545454,vrf_leakage,compound_tunnel_degradation_01_vrf_leakage
2026-07-19T16:52:08+00:00,station1,0.0,0.133,0.818,0.0,330413.850153628,6650003.927058524,2.6433108012290236,53.20003141646819,vrf_leakage,compound_tunnel_degradation_01_vrf_leakage
2026-07-19T16:52:08+00:00,station2,0.0,0.154,0.828,0.0,6648506.2,331501.3818181818,53.1880496,2.6520110545454543,vrf_leakage,compound_tunnel_degradation_01_vrf_leakage
2026-07-19T16:52:08+00:00,station3,0.0,0.578,2.024,0.0,208.76363636363632,1090.1454545454544,0.0016701090909090905,0.008721163636363636,vrf_leakage,compound_tunnel_degradation_01_vrf_leakage
2026-07-19T16:52:23+00:00,station1,0.0,0.064,0.761,0.0,432111.90909090906,8884587.581818182,3.4568952727272726,71.07670065454546,vrf_leakage,compound_tunnel_degradation_01_vrf_leakage
2026-07-19T16:52:23+00:00,station2,0.0,0.197,0.841,0.0,8883317.036363635,433417.5999999999,71.06653629090908,3.4673407999999992,vrf_leakage,compound_tunnel_degradation_01_vrf_leakage
2026-07-19T16:52:23+00:00,station3,0.0,0.277,1.768,0.0,243.6363636363636,1307.6727272727271,0.0019490909090909088,0.010461381818181816,vrf_leakage,compound_tunnel_degradation_01_vrf_leakage
2026-07-19T16:52:38+00:00,station1,0.0,0.361,1.083,0.0,408432.61818181816,8501898.999999998,3.267460945454545,68.01519199999998,vrf_leakage,compound_tunnel_degradation_01_vrf_leakage
2026-07-19T16:52:38+00:00,station2,0.0,0.399,1.005,0.0,8500668.927272728,409518.87272727274,68.00535141818182,3.2761509818181818,vrf_leakage,compound_tunnel_degradation_01_vrf_leakage
2026-07-19T16:52:38+00:00,station3,0.0,0.0,2.442,75.0,199.6181818181818,1093.0181818181816,0.0015969454545454544,0.008744145454545453,vrf_leakage,compound_tunnel_degradation_01_vrf_leakage
2026-07-19T16:52:53+00:00,station1,0.0,0.507,0.837,0.0,621582.6863283452,12970187.646598905,4.972661490626762,103.76150117279124,vrf_leakage,compound_tunnel_degradation_01_vrf_leakage
2026-07-19T16:52:53+00:00,station2,0.0,0.27,0.562,0.0,12968175.945454543,622774.4181818181,103.74540756363635,4.982195345454545,vrf_leakage,compound_tunnel_degradation_01_vrf_leakage
2026-07-19T16:52:53+00:00,station3,0.0,0.633,1.147,0.0,244.98181818181817,1311.3636363636363,0.0019598545454545453,0.01049090909090909,vrf_leakage,compound_tunnel_degradation_01_vrf_leakage
2026-07-19T16:53:08+00:00,station1,0.0,0.023,0.243,0.0,448501.39999999997,9378423.945454543,3.5880111999999995,75.02739156363634,vrf_leakage,compound_tunnel_degradation_01_vrf_leakage
2026-07-19T16:53:08+00:00,station2,0.0,0.005,0.23,0.0,9377432.49090909,449667.87272727274,75.01945992727272,3.597342981818182,vrf_leakage,compound_tunnel_degradation_01_vrf_leakage
2026-07-19T16:53:08+00:00,station3,0.0,0.013,0.327,0.0,205.85454545454544,1094.7454545454543,0.0016468363636363635,0.008757963636363634,vrf_leakage,compound_tunnel_degradation_01_vrf_leakage
2026-07-19T16:53:23+00:00,station1,0.0,0.076,2.397,0.0,540762.8909090909,11094523.854545454,4.326103127272727,88.75619083636363,vrf_leakage,compound_tunnel_degradation_01_vrf_leakage
2026-07-19T16:53:23+00:00,station2,0.0,0.173,2.469,0.0,11093293.436363636,542052.4727272727,88.74634749090909,4.336419781818181,vrf_leakage,compound_tunnel_degradation_01_vrf_leakage
2026-07-19T16:53:23+00:00,station3,0.0,1506.533,2451.599,0.0,247.27272727272728,1315.1636363636362,0.001978181818181818,0.01052130909090909,vrf_leakage,compound_tunnel_degradation_01_vrf_leakage
2026-07-19T16:53:38+00:00,station1,0.0,0.351,2.195,0.0,439028.4914271169,8860030.346006291,3.5122279314169353,70.88024276805032,vrf_leakage,compound_tunnel_degradation_01_vrf_leakage
2026-07-19T16:53:38+00:00,station2,0.0,0.636,2.234,0.0,8858975.509090908,440111.9636363636,70.87180407272726,3.520895709090909,vrf_leakage,compound_tunnel_degradation_01_vrf_leakage
2026-07-19T16:53:38+00:00,station3,0.0,1215.672,2130.082,0.0,193.58181818181816,1087.7272727272727,0.0015486545454545452,0.008701818181818182,vrf_leakage,compound_tunnel_degradation_01_vrf_leakage
2026-07-19T16:53:53+00:00,station1,0.0,0.514,2.721,0.0,556022.8181818181,11095856.29090909,4.448182545454545,88.7668503272727,vrf_leakage,compound_tunnel_degradation_01_vrf_leakage
2026-07-19T16:53:53+00:00,station2,0.0,0.154,2.649,0.0,11094129.145454545,557309.2909090909,88.75303316363636,4.458474327272727,vrf_leakage,compound_tunnel_degradation_01_vrf_leakage
2026-07-19T16:53:53+00:00,station3,0.0,1475.289,2286.117,0.0,245.85454545454544,1318.090909090909,0.0019668363636363637,0.010544727272727272,vrf_leakage,compound_tunnel_degradation_01_vrf_leakage
2026-07-19T16:54:08+00:00,station1,0.0,0.264,2.234,0.0,559533.553935383,11169817.85785713,4.476268431483064,89.35854286285705,vrf_leakage,compound_tunnel_degradation_01_vrf_leakage
2026-07-19T16:54:08+00:00,station2,0.0,1.712,3.501,0.0,11168798.163636362,560618.2363636363,89.3503853090909,4.48494589090909,vrf_leakage,compound_tunnel_degradation_01_vrf_leakage
2026-07-19T16:54:08+00:00,station3,0.0,2076.654,2969.401,0.0,205.5272727272727,1098.2181818181816,0.0016442181818181816,0.008785745454545453,vrf_leakage,compound_tunnel_degradation_01_vrf_leakage
2026-07-19T16:54:23+00:00,station1,0.0,0.045,0.247,0.0,473905.0363636363,9461168.636363635,3.7912402909090908,75.68934909090908,vrf_leakage,compound_tunnel_degradation_01_vrf_leakage
2026-07-19T16:54:23+00:00,station2,0.0,0.018,0.2,0.0,9459368.781818181,475288.3636363636,75.67495025454545,3.8023069090909085,vrf_leakage,compound_tunnel_degradation_01_vrf_leakage
2026-07-19T16:54:23+00:00,station3,0.0,0.015,0.271,0.0,253.27272727272728,1317.5272727272725,0.002026181818181818,0.010540218181818179,vrf_leakage,compound_tunnel_degradation_01_vrf_leakage
2026-07-19T16:54:38+00:00,station1,0.0,0.488,2.25,0.0,333842.0909090909,6649884.654545454,2.670736727272727,53.199077236363635,vrf_leakage,compound_tunnel_degradation_01_vrf_leakage
2026-07-19T16:54:38+00:00,station2,0.0,0.595,2.297,0.0,6648722.709090908,334924.67272727273,53.189781672727264,2.6793973818181818,vrf_leakage,compound_tunnel_degradation_01_vrf_leakage
2026-07-19T16:54:38+00:00,station3,0.0,1448.434,2947.187,0.0,217.76363636363632,1098.381818181818,0.0017421090909090905,0.008787054545454545,vrf_leakage,compound_tunnel_degradation_01_vrf_leakage
2026-07-19T16:54:53+00:00,station1,0.0,0.229,2.273,0.0,445486.02752677223,8884497.045508264,3.563888220214178,71.07597636406611,vrf_leakage,compound_tunnel_degradation_01_vrf_leakage
2026-07-19T16:54:53+00:00,station2,0.0,0.046,2.56,0.0,8883113.218181817,446789.5272727272,71.06490574545454,3.574316218181818,vrf_leakage,compound_tunnel_degradation_01_vrf_leakage
2026-07-19T16:54:53+00:00,station3,0.0,3544.543,3544.789,80.0,237.9272727272727,1314.3272727272727,0.0019034181818181816,0.010514618181818182,vrf_leakage,compound_tunnel_degradation_01_vrf_leakage
2026-07-19T16:55:08+00:00,station1,0.0,5.124,8.792,0.0,419297.0363636363,8362352.290909091,3.3543762909090904,66.89881832727272,vrf_leakage,compound_congestion_breach_04_vrf_leakage
2026-07-19T16:55:08+00:00,station2,0.0,5.065,8.813,0.0,8361257.472727272,420381.39999999997,66.89005978181818,3.3630511999999997,vrf_leakage,compound_congestion_breach_04_vrf_leakage
2026-07-19T16:55:08+00:00,station3,0.0,830.474,4497.714,50.0,182.29090909090908,1097.909090909091,0.0014583272727272726,0.008783272727272728,vrf_leakage,compound_congestion_breach_04_vrf_leakage
2026-07-19T16:55:23+00:00,station1,0.0,1.602,170.375,0.0,641516.4545454546,12683208.945454543,5.132131636363637,101.46567156363635,vrf_leakage,compound_congestion_breach_04_vrf_leakage
2026-07-19T16:55:23+00:00,station2,0.0,1.557,170.207,0.0,12681929.69090909,642802.8363636363,101.45543752727272,5.142422690909091,vrf_leakage,compound_congestion_breach_04_vrf_leakage
2026-07-19T16:55:23+00:00,station3,0.0,0.361,166.463,0.0,252.69090909090906,1333.9818181818182,0.0020215272727272726,0.010671854545454546,vrf_leakage,compound_congestion_breach_04_vrf_leakage
2026-07-19T16:55:38+00:00,station1,0.0,0.336,3.81,0.0,477402.8363636363,9400051.472727273,3.8192226909090903,75.20041178181818,vrf_leakage,compound_congestion_breach_04_vrf_leakage
2026-07-19T16:55:38+00:00,station2,0.0,0.413,3.371,0.0,9399090.418181816,478650.9636363636,75.19272334545452,3.829207709090909,vrf_leakage,compound_congestion_breach_04_vrf_leakage
2026-07-19T16:55:38+00:00,station3,0.0,0.034,0.251,0.0,209.39999999999998,1111.509090909091,0.0016751999999999997,0.008892072727272727,vrf_leakage,compound_congestion_breach_04_vrf_leakage
2026-07-19T16:55:53+00:00,station1,0.0,11.692,191.77,0.0,546840.3549284507,10800228.46700729,4.374722839427605,86.40182773605832,vrf_leakage,compound_congestion_breach_04_vrf_leakage
2026-07-19T16:55:53+00:00,station2,0.0,11.577,191.697,0.0,10798196.563636363,548183.4909090908,86.3855725090909,4.385467927272726,vrf_leakage,compound_congestion_breach_04_vrf_leakage
2026-07-19T16:55:53+00:00,station3,0.0,12.469,188.006,0.0,258.4,1326.1818181818182,0.0020672,0.010609454545454545,vrf_leakage,compound_congestion_breach_04_vrf_leakage
2026-07-19T16:56:08+00:00,station1,0.0,0.615,208.354,0.0,429262.0545454545,8560697.563636363,3.434096436363636,68.4855805090909,vrf_leakage,compound_congestion_breach_04_vrf_leakage
2026-07-19T16:56:08+00:00,station2,0.0,0.218,208.731,0.0,8559539.254545454,430347.6545454545,68.47631403636363,3.442781236363636,vrf_leakage,compound_congestion_breach_04_vrf_leakage
2026-07-19T16:56:08+00:00,station3,0.0,0.773,205.183,0.0,190.76363636363632,1083.3999999999999,0.0015261090909090907,0.008667199999999998,vrf_leakage,compound_congestion_breach_04_vrf_leakage
2026-07-19T16:56:23+00:00,station1,0.0,23.201,268.944,0.0,538386.8111488882,10719626.224977728,4.307094489191106,85.75700979982183,vrf_leakage,compound_congestion_breach_04_vrf_leakage
2026-07-19T16:56:23+00:00,station2,0.0,21.089,277.647,0.0,10718167.472727273,539825.5636363636,85.74533978181817,4.318604509090909,vrf_leakage,compound_congestion_breach_04_vrf_leakage
2026-07-19T16:56:23+00:00,station3,0.0,23.888,268.516,0.0,237.96363636363634,1308.8545454545454,0.0019037090909090908,0.010470836363636363,vrf_leakage,compound_congestion_breach_04_vrf_leakage
2026-07-19T16:56:38+00:00,station1,0.0,10.838,283.606,0.0,543415.7818181817,10793576.163636362,4.347326254545454,86.3486093090909,vrf_leakage,compound_congestion_breach_04_vrf_leakage
2026-07-19T16:56:38+00:00,station2,0.0,14.443,281.279,0.0,10793182.727272727,544718.0727272726,86.34546181818182,4.3577445818181815,vrf_leakage,compound_congestion_breach_04_vrf_leakage
2026-07-19T16:56:38+00:00,station3,0.0,13.469,274.316,0.0,199.65454545454543,1092.7272727272725,0.0015972363636363634,0.00874181818181818,vrf_leakage,compound_congestion_breach_04_vrf_leakage
2026-07-19T16:56:53+00:00,station1,0.0,7.327,156.366,0.0,539977.6545454545,10692314.072727272,4.319821236363636,85.53851258181818,vrf_leakage,compound_congestion_breach_04_vrf_leakage
2026-07-19T16:56:53+00:00,station2,0.0,5.483,157.179,0.0,10690950.0,541463.9272727272,85.5276,4.331711418181818,vrf_leakage,compound_congestion_breach_04_vrf_leakage
2026-07-19T16:56:53+00:00,station3,0.0,5.35,149.144,0.0,240.1090909090909,1313.0181818181816,0.0019208727272727272,0.010504145454545453,vrf_leakage,compound_congestion_breach_04_vrf_leakage
2026-07-19T16:57:08+00:00,station1,0.0,1.548,161.289,0.0,436958.0704402058,8531061.657908613,3.4956645635216463,68.2484932632689,vrf_leakage,compound_congestion_breach_04_vrf_leakage
2026-07-19T16:57:08+00:00,station2,0.0,0.734,160.528,0.0,8530201.745454544,438232.54545454547,68.24161396363635,3.505860363636364,vrf_leakage,compound_congestion_breach_04_vrf_leakage
2026-07-19T16:57:08+00:00,station3,0.0,0.515,153.814,0.0,194.0,1087.5636363636363,0.001552,0.00870050909090909,vrf_leakage,compound_congestion_breach_04_vrf_leakage
2026-07-19T16:57:23+00:00,station1,0.0,0.666,199.327,0.0,547186.6363636364,10690364.363636363,4.377493090909091,85.5229149090909,vrf_leakage,compound_congestion_breach_04_vrf_leakage
2026-07-19T16:57:23+00:00,station2,0.0,2.016,198.656,0.0,10688831.654545454,548547.7636363636,85.51065323636364,4.388382109090909,vrf_leakage,compound_congestion_breach_04_vrf_leakage
2026-07-19T16:57:23+00:00,station3,0.0,1.191,192.88,0.0,238.25454545454542,1311.6363636363635,0.0019060363636363635,0.010493090909090909,vrf_leakage,compound_congestion_breach_04_vrf_leakage
2026-07-19T16:57:38+00:00,station1,0.0,0.779,207.533,0.0,504569.8909090909,9937358.509090908,4.036559127272727,79.49886807272726,vrf_leakage,compound_congestion_breach_04_vrf_leakage
2026-07-19T16:57:38+00:00,station2,0.0,1.852,208.738,0.0,9936183.781818181,505623.47272727266,79.48947025454545,4.044987781818182,vrf_leakage,compound_congestion_breach_04_vrf_leakage
2026-07-19T16:57:38+00:00,station3,0.0,1.396,201.109,0.0,194.56363636363633,1089.7090909090907,0.0015565090909090908,0.008717672727272726,vrf_leakage,compound_congestion_breach_04_vrf_leakage
2026-07-19T16:57:53+00:00,station1,0.0,1.187,10.863,0.0,591069.3636363635,11674738.163636362,4.728554909090908,93.3979053090909,vrf_leakage,compound_congestion_breach_04_vrf_leakage
2026-07-19T16:57:53+00:00,station2,0.0,1.383,10.884,0.0,11673541.818181816,592475.5272727272,93.38833454545453,4.739804218181818,vrf_leakage,compound_congestion_breach_04_vrf_leakage
2026-07-19T16:57:53+00:00,station3,0.0,0.037,0.231,0.0,236.1090909090909,1309.1818181818182,0.001888872727272727,0.010473454545454546,vrf_leakage,compound_congestion_breach_04_vrf_leakage
2026-07-19T16:58:08+00:00,station1,0.0,1.238,10.747,0.0,365583.3924253168,7359420.553100965,2.9246671394025343,58.87536442480772,vrf_leakage,compound_congestion_breach_04_vrf_leakage
2026-07-19T16:58:08+00:00,station2,0.0,0.936,11.019,0.0,7358169.309090909,366805.18181818177,58.86535447272727,2.9344414545454542,vrf_leakage,compound_congestion_breach_04_vrf_leakage
2026-07-19T16:58:08+00:00,station3,0.0,0.038,0.291,0.0,193.05454545454543,1086.8,0.0015444363636363634,0.0086944,vrf_leakage,compound_congestion_breach_04_vrf_leakage
2026-07-19T16:58:23+00:00,station1,0.0,0.91,171.941,0.0,425390.29800541827,8535096.729031438,3.403122384043346,68.2807738322515,vrf_leakage,compound_congestion_breach_04_vrf_leakage
2026-07-19T16:58:23+00:00,station2,0.0,2.451,174.124,0.0,8533811.618181817,426797.90909090906,68.27049294545454,3.4143832727272723,vrf_leakage,compound_congestion_breach_04_vrf_leakage
2026-07-19T16:58:23+00:00,station3,0.0,0.244,163.278,0.0,235.0181818181818,1309.8,0.0018801454545454544,0.010478399999999999,vrf_leakage,compound_congestion_breach_04_vrf_leakage
2026-07-19T16:58:38+00:00,station1,0.0,10.512,188.852,0.0,319102.6344975546,6375322.030508536,2.552821075980437,51.00257624406829,vrf_leakage,compound_congestion_breach_04_vrf_leakage
2026-07-19T16:58:38+00:00,station2,0.0,8.626,189.416,0.0,6374065.254545454,320189.2909090909,50.99252203636363,2.561514327272727,vrf_leakage,compound_congestion_breach_04_vrf_leakage
2026-07-19T16:58:38+00:00,station3,0.0,8.885,179.397,0.0,194.56363636363633,1090.8727272727272,0.0015565090909090908,0.008726981818181817,vrf_leakage,compound_congestion_breach_04_vrf_leakage
2026-07-19T16:58:53+00:00,station1,0.0,0.756,222.192,0.0,492903.0727272727,9810302.818181816,3.9432245818181815,78.48242254545453,vrf_leakage,compound_congestion_breach_04_vrf_leakage
2026-07-19T16:58:53+00:00,station2,0.0,1.241,221.419,0.0,9809672.345454544,494249.87272727274,78.47737876363635,3.9539989818181818,vrf_leakage,compound_congestion_breach_04_vrf_leakage
2026-07-19T16:58:53+00:00,station3,0.0,1.591,211.433,0.0,233.9272727272727,1309.709090909091,0.0018714181818181817,0.010477672727272727,vrf_leakage,compound_congestion_breach_04_vrf_leakage
2026-07-19T16:59:08+00:00,station1,0.0,15.279,267.342,0.0,541410.9016199706,10791253.413574299,4.331287212959764,86.3300273085944,vrf_leakage,compound_congestion_breach_04_vrf_leakage
2026-07-19T16:59:08+00:00,station2,0.0,16.358,269.247,0.0,10790651.709090909,542709.8727272727,86.32521367272727,4.341678981818181,vrf_leakage,compound_congestion_breach_04_vrf_leakage
2026-07-19T16:59:08+00:00,station3,0.0,11.164,252.424,0.0,195.63636363636363,1090.5272727272727,0.001565090909090909,0.008724218181818181,vrf_leakage,compound_congestion_breach_04_vrf_leakage
2026-07-19T16:59:23+00:00,station1,0.0,2.373,14.395,25.0,484782.4909090909,9664015.672727274,3.8782599272727274,77.31212538181819,vrf_leakage,compound_congestion_breach_04_vrf_leakage
2026-07-19T16:59:23+00:00,station2,0.0,2.288,12.807,0.0,9662740.236363636,486288.94545454544,77.30192189090909,3.8903115636363634,vrf_leakage,compound_congestion_breach_04_vrf_leakage
2026-07-19T16:59:23+00:00,station3,0.0,0.071,0.295,0.0,233.78181818181818,1311.4727272727273,0.0018702545454545455,0.010491781818181818,vrf_leakage,compound_congestion_breach_04_vrf_leakage
2026-07-19T16:59:38+00:00,station1,0.0,6.308,156.975,0.0,316278.9505263732,6302501.500027273,2.530231604210986,50.420012000218186,vrf_leakage,compound_congestion_breach_04_vrf_leakage
2026-07-19T16:59:38+00:00,station2,0.0,5.163,157.533,25.0,6301402.454545454,317555.0181818182,50.41121963636363,2.5404401454545456,vrf_leakage,compound_congestion_breach_04_vrf_leakage
2026-07-19T16:59:38+00:00,station3,0.0,6.561,143.053,0.0,194.4181818181818,1092.509090909091,0.0015553454545454545,0.008740072727272728,vrf_leakage,compound_congestion_breach_04_vrf_leakage
2026-07-19T16:59:53+00:00,station1,0.0,8.1,296.89,0.0,376933.41939237464,7531207.105325357,3.015467355138997,60.24965684260285,vrf_leakage,compound_congestion_breach_04_vrf_leakage
2026-07-19T16:59:53+00:00,station2,0.0,11.767,296.163,0.0,7529048.963636364,378292.41818181815,60.23239170909091,3.026339345454545,vrf_leakage,compound_congestion_breach_04_vrf_leakage
2026-07-19T16:59:53+00:00,station3,0.0,9.113,284.178,0.0,234.87272727272727,1311.8545454545454,0.0018789818181818181,0.010494836363636363,vrf_leakage,compound_congestion_breach_04_vrf_leakage
2026-07-19T17:00:08+00:00,station1,0.0,1.574,335.842,0.0,295239.42253495514,5820184.694267169,2.3619153802796413,46.56147755413735,vrf_leakage,compound_congestion_breach_04_vrf_leakage
2026-07-19T17:00:08+00:00,station2,0.0,1.181,336.147,0.0,5818809.963636364,296227.21818181814,46.55047970909091,2.369817745454545,vrf_leakage,compound_congestion_breach_04_vrf_leakage
2026-07-19T17:00:08+00:00,station3,0.0,1.145,323.995,0.0,191.96363636363634,1087.4363636363637,0.0015357090909090907,0.00869949090909091,vrf_leakage,compound_congestion_breach_04_vrf_leakage
2026-07-19T17:00:23+00:00,station1,0.0,22.186,374.135,0.0,445625.99778169714,8772444.5697038,3.565007982253577,70.1795565576304,vrf_leakage,compound_congestion_breach_04_vrf_leakage
2026-07-19T17:00:23+00:00,station2,0.0,24.415,363.507,0.0,8770419.872727271,446875.23636363633,70.16335898181816,3.575001890909091,vrf_leakage,compound_congestion_breach_04_vrf_leakage
2026-07-19T17:00:23+00:00,station3,0.0,24.307,358.118,0.0,233.45454545454544,1308.8727272727272,0.0018676363636363634,0.010470981818181816,vrf_leakage,compound_congestion_breach_04_vrf_leakage
2026-07-19T17:00:38+00:00,station1,0.0,2.503,14.107,0.0,348171.71221294935,6786667.975781378,2.7853736977035948,54.29334380625102,vrf_leakage,compound_congestion_breach_04_vrf_leakage
2026-07-19T17:00:38+00:00,station2,0.0,2.571,14.829,25.0,6785324.418181818,349337.0909090909,54.282595345454546,2.794696727272727,vrf_leakage,compound_congestion_breach_04_vrf_leakage
2026-07-19T17:00:38+00:00,station3,0.0,0.033,0.284,0.0,194.63636363636363,1091.509090909091,0.001557090909090909,0.008732072727272727,vrf_leakage,compound_congestion_breach_04_vrf_leakage
2026-07-19T17:00:53+00:00,station1,0.0,1.518,229.565,0.0,371664.8909090909,7252321.69090909,2.973319127272727,58.01857352727272,vrf_leakage,compound_congestion_breach_04_vrf_leakage
2026-07-19T17:00:53+00:00,station2,0.0,2.094,230.551,0.0,7250698.163636363,373048.6,58.005585309090904,2.9843887999999996,vrf_leakage,compound_congestion_breach_04_vrf_leakage
2026-07-19T17:00:53+00:00,station3,0.0,1.03,214.927,0.0,235.09090909090907,1311.2363636363634,0.0018807272727272724,0.010489890909090907,vrf_leakage,compound_congestion_breach_04_vrf_leakage
2026-07-19T17:01:08+00:00,station1,0.0,2.12,231.425,0.0,291833.87272727274,5774770.836363635,2.334670981818182,46.19816669090908,vrf_leakage,compound_congestion_breach_04_vrf_leakage
2026-07-19T17:01:08+00:00,station2,0.0,1.949,230.042,0.0,5773840.890909091,293009.87272727274,46.19072712727272,2.344078981818182,vrf_leakage,compound_congestion_breach_04_vrf_leakage
2026-07-19T17:01:08+00:00,station3,0.0,0.553,217.251,0.0,190.83636363636364,1088.4181818181817,0.0015266909090909091,0.008707345454545453,vrf_leakage,compound_congestion_breach_04_vrf_leakage
2026-07-19T17:01:23+00:00,station1,0.0,3.793,268.303,25.0,367871.91141979233,7252969.636915693,2.9429752913583385,58.02375709532554,vrf_leakage,compound_congestion_breach_04_vrf_leakage
2026-07-19T17:01:23+00:00,station2,0.0,1.723,264.824,0.0,7251719.472727272,369192.9272727272,58.013755781818176,2.9535434181818174,vrf_leakage,compound_congestion_breach_04_vrf_leakage
2026-07-19T17:01:23+00:00,station3,0.0,0.969,254.711,0.0,236.65454545454543,1310.9272727272726,0.0018932363636363634,0.01048741818181818,vrf_leakage,compound_congestion_breach_04_vrf_leakage
2026-07-19T17:01:38+00:00,station1,0.0,3.146,281.518,0.0,375836.0816682727,7382196.243841246,3.006688653346181,59.05756995072996,vrf_leakage,compound_congestion_breach_04_vrf_leakage
2026-07-19T17:01:38+00:00,station2,0.0,1.141,284.77,0.0,7382469.436363636,377025.90909090906,59.05975549090908,3.0162072727272724,vrf_leakage,compound_congestion_breach_04_vrf_leakage
2026-07-19T17:01:38+00:00,station3,0.0,2.729,268.287,0.0,194.56363636363633,1090.3272727272727,0.0015565090909090908,0.008722618181818182,vrf_leakage,compound_congestion_breach_04_vrf_leakage
2026-07-19T17:01:53+00:00,station1,0.0,38.625,178.521,0.0,370707.90909090906,7266851.036363635,2.9656632727272725,58.134808290909085,vrf_leakage,compound_congestion_breach_04_vrf_leakage
2026-07-19T17:01:53+00:00,station2,0.0,35.538,178.874,0.0,7265621.545454545,372033.0545454545,58.12497236363636,2.976264436363636,vrf_leakage,compound_congestion_breach_04_vrf_leakage
2026-07-19T17:01:53+00:00,station3,0.0,37.422,163.447,0.0,235.0181818181818,1309.4181818181817,0.0018801454545454544,0.010475345454545454,vrf_leakage,compound_congestion_breach_04_vrf_leakage
2026-07-19T17:02:08+00:00,station1,0.0,10.586,233.376,0.0,298912.8845734235,5791655.774965452,2.3913030765873877,46.33324619972362,vrf_leakage,compound_congestion_breach_04_vrf_leakage
2026-07-19T17:02:08+00:00,station2,0.0,3.248,237.308,0.0,5790261.4,299984.4,46.3220912,2.3998752000000003,vrf_leakage,compound_congestion_breach_04_vrf_leakage
2026-07-19T17:02:08+00:00,station3,0.0,6.31,221.71,0.0,190.76363636363632,1086.5454545454545,0.0015261090909090907,0.008692363636363635,vrf_leakage,compound_congestion_breach_04_vrf_leakage
2026-07-19T17:02:23+00:00,station1,0.0,2.435,279.715,0.0,372615.0,7269274.999999999,2.98092,58.154199999999996,vrf_leakage,compound_congestion_breach_04_vrf_leakage
2026-07-19T17:02:23+00:00,station2,0.0,0.739,278.611,0.0,7267630.927272727,373920.0181818182,58.14104741818181,2.9913601454545455,vrf_leakage,compound_congestion_breach_04_vrf_leakage
2026-07-19T17:02:23+00:00,station3,0.0,1.498,265.272,0.0,236.29090909090908,1309.890909090909,0.0018903272727272726,0.01047912727272727,vrf_leakage,compound_congestion_breach_04_vrf_leakage
2026-07-19T17:02:38+00:00,station1,0.0,1.656,280.684,0.0,318334.0727272727,6193760.654545454,2.5466725818181817,49.550085236363635,vrf_leakage,compound_congestion_breach_04_vrf_leakage
2026-07-19T17:02:38+00:00,station2,0.0,1.264,284.341,0.0,6192459.69090909,319433.7636363636,49.53967752727272,2.555470109090909,vrf_leakage,compound_congestion_breach_04_vrf_leakage
2026-07-19T17:02:38+00:00,station3,0.0,0.929,268.634,0.0,195.83636363636364,1090.1999999999998,0.0015666909090909092,0.008721599999999998,vrf_leakage,compound_congestion_breach_04_vrf_leakage
2026-07-19T17:02:53+00:00,station1,0.0,0.954,13.932,0.0,444186.7818181818,8624006.472727273,3.553494254545454,68.99205178181818,vrf_leakage,compound_congestion_breach_04_vrf_leakage
2026-07-19T17:02:53+00:00,station2,0.0,1.18,16.108,0.0,8622527.654545454,445494.0727272727,68.98022123636363,3.5639525818181816,vrf_leakage,compound_congestion_breach_04_vrf_leakage
2026-07-19T17:02:53+00:00,station3,0.0,0.026,0.269,0.0,237.9272727272727,1312.1272727272726,0.0019034181818181816,0.01049701818181818,vrf_leakage,compound_congestion_breach_04_vrf_leakage
2026-07-19T17:03:08+00:00,station1,0.0,42.374,101.018,0.0,299535.5928505191,5788722.384857356,2.396284742804153,46.309779078858845,vrf_leakage,compound_congestion_breach_04_vrf_leakage
2026-07-19T17:03:08+00:00,station2,0.0,39.189,101.569,0.0,5787330.890909091,300613.50909090904,46.29864712727272,2.4049080727272725,vrf_leakage,compound_congestion_breach_04_vrf_leakage
2026-07-19T17:03:08+00:00,station3,0.0,40.59,87.755,0.0,194.76363636363632,1090.6181818181817,0.0015581090909090906,0.008724945454545453,vrf_leakage,compound_congestion_breach_04_vrf_leakage
2026-07-19T17:03:23+00:00,station1,0.0,6.781,283.988,0.0,375804.3818181818,7265127.090909091,3.006435054545454,58.121016727272725,vrf_leakage,compound_congestion_breach_04_vrf_leakage
2026-07-19T17:03:23+00:00,station2,0.0,2.087,288.478,0.0,7263743.799999999,377113.309090909,58.10995039999999,3.016906472727272,vrf_leakage,compound_congestion_breach_04_vrf_leakage
2026-07-19T17:03:23+00:00,station3,0.0,7.434,271.918,0.0,237.74545454545452,1313.490909090909,0.0019019636363636363,0.010507927272727273,vrf_leakage,compound_congestion_breach_04_vrf_leakage
2026-07-19T17:03:38+00:00,station1,0.0,9.817,320.565,0.0,296903.34545454546,5788317.5636363635,2.3752267636363635,46.30654050909091,vrf_leakage,compound_congestion_breach_04_vrf_leakage
2026-07-19T17:03:38+00:00,station2,0.0,9.15,322.031,0.0,5787146.018181818,298002.63636363635,46.29716814545454,2.3840210909090906,vrf_leakage,compound_congestion_breach_04_vrf_leakage
2026-07-19T17:03:38+00:00,station3,0.0,10.507,307.446,0.0,195.65454545454543,1092.5272727272725,0.0015652363636363634,0.00874021818181818,vrf_leakage,compound_congestion_breach_04_vrf_leakage
2026-07-19T17:03:53+00:00,station1,0.0,27.341,378.018,25.0,378497.2545454545,7504116.072727272,3.027978036363636,60.032928581818176,vrf_leakage,compound_congestion_breach_04_vrf_leakage
2026-07-19T17:03:53+00:00,station2,0.0,30.148,372.618,0.0,7502581.218181818,379811.10909090907,60.02064974545454,3.0384888727272727,vrf_leakage,compound_congestion_breach_04_vrf_leakage
2026-07-19T17:03:53+00:00,station3,0.0,27.806,364.849,0.0,234.9090909090909,1310.7454545454543,0.0018792727272727273,0.010485963636363635,vrf_leakage,compound_congestion_breach_04_vrf_leakage
2026-07-19T17:04:08+00:00,station1,0.0,1.562,15.964,0.0,366281.1971562085,7329880.175282287,2.930249577249668,58.6390414022583,vrf_leakage,compound_congestion_breach_04_vrf_leakage
2026-07-19T17:04:08+00:00,station2,0.0,2.863,14.575,0.0,7328334.454545454,367344.87272727274,58.626675636363636,2.938758981818182,vrf_leakage,compound_congestion_breach_04_vrf_leakage
2026-07-19T17:04:08+00:00,station3,0.0,0.029,0.313,0.0,188.03636363636363,1086.3272727272727,0.001504290909090909,0.008690618181818181,vrf_leakage,compound_congestion_breach_04_vrf_leakage
2026-07-19T17:04:23+00:00,station1,0.0,5.095,395.697,0.0,341768.2321496755,6715070.455826471,2.734145857197404,53.720563646611765,vrf_leakage,compound_congestion_breach_04_vrf_leakage
2026-07-19T17:04:23+00:00,station2,0.0,1.813,395.711,0.0,6713341.909090908,342972.14545454545,53.706735272727265,2.7437771636363637,vrf_leakage,compound_congestion_breach_04_vrf_leakage
2026-07-19T17:04:23+00:00,station3,0.0,4.987,379.545,0.0,232.29090909090908,1307.9818181818182,0.0018583272727272727,0.010463854545454546,vrf_leakage,compound_congestion_breach_04_vrf_leakage
2026-07-19T17:04:38+00:00,station1,0.0,0.555,415.275,0.0,241666.36363636362,4555603.5636363635,1.933330909090909,36.44482850909091,vrf_leakage,compound_congestion_breach_04_vrf_leakage
2026-07-19T17:04:38+00:00,station2,0.0,7.011,412.231,0.0,4554412.927272727,242657.58181818182,36.43530341818182,1.9412606545454545,vrf_leakage,compound_congestion_breach_04_vrf_leakage
2026-07-19T17:04:38+00:00,station3,0.0,1.796,397.981,0.0,193.03636363636363,1089.1272727272726,0.0015442909090909091,0.008713018181818181,vrf_leakage,compound_congestion_breach_04_vrf_leakage
2026-07-19T17:04:53+00:00,station1,0.0,49.652,374.236,0.0,259804.96718241487,4669459.973455028,2.078439737459319,37.35567978764022,vrf_leakage,compound_congestion_breach_04_vrf_leakage
2026-07-19T17:04:53+00:00,station2,0.0,38.077,347.485,25.0,4667916.6,261021.5636363636,37.3433328,2.0881725090909087,vrf_leakage,compound_congestion_breach_04_vrf_leakage
2026-07-19T17:04:53+00:00,station3,0.0,50.809,362.735,0.0,235.1272727272727,1309.7818181818182,0.0018810181818181815,0.010478254545454545,vrf_leakage,compound_congestion_breach_04_vrf_leakage
2026-07-19T17:05:08+00:00,station1,0.0,13.059,330.197,0.0,234978.01818181816,4043220.6909090905,1.8798241454545452,32.345765527272725,vrf_leakage,compound_congestion_breach_04_vrf_leakage
2026-07-19T17:05:08+00:00,station2,0.0,15.529,329.577,0.0,4041398.345454545,235942.5636363636,32.33118676363636,1.8875405090909088,vrf_leakage,compound_congestion_breach_04_vrf_leakage
2026-07-19T17:05:08+00:00,station3,0.0,11.522,315.22,0.0,192.4,1088.1272727272726,0.0015392000000000001,0.00870501818181818,vrf_leakage,compound_congestion_breach_04_vrf_leakage
2026-07-19T17:05:23+00:00,station1,0.0,41.085,43.876,0.0,236543.79999999996,4044468.472727272,1.8923503999999998,32.35574778181818,vrf_leakage,compound_congestion_breach_04_vrf_leakage
2026-07-19T17:05:23+00:00,station2,0.0,37.714,39.0,0.0,4042979.509090909,237855.19999999998,32.34383607272727,1.9028416,vrf_leakage,compound_congestion_breach_04_vrf_leakage
2026-07-19T17:05:23+00:00,station3,0.0,40.773,29.131,0.0,236.2181818181818,1312.2181818181816,0.0018897454545454544,0.010497745454545453,vrf_leakage,compound_congestion_breach_04_vrf_leakage
2026-07-19T17:05:38+00:00,station1,0.0,3.105,408.466,0.0,186357.5701376389,3146036.200658194,1.4908605611011112,25.16828960526555,vrf_leakage,compound_congestion_breach_04_vrf_leakage
2026-07-19T17:05:38+00:00,station2,0.0,3.825,408.288,0.0,3144674.309090909,187441.34545454543,25.157394472727272,1.4995307636363635,vrf_leakage,compound_congestion_breach_04_vrf_leakage
2026-07-19T17:05:38+00:00,station3,0.0,1.418,395.32,0.0,194.67272727272726,1091.6909090909091,0.0015573818181818181,0.008733527272727273,vrf_leakage,compound_congestion_breach_04_vrf_leakage
2026-07-19T17:05:53+00:00,station1,0.0,135.043,226.042,0.0,231140.07018054218,3940732.368502391,1.8491205614443376,31.525858948019128,vrf_leakage,compound_congestion_breach_04_vrf_leakage
2026-07-19T17:05:53+00:00,station2,0.0,140.797,218.374,0.0,3939497.436363636,232454.05454545454,31.51597949090909,1.8596324363636363,vrf_leakage,compound_congestion_breach_04_vrf_leakage
2026-07-19T17:05:53+00:00,station3,0.0,136.872,208.809,0.0,231.9272727272727,1309.3454545454545,0.0018554181818181816,0.010474763636363635,vrf_leakage,compound_congestion_breach_04_vrf_leakage
2026-07-19T17:06:08+00:00,station1,0.0,3.231,360.684,0.0,185033.0751327369,3145721.9434140665,1.4802646010618952,25.16577554731253,vrf_leakage,compound_congestion_breach_04_vrf_leakage
2026-07-19T17:06:08+00:00,station2,0.0,1.2,362.767,0.0,3144087.836363636,186088.41818181815,25.152702690909088,1.4887073454545452,vrf_leakage,compound_congestion_breach_04_vrf_leakage
2026-07-19T17:06:08+00:00,station3,0.0,1.387,347.613,0.0,188.1090909090909,1084.7090909090907,0.0015048727272727273,0.008677672727272726,vrf_leakage,compound_congestion_breach_04_vrf_leakage
2026-07-19T17:06:23+00:00,station1,0.0,165.705,245.697,0.0,271824.3913968329,4667728.142101341,2.174595131174663,37.341825136810726,vrf_leakage,compound_congestion_breach_04_vrf_leakage
2026-07-19T17:06:23+00:00,station2,0.0,165.819,244.991,0.0,4666510.163636363,273150.69090909086,37.3320813090909,2.1852055272727267,vrf_leakage,compound_congestion_breach_04_vrf_leakage
2026-07-19T17:06:23+00:00,station3,0.0,162.884,230.565,0.0,232.36363636363635,1307.8363636363636,0.0018589090909090908,0.010462690909090909,vrf_leakage,compound_congestion_breach_04_vrf_leakage
2026-07-19T17:06:38+00:00,station1,0.0,0.779,14.244,0.0,193228.42233495155,3340688.921616757,1.5458273786796124,26.725511372934054,vrf_leakage,compound_congestion_breach_04_vrf_leakage
2026-07-19T17:06:38+00:00,station2,0.0,2.134,15.622,0.0,3339460.2,194405.7818181818,26.7156816,1.5552462545454544,vrf_leakage,compound_congestion_breach_04_vrf_leakage
2026-07-19T17:06:38+00:00,station3,0.0,0.016,0.343,0.0,195.76363636363632,1089.5272727272727,0.0015661090909090906,0.008716218181818182,vrf_leakage,compound_congestion_breach_04_vrf_leakage
2026-07-19T17:06:53+00:00,station1,0.0,4.935,410.128,0.0,231824.59999999998,3939659.036363636,1.8545967999999997,31.51727229090909,vrf_leakage,compound_congestion_breach_04_vrf_leakage
2026-07-19T17:06:53+00:00,station2,0.0,1.811,410.492,0.0,3938119.1454545455,233124.30909090908,31.504953163636365,1.8649944727272727,vrf_leakage,compound_congestion_breach_04_vrf_leakage
2026-07-19T17:06:53+00:00,station3,0.0,1.527,396.181,0.0,236.65454545454543,1310.6909090909091,0.0018932363636363634,0.010485527272727273,vrf_leakage,compound_congestion_breach_04_vrf_leakage
2026-07-19T17:07:08+00:00,station1,0.0,4.472,415.176,0.0,186507.7642010328,3144408.1933231507,1.4920621136082626,25.155265546585206,vrf_leakage,compound_congestion_breach_04_vrf_leakage
2026-07-19T17:07:08+00:00,station2,0.0,5.672,412.863,0.0,3142895.836363636,187582.8,25.143166690909087,1.5006624,vrf_leakage,compound_congestion_breach_04_vrf_leakage
2026-07-19T17:07:08+00:00,station3,0.0,1.684,402.464,0.0,192.4,1088.2545454545455,0.0015392000000000001,0.008706036363636364,vrf_leakage,compound_congestion_breach_04_vrf_leakage
2026-07-19T17:07:23+00:00,station1,0.0,8.131,411.962,0.0,233904.27272727274,3939612.345454545,1.871234181818182,31.516898763636362,vrf_leakage,compound_congestion_breach_04_vrf_leakage
2026-07-19T17:07:23+00:00,station2,0.0,7.004,411.803,0.0,3938048.9636363634,235207.01818181816,31.504391709090907,1.8816561454545453,vrf_leakage,compound_congestion_breach_04_vrf_leakage
2026-07-19T17:07:23+00:00,station3,0.0,8.152,396.336,0.0,236.65454545454543,1311.109090909091,0.0018932363636363634,0.010488872727272728,vrf_leakage,compound_congestion_breach_04_vrf_leakage
2026-07-19T17:07:38+00:00,station1,0.0,2.963,359.295,0.0,233988.25433189695,3977007.6728667794,1.8719060346551757,31.816061382934237,vrf_leakage,compound_congestion_breach_04_vrf_leakage
2026-07-19T17:07:38+00:00,station2,0.0,3.363,359.683,0.0,3975670.8909090906,235085.58181818182,31.805367127272724,1.8806846545454545,vrf_leakage,compound_congestion_breach_04_vrf_leakage
2026-07-19T17:07:38+00:00,station3,0.0,1.616,345.821,0.0,197.4,1091.9090909090908,0.0015792,0.008735272727272727,vrf_leakage,compound_congestion_breach_04_vrf_leakage
2026-07-19T17:07:53+00:00,station1,0.0,25.342,376.398,0.0,232178.26300383618,3920896.460193081,1.8574261040306894,31.367171681544647,vrf_leakage,compound_congestion_breach_04_vrf_leakage
2026-07-19T17:07:53+00:00,station2,0.0,26.482,376.967,0.0,3919603.6181818177,233497.43636363637,31.35682894545454,1.867979490909091,vrf_leakage,compound_congestion_breach_04_vrf_leakage
2026-07-19T17:07:53+00:00,station3,0.0,24.213,365.317,0.0,233.9272727272727,1308.490909090909,0.0018714181818181817,0.010467927272727273,vrf_leakage,compound_congestion_breach_04_vrf_leakage
2026-07-19T17:08:08+00:00,station1,0.0,2.566,397.958,0.0,185063.16708184083,3125847.5735040093,1.4805053366547267,25.006780588032075,vrf_leakage,compound_congestion_breach_04_vrf_leakage
2026-07-19T17:08:08+00:00,station2,0.0,0.821,400.133,0.0,3124118.5636363635,186131.83636363636,24.99294850909091,1.489054690909091,vrf_leakage,compound_congestion_breach_04_vrf_leakage
2026-07-19T17:08:08+00:00,station3,0.0,1.0,383.084,0.0,189.67272727272726,1084.9090909090908,0.001517381818181818,0.008679272727272726,vrf_leakage,compound_congestion_breach_04_vrf_leakage
2026-07-19T17:08:23+00:00,station1,0.0,1.524,412.918,0.0,233500.9636363636,3921391.981818182,1.8680077090909089,31.371135854545454,vrf_leakage,compound_congestion_breach_04_vrf_leakage
2026-07-19T17:08:23+00:00,station2,0.0,2.54,409.656,25.0,3920532.2727272725,234846.07272727272,31.36425818181818,1.8787685818181818,vrf_leakage,compound_congestion_breach_04_vrf_leakage
2026-07-19T17:08:23+00:00,station3,0.0,0.68,397.484,0.0,233.9272727272727,1308.1454545454544,0.0018714181818181817,0.010465163636363635,vrf_leakage,compound_congestion_breach_04_vrf_leakage
2026-07-19T17:08:38+00:00,station1,0.0,2.774,412.14,0.0,218588.7636363636,3673059.1454545455,1.748710109090909,29.384473163636365,vrf_leakage,compound_congestion_breach_04_vrf_leakage
2026-07-19T17:08:38+00:00,station2,0.0,1.666,409.562,0.0,3671833.836363636,219617.5090909091,29.374670690909088,1.7569400727272728,vrf_leakage,compound_congestion_breach_04_vrf_leakage
2026-07-19T17:08:38+00:00,station3,0.0,0.605,397.743,0.0,194.56363636363633,1090.490909090909,0.0015565090909090908,0.008723927272727272,vrf_leakage,compound_congestion_breach_04_vrf_leakage
2026-07-19T17:08:53+00:00,station1,0.0,0.748,15.567,0.0,257215.1818181818,4326416.454545454,2.0577214545454545,34.61133163636363,vrf_leakage,compound_congestion_breach_04_vrf_leakage
2026-07-19T17:08:53+00:00,station2,0.0,1.902,12.665,0.0,4324909.945454545,258480.67272727273,34.599279563636365,2.0678453818181817,vrf_leakage,compound_congestion_breach_04_vrf_leakage
2026-07-19T17:08:53+00:00,station3,0.0,0.026,0.273,0.0,233.9272727272727,1310.2727272727273,0.0018714181818181817,0.010482181818181818,vrf_leakage,compound_congestion_breach_04_vrf_leakage
2026-07-19T17:09:08+00:00,station1,0.0,39.803,382.732,0.0,167545.9090909091,2806481.5818181816,1.3403672727272726,22.45185265454545,vrf_leakage,compound_congestion_breach_04_vrf_leakage
2026-07-19T17:09:08+00:00,station2,0.0,35.739,387.131,0.0,2805161.218181818,168530.70909090908,22.441289745454544,1.3482456727272727,vrf_leakage,compound_congestion_breach_04_vrf_leakage
2026-07-19T17:09:08+00:00,station3,0.0,37.419,368.773,0.0,190.76363636363632,1088.3454545454545,0.0015261090909090907,0.008706763636363636,vrf_leakage,compound_congestion_breach_04_vrf_leakage
2026-07-19T17:09:23+00:00,station1,0.0,8.908,394.069,0.0,134085.39378954258,2238172.151116282,1.0726831503163405,17.905377208930258,vrf_leakage,compound_congestion_breach_04_vrf_leakage
2026-07-19T17:09:23+00:00,station2,0.0,6.824,394.275,0.0,2236192.127272727,135263.74545454545,17.889537018181816,1.0821099636363636,vrf_leakage,compound_congestion_breach_04_vrf_leakage
2026-07-19T17:09:23+00:00,station3,0.0,9.242,381.995,0.0,235.0181818181818,1310.2363636363634,0.0018801454545454544,0.010481890909090907,vrf_leakage,compound_congestion_breach_04_vrf_leakage
2026-07-19T17:09:38+00:00,station1,0.0,54.723,401.762,0.0,46287.36112878884,761188.7921159336,0.3702988890303107,6.089510336927469,vrf_leakage,compound_congestion_breach_04_vrf_leakage
2026-07-19T17:09:38+00:00,station2,0.0,56.869,407.462,0.0,759936.8181818181,47279.72727272727,6.079494545454545,0.3782378181818182,vrf_leakage,compound_congestion_breach_04_vrf_leakage
2026-07-19T17:09:38+00:00,station3,0.0,54.918,387.454,0.0,195.76363636363632,1089.581818181818,0.0015661090909090906,0.008716654545454545,vrf_leakage,compound_congestion_breach_04_vrf_leakage
2026-07-19T17:09:53+00:00,station1,0.0,4.952,401.544,0.0,38397.87272727272,639162.1454545454,0.30718298181818177,5.113297163636363,vrf_leakage,compound_congestion_breach_04_vrf_leakage
2026-07-19T17:09:53+00:00,station2,0.0,5.615,398.184,0.0,637590.7454545455,39652.69090909091,5.100725963636364,0.3172215272727273,vrf_leakage,compound_congestion_breach_04_vrf_leakage
2026-07-19T17:09:53+00:00,station3,0.0,2.214,384.01,0.0,233.49090909090907,1308.581818181818,0.0018679272727272725,0.010468654545454545,vrf_leakage,compound_congestion_breach_04_vrf_leakage
2026-07-19T17:10:08+00:00,station1,0.0,1.809,13.19,0.0,30051.94828808844,510203.8656653999,0.24041558630470752,4.081630925323199,vrf_leakage,compound_congestion_breach_04_vrf_leakage
2026-07-19T17:10:08+00:00,station2,0.0,1.863,12.908,25.0,508909.39999999997,31139.799999999996,4.0712752,0.24911839999999996,vrf_leakage,compound_congestion_breach_04_vrf_leakage
2026-07-19T17:10:08+00:00,station3,0.0,0.039,0.257,0.0,188.14545454545453,1085.3636363636363,0.0015051636363636362,0.00868290909090909,vrf_leakage,compound_congestion_breach_04_vrf_leakage
2026-07-19T17:10:23+00:00,station1,0.0,4.181,404.441,0.0,33727.43636363636,564122.6909090909,0.2698194909090909,4.512981527272728,vrf_leakage,compound_congestion_breach_04_vrf_leakage
2026-07-19T17:10:23+00:00,station2,0.0,5.867,400.482,0.0,562609.909090909,35029.74545454545,4.500879272727271,0.2802379636363636,vrf_leakage,compound_congestion_breach_04_vrf_leakage
2026-07-19T17:10:23+00:00,station3,0.0,3.019,389.178,0.0,232.39999999999998,1308.6181818181817,0.0018591999999999999,0.010468945454545454,vrf_leakage,compound_congestion_breach_04_vrf_leakage
2026-07-19T17:10:38+00:00,station1,0.0,26.804,366.253,25.0,27825.963636363635,450455.6545454545,0.22260770909090907,3.603645236363636,vrf_leakage,compound_congestion_breach_04_vrf_leakage
2026-07-19T17:10:38+00:00,station2,0.0,25.382,356.441,0.0,449204.4909090909,28915.254545454543,3.5936359272727274,0.23132203636363635,vrf_leakage,compound_congestion_breach_04_vrf_leakage
2026-07-19T17:10:38+00:00,station3,0.0,20.602,342.623,0.0,194.67272727272726,1089.2727272727273,0.0015573818181818181,0.008714181818181819,vrf_leakage,compound_congestion_breach_04_vrf_leakage
2026-07-19T17:10:53+00:00,station1,0.0,12.616,414.825,0.0,33826.17311782994,564089.5042088614,0.27060938494263953,4.512716033670891,vrf_leakage,compound_congestion_breach_04_vrf_leakage
2026-07-19T17:10:53+00:00,station2,0.0,49.226,396.494,40.0,562715.6545454545,35136.763636363634,4.501725236363637,0.2810941090909091,vrf_leakage,compound_congestion_breach_04_vrf_leakage
2026-07-19T17:10:53+00:00,station3,0.0,12.896,401.833,0.0,233.9272727272727,1308.9454545454544,0.0018714181818181817,0.010471563636363635,vrf_leakage,compound_congestion_breach_04_vrf_leakage
2026-07-19T17:11:08+00:00,station1,0.0,9.251,389.321,0.0,34204.781818181815,568186.0,0.27363825454545454,4.545488,vrf_leakage,compound_congestion_breach_04_vrf_leakage
2026-07-19T17:11:08+00:00,station2,0.0,9.11,395.726,0.0,566915.5818181818,35296.69090909091,4.535324654545454,0.2823735272727273,vrf_leakage,compound_congestion_breach_04_vrf_leakage
2026-07-19T17:11:08+00:00,station3,0.0,9.336,377.594,0.0,189.67272727272726,1086.3636363636363,0.001517381818181818,0.00869090909090909,vrf_leakage,compound_congestion_breach_04_vrf_leakage
2026-07-19T17:11:23+00:00,station1,0.0,36.458,421.968,0.0,33299.145454545454,563915.1454545454,0.2663931636363636,4.511321163636363,vrf_leakage,compound_congestion_breach_04_vrf_leakage
2026-07-19T17:11:23+00:00,station2,0.0,34.511,425.314,0.0,562400.0545454546,34603.38181818181,4.499200436363637,0.27682705454545453,vrf_leakage,compound_congestion_breach_04_vrf_leakage
2026-07-19T17:11:23+00:00,station3,0.0,37.929,407.751,0.0,236.65454545454543,1310.8727272727272,0.0018932363636363634,0.010486981818181817,vrf_leakage,compound_congestion_breach_04_vrf_leakage
2026-07-19T17:11:38+00:00,station1,0.0,7.435,399.016,0.0,27200.869075107727,450242.06832603045,0.21760695260086182,3.601936546608244,vrf_leakage,compound_congestion_breach_04_vrf_leakage
2026-07-19T17:11:38+00:00,station2,0.0,3.424,399.505,0.0,448969.39999999997,28284.599999999995,3.5917551999999997,0.22627679999999997,vrf_leakage,compound_congestion_breach_04_vrf_leakage
2026-07-19T17:11:38+00:00,station3,0.0,5.845,382.493,0.0,197.4,1091.2545454545455,0.0015792,0.008730036363636364,vrf_leakage,compound_congestion_breach_04_vrf_leakage
2026-07-19T17:11:53+00:00,station1,0.0,48.541,384.539,0.0,33604.781818181815,563921.3272727273,0.2688382545454545,4.511370618181818,vrf_leakage,compound_congestion_breach_04_vrf_leakage
2026-07-19T17:11:53+00:00,station2,0.0,50.082,385.438,0.0,562398.9636363635,34896.70909090909,4.499191709090908,0.2791736727272727,vrf_leakage,compound_congestion_breach_04_vrf_leakage
2026-07-19T17:11:53+00:00,station3,0.0,52.797,374.509,0.0,236.65454545454543,1309.8,0.0018932363636363634,0.010478399999999999,vrf_leakage,compound_congestion_breach_04_vrf_leakage
2026-07-19T17:12:08+00:00,station1,0.0,0.053,1.253,25.0,30020.055639398513,493979.8898121716,0.2401604451151881,3.9518391184973725,vrf_leakage,compound_congestion_breach_04_vrf_leakage
2026-07-19T17:12:08+00:00,station2,0.0,0.081,1.165,25.0,492718.4545454545,31016.236363636363,3.941747636363636,0.2481298909090909,vrf_leakage,compound_congestion_breach_04_vrf_leakage
2026-07-19T17:12:08+00:00,station3,0.0,0.0,0.656,25.0,190.76363636363632,1085.2363636363636,0.0015261090909090907,0.00868189090909091,vrf_leakage,compound_congestion_breach_04_vrf_leakage
2026-07-19T17:12:23+00:00,station1,0.0,0.018,0.227,0.0,198530.91761967965,4084117.088780204,1.5882473409574371,32.67293671024163,vrf_leakage,compound_congestion_breach_04_vrf_leakage
2026-07-19T17:12:23+00:00,station2,0.0,0.027,0.217,0.0,4082820.5636363635,199913.49090909088,32.662564509090906,1.599307927272727,vrf_leakage,compound_congestion_breach_04_vrf_leakage
2026-07-19T17:12:23+00:00,station3,0.0,0.015,0.321,0.0,235.0181818181818,1308.5636363636363,0.0018801454545454544,0.01046850909090909,vrf_leakage,compound_congestion_breach_04_vrf_leakage
2026-07-19T17:12:38+00:00,station1,0.0,1.208,1.658,0.0,220084.7651775487,4545630.447826324,1.7606781214203895,36.36504358261059,vrf_leakage,compound_congestion_breach_04_vrf_leakage
2026-07-19T17:12:38+00:00,station2,0.0,1.397,1.709,0.0,4544226.6,221254.63636363635,36.3538128,1.7700370909090908,vrf_leakage,compound_congestion_breach_04_vrf_leakage
2026-07-19T17:12:38+00:00,station3,0.0,0.234,0.883,0.0,197.3090909090909,1090.0727272727272,0.0015784727272727273,0.008720581818181817,vrf_leakage,compound_congestion_breach_04_vrf_leakage
2026-07-19T17:12:53+00:00,station1,0.0,0.753,1.399,0.0,437509.69090909086,8899402.98181818,3.500077527272727,71.19522385454545,vrf_leakage,compound_congestion_breach_04_vrf_leakage
2026-07-19T17:12:53+00:00,station2,0.0,0.764,1.484,0.0,8897819.327272726,438899.70909090905,71.18255461818181,3.5111976727272722,vrf_leakage,compound_congestion_breach_04_vrf_leakage
2026-07-19T17:12:53+00:00,station3,0.0,0.237,0.982,0.0,235.0181818181818,1308.1454545454544,0.0018801454545454544,0.010465163636363635,vrf_leakage,compound_congestion_breach_04_vrf_leakage
2026-07-19T17:13:08+00:00,station1,0.0,0.165,0.805,0.0,441109.6747213586,8873489.645266278,3.5288773977708687,70.98791716213022,vrf_leakage,compound_congestion_breach_04_vrf_leakage
2026-07-19T17:13:08+00:00,station2,0.0,0.182,0.812,0.0,8871965.727272727,442192.0545454545,70.97572581818181,3.537536436363636,vrf_leakage,compound_congestion_breach_04_vrf_leakage
2026-07-19T17:13:08+00:00,station3,0.0,0.014,0.675,0.0,190.76363636363632,1084.5272727272727,0.0015261090909090907,0.008676218181818181,vrf_leakage,compound_congestion_breach_04_vrf_leakage
2026-07-19T17:13:23+00:00,station1,0.0,0.119,0.817,0.0,595334.7574721838,11857403.225219984,4.76267805977747,94.85922580175986,vrf_leakage,compound_congestion_breach_04_vrf_leakage
2026-07-19T17:13:23+00:00,station2,0.0,0.66,1.244,0.0,11856647.872727271,596699.3636363635,94.85318298181816,4.7735949090909084,vrf_leakage,compound_congestion_breach_04_vrf_leakage
2026-07-19T17:13:23+00:00,station3,0.0,0.092,0.744,0.0,233.9272727272727,1304.0545454545454,0.0018714181818181817,0.010432436363636364,vrf_leakage,compound_congestion_breach_04_vrf_leakage
2026-07-19T17:13:38+00:00,station1,0.0,0.007,0.237,0.0,525570.0078180396,10484183.069398737,4.204560062544317,83.8734645551899,vrf_leakage,compound_congestion_breach_04_vrf_leakage
2026-07-19T17:13:38+00:00,station2,0.0,0.035,0.263,0.0,10483077.472727273,526675.8181818181,83.86461978181818,4.213406545454545,vrf_leakage,compound_congestion_breach_04_vrf_leakage
2026-07-19T17:13:38+00:00,station3,0.0,0.02,0.314,0.0,193.47272727272727,1085.1090909090908,0.0015477818181818181,0.008680872727272726,vrf_leakage,compound_congestion_breach_04_vrf_leakage
2026-07-19T17:13:53+00:00,station1,0.0,1.222,1.844,0.0,551354.1272727272,11108282.563636363,4.410833018181817,88.8662605090909,vrf_leakage,compound_congestion_breach_04_vrf_leakage
2026-07-19T17:13:53+00:00,station2,0.0,2.168,2.217,0.0,11108333.727272727,552712.9636363636,88.86666981818182,4.421703709090909,vrf_leakage,compound_congestion_breach_04_vrf_leakage
2026-07-19T17:13:53+00:00,station3,0.0,0.409,0.913,0.0,235.0181818181818,1304.8545454545454,0.0018801454545454544,0.010438836363636362,vrf_leakage,compound_congestion_breach_04_vrf_leakage
2026-07-19T17:14:08+00:00,station1,0.0,0.041,0.699,0.0,434167.48186264705,8874565.303562012,3.4733398549011762,70.99652242849609,vrf_leakage,compound_congestion_breach_04_vrf_leakage
2026-07-19T17:14:08+00:00,station2,0.0,0.102,0.809,0.0,8872377.036363635,435215.309090909,70.97901629090909,3.481722472727272,vrf_leakage,compound_congestion_breach_04_vrf_leakage
2026-07-19T17:14:08+00:00,station3,0.0,0.034,0.624,0.0,190.76363636363632,1083.0181818181818,0.0015261090909090907,0.008664145454545455,vrf_leakage,compound_congestion_breach_04_vrf_leakage
2026-07-19T17:14:23+00:00,station1,0.0,1.156,1.797,0.0,536847.6391338339,11108929.564917002,4.2947811130706715,88.87143651933602,vrf_leakage,compound_congestion_breach_04_vrf_leakage
2026-07-19T17:14:23+00:00,station2,0.0,1.801,1.973,0.0,11107838.745454544,538168.9636363636,88.86270996363635,4.305351709090909,vrf_leakage,compound_congestion_breach_04_vrf_leakage
2026-07-19T17:14:23+00:00,station3,0.0,0.146,0.711,0.0,235.0181818181818,1302.909090909091,0.0018801454545454544,0.010423272727272727,vrf_leakage,compound_congestion_breach_04_vrf_leakage
2026-07-19T17:14:38+00:00,station1,0.0,0.159,1.01,0.0,534763.3454545455,11172794.236363636,4.278106763636364,89.38235389090909,vrf_leakage,compound_congestion_breach_04_vrf_leakage
2026-07-19T17:14:38+00:00,station2,0.0,0.453,1.241,0.0,11170930.854545454,535851.7272727272,89.36744683636363,4.286813818181818,vrf_leakage,compound_congestion_breach_04_vrf_leakage
2026-07-19T17:14:38+00:00,station3,0.0,0.181,0.793,0.0,194.56363636363633,1084.4545454545453,0.0015565090909090908,0.008675636363636363,vrf_leakage,compound_congestion_breach_04_vrf_leakage
2026-07-19T17:14:53+00:00,station1,0.0,0.728,1.261,0.0,533668.5939744359,11111217.313042056,4.269348751795487,88.88973850433645,vrf_leakage,compound_congestion_breach_04_vrf_leakage
2026-07-19T17:14:53+00:00,station2,0.0,1.362,1.866,0.0,11108201.327272726,534913.2363636363,88.8656106181818,4.27930589090909,vrf_leakage,compound_congestion_breach_04_vrf_leakage
2026-07-19T17:14:53+00:00,station3,0.0,0.109,0.855,0.0,235.0181818181818,1303.709090909091,0.0018801454545454544,0.010429672727272727,vrf_leakage,compound_congestion_breach_04_vrf_leakage
2026-07-19T17:15:08+00:00,station1,0.0,0.204,0.877,0.0,431440.60585122823,8877092.095932506,3.451524846809826,71.01673676746005,vrf_leakage,compound_congestion_breach_04_vrf_leakage
2026-07-19T17:15:08+00:00,station2,0.0,0.543,1.352,0.0,8875573.98181818,432500.7636363636,71.00459185454544,3.460006109090909,vrf_leakage,compound_congestion_breach_04_vrf_leakage
2026-07-19T17:15:08+00:00,station3,0.0,0.037,0.703,0.0,190.76363636363632,1084.8181818181818,0.0015261090909090907,0.008678545454545454,vrf_leakage,compound_congestion_breach_04_vrf_leakage
2026-07-19T17:15:23+00:00,station1,0.0,1.082,1.577,0.0,548016.0909090909,11110636.254545454,4.384128727272728,88.88509003636364,vrf_leakage,compound_congestion_breach_04_vrf_leakage
2026-07-19T17:15:23+00:00,station2,0.0,1.641,1.995,0.0,11109073.036363635,549423.3818181817,88.87258429090909,4.395387054545454,vrf_leakage,compound_congestion_breach_04_vrf_leakage
2026-07-19T17:15:23+00:00,station3,0.0,0.231,0.787,0.0,237.85454545454544,1307.4363636363635,0.0019028363636363636,0.010459490909090909,vrf_leakage,compound_congestion_breach_04_vrf_leakage
2026-07-19T17:15:38+00:00,station1,0.0,0.076,1.01,0.0,437766.4406101707,9492651.206341702,3.502131524881366,75.94120965073363,vrf_leakage,compound_congestion_breach_04_vrf_leakage
2026-07-19T17:15:38+00:00,station2,0.0,0.171,0.923,0.0,9491915.927272728,438760.90909090906,75.93532741818183,3.5100872727272723,vrf_leakage,compound_congestion_breach_04_vrf_leakage
2026-07-19T17:15:38+00:00,station3,0.0,0.517,1.429,0.0,199.03636363636363,1089.5454545454545,0.001592290909090909,0.008716363636363637,vrf_leakage,compound_congestion_breach_04_vrf_leakage
2026-07-19T17:15:53+00:00,station1,0.0,0.064,0.466,0.0,435767.18181818177,13350438.363636363,3.486137454545454,106.80350690909091,vrf_leakage,compound_congestion_breach_04_vrf_leakage
2026-07-19T17:15:53+00:00,station2,0.0,0.052,0.336,0.0,13348728.945454543,436969.16363636364,106.78983156363634,3.495753309090909,vrf_leakage,compound_congestion_breach_04_vrf_leakage
2026-07-19T17:15:53+00:00,station3,0.0,0.053,0.569,0.0,239.49090909090907,1308.909090909091,0.0019159272727272726,0.010471272727272728,vrf_leakage,compound_congestion_breach_04_vrf_leakage
2026-07-19T17:16:08+00:00,station1,0.0,0.224,0.545,0.0,211725.67095788784,10848003.818459524,1.6938053676631026,86.7840305476762,vrf_leakage,compound_congestion_breach_04_vrf_leakage
2026-07-19T17:16:08+00:00,station2,0.0,0.384,0.647,0.0,10845647.09090909,212680.8909090909,86.76517672727272,1.7014471272727272,vrf_leakage,compound_congestion_breach_04_vrf_leakage
2026-07-19T17:16:08+00:00,station3,0.0,0.197,0.622,0.0,195.23636363636362,1088.1272727272726,0.001561890909090909,0.00870501818181818,vrf_leakage,compound_congestion_breach_04_vrf_leakage
2026-07-19T17:16:23+00:00,station1,0.0,0.393,1.232,0.0,234237.3818181818,12147346.145454545,1.8738990545454544,97.17876916363636,vrf_leakage,compound_congestion_breach_04_vrf_leakage
2026-07-19T17:16:23+00:00,station2,0.0,0.704,1.324,0.0,12145919.145454545,235325.41818181815,97.16735316363636,1.8826033454545452,vrf_leakage,compound_congestion_breach_04_vrf_leakage
2026-07-19T17:16:23+00:00,station3,0.0,0.34,2.058,0.0,237.74545454545452,1306.9454545454544,0.0019019636363636363,0.010455563636363635,vrf_leakage,compound_congestion_breach_04_vrf_leakage
2026-07-19T17:16:38+00:00,station1,0.0,1.239,1.721,0.0,258110.01618152397,9910763.331575789,2.0648801294521917,79.2861066526063,vrf_leakage,compound_congestion_breach_04_vrf_leakage
2026-07-19T17:16:38+00:00,station2,0.0,1.539,2.237,0.0,9909369.309090909,259208.01818181816,79.27495447272727,2.0736641454545452,vrf_leakage,compound_congestion_breach_04_vrf_leakage
2026-07-19T17:16:38+00:00,station3,0.0,0.63,1.44,0.0,194.56363636363633,1084.8363636363636,0.0015565090909090908,0.008678690909090908,vrf_leakage,compound_congestion_breach_04_vrf_leakage
2026-07-19T17:16:53+00:00,station1,0.0,0.014,0.781,0.0,470562.3374970454,12200681.048746342,3.764498699976363,97.60544838997073,vrf_leakage,compound_congestion_breach_04_vrf_leakage
2026-07-19T17:16:53+00:00,station2,0.0,0.03,0.668,0.0,12199323.563636363,471867.7454545454,97.5945885090909,3.7749419636363633,vrf_leakage,compound_congestion_breach_04_vrf_leakage
2026-07-19T17:16:53+00:00,station3,0.0,0.268,1.488,0.0,242.65454545454543,1309.581818181818,0.0019412363636363635,0.010476654545454545,vrf_leakage,compound_congestion_breach_04_vrf_leakage
2026-07-19T17:17:08+00:00,station1,0.0,1.177,1.656,0.0,560238.349788178,11169446.189930728,4.481906798305424,89.35556951944582,vrf_leakage,compound_congestion_breach_04_vrf_leakage
2026-07-19T17:17:08+00:00,station2,0.0,1.413,1.809,0.0,11168249.47272727,561317.4363636363,89.34599578181816,4.49053949090909,vrf_leakage,compound_congestion_breach_04_vrf_leakage
2026-07-19T17:17:08+00:00,station3,0.0,0.337,1.521,0.0,201.45454545454544,1087.8,0.0016116363636363635,0.008702399999999999,vrf_leakage,compound_congestion_breach_04_vrf_leakage
2026-07-19T17:17:23+00:00,station1,0.0,0.116,0.79,0.0,557931.1442026219,11104603.829160532,4.463449153620975,88.83683063328425,vrf_leakage,compound_congestion_breach_04_vrf_leakage
2026-07-19T17:17:23+00:00,station2,0.0,0.289,1.071,0.0,11102873.181818182,559208.7636363636,88.82298545454546,4.473670109090908,vrf_leakage,compound_congestion_breach_04_vrf_leakage
2026-07-19T17:17:23+00:00,station3,0.0,0.035,0.676,0.0,254.3272727272727,1318.0727272727272,0.002034618181818182,0.010544581818181818,vrf_leakage,compound_congestion_breach_04_vrf_leakage
2026-07-19T17:17:38+00:00,station1,0.0,0.181,0.844,0.0,445053.63636363635,8871588.618181817,3.560429090909091,70.97270894545454,vrf_leakage,compound_congestion_breach_04_vrf_leakage
2026-07-19T17:17:38+00:00,station2,0.0,0.248,0.983,0.0,8870324.6,446132.5272727272,70.9625968,3.569060218181818,vrf_leakage,compound_congestion_breach_04_vrf_leakage
2026-07-19T17:17:38+00:00,station3,0.0,0.081,0.657,0.0,207.3272727272727,1094.6181818181817,0.0016586181818181818,0.008756945454545454,vrf_leakage,compound_congestion_breach_04_vrf_leakage
2026-07-19T17:17:53+00:00,station1,0.0,1.382,1.804,0.0,554879.1454545454,11103802.236363636,4.439033163636363,88.83041789090909,vrf_leakage,compound_congestion_breach_04_vrf_leakage
2026-07-19T17:17:53+00:00,station2,0.0,1.582,2.085,0.0,11102331.4,556164.6727272726,88.8186512,4.449317381818181,vrf_leakage,compound_congestion_breach_04_vrf_leakage
2026-07-19T17:17:53+00:00,station3,0.0,0.63,1.085,0.0,253.96363636363634,1313.290909090909,0.0020317090909090906,0.010506327272727272,vrf_leakage,compound_congestion_breach_04_vrf_leakage
2026-07-19T17:18:08+00:00,station1,0.0,0.179,0.634,0.0,462766.96910740586,9290465.1708275,3.702135752859247,74.32372136662,vrf_leakage,compound_congestion_breach_04_vrf_leakage
2026-07-19T17:18:08+00:00,station2,0.0,0.132,0.883,0.0,9288988.636363635,463844.16363636364,74.31190909090908,3.7107533090909093,vrf_leakage,compound_congestion_breach_04_vrf_leakage
2026-07-19T17:18:08+00:00,station3,0.0,0.028,0.616,0.0,199.78181818181818,1085.6181818181817,0.0015982545454545454,0.008684945454545453,vrf_leakage,compound_congestion_breach_04_vrf_leakage
2026-07-19T17:18:23+00:00,station1,0.0,0.048,0.261,0.0,648395.9454545454,13048478.745454544,5.187167563636364,104.38782996363635,vrf_leakage,compound_congestion_breach_04_vrf_leakage
2026-07-19T17:18:23+00:00,station2,0.0,0.015,0.211,0.0,13046866.563636363,649692.2909090909,104.3749325090909,5.197538327272727,vrf_leakage,compound_congestion_breach_04_vrf_leakage
2026-07-19T17:18:23+00:00,station3,0.0,0.015,0.282,0.0,241.19999999999996,1304.0363636363634,0.0019295999999999996,0.010432290909090907,vrf_leakage,compound_congestion_breach_04_vrf_leakage
2026-07-19T17:18:38+00:00,station1,0.0,0.275,1.85,0.0,441151.16363636364,8871195.218181817,3.529209309090909,70.96956174545454,vrf_leakage,compound_congestion_breach_04_vrf_leakage
2026-07-19T17:18:38+00:00,station2,0.0,0.136,2.193,0.0,8869575.436363636,442229.61818181816,70.95660349090909,3.5378369454545453,vrf_leakage,compound_congestion_breach_04_vrf_leakage
2026-07-19T17:18:38+00:00,station3,0.0,0.028,0.213,0.0,197.98181818181817,1086.7272727272727,0.0015838545454545455,0.008693818181818183,vrf_leakage,compound_congestion_breach_04_vrf_leakage
2026-07-19T17:18:53+00:00,station1,0.0,0.106,2.045,0.0,543510.6278524284,11107430.623488553,4.3480850228194265,88.85944498790842,vrf_leakage,compound_congestion_breach_04_vrf_leakage
2026-07-19T17:18:53+00:00,station2,0.0,0.426,1.527,0.0,11104886.127272727,544772.6363636364,88.83908901818181,4.358181090909091,vrf_leakage,compound_congestion_breach_04_vrf_leakage
2026-07-19T17:18:53+00:00,station3,0.0,1446.627,2950.825,100.0,226.99999999999997,1306.7636363636364,0.0018159999999999997,0.01045410909090909,vrf_leakage,compound_congestion_breach_04_vrf_leakage
2026-07-19T17:19:08+00:00,station1,0.0,0.225,1.725,0.0,428302.6545454545,8873663.818181818,3.4264212363636357,70.98931054545454,vrf_leakage,compound_congestion_breach_04_vrf_leakage
2026-07-19T17:19:08+00:00,station2,0.0,0.541,1.927,0.0,8872355.98181818,429366.0181818182,70.97884785454545,3.4349281454545455,vrf_leakage,compound_congestion_breach_04_vrf_leakage
2026-07-19T17:19:08+00:00,station3,0.0,747.614,1698.079,25.0,222.03636363636363,1107.9636363636362,0.0017762909090909091,0.00886370909090909,vrf_leakage,compound_congestion_breach_04_vrf_leakage
2026-07-19T17:19:23+00:00,station1,0.0,0.051,2.219,0.0,548511.8181818181,11461536.67272727,4.388094545454545,91.69229338181816,vrf_leakage,compound_congestion_breach_04_vrf_leakage
2026-07-19T17:19:23+00:00,station2,0.0,0.584,2.155,0.0,11460371.254545454,549813.1454545454,91.68297003636363,4.398505163636363,vrf_leakage,compound_congestion_breach_04_vrf_leakage
2026-07-19T17:19:23+00:00,station3,0.0,2941.504,5385.515,0.0,279.8181818181818,1342.3454545454545,0.0022385454545454544,0.010738763636363636,vrf_leakage,compound_congestion_breach_04_vrf_leakage
2026-07-19T17:19:38+00:00,station1,0.0,0.054,0.215,0.0,520236.61818181816,10886989.327272726,4.161892945454546,87.09591461818181,vrf_leakage,compound_congestion_breach_04_vrf_leakage
2026-07-19T17:19:38+00:00,station2,0.0,0.032,0.262,0.0,10885362.854545454,521285.4545454545,87.08290283636363,4.170283636363636,vrf_leakage,compound_congestion_breach_04_vrf_leakage
2026-07-19T17:19:38+00:00,station3,0.0,0.015,0.292,0.0,238.5272727272727,1120.4727272727273,0.0019082181818181815,0.008963781818181818,vrf_leakage,compound_congestion_breach_04_vrf_leakage
2026-07-19T17:19:53+00:00,station1,0.0,1.488,1.775,0.0,537875.6909090909,11111824.963636363,4.3030055272727274,88.8945997090909,vrf_leakage,compound_bgp_route_flap_01_vrf_leakage
2026-07-19T17:19:53+00:00,station2,0.0,1.34,1.826,0.0,11110453.763636362,539149.1818181818,88.88363010909089,4.313193454545454,vrf_leakage,compound_bgp_route_flap_01_vrf_leakage
2026-07-19T17:19:53+00:00,station3,0.0,0.548,2.214,0.0,289.1454545454545,1340.9090909090908,0.0023131636363636363,0.010727272727272726,vrf_leakage,compound_bgp_route_flap_01_vrf_leakage
2026-07-19T17:20:08+00:00,station1,0.0,0.652,5.938,0.0,436490.02672873065,8876516.937287489,3.4919202138298453,71.01213549829991,vrf_leakage,compound_bgp_route_flap_01_vrf_leakage
2026-07-19T17:20:08+00:00,station2,0.0,0.508,6.307,0.0,8875283.290909091,437632.23636363633,71.00226632727272,3.501057890909091,vrf_leakage,compound_bgp_route_flap_01_vrf_leakage
2026-07-19T17:20:08+00:00,station3,0.0,0.375,2.412,0.0,217.94545454545454,1096.3454545454545,0.0017435636363636363,0.008770763636363636,vrf_leakage,compound_bgp_route_flap_01_vrf_leakage
2026-07-19T17:20:23+00:00,station1,0.0,0.521,5.855,0.0,554783.4909090908,11110334.963636363,4.438267927272727,88.88267970909091,vrf_leakage,compound_bgp_route_flap_01_vrf_leakage
2026-07-19T17:20:23+00:00,station2,0.0,0.337,5.046,0.0,11108651.727272727,556154.6909090909,88.86921381818182,4.449237527272727,vrf_leakage,compound_bgp_route_flap_01_vrf_leakage
2026-07-19T17:20:23+00:00,station3,0.0,0.267,2.199,0.0,243.8181818181818,1312.2,0.0019505454545454546,0.010497600000000001,vrf_leakage,compound_bgp_route_flap_01_vrf_leakage
2026-07-19T17:20:38+00:00,station1,0.0,0.678,5.914,0.0,561852.709090909,11169023.145454545,4.494821672727272,89.35218516363636,vrf_leakage,compound_bgp_route_flap_01_vrf_leakage
2026-07-19T17:20:38+00:00,station2,0.0,0.841,5.752,0.0,11168024.745454544,563027.5818181818,89.34419796363635,4.504220654545454,vrf_leakage,compound_bgp_route_flap_01_vrf_leakage
2026-07-19T17:20:38+00:00,station3,0.0,0.58,2.282,0.0,205.34545454545454,1095.5454545454545,0.0016427636363636363,0.008764363636363636,vrf_leakage,compound_bgp_route_flap_01_vrf_leakage
2026-07-19T17:20:53+00:00,station1,0.0,0.553,5.495,0.0,551925.3959306872,10953706.63854392,4.415403167445498,87.62965310835136,vrf_leakage,compound_bgp_route_flap_01_vrf_leakage
2026-07-19T17:20:53+00:00,station2,0.0,0.622,5.233,0.0,10951671.145454545,553267.4363636363,87.61336916363636,4.42613949090909,vrf_leakage,compound_bgp_route_flap_01_vrf_leakage
2026-07-19T17:20:53+00:00,station3,0.0,0.045,0.303,0.0,246.0363636363636,1313.8,0.001968290909090909,0.0105104,vrf_leakage,compound_bgp_route_flap_01_vrf_leakage
2026-07-19T17:21:08+00:00,station1,0.0,1.132,7.087,0.0,334637.2545454545,6615867.581818181,2.677098036363636,52.92694065454545,vrf_leakage,compound_bgp_route_flap_01_vrf_leakage
2026-07-19T17:21:08+00:00,station2,0.0,0.327,6.354,0.0,6614633.945454544,335721.54545454547,52.917071563636355,2.6857723636363637,vrf_leakage,compound_bgp_route_flap_01_vrf_leakage
2026-07-19T17:21:08+00:00,station3,0.0,0.163,0.773,0.0,201.8181818181818,1094.8,0.0016145454545454544,0.0087584,vrf_leakage,compound_bgp_route_flap_01_vrf_leakage
2026-07-19T17:21:23+00:00,station1,0.0,0.131,5.063,0.0,445056.12625224993,8849560.04436283,3.5604490100179995,70.79648035490264,vrf_leakage,compound_bgp_route_flap_01_vrf_leakage
2026-07-19T17:21:23+00:00,station2,0.0,0.476,5.799,0.0,8848288.38181818,446344.54545454547,70.78630705454545,3.570756363636364,vrf_leakage,compound_bgp_route_flap_01_vrf_leakage
2026-07-19T17:21:23+00:00,station3,0.0,0.159,0.809,0.0,241.89090909090908,1310.6909090909091,0.0019351272727272727,0.010485527272727273,vrf_leakage,compound_bgp_route_flap_01_vrf_leakage
2026-07-19T17:21:38+00:00,station1,0.0,0.53,5.685,0.0,342009.4545454545,6831136.963636364,2.7360756363636356,54.64909570909091,vrf_leakage,compound_bgp_route_flap_01_vrf_leakage
2026-07-19T17:21:38+00:00,station2,0.0,0.103,6.636,0.0,6830122.454545454,343098.8909090909,54.64097963636363,2.744791127272727,vrf_leakage,compound_bgp_route_flap_01_vrf_leakage
2026-07-19T17:21:38+00:00,station3,0.0,0.245,0.971,0.0,201.3272727272727,1090.9636363636362,0.0016106181818181817,0.00872770909090909,vrf_leakage,compound_bgp_route_flap_01_vrf_leakage
2026-07-19T17:21:53+00:00,station1,0.0,0.518,5.376,0.0,565129.1454545454,11297175.98181818,4.521033163636363,90.37740785454544,vrf_leakage,compound_bgp_route_flap_01_vrf_leakage
2026-07-19T17:21:53+00:00,station2,0.0,0.565,6.041,0.0,11296232.236363636,566468.8545454546,90.36985789090909,4.531750836363637,vrf_leakage,compound_bgp_route_flap_01_vrf_leakage
2026-07-19T17:21:53+00:00,station3,0.0,0.12,0.821,0.0,236.18181818181816,1305.3090909090909,0.0018894545454545453,0.010442472727272728,vrf_leakage,compound_bgp_route_flap_01_vrf_leakage
2026-07-19T17:22:08+00:00,station1,0.0,0.347,5.452,0.0,551459.261414259,11037902.612869794,4.4116740913140715,88.30322090295834,vrf_leakage,compound_bgp_route_flap_01_vrf_leakage
2026-07-19T17:22:08+00:00,station2,0.0,0.151,5.828,0.0,11036331.654545454,552443.2,88.29065323636364,4.419545599999999,vrf_leakage,compound_bgp_route_flap_01_vrf_leakage
2026-07-19T17:22:08+00:00,station3,0.0,0.023,0.276,0.0,192.5090909090909,1086.9454545454544,0.0015400727272727273,0.008695563636363635,vrf_leakage,compound_bgp_route_flap_01_vrf_leakage
2026-07-19T17:22:23+00:00,station1,0.0,1.033,10.433,0.0,567863.4909090908,11320462.236363636,4.542907927272727,90.5636978909091,vrf_leakage,compound_bgp_route_flap_01_vrf_leakage
2026-07-19T17:22:23+00:00,station2,0.0,1.084,11.688,0.0,11318881.945454543,569264.3454545455,90.55105556363635,4.554114763636363,vrf_leakage,compound_bgp_route_flap_01_vrf_leakage
2026-07-19T17:22:23+00:00,station3,0.0,1063.323,1505.721,25.0,236.79999999999998,1309.8,0.0018943999999999999,0.010478399999999999,vrf_leakage,compound_bgp_route_flap_01_vrf_leakage
2026-07-19T17:22:38+00:00,station1,0.0,1.389,13.331,0.0,458107.18181818177,9088833.018181818,3.664857454545454,72.71066414545454,vrf_leakage,compound_bgp_route_flap_01_vrf_leakage
2026-07-19T17:22:38+00:00,station2,0.0,1.036,12.362,0.0,9087829.072727272,459289.2909090909,72.70263258181818,3.674314327272727,vrf_leakage,compound_bgp_route_flap_01_vrf_leakage
2026-07-19T17:22:38+00:00,station3,0.0,1749.709,3262.474,0.0,192.16363636363633,1095.0363636363634,0.0015373090909090905,0.008760290909090907,vrf_leakage,compound_bgp_route_flap_01_vrf_leakage
2026-07-19T17:22:53+00:00,station1,0.0,1.673,12.286,0.0,572901.6909090909,11322505.436363636,4.5832135272727275,90.58004349090909,vrf_leakage,compound_bgp_route_flap_01_vrf_leakage
2026-07-19T17:22:53+00:00,station2,0.0,1.93,11.48,25.0,11320767.509090908,574285.0181818181,90.56614007272726,4.594280145454545,vrf_leakage,compound_bgp_route_flap_01_vrf_leakage
2026-07-19T17:22:53+00:00,station3,0.0,2617.086,3857.839,62.5,241.1272727272727,1317.2727272727273,0.0019290181818181816,0.010538181818181818,vrf_leakage,compound_bgp_route_flap_01_vrf_leakage
2026-07-19T17:23:08+00:00,station1,0.0,1.371,11.616,0.0,566411.0042365947,11171346.109787805,4.531288033892757,89.37076887830244,vrf_leakage,compound_bgp_route_flap_01_vrf_leakage
2026-07-19T17:23:08+00:00,station2,0.0,1.902,11.896,0.0,11169617.127272727,567472.309090909,89.35693701818181,4.539778472727272,vrf_leakage,compound_bgp_route_flap_01_vrf_leakage
2026-07-19T17:23:08+00:00,station3,0.0,1442.037,2456.584,0.0,200.2181818181818,1097.7636363636364,0.0016017454545454543,0.00878210909090909,vrf_leakage,compound_bgp_route_flap_01_vrf_leakage
2026-07-19T17:23:23+00:00,station1,0.0,1.193,9.351,0.0,552844.5454545454,10902073.254545454,4.422756363636363,87.21658603636364,vrf_leakage,compound_bgp_route_flap_01_vrf_leakage
2026-07-19T17:23:23+00:00,station2,0.0,0.227,11.687,0.0,10900664.345454544,554139.3818181817,87.20531476363635,4.433115054545453,vrf_leakage,compound_bgp_route_flap_01_vrf_leakage
2026-07-19T17:23:23+00:00,station3,0.0,0.015,0.229,0.0,245.2363636363636,1319.3454545454545,0.001961890909090909,0.010554763636363635,vrf_leakage,compound_bgp_route_flap_01_vrf_leakage
2026-07-19T17:23:38+00:00,station1,0.0,0.509,12.069,0.0,326407.10909090907,6434408.8545454545,2.6112568727272727,51.475270836363634,vrf_leakage,compound_bgp_route_flap_01_vrf_leakage
2026-07-19T17:23:38+00:00,station2,0.0,0.549,13.044,25.0,6434853.472727272,327579.0545454545,51.478827781818175,2.620632436363636,vrf_leakage,compound_bgp_route_flap_01_vrf_leakage
2026-07-19T17:23:38+00:00,station3,0.0,953.209,1074.024,0.0,209.09090909090907,1101.109090909091,0.0016727272727272726,0.008808872727272729,vrf_leakage,compound_bgp_route_flap_01_vrf_leakage
2026-07-19T17:23:53+00:00,station1,0.0,1.411,12.483,0.0,440326.6667878766,8669956.000799986,3.5226133343030126,69.35964800639988,vrf_leakage,compound_bgp_route_flap_01_vrf_leakage
2026-07-19T17:23:53+00:00,station2,0.0,1.645,11.34,0.0,8668680.6,441627.2545454545,69.3494448,3.5330180363636363,vrf_leakage,compound_bgp_route_flap_01_vrf_leakage
2026-07-19T17:23:53+00:00,station3,0.0,1749.391,3257.545,0.0,234.58181818181816,1315.2181818181816,0.0018766545454545454,0.010521745454545452,vrf_leakage,compound_bgp_route_flap_01_vrf_leakage
2026-07-19T17:24:08+00:00,station1,0.0,1.769,11.612,0.0,340806.7530956234,6703791.952288306,2.7264540247649873,53.630335618306454,vrf_leakage,compound_bgp_route_flap_01_vrf_leakage
2026-07-19T17:24:08+00:00,station2,0.0,0.656,10.538,0.0,6702251.254545454,341872.67272727273,53.61801003636363,2.734981381818182,vrf_leakage,compound_bgp_route_flap_01_vrf_leakage
2026-07-19T17:24:08+00:00,station3,0.0,874.103,1560.182,0.0,189.89090909090908,1090.1272727272726,0.0015191272727272725,0.00872101818181818,vrf_leakage,compound_bgp_route_flap_01_vrf_leakage
2026-07-19T17:24:23+00:00,station1,0.0,1.572,12.881,0.0,567568.485928296,11171124.718202313,4.540547887426368,89.3689977456185,vrf_leakage,compound_bgp_route_flap_01_vrf_leakage
2026-07-19T17:24:23+00:00,station2,0.0,1.208,13.178,0.0,11170596.818181816,568879.8545454546,89.36477454545454,4.551038836363637,vrf_leakage,compound_bgp_route_flap_01_vrf_leakage
2026-07-19T17:24:23+00:00,station3,0.0,827.222,1047.798,0.0,233.38181818181818,1309.4545454545453,0.0018670545454545454,0.010475636363636362,vrf_leakage,compound_bgp_route_flap_01_vrf_leakage
2026-07-19T17:24:38+00:00,station1,0.0,0.749,13.707,0.0,567640.2247231868,11169903.474482281,4.541121797785494,89.35922779585825,vrf_leakage,compound_bgp_route_flap_01_vrf_leakage
2026-07-19T17:24:38+00:00,station2,0.0,2.223,16.454,0.0,11169244.309090909,568767.1454545454,89.35395447272727,4.5501371636363634,vrf_leakage,compound_bgp_route_flap_01_vrf_leakage
2026-07-19T17:24:38+00:00,station3,0.0,0.04,0.243,0.0,206.14545454545453,1091.381818181818,0.0016491636363636362,0.008731054545454545,vrf_leakage,compound_bgp_route_flap_01_vrf_leakage
2026-07-19T17:24:53+00:00,station1,0.0,2.966,15.746,0.0,558827.9090909091,10983043.309090909,4.470623272727273,87.86434647272726,vrf_leakage,compound_bgp_route_flap_01_vrf_leakage
2026-07-19T17:24:53+00:00,station2,0.0,2.007,14.797,25.0,10981210.236363636,560147.5272727272,87.8496818909091,4.481180218181818,vrf_leakage,compound_bgp_route_flap_01_vrf_leakage
2026-07-19T17:24:53+00:00,station3,0.0,0.485,0.982,0.0,242.65454545454543,1309.4545454545453,0.0019412363636363635,0.010475636363636362,vrf_leakage,compound_bgp_route_flap_01_vrf_leakage
2026-07-19T17:25:08+00:00,station1,0.0,1.834,17.839,0.0,445831.4332987873,8747707.776505029,3.566651466390298,69.98166221204023,vrf_leakage,compound_bgp_route_flap_01_vrf_leakage
2026-07-19T17:25:08+00:00,station2,0.0,1.671,19.122,0.0,8746362.345454546,446938.7818181818,69.97089876363637,3.5755102545454545,vrf_leakage,compound_bgp_route_flap_01_vrf_leakage
2026-07-19T17:25:08+00:00,station3,0.0,0.174,0.755,0.0,195.34545454545454,1088.4545454545453,0.0015627636363636363,0.008707636363636362,vrf_leakage,compound_bgp_route_flap_01_vrf_leakage
2026-07-19T17:25:23+00:00,station1,0.0,0.489,14.638,0.0,559523.3549700903,10973397.243586248,4.4761868397607225,87.78717794868999,vrf_leakage,compound_bgp_route_flap_01_vrf_leakage
2026-07-19T17:25:23+00:00,station2,0.0,2.473,15.135,25.0,10971796.709090909,560903.0363636364,87.77437367272728,4.487224290909091,vrf_leakage,compound_bgp_route_flap_01_vrf_leakage
2026-07-19T17:25:23+00:00,station3,0.0,0.073,0.679,0.0,235.78181818181818,1308.0181818181816,0.0018862545454545454,0.010464145454545453,vrf_leakage,compound_bgp_route_flap_01_vrf_leakage
2026-07-19T17:25:38+00:00,station1,0.0,3.868,16.316,0.0,558829.7001981711,10970681.090122359,4.470637601585369,87.76544872097887,vrf_leakage,compound_bgp_route_flap_01_vrf_leakage
2026-07-19T17:25:38+00:00,station2,0.0,1.715,14.614,0.0,10970147.036363635,559957.0545454546,87.76117629090908,4.479656436363636,vrf_leakage,compound_bgp_route_flap_01_vrf_leakage
2026-07-19T17:25:38+00:00,station3,0.0,0.398,1.155,0.0,192.27272727272728,1086.890909090909,0.0015381818181818183,0.008695127272727272,vrf_leakage,compound_bgp_route_flap_01_vrf_leakage
2026-07-19T17:25:53+00:00,station1,0.0,1.767,16.414,0.0,578415.2545454545,11339905.527272727,4.627322036363636,90.71924421818181,vrf_leakage,compound_bgp_route_flap_01_vrf_leakage
2026-07-19T17:25:53+00:00,station2,0.0,1.914,17.84,0.0,11338626.38181818,579783.7454545455,90.70901105454544,4.638269963636364,vrf_leakage,compound_bgp_route_flap_01_vrf_leakage
2026-07-19T17:25:53+00:00,station3,0.0,0.274,0.474,0.0,232.83636363636364,1305.381818181818,0.001862690909090909,0.010443054545454545,vrf_leakage,compound_bgp_route_flap_01_vrf_leakage
2026-07-19T17:26:08+00:00,station1,0.0,1.339,13.375,0.0,444984.47188028437,8739359.092314126,3.559875775042275,69.91487273851301,vrf_leakage,compound_bgp_route_flap_01_vrf_leakage
2026-07-19T17:26:08+00:00,station2,0.0,2.647,14.738,0.0,8737320.418181818,446037.87272727274,69.89856334545455,3.568302981818182,vrf_leakage,compound_bgp_route_flap_01_vrf_leakage
2026-07-19T17:26:08+00:00,station3,0.0,0.062,0.747,0.0,192.5090909090909,1086.9636363636362,0.0015400727272727273,0.008695709090909089,vrf_leakage,compound_bgp_route_flap_01_vrf_leakage
2026-07-19T17:26:23+00:00,station1,0.0,1.432,16.454,0.0,557406.4505572424,10973564.205588786,4.459251604457939,87.78851364471029,vrf_leakage,compound_bgp_route_flap_01_vrf_leakage
2026-07-19T17:26:23+00:00,station2,0.0,0.742,11.947,0.0,10972499.763636362,558748.8181818181,87.7799981090909,4.469990545454545,vrf_leakage,compound_bgp_route_flap_01_vrf_leakage
2026-07-19T17:26:23+00:00,station3,0.0,0.024,0.657,0.0,235.05454545454543,1305.4181818181817,0.0018804363636363635,0.010443345454545453,vrf_leakage,compound_bgp_route_flap_01_vrf_leakage
2026-07-19T17:26:38+00:00,station1,0.0,1.405,14.166,0.0,442582.3272727272,8741105.745454544,3.540658618181818,69.92884596363635,vrf_leakage,compound_bgp_route_flap_01_vrf_leakage
2026-07-19T17:26:38+00:00,station2,0.0,2.277,15.854,0.0,8739466.309090909,443646.19999999995,69.91573047272728,3.5491695999999995,vrf_leakage,compound_bgp_route_flap_01_vrf_leakage
2026-07-19T17:26:38+00:00,station3,0.0,0.396,0.947,0.0,198.43636363636364,1088.2545454545455,0.001587490909090909,0.008706036363636364,vrf_leakage,compound_bgp_route_flap_01_vrf_leakage
2026-07-19T17:26:53+00:00,station1,0.0,2.348,23.283,0.0,657873.3160009455,13009294.893005837,5.2629865280075645,104.0743591440467,vrf_leakage,compound_bgp_route_flap_01_vrf_leakage
2026-07-19T17:26:53+00:00,station2,0.0,4.521,21.655,0.0,13007982.07272727,659159.6545454545,104.06385658181816,5.273277236363636,vrf_leakage,compound_bgp_route_flap_01_vrf_leakage
2026-07-19T17:26:53+00:00,station3,0.0,0.395,0.732,0.0,244.76363636363632,1313.6363636363635,0.0019581090909090906,0.010509090909090909,vrf_leakage,compound_bgp_route_flap_01_vrf_leakage
2026-07-19T17:27:08+00:00,station1,0.0,1.611,17.608,0.0,470354.1272727272,9288251.418181816,3.7628330181818175,74.30601134545454,vrf_leakage,compound_bgp_route_flap_01_vrf_leakage
2026-07-19T17:27:08+00:00,station2,0.0,5.657,22.294,0.0,9286763.309090909,471406.0545454545,74.29410647272726,3.7712484363636363,vrf_leakage,compound_bgp_route_flap_01_vrf_leakage
2026-07-19T17:27:08+00:00,station3,0.0,0.277,0.507,0.0,206.58181818181816,1096.6545454545453,0.0016526545454545454,0.008773236363636363,vrf_leakage,compound_bgp_route_flap_01_vrf_leakage
2026-07-19T17:27:23+00:00,station1,0.0,2.117,20.574,25.0,563840.4640253105,11170722.657599505,4.510723712202484,89.36578126079604,vrf_leakage,compound_bgp_route_flap_01_vrf_leakage
2026-07-19T17:27:23+00:00,station2,0.0,2.485,21.485,0.0,11168478.49090909,564895.8,89.34782792727272,4.5191664000000005,vrf_leakage,compound_bgp_route_flap_01_vrf_leakage
2026-07-19T17:27:23+00:00,station3,0.0,0.122,0.72,0.0,249.34545454545454,1317.890909090909,0.0019947636363636364,0.010543127272727272,vrf_leakage,compound_bgp_route_flap_01_vrf_leakage
2026-07-19T17:27:38+00:00,station1,0.0,4.025,21.521,0.0,451233.6866602425,8948594.116470609,3.60986949328194,71.58875293176487,vrf_leakage,compound_bgp_route_flap_01_vrf_leakage
2026-07-19T17:27:38+00:00,station2,0.0,2.978,20.163,0.0,8945787.6,451851.4727272727,71.5663008,3.6148117818181817,vrf_leakage,compound_bgp_route_flap_01_vrf_leakage
2026-07-19T17:27:38+00:00,station3,0.0,0.059,0.598,0.0,206.74545454545452,1094.7272727272725,0.001653963636363636,0.00875781818181818,vrf_leakage,compound_bgp_route_flap_01_vrf_leakage
2026-07-19T17:27:53+00:00,station1,0.0,2.434,22.63,0.0,563414.3529882361,11177225.65864834,4.507314823905889,89.41780526918672,vrf_leakage,compound_bgp_route_flap_01_vrf_leakage
2026-07-19T17:27:53+00:00,station2,0.0,2.074,18.943,0.0,11175726.581818182,564312.2181818181,89.40581265454546,4.514497745454545,vrf_leakage,compound_bgp_route_flap_01_vrf_leakage
2026-07-19T17:27:53+00:00,station3,0.0,0.092,0.742,0.0,245.74545454545452,1314.8181818181815,0.001965963636363636,0.010518545454545452,vrf_leakage,compound_bgp_route_flap_01_vrf_leakage
2026-07-19T17:28:08+00:00,station1,0.0,3.853,18.713,0.0,562257.5776860557,11146188.646653453,4.498060621488445,89.16950917322762,vrf_leakage,compound_bgp_route_flap_01_vrf_leakage
2026-07-19T17:28:08+00:00,station2,0.0,2.303,19.22,0.0,11144039.38181818,562922.6,89.15231505454545,4.5033807999999995,vrf_leakage,compound_bgp_route_flap_01_vrf_leakage
2026-07-19T17:28:08+00:00,station3,0.0,0.419,0.788,0.0,206.5090909090909,1098.3636363636363,0.0016520727272727272,0.00878690909090909,vrf_leakage,compound_bgp_route_flap_01_vrf_leakage
2026-07-19T17:28:23+00:00,station1,0.0,0.129,21.163,0.0,550550.3090909091,10943198.327272726,4.404402472727273,87.54558661818182,vrf_leakage,compound_bgp_route_flap_01_vrf_leakage
2026-07-19T17:28:23+00:00,station2,0.0,2.489,22.626,0.0,10941271.545454543,551562.9999999999,87.53017236363634,4.412503999999999,vrf_leakage,compound_bgp_route_flap_01_vrf_leakage
2026-07-19T17:28:23+00:00,station3,0.0,0.175,2.562,0.0,242.18181818181816,1313.3272727272727,0.0019374545454545454,0.01050661818181818,vrf_leakage,compound_bgp_route_flap_01_vrf_leakage
2026-07-19T17:28:38+00:00,station1,0.0,3.291,20.174,0.0,437756.309090909,8711312.036363635,3.502050472727272,69.69049629090908,vrf_leakage,compound_bgp_route_flap_01_vrf_leakage
2026-07-19T17:28:38+00:00,station2,0.0,1.192,20.839,0.0,8710093.509090908,438750.8545454545,69.68074807272727,3.510006836363636,vrf_leakage,compound_bgp_route_flap_01_vrf_leakage
2026-07-19T17:28:38+00:00,station3,0.0,0.222,2.336,0.0,198.34545454545454,1091.8181818181818,0.0015867636363636364,0.008734545454545455,vrf_leakage,compound_bgp_route_flap_01_vrf_leakage
2026-07-19T17:28:53+00:00,station1,0.0,0.566,22.613,25.0,550230.9510390343,10939474.592294967,4.401847608312274,87.51579673835974,vrf_leakage,compound_bgp_route_flap_01_vrf_leakage
2026-07-19T17:28:53+00:00,station2,0.0,1.36,18.718,0.0,10938076.127272727,551457.0545454544,87.50460901818181,4.411656436363636,vrf_leakage,compound_bgp_route_flap_01_vrf_leakage
2026-07-19T17:28:53+00:00,station3,0.0,0.309,2.247,0.0,238.9090909090909,1311.4727272727273,0.0019112727272727272,0.010491781818181818,vrf_leakage,compound_bgp_route_flap_01_vrf_leakage
2026-07-19T17:29:08+00:00,station1,0.0,3.143,25.471,0.0,533163.9180318926,10612954.83390003,4.265311344255141,84.90363867120024,vrf_leakage,compound_bgp_route_flap_01_vrf_leakage
2026-07-19T17:29:08+00:00,station2,0.0,3.742,19.986,0.0,10611095.836363636,534236.6727272726,84.8887666909091,4.273893381818181,vrf_leakage,compound_bgp_route_flap_01_vrf_leakage
2026-07-19T17:29:08+00:00,station3,0.0,0.271,2.369,0.0,195.34545454545454,1090.9636363636362,0.0015627636363636363,0.00872770909090909,vrf_leakage,compound_bgp_route_flap_01_vrf_leakage
2026-07-19T17:29:23+00:00,station1,0.0,1.359,22.734,0.0,588126.0386552482,11672175.130456919,4.705008309241986,93.37740104365535,vrf_leakage,compound_bgp_route_flap_01_vrf_leakage
2026-07-19T17:29:23+00:00,station2,0.0,1.572,24.229,0.0,11670654.38181818,589577.6545454545,93.36523505454545,4.716621236363636,vrf_leakage,compound_bgp_route_flap_01_vrf_leakage
2026-07-19T17:29:23+00:00,station3,0.0,0.055,0.277,0.0,240.03636363636363,1312.709090909091,0.001920290909090909,0.010501672727272728,vrf_leakage,compound_bgp_route_flap_01_vrf_leakage
2026-07-19T17:29:38+00:00,station1,0.0,3.026,20.903,25.0,439778.0363636363,8763001.345454546,3.5182242909090906,70.10401076363637,vrf_leakage,compound_bgp_route_flap_01_vrf_leakage
2026-07-19T17:29:38+00:00,station2,0.0,2.769,23.319,0.0,8762490.38181818,440991.9636363636,70.09992305454544,3.527935709090909,vrf_leakage,compound_bgp_route_flap_01_vrf_leakage
2026-07-19T17:29:38+00:00,station3,0.0,0.303,0.945,0.0,197.83636363636364,1091.1636363636362,0.0015826909090909092,0.00872930909090909,vrf_leakage,compound_bgp_route_flap_01_vrf_leakage
2026-07-19T17:29:53+00:00,station1,0.0,2.735,21.725,0.0,551994.0910165269,11001899.492736494,4.415952728132216,88.01519594189196,vrf_leakage,compound_bgp_route_flap_01_vrf_leakage
2026-07-19T17:29:53+00:00,station2,0.0,3.456,19.296,0.0,11001043.98181818,553398.8363636363,88.00835185454544,4.42719069090909,vrf_leakage,compound_bgp_route_flap_01_vrf_leakage
2026-07-19T17:29:53+00:00,station3,0.0,0.001,0.671,0.0,237.19999999999996,1309.0363636363634,0.0018975999999999997,0.010472290909090907,vrf_leakage,compound_bgp_route_flap_01_vrf_leakage
2026-07-19T17:30:08+00:00,station1,0.0,1.235,21.019,0.0,440771.56520474213,8778561.659029746,3.526172521637937,70.22849327223797,vrf_leakage,compound_bgp_route_flap_01_vrf_leakage
2026-07-19T17:30:08+00:00,station2,0.0,4.82,19.312,0.0,8776334.745454544,441825.21818181814,70.21067796363636,3.534601745454545,vrf_leakage,compound_bgp_route_flap_01_vrf_leakage
2026-07-19T17:30:08+00:00,station3,0.0,0.36,0.917,0.0,193.6,1087.890909090909,0.0015488,0.008703127272727271,vrf_leakage,compound_bgp_route_flap_01_vrf_leakage
2026-07-19T17:30:23+00:00,station1,0.0,2.813,23.134,0.0,638465.7382324601,12716814.17377234,5.107725905859681,101.73451339017872,vrf_leakage,compound_bgp_route_flap_01_vrf_leakage
2026-07-19T17:30:23+00:00,station2,0.0,2.176,20.933,0.0,12716027.909090908,639740.4,101.72822327272726,5.1179232,vrf_leakage,compound_bgp_route_flap_01_vrf_leakage
2026-07-19T17:30:23+00:00,station3,0.0,0.15,0.858,0.0,233.9272727272727,1305.8363636363636,0.0018714181818181817,0.010446690909090908,vrf_leakage,compound_bgp_route_flap_01_vrf_leakage
2026-07-19T17:30:38+00:00,station1,0.0,3.017,20.506,0.0,484164.28792203777,9618830.33035763,3.873314303376302,76.95064264286104,vrf_leakage,compound_bgp_route_flap_01_vrf_leakage
2026-07-19T17:30:38+00:00,station2,0.0,2.336,22.442,0.0,9617652.2,485350.9272727272,76.94121759999999,3.8828074181818173,vrf_leakage,compound_bgp_route_flap_01_vrf_leakage
2026-07-19T17:30:38+00:00,station3,0.0,0.027,0.297,0.0,211.34545454545454,1195.2727272727273,0.0016907636363636363,0.009562181818181819,vrf_leakage,compound_bgp_route_flap_01_vrf_leakage
2026-07-19T17:30:53+00:00,station1,0.0,1.166,24.704,0.0,554486.9174682255,10996553.10289652,4.435895339745803,87.97242482317216,vrf_leakage,compound_bgp_route_flap_01_vrf_leakage
2026-07-19T17:30:53+00:00,station2,0.0,1.48,19.156,25.0,10994441.654545454,555770.8181818181,87.95553323636364,4.446166545454545,vrf_leakage,compound_bgp_route_flap_01_vrf_leakage
2026-07-19T17:30:53+00:00,station3,0.0,0.16,0.872,0.0,249.18181818181816,1414.5454545454545,0.0019934545454545452,0.011316363636363637,vrf_leakage,compound_bgp_route_flap_01_vrf_leakage
2026-07-19T17:31:08+00:00,station1,0.0,2.792,23.159,0.0,442414.80444387876,8762619.924723167,3.53931843555103,70.10095939778533,vrf_leakage,compound_bgp_route_flap_01_vrf_leakage
2026-07-19T17:31:08+00:00,station2,0.0,4.177,20.852,0.0,8761066.272727272,443479.2909090909,70.08853018181817,3.547834327272727,vrf_leakage,compound_bgp_route_flap_01_vrf_leakage
2026-07-19T17:31:08+00:00,station3,0.0,0.221,1.299,0.0,209.29090909090908,1196.909090909091,0.0016743272727272726,0.009575272727272727,vrf_leakage,compound_bgp_route_flap_01_vrf_leakage
2026-07-19T17:31:23+00:00,station1,0.0,2.128,17.839,0.0,555606.7454545455,10994971.618181817,4.444853963636364,87.95977294545453,vrf_leakage,compound_bgp_route_flap_01_vrf_leakage
2026-07-19T17:31:23+00:00,station2,0.0,3.175,23.299,0.0,10993075.872727271,556893.1272727272,87.94460698181817,4.455145018181818,vrf_leakage,compound_bgp_route_flap_01_vrf_leakage
2026-07-19T17:31:23+00:00,station3,0.0,0.33,0.868,0.0,249.18181818181816,1416.2545454545455,0.0019934545454545452,0.011330036363636364,vrf_leakage,compound_bgp_route_flap_01_vrf_leakage
2026-07-19T17:31:38+00:00,station1,0.0,4.378,21.147,0.0,564584.4621006891,11166375.211359793,4.516675696805512,89.33100169087835,vrf_leakage,compound_bgp_route_flap_01_vrf_leakage
2026-07-19T17:31:38+00:00,station2,0.0,4.422,22.735,0.0,11165521.109090907,565708.709090909,89.32416887272726,4.525669672727272,vrf_leakage,compound_bgp_route_flap_01_vrf_leakage
2026-07-19T17:31:38+00:00,station3,0.0,0.338,0.866,0.0,191.5090909090909,1090.2545454545455,0.0015320727272727273,0.008722036363636363,vrf_leakage,compound_bgp_route_flap_01_vrf_leakage
2026-07-19T17:31:53+00:00,station1,0.0,4.719,20.952,0.0,554134.0835954403,10991379.779284768,4.433072668763522,87.93103823427815,vrf_leakage,compound_bgp_route_flap_01_vrf_leakage
2026-07-19T17:31:53+00:00,station2,0.0,2.623,20.427,0.0,10990471.29090909,555469.3818181817,87.92377032727272,4.443755054545454,vrf_leakage,compound_bgp_route_flap_01_vrf_leakage
2026-07-19T17:31:53+00:00,station3,0.0,0.166,1.034,0.0,232.39999999999998,1307.6545454545453,0.0018591999999999999,0.010461236363636363,vrf_leakage,compound_bgp_route_flap_01_vrf_leakage
2026-07-19T17:32:08+00:00,station1,0.0,4.318,21.931,0.0,440438.1227725652,8750632.536911774,3.5235049821805218,70.0050602952942,vrf_leakage,compound_bgp_route_flap_01_vrf_leakage
2026-07-19T17:32:08+00:00,station2,0.0,1.649,17.89,0.0,8748458.781818181,441485.0727272727,69.98767025454545,3.5318805818181818,vrf_leakage,compound_bgp_route_flap_01_vrf_leakage
2026-07-19T17:32:08+00:00,station3,0.0,0.136,0.738,0.0,190.98181818181817,1088.6545454545453,0.0015278545454545454,0.008709236363636363,vrf_leakage,compound_bgp_route_flap_01_vrf_leakage
2026-07-19T17:32:23+00:00,station1,0.0,4.185,20.872,0.0,552795.6400792713,10972260.940710168,4.42236512063417,87.77808752568134,vrf_leakage,compound_bgp_route_flap_01_vrf_leakage
2026-07-19T17:32:23+00:00,station2,0.0,2.946,20.891,0.0,10971288.963636363,554136.3272727273,87.7703117090909,4.433090618181819,vrf_leakage,compound_bgp_route_flap_01_vrf_leakage
2026-07-19T17:32:23+00:00,station3,0.0,0.106,0.686,0.0,232.39999999999998,1307.2181818181816,0.0018591999999999999,0.010457745454545453,vrf_leakage,compound_bgp_route_flap_01_vrf_leakage
2026-07-19T17:32:38+00:00,station1,0.0,3.353,20.169,0.0,509607.43313271634,10123215.048093531,4.076859465061731,80.98572038474825,vrf_leakage,compound_bgp_route_flap_01_vrf_leakage
2026-07-19T17:32:38+00:00,station2,0.0,1.387,16.173,0.0,10121384.09090909,510624.0545454545,80.97107272727271,4.084992436363636,vrf_leakage,compound_bgp_route_flap_01_vrf_leakage
2026-07-19T17:32:38+00:00,station3,0.0,0.186,0.705,0.0,194.56363636363633,1088.6727272727271,0.0015565090909090908,0.008709381818181816,vrf_leakage,compound_bgp_route_flap_01_vrf_leakage
2026-07-19T17:32:53+00:00,station1,0.0,2.589,19.925,0.0,614201.3162918387,12175634.9471847,4.913610530334709,97.40507957747761,vrf_leakage,compound_bgp_route_flap_01_vrf_leakage
2026-07-19T17:32:53+00:00,station2,0.0,2.664,18.458,0.0,12174777.654545454,615550.8363636363,97.39822123636364,4.92440669090909,vrf_leakage,compound_bgp_route_flap_01_vrf_leakage
2026-07-19T17:32:53+00:00,station3,0.0,0.053,0.235,0.0,234.58181818181816,1308.6909090909091,0.0018766545454545454,0.010469527272727272,vrf_leakage,compound_bgp_route_flap_01_vrf_leakage
2026-07-19T17:33:08+00:00,station1,0.0,1.907,19.938,0.0,389494.9272727272,7723688.363636363,3.1159594181818173,61.7895069090909,vrf_leakage,compound_bgp_route_flap_01_vrf_leakage
2026-07-19T17:33:08+00:00,station2,0.0,3.108,19.272,0.0,7722586.745454545,390613.0181818182,61.78069396363636,3.1249041454545456,vrf_leakage,compound_bgp_route_flap_01_vrf_leakage
2026-07-19T17:33:08+00:00,station3,0.0,0.055,0.276,0.0,193.16363636363633,1088.7818181818182,0.0015453090909090907,0.008710254545454545,vrf_leakage,compound_bgp_route_flap_01_vrf_leakage
2026-07-19T17:33:23+00:00,station1,0.0,1.157,25.259,0.0,441528.75402265415,8749113.343393756,3.532230032181233,69.99290674715004,vrf_leakage,compound_bgp_route_flap_01_vrf_leakage
2026-07-19T17:33:23+00:00,station2,0.0,3.322,21.723,0.0,8747968.309090909,442840.70909090905,69.98374647272728,3.5427256727272725,vrf_leakage,compound_bgp_route_flap_01_vrf_leakage
2026-07-19T17:33:23+00:00,station3,0.0,0.149,0.765,0.0,234.58181818181816,1306.6,0.0018766545454545454,0.0104528,vrf_leakage,compound_bgp_route_flap_01_vrf_leakage
2026-07-19T17:33:38+00:00,station1,0.0,2.595,19.738,0.0,329585.7818181818,6520567.836363635,2.6366862545454546,52.16454269090908,vrf_leakage,compound_bgp_route_flap_01_vrf_leakage
2026-07-19T17:33:38+00:00,station2,0.0,3.12,21.152,0.0,6519597.109090908,330682.3818181818,52.15677687272727,2.645459054545454,vrf_leakage,compound_bgp_route_flap_01_vrf_leakage
2026-07-19T17:33:38+00:00,station3,0.0,0.023,0.601,0.0,193.03636363636363,1087.1272727272726,0.0015442909090909091,0.008697018181818181,vrf_leakage,compound_bgp_route_flap_01_vrf_leakage
2026-07-19T17:33:53+00:00,station1,0.0,4.552,23.761,0.0,502921.2923401392,9931981.145797348,4.023370338721114,79.45584916637878,vrf_leakage,compound_bgp_route_flap_01_vrf_leakage
2026-07-19T17:33:53+00:00,station2,0.0,2.967,18.556,0.0,9930804.781818181,504246.6545454545,79.44643825454546,4.033973236363636,vrf_leakage,compound_bgp_route_flap_01_vrf_leakage
2026-07-19T17:33:53+00:00,station3,0.0,0.003,0.65,0.0,235.34545454545454,1306.1454545454544,0.0018827636363636365,0.010449163636363635,vrf_leakage,compound_bgp_route_flap_01_vrf_leakage
2026-07-19T17:34:08+00:00,station1,0.0,4.576,21.257,0.0,564155.2448315362,11135526.665090824,4.51324195865229,89.08421332072659,vrf_leakage,compound_bgp_route_flap_01_vrf_leakage
2026-07-19T17:34:08+00:00,station2,0.0,2.7,22.147,0.0,11133828.272727272,565212.0363636364,89.07062618181817,4.521696290909091,vrf_leakage,compound_bgp_route_flap_01_vrf_leakage
2026-07-19T17:34:08+00:00,station3,0.0,0.15,0.821,0.0,193.9272727272727,1086.890909090909,0.0015514181818181818,0.008695127272727272,vrf_leakage,compound_bgp_route_flap_01_vrf_leakage
2026-07-19T17:34:23+00:00,station1,0.0,0.869,18.915,0.0,554220.6868966019,10934821.621425064,4.433765495172816,87.47857297140051,vrf_leakage,compound_bgp_route_flap_01_vrf_leakage
2026-07-19T17:34:23+00:00,station2,0.0,4.338,21.962,0.0,10933402.709090909,555531.4909090908,87.46722167272728,4.4442519272727266,vrf_leakage,compound_bgp_route_flap_01_vrf_leakage
2026-07-19T17:34:23+00:00,station3,0.0,0.143,0.728,0.0,234.25454545454542,1305.9454545454544,0.0018740363636363634,0.010447563636363635,vrf_leakage,compound_bgp_route_flap_01_vrf_leakage
2026-07-19T17:34:38+00:00,station1,0.0,2.749,20.823,0.0,442204.34545454546,8713020.399999999,3.5376347636363636,69.70416319999998,vrf_leakage,compound_bgp_route_flap_01_vrf_leakage
2026-07-19T17:34:38+00:00,station2,0.0,4.195,18.528,0.0,8711633.290909091,443283.69090909086,69.69306632727273,3.546269527272727,vrf_leakage,compound_bgp_route_flap_01_vrf_leakage
2026-07-19T17:34:38+00:00,station3,0.0,0.118,0.718,0.0,193.47272727272727,1086.890909090909,0.0015477818181818181,0.008695127272727272,vrf_leakage,compound_bgp_route_flap_01_vrf_leakage
2026-07-19T17:34:53+00:00,station1,0.0,3.754,22.052,0.0,555704.4128075057,10956591.592574412,4.445635302460046,87.6527327405953,vrf_leakage,compound_bgp_route_flap_01_vrf_leakage
2026-07-19T17:34:53+00:00,station2,0.0,1.98,20.298,0.0,10954928.454545455,556991.5272727272,87.63942763636364,4.455932218181818,vrf_leakage,compound_bgp_route_flap_01_vrf_leakage
2026-07-19T17:34:53+00:00,station3,0.0,0.331,0.981,0.0,232.83636363636364,1305.1272727272726,0.001862690909090909,0.01044101818181818,vrf_leakage,compound_bgp_route_flap_01_vrf_leakage
2026-07-19T17:35:08+00:00,station1,0.0,3.039,18.797,0.0,495734.5127916068,9773456.588541193,3.9658761023328544,78.18765270832954,vrf_leakage,compound_bgp_route_flap_01_vrf_leakage
2026-07-19T17:35:08+00:00,station2,0.0,2.863,21.449,0.0,9772002.49090909,496810.3818181818,78.17601992727272,3.974483054545454,vrf_leakage,compound_bgp_route_flap_01_vrf_leakage
2026-07-19T17:35:08+00:00,station3,0.0,0.164,0.921,0.0,192.5090909090909,1087.3090909090909,0.0015400727272727273,0.008698472727272727,vrf_leakage,compound_bgp_route_flap_01_vrf_leakage
2026-07-19T17:35:23+00:00,station1,0.0,4.092,19.372,0.0,636739.6909090909,12554148.836363636,5.093917527272727,100.43319069090909,vrf_leakage,compound_bgp_route_flap_01_vrf_leakage
2026-07-19T17:35:23+00:00,station2,0.0,1.719,22.275,0.0,12552646.818181816,638046.5636363636,100.42117454545453,5.104372509090909,vrf_leakage,compound_bgp_route_flap_01_vrf_leakage
2026-07-19T17:35:23+00:00,station3,0.0,0.017,0.291,0.0,232.83636363636364,1304.8181818181815,0.001862690909090909,0.010438545454545452,vrf_leakage,compound_bgp_route_flap_01_vrf_leakage
2026-07-19T17:35:38+00:00,station1,0.0,1.681,18.582,25.0,442454.98181818175,8722407.836363636,3.539639854545454,69.77926269090909,vrf_leakage,compound_bgp_route_flap_01_vrf_leakage
2026-07-19T17:35:38+00:00,station2,0.0,1.291,21.756,0.0,8720229.218181817,443557.39999999997,69.76183374545454,3.5484592,vrf_leakage,compound_bgp_route_flap_01_vrf_leakage
2026-07-19T17:35:38+00:00,station3,0.0,0.448,1.18,0.0,193.47272727272727,1086.1818181818182,0.0015477818181818181,0.008689454545454545,vrf_leakage,compound_bgp_route_flap_01_vrf_leakage
2026-07-19T17:35:53+00:00,station1,0.0,1.852,19.919,0.0,555607.7058748659,10940527.410586031,4.444861646998927,87.52421928468824,vrf_leakage,compound_bgp_route_flap_01_vrf_leakage
2026-07-19T17:35:53+00:00,station2,0.0,3.147,18.967,25.0,10938413.545454543,556894.9272727272,87.50730836363634,4.455159418181818,vrf_leakage,compound_bgp_route_flap_01_vrf_leakage
2026-07-19T17:35:53+00:00,station3,0.0,0.137,0.788,0.0,233.9272727272727,1304.709090909091,0.0018714181818181817,0.010437672727272728,vrf_leakage,compound_bgp_route_flap_01_vrf_leakage
2026-07-19T17:36:08+00:00,station1,0.0,5.052,19.699,0.0,442725.9123224903,8703139.316690002,3.5418072985799225,69.62511453352002,vrf_leakage,compound_bgp_route_flap_01_vrf_leakage
2026-07-19T17:36:08+00:00,station2,0.0,2.61,20.005,0.0,8701119.98181818,443755.43636363634,69.60895985454545,3.5500434909090908,vrf_leakage,compound_bgp_route_flap_01_vrf_leakage
2026-07-19T17:36:08+00:00,station3,0.0,0.317,1.085,0.0,193.16363636363633,1087.6181818181817,0.0015453090909090907,0.008700945454545453,vrf_leakage,compound_bgp_route_flap_01_vrf_leakage
2026-07-19T17:36:23+00:00,station1,0.0,0.966,22.013,0.0,598670.0910958779,11772142.953251995,4.789360728767023,94.17714362601596,vrf_leakage,compound_bgp_route_flap_01_vrf_leakage
2026-07-19T17:36:23+00:00,station2,0.0,1.388,20.524,0.0,11769986.49090909,599952.1818181818,94.15989192727272,4.799617454545454,vrf_leakage,compound_bgp_route_flap_01_vrf_leakage
2026-07-19T17:36:23+00:00,station3,0.0,0.082,0.689,0.0,231.9272727272727,1305.2181818181816,0.0018554181818181816,0.010441745454545452,vrf_leakage,compound_bgp_route_flap_01_vrf_leakage
2026-07-19T17:36:38+00:00,station1,0.0,3.433,19.718,0.0,533484.3718748295,10491204.629343418,4.267874974998636,83.92963703474734,vrf_leakage,compound_bgp_route_flap_01_vrf_leakage
2026-07-19T17:36:38+00:00,station2,0.0,1.667,22.682,0.0,10489881.654545454,534572.9636363636,83.91905323636364,4.276583709090909,vrf_leakage,compound_bgp_route_flap_01_vrf_leakage
2026-07-19T17:36:38+00:00,station3,0.0,0.009,0.242,0.0,191.47272727272727,1086.7454545454543,0.0015317818181818182,0.008693963636363634,vrf_leakage,compound_bgp_route_flap_01_vrf_leakage
2026-07-19T17:36:53+00:00,station1,0.0,2.602,21.922,0.0,551649.5454545454,10865886.127272727,4.413196363636363,86.92708901818182,vrf_leakage,compound_bgp_route_flap_01_vrf_leakage
2026-07-19T17:36:53+00:00,station2,0.0,2.035,22.011,0.0,10864170.018181818,552943.8545454545,86.91336014545455,4.423550836363636,vrf_leakage,compound_bgp_route_flap_01_vrf_leakage
2026-07-19T17:36:53+00:00,station3,0.0,0.05,0.635,0.0,230.83636363636364,1305.0727272727272,0.0018466909090909091,0.010440581818181818,vrf_leakage,compound_bgp_route_flap_01_vrf_leakage
2026-07-19T17:37:08+00:00,station1,0.0,3.864,21.557,0.0,437342.4794530511,8632418.90319296,3.498739835624409,69.05935122554368,vrf_leakage,compound_bgp_route_flap_01_vrf_leakage
2026-07-19T17:37:08+00:00,station2,0.0,1.074,16.946,0.0,8630511.799999999,438390.41818181815,69.04409439999999,3.5071233454545454,vrf_leakage,compound_bgp_route_flap_01_vrf_leakage
2026-07-19T17:37:08+00:00,station3,0.0,0.09,0.682,0.0,192.58181818181816,1088.3454545454545,0.0015406545454545453,0.008706763636363636,vrf_leakage,compound_bgp_route_flap_01_vrf_leakage
2026-07-19T17:37:23+00:00,station1,0.0,0.566,1.404,0.0,548198.1528280276,10861003.308910424,4.385585222624221,86.8880264712834,vrf_leakage,compound_bgp_route_flap_01_vrf_leakage
2026-07-19T17:37:23+00:00,station2,0.0,0.918,1.356,0.0,10860172.781818181,549620.0545454544,86.88138225454546,4.396960436363636,vrf_leakage,compound_bgp_route_flap_01_vrf_leakage
2026-07-19T17:37:23+00:00,station3,0.0,0.025,0.991,0.0,232.76363636363632,1309.0,0.0018621090909090906,0.010472,vrf_leakage,compound_bgp_route_flap_01_vrf_leakage
2026-07-19T17:37:38+00:00,station1,0.0,0.772,1.517,0.0,559813.309090909,11142801.29090909,4.478506472727272,89.14241032727271,vrf_leakage,compound_bgp_route_flap_01_vrf_leakage
2026-07-19T17:37:38+00:00,station2,0.0,0.704,1.245,0.0,11141903.109090907,561008.1454545454,89.13522487272726,4.488065163636363,vrf_leakage,compound_bgp_route_flap_01_vrf_leakage
2026-07-19T17:37:38+00:00,station3,0.0,0.39,0.875,0.0,193.4,1090.8545454545454,0.0015472,0.008726836363636362,vrf_leakage,compound_bgp_route_flap_01_vrf_leakage
2026-07-19T17:37:53+00:00,station1,0.0,0.647,1.335,0.0,555695.8363636363,11086872.309090909,4.44556669090909,88.69497847272727,vrf_leakage,compound_bgp_route_flap_01_vrf_leakage
2026-07-19T17:37:53+00:00,station2,0.0,0.774,1.197,0.0,11085618.018181818,557095.5636363636,88.68494414545454,4.456764509090909,vrf_leakage,compound_bgp_route_flap_01_vrf_leakage
2026-07-19T17:37:53+00:00,station3,0.0,0.35,0.854,0.0,232.76363636363632,1308.9636363636362,0.0018621090909090906,0.01047170909090909,vrf_leakage,compound_bgp_route_flap_01_vrf_leakage
2026-07-19T17:38:08+00:00,station1,0.0,0.059,0.764,0.0,442305.4530247104,8868965.652671965,3.5384436241976833,70.95172522137572,vrf_leakage,compound_bgp_route_flap_01_vrf_leakage
2026-07-19T17:38:08+00:00,station2,0.0,0.022,0.721,0.0,8867401.109090907,443441.8545454545,70.93920887272726,3.547534836363636,vrf_leakage,compound_bgp_route_flap_01_vrf_leakage
2026-07-19T17:38:08+00:00,station3,0.0,0.057,0.675,0.0,192.36363636363635,1088.3272727272727,0.0015389090909090908,0.008706618181818181,vrf_leakage,compound_bgp_route_flap_01_vrf_leakage
2026-07-19T17:38:23+00:00,station1,0.0,0.557,1.166,0.0,555400.0909090909,11108463.581818182,4.443200727272727,88.86770865454545,vrf_leakage,compound_bgp_route_flap_01_vrf_leakage
2026-07-19T17:38:23+00:00,station2,0.0,0.637,1.205,0.0,11106859.145454545,556703.3090909091,88.85487316363636,4.453626472727272,vrf_leakage,compound_bgp_route_flap_01_vrf_leakage
2026-07-19T17:38:23+00:00,station3,0.0,0.158,0.866,0.0,234.39999999999998,1303.4,0.0018751999999999998,0.010427200000000001,vrf_leakage,compound_bgp_route_flap_01_vrf_leakage
2026-07-19T17:38:38+00:00,station1,0.0,0.211,0.86,0.0,465824.47591861966,9263415.901529064,3.726595807348957,74.10732721223252,vrf_leakage,compound_bgp_route_flap_01_vrf_leakage
2026-07-19T17:38:38+00:00,station2,0.0,0.438,1.16,0.0,9262509.181818182,466945.0545454545,74.10007345454545,3.735560436363636,vrf_leakage,compound_bgp_route_flap_01_vrf_leakage
2026-07-19T17:38:38+00:00,station3,0.0,0.241,0.892,0.0,193.47272727272727,1085.090909090909,0.0015477818181818181,0.008680727272727272,vrf_leakage,compound_bgp_route_flap_01_vrf_leakage
2026-07-19T17:38:53+00:00,station1,0.0,0.013,0.266,0.0,656640.4,13084344.436363636,5.2531232,104.67475549090908,vrf_leakage,compound_bgp_route_flap_01_vrf_leakage
2026-07-19T17:38:53+00:00,station2,0.0,0.067,0.262,0.0,13082802.963636363,657930.8727272727,104.6624237090909,5.2634469818181815,vrf_leakage,compound_bgp_route_flap_01_vrf_leakage
2026-07-19T17:38:53+00:00,station3,0.0,0.009,0.307,0.0,240.19999999999996,1310.0727272727272,0.0019215999999999997,0.010480581818181818,vrf_leakage,compound_bgp_route_flap_01_vrf_leakage
2026-07-19T17:39:08+00:00,station1,0.0,0.111,0.896,0.0,446363.2231555216,8876702.210828697,3.570905785244173,71.01361768662957,vrf_leakage,compound_bgp_route_flap_01_vrf_leakage
2026-07-19T17:39:08+00:00,station2,0.0,0.154,0.85,0.0,8875961.036363635,447454.3636363636,71.00768829090909,3.5796349090909088,vrf_leakage,compound_bgp_route_flap_01_vrf_leakage
2026-07-19T17:39:08+00:00,station3,0.0,0.451,2.006,0.0,199.83636363636364,1093.6909090909091,0.0015986909090909092,0.008749527272727273,vrf_leakage,compound_bgp_route_flap_01_vrf_leakage
2026-07-19T17:39:23+00:00,station1,0.0,0.066,0.775,0.0,558281.1636363636,11112639.49090909,4.466249309090909,88.90111592727273,vrf_leakage,compound_bgp_route_flap_01_vrf_leakage
2026-07-19T17:39:23+00:00,station2,0.0,0.161,0.876,0.0,11111346.454545455,559582.618181818,88.89077163636364,4.476660945454545,vrf_leakage,compound_bgp_route_flap_01_vrf_leakage
2026-07-19T17:39:23+00:00,station3,0.0,0.256,2.102,0.0,243.29090909090908,1314.5272727272725,0.0019463272727272727,0.01051621818181818,vrf_leakage,compound_bgp_route_flap_01_vrf_leakage
2026-07-19T17:39:38+00:00,station1,0.0,0.073,0.791,0.0,445551.6100292733,8874949.380897835,3.5644128802341863,70.99959504718268,vrf_leakage,compound_bgp_route_flap_01_vrf_leakage
2026-07-19T17:39:38+00:00,station2,0.0,0.112,0.85,0.0,8873956.272727272,446643.43636363634,70.99165018181817,3.573147490909091,vrf_leakage,compound_bgp_route_flap_01_vrf_leakage
2026-07-19T17:39:38+00:00,station3,0.0,0.608,2.311,0.0,208.23636363636362,1095.1636363636362,0.001665890909090909,0.00876130909090909,vrf_leakage,compound_bgp_route_flap_01_vrf_leakage
2026-07-19T17:39:53+00:00,station1,0.0,0.111,0.775,0.0,573159.7905340291,11432025.47411677,4.585278324272233,91.45620379293416,vrf_leakage,compound_bgp_route_flap_01_vrf_leakage
2026-07-19T17:39:53+00:00,station2,0.0,0.261,1.051,0.0,11430035.036363635,574440.0727272726,91.44028029090909,4.595520581818181,vrf_leakage,compound_bgp_route_flap_01_vrf_leakage
2026-07-19T17:39:53+00:00,station3,0.0,0.328,2.05,0.0,237.49090909090907,1308.8727272727272,0.0018999272727272727,0.010470981818181816,vrf_leakage,compound_bgp_route_flap_01_vrf_leakage
2026-07-19T17:40:08+00:00,station1,0.0,0.063,0.231,0.0,546334.0727676055,10912752.47740786,4.370672582140845,87.30201981926288,vrf_leakage,compound_bgp_route_flap_01_vrf_leakage
2026-07-19T17:40:08+00:00,station2,0.0,0.038,0.235,0.0,10910870.527272727,547382.0727272726,87.28696421818182,4.3790565818181815,vrf_leakage,compound_bgp_route_flap_01_vrf_leakage
2026-07-19T17:40:08+00:00,station3,0.0,0.025,0.315,0.0,201.8181818181818,1092.4181818181817,0.0016145454545454544,0.008739345454545454,vrf_leakage,compound_bgp_route_flap_01_vrf_leakage
2026-07-19T17:40:23+00:00,station1,0.0,0.196,0.92,0.0,551924.3049620888,11106093.586922923,4.41539443969671,88.84874869538338,vrf_leakage,compound_bgp_route_flap_01_vrf_leakage
2026-07-19T17:40:23+00:00,station2,0.0,0.588,1.182,0.0,11104510.418181816,553286.3636363636,88.83608334545453,4.426290909090909,vrf_leakage,compound_bgp_route_flap_01_vrf_leakage
2026-07-19T17:40:23+00:00,station3,0.0,0.108,1.187,0.0,234.9090909090909,1308.490909090909,0.0018792727272727273,0.010467927272727273,vrf_leakage,compound_bgp_route_flap_01_vrf_leakage
2026-07-19T17:40:38+00:00,station1,0.0,0.245,0.835,0.0,435976.0363636363,8873685.345454546,3.4878082909090904,70.98948276363636,vrf_leakage,compound_bgp_route_flap_01_vrf_leakage
2026-07-19T17:40:38+00:00,station2,0.0,0.265,0.924,0.0,8872632.854545454,437058.8363636363,70.98106283636363,3.4964706909090904,vrf_leakage,compound_bgp_route_flap_01_vrf_leakage
2026-07-19T17:40:38+00:00,station3,0.0,0.031,0.746,0.0,195.54545454545453,1089.8181818181818,0.0015643636363636363,0.008718545454545455,vrf_leakage,compound_bgp_route_flap_01_vrf_leakage
2026-07-19T17:40:53+00:00,station1,0.0,0.8,1.373,0.0,497125.8363636363,11109334.545454543,3.9770066909090906,88.87467636363634,vrf_leakage,compound_bgp_route_flap_01_vrf_leakage
2026-07-19T17:40:53+00:00,station2,0.0,0.891,1.365,0.0,11107927.054545455,498303.23636363633,88.86341643636364,3.9864258909090906,vrf_leakage,compound_bgp_route_flap_01_vrf_leakage
2026-07-19T17:40:53+00:00,station3,0.0,0.439,0.977,0.0,235.99999999999997,1309.0181818181816,0.0018879999999999997,0.010472145454545452,vrf_leakage,compound_bgp_route_flap_01_vrf_leakage
2026-07-19T17:41:08+00:00,station1,0.0,0.091,0.826,0.0,473591.8868301908,11173015.928141534,3.788735094641526,89.38412742513228,vrf_leakage,compound_bgp_route_flap_01_vrf_leakage
2026-07-19T17:41:08+00:00,station2,0.0,0.037,0.733,0.0,11171155.2,474429.8909090909,89.3692416,3.795439127272727,vrf_leakage,compound_bgp_route_flap_01_vrf_leakage
2026-07-19T17:41:08+00:00,station3,0.0,0.045,0.663,0.0,192.03636363636363,1088.4727272727273,0.0015362909090909092,0.008707781818181819,vrf_leakage,compound_bgp_route_flap_01_vrf_leakage
2026-07-19T17:41:23+00:00,station1,0.0,0.094,0.33,0.0,445668.5272727272,11548204.181818182,3.5653482181818177,92.38563345454546,vrf_leakage,compound_bgp_route_flap_01_vrf_leakage
2026-07-19T17:41:23+00:00,station2,0.0,0.011,0.205,0.0,11545999.781818181,446743.3272727272,92.36799825454545,3.5739466181818176,vrf_leakage,compound_bgp_route_flap_01_vrf_leakage
2026-07-19T17:41:23+00:00,station3,0.0,0.007,0.266,0.0,235.49090909090907,1306.6363636363635,0.0018839272727272725,0.010453090909090908,vrf_leakage,compound_bgp_route_flap_01_vrf_leakage
2026-07-19T17:41:38+00:00,station1,0.0,0.074,0.873,0.0,257413.9774194135,7484054.015235533,2.059311819355308,59.872432121884266,vrf_leakage,compound_bgp_route_flap_01_vrf_leakage
2026-07-19T17:41:38+00:00,station2,0.0,0.02,0.707,0.0,7482997.890909091,258506.58181818182,59.863983127272725,2.0680526545454545,vrf_leakage,compound_bgp_route_flap_01_vrf_leakage
2026-07-19T17:41:38+00:00,station3,0.0,0.374,1.367,0.0,195.03636363636363,1087.2363636363636,0.001560290909090909,0.00869789090909091,vrf_leakage,compound_bgp_route_flap_01_vrf_leakage
2026-07-19T17:41:53+00:00,station1,0.0,0.418,1.999,0.0,395373.0659442555,9719681.769422375,3.1629845275540442,77.757454155379,vrf_leakage,compound_bgp_route_flap_01_vrf_leakage
2026-07-19T17:41:53+00:00,station2,0.0,0.78,1.265,0.0,9717539.309090909,396675.2,77.74031447272726,3.1734016,vrf_leakage,compound_bgp_route_flap_01_vrf_leakage
2026-07-19T17:41:53+00:00,station3,0.0,0.378,1.694,0.0,232.83636363636364,1303.4181818181817,0.001862690909090909,0.010427345454545453,vrf_leakage,compound_bgp_route_flap_01_vrf_leakage
2026-07-19T17:42:08+00:00,station1,0.0,0.896,1.588,0.0,342277.65150826407,7624834.51824645,2.7382212120661125,60.9986761459716,vrf_leakage,compound_bgp_route_flap_01_vrf_leakage
2026-07-19T17:42:08+00:00,station2,0.0,1.065,1.495,0.0,7623315.890909091,343355.1272727272,60.98652712727272,2.7468410181818177,vrf_leakage,compound_bgp_route_flap_01_vrf_leakage
2026-07-19T17:42:08+00:00,station3,0.0,0.421,1.749,0.0,192.5090909090909,1084.7090909090907,0.0015400727272727273,0.008677672727272726,vrf_leakage,compound_bgp_route_flap_01_vrf_leakage
2026-07-19T17:42:23+00:00,station1,0.0,0.085,1.051,0.0,566311.9943273758,11576824.93045581,4.530495954619006,92.61459944364647,vrf_leakage,compound_bgp_route_flap_01_vrf_leakage
2026-07-19T17:42:23+00:00,station2,0.0,0.026,0.681,0.0,11575652.872727271,567636.9272727272,92.60522298181817,4.541095418181818,vrf_leakage,compound_bgp_route_flap_01_vrf_leakage
2026-07-19T17:42:23+00:00,station3,0.0,0.263,1.658,0.0,230.07272727272726,1302.1636363636362,0.001840581818181818,0.010417309090909089,vrf_leakage,compound_bgp_route_flap_01_vrf_leakage
2026-07-19T17:42:38+00:00,station1,0.0,0.018,0.232,0.0,555552.0445082816,11076454.719005108,4.444416356066253,88.61163775204086,vrf_leakage,compound_bgp_route_flap_01_vrf_leakage
2026-07-19T17:42:38+00:00,station2,0.0,0.033,0.2,0.0,11075287.727272727,556649.8363636363,88.60230181818181,4.45319869090909,vrf_leakage,compound_bgp_route_flap_01_vrf_leakage
2026-07-19T17:42:38+00:00,station3,0.0,0.009,0.244,0.0,193.83636363636364,1084.1272727272726,0.001550690909090909,0.008673018181818181,vrf_leakage,compound_bgp_route_flap_01_vrf_leakage
2026-07-19T17:42:53+00:00,station1,0.0,1.291,1.64,0.0,446073.94545454544,8884908.781818181,3.5685915636363634,71.07927025454545,vrf_leakage,compound_bgp_route_flap_01_vrf_leakage
2026-07-19T17:42:53+00:00,station2,0.0,0.809,1.5,0.0,8884349.436363636,447406.67272727273,71.07479549090908,3.579253381818182,vrf_leakage,compound_bgp_route_flap_01_vrf_leakage
2026-07-19T17:42:53+00:00,station3,0.0,0.409,0.954,0.0,233.19999999999996,1302.4363636363635,0.0018655999999999996,0.010419490909090908,vrf_leakage,compound_bgp_route_flap_01_vrf_leakage
2026-07-19T17:43:08+00:00,station1,0.0,0.11,1.058,0.0,334721.17884479027,6652307.29232951,2.677769430758322,53.218458338636076,vrf_leakage,compound_bgp_route_flap_01_vrf_leakage
2026-07-19T17:43:08+00:00,station2,0.0,0.037,1.003,0.0,6651334.454545454,335825.4,53.21067563636363,2.6866032,vrf_leakage,compound_bgp_route_flap_01_vrf_leakage
2026-07-19T17:43:08+00:00,station3,0.0,0.274,0.819,0.0,191.3090909090909,1085.290909090909,0.0015304727272727272,0.008682327272727273,vrf_leakage,compound_bgp_route_flap_01_vrf_leakage
2026-07-19T17:43:23+00:00,station1,0.0,0.082,0.821,0.0,446231.98181818175,8885708.436363636,3.569855854545454,71.08566749090909,vrf_leakage,compound_bgp_route_flap_01_vrf_leakage
2026-07-19T17:43:23+00:00,station2,0.0,0.179,0.867,0.0,8884166.963636363,447549.7636363636,71.0733357090909,3.580398109090909,vrf_leakage,compound_bgp_route_flap_01_vrf_leakage
2026-07-19T17:43:23+00:00,station3,0.0,0.075,0.668,0.0,231.63636363636363,1303.0545454545454,0.001853090909090909,0.010424436363636363,vrf_leakage,compound_bgp_route_flap_01_vrf_leakage
2026-07-19T17:43:38+00:00,station1,0.0,0.235,0.946,0.0,450685.0909090909,8978564.254545454,3.605480727272727,71.82851403636363,vrf_leakage,compound_bgp_route_flap_01_vrf_leakage
2026-07-19T17:43:38+00:00,station2,0.0,0.285,0.988,0.0,8977675.69090909,451801.19999999995,71.82140552727272,3.6144095999999997,vrf_leakage,compound_bgp_route_flap_01_vrf_leakage
2026-07-19T17:43:38+00:00,station3,0.0,0.16,0.688,0.0,190.7090909090909,1086.490909090909,0.0015256727272727271,0.008691927272727273,vrf_leakage,compound_bgp_route_flap_01_vrf_leakage
2026-07-19T17:43:53+00:00,station1,0.0,0.047,0.194,0.0,670513.618181818,13365542.745454544,5.364108945454545,106.92434196363635,vrf_leakage,compound_bgp_route_flap_01_vrf_leakage
2026-07-19T17:43:53+00:00,station2,0.0,0.028,0.287,0.0,13363623.654545454,671791.4545454546,106.90898923636364,5.374331636363637,vrf_leakage,compound_bgp_route_flap_01_vrf_leakage
2026-07-19T17:43:53+00:00,station3,0.0,0.038,0.216,0.0,231.63636363636363,1303.9454545454544,0.001853090909090909,0.010431563636363635,vrf_leakage,compound_bgp_route_flap_01_vrf_leakage
2026-07-19T17:44:08+00:00,station1,0.0,0.282,0.64,0.0,446328.50882775424,8898334.545520665,3.5706280706220337,71.18667636416532,vrf_leakage,compound_bgp_route_flap_01_vrf_leakage
2026-07-19T17:44:08+00:00,station2,0.0,0.268,0.643,0.0,8896408.127272727,447362.7636363636,71.17126501818181,3.578902109090909,vrf_leakage,compound_bgp_route_flap_01_vrf_leakage
2026-07-19T17:44:08+00:00,station3,0.0,0.223,0.504,0.0,194.36363636363635,1110.0545454545454,0.0015549090909090907,0.008880436363636363,vrf_leakage,compound_bgp_route_flap_01_vrf_leakage
2026-07-19T17:44:23+00:00,station1,0.0,0.46,1.173,0.0,548963.6909090909,11107819.145454545,4.391709527272727,88.86255316363636,vrf_leakage,compound_bgp_route_flap_01_vrf_leakage
2026-07-19T17:44:23+00:00,station2,0.0,0.056,0.784,0.0,11106377.618181817,550264.2363636363,88.85102094545454,4.40211389090909,vrf_leakage,compound_bgp_route_flap_01_vrf_leakage
2026-07-19T17:44:23+00:00,station3,0.0,0.124,0.797,0.0,235.78181818181818,1329.5454545454545,0.0018862545454545454,0.010636363636363637,vrf_leakage,compound_bgp_route_flap_01_vrf_leakage
2026-07-19T17:44:38+00:00,station1,0.0,0.059,0.751,0.0,431978.3636363636,8874493.963636363,3.455826909090909,70.9959517090909,vrf_leakage,compound_bgp_route_flap_01_vrf_leakage
2026-07-19T17:44:38+00:00,station2,0.0,0.115,0.856,0.0,8873625.036363635,433065.54545454547,70.98900029090908,3.4645243636363636,vrf_leakage,compound_bgp_route_flap_01_vrf_leakage
2026-07-19T17:44:38+00:00,station3,0.0,0.056,0.65,0.0,194.85454545454544,1111.6909090909091,0.0015588363636363635,0.008893527272727273,vrf_leakage,compound_bgp_route_flap_01_vrf_leakage
2026-07-19T17:44:53+00:00,station1,0.0,0.121,0.846,0.0,536057.1818181818,11148058.218181817,4.288457454545454,89.18446574545453,vrf_leakage,compound_bgp_route_flap_01_vrf_leakage
2026-07-19T17:44:53+00:00,station2,0.0,0.57,1.157,0.0,11146595.218181817,537379.6181818182,89.17276174545454,4.299036945454545,vrf_leakage,compound_bgp_route_flap_01_vrf_leakage
2026-07-19T17:44:53+00:00,station3,0.0,0.368,0.888,0.0,234.2181818181818,1330.381818181818,0.0018737454545454542,0.010643054545454545,vrf_leakage,compound_bgp_route_flap_01_vrf_leakage
2026-07-19T17:45:08+00:00,station1,0.0,0.394,0.541,0.0,536021.6181818182,11171844.6,4.288172945454545,89.3747568,vrf_leakage,compound_bgp_route_flap_01_vrf_leakage
2026-07-19T17:45:08+00:00,station2,0.0,0.316,0.467,0.0,11170310.636363635,537102.4727272727,89.36248509090908,4.296819781818181,vrf_leakage,compound_bgp_route_flap_01_vrf_leakage
2026-07-19T17:45:08+00:00,station3,0.0,0.223,0.376,0.0,191.3090909090909,1087.3454545454545,0.0015304727272727272,0.008698763636363635,vrf_leakage,compound_bgp_route_flap_01_vrf_leakage
2026-07-19T17:45:23+00:00,station1,0.0,0.125,1.036,0.0,535168.3454545455,11108873.654545454,4.281346763636364,88.87098923636364,vrf_leakage,compound_bgp_route_flap_01_vrf_leakage
2026-07-19T17:45:23+00:00,station2,0.0,0.223,0.879,0.0,11107379.909090908,536467.3090909091,88.85903927272727,4.291738472727273,vrf_leakage,compound_bgp_route_flap_01_vrf_leakage
2026-07-19T17:45:23+00:00,station3,0.0,0.215,0.8,0.0,234.29090909090908,1305.8181818181815,0.0018743272727272727,0.010446545454545451,vrf_leakage,compound_bgp_route_flap_01_vrf_leakage
2026-07-19T17:45:38+00:00,station1,0.0,0.129,0.82,0.0,428391.41818181815,8873622.38181818,3.427131345454545,70.98897905454545,vrf_leakage,compound_tunnel_degradation_02_vrf_leakage
2026-07-19T17:45:38+00:00,station2,0.0,0.049,0.741,0.0,8872464.709090909,429477.67272727273,70.97971767272728,3.4358213818181818,vrf_leakage,compound_tunnel_degradation_02_vrf_leakage
2026-07-19T17:45:38+00:00,station3,0.0,0.194,0.875,0.0,199.69090909090906,1089.4545454545453,0.0015975272727272725,0.008715636363636363,vrf_leakage,compound_tunnel_degradation_02_vrf_leakage
2026-07-19T17:45:53+00:00,station1,0.0,0.387,8.539,0.0,463414.3818181818,9415580.49090909,3.7073150545454543,75.32464392727272,vrf_leakage,compound_tunnel_degradation_02_vrf_leakage
2026-07-19T17:45:53+00:00,station2,0.0,1.332,8.901,0.0,9414123.8,464782.16363636364,75.3129904,3.7182573090909092,vrf_leakage,compound_tunnel_degradation_02_vrf_leakage
2026-07-19T17:45:53+00:00,station3,0.0,1.238,6.529,0.0,238.76363636363632,1308.6,0.0019101090909090905,0.010468799999999999,vrf_leakage,compound_tunnel_degradation_02_vrf_leakage
2026-07-19T17:46:08+00:00,station1,0.0,0.492,10.476,0.0,372297.8162445224,7351723.384911904,2.9783825299561792,58.81378707929523,vrf_leakage,compound_tunnel_degradation_02_vrf_leakage
2026-07-19T17:46:08+00:00,station2,0.0,0.601,7.461,0.0,7350166.054545454,373431.9272727272,58.80132843636363,2.9874554181818174,vrf_leakage,compound_tunnel_degradation_02_vrf_leakage
2026-07-19T17:46:08+00:00,station3,0.0,0.434,4.993,0.0,195.78181818181818,1088.9999999999998,0.0015662545454545455,0.008711999999999998,vrf_leakage,compound_tunnel_degradation_02_vrf_leakage
2026-07-19T17:46:23+00:00,station1,0.0,0.785,8.667,0.0,286376.2727272727,5417828.509090909,2.291010181818182,43.34262807272727,vrf_leakage,compound_tunnel_degradation_02_vrf_leakage
2026-07-19T17:46:23+00:00,station2,0.0,0.301,8.046,0.0,5416301.145454545,287755.67272727273,43.330409163636354,2.3020453818181816,vrf_leakage,compound_tunnel_degradation_02_vrf_leakage
2026-07-19T17:46:23+00:00,station3,0.0,0.44,6.545,0.0,237.19999999999996,1308.7272727272725,0.0018975999999999997,0.01046981818181818,vrf_leakage,compound_tunnel_degradation_02_vrf_leakage
2026-07-19T17:46:38+00:00,station1,0.0,0.802,8.05,0.0,91337.78157555043,1174083.1772812393,0.7307022526044035,9.392665418249914,vrf_leakage,compound_tunnel_degradation_02_vrf_leakage
2026-07-19T17:46:38+00:00,station2,0.0,0.372,7.625,0.0,1172600.6,92478.47272727272,9.3808048,0.7398277818181818,vrf_leakage,compound_tunnel_degradation_02_vrf_leakage
2026-07-19T17:46:38+00:00,station3,0.0,0.965,6.151,25.0,196.2,1090.0545454545454,0.0015696,0.008720436363636364,vrf_leakage,compound_tunnel_degradation_02_vrf_leakage
2026-07-19T17:46:53+00:00,station1,0.0,0.911,9.524,0.0,91219.76363636363,1035512.4727272727,0.729758109090909,8.284099781818181,vrf_leakage,compound_tunnel_degradation_02_vrf_leakage
2026-07-19T17:46:53+00:00,station2,0.0,0.591,8.82,0.0,1034055.3999999999,92529.6,8.2724432,0.7402368,vrf_leakage,compound_tunnel_degradation_02_vrf_leakage
2026-07-19T17:46:53+00:00,station3,0.0,0.634,6.75,0.0,234.36363636363635,1310.0545454545454,0.0018749090909090907,0.010480436363636363,vrf_leakage,compound_tunnel_degradation_02_vrf_leakage
2026-07-19T17:47:08+00:00,station1,0.0,1.773,10.496,25.0,71294.7797152572,824736.3310726039,0.5703582377220576,6.597890648580831,vrf_leakage,compound_tunnel_degradation_02_vrf_leakage
2026-07-19T17:47:08+00:00,station2,0.0,1.797,9.986,0.0,823717.1636363636,72553.50909090908,6.589737309090909,0.5804280727272726,vrf_leakage,compound_tunnel_degradation_02_vrf_leakage
2026-07-19T17:47:08+00:00,station3,0.0,1.265,6.182,0.0,198.36363636363635,1095.1272727272726,0.0015869090909090909,0.008761018181818181,vrf_leakage,compound_tunnel_degradation_02_vrf_leakage
2026-07-19T17:47:23+00:00,station1,0.0,1.756,9.426,0.0,99776.8909090909,1163800.236363636,0.7982151272727273,9.31040189090909,vrf_leakage,compound_tunnel_degradation_02_vrf_leakage
2026-07-19T17:47:23+00:00,station2,0.0,0.216,10.838,0.0,1162506.7454545454,101262.2,9.300053963636364,0.8100976,vrf_leakage,compound_tunnel_degradation_02_vrf_leakage
2026-07-19T17:47:23+00:00,station3,0.0,1.461,5.551,0.0,242.3272727272727,1315.581818181818,0.0019386181818181816,0.010524654545454546,vrf_leakage,compound_tunnel_degradation_02_vrf_leakage
2026-07-19T17:47:38+00:00,station1,0.0,0.356,10.171,0.0,63317.67272727272,744370.9454545454,0.5065413818181818,5.954967563636363,vrf_leakage,compound_tunnel_degradation_02_vrf_leakage
2026-07-19T17:47:38+00:00,station2,0.0,1.082,10.177,0.0,743349.2181818181,64583.763636363634,5.946793745454545,0.516670109090909,vrf_leakage,compound_tunnel_degradation_02_vrf_leakage
2026-07-19T17:47:38+00:00,station3,0.0,0.557,7.243,0.0,201.3272727272727,1094.3636363636363,0.0016106181818181817,0.00875490909090909,vrf_leakage,compound_tunnel_degradation_02_vrf_leakage
2026-07-19T17:47:53+00:00,station1,0.0,0.454,8.83,0.0,76397.56714002581,896026.4014400785,0.6111805371202065,7.168211211520628,vrf_leakage,compound_tunnel_degradation_02_vrf_leakage
2026-07-19T17:47:53+00:00,station2,0.0,0.203,8.848,0.0,894670.309090909,77863.74545454544,7.1573624727272716,0.6229099636363635,vrf_leakage,compound_tunnel_degradation_02_vrf_leakage
2026-07-19T17:47:53+00:00,station3,0.0,0.569,7.305,0.0,246.83636363636361,1314.9454545454544,0.0019746909090909088,0.010519563636363635,vrf_leakage,compound_tunnel_degradation_02_vrf_leakage
2026-07-19T17:48:08+00:00,station1,0.0,1.712,15.199,0.0,59135.025546848,690474.6622543049,0.47308020437478404,5.523797298034439,vrf_leakage,compound_tunnel_degradation_02_vrf_leakage
2026-07-19T17:48:08+00:00,station2,0.0,1.491,14.645,25.0,689069.5636363636,60107.38181818181,5.512556509090909,0.4808590545454545,vrf_leakage,compound_tunnel_degradation_02_vrf_leakage
2026-07-19T17:48:08+00:00,station3,0.0,2.737,12.158,0.0,203.27272727272728,1094.4,0.0016261818181818183,0.008755200000000001,vrf_leakage,compound_tunnel_degradation_02_vrf_leakage
2026-07-19T17:48:23+00:00,station1,0.0,0.798,19.599,0.0,56368.7885234277,655755.5046455391,0.4509503081874216,5.246044037164313,vrf_leakage,compound_tunnel_degradation_02_vrf_leakage
2026-07-19T17:48:23+00:00,station2,0.0,1.82,18.457,0.0,654324.8727272727,57652.38181818181,5.2345989818181815,0.46121905454545453,vrf_leakage,compound_tunnel_degradation_02_vrf_leakage
2026-07-19T17:48:23+00:00,station3,0.0,2.39,12.552,0.0,240.6181818181818,1313.0545454545454,0.0019249454545454544,0.010504436363636363,vrf_leakage,compound_tunnel_degradation_02_vrf_leakage
2026-07-19T17:48:38+00:00,station1,0.0,2.667,17.0,0.0,46963.090909090904,546983.7999999999,0.37570472727272725,4.375870399999999,vrf_leakage,compound_tunnel_degradation_02_vrf_leakage
2026-07-19T17:48:38+00:00,station2,0.0,3.724,17.725,0.0,545757.9272727272,48043.145454545454,4.366063418181818,0.3843451636363636,vrf_leakage,compound_tunnel_degradation_02_vrf_leakage
2026-07-19T17:48:38+00:00,station3,0.0,1.523,12.234,0.0,193.54545454545453,1091.7090909090907,0.0015483636363636363,0.008733672727272726,vrf_leakage,compound_tunnel_degradation_02_vrf_leakage
2026-07-19T17:48:53+00:00,station1,0.0,3.013,17.797,0.0,36496.34545454545,424040.79999999993,0.2919707636363636,3.3923263999999995,vrf_leakage,compound_tunnel_degradation_02_vrf_leakage
2026-07-19T17:48:53+00:00,station2,0.0,0.653,14.974,0.0,422566.43636363634,37783.49090909091,3.3805314909090907,0.30226792727272733,vrf_leakage,compound_tunnel_degradation_02_vrf_leakage
2026-07-19T17:48:53+00:00,station3,0.0,2.215,11.061,25.0,229.89090909090908,1314.0727272727272,0.0018391272727272727,0.010512581818181817,vrf_leakage,compound_tunnel_degradation_02_vrf_leakage
2026-07-19T17:49:08+00:00,station1,0.0,0.795,19.655,0.0,21768.332818153718,255910.12237031112,0.17414666254522976,2.047280978962489,vrf_leakage,compound_tunnel_degradation_02_vrf_leakage
2026-07-19T17:49:08+00:00,station2,0.0,1.841,17.917,25.0,254739.99999999997,22932.072727272727,2.0379199999999997,0.1834565818181818,vrf_leakage,compound_tunnel_degradation_02_vrf_leakage
2026-07-19T17:49:08+00:00,station3,0.0,0.936,12.837,0.0,194.54545454545453,1097.8,0.0015563636363636363,0.0087824,vrf_leakage,compound_tunnel_degradation_02_vrf_leakage
2026-07-19T17:49:23+00:00,station1,0.0,0.705,17.068,0.0,26671.80028001527,315454.5157008564,0.21337440224012216,2.5236361256068514,vrf_leakage,compound_tunnel_degradation_02_vrf_leakage
2026-07-19T17:49:23+00:00,station2,0.0,0.983,17.328,0.0,313979.54545454547,27968.12727272727,2.511836363636364,0.22374501818181816,vrf_leakage,compound_tunnel_degradation_02_vrf_leakage
2026-07-19T17:49:23+00:00,station3,0.0,2.265,11.756,25.0,233.85454545454544,1315.6363636363635,0.0018708363636363635,0.010525090909090908,vrf_leakage,compound_tunnel_degradation_02_vrf_leakage
2026-07-19T17:49:38+00:00,station1,0.0,1.995,20.249,0.0,24895.50719103984,296840.70619465807,0.19916405752831873,2.3747256495572646,vrf_leakage,compound_tunnel_degradation_02_vrf_leakage
2026-07-19T17:49:38+00:00,station2,0.0,0.985,19.756,0.0,295797.5636363636,26079.672727272726,2.366380509090909,0.2086373818181818,vrf_leakage,compound_tunnel_degradation_02_vrf_leakage
2026-07-19T17:49:38+00:00,station3,0.0,0.506,10.425,0.0,200.74545454545452,1098.4363636363635,0.0016059636363636362,0.008787490909090907,vrf_leakage,compound_tunnel_degradation_02_vrf_leakage
2026-07-19T17:49:53+00:00,station1,0.0,2.195,19.561,0.0,27060.81818181818,323996.2,0.21648654545454543,2.5919696,vrf_leakage,compound_tunnel_degradation_02_vrf_leakage
2026-07-19T17:49:53+00:00,station2,0.0,1.425,23.84,25.0,322790.4727272727,28624.12727272727,2.582323781818182,0.22899301818181816,vrf_leakage,compound_tunnel_degradation_02_vrf_leakage
2026-07-19T17:49:53+00:00,station3,0.0,2.895,13.569,0.0,242.1090909090909,1316.8,0.0019368727272727271,0.0105344,vrf_leakage,compound_tunnel_degradation_02_vrf_leakage
2026-07-19T17:50:08+00:00,station1,0.0,2.417,19.896,0.0,19543.8759182486,231017.3103498436,0.1563510073459888,1.8481384827987488,vrf_leakage,compound_tunnel_degradation_02_vrf_leakage
2026-07-19T17:50:08+00:00,station2,0.0,1.617,20.627,0.0,229943.34545454543,20803.072727272727,1.8395467636363634,0.16642458181818182,vrf_leakage,compound_tunnel_degradation_02_vrf_leakage
2026-07-19T17:50:08+00:00,station3,0.0,0.994,9.736,0.0,197.27272727272728,1095.1272727272726,0.0015781818181818182,0.008761018181818181,vrf_leakage,compound_tunnel_degradation_02_vrf_leakage
2026-07-19T17:50:23+00:00,station1,0.0,1.532,28.684,0.0,22600.090909090904,265803.99999999994,0.18080072727272722,2.1264319999999994,vrf_leakage,compound_tunnel_degradation_02_vrf_leakage
2026-07-19T17:50:23+00:00,station2,0.0,4.766,26.664,25.0,264429.7636363636,23982.472727272725,2.115438109090909,0.1918597818181818,vrf_leakage,compound_tunnel_degradation_02_vrf_leakage
2026-07-19T17:50:23+00:00,station3,0.0,2.421,19.016,0.0,238.79999999999998,1315.0545454545454,0.0019103999999999998,0.010520436363636363,vrf_leakage,compound_tunnel_degradation_02_vrf_leakage
2026-07-19T17:50:38+00:00,station1,0.0,1.145,27.156,0.0,15205.745454545453,176684.8909090909,0.12164596363636362,1.4134791272727272,vrf_leakage,compound_tunnel_degradation_02_vrf_leakage
2026-07-19T17:50:38+00:00,station2,0.0,2.381,30.207,0.0,175422.4,16192.72727272727,1.4033792,0.12954181818181817,vrf_leakage,compound_tunnel_degradation_02_vrf_leakage
2026-07-19T17:50:38+00:00,station3,0.0,2.346,15.017,0.0,197.4,1092.909090909091,0.0015792,0.008743272727272728,vrf_leakage,compound_tunnel_degradation_02_vrf_leakage
2026-07-19T17:50:53+00:00,station1,0.0,3.267,28.793,0.0,17020.945454545454,198701.52727272725,0.13616756363636362,1.589612218181818,vrf_leakage,compound_tunnel_degradation_02_vrf_leakage
2026-07-19T17:50:53+00:00,station2,0.0,2.476,25.359,0.0,197158.36363636362,18234.12727272727,1.577266909090909,0.14587301818181816,vrf_leakage,compound_tunnel_degradation_02_vrf_leakage
2026-07-19T17:50:53+00:00,station3,0.0,1.343,19.02,0.0,235.23636363636362,1310.0,0.0018818909090909089,0.01048,vrf_leakage,compound_tunnel_degradation_02_vrf_leakage
2026-07-19T17:51:08+00:00,station1,0.0,4.204,27.084,25.0,11648.017164572613,135821.75391384985,0.0931841373165809,1.0865740313107988,vrf_leakage,compound_tunnel_degradation_02_vrf_leakage
2026-07-19T17:51:08+00:00,station2,0.0,2.26,32.896,0.0,134597.3818181818,12759.4,1.0767790545454545,0.10207519999999999,vrf_leakage,compound_tunnel_degradation_02_vrf_leakage
2026-07-19T17:51:08+00:00,station3,0.0,1.568,14.787,25.0,194.9090909090909,1093.1636363636362,0.0015592727272727273,0.008745309090909089,vrf_leakage,compound_tunnel_degradation_02_vrf_leakage
2026-07-19T17:51:23+00:00,station1,0.0,1.685,30.414,0.0,12458.981818181817,142920.32727272724,0.09967185454545453,1.143362618181818,vrf_leakage,compound_tunnel_degradation_02_vrf_leakage
2026-07-19T17:51:23+00:00,station2,0.0,3.118,26.962,0.0,141502.45454545453,13844.581818181818,1.1320196363636363,0.11075665454545454,vrf_leakage,compound_tunnel_degradation_02_vrf_leakage
2026-07-19T17:51:23+00:00,station3,0.0,2.299,16.372,0.0,231.38181818181818,1307.5454545454545,0.0018510545454545454,0.010460363636363636,vrf_leakage,compound_tunnel_degradation_02_vrf_leakage
2026-07-19T17:51:38+00:00,station1,0.0,3.564,29.915,0.0,10250.727272727272,116499.01818181817,0.08200581818181818,0.9319921454545453,vrf_leakage,compound_tunnel_degradation_02_vrf_leakage
2026-07-19T17:51:38+00:00,station2,0.0,2.489,22.569,0.0,115317.21818181819,11419.618181818181,0.9225377454545455,0.09135694545454545,vrf_leakage,compound_tunnel_degradation_02_vrf_leakage
2026-07-19T17:51:38+00:00,station3,0.0,4.002,18.078,0.0,193.54545454545453,1089.6363636363635,0.0015483636363636363,0.008717090909090909,vrf_leakage,compound_tunnel_degradation_02_vrf_leakage
2026-07-19T17:51:53+00:00,station1,0.0,0.342,23.638,0.0,15056.726241341066,173993.9637461137,0.12045380993072853,1.3919517099689096,vrf_leakage,compound_tunnel_degradation_02_vrf_leakage
2026-07-19T17:51:53+00:00,station2,0.0,4.664,27.912,0.0,172563.03636363635,16360.636363636362,1.3805042909090908,0.1308850909090909,vrf_leakage,compound_tunnel_degradation_02_vrf_leakage
2026-07-19T17:51:53+00:00,station3,0.0,3.098,17.738,0.0,231.27272727272728,1305.0363636363634,0.0018501818181818183,0.010440290909090906,vrf_leakage,compound_tunnel_degradation_02_vrf_leakage
2026-07-19T17:52:08+00:00,station1,0.0,1.942,26.992,0.0,14643.919557786021,172925.94006836863,0.11715135646228816,1.383407520546949,vrf_leakage,compound_tunnel_degradation_02_vrf_leakage
2026-07-19T17:52:08+00:00,station2,0.0,2.219,29.83,25.0,171742.09090909088,15821.163636363635,1.373936727272727,0.12656930909090908,vrf_leakage,compound_tunnel_degradation_02_vrf_leakage
2026-07-19T17:52:08+00:00,station3,0.0,2.922,17.24,0.0,192.6181818181818,1087.7636363636364,0.0015409454545454544,0.00870210909090909,vrf_leakage,compound_tunnel_degradation_02_vrf_leakage
2026-07-19T17:52:23+00:00,station1,0.0,2.795,27.286,0.0,14380.542879479302,166814.2828572987,0.11504434303583443,1.3345142628583897,vrf_leakage,compound_tunnel_degradation_02_vrf_leakage
2026-07-19T17:52:23+00:00,station2,0.0,5.032,26.659,0.0,165438.12727272726,15775.963636363635,1.323505018181818,0.1262077090909091,vrf_leakage,compound_tunnel_degradation_02_vrf_leakage
2026-07-19T17:52:23+00:00,station3,0.0,1.679,16.485,25.0,232.5090909090909,1306.8,0.0018600727272727272,0.010454399999999999,vrf_leakage,compound_tunnel_degradation_02_vrf_leakage
2026-07-19T17:52:38+00:00,station1,0.0,1.757,34.987,0.0,11290.34017563317,129177.9967636952,0.09032272140506535,1.0334239741095617,vrf_leakage,compound_tunnel_degradation_02_vrf_leakage
2026-07-19T17:52:38+00:00,station2,0.0,2.088,37.559,25.0,127939.25454545455,12365.763636363636,1.0235140363636364,0.09892610909090908,vrf_leakage,compound_tunnel_degradation_02_vrf_leakage
2026-07-19T17:52:38+00:00,station3,0.0,3.066,23.518,0.0,193.14545454545453,1089.9999999999998,0.0015451636363636363,0.008719999999999999,vrf_leakage,compound_tunnel_degradation_02_vrf_leakage
2026-07-19T17:52:53+00:00,station1,0.0,3.53,36.138,25.0,12255.368279423263,140022.0549464536,0.0980429462353861,1.1201764395716287,vrf_leakage,compound_tunnel_degradation_02_vrf_leakage
2026-07-19T17:52:53+00:00,station2,0.0,2.594,36.153,0.0,138541.58181818182,13543.236363636363,1.1083326545454546,0.1083458909090909,vrf_leakage,compound_tunnel_degradation_02_vrf_leakage
2026-07-19T17:52:53+00:00,station3,0.0,4.4,25.989,0.0,232.07272727272726,1310.4363636363635,0.001856581818181818,0.010483490909090908,vrf_leakage,compound_tunnel_degradation_02_vrf_leakage
2026-07-19T17:53:08+00:00,station1,0.0,4.37,33.743,0.0,9458.490909090908,106996.87272727273,0.07566792727272727,0.8559749818181818,vrf_leakage,compound_tunnel_degradation_02_vrf_leakage
2026-07-19T17:53:08+00:00,station2,0.0,7.402,33.5,25.0,105754.99999999999,10447.872727272728,0.8460399999999999,0.08358298181818183,vrf_leakage,compound_tunnel_degradation_02_vrf_leakage
2026-07-19T17:53:08+00:00,station3,0.0,3.732,23.998,0.0,196.07272727272726,1091.9999999999998,0.0015685818181818182,0.008735999999999999,vrf_leakage,compound_tunnel_degradation_02_vrf_leakage
2026-07-19T17:53:23+00:00,station1,0.0,3.619,36.221,0.0,12493.144955996799,145482.92603098406,0.09994515964797439,1.1638634082478725,vrf_leakage,compound_tunnel_degradation_02_vrf_leakage
2026-07-19T17:53:23+00:00,station2,0.0,2.695,30.148,25.0,143876.01818181816,13692.727272727272,1.1510081454545453,0.10954181818181817,vrf_leakage,compound_tunnel_degradation_02_vrf_leakage
2026-07-19T17:53:23+00:00,station3,0.0,4.027,23.14,0.0,233.78181818181818,1309.0181818181816,0.0018702545454545455,0.010472145454545452,vrf_leakage,compound_tunnel_degradation_02_vrf_leakage
2026-07-19T17:53:38+00:00,station1,0.0,3.61,35.529,25.0,8036.8727272727265,92489.10909090909,0.06429498181818182,0.7399128727272727,vrf_leakage,compound_tunnel_degradation_02_vrf_leakage
2026-07-19T17:53:38+00:00,station2,0.0,2.291,40.411,25.0,91255.03636363636,9126.563636363635,0.7300402909090908,0.07301250909090908,vrf_leakage,compound_tunnel_degradation_02_vrf_leakage
2026-07-19T17:53:38+00:00,station3,0.0,4.993,24.17,0.0,194.4181818181818,1091.509090909091,0.0015553454545454545,0.008732072727272727,vrf_leakage,compound_tunnel_degradation_02_vrf_leakage
2026-07-19T17:53:53+00:00,station1,0.0,6.635,37.122,0.0,9876.70909090909,112113.32727272726,0.07901367272727272,0.896906618181818,vrf_leakage,compound_tunnel_degradation_02_vrf_leakage
2026-07-19T17:53:53+00:00,station2,0.0,4.941,32.834,0.0,110593.43636363636,11177.654545454545,0.8847474909090909,0.08942123636363636,vrf_leakage,compound_tunnel_degradation_02_vrf_leakage
2026-07-19T17:53:53+00:00,station3,0.0,4.133,23.351,0.0,232.65454545454543,1310.2727272727273,0.0018612363636363635,0.010482181818181818,vrf_leakage,compound_tunnel_degradation_02_vrf_leakage
2026-07-19T17:54:08+00:00,station1,0.0,3.069,31.75,0.0,8191.10909090909,91024.81818181818,0.06552887272727272,0.7281985454545454,vrf_leakage,compound_tunnel_degradation_02_vrf_leakage
2026-07-19T17:54:08+00:00,station2,0.0,3.86,30.847,0.0,89812.96363636362,9273.90909090909,0.718503709090909,0.07419127272727272,vrf_leakage,compound_tunnel_degradation_02_vrf_leakage
2026-07-19T17:54:08+00:00,station3,0.0,4.321,23.759,0.0,189.4181818181818,1091.1090909090908,0.0015153454545454544,0.008728872727272727,vrf_leakage,compound_tunnel_degradation_02_vrf_leakage
2026-07-19T17:54:23+00:00,station1,0.0,3.259,37.463,0.0,10329.575825894075,116686.00570898711,0.0826366066071526,0.9334880456718969,vrf_leakage,compound_tunnel_degradation_02_vrf_leakage
2026-07-19T17:54:23+00:00,station2,0.0,3.377,34.239,0.0,115277.21818181819,11640.890909090907,0.9222177454545455,0.09312712727272726,vrf_leakage,compound_tunnel_degradation_02_vrf_leakage
2026-07-19T17:54:23+00:00,station3,0.0,4.082,24.618,0.0,231.38181818181818,1310.7454545454543,0.0018510545454545454,0.010485963636363635,vrf_leakage,compound_tunnel_degradation_02_vrf_leakage
2026-07-19T17:54:38+00:00,station1,0.0,8.684,31.848,0.0,9689.398760067632,112504.44521207936,0.07751519008054106,0.9000355616966349,vrf_leakage,compound_tunnel_degradation_02_vrf_leakage
2026-07-19T17:54:38+00:00,station2,0.0,1.818,34.13,0.0,111271.03636363636,10784.8,0.8901682909090909,0.08627839999999999,vrf_leakage,compound_tunnel_degradation_02_vrf_leakage
2026-07-19T17:54:38+00:00,station3,0.0,3.772,26.908,25.0,192.0181818181818,1093.709090909091,0.0015361454545454545,0.008749672727272728,vrf_leakage,compound_tunnel_degradation_02_vrf_leakage
2026-07-19T17:54:53+00:00,station1,0.0,3.739,37.366,40.0,9959.727272727272,111324.34545454544,0.07967781818181818,0.8905947636363636,vrf_leakage,compound_tunnel_degradation_02_vrf_leakage
2026-07-19T17:54:53+00:00,station2,0.0,3.877,49.086,25.0,109746.67272727271,11138.127272727272,0.8779733818181817,0.08910501818181818,vrf_leakage,compound_tunnel_degradation_02_vrf_leakage
2026-07-19T17:54:53+00:00,station3,0.0,4.553,26.872,0.0,231.4181818181818,1308.9818181818182,0.0018513454545454546,0.010471854545454545,vrf_leakage,compound_tunnel_degradation_02_vrf_leakage
2026-07-19T17:55:08+00:00,station1,0.0,4.981,37.082,0.0,7111.678818844664,78532.6108696838,0.05689343055075732,0.6282608869574704,vrf_leakage,compound_tunnel_degradation_02_vrf_leakage
2026-07-19T17:55:08+00:00,station2,0.0,7.677,38.091,0.0,77181.90909090909,8067.6909090909085,0.6174552727272727,0.06454152727272727,vrf_leakage,compound_tunnel_degradation_02_vrf_leakage
2026-07-19T17:55:08+00:00,station3,0.0,6.701,29.072,0.0,190.98181818181817,1087.8181818181818,0.0015278545454545454,0.008702545454545454,vrf_leakage,compound_tunnel_degradation_02_vrf_leakage
2026-07-19T17:55:23+00:00,station1,0.0,4.171,42.832,0.0,7759.290909090909,85163.8909090909,0.06207432727272727,0.6813111272727272,vrf_leakage,compound_tunnel_degradation_02_vrf_leakage
2026-07-19T17:55:23+00:00,station2,0.0,4.465,36.11,0.0,83587.8,8933.345454545453,0.6687024,0.07146676363636363,vrf_leakage,compound_tunnel_degradation_02_vrf_leakage
2026-07-19T17:55:23+00:00,station3,0.0,7.703,27.434,0.0,234.03636363636363,1310.2181818181816,0.001872290909090909,0.010481745454545452,vrf_leakage,compound_tunnel_degradation_02_vrf_leakage
2026-07-19T17:55:38+00:00,station1,0.0,2.447,39.214,0.0,6824.021381429428,74093.39830184905,0.05459217105143543,0.5927471864147924,vrf_leakage,compound_tunnel_degradation_02_vrf_leakage
2026-07-19T17:55:38+00:00,station2,0.0,2.847,41.023,0.0,72777.58181818182,7738.2363636363625,0.5822206545454546,0.0619058909090909,vrf_leakage,compound_tunnel_degradation_02_vrf_leakage
2026-07-19T17:55:38+00:00,station3,0.0,2.128,24.617,0.0,194.63636363636363,1091.7818181818182,0.001557090909090909,0.008734254545454545,vrf_leakage,compound_tunnel_degradation_02_vrf_leakage
2026-07-19T17:55:53+00:00,station1,0.0,2.431,48.418,0.0,8251.504518099671,93657.89712914311,0.06601203614479736,0.7492631770331448,vrf_leakage,compound_tunnel_degradation_02_vrf_leakage
2026-07-19T17:55:53+00:00,station2,0.0,3.703,39.233,0.0,92158.34545454544,9554.581818181818,0.7372667636363636,0.07643665454545454,vrf_leakage,compound_tunnel_degradation_02_vrf_leakage
2026-07-19T17:55:53+00:00,station3,0.0,5.137,33.983,0.0,233.56363636363633,1308.9818181818182,0.0018685090909090908,0.010471854545454545,vrf_leakage,compound_tunnel_degradation_02_vrf_leakage
2026-07-19T17:56:08+00:00,station1,0.0,3.604,38.588,0.0,5335.218284633707,58947.92443224176,0.04268174627706966,0.47158339545793404,vrf_leakage,compound_tunnel_degradation_02_vrf_leakage
2026-07-19T17:56:08+00:00,station2,0.0,0.985,46.436,0.0,57688.05454545454,6414.854545454545,0.46150443636363636,0.05131883636363636,vrf_leakage,compound_tunnel_degradation_02_vrf_leakage
2026-07-19T17:56:08+00:00,station3,0.0,6.273,30.79,0.0,190.5090909090909,1088.7818181818182,0.0015240727272727273,0.008710254545454545,vrf_leakage,compound_tunnel_degradation_02_vrf_leakage
2026-07-19T17:56:23+00:00,station1,0.0,5.753,40.932,0.0,7487.36271728853,82534.85708051495,0.05989890173830824,0.6602788566441196,vrf_leakage,compound_tunnel_degradation_02_vrf_leakage
2026-07-19T17:56:23+00:00,station2,0.0,7.787,39.514,25.0,81042.27272727272,8790.563636363635,0.6483381818181818,0.07032450909090908,vrf_leakage,compound_tunnel_degradation_02_vrf_leakage
2026-07-19T17:56:23+00:00,station3,0.0,6.1,27.352,0.0,232.03636363636363,1309.4727272727273,0.0018562909090909091,0.01047578181818182,vrf_leakage,compound_tunnel_degradation_02_vrf_leakage
2026-07-19T17:56:38+00:00,station1,0.0,8.676,41.203,50.0,6249.249959088677,68523.68310998782,0.04999399967270942,0.5481894648799025,vrf_leakage,compound_tunnel_degradation_02_vrf_leakage
2026-07-19T17:56:38+00:00,station2,0.0,1.966,48.754,0.0,67348.23636363636,7334.654545454545,0.5387858909090909,0.05867723636363636,vrf_leakage,compound_tunnel_degradation_02_vrf_leakage
2026-07-19T17:56:38+00:00,station3,0.0,4.275,29.28,0.0,194.67272727272726,1091.6727272727271,0.0015573818181818181,0.008733381818181818,vrf_leakage,compound_tunnel_degradation_02_vrf_leakage
2026-07-19T17:56:53+00:00,station1,0.0,4.884,43.406,57.14285714285714,8065.218181818182,90240.92727272726,0.06452174545454545,0.721927418181818,vrf_leakage,compound_tunnel_degradation_02_vrf_leakage
2026-07-19T17:56:53+00:00,station2,0.0,2.096,36.686,0.0,88862.45454545454,9377.345454545453,0.7108996363636364,0.07501876363636363,vrf_leakage,compound_tunnel_degradation_02_vrf_leakage
2026-07-19T17:56:53+00:00,station3,0.0,4.99,31.747,25.0,232.5090909090909,1310.3454545454545,0.0018600727272727272,0.010482763636363636,vrf_leakage,compound_tunnel_degradation_02_vrf_leakage
2026-07-19T17:57:08+00:00,station1,0.0,6.764,47.279,0.0,7255.6909090909085,83900.54545454544,0.05804552727272727,0.6712043636363635,vrf_leakage,compound_tunnel_degradation_02_vrf_leakage
2026-07-19T17:57:08+00:00,station2,0.0,7.237,44.759,0.0,82659.29090909091,8346.272727272726,0.6612743272727273,0.06677018181818181,vrf_leakage,compound_tunnel_degradation_02_vrf_leakage
2026-07-19T17:57:08+00:00,station3,0.0,6.398,32.823,25.0,214.69090909090906,1122.3636363636363,0.0017175272727272726,0.00897890909090909,vrf_leakage,compound_tunnel_degradation_02_vrf_leakage
2026-07-19T17:57:23+00:00,station1,0.0,4.279,41.099,0.0,7740.059271649606,85464.22792312867,0.06192047417319685,0.6837138233850293,vrf_leakage,compound_tunnel_degradation_02_vrf_leakage
2026-07-19T17:57:23+00:00,station2,0.0,6.641,37.824,0.0,83970.38181818182,9019.945454545454,0.6717630545454546,0.07215956363636362,vrf_leakage,compound_tunnel_degradation_02_vrf_leakage
2026-07-19T17:57:23+00:00,station3,0.0,1.334,38.645,0.0,245.6363636363636,1335.9272727272726,0.001965090909090909,0.010687418181818181,vrf_leakage,compound_tunnel_degradation_02_vrf_leakage
2026-07-19T17:57:38+00:00,station1,0.0,4.011,36.416,0.0,6142.727272727273,67631.10909090909,0.04914181818181818,0.5410488727272726,vrf_leakage,compound_tunnel_degradation_02_vrf_leakage
2026-07-19T17:57:38+00:00,station2,0.0,3.947,39.478,0.0,66372.67272727271,7207.2363636363625,0.5309813818181817,0.0576578909090909,vrf_leakage,compound_tunnel_degradation_02_vrf_leakage
2026-07-19T17:57:38+00:00,station3,0.0,4.863,29.586,25.0,207.36363636363635,1121.1272727272726,0.0016589090909090907,0.00896901818181818,vrf_leakage,compound_tunnel_degradation_02_vrf_leakage
2026-07-19T17:57:53+00:00,station1,0.0,3.56,39.136,0.0,7460.718896020072,82264.63155215359,0.05968575116816058,0.6581170524172287,vrf_leakage,compound_tunnel_degradation_02_vrf_leakage
2026-07-19T17:57:53+00:00,station2,0.0,4.299,32.481,0.0,80741.76363636363,8740.745454545453,0.645934109090909,0.06992596363636362,vrf_leakage,compound_tunnel_degradation_02_vrf_leakage
2026-07-19T17:57:53+00:00,station3,0.0,5.966,34.122,0.0,248.25454545454542,1337.290909090909,0.0019860363636363633,0.010698327272727272,vrf_leakage,compound_tunnel_degradation_02_vrf_leakage
2026-07-19T17:58:08+00:00,station1,0.0,1.929,43.277,40.0,6894.50333654563,76762.18702838337,0.055156026692365044,0.614097496227067,vrf_leakage,compound_tunnel_degradation_02_vrf_leakage
2026-07-19T17:58:08+00:00,station2,0.0,3.958,37.078,0.0,75480.70909090908,7896.927272727273,0.6038456727272726,0.06317541818181818,vrf_leakage,compound_tunnel_degradation_02_vrf_leakage
2026-07-19T17:58:08+00:00,station3,0.0,5.111,29.715,0.0,195.23636363636362,1094.090909090909,0.001561890909090909,0.008752727272727271,vrf_leakage,compound_tunnel_degradation_02_vrf_leakage
2026-07-19T17:58:23+00:00,station1,0.0,4.182,46.74,0.0,7552.381818181818,85691.2,0.06041905454545454,0.6855296,vrf_leakage,compound_tunnel_degradation_02_vrf_leakage
2026-07-19T17:58:23+00:00,station2,0.0,5.569,37.776,0.0,84245.94545454545,8913.127272727272,0.6739675636363636,0.07130501818181817,vrf_leakage,compound_tunnel_degradation_02_vrf_leakage
2026-07-19T17:58:23+00:00,station3,0.0,2.805,27.192,0.0,232.83636363636364,1309.6363636363635,0.001862690909090909,0.010477090909090908,vrf_leakage,compound_tunnel_degradation_02_vrf_leakage
2026-07-19T17:58:38+00:00,station1,0.0,4.63,41.349,25.0,5707.163636363636,61997.32727272727,0.04565730909090909,0.49597861818181815,vrf_leakage,compound_tunnel_degradation_02_vrf_leakage
2026-07-19T17:58:38+00:00,station2,0.0,2.023,38.657,0.0,60720.85454545454,6792.10909090909,0.4857668363636363,0.05433687272727272,vrf_leakage,compound_tunnel_degradation_02_vrf_leakage
2026-07-19T17:58:38+00:00,station3,0.0,4.715,33.394,0.0,195.1090909090909,1091.8363636363636,0.001560872727272727,0.008734690909090908,vrf_leakage,compound_tunnel_degradation_02_vrf_leakage
2026-07-19T17:58:53+00:00,station1,0.0,9.623,43.747,0.0,7065.036363636363,78159.70909090908,0.0565202909090909,0.6252776727272726,vrf_leakage,compound_tunnel_degradation_02_vrf_leakage
2026-07-19T17:58:53+00:00,station2,0.0,2.837,39.038,25.0,76674.01818181817,8367.581818181818,0.6133921454545453,0.06694065454545454,vrf_leakage,compound_tunnel_degradation_02_vrf_leakage
2026-07-19T17:58:53+00:00,station3,0.0,6.773,30.328,0.0,234.47272727272727,1308.4,0.001875781818181818,0.010467200000000001,vrf_leakage,compound_tunnel_degradation_02_vrf_leakage
2026-07-19T17:59:08+00:00,station1,0.0,2.646,33.854,50.0,5693.234914459212,63105.19426213116,0.04554587931567369,0.5048415540970493,vrf_leakage,compound_tunnel_degradation_02_vrf_leakage
2026-07-19T17:59:08+00:00,station2,0.0,3.138,46.31,0.0,61934.59999999999,6781.545454545454,0.49547679999999994,0.05425236363636363,vrf_leakage,compound_tunnel_degradation_02_vrf_leakage
2026-07-19T17:59:08+00:00,station3,0.0,5.498,29.343,25.0,196.76363636363632,1090.5454545454545,0.0015741090909090906,0.008724363636363636,vrf_leakage,compound_tunnel_degradation_02_vrf_leakage
2026-07-19T17:59:23+00:00,station1,0.0,0.161,0.932,0.0,21389.03636363636,361972.5818181818,0.1711122909090909,2.8957806545454545,vrf_leakage,compound_tunnel_degradation_02_vrf_leakage
2026-07-19T17:59:23+00:00,station2,0.0,0.216,1.157,0.0,360514.70909090905,22726.654545454545,2.8841176727272724,0.18181323636363636,vrf_leakage,compound_tunnel_degradation_02_vrf_leakage
2026-07-19T17:59:23+00:00,station3,0.0,0.208,0.895,0.0,232.94545454545454,1307.2727272727273,0.0018635636363636362,0.010458181818181818,vrf_leakage,compound_tunnel_degradation_02_vrf_leakage
2026-07-19T17:59:38+00:00,station1,0.0,,,,86863.42196666666,1765302.2254083334,0.6949073757333333,14.122417803266666,vrf_leakage,compound_tunnel_degradation_02_vrf_leakage
2026-07-19T17:59:38+00:00,station2,0.0,0.034,0.313,0.0,1739269.4727272727,86807.03636363636,13.914155781818181,0.6944562909090909,vrf_leakage,compound_tunnel_degradation_02_vrf_leakage
2026-07-19T17:59:38+00:00,station3,0.0,0.01,0.253,0.0,193.58181818181816,1089.6363636363635,0.0015486545454545452,0.008717090909090909,vrf_leakage,compound_tunnel_degradation_02_vrf_leakage
2026-07-19T17:59:53+00:00,station1,0.0,0.119,0.794,0.0,235025.14545454545,4713101.0,1.8802011636363636,37.704808,vrf_leakage,compound_tunnel_degradation_02_vrf_leakage
2026-07-19T17:59:53+00:00,station2,0.0,0.15,0.837,0.0,4711945.4,236373.9818181818,37.6955632,1.8909918545454545,vrf_leakage,compound_tunnel_degradation_02_vrf_leakage
2026-07-19T17:59:53+00:00,station3,0.0,0.451,1.684,0.0,232.94545454545454,1307.9454545454544,0.0018635636363636362,0.010463563636363636,vrf_leakage,compound_tunnel_degradation_02_vrf_leakage
2026-07-19T18:00:08+00:00,station1,0.0,0.113,0.884,0.0,344113.44255141186,6912478.589741259,2.752907540411295,55.29982871793007,vrf_leakage,compound_tunnel_degradation_02_vrf_leakage
2026-07-19T18:00:08+00:00,station2,0.0,0.29,0.893,0.0,6910850.527272727,345212.0181818182,55.28680421818182,2.7616961454545454,vrf_leakage,compound_tunnel_degradation_02_vrf_leakage
2026-07-19T18:00:08+00:00,station3,0.0,0.261,2.111,0.0,195.2,1090.7818181818182,0.0015616,0.008726254545454545,vrf_leakage,compound_tunnel_degradation_02_vrf_leakage
2026-07-19T18:00:23+00:00,station1,0.0,0.043,0.78,0.0,553448.6,11093459.236363636,4.4275888,88.74767389090908,vrf_leakage,compound_tunnel_degradation_02_vrf_leakage
2026-07-19T18:00:23+00:00,station2,0.0,0.092,0.799,0.0,11091838.49090909,554710.2181818181,88.73470792727272,4.437681745454545,vrf_leakage,compound_tunnel_degradation_02_vrf_leakage
2026-07-19T18:00:23+00:00,station3,0.0,0.425,1.816,0.0,232.9090909090909,1305.3272727272727,0.0018632727272727273,0.010442618181818181,vrf_leakage,compound_tunnel_degradation_02_vrf_leakage
2026-07-19T18:00:38+00:00,station1,0.0,0.194,1.163,0.0,560336.4424807724,11170808.86925217,4.482691539846179,89.36647095401736,vrf_leakage,compound_tunnel_degradation_02_vrf_leakage
2026-07-19T18:00:38+00:00,station2,0.0,0.169,0.817,0.0,11169777.181818182,561410.3454545455,89.35821745454545,4.491282763636364,vrf_leakage,compound_tunnel_degradation_02_vrf_leakage
2026-07-19T18:00:38+00:00,station3,0.0,0.324,2.034,0.0,193.47272727272727,1085.8,0.0015477818181818181,0.0086864,vrf_leakage,compound_tunnel_degradation_02_vrf_leakage
2026-07-19T18:00:53+00:00,station1,0.0,0.02,0.2,0.0,523002.309090909,10425189.254545454,4.1840184727272725,83.40151403636364,vrf_leakage,compound_tunnel_degradation_02_vrf_leakage
2026-07-19T18:00:53+00:00,station2,0.0,0.022,0.254,0.0,10423351.4,524296.9999999999,83.3868112,4.194375999999999,vrf_leakage,compound_tunnel_degradation_02_vrf_leakage
2026-07-19T18:00:53+00:00,station3,0.0,0.04,0.25,0.0,234.47272727272727,1305.290909090909,0.001875781818181818,0.010442327272727273,vrf_leakage,compound_tunnel_degradation_02_vrf_leakage
2026-07-19T18:01:08+00:00,station1,0.0,0.065,0.9,0.0,333295.1797370765,6646152.299216321,2.666361437896612,53.16921839373057,vrf_leakage,compound_tunnel_degradation_02_vrf_leakage
2026-07-19T18:01:08+00:00,station2,0.0,0.31,1.045,0.0,6644630.418181818,334366.6,53.15704334545455,2.6749327999999997,vrf_leakage,compound_tunnel_degradation_02_vrf_leakage
2026-07-19T18:01:08+00:00,station3,0.0,0.231,0.874,0.0,196.76363636363632,1089.4181818181817,0.0015741090909090906,0.008715345454545453,vrf_leakage,compound_tunnel_degradation_02_vrf_leakage
2026-07-19T18:01:23+00:00,station1,0.0,0.525,1.073,0.0,436059.21818181814,8881873.272727272,3.488473745454545,71.05498618181817,vrf_leakage,compound_tunnel_degradation_02_vrf_leakage
2026-07-19T18:01:23+00:00,station2,0.0,0.162,0.87,0.0,8880403.254545454,437356.94545454544,71.04322603636363,3.4988555636363636,vrf_leakage,compound_tunnel_degradation_02_vrf_leakage
2026-07-19T18:01:23+00:00,station3,0.0,0.542,1.041,0.0,236.03636363636363,1303.8181818181815,0.001888290909090909,0.010430545454545453,vrf_leakage,compound_tunnel_degradation_02_vrf_leakage
2026-07-19T18:01:38+00:00,station1,0.0,0.047,0.73,0.0,356573.16363636364,7392863.036363635,2.8525853090909092,59.14290429090908,vrf_leakage,compound_tunnel_degradation_02_vrf_leakage
2026-07-19T18:01:38+00:00,station2,0.0,0.097,0.78,0.0,7391631.509090909,357664.10909090907,59.13305207272727,2.8613128727272725,vrf_leakage,compound_tunnel_degradation_02_vrf_leakage
2026-07-19T18:01:38+00:00,station3,0.0,0.067,0.626,0.0,194.56363636363633,1085.1636363636362,0.0015565090909090908,0.00868130909090909,vrf_leakage,compound_tunnel_degradation_02_vrf_leakage
2026-07-19T18:01:53+00:00,station1,0.0,0.235,0.825,0.0,569721.5868802385,11861714.987000236,4.5577726950419075,94.89371989600188,vrf_leakage,compound_tunnel_degradation_02_vrf_leakage
2026-07-19T18:01:53+00:00,station2,0.0,0.019,0.727,0.0,11860514.054545455,571051.9818181818,94.88411243636364,4.568415854545455,vrf_leakage,compound_tunnel_degradation_02_vrf_leakage
2026-07-19T18:01:53+00:00,station3,0.0,0.038,0.636,0.0,235.56363636363633,1304.7272727272725,0.0018845090909090907,0.01043781818181818,vrf_leakage,compound_tunnel_degradation_02_vrf_leakage
2026-07-19T18:02:08+00:00,station1,0.0,0.042,0.21,0.0,501926.3778024256,10489331.49080859,4.015411022419404,83.91465192646872,vrf_leakage,compound_tunnel_degradation_02_vrf_leakage
2026-07-19T18:02:08+00:00,station2,0.0,0.024,0.281,0.0,10487401.181818182,502977.5272727272,83.89920945454546,4.023820218181818,vrf_leakage,compound_tunnel_degradation_02_vrf_leakage
2026-07-19T18:02:08+00:00,station3,0.0,0.065,0.253,0.0,197.85454545454544,1088.7272727272727,0.0015828363636363637,0.008709818181818181,vrf_leakage,compound_tunnel_degradation_02_vrf_leakage
2026-07-19T18:02:23+00:00,station1,0.0,1.333,1.638,0.0,538943.0727272726,11108848.272727272,4.311544581818181,88.87078618181818,vrf_leakage,compound_tunnel_degradation_02_vrf_leakage
2026-07-19T18:02:23+00:00,station2,0.0,1.393,1.788,0.0,11107534.745454544,540250.4909090908,88.86027796363635,4.322003927272727,vrf_leakage,compound_tunnel_degradation_02_vrf_leakage
2026-07-19T18:02:23+00:00,station3,0.0,0.414,1.007,0.0,233.99999999999997,1306.709090909091,0.0018719999999999997,0.010453672727272727,vrf_leakage,compound_tunnel_degradation_02_vrf_leakage
2026-07-19T18:02:38+00:00,station1,0.0,0.136,1.039,0.0,437317.3818181818,8873795.236363636,3.498539054545454,70.99036189090909,vrf_leakage,compound_tunnel_degradation_02_vrf_leakage
2026-07-19T18:02:38+00:00,station2,0.0,0.009,0.711,0.0,8872463.836363636,438401.3272727272,70.97971069090909,3.507210618181818,vrf_leakage,compound_tunnel_degradation_02_vrf_leakage
2026-07-19T18:02:38+00:00,station3,0.0,0.117,0.897,0.0,194.56363636363633,1087.3454545454545,0.0015565090909090908,0.008698763636363635,vrf_leakage,compound_tunnel_degradation_02_vrf_leakage
2026-07-19T18:02:53+00:00,station1,0.0,1.195,1.539,0.0,554305.285358448,11106611.479791276,4.434442282867584,88.85289183833021,vrf_leakage,compound_tunnel_degradation_02_vrf_leakage
2026-07-19T18:02:53+00:00,station2,0.0,1.382,1.925,0.0,11105516.054545455,555791.0545454544,88.84412843636363,4.446328436363635,vrf_leakage,compound_tunnel_degradation_02_vrf_leakage
2026-07-19T18:02:53+00:00,station3,0.0,0.479,0.985,0.0,233.99999999999997,1307.9272727272726,0.0018719999999999997,0.01046341818181818,vrf_leakage,compound_tunnel_degradation_02_vrf_leakage
2026-07-19T18:03:08+00:00,station1,0.0,0.777,1.414,0.0,543912.998418153,11171226.004109167,4.351303987345224,89.36980803287334,vrf_leakage,compound_tunnel_degradation_02_vrf_leakage
2026-07-19T18:03:08+00:00,station2,0.0,1.073,1.56,0.0,11169755.709090909,544975.6545454545,89.35804567272727,4.359805236363636,vrf_leakage,compound_tunnel_degradation_02_vrf_leakage
2026-07-19T18:03:08+00:00,station3,0.0,0.234,0.798,0.0,197.85454545454544,1091.581818181818,0.0015828363636363637,0.008732654545454546,vrf_leakage,compound_tunnel_degradation_02_vrf_leakage
2026-07-19T18:03:23+00:00,station1,0.0,0.32,1.994,0.0,524780.1454545454,11507022.49090909,4.1982411636363635,92.05617992727272,vrf_leakage,compound_tunnel_degradation_02_vrf_leakage
2026-07-19T18:03:23+00:00,station2,0.0,0.092,2.25,0.0,11505144.345454544,525960.9272727272,92.04115476363636,4.207687418181818,vrf_leakage,compound_tunnel_degradation_02_vrf_leakage
2026-07-19T18:03:23+00:00,station3,0.0,0.012,0.269,0.0,231.85454545454544,1311.290909090909,0.0018548363636363635,0.010490327272727272,vrf_leakage,compound_tunnel_degradation_02_vrf_leakage
2026-07-19T18:03:38+00:00,station1,0.0,0.637,2.513,0.0,412723.15860288375,9275219.658539247,3.3017852688230698,74.20175726831397,vrf_leakage,compound_tunnel_degradation_02_vrf_leakage
2026-07-19T18:03:38+00:00,station2,0.0,1.159,2.437,0.0,9272799.654545454,413680.34545454546,74.18239723636364,3.3094427636363637,vrf_leakage,compound_tunnel_degradation_02_vrf_leakage
2026-07-19T18:03:38+00:00,station3,0.0,2503.64,4844.923,0.0,198.56363636363633,1094.2,0.0015885090909090907,0.0087536,vrf_leakage,compound_tunnel_degradation_02_vrf_leakage
2026-07-19T18:03:53+00:00,station1,0.0,0.47,1.995,0.0,525304.7272727272,11507613.0,4.202437818181817,92.060904,vrf_leakage,compound_tunnel_degradation_02_vrf_leakage
2026-07-19T18:03:53+00:00,station2,0.0,1.447,3.035,0.0,11505537.254545454,526303.2181818181,92.04429803636363,4.210425745454545,vrf_leakage,compound_tunnel_degradation_02_vrf_leakage
2026-07-19T18:03:53+00:00,station3,0.0,833.466,1119.633,0.0,243.67272727272726,1337.2545454545455,0.0019493818181818181,0.010698036363636363,vrf_leakage,compound_tunnel_degradation_02_vrf_leakage
2026-07-19T18:04:08+00:00,station1,0.0,0.519,2.117,0.0,477098.27808789565,9722747.858974125,3.8167862247031654,77.781982871793,vrf_leakage,compound_tunnel_degradation_02_vrf_leakage
2026-07-19T18:04:08+00:00,station2,0.0,0.159,1.807,0.0,9721392.763636362,478156.5636363636,77.77114210909089,3.825252509090909,vrf_leakage,compound_tunnel_degradation_02_vrf_leakage
2026-07-19T18:04:08+00:00,station3,0.0,2045.079,4081.146,0.0,205.49090909090907,1121.490909090909,0.0016439272727272725,0.008971927272727272,vrf_leakage,compound_tunnel_degradation_02_vrf_leakage
2026-07-19T18:04:23+00:00,station1,0.0,0.043,0.231,0.0,645411.9818181818,12862674.527272727,5.163295854545455,102.90139621818182,vrf_leakage,compound_tunnel_degradation_02_vrf_leakage
2026-07-19T18:04:23+00:00,station2,0.0,0.022,0.183,0.0,12861268.236363636,646719.0363636364,102.8901458909091,5.173752290909091,vrf_leakage,compound_tunnel_degradation_02_vrf_leakage
2026-07-19T18:04:23+00:00,station3,0.0,0.013,0.262,0.0,247.38181818181818,1333.9818181818182,0.0019790545454545453,0.010671854545454546,vrf_leakage,compound_tunnel_degradation_02_vrf_leakage
2026-07-19T18:04:38+00:00,station1,0.0,0.039,0.214,0.0,421188.4727272727,8394978.054545455,3.369507781818182,67.15982443636364,vrf_leakage,compound_tunnel_degradation_02_vrf_leakage
2026-07-19T18:04:38+00:00,station2,0.0,0.02,0.221,0.0,8393470.6,422259.7636363636,67.14776479999999,3.378078109090909,vrf_leakage,compound_tunnel_degradation_02_vrf_leakage
2026-07-19T18:04:38+00:00,station3,0.0,0.038,0.322,0.0,207.36363636363635,1109.2727272727273,0.0016589090909090907,0.008874181818181818,vrf_leakage,compound_tunnel_degradation_02_vrf_leakage
2026-07-19T18:04:53+00:00,station1,0.0,0.225,2.054,0.0,446540.2727272727,8880675.2,3.5723221818181816,71.04540159999999,vrf_leakage,compound_tunnel_degradation_02_vrf_leakage
2026-07-19T18:04:53+00:00,station2,0.0,0.267,1.777,0.0,8879397.363636363,447845.41818181815,71.0351789090909,3.5827633454545453,vrf_leakage,compound_tunnel_degradation_02_vrf_leakage
2026-07-19T18:04:53+00:00,station3,0.0,0.036,0.303,100.0,220.79999999999998,1312.1636363636362,0.0017663999999999998,0.010497309090909089,vrf_leakage,compound_tunnel_degradation_02_vrf_leakage
2026-07-19T18:05:08+00:00,station1,0.0,1.034,2.451,0.0,334502.59105042095,6649146.808007709,2.6760207284033677,53.19317446406167,vrf_leakage,compound_tunnel_degradation_02_vrf_leakage
2026-07-19T18:05:08+00:00,station2,0.0,0.902,2.731,0.0,6647566.2,335569.8909090909,53.1805296,2.684559127272727,vrf_leakage,compound_tunnel_degradation_02_vrf_leakage
2026-07-19T18:05:08+00:00,station3,0.0,1444.053,2960.245,0.0,223.65454545454543,1127.090909090909,0.0017892363636363635,0.009016727272727272,vrf_leakage,compound_tunnel_degradation_02_vrf_leakage
2026-07-19T18:05:23+00:00,station1,0.0,0.498,2.055,0.0,473667.50909090904,9423392.854545454,3.7893400727272724,75.38714283636362,vrf_leakage,compound_tunnel_degradation_02_vrf_leakage
2026-07-19T18:05:23+00:00,station2,0.0,0.212,1.559,0.0,9423115.963636363,474997.0727272727,75.3849277090909,3.7999765818181817,vrf_leakage,compound_tunnel_degradation_02_vrf_leakage
2026-07-19T18:05:23+00:00,station3,0.0,830.052,1343.681,0.0,259.3636363636363,1350.7272727272725,0.0020749090909090904,0.01080581818181818,vrf_leakage,compound_tunnel_degradation_02_vrf_leakage
2026-07-19T18:05:38+00:00,station1,0.0,0.401,1.743,0.0,560423.0258731977,11172707.485590646,4.483384206985582,89.38165988472517,vrf_leakage,compound_tunnel_degradation_02_vrf_leakage
2026-07-19T18:05:38+00:00,station2,0.0,0.359,1.808,0.0,11171245.67272727,561468.309090909,89.36996538181816,4.491746472727272,vrf_leakage,compound_tunnel_degradation_02_vrf_leakage
2026-07-19T18:05:38+00:00,station3,0.0,830.052,1343.681,100.0,231.16363636363633,1130.1818181818182,0.0018493090909090905,0.009041454545454545,vrf_leakage,compound_tunnel_degradation_02_vrf_leakage
2026-07-19T18:05:53+00:00,station1,0.0,0.06,0.223,0.0,536380.6658060763,10696234.141197434,4.29104532644861,85.56987312957946,vrf_leakage,compound_tunnel_degradation_02_vrf_leakage
2026-07-19T18:05:53+00:00,station2,0.0,0.063,0.264,0.0,10694784.69090909,537659.7090909091,85.55827752727272,4.301277672727273,vrf_leakage,compound_tunnel_degradation_02_vrf_leakage
2026-07-19T18:05:53+00:00,station3,0.0,0.028,0.283,0.0,277.76363636363635,1342.890909090909,0.002222109090909091,0.010743127272727271,vrf_leakage,compound_tunnel_degradation_02_vrf_leakage
2026-07-19T18:06:08+00:00,station1,0.0,0.248,1.505,0.0,334289.52488317544,6646882.920886594,2.6743161990654034,53.175063367092754,vrf_leakage,compound_tunnel_degradation_02_vrf_leakage
2026-07-19T18:06:08+00:00,station2,0.0,0.209,2.054,0.0,6644966.018181818,335356.5636363636,53.159728145454544,2.682852509090909,vrf_leakage,compound_tunnel_degradation_02_vrf_leakage
2026-07-19T18:06:08+00:00,station3,0.0,1095.295,2665.617,0.0,193.27272727272728,1097.0363636363634,0.0015461818181818183,0.008776290909090908,vrf_leakage,compound_tunnel_degradation_02_vrf_leakage
2026-07-19T18:06:23+00:00,station1,0.0,0.524,1.991,0.0,446232.1272727272,8879697.781818181,3.5698570181818177,71.03758225454546,vrf_leakage,compound_tunnel_degradation_02_vrf_leakage
2026-07-19T18:06:23+00:00,station2,0.0,0.517,2.087,0.0,8877563.836363636,447501.19999999995,71.02051069090909,3.5800095999999995,vrf_leakage,compound_tunnel_degradation_02_vrf_leakage
2026-07-19T18:06:23+00:00,station3,0.0,1095.295,2665.617,100.0,227.99999999999997,1311.4727272727273,0.0018239999999999997,0.010491781818181818,vrf_leakage,compound_tunnel_degradation_02_vrf_leakage
2026-07-19T18:06:38+00:00,station1,0.0,0.847,2.516,0.0,358286.98181818175,7121118.781818181,2.866295854545454,56.96895025454545,vrf_leakage,compound_tunnel_degradation_02_vrf_leakage
2026-07-19T18:06:38+00:00,station2,0.0,1.183,2.943,0.0,7119801.109090908,359358.23636363633,56.95840887272727,2.8748658909090907,vrf_leakage,compound_tunnel_degradation_02_vrf_leakage
2026-07-19T18:06:38+00:00,station3,0.0,439.256,619.016,0.0,220.59999999999997,1122.3636363636363,0.0017647999999999997,0.00897890909090909,vrf_leakage,compound_tunnel_degradation_02_vrf_leakage
2026-07-19T18:06:53+00:00,station1,0.0,0.209,1.8,0.0,582237.2320503263,11589280.049453646,4.65789785640261,92.71424039562916,vrf_leakage,compound_tunnel_degradation_02_vrf_leakage
2026-07-19T18:06:53+00:00,station2,0.0,0.249,1.877,0.0,11588020.49090909,583540.6909090909,92.70416392727272,4.668325527272727,vrf_leakage,compound_tunnel_degradation_02_vrf_leakage
2026-07-19T18:06:53+00:00,station3,0.0,0.0,547.885,90.0,252.36363636363635,1349.3636363636363,0.0020189090909090907,0.01079490909090909,vrf_leakage,compound_tunnel_degradation_02_vrf_leakage
2026-07-19T18:07:08+00:00,station1,0.0,0.038,0.233,0.0,539689.3272727273,10760812.727272727,4.317514618181818,86.08650181818182,vrf_leakage,compound_tunnel_degradation_02_vrf_leakage
2026-07-19T18:07:08+00:00,station2,0.0,0.044,0.208,0.0,10759607.218181817,540738.8545454545,86.07685774545453,4.325910836363636,vrf_leakage,compound_tunnel_degradation_02_vrf_leakage
2026-07-19T18:07:08+00:00,station3,0.0,0.023,0.258,0.0,254.59999999999997,1149.3090909090909,0.0020367999999999996,0.009194472727272727,vrf_leakage,compound_tunnel_degradation_02_vrf_leakage
2026-07-19T18:07:23+00:00,station1,0.0,0.105,0.84,0.0,446481.18181818177,8882448.781818181,3.571849454545454,71.05959025454545,vrf_leakage,compound_tunnel_degradation_02_vrf_leakage
2026-07-19T18:07:23+00:00,station2,0.0,0.167,1.004,0.0,8880323.799999999,447718.14545454545,71.0425904,3.5817451636363637,vrf_leakage,compound_tunnel_degradation_02_vrf_leakage
2026-07-19T18:07:23+00:00,station3,0.0,0.207,0.895,0.0,304.8181818181818,1367.2727272727273,0.0024385454545454545,0.010938181818181817,vrf_leakage,compound_tunnel_degradation_02_vrf_leakage
2026-07-19T18:07:38+00:00,station1,0.0,0.055,0.768,0.0,334124.67272727273,6648100.709090908,2.672997381818182,53.184805672727265,vrf_leakage,compound_tunnel_degradation_02_vrf_leakage
2026-07-19T18:07:38+00:00,station2,0.0,0.129,0.87,0.0,6647157.763636364,335193.0545454545,53.17726210909091,2.681544436363636,vrf_leakage,compound_tunnel_degradation_02_vrf_leakage
2026-07-19T18:07:38+00:00,station3,0.0,0.218,0.811,0.0,226.76363636363632,1118.2545454545455,0.0018141090909090905,0.008946036363636363,vrf_leakage,compound_tunnel_degradation_02_vrf_leakage
2026-07-19T18:07:53+00:00,station1,0.0,0.852,9.477,0.0,435362.8363636363,8639874.254545454,3.4829026909090905,69.11899403636363,vrf_leakage,compound_tunnel_degradation_03_vrf_leakage
2026-07-19T18:07:53+00:00,station2,0.0,1.27,8.126,0.0,8638439.072727272,436720.309090909,69.10751258181818,3.4937624727272723,vrf_leakage,compound_tunnel_degradation_03_vrf_leakage
2026-07-19T18:07:53+00:00,station3,0.0,1.106,7.76,0.0,275.6545454545454,1329.8181818181815,0.0022052363636363634,0.010638545454545453,vrf_leakage,compound_tunnel_degradation_03_vrf_leakage
2026-07-19T18:08:08+00:00,station1,0.0,0.95,7.942,0.0,359957.32494499703,6996393.003254723,2.8796585995599764,55.971144026037784,vrf_leakage,compound_tunnel_degradation_03_vrf_leakage
2026-07-19T18:08:08+00:00,station2,0.0,0.436,6.678,0.0,6994865.872727272,361108.8909090909,55.95892698181817,2.888871127272727,vrf_leakage,compound_tunnel_degradation_03_vrf_leakage
2026-07-19T18:08:08+00:00,station3,0.0,0.911,7.792,25.0,199.23636363636362,1166.8363636363636,0.001593890909090909,0.009334690909090908,vrf_leakage,compound_tunnel_degradation_03_vrf_leakage
2026-07-19T18:08:23+00:00,station1,0.0,1.372,8.467,0.0,370663.10909090907,6972126.527272727,2.9653048727272724,55.77701221818182,vrf_leakage,compound_tunnel_degradation_03_vrf_leakage
2026-07-19T18:08:23+00:00,station2,0.0,1.233,8.563,0.0,6970578.345454545,372096.16363636364,55.76462676363636,2.976769309090909,vrf_leakage,compound_tunnel_degradation_03_vrf_leakage
2026-07-19T18:08:23+00:00,station3,0.0,1.142,7.367,0.0,235.1272727272727,1384.4363636363635,0.0018810181818181815,0.011075490909090907,vrf_leakage,compound_tunnel_degradation_03_vrf_leakage
2026-07-19T18:08:38+00:00,station1,0.0,1.947,8.437,0.0,150362.03636363635,2542341.6545454543,1.2028962909090908,20.338733236363634,vrf_leakage,compound_tunnel_degradation_03_vrf_leakage
2026-07-19T18:08:38+00:00,station2,0.0,0.952,8.862,0.0,2541276.8181818184,151551.83636363636,20.330214545454545,1.212414690909091,vrf_leakage,compound_tunnel_degradation_03_vrf_leakage
2026-07-19T18:08:38+00:00,station3,0.0,0.422,5.565,0.0,198.4181818181818,1167.6727272727271,0.0015873454545454544,0.009341381818181817,vrf_leakage,compound_tunnel_degradation_03_vrf_leakage
2026-07-19T18:08:53+00:00,station1,0.0,0.698,8.861,0.0,81280.74545454544,924318.5999999999,0.6502459636363636,7.394548799999999,vrf_leakage,compound_tunnel_degradation_03_vrf_leakage
2026-07-19T18:08:53+00:00,station2,0.0,1.24,8.68,0.0,922777.1454545454,82606.25454545455,7.382217163636363,0.6608500363636364,vrf_leakage,compound_tunnel_degradation_03_vrf_leakage
2026-07-19T18:08:53+00:00,station3,0.0,0.77,7.53,0.0,234.65454545454543,1387.290909090909,0.0018772363636363634,0.011098327272727273,vrf_leakage,compound_tunnel_degradation_03_vrf_leakage
2026-07-19T18:09:08+00:00,station1,0.0,0.993,7.746,0.0,64462.23636363636,740579.1818181818,0.5156978909090909,5.924633454545454,vrf_leakage,compound_tunnel_degradation_03_vrf_leakage
2026-07-19T18:09:08+00:00,station2,0.0,1.186,7.62,0.0,739372.6363636364,65571.63636363637,5.914981090909091,0.524573090909091,vrf_leakage,compound_tunnel_degradation_03_vrf_leakage
2026-07-19T18:09:08+00:00,station3,0.0,0.937,7.791,0.0,199.49090909090907,1092.6545454545453,0.0015959272727272726,0.008741236363636362,vrf_leakage,compound_tunnel_degradation_03_vrf_leakage
2026-07-19T18:09:23+00:00,station1,0.0,1.396,10.958,0.0,82454.27272727272,958899.9454545454,0.6596341818181818,7.671199563636364,vrf_leakage,compound_tunnel_degradation_03_vrf_leakage
2026-07-19T18:09:23+00:00,station2,0.0,1.02,10.526,25.0,957588.9999999999,83968.12727272726,7.660711999999999,0.6717450181818181,vrf_leakage,compound_tunnel_degradation_03_vrf_leakage
2026-07-19T18:09:23+00:00,station3,0.0,0.578,8.026,0.0,242.18181818181816,1312.8363636363636,0.0019374545454545454,0.010502690909090909,vrf_leakage,compound_tunnel_degradation_03_vrf_leakage
2026-07-19T18:09:38+00:00,station1,0.0,1.443,9.747,0.0,74605.0909090909,875448.4545454545,0.5968407272727272,7.003587636363636,vrf_leakage,compound_tunnel_degradation_03_vrf_leakage
2026-07-19T18:09:38+00:00,station2,0.0,0.264,10.703,0.0,874357.7999999999,75925.70909090908,6.9948624,0.6074056727272726,vrf_leakage,compound_tunnel_degradation_03_vrf_leakage
2026-07-19T18:09:38+00:00,station3,0.0,0.135,7.48,0.0,201.7272727272727,1092.7454545454543,0.0016138181818181815,0.008741963636363634,vrf_leakage,compound_tunnel_degradation_03_vrf_leakage
2026-07-19T18:09:53+00:00,station1,0.0,0.996,10.202,0.0,75370.38181818182,884401.4545454545,0.6029630545454545,7.075211636363636,vrf_leakage,compound_tunnel_degradation_03_vrf_leakage
2026-07-19T18:09:53+00:00,station2,0.0,0.72,9.118,25.0,883051.3272727273,76903.36363636362,7.064410618181818,0.6152269090909089,vrf_leakage,compound_tunnel_degradation_03_vrf_leakage
2026-07-19T18:09:53+00:00,station3,0.0,1.051,6.888,0.0,241.09090909090907,1310.8,0.0019287272727272725,0.0104864,vrf_leakage,compound_tunnel_degradation_03_vrf_leakage
2026-07-19T18:10:08+00:00,station1,0.0,0.411,11.885,0.0,60234.50370020183,711312.7988799389,0.48187602960161463,5.690502391039511,vrf_leakage,compound_tunnel_degradation_03_vrf_leakage
2026-07-19T18:10:08+00:00,station2,0.0,1.252,11.497,0.0,710010.1818181818,61363.70909090909,5.680081454545454,0.4909096727272727,vrf_leakage,compound_tunnel_degradation_03_vrf_leakage
2026-07-19T18:10:08+00:00,station3,0.0,0.922,7.345,0.0,199.6,1092.9454545454544,0.0015968,0.008743563636363635,vrf_leakage,compound_tunnel_degradation_03_vrf_leakage
2026-07-19T18:10:23+00:00,station1,0.0,2.341,16.445,0.0,65196.105525354076,772531.3357938946,0.5215688442028326,6.180250686351156,vrf_leakage,compound_tunnel_degradation_03_vrf_leakage
2026-07-19T18:10:23+00:00,station2,0.0,2.516,18.32,0.0,771059.4727272727,66399.50909090908,6.168475781818182,0.5311960727272727,vrf_leakage,compound_tunnel_degradation_03_vrf_leakage
2026-07-19T18:10:23+00:00,station3,0.0,2.71,14.001,0.0,236.65454545454543,1309.7454545454543,0.0018932363636363634,0.010477963636363635,vrf_leakage,compound_tunnel_degradation_03_vrf_leakage
2026-07-19T18:10:38+00:00,station1,0.0,0.778,15.766,0.0,55865.090909090904,665235.7636363636,0.44692072727272725,5.321886109090909,vrf_leakage,compound_tunnel_degradation_03_vrf_leakage
2026-07-19T18:10:38+00:00,station2,0.0,2.561,19.869,25.0,664009.109090909,56951.36363636363,5.312072872727272,0.45561090909090907,vrf_leakage,compound_tunnel_degradation_03_vrf_leakage
2026-07-19T18:10:38+00:00,station3,0.0,1.494,12.813,25.0,197.29090909090908,1091.9999999999998,0.0015783272727272727,0.008735999999999999,vrf_leakage,compound_tunnel_degradation_03_vrf_leakage
2026-07-19T18:10:53+00:00,station1,0.0,2.21,16.457,0.0,47176.4909090909,558777.1272727272,0.3774119272727272,4.470217018181818,vrf_leakage,compound_tunnel_degradation_03_vrf_leakage
2026-07-19T18:10:53+00:00,station2,0.0,2.422,18.798,0.0,557350.9272727272,48472.87272727272,4.458807418181818,0.38778298181818177,vrf_leakage,compound_tunnel_degradation_03_vrf_leakage
2026-07-19T18:10:53+00:00,station3,0.0,1.768,13.17,0.0,233.5272727272727,1310.581818181818,0.0018682181818181817,0.010484654545454546,vrf_leakage,compound_tunnel_degradation_03_vrf_leakage
2026-07-19T18:11:08+00:00,station1,0.0,3.053,18.087,0.0,24596.232521773913,287457.80678946123,0.1967698601741913,2.29966245431569,vrf_leakage,compound_tunnel_degradation_03_vrf_leakage
2026-07-19T18:11:08+00:00,station2,0.0,1.715,18.724,0.0,286222.0545454545,25666.781818181815,2.289776436363636,0.2053342545454545,vrf_leakage,compound_tunnel_degradation_03_vrf_leakage
2026-07-19T18:11:08+00:00,station3,0.0,2.223,13.466,0.0,195.34545454545454,1094.9818181818182,0.0015627636363636363,0.008759854545454545,vrf_leakage,compound_tunnel_degradation_03_vrf_leakage
2026-07-19T18:11:23+00:00,station1,0.0,0.752,16.034,0.0,25417.243949890002,300480.6814669358,0.20333795159912002,2.4038454517354864,vrf_leakage,compound_tunnel_degradation_03_vrf_leakage
2026-07-19T18:11:23+00:00,station2,0.0,1.285,19.321,0.0,299083.32727272727,26802.563636363637,2.3926666181818184,0.2144205090909091,vrf_leakage,compound_tunnel_degradation_03_vrf_leakage
2026-07-19T18:11:23+00:00,station3,0.0,1.845,15.847,0.0,230.3272727272727,1310.381818181818,0.0018426181818181817,0.010483054545454545,vrf_leakage,compound_tunnel_degradation_03_vrf_leakage
2026-07-19T18:11:38+00:00,station1,0.0,2.177,17.927,0.0,19555.781818181815,232532.01818181816,0.15644625454545452,1.8602561454545452,vrf_leakage,compound_tunnel_degradation_03_vrf_leakage
2026-07-19T18:11:38+00:00,station2,0.0,2.38,17.471,25.0,231359.2909090909,20695.072727272727,1.850874327272727,0.1655605818181818,vrf_leakage,compound_tunnel_degradation_03_vrf_leakage
2026-07-19T18:11:38+00:00,station3,0.0,2.791,14.395,0.0,192.5272727272727,1090.9999999999998,0.0015402181818181817,0.008727999999999998,vrf_leakage,compound_tunnel_degradation_03_vrf_leakage
2026-07-19T18:11:53+00:00,station1,0.0,2.199,19.181,0.0,28266.040034179958,339004.2179517481,0.22612832027343965,2.712033743613985,vrf_leakage,compound_tunnel_degradation_03_vrf_leakage
2026-07-19T18:11:53+00:00,station2,0.0,2.279,21.279,0.0,337700.94545454544,29807.727272727272,2.7016075636363635,0.23846181818181816,vrf_leakage,compound_tunnel_degradation_03_vrf_leakage
2026-07-19T18:11:53+00:00,station3,0.0,2.437,14.726,0.0,236.25454545454542,1312.890909090909,0.0018900363636363633,0.010503127272727272,vrf_leakage,compound_tunnel_degradation_03_vrf_leakage
2026-07-19T18:12:08+00:00,station1,0.0,3.043,20.291,0.0,18621.07024019492,223269.37832972707,0.14896856192155936,1.7861550266378166,vrf_leakage,compound_tunnel_degradation_03_vrf_leakage
2026-07-19T18:12:08+00:00,station2,0.0,0.978,24.26,25.0,222289.74545454545,20032.01818181818,1.7783179636363635,0.16025614545454545,vrf_leakage,compound_tunnel_degradation_03_vrf_leakage
2026-07-19T18:12:08+00:00,station3,0.0,1.633,15.605,0.0,198.14545454545453,1095.0363636363634,0.0015851636363636362,0.008760290909090907,vrf_leakage,compound_tunnel_degradation_03_vrf_leakage
2026-07-19T18:12:23+00:00,station1,0.0,2.019,20.262,0.0,23491.83636363636,277061.9636363636,0.1879346909090909,2.216495709090909,vrf_leakage,compound_tunnel_degradation_03_vrf_leakage
2026-07-19T18:12:23+00:00,station2,0.0,0.983,16.395,0.0,275782.0545454545,25033.41818181818,2.206256436363636,0.20026734545454544,vrf_leakage,compound_tunnel_degradation_03_vrf_leakage
2026-07-19T18:12:23+00:00,station3,0.0,1.99,14.088,0.0,238.36363636363635,1312.6909090909091,0.0019069090909090908,0.010501527272727273,vrf_leakage,compound_tunnel_degradation_03_vrf_leakage
2026-07-19T18:12:38+00:00,station1,0.0,0.184,18.917,0.0,19280.763636363634,227246.5090909091,0.15424610909090908,1.8179720727272728,vrf_leakage,compound_tunnel_degradation_03_vrf_leakage
2026-07-19T18:12:38+00:00,station2,0.0,1.296,20.173,0.0,226146.12727272726,20549.672727272726,1.809169018181818,0.1643973818181818,vrf_leakage,compound_tunnel_degradation_03_vrf_leakage
2026-07-19T18:12:38+00:00,station3,0.0,3.093,15.014,0.0,196.3090909090909,1092.1818181818182,0.0015704727272727273,0.008737454545454547,vrf_leakage,compound_tunnel_degradation_03_vrf_leakage
2026-07-19T18:12:53+00:00,station1,0.0,3.95,30.313,0.0,21970.308551064565,257697.1217658503,0.17576246840851653,2.0615769741268024,vrf_leakage,compound_tunnel_degradation_03_vrf_leakage
2026-07-19T18:12:53+00:00,station2,0.0,3.948,27.669,0.0,256221.9636363636,23172.654545454545,2.0497757090909086,0.18538123636363635,vrf_leakage,compound_tunnel_degradation_03_vrf_leakage
2026-07-19T18:12:53+00:00,station3,0.0,3.062,17.026,0.0,237.19999999999996,1310.4727272727273,0.0018975999999999997,0.010483781818181818,vrf_leakage,compound_tunnel_degradation_03_vrf_leakage
2026-07-19T18:13:08+00:00,station1,0.0,3.84,24.904,25.0,19297.21621179337,230696.18342818698,0.15437772969434696,1.8455694674254959,vrf_leakage,compound_tunnel_degradation_03_vrf_leakage
2026-07-19T18:13:08+00:00,station2,0.0,4.307,25.073,0.0,229352.54545454544,20283.254545454543,1.8348203636363636,0.16226603636363635,vrf_leakage,compound_tunnel_degradation_03_vrf_leakage
2026-07-19T18:13:08+00:00,station3,0.0,3.294,17.556,0.0,202.54545454545453,1095.4545454545453,0.0016203636363636364,0.008763636363636362,vrf_leakage,compound_tunnel_degradation_03_vrf_leakage
2026-07-19T18:13:23+00:00,station1,0.0,2.178,26.003,25.0,18283.03636363636,213725.36363636362,0.1462642909090909,1.709802909090909,vrf_leakage,compound_tunnel_degradation_03_vrf_leakage
2026-07-19T18:13:23+00:00,station2,0.0,4.204,30.241,40.0,212245.07272727272,19569.672727272726,1.6979605818181818,0.1565573818181818,vrf_leakage,compound_tunnel_degradation_03_vrf_leakage
2026-07-19T18:13:23+00:00,station3,0.0,4.122,19.729,0.0,236.65454545454543,1308.381818181818,0.0018932363636363634,0.010467054545454544,vrf_leakage,compound_tunnel_degradation_03_vrf_leakage
2026-07-19T18:13:38+00:00,station1,0.0,4.964,26.46,0.0,11055.30909090909,126382.79999999999,0.08844247272727272,1.0110624,vrf_leakage,compound_tunnel_degradation_03_vrf_leakage
2026-07-19T18:13:38+00:00,station2,0.0,2.861,28.396,0.0,125226.7818181818,12224.872727272725,1.0018142545454545,0.0977989818181818,vrf_leakage,compound_tunnel_degradation_03_vrf_leakage
2026-07-19T18:13:38+00:00,station3,0.0,1.653,25.51,25.0,194.56363636363633,1088.7090909090907,0.0015565090909090908,0.008709672727272726,vrf_leakage,compound_tunnel_degradation_03_vrf_leakage
2026-07-19T18:13:53+00:00,station1,0.0,2.172,26.073,25.0,13949.945454545454,160897.1818181818,0.11159956363636363,1.2871774545454544,vrf_leakage,compound_tunnel_degradation_03_vrf_leakage
2026-07-19T18:13:53+00:00,station2,0.0,3.734,27.295,0.0,159504.67272727273,15335.036363636364,1.2760373818181818,0.12268029090909091,vrf_leakage,compound_tunnel_degradation_03_vrf_leakage
2026-07-19T18:13:53+00:00,station3,0.0,4.023,25.205,0.0,235.0181818181818,1306.9818181818182,0.0018801454545454544,0.010455854545454545,vrf_leakage,compound_tunnel_degradation_03_vrf_leakage
2026-07-19T18:14:08+00:00,station1,0.0,3.542,31.479,25.0,12346.037056566722,143065.73085804682,0.09876829645253378,1.1445258468643746,vrf_leakage,compound_tunnel_degradation_03_vrf_leakage
2026-07-19T18:14:08+00:00,station2,0.0,2.001,24.59,25.0,141807.58181818182,13340.781818181818,1.1344606545454545,0.10672625454545455,vrf_leakage,compound_tunnel_degradation_03_vrf_leakage
2026-07-19T18:14:08+00:00,station3,0.0,1.822,23.819,0.0,198.6181818181818,1093.0181818181816,0.0015889454545454545,0.008744145454545453,vrf_leakage,compound_tunnel_degradation_03_vrf_leakage
2026-07-19T18:14:23+00:00,station1,0.0,1.479,25.25,0.0,13237.877933930877,155528.53480719234,0.10590302347144702,1.2442282784575387,vrf_leakage,compound_tunnel_degradation_03_vrf_leakage
2026-07-19T18:14:23+00:00,station2,0.0,3.816,25.317,0.0,154093.9818181818,14595.090909090908,1.2327518545454546,0.11676072727272727,vrf_leakage,compound_tunnel_degradation_03_vrf_leakage
2026-07-19T18:14:23+00:00,station3,0.0,3.769,21.806,0.0,233.7090909090909,1310.9272727272726,0.001869672727272727,0.01048741818181818,vrf_leakage,compound_tunnel_degradation_03_vrf_leakage
2026-07-19T18:14:38+00:00,station1,0.0,2.627,28.686,0.0,9638.545454545452,112517.29090909091,0.07710836363636361,0.9001383272727272,vrf_leakage,compound_tunnel_degradation_03_vrf_leakage
2026-07-19T18:14:38+00:00,station2,0.0,5.003,26.597,0.0,111366.4909090909,10807.618181818181,0.8909319272727273,0.08646094545454545,vrf_leakage,compound_tunnel_degradation_03_vrf_leakage
2026-07-19T18:14:38+00:00,station3,0.0,1.118,22.379,0.0,218.49090909090907,1125.7636363636364,0.0017479272727272727,0.009006109090909091,vrf_leakage,compound_tunnel_degradation_03_vrf_leakage
2026-07-19T18:14:53+00:00,station1,0.0,4.111,28.903,25.0,12551.854545454546,146167.01818181816,0.10041483636363636,1.1693361454545452,vrf_leakage,compound_tunnel_degradation_03_vrf_leakage
2026-07-19T18:14:53+00:00,station2,0.0,4.132,27.571,25.0,144745.1818181818,13917.472727272725,1.1579614545454544,0.1113397818181818,vrf_leakage,compound_tunnel_degradation_03_vrf_leakage
2026-07-19T18:14:53+00:00,station3,0.0,2.857,18.471,0.0,260.76363636363635,1346.381818181818,0.0020861090909090906,0.010771054545454545,vrf_leakage,compound_tunnel_degradation_03_vrf_leakage
2026-07-19T18:15:08+00:00,station1,0.0,1.879,28.397,0.0,10365.70909090909,120860.41818181818,0.08292567272727272,0.9668833454545455,vrf_leakage,compound_tunnel_degradation_03_vrf_leakage
2026-07-19T18:15:08+00:00,station2,0.0,4.11,28.69,0.0,119827.36363636362,11520.872727272725,0.958618909090909,0.0921669818181818,vrf_leakage,compound_tunnel_degradation_03_vrf_leakage
2026-07-19T18:15:08+00:00,station3,0.0,2.948,19.975,0.0,216.29090909090908,1120.4363636363635,0.0017303272727272727,0.008963490909090908,vrf_leakage,compound_tunnel_degradation_03_vrf_leakage
2026-07-19T18:15:23+00:00,station1,0.0,1.855,41.077,0.0,13299.963636363635,153743.09090909088,0.10639970909090908,1.229944727272727,vrf_leakage,compound_tunnel_degradation_03_vrf_leakage
2026-07-19T18:15:23+00:00,station2,0.0,2.028,34.595,0.0,152195.1818181818,14514.290909090907,1.2175614545454543,0.11611432727272726,vrf_leakage,compound_tunnel_degradation_03_vrf_leakage
2026-07-19T18:15:23+00:00,station3,0.0,3.018,32.95,0.0,251.9272727272727,1336.9818181818182,0.0020154181818181818,0.010695854545454546,vrf_leakage,compound_tunnel_degradation_03_vrf_leakage
2026-07-19T18:15:38+00:00,station1,0.0,4.337,31.472,0.0,9464.618181818181,108997.94545454545,0.07571694545454545,0.8719835636363636,vrf_leakage,compound_tunnel_degradation_03_vrf_leakage
2026-07-19T18:15:38+00:00,station2,0.0,4.681,37.586,25.0,107667.43636363636,10453.563636363635,0.8613394909090909,0.08362850909090908,vrf_leakage,compound_tunnel_degradation_03_vrf_leakage
2026-07-19T18:15:38+00:00,station3,0.0,3.366,30.202,0.0,192.23636363636362,1090.509090909091,0.001537890909090909,0.008724072727272728,vrf_leakage,compound_tunnel_degradation_03_vrf_leakage
2026-07-19T18:15:53+00:00,station1,0.0,2.701,32.576,0.0,9552.428225967746,106957.1628575065,0.07641942580774197,0.8556573028600519,vrf_leakage,compound_tunnel_degradation_03_vrf_leakage
2026-07-19T18:15:53+00:00,station2,0.0,6.048,32.658,25.0,105372.99999999999,10737.70909090909,0.8429839999999998,0.08590167272727271,vrf_leakage,compound_tunnel_degradation_03_vrf_leakage
2026-07-19T18:15:53+00:00,station3,0.0,2.443,33.631,0.0,230.54545454545453,1305.5636363636363,0.0018443636363636362,0.01044450909090909,vrf_leakage,compound_tunnel_degradation_03_vrf_leakage
2026-07-19T18:16:08+00:00,station1,0.0,2.862,40.054,0.0,6407.4478143865,70436.0317113972,0.051259582515092,0.5634882536911776,vrf_leakage,compound_tunnel_degradation_03_vrf_leakage
2026-07-19T18:16:08+00:00,station2,0.0,2.436,36.239,0.0,69171.54545454546,7474.563636363636,0.5533723636363637,0.059796509090909084,vrf_leakage,compound_tunnel_degradation_03_vrf_leakage
2026-07-19T18:16:08+00:00,station3,0.0,4.483,26.841,25.0,198.87272727272727,1093.6545454545453,0.0015909818181818183,0.008749236363636363,vrf_leakage,compound_tunnel_degradation_03_vrf_leakage
2026-07-19T18:16:23+00:00,station1,0.0,0.38,33.601,0.0,8093.454545454545,90526.4909090909,0.06474763636363635,0.7242119272727272,vrf_leakage,compound_tunnel_degradation_03_vrf_leakage
2026-07-19T18:16:23+00:00,station2,0.0,3.948,39.491,0.0,89119.76363636363,9379.50909090909,0.7129581090909091,0.07503607272727272,vrf_leakage,compound_tunnel_degradation_03_vrf_leakage
2026-07-19T18:16:23+00:00,station3,0.0,6.481,27.716,0.0,235.63636363636363,1309.909090909091,0.001885090909090909,0.010479272727272728,vrf_leakage,compound_tunnel_degradation_03_vrf_leakage
2026-07-19T18:16:38+00:00,station1,0.0,5.771,35.513,0.0,8181.008308637711,94964.52920749778,0.06544806646910169,0.7597162336599822,vrf_leakage,compound_tunnel_degradation_03_vrf_leakage
2026-07-19T18:16:38+00:00,station2,0.0,3.329,34.334,25.0,93706.16363636362,9269.50909090909,0.749649309090909,0.07415607272727272,vrf_leakage,compound_tunnel_degradation_03_vrf_leakage
2026-07-19T18:16:38+00:00,station3,0.0,3.894,28.769,0.0,197.36363636363635,1094.5636363636363,0.0015789090909090907,0.00875650909090909,vrf_leakage,compound_tunnel_degradation_03_vrf_leakage
2026-07-19T18:16:53+00:00,station1,0.0,3.03,37.231,0.0,8036.346115383916,90563.93752613684,0.06429076892307133,0.7245115002090947,vrf_leakage,compound_tunnel_degradation_03_vrf_leakage
2026-07-19T18:16:53+00:00,station2,0.0,7.415,36.381,0.0,89051.43636363636,9326.472727272727,0.7124114909090908,0.07461178181818182,vrf_leakage,compound_tunnel_degradation_03_vrf_leakage
2026-07-19T18:16:53+00:00,station3,0.0,6.497,30.79,0.0,233.74545454545452,1314.4727272727273,0.0018699636363636361,0.010515781818181818,vrf_leakage,compound_tunnel_degradation_03_vrf_leakage
2026-07-19T18:17:08+00:00,station1,0.0,6.193,34.596,0.0,6276.25645501491,69974.52542003055,0.05021005164011928,0.5597962033602444,vrf_leakage,compound_tunnel_degradation_03_vrf_leakage
2026-07-19T18:17:08+00:00,station2,0.0,5.206,36.591,25.0,68694.8909090909,7345.50909090909,0.5495591272727272,0.05876407272727272,vrf_leakage,compound_tunnel_degradation_03_vrf_leakage
2026-07-19T18:17:08+00:00,station3,0.0,3.97,26.749,0.0,207.85454545454544,1102.5636363636363,0.0016628363636363636,0.00882050909090909,vrf_leakage,compound_tunnel_degradation_03_vrf_leakage
2026-07-19T18:17:23+00:00,station1,0.0,4.103,40.518,25.0,7670.908859516754,85879.29749286403,0.061367270876134035,0.6870343799429123,vrf_leakage,compound_tunnel_degradation_03_vrf_leakage
2026-07-19T18:17:23+00:00,station2,0.0,4.685,33.429,0.0,84362.27272727272,8943.81818181818,0.6748981818181817,0.07155054545454544,vrf_leakage,compound_tunnel_degradation_03_vrf_leakage
2026-07-19T18:17:23+00:00,station3,0.0,4.039,29.768,0.0,260.7272727272727,1341.090909090909,0.0020858181818181817,0.010728727272727272,vrf_leakage,compound_tunnel_degradation_03_vrf_leakage
2026-07-19T18:17:38+00:00,station1,0.0,3.775,39.175,25.0,6662.387956582607,74120.97961855239,0.053299103652660856,0.5929678369484191,vrf_leakage,compound_tunnel_degradation_03_vrf_leakage
2026-07-19T18:17:38+00:00,station2,0.0,3.808,41.777,0.0,72884.27272727272,7634.127272727273,0.5830741818181817,0.06107301818181818,vrf_leakage,compound_tunnel_degradation_03_vrf_leakage
2026-07-19T18:17:38+00:00,station3,0.0,3.135,36.207,0.0,213.5090909090909,1114.6545454545453,0.0017080727272727272,0.008917236363636363,vrf_leakage,compound_tunnel_degradation_03_vrf_leakage
2026-07-19T18:17:53+00:00,station1,0.0,8.835,45.242,0.0,8877.893129215832,101112.6343157397,0.07102314503372666,0.8089010745259176,vrf_leakage,compound_tunnel_degradation_03_vrf_leakage
2026-07-19T18:17:53+00:00,station2,0.0,3.158,49.957,0.0,99549.10909090909,10062.436363636363,0.7963928727272727,0.0804994909090909,vrf_leakage,compound_tunnel_degradation_03_vrf_leakage
2026-07-19T18:17:53+00:00,station3,0.0,2.242,42.365,25.0,258.94545454545454,1331.9818181818182,0.0020715636363636365,0.010655854545454545,vrf_leakage,compound_tunnel_degradation_03_vrf_leakage
2026-07-19T18:18:08+00:00,station1,0.0,3.085,50.859,0.0,6226.689213761,69260.25529129391,0.049813513710088,0.5540820423303513,vrf_leakage,compound_tunnel_degradation_03_vrf_leakage
2026-07-19T18:18:08+00:00,station2,0.0,1.522,51.078,0.0,67969.18181818181,7217.818181818181,0.5437534545454544,0.05774254545454545,vrf_leakage,compound_tunnel_degradation_03_vrf_leakage
2026-07-19T18:18:08+00:00,station3,0.0,1.973,39.565,25.0,194.98181818181817,1087.9636363636362,0.0015598545454545453,0.00870370909090909,vrf_leakage,compound_tunnel_degradation_03_vrf_leakage
2026-07-19T18:18:23+00:00,station1,0.0,2.341,45.226,25.0,6948.890909090909,76534.01818181817,0.055591127272727275,0.6122721454545453,vrf_leakage,compound_tunnel_degradation_03_vrf_leakage
2026-07-19T18:18:23+00:00,station2,0.0,4.533,46.503,0.0,74963.6909090909,8144.6909090909085,0.5997095272727272,0.06515752727272726,vrf_leakage,compound_tunnel_degradation_03_vrf_leakage
2026-07-19T18:18:23+00:00,station3,0.0,2.831,40.121,0.0,233.05454545454543,1309.490909090909,0.0018644363636363636,0.010475927272727273,vrf_leakage,compound_tunnel_degradation_03_vrf_leakage
2026-07-19T18:18:38+00:00,station1,0.0,5.159,41.375,40.0,4891.890909090909,53906.05454545454,0.03913512727272728,0.43124843636363636,vrf_leakage,compound_tunnel_degradation_03_vrf_leakage
2026-07-19T18:18:38+00:00,station2,0.0,1.887,45.627,0.0,52655.61818181818,5974.072727272726,0.42124494545454544,0.04779258181818181,vrf_leakage,compound_tunnel_degradation_03_vrf_leakage
2026-07-19T18:18:38+00:00,station3,0.0,8.515,36.179,25.0,190.6,1093.2727272727273,0.0015248,0.008746181818181818,vrf_leakage,compound_tunnel_degradation_03_vrf_leakage
2026-07-19T18:18:53+00:00,station1,0.0,8.12,45.917,0.0,6097.727272727273,67840.98181818181,0.04878181818181818,0.5427278545454545,vrf_leakage,compound_tunnel_degradation_03_vrf_leakage
2026-07-19T18:18:53+00:00,station2,0.0,7.384,44.822,0.0,66431.10909090909,7400.036363636363,0.5314488727272727,0.0592002909090909,vrf_leakage,compound_tunnel_degradation_03_vrf_leakage
2026-07-19T18:18:53+00:00,station3,0.0,2.557,29.6,0.0,229.96363636363634,1309.3636363636363,0.0018397090909090907,0.01047490909090909,vrf_leakage,compound_tunnel_degradation_03_vrf_leakage
2026-07-19T18:19:08+00:00,station1,0.0,4.043,40.143,0.0,6208.854545454545,71944.94545454545,0.04967083636363636,0.5755595636363636,vrf_leakage,compound_tunnel_degradation_03_vrf_leakage
2026-07-19T18:19:08+00:00,station2,0.0,3.149,50.421,0.0,70702.6,7302.018181818182,0.5656208,0.05841614545454545,vrf_leakage,compound_tunnel_degradation_03_vrf_leakage
2026-07-19T18:19:08+00:00,station3,0.0,7.033,38.813,0.0,188.54545454545453,1087.6545454545453,0.0015083636363636362,0.008701236363636362,vrf_leakage,compound_tunnel_degradation_03_vrf_leakage
2026-07-19T18:19:23+00:00,station1,0.0,1.893,35.754,0.0,6448.264577007691,71347.775494991,0.05158611661606152,0.570782203959928,vrf_leakage,compound_tunnel_degradation_03_vrf_leakage
2026-07-19T18:19:23+00:00,station2,0.0,5.213,49.18,25.0,69864.52727272727,7745.745454545454,0.5589162181818181,0.061965963636363634,vrf_leakage,compound_tunnel_degradation_03_vrf_leakage
2026-07-19T18:19:23+00:00,station3,0.0,4.682,29.565,0.0,232.07272727272726,1309.7454545454543,0.001856581818181818,0.010477963636363635,vrf_leakage,compound_tunnel_degradation_03_vrf_leakage
2026-07-19T18:19:38+00:00,station1,0.0,6.394,43.475,25.0,5324.181818181818,58164.41818181818,0.042593454545454545,0.46531534545454545,vrf_leakage,compound_tunnel_degradation_03_vrf_leakage
2026-07-19T18:19:38+00:00,station2,0.0,3.493,48.157,40.0,56914.30909090909,6403.527272727272,0.4553144727272727,0.05122821818181818,vrf_leakage,compound_tunnel_degradation_03_vrf_leakage
2026-07-19T18:19:38+00:00,station3,0.0,5.205,32.611,0.0,193.8,1093.109090909091,0.0015504000000000002,0.008744872727272729,vrf_leakage,compound_tunnel_degradation_03_vrf_leakage
2026-07-19T18:19:53+00:00,station1,0.0,1.436,45.882,0.0,6436.098838160694,71005.14554810087,0.05148879070528555,0.568041164384807,vrf_leakage,compound_tunnel_degradation_03_vrf_leakage
2026-07-19T18:19:53+00:00,station2,0.0,2.952,50.452,0.0,69518.8909090909,7734.563636363636,0.5561511272727272,0.06187650909090909,vrf_leakage,compound_tunnel_degradation_03_vrf_leakage
2026-07-19T18:19:53+00:00,station3,0.0,5.222,36.567,25.0,232.69090909090906,1312.3636363636363,0.0018615272727272724,0.01049890909090909,vrf_leakage,compound_tunnel_degradation_03_vrf_leakage
2026-07-19T18:20:08+00:00,station1,0.0,2.473,34.062,25.0,6254.722984890085,69144.66243613287,0.05003778387912068,0.553157299489063,vrf_leakage,compound_tunnel_degradation_03_vrf_leakage
2026-07-19T18:20:08+00:00,station2,0.0,1.947,47.489,0.0,67866.23636363636,7251.454545454545,0.5429298909090908,0.05801163636363636,vrf_leakage,compound_tunnel_degradation_03_vrf_leakage
2026-07-19T18:20:08+00:00,station3,0.0,2.213,33.55,0.0,188.0,1086.490909090909,0.001504,0.008691927272727273,vrf_leakage,compound_tunnel_degradation_03_vrf_leakage
2026-07-19T18:20:23+00:00,station1,0.0,4.434,42.8,25.0,6838.58475300449,77775.05863529754,0.05470867802403592,0.6222004690823802,vrf_leakage,compound_tunnel_degradation_03_vrf_leakage
2026-07-19T18:20:23+00:00,station2,0.0,8.518,44.525,0.0,76330.23636363636,8194.636363636362,0.6106418909090908,0.0655570909090909,vrf_leakage,compound_tunnel_degradation_03_vrf_leakage
2026-07-19T18:20:23+00:00,station3,0.0,5.593,39.27,0.0,229.5272727272727,1308.2727272727273,0.0018362181818181815,0.010466181818181817,vrf_leakage,compound_tunnel_degradation_03_vrf_leakage
2026-07-19T18:20:38+00:00,station1,0.0,3.795,39.267,40.0,5983.309090909091,64292.818181818184,0.04786647272727273,0.5143425454545455,vrf_leakage,compound_tunnel_degradation_03_vrf_leakage
2026-07-19T18:20:38+00:00,station2,0.0,8.878,43.184,0.0,63013.399999999994,7063.309090909091,0.5041072,0.05650647272727272,vrf_leakage,compound_tunnel_degradation_03_vrf_leakage
2026-07-19T18:20:38+00:00,station3,0.0,4.862,39.368,0.0,190.16363636363633,1089.3272727272727,0.0015213090909090906,0.00871461818181818,vrf_leakage,compound_tunnel_degradation_03_vrf_leakage
2026-07-19T18:20:53+00:00,station1,0.0,5.533,41.042,0.0,7011.181818181818,74886.45454545454,0.056089454545454547,0.5990916363636364,vrf_leakage,compound_tunnel_degradation_03_vrf_leakage
2026-07-19T18:20:53+00:00,station2,0.0,5.844,42.044,25.0,73369.29090909091,8302.127272727272,0.5869543272727272,0.06641701818181818,vrf_leakage,compound_tunnel_degradation_03_vrf_leakage
2026-07-19T18:20:53+00:00,station3,0.0,6.56,33.827,0.0,227.99999999999997,1310.8181818181815,0.0018239999999999997,0.010486545454545452,vrf_leakage,compound_tunnel_degradation_03_vrf_leakage
2026-07-19T18:21:08+00:00,station1,0.0,4.627,49.909,0.0,5705.254545454545,59868.38181818181,0.04564203636363636,0.4789470545454545,vrf_leakage,compound_tunnel_degradation_03_vrf_leakage
2026-07-19T18:21:08+00:00,station2,0.0,0.814,37.087,0.0,58689.61818181818,6784.036363636363,0.4695169454545454,0.0542722909090909,vrf_leakage,compound_tunnel_degradation_03_vrf_leakage
2026-07-19T18:21:08+00:00,station3,0.0,5.288,35.867,0.0,183.4181818181818,1089.8727272727272,0.0014673454545454546,0.008718981818181818,vrf_leakage,compound_tunnel_degradation_03_vrf_leakage
2026-07-19T18:21:23+00:00,station1,0.0,4.679,40.676,0.0,7435.992072871402,79763.73156851693,0.05948793658297122,0.6381098525481355,vrf_leakage,compound_tunnel_degradation_03_vrf_leakage
2026-07-19T18:21:23+00:00,station2,0.0,3.792,45.609,0.0,78218.2,8674.163636363635,0.6257456,0.06939330909090909,vrf_leakage,compound_tunnel_degradation_03_vrf_leakage
2026-07-19T18:21:23+00:00,station3,0.0,1.815,27.451,0.0,232.5090909090909,1317.5454545454545,0.0018600727272727272,0.010540363636363636,vrf_leakage,compound_tunnel_degradation_03_vrf_leakage
2026-07-19T18:21:38+00:00,station1,0.0,8.392,46.903,25.0,5514.072727272726,61617.03636363636,0.04411258181818181,0.4929362909090909,vrf_leakage,compound_tunnel_degradation_03_vrf_leakage
2026-07-19T18:21:38+00:00,station2,0.0,2.611,43.057,0.0,60350.74545454545,6587.472727272727,0.48280596363636363,0.052699781818181815,vrf_leakage,compound_tunnel_degradation_03_vrf_leakage
2026-07-19T18:21:38+00:00,station3,0.0,7.368,34.925,0.0,192.05454545454543,1097.0,0.0015364363636363634,0.008776,vrf_leakage,compound_tunnel_degradation_03_vrf_leakage
2026-07-19T18:21:53+00:00,station1,0.0,8.929,40.782,25.0,6370.054545454545,69716.87272727273,0.05096043636363636,0.5577349818181818,vrf_leakage,compound_tunnel_degradation_03_vrf_leakage
2026-07-19T18:21:53+00:00,station2,0.0,2.631,38.448,0.0,68235.03636363636,7661.763636363637,0.5458802909090908,0.06129410909090909,vrf_leakage,compound_tunnel_degradation_03_vrf_leakage
2026-07-19T18:21:53+00:00,station3,0.0,7.88,31.986,25.0,234.5090909090909,1311.5454545454545,0.0018760727272727272,0.010492363636363636,vrf_leakage,compound_tunnel_degradation_03_vrf_leakage
2026-07-19T18:22:08+00:00,station1,0.0,4.199,50.404,0.0,5149.135407385857,56079.077040565855,0.04119308325908686,0.44863261632452683,vrf_leakage,compound_tunnel_degradation_03_vrf_leakage
2026-07-19T18:22:08+00:00,station2,0.0,4.21,51.691,0.0,54800.16363636363,6225.272727272726,0.438401309090909,0.04980218181818181,vrf_leakage,compound_tunnel_degradation_03_vrf_leakage
2026-07-19T18:22:08+00:00,station3,0.0,9.405,39.363,0.0,183.85454545454544,1082.3999999999999,0.0014708363636363635,0.008659199999999999,vrf_leakage,compound_tunnel_degradation_03_vrf_leakage
2026-07-19T18:22:23+00:00,station1,0.0,2.364,40.879,25.0,6079.436363636362,66601.54545454546,0.048635490909090896,0.5328123636363636,vrf_leakage,compound_tunnel_degradation_03_vrf_leakage
2026-07-19T18:22:23+00:00,station2,0.0,5.35,47.865,40.0,65156.781818181815,7356.327272727272,0.5212542545454545,0.05885061818181818,vrf_leakage,compound_tunnel_degradation_03_vrf_leakage
2026-07-19T18:22:23+00:00,station3,0.0,7.911,32.428,0.0,251.3090909090909,1334.6727272727271,0.0020104727272727274,0.010677381818181817,vrf_leakage,compound_tunnel_degradation_03_vrf_leakage
2026-07-19T18:22:38+00:00,station1,0.0,3.289,45.392,0.0,5566.755759195622,63500.99092710777,0.044534046073564974,0.5080079274168622,vrf_leakage,compound_tunnel_degradation_03_vrf_leakage
2026-07-19T18:22:38+00:00,station2,0.0,7.225,45.763,0.0,62219.94545454545,6635.327272727272,0.4977595636363636,0.05308261818181818,vrf_leakage,compound_tunnel_degradation_03_vrf_leakage
2026-07-19T18:22:38+00:00,station3,0.0,9.165,40.703,25.0,229.76363636363632,1145.8727272727272,0.0018381090909090907,0.009166981818181817,vrf_leakage,compound_tunnel_degradation_03_vrf_leakage
2026-07-19T18:22:53+00:00,station1,0.0,0.015,0.755,0.0,55277.98181818181,1050421.3636363635,0.4422238545454545,8.403370909090908,vrf_leakage,compound_tunnel_degradation_03_vrf_leakage
2026-07-19T18:22:53+00:00,station2,0.0,0.053,0.759,0.0,1048768.0909090908,56619.32727272727,8.390144727272727,0.45295461818181815,vrf_leakage,compound_tunnel_degradation_03_vrf_leakage
2026-07-19T18:22:53+00:00,station3,0.0,0.01,0.611,0.0,269.1272727272727,1363.7454545454543,0.0021530181818181816,0.010909963636363635,vrf_leakage,compound_tunnel_degradation_03_vrf_leakage
2026-07-19T18:23:08+00:00,station1,0.0,0.211,0.875,0.0,164890.52727272725,3260197.2545454544,1.3191242181818181,26.081578036363634,vrf_leakage,compound_tunnel_degradation_03_vrf_leakage
2026-07-19T18:23:08+00:00,station2,0.0,0.029,0.708,0.0,3259047.436363636,166045.14545454545,26.07237949090909,1.3283611636363635,vrf_leakage,compound_tunnel_degradation_03_vrf_leakage
2026-07-19T18:23:08+00:00,station3,0.0,0.049,0.718,0.0,204.76363636363632,1111.290909090909,0.0016381090909090906,0.008890327272727273,vrf_leakage,compound_tunnel_degradation_03_vrf_leakage
2026-07-19T18:23:23+00:00,station1,0.0,1.089,1.499,0.0,387370.4909090909,7714725.418181818,3.0989639272727274,61.71780334545454,vrf_leakage,compound_tunnel_degradation_03_vrf_leakage
2026-07-19T18:23:23+00:00,station2,0.0,1.297,1.626,0.0,7713441.763636364,388747.16363636364,61.70753410909091,3.109977309090909,vrf_leakage,compound_tunnel_degradation_03_vrf_leakage
2026-07-19T18:23:23+00:00,station3,0.0,0.282,0.764,0.0,248.47272727272727,1329.1636363636362,0.001987781818181818,0.01063330909090909,vrf_leakage,compound_tunnel_degradation_03_vrf_leakage
2026-07-19T18:23:38+00:00,station1,0.0,0.168,0.832,0.0,481259.309090909,9600293.890909089,3.850074472727272,76.80235112727271,vrf_leakage,compound_tunnel_degradation_03_vrf_leakage
2026-07-19T18:23:38+00:00,station2,0.0,0.059,0.753,0.0,9598990.163636362,482362.4727272727,76.7919213090909,3.858899781818182,vrf_leakage,compound_tunnel_degradation_03_vrf_leakage
2026-07-19T18:23:38+00:00,station3,0.0,0.072,0.679,0.0,196.63636363636363,1088.7272727272727,0.001573090909090909,0.008709818181818181,vrf_leakage,compound_tunnel_degradation_03_vrf_leakage
2026-07-19T18:23:53+00:00,station1,0.0,0.034,0.245,0.0,637791.097696238,12746861.519719256,5.102328781569904,101.97489215775406,vrf_leakage,compound_tunnel_degradation_03_vrf_leakage
2026-07-19T18:23:53+00:00,station2,0.0,0.072,0.258,0.0,12744808.454545455,639058.1818181818,101.95846763636364,5.112465454545454,vrf_leakage,compound_tunnel_degradation_03_vrf_leakage
2026-07-19T18:23:53+00:00,station3,0.0,0.04,0.266,0.0,235.99999999999997,1305.9272727272726,0.0018879999999999997,0.01044741818181818,vrf_leakage,compound_tunnel_degradation_03_vrf_leakage
2026-07-19T18:24:08+00:00,station1,0.0,1.315,2.003,0.0,443980.4171136607,8856675.76413259,3.5518433369092857,70.85340611306071,vrf_leakage,compound_tunnel_degradation_03_vrf_leakage
2026-07-19T18:24:08+00:00,station2,0.0,1.369,1.768,0.0,8854854.236363636,445045.14545454545,70.83883389090909,3.5603611636363635,vrf_leakage,compound_tunnel_degradation_03_vrf_leakage
2026-07-19T18:24:08+00:00,station3,0.0,0.589,1.761,0.0,195.63636363636363,1089.6181818181817,0.001565090909090909,0.008716945454545454,vrf_leakage,compound_tunnel_degradation_03_vrf_leakage
2026-07-19T18:24:23+00:00,station1,0.0,0.168,0.893,0.0,556088.4481128645,11087939.495309433,4.448707584902916,88.70351596247546,vrf_leakage,compound_tunnel_degradation_03_vrf_leakage
2026-07-19T18:24:23+00:00,station2,0.0,0.123,0.777,0.0,11086883.363636363,557409.9454545454,88.69506690909091,4.459279563636364,vrf_leakage,compound_tunnel_degradation_03_vrf_leakage
2026-07-19T18:24:23+00:00,station3,0.0,0.19,1.532,0.0,238.79999999999998,1308.1818181818182,0.0019103999999999998,0.010465454545454545,vrf_leakage,compound_tunnel_degradation_03_vrf_leakage
2026-07-19T18:24:38+00:00,station1,0.0,0.099,0.824,0.0,444581.4439737459,8854145.760986162,3.5566515517899675,70.8331660878893,vrf_leakage,compound_tunnel_degradation_03_vrf_leakage
2026-07-19T18:24:38+00:00,station2,0.0,0.277,0.812,0.0,8853326.563636363,445687.19999999995,70.82661250909091,3.5654975999999996,vrf_leakage,compound_tunnel_degradation_03_vrf_leakage
2026-07-19T18:24:38+00:00,station3,0.0,0.063,1.608,0.0,197.25454545454542,1087.4727272727273,0.0015780363636363633,0.008699781818181818,vrf_leakage,compound_tunnel_degradation_03_vrf_leakage
2026-07-19T18:24:53+00:00,station1,0.0,0.044,0.686,0.0,590099.1472572229,11748190.294368988,4.720793178057783,93.9855223549519,vrf_leakage,compound_tunnel_degradation_03_vrf_leakage
2026-07-19T18:24:53+00:00,station2,0.0,0.053,0.754,0.0,11746765.872727271,591399.6727272726,93.97412698181817,4.7311973818181805,vrf_leakage,compound_tunnel_degradation_03_vrf_leakage
2026-07-19T18:24:53+00:00,station3,0.0,0.35,1.971,0.0,238.18181818181816,1306.1818181818182,0.0019054545454545452,0.010449454545454546,vrf_leakage,compound_tunnel_degradation_03_vrf_leakage
2026-07-19T18:25:08+00:00,station1,0.0,0.035,0.247,0.0,531909.3636363636,10603027.472727273,4.255274909090909,84.82421978181819,vrf_leakage,compound_tunnel_degradation_03_vrf_leakage
2026-07-19T18:25:08+00:00,station2,0.0,0.03,0.162,0.0,10601651.145454545,532993.7999999999,84.81320916363636,4.2639504,vrf_leakage,compound_tunnel_degradation_03_vrf_leakage
2026-07-19T18:25:08+00:00,station3,0.0,0.003,0.252,0.0,195.0181818181818,1086.3636363636363,0.0015601454545454544,0.00869090909090909,vrf_leakage,compound_tunnel_degradation_03_vrf_leakage
2026-07-19T18:25:23+00:00,station1,0.0,0.129,0.883,0.0,446420.34545454546,8879963.418181818,3.5713627636363636,71.03970734545454,vrf_leakage,compound_tunnel_degradation_03_vrf_leakage
2026-07-19T18:25:23+00:00,station2,0.0,0.065,0.802,0.0,8878649.654545454,447730.41818181815,71.02919723636363,3.581843345454545,vrf_leakage,compound_tunnel_degradation_03_vrf_leakage
2026-07-19T18:25:23+00:00,station3,0.0,0.066,0.686,0.0,235.8181818181818,1305.2727272727273,0.0018865454545454545,0.010442181818181817,vrf_leakage,compound_tunnel_degradation_03_vrf_leakage
2026-07-19T18:25:38+00:00,station1,0.0,0.088,0.722,0.0,334162.7272727273,6644959.545454545,2.6733018181818182,53.15967636363636,vrf_leakage,compound_tunnel_degradation_03_vrf_leakage
2026-07-19T18:25:38+00:00,station2,0.0,0.052,0.775,0.0,6643445.545454545,335244.70909090905,53.14756436363636,2.6819576727272723,vrf_leakage,compound_tunnel_degradation_03_vrf_leakage
2026-07-19T18:25:38+00:00,station3,0.0,0.2,0.898,0.0,198.67272727272726,1088.5636363636363,0.001589381818181818,0.00870850909090909,vrf_leakage,compound_tunnel_degradation_03_vrf_leakage
2026-07-19T18:25:53+00:00,station1,0.0,0.041,0.978,0.0,445364.3206487155,8879712.096143706,3.562914565189724,71.03769676914965,vrf_leakage,compound_tunnel_degradation_03_vrf_leakage
2026-07-19T18:25:53+00:00,station2,0.0,0.15,0.947,0.0,8878309.254545454,446658.5999999999,71.02647403636364,3.5732687999999992,vrf_leakage,compound_tunnel_degradation_03_vrf_leakage
2026-07-19T18:25:53+00:00,station3,0.0,0.134,0.79,0.0,236.47272727272727,1306.6363636363635,0.0018917818181818182,0.010453090909090908,vrf_leakage,compound_tunnel_degradation_03_vrf_leakage
2026-07-19T18:26:08+00:00,station1,0.0,0.305,0.907,0.0,473671.8124954542,9447828.369335951,3.7893744999636336,75.58262695468761,vrf_leakage,compound_tunnel_degradation_03_vrf_leakage
2026-07-19T18:26:08+00:00,station2,0.0,1.729,1.91,0.0,9445749.236363636,474609.0181818182,75.56599389090908,3.7968721454545453,vrf_leakage,compound_tunnel_degradation_03_vrf_leakage
2026-07-19T18:26:08+00:00,station3,0.0,0.393,0.888,0.0,197.67272727272726,1089.9999999999998,0.001581381818181818,0.008719999999999999,vrf_leakage,compound_tunnel_degradation_03_vrf_leakage
2026-07-19T18:26:23+00:00,station1,0.0,0.005,0.723,0.0,644957.2007781677,13402523.82683951,5.159657606225341,107.22019061471609,vrf_leakage,compound_tunnel_degradation_03_vrf_leakage
2026-07-19T18:26:23+00:00,station2,0.0,0.063,0.759,0.0,13401154.145454545,646140.618181818,107.20923316363636,5.169124945454544,vrf_leakage,compound_tunnel_degradation_03_vrf_leakage
2026-07-19T18:26:23+00:00,station3,0.0,0.014,0.669,0.0,234.83636363636364,1305.7818181818182,0.0018786909090909092,0.010446254545454545,vrf_leakage,compound_tunnel_degradation_03_vrf_leakage
2026-07-19T18:26:38+00:00,station1,0.0,0.728,2.481,0.0,442678.67272727273,10152480.909090908,3.541429381818182,81.21984727272726,vrf_leakage,compound_tunnel_degradation_03_vrf_leakage
2026-07-19T18:26:38+00:00,station2,0.0,1.663,3.034,0.0,10151065.036363635,443642.8909090909,81.20852029090908,3.549143127272727,vrf_leakage,compound_tunnel_degradation_03_vrf_leakage
2026-07-19T18:26:38+00:00,station3,0.0,0.031,0.277,0.0,190.16363636363633,1090.2181818181818,0.0015213090909090906,0.008721745454545455,vrf_leakage,compound_tunnel_degradation_03_vrf_leakage
2026-07-19T18:26:53+00:00,station1,0.0,0.133,2.069,0.0,555056.3999999999,12386342.872727271,4.440451199999999,99.09074298181817,vrf_leakage,compound_tunnel_degradation_03_vrf_leakage
2026-07-19T18:26:53+00:00,station2,0.0,0.36,1.964,0.0,12384865.07272727,556254.1272727272,99.07892058181817,4.450033018181817,vrf_leakage,compound_tunnel_degradation_03_vrf_leakage
2026-07-19T18:26:53+00:00,station3,0.0,1749.054,3255.553,0.0,234.79999999999998,1309.0545454545454,0.0018784,0.010472436363636364,vrf_leakage,compound_tunnel_degradation_03_vrf_leakage
2026-07-19T18:27:08+00:00,station1,0.0,0.26,1.48,0.0,443568.3194239895,10155057.110129274,3.548546555391916,81.24045688103419,vrf_leakage,compound_tunnel_degradation_03_vrf_leakage
2026-07-19T18:27:08+00:00,station2,0.0,0.077,1.849,0.0,10153461.636363635,444639.7454545454,81.22769309090909,3.5571179636363635,vrf_leakage,compound_tunnel_degradation_03_vrf_leakage
2026-07-19T18:27:08+00:00,station3,0.0,1444.061,2959.959,0.0,191.8181818181818,1090.581818181818,0.0015345454545454545,0.008724654545454544,vrf_leakage,compound_tunnel_degradation_03_vrf_leakage
2026-07-19T18:27:23+00:00,station1,0.0,0.247,1.819,0.0,581297.8181818181,12387705.454545455,4.650382545454545,99.10164363636365,vrf_leakage,compound_tunnel_degradation_03_vrf_leakage
2026-07-19T18:27:23+00:00,station2,0.0,0.472,2.003,0.0,12386260.4,582615.0727272726,99.09008320000001,4.660920581818181,vrf_leakage,compound_tunnel_degradation_03_vrf_leakage
2026-07-19T18:27:23+00:00,station3,0.0,1441.976,2966.876,0.0,232.47272727272727,1313.909090909091,0.001859781818181818,0.010511272727272728,vrf_leakage,compound_tunnel_degradation_03_vrf_leakage
2026-07-19T18:27:38+00:00,station1,0.0,0.033,0.245,0.0,539922.4377738587,10771025.54499009,4.319379502190869,86.16820435992072,vrf_leakage,compound_tunnel_degradation_03_vrf_leakage
2026-07-19T18:27:38+00:00,station2,0.0,0.035,0.216,0.0,10770045.218181817,541027.0363636364,86.16036174545454,4.328216290909091,vrf_leakage,compound_tunnel_degradation_03_vrf_leakage
2026-07-19T18:27:38+00:00,station3,0.0,0.007,0.228,0.0,200.8181818181818,1089.7636363636364,0.0016065454545454545,0.008718109090909091,vrf_leakage,compound_tunnel_degradation_03_vrf_leakage
2026-07-19T18:27:53+00:00,station1,0.0,0.182,1.03,0.0,446139.3348728112,8880770.84204593,3.5691146789824897,71.04616673636744,vrf_leakage,compound_tunnel_degradation_03_vrf_leakage
2026-07-19T18:27:53+00:00,station2,0.0,0.206,0.907,0.0,8878373.399999999,447411.0545454545,71.0269872,3.579288436363636,vrf_leakage,compound_tunnel_degradation_03_vrf_leakage
2026-07-19T18:27:53+00:00,station3,0.0,0.568,2.092,0.0,235.5272727272727,1306.7636363636364,0.0018842181818181816,0.01045410909090909,vrf_leakage,compound_tunnel_degradation_03_vrf_leakage
2026-07-19T18:28:08+00:00,station1,0.0,0.014,0.775,0.0,334308.2168118261,6648176.700547303,2.674465734494609,53.185413604378425,vrf_leakage,compound_tunnel_degradation_03_vrf_leakage
2026-07-19T18:28:08+00:00,station2,0.0,0.12,0.874,0.0,6646444.309090909,335364.7818181818,53.171554472727266,2.6829182545454544,vrf_leakage,compound_tunnel_degradation_03_vrf_leakage
2026-07-19T18:28:08+00:00,station3,0.0,0.084,2.083,0.0,210.07272727272726,1086.4181818181817,0.001680581818181818,0.008691345454545453,vrf_leakage,compound_tunnel_degradation_03_vrf_leakage
2026-07-19T18:28:23+00:00,station1,0.0,0.47,1.311,0.0,446074.09225622285,8883068.492154403,3.568592738049783,71.06454793723522,vrf_leakage,compound_tunnel_degradation_03_vrf_leakage
2026-07-19T18:28:23+00:00,station2,0.0,1.424,1.708,0.0,8881207.399999999,447355.79999999993,71.0496592,3.5788463999999993,vrf_leakage,compound_tunnel_degradation_03_vrf_leakage
2026-07-19T18:28:23+00:00,station3,0.0,0.196,2.332,0.0,243.4181818181818,1304.0545454545454,0.0019473454545454545,0.010432436363636364,vrf_leakage,compound_tunnel_degradation_03_vrf_leakage
2026-07-19T18:28:38+00:00,station1,0.0,0.134,0.821,0.0,466100.40182548773,9281102.365497556,3.728803214603902,74.24881892398045,vrf_leakage,compound_tunnel_degradation_03_vrf_leakage
2026-07-19T18:28:38+00:00,station2,0.0,0.1,1.005,0.0,9279607.109090907,467180.10909090907,74.23685687272726,3.7374408727272725,vrf_leakage,compound_tunnel_degradation_03_vrf_leakage
2026-07-19T18:28:38+00:00,station3,0.0,0.232,1.473,0.0,198.34545454545454,1089.0545454545454,0.0015867636363636364,0.008712436363636363,vrf_leakage,compound_tunnel_degradation_03_vrf_leakage
2026-07-19T18:28:53+00:00,station1,0.0,0.013,0.21,0.0,655100.4018254877,13072262.550228186,5.240803214603901,104.5781004018255,vrf_leakage,compound_tunnel_degradation_03_vrf_leakage
2026-07-19T18:28:53+00:00,station2,0.0,0.045,0.215,0.0,13070597.036363635,656388.6909090909,104.56477629090908,5.251109527272727,vrf_leakage,compound_tunnel_degradation_03_vrf_leakage
2026-07-19T18:28:53+00:00,station3,0.0,0.014,0.257,0.0,240.83636363636364,1307.090909090909,0.001926690909090909,0.010456727272727272,vrf_leakage,compound_tunnel_degradation_03_vrf_leakage
2026-07-19T18:29:08+00:00,station1,0.0,0.029,0.283,0.0,431198.9636363636,8603198.145454545,3.449591709090909,68.82558516363636,vrf_leakage,compound_tunnel_degradation_03_vrf_leakage
2026-07-19T18:29:08+00:00,station2,0.0,0.024,0.196,0.0,8602130.2,432283.50909090904,68.8170416,3.458268072727272,vrf_leakage,compound_tunnel_degradation_03_vrf_leakage
2026-07-19T18:29:08+00:00,station3,0.0,0.032,0.309,0.0,209.05454545454543,1090.1090909090908,0.0016724363636363634,0.008720872727272726,vrf_leakage,compound_tunnel_degradation_03_vrf_leakage
2026-07-19T18:29:23+00:00,station1,0.0,0.273,1.081,0.0,445882.535815577,8882286.524616392,3.567060286524616,71.05829219693113,vrf_leakage,compound_tunnel_degradation_03_vrf_leakage
2026-07-19T18:29:23+00:00,station2,0.0,2.03,2.488,0.0,8881543.218181817,447220.41818181815,71.05234574545453,3.5777633454545454,vrf_leakage,compound_tunnel_degradation_03_vrf_leakage
2026-07-19T18:29:23+00:00,station3,0.0,0.045,0.659,0.0,236.47272727272727,1303.7272727272725,0.0018917818181818182,0.01042981818181818,vrf_leakage,compound_tunnel_degradation_03_vrf_leakage
2026-07-19T18:29:38+00:00,station1,0.0,0.06,0.734,0.0,333491.2,6648364.8545454545,2.6679296,53.18691883636364,vrf_leakage,compound_tunnel_degradation_03_vrf_leakage
2026-07-19T18:29:38+00:00,station2,0.0,0.065,0.768,0.0,6647132.272727272,334579.63636363635,53.177058181818175,2.676637090909091,vrf_leakage,compound_tunnel_degradation_03_vrf_leakage
2026-07-19T18:29:38+00:00,station3,0.0,0.065,0.746,0.0,197.58181818181816,1085.1818181818182,0.0015806545454545454,0.008681454545454546,vrf_leakage,compound_tunnel_degradation_03_vrf_leakage
2026-07-19T18:29:53+00:00,station1,0.0,1.48,12.622,0.0,442869.2339860725,8809727.649593629,3.54295387188858,70.47782119674903,vrf_leakage,compound_tunnel_degradation_04_vrf_leakage
2026-07-19T18:29:53+00:00,station2,0.0,1.819,11.435,0.0,8808260.999999998,444251.7454545454,70.46608799999998,3.5540139636363635,vrf_leakage,compound_tunnel_degradation_04_vrf_leakage
2026-07-19T18:29:53+00:00,station3,0.0,1.18,9.709,0.0,235.45454545454544,1304.2181818181816,0.0018836363636363636,0.010433745454545453,vrf_leakage,compound_tunnel_degradation_04_vrf_leakage
2026-07-19T18:30:08+00:00,station1,0.0,1.342,11.352,25.0,436905.1948288089,8631626.816008145,3.4952415586304713,69.05301452806516,vrf_leakage,compound_tunnel_degradation_04_vrf_leakage
2026-07-19T18:30:08+00:00,station2,0.0,2.151,12.123,0.0,8629734.963636363,438101.19999999995,69.0378797090909,3.5048095999999997,vrf_leakage,compound_tunnel_degradation_04_vrf_leakage
2026-07-19T18:30:08+00:00,station3,0.0,0.635,7.289,0.0,196.65454545454543,1088.6,0.0015732363636363634,0.0087088,vrf_leakage,compound_tunnel_degradation_04_vrf_leakage
2026-07-19T18:30:23+00:00,station1,0.0,0.902,11.06,0.0,334319.0189626021,6497439.903278003,2.6745521517008166,51.97951922622403,vrf_leakage,compound_tunnel_degradation_04_vrf_leakage
2026-07-19T18:30:23+00:00,station2,0.0,2.271,12.005,0.0,6496386.8545454545,335771.9636363636,51.97109483636363,2.686175709090909,vrf_leakage,compound_tunnel_degradation_04_vrf_leakage
2026-07-19T18:30:23+00:00,station3,0.0,1.461,9.887,0.0,234.36363636363635,1306.3090909090909,0.0018749090909090907,0.010450472727272727,vrf_leakage,compound_tunnel_degradation_04_vrf_leakage
2026-07-19T18:30:38+00:00,station1,0.0,2.044,12.239,0.0,120916.78030509646,2145050.9463808434,0.9673342424407717,17.160407571046747,vrf_leakage,compound_tunnel_degradation_04_vrf_leakage
2026-07-19T18:30:38+00:00,station2,0.0,1.026,11.894,0.0,2143840.745454545,122130.67272727271,17.15072596363636,0.9770453818181817,vrf_leakage,compound_tunnel_degradation_04_vrf_leakage
2026-07-19T18:30:38+00:00,station3,0.0,1.028,7.704,0.0,194.45454545454544,1088.1090909090908,0.0015556363636363634,0.008704872727272727,vrf_leakage,compound_tunnel_degradation_04_vrf_leakage
2026-07-19T18:30:53+00:00,station1,0.0,1.811,12.179,0.0,47929.32727272727,549472.6363636364,0.3834346181818182,4.39578109090909,vrf_leakage,compound_tunnel_degradation_04_vrf_leakage
2026-07-19T18:30:53+00:00,station2,0.0,1.681,13.272,0.0,547909.7999999999,49306.0,4.383278399999999,0.394448,vrf_leakage,compound_tunnel_degradation_04_vrf_leakage
2026-07-19T18:30:53+00:00,station3,0.0,0.619,10.794,0.0,233.8181818181818,1307.4545454545453,0.0018705454545454546,0.010459636363636362,vrf_leakage,compound_tunnel_degradation_04_vrf_leakage
2026-07-19T18:31:08+00:00,station1,0.0,1.141,10.638,0.0,40965.763636363634,475755.67272727273,0.32772610909090905,3.8060453818181816,vrf_leakage,compound_tunnel_degradation_04_vrf_leakage
2026-07-19T18:31:08+00:00,station2,0.0,0.772,10.837,0.0,474610.3818181818,42082.781818181815,3.796883054545454,0.3366622545454545,vrf_leakage,compound_tunnel_degradation_04_vrf_leakage
2026-07-19T18:31:08+00:00,station3,0.0,1.222,9.713,0.0,196.1090909090909,1090.9090909090908,0.001568872727272727,0.008727272727272726,vrf_leakage,compound_tunnel_degradation_04_vrf_leakage
2026-07-19T18:31:23+00:00,station1,0.0,2.482,11.7,25.0,59232.32304867184,692242.7955855349,0.4738585843893747,5.537942364684279,vrf_leakage,compound_tunnel_degradation_04_vrf_leakage
2026-07-19T18:31:23+00:00,station2,0.0,0.407,11.203,0.0,690782.4909090908,60566.67272727272,5.526259927272727,0.4845333818181818,vrf_leakage,compound_tunnel_degradation_04_vrf_leakage
2026-07-19T18:31:23+00:00,station3,0.0,1.103,8.916,0.0,232.29090909090908,1309.4363636363635,0.0018583272727272727,0.010475490909090907,vrf_leakage,compound_tunnel_degradation_04_vrf_leakage
2026-07-19T18:31:38+00:00,station1,0.0,2.246,11.461,0.0,40723.56363636363,475079.67272727273,0.32578850909090906,3.800637381818182,vrf_leakage,compound_tunnel_degradation_04_vrf_leakage
2026-07-19T18:31:38+00:00,station2,0.0,1.42,12.446,0.0,473853.0727272727,41840.74545454545,3.7908245818181814,0.33472596363636364,vrf_leakage,compound_tunnel_degradation_04_vrf_leakage
2026-07-19T18:31:38+00:00,station3,0.0,1.583,9.556,0.0,192.9272727272727,1091.1454545454544,0.0015434181818181816,0.008729163636363635,vrf_leakage,compound_tunnel_degradation_04_vrf_leakage
2026-07-19T18:31:53+00:00,station1,0.0,1.733,13.228,0.0,50103.18369424899,582538.5007000127,0.4008254695539919,4.660308005600101,vrf_leakage,compound_tunnel_degradation_04_vrf_leakage
2026-07-19T18:31:53+00:00,station2,0.0,1.724,13.248,25.0,581065.7636363636,51396.6,4.648526109090908,0.4111728,vrf_leakage,compound_tunnel_degradation_04_vrf_leakage
2026-07-19T18:31:53+00:00,station3,0.0,1.498,9.359,0.0,232.29090909090908,1308.8727272727272,0.0018583272727272727,0.010470981818181816,vrf_leakage,compound_tunnel_degradation_04_vrf_leakage
2026-07-19T18:32:08+00:00,station1,0.0,1.333,12.106,0.0,41160.12727272727,476836.50909090904,0.3292810181818182,3.814692072727272,vrf_leakage,compound_tunnel_degradation_04_vrf_leakage
2026-07-19T18:32:08+00:00,station2,0.0,0.394,13.452,0.0,475660.9636363636,42243.01818181818,3.805287709090909,0.33794414545454543,vrf_leakage,compound_tunnel_degradation_04_vrf_leakage
2026-07-19T18:32:08+00:00,station3,0.0,3.702,15.95,25.0,196.1090909090909,1091.9272727272726,0.001568872727272727,0.00873541818181818,vrf_leakage,compound_tunnel_degradation_04_vrf_leakage
2026-07-19T18:32:23+00:00,station1,0.0,3.572,21.629,0.0,41293.89625265914,473834.08789250714,0.3303511700212731,3.790672703140057,vrf_leakage,compound_tunnel_degradation_04_vrf_leakage
2026-07-19T18:32:23+00:00,station2,0.0,5.088,20.544,0.0,472326.19999999995,42488.72727272727,3.7786096,0.3399098181818182,vrf_leakage,compound_tunnel_degradation_04_vrf_leakage
2026-07-19T18:32:23+00:00,station3,0.0,3.021,15.631,0.0,231.09090909090907,1308.1272727272726,0.0018487272727272725,0.010465018181818182,vrf_leakage,compound_tunnel_degradation_04_vrf_leakage
2026-07-19T18:32:38+00:00,station1,0.0,4.897,22.456,0.0,34602.21818181818,398013.16363636364,0.2768177454545454,3.184105309090909,vrf_leakage,compound_tunnel_degradation_04_vrf_leakage
2026-07-19T18:32:38+00:00,station2,0.0,0.588,24.656,0.0,396709.94545454544,35588.56363636363,3.1736795636363633,0.28470850909090906,vrf_leakage,compound_tunnel_degradation_04_vrf_leakage
2026-07-19T18:32:38+00:00,station3,0.0,2.168,20.976,25.0,191.29090909090908,1092.8181818181815,0.0015303272727272726,0.008742545454545452,vrf_leakage,compound_tunnel_degradation_04_vrf_leakage
2026-07-19T18:32:53+00:00,station1,0.0,2.661,21.535,0.0,28730.199999999997,325707.8545454545,0.22984159999999998,2.605662836363636,vrf_leakage,compound_tunnel_degradation_04_vrf_leakage
2026-07-19T18:32:53+00:00,station2,0.0,2.66,25.144,25.0,324281.7818181818,30156.32727272727,2.5942542545454543,0.24125061818181817,vrf_leakage,compound_tunnel_degradation_04_vrf_leakage
2026-07-19T18:32:53+00:00,station3,0.0,2.253,22.046,25.0,233.89090909090908,1316.4727272727273,0.0018711272727272726,0.010531781818181818,vrf_leakage,compound_tunnel_degradation_04_vrf_leakage
2026-07-19T18:33:08+00:00,station1,0.0,4.307,22.882,25.0,15412.302712924575,174165.37566368462,0.1232984217033966,1.393323005309477,vrf_leakage,compound_tunnel_degradation_04_vrf_leakage
2026-07-19T18:33:08+00:00,station2,0.0,3.042,25.994,25.0,173049.23636363636,16706.909090909092,1.384393890909091,0.13365527272727273,vrf_leakage,compound_tunnel_degradation_04_vrf_leakage
2026-07-19T18:33:08+00:00,station3,0.0,2.485,20.608,0.0,196.18181818181816,1099.0181818181816,0.0015694545454545453,0.008792145454545453,vrf_leakage,compound_tunnel_degradation_04_vrf_leakage
2026-07-19T18:33:23+00:00,station1,0.0,3.284,28.996,25.0,18177.790302347148,207186.98980055636,0.14542232241877717,1.6574959184044509,vrf_leakage,compound_tunnel_degradation_04_vrf_leakage
2026-07-19T18:33:23+00:00,station2,0.0,1.57,29.193,25.0,205835.72727272724,19707.10909090909,1.6466858181818178,0.15765687272727272,vrf_leakage,compound_tunnel_degradation_04_vrf_leakage
2026-07-19T18:33:23+00:00,station3,0.0,3.514,19.188,0.0,237.8181818181818,1317.6,0.0019025454545454545,0.0105408,vrf_leakage,compound_tunnel_degradation_04_vrf_leakage
2026-07-19T18:33:38+00:00,station1,0.0,1.531,21.402,0.0,17072.83636363636,197239.8727272727,0.1365826909090909,1.5779189818181818,vrf_leakage,compound_tunnel_degradation_04_vrf_leakage
2026-07-19T18:33:38+00:00,station2,0.0,1.842,24.688,25.0,196033.27272727274,18214.2,1.5682661818181818,0.1457136,vrf_leakage,compound_tunnel_degradation_04_vrf_leakage
2026-07-19T18:33:38+00:00,station3,0.0,2.766,20.67,0.0,196.74545454545452,1094.3454545454545,0.001573963636363636,0.008754763636363636,vrf_leakage,compound_tunnel_degradation_04_vrf_leakage
2026-07-19T18:33:53+00:00,station1,0.0,1.445,22.386,0.0,18208.054545454546,211587.94545454544,0.14566443636363638,1.6927035636363634,vrf_leakage,compound_tunnel_degradation_04_vrf_leakage
2026-07-19T18:33:53+00:00,station2,0.0,1.871,22.434,0.0,210107.3818181818,19593.363636363636,1.6808590545454545,0.15674690909090908,vrf_leakage,compound_tunnel_degradation_04_vrf_leakage
2026-07-19T18:33:53+00:00,station3,0.0,3.324,17.005,0.0,236.1090909090909,1311.6363636363635,0.001888872727272727,0.010493090909090909,vrf_leakage,compound_tunnel_degradation_04_vrf_leakage
2026-07-19T18:34:08+00:00,station1,0.0,4.019,25.442,0.0,14767.805516664546,168451.44280597122,0.11814244413331637,1.3476115424477697,vrf_leakage,compound_tunnel_degradation_04_vrf_leakage
2026-07-19T18:34:08+00:00,station2,0.0,3.163,23.376,0.0,167084.32727272724,15842.090909090908,1.3366746181818179,0.12673672727272725,vrf_leakage,compound_tunnel_degradation_04_vrf_leakage
2026-07-19T18:34:08+00:00,station3,0.0,2.339,20.756,0.0,200.03636363636363,1096.5272727272725,0.001600290909090909,0.00877221818181818,vrf_leakage,compound_tunnel_degradation_04_vrf_leakage
2026-07-19T18:34:23+00:00,station1,0.0,3.069,31.807,0.0,17096.140210533973,195250.98630983764,0.13676912168427177,1.5620078904787011,vrf_leakage,compound_tunnel_degradation_04_vrf_leakage
2026-07-19T18:34:23+00:00,station2,0.0,3.912,31.113,25.0,193605.58181818182,18293.454545454544,1.5488446545454546,0.14634763636363635,vrf_leakage,compound_tunnel_degradation_04_vrf_leakage
2026-07-19T18:34:23+00:00,station3,0.0,3.961,22.144,0.0,236.54545454545453,1310.909090909091,0.0018923636363636363,0.010487272727272729,vrf_leakage,compound_tunnel_degradation_04_vrf_leakage
2026-07-19T18:34:38+00:00,station1,0.0,2.851,37.292,25.0,12209.236363636363,137674.07272727272,0.0976738909090909,1.1013925818181818,vrf_leakage,compound_tunnel_degradation_04_vrf_leakage
2026-07-19T18:34:38+00:00,station2,0.0,2.691,29.366,0.0,136333.1818181818,13192.872727272725,1.0906654545454544,0.1055429818181818,vrf_leakage,compound_tunnel_degradation_04_vrf_leakage
2026-07-19T18:34:38+00:00,station3,0.0,7.57,24.109,0.0,195.87272727272727,1095.1454545454544,0.0015669818181818181,0.008761163636363636,vrf_leakage,compound_tunnel_degradation_04_vrf_leakage
2026-07-19T18:34:53+00:00,station1,0.0,6.207,37.237,0.0,15273.945454545454,173386.03636363635,0.12219156363636363,1.3870882909090907,vrf_leakage,compound_tunnel_degradation_04_vrf_leakage
2026-07-19T18:34:53+00:00,station2,0.0,2.535,33.931,40.0,171711.32727272724,16387.83636363636,1.373690618181818,0.13110269090909088,vrf_leakage,compound_tunnel_degradation_04_vrf_leakage
2026-07-19T18:34:53+00:00,station3,0.0,3.552,23.373,0.0,235.23636363636362,1313.1818181818182,0.0018818909090909089,0.010505454545454545,vrf_leakage,compound_tunnel_degradation_04_vrf_leakage
2026-07-19T18:35:08+00:00,station1,0.0,4.799,31.437,0.0,9883.539102132843,112561.77609687802,0.07906831281706275,0.9004942087750242,vrf_leakage,compound_tunnel_degradation_04_vrf_leakage
2026-07-19T18:35:08+00:00,station2,0.0,4.745,34.508,0.0,111281.94545454545,10922.363636363636,0.8902555636363636,0.08737890909090909,vrf_leakage,compound_tunnel_degradation_04_vrf_leakage
2026-07-19T18:35:08+00:00,station3,0.0,3.495,23.705,0.0,195.89090909090908,1095.0181818181816,0.0015671272727272726,0.008760145454545452,vrf_leakage,compound_tunnel_degradation_04_vrf_leakage
2026-07-19T18:35:23+00:00,station1,0.0,3.71,28.443,0.0,10313.76934126075,115836.76066837579,0.082510154730086,0.9266940853470064,vrf_leakage,compound_tunnel_degradation_04_vrf_leakage
2026-07-19T18:35:23+00:00,station2,0.0,4.411,32.557,0.0,114344.96363636362,11605.327272727272,0.914759709090909,0.09284261818181817,vrf_leakage,compound_tunnel_degradation_04_vrf_leakage
2026-07-19T18:35:23+00:00,station3,0.0,4.656,25.422,0.0,232.03636363636363,1315.1454545454544,0.0018562909090909091,0.010521163636363635,vrf_leakage,compound_tunnel_degradation_04_vrf_leakage
2026-07-19T18:35:38+00:00,station1,0.0,6.655,36.319,25.0,8020.763636363636,88830.03636363636,0.06416610909090908,0.7106402909090909,vrf_leakage,compound_tunnel_degradation_04_vrf_leakage
2026-07-19T18:35:38+00:00,station2,0.0,7.155,37.239,0.0,87677.61818181818,9195.890909090907,0.7014209454545455,0.07356712727272725,vrf_leakage,compound_tunnel_degradation_04_vrf_leakage
2026-07-19T18:35:38+00:00,station3,0.0,1.989,25.43,0.0,191.36363636363635,1095.6181818181817,0.0015309090909090908,0.008764945454545453,vrf_leakage,compound_tunnel_degradation_04_vrf_leakage
2026-07-19T18:35:53+00:00,station1,0.0,3.202,39.846,0.0,9872.490909090908,110577.27272727272,0.07897992727272726,0.8846181818181817,vrf_leakage,compound_tunnel_degradation_04_vrf_leakage
2026-07-19T18:35:53+00:00,station2,0.0,6.635,32.578,25.0,109266.67272727271,11265.145454545453,0.8741333818181817,0.09012116363636362,vrf_leakage,compound_tunnel_degradation_04_vrf_leakage
2026-07-19T18:35:53+00:00,station3,0.0,6.97,29.143,0.0,230.7272727272727,1313.890909090909,0.0018458181818181815,0.010511127272727272,vrf_leakage,compound_tunnel_degradation_04_vrf_leakage
2026-07-19T18:36:08+00:00,station1,0.0,4.757,36.845,0.0,9626.070512937069,110395.11246067967,0.07700856410349655,0.8831608996854373,vrf_leakage,compound_tunnel_degradation_04_vrf_leakage
2026-07-19T18:36:08+00:00,station2,0.0,5.09,33.22,0.0,109249.14545454545,10808.01818181818,0.8739931636363636,0.08646414545454545,vrf_leakage,compound_tunnel_degradation_04_vrf_leakage
2026-07-19T18:36:08+00:00,station3,0.0,1.624,27.976,0.0,192.94545454545454,1095.109090909091,0.0015435636363636362,0.008760872727272728,vrf_leakage,compound_tunnel_degradation_04_vrf_leakage
2026-07-19T18:36:23+00:00,station1,0.0,2.318,28.911,0.0,9400.58910162003,105428.60779286896,0.07520471281296023,0.8434288623429517,vrf_leakage,compound_tunnel_degradation_04_vrf_leakage
2026-07-19T18:36:23+00:00,station2,0.0,2.052,35.478,40.0,104042.74545454544,10789.163636363635,0.8323419636363635,0.08631330909090908,vrf_leakage,compound_tunnel_degradation_04_vrf_leakage
2026-07-19T18:36:23+00:00,station3,0.0,4.746,28.379,0.0,230.7272727272727,1311.709090909091,0.0018458181818181815,0.010493672727272727,vrf_leakage,compound_tunnel_degradation_04_vrf_leakage
2026-07-19T18:36:38+00:00,station1,0.0,10.901,41.121,25.0,6910.1454545454535,76309.47272727272,0.05528116363636363,0.6104757818181817,vrf_leakage,compound_tunnel_degradation_04_vrf_leakage
2026-07-19T18:36:38+00:00,station2,0.0,6.67,44.111,0.0,75043.21818181819,7944.309090909091,0.6003457454545454,0.06355447272727273,vrf_leakage,compound_tunnel_degradation_04_vrf_leakage
2026-07-19T18:36:38+00:00,station3,0.0,4.741,37.499,25.0,192.89090909090908,1093.8545454545454,0.0015431272727272727,0.008750836363636362,vrf_leakage,compound_tunnel_degradation_04_vrf_leakage
2026-07-19T18:36:53+00:00,station1,0.0,2.55,50.205,0.0,8067.50909090909,88760.16363636362,0.06454007272727272,0.7100813090909089,vrf_leakage,compound_tunnel_degradation_04_vrf_leakage
2026-07-19T18:36:53+00:00,station2,0.0,7.872,46.234,0.0,87185.5818181818,9261.036363636364,0.6974846545454544,0.07408829090909091,vrf_leakage,compound_tunnel_degradation_04_vrf_leakage
2026-07-19T18:36:53+00:00,station3,0.0,3.259,43.45,0.0,232.25454545454542,1312.8545454545454,0.0018580363636363634,0.010502836363636362,vrf_leakage,compound_tunnel_degradation_04_vrf_leakage
2026-07-19T18:37:08+00:00,station1,0.0,6.358,48.769,0.0,6484.6,70901.38181818182,0.0518768,0.5672110545454546,vrf_leakage,compound_tunnel_degradation_04_vrf_leakage
2026-07-19T18:37:08+00:00,station2,0.0,8.759,43.135,0.0,69666.30909090908,7473.581818181818,0.5573304727272727,0.05978865454545454,vrf_leakage,compound_tunnel_degradation_04_vrf_leakage
2026-07-19T18:37:08+00:00,station3,0.0,7.898,38.228,0.0,194.43636363636364,1096.381818181818,0.0015554909090909092,0.008771054545454545,vrf_leakage,compound_tunnel_degradation_04_vrf_leakage
2026-07-19T18:37:23+00:00,station1,0.0,5.588,45.778,0.0,8072.453228123125,90238.72293231032,0.064579625824985,0.7219097834584826,vrf_leakage,compound_tunnel_degradation_04_vrf_leakage
2026-07-19T18:37:23+00:00,station2,0.0,2.32,52.156,0.0,88649.90909090909,9267.036363636364,0.7091992727272727,0.07413629090909091,vrf_leakage,compound_tunnel_degradation_04_vrf_leakage
2026-07-19T18:37:23+00:00,station3,0.0,4.272,35.661,25.0,235.34545454545454,1317.4363636363635,0.0018827636363636365,0.010539490909090907,vrf_leakage,compound_tunnel_degradation_04_vrf_leakage
2026-07-19T18:37:38+00:00,station1,0.0,6.282,45.816,0.0,5191.054545454545,57239.61818181818,0.041528436363636366,0.4579169454545454,vrf_leakage,compound_tunnel_degradation_04_vrf_leakage
2026-07-19T18:37:38+00:00,station2,0.0,7.987,50.945,0.0,56016.818181818184,6279.545454545454,0.44813454545454545,0.050236363636363635,vrf_leakage,compound_tunnel_degradation_04_vrf_leakage
2026-07-19T18:37:38+00:00,station3,0.0,3.549,36.709,0.0,194.89090909090908,1095.7818181818182,0.0015591272727272726,0.008766254545454545,vrf_leakage,compound_tunnel_degradation_04_vrf_leakage
2026-07-19T18:37:53+00:00,station1,0.0,4.576,48.098,0.0,6217.723314121561,67847.29368556936,0.04974178651297249,0.5427783494845548,vrf_leakage,compound_tunnel_degradation_04_vrf_leakage
2026-07-19T18:37:53+00:00,station2,0.0,5.328,40.573,0.0,66363.18181818181,7508.654545454545,0.5309054545454545,0.06006923636363636,vrf_leakage,compound_tunnel_degradation_04_vrf_leakage
2026-07-19T18:37:53+00:00,station3,0.0,7.057,34.316,0.0,235.34545454545454,1314.3272727272727,0.0018827636363636365,0.010514618181818182,vrf_leakage,compound_tunnel_degradation_04_vrf_leakage
2026-07-19T18:38:08+00:00,station1,0.0,1.008,50.195,0.0,4785.333745477025,51647.88988490282,0.038282669963816206,0.41318311907922256,vrf_leakage,compound_tunnel_degradation_04_vrf_leakage
2026-07-19T18:38:08+00:00,station2,0.0,6.081,48.804,25.0,50470.23636363636,5861.70909090909,0.40376189090909087,0.046893672727272726,vrf_leakage,compound_tunnel_degradation_04_vrf_leakage
2026-07-19T18:38:08+00:00,station3,0.0,6.996,41.945,0.0,197.63636363636363,1096.8181818181815,0.001581090909090909,0.008774545454545452,vrf_leakage,compound_tunnel_degradation_04_vrf_leakage
2026-07-19T18:38:23+00:00,station1,0.0,7.044,48.424,0.0,5932.601225432265,65093.307394411015,0.04746080980345812,0.5207464591552882,vrf_leakage,compound_tunnel_degradation_04_vrf_leakage
2026-07-19T18:38:23+00:00,station2,0.0,6.007,44.887,0.0,63812.23636363636,7324.418181818181,0.5104978909090909,0.05859534545454545,vrf_leakage,compound_tunnel_degradation_04_vrf_leakage
2026-07-19T18:38:23+00:00,station3,0.0,7.526,39.606,25.0,235.34545454545454,1310.581818181818,0.0018827636363636365,0.010484654545454546,vrf_leakage,compound_tunnel_degradation_04_vrf_leakage
2026-07-19T18:38:38+00:00,station1,0.0,3.544,47.762,0.0,5822.545454545454,65937.36363636363,0.046580363636363635,0.527498909090909,vrf_leakage,compound_tunnel_degradation_04_vrf_leakage
2026-07-19T18:38:38+00:00,station2,0.0,6.499,42.887,0.0,64795.145454545454,6998.272727272726,0.5183611636363636,0.05598618181818181,vrf_leakage,compound_tunnel_degradation_04_vrf_leakage
2026-07-19T18:38:38+00:00,station3,0.0,5.904,38.881,0.0,194.89090909090908,1092.7272727272725,0.0015591272727272726,0.00874181818181818,vrf_leakage,compound_tunnel_degradation_04_vrf_leakage
2026-07-19T18:38:53+00:00,station1,0.0,4.176,48.79,0.0,6186.6,65247.4909090909,0.0494928,0.5219799272727272,vrf_leakage,compound_tunnel_degradation_04_vrf_leakage
2026-07-19T18:38:53+00:00,station2,0.0,4.732,56.733,0.0,63743.90909090908,7465.163636363636,0.5099512727272727,0.05972130909090909,vrf_leakage,compound_tunnel_degradation_04_vrf_leakage
2026-07-19T18:38:53+00:00,station3,0.0,4.228,44.184,40.0,234.25454545454542,1313.6181818181817,0.0018740363636363634,0.010508945454545454,vrf_leakage,compound_tunnel_degradation_04_vrf_leakage
2026-07-19T18:39:08+00:00,station1,0.0,11.642,50.822,0.0,4796.497990799498,49482.71723912213,0.038371983926395986,0.3958617379129771,vrf_leakage,compound_tunnel_degradation_04_vrf_leakage
2026-07-19T18:39:08+00:00,station2,0.0,7.369,55.605,40.0,48236.38181818181,5856.727272727273,0.3858910545454545,0.046853818181818184,vrf_leakage,compound_tunnel_degradation_04_vrf_leakage
2026-07-19T18:39:08+00:00,station3,0.0,6.69,46.466,0.0,196.54545454545453,1097.4363636363635,0.0015723636363636363,0.008779490909090908,vrf_leakage,compound_tunnel_degradation_04_vrf_leakage
2026-07-19T18:39:23+00:00,station1,0.0,6.067,59.335,40.0,5495.990690401294,56567.467316399074,0.043967925523210355,0.4525397385311926,vrf_leakage,compound_tunnel_degradation_04_vrf_leakage
2026-07-19T18:39:23+00:00,station2,0.0,8.306,55.055,0.0,54979.43636363636,6665.1454545454535,0.4398354909090909,0.053321163636363626,vrf_leakage,compound_tunnel_degradation_04_vrf_leakage
2026-07-19T18:39:23+00:00,station3,0.0,6.609,46.645,0.0,247.99999999999997,1344.4363636363635,0.0019839999999999997,0.010755490909090908,vrf_leakage,compound_tunnel_degradation_04_vrf_leakage
2026-07-19T18:39:38+00:00,station1,0.0,3.173,43.652,40.0,4846.706303750978,49439.69890361643,0.03877365043000782,0.39551759122893143,vrf_leakage,compound_tunnel_degradation_04_vrf_leakage
2026-07-19T18:39:38+00:00,station2,0.0,3.898,56.243,25.0,48092.818181818184,5719.763636363637,0.38474254545454545,0.04575810909090909,vrf_leakage,compound_tunnel_degradation_04_vrf_leakage
2026-07-19T18:39:38+00:00,station3,0.0,7.451,50.766,0.0,206.0181818181818,1122.3090909090909,0.0016481454545454544,0.008978472727272728,vrf_leakage,compound_tunnel_degradation_04_vrf_leakage
2026-07-19T18:39:53+00:00,station1,0.0,7.772,50.773,0.0,5187.836363636364,56711.399999999994,0.04150269090909091,0.45369119999999996,vrf_leakage,compound_tunnel_degradation_04_vrf_leakage
2026-07-19T18:39:53+00:00,station2,0.0,7.908,52.268,0.0,55222.67272727272,6461.290909090909,0.4417813818181818,0.05169032727272727,vrf_leakage,compound_tunnel_degradation_04_vrf_leakage
2026-07-19T18:39:53+00:00,station3,0.0,2.791,41.706,0.0,244.94545454545454,1335.8363636363636,0.0019595636363636364,0.010686690909090909,vrf_leakage,compound_tunnel_degradation_04_vrf_leakage
2026-07-19T18:40:08+00:00,station1,0.0,4.568,49.895,0.0,3769.383227871118,39140.35566222997,0.030155065822968945,0.3131228452978398,vrf_leakage,compound_tunnel_degradation_04_vrf_leakage
2026-07-19T18:40:08+00:00,station2,0.0,0.45,51.409,0.0,37874.41818181818,4827.763636363637,0.3029953454545455,0.038622109090909094,vrf_leakage,compound_tunnel_degradation_04_vrf_leakage
2026-07-19T18:40:08+00:00,station3,0.0,0.864,56.922,25.0,210.29090909090908,1117.1454545454544,0.0016823272727272726,0.008937163636363635,vrf_leakage,compound_tunnel_degradation_04_vrf_leakage
2026-07-19T18:40:23+00:00,station1,0.0,9.092,51.878,0.0,4648.236363636363,48919.10909090909,0.037185890909090906,0.39135287272727276,vrf_leakage,compound_tunnel_degradation_04_vrf_leakage
2026-07-19T18:40:23+00:00,station2,0.0,6.463,58.719,25.0,47403.4,5941.890909090909,0.3792272,0.047535127272727275,vrf_leakage,compound_tunnel_degradation_04_vrf_leakage
2026-07-19T18:40:23+00:00,station3,0.0,4.616,44.643,25.0,231.74545454545452,1309.1636363636362,0.0018539636363636362,0.01047330909090909,vrf_leakage,compound_tunnel_degradation_04_vrf_leakage
2026-07-19T18:40:38+00:00,station1,0.0,6.534,57.136,25.0,3728.4363636363632,39524.65454545454,0.029827490909090905,0.31619723636363634,vrf_leakage,compound_tunnel_degradation_04_vrf_leakage
2026-07-19T18:40:38+00:00,station2,0.0,5.473,53.98,0.0,38323.83636363636,4808.418181818181,0.30659069090909086,0.03846734545454545,vrf_leakage,compound_tunnel_degradation_04_vrf_leakage
2026-07-19T18:40:38+00:00,station3,0.0,4.521,44.678,0.0,191.29090909090908,1091.2363636363636,0.0015303272727272726,0.008729890909090909,vrf_leakage,compound_tunnel_degradation_04_vrf_leakage
2026-07-19T18:40:53+00:00,station1,0.0,9.01,55.701,25.0,4718.345454545454,50374.67272727272,0.03774676363636363,0.4029973818181818,vrf_leakage,compound_tunnel_degradation_04_vrf_leakage
2026-07-19T18:40:53+00:00,station2,0.0,5.893,58.996,0.0,48939.65454545454,6025.581818181818,0.39151723636363633,0.04820465454545454,vrf_leakage,compound_tunnel_degradation_04_vrf_leakage
2026-07-19T18:40:53+00:00,station3,0.0,7.484,51.459,25.0,229.09090909090907,1311.0727272727272,0.0018327272727272725,0.010488581818181818,vrf_leakage,compound_tunnel_degradation_04_vrf_leakage
2026-07-19T18:41:08+00:00,station1,0.0,13.014,54.713,0.0,4582.049929996181,50501.64554430242,0.03665639943996945,0.40401316435441936,vrf_leakage,compound_tunnel_degradation_04_vrf_leakage
2026-07-19T18:41:08+00:00,station2,0.0,3.442,58.797,0.0,49204.05454545454,5664.927272727273,0.3936324363636363,0.045319418181818186,vrf_leakage,compound_tunnel_degradation_04_vrf_leakage
2026-07-19T18:41:08+00:00,station3,0.0,9.131,40.514,25.0,194.2181818181818,1095.3454545454545,0.0015537454545454543,0.008762763636363635,vrf_leakage,compound_tunnel_degradation_04_vrf_leakage
2026-07-19T18:41:23+00:00,station1,0.0,3.828,43.031,0.0,4819.727272727273,50789.03636363636,0.038557818181818186,0.4063122909090909,vrf_leakage,compound_tunnel_degradation_04_vrf_leakage
2026-07-19T18:41:23+00:00,station2,0.0,7.227,57.029,0.0,49277.8,6107.7818181818175,0.39422240000000003,0.048862254545454537,vrf_leakage,compound_tunnel_degradation_04_vrf_leakage
2026-07-19T18:41:23+00:00,station3,0.0,5.804,40.075,0.0,230.36363636363635,1311.4727272727273,0.0018429090909090908,0.010491781818181818,vrf_leakage,compound_tunnel_degradation_04_vrf_leakage
2026-07-19T18:41:38+00:00,station1,0.0,2.131,61.149,0.0,4157.099478153354,43217.19366510901,0.03325679582522683,0.3457375493208721,vrf_leakage,compound_tunnel_degradation_04_vrf_leakage
2026-07-19T18:41:38+00:00,station2,0.0,13.022,59.537,0.0,41939.69090909091,5229.163636363636,0.33551752727272727,0.04183330909090909,vrf_leakage,compound_tunnel_degradation_04_vrf_leakage
2026-07-19T18:41:38+00:00,station3,0.0,1.907,48.52,0.0,191.98181818181817,1093.3272727272727,0.0015358545454545454,0.008746618181818181,vrf_leakage,compound_tunnel_degradation_04_vrf_leakage
2026-07-19T18:41:53+00:00,station1,0.0,3.292,64.57,0.0,5214.127272727273,54790.399999999994,0.04171301818181818,0.43832319999999997,vrf_leakage,compound_tunnel_degradation_04_vrf_leakage
2026-07-19T18:41:53+00:00,station2,0.0,1.68,47.263,0.0,53249.145454545454,6498.7818181818175,0.42599316363636364,0.05199025454545454,vrf_leakage,compound_tunnel_degradation_04_vrf_leakage
2026-07-19T18:41:53+00:00,station3,0.0,1.127,51.432,0.0,235.63636363636363,1312.9272727272726,0.001885090909090909,0.01050341818181818,vrf_leakage,compound_tunnel_degradation_04_vrf_leakage
2026-07-19T18:42:08+00:00,station1,0.0,4.06,66.01,0.0,5031.347164390785,53939.942178664285,0.04025077731512628,0.43151953742931426,vrf_leakage,compound_tunnel_degradation_04_vrf_leakage
2026-07-19T18:42:08+00:00,station2,0.0,7.219,55.79,25.0,52635.145454545454,6028.072727272726,0.4210811636363636,0.04822458181818181,vrf_leakage,compound_tunnel_degradation_04_vrf_leakage
2026-07-19T18:42:08+00:00,station3,0.0,2.735,51.419,0.0,196.65454545454543,1093.4,0.0015732363636363634,0.0087472,vrf_leakage,compound_tunnel_degradation_04_vrf_leakage
2026-07-19T18:42:23+00:00,station1,0.0,4.663,53.38,25.0,5497.172675866835,60169.54853724614,0.043977381406934676,0.4813563882979691,vrf_leakage,compound_tunnel_degradation_04_vrf_leakage
2026-07-19T18:42:23+00:00,station2,0.0,12.287,57.629,0.0,58610.23636363636,6789.799999999999,0.4688818909090909,0.054318399999999996,vrf_leakage,compound_tunnel_degradation_04_vrf_leakage
2026-07-19T18:42:23+00:00,station3,0.0,2.542,54.453,0.0,233.05454545454543,1312.7272727272725,0.0018644363636363636,0.01050181818181818,vrf_leakage,compound_tunnel_degradation_04_vrf_leakage
2026-07-19T18:42:38+00:00,station1,0.0,0.828,55.145,0.0,4148.218181818182,43992.781818181815,0.03318574545454545,0.3519422545454545,vrf_leakage,compound_tunnel_degradation_04_vrf_leakage
2026-07-19T18:42:38+00:00,station2,0.0,1.911,63.307,50.0,42728.34545454545,5228.4,0.3418267636363636,0.041827199999999995,vrf_leakage,compound_tunnel_degradation_04_vrf_leakage
2026-07-19T18:42:38+00:00,station3,0.0,0.619,54.072,0.0,186.8181818181818,1090.7272727272727,0.0014945454545454546,0.008725818181818182,vrf_leakage,compound_tunnel_degradation_04_vrf_leakage
2026-07-19T18:42:53+00:00,station1,0.0,4.904,53.199,25.0,5045.581818181818,53304.83636363636,0.04036465454545454,0.42643869090909087,vrf_leakage,compound_tunnel_degradation_04_vrf_leakage
2026-07-19T18:42:53+00:00,station2,0.0,7.912,52.616,0.0,51851.2909090909,6329.636363636363,0.4148103272727272,0.0506370909090909,vrf_leakage,compound_tunnel_degradation_04_vrf_leakage
2026-07-19T18:42:53+00:00,station3,0.0,7.767,42.215,0.0,249.59999999999997,1340.4363636363635,0.0019967999999999995,0.010723490909090907,vrf_leakage,compound_tunnel_degradation_04_vrf_leakage
2026-07-19T18:43:08+00:00,station1,0.0,8.157,57.04,0.0,4092.423223084895,42443.86057421313,0.032739385784679165,0.3395508845937051,vrf_leakage,compound_tunnel_degradation_04_vrf_leakage
2026-07-19T18:43:08+00:00,station2,0.0,9.147,58.686,0.0,41272.2,5155.472727272727,0.33017759999999996,0.041243781818181814,vrf_leakage,compound_tunnel_degradation_04_vrf_leakage
2026-07-19T18:43:08+00:00,station3,0.0,4.017,45.917,0.0,214.5090909090909,1123.709090909091,0.0017160727272727272,0.008989672727272727,vrf_leakage,compound_tunnel_degradation_04_vrf_leakage
2026-07-19T18:43:23+00:00,station1,0.0,9.693,56.527,0.0,5567.763636363637,60001.16363636363,0.044542109090909096,0.480009309090909,vrf_leakage,compound_tunnel_degradation_04_vrf_leakage
2026-07-19T18:43:23+00:00,station2,0.0,4.027,48.815,0.0,58546.454545454544,6859.7818181818175,0.4683716363636364,0.05487825454545454,vrf_leakage,compound_tunnel_degradation_04_vrf_leakage
2026-07-19T18:43:23+00:00,station3,0.0,1.764,38.512,0.0,246.54545454545453,1333.909090909091,0.0019723636363636362,0.010671272727272727,vrf_leakage,compound_tunnel_degradation_04_vrf_leakage
2026-07-19T18:43:38+00:00,station1,0.0,8.562,51.866,0.0,4847.090909090909,53800.58181818181,0.038776727272727275,0.43040465454545446,vrf_leakage,compound_tunnel_degradation_04_vrf_leakage
2026-07-19T18:43:38+00:00,station2,0.0,5.861,58.387,0.0,52506.70909090909,5923.8,0.42005367272727273,0.0473904,vrf_leakage,compound_tunnel_degradation_04_vrf_leakage
2026-07-19T18:43:38+00:00,station3,0.0,11.517,45.172,0.0,190.27272727272728,1088.3999999999999,0.0015221818181818181,0.008707199999999998,vrf_leakage,compound_tunnel_degradation_04_vrf_leakage
2026-07-19T18:43:53+00:00,station1,0.0,9.785,49.595,25.0,5095.879700341843,53503.654811258995,0.04076703760273474,0.42802923849007196,vrf_leakage,compound_tunnel_degradation_04_vrf_leakage
2026-07-19T18:43:53+00:00,station2,0.0,6.567,50.522,0.0,51992.56363636363,6380.472727272727,0.415940509090909,0.05104378181818182,vrf_leakage,compound_tunnel_degradation_04_vrf_leakage
2026-07-19T18:43:53+00:00,station3,0.0,5.394,49.821,25.0,235.89090909090908,1318.3636363636363,0.0018871272727272726,0.01054690909090909,vrf_leakage,compound_tunnel_degradation_04_vrf_leakage
2026-07-19T18:44:08+00:00,station1,0.0,11.722,55.458,0.0,4133.516373620379,42670.30928959761,0.03306813098896304,0.34136247431678085,vrf_leakage,compound_tunnel_degradation_04_vrf_leakage
2026-07-19T18:44:08+00:00,station2,0.0,8.134,45.475,0.0,41394.30909090909,5204.181818181818,0.3311544727272727,0.04163345454545454,vrf_leakage,compound_tunnel_degradation_04_vrf_leakage
2026-07-19T18:44:08+00:00,station3,0.0,6.314,39.881,0.0,196.65454545454543,1100.381818181818,0.0015732363636363634,0.008803054545454544,vrf_leakage,compound_tunnel_degradation_04_vrf_leakage
2026-07-19T18:44:23+00:00,station1,0.0,4.741,51.937,25.0,4743.4498809069255,48419.37126129566,0.037947599047255406,0.3873549700903653,vrf_leakage,compound_tunnel_degradation_04_vrf_leakage
2026-07-19T18:44:23+00:00,station2,0.0,2.886,61.098,0.0,47016.4909090909,6032.309090909091,0.3761319272727272,0.048258472727272725,vrf_leakage,compound_tunnel_degradation_04_vrf_leakage
2026-07-19T18:44:23+00:00,station3,0.0,7.575,42.798,0.0,232.36363636363635,1319.4363636363635,0.0018589090909090908,0.010555490909090907,vrf_leakage,compound_tunnel_degradation_04_vrf_leakage
2026-07-19T18:44:38+00:00,station1,0.0,4.854,46.713,40.0,4568.4,48091.50909090909,0.036547199999999995,0.38473207272727267,vrf_leakage,compound_tunnel_degradation_04_vrf_leakage
2026-07-19T18:44:38+00:00,station2,0.0,1.441,59.577,0.0,46907.90909090909,5652.418181818181,0.3752632727272727,0.04521934545454545,vrf_leakage,compound_tunnel_degradation_04_vrf_leakage
2026-07-19T18:44:38+00:00,station3,0.0,6.768,41.336,40.0,187.1090909090909,1093.6181818181817,0.001496872727272727,0.008748945454545454,vrf_leakage,compound_tunnel_degradation_04_vrf_leakage
2026-07-19T18:44:53+00:00,station1,0.0,6.692,54.896,0.0,4748.704616111849,50889.75146810174,0.03798963692889479,0.40711801174481393,vrf_leakage,compound_tunnel_degradation_04_vrf_leakage
2026-07-19T18:44:53+00:00,station2,0.0,8.954,57.555,0.0,49491.61818181818,6130.963636363636,0.39593294545454544,0.049047709090909095,vrf_leakage,compound_tunnel_degradation_04_vrf_leakage
2026-07-19T18:44:53+00:00,station3,0.0,7.341,38.679,0.0,239.85454545454544,1318.8727272727272,0.0019188363636363636,0.010550981818181817,vrf_leakage,compound_tunnel_degradation_04_vrf_leakage
2026-07-19T18:45:08+00:00,station1,0.0,1.581,66.818,25.0,3664.3090909090906,37013.41818181818,0.029314472727272726,0.2961073454545455,vrf_leakage,compound_tunnel_degradation_04_vrf_leakage
2026-07-19T18:45:08+00:00,station2,0.0,2.746,58.847,0.0,35758.6,4731.272727272726,0.2860688,0.03785018181818181,vrf_leakage,compound_tunnel_degradation_04_vrf_leakage
2026-07-19T18:45:08+00:00,station3,0.0,2.135,34.608,25.0,207.38181818181818,1104.8727272727272,0.0016590545454545453,0.008838981818181817,vrf_leakage,compound_tunnel_degradation_04_vrf_leakage
2026-07-19T18:45:23+00:00,station1,0.0,4.031,55.177,0.0,4591.8727272727265,47529.21818181818,0.036734981818181814,0.3802337454545454,vrf_leakage,compound_tunnel_degradation_04_vrf_leakage
2026-07-19T18:45:23+00:00,station2,0.0,6.546,53.343,0.0,46041.18181818181,5878.490909090909,0.36832945454545446,0.04702792727272727,vrf_leakage,compound_tunnel_degradation_04_vrf_leakage
2026-07-19T18:45:23+00:00,station3,0.0,4.599,36.771,0.0,245.9272727272727,1320.509090909091,0.0019674181818181815,0.010564072727272727,vrf_leakage,compound_tunnel_degradation_04_vrf_leakage
2026-07-19T18:45:38+00:00,station1,0.0,9.252,53.002,25.0,3923.9314219224407,39631.09284948094,0.03139145137537953,0.31704874279584755,vrf_leakage,compound_tunnel_degradation_04_vrf_leakage
2026-07-19T18:45:38+00:00,station2,0.0,8.822,56.718,0.0,38452.38181818181,4983.1454545454535,0.3076190545454545,0.03986516363636363,vrf_leakage,compound_tunnel_degradation_04_vrf_leakage
2026-07-19T18:45:38+00:00,station3,0.0,1.578,35.186,0.0,216.78181818181818,1119.7818181818182,0.0017342545454545454,0.008958254545454545,vrf_leakage,compound_tunnel_degradation_04_vrf_leakage
2026-07-19T18:45:53+00:00,station1,0.0,4.307,48.294,25.0,5336.563636363636,56143.50909090909,0.04269250909090909,0.4491480727272727,vrf_leakage,compound_tunnel_degradation_04_vrf_leakage
2026-07-19T18:45:53+00:00,station2,0.0,7.188,62.888,25.0,54580.27272727272,6530.70909090909,0.43664218181818176,0.05224567272727272,vrf_leakage,compound_tunnel_degradation_04_vrf_leakage
2026-07-19T18:45:53+00:00,station3,0.0,3.502,45.983,0.0,254.5090909090909,1339.2181818181816,0.002036072727272727,0.010713745454545454,vrf_leakage,compound_tunnel_degradation_04_vrf_leakage
2026-07-19T18:46:08+00:00,station1,0.0,7.134,55.66,0.0,4514.564695614226,48932.04960360753,0.03611651756491381,0.39145639682886024,vrf_leakage,compound_tunnel_degradation_04_vrf_leakage
2026-07-19T18:46:08+00:00,station2,0.0,9.406,55.456,0.0,47639.83636363636,5575.527272727272,0.38111869090909084,0.04460421818181818,vrf_leakage,compound_tunnel_degradation_04_vrf_leakage
2026-07-19T18:46:08+00:00,station3,0.0,9.331,45.283,40.0,219.5272727272727,1125.290909090909,0.0017562181818181815,0.009002327272727272,vrf_leakage,compound_tunnel_degradation_04_vrf_leakage
2026-07-19T18:46:23+00:00,station1,0.0,9.485,61.379,0.0,5008.927272727273,51938.34545454545,0.04007141818181818,0.41550676363636363,vrf_leakage,compound_tunnel_degradation_04_vrf_leakage
2026-07-19T18:46:23+00:00,station2,0.0,2.814,44.405,25.0,50451.32727272727,6284.818181818181,0.40361061818181815,0.05027854545454545,vrf_leakage,compound_tunnel_degradation_04_vrf_leakage
2026-07-19T18:46:23+00:00,station3,0.0,11.94,47.867,0.0,256.98181818181814,1342.2545454545455,0.002055854545454545,0.010738036363636363,vrf_leakage,compound_tunnel_degradation_04_vrf_leakage
2026-07-19T18:46:38+00:00,station1,0.0,1.977,45.987,0.0,3988.6175609578704,41411.93155990327,0.03190894048766296,0.33129545247922615,vrf_leakage,compound_tunnel_degradation_04_vrf_leakage
2026-07-19T18:46:38+00:00,station2,0.0,9.39,58.027,0.0,40189.94545454545,5068.163636363636,0.3215195636363636,0.04054530909090909,vrf_leakage,compound_tunnel_degradation_04_vrf_leakage
2026-07-19T18:46:38+00:00,station3,0.0,10.366,47.296,25.0,197.18181818181816,1098.3454545454545,0.0015774545454545453,0.008786763636363635,vrf_leakage,compound_tunnel_degradation_04_vrf_leakage
2026-07-19T18:46:53+00:00,station1,0.0,7.205,49.983,0.0,4606.138293423517,47542.19167621229,0.03684910634738814,0.38033753340969834,vrf_leakage,compound_tunnel_degradation_04_vrf_leakage
2026-07-19T18:46:53+00:00,station2,0.0,7.198,52.642,0.0,46135.2909090909,5901.127272727273,0.3690823272727272,0.047209018181818184,vrf_leakage,compound_tunnel_degradation_04_vrf_leakage
2026-07-19T18:46:53+00:00,station3,0.0,4.222,36.638,25.0,233.49090909090907,1317.9636363636362,0.0018679272727272725,0.01054370909090909,vrf_leakage,compound_tunnel_degradation_04_vrf_leakage
2026-07-19T18:47:08+00:00,station1,0.0,6.999,61.445,0.0,4278.272727272727,46552.781818181815,0.034226181818181815,0.3724222545454545,vrf_leakage,compound_tunnel_degradation_04_vrf_leakage
2026-07-19T18:47:08+00:00,station2,0.0,6.028,45.343,0.0,45303.145454545454,5348.345454545454,0.3624251636363636,0.042786763636363634,vrf_leakage,compound_tunnel_degradation_04_vrf_leakage
2026-07-19T18:47:08+00:00,station3,0.0,0.992,51.176,0.0,218.29090909090908,1128.8181818181815,0.0017463272727272726,0.009030545454545453,vrf_leakage,compound_tunnel_degradation_04_vrf_leakage
2026-07-19T18:47:23+00:00,station1,0.0,0.142,0.792,0.0,78215.68698750931,1533993.854657188,0.6257254959000745,12.271950837257505,vrf_leakage,compound_tunnel_degradation_04_vrf_leakage
2026-07-19T18:47:23+00:00,station2,0.0,0.262,0.884,0.0,1532794.2727272727,79568.52727272727,12.262354181818182,0.6365482181818182,vrf_leakage,compound_tunnel_degradation_04_vrf_leakage
2026-07-19T18:47:23+00:00,station3,0.0,0.338,1.964,0.0,251.16363636363633,1344.3636363636363,0.0020093090909090905,0.01075490909090909,vrf_leakage,compound_tunnel_degradation_04_vrf_leakage
2026-07-19T18:47:38+00:00,station1,0.0,0.088,0.779,0.0,188375.85454545452,3750165.7999999993,1.5070068363636362,30.001326399999996,vrf_leakage,compound_tunnel_degradation_04_vrf_leakage
2026-07-19T18:47:38+00:00,station2,0.0,0.042,0.834,0.0,3749217.0727272723,189462.27272727274,29.99373658181818,1.5156981818181818,vrf_leakage,compound_tunnel_degradation_04_vrf_leakage
2026-07-19T18:47:38+00:00,station3,0.0,0.341,1.907,0.0,210.8181818181818,1119.709090909091,0.0016865454545454545,0.008957672727272728,vrf_leakage,compound_tunnel_degradation_04_vrf_leakage
2026-07-19T18:47:53+00:00,station1,0.0,0.458,1.068,0.0,411750.309090909,8212702.8545454545,3.2940024727272723,65.70162283636364,vrf_leakage,compound_tunnel_degradation_04_vrf_leakage
2026-07-19T18:47:53+00:00,station2,0.0,0.827,1.354,0.0,8211067.072727272,413046.16363636364,65.68853658181818,3.304369309090909,vrf_leakage,compound_tunnel_degradation_04_vrf_leakage
2026-07-19T18:47:53+00:00,station3,0.0,0.367,1.891,0.0,254.79999999999998,1334.909090909091,0.0020383999999999997,0.010679272727272728,vrf_leakage,compound_tunnel_degradation_04_vrf_leakage
2026-07-19T18:48:08+00:00,station1,0.0,0.267,0.878,0.0,472530.3016528174,9414401.894648798,3.780242413222539,75.31521515719038,vrf_leakage,compound_tunnel_degradation_04_vrf_leakage
2026-07-19T18:48:08+00:00,station2,0.0,0.778,1.28,0.0,9412744.418181816,473556.1272727272,75.30195534545453,3.788449018181818,vrf_leakage,compound_tunnel_degradation_04_vrf_leakage
2026-07-19T18:48:08+00:00,station3,0.0,0.125,1.593,0.0,199.0181818181818,1093.3454545454545,0.0015921454545454543,0.008746763636363635,vrf_leakage,compound_tunnel_degradation_04_vrf_leakage
2026-07-19T18:48:23+00:00,station1,0.0,0.039,0.253,0.0,647926.5636363636,12932567.4,5.183412509090909,103.4605392,vrf_leakage,compound_tunnel_degradation_04_vrf_leakage
2026-07-19T18:48:23+00:00,station2,0.0,0.066,0.263,0.0,12930910.67272727,649177.5818181818,103.44728538181816,5.193420654545454,vrf_leakage,compound_tunnel_degradation_04_vrf_leakage
2026-07-19T18:48:23+00:00,station3,0.0,0.029,0.34,0.0,241.49090909090907,1308.5636363636363,0.0019319272727272726,0.01046850909090909,vrf_leakage,compound_tunnel_degradation_04_vrf_leakage
2026-07-19T18:48:38+00:00,station1,0.0,2.318,2.426,0.0,445527.3368606702,8873530.500554556,3.5642186948853616,70.98824400443645,vrf_leakage,compound_tunnel_degradation_04_vrf_leakage
2026-07-19T18:48:38+00:00,station2,0.0,2.421,2.487,0.0,8872086.018181818,446605.0727272727,70.97668814545455,3.5728405818181814,vrf_leakage,compound_tunnel_degradation_04_vrf_leakage
2026-07-19T18:48:38+00:00,station3,0.0,0.515,1.002,0.0,196.2,1089.2181818181818,0.0015696,0.008713745454545455,vrf_leakage,compound_tunnel_degradation_04_vrf_leakage
2026-07-19T18:48:53+00:00,station1,0.0,0.122,0.817,0.0,557245.1955418992,11105175.414992454,4.457961564335194,88.84140331993963,vrf_leakage,compound_tunnel_degradation_04_vrf_leakage
2026-07-19T18:48:53+00:00,station2,0.0,0.347,1.082,0.0,11104110.309090909,558561.3818181817,88.83288247272726,4.468491054545454,vrf_leakage,compound_tunnel_degradation_04_vrf_leakage
2026-07-19T18:48:53+00:00,station3,0.0,0.353,1.538,0.0,237.27272727272728,1309.0545454545454,0.0018981818181818182,0.010472436363636364,vrf_leakage,compound_tunnel_degradation_04_vrf_leakage
2026-07-19T18:49:08+00:00,station1,0.0,0.563,1.216,0.0,445724.8909090909,8872799.127272727,3.565799127272727,70.98239301818181,vrf_leakage,compound_tunnel_degradation_04_vrf_leakage
2026-07-19T18:49:08+00:00,station2,0.0,0.362,1.09,0.0,8871635.945454545,446813.23636363633,70.97308756363637,3.5745058909090908,vrf_leakage,compound_tunnel_degradation_04_vrf_leakage
2026-07-19T18:49:08+00:00,station3,0.0,0.522,1.826,0.0,203.7090909090909,1091.9818181818182,0.001629672727272727,0.008735854545454546,vrf_leakage,compound_tunnel_degradation_04_vrf_leakage
2026-07-19T18:49:23+00:00,station1,0.0,0.043,0.724,0.0,581386.116111202,11579288.368879436,4.6510889288896164,92.63430695103548,vrf_leakage,compound_tunnel_degradation_04_vrf_leakage
2026-07-19T18:49:23+00:00,station2,0.0,0.091,0.768,0.0,11577406.2,582687.4545454546,92.61924959999999,4.6614996363636365,vrf_leakage,compound_tunnel_degradation_04_vrf_leakage
2026-07-19T18:49:23+00:00,station3,0.0,0.253,1.628,0.0,236.18181818181816,1310.4545454545453,0.0018894545454545453,0.010483636363636362,vrf_leakage,compound_tunnel_degradation_04_vrf_leakage
2026-07-19T18:49:38+00:00,station1,0.0,0.039,0.242,0.0,539727.9636363636,10766306.836363636,4.317823709090909,86.13045469090909,vrf_leakage,compound_tunnel_degradation_04_vrf_leakage
2026-07-19T18:49:38+00:00,station2,0.0,0.029,0.227,0.0,10765140.672727274,540820.6545454545,86.12112538181819,4.326565236363637,vrf_leakage,compound_tunnel_degradation_04_vrf_leakage
2026-07-19T18:49:38+00:00,station3,0.0,0.037,0.214,0.0,199.47272727272727,1091.1818181818182,0.0015957818181818182,0.008729454545454545,vrf_leakage,compound_tunnel_degradation_04_vrf_leakage
2026-07-19T18:49:53+00:00,station1,0.0,0.066,0.719,0.0,446039.79999999993,8877288.018181818,3.5683183999999994,71.01830414545454,vrf_leakage,compound_tunnel_degradation_04_vrf_leakage
2026-07-19T18:49:53+00:00,station2,0.0,0.081,1.071,0.0,8875923.872727271,447337.16363636364,71.00739098181818,3.578697309090909,vrf_leakage,compound_tunnel_degradation_04_vrf_leakage
2026-07-19T18:49:53+00:00,station3,0.0,0.091,0.692,0.0,241.49090909090907,1307.9454545454544,0.0019319272727272726,0.010463563636363636,vrf_leakage,compound_tunnel_degradation_04_vrf_leakage
2026-07-19T18:50:08+00:00,station1,0.0,1.537,1.89,0.0,332762.8545454545,6641929.527272727,2.662102836363636,53.135436218181816,vrf_leakage,compound_tunnel_degradation_04_vrf_leakage
2026-07-19T18:50:08+00:00,station2,0.0,1.554,1.819,0.0,6640771.327272727,333839.8545454545,53.12617061818182,2.670718836363636,vrf_leakage,compound_tunnel_degradation_04_vrf_leakage
2026-07-19T18:50:08+00:00,station3,0.0,0.463,0.971,0.0,203.23636363636362,1090.509090909091,0.001625890909090909,0.008724072727272728,vrf_leakage,compound_tunnel_degradation_04_vrf_leakage
2026-07-19T18:50:23+00:00,station1,0.0,1.103,1.721,0.0,442677.2909090909,8875302.963636363,3.5414183272727273,71.0024237090909,vrf_leakage,compound_tunnel_degradation_04_vrf_leakage
2026-07-19T18:50:23+00:00,station2,0.0,1.307,1.905,0.0,8874143.836363636,443983.3272727272,70.99315069090909,3.5518666181818177,vrf_leakage,compound_tunnel_degradation_04_vrf_leakage
2026-07-19T18:50:23+00:00,station3,0.0,0.325,0.655,0.0,242.58181818181816,1305.381818181818,0.0019406545454545452,0.010443054545454545,vrf_leakage,compound_tunnel_degradation_04_vrf_leakage
2026-07-19T18:50:38+00:00,station1,0.0,0.029,0.729,0.0,461999.19999999995,9277561.018181818,3.6959935999999995,74.22048814545454,vrf_leakage,compound_tunnel_degradation_04_vrf_leakage
2026-07-19T18:50:38+00:00,station2,0.0,0.068,0.904,0.0,9276512.745454544,463101.7636363636,74.21210196363636,3.704814109090909,vrf_leakage,compound_tunnel_degradation_04_vrf_leakage
2026-07-19T18:50:38+00:00,station3,0.0,0.17,0.777,0.0,196.2,1086.9272727272726,0.0015696,0.00869541818181818,vrf_leakage,compound_tunnel_degradation_04_vrf_leakage
2026-07-19T18:50:53+00:00,station1,0.0,0.048,0.285,0.0,649007.8727272727,13062041.563636363,5.192062981818181,104.4963325090909,vrf_leakage,compound_tunnel_degradation_04_vrf_leakage
2026-07-19T18:50:53+00:00,station2,0.0,0.043,0.21,0.0,13060352.127272727,650310.1818181818,104.48281701818182,5.202481454545454,vrf_leakage,compound_tunnel_degradation_04_vrf_leakage
2026-07-19T18:50:53+00:00,station3,0.0,0.026,0.298,0.0,236.65454545454543,1306.9818181818182,0.0018932363636363634,0.010455854545454545,vrf_leakage,compound_tunnel_degradation_04_vrf_leakage
2026-07-19T18:51:08+00:00,station1,0.0,0.183,2.181,0.0,441897.7580595305,8871705.547575321,3.535182064476244,70.97364438060256,vrf_leakage,compound_tunnel_degradation_04_vrf_leakage
2026-07-19T18:51:08+00:00,station2,0.0,0.418,1.925,0.0,8869676.054545455,442947.99999999994,70.95740843636364,3.5435839999999996,vrf_leakage,compound_tunnel_degradation_04_vrf_leakage
2026-07-19T18:51:08+00:00,station3,0.0,0.005,0.293,0.0,194.76363636363632,1093.0363636363634,0.0015581090909090906,0.008744290909090907,vrf_leakage,compound_tunnel_degradation_04_vrf_leakage
2026-07-19T18:51:23+00:00,station1,0.0,0.22,2.199,0.0,554721.3272727273,11107527.272727272,4.437770618181818,88.86021818181817,vrf_leakage,compound_tunnel_degradation_04_vrf_leakage
2026-07-19T18:51:23+00:00,station2,0.0,0.195,1.939,0.0,11105820.309090909,555984.9454545454,88.84656247272727,4.447879563636364,vrf_leakage,compound_tunnel_degradation_04_vrf_leakage
2026-07-19T18:51:23+00:00,station3,0.0,1745.141,3268.281,0.0,234.65454545454543,1308.4363636363635,0.0018772363636363634,0.010467490909090908,vrf_leakage,compound_tunnel_degradation_04_vrf_leakage
2026-07-19T18:51:38+00:00,station1,0.0,0.256,1.992,0.0,444674.99999999994,8873442.836363636,3.5573999999999995,70.9875426909091,vrf_leakage,compound_tunnel_degradation_04_vrf_leakage
2026-07-19T18:51:38+00:00,station2,0.0,0.307,1.988,0.0,8871940.690909091,445719.5999999999,70.97552552727274,3.5657567999999995,vrf_leakage,compound_tunnel_degradation_04_vrf_leakage
2026-07-19T18:51:38+00:00,station3,0.0,2941.51,5386.563,0.0,183.03636363636363,1093.6545454545453,0.0014642909090909091,0.008749236363636363,vrf_leakage,compound_tunnel_degradation_04_vrf_leakage
2026-07-19T18:51:53+00:00,station1,0.0,0.467,1.718,0.0,574421.9272727272,11447153.127272727,4.595375418181818,91.57722501818182,vrf_leakage,compound_tunnel_degradation_04_vrf_leakage
2026-07-19T18:51:53+00:00,station2,0.0,0.332,1.854,0.0,11445849.509090908,575708.5272727272,91.56679607272726,4.605668218181818,vrf_leakage,compound_tunnel_degradation_04_vrf_leakage
2026-07-19T18:51:53+00:00,station3,0.0,833.423,1119.168,0.0,239.9272727272727,1310.090909090909,0.0019194181818181816,0.010480727272727272,vrf_leakage,compound_tunnel_degradation_04_vrf_leakage
2026-07-19T18:52:08+00:00,station1,0.0,0.037,0.242,0.0,546826.9454545454,10905622.2,4.374615563636364,87.2449776,vrf_leakage,compound_tunnel_degradation_04_vrf_leakage
2026-07-19T18:52:08+00:00,station2,0.0,0.044,0.21,0.0,10904225.109090907,547708.9090909091,87.23380087272726,4.381671272727273,vrf_leakage,compound_tunnel_degradation_04_vrf_leakage
2026-07-19T18:52:08+00:00,station3,0.0,0.046,0.229,0.0,206.39999999999998,1095.709090909091,0.0016511999999999998,0.008765672727272727,vrf_leakage,compound_tunnel_degradation_04_vrf_leakage
2026-07-19T18:52:23+00:00,station1,0.0,0.199,1.064,0.0,445860.8363636363,8877604.799999999,3.5668866909090906,71.02083839999999,vrf_leakage,compound_tunnel_degradation_04_vrf_leakage
2026-07-19T18:52:23+00:00,station2,0.0,0.224,1.025,0.0,8876356.345454546,447169.61818181816,71.01085076363637,3.5773569454545453,vrf_leakage,compound_tunnel_degradation_04_vrf_leakage
2026-07-19T18:52:23+00:00,station3,0.0,0.035,0.617,0.0,239.19999999999996,1307.1818181818182,0.0019135999999999997,0.010457454545454546,vrf_leakage,compound_tunnel_degradation_04_vrf_leakage
2026-07-19T18:52:38+00:00,station1,0.0,1.534,1.885,0.0,334083.4954633889,6644635.561939742,2.672667963707111,53.15708449551794,vrf_leakage,compound_tunnel_degradation_04_vrf_leakage
2026-07-19T18:52:38+00:00,station2,0.0,1.597,1.844,0.0,6643015.327272727,335145.90909090906,53.14412261818182,2.6811672727272726,vrf_leakage,compound_tunnel_degradation_04_vrf_leakage
2026-07-19T18:52:38+00:00,station3,0.0,0.342,0.995,0.0,201.43636363636364,1085.381818181818,0.001611490909090909,0.008683054545454545,vrf_leakage,compound_tunnel_degradation_04_vrf_leakage
2026-07-19T18:52:53+00:00,station1,0.0,0.063,0.783,0.0,446439.2261677485,8879305.8055601,3.571513809341988,71.0344464444808,vrf_leakage,compound_tunnel_degradation_04_vrf_leakage
2026-07-19T18:52:53+00:00,station2,0.0,0.116,0.887,0.0,8877648.418181818,447746.5999999999,71.02118734545455,3.5819727999999995,vrf_leakage,compound_tunnel_degradation_04_vrf_leakage
2026-07-19T18:52:53+00:00,station3,0.0,0.034,0.627,0.0,233.99999999999997,1306.3090909090909,0.0018719999999999997,0.010450472727272727,vrf_leakage,compound_tunnel_degradation_04_vrf_leakage
2026-07-19T18:53:08+00:00,station1,0.0,0.038,0.746,0.0,459754.28612984746,9144518.88078832,3.67803428903878,73.15615104630656,vrf_leakage,compound_tunnel_degradation_04_vrf_leakage
2026-07-19T18:53:08+00:00,station2,0.0,0.174,0.867,0.0,9143657.945454543,460871.4545454545,73.14926356363635,3.686971636363636,vrf_leakage,compound_tunnel_degradation_04_vrf_leakage
2026-07-19T18:53:08+00:00,station3,0.0,0.201,0.832,0.0,196.29090909090908,1089.5636363636363,0.0015703272727272727,0.00871650909090909,vrf_leakage,compound_tunnel_degradation_04_vrf_leakage
2026-07-19T18:53:23+00:00,station1,0.0,0.022,0.206,0.0,662405.1523525562,13202287.360919205,5.29924121882045,105.61829888735365,vrf_leakage,compound_tunnel_degradation_04_vrf_leakage
2026-07-19T18:53:23+00:00,station2,0.0,0.053,0.231,0.0,13201479.07272727,663748.309090909,105.61183258181816,5.309986472727272,vrf_leakage,compound_tunnel_degradation_04_vrf_leakage
2026-07-19T18:53:23+00:00,station3,0.0,0.035,0.269,0.0,234.47272727272727,1304.6909090909091,0.001875781818181818,0.010437527272727273,vrf_leakage,compound_tunnel_degradation_04_vrf_leakage
2026-07-19T18:53:38+00:00,station1,0.0,0.046,0.754,0.0,445769.23636363633,8871474.872727271,3.566153890909091,70.97179898181817,vrf_leakage,compound_tunnel_degradation_04_vrf_leakage
2026-07-19T18:53:38+00:00,station2,0.0,0.084,0.854,0.0,8870476.927272728,446864.21818181814,70.96381541818182,3.574913745454545,vrf_leakage,compound_tunnel_degradation_04_vrf_leakage
2026-07-19T18:53:38+00:00,station3,0.0,0.121,0.692,0.0,195.58181818181816,1086.290909090909,0.0015646545454545454,0.008690327272727272,vrf_leakage,compound_tunnel_degradation_04_vrf_leakage
2026-07-19T18:53:53+00:00,station1,0.0,0.149,0.834,0.0,557537.7020564758,11107518.482826335,4.460301616451806,88.86014786261069,vrf_leakage,compound_tunnel_degradation_04_vrf_leakage
2026-07-19T18:53:53+00:00,station2,0.0,0.254,0.869,0.0,11104955.327272726,558785.6363636364,88.83964261818181,4.4702850909090905,vrf_leakage,compound_tunnel_degradation_04_vrf_leakage
2026-07-19T18:53:53+00:00,station3,0.0,0.034,0.643,0.0,236.03636363636363,1305.8363636363636,0.001888290909090909,0.010446690909090908,vrf_leakage,compound_tunnel_degradation_04_vrf_leakage
2026-07-19T18:54:08+00:00,station1,0.0,0.147,0.817,0.0,445454.5239653793,8873153.429340314,3.563636191723034,70.98522743472252,vrf_leakage,compound_tunnel_degradation_04_vrf_leakage
2026-07-19T18:54:08+00:00,station2,0.0,0.111,1.132,0.0,8871119.290909091,446502.23636363633,70.96895432727273,3.5720178909090907,vrf_leakage,compound_tunnel_degradation_04_vrf_leakage
2026-07-19T18:54:08+00:00,station3,0.0,0.021,0.668,0.0,199.4181818181818,1091.3636363636363,0.0015953454545454544,0.00873090909090909,vrf_leakage,compound_tunnel_degradation_04_vrf_leakage
2026-07-19T18:54:23+00:00,station1,0.0,1.015,1.443,0.0,567084.8545454546,11309808.763636362,4.536678836363637,90.47847010909089,vrf_leakage,compound_tunnel_degradation_04_vrf_leakage
2026-07-19T18:54:23+00:00,station2,0.0,1.122,1.657,0.0,11308396.527272727,568405.1636363636,90.46717221818182,4.547241309090909,vrf_leakage,compound_tunnel_degradation_04_vrf_leakage
2026-07-19T18:54:23+00:00,station3,0.0,0.172,0.818,0.0,234.47272727272727,1307.3272727272727,0.001875781818181818,0.010458618181818181,vrf_leakage,compound_tunnel_degradation_04_vrf_leakage
2026-07-19T18:54:38+00:00,station1,0.0,0.019,0.276,0.0,552303.6870045814,11037619.354956003,4.4184294960366515,88.30095483964803,vrf_leakage,compound_tunnel_degradation_04_vrf_leakage
2026-07-19T18:54:38+00:00,station2,0.0,0.05,0.248,0.0,11037024.636363635,553428.3272727273,88.29619709090908,4.427426618181818,vrf_leakage,compound_tunnel_degradation_04_vrf_leakage
2026-07-19T18:54:38+00:00,station3,0.0,0.048,0.27,0.0,192.38181818181818,1087.3090909090909,0.0015390545454545454,0.008698472727272727,vrf_leakage,compound_tunnel_degradation_04_vrf_leakage
2026-07-19T18:54:53+00:00,station1,0.0,0.092,0.883,0.0,557033.710929687,11106150.844591523,4.456269687437496,88.84920675673219,vrf_leakage,compound_tunnel_degradation_04_vrf_leakage
2026-07-19T18:54:53+00:00,station2,0.0,0.054,0.73,0.0,11104438.6,558320.2363636363,88.8355088,4.466561890909091,vrf_leakage,compound_tunnel_degradation_04_vrf_leakage
2026-07-19T18:54:53+00:00,station3,0.0,0.194,0.839,0.0,232.9090909090909,1308.2,0.0018632727272727273,0.0104656,vrf_leakage,compound_tunnel_degradation_04_vrf_leakage
2026-07-19T18:55:08+00:00,station1,0.0,0.197,1.144,0.0,445433.8054802989,8872349.291779552,3.563470443842391,70.97879433423641,vrf_leakage,compound_tunnel_degradation_04_vrf_leakage
2026-07-19T18:55:08+00:00,station2,0.0,0.251,1.201,0.0,8870655.218181817,446496.0909090909,70.96524174545453,3.571968727272727,vrf_leakage,compound_tunnel_degradation_04_vrf_leakage
2026-07-19T18:55:08+00:00,station3,0.0,0.167,0.823,0.0,196.29090909090908,1092.8727272727272,0.0015703272727272727,0.008742981818181818,vrf_leakage,compound_tunnel_degradation_04_vrf_leakage
2026-07-19T18:55:23+00:00,station1,0.0,0.245,0.869,0.0,557448.4482664582,11105507.390505973,4.459587586131666,88.84405912404779,vrf_leakage,compound_tunnel_degradation_04_vrf_leakage
2026-07-19T18:55:23+00:00,station2,0.0,0.147,0.99,0.0,11104669.436363636,558786.7454545455,88.83735549090909,4.470293963636363,vrf_leakage,compound_tunnel_degradation_04_vrf_leakage
2026-07-19T18:55:23+00:00,station3,0.0,0.032,0.645,0.0,234.47272727272727,1305.9272727272726,0.001875781818181818,0.01044741818181818,vrf_leakage,compound_tunnel_degradation_04_vrf_leakage
2026-07-19T18:55:38+00:00,station1,0.0,0.216,0.851,0.0,560481.663969746,11172538.281122161,4.483853311757968,89.38030624897729,vrf_leakage,compound_tunnel_degradation_04_vrf_leakage
2026-07-19T18:55:38+00:00,station2,0.0,0.031,0.729,0.0,11171086.854545454,561568.4909090908,89.36869483636363,4.492547927272727,vrf_leakage,compound_tunnel_degradation_04_vrf_leakage
2026-07-19T18:55:38+00:00,station3,0.0,0.031,0.663,0.0,192.38181818181818,1084.8363636363636,0.0015390545454545454,0.008678690909090908,vrf_leakage,compound_tunnel_degradation_04_vrf_leakage
2026-07-19T18:55:53+00:00,station1,0.0,0.175,0.922,0.0,557343.6181818182,11109359.49090909,4.458748945454546,88.87487592727273,vrf_leakage,compound_tunnel_degradation_04_vrf_leakage
2026-07-19T18:55:53+00:00,station2,0.0,0.234,0.838,0.0,11107706.563636363,558645.7454545455,88.8616525090909,4.469165963636364,vrf_leakage,compound_tunnel_degradation_04_vrf_leakage
2026-07-19T18:55:53+00:00,station3,0.0,0.537,1.105,0.0,234.94545454545454,1304.2181818181816,0.0018795636363636364,0.010433745454545453,vrf_leakage,compound_tunnel_degradation_04_vrf_leakage
2026-07-19T18:56:08+00:00,station1,0.0,0.153,1.209,0.0,445558.67272727273,8872230.727272727,3.564469381818182,70.97784581818182,vrf_leakage,compound_bgp_route_flap_02_vrf_leakage
2026-07-19T18:56:08+00:00,station2,0.0,1.613,2.088,0.0,8871016.418181818,446644.7636363636,70.96813134545454,3.573158109090909,vrf_leakage,compound_bgp_route_flap_02_vrf_leakage
2026-07-19T18:56:08+00:00,station3,0.0,0.146,1.861,0.0,196.76363636363632,1089.3272727272727,0.0015741090909090906,0.00871461818181818,vrf_leakage,compound_bgp_route_flap_02_vrf_leakage
2026-07-19T18:56:23+00:00,station1,0.0,0.862,6.58,0.0,558230.3860070183,11104765.323005874,4.465843088056146,88.83812258404699,vrf_leakage,compound_bgp_route_flap_02_vrf_leakage
2026-07-19T18:56:23+00:00,station2,0.0,0.576,6.011,0.0,11103089.327272726,559653.0363636364,88.82471461818182,4.477224290909091,vrf_leakage,compound_bgp_route_flap_02_vrf_leakage
2026-07-19T18:56:23+00:00,station3,0.0,0.668,1.177,0.0,235.05454545454543,1310.0,0.0018804363636363635,0.01048,vrf_leakage,compound_bgp_route_flap_02_vrf_leakage
2026-07-19T18:56:38+00:00,station1,0.0,0.474,6.056,0.0,449844.0795694232,8932002.80020365,3.598752636555386,71.4560224016292,vrf_leakage,compound_bgp_route_flap_02_vrf_leakage
2026-07-19T18:56:38+00:00,station2,0.0,0.195,6.256,0.0,8930301.98181818,450985.70909090905,71.44241585454544,3.6078856727272726,vrf_leakage,compound_bgp_route_flap_02_vrf_leakage
2026-07-19T18:56:38+00:00,station3,0.0,0.305,1.863,0.0,194.05454545454543,1090.509090909091,0.0015524363636363636,0.008724072727272728,vrf_leakage,compound_bgp_route_flap_02_vrf_leakage
2026-07-19T18:56:53+00:00,station1,0.0,0.75,5.872,0.0,675513.0,13400800.49090909,5.404104,107.20640392727272,vrf_leakage,compound_bgp_route_flap_02_vrf_leakage
2026-07-19T18:56:53+00:00,station2,0.0,0.651,5.555,0.0,13399604.163636362,676911.3272727273,107.19683330909089,5.415290618181818,vrf_leakage,compound_bgp_route_flap_02_vrf_leakage
2026-07-19T18:56:53+00:00,station3,0.0,0.907,0.939,0.0,237.8181818181818,1312.581818181818,0.0019025454545454545,0.010500654545454544,vrf_leakage,compound_bgp_route_flap_02_vrf_leakage
2026-07-19T18:57:08+00:00,station1,0.0,0.504,6.335,0.0,451855.8648653563,8941283.924577704,3.6148469189228503,71.53027139662163,vrf_leakage,compound_bgp_route_flap_02_vrf_leakage
2026-07-19T18:57:08+00:00,station2,0.0,1.445,6.664,0.0,8939735.909090908,452942.2545454545,71.51788727272726,3.623538036363636,vrf_leakage,compound_bgp_route_flap_02_vrf_leakage
2026-07-19T18:57:08+00:00,station3,0.0,1420.798,1970.323,0.0,198.76363636363632,1099.0181818181816,0.0015901090909090905,0.008792145454545453,vrf_leakage,compound_bgp_route_flap_02_vrf_leakage
2026-07-19T18:57:23+00:00,station1,0.0,1.357,8.055,0.0,558853.4935728441,11082137.03387211,4.470827948582753,88.65709627097688,vrf_leakage,compound_bgp_route_flap_02_vrf_leakage
2026-07-19T18:57:23+00:00,station2,0.0,0.681,7.045,0.0,11080750.38181818,560118.8727272727,88.64600305454545,4.480950981818181,vrf_leakage,compound_bgp_route_flap_02_vrf_leakage
2026-07-19T18:57:23+00:00,station3,0.0,1440.161,1949.482,40.0,232.14545454545453,1310.0363636363634,0.0018571636363636363,0.010480290909090906,vrf_leakage,compound_bgp_route_flap_02_vrf_leakage
2026-07-19T18:57:38+00:00,station1,0.0,1.119,6.641,0.0,444866.5818181818,8848270.399999999,3.5589326545454543,70.78616319999999,vrf_leakage,compound_bgp_route_flap_02_vrf_leakage
2026-07-19T18:57:38+00:00,station2,0.0,1.256,7.357,0.0,8846630.709090909,445936.70909090905,70.77304567272728,3.5674936727272724,vrf_leakage,compound_bgp_route_flap_02_vrf_leakage
2026-07-19T18:57:38+00:00,station3,0.0,833.88,1126.597,0.0,193.69090909090906,1088.6545454545453,0.0015495272727272724,0.008709236363636363,vrf_leakage,compound_bgp_route_flap_02_vrf_leakage
2026-07-19T18:57:53+00:00,station1,0.0,0.879,7.184,0.0,555453.1454545454,11081030.654545454,4.443625163636363,88.64824523636364,vrf_leakage,compound_bgp_route_flap_02_vrf_leakage
2026-07-19T18:57:53+00:00,station2,0.0,0.554,7.194,0.0,11079133.036363635,556752.4545454545,88.63306429090908,4.454019636363636,vrf_leakage,compound_bgp_route_flap_02_vrf_leakage
2026-07-19T18:57:53+00:00,station3,0.0,1215.2,2131.393,0.0,235.9272727272727,1311.509090909091,0.0018874181818181817,0.010492072727272728,vrf_leakage,compound_bgp_route_flap_02_vrf_leakage
2026-07-19T18:58:08+00:00,station1,0.0,1.349,6.334,0.0,558948.2363636363,11167771.909090908,4.471585890909091,89.34217527272726,vrf_leakage,compound_bgp_route_flap_02_vrf_leakage
2026-07-19T18:58:08+00:00,station2,0.0,1.195,5.857,0.0,11166243.545454543,560038.8909090909,89.32994836363635,4.480311127272727,vrf_leakage,compound_bgp_route_flap_02_vrf_leakage
2026-07-19T18:58:08+00:00,station3,0.0,0.035,0.221,0.0,207.49090909090907,1094.6545454545453,0.0016599272727272725,0.008757236363636362,vrf_leakage,compound_bgp_route_flap_02_vrf_leakage
2026-07-19T18:58:23+00:00,station1,0.0,1.399,12.764,0.0,454257.39532008505,9074568.09876184,3.6340591625606806,72.59654479009473,vrf_leakage,compound_bgp_route_flap_02_vrf_leakage
2026-07-19T18:58:23+00:00,station2,0.0,0.778,12.024,0.0,9073724.818181816,455765.8181818182,72.58979854545453,3.6461265454545453,vrf_leakage,compound_bgp_route_flap_02_vrf_leakage
2026-07-19T18:58:23+00:00,station3,0.0,1257.279,2089.785,0.0,242.18181818181816,1316.4545454545453,0.0019374545454545454,0.010531636363636363,vrf_leakage,compound_bgp_route_flap_02_vrf_leakage
2026-07-19T18:58:38+00:00,station1,0.0,0.905,10.893,0.0,345082.67122415954,6839791.803785386,2.7606613697932763,54.718334430283086,vrf_leakage,compound_bgp_route_flap_02_vrf_leakage
2026-07-19T18:58:38+00:00,station2,0.0,0.674,11.511,0.0,6839064.163636363,346355.3818181818,54.7125133090909,2.770843054545454,vrf_leakage,compound_bgp_route_flap_02_vrf_leakage
2026-07-19T18:58:38+00:00,station3,0.0,1446.515,2948.672,0.0,188.38181818181818,1093.0545454545454,0.0015070545454545453,0.008744436363636364,vrf_leakage,compound_bgp_route_flap_02_vrf_leakage
2026-07-19T18:58:53+00:00,station1,0.0,0.935,13.444,0.0,461313.9215650624,9074454.40991982,3.690511372520499,72.59563527935856,vrf_leakage,compound_bgp_route_flap_02_vrf_leakage
2026-07-19T18:58:53+00:00,station2,0.0,0.797,11.388,0.0,9073408.672727274,462821.3636363636,72.58726938181819,3.702570909090909,vrf_leakage,compound_bgp_route_flap_02_vrf_leakage
2026-07-19T18:58:53+00:00,station3,0.0,1418.097,1966.244,0.0,234.07272727272726,1314.1636363636362,0.0018725818181818182,0.01051330909090909,vrf_leakage,compound_bgp_route_flap_02_vrf_leakage
2026-07-19T18:59:08+00:00,station1,0.0,1.567,13.909,0.0,458909.14049857267,8977314.889903087,3.6712731239885814,71.8185191192247,vrf_leakage,compound_bgp_route_flap_02_vrf_leakage
2026-07-19T18:59:08+00:00,station2,0.0,0.933,13.287,0.0,8975357.345454544,459871.2727272727,71.80285876363635,3.6789701818181815,vrf_leakage,compound_bgp_route_flap_02_vrf_leakage
2026-07-19T18:59:08+00:00,station3,0.0,2495.349,4908.13,0.0,198.58181818181816,1094.3636363636363,0.0015886545454545454,0.00875490909090909,vrf_leakage,compound_bgp_route_flap_02_vrf_leakage
2026-07-19T18:59:23+00:00,station1,0.0,1.098,10.514,0.0,682746.9454545454,13368620.563636363,5.461975563636363,106.9489645090909,vrf_leakage,compound_bgp_route_flap_02_vrf_leakage
2026-07-19T18:59:23+00:00,station2,0.0,0.426,9.466,0.0,13366765.363636363,683948.8,106.9341229090909,5.4715904,vrf_leakage,compound_bgp_route_flap_02_vrf_leakage
2026-07-19T18:59:23+00:00,station3,0.0,0.04,0.225,0.0,241.89090909090908,1308.5272727272725,0.0019351272727272727,0.01046821818181818,vrf_leakage,compound_bgp_route_flap_02_vrf_leakage
2026-07-19T18:59:38+00:00,station1,0.0,1.901,9.613,0.0,454674.8186264706,8902063.54892085,3.6373985490117646,71.2165083913668,vrf_leakage,compound_bgp_route_flap_02_vrf_leakage
2026-07-19T18:59:38+00:00,station2,0.0,0.19,11.574,0.0,8900237.399999999,455636.34545454546,71.20189919999999,3.6450907636363636,vrf_leakage,compound_bgp_route_flap_02_vrf_leakage
2026-07-19T18:59:38+00:00,station3,0.0,0.034,0.293,0.0,203.6181818181818,1089.890909090909,0.0016289454545454544,0.008719127272727271,vrf_leakage,compound_bgp_route_flap_02_vrf_leakage
2026-07-19T18:59:53+00:00,station1,0.0,1.714,9.904,0.0,450499.59093140374,8817497.263785612,3.60399672745123,70.53997811028489,vrf_leakage,compound_bgp_route_flap_02_vrf_leakage
2026-07-19T18:59:53+00:00,station2,0.0,1.615,10.6,0.0,8816497.036363635,451732.14545454545,70.53197629090909,3.6138571636363634,vrf_leakage,compound_bgp_route_flap_02_vrf_leakage
2026-07-19T18:59:53+00:00,station3,0.0,0.32,0.947,0.0,243.0181818181818,1306.3636363636363,0.0019441454545454544,0.01045090909090909,vrf_leakage,compound_bgp_route_flap_02_vrf_leakage
2026-07-19T19:00:08+00:00,station1,0.0,1.754,10.371,0.0,335760.96878011525,6583684.728257905,2.686087750240922,52.669477826063236,vrf_leakage,compound_bgp_route_flap_02_vrf_leakage
2026-07-19T19:00:08+00:00,station2,0.0,2.084,10.452,0.0,6582354.745454545,336831.0727272727,52.65883796363636,2.6946485818181816,vrf_leakage,compound_bgp_route_flap_02_vrf_leakage
2026-07-19T19:00:08+00:00,station3,0.0,0.05,0.681,0.0,200.14545454545453,1093.6727272727271,0.0016011636363636361,0.008749381818181816,vrf_leakage,compound_bgp_route_flap_02_vrf_leakage
2026-07-19T19:00:23+00:00,station1,0.0,3.009,14.502,0.0,453463.9636363636,8854123.49090909,3.627711709090909,70.83298792727273,vrf_leakage,compound_bgp_route_flap_02_vrf_leakage
2026-07-19T19:00:23+00:00,station2,0.0,0.697,12.504,0.0,8852661.436363636,454858.94545454544,70.82129149090909,3.6388715636363633,vrf_leakage,compound_bgp_route_flap_02_vrf_leakage
2026-07-19T19:00:23+00:00,station3,0.0,0.526,0.975,0.0,234.58181818181816,1305.4363636363635,0.0018766545454545454,0.010443490909090908,vrf_leakage,compound_bgp_route_flap_02_vrf_leakage
2026-07-19T19:00:38+00:00,station1,0.0,1.927,15.128,0.0,567995.9999272714,11088868.506700123,4.543967999418171,88.71094805360099,vrf_leakage,compound_bgp_route_flap_02_vrf_leakage
2026-07-19T19:00:38+00:00,station2,0.0,0.976,12.769,0.0,11087350.781818181,569169.9636363635,88.69880625454545,4.553359709090908,vrf_leakage,compound_bgp_route_flap_02_vrf_leakage
2026-07-19T19:00:38+00:00,station3,0.0,0.05,0.646,0.0,194.0181818181818,1086.6545454545453,0.0015521454545454544,0.008693236363636362,vrf_leakage,compound_bgp_route_flap_02_vrf_leakage
2026-07-19T19:00:53+00:00,station1,0.0,2.752,14.933,0.0,578021.5818181818,11260294.890909089,4.624172654545454,90.08235912727271,vrf_leakage,compound_bgp_route_flap_02_vrf_leakage
2026-07-19T19:00:53+00:00,station2,0.0,2.469,15.354,0.0,11258956.309090909,579444.8181818181,90.07165047272727,4.635558545454545,vrf_leakage,compound_bgp_route_flap_02_vrf_leakage
2026-07-19T19:00:53+00:00,station3,0.0,0.207,0.387,0.0,234.47272727272727,1304.3090909090909,0.001875781818181818,0.010434472727272727,vrf_leakage,compound_bgp_route_flap_02_vrf_leakage
2026-07-19T19:01:08+00:00,station1,0.0,3.399,16.856,0.0,451566.10360565124,8794024.510427842,3.61252882884521,70.35219608342274,vrf_leakage,compound_bgp_route_flap_02_vrf_leakage
2026-07-19T19:01:08+00:00,station2,0.0,1.363,17.781,0.0,8791904.418181818,452657.39999999997,70.33523534545455,3.6212592,vrf_leakage,compound_bgp_route_flap_02_vrf_leakage
2026-07-19T19:01:08+00:00,station3,0.0,0.247,0.839,0.0,197.85454545454544,1090.0545454545454,0.0015828363636363637,0.008720436363636364,vrf_leakage,compound_bgp_route_flap_02_vrf_leakage
2026-07-19T19:01:23+00:00,station1,0.0,2.944,15.085,0.0,564839.3636363635,11020678.236363636,4.5187149090909084,88.16542589090909,vrf_leakage,compound_bgp_route_flap_02_vrf_leakage
2026-07-19T19:01:23+00:00,station2,0.0,2.769,16.341,0.0,11019088.454545455,566163.0727272726,88.15270763636364,4.529304581818181,vrf_leakage,compound_bgp_route_flap_02_vrf_leakage
2026-07-19T19:01:23+00:00,station3,0.0,0.064,0.623,0.0,237.7090909090909,1308.8,0.0019016727272727272,0.0104704,vrf_leakage,compound_bgp_route_flap_02_vrf_leakage
2026-07-19T19:01:38+00:00,station1,0.0,0.782,14.107,0.0,449391.39683290006,8784752.013526535,3.5951311746632006,70.27801610821227,vrf_leakage,compound_bgp_route_flap_02_vrf_leakage
2026-07-19T19:01:38+00:00,station2,0.0,3.582,15.21,0.0,8783217.145454545,450374.34545454546,70.26573716363636,3.6029947636363637,vrf_leakage,compound_bgp_route_flap_02_vrf_leakage
2026-07-19T19:01:38+00:00,station3,0.0,0.149,0.746,0.0,197.25454545454542,1090.6727272727271,0.0015780363636363633,0.008725381818181817,vrf_leakage,compound_bgp_route_flap_02_vrf_leakage
2026-07-19T19:01:53+00:00,station1,0.0,1.55,18.145,0.0,672760.0770895074,13158928.001309067,5.382080616716059,105.27142401047253,vrf_leakage,compound_bgp_route_flap_02_vrf_leakage
2026-07-19T19:01:53+00:00,station2,0.0,1.395,18.135,0.0,13157883.145454545,674003.5636363636,105.26306516363636,5.392028509090909,vrf_leakage,compound_bgp_route_flap_02_vrf_leakage
2026-07-19T19:01:53+00:00,station3,0.0,0.174,0.499,0.0,237.8181818181818,1309.9818181818182,0.0019025454545454545,0.010479854545454546,vrf_leakage,compound_bgp_route_flap_02_vrf_leakage
2026-07-19T19:02:08+00:00,station1,0.0,2.756,20.705,0.0,469761.80433083035,9174851.602698134,3.758094434646643,73.39881282158507,vrf_leakage,compound_bgp_route_flap_02_vrf_leakage
2026-07-19T19:02:08+00:00,station2,0.0,1.201,23.347,0.0,9173936.763636362,470951.0909090909,73.3914941090909,3.767608727272727,vrf_leakage,compound_bgp_route_flap_02_vrf_leakage
2026-07-19T19:02:08+00:00,station3,0.0,0.008,0.221,0.0,202.8,1095.581818181818,0.0016224000000000002,0.008764654545454545,vrf_leakage,compound_bgp_route_flap_02_vrf_leakage
2026-07-19T19:02:23+00:00,station1,0.0,1.254,19.428,0.0,460560.533061833,9016757.122338781,3.684484264494664,72.13405697871025,vrf_leakage,compound_bgp_route_flap_02_vrf_leakage
2026-07-19T19:02:23+00:00,station2,0.0,2.765,23.869,25.0,9015999.545454543,461998.7636363636,72.12799636363634,3.695990109090909,vrf_leakage,compound_bgp_route_flap_02_vrf_leakage
2026-07-19T19:02:23+00:00,station3,0.0,0.228,0.925,0.0,237.49090909090907,1309.7818181818182,0.0018999272727272727,0.010478254545454545,vrf_leakage,compound_bgp_route_flap_02_vrf_leakage
2026-07-19T19:02:38+00:00,station1,0.0,3.842,20.761,0.0,345827.0181818182,6783779.890909091,2.7666161454545457,54.270239127272724,vrf_leakage,compound_bgp_route_flap_02_vrf_leakage
2026-07-19T19:02:38+00:00,station2,0.0,4.525,19.485,0.0,6782500.272727272,347101.0,54.26000218181817,2.776808,vrf_leakage,compound_bgp_route_flap_02_vrf_leakage
2026-07-19T19:02:38+00:00,station3,0.0,0.185,0.882,0.0,196.9272727272727,1090.3999999999999,0.0015754181818181817,0.008723199999999999,vrf_leakage,compound_bgp_route_flap_02_vrf_leakage
2026-07-19T19:02:53+00:00,station1,0.0,2.932,21.603,0.0,458795.74174075894,9011206.112838415,3.6703659339260715,72.08964890270732,vrf_leakage,compound_bgp_route_flap_02_vrf_leakage
2026-07-19T19:02:53+00:00,station2,0.0,1.273,20.272,0.0,9009296.709090909,460254.2545454545,72.07437367272728,3.6820340363636364,vrf_leakage,compound_bgp_route_flap_02_vrf_leakage
2026-07-19T19:02:53+00:00,station3,0.0,0.222,0.789,0.0,236.29090909090908,1308.381818181818,0.0018903272727272726,0.010467054545454544,vrf_leakage,compound_bgp_route_flap_02_vrf_leakage
2026-07-19T19:03:08+00:00,station1,0.0,2.718,19.739,0.0,559781.8363636363,10992763.309090909,4.478254690909091,87.94210647272727,vrf_leakage,compound_bgp_route_flap_02_vrf_leakage
2026-07-19T19:03:08+00:00,station2,0.0,4.315,20.366,0.0,10991031.927272728,560847.1636363636,87.92825541818182,4.486777309090908,vrf_leakage,compound_bgp_route_flap_02_vrf_leakage
2026-07-19T19:03:08+00:00,station3,0.0,0.094,0.814,0.0,196.3272727272727,1089.0363636363636,0.0015706181818181818,0.00871229090909091,vrf_leakage,compound_bgp_route_flap_02_vrf_leakage
2026-07-19T19:03:23+00:00,station1,0.0,2.299,23.377,0.0,576307.3636363635,11301042.909090908,4.610458909090908,90.40834327272727,vrf_leakage,compound_bgp_route_flap_02_vrf_leakage
2026-07-19T19:03:23+00:00,station2,0.0,3.985,20.231,0.0,11299733.07272727,577665.6545454545,90.39786458181817,4.621325236363636,vrf_leakage,compound_bgp_route_flap_02_vrf_leakage
2026-07-19T19:03:23+00:00,station3,0.0,0.178,0.428,0.0,233.38181818181818,1305.4363636363635,0.0018670545454545454,0.010443490909090908,vrf_leakage,compound_bgp_route_flap_02_vrf_leakage
2026-07-19T19:03:38+00:00,station1,0.0,3.699,19.581,0.0,441007.67272727273,8690586.309090909,3.5280613818181816,69.52469047272727,vrf_leakage,compound_bgp_route_flap_02_vrf_leakage
2026-07-19T19:03:38+00:00,station2,0.0,0.489,21.834,0.0,8689465.399999999,442116.5818181818,69.51572319999998,3.5369326545454545,vrf_leakage,compound_bgp_route_flap_02_vrf_leakage
2026-07-19T19:03:38+00:00,station3,0.0,0.373,1.14,0.0,195.1090909090909,1087.7272727272727,0.001560872727272727,0.008701818181818182,vrf_leakage,compound_bgp_route_flap_02_vrf_leakage
2026-07-19T19:03:53+00:00,station1,0.0,3.546,22.295,0.0,554671.4605188996,10928143.761022527,4.437371684151197,87.42515008818022,vrf_leakage,compound_bgp_route_flap_02_vrf_leakage
2026-07-19T19:03:53+00:00,station2,0.0,4.622,20.132,0.0,10926985.109090907,556000.6363636364,87.41588087272726,4.448005090909091,vrf_leakage,compound_bgp_route_flap_02_vrf_leakage
2026-07-19T19:03:53+00:00,station3,0.0,0.05,0.634,0.0,237.7090909090909,1309.2727272727273,0.0019016727272727272,0.010474181818181818,vrf_leakage,compound_bgp_route_flap_02_vrf_leakage
2026-07-19T19:04:08+00:00,station1,0.0,2.959,18.261,0.0,439790.54545454547,8701381.290909091,3.518324363636364,69.61105032727272,vrf_leakage,compound_bgp_route_flap_02_vrf_leakage
2026-07-19T19:04:08+00:00,station2,0.0,1.162,20.671,0.0,8699824.38181818,440844.7818181818,69.59859505454544,3.5267582545454546,vrf_leakage,compound_bgp_route_flap_02_vrf_leakage
2026-07-19T19:04:08+00:00,station3,0.0,0.174,0.745,0.0,199.45454545454544,1092.6727272727271,0.0015956363636363635,0.008741381818181817,vrf_leakage,compound_bgp_route_flap_02_vrf_leakage
2026-07-19T19:04:23+00:00,station1,0.0,3.956,18.64,0.0,658022.2529270598,13015183.804814195,5.264178023416478,104.12147043851357,vrf_leakage,compound_bgp_route_flap_02_vrf_leakage
2026-07-19T19:04:23+00:00,station2,0.0,3.783,19.854,0.0,13014487.436363636,659319.4727272727,104.11589949090909,5.274555781818181,vrf_leakage,compound_bgp_route_flap_02_vrf_leakage
2026-07-19T19:04:23+00:00,station3,0.0,0.457,0.857,0.0,237.7090909090909,1310.0363636363634,0.0019016727272727272,0.010480290909090906,vrf_leakage,compound_bgp_route_flap_02_vrf_leakage
2026-07-19T19:04:38+00:00,station1,0.0,3.943,20.188,0.0,472108.6707514409,9317879.129470373,3.7768693660115273,74.54303303576297,vrf_leakage,compound_bgp_route_flap_02_vrf_leakage
2026-07-19T19:04:38+00:00,station2,0.0,2.109,18.531,0.0,9317014.418181816,473297.2909090909,74.53611534545453,3.786378327272727,vrf_leakage,compound_bgp_route_flap_02_vrf_leakage
2026-07-19T19:04:38+00:00,station3,0.0,0.026,0.287,0.0,198.34545454545454,1092.1454545454544,0.0015867636363636364,0.008737163636363635,vrf_leakage,compound_bgp_route_flap_02_vrf_leakage
2026-07-19T19:04:53+00:00,station1,0.0,0.698,16.165,0.0,554852.6208614388,10938959.528008582,4.438820966891511,87.51167622406865,vrf_leakage,compound_bgp_route_flap_02_vrf_leakage
2026-07-19T19:04:53+00:00,station2,0.0,4.183,20.777,0.0,10938063.218181817,556174.1636363636,87.50450574545454,4.449393309090909,vrf_leakage,compound_bgp_route_flap_02_vrf_leakage
2026-07-19T19:04:53+00:00,station3,0.0,0.312,0.991,0.0,234.1090909090909,1309.3090909090909,0.001872872727272727,0.010474472727272727,vrf_leakage,compound_bgp_route_flap_02_vrf_leakage
2026-07-19T19:05:08+00:00,station1,0.0,2.842,19.63,0.0,442603.70909090905,8697650.38181818,3.5408296727272726,69.58120305454544,vrf_leakage,compound_bgp_route_flap_02_vrf_leakage
2026-07-19T19:05:08+00:00,station2,0.0,2.871,18.758,0.0,8696288.054545455,443691.5636363636,69.57030443636364,3.5495325090909087,vrf_leakage,compound_bgp_route_flap_02_vrf_leakage
2026-07-19T19:05:08+00:00,station3,0.0,0.141,0.932,0.0,197.49090909090907,1093.6363636363635,0.0015799272727272725,0.008749090909090908,vrf_leakage,compound_bgp_route_flap_02_vrf_leakage
2026-07-19T19:05:23+00:00,station1,0.0,2.878,18.504,0.0,556188.6874784095,10914319.648733659,4.449509499827276,87.31455718986928,vrf_leakage,compound_bgp_route_flap_02_vrf_leakage
2026-07-19T19:05:23+00:00,station2,0.0,2.182,21.996,25.0,10913261.945454543,557523.109090909,87.30609556363635,4.460184872727272,vrf_leakage,compound_bgp_route_flap_02_vrf_leakage
2026-07-19T19:05:23+00:00,station3,0.0,0.237,0.83,0.0,234.1090909090909,1309.3636363636363,0.001872872727272727,0.01047490909090909,vrf_leakage,compound_bgp_route_flap_02_vrf_leakage
2026-07-19T19:05:38+00:00,station1,0.0,1.757,18.441,0.0,567007.7637775232,11128469.626720486,4.536062110220185,89.02775701376389,vrf_leakage,compound_bgp_route_flap_02_vrf_leakage
2026-07-19T19:05:38+00:00,station2,0.0,1.135,18.713,0.0,11126665.618181817,568093.909090909,89.01332494545454,4.544751272727272,vrf_leakage,compound_bgp_route_flap_02_vrf_leakage
2026-07-19T19:05:38+00:00,station3,0.0,0.217,0.815,0.0,194.63636363636363,1089.9454545454544,0.001557090909090909,0.008719563636363635,vrf_leakage,compound_bgp_route_flap_02_vrf_leakage
2026-07-19T19:05:53+00:00,station1,0.0,4.737,18.778,0.0,484801.0145639012,9512488.245240824,3.8784081165112094,76.0999059619266,vrf_leakage,compound_bgp_route_flap_02_vrf_leakage
2026-07-19T19:05:53+00:00,station2,0.0,3.144,20.89,0.0,9510627.363636363,486177.67272727273,76.0850189090909,3.889421381818182,vrf_leakage,compound_bgp_route_flap_02_vrf_leakage
2026-07-19T19:05:53+00:00,station3,0.0,0.017,0.258,0.0,235.56363636363633,1307.7818181818182,0.0018845090909090907,0.010462254545454545,vrf_leakage,compound_bgp_route_flap_02_vrf_leakage
2026-07-19T19:06:08+00:00,station1,0.0,1.808,22.248,0.0,332333.3636363636,6524692.872727272,2.6586669090909085,52.197542981818174,vrf_leakage,compound_bgp_route_flap_02_vrf_leakage
2026-07-19T19:06:08+00:00,station2,0.0,1.474,19.013,0.0,6523747.763636364,333437.61818181816,52.18998210909091,2.6675009454545453,vrf_leakage,compound_bgp_route_flap_02_vrf_leakage
2026-07-19T19:06:08+00:00,station3,0.0,747.91,1296.159,20.0,202.2181818181818,1094.9272727272726,0.0016177454545454543,0.00875941818181818,vrf_leakage,compound_bgp_route_flap_02_vrf_leakage
2026-07-19T19:06:23+00:00,station1,0.0,2.692,19.504,0.0,446269.162242746,8759982.946694786,3.570153297941968,70.07986357355828,vrf_leakage,compound_bgp_route_flap_02_vrf_leakage
2026-07-19T19:06:23+00:00,station2,0.0,3.525,23.432,0.0,8759415.327272726,447607.50909090904,70.07532261818181,3.580860072727272,vrf_leakage,compound_bgp_route_flap_02_vrf_leakage
2026-07-19T19:06:23+00:00,station3,0.0,827.331,1184.823,0.0,236.76363636363632,1311.1818181818182,0.0018941090909090905,0.010489454545454547,vrf_leakage,compound_bgp_route_flap_02_vrf_leakage
2026-07-19T19:06:38+00:00,station1,0.0,2.63,24.524,0.0,415548.41818181815,8152584.872727272,3.324387345454545,65.22067898181818,vrf_leakage,compound_bgp_route_flap_02_vrf_leakage
2026-07-19T19:06:38+00:00,station2,0.0,2.834,25.391,0.0,8151261.036363635,416541.21818181814,65.21008829090908,3.3323297454545453,vrf_leakage,compound_bgp_route_flap_02_vrf_leakage
2026-07-19T19:06:38+00:00,station3,0.0,730.973,1082.549,0.0,204.4181818181818,1099.4181818181817,0.0016353454545454545,0.008795345454545453,vrf_leakage,compound_bgp_route_flap_02_vrf_leakage
2026-07-19T19:06:53+00:00,station1,0.0,1.188,20.307,0.0,643159.3818181817,12609117.636363635,5.145275054545453,100.87294109090908,vrf_leakage,compound_bgp_route_flap_02_vrf_leakage
2026-07-19T19:06:53+00:00,station2,0.0,4.488,22.683,0.0,12607458.163636362,644200.0,100.8596653090909,5.1536,vrf_leakage,compound_bgp_route_flap_02_vrf_leakage
2026-07-19T19:06:53+00:00,station3,0.0,750.009,913.418,0.0,253.6363636363636,1327.6,0.0020290909090909088,0.0106208,vrf_leakage,compound_bgp_route_flap_02_vrf_leakage
2026-07-19T19:07:08+00:00,station1,0.0,4.87,22.36,0.0,494901.94545454544,9692678.472727273,3.9592155636363633,77.54142778181819,vrf_leakage,compound_bgp_route_flap_02_vrf_leakage
2026-07-19T19:07:08+00:00,station2,0.0,1.167,21.08,0.0,9691112.709090909,495681.61818181816,77.52890167272727,3.9654529454545453,vrf_leakage,compound_bgp_route_flap_02_vrf_leakage
2026-07-19T19:07:08+00:00,station3,0.0,0.04,0.229,0.0,212.65454545454543,1107.2181818181816,0.0017012363636363635,0.008857745454545454,vrf_leakage,compound_bgp_route_flap_02_vrf_leakage
2026-07-19T19:07:23+00:00,station1,0.0,0.762,17.714,0.0,457618.4571750632,8959923.404177954,3.6609476574005058,71.67938723342364,vrf_leakage,compound_bgp_route_flap_02_vrf_leakage
2026-07-19T19:07:23+00:00,station2,0.0,4.798,21.51,0.0,8958249.4,458523.9272727272,71.6659952,3.6681914181818174,vrf_leakage,compound_bgp_route_flap_02_vrf_leakage
2026-07-19T19:07:23+00:00,station3,0.0,0.461,1.0,0.0,254.0363636363636,1323.6181818181817,0.002032290909090909,0.010588945454545454,vrf_leakage,compound_bgp_route_flap_02_vrf_leakage
2026-07-19T19:07:38+00:00,station1,0.0,4.066,21.137,0.0,343257.2358373936,6735974.420042178,2.7460578866991487,53.88779536033742,vrf_leakage,compound_bgp_route_flap_02_vrf_leakage
2026-07-19T19:07:38+00:00,station2,0.0,3.088,21.838,0.0,6734779.799999999,344152.7454545454,53.878238399999994,2.7532219636363635,vrf_leakage,compound_bgp_route_flap_02_vrf_leakage
2026-07-19T19:07:38+00:00,station3,0.0,0.324,1.005,0.0,202.67272727272726,1092.7454545454543,0.0016213818181818182,0.008741963636363634,vrf_leakage,compound_bgp_route_flap_02_vrf_leakage
2026-07-19T19:07:53+00:00,station1,0.0,1.055,21.864,0.0,457129.7929203862,8975498.518262642,3.6570383433630895,71.80398814610113,vrf_leakage,compound_bgp_route_flap_02_vrf_leakage
2026-07-19T19:07:53+00:00,station2,0.0,2.967,19.179,0.0,8974464.745454544,458233.98181818175,71.79571796363635,3.665871854545454,vrf_leakage,compound_bgp_route_flap_02_vrf_leakage
2026-07-19T19:07:53+00:00,station3,0.0,0.365,1.078,0.0,239.99999999999997,1309.0545454545454,0.0019199999999999998,0.010472436363636364,vrf_leakage,compound_bgp_route_flap_02_vrf_leakage
2026-07-19T19:08:08+00:00,station1,0.0,4.019,21.999,0.0,530930.9818181818,10430122.6,4.247447854545454,83.44098079999999,vrf_leakage,compound_bgp_route_flap_02_vrf_leakage
2026-07-19T19:08:08+00:00,station2,0.0,5.022,22.522,0.0,10429349.98181818,531990.1454545454,83.43479985454545,4.255921163636363,vrf_leakage,compound_bgp_route_flap_02_vrf_leakage
2026-07-19T19:08:08+00:00,station3,0.0,0.138,1.028,0.0,200.14545454545453,1092.3636363636363,0.0016011636363636361,0.00873890909090909,vrf_leakage,compound_bgp_route_flap_02_vrf_leakage
2026-07-19T19:08:23+00:00,station1,0.0,1.686,18.207,0.0,606133.4109048598,11901148.900969038,4.849067287238878,95.2091912077523,vrf_leakage,compound_bgp_route_flap_02_vrf_leakage
2026-07-19T19:08:23+00:00,station2,0.0,2.971,18.875,0.0,11900322.309090909,607532.1272727272,95.20257847272727,4.860257018181818,vrf_leakage,compound_bgp_route_flap_02_vrf_leakage
2026-07-19T19:08:23+00:00,station3,0.0,0.011,0.266,0.0,235.23636363636362,1307.109090909091,0.0018818909090909089,0.010456872727272729,vrf_leakage,compound_bgp_route_flap_02_vrf_leakage
2026-07-19T19:08:38+00:00,station1,0.0,5.347,22.667,0.0,444725.54367590364,8760808.531529566,3.557804349407229,70.08646825223653,vrf_leakage,compound_bgp_route_flap_02_vrf_leakage
2026-07-19T19:08:38+00:00,station2,0.0,2.504,18.646,25.0,8758068.745454544,445738.0545454545,70.06454996363635,3.565904436363636,vrf_leakage,compound_bgp_route_flap_02_vrf_leakage
2026-07-19T19:08:38+00:00,station3,0.0,0.022,0.599,0.0,193.03636363636363,1086.8181818181818,0.0015442909090909091,0.008694545454545455,vrf_leakage,compound_bgp_route_flap_02_vrf_leakage
2026-07-19T19:08:53+00:00,station1,0.0,4.057,21.761,0.0,556831.109090909,10990608.872727271,4.454648872727272,87.92487098181817,vrf_leakage,compound_bgp_route_flap_02_vrf_leakage
2026-07-19T19:08:53+00:00,station2,0.0,1.359,21.116,0.0,10989195.218181817,558160.1272727272,87.91356174545453,4.465281018181818,vrf_leakage,compound_bgp_route_flap_02_vrf_leakage
2026-07-19T19:08:53+00:00,station3,0.0,0.302,0.976,0.0,234.03636363636363,1306.909090909091,0.001872290909090909,0.010455272727272728,vrf_leakage,compound_bgp_route_flap_02_vrf_leakage
2026-07-19T19:09:08+00:00,station1,0.0,2.693,23.132,0.0,442406.243182314,8757039.560759218,3.539249945458512,70.05631648607374,vrf_leakage,compound_bgp_route_flap_02_vrf_leakage
2026-07-19T19:09:08+00:00,station2,0.0,4.331,19.962,0.0,8756496.054545455,443531.6545454545,70.05196843636364,3.5482532363636357,vrf_leakage,compound_bgp_route_flap_02_vrf_leakage
2026-07-19T19:09:08+00:00,station3,0.0,0.182,0.842,0.0,198.94545454545454,1091.8181818181818,0.0015915636363636363,0.008734545454545455,vrf_leakage,compound_bgp_route_flap_02_vrf_leakage
2026-07-19T19:09:23+00:00,station1,0.0,2.122,18.11,0.0,630908.3586377439,12487772.278487917,5.047266869101951,99.90217822790333,vrf_leakage,compound_bgp_route_flap_02_vrf_leakage
2026-07-19T19:09:23+00:00,station2,0.0,1.77,22.58,0.0,12485367.581818182,632131.4727272727,99.88294065454545,5.057051781818181,vrf_leakage,compound_bgp_route_flap_02_vrf_leakage
2026-07-19T19:09:23+00:00,station3,0.0,0.033,0.678,0.0,238.39999999999998,1309.0363636363634,0.0019071999999999997,0.010472290909090907,vrf_leakage,compound_bgp_route_flap_02_vrf_leakage
2026-07-19T19:09:38+00:00,station1,0.0,3.897,18.955,0.0,498182.7372402131,9834204.229321599,3.9854618979217045,78.6736338345728,vrf_leakage,compound_bgp_route_flap_02_vrf_leakage
2026-07-19T19:09:38+00:00,station2,0.0,4.18,21.681,0.0,9832301.363636363,499286.47272727266,78.6584109090909,3.9942917818181813,vrf_leakage,compound_bgp_route_flap_02_vrf_leakage
2026-07-19T19:09:38+00:00,station3,0.0,0.018,0.264,0.0,197.4,1089.2727272727273,0.0015792,0.008714181818181819,vrf_leakage,compound_bgp_route_flap_02_vrf_leakage
2026-07-19T19:09:53+00:00,station1,0.0,0.982,22.689,0.0,556937.0897652685,10955522.645866288,4.455496718122148,87.64418116693031,vrf_leakage,compound_bgp_route_flap_02_vrf_leakage
2026-07-19T19:09:53+00:00,station2,0.0,4.042,22.557,0.0,10953656.963636363,558219.4363636363,87.6292557090909,4.46575549090909,vrf_leakage,compound_bgp_route_flap_02_vrf_leakage
2026-07-19T19:09:53+00:00,station3,0.0,458.573,408.307,0.0,239.05454545454543,1311.0181818181816,0.0019124363636363634,0.010488145454545452,vrf_leakage,compound_bgp_route_flap_02_vrf_leakage
2026-07-19T19:10:08+00:00,station1,0.0,3.965,20.747,0.0,444831.54545454547,8717930.054545455,3.5586523636363636,69.74344043636364,vrf_leakage,compound_bgp_route_flap_02_vrf_leakage
2026-07-19T19:10:08+00:00,station2,0.0,2.894,23.371,0.0,8717006.272727272,445930.8909090909,69.73605018181817,3.567447127272727,vrf_leakage,compound_bgp_route_flap_02_vrf_leakage
2026-07-19T19:10:08+00:00,station3,0.0,501.399,444.547,0.0,199.6,1094.2545454545455,0.0015968,0.008754036363636364,vrf_leakage,compound_bgp_route_flap_02_vrf_leakage
2026-07-19T19:10:23+00:00,station1,0.0,0.226,26.629,0.0,559754.7632899426,10943571.249363683,4.478038106319541,87.54856999490947,vrf_leakage,compound_bgp_route_flap_02_vrf_leakage
2026-07-19T19:10:23+00:00,station2,0.0,0.715,19.152,25.0,10943573.4,561131.3818181817,87.5485872,4.489051054545453,vrf_leakage,compound_bgp_route_flap_02_vrf_leakage
2026-07-19T19:10:23+00:00,station3,0.0,779.668,885.677,0.0,240.58181818181816,1315.7636363636364,0.0019246545454545453,0.010526109090909092,vrf_leakage,compound_bgp_route_flap_02_vrf_leakage
2026-07-19T19:10:38+00:00,station1,0.0,1.66,19.02,0.0,570477.5896867102,11148706.67490954,4.563820717493681,89.18965339927631,vrf_leakage,compound_bgp_route_flap_02_vrf_leakage
2026-07-19T19:10:38+00:00,station2,0.0,1.328,20.564,0.0,11146440.49090909,571511.1272727272,89.17152392727272,4.572089018181818,vrf_leakage,compound_bgp_route_flap_02_vrf_leakage
2026-07-19T19:10:38+00:00,station3,0.0,745.18,887.807,0.0,199.36363636363635,1093.4363636363635,0.0015949090909090908,0.008747490909090909,vrf_leakage,compound_bgp_route_flap_02_vrf_leakage
2026-07-19T19:10:53+00:00,station1,0.0,0.013,0.338,0.0,513537.9929814354,10028553.88475735,4.1083039438514835,80.22843107805879,vrf_leakage,compound_bgp_route_flap_02_vrf_leakage
2026-07-19T19:10:53+00:00,station2,0.0,0.011,0.215,0.0,10026425.763636362,514874.41818181815,80.21140610909089,4.118995345454545,vrf_leakage,compound_bgp_route_flap_02_vrf_leakage
2026-07-19T19:10:53+00:00,station3,0.0,0.017,0.258,0.0,239.9272727272727,1314.381818181818,0.0019194181818181816,0.010515054545454544,vrf_leakage,compound_bgp_route_flap_02_vrf_leakage
2026-07-19T19:11:08+00:00,station1,0.0,0.144,0.827,0.0,364313.88984853716,7129502.354673891,2.9145111187882975,57.03601883739113,vrf_leakage,compound_bgp_route_flap_02_vrf_leakage
2026-07-19T19:11:08+00:00,station2,0.0,0.173,0.807,0.0,7127806.8545454545,365444.10909090907,57.022454836363636,2.9235528727272726,vrf_leakage,compound_bgp_route_flap_02_vrf_leakage
2026-07-19T19:11:08+00:00,station3,0.0,0.24,0.841,0.0,201.09090909090907,1095.581818181818,0.0016087272727272725,0.008764654545454545,vrf_leakage,compound_bgp_route_flap_02_vrf_leakage
2026-07-19T19:11:23+00:00,station1,0.0,1.175,1.603,0.0,474375.38411186065,9367897.067112751,3.795003072894885,74.94317653690202,vrf_leakage,compound_bgp_route_flap_02_vrf_leakage
2026-07-19T19:11:23+00:00,station2,0.0,0.725,1.4,0.0,9366075.581818182,475721.9636363636,74.92860465454545,3.805775709090909,vrf_leakage,compound_bgp_route_flap_02_vrf_leakage
2026-07-19T19:11:23+00:00,station3,0.0,0.478,1.005,0.0,234.36363636363635,1308.6363636363635,0.0018749090909090907,0.010469090909090909,vrf_leakage,compound_bgp_route_flap_02_vrf_leakage
2026-07-19T19:11:38+00:00,station1,0.0,0.219,1.003,0.0,415126.61818181816,8261814.563636363,3.3210129454545454,66.0945165090909,vrf_leakage,compound_bgp_route_flap_02_vrf_leakage
2026-07-19T19:11:38+00:00,station2,0.0,0.477,1.056,0.0,8260349.981818181,416244.3818181818,66.08279985454546,3.3299550545454544,vrf_leakage,compound_bgp_route_flap_02_vrf_leakage
2026-07-19T19:11:38+00:00,station3,0.0,0.117,0.781,0.0,190.7090909090909,1087.2545454545455,0.0015256727272727271,0.008698036363636363,vrf_leakage,compound_bgp_route_flap_02_vrf_leakage
2026-07-19T19:11:53+00:00,station1,0.0,1.0,1.413,0.0,638795.618181818,12729202.581818182,5.110364945454545,101.83362065454546,vrf_leakage,compound_bgp_route_flap_02_vrf_leakage
2026-07-19T19:11:53+00:00,station2,0.0,0.743,1.291,0.0,12728047.654545454,640119.2363636363,101.82438123636364,5.120953890909091,vrf_leakage,compound_bgp_route_flap_02_vrf_leakage
2026-07-19T19:11:53+00:00,station3,0.0,0.115,0.938,0.0,234.36363636363635,1308.509090909091,0.0018749090909090907,0.010468072727272727,vrf_leakage,compound_bgp_route_flap_02_vrf_leakage
2026-07-19T19:12:08+00:00,station1,0.0,0.02,0.311,0.0,481721.3636363636,9616952.890909089,3.8537709090909087,76.9356231272727,vrf_leakage,compound_bgp_route_flap_02_vrf_leakage
2026-07-19T19:12:08+00:00,station2,0.0,0.023,0.199,0.0,9614793.472727273,482857.2727272727,76.91834778181818,3.8628581818181815,vrf_leakage,compound_bgp_route_flap_02_vrf_leakage
2026-07-19T19:12:08+00:00,station3,0.0,0.027,0.248,0.0,199.3090909090909,1093.3454545454545,0.0015944727272727273,0.008746763636363635,vrf_leakage,compound_bgp_route_flap_02_vrf_leakage
2026-07-19T19:12:23+00:00,station1,0.0,0.453,1.254,0.0,548782.8181818181,11106298.018181818,4.3902625454545445,88.85038414545454,vrf_leakage,compound_bgp_route_flap_02_vrf_leakage
2026-07-19T19:12:23+00:00,station2,0.0,0.618,1.163,0.0,11104133.727272727,550062.4363636363,88.83306981818181,4.40049949090909,vrf_leakage,compound_bgp_route_flap_02_vrf_leakage
2026-07-19T19:12:23+00:00,station3,0.0,0.2,0.858,0.0,236.83636363636364,1310.6909090909091,0.0018946909090909092,0.010485527272727273,vrf_leakage,compound_bgp_route_flap_02_vrf_leakage
2026-07-19T19:12:38+00:00,station1,0.0,0.228,0.851,0.0,431647.4545454545,8872431.472727273,3.4531796363636356,70.97945178181818,vrf_leakage,compound_bgp_route_flap_02_vrf_leakage
2026-07-19T19:12:38+00:00,station2,0.0,0.117,0.787,0.0,8870479.254545454,432700.99999999994,70.96383403636364,3.4616079999999996,vrf_leakage,compound_bgp_route_flap_02_vrf_leakage
2026-07-19T19:12:38+00:00,station3,0.0,0.044,0.662,0.0,197.94545454545454,1091.4181818181817,0.0015835636363636363,0.008731345454545453,vrf_leakage,compound_bgp_route_flap_02_vrf_leakage
2026-07-19T19:12:53+00:00,station1,0.0,0.024,0.71,0.0,533282.6233204241,11107996.199930908,4.266260986563393,88.86396959944726,vrf_leakage,compound_bgp_route_flap_02_vrf_leakage
2026-07-19T19:12:53+00:00,station2,0.0,0.13,1.085,0.0,11106041.581818182,534574.1454545454,88.84833265454546,4.276593163636363,vrf_leakage,compound_bgp_route_flap_02_vrf_leakage
2026-07-19T19:12:53+00:00,station3,0.0,0.209,0.78,0.0,238.1090909090909,1310.381818181818,0.0019048727272727272,0.010483054545454545,vrf_leakage,compound_bgp_route_flap_02_vrf_leakage
2026-07-19T19:13:08+00:00,station1,0.0,0.038,0.739,0.0,534309.1454545454,11174632.127272727,4.2744731636363635,89.39705701818181,vrf_leakage,compound_bgp_route_flap_02_vrf_leakage
2026-07-19T19:13:08+00:00,station2,0.0,0.665,1.408,0.0,11172869.836363636,535397.3636363636,89.38295869090909,4.28317890909091,vrf_leakage,compound_bgp_route_flap_02_vrf_leakage
2026-07-19T19:13:08+00:00,station3,0.0,0.027,0.677,0.0,207.38181818181818,1094.7272727272725,0.0016590545454545453,0.00875781818181818,vrf_leakage,compound_bgp_route_flap_02_vrf_leakage
2026-07-19T19:13:23+00:00,station1,0.0,0.043,0.719,0.0,532534.3090909091,11110142.654545454,4.260274472727272,88.88114123636363,vrf_leakage,compound_bgp_route_flap_02_vrf_leakage
2026-07-19T19:13:23+00:00,station2,0.0,0.139,0.846,0.0,11108882.890909089,533835.4363636363,88.8710631272727,4.27068349090909,vrf_leakage,compound_bgp_route_flap_02_vrf_leakage
2026-07-19T19:13:23+00:00,station3,0.0,0.16,0.776,0.0,247.4181818181818,1309.3636363636363,0.0019793454545454546,0.01047490909090909,vrf_leakage,compound_bgp_route_flap_02_vrf_leakage
2026-07-19T19:13:38+00:00,station1,0.0,0.198,0.895,0.0,426141.81044670293,8874815.555515153,3.4091344835736233,70.99852444412123,vrf_leakage,compound_bgp_route_flap_02_vrf_leakage
2026-07-19T19:13:38+00:00,station2,0.0,0.141,1.006,0.0,8873941.98181818,427254.90909090906,70.99153585454545,3.4180392727272726,vrf_leakage,compound_bgp_route_flap_02_vrf_leakage
2026-07-19T19:13:38+00:00,station3,0.0,0.123,0.704,0.0,204.3090909090909,1090.581818181818,0.0016344727272727274,0.008724654545454544,vrf_leakage,compound_bgp_route_flap_02_vrf_leakage
2026-07-19T19:13:53+00:00,station1,0.0,0.127,0.816,0.0,534239.509090909,11110117.47272727,4.273916072727272,88.88093978181817,vrf_leakage,compound_bgp_route_flap_02_vrf_leakage
2026-07-19T19:13:53+00:00,station2,0.0,0.041,0.8,0.0,11107873.47272727,535537.5636363636,88.86298778181816,4.284300509090909,vrf_leakage,compound_bgp_route_flap_02_vrf_leakage
2026-07-19T19:13:53+00:00,station3,0.0,0.088,0.871,0.0,243.4181818181818,1307.2545454545455,0.0019473454545454545,0.010458036363636363,vrf_leakage,compound_bgp_route_flap_02_vrf_leakage
2026-07-19T19:14:08+00:00,station1,0.0,0.199,0.942,0.0,498005.7998945473,10358023.581389429,3.9840463991563784,82.86418865111543,vrf_leakage,compound_bgp_route_flap_02_vrf_leakage
2026-07-19T19:14:08+00:00,station2,0.0,0.099,1.011,0.0,10356913.4,499031.6727272727,82.8553072,3.9922533818181813,vrf_leakage,compound_bgp_route_flap_02_vrf_leakage
2026-07-19T19:14:08+00:00,station3,0.0,0.209,0.772,0.0,197.85454545454544,1089.9636363636362,0.0015828363636363637,0.00871970909090909,vrf_leakage,compound_bgp_route_flap_02_vrf_leakage
2026-07-19T19:14:23+00:00,station1,0.0,0.017,0.312,0.0,575344.7824426786,11993457.315853592,4.602758259541429,95.94765852682873,vrf_leakage,compound_bgp_route_flap_02_vrf_leakage
2026-07-19T19:14:23+00:00,station2,0.0,0.043,0.255,0.0,11991142.345454544,576679.0181818181,95.92913876363635,4.613432145454545,vrf_leakage,compound_bgp_route_flap_02_vrf_leakage
2026-07-19T19:14:23+00:00,station3,0.0,0.003,0.246,0.0,242.39999999999998,1309.6909090909091,0.0019391999999999999,0.010477527272727273,vrf_leakage,compound_bgp_route_flap_02_vrf_leakage
2026-07-19T19:14:38+00:00,station1,0.0,0.046,0.725,0.0,429331.22420407645,8873761.632029673,3.4346497936326115,70.99009305623738,vrf_leakage,compound_bgp_route_flap_02_vrf_leakage
2026-07-19T19:14:38+00:00,station2,0.0,0.081,0.913,0.0,8872109.690909091,430412.0181818182,70.97687752727273,3.4432961454545454,vrf_leakage,compound_bgp_route_flap_02_vrf_leakage
2026-07-19T19:14:38+00:00,station3,0.0,0.104,0.696,0.0,201.94545454545454,1090.8,0.0016155636363636362,0.0087264,vrf_leakage,compound_bgp_route_flap_02_vrf_leakage
2026-07-19T19:14:53+00:00,station1,0.0,0.052,0.74,0.0,546312.9943091944,11107560.698896384,4.370503954473555,88.86048559117107,vrf_leakage,compound_bgp_route_flap_02_vrf_leakage
2026-07-19T19:14:53+00:00,station2,0.0,0.12,0.903,0.0,11106655.8,547503.9454545454,88.8532464,4.380031563636363,vrf_leakage,compound_bgp_route_flap_02_vrf_leakage
2026-07-19T19:14:53+00:00,station3,0.0,0.178,0.745,0.0,239.27272727272728,1310.509090909091,0.0019141818181818183,0.010484072727272727,vrf_leakage,compound_bgp_route_flap_02_vrf_leakage
2026-07-19T19:15:08+00:00,station1,0.0,0.124,0.793,0.0,444208.0181818182,8873552.654545454,3.5536641454545457,70.98842123636364,vrf_leakage,compound_bgp_route_flap_02_vrf_leakage
2026-07-19T19:15:08+00:00,station2,0.0,0.191,0.912,0.0,8872624.945454545,445178.72727272724,70.98099956363636,3.561429818181818,vrf_leakage,compound_bgp_route_flap_02_vrf_leakage
2026-07-19T19:15:08+00:00,station3,0.0,0.119,0.784,0.0,196.29090909090908,1090.581818181818,0.0015703272727272727,0.008724654545454544,vrf_leakage,compound_bgp_route_flap_02_vrf_leakage
2026-07-19T19:15:23+00:00,station1,0.0,0.361,1.029,0.0,629204.9417283322,12524008.636206616,5.0336395338266575,100.19206908965293,vrf_leakage,compound_bgp_route_flap_02_vrf_leakage
2026-07-19T19:15:23+00:00,station2,0.0,0.79,1.427,0.0,12522321.563636363,630358.509090909,100.1785725090909,5.0428680727272726,vrf_leakage,compound_bgp_route_flap_02_vrf_leakage
2026-07-19T19:15:23+00:00,station3,0.0,0.269,0.951,0.0,232.9090909090909,1305.4363636363635,0.0018632727272727273,0.010443490909090908,vrf_leakage,compound_bgp_route_flap_02_vrf_leakage
2026-07-19T19:15:38+00:00,station1,0.0,0.024,0.173,0.0,493315.1272727272,11175203.6,3.9465210181818176,89.4016288,vrf_leakage,compound_bgp_route_flap_02_vrf_leakage
2026-07-19T19:15:38+00:00,station2,0.0,0.15,0.376,0.0,11173956.98181818,494146.9636363636,89.39165585454545,3.953175709090909,vrf_leakage,compound_bgp_route_flap_02_vrf_leakage
2026-07-19T19:15:38+00:00,station3,0.0,0.239,0.393,0.0,194.0181818181818,1086.0181818181818,0.0015521454545454544,0.008688145454545455,vrf_leakage,compound_bgp_route_flap_02_vrf_leakage
2026-07-19T19:15:53+00:00,station1,0.0,0.145,0.843,0.0,445432.98181818175,10732218.09090909,3.563463854545454,85.85774472727272,vrf_leakage,compound_bgp_route_flap_02_vrf_leakage
2026-07-19T19:15:53+00:00,station2,0.0,0.026,1.02,0.0,10730844.927272728,446745.99999999994,85.84675941818182,3.5739679999999994,vrf_leakage,compound_bgp_route_flap_02_vrf_leakage
2026-07-19T19:15:53+00:00,station3,0.0,0.061,0.632,0.0,235.16363636363633,1326.6363636363635,0.0018813090909090906,0.010613090909090909,vrf_leakage,compound_bgp_route_flap_02_vrf_leakage
2026-07-19T19:16:08+00:00,station1,0.0,0.925,1.462,0.0,331784.50909090904,8495144.036363635,2.6542760727272725,67.96115229090908,vrf_leakage,compound_bgp_route_flap_02_vrf_leakage
2026-07-19T19:16:08+00:00,station2,0.0,1.46,1.767,0.0,8494264.036363635,332877.4727272727,67.95411229090908,2.6630197818181816,vrf_leakage,compound_bgp_route_flap_02_vrf_leakage
2026-07-19T19:16:08+00:00,station3,0.0,0.117,0.745,0.0,195.34545454545454,1111.2727272727273,0.0015627636363636363,0.008890181818181818,vrf_leakage,compound_bgp_route_flap_02_vrf_leakage
2026-07-19T19:16:23+00:00,station1,0.0,1.217,1.705,0.0,441869.67035764287,10727613.247513592,3.534957362861143,85.82090598010873,vrf_leakage,compound_bgp_route_flap_02_vrf_leakage
2026-07-19T19:16:23+00:00,station2,0.0,1.294,1.617,0.0,10726127.818181816,443172.50909090904,85.80902254545454,3.5453800727272724,vrf_leakage,compound_bgp_route_flap_02_vrf_leakage
2026-07-19T19:16:23+00:00,station3,0.0,0.38,1.0,0.0,233.59999999999997,1328.290909090909,0.0018687999999999997,0.010626327272727273,vrf_leakage,compound_bgp_route_flap_02_vrf_leakage
2026-07-19T19:16:38+00:00,station1,0.0,1.669,1.919,0.0,508104.91964220785,10240942.258744817,4.064839357137663,81.92753806995854,vrf_leakage,compound_bgp_route_flap_02_vrf_leakage
2026-07-19T19:16:38+00:00,station2,0.0,1.835,1.987,0.0,10240294.8,509186.16363636364,81.92235840000001,4.073489309090909,vrf_leakage,compound_bgp_route_flap_02_vrf_leakage
2026-07-19T19:16:38+00:00,station3,0.0,0.294,0.979,0.0,194.0181818181818,1087.1999999999998,0.0015521454545454544,0.008697599999999998,vrf_leakage,compound_bgp_route_flap_02_vrf_leakage
2026-07-19T19:16:53+00:00,station1,0.0,0.022,0.237,0.0,602547.1389348509,12129202.356492171,4.820377111478807,97.03361885193736,vrf_leakage,compound_bgp_route_flap_02_vrf_leakage
2026-07-19T19:16:53+00:00,station2,0.0,0.02,0.281,0.0,12127217.654545454,603884.0,97.01774123636363,4.831072,vrf_leakage,compound_bgp_route_flap_02_vrf_leakage
2026-07-19T19:16:53+00:00,station3,0.0,0.052,0.257,0.0,233.38181818181818,1305.1454545454544,0.0018670545454545454,0.010441163636363635,vrf_leakage,compound_bgp_route_flap_02_vrf_leakage
2026-07-19T19:17:08+00:00,station1,0.0,0.908,1.596,0.0,442465.19027618686,8872722.267677594,3.539721522209495,70.98177814142075,vrf_leakage,compound_bgp_route_flap_02_vrf_leakage
2026-07-19T19:17:08+00:00,station2,0.0,1.567,1.851,0.0,8871325.690909091,443540.2909090909,70.97060552727272,3.5483223272727273,vrf_leakage,compound_bgp_route_flap_02_vrf_leakage
2026-07-19T19:17:08+00:00,station3,0.0,0.065,0.671,0.0,197.7090909090909,1086.6909090909091,0.0015816727272727272,0.008693527272727273,vrf_leakage,compound_bgp_route_flap_02_vrf_leakage
2026-07-19T19:17:23+00:00,station1,0.0,0.036,0.75,0.0,555166.9151334448,11103475.474510944,4.441335321067559,88.82780379608755,vrf_leakage,compound_bgp_route_flap_02_vrf_leakage
2026-07-19T19:17:23+00:00,station2,0.0,0.146,0.878,0.0,11102919.254545454,556517.7636363636,88.82335403636363,4.452142109090908,vrf_leakage,compound_bgp_route_flap_02_vrf_leakage
2026-07-19T19:17:23+00:00,station3,0.0,0.213,0.787,0.0,237.5272727272727,1303.2545454545455,0.0019002181818181816,0.010426036363636364,vrf_leakage,compound_bgp_route_flap_02_vrf_leakage
2026-07-19T19:17:38+00:00,station1,0.0,0.539,1.346,0.0,445146.90909090906,8871010.636363635,3.5611752727272723,70.96808509090909,vrf_leakage,compound_bgp_route_flap_02_vrf_leakage
2026-07-19T19:17:38+00:00,station2,0.0,0.932,1.384,0.0,8869522.6,446235.70909090905,70.9561808,3.5698856727272723,vrf_leakage,compound_bgp_route_flap_02_vrf_leakage
2026-07-19T19:17:38+00:00,station3,0.0,0.119,0.765,0.0,196.6,1084.3636363636363,0.0015727999999999998,0.00867490909090909,vrf_leakage,compound_bgp_route_flap_02_vrf_leakage
2026-07-19T19:17:53+00:00,station1,0.0,0.153,0.979,0.0,621277.1585971165,12377934.310285266,4.970217268776932,99.02347448228213,vrf_leakage,compound_bgp_route_flap_02_vrf_leakage
2026-07-19T19:17:53+00:00,station2,0.0,0.151,0.924,0.0,12376250.890909089,622541.8545454546,99.01000712727271,4.980334836363637,vrf_leakage,compound_bgp_route_flap_02_vrf_leakage
2026-07-19T19:17:53+00:00,station3,0.0,0.059,0.731,0.0,243.7090909090909,1302.3454545454545,0.001949672727272727,0.010418763636363636,vrf_leakage,compound_bgp_route_flap_02_vrf_leakage
2026-07-19T19:18:08+00:00,station1,0.0,0.023,0.255,0.0,499781.8363636363,9969853.054545455,3.9982546909090906,79.75882443636364,vrf_leakage,compound_bgp_route_flap_02_vrf_leakage
2026-07-19T19:18:08+00:00,station2,0.0,0.029,0.166,0.0,9968835.4,500876.07272727264,79.7506832,4.007008581818181,vrf_leakage,compound_bgp_route_flap_02_vrf_leakage
2026-07-19T19:18:08+00:00,station3,0.0,0.002,0.248,0.0,203.96363636363634,1086.8,0.0016317090909090907,0.0086944,vrf_leakage,compound_bgp_route_flap_02_vrf_leakage
2026-07-19T19:18:23+00:00,station1,0.0,0.045,0.918,0.0,445617.0294005346,8878915.762104766,3.564936235204277,71.03132609683813,vrf_leakage,compound_bgp_route_flap_02_vrf_leakage
2026-07-19T19:18:23+00:00,station2,0.0,0.4,1.149,0.0,8877029.836363636,446908.94545454544,71.01623869090909,3.5752715636363637,vrf_leakage,compound_bgp_route_flap_02_vrf_leakage
2026-07-19T19:18:23+00:00,station3,0.0,0.195,0.877,0.0,240.65454545454543,1303.7636363636364,0.0019252363636363635,0.010430109090909091,vrf_leakage,compound_bgp_route_flap_02_vrf_leakage
2026-07-19T19:18:38+00:00,station1,0.0,0.036,0.734,0.0,332873.32496954495,6643746.340842561,2.6629865997563598,53.149970726740484,vrf_leakage,compound_bgp_route_flap_02_vrf_leakage
2026-07-19T19:18:38+00:00,station2,0.0,0.178,0.847,0.0,6643502.927272727,334005.5636363636,53.148023418181815,2.6720445090909086,vrf_leakage,compound_bgp_route_flap_02_vrf_leakage
2026-07-19T19:18:38+00:00,station3,0.0,0.177,0.851,0.0,196.67272727272726,1085.9636363636362,0.001573381818181818,0.00868770909090909,vrf_leakage,compound_bgp_route_flap_02_vrf_leakage
2026-07-19T19:18:53+00:00,station1,0.0,0.1,0.849,0.0,443338.2727272727,8877077.018181818,3.5467061818181818,71.01661614545453,vrf_leakage,compound_bgp_route_flap_02_vrf_leakage
2026-07-19T19:18:53+00:00,station2,0.0,0.036,0.744,0.0,8876123.472727273,444651.7818181818,71.00898778181818,3.5572142545454546,vrf_leakage,compound_bgp_route_flap_02_vrf_leakage
2026-07-19T19:18:53+00:00,station3,0.0,0.086,0.686,0.0,234.47272727272727,1304.2545454545455,0.001875781818181818,0.010434036363636363,vrf_leakage,compound_bgp_route_flap_02_vrf_leakage
2026-07-19T19:19:08+00:00,station1,0.0,0.301,3.627,0.0,502087.16205159907,10075890.71107798,4.016697296412793,80.60712568862384,vrf_leakage,compound_bgp_route_flap_03_vrf_leakage
2026-07-19T19:19:08+00:00,station2,0.0,1.229,4.256,0.0,10074835.98181818,503215.5636363636,80.59868785454545,4.025724509090908,vrf_leakage,compound_bgp_route_flap_03_vrf_leakage
2026-07-19T19:19:08+00:00,station3,0.0,0.113,0.711,0.0,200.0,1091.7636363636364,0.0016,0.008734109090909091,vrf_leakage,compound_bgp_route_flap_03_vrf_leakage
2026-07-19T19:19:23+00:00,station1,0.0,0.347,2.671,0.0,612413.7166130294,12266386.879761452,4.899309732904235,98.13109503809162,vrf_leakage,compound_bgp_route_flap_03_vrf_leakage
2026-07-19T19:19:23+00:00,station2,0.0,0.879,2.532,0.0,12265014.781818181,613792.618181818,98.12011825454545,4.910340945454545,vrf_leakage,compound_bgp_route_flap_03_vrf_leakage
2026-07-19T19:19:23+00:00,station3,0.0,0.03,0.306,0.0,236.6181818181818,1307.6363636363635,0.0018929454545454543,0.010461090909090908,vrf_leakage,compound_bgp_route_flap_03_vrf_leakage
2026-07-19T19:19:38+00:00,station1,0.0,0.544,2.733,0.0,444464.84609370737,8865961.255249904,3.5557187687496588,70.92769004199924,vrf_leakage,compound_bgp_route_flap_03_vrf_leakage
2026-07-19T19:19:38+00:00,station2,0.0,0.433,2.83,0.0,8865462.054545455,445666.5636363636,70.92369643636364,3.5653325090909087,vrf_leakage,compound_bgp_route_flap_03_vrf_leakage
2026-07-19T19:19:38+00:00,station3,0.0,0.174,0.84,0.0,197.25454545454542,1088.6,0.0015780363636363633,0.0087088,vrf_leakage,compound_bgp_route_flap_03_vrf_leakage
2026-07-19T19:19:53+00:00,station1,0.0,0.359,2.813,0.0,557152.6727272726,11101251.345454544,4.457221381818181,88.81001076363636,vrf_leakage,compound_bgp_route_flap_03_vrf_leakage
2026-07-19T19:19:53+00:00,station2,0.0,0.532,3.213,0.0,11099578.49090909,558534.6181818182,88.79662792727272,4.468276945454545,vrf_leakage,compound_bgp_route_flap_03_vrf_leakage
2026-07-19T19:19:53+00:00,station3,0.0,0.021,0.618,0.0,237.7090909090909,1309.7636363636364,0.0019016727272727272,0.01047810909090909,vrf_leakage,compound_bgp_route_flap_03_vrf_leakage
2026-07-19T19:20:08+00:00,station1,0.0,0.519,4.77,0.0,445398.3671836646,8868004.382057203,3.563186937469317,70.94403505645762,vrf_leakage,compound_bgp_route_flap_03_vrf_leakage
2026-07-19T19:20:08+00:00,station2,0.0,0.352,4.539,0.0,8866751.327272726,446634.2545454545,70.93401061818182,3.573074036363636,vrf_leakage,compound_bgp_route_flap_03_vrf_leakage
2026-07-19T19:20:08+00:00,station3,0.0,0.217,0.844,0.0,200.0,1093.6909090909091,0.0016,0.008749527272727273,vrf_leakage,compound_bgp_route_flap_03_vrf_leakage
2026-07-19T19:20:23+00:00,station1,0.0,0.904,4.832,0.0,612275.0181818181,12239268.745454544,4.8982001454545445,97.91414996363635,vrf_leakage,compound_bgp_route_flap_03_vrf_leakage
2026-07-19T19:20:23+00:00,station2,0.0,0.454,5.116,0.0,12238108.854545454,613786.8909090909,97.90487083636363,4.910295127272727,vrf_leakage,compound_bgp_route_flap_03_vrf_leakage
2026-07-19T19:20:23+00:00,station3,0.0,0.012,0.647,0.0,236.18181818181816,1307.7454545454543,0.0018894545454545453,0.010461963636363635,vrf_leakage,compound_bgp_route_flap_03_vrf_leakage
2026-07-19T19:20:38+00:00,station1,0.0,0.225,4.572,0.0,504268.2545454545,10109095.69090909,4.034146036363636,80.87276552727272,vrf_leakage,compound_bgp_route_flap_03_vrf_leakage
2026-07-19T19:20:38+00:00,station2,0.0,0.61,4.394,0.0,10108027.654545454,505541.0909090909,80.86422123636363,4.044328727272727,vrf_leakage,compound_bgp_route_flap_03_vrf_leakage
2026-07-19T19:20:38+00:00,station3,0.0,0.026,0.277,0.0,197.36363636363635,1090.290909090909,0.0015789090909090907,0.008722327272727273,vrf_leakage,compound_bgp_route_flap_03_vrf_leakage
2026-07-19T19:20:53+00:00,station1,0.0,0.496,5.032,0.0,552433.1739422919,11084413.10157997,4.419465391538335,88.67530481263975,vrf_leakage,compound_bgp_route_flap_03_vrf_leakage
2026-07-19T19:20:53+00:00,station2,0.0,0.498,5.164,0.0,11083426.309090909,553937.9636363636,88.66741047272727,4.431503709090909,vrf_leakage,compound_bgp_route_flap_03_vrf_leakage
2026-07-19T19:20:53+00:00,station3,0.0,0.16,0.771,0.0,237.8181818181818,1309.709090909091,0.0019025454545454545,0.010477672727272727,vrf_leakage,compound_bgp_route_flap_03_vrf_leakage
2026-07-19T19:21:08+00:00,station1,0.0,1.459,6.052,0.0,441188.5636363636,8850342.527272727,3.529508509090909,70.80274021818182,vrf_leakage,compound_bgp_route_flap_03_vrf_leakage
2026-07-19T19:21:08+00:00,station2,0.0,1.458,7.099,0.0,8848488.327272726,442255.61818181816,70.78790661818181,3.5380449454545455,vrf_leakage,compound_bgp_route_flap_03_vrf_leakage
2026-07-19T19:21:08+00:00,station3,0.0,0.274,0.843,0.0,200.14545454545453,1093.290909090909,0.0016011636363636361,0.008746327272727273,vrf_leakage,compound_bgp_route_flap_03_vrf_leakage
2026-07-19T19:21:23+00:00,station1,0.0,0.286,7.108,0.0,554078.6712968855,11082843.057398956,4.432629370375084,88.66274445919166,vrf_leakage,compound_bgp_route_flap_03_vrf_leakage
2026-07-19T19:21:23+00:00,station2,0.0,0.22,8.189,0.0,11082014.127272727,555486.9999999999,88.65611301818181,4.443895999999999,vrf_leakage,compound_bgp_route_flap_03_vrf_leakage
2026-07-19T19:21:23+00:00,station3,0.0,0.027,0.645,0.0,238.9090909090909,1307.9454545454544,0.0019112727272727272,0.010463563636363636,vrf_leakage,compound_bgp_route_flap_03_vrf_leakage
2026-07-19T19:21:38+00:00,station1,0.0,1.124,8.091,0.0,558479.1636363636,11170394.145454545,4.467833309090909,89.36315316363635,vrf_leakage,compound_bgp_route_flap_03_vrf_leakage
2026-07-19T19:21:38+00:00,station2,0.0,1.095,8.347,0.0,11168532.2,559651.2363636363,89.3482576,4.477209890909091,vrf_leakage,compound_bgp_route_flap_03_vrf_leakage
2026-07-19T19:21:38+00:00,station3,0.0,0.061,0.696,0.0,198.45454545454544,1088.4363636363637,0.0015876363636363636,0.00870749090909091,vrf_leakage,compound_bgp_route_flap_03_vrf_leakage
2026-07-19T19:21:53+00:00,station1,0.0,1.425,7.227,0.0,549940.0181818182,10977084.163636362,4.399520145454545,87.8166733090909,vrf_leakage,compound_bgp_route_flap_03_vrf_leakage
2026-07-19T19:21:53+00:00,station2,0.0,1.481,8.264,0.0,10975336.745454544,551313.4181818182,87.80269396363636,4.410507345454546,vrf_leakage,compound_bgp_route_flap_03_vrf_leakage
2026-07-19T19:21:53+00:00,station3,0.0,0.241,1.614,0.0,237.34545454545454,1306.7272727272725,0.0018987636363636364,0.01045381818181818,vrf_leakage,compound_bgp_route_flap_03_vrf_leakage
2026-07-19T19:22:08+00:00,station1,0.0,0.369,8.137,0.0,438012.8909090909,8743687.309090909,3.5041031272727268,69.94949847272727,vrf_leakage,compound_bgp_route_flap_03_vrf_leakage
2026-07-19T19:22:08+00:00,station2,0.0,0.734,7.961,0.0,8742406.454545455,439109.2909090909,69.93925163636364,3.512874327272727,vrf_leakage,compound_bgp_route_flap_03_vrf_leakage
2026-07-19T19:22:08+00:00,station3,0.0,0.092,2.166,0.0,198.43636363636364,1092.4363636363635,0.001587490909090909,0.008739490909090908,vrf_leakage,compound_bgp_route_flap_03_vrf_leakage
2026-07-19T19:22:23+00:00,station1,0.0,0.995,10.132,0.0,548907.7404222048,10978891.75773224,4.391261923377638,87.83113406185792,vrf_leakage,compound_bgp_route_flap_03_vrf_leakage
2026-07-19T19:22:23+00:00,station2,0.0,2.05,10.157,0.0,10976725.4,550371.0727272726,87.81380320000001,4.402968581818181,vrf_leakage,compound_bgp_route_flap_03_vrf_leakage
2026-07-19T19:22:23+00:00,station3,0.0,0.361,2.212,0.0,236.25454545454542,1309.5272727272725,0.0018900363636363633,0.01047621818181818,vrf_leakage,compound_bgp_route_flap_03_vrf_leakage
2026-07-19T19:22:38+00:00,station1,0.0,1.359,9.337,0.0,484919.99999999994,9716510.727272727,3.8793599999999997,77.73208581818182,vrf_leakage,compound_bgp_route_flap_03_vrf_leakage
2026-07-19T19:22:38+00:00,station2,0.0,1.561,11.049,0.0,9715647.727272727,486213.54545454547,77.72518181818181,3.889708363636364,vrf_leakage,compound_bgp_route_flap_03_vrf_leakage
2026-07-19T19:22:38+00:00,station3,0.0,0.672,2.112,0.0,192.6,1088.2363636363636,0.0015408,0.00870589090909091,vrf_leakage,compound_bgp_route_flap_03_vrf_leakage
2026-07-19T19:22:53+00:00,station1,0.0,1.996,10.353,0.0,630809.4181818181,12627513.581818182,5.046475345454545,101.02010865454545,vrf_leakage,compound_bgp_route_flap_03_vrf_leakage
2026-07-19T19:22:53+00:00,station2,0.0,1.429,8.693,0.0,12626557.29090909,632235.3818181817,101.01245832727271,5.057883054545454,vrf_leakage,compound_bgp_route_flap_03_vrf_leakage
2026-07-19T19:22:53+00:00,station3,0.0,0.04,0.305,0.0,242.6181818181818,1313.6,0.0019409454545454544,0.010508799999999999,vrf_leakage,compound_bgp_route_flap_03_vrf_leakage
2026-07-19T19:23:08+00:00,station1,0.0,1.391,10.627,0.0,430153.23636363633,8593438.181818182,3.4412258909090907,68.74750545454545,vrf_leakage,compound_bgp_route_flap_03_vrf_leakage
2026-07-19T19:23:08+00:00,station2,0.0,0.931,11.656,0.0,8591885.745454544,431135.7454545454,68.73508596363635,3.4490859636363633,vrf_leakage,compound_bgp_route_flap_03_vrf_leakage
2026-07-19T19:23:08+00:00,station3,0.0,0.239,0.911,0.0,202.3272727272727,1096.1272727272726,0.0016186181818181817,0.00876901818181818,vrf_leakage,compound_bgp_route_flap_03_vrf_leakage
2026-07-19T19:23:23+00:00,station1,0.0,1.586,14.171,0.0,541812.8727272727,10825109.254545454,4.334502981818181,86.60087403636363,vrf_leakage,compound_bgp_route_flap_03_vrf_leakage
2026-07-19T19:23:23+00:00,station2,0.0,2.142,11.837,0.0,10823781.181818182,543127.0545454544,86.59024945454546,4.345016436363635,vrf_leakage,compound_bgp_route_flap_03_vrf_leakage
2026-07-19T19:23:23+00:00,station3,0.0,0.172,0.835,0.0,239.9272727272727,1311.290909090909,0.0019194181818181816,0.010490327272727272,vrf_leakage,compound_bgp_route_flap_03_vrf_leakage
2026-07-19T19:23:38+00:00,station1,0.0,2.001,13.354,0.0,431013.1272727272,8593804.999999998,3.448105018181818,68.75043999999998,vrf_leakage,compound_bgp_route_flap_03_vrf_leakage
2026-07-19T19:23:38+00:00,station2,0.0,2.837,13.889,0.0,8592831.763636362,432196.87272727274,68.74265410909089,3.457574981818182,vrf_leakage,compound_bgp_route_flap_03_vrf_leakage
2026-07-19T19:23:38+00:00,station3,0.0,0.074,0.645,0.0,193.03636363636363,1086.7818181818182,0.0015442909090909091,0.008694254545454545,vrf_leakage,compound_bgp_route_flap_03_vrf_leakage
2026-07-19T19:23:53+00:00,station1,0.0,2.741,13.486,0.0,581630.1818181818,11601826.618181817,4.653041454545454,92.81461294545454,vrf_leakage,compound_bgp_route_flap_03_vrf_leakage
2026-07-19T19:23:53+00:00,station2,0.0,2.484,12.166,0.0,11600336.38181818,583037.2545454545,92.80269105454545,4.664298036363636,vrf_leakage,compound_bgp_route_flap_03_vrf_leakage
2026-07-19T19:23:53+00:00,station3,0.0,0.287,0.841,0.0,234.76363636363632,1307.7272727272725,0.0018781090909090906,0.01046181818181818,vrf_leakage,compound_bgp_route_flap_03_vrf_leakage
2026-07-19T19:24:08+00:00,station1,0.0,1.107,12.979,0.0,538203.2690314722,10736132.56122616,4.305626152251778,85.88906048980928,vrf_leakage,compound_bgp_route_flap_03_vrf_leakage
2026-07-19T19:24:08+00:00,station2,0.0,2.231,12.346,0.0,10735464.781818181,539304.109090909,85.88371825454546,4.314432872727272,vrf_leakage,compound_bgp_route_flap_03_vrf_leakage
2026-07-19T19:24:08+00:00,station3,0.0,0.011,0.281,0.0,199.67272727272726,1092.8,0.001597381818181818,0.008742399999999999,vrf_leakage,compound_bgp_route_flap_03_vrf_leakage
2026-07-19T19:24:23+00:00,station1,0.0,1.336,11.559,0.0,553305.4560660328,11025815.610057633,4.426443648528262,88.20652488046106,vrf_leakage,compound_bgp_route_flap_03_vrf_leakage
2026-07-19T19:24:23+00:00,station2,0.0,2.237,13.852,0.0,11024918.781818181,554714.9272727272,88.19935025454545,4.437719418181818,vrf_leakage,compound_bgp_route_flap_03_vrf_leakage
2026-07-19T19:24:23+00:00,station3,0.0,1369.56,1827.357,0.0,241.74545454545452,1313.490909090909,0.0019339636363636362,0.010507927272727273,vrf_leakage,compound_bgp_route_flap_03_vrf_leakage
2026-07-19T19:24:38+00:00,station1,0.0,2.262,14.002,0.0,440870.21818181814,8790387.836363636,3.526961745454545,70.32310269090908,vrf_leakage,compound_bgp_route_flap_03_vrf_leakage
2026-07-19T19:24:38+00:00,station2,0.0,2.155,12.279,0.0,8789665.145454545,442057.4909090909,70.31732116363635,3.5364599272727273,vrf_leakage,compound_bgp_route_flap_03_vrf_leakage
2026-07-19T19:24:38+00:00,station3,0.0,1060.954,1303.747,0.0,198.9272727272727,1091.0181818181818,0.0015914181818181816,0.008728145454545455,vrf_leakage,compound_bgp_route_flap_03_vrf_leakage
2026-07-19T19:24:53+00:00,station1,0.0,0.422,15.273,0.0,552862.1636363636,11025363.327272726,4.422897309090908,88.20290661818181,vrf_leakage,compound_bgp_route_flap_03_vrf_leakage
2026-07-19T19:24:53+00:00,station2,0.0,2.535,13.973,0.0,11024041.98181818,554261.2,88.19233585454545,4.434089599999999,vrf_leakage,compound_bgp_route_flap_03_vrf_leakage
2026-07-19T19:24:53+00:00,station3,0.0,856.044,1787.365,20.0,241.19999999999996,1319.581818181818,0.0019295999999999996,0.010556654545454545,vrf_leakage,compound_bgp_route_flap_03_vrf_leakage
2026-07-19T19:25:08+00:00,station1,0.0,1.541,12.795,0.0,560300.0345473388,11170239.649435423,4.482400276378711,89.36191719548339,vrf_leakage,compound_bgp_route_flap_03_vrf_leakage
2026-07-19T19:25:08+00:00,station2,0.0,1.266,12.255,0.0,11168150.309090909,561348.8545454546,89.34520247272727,4.490790836363637,vrf_leakage,compound_bgp_route_flap_03_vrf_leakage
2026-07-19T19:25:08+00:00,station3,0.0,1347.064,1752.468,0.0,208.76363636363632,1102.7454545454543,0.0016701090909090905,0.008821963636363634,vrf_leakage,compound_bgp_route_flap_03_vrf_leakage
2026-07-19T19:25:23+00:00,station1,0.0,2.606,12.213,0.0,546130.1636363636,10886863.127272727,4.369041309090909,87.09490501818182,vrf_leakage,compound_bgp_route_flap_03_vrf_leakage
2026-07-19T19:25:23+00:00,station2,0.0,2.993,12.415,0.0,10885144.454545455,547424.6727272726,87.08115563636365,4.379397381818181,vrf_leakage,compound_bgp_route_flap_03_vrf_leakage
2026-07-19T19:25:23+00:00,station3,0.0,0.023,0.248,0.0,241.0181818181818,1315.4,0.0019281454545454545,0.0105232,vrf_leakage,compound_bgp_route_flap_03_vrf_leakage
2026-07-19T19:25:38+00:00,station1,0.0,2.323,11.502,0.0,331292.94545454544,6589054.7272727275,2.6503435636363637,52.71243781818182,vrf_leakage,compound_bgp_route_flap_03_vrf_leakage
2026-07-19T19:25:38+00:00,station2,0.0,2.933,13.544,0.0,6587299.618181818,332350.0909090909,52.69839694545455,2.658800727272727,vrf_leakage,compound_bgp_route_flap_03_vrf_leakage
2026-07-19T19:25:38+00:00,station3,0.0,0.205,2.456,0.0,200.56363636363633,1094.8363636363636,0.0016045090909090906,0.008758690909090908,vrf_leakage,compound_bgp_route_flap_03_vrf_leakage
2026-07-19T19:25:53+00:00,station1,0.0,1.055,13.749,0.0,442658.36984782096,8821746.040981073,3.541266958782568,70.57396832784859,vrf_leakage,compound_bgp_route_flap_03_vrf_leakage
2026-07-19T19:25:53+00:00,station2,0.0,2.75,12.906,0.0,8820360.49090909,443959.98181818175,70.56288392727272,3.551679854545454,vrf_leakage,compound_bgp_route_flap_03_vrf_leakage
2026-07-19T19:25:53+00:00,station3,0.0,0.406,2.062,0.0,244.14545454545453,1308.9272727272726,0.001953163636363636,0.01047141818181818,vrf_leakage,compound_bgp_route_flap_03_vrf_leakage
2026-07-19T19:26:08+00:00,station1,0.0,0.988,13.887,0.0,344034.63636363635,6870274.127272727,2.752277090909091,54.962193018181814,vrf_leakage,compound_bgp_route_flap_03_vrf_leakage
2026-07-19T19:26:08+00:00,station2,0.0,2.126,14.165,0.0,6869145.69090909,345132.9636363636,54.95316552727272,2.761063709090909,vrf_leakage,compound_bgp_route_flap_03_vrf_leakage
2026-07-19T19:26:08+00:00,station3,0.0,0.229,2.342,0.0,202.25454545454542,1093.1272727272726,0.0016180363636363634,0.00874501818181818,vrf_leakage,compound_bgp_route_flap_03_vrf_leakage
2026-07-19T19:26:23+00:00,station1,0.0,2.554,11.31,0.0,567575.9895274632,11338742.222868675,4.540607916219706,90.7099377829494,vrf_leakage,compound_bgp_route_flap_03_vrf_leakage
2026-07-19T19:26:23+00:00,station2,0.0,3.075,11.343,0.0,11337279.654545454,568901.3636363635,90.69823723636364,4.5512109090909085,vrf_leakage,compound_bgp_route_flap_03_vrf_leakage
2026-07-19T19:26:23+00:00,station3,0.0,0.348,1.902,0.0,237.9272727272727,1310.0727272727272,0.0019034181818181816,0.010480581818181818,vrf_leakage,compound_bgp_route_flap_03_vrf_leakage
2026-07-19T19:26:38+00:00,station1,0.0,1.978,12.066,0.0,551600.570898711,11010937.7829494,4.412804567189688,88.0875022635952,vrf_leakage,compound_bgp_route_flap_03_vrf_leakage
2026-07-19T19:26:38+00:00,station2,0.0,1.011,13.224,0.0,11009880.418181816,552610.4363636363,88.07904334545452,4.42088349090909,vrf_leakage,compound_bgp_route_flap_03_vrf_leakage
2026-07-19T19:26:38+00:00,station3,0.0,0.042,0.231,0.0,196.8181818181818,1091.1818181818182,0.0015745454545454546,0.008729454545454545,vrf_leakage,compound_bgp_route_flap_03_vrf_leakage
2026-07-19T19:26:53+00:00,station1,0.0,0.507,12.907,0.0,441991.6907580138,8818609.374715904,3.5359335260641105,70.54887499772722,vrf_leakage,compound_bgp_route_flap_03_vrf_leakage
2026-07-19T19:26:53+00:00,station2,0.0,0.858,11.896,0.0,8816890.745454544,443195.309090909,70.53512596363635,3.5455624727272723,vrf_leakage,compound_bgp_route_flap_03_vrf_leakage
2026-07-19T19:26:53+00:00,station3,0.0,0.071,0.748,0.0,237.38181818181818,1309.6181818181817,0.0018990545454545453,0.010476945454545453,vrf_leakage,compound_bgp_route_flap_03_vrf_leakage
2026-07-19T19:27:08+00:00,station1,0.0,1.408,14.051,0.0,330281.50909090904,6584278.527272727,2.6422520727272722,52.67422821818182,vrf_leakage,compound_bgp_route_flap_03_vrf_leakage
2026-07-19T19:27:08+00:00,station2,0.0,0.314,13.196,0.0,6581635.909090908,331213.5272727273,52.65308727272727,2.6497082181818183,vrf_leakage,compound_bgp_route_flap_03_vrf_leakage
2026-07-19T19:27:08+00:00,station3,0.0,0.098,0.719,0.0,201.2,1093.2727272727273,0.0016095999999999999,0.008746181818181818,vrf_leakage,compound_bgp_route_flap_03_vrf_leakage
2026-07-19T19:27:23+00:00,station1,0.0,0.201,15.865,25.0,441367.69090909086,8816617.618181817,3.5309415272727267,70.53294094545454,vrf_leakage,compound_bgp_route_flap_03_vrf_leakage
2026-07-19T19:27:23+00:00,station2,0.0,1.534,11.217,25.0,8815290.963636363,442579.0909090909,70.5223277090909,3.540632727272727,vrf_leakage,compound_bgp_route_flap_03_vrf_leakage
2026-07-19T19:27:23+00:00,station3,0.0,0.408,0.904,0.0,237.23636363636362,1306.890909090909,0.001897890909090909,0.010455127272727271,vrf_leakage,compound_bgp_route_flap_03_vrf_leakage
2026-07-19T19:27:38+00:00,station1,0.0,2.79,11.41,0.0,448737.8545454545,8975323.545454543,3.589902836363636,71.80258836363635,vrf_leakage,compound_bgp_route_flap_03_vrf_leakage
2026-07-19T19:27:38+00:00,station2,0.0,2.437,11.855,0.0,8974178.781818181,449845.61818181816,71.79343025454546,3.5987649454545454,vrf_leakage,compound_bgp_route_flap_03_vrf_leakage
2026-07-19T19:27:38+00:00,station3,0.0,0.333,0.884,0.0,197.29090909090908,1089.0545454545454,0.0015783272727272727,0.008712436363636363,vrf_leakage,compound_bgp_route_flap_03_vrf_leakage
2026-07-19T19:27:53+00:00,station1,0.0,2.994,11.871,0.0,668357.0428553247,13367756.06829215,5.346856342842598,106.9420485463372,vrf_leakage,compound_bgp_route_flap_03_vrf_leakage
2026-07-19T19:27:53+00:00,station2,0.0,1.558,11.543,0.0,13366109.218181817,669651.6,106.92887374545454,5.3572128,vrf_leakage,compound_bgp_route_flap_03_vrf_leakage
2026-07-19T19:27:53+00:00,station3,0.0,0.023,0.276,0.0,233.49090909090907,1306.3454545454545,0.0018679272727272725,0.010450763636363635,vrf_leakage,compound_bgp_route_flap_03_vrf_leakage
2026-07-19T19:28:08+00:00,station1,0.0,2.299,14.363,0.0,445319.87272727274,8900260.254545454,3.562558981818182,71.20208203636363,vrf_leakage,compound_bgp_route_flap_03_vrf_leakage
2026-07-19T19:28:08+00:00,station2,0.0,0.347,16.715,0.0,8899130.09090909,446420.43636363634,71.19304072727272,3.5713634909090906,vrf_leakage,compound_bgp_route_flap_03_vrf_leakage
2026-07-19T19:28:08+00:00,station3,0.0,1418.339,1963.213,0.0,193.23636363636362,1094.581818181818,0.001545890909090909,0.008756654545454545,vrf_leakage,compound_bgp_route_flap_03_vrf_leakage
2026-07-19T19:28:23+00:00,station1,0.0,1.386,11.636,0.0,548043.6181818182,10946122.236363636,4.384348945454545,87.5689778909091,vrf_leakage,compound_bgp_route_flap_03_vrf_leakage
2026-07-19T19:28:23+00:00,station2,0.0,2.269,15.28,0.0,10944707.109090907,549357.4545454545,87.55765687272726,4.394859636363636,vrf_leakage,compound_bgp_route_flap_03_vrf_leakage
2026-07-19T19:28:23+00:00,station3,0.0,827.47,1128.998,0.0,234.69090909090906,1310.6363636363635,0.0018775272727272726,0.010485090909090907,vrf_leakage,compound_bgp_route_flap_03_vrf_leakage
2026-07-19T19:28:38+00:00,station1,0.0,1.538,14.408,0.0,436389.8909090909,8711221.054545455,3.491119127272727,69.68976843636364,vrf_leakage,compound_bgp_route_flap_03_vrf_leakage
2026-07-19T19:28:38+00:00,station2,0.0,3.078,14.266,0.0,8709606.745454544,437439.7636363636,69.67685396363635,3.499518109090909,vrf_leakage,compound_bgp_route_flap_03_vrf_leakage
2026-07-19T19:28:38+00:00,station3,0.0,1448.802,2944.835,0.0,192.0181818181818,1090.8545454545454,0.0015361454545454545,0.008726836363636362,vrf_leakage,compound_bgp_route_flap_03_vrf_leakage
2026-07-19T19:28:53+00:00,station1,0.0,0.669,11.811,0.0,549950.8181818181,10980499.454545455,4.399606545454545,87.84399563636364,vrf_leakage,compound_bgp_route_flap_03_vrf_leakage
2026-07-19T19:28:53+00:00,station2,0.0,2.278,14.196,0.0,10979111.436363636,551267.1272727272,87.83289149090909,4.410137018181818,vrf_leakage,compound_bgp_route_flap_03_vrf_leakage
2026-07-19T19:28:53+00:00,station3,0.0,830.003,1123.08,0.0,237.3090909090909,1313.9636363636362,0.0018984727272727273,0.010511709090909089,vrf_leakage,compound_bgp_route_flap_03_vrf_leakage
2026-07-19T19:29:08+00:00,station1,0.0,2.958,12.374,0.0,559278.709090909,11167491.69090909,4.474229672727272,89.33993352727272,vrf_leakage,compound_bgp_route_flap_03_vrf_leakage
2026-07-19T19:29:08+00:00,station2,0.0,2.038,13.199,0.0,11166372.018181818,560373.8727272727,89.33097614545454,4.4829909818181815,vrf_leakage,compound_bgp_route_flap_03_vrf_leakage
2026-07-19T19:29:08+00:00,station3,0.0,1687.307,2361.876,0.0,204.83636363636364,1099.2,0.001638690909090909,0.0087936,vrf_leakage,compound_bgp_route_flap_03_vrf_leakage
2026-07-19T19:29:23+00:00,station1,0.0,2.426,14.603,0.0,457594.23636363633,9129852.309090909,3.6607538909090906,73.03881847272727,vrf_leakage,compound_bgp_route_flap_03_vrf_leakage
2026-07-19T19:29:23+00:00,station2,0.0,0.822,13.326,25.0,9128279.618181817,458945.2545454545,73.02623694545454,3.6715620363636363,vrf_leakage,compound_bgp_route_flap_03_vrf_leakage
2026-07-19T19:29:23+00:00,station3,0.0,0.152,0.358,0.0,239.27272727272728,1313.1636363636362,0.0019141818181818183,0.01050530909090909,vrf_leakage,compound_bgp_route_flap_03_vrf_leakage
2026-07-19T19:29:38+00:00,station1,0.0,0.556,13.149,0.0,328405.9636363636,6541944.781818181,2.627247709090909,52.33555825454545,vrf_leakage,compound_bgp_route_flap_03_vrf_leakage
2026-07-19T19:29:38+00:00,station2,0.0,3.023,13.469,0.0,6541051.7272727275,329507.12727272726,52.32841381818182,2.636057018181818,vrf_leakage,compound_bgp_route_flap_03_vrf_leakage
2026-07-19T19:29:38+00:00,station3,0.0,0.158,0.753,0.0,195.1090909090909,1091.1818181818182,0.001560872727272727,0.008729454545454545,vrf_leakage,compound_bgp_route_flap_03_vrf_leakage
2026-07-19T19:29:53+00:00,station1,0.0,0.281,9.378,0.0,439246.8545454545,8776783.38181818,3.513974836363636,70.21426705454545,vrf_leakage,compound_bgp_route_flap_03_vrf_leakage
2026-07-19T19:29:53+00:00,station2,0.0,1.235,10.505,0.0,8775270.709090909,440560.2727272727,70.20216567272728,3.5244821818181817,vrf_leakage,compound_bgp_route_flap_03_vrf_leakage
2026-07-19T19:29:53+00:00,station3,0.0,0.038,0.636,0.0,237.09090909090907,1309.4727272727273,0.0018967272727272726,0.01047578181818182,vrf_leakage,compound_bgp_route_flap_03_vrf_leakage
2026-07-19T19:30:08+00:00,station1,0.0,0.209,10.88,0.0,429272.8181818182,8581655.399999999,3.4341825454545454,68.65324319999999,vrf_leakage,compound_bgp_route_flap_03_vrf_leakage
2026-07-19T19:30:08+00:00,station2,0.0,0.963,12.768,0.0,8580093.618181817,430357.5272727272,68.64074894545453,3.442860218181818,vrf_leakage,compound_bgp_route_flap_03_vrf_leakage
2026-07-19T19:30:08+00:00,station3,0.0,0.085,0.76,0.0,199.45454545454544,1093.4545454545453,0.0015956363636363635,0.008747636363636362,vrf_leakage,compound_bgp_route_flap_03_vrf_leakage
2026-07-19T19:30:23+00:00,station1,0.0,1.743,11.156,0.0,653057.8695707507,13049518.226278568,5.224462956566006,104.39614581022855,vrf_leakage,compound_bgp_route_flap_03_vrf_leakage
2026-07-19T19:30:23+00:00,station2,0.0,1.191,13.816,25.0,13048511.0,654252.2363636363,104.388088,5.23401789090909,vrf_leakage,compound_bgp_route_flap_03_vrf_leakage
2026-07-19T19:30:23+00:00,station3,0.0,0.161,0.542,0.0,239.38181818181818,1312.4363636363635,0.0019150545454545455,0.010499490909090907,vrf_leakage,compound_bgp_route_flap_03_vrf_leakage
2026-07-19T19:30:38+00:00,station1,0.0,0.331,11.379,0.0,465486.7636363636,9295321.781818181,3.723894109090909,74.36257425454545,vrf_leakage,compound_bgp_route_flap_03_vrf_leakage
2026-07-19T19:30:38+00:00,station2,0.0,2.924,12.003,0.0,9294199.545454543,466470.5818181818,74.35359636363634,3.7317646545454544,vrf_leakage,compound_bgp_route_flap_03_vrf_leakage
2026-07-19T19:30:38+00:00,station3,0.0,0.016,0.266,0.0,198.9272727272727,1093.6909090909091,0.0015914181818181816,0.008749527272727273,vrf_leakage,compound_bgp_route_flap_03_vrf_leakage
2026-07-19T19:30:53+00:00,station1,0.0,1.696,13.001,0.0,553806.1050105446,11045687.913606282,4.430448840084357,88.36550330885026,vrf_leakage,compound_bgp_route_flap_03_vrf_leakage
2026-07-19T19:30:53+00:00,station2,0.0,1.817,14.736,0.0,11044231.836363636,554845.2909090909,88.35385469090909,4.438762327272727,vrf_leakage,compound_bgp_route_flap_03_vrf_leakage
2026-07-19T19:30:53+00:00,station3,0.0,0.011,0.594,0.0,242.7272727272727,1315.3454545454545,0.0019418181818181815,0.010522763636363636,vrf_leakage,compound_bgp_route_flap_03_vrf_leakage
2026-07-19T19:31:08+00:00,station1,0.0,1.003,15.015,0.0,441219.4141924692,8812058.18076035,3.5297553135397535,70.4964654460828,vrf_leakage,compound_bgp_route_flap_03_vrf_leakage
2026-07-19T19:31:08+00:00,station2,0.0,1.901,12.388,0.0,8810832.854545454,442030.41818181815,70.48666283636364,3.536243345454545,vrf_leakage,compound_bgp_route_flap_03_vrf_leakage
2026-07-19T19:31:08+00:00,station3,0.0,0.079,0.7,0.0,206.03636363636363,1097.6363636363635,0.001648290909090909,0.008781090909090909,vrf_leakage,compound_bgp_route_flap_03_vrf_leakage
2026-07-19T19:31:23+00:00,station1,0.0,2.551,12.177,0.0,552655.4796014834,11045654.316049742,4.421243836811867,88.36523452839793,vrf_leakage,compound_bgp_route_flap_03_vrf_leakage
2026-07-19T19:31:23+00:00,station2,0.0,1.638,14.085,0.0,11044541.763636362,553602.7636363636,88.3563341090909,4.428822109090908,vrf_leakage,compound_bgp_route_flap_03_vrf_leakage
2026-07-19T19:31:23+00:00,station3,0.0,0.342,1.121,0.0,244.29090909090908,1316.0181818181816,0.0019543272727272727,0.010528145454545453,vrf_leakage,compound_bgp_route_flap_03_vrf_leakage
2026-07-19T19:31:38+00:00,station1,0.0,1.381,12.156,0.0,558662.8727272727,11171357.654545454,4.469302981818181,89.37086123636364,vrf_leakage,compound_bgp_route_flap_03_vrf_leakage
2026-07-19T19:31:38+00:00,station2,0.0,1.195,15.135,0.0,11170005.07272727,559567.909090909,89.36004058181817,4.476543272727271,vrf_leakage,compound_bgp_route_flap_03_vrf_leakage
2026-07-19T19:31:38+00:00,station3,0.0,0.191,0.79,0.0,203.7272727272727,1095.4545454545453,0.0016298181818181815,0.008763636363636362,vrf_leakage,compound_bgp_route_flap_03_vrf_leakage
2026-07-19T19:31:53+00:00,station1,0.0,0.83,14.583,0.0,561977.2185960256,11246207.15986982,4.4958177487682045,89.96965727895856,vrf_leakage,compound_bgp_route_flap_03_vrf_leakage
2026-07-19T19:31:53+00:00,station2,0.0,1.888,14.05,0.0,11244969.0,563000.5454545454,89.959752,4.504004363636363,vrf_leakage,compound_bgp_route_flap_03_vrf_leakage
2026-07-19T19:31:53+00:00,station3,0.0,0.027,0.65,0.0,244.29090909090908,1314.4545454545453,0.0019543272727272727,0.010515636363636362,vrf_leakage,compound_bgp_route_flap_03_vrf_leakage
2026-07-19T19:32:08+00:00,station1,0.0,1.117,13.048,0.0,450428.2259677449,9012181.112383863,3.603425807741959,72.0974488990709,vrf_leakage,compound_bgp_route_flap_03_vrf_leakage
2026-07-19T19:32:08+00:00,station2,0.0,2.473,12.654,0.0,9010488.6,451302.2909090909,72.0839088,3.6104183272727273,vrf_leakage,compound_bgp_route_flap_03_vrf_leakage
2026-07-19T19:32:08+00:00,station3,0.0,0.069,0.776,0.0,199.56363636363633,1091.2545454545455,0.0015965090909090907,0.008730036363636364,vrf_leakage,compound_bgp_route_flap_03_vrf_leakage
2026-07-19T19:32:23+00:00,station1,0.0,1.178,13.498,0.0,561784.761108283,11244526.234455675,4.494278088866263,89.9562098756454,vrf_leakage,compound_bgp_route_flap_03_vrf_leakage
2026-07-19T19:32:23+00:00,station2,0.0,3.263,11.853,0.0,11243779.654545454,563034.2363636363,89.95023723636363,4.504273890909091,vrf_leakage,compound_bgp_route_flap_03_vrf_leakage
2026-07-19T19:32:23+00:00,station3,0.0,0.101,0.762,0.0,237.8181818181818,1307.3090909090909,0.0019025454545454545,0.010458472727272726,vrf_leakage,compound_bgp_route_flap_03_vrf_leakage
2026-07-19T19:32:38+00:00,station1,0.0,0.286,1.031,0.0,535447.0282358503,10757143.542844675,4.283576225886802,86.0571483427574,vrf_leakage,compound_bgp_route_flap_03_vrf_leakage
2026-07-19T19:32:38+00:00,station2,0.0,0.278,1.044,0.0,10756224.636363635,536559.6545454545,86.04979709090908,4.292477236363636,vrf_leakage,compound_bgp_route_flap_03_vrf_leakage
2026-07-19T19:32:38+00:00,station3,0.0,0.125,0.892,0.0,195.1090909090909,1087.290909090909,0.001560872727272727,0.008698327272727272,vrf_leakage,compound_bgp_route_flap_03_vrf_leakage
2026-07-19T19:32:53+00:00,station1,0.0,0.038,0.221,0.0,575837.4363636363,11577591.945454543,4.60669949090909,92.62073556363634,vrf_leakage,compound_bgp_route_flap_03_vrf_leakage
2026-07-19T19:32:53+00:00,station2,0.0,0.049,0.263,0.0,11576391.47272727,577313.8181818181,92.61113178181817,4.618510545454545,vrf_leakage,compound_bgp_route_flap_03_vrf_leakage
2026-07-19T19:32:53+00:00,station3,0.0,0.04,0.263,0.0,232.94545454545454,1305.7454545454543,0.0018635636363636362,0.010445963636363634,vrf_leakage,compound_bgp_route_flap_03_vrf_leakage
2026-07-19T19:33:08+00:00,station1,0.0,0.438,1.911,0.0,441930.9987454318,8873123.147693595,3.5354479899634543,70.98498518154877,vrf_leakage,compound_bgp_route_flap_03_vrf_leakage
2026-07-19T19:33:08+00:00,station2,0.0,0.073,1.914,0.0,8872325.363636363,443099.18181818177,70.97860290909091,3.544793454545454,vrf_leakage,compound_bgp_route_flap_03_vrf_leakage
2026-07-19T19:33:08+00:00,station3,0.0,877.046,7491.096,60.0,191.05454545454543,1095.090909090909,0.0015284363636363634,0.008760727272727272,vrf_leakage,compound_bgp_route_flap_03_vrf_leakage
2026-07-19T19:33:23+00:00,station1,0.0,0.395,2.066,0.0,554379.3203759931,11108049.344557371,4.435034563007945,88.86439475645896,vrf_leakage,compound_bgp_route_flap_03_vrf_leakage
2026-07-19T19:33:23+00:00,station2,0.0,0.303,1.983,0.0,11106936.781818181,555779.109090909,88.85549425454545,4.446232872727272,vrf_leakage,compound_bgp_route_flap_03_vrf_leakage
2026-07-19T19:33:23+00:00,station3,0.0,1446.177,2952.518,0.0,234.65454545454543,1314.1818181818182,0.0018772363636363634,0.010513454545454546,vrf_leakage,compound_bgp_route_flap_03_vrf_leakage
2026-07-19T19:33:38+00:00,station1,0.0,0.412,2.309,0.0,445181.5851197295,8874313.62388407,3.561452680957836,70.99450899107256,vrf_leakage,compound_bgp_route_flap_03_vrf_leakage
2026-07-19T19:33:38+00:00,station2,0.0,0.528,1.93,0.0,8873153.618181817,446259.99999999994,70.98522894545454,3.5700799999999995,vrf_leakage,compound_bgp_route_flap_03_vrf_leakage
2026-07-19T19:33:38+00:00,station3,0.0,2791.671,4489.596,0.0,199.65454545454543,1095.7636363636364,0.0015972363636363634,0.00876610909090909,vrf_leakage,compound_bgp_route_flap_03_vrf_leakage
2026-07-19T19:33:53+00:00,station1,0.0,0.223,1.946,0.0,648973.3272727273,12936830.418181816,5.191786618181818,103.49464334545453,vrf_leakage,compound_bgp_route_flap_03_vrf_leakage
2026-07-19T19:33:53+00:00,station2,0.0,0.046,1.811,0.0,12934799.581818182,650172.0,103.47839665454546,5.201376,vrf_leakage,compound_bgp_route_flap_03_vrf_leakage
2026-07-19T19:33:53+00:00,station3,0.0,0.0,245.341,90.0,252.36363636363635,1320.4,0.0020189090909090907,0.0105632,vrf_leakage,compound_bgp_route_flap_03_vrf_leakage
2026-07-19T19:34:08+00:00,station1,0.0,0.034,0.251,0.0,471679.21818181814,9413702.327272726,3.773433745454545,75.30961861818182,vrf_leakage,compound_bgp_route_flap_03_vrf_leakage
2026-07-19T19:34:08+00:00,station2,0.0,0.03,0.291,0.0,9412519.727272727,472848.16363636364,75.30015781818182,3.782785309090909,vrf_leakage,compound_bgp_route_flap_03_vrf_leakage
2026-07-19T19:34:08+00:00,station3,0.0,0.055,0.278,0.0,216.18181818181816,1097.890909090909,0.0017294545454545453,0.008783127272727271,vrf_leakage,compound_bgp_route_flap_03_vrf_leakage
2026-07-19T19:34:23+00:00,station1,0.0,0.453,1.048,0.0,557509.7540134175,11109571.750631783,4.46007803210734,88.87657400505427,vrf_leakage,compound_bgp_route_flap_03_vrf_leakage
2026-07-19T19:34:23+00:00,station2,0.0,0.643,1.268,0.0,11108575.0,558841.1454545454,88.8686,4.4707291636363635,vrf_leakage,compound_bgp_route_flap_03_vrf_leakage
2026-07-19T19:34:23+00:00,station3,0.0,0.191,0.809,0.0,249.6363636363636,1311.7636363636364,0.001997090909090909,0.01049410909090909,vrf_leakage,compound_bgp_route_flap_03_vrf_leakage
2026-07-19T19:34:38+00:00,station1,0.0,0.105,0.821,0.0,445677.2176063124,8874429.06750541,3.5654177408504992,70.99543254004328,vrf_leakage,compound_bgp_route_flap_03_vrf_leakage
2026-07-19T19:34:38+00:00,station2,0.0,0.179,0.768,0.0,8872980.345454546,446757.309090909,70.98384276363636,3.5740584727272724,vrf_leakage,compound_bgp_route_flap_03_vrf_leakage
2026-07-19T19:34:38+00:00,station3,0.0,0.03,0.654,0.0,202.09090909090907,1087.5454545454545,0.0016167272727272725,0.008700363636363636,vrf_leakage,compound_bgp_route_flap_03_vrf_leakage
2026-07-19T19:34:53+00:00,station1,0.0,0.045,0.735,0.0,557799.1418025782,11109657.92105311,4.462393134420626,88.87726336842488,vrf_leakage,compound_bgp_route_flap_03_vrf_leakage
2026-07-19T19:34:53+00:00,station2,0.0,0.097,0.77,0.0,11108389.98181818,559113.8545454545,88.86711985454545,4.472910836363636,vrf_leakage,compound_bgp_route_flap_03_vrf_leakage
2026-07-19T19:34:53+00:00,station3,0.0,0.193,0.814,0.0,235.09090909090907,1307.4545454545453,0.0018807272727272724,0.010459636363636362,vrf_leakage,compound_bgp_route_flap_03_vrf_leakage
2026-07-19T19:35:08+00:00,station1,0.0,0.12,0.925,0.0,559921.9076710487,11172312.15113002,4.479375261368389,89.37849720904016,vrf_leakage,compound_bgp_route_flap_03_vrf_leakage
2026-07-19T19:35:08+00:00,station2,0.0,0.556,1.175,0.0,11170828.963636363,561002.8,89.36663170909091,4.4880224,vrf_leakage,compound_bgp_route_flap_03_vrf_leakage
2026-07-19T19:35:08+00:00,station3,0.0,0.157,0.775,0.0,202.07272727272726,1091.1818181818182,0.001616581818181818,0.008729454545454545,vrf_leakage,compound_bgp_route_flap_03_vrf_leakage
2026-07-19T19:35:23+00:00,station1,0.0,0.354,2.379,0.0,557821.7272727272,11109155.236363636,4.462573818181817,88.87324189090909,vrf_leakage,compound_bgp_route_flap_03_vrf_leakage
2026-07-19T19:35:23+00:00,station2,0.0,1.152,2.509,0.0,11107785.436363636,559129.8363636363,88.86228349090908,4.473038690909091,vrf_leakage,compound_bgp_route_flap_03_vrf_leakage
2026-07-19T19:35:23+00:00,station3,0.0,1444.291,2958.611,0.0,232.94545454545454,1307.509090909091,0.0018635636363636362,0.010460072727272727,vrf_leakage,compound_bgp_route_flap_03_vrf_leakage
2026-07-19T19:35:38+00:00,station1,0.0,0.181,2.367,0.0,445553.5636363636,8873691.999999998,3.564428509090909,70.98953599999999,vrf_leakage,compound_bgp_route_flap_03_vrf_leakage
2026-07-19T19:35:38+00:00,station2,0.0,0.597,2.313,0.0,8872614.09090909,446646.2545454545,70.98091272727272,3.5731700363636363,vrf_leakage,compound_bgp_route_flap_03_vrf_leakage
2026-07-19T19:35:38+00:00,station3,0.0,1145.486,8452.74,60.0,187.69090909090906,1093.4363636363635,0.0015015272727272725,0.008747490909090909,vrf_leakage,compound_bgp_route_flap_03_vrf_leakage
2026-07-19T19:35:53+00:00,station1,0.0,0.07,2.148,0.0,557086.4971997964,11107023.728998473,4.456691977598371,88.85618983198778,vrf_leakage,compound_bgp_route_flap_03_vrf_leakage
2026-07-19T19:35:53+00:00,station2,0.0,0.205,1.729,0.0,11105030.018181818,558358.4545454545,88.84024014545454,4.466867636363636,vrf_leakage,compound_bgp_route_flap_03_vrf_leakage
2026-07-19T19:35:53+00:00,station3,0.0,1507.965,2448.65,0.0,242.76363636363632,1311.9272727272726,0.0019421090909090906,0.01049541818181818,vrf_leakage,compound_bgp_route_flap_03_vrf_leakage
2026-07-19T19:36:08+00:00,station1,0.0,1.225,2.443,0.0,529937.0034361762,10564588.858789522,4.23949602748941,84.51671087031617,vrf_leakage,compound_bgp_route_flap_03_vrf_leakage
2026-07-19T19:36:08+00:00,station2,0.0,1.141,3.152,0.0,10563590.345454544,530807.4363636363,84.50872276363636,4.24645949090909,vrf_leakage,compound_bgp_route_flap_03_vrf_leakage
2026-07-19T19:36:08+00:00,station3,0.0,1444.589,2960.649,0.0,205.0181818181818,1095.5272727272725,0.0016401454545454544,0.00876421818181818,vrf_leakage,compound_bgp_route_flap_03_vrf_leakage
2026-07-19T19:36:23+00:00,station1,0.0,0.096,0.317,0.0,590460.0629102348,13221494.808996528,4.723680503281878,105.77195847197223,vrf_leakage,compound_bgp_route_flap_03_vrf_leakage
2026-07-19T19:36:23+00:00,station2,0.0,0.164,0.442,0.0,13219647.527272727,591602.8181818181,105.75718021818182,4.732822545454545,vrf_leakage,compound_bgp_route_flap_03_vrf_leakage
2026-07-19T19:36:23+00:00,station3,0.0,0.005,0.246,0.0,247.27272727272728,1311.9636363636362,0.001978181818181818,0.01049570909090909,vrf_leakage,compound_bgp_route_flap_03_vrf_leakage
2026-07-19T19:36:38+00:00,station1,0.0,0.065,0.225,0.0,367257.59531644883,9653798.785476627,2.9380607625315904,77.23039028381301,vrf_leakage,compound_bgp_route_flap_03_vrf_leakage
2026-07-19T19:36:38+00:00,station2,0.0,0.066,0.25,0.0,9652196.38181818,368104.90909090906,77.21757105454545,2.9448392727272723,vrf_leakage,compound_bgp_route_flap_03_vrf_leakage
2026-07-19T19:36:38+00:00,station3,0.0,0.021,0.287,0.0,193.8,1086.2363636363636,0.0015504000000000002,0.008689890909090909,vrf_leakage,compound_bgp_route_flap_03_vrf_leakage
2026-07-19T19:36:53+00:00,station1,0.0,0.047,0.728,0.0,446153.0825591331,11210214.55193353,3.569224660473065,89.68171641546824,vrf_leakage,compound_bgp_route_flap_03_vrf_leakage
2026-07-19T19:36:53+00:00,station2,0.0,0.21,0.944,0.0,11208714.563636363,447314.50909090904,89.6697165090909,3.5785160727272722,vrf_leakage,compound_bgp_route_flap_03_vrf_leakage
2026-07-19T19:36:53+00:00,station3,0.0,0.046,0.728,0.0,235.89090909090908,1307.1818181818182,0.0018871272727272726,0.010457454545454546,vrf_leakage,compound_bgp_route_flap_03_vrf_leakage
2026-07-19T19:37:08+00:00,station1,0.0,0.181,0.948,0.0,334042.5818181818,8976313.818181816,2.6723406545454544,71.81051054545453,vrf_leakage,compound_bgp_route_flap_03_vrf_leakage
2026-07-19T19:37:08+00:00,station2,0.0,0.07,0.825,0.0,8974836.0,335134.54545454547,71.798688,2.6810763636363637,vrf_leakage,compound_bgp_route_flap_03_vrf_leakage
2026-07-19T19:37:08+00:00,station3,0.0,0.041,0.623,0.0,199.9272727272727,1093.4181818181817,0.0015994181818181816,0.008747345454545453,vrf_leakage,compound_bgp_route_flap_03_vrf_leakage
2026-07-19T19:37:23+00:00,station1,0.0,0.031,0.912,0.0,527293.8417062128,11393814.232986055,4.218350733649703,91.15051386388845,vrf_leakage,compound_bgp_route_flap_03_vrf_leakage
2026-07-19T19:37:23+00:00,station2,0.0,0.059,0.747,0.0,11392085.309090909,528587.2363636363,91.13668247272727,4.228697890909091,vrf_leakage,compound_bgp_route_flap_03_vrf_leakage
2026-07-19T19:37:23+00:00,station3,0.0,0.149,0.854,0.0,237.9272727272727,1308.6909090909091,0.0019034181818181816,0.010469527272727272,vrf_leakage,compound_bgp_route_flap_03_vrf_leakage
2026-07-19T19:37:38+00:00,station1,0.0,0.91,1.349,0.0,560449.8181818181,11171924.0,4.483598545454545,89.375392,vrf_leakage,compound_bgp_route_flap_03_vrf_leakage
2026-07-19T19:37:38+00:00,station2,0.0,1.5,2.031,0.0,11170678.09090909,561549.1636363636,89.36542472727272,4.492393309090908,vrf_leakage,compound_bgp_route_flap_03_vrf_leakage
2026-07-19T19:37:38+00:00,station3,0.0,0.191,0.901,0.0,197.4,1088.3272727272727,0.0015792,0.008706618181818181,vrf_leakage,compound_bgp_route_flap_03_vrf_leakage
2026-07-19T19:37:53+00:00,station1,0.0,0.015,0.218,0.0,482990.7818181818,9625979.454545455,3.8639262545454542,77.00783563636364,vrf_leakage,compound_bgp_route_flap_03_vrf_leakage
2026-07-19T19:37:53+00:00,station2,0.0,0.02,0.283,0.0,9624775.181818182,484389.9272727272,76.99820145454545,3.8751194181818174,vrf_leakage,compound_bgp_route_flap_03_vrf_leakage
2026-07-19T19:37:53+00:00,station3,0.0,0.03,0.235,0.0,238.43636363636364,1307.0545454545454,0.001907490909090909,0.010456436363636364,vrf_leakage,compound_bgp_route_flap_03_vrf_leakage
2026-07-19T19:38:08+00:00,station1,0.0,0.118,2.07,0.0,334143.8442096842,6645172.827608779,2.6731507536774735,53.161382620870235,vrf_leakage,compound_bgp_route_flap_03_vrf_leakage
2026-07-19T19:38:08+00:00,station2,0.0,0.206,1.866,0.0,6643759.763636364,335213.90909090906,53.15007810909091,2.6817112727272723,vrf_leakage,compound_bgp_route_flap_03_vrf_leakage
2026-07-19T19:38:08+00:00,station3,0.0,0.0,33.134,90.0,192.18181818181816,1095.0545454545454,0.0015374545454545452,0.008760436363636364,vrf_leakage,compound_bgp_route_flap_03_vrf_leakage
2026-07-19T19:38:23+00:00,station1,0.0,0.905,2.621,0.0,446091.46773812344,8880001.290838681,3.5687317419049873,71.04001032670945,vrf_leakage,compound_bgp_route_flap_03_vrf_leakage
2026-07-19T19:38:23+00:00,station2,0.0,0.793,2.706,0.0,8878981.545454545,447431.0909090909,71.03185236363636,3.579448727272727,vrf_leakage,compound_bgp_route_flap_03_vrf_leakage
2026-07-19T19:38:23+00:00,station3,0.0,2940.082,5393.665,0.0,247.94545454545454,1342.7272727272725,0.0019835636363636365,0.01074181818181818,vrf_leakage,compound_bgp_route_flap_03_vrf_leakage
2026-07-19T19:38:38+00:00,station1,0.0,0.388,1.914,0.0,411277.21818181814,8192403.618181818,3.290217745454545,65.53922894545454,vrf_leakage,compound_bgp_route_flap_03_vrf_leakage
2026-07-19T19:38:38+00:00,station2,0.0,0.314,1.976,0.0,8191064.890909091,412331.8181818182,65.52851912727273,3.2986545454545455,vrf_leakage,compound_bgp_route_flap_03_vrf_leakage
2026-07-19T19:38:38+00:00,station3,0.0,1449.192,2946.164,0.0,223.27272727272728,1135.0545454545454,0.0017861818181818183,0.009080436363636363,vrf_leakage,compound_bgp_route_flap_03_vrf_leakage
2026-07-19T19:38:53+00:00,station1,0.0,0.304,1.578,0.0,635057.6727272726,12660568.47272727,5.080461381818181,101.28454778181816,vrf_leakage,compound_bgp_route_flap_03_vrf_leakage
2026-07-19T19:38:53+00:00,station2,0.0,0.18,2.141,0.0,12658872.454545455,636243.2181818181,101.27097963636363,5.089945745454545,vrf_leakage,compound_bgp_route_flap_03_vrf_leakage
2026-07-19T19:38:53+00:00,station3,0.0,560.068,430.711,0.0,273.4,1356.7090909090907,0.0021872,0.010853672727272726,vrf_leakage,compound_bgp_route_flap_03_vrf_leakage
2026-07-19T19:39:08+00:00,station1,0.0,0.024,0.255,0.0,485596.39999999997,9694512.418181816,3.8847712,77.55609934545453,vrf_leakage,compound_bgp_route_flap_03_vrf_leakage
2026-07-19T19:39:08+00:00,station2,0.0,0.057,0.179,0.0,9693019.836363636,486640.19999999995,77.54415869090909,3.8931215999999997,vrf_leakage,compound_bgp_route_flap_03_vrf_leakage
2026-07-19T19:39:08+00:00,station3,0.0,0.017,0.263,0.0,244.45454545454544,1126.3272727272727,0.0019556363636363634,0.009010618181818182,vrf_leakage,compound_bgp_route_flap_03_vrf_leakage
2026-07-19T19:39:23+00:00,station1,0.0,1.59,1.849,0.0,445405.9233132739,8875476.519462576,3.563247386506191,71.00381215570061,vrf_leakage,compound_bgp_route_flap_03_vrf_leakage
2026-07-19T19:39:23+00:00,station2,0.0,1.727,2.183,0.0,8874496.854545454,446690.41818181815,70.99597483636363,3.573523345454545,vrf_leakage,compound_bgp_route_flap_03_vrf_leakage
2026-07-19T19:39:23+00:00,station3,0.0,0.374,2.081,0.0,257.56363636363636,1315.6545454545453,0.002060509090909091,0.010525236363636363,vrf_leakage,compound_bgp_route_flap_03_vrf_leakage
2026-07-19T19:39:38+00:00,station1,0.0,1.199,1.776,0.0,333445.16363636364,6640071.49090909,2.667561309090909,53.12057192727272,vrf_leakage,compound_bgp_route_flap_03_vrf_leakage
2026-07-19T19:39:38+00:00,station2,0.0,0.965,1.445,0.0,6638732.272727272,334538.0909090909,53.109858181818176,2.676304727272727,vrf_leakage,compound_bgp_route_flap_03_vrf_leakage
2026-07-19T19:39:38+00:00,station3,0.0,0.266,1.972,0.0,202.09090909090907,1087.8727272727272,0.0016167272727272725,0.008702981818181818,vrf_leakage,compound_bgp_route_flap_03_vrf_leakage
2026-07-19T19:39:53+00:00,station1,0.0,1.247,1.848,0.0,445337.94545454544,8874066.854545454,3.5627035636363633,70.99253483636363,vrf_leakage,compound_bgp_route_flap_03_vrf_leakage
2026-07-19T19:39:53+00:00,station2,0.0,1.611,2.095,0.0,8872388.818181818,446639.94545454544,70.97911054545455,3.5731195636363635,vrf_leakage,compound_bgp_route_flap_03_vrf_leakage
2026-07-19T19:39:53+00:00,station3,0.0,0.184,1.687,0.0,236.18181818181816,1307.1636363636362,0.0018894545454545453,0.010457309090909089,vrf_leakage,compound_bgp_route_flap_03_vrf_leakage
2026-07-19T19:40:08+00:00,station1,0.0,0.043,0.777,0.0,519060.8374697722,10348807.778323242,4.152486699758177,82.79046222658594,vrf_leakage,compound_bgp_route_flap_03_vrf_leakage
2026-07-19T19:40:08+00:00,station2,0.0,0.025,0.733,0.0,10347446.672727274,520077.98181818175,82.7795733818182,4.160623854545454,vrf_leakage,compound_bgp_route_flap_03_vrf_leakage
2026-07-19T19:40:08+00:00,station3,0.0,0.299,1.979,0.0,199.56363636363633,1092.0363636363636,0.0015965090909090907,0.00873629090909091,vrf_leakage,compound_bgp_route_flap_03_vrf_leakage
2026-07-19T19:40:23+00:00,station1,0.0,0.032,0.234,0.0,600446.0827984945,11992864.54791731,4.803568662387956,95.94291638333848,vrf_leakage,compound_bgp_route_flap_04_vrf_leakage
2026-07-19T19:40:23+00:00,station2,0.0,0.045,0.21,0.0,11991545.036363635,601765.3454545455,95.93236029090909,4.814122763636363,vrf_leakage,compound_bgp_route_flap_04_vrf_leakage
2026-07-19T19:40:23+00:00,station3,0.0,0.044,0.231,0.0,238.83636363636364,1309.6181818181817,0.0019106909090909091,0.010476945454545453,vrf_leakage,compound_bgp_route_flap_04_vrf_leakage
2026-07-19T19:40:38+00:00,station1,0.0,0.299,1.833,0.0,376952.90994709183,7526575.971345975,3.015623279576735,60.212607770767804,vrf_leakage,compound_bgp_route_flap_04_vrf_leakage
2026-07-19T19:40:38+00:00,station2,0.0,0.891,1.583,0.0,7525642.8545454545,378215.309090909,60.205142836363635,3.025722472727272,vrf_leakage,compound_bgp_route_flap_04_vrf_leakage
2026-07-19T19:40:38+00:00,station3,0.0,0.711,0.785,0.0,197.87272727272727,1091.9818181818182,0.001582981818181818,0.008735854545454546,vrf_leakage,compound_bgp_route_flap_04_vrf_leakage
2026-07-19T19:40:53+00:00,station1,0.0,1.657,3.199,0.0,470633.6545454545,9366429.29090909,3.7650692363636358,74.93143432727271,vrf_leakage,compound_bgp_route_flap_04_vrf_leakage
2026-07-19T19:40:53+00:00,station2,0.0,0.974,2.967,0.0,9365017.509090908,472068.5272727272,74.92014007272726,3.776548218181818,vrf_leakage,compound_bgp_route_flap_04_vrf_leakage
2026-07-19T19:40:53+00:00,station3,0.0,0.734,1.753,0.0,241.19999999999996,1312.6181818181817,0.0019295999999999996,0.010500945454545454,vrf_leakage,compound_bgp_route_flap_04_vrf_leakage
2026-07-19T19:41:08+00:00,station1,0.0,0.045,1.365,0.0,359636.325617761,7134158.281360801,2.877090604942088,57.07326625088641,vrf_leakage,compound_bgp_route_flap_04_vrf_leakage
2026-07-19T19:41:08+00:00,station2,0.0,0.442,1.874,0.0,7132927.872727272,360827.8363636363,57.06342298181818,2.8866226909090904,vrf_leakage,compound_bgp_route_flap_04_vrf_leakage
2026-07-19T19:41:08+00:00,station3,0.0,0.561,1.729,0.0,203.56363636363633,1097.5636363636363,0.0016285090909090906,0.00878050909090909,vrf_leakage,compound_bgp_route_flap_04_vrf_leakage
2026-07-19T19:41:23+00:00,station1,0.0,0.285,2.009,0.0,543074.2,10776908.254545454,4.3445936,86.21526603636363,vrf_leakage,compound_bgp_route_flap_04_vrf_leakage
2026-07-19T19:41:23+00:00,station2,0.0,1.702,2.811,0.0,10775426.709090909,544510.3090909091,86.20341367272727,4.356082472727272,vrf_leakage,compound_bgp_route_flap_04_vrf_leakage
2026-07-19T19:41:23+00:00,station3,0.0,74.783,54.589,0.0,247.85454545454544,1317.4727272727273,0.0019828363636363636,0.010539781818181819,vrf_leakage,compound_bgp_route_flap_04_vrf_leakage
2026-07-19T19:41:38+00:00,station1,0.0,1.193,2.242,0.0,562063.3079398556,11169957.25532263,4.496506463518845,89.35965804258103,vrf_leakage,compound_bgp_route_flap_04_vrf_leakage
2026-07-19T19:41:38+00:00,station2,0.0,0.646,2.636,25.0,11169183.29090909,563226.0909090909,89.35346632727271,4.505808727272727,vrf_leakage,compound_bgp_route_flap_04_vrf_leakage
2026-07-19T19:41:38+00:00,station3,0.0,0.959,1.595,0.0,207.76363636363632,1094.8181818181815,0.0016621090909090905,0.008758545454545453,vrf_leakage,compound_bgp_route_flap_04_vrf_leakage
2026-07-19T19:41:53+00:00,station1,0.0,0.462,0.883,0.0,470024.19999999995,9339891.145454545,3.7601935999999996,74.71912916363635,vrf_leakage,compound_bgp_route_flap_04_vrf_leakage
2026-07-19T19:41:53+00:00,station2,0.0,0.309,0.894,0.0,9338667.218181817,471407.14545454545,74.70933774545453,3.7712571636363634,vrf_leakage,compound_bgp_route_flap_04_vrf_leakage
2026-07-19T19:41:53+00:00,station3,0.0,0.04,0.245,0.0,247.1272727272727,1311.9636363636362,0.0019770181818181817,0.01049570909090909,vrf_leakage,compound_bgp_route_flap_04_vrf_leakage
2026-07-19T19:42:08+00:00,station1,0.0,0.366,1.653,0.0,335406.309090909,6639644.472727272,2.683250472727272,53.11715578181818,vrf_leakage,compound_bgp_route_flap_04_vrf_leakage
2026-07-19T19:42:08+00:00,station2,0.0,0.48,1.781,0.0,6638620.381818181,336496.21818181814,53.10896305454545,2.691969745454545,vrf_leakage,compound_bgp_route_flap_04_vrf_leakage
2026-07-19T19:42:08+00:00,station3,0.0,0.178,1.023,0.0,210.5090909090909,1095.6181818181817,0.0016840727272727273,0.008764945454545453,vrf_leakage,compound_bgp_route_flap_04_vrf_leakage
2026-07-19T19:42:23+00:00,station1,0.0,0.554,3.418,0.0,447513.39017871756,8874284.94809374,3.5801071214297404,70.99427958474992,vrf_leakage,compound_bgp_route_flap_04_vrf_leakage
2026-07-19T19:42:23+00:00,station2,0.0,0.372,4.138,0.0,8873432.09090909,449015.18181818177,70.98745672727271,3.5921214545454543,vrf_leakage,compound_bgp_route_flap_04_vrf_leakage
2026-07-19T19:42:23+00:00,station3,0.0,0.003,0.593,0.0,244.98181818181817,1311.2181818181816,0.0019598545454545453,0.010489745454545453,vrf_leakage,compound_bgp_route_flap_04_vrf_leakage
2026-07-19T19:42:38+00:00,station1,0.0,1.192,4.438,0.0,426982.89122015965,8472748.42275595,3.415863129761277,67.78198738204759,vrf_leakage,compound_bgp_route_flap_04_vrf_leakage
2026-07-19T19:42:38+00:00,station2,0.0,0.291,4.071,0.0,8471725.363636363,428287.5818181818,67.7738029090909,3.426300654545454,vrf_leakage,compound_bgp_route_flap_04_vrf_leakage
2026-07-19T19:42:38+00:00,station3,0.0,0.077,0.709,0.0,205.14545454545453,1095.2545454545455,0.0016411636363636362,0.008762036363636363,vrf_leakage,compound_bgp_route_flap_04_vrf_leakage
2026-07-19T19:42:53+00:00,station1,0.0,1.699,4.886,0.0,650835.9454545454,12939985.963636363,5.206687563636364,103.51988770909091,vrf_leakage,compound_bgp_route_flap_04_vrf_leakage
2026-07-19T19:42:53+00:00,station2,0.0,0.573,4.542,0.0,12938424.09090909,652246.0909090909,103.50739272727272,5.217968727272727,vrf_leakage,compound_bgp_route_flap_04_vrf_leakage
2026-07-19T19:42:53+00:00,station3,0.0,0.374,0.673,0.0,244.5090909090909,1314.4545454545453,0.0019560727272727274,0.010515636363636362,vrf_leakage,compound_bgp_route_flap_04_vrf_leakage
2026-07-19T19:43:08+00:00,station1,0.0,0.589,3.003,0.0,469999.2545454545,9405084.763636362,3.759994036363636,75.2406781090909,vrf_leakage,compound_bgp_route_flap_04_vrf_leakage
2026-07-19T19:43:08+00:00,station2,0.0,0.505,2.973,0.0,9404248.018181818,471368.9272727272,75.23398414545454,3.7709514181818173,vrf_leakage,compound_bgp_route_flap_04_vrf_leakage
2026-07-19T19:43:08+00:00,station3,0.0,0.02,0.292,0.0,200.36363636363635,1094.4363636363635,0.0016029090909090908,0.008755490909090908,vrf_leakage,compound_bgp_route_flap_04_vrf_leakage
2026-07-19T19:43:23+00:00,station1,0.0,0.885,3.904,0.0,554388.2434226077,11093856.706485573,4.435105947380861,88.75085365188458,vrf_leakage,compound_bgp_route_flap_04_vrf_leakage
2026-07-19T19:43:23+00:00,station2,0.0,0.416,3.448,0.0,11092067.4,555689.6,88.73653920000001,4.4455168,vrf_leakage,compound_bgp_route_flap_04_vrf_leakage
2026-07-19T19:43:23+00:00,station3,0.0,349.485,249.508,57.14285714285714,244.1090909090909,1317.909090909091,0.001952872727272727,0.010543272727272728,vrf_leakage,compound_bgp_route_flap_04_vrf_leakage
2026-07-19T19:43:38+00:00,station1,0.0,1.687,4.947,0.0,441289.64927910396,8858701.64178833,3.5303171942328317,70.86961313430663,vrf_leakage,compound_bgp_route_flap_04_vrf_leakage
2026-07-19T19:43:38+00:00,station2,0.0,0.214,4.438,0.0,8856992.527272727,442370.9272727272,70.85594021818181,3.5389674181818176,vrf_leakage,compound_bgp_route_flap_04_vrf_leakage
2026-07-19T19:43:38+00:00,station3,0.0,0.509,2.004,0.0,200.23636363636362,1097.3636363636363,0.001601890909090909,0.00877890909090909,vrf_leakage,compound_bgp_route_flap_04_vrf_leakage
2026-07-19T19:43:53+00:00,station1,0.0,0.338,3.948,0.0,552060.5261722513,11093556.244431918,4.416484209378011,88.74844995545534,vrf_leakage,compound_bgp_route_flap_04_vrf_leakage
2026-07-19T19:43:53+00:00,station2,0.0,0.758,3.59,0.0,11092556.2,553371.5454545454,88.74044959999999,4.426972363636363,vrf_leakage,compound_bgp_route_flap_04_vrf_leakage
2026-07-19T19:43:53+00:00,station3,0.0,0.06,2.034,0.0,239.59999999999997,1315.0,0.0019167999999999998,0.01052,vrf_leakage,compound_bgp_route_flap_04_vrf_leakage
2026-07-19T19:44:08+00:00,station1,0.0,0.462,6.322,0.0,555819.4265141735,11172938.487553867,4.446555412113388,89.38350790043093,vrf_leakage,compound_bgp_route_flap_04_vrf_leakage
2026-07-19T19:44:08+00:00,station2,0.0,0.309,5.343,0.0,11171185.872727271,556971.0181818182,89.36948698181817,4.455768145454545,vrf_leakage,compound_bgp_route_flap_04_vrf_leakage
2026-07-19T19:44:08+00:00,station3,0.0,0.641,1.059,0.0,201.05454545454543,1095.5636363636363,0.0016084363636363634,0.008764509090909091,vrf_leakage,compound_bgp_route_flap_04_vrf_leakage
2026-07-19T19:44:23+00:00,station1,0.0,0.031,5.614,0.0,471813.87272727274,9488211.127272727,3.774510981818182,75.90568901818182,vrf_leakage,compound_bgp_route_flap_04_vrf_leakage
2026-07-19T19:44:23+00:00,station2,0.0,0.49,5.315,0.0,9487162.563636363,473298.10909090907,75.8973005090909,3.7863848727272726,vrf_leakage,compound_bgp_route_flap_04_vrf_leakage
2026-07-19T19:44:23+00:00,station3,0.0,0.047,0.262,0.0,234.5090909090909,1306.9818181818182,0.0018760727272727272,0.010455854545454545,vrf_leakage,compound_bgp_route_flap_04_vrf_leakage
2026-07-19T19:44:38+00:00,station1,0.0,0.489,7.928,0.0,326405.61423922336,6569211.370288894,2.611244913913787,52.55369096231115,vrf_leakage,compound_bgp_route_flap_04_vrf_leakage
2026-07-19T19:44:38+00:00,station2,0.0,0.376,6.123,0.0,6568470.309090909,327605.61818181816,52.54776247272727,2.6208449454545453,vrf_leakage,compound_bgp_route_flap_04_vrf_leakage
2026-07-19T19:44:38+00:00,station3,0.0,2048.23,4071.798,0.0,194.67272727272726,1088.4181818181817,0.0015573818181818181,0.008707345454545453,vrf_leakage,compound_bgp_route_flap_04_vrf_leakage
2026-07-19T19:44:53+00:00,station1,0.0,0.552,7.249,0.0,435143.135044724,8802129.536033742,3.4811450803577917,70.41703628826994,vrf_leakage,compound_bgp_route_flap_04_vrf_leakage
2026-07-19T19:44:53+00:00,station2,0.0,0.938,6.433,0.0,8801068.927272728,436573.41818181815,70.40855141818182,3.4925873454545453,vrf_leakage,compound_bgp_route_flap_04_vrf_leakage
2026-07-19T19:44:53+00:00,station3,0.0,641.249,687.906,0.0,234.03636363636363,1308.4363636363635,0.001872290909090909,0.010467490909090908,vrf_leakage,compound_bgp_route_flap_04_vrf_leakage
2026-07-19T19:45:08+00:00,station1,0.0,0.96,6.557,0.0,407134.4909090909,8249887.8545454545,3.2570759272727274,65.99910283636363,vrf_leakage,compound_bgp_route_flap_04_vrf_leakage
2026-07-19T19:45:08+00:00,station2,0.0,0.38,7.296,0.0,8248504.599999999,408222.7818181818,65.98803679999999,3.2657822545454542,vrf_leakage,compound_bgp_route_flap_04_vrf_leakage
2026-07-19T19:45:08+00:00,station3,0.0,1420.56,1965.423,0.0,193.1272727272727,1091.5272727272727,0.0015450181818181816,0.008732218181818182,vrf_leakage,compound_bgp_route_flap_04_vrf_leakage
2026-07-19T19:45:23+00:00,station1,0.0,0.202,7.217,0.0,627087.1588822429,12715688.380633784,5.016697271057943,101.72550704507027,vrf_leakage,compound_bgp_route_flap_04_vrf_leakage
2026-07-19T19:45:23+00:00,station2,0.0,1.026,6.827,0.0,12714597.0,628342.109090909,101.716776,5.026736872727272,vrf_leakage,compound_bgp_route_flap_04_vrf_leakage
2026-07-19T19:45:23+00:00,station3,0.0,857.373,795.62,0.0,260.94545454545454,1336.8181818181815,0.0020875636363636364,0.010694545454545451,vrf_leakage,compound_bgp_route_flap_04_vrf_leakage
2026-07-19T19:45:38+00:00,station1,0.0,0.372,5.491,0.0,474508.10909090907,9624451.836363636,3.7960648727272726,76.9956146909091,vrf_leakage,compound_bgp_route_flap_04_vrf_leakage
2026-07-19T19:45:38+00:00,station2,0.0,0.489,5.573,0.0,9623346.09090909,475587.0909090909,76.98676872727272,3.8046967272727272,vrf_leakage,compound_bgp_route_flap_04_vrf_leakage
2026-07-19T19:45:38+00:00,station3,0.0,0.022,0.237,0.0,225.54545454545453,1111.2181818181816,0.0018043636363636363,0.008889745454545453,vrf_leakage,compound_bgp_route_flap_04_vrf_leakage
2026-07-19T19:45:53+00:00,station1,0.0,0.401,8.548,0.0,435350.7808664982,8803925.094994819,3.4828062469319856,70.43140075995855,vrf_leakage,compound_bgp_route_flap_04_vrf_leakage
2026-07-19T19:45:53+00:00,station2,0.0,0.489,8.669,0.0,8803591.236363636,436854.43636363634,70.4287298909091,3.494835490909091,vrf_leakage,compound_bgp_route_flap_04_vrf_leakage
2026-07-19T19:45:53+00:00,station3,0.0,0.126,0.79,0.0,261.78181818181815,1333.8545454545454,0.002094254545454545,0.010670836363636364,vrf_leakage,compound_bgp_route_flap_04_vrf_leakage
2026-07-19T19:46:08+00:00,station1,0.0,1.131,7.744,0.0,326303.3691521665,6571000.60001091,2.6104269532173316,52.56800480008728,vrf_leakage,compound_bgp_route_flap_04_vrf_leakage
2026-07-19T19:46:08+00:00,station2,0.0,0.707,8.555,0.0,6569985.781818181,327549.6545454545,52.559886254545454,2.620397236363636,vrf_leakage,compound_bgp_route_flap_04_vrf_leakage
2026-07-19T19:46:08+00:00,station3,0.0,0.246,0.857,0.0,231.7090909090909,1114.5454545454545,0.001853672727272727,0.008916363636363635,vrf_leakage,compound_bgp_route_flap_04_vrf_leakage
2026-07-19T19:46:23+00:00,station1,0.0,0.983,7.486,0.0,437858.98181818175,8804488.636363635,3.5028718545454542,70.43590909090908,vrf_leakage,compound_bgp_route_flap_04_vrf_leakage
2026-07-19T19:46:23+00:00,station2,0.0,0.965,7.229,0.0,8802978.38181818,439219.3818181818,70.42382705454544,3.513755054545454,vrf_leakage,compound_bgp_route_flap_04_vrf_leakage
2026-07-19T19:46:23+00:00,station3,0.0,0.081,0.744,0.0,236.3272727272727,1311.1818181818182,0.0018906181818181818,0.010489454545454547,vrf_leakage,compound_bgp_route_flap_04_vrf_leakage
2026-07-19T19:46:38+00:00,station1,0.0,1.226,7.857,0.0,514279.3949200923,10345454.464464283,4.114235159360739,82.76363571571426,vrf_leakage,compound_bgp_route_flap_04_vrf_leakage
2026-07-19T19:46:38+00:00,station2,0.0,1.303,7.791,0.0,10344502.309090909,515383.2545454545,82.75601847272726,4.123066036363636,vrf_leakage,compound_bgp_route_flap_04_vrf_leakage
2026-07-19T19:46:38+00:00,station3,0.0,0.13,0.71,0.0,192.63636363636363,1089.4181818181817,0.001541090909090909,0.008715345454545453,vrf_leakage,compound_bgp_route_flap_04_vrf_leakage
2026-07-19T19:46:53+00:00,station1,0.0,0.449,6.831,0.0,595301.9454545454,11989964.163636362,4.762415563636363,95.9197133090909,vrf_leakage,compound_bgp_route_flap_04_vrf_leakage
2026-07-19T19:46:53+00:00,station2,0.0,0.752,6.203,0.0,11988159.890909089,596507.2909090909,95.9052791272727,4.7720583272727275,vrf_leakage,compound_bgp_route_flap_04_vrf_leakage
2026-07-19T19:46:53+00:00,station3,0.0,0.048,0.223,0.0,234.79999999999998,1309.0363636363634,0.0018784,0.010472290909090907,vrf_leakage,compound_bgp_route_flap_04_vrf_leakage
2026-07-19T19:47:08+00:00,station1,0.0,0.151,7.091,0.0,373701.9145106452,7524224.977727678,2.9896153160851617,60.19379982182142,vrf_leakage,compound_bgp_route_flap_04_vrf_leakage
2026-07-19T19:47:08+00:00,station2,0.0,1.032,6.919,0.0,7523334.981818181,374752.5272727272,60.18667985454545,2.998020218181818,vrf_leakage,compound_bgp_route_flap_04_vrf_leakage
2026-07-19T19:47:08+00:00,station3,0.0,0.016,0.302,0.0,196.47272727272727,1090.0727272727272,0.001571781818181818,0.008720581818181817,vrf_leakage,compound_bgp_route_flap_04_vrf_leakage
2026-07-19T19:47:23+00:00,station1,0.0,0.909,7.227,0.0,439430.39999999997,8834847.690909091,3.5154431999999995,70.67878152727273,vrf_leakage,compound_bgp_route_flap_04_vrf_leakage
2026-07-19T19:47:23+00:00,station2,0.0,1.415,7.976,0.0,8833614.745454544,440747.8545454545,70.66891796363636,3.525982836363636,vrf_leakage,compound_bgp_route_flap_04_vrf_leakage
2026-07-19T19:47:23+00:00,station3,0.0,0.143,0.787,0.0,231.89090909090908,1303.4363636363635,0.0018551272727272727,0.010427490909090908,vrf_leakage,compound_bgp_route_flap_04_vrf_leakage
2026-07-19T19:47:38+00:00,station1,0.0,2.395,10.429,0.0,328756.5818181818,6601911.109090908,2.6300526545454543,52.815288872727265,vrf_leakage,compound_bgp_route_flap_04_vrf_leakage
2026-07-19T19:47:38+00:00,station2,0.0,0.904,9.172,0.0,6600265.836363635,329907.0727272727,52.80212669090908,2.6392565818181817,vrf_leakage,compound_bgp_route_flap_04_vrf_leakage
2026-07-19T19:47:38+00:00,station3,0.0,0.006,0.589,0.0,189.8,1086.0727272727272,0.0015184,0.008688581818181818,vrf_leakage,compound_bgp_route_flap_04_vrf_leakage
2026-07-19T19:47:53+00:00,station1,0.0,1.785,9.891,0.0,510265.3272727272,10244155.709090909,4.082122618181818,81.95324567272728,vrf_leakage,compound_bgp_route_flap_04_vrf_leakage
2026-07-19T19:47:53+00:00,station2,0.0,1.527,8.632,25.0,10242920.563636363,511687.8909090909,81.9433645090909,4.093503127272727,vrf_leakage,compound_bgp_route_flap_04_vrf_leakage
2026-07-19T19:47:53+00:00,station3,0.0,0.289,0.973,0.0,229.16363636363633,1304.9272727272726,0.0018333090909090906,0.010439418181818181,vrf_leakage,compound_bgp_route_flap_04_vrf_leakage
2026-07-19T19:48:08+00:00,station1,0.0,0.932,11.537,0.0,555634.1636363636,11167253.418181816,4.445073309090908,89.33802734545453,vrf_leakage,compound_bgp_route_flap_04_vrf_leakage
2026-07-19T19:48:08+00:00,station2,0.0,0.914,8.98,0.0,11165796.418181816,556819.8363636363,89.32637134545453,4.45455869090909,vrf_leakage,compound_bgp_route_flap_04_vrf_leakage
2026-07-19T19:48:08+00:00,station3,0.0,0.343,0.898,0.0,195.67272727272726,1089.7636363636364,0.001565381818181818,0.008718109090909091,vrf_leakage,compound_bgp_route_flap_04_vrf_leakage
2026-07-19T19:48:23+00:00,station1,0.0,2.037,8.375,0.0,537294.893005836,10782258.004108869,4.298359144046689,86.25806403287095,vrf_leakage,compound_bgp_route_flap_04_vrf_leakage
2026-07-19T19:48:23+00:00,station2,0.0,0.822,10.81,0.0,10781515.29090909,538727.6727272726,86.25212232727272,4.309821381818181,vrf_leakage,compound_bgp_route_flap_04_vrf_leakage
2026-07-19T19:48:23+00:00,station3,0.0,0.069,0.735,0.0,229.19999999999996,1306.0181818181816,0.0018335999999999997,0.010448145454545452,vrf_leakage,compound_bgp_route_flap_04_vrf_leakage
2026-07-19T19:48:38+00:00,station1,0.0,1.934,9.087,0.0,426048.32463683805,8549342.6176754,3.4083865970947045,68.3947409414032,vrf_leakage,compound_bgp_route_flap_04_vrf_leakage
2026-07-19T19:48:38+00:00,station2,0.0,1.18,10.586,0.0,8549259.581818182,427199.54545454547,68.39407665454546,3.4175963636363638,vrf_leakage,compound_bgp_route_flap_04_vrf_leakage
2026-07-19T19:48:38+00:00,station3,0.0,0.179,0.751,0.0,189.8,1086.9272727272726,0.0015184,0.00869541818181818,vrf_leakage,compound_bgp_route_flap_04_vrf_leakage
2026-07-19T19:48:53+00:00,station1,0.0,1.508,10.638,0.0,537211.7702670763,10782644.364852827,4.297694162136611,86.26115491882261,vrf_leakage,compound_bgp_route_flap_04_vrf_leakage
2026-07-19T19:48:53+00:00,station2,0.0,0.384,8.628,0.0,10781389.327272726,538531.7818181817,86.25111461818182,4.308254254545454,vrf_leakage,compound_bgp_route_flap_04_vrf_leakage
2026-07-19T19:48:53+00:00,station3,0.0,0.073,0.707,0.0,226.07272727272726,1305.6727272727271,0.0018085818181818182,0.010445381818181818,vrf_leakage,compound_bgp_route_flap_04_vrf_leakage
2026-07-19T19:49:08+00:00,station1,0.0,2.537,10.59,0.0,491588.13476118614,9866395.99280013,3.932705078089489,78.93116794240103,vrf_leakage,compound_bgp_route_flap_04_vrf_leakage
2026-07-19T19:49:08+00:00,station2,0.0,2.243,10.005,0.0,9865210.272727273,492641.50909090904,78.92168218181818,3.9411320727272723,vrf_leakage,compound_bgp_route_flap_04_vrf_leakage
2026-07-19T19:49:08+00:00,station3,0.0,0.049,0.625,0.0,186.3272727272727,1090.4545454545453,0.0014906181818181818,0.008723636363636362,vrf_leakage,compound_bgp_route_flap_04_vrf_leakage
2026-07-19T19:49:23+00:00,station1,0.0,2.218,9.603,0.0,620466.9745286622,12468811.501190845,4.963735796229297,99.75049200952677,vrf_leakage,compound_bgp_route_flap_04_vrf_leakage
2026-07-19T19:49:23+00:00,station2,0.0,1.775,9.572,0.0,12468136.09090909,621901.3818181817,99.74508872727272,4.975211054545453,vrf_leakage,compound_bgp_route_flap_04_vrf_leakage
2026-07-19T19:49:23+00:00,station3,0.0,0.042,0.26,0.0,225.56363636363633,1307.2545454545455,0.0018045090909090907,0.010458036363636363,vrf_leakage,compound_bgp_route_flap_04_vrf_leakage
2026-07-19T19:49:38+00:00,station1,0.0,0.382,12.69,0.0,447520.0727272727,8987724.472727273,3.5801605818181814,71.90179578181818,vrf_leakage,compound_bgp_route_flap_04_vrf_leakage
2026-07-19T19:49:38+00:00,station2,0.0,2.369,10.124,0.0,8986853.181818182,448704.3636363636,71.89482545454545,3.5896349090909085,vrf_leakage,compound_bgp_route_flap_04_vrf_leakage
2026-07-19T19:49:38+00:00,station3,0.0,0.063,0.723,0.0,189.36363636363635,1089.4181818181817,0.0015149090909090908,0.008715345454545453,vrf_leakage,compound_bgp_route_flap_04_vrf_leakage
2026-07-19T19:49:53+00:00,station1,0.0,1.031,10.041,0.0,559148.2518499664,11224403.010854347,4.47318601479973,89.79522408683478,vrf_leakage,compound_bgp_route_flap_04_vrf_leakage
2026-07-19T19:49:53+00:00,station2,0.0,1.965,9.912,0.0,11223913.181818182,560580.509090909,89.79130545454545,4.4846440727272725,vrf_leakage,compound_bgp_route_flap_04_vrf_leakage
2026-07-19T19:49:53+00:00,station3,0.0,0.073,0.672,0.0,231.8181818181818,1306.581818181818,0.0018545454545454544,0.010452654545454545,vrf_leakage,compound_bgp_route_flap_04_vrf_leakage
2026-07-19T19:50:08+00:00,station1,0.0,2.282,10.117,0.0,448205.43636363634,8992469.145454545,3.585643490909091,71.93975316363635,vrf_leakage,compound_bgp_route_flap_04_vrf_leakage
2026-07-19T19:50:08+00:00,station2,0.0,1.708,8.944,0.0,8991340.309090909,449378.0727272727,71.93072247272727,3.5950245818181816,vrf_leakage,compound_bgp_route_flap_04_vrf_leakage
2026-07-19T19:50:08+00:00,station3,0.0,0.114,0.694,0.0,195.2,1090.0181818181818,0.0015616,0.008720145454545454,vrf_leakage,compound_bgp_route_flap_04_vrf_leakage
2026-07-19T19:50:23+00:00,station1,0.0,3.091,10.135,0.0,606140.6829587606,12154845.588770092,4.849125463670085,97.23876471016074,vrf_leakage,compound_bgp_route_flap_04_vrf_leakage
2026-07-19T19:50:23+00:00,station2,0.0,1.267,9.95,0.0,12152111.69090909,607395.3272727273,97.21689352727272,4.859162618181818,vrf_leakage,compound_bgp_route_flap_04_vrf_leakage
2026-07-19T19:50:23+00:00,station3,0.0,0.084,0.716,0.0,230.7272727272727,1304.6909090909091,0.0018458181818181815,0.010437527272727273,vrf_leakage,compound_bgp_route_flap_04_vrf_leakage
2026-07-19T19:50:38+00:00,station1,0.0,2.457,9.602,0.0,507764.2545454545,10183394.49090909,4.062114036363636,81.46715592727273,vrf_leakage,compound_bgp_route_flap_04_vrf_leakage
2026-07-19T19:50:38+00:00,station2,0.0,1.204,8.52,0.0,10182071.945454543,508855.27272727265,81.45657556363635,4.070842181818181,vrf_leakage,compound_bgp_route_flap_04_vrf_leakage
2026-07-19T19:50:38+00:00,station3,0.0,0.04,0.301,0.0,191.29090909090908,1084.7636363636364,0.0015303272727272726,0.00867810909090909,vrf_leakage,compound_bgp_route_flap_04_vrf_leakage
2026-07-19T19:50:53+00:00,station1,0.0,0.581,10.483,0.0,549658.9086677455,11011104.187501136,4.397271269341965,88.08883350000909,vrf_leakage,compound_bgp_route_flap_04_vrf_leakage
2026-07-19T19:50:53+00:00,station2,0.0,1.26,10.112,0.0,11008216.49090909,550914.9999999999,88.06573192727272,4.4073199999999995,vrf_leakage,compound_bgp_route_flap_04_vrf_leakage
2026-07-19T19:50:53+00:00,station3,0.0,1271.042,2089.676,0.0,224.29090909090908,1305.5272727272725,0.0017943272727272727,0.01044421818181818,vrf_leakage,compound_bgp_route_flap_04_vrf_leakage
2026-07-19T19:51:08+00:00,station1,0.0,0.323,11.012,0.0,438374.8545454545,8777793.272727272,3.506998836363636,70.22234618181817,vrf_leakage,compound_bgp_route_flap_04_vrf_leakage
2026-07-19T19:51:08+00:00,station2,0.0,0.736,9.364,0.0,8776493.727272727,439462.79999999993,70.21194981818181,3.5157023999999995,vrf_leakage,compound_bgp_route_flap_04_vrf_leakage
2026-07-19T19:51:08+00:00,station3,0.0,0.0,1.079,90.0,192.5090909090909,1090.6727272727271,0.0015400727272727273,0.008725381818181817,vrf_leakage,compound_bgp_route_flap_04_vrf_leakage
2026-07-19T19:51:23+00:00,station1,0.0,1.486,9.593,0.0,549903.0727272726,11015484.69090909,4.399224581818181,88.12387752727271,vrf_leakage,compound_bgp_route_flap_04_vrf_leakage
2026-07-19T19:51:23+00:00,station2,0.0,1.221,11.719,0.0,11014424.163636362,551235.6181818182,88.11539330909089,4.409884945454546,vrf_leakage,compound_bgp_route_flap_04_vrf_leakage
2026-07-19T19:51:23+00:00,station3,0.0,458.883,497.576,0.0,232.39999999999998,1308.0545454545454,0.0018591999999999999,0.010464436363636363,vrf_leakage,compound_bgp_route_flap_04_vrf_leakage
2026-07-19T19:51:38+00:00,station1,0.0,0.827,12.1,0.0,556885.5272727272,11169102.727272727,4.455084218181818,89.35282181818181,vrf_leakage,compound_bgp_route_flap_04_vrf_leakage
2026-07-19T19:51:38+00:00,station2,0.0,1.567,11.157,25.0,11168096.636363635,557990.2,89.34477309090907,4.4639216,vrf_leakage,compound_bgp_route_flap_04_vrf_leakage
2026-07-19T19:51:38+00:00,station3,0.0,1448.736,2945.839,0.0,195.65454545454543,1087.7818181818182,0.0015652363636363634,0.008702254545454546,vrf_leakage,compound_bgp_route_flap_04_vrf_leakage
2026-07-19T19:51:53+00:00,station1,0.0,1.197,8.921,0.0,516149.8727272727,10347851.472727273,4.129198981818181,82.78281178181818,vrf_leakage,compound_bgp_route_flap_04_vrf_leakage
2026-07-19T19:51:53+00:00,station2,0.0,1.807,9.11,0.0,10346576.709090909,517452.19999999995,82.77261367272727,4.139617599999999,vrf_leakage,compound_bgp_route_flap_04_vrf_leakage
2026-07-19T19:51:53+00:00,station3,0.0,0.03,0.26,0.0,239.3090909090909,1307.0545454545454,0.0019144727272727272,0.010456436363636364,vrf_leakage,compound_bgp_route_flap_04_vrf_leakage
2026-07-19T19:52:08+00:00,station1,0.0,0.69,9.46,25.0,324336.2545454545,6491278.018181818,2.594690036363636,51.93022414545454,vrf_leakage,compound_bgp_route_flap_04_vrf_leakage
2026-07-19T19:52:08+00:00,station2,0.0,1.552,10.822,0.0,6490291.618181818,325328.67272727273,51.92233294545454,2.602629381818182,vrf_leakage,compound_bgp_route_flap_04_vrf_leakage
2026-07-19T19:52:08+00:00,station3,0.0,0.035,0.617,0.0,208.58181818181816,1088.6545454545453,0.0016686545454545453,0.008709236363636363,vrf_leakage,compound_bgp_route_flap_04_vrf_leakage
2026-07-19T19:52:23+00:00,station1,0.0,0.897,9.648,0.0,435673.9150197269,8725340.648351848,3.4853913201578153,69.80272518681478,vrf_leakage,compound_bgp_route_flap_04_vrf_leakage
2026-07-19T19:52:23+00:00,station2,0.0,1.358,8.813,0.0,8723791.363636363,436783.1272727272,69.79033090909091,3.494265018181818,vrf_leakage,compound_bgp_route_flap_04_vrf_leakage
2026-07-19T19:52:23+00:00,station3,0.0,0.186,0.812,0.0,236.18181818181816,1307.2181818181816,0.0018894545454545453,0.010457745454545453,vrf_leakage,compound_bgp_route_flap_04_vrf_leakage
2026-07-19T19:52:38+00:00,station1,0.0,2.035,10.547,0.0,365395.67272727273,7316125.472727272,2.923165381818182,58.529003781818176,vrf_leakage,compound_bgp_route_flap_04_vrf_leakage
2026-07-19T19:52:38+00:00,station2,0.0,1.907,9.882,0.0,7315002.018181818,366292.63636363635,58.52001614545454,2.930341090909091,vrf_leakage,compound_bgp_route_flap_04_vrf_leakage
2026-07-19T19:52:38+00:00,station3,0.0,0.305,1.014,0.0,193.18181818181816,1087.6,0.0015454545454545452,0.0087008,vrf_leakage,compound_bgp_route_flap_04_vrf_leakage
2026-07-19T19:52:53+00:00,station1,0.0,0.361,10.246,0.0,587907.4,11784511.6,4.7032592,94.2760928,vrf_leakage,compound_bgp_route_flap_04_vrf_leakage
2026-07-19T19:52:53+00:00,station2,0.0,1.328,8.081,25.0,11782901.763636362,588929.5272727272,94.2632141090909,4.7114362181818175,vrf_leakage,compound_bgp_route_flap_04_vrf_leakage
2026-07-19T19:52:53+00:00,station3,0.0,0.184,0.716,0.0,238.5090909090909,1310.3090909090909,0.0019080727272727273,0.010482472727272726,vrf_leakage,compound_bgp_route_flap_04_vrf_leakage
2026-07-19T19:53:08+00:00,station1,0.0,0.555,9.396,0.0,526067.5103183694,10549269.968544882,4.208540082546955,84.39415974835906,vrf_leakage,compound_bgp_route_flap_04_vrf_leakage
2026-07-19T19:53:08+00:00,station2,0.0,1.002,9.174,0.0,10547547.327272726,526843.4727272727,84.38037861818181,4.214747781818181,vrf_leakage,compound_bgp_route_flap_04_vrf_leakage
2026-07-19T19:53:08+00:00,station3,0.0,0.036,0.275,0.0,201.89090909090908,1095.6909090909091,0.0016151272727272727,0.008765527272727273,vrf_leakage,compound_bgp_route_flap_04_vrf_leakage
2026-07-19T19:53:23+00:00,station1,0.0,0.606,8.746,0.0,549071.6545454545,11012527.109090907,4.392573236363637,88.10021687272726,vrf_leakage,compound_bgp_route_flap_04_vrf_leakage
2026-07-19T19:53:23+00:00,station2,0.0,0.91,8.952,25.0,11010624.781818181,550084.8545454545,88.08499825454545,4.400678836363636,vrf_leakage,compound_bgp_route_flap_04_vrf_leakage
2026-07-19T19:53:23+00:00,station3,0.0,0.154,0.677,0.0,239.74545454545452,1310.7818181818182,0.0019179636363636362,0.010486254545454545,vrf_leakage,compound_bgp_route_flap_04_vrf_leakage
2026-07-19T19:53:38+00:00,station1,0.0,1.431,8.563,0.0,437123.70909090905,8777948.272727272,3.4969896727272722,70.22358618181818,vrf_leakage,compound_bgp_route_flap_04_vrf_leakage
2026-07-19T19:53:38+00:00,station2,0.0,1.207,11.278,25.0,8776583.872727271,438032.50909090904,70.21267098181816,3.504260072727272,vrf_leakage,compound_bgp_route_flap_04_vrf_leakage
2026-07-19T19:53:38+00:00,station3,0.0,0.295,0.991,0.0,199.18181818181816,1090.6909090909091,0.0015934545454545453,0.008725527272727273,vrf_leakage,compound_bgp_route_flap_04_vrf_leakage
2026-07-19T19:53:53+00:00,station1,0.0,0.72,8.994,0.0,548126.1272727272,11012782.763636362,4.385009018181818,88.1022621090909,vrf_leakage,compound_bgp_route_flap_04_vrf_leakage
2026-07-19T19:53:53+00:00,station2,0.0,0.502,9.83,0.0,11010676.345454544,549129.8363636363,88.08541076363635,4.393038690909091,vrf_leakage,compound_bgp_route_flap_04_vrf_leakage
2026-07-19T19:53:53+00:00,station3,0.0,0.16,0.844,0.0,241.38181818181818,1311.7454545454543,0.0019310545454545454,0.010493963636363634,vrf_leakage,compound_bgp_route_flap_04_vrf_leakage
2026-07-19T19:54:08+00:00,station1,0.0,0.827,7.618,0.0,555414.9499063585,11171863.356183063,4.443319599250868,89.37490684946451,vrf_leakage,compound_bgp_route_flap_04_vrf_leakage
2026-07-19T19:54:08+00:00,station2,0.0,1.157,11.165,0.0,11169976.781818181,556290.9636363636,89.35981425454546,4.450327709090909,vrf_leakage,compound_bgp_route_flap_04_vrf_leakage
2026-07-19T19:54:08+00:00,station3,0.0,0.206,0.897,0.0,201.38181818181818,1093.7272727272725,0.0016110545454545455,0.00874981818181818,vrf_leakage,compound_bgp_route_flap_04_vrf_leakage
2026-07-19T19:54:23+00:00,station1,0.0,0.113,0.848,0.0,564375.46590062,11345057.708041672,4.5150037272049595,90.76046166433338,vrf_leakage,compound_bgp_route_flap_04_vrf_leakage
2026-07-19T19:54:23+00:00,station2,0.0,0.051,0.749,0.0,11344199.909090908,565684.8181818181,90.75359927272727,4.525478545454545,vrf_leakage,compound_bgp_route_flap_04_vrf_leakage
2026-07-19T19:54:23+00:00,station3,0.0,0.1,0.75,0.0,237.8181818181818,1309.8363636363636,0.0019025454545454545,0.010478690909090909,vrf_leakage,compound_bgp_route_flap_04_vrf_leakage
2026-07-19T19:54:38+00:00,station1,0.0,0.161,0.777,0.0,453418.26512245234,9111089.107470773,3.627346120979619,72.88871285976619,vrf_leakage,compound_bgp_route_flap_04_vrf_leakage
2026-07-19T19:54:38+00:00,station2,0.0,0.146,1.016,0.0,9110211.509090908,454597.7454545454,72.88169207272726,3.636781963636363,vrf_leakage,compound_bgp_route_flap_04_vrf_leakage
2026-07-19T19:54:38+00:00,station3,0.0,0.153,0.778,0.0,194.0181818181818,1087.7636363636364,0.0015521454545454544,0.00870210909090909,vrf_leakage,compound_bgp_route_flap_04_vrf_leakage
2026-07-19T19:54:53+00:00,station1,0.0,0.708,1.444,0.0,564488.709090909,11344400.07272727,4.515909672727272,90.75520058181816,vrf_leakage,compound_bgp_route_flap_04_vrf_leakage
2026-07-19T19:54:53+00:00,station2,0.0,1.415,1.864,0.0,11342887.327272726,565877.9636363635,90.7430986181818,4.5270237090909085,vrf_leakage,compound_bgp_route_flap_04_vrf_leakage
2026-07-19T19:54:53+00:00,station3,0.0,0.225,0.527,0.0,231.74545454545452,1305.0727272727272,0.0018539636363636362,0.010440581818181818,vrf_leakage,compound_bgp_route_flap_04_vrf_leakage
2026-07-19T19:55:08+00:00,station1,0.0,0.069,0.941,0.0,476795.19627629593,9571059.346533574,3.8143615702103673,76.56847477226859,vrf_leakage,compound_bgp_route_flap_04_vrf_leakage
2026-07-19T19:55:08+00:00,station2,0.0,1.934,2.125,0.0,9569882.963636363,477885.2545454545,76.5590637090909,3.823082036363636,vrf_leakage,compound_bgp_route_flap_04_vrf_leakage
2026-07-19T19:55:08+00:00,station3,0.0,0.549,1.144,0.0,195.1272727272727,1087.9999999999998,0.0015610181818181816,0.008703999999999998,vrf_leakage,compound_bgp_route_flap_04_vrf_leakage
2026-07-19T19:55:23+00:00,station1,0.0,0.046,0.225,0.0,635027.6545454545,12771662.98181818,5.080221236363636,102.17330385454544,vrf_leakage,compound_bgp_route_flap_04_vrf_leakage
2026-07-19T19:55:23+00:00,station2,0.0,0.069,0.251,0.0,12769788.745454544,636319.0363636364,102.15830996363636,5.090552290909091,vrf_leakage,compound_bgp_route_flap_04_vrf_leakage
2026-07-19T19:55:23+00:00,station3,0.0,0.023,0.283,0.0,231.74545454545452,1302.4,0.0018539636363636362,0.0104192,vrf_leakage,compound_bgp_route_flap_04_vrf_leakage
2026-07-19T19:55:38+00:00,station1,0.0,0.238,0.924,0.0,442277.6575823137,8871895.932949113,3.5382212606585095,70.9751674635929,vrf_leakage,compound_bgp_route_flap_04_vrf_leakage
2026-07-19T19:55:38+00:00,station2,0.0,0.098,0.884,0.0,8871144.854545454,443393.1272727272,70.96915883636363,3.547145018181818,vrf_leakage,compound_bgp_route_flap_04_vrf_leakage
2026-07-19T19:55:38+00:00,station3,0.0,0.379,1.075,0.0,192.38181818181818,1084.1999999999998,0.0015390545454545454,0.008673599999999998,vrf_leakage,compound_bgp_route_flap_04_vrf_leakage
2026-07-19T19:55:53+00:00,station1,0.0,0.225,0.845,0.0,555268.5503372789,11106370.134002438,4.442148402698231,88.8509610720195,vrf_leakage,compound_bgp_route_flap_04_vrf_leakage
2026-07-19T19:55:53+00:00,station2,0.0,0.108,0.804,0.0,11105183.327272726,556572.4181818182,88.84146661818181,4.452579345454546,vrf_leakage,compound_bgp_route_flap_04_vrf_leakage
2026-07-19T19:55:53+00:00,station3,0.0,0.173,0.902,0.0,231.74545454545452,1301.381818181818,0.0018539636363636362,0.010411054545454544,vrf_leakage,compound_bgp_route_flap_04_vrf_leakage
2026-07-19T19:56:08+00:00,station1,0.0,0.222,0.944,0.0,445091.41319564387,8873755.067905387,3.560731305565151,70.9900405432431,vrf_leakage,compound_bgp_route_flap_04_vrf_leakage
2026-07-19T19:56:08+00:00,station2,0.0,0.225,1.041,0.0,8872561.218181817,446191.4545454545,70.98048974545453,3.5695316363636356,vrf_leakage,compound_bgp_route_flap_04_vrf_leakage
2026-07-19T19:56:08+00:00,station3,0.0,0.097,0.712,0.0,196.76363636363632,1087.890909090909,0.0015741090909090906,0.008703127272727271,vrf_leakage,compound_bgp_route_flap_04_vrf_leakage
2026-07-19T19:56:23+00:00,station1,0.0,0.974,1.65,0.0,589373.4113925201,11739897.94731005,4.714987291140161,93.91918357848039,vrf_leakage,compound_bgp_route_flap_04_vrf_leakage
2026-07-19T19:56:23+00:00,station2,0.0,1.738,1.986,0.0,11738355.872727271,590697.8909090909,93.90684698181816,4.725583127272727,vrf_leakage,compound_bgp_route_flap_04_vrf_leakage
2026-07-19T19:56:23+00:00,station3,0.0,0.353,0.934,0.0,234.47272727272727,1303.9454545454544,0.001875781818181818,0.010431563636363635,vrf_leakage,compound_bgp_route_flap_04_vrf_leakage
2026-07-19T19:56:38+00:00,station1,0.0,0.016,0.267,0.0,531568.0363636364,10606142.581818182,4.252544290909091,84.84914065454545,vrf_leakage,compound_bgp_route_flap_04_vrf_leakage
2026-07-19T19:56:38+00:00,station2,0.0,0.035,0.193,0.0,10605356.709090909,532665.6545454545,84.84285367272727,4.2613252363636365,vrf_leakage,compound_bgp_route_flap_04_vrf_leakage
2026-07-19T19:56:38+00:00,station3,0.0,0.053,0.276,0.0,195.1090909090909,1085.6,0.001560872727272727,0.0086848,vrf_leakage,compound_bgp_route_flap_04_vrf_leakage
2026-07-19T19:56:53+00:00,station1,0.0,0.226,1.122,0.0,557402.4545454545,11104440.145454545,4.459219636363636,88.83552116363636,vrf_leakage,compound_bgp_route_flap_04_vrf_leakage
2026-07-19T19:56:53+00:00,station2,0.0,0.014,0.684,0.0,11102734.054545455,558703.4545454545,88.82187243636363,4.469627636363636,vrf_leakage,compound_bgp_route_flap_04_vrf_leakage
2026-07-19T19:56:53+00:00,station3,0.0,0.064,0.855,0.0,234.47272727272727,1304.381818181818,0.001875781818181818,0.010435054545454545,vrf_leakage,compound_bgp_route_flap_04_vrf_leakage
2026-07-19T19:57:08+00:00,station1,0.0,0.852,1.384,0.0,445348.26087747054,8868521.354933728,3.5627860870197643,70.94817083946982,vrf_leakage,compound_bgp_route_flap_04_vrf_leakage
2026-07-19T19:57:08+00:00,station2,0.0,1.517,1.905,0.0,8866991.254545454,446429.7454545454,70.93593003636363,3.5714379636363636,vrf_leakage,compound_bgp_route_flap_04_vrf_leakage
2026-07-19T19:57:08+00:00,station3,0.0,0.623,1.124,0.0,193.56363636363633,1086.0181818181818,0.0015485090909090906,0.008688145454545455,vrf_leakage,compound_bgp_route_flap_04_vrf_leakage
2026-07-19T19:57:23+00:00,station1,0.0,0.137,0.786,0.0,557435.2545454545,11101987.890909089,4.459482036363636,88.8159031272727,vrf_leakage,compound_bgp_route_flap_04_vrf_leakage
2026-07-19T19:57:23+00:00,station2,0.0,0.408,1.332,0.0,11100668.745454544,558752.8909090909,88.80534996363636,4.470023127272727,vrf_leakage,compound_bgp_route_flap_04_vrf_leakage
2026-07-19T19:57:23+00:00,station3,0.0,0.207,0.887,0.0,231.27272727272728,1302.909090909091,0.0018501818181818183,0.010423272727272727,vrf_leakage,compound_bgp_route_flap_04_vrf_leakage
2026-07-19T19:57:38+00:00,station1,0.0,0.155,0.749,0.0,560013.4909090908,11168594.727272727,4.480107927272726,89.34875781818181,vrf_leakage,compound_bgp_route_flap_04_vrf_leakage
2026-07-19T19:57:38+00:00,station2,0.0,0.08,0.768,0.0,11167242.527272727,561115.6,89.33794021818181,4.4889247999999995,vrf_leakage,compound_bgp_route_flap_04_vrf_leakage
2026-07-19T19:57:38+00:00,station3,0.0,0.26,0.803,0.0,191.9090909090909,1085.1272727272726,0.0015352727272727274,0.00868101818181818,vrf_leakage,compound_bgp_route_flap_04_vrf_leakage
2026-07-19T19:57:53+00:00,station1,0.0,0.239,1.061,0.0,557892.4850446389,11108167.518228266,4.463139880357111,88.86534014582612,vrf_leakage,compound_bgp_route_flap_04_vrf_leakage
2026-07-19T19:57:53+00:00,station2,0.0,0.707,1.257,0.0,11106008.345454544,559157.6727272726,88.84806676363635,4.473261381818181,vrf_leakage,compound_bgp_route_flap_04_vrf_leakage
2026-07-19T19:57:53+00:00,station3,0.0,0.123,2.134,0.0,231.27272727272728,1303.109090909091,0.0018501818181818183,0.010424872727272728,vrf_leakage,compound_bgp_route_flap_04_vrf_leakage
