timestamp,host,metric,value
2026-07-21T04:06:30+00:00,station1,throughput_in_bps,442007.41818181815
2026-07-21T04:06:45+00:00,station1,throughput_in_bps,553733.3636363636
2026-07-21T04:07:00+00:00,station1,throughput_in_bps,432223.21412337956
2026-07-21T04:07:15+00:00,station1,throughput_in_bps,520639.8727272727
2026-07-21T04:07:30+00:00,station1,throughput_in_bps,297826.8
2026-07-21T04:07:45+00:00,station1,throughput_in_bps,317235.2
2026-07-21T04:08:00+00:00,station1,throughput_in_bps,291743.67272727273
2026-07-21T04:08:15+00:00,station1,throughput_in_bps,463027.47222777765
2026-07-21T04:08:30+00:00,station1,throughput_in_bps,554300.1763604298
2026-07-21T04:08:45+00:00,station1,throughput_in_bps,552426.2649770004
2026-07-21T04:09:00+00:00,station1,throughput_in_bps,442221.2545454545
2026-07-21T04:09:15+00:00,station1,throughput_in_bps,554502.4545454545
2026-07-21T04:09:30+00:00,station1,throughput_in_bps,462334.0727272727
2026-07-21T04:09:45+00:00,station1,throughput_in_bps,654458.9022416959
2026-07-21T04:10:00+00:00,station1,throughput_in_bps,431572.3740431645
2026-07-21T04:10:15+00:00,station1,throughput_in_bps,444601.18181818177
2026-07-21T04:10:30+00:00,station1,throughput_in_bps,333165.25154088106
2026-07-21T04:10:45+00:00,station1,throughput_in_bps,459658.2607588953
2026-07-21T04:11:00+00:00,station1,throughput_in_bps,558116.4363636363
2026-07-21T04:11:15+00:00,station1,throughput_in_bps,546623.8568805339
2026-07-21T04:11:30+00:00,station1,throughput_in_bps,332538.5636363636
2026-07-21T04:11:45+00:00,station1,throughput_in_bps,444258.0727272727
2026-07-21T04:12:00+00:00,station1,throughput_in_bps,344350.8899514572
2026-07-21T04:12:15+00:00,station1,throughput_in_bps,567645.8909090909
2026-07-21T04:12:30+00:00,station1,throughput_in_bps,550504.5818181818
2026-07-21T04:12:45+00:00,station1,throughput_in_bps,444362.8545454545
2026-07-21T04:13:00+00:00,station1,throughput_in_bps,332846.9272727273
2026-07-21T04:13:15+00:00,station1,throughput_in_bps,444458.4477210334
2026-07-21T04:13:30+00:00,station1,throughput_in_bps,452300.0909090909
2026-07-21T04:13:45+00:00,station1,throughput_in_bps,665756.2
2026-07-21T04:14:00+00:00,station1,throughput_in_bps,442475.48226395884
2026-07-21T04:14:15+00:00,station1,throughput_in_bps,443896.98369120556
2026-07-21T04:14:30+00:00,station1,throughput_in_bps,332308.0
2026-07-21T04:14:45+00:00,station1,throughput_in_bps,447712.09614370647
2026-07-21T04:15:00+00:00,station1,throughput_in_bps,558489.1001981782
2026-07-21T04:15:15+00:00,station1,throughput_in_bps,557916.4545454545
2026-07-21T04:15:30+00:00,station1,throughput_in_bps,345758.2
2026-07-21T04:15:45+00:00,station1,throughput_in_bps,457577.54545454547
2026-07-21T04:16:00+00:00,station1,throughput_in_bps,345524.2727272727
2026-07-21T04:16:15+00:00,station1,throughput_in_bps,568896.4056506009
2026-07-21T04:16:30+00:00,station1,throughput_in_bps,548543.2363636363
2026-07-21T04:16:45+00:00,station1,throughput_in_bps,551246.2
2026-07-21T04:17:00+00:00,station1,throughput_in_bps,435192.0762195677
2026-07-21T04:17:15+00:00,station1,throughput_in_bps,537349.0727272726
2026-07-21T04:17:30+00:00,station1,throughput_in_bps,535756.3999999999
2026-07-21T04:17:45+00:00,station1,throughput_in_bps,530558.2443955564
2026-07-21T04:18:00+00:00,station1,throughput_in_bps,331960.5098089126
2026-07-21T04:18:15+00:00,station1,throughput_in_bps,447773.0545454545
2026-07-21T04:18:30+00:00,station1,throughput_in_bps,349788.63636363635
2026-07-21T04:18:45+00:00,station1,throughput_in_bps,572881.2930673988
2026-07-21T04:19:00+00:00,station1,throughput_in_bps,543639.7025400462
2026-07-21T04:19:15+00:00,station1,throughput_in_bps,554595.9272727272
2026-07-21T04:19:30+00:00,station1,throughput_in_bps,442090.43471936876
2026-07-21T04:19:45+00:00,station1,throughput_in_bps,552247.2909090909
2026-07-21T04:20:00+00:00,station1,throughput_in_bps,553973.2727272727
2026-07-21T04:20:15+00:00,station1,throughput_in_bps,551352.4727272727
2026-07-21T04:20:30+00:00,station1,throughput_in_bps,441709.4545454545
2026-07-21T04:20:45+00:00,station1,throughput_in_bps,554692.0559303234
2026-07-21T04:21:00+00:00,station1,throughput_in_bps,455232.3636363636
2026-07-21T04:21:15+00:00,station1,throughput_in_bps,664994.9272727272
2026-07-21T04:21:30+00:00,station1,throughput_in_bps,457292.63636363635
2026-07-21T04:21:45+00:00,station1,throughput_in_bps,568682.0966891511
2026-07-21T04:22:00+00:00,station1,throughput_in_bps,456429.3636363636
2026-07-21T04:22:15+00:00,station1,throughput_in_bps,574224.4545454546
2026-07-21T04:22:30+00:00,station1,throughput_in_bps,543068.1623970473
2026-07-21T04:22:45+00:00,station1,throughput_in_bps,556269.4314648825
2026-07-21T04:23:00+00:00,station1,throughput_in_bps,444435.21818181814
2026-07-21T04:23:15+00:00,station1,throughput_in_bps,556103.1109656539
2026-07-21T04:23:30+00:00,station1,throughput_in_bps,558625.6727272726
2026-07-21T04:23:45+00:00,station1,throughput_in_bps,551267.5454545454
2026-07-21T04:24:00+00:00,station1,throughput_in_bps,439983.3272727272
2026-07-21T04:24:15+00:00,station1,throughput_in_bps,551986.454791731
2026-07-21T04:24:30+00:00,station1,throughput_in_bps,455880.79999999993
2026-07-21T04:24:45+00:00,station1,throughput_in_bps,654286.2727272727
2026-07-21T04:25:00+00:00,station1,throughput_in_bps,430818.6512482045
2026-07-21T04:25:15+00:00,station1,throughput_in_bps,447485.88156148297
2026-07-21T04:25:30+00:00,station1,throughput_in_bps,335465.47993526916
2026-07-21T04:25:45+00:00,station1,throughput_in_bps,463398.5818181818
2026-07-21T04:26:00+00:00,station1,throughput_in_bps,558516.7736421986
2026-07-21T04:26:15+00:00,station1,throughput_in_bps,543236.2363636363
2026-07-21T04:26:30+00:00,station1,throughput_in_bps,333376.53411880217
2026-07-21T04:26:45+00:00,station1,throughput_in_bps,445454.4545454545
2026-07-21T04:27:00+00:00,station1,throughput_in_bps,348974.14498445427
2026-07-21T04:27:15+00:00,station1,throughput_in_bps,572455.9818181818
2026-07-21T04:27:30+00:00,station1,throughput_in_bps,546197.661945712
2026-07-21T04:27:45+00:00,station1,throughput_in_bps,555749.5136452065
2026-07-21T04:28:00+00:00,station1,throughput_in_bps,443718.10909090907
2026-07-21T04:28:15+00:00,station1,throughput_in_bps,555733.8909090909
2026-07-21T04:28:30+00:00,station1,throughput_in_bps,558548.2
2026-07-21T04:28:45+00:00,station1,throughput_in_bps,550521.9999999999
2026-07-21T04:29:00+00:00,station1,throughput_in_bps,333084.8545454545
2026-07-21T04:29:15+00:00,station1,throughput_in_bps,443021.4727272727
2026-07-21T04:29:30+00:00,station1,throughput_in_bps,338639.5636363636
2026-07-21T04:29:45+00:00,station1,throughput_in_bps,559889.4909090908
2026-07-21T04:30:00+00:00,station1,throughput_in_bps,549045.9272727272
2026-07-21T04:30:15+00:00,station1,throughput_in_bps,547807.6727272726
2026-07-21T04:30:30+00:00,station1,throughput_in_bps,433149.2626870556
2026-07-21T04:30:45+00:00,station1,throughput_in_bps,536362.4015855411
2026-07-21T04:31:00+00:00,station1,throughput_in_bps,535289.2674678642
2026-07-21T04:31:15+00:00,station1,throughput_in_bps,533541.3189330715
2026-07-21T04:31:30+00:00,station1,throughput_in_bps,427639.26467379445
2026-07-21T04:31:45+00:00,station1,throughput_in_bps,543656.5272727272
2026-07-21T04:32:00+00:00,station1,throughput_in_bps,442574.23636363633
2026-07-21T04:32:15+00:00,station1,throughput_in_bps,665732.8909090909
2026-07-21T04:32:30+00:00,station1,throughput_in_bps,452226.54545454547
2026-07-21T04:32:45+00:00,station1,throughput_in_bps,555470.5272727272
2026-07-21T04:33:00+00:00,station1,throughput_in_bps,444060.4545454545
2026-07-21T04:33:15+00:00,station1,throughput_in_bps,556294.3764658824
2026-07-21T04:33:30+00:00,station1,throughput_in_bps,559672.6
2026-07-21T04:33:45+00:00,station1,throughput_in_bps,458098.8563428426
2026-07-21T04:34:00+00:00,station1,throughput_in_bps,332910.0545454545
2026-07-21T04:34:15+00:00,station1,throughput_in_bps,444672.4545454545
2026-07-21T04:34:30+00:00,station1,throughput_in_bps,434296.50909090904
2026-07-21T04:34:45+00:00,station1,throughput_in_bps,657680.1636363636
2026-07-21T04:35:00+00:00,station1,throughput_in_bps,461322.8909090909
2026-07-21T04:35:15+00:00,station1,throughput_in_bps,555936.0545454544
2026-07-21T04:35:30+00:00,station1,throughput_in_bps,444464.6617088205
2026-07-21T04:35:45+00:00,station1,throughput_in_bps,556417.5636363636
2026-07-21T04:36:00+00:00,station1,throughput_in_bps,559036.2019746532
2026-07-21T04:36:15+00:00,station1,throughput_in_bps,569471.9454545454
2026-07-21T04:36:30+00:00,station1,throughput_in_bps,457623.2339945815
2026-07-21T04:36:45+00:00,station1,throughput_in_bps,569786.0181818181
2026-07-21T04:37:00+00:00,station1,throughput_in_bps,551833.087874325
2026-07-21T04:37:15+00:00,station1,throughput_in_bps,568762.5272727272
2026-07-21T04:37:30+00:00,station1,throughput_in_bps,443090.21818181814
2026-07-21T04:37:45+00:00,station1,throughput_in_bps,552796.6508481973
2026-07-21T04:38:00+00:00,station1,throughput_in_bps,440014.0361084344
2026-07-21T04:38:15+00:00,station1,throughput_in_bps,652164.4
2026-07-21T04:38:30+00:00,station1,throughput_in_bps,456400.50909090904
2026-07-21T04:38:45+00:00,station1,throughput_in_bps,552471.3550662715
2026-07-21T04:39:00+00:00,station1,throughput_in_bps,442394.0473809567
2026-07-21T04:39:15+00:00,station1,throughput_in_bps,554712.0909090909
2026-07-21T04:39:30+00:00,station1,throughput_in_bps,555805.4181818182
2026-07-21T04:39:45+00:00,station1,throughput_in_bps,461282.23636363633
2026-07-21T04:40:00+00:00,station1,throughput_in_bps,330261.54545454547
2026-07-21T04:40:15+00:00,station1,throughput_in_bps,442599.87272727274
2026-07-21T04:40:30+00:00,station1,throughput_in_bps,427450.69090909086
2026-07-21T04:40:45+00:00,station1,throughput_in_bps,650601.7562359101
2026-07-21T04:41:00+00:00,station1,throughput_in_bps,467728.3818181818
2026-07-21T04:41:15+00:00,station1,throughput_in_bps,516357.55195549014
2026-07-21T04:41:30+00:00,station1,throughput_in_bps,381039.3629206742
2026-07-21T04:41:45+00:00,station1,throughput_in_bps,445371.3636363636
2026-07-21T04:42:00+00:00,station1,throughput_in_bps,439993.47260859294
2026-07-21T04:42:15+00:00,station1,throughput_in_bps,453538.8363636363
2026-07-21T04:42:30+00:00,station1,throughput_in_bps,388522.5272727272
2026-07-21T04:42:45+00:00,station1,throughput_in_bps,522264.18181818177
2026-07-21T04:43:00+00:00,station1,throughput_in_bps,523802.85812985216
2026-07-21T04:43:15+00:00,station1,throughput_in_bps,586366.2297049145
2026-07-21T04:43:30+00:00,station1,throughput_in_bps,441803.19999999995
2026-07-21T04:43:45+00:00,station1,throughput_in_bps,553968.1272727272
2026-07-21T04:44:00+00:00,station1,throughput_in_bps,443854.5299176378
2026-07-21T04:44:15+00:00,station1,throughput_in_bps,634977.6909090909
2026-07-21T04:44:30+00:00,station1,throughput_in_bps,481623.7454545454
2026-07-21T04:44:45+00:00,station1,throughput_in_bps,556341.5028817657
2026-07-21T04:45:00+00:00,station1,throughput_in_bps,445204.80372370407
2026-07-21T04:45:15+00:00,station1,throughput_in_bps,557120.6974925905
2026-07-21T04:45:30+00:00,station1,throughput_in_bps,559492.3636363635
2026-07-21T04:45:45+00:00,station1,throughput_in_bps,486555.94545454544
2026-07-21T04:46:00+00:00,station1,throughput_in_bps,333128.76129524916
2026-07-21T04:46:15+00:00,station1,throughput_in_bps,444813.9737832482
2026-07-21T04:46:30+00:00,station1,throughput_in_bps,405296.9582371229
2026-07-21T04:46:45+00:00,station1,throughput_in_bps,629115.7272727272
2026-07-21T04:47:00+00:00,station1,throughput_in_bps,489627.4727272727
2026-07-21T04:47:15+00:00,station1,throughput_in_bps,441378.16363636364
2026-07-21T04:47:30+00:00,station1,throughput_in_bps,324743.7818181818
2026-07-21T04:47:45+00:00,station1,throughput_in_bps,425344.23636363633
2026-07-21T04:48:00+00:00,station1,throughput_in_bps,489362.5272727272
2026-07-21T04:48:15+00:00,station1,throughput_in_bps,577232.7315042092
2026-07-21T04:48:30+00:00,station1,throughput_in_bps,426688.6670666739
2026-07-21T04:48:45+00:00,station1,throughput_in_bps,544374.0909090909
2026-07-21T04:49:00+00:00,station1,throughput_in_bps,442873.54545454547
2026-07-21T04:49:15+00:00,station1,throughput_in_bps,621783.0687830688
2026-07-21T04:49:30+00:00,station1,throughput_in_bps,497671.6667575774
2026-07-21T04:49:45+00:00,station1,throughput_in_bps,548328.7877961418
2026-07-21T04:50:00+00:00,station1,throughput_in_bps,431851.6545454545
2026-07-21T04:50:15+00:00,station1,throughput_in_bps,534821.4363636363
2026-07-21T04:50:30+00:00,station1,throughput_in_bps,535739.3636363636
2026-07-21T04:50:45+00:00,station1,throughput_in_bps,536188.3056671696
2026-07-21T04:51:00+00:00,station1,throughput_in_bps,433734.41818181815
2026-07-21T04:51:15+00:00,station1,throughput_in_bps,549402.9636363636
2026-07-21T04:51:30+00:00,station1,throughput_in_bps,501487.5636363636
2026-07-21T04:51:45+00:00,station1,throughput_in_bps,616147.433683024
2026-07-21T04:52:00+00:00,station1,throughput_in_bps,392983.54545454547
2026-07-21T04:52:15+00:00,station1,throughput_in_bps,437635.5024636812
2026-07-21T04:52:30+00:00,station1,throughput_in_bps,322239.61818181816
2026-07-21T04:52:45+00:00,station1,throughput_in_bps,478934.2727272727
2026-07-21T04:53:00+00:00,station1,throughput_in_bps,537626.3750250005
2026-07-21T04:53:15+00:00,station1,throughput_in_bps,536136.6
2026-07-21T04:53:30+00:00,station1,throughput_in_bps,432573.4909090909
2026-07-21T04:53:45+00:00,station1,throughput_in_bps,548603.8727272727
2026-07-21T04:54:00+00:00,station1,throughput_in_bps,492757.69090909086
2026-07-21T04:54:15+00:00,station1,throughput_in_bps,624585.8545454546
2026-07-21T04:54:30+00:00,station1,throughput_in_bps,456413.6652060871
2026-07-21T04:54:45+00:00,station1,throughput_in_bps,566630.8181818181
2026-07-21T04:55:00+00:00,station1,throughput_in_bps,454514.591174385
2026-07-21T04:55:15+00:00,station1,throughput_in_bps,609878.4203923565
2026-07-21T04:55:30+00:00,station1,throughput_in_bps,501043.6727272727
2026-07-21T04:55:45+00:00,station1,throughput_in_bps,557839.2
2026-07-21T04:56:00+00:00,station1,throughput_in_bps,443035.40064364806
2026-07-21T04:56:15+00:00,station1,throughput_in_bps,546391.6395439751
2026-07-21T04:56:30+00:00,station1,throughput_in_bps,534902.7143973965
2026-07-21T04:56:45+00:00,station1,throughput_in_bps,534794.0909090909
2026-07-21T04:57:00+00:00,station1,throughput_in_bps,432145.2909090909
2026-07-21T04:57:15+00:00,station1,throughput_in_bps,547959.9090909091
2026-07-21T04:57:30+00:00,station1,throughput_in_bps,506054.29189621634
2026-07-21T04:57:45+00:00,station1,throughput_in_bps,610560.709090909
2026-07-21T04:58:00+00:00,station1,throughput_in_bps,443990.19999999995
2026-07-21T04:58:15+00:00,station1,throughput_in_bps,555552.4545454545
2026-07-21T04:58:30+00:00,station1,throughput_in_bps,443965.6733513936
2026-07-21T04:58:45+00:00,station1,throughput_in_bps,614136.0181818181
2026-07-21T04:59:00+00:00,station1,throughput_in_bps,503241.94545454544
2026-07-21T04:59:15+00:00,station1,throughput_in_bps,456490.9365284267
2026-07-21T04:59:30+00:00,station1,throughput_in_bps,344349.14545454545
2026-07-21T04:59:45+00:00,station1,throughput_in_bps,456312.5818181818
2026-07-21T05:00:00+00:00,station1,throughput_in_bps,510575.7818181818
2026-07-21T05:00:15+00:00,station1,throughput_in_bps,605722.0232359412
2026-07-21T05:00:30+00:00,station1,throughput_in_bps,443814.0363636363
2026-07-21T05:00:45+00:00,station1,throughput_in_bps,555635.0660921108
2026-07-21T05:01:00+00:00,station1,throughput_in_bps,443896.0545454545
2026-07-21T05:01:15+00:00,station1,throughput_in_bps,618717.6154027962
2026-07-21T05:01:30+00:00,station1,throughput_in_bps,497945.41818181815
2026-07-21T05:01:45+00:00,station1,throughput_in_bps,548161.0363636364
2026-07-21T05:02:00+00:00,station1,throughput_in_bps,431827.70030725596
2026-07-21T05:02:15+00:00,station1,throughput_in_bps,534535.8434994456
2026-07-21T05:02:30+00:00,station1,throughput_in_bps,534250.0772741323
2026-07-21T05:02:45+00:00,station1,throughput_in_bps,533861.9818181818
2026-07-21T05:03:00+00:00,station1,throughput_in_bps,431882.11123434117
2026-07-21T05:03:15+00:00,station1,throughput_in_bps,548491.8640801411
2026-07-21T05:03:30+00:00,station1,throughput_in_bps,500612.85748050106
2026-07-21T05:03:45+00:00,station1,throughput_in_bps,618541.2909090909
2026-07-21T05:04:00+00:00,station1,throughput_in_bps,395038.0363636363
2026-07-21T05:04:15+00:00,station1,throughput_in_bps,443724.43636363634
2026-07-21T05:04:30+00:00,station1,throughput_in_bps,331548.21818181814
2026-07-21T05:04:45+00:00,station1,throughput_in_bps,495588.5636363636
2026-07-21T05:05:00+00:00,station1,throughput_in_bps,558148.8262996164
2026-07-21T05:05:15+00:00,station1,throughput_in_bps,510422.7454545454
2026-07-21T05:05:30+00:00,station1,throughput_in_bps,330480.117820324
2026-07-21T05:05:45+00:00,station1,throughput_in_bps,432874.5636363636
2026-07-21T05:06:00+00:00,station1,throughput_in_bps,364262.70909090905
2026-07-21T05:06:15+00:00,station1,throughput_in_bps,577784.1778941435
2026-07-21T05:06:30+00:00,station1,throughput_in_bps,493131.79999999993
2026-07-21T05:06:45+00:00,station1,throughput_in_bps,426240.16363636364
2026-07-21T05:07:00+00:00,station1,throughput_in_bps,324066.0169815094
2026-07-21T05:07:15+00:00,station1,throughput_in_bps,438156.3636363636
2026-07-21T05:07:30+00:00,station1,throughput_in_bps,483454.5917346958
2026-07-21T05:07:45+00:00,station1,throughput_in_bps,625931.4363636363
2026-07-21T05:08:00+00:00,station1,throughput_in_bps,441053.30812167044
2026-07-21T05:08:15+00:00,station1,throughput_in_bps,553830.4181818182
2026-07-21T05:08:30+00:00,station1,throughput_in_bps,443720.14545454545
2026-07-21T05:08:45+00:00,station1,throughput_in_bps,594700.4418101489
2026-07-21T05:09:00+00:00,station1,throughput_in_bps,522323.41872261517
2026-07-21T05:09:15+00:00,station1,throughput_in_bps,443950.63636363635
2026-07-21T05:09:30+00:00,station1,throughput_in_bps,332679.4421919602
2026-07-21T05:09:45+00:00,station1,throughput_in_bps,444938.54545454547
2026-07-21T05:10:00+00:00,station1,throughput_in_bps,480229.63636363635
2026-07-21T05:10:15+00:00,station1,throughput_in_bps,638320.9324314495
2026-07-21T05:10:30+00:00,station1,throughput_in_bps,414686.1579301442
2026-07-21T05:10:45+00:00,station1,throughput_in_bps,444791.0181818182
2026-07-21T05:11:00+00:00,station1,throughput_in_bps,333470.8994708995
2026-07-21T05:11:15+00:00,station1,throughput_in_bps,477358.1077395779
2026-07-21T05:11:30+00:00,station1,throughput_in_bps,558743.0181818182
2026-07-21T05:11:45+00:00,station1,throughput_in_bps,556523.9454545454
2026-07-21T05:12:00+00:00,station1,throughput_in_bps,444309.79999999993
2026-07-21T05:12:15+00:00,station1,throughput_in_bps,555994.4910092544
2026-07-21T05:12:30+00:00,station1,throughput_in_bps,473262.3636363636
2026-07-21T05:12:45+00:00,station1,throughput_in_bps,644181.5818181818
2026-07-21T05:13:00+00:00,station1,throughput_in_bps,421194.4439394215
2026-07-21T05:13:15+00:00,station1,throughput_in_bps,450398.309090909
2026-07-21T05:13:30+00:00,station1,throughput_in_bps,333998.41818181815
2026-07-21T05:13:45+00:00,station1,throughput_in_bps,460909.8545454545
2026-07-21T05:14:00+00:00,station1,throughput_in_bps,533675.6363636364
2026-07-21T05:14:15+00:00,station1,throughput_in_bps,542294.0545454544
2026-07-21T05:14:30+00:00,station1,throughput_in_bps,439910.0363636363
2026-07-21T05:14:45+00:00,station1,throughput_in_bps,554335.9818181818
2026-07-21T05:15:00+00:00,station1,throughput_in_bps,484976.92769222375
2026-07-21T05:15:15+00:00,station1,throughput_in_bps,624011.3454545455
2026-07-21T05:15:30+00:00,station1,throughput_in_bps,441214.6688242032
2026-07-21T05:15:45+00:00,station1,throughput_in_bps,554518.5272727272
2026-07-21T05:16:00+00:00,station1,throughput_in_bps,444295.7582589407
2026-07-21T05:16:15+00:00,station1,throughput_in_bps,597417.4727272727
2026-07-21T05:16:30+00:00,station1,throughput_in_bps,520875.1113616116
2026-07-21T05:16:45+00:00,station1,throughput_in_bps,547357.3272727273
2026-07-21T05:17:00+00:00,station1,throughput_in_bps,410892.8909090909
2026-07-21T05:17:15+00:00,station1,throughput_in_bps,472659.8119965818
2026-07-21T05:17:30+00:00,station1,throughput_in_bps,451382.7636363636
2026-07-21T05:17:45+00:00,station1,throughput_in_bps,439332.424225895
2026-07-21T05:18:00+00:00,station1,throughput_in_bps,377707.8545454545
2026-07-21T05:18:15+00:00,station1,throughput_in_bps,513926.39999999997
2026-07-21T05:18:30+00:00,station1,throughput_in_bps,477963.5097543681
2026-07-21T05:18:45+00:00,station1,throughput_in_bps,639357.2298685479
2026-07-21T05:19:00+00:00,station1,throughput_in_bps,444286.1272727272
2026-07-21T05:19:15+00:00,station1,throughput_in_bps,555539.2181818181
2026-07-21T05:19:30+00:00,station1,throughput_in_bps,444004.87308167864
2026-07-21T05:19:45+00:00,station1,throughput_in_bps,585948.4
2026-07-21T05:20:00+00:00,station1,throughput_in_bps,531363.2479409465
2026-07-21T05:20:15+00:00,station1,throughput_in_bps,444868.2703321878
2026-07-21T05:20:30+00:00,station1,throughput_in_bps,333467.4909090909
2026-07-21T05:20:45+00:00,station1,throughput_in_bps,445620.9636363636
2026-07-21T05:21:00+00:00,station1,throughput_in_bps,472050.12453866156
2026-07-21T05:21:15+00:00,station1,throughput_in_bps,646729.453051131
2026-07-21T05:21:30+00:00,station1,throughput_in_bps,444426.39999999997
2026-07-21T05:21:45+00:00,station1,throughput_in_bps,554090.3454545455
2026-07-21T05:22:00+00:00,station1,throughput_in_bps,441765.6139202531
2026-07-21T05:22:15+00:00,station1,throughput_in_bps,575006.1636363636
2026-07-21T05:22:30+00:00,station1,throughput_in_bps,533529.8909090909
2026-07-21T05:22:45+00:00,station1,throughput_in_bps,547381.2909090909
2026-07-21T05:23:00+00:00,station1,throughput_in_bps,433601.72727272724
2026-07-21T05:23:15+00:00,station1,throughput_in_bps,536305.7691958036
2026-07-21T05:23:30+00:00,station1,throughput_in_bps,534788.1818181818
2026-07-21T05:23:45+00:00,station1,throughput_in_bps,518838.6211159797
2026-07-21T05:24:00+00:00,station1,throughput_in_bps,318774.5636363636
2026-07-21T05:24:15+00:00,station1,throughput_in_bps,435556.95558101055
2026-07-21T05:24:30+00:00,station1,throughput_in_bps,349396.02538227965
2026-07-21T05:24:45+00:00,station1,throughput_in_bps,572781.458518936
2026-07-21T05:25:00+00:00,station1,throughput_in_bps,545092.2727272727
2026-07-21T05:25:15+00:00,station1,throughput_in_bps,550454.9999999999
2026-07-21T05:25:30+00:00,station1,throughput_in_bps,434552.91914398444
2026-07-21T05:25:45+00:00,station1,throughput_in_bps,536027.9459626538
2026-07-21T05:26:00+00:00,station1,throughput_in_bps,535339.660721104
2026-07-21T05:26:15+00:00,station1,throughput_in_bps,533083.8409367783
2026-07-21T05:26:30+00:00,station1,throughput_in_bps,430124.9659084711
2026-07-21T05:26:45+00:00,station1,throughput_in_bps,547167.0515081544
2026-07-21T05:27:00+00:00,station1,throughput_in_bps,452552.43636363634
2026-07-21T05:27:15+00:00,station1,throughput_in_bps,664771.0405265358
2026-07-21T05:27:30+00:00,station1,throughput_in_bps,441641.8545454545
2026-07-21T05:27:45+00:00,station1,throughput_in_bps,439694.79846553825
2026-07-21T05:28:00+00:00,station1,throughput_in_bps,324096.18181818177
2026-07-21T05:28:15+00:00,station1,throughput_in_bps,431277.3060348746
2026-07-21T05:28:30+00:00,station1,throughput_in_bps,536847.7118597843
2026-07-21T05:28:45+00:00,station1,throughput_in_bps,535052.9607475956
2026-07-21T05:29:00+00:00,station1,throughput_in_bps,320817.94545454544
2026-07-21T05:29:15+00:00,station1,throughput_in_bps,435600.98907292594
2026-07-21T05:29:30+00:00,station1,throughput_in_bps,333628.23636363633
2026-07-21T05:29:45+00:00,station1,throughput_in_bps,555713.8545454545
2026-07-21T05:30:00+00:00,station1,throughput_in_bps,556772.9231440572
2026-07-21T05:30:15+00:00,station1,throughput_in_bps,455532.2630497627
2026-07-21T05:30:30+00:00,station1,throughput_in_bps,344456.1553426301
2026-07-21T05:30:45+00:00,station1,throughput_in_bps,456668.34545454546
2026-07-21T05:31:00+00:00,station1,throughput_in_bps,454669.0667103038
2026-07-21T05:31:15+00:00,station1,throughput_in_bps,662847.0909090909
2026-07-21T05:31:30+00:00,station1,throughput_in_bps,439768.1412389316
2026-07-21T05:31:45+00:00,station1,throughput_in_bps,450330.7637765213
2026-07-21T05:32:00+00:00,station1,throughput_in_bps,334103.7435682987
2026-07-21T05:32:15+00:00,station1,throughput_in_bps,443349.54545454547
2026-07-21T05:32:30+00:00,station1,throughput_in_bps,533660.1698150943
2026-07-21T05:32:45+00:00,station1,throughput_in_bps,520101.0055093914
2026-07-21T05:33:00+00:00,station1,throughput_in_bps,344309.0545454545
2026-07-21T05:33:15+00:00,station1,throughput_in_bps,460950.3263695704
2026-07-21T05:33:30+00:00,station1,throughput_in_bps,374006.98169124196
2026-07-21T05:33:45+00:00,station1,throughput_in_bps,597419.8
2026-07-21T05:34:00+00:00,station1,throughput_in_bps,521843.91192887403
2026-07-21T05:34:15+00:00,station1,throughput_in_bps,556980.6548971836
2026-07-21T05:34:30+00:00,station1,throughput_in_bps,444891.19999999995
2026-07-21T05:34:45+00:00,station1,throughput_in_bps,556296.6363636364
2026-07-21T05:35:00+00:00,station1,throughput_in_bps,558353.6181818182
2026-07-21T05:35:15+00:00,station1,throughput_in_bps,567758.309090909
2026-07-21T05:35:30+00:00,station1,throughput_in_bps,456297.885492991
2026-07-21T05:35:45+00:00,station1,throughput_in_bps,567566.3533390302
2026-07-21T05:36:00+00:00,station1,throughput_in_bps,489694.7510045272
2026-07-21T05:36:15+00:00,station1,throughput_in_bps,627152.9426737695
2026-07-21T05:36:30+00:00,station1,throughput_in_bps,443601.941924105
2026-07-21T05:36:45+00:00,station1,throughput_in_bps,432764.46844488085
2026-07-21T05:37:00+00:00,station1,throughput_in_bps,226946.9636363636
2026-07-21T05:37:15+00:00,station1,throughput_in_bps,192061.61930216913
2026-07-21T05:37:30+00:00,station1,throughput_in_bps,80545.70909090908
2026-07-21T05:37:45+00:00,station1,throughput_in_bps,209013.70909090908
2026-07-21T05:38:00+00:00,station1,throughput_in_bps,285053.2
2026-07-21T05:38:15+00:00,station1,throughput_in_bps,489422.1139334873
2026-07-21T05:38:30+00:00,station1,throughput_in_bps,553713.7818181817
2026-07-21T05:38:45+00:00,station1,throughput_in_bps,551923.9413058894
2026-07-21T05:39:00+00:00,station1,throughput_in_bps,441593.3198785433
2026-07-21T05:39:15+00:00,station1,throughput_in_bps,552296.8545454545
2026-07-21T05:39:30+00:00,station1,throughput_in_bps,475434.0260732014
2026-07-21T05:39:45+00:00,station1,throughput_in_bps,634902.0017817857
2026-07-21T05:40:00+00:00,station1,throughput_in_bps,441300.91456208297
2026-07-21T05:40:15+00:00,station1,throughput_in_bps,554208.5636363636
2026-07-21T05:40:30+00:00,station1,throughput_in_bps,444238.9316169385
2026-07-21T05:40:45+00:00,station1,throughput_in_bps,587460.0545454546
2026-07-21T05:41:00+00:00,station1,throughput_in_bps,532542.7090909091
2026-07-21T05:41:15+00:00,station1,throughput_in_bps,445119.2909090909
2026-07-21T05:41:30+00:00,station1,throughput_in_bps,332842.0727272727
2026-07-21T05:41:45+00:00,station1,throughput_in_bps,444301.14545454545
2026-07-21T05:42:00+00:00,station1,throughput_in_bps,470754.67272727273
2026-07-21T05:42:15+00:00,station1,throughput_in_bps,646201.0690714715
2026-07-21T05:42:30+00:00,station1,throughput_in_bps,443793.8545454545
2026-07-21T05:42:45+00:00,station1,throughput_in_bps,554053.0717623315
2026-07-21T05:43:00+00:00,station1,throughput_in_bps,441463.0727272727
2026-07-21T05:43:15+00:00,station1,throughput_in_bps,574908.8363636363
2026-07-21T05:43:30+00:00,station1,throughput_in_bps,534542.2363636363
2026-07-21T05:43:45+00:00,station1,throughput_in_bps,552488.7090909091
2026-07-21T05:44:00+00:00,station1,throughput_in_bps,442671.5636363636
2026-07-21T05:44:15+00:00,station1,throughput_in_bps,555189.2943508064
2026-07-21T05:44:30+00:00,station1,throughput_in_bps,558322.0058546519
2026-07-21T05:44:45+00:00,station1,throughput_in_bps,555723.7222494954
2026-07-21T05:45:00+00:00,station1,throughput_in_bps,443860.70655830106
2026-07-21T05:45:15+00:00,station1,throughput_in_bps,555708.0128729613
2026-07-21T05:45:30+00:00,station1,throughput_in_bps,460413.1924874093
2026-07-21T05:45:45+00:00,station1,throughput_in_bps,657312.9454545454
2026-07-21T05:46:00+00:00,station1,throughput_in_bps,443688.2909090909
2026-07-21T05:46:15+00:00,station1,throughput_in_bps,555209.3674430444
2026-07-21T05:46:30+00:00,station1,throughput_in_bps,443515.6269886002
2026-07-21T05:46:45+00:00,station1,throughput_in_bps,567489.9365466082
2026-07-21T05:47:00+00:00,station1,throughput_in_bps,549569.8181818181
2026-07-21T05:47:15+00:00,station1,throughput_in_bps,443924.7581642301
2026-07-21T05:47:30+00:00,station1,throughput_in_bps,332371.3818181818
2026-07-21T05:47:45+00:00,station1,throughput_in_bps,444620.3203694613
2026-07-21T05:48:00+00:00,station1,throughput_in_bps,453218.5999999999
2026-07-21T05:48:15+00:00,station1,throughput_in_bps,666250.1681848761
2026-07-21T05:48:30+00:00,station1,throughput_in_bps,457014.70909090905
2026-07-21T05:48:45+00:00,station1,throughput_in_bps,568479.6363636364
2026-07-21T05:49:00+00:00,station1,throughput_in_bps,456357.7818181818
2026-07-21T05:49:15+00:00,station1,throughput_in_bps,572944.6353570066
2026-07-21T05:49:30+00:00,station1,throughput_in_bps,545734.6727272726
2026-07-21T05:49:45+00:00,station1,throughput_in_bps,456370.4545454545
2026-07-21T05:50:00+00:00,station1,throughput_in_bps,344690.5272727272
2026-07-21T05:50:15+00:00,station1,throughput_in_bps,455862.3974981363
2026-07-21T05:50:30+00:00,station1,throughput_in_bps,468504.7909962
2026-07-21T05:50:45+00:00,station1,throughput_in_bps,647909.4727272727
2026-07-21T05:51:00+00:00,station1,throughput_in_bps,424797.0909090909
2026-07-21T05:51:15+00:00,station1,throughput_in_bps,455172.72727272724
2026-07-21T05:51:30+00:00,station1,throughput_in_bps,343034.6006291024
2026-07-21T05:51:45+00:00,station1,throughput_in_bps,474239.8363636363
2026-07-21T05:52:00+00:00,station1,throughput_in_bps,554040.1280023273
2026-07-21T05:52:15+00:00,station1,throughput_in_bps,551968.6721576756
2026-07-21T05:52:30+00:00,station1,throughput_in_bps,442200.53451629914
2026-07-21T05:52:45+00:00,station1,throughput_in_bps,554406.9999999999
2026-07-21T05:53:00+00:00,station1,throughput_in_bps,474182.34876997763
2026-07-21T05:53:15+00:00,station1,throughput_in_bps,643271.5488246096
2026-07-21T05:53:30+00:00,station1,throughput_in_bps,444695.64901180024
2026-07-21T05:53:45+00:00,station1,throughput_in_bps,556607.475955857
2026-07-21T05:54:00+00:00,station1,throughput_in_bps,444506.0909090909
2026-07-21T05:54:15+00:00,station1,throughput_in_bps,582805.5601010927
2026-07-21T05:54:30+00:00,station1,throughput_in_bps,535213.4181818182
2026-07-21T04:06:30+00:00,station2,throughput_in_bps,8869959.109090907
2026-07-21T04:06:45+00:00,station2,throughput_in_bps,11105663.272727272
2026-07-21T04:07:00+00:00,station2,throughput_in_bps,10546753.545454543
2026-07-21T04:07:15+00:00,station2,throughput_in_bps,12597039.49090909
2026-07-21T04:07:30+00:00,station2,throughput_in_bps,9190189.545454543
2026-07-21T04:07:45+00:00,station2,throughput_in_bps,10679691.127272727
2026-07-21T04:08:00+00:00,station2,throughput_in_bps,8442734.127272727
2026-07-21T04:08:15+00:00,station2,throughput_in_bps,11483048.872727271
2026-07-21T04:08:30+00:00,station2,throughput_in_bps,11163252.563636363
2026-07-21T04:08:45+00:00,station2,throughput_in_bps,11101035.4
2026-07-21T04:09:00+00:00,station2,throughput_in_bps,8871203.49090909
2026-07-21T04:09:15+00:00,station2,throughput_in_bps,11104852.418181816
2026-07-21T04:09:30+00:00,station2,throughput_in_bps,10358627.109090907
2026-07-21T04:09:45+00:00,station2,throughput_in_bps,11987224.272727272
2026-07-21T04:10:00+00:00,station2,throughput_in_bps,7519925.49090909
2026-07-21T04:10:15+00:00,station2,throughput_in_bps,8881391.763636362
2026-07-21T04:10:30+00:00,station2,throughput_in_bps,6646062.6
2026-07-21T04:10:45+00:00,station2,throughput_in_bps,10293877.327272726
2026-07-21T04:11:00+00:00,station2,throughput_in_bps,11166645.163636362
2026-07-21T04:11:15+00:00,station2,throughput_in_bps,9814094.418181816
2026-07-21T04:11:30+00:00,station2,throughput_in_bps,6634443.509090909
2026-07-21T04:11:45+00:00,station2,throughput_in_bps,8870747.218181817
2026-07-21T04:12:00+00:00,station2,throughput_in_bps,7989366.290909091
2026-07-21T04:12:15+00:00,station2,throughput_in_bps,12457545.327272726
2026-07-21T04:12:30+00:00,station2,throughput_in_bps,9893308.054545455
2026-07-21T04:12:45+00:00,station2,throughput_in_bps,8865985.327272726
2026-07-21T04:13:00+00:00,station2,throughput_in_bps,6631846.218181818
2026-07-21T04:13:15+00:00,station2,throughput_in_bps,8864750.745454544
2026-07-21T04:13:30+00:00,station2,throughput_in_bps,10142775.581818182
2026-07-21T04:13:45+00:00,station2,throughput_in_bps,12205233.47272727
2026-07-21T04:14:00+00:00,station2,throughput_in_bps,7737433.781818181
2026-07-21T04:14:15+00:00,station2,throughput_in_bps,8870009.654545454
2026-07-21T04:14:30+00:00,station2,throughput_in_bps,6635332.018181818
2026-07-21T04:14:45+00:00,station2,throughput_in_bps,10068123.218181817
2026-07-21T04:15:00+00:00,station2,throughput_in_bps,11171552.654545454
2026-07-21T04:15:15+00:00,station2,throughput_in_bps,10050480.745454544
2026-07-21T04:15:30+00:00,station2,throughput_in_bps,6895623.072727272
2026-07-21T04:15:45+00:00,station2,throughput_in_bps,9126989.618181817
2026-07-21T04:16:00+00:00,station2,throughput_in_bps,8012201.054545454
2026-07-21T04:16:15+00:00,station2,throughput_in_bps,12480676.127272727
2026-07-21T04:16:30+00:00,station2,throughput_in_bps,9862307.69090909
2026-07-21T04:16:45+00:00,station2,throughput_in_bps,11093249.727272727
2026-07-21T04:17:00+00:00,station2,throughput_in_bps,8858394.763636362
2026-07-21T04:17:15+00:00,station2,throughput_in_bps,11090314.963636363
2026-07-21T04:17:30+00:00,station2,throughput_in_bps,11165715.47272727
2026-07-21T04:17:45+00:00,station2,throughput_in_bps,9943051.181818182
2026-07-21T04:18:00+00:00,station2,throughput_in_bps,6878335.818181817
2026-07-21T04:18:15+00:00,station2,throughput_in_bps,9114759.836363636
2026-07-21T04:18:30+00:00,station2,throughput_in_bps,8104806.090909091
2026-07-21T04:18:45+00:00,station2,throughput_in_bps,12572001.545454543
2026-07-21T04:19:00+00:00,station2,throughput_in_bps,9770957.236363636
2026-07-21T04:19:15+00:00,station2,throughput_in_bps,11100635.145454545
2026-07-21T04:19:30+00:00,station2,throughput_in_bps,8866456.49090909
2026-07-21T04:19:45+00:00,station2,throughput_in_bps,11099082.454545455
2026-07-21T04:20:00+00:00,station2,throughput_in_bps,11164974.545454543
2026-07-21T04:20:15+00:00,station2,throughput_in_bps,11090105.872727271
2026-07-21T04:20:30+00:00,station2,throughput_in_bps,8856196.127272727
2026-07-21T04:20:45+00:00,station2,throughput_in_bps,11091945.581818182
2026-07-21T04:21:00+00:00,station2,throughput_in_bps,10187612.872727273
2026-07-21T04:21:15+00:00,station2,throughput_in_bps,12153041.181818182
2026-07-21T04:21:30+00:00,station2,throughput_in_bps,9105710.672727274
2026-07-21T04:21:45+00:00,station2,throughput_in_bps,11339544.454545455
2026-07-21T04:22:00+00:00,station2,throughput_in_bps,9107109.563636363
2026-07-21T04:22:15+00:00,station2,throughput_in_bps,12588701.98181818
2026-07-21T04:22:30+00:00,station2,throughput_in_bps,9753011.29090909
2026-07-21T04:22:45+00:00,station2,throughput_in_bps,11101007.98181818
2026-07-21T04:23:00+00:00,station2,throughput_in_bps,8868172.509090908
2026-07-21T04:23:15+00:00,station2,throughput_in_bps,11101707.909090908
2026-07-21T04:23:30+00:00,station2,throughput_in_bps,11169127.07272727
2026-07-21T04:23:45+00:00,station2,throughput_in_bps,11097112.2
2026-07-21T04:24:00+00:00,station2,throughput_in_bps,8862734.181818182
2026-07-21T04:24:15+00:00,station2,throughput_in_bps,11096827.581818182
2026-07-21T04:24:30+00:00,station2,throughput_in_bps,10207607.0
2026-07-21T04:24:45+00:00,station2,throughput_in_bps,12673994.8
2026-07-21T04:25:00+00:00,station2,throughput_in_bps,9142280.454545455
2026-07-21T04:25:15+00:00,station2,throughput_in_bps,10671373.618181817
2026-07-21T04:25:30+00:00,station2,throughput_in_bps,8437779.509090908
2026-07-21T04:25:45+00:00,station2,throughput_in_bps,11401253.781818181
2026-07-21T04:26:00+00:00,station2,throughput_in_bps,11169772.545454543
2026-07-21T04:26:15+00:00,station2,throughput_in_bps,9749927.363636363
2026-07-21T04:26:30+00:00,station2,throughput_in_bps,6649536.672727272
2026-07-21T04:26:45+00:00,station2,throughput_in_bps,8883126.745454544
2026-07-21T04:27:00+00:00,station2,throughput_in_bps,8070149.309090909
2026-07-21T04:27:15+00:00,station2,throughput_in_bps,12538464.38181818
2026-07-21T04:27:30+00:00,station2,throughput_in_bps,9805149.4
2026-07-21T04:27:45+00:00,station2,throughput_in_bps,11093738.545454543
2026-07-21T04:28:00+00:00,station2,throughput_in_bps,8860294.345454546
2026-07-21T04:28:15+00:00,station2,throughput_in_bps,11094684.836363636
2026-07-21T04:28:30+00:00,station2,throughput_in_bps,11170728.145454545
2026-07-21T04:28:45+00:00,station2,throughput_in_bps,9891036.709090909
2026-07-21T04:29:00+00:00,station2,throughput_in_bps,6637363.2
2026-07-21T04:29:15+00:00,station2,throughput_in_bps,8868276.799999999
2026-07-21T04:29:30+00:00,station2,throughput_in_bps,7914823.527272727
2026-07-21T04:29:45+00:00,station2,throughput_in_bps,12382179.67272727
2026-07-21T04:30:00+00:00,station2,throughput_in_bps,9958417.218181817
2026-07-21T04:30:15+00:00,station2,throughput_in_bps,11094977.763636362
2026-07-21T04:30:30+00:00,station2,throughput_in_bps,8861760.818181818
2026-07-21T04:30:45+00:00,station2,throughput_in_bps,11092963.29090909
2026-07-21T04:31:00+00:00,station2,throughput_in_bps,11167595.818181816
2026-07-21T04:31:15+00:00,station2,throughput_in_bps,11048371.145454545
2026-07-21T04:31:30+00:00,station2,throughput_in_bps,8815776.672727272
2026-07-21T04:31:45+00:00,station2,throughput_in_bps,11051156.345454544
2026-07-21T04:32:00+00:00,station2,throughput_in_bps,9949901.672727274
2026-07-21T04:32:15+00:00,station2,throughput_in_bps,12393710.563636363
2026-07-21T04:32:30+00:00,station2,throughput_in_bps,8846933.763636362
2026-07-21T04:32:45+00:00,station2,throughput_in_bps,11079833.545454543
2026-07-21T04:33:00+00:00,station2,throughput_in_bps,8847403.49090909
2026-07-21T04:33:15+00:00,station2,throughput_in_bps,12091379.509090908
2026-07-21T04:33:30+00:00,station2,throughput_in_bps,10259550.563636363
2026-07-21T04:33:45+00:00,station2,throughput_in_bps,8862281.945454545
2026-07-21T04:34:00+00:00,station2,throughput_in_bps,6626984.509090909
2026-07-21T04:34:15+00:00,station2,throughput_in_bps,8861766.854545454
2026-07-21T04:34:30+00:00,station2,throughput_in_bps,9772012.418181816
2026-07-21T04:34:45+00:00,station2,throughput_in_bps,12568459.727272727
2026-07-21T04:35:00+00:00,station2,throughput_in_bps,8866316.690909091
2026-07-21T04:35:15+00:00,station2,throughput_in_bps,11100244.563636363
2026-07-21T04:35:30+00:00,station2,throughput_in_bps,8868973.399999999
2026-07-21T04:35:45+00:00,station2,throughput_in_bps,11934812.454545455
2026-07-21T04:36:00+00:00,station2,throughput_in_bps,10407985.636363635
2026-07-21T04:36:15+00:00,station2,throughput_in_bps,11345880.2
2026-07-21T04:36:30+00:00,station2,throughput_in_bps,9111646.054545455
2026-07-21T04:36:45+00:00,station2,throughput_in_bps,11347726.2
2026-07-21T04:37:00+00:00,station2,throughput_in_bps,11167253.09090909
2026-07-21T04:37:15+00:00,station2,throughput_in_bps,11086109.98181818
2026-07-21T04:37:30+00:00,station2,throughput_in_bps,8850208.963636363
2026-07-21T04:37:45+00:00,station2,throughput_in_bps,11083701.109090907
2026-07-21T04:38:00+00:00,station2,throughput_in_bps,9786252.654545454
2026-07-21T04:38:15+00:00,station2,throughput_in_bps,12549654.163636362
2026-07-21T04:38:30+00:00,station2,throughput_in_bps,8856810.38181818
2026-07-21T04:38:45+00:00,station2,throughput_in_bps,11091030.527272727
2026-07-21T04:39:00+00:00,station2,throughput_in_bps,8861155.6
2026-07-21T04:39:15+00:00,station2,throughput_in_bps,11941353.363636363
2026-07-21T04:39:30+00:00,station2,throughput_in_bps,10404696.2
2026-07-21T04:39:45+00:00,station2,throughput_in_bps,8873783.109090907
2026-07-21T04:40:00+00:00,station2,throughput_in_bps,6641813.163636363
2026-07-21T04:40:15+00:00,station2,throughput_in_bps,8874513.872727271
2026-07-21T04:40:30+00:00,station2,throughput_in_bps,9637584.38181818
2026-07-21T04:40:45+00:00,station2,throughput_in_bps,12704041.4
2026-07-21T04:41:00+00:00,station2,throughput_in_bps,8819467.909090908
2026-07-21T04:41:15+00:00,station2,throughput_in_bps,11054974.145454545
2026-07-21T04:41:30+00:00,station2,throughput_in_bps,8821700.472727273
2026-07-21T04:41:45+00:00,station2,throughput_in_bps,11756690.836363636
2026-07-21T04:42:00+00:00,station2,throughput_in_bps,10713694.509090908
2026-07-21T04:42:15+00:00,station2,throughput_in_bps,11383335.127272727
2026-07-21T04:42:30+00:00,station2,throughput_in_bps,9147377.163636362
2026-07-21T04:42:45+00:00,station2,throughput_in_bps,11376077.09090909
2026-07-21T04:43:00+00:00,station2,throughput_in_bps,11166361.781818181
2026-07-21T04:43:15+00:00,station2,throughput_in_bps,11103588.890909089
2026-07-21T04:43:30+00:00,station2,throughput_in_bps,8871946.49090909
2026-07-21T04:43:45+00:00,station2,throughput_in_bps,11108820.963636363
2026-07-21T04:44:00+00:00,station2,throughput_in_bps,9346188.509090908
2026-07-21T04:44:15+00:00,station2,throughput_in_bps,13000277.763636362
2026-07-21T04:44:30+00:00,station2,throughput_in_bps,8871867.509090908
2026-07-21T04:44:45+00:00,station2,throughput_in_bps,11105618.09090909
2026-07-21T04:45:00+00:00,station2,throughput_in_bps,8872086.363636363
2026-07-21T04:45:15+00:00,station2,throughput_in_bps,11512228.127272727
2026-07-21T04:45:30+00:00,station2,throughput_in_bps,10838593.618181817
2026-07-21T04:45:45+00:00,station2,throughput_in_bps,8876357.727272727
2026-07-21T04:46:00+00:00,station2,throughput_in_bps,6641197.090909091
2026-07-21T04:46:15+00:00,station2,throughput_in_bps,8875208.963636363
2026-07-21T04:46:30+00:00,station2,throughput_in_bps,9208883.98181818
2026-07-21T04:46:45+00:00,station2,throughput_in_bps,13143114.309090909
2026-07-21T04:47:00+00:00,station2,throughput_in_bps,8675789.49090909
2026-07-21T04:47:15+00:00,station2,throughput_in_bps,8869167.763636362
2026-07-21T04:47:30+00:00,station2,throughput_in_bps,6635134.636363636
2026-07-21T04:47:45+00:00,station2,throughput_in_bps,9130431.509090908
2026-07-21T04:48:00+00:00,station2,throughput_in_bps,11167630.0
2026-07-21T04:48:15+00:00,station2,throughput_in_bps,11088921.69090909
2026-07-21T04:48:30+00:00,station2,throughput_in_bps,8856748.999999998
2026-07-21T04:48:45+00:00,station2,throughput_in_bps,11088123.69090909
2026-07-21T04:49:00+00:00,station2,throughput_in_bps,9046509.927272728
2026-07-21T04:49:15+00:00,station2,throughput_in_bps,13294983.29090909
2026-07-21T04:49:30+00:00,station2,throughput_in_bps,8858869.218181817
2026-07-21T04:49:45+00:00,station2,throughput_in_bps,11094916.890909089
2026-07-21T04:50:00+00:00,station2,throughput_in_bps,8860022.945454545
2026-07-21T04:50:15+00:00,station2,throughput_in_bps,11201454.09090909
2026-07-21T04:50:30+00:00,station2,throughput_in_bps,11140437.145454545
2026-07-21T04:50:45+00:00,station2,throughput_in_bps,11103611.509090908
2026-07-21T04:51:00+00:00,station2,throughput_in_bps,8869614.763636362
2026-07-21T04:51:15+00:00,station2,throughput_in_bps,11105671.4
2026-07-21T04:51:30+00:00,station2,throughput_in_bps,11133801.836363636
2026-07-21T04:51:45+00:00,station2,throughput_in_bps,11215978.018181818
2026-07-21T04:52:00+00:00,station2,throughput_in_bps,6748049.236363635
2026-07-21T04:52:15+00:00,station2,throughput_in_bps,8859870.563636363
2026-07-21T04:52:30+00:00,station2,throughput_in_bps,6626916.018181818
2026-07-21T04:52:45+00:00,station2,throughput_in_bps,11049873.763636362
2026-07-21T04:53:00+00:00,station2,throughput_in_bps,11170570.218181817
2026-07-21T04:53:15+00:00,station2,throughput_in_bps,11084888.67272727
2026-07-21T04:53:30+00:00,station2,throughput_in_bps,8850415.290909091
2026-07-21T04:53:45+00:00,station2,throughput_in_bps,11083639.8
2026-07-21T04:54:00+00:00,station2,throughput_in_bps,10958828.072727272
2026-07-21T04:54:15+00:00,station2,throughput_in_bps,11383235.436363636
2026-07-21T04:54:30+00:00,station2,throughput_in_bps,9115583.472727273
2026-07-21T04:54:45+00:00,station2,throughput_in_bps,11348545.109090907
2026-07-21T04:55:00+00:00,station2,throughput_in_bps,9114651.49090909
2026-07-21T04:55:15+00:00,station2,throughput_in_bps,13367439.618181817
2026-07-21T04:55:30+00:00,station2,throughput_in_bps,9120094.854545454
2026-07-21T04:55:45+00:00,station2,throughput_in_bps,11355412.49090909
2026-07-21T04:56:00+00:00,station2,throughput_in_bps,9121933.563636363
2026-07-21T04:56:15+00:00,station2,throughput_in_bps,11357038.309090909
2026-07-21T04:56:30+00:00,station2,throughput_in_bps,11026291.545454543
2026-07-21T04:56:45+00:00,station2,throughput_in_bps,11092290.454545455
2026-07-21T04:57:00+00:00,station2,throughput_in_bps,8858491.018181818
2026-07-21T04:57:15+00:00,station2,throughput_in_bps,11091287.763636362
2026-07-21T04:57:30+00:00,station2,throughput_in_bps,11168913.109090907
2026-07-21T04:57:45+00:00,station2,throughput_in_bps,11106152.563636363
2026-07-21T04:58:00+00:00,station2,throughput_in_bps,8865272.290909091
2026-07-21T04:58:15+00:00,station2,throughput_in_bps,11100529.618181817
2026-07-21T04:58:30+00:00,station2,throughput_in_bps,8928102.309090909
2026-07-21T04:58:45+00:00,station2,throughput_in_bps,13396389.145454545
2026-07-21T04:59:00+00:00,station2,throughput_in_bps,9635271.872727273
2026-07-21T04:59:15+00:00,station2,throughput_in_bps,10439381.436363636
2026-07-21T04:59:30+00:00,station2,throughput_in_bps,8206523.763636363
2026-07-21T04:59:45+00:00,station2,throughput_in_bps,10441671.69090909
2026-07-21T05:00:00+00:00,station2,throughput_in_bps,11170541.781818181
2026-07-21T05:00:15+00:00,station2,throughput_in_bps,11097633.29090909
2026-07-21T05:00:30+00:00,station2,throughput_in_bps,8862175.181818182
2026-07-21T05:00:45+00:00,station2,throughput_in_bps,11096318.418181816
2026-07-21T05:01:00+00:00,station2,throughput_in_bps,9019590.98181818
2026-07-21T05:01:15+00:00,station2,throughput_in_bps,13324433.654545454
2026-07-21T05:01:30+00:00,station2,throughput_in_bps,8861891.036363635
2026-07-21T05:01:45+00:00,station2,throughput_in_bps,11094613.47272727
2026-07-21T05:02:00+00:00,station2,throughput_in_bps,8861017.38181818
2026-07-21T05:02:15+00:00,station2,throughput_in_bps,11176824.818181816
2026-07-21T05:02:30+00:00,station2,throughput_in_bps,11169163.581818182
2026-07-21T05:02:45+00:00,station2,throughput_in_bps,11103840.854545454
2026-07-21T05:03:00+00:00,station2,throughput_in_bps,8868702.109090907
2026-07-21T05:03:15+00:00,station2,throughput_in_bps,11100599.363636363
2026-07-21T05:03:30+00:00,station2,throughput_in_bps,11103402.781818181
2026-07-21T05:03:45+00:00,station2,throughput_in_bps,11243332.018181818
2026-07-21T05:04:00+00:00,station2,throughput_in_bps,6775494.981818181
2026-07-21T05:04:15+00:00,station2,throughput_in_bps,8854466.309090909
2026-07-21T05:04:30+00:00,station2,throughput_in_bps,6620944.5636363635
2026-07-21T05:04:45+00:00,station2,throughput_in_bps,11014464.745454544
2026-07-21T05:05:00+00:00,station2,throughput_in_bps,11168483.527272727
2026-07-21T05:05:15+00:00,station2,throughput_in_bps,9098152.672727274
2026-07-21T05:05:30+00:00,station2,throughput_in_bps,6624653.327272727
2026-07-21T05:05:45+00:00,station2,throughput_in_bps,8856643.109090907
2026-07-21T05:06:00+00:00,station2,throughput_in_bps,8695052.290909091
2026-07-21T05:06:15+00:00,station2,throughput_in_bps,13162096.38181818
2026-07-21T05:06:30+00:00,station2,throughput_in_bps,9185045.0
2026-07-21T05:06:45+00:00,station2,throughput_in_bps,8857240.709090909
2026-07-21T05:07:00+00:00,station2,throughput_in_bps,6622930.836363635
2026-07-21T05:07:15+00:00,station2,throughput_in_bps,8849285.38181818
2026-07-21T05:07:30+00:00,station2,throughput_in_bps,10832868.836363636
2026-07-21T05:07:45+00:00,station2,throughput_in_bps,11492483.163636362
2026-07-21T05:08:00+00:00,station2,throughput_in_bps,8869204.872727271
2026-07-21T05:08:15+00:00,station2,throughput_in_bps,11102988.345454544
2026-07-21T05:08:30+00:00,station2,throughput_in_bps,8868636.672727272
2026-07-21T05:08:45+00:00,station2,throughput_in_bps,13004687.327272726
2026-07-21T05:09:00+00:00,station2,throughput_in_bps,9339995.272727273
2026-07-21T05:09:15+00:00,station2,throughput_in_bps,8869707.654545454
2026-07-21T05:09:30+00:00,station2,throughput_in_bps,6636389.509090909
2026-07-21T05:09:45+00:00,station2,throughput_in_bps,8872410.454545455
2026-07-21T05:10:00+00:00,station2,throughput_in_bps,10699679.890909089
2026-07-21T05:10:15+00:00,station2,throughput_in_bps,11648006.236363636
2026-07-21T05:10:30+00:00,station2,throughput_in_bps,7181151.036363635
2026-07-21T05:10:45+00:00,station2,throughput_in_bps,8879240.454545455
2026-07-21T05:11:00+00:00,station2,throughput_in_bps,6646600.109090908
2026-07-21T05:11:15+00:00,station2,throughput_in_bps,10637373.872727273
2026-07-21T05:11:30+00:00,station2,throughput_in_bps,11166728.854545454
2026-07-21T05:11:45+00:00,station2,throughput_in_bps,11103949.327272726
2026-07-21T05:12:00+00:00,station2,throughput_in_bps,8870393.672727272
2026-07-21T05:12:15+00:00,station2,throughput_in_bps,11103739.327272726
2026-07-21T05:12:30+00:00,station2,throughput_in_bps,10571048.672727274
2026-07-21T05:12:45+00:00,station2,throughput_in_bps,11779130.38181818
2026-07-21T05:13:00+00:00,station2,throughput_in_bps,7311037.636363636
2026-07-21T05:13:15+00:00,station2,throughput_in_bps,9122135.872727273
2026-07-21T05:13:30+00:00,station2,throughput_in_bps,6889538.454545454
2026-07-21T05:13:45+00:00,station2,throughput_in_bps,10746564.781818181
2026-07-21T05:14:00+00:00,station2,throughput_in_bps,11167733.127272727
2026-07-21T05:14:15+00:00,station2,throughput_in_bps,11297256.890909089
2026-07-21T05:14:30+00:00,station2,throughput_in_bps,9063165.218181817
2026-07-21T05:14:45+00:00,station2,throughput_in_bps,11296224.527272727
2026-07-21T05:15:00+00:00,station2,throughput_in_bps,10870576.909090908
2026-07-21T05:15:15+00:00,station2,throughput_in_bps,11466275.327272726
2026-07-21T05:15:30+00:00,station2,throughput_in_bps,8872195.581818182
2026-07-21T05:15:45+00:00,station2,throughput_in_bps,11106623.98181818
2026-07-21T05:16:00+00:00,station2,throughput_in_bps,8873848.872727271
2026-07-21T05:16:15+00:00,station2,throughput_in_bps,13042251.98181818
2026-07-21T05:16:30+00:00,station2,throughput_in_bps,9301722.745454544
2026-07-21T05:16:45+00:00,station2,throughput_in_bps,11104532.07272727
2026-07-21T05:17:00+00:00,station2,throughput_in_bps,8871275.909090908
2026-07-21T05:17:15+00:00,station2,throughput_in_bps,11104728.363636363
2026-07-21T05:17:30+00:00,station2,throughput_in_bps,11169700.0
2026-07-21T05:17:45+00:00,station2,throughput_in_bps,11427743.163636362
2026-07-21T05:18:00+00:00,station2,throughput_in_bps,9193342.418181816
2026-07-21T05:18:15+00:00,station2,throughput_in_bps,11427499.963636363
2026-07-21T05:18:30+00:00,station2,throughput_in_bps,10665973.872727273
2026-07-21T05:18:45+00:00,station2,throughput_in_bps,11676486.38181818
2026-07-21T05:19:00+00:00,station2,throughput_in_bps,8869780.363636363
2026-07-21T05:19:15+00:00,station2,throughput_in_bps,11103105.036363635
2026-07-21T05:19:30+00:00,station2,throughput_in_bps,8870495.509090908
2026-07-21T05:19:45+00:00,station2,throughput_in_bps,12830968.163636362
2026-07-21T05:20:00+00:00,station2,throughput_in_bps,9517523.163636362
2026-07-21T05:20:15+00:00,station2,throughput_in_bps,8878944.309090909
2026-07-21T05:20:30+00:00,station2,throughput_in_bps,6645435.181818182
2026-07-21T05:20:45+00:00,station2,throughput_in_bps,8879677.618181817
2026-07-21T05:21:00+00:00,station2,throughput_in_bps,10532784.618181817
2026-07-21T05:21:15+00:00,station2,throughput_in_bps,11813807.07272727
2026-07-21T05:21:30+00:00,station2,throughput_in_bps,8871754.89090909
2026-07-21T05:21:45+00:00,station2,throughput_in_bps,11102415.4
2026-07-21T05:22:00+00:00,station2,throughput_in_bps,8865574.545454545
2026-07-21T05:22:15+00:00,station2,throughput_in_bps,12688209.29090909
2026-07-21T05:22:30+00:00,station2,throughput_in_bps,9640589.0
2026-07-21T05:22:45+00:00,station2,throughput_in_bps,11099490.418181816
2026-07-21T05:23:00+00:00,station2,throughput_in_bps,8869019.345454546
2026-07-21T05:23:15+00:00,station2,throughput_in_bps,11105109.309090909
2026-07-21T05:23:30+00:00,station2,throughput_in_bps,11168357.563636363
2026-07-21T05:23:45+00:00,station2,throughput_in_bps,9719591.418181816
2026-07-21T05:24:00+00:00,station2,throughput_in_bps,6637150.618181818
2026-07-21T05:24:15+00:00,station2,throughput_in_bps,8871147.581818182
2026-07-21T05:24:30+00:00,station2,throughput_in_bps,8086266.709090908
2026-07-21T05:24:45+00:00,station2,throughput_in_bps,12554264.67272727
2026-07-21T05:25:00+00:00,station2,throughput_in_bps,9787143.49090909
2026-07-21T05:25:15+00:00,station2,throughput_in_bps,11086475.909090908
2026-07-21T05:25:30+00:00,station2,throughput_in_bps,8854406.2
2026-07-21T05:25:45+00:00,station2,throughput_in_bps,11089213.545454543
2026-07-21T05:26:00+00:00,station2,throughput_in_bps,11172476.4
2026-07-21T05:26:15+00:00,station2,throughput_in_bps,11098302.6
2026-07-21T05:26:30+00:00,station2,throughput_in_bps,8863395.363636363
2026-07-21T05:26:45+00:00,station2,throughput_in_bps,11095604.818181816
2026-07-21T05:27:00+00:00,station2,throughput_in_bps,10156773.672727274
2026-07-21T05:27:15+00:00,station2,throughput_in_bps,12187620.818181816
2026-07-21T05:27:30+00:00,station2,throughput_in_bps,7721790.672727272
2026-07-21T05:27:45+00:00,station2,throughput_in_bps,8866657.454545455
2026-07-21T05:28:00+00:00,station2,throughput_in_bps,6633910.818181817
2026-07-21T05:28:15+00:00,station2,throughput_in_bps,10081494.763636362
2026-07-21T05:28:30+00:00,station2,throughput_in_bps,11170390.8
2026-07-21T05:28:45+00:00,station2,throughput_in_bps,10030250.127272727
2026-07-21T05:29:00+00:00,station2,throughput_in_bps,6646369.381818181
2026-07-21T05:29:15+00:00,station2,throughput_in_bps,8880473.89090909
2026-07-21T05:29:30+00:00,station2,throughput_in_bps,7782609.890909091
2026-07-21T05:29:45+00:00,station2,throughput_in_bps,12249473.018181818
2026-07-21T05:30:00+00:00,station2,throughput_in_bps,10090385.072727272
2026-07-21T05:30:15+00:00,station2,throughput_in_bps,9117403.036363635
2026-07-21T05:30:30+00:00,station2,throughput_in_bps,6886911.363636363
2026-07-21T05:30:45+00:00,station2,throughput_in_bps,9121156.163636362
2026-07-21T05:31:00+00:00,station2,throughput_in_bps,10195896.509090908
2026-07-21T05:31:15+00:00,station2,throughput_in_bps,12150426.127272727
2026-07-21T05:31:30+00:00,station2,throughput_in_bps,7683676.818181817
2026-07-21T05:31:45+00:00,station2,throughput_in_bps,9113758.818181816
2026-07-21T05:32:00+00:00,station2,throughput_in_bps,6880053.5636363635
2026-07-21T05:32:15+00:00,station2,throughput_in_bps,10367125.509090908
2026-07-21T05:32:30+00:00,station2,throughput_in_bps,11170539.47272727
2026-07-21T05:32:45+00:00,station2,throughput_in_bps,9746885.036363635
2026-07-21T05:33:00+00:00,station2,throughput_in_bps,7139655.8545454545
2026-07-21T05:33:15+00:00,station2,throughput_in_bps,9373549.072727272
2026-07-21T05:33:30+00:00,station2,throughput_in_bps,8563459.545454545
2026-07-21T05:33:45+00:00,station2,throughput_in_bps,13030961.109090907
2026-07-21T05:34:00+00:00,station2,throughput_in_bps,9312393.309090909
2026-07-21T05:34:15+00:00,station2,throughput_in_bps,11108975.654545454
2026-07-21T05:34:30+00:00,station2,throughput_in_bps,8874627.799999999
2026-07-21T05:34:45+00:00,station2,throughput_in_bps,11110164.345454544
2026-07-21T05:35:00+00:00,station2,throughput_in_bps,11169407.09090909
2026-07-21T05:35:15+00:00,station2,throughput_in_bps,11343437.145454545
2026-07-21T05:35:30+00:00,station2,throughput_in_bps,9109960.890909089
2026-07-21T05:35:45+00:00,station2,throughput_in_bps,11342785.509090908
2026-07-21T05:36:00+00:00,station2,throughput_in_bps,10902641.636363635
2026-07-21T05:36:15+00:00,station2,throughput_in_bps,11440627.945454543
2026-07-21T05:36:30+00:00,station2,throughput_in_bps,8856431.872727271
2026-07-21T05:36:45+00:00,station2,throughput_in_bps,11093398.07272727
2026-07-21T05:37:00+00:00,station2,throughput_in_bps,8862021.218181817
2026-07-21T05:37:15+00:00,station2,throughput_in_bps,13062912.47272727
2026-07-21T05:37:30+00:00,station2,throughput_in_bps,10579964.654545454
2026-07-21T05:37:45+00:00,station2,throughput_in_bps,12380202.07272727
2026-07-21T05:38:00+00:00,station2,throughput_in_bps,10139219.836363636
2026-07-21T05:38:15+00:00,station2,throughput_in_bps,12368273.454545455
2026-07-21T05:38:30+00:00,station2,throughput_in_bps,11162785.763636362
2026-07-21T05:38:45+00:00,station2,throughput_in_bps,11098973.945454543
2026-07-21T05:39:00+00:00,station2,throughput_in_bps,8870367.563636363
2026-07-21T05:39:15+00:00,station2,throughput_in_bps,11102506.054545455
2026-07-21T05:39:30+00:00,station2,throughput_in_bps,10666955.4
2026-07-21T05:39:45+00:00,station2,throughput_in_bps,11670368.636363635
2026-07-21T05:40:00+00:00,station2,throughput_in_bps,8866261.163636362
2026-07-21T05:40:15+00:00,station2,throughput_in_bps,11101085.327272726
2026-07-21T05:40:30+00:00,station2,throughput_in_bps,8866964.6
2026-07-21T05:40:45+00:00,station2,throughput_in_bps,12832094.563636363
2026-07-21T05:41:00+00:00,station2,throughput_in_bps,9516088.69090909
2026-07-21T05:41:15+00:00,station2,throughput_in_bps,8866433.436363636
2026-07-21T05:41:30+00:00,station2,throughput_in_bps,6633241.945454544
2026-07-21T05:41:45+00:00,station2,throughput_in_bps,8867394.527272727
2026-07-21T05:42:00+00:00,station2,throughput_in_bps,10521459.163636362
2026-07-21T05:42:15+00:00,station2,throughput_in_bps,11824028.272727272
2026-07-21T05:42:30+00:00,station2,throughput_in_bps,8868645.254545454
2026-07-21T05:42:45+00:00,station2,throughput_in_bps,11101294.709090909
2026-07-21T05:43:00+00:00,station2,throughput_in_bps,8865492.072727272
2026-07-21T05:43:15+00:00,station2,throughput_in_bps,12678317.945454543
2026-07-21T05:43:30+00:00,station2,throughput_in_bps,9655888.127272727
2026-07-21T05:43:45+00:00,station2,throughput_in_bps,11100508.709090909
2026-07-21T05:44:00+00:00,station2,throughput_in_bps,8870764.727272727
2026-07-21T05:44:15+00:00,station2,throughput_in_bps,11104967.327272726
2026-07-21T05:44:30+00:00,station2,throughput_in_bps,11168715.581818182
2026-07-21T05:44:45+00:00,station2,throughput_in_bps,11103793.509090908
2026-07-21T05:45:00+00:00,station2,throughput_in_bps,8868975.272727272
2026-07-21T05:45:15+00:00,station2,throughput_in_bps,11103895.07272727
2026-07-21T05:45:30+00:00,station2,throughput_in_bps,10312266.709090909
2026-07-21T05:45:45+00:00,station2,throughput_in_bps,12033752.745454544
2026-07-21T05:46:00+00:00,station2,throughput_in_bps,8854465.163636362
2026-07-21T05:46:15+00:00,station2,throughput_in_bps,11089077.181818182
2026-07-21T05:46:30+00:00,station2,throughput_in_bps,8854506.236363636
2026-07-21T05:46:45+00:00,station2,throughput_in_bps,12459687.218181817
2026-07-21T05:47:00+00:00,station2,throughput_in_bps,9886365.054545455
2026-07-21T05:47:15+00:00,station2,throughput_in_bps,8867498.49090909
2026-07-21T05:47:30+00:00,station2,throughput_in_bps,6633790.527272727
2026-07-21T05:47:45+00:00,station2,throughput_in_bps,8866922.745454544
2026-07-21T05:48:00+00:00,station2,throughput_in_bps,10151224.109090907
2026-07-21T05:48:15+00:00,station2,throughput_in_bps,12191355.436363636
2026-07-21T05:48:30+00:00,station2,throughput_in_bps,9104927.036363635
2026-07-21T05:48:45+00:00,station2,throughput_in_bps,11340336.236363636
2026-07-21T05:49:00+00:00,station2,throughput_in_bps,9105154.4
2026-07-21T05:49:15+00:00,station2,throughput_in_bps,12552482.272727272
2026-07-21T05:49:30+00:00,station2,throughput_in_bps,9799170.09090909
2026-07-21T05:49:45+00:00,station2,throughput_in_bps,9108028.49090909
2026-07-21T05:50:00+00:00,station2,throughput_in_bps,6872171.781818181
2026-07-21T05:50:15+00:00,station2,throughput_in_bps,9105315.109090907
2026-07-21T05:50:30+00:00,station2,throughput_in_bps,10475224.927272728
2026-07-21T05:50:45+00:00,station2,throughput_in_bps,11862933.509090908
2026-07-21T05:51:00+00:00,station2,throughput_in_bps,7398109.018181818
2026-07-21T05:51:15+00:00,station2,throughput_in_bps,9118009.763636362
2026-07-21T05:51:30+00:00,station2,throughput_in_bps,6887325.581818181
2026-07-21T05:51:45+00:00,station2,throughput_in_bps,10656998.745454544
2026-07-21T05:52:00+00:00,station2,throughput_in_bps,11167165.163636362
2026-07-21T05:52:15+00:00,station2,throughput_in_bps,11103532.963636363
2026-07-21T05:52:30+00:00,station2,throughput_in_bps,8868201.581818182
2026-07-21T05:52:45+00:00,station2,throughput_in_bps,11100627.254545454
2026-07-21T05:53:00+00:00,station2,throughput_in_bps,10587039.927272728
2026-07-21T05:53:15+00:00,station2,throughput_in_bps,11753071.109090907
2026-07-21T05:53:30+00:00,station2,throughput_in_bps,8872251.909090908
2026-07-21T05:53:45+00:00,station2,throughput_in_bps,11106716.67272727
2026-07-21T05:54:00+00:00,station2,throughput_in_bps,8871561.49090909
2026-07-21T05:54:15+00:00,station2,throughput_in_bps,12755173.0
2026-07-21T05:54:30+00:00,station2,throughput_in_bps,9587388.418181816
2026-07-21T04:06:30+00:00,station3,throughput_in_bps,192.38181818181818
2026-07-21T04:06:45+00:00,station3,throughput_in_bps,227.45454545454544
2026-07-21T04:07:00+00:00,station3,throughput_in_bps,190.3090909090909
2026-07-21T04:07:15+00:00,station3,throughput_in_bps,234.47272727272727
2026-07-21T04:07:30+00:00,station3,throughput_in_bps,197.29090909090908
2026-07-21T04:07:45+00:00,station3,throughput_in_bps,239.85454545454544
2026-07-21T04:08:00+00:00,station3,throughput_in_bps,197.3272727272727
2026-07-21T04:08:15+00:00,station3,throughput_in_bps,234.47272727272727
2026-07-21T04:08:30+00:00,station3,throughput_in_bps,195.1090909090909
2026-07-21T04:08:45+00:00,station3,throughput_in_bps,232.29090909090908
2026-07-21T04:09:00+00:00,station3,throughput_in_bps,182.4181818181818
2026-07-21T04:09:15+00:00,station3,throughput_in_bps,231.85454545454544
2026-07-21T04:09:30+00:00,station3,throughput_in_bps,184.38181818181818
2026-07-21T04:09:45+00:00,station3,throughput_in_bps,239.9272727272727
2026-07-21T04:10:00+00:00,station3,throughput_in_bps,201.58181818181816
2026-07-21T04:10:15+00:00,station3,throughput_in_bps,236.6181818181818
2026-07-21T04:10:30+00:00,station3,throughput_in_bps,197.29090909090908
2026-07-21T04:10:45+00:00,station3,throughput_in_bps,230.69090909090906
2026-07-21T04:11:00+00:00,station3,throughput_in_bps,189.7272727272727
2026-07-21T04:11:15+00:00,station3,throughput_in_bps,237.09090909090907
2026-07-21T04:11:30+00:00,station3,throughput_in_bps,191.98181818181817
2026-07-21T04:11:45+00:00,station3,throughput_in_bps,227.38181818181818
2026-07-21T04:12:00+00:00,station3,throughput_in_bps,204.4181818181818
2026-07-21T04:12:15+00:00,station3,throughput_in_bps,246.0363636363636
2026-07-21T04:12:30+00:00,station3,throughput_in_bps,226.9272727272727
2026-07-21T04:12:45+00:00,station3,throughput_in_bps,268.25454545454545
2026-07-21T04:13:00+00:00,station3,throughput_in_bps,196.16363636363633
2026-07-21T04:13:15+00:00,station3,throughput_in_bps,251.7090909090909
2026-07-21T04:13:30+00:00,station3,throughput_in_bps,197.9090909090909
2026-07-21T04:13:45+00:00,station3,throughput_in_bps,244.79999999999998
2026-07-21T04:14:00+00:00,station3,throughput_in_bps,196.09090909090907
2026-07-21T04:14:15+00:00,station3,throughput_in_bps,226.58181818181816
2026-07-21T04:14:30+00:00,station3,throughput_in_bps,195.76363636363632
2026-07-21T04:14:45+00:00,station3,throughput_in_bps,222.2181818181818
2026-07-21T04:15:00+00:00,station3,throughput_in_bps,181.65454545454543
2026-07-21T04:15:15+00:00,station3,throughput_in_bps,279.6
2026-07-21T04:15:30+00:00,station3,throughput_in_bps,224.7090909090909
2026-07-21T04:15:45+00:00,station3,throughput_in_bps,277.52727272727276
2026-07-21T04:16:00+00:00,station3,throughput_in_bps,190.8181818181818
2026-07-21T04:16:15+00:00,station3,throughput_in_bps,230.87272727272727
2026-07-21T04:16:30+00:00,station3,throughput_in_bps,196.2
2026-07-21T04:16:45+00:00,station3,throughput_in_bps,239.27272727272728
2026-07-21T04:17:00+00:00,station3,throughput_in_bps,189.2181818181818
2026-07-21T04:17:15+00:00,station3,throughput_in_bps,240.36363636363635
2026-07-21T04:17:30+00:00,station3,throughput_in_bps,196.74545454545452
2026-07-21T04:17:45+00:00,station3,throughput_in_bps,239.89090909090908
2026-07-21T04:18:00+00:00,station3,throughput_in_bps,198.8181818181818
2026-07-21T04:18:15+00:00,station3,throughput_in_bps,228.7272727272727
2026-07-21T04:18:30+00:00,station3,throughput_in_bps,192.38181818181818
2026-07-21T04:18:45+00:00,station3,throughput_in_bps,232.39999999999998
2026-07-21T04:19:00+00:00,station3,throughput_in_bps,191.94545454545454
2026-07-21T04:19:15+00:00,station3,throughput_in_bps,245.9272727272727
2026-07-21T04:19:30+00:00,station3,throughput_in_bps,197.36363636363635
2026-07-21T04:19:45+00:00,station3,throughput_in_bps,239.1272727272727
2026-07-21T04:20:00+00:00,station3,throughput_in_bps,198.2
2026-07-21T04:20:15+00:00,station3,throughput_in_bps,244.65454545454543
2026-07-21T04:20:30+00:00,station3,throughput_in_bps,201.83636363636364
2026-07-21T04:20:45+00:00,station3,throughput_in_bps,255.19999999999996
2026-07-21T04:21:00+00:00,station3,throughput_in_bps,206.45454545454544
2026-07-21T04:21:15+00:00,station3,throughput_in_bps,257.05454545454546
2026-07-21T04:21:30+00:00,station3,throughput_in_bps,197.83636363636364
2026-07-21T04:21:45+00:00,station3,throughput_in_bps,243.78181818181818
2026-07-21T04:22:00+00:00,station3,throughput_in_bps,189.8
2026-07-21T04:22:15+00:00,station3,throughput_in_bps,232.94545454545454
2026-07-21T04:22:30+00:00,station3,throughput_in_bps,197.83636363636364
2026-07-21T04:22:45+00:00,station3,throughput_in_bps,235.0181818181818
2026-07-21T04:23:00+00:00,station3,throughput_in_bps,187.36363636363635
2026-07-21T04:23:15+00:00,station3,throughput_in_bps,232.18181818181816
2026-07-21T04:23:30+00:00,station3,throughput_in_bps,189.07272727272726
2026-07-21T04:23:45+00:00,station3,throughput_in_bps,233.27272727272728
2026-07-21T04:24:00+00:00,station3,throughput_in_bps,191.29090909090908
2026-07-21T04:24:15+00:00,station3,throughput_in_bps,234.54545454545453
2026-07-21T04:24:30+00:00,station3,throughput_in_bps,187.54545454545453
2026-07-21T04:24:45+00:00,station3,throughput_in_bps,237.38181818181818
2026-07-21T04:25:00+00:00,station3,throughput_in_bps,190.38181818181818
2026-07-21T04:25:15+00:00,station3,throughput_in_bps,242.76363636363632
2026-07-21T04:25:30+00:00,station3,throughput_in_bps,198.38181818181818
2026-07-21T04:25:45+00:00,station3,throughput_in_bps,226.36363636363635
2026-07-21T04:26:00+00:00,station3,throughput_in_bps,191.76363636363632
2026-07-21T04:26:15+00:00,station3,throughput_in_bps,232.83636363636364
2026-07-21T04:26:30+00:00,station3,throughput_in_bps,189.7272727272727
2026-07-21T04:26:45+00:00,station3,throughput_in_bps,237.67272727272726
2026-07-21T04:27:00+00:00,station3,throughput_in_bps,180.38181818181818
2026-07-21T04:27:15+00:00,station3,throughput_in_bps,221.99999999999997
2026-07-21T04:27:30+00:00,station3,throughput_in_bps,197.29090909090908
2026-07-21T04:27:45+00:00,station3,throughput_in_bps,240.2181818181818
2026-07-21T04:28:00+00:00,station3,throughput_in_bps,188.38181818181818
2026-07-21T04:28:15+00:00,station3,throughput_in_bps,236.39999999999998
2026-07-21T04:28:30+00:00,station3,throughput_in_bps,195.9090909090909
2026-07-21T04:28:45+00:00,station3,throughput_in_bps,235.0181818181818
2026-07-21T04:29:00+00:00,station3,throughput_in_bps,190.2
2026-07-21T04:29:15+00:00,station3,throughput_in_bps,250.76363636363632
2026-07-21T04:29:30+00:00,station3,throughput_in_bps,200.56363636363633
2026-07-21T04:29:45+00:00,station3,throughput_in_bps,241.1272727272727
2026-07-21T04:30:00+00:00,station3,throughput_in_bps,195.2181818181818
2026-07-21T04:30:15+00:00,station3,throughput_in_bps,234.58181818181816
2026-07-21T04:30:30+00:00,station3,throughput_in_bps,192.38181818181818
2026-07-21T04:30:45+00:00,station3,throughput_in_bps,231.74545454545452
2026-07-21T04:31:00+00:00,station3,throughput_in_bps,185.83636363636364
2026-07-21T04:31:15+00:00,station3,throughput_in_bps,238.98181818181817
2026-07-21T04:31:30+00:00,station3,throughput_in_bps,199.6181818181818
2026-07-21T04:31:45+00:00,station3,throughput_in_bps,238.54545454545453
2026-07-21T04:32:00+00:00,station3,throughput_in_bps,192.63636363636363
2026-07-21T04:32:15+00:00,station3,throughput_in_bps,233.49090909090907
2026-07-21T04:32:30+00:00,station3,throughput_in_bps,191.29090909090908
2026-07-21T04:32:45+00:00,station3,throughput_in_bps,227.99999999999997
2026-07-21T04:33:00+00:00,station3,throughput_in_bps,182.09090909090907
2026-07-21T04:33:15+00:00,station3,throughput_in_bps,226.87272727272727
2026-07-21T04:33:30+00:00,station3,throughput_in_bps,198.89090909090908
2026-07-21T04:33:45+00:00,station3,throughput_in_bps,243.74545454545452
2026-07-21T04:34:00+00:00,station3,throughput_in_bps,200.0181818181818
2026-07-21T04:34:15+00:00,station3,throughput_in_bps,244.87272727272727
2026-07-21T04:34:30+00:00,station3,throughput_in_bps,195.1090909090909
2026-07-21T04:34:45+00:00,station3,throughput_in_bps,237.19999999999996
2026-07-21T04:35:00+00:00,station3,throughput_in_bps,195.03636363636363
2026-07-21T04:35:15+00:00,station3,throughput_in_bps,225.8181818181818
2026-07-21T04:35:30+00:00,station3,throughput_in_bps,192.34545454545454
2026-07-21T04:35:45+00:00,station3,throughput_in_bps,237.23636363636362
2026-07-21T04:36:00+00:00,station3,throughput_in_bps,192.96363636363634
2026-07-21T04:36:15+00:00,station3,throughput_in_bps,248.0363636363636
2026-07-21T04:36:30+00:00,station3,throughput_in_bps,200.45454545454544
2026-07-21T04:36:45+00:00,station3,throughput_in_bps,242.1090909090909
2026-07-21T04:37:00+00:00,station3,throughput_in_bps,193.5090909090909
2026-07-21T04:37:15+00:00,station3,throughput_in_bps,242.65454545454543
2026-07-21T04:37:30+00:00,station3,throughput_in_bps,202.1272727272727
2026-07-21T04:37:45+00:00,station3,throughput_in_bps,235.09090909090907
2026-07-21T04:38:00+00:00,station3,throughput_in_bps,187.03636363636363
2026-07-21T04:38:15+00:00,station3,throughput_in_bps,232.94545454545454
2026-07-21T04:38:30+00:00,station3,throughput_in_bps,191.29090909090908
2026-07-21T04:38:45+00:00,station3,throughput_in_bps,230.2181818181818
2026-07-21T04:39:00+00:00,station3,throughput_in_bps,183.2181818181818
2026-07-21T04:39:15+00:00,station3,throughput_in_bps,223.19999999999996
2026-07-21T04:39:30+00:00,station3,throughput_in_bps,205.29090909090908
2026-07-21T04:39:45+00:00,station3,throughput_in_bps,235.45454545454544
2026-07-21T04:40:00+00:00,station3,throughput_in_bps,185.36363636363635
2026-07-21T04:40:15+00:00,station3,throughput_in_bps,240.83636363636364
2026-07-21T04:40:30+00:00,station3,throughput_in_bps,190.74545454545452
2026-07-21T04:40:45+00:00,station3,throughput_in_bps,230.1090909090909
2026-07-21T04:41:00+00:00,station3,throughput_in_bps,186.38181818181818
2026-07-21T04:41:15+00:00,station3,throughput_in_bps,231.74545454545452
2026-07-21T04:41:30+00:00,station3,throughput_in_bps,194.56363636363633
2026-07-21T04:41:45+00:00,station3,throughput_in_bps,232.83636363636364
2026-07-21T04:42:00+00:00,station3,throughput_in_bps,186.9272727272727
2026-07-21T04:42:15+00:00,station3,throughput_in_bps,235.0181818181818
2026-07-21T04:42:30+00:00,station3,throughput_in_bps,194.56363636363633
2026-07-21T04:42:45+00:00,station3,throughput_in_bps,235.0181818181818
2026-07-21T04:43:00+00:00,station3,throughput_in_bps,186.9272727272727
2026-07-21T04:43:15+00:00,station3,throughput_in_bps,235.0181818181818
2026-07-21T04:43:30+00:00,station3,throughput_in_bps,194.56363636363633
2026-07-21T04:43:45+00:00,station3,throughput_in_bps,231.74545454545452
2026-07-21T04:44:00+00:00,station3,throughput_in_bps,181.0
2026-07-21T04:44:15+00:00,station3,throughput_in_bps,237.19999999999996
2026-07-21T04:44:30+00:00,station3,throughput_in_bps,197.7272727272727
2026-07-21T04:44:45+00:00,station3,throughput_in_bps,237.16363636363633
2026-07-21T04:45:00+00:00,station3,throughput_in_bps,196.56363636363633
2026-07-21T04:45:15+00:00,station3,throughput_in_bps,229.5272727272727
2026-07-21T04:45:30+00:00,station3,throughput_in_bps,200.49090909090907
2026-07-21T04:45:45+00:00,station3,throughput_in_bps,237.67272727272726
2026-07-21T04:46:00+00:00,station3,throughput_in_bps,186.96363636363634
2026-07-21T04:46:15+00:00,station3,throughput_in_bps,216.2181818181818
2026-07-21T04:46:30+00:00,station3,throughput_in_bps,214.19999999999996
2026-07-21T04:46:45+00:00,station3,throughput_in_bps,261.96363636363634
2026-07-21T04:47:00+00:00,station3,throughput_in_bps,228.96363636363634
2026-07-21T04:47:15+00:00,station3,throughput_in_bps,281.2363636363636
2026-07-21T04:47:30+00:00,station3,throughput_in_bps,204.63636363636363
2026-07-21T04:47:45+00:00,station3,throughput_in_bps,236.1090909090909
2026-07-21T04:48:00+00:00,station3,throughput_in_bps,195.65454545454543
2026-07-21T04:48:15+00:00,station3,throughput_in_bps,238.94545454545454
2026-07-21T04:48:30+00:00,station3,throughput_in_bps,194.7090909090909
2026-07-21T04:48:45+00:00,station3,throughput_in_bps,244.0363636363636
2026-07-21T04:49:00+00:00,station3,throughput_in_bps,203.03636363636363
2026-07-21T04:49:15+00:00,station3,throughput_in_bps,254.18181818181816
2026-07-21T04:49:30+00:00,station3,throughput_in_bps,211.47272727272727
2026-07-21T04:49:45+00:00,station3,throughput_in_bps,246.9090909090909
2026-07-21T04:50:00+00:00,station3,throughput_in_bps,194.7090909090909
2026-07-21T04:50:15+00:00,station3,throughput_in_bps,236.1090909090909
2026-07-21T04:50:30+00:00,station3,throughput_in_bps,199.98181818181817
2026-07-21T04:50:45+00:00,station3,throughput_in_bps,239.0181818181818
2026-07-21T04:51:00+00:00,station3,throughput_in_bps,197.47272727272727
2026-07-21T04:51:15+00:00,station3,throughput_in_bps,234.18181818181816
2026-07-21T04:51:30+00:00,station3,throughput_in_bps,188.2
2026-07-21T04:51:45+00:00,station3,throughput_in_bps,237.63636363636363
2026-07-21T04:52:00+00:00,station3,throughput_in_bps,200.45454545454544
2026-07-21T04:52:15+00:00,station3,throughput_in_bps,231.05454545454543
2026-07-21T04:52:30+00:00,station3,throughput_in_bps,193.87272727272727
2026-07-21T04:52:45+00:00,station3,throughput_in_bps,229.16363636363633
2026-07-21T04:53:00+00:00,station3,throughput_in_bps,197.9090909090909
2026-07-21T04:53:15+00:00,station3,throughput_in_bps,247.05454545454543
2026-07-21T04:53:30+00:00,station3,throughput_in_bps,208.23636363636362
2026-07-21T04:53:45+00:00,station3,throughput_in_bps,241.05454545454543
2026-07-21T04:54:00+00:00,station3,throughput_in_bps,195.65454545454543
2026-07-21T04:54:15+00:00,station3,throughput_in_bps,236.07272727272726
2026-07-21T04:54:30+00:00,station3,throughput_in_bps,200.38181818181818
2026-07-21T04:54:45+00:00,station3,throughput_in_bps,249.59999999999997
2026-07-21T04:55:00+00:00,station3,throughput_in_bps,211.29090909090908
2026-07-21T04:55:15+00:00,station3,throughput_in_bps,252.36363636363635
2026-07-21T04:55:30+00:00,station3,throughput_in_bps,205.3272727272727
2026-07-21T04:55:45+00:00,station3,throughput_in_bps,238.9090909090909
2026-07-21T04:56:00+00:00,station3,throughput_in_bps,191.98181818181817
2026-07-21T04:56:15+00:00,station3,throughput_in_bps,229.67272727272726
2026-07-21T04:56:30+00:00,station3,throughput_in_bps,203.76363636363632
2026-07-21T04:56:45+00:00,station3,throughput_in_bps,231.74545454545452
2026-07-21T04:57:00+00:00,station3,throughput_in_bps,199.4
2026-07-21T04:57:15+00:00,station3,throughput_in_bps,234.54545454545453
2026-07-21T04:57:30+00:00,station3,throughput_in_bps,190.2
2026-07-21T04:57:45+00:00,station3,throughput_in_bps,244.2181818181818
2026-07-21T04:58:00+00:00,station3,throughput_in_bps,200.05454545454543
2026-07-21T04:58:15+00:00,station3,throughput_in_bps,251.09090909090907
2026-07-21T04:58:30+00:00,station3,throughput_in_bps,210.09090909090907
2026-07-21T04:58:45+00:00,station3,throughput_in_bps,247.27272727272728
2026-07-21T04:59:00+00:00,station3,throughput_in_bps,224.3090909090909
2026-07-21T04:59:15+00:00,station3,throughput_in_bps,244.76363636363632
2026-07-21T04:59:30+00:00,station3,throughput_in_bps,193.47272727272727
2026-07-21T04:59:45+00:00,station3,throughput_in_bps,227.34545454545454
2026-07-21T05:00:00+00:00,station3,throughput_in_bps,190.8181818181818
2026-07-21T05:00:15+00:00,station3,throughput_in_bps,237.19999999999996
2026-07-21T05:00:30+00:00,station3,throughput_in_bps,197.83636363636364
2026-07-21T05:00:45+00:00,station3,throughput_in_bps,239.38181818181818
2026-07-21T05:01:00+00:00,station3,throughput_in_bps,185.36363636363635
2026-07-21T05:01:15+00:00,station3,throughput_in_bps,235.0181818181818
2026-07-21T05:01:30+00:00,station3,throughput_in_bps,196.74545454545452
2026-07-21T05:01:45+00:00,station3,throughput_in_bps,241.49090909090907
2026-07-21T05:02:00+00:00,station3,throughput_in_bps,189.18181818181816
2026-07-21T05:02:15+00:00,station3,throughput_in_bps,232.29090909090908
2026-07-21T05:02:30+00:00,station3,throughput_in_bps,196.2
2026-07-21T05:02:45+00:00,station3,throughput_in_bps,227.99999999999997
2026-07-21T05:03:00+00:00,station3,throughput_in_bps,214.0181818181818
2026-07-21T05:03:15+00:00,station3,throughput_in_bps,237.16363636363633
2026-07-21T05:03:30+00:00,station3,throughput_in_bps,191.87272727272727
2026-07-21T05:03:45+00:00,station3,throughput_in_bps,243.19999999999996
2026-07-21T05:04:00+00:00,station3,throughput_in_bps,196.85454545454544
2026-07-21T05:04:15+00:00,station3,throughput_in_bps,232.94545454545454
2026-07-21T05:04:30+00:00,station3,throughput_in_bps,192.38181818181818
2026-07-21T05:04:45+00:00,station3,throughput_in_bps,231.74545454545452
2026-07-21T05:05:00+00:00,station3,throughput_in_bps,195.65454545454543
2026-07-21T05:05:15+00:00,station3,throughput_in_bps,236.1090909090909
2026-07-21T05:05:30+00:00,station3,throughput_in_bps,197.83636363636364
2026-07-21T05:05:45+00:00,station3,throughput_in_bps,224.7272727272727
2026-07-21T05:06:00+00:00,station3,throughput_in_bps,190.2
2026-07-21T05:06:15+00:00,station3,throughput_in_bps,226.3272727272727
2026-07-21T05:06:30+00:00,station3,throughput_in_bps,200.5272727272727
2026-07-21T05:06:45+00:00,station3,throughput_in_bps,249.19999999999996
2026-07-21T05:07:00+00:00,station3,throughput_in_bps,201.18181818181816
2026-07-21T05:07:15+00:00,station3,throughput_in_bps,246.5090909090909
2026-07-21T05:07:30+00:00,station3,throughput_in_bps,194.56363636363633
2026-07-21T05:07:45+00:00,station3,throughput_in_bps,233.9272727272727
2026-07-21T05:08:00+00:00,station3,throughput_in_bps,190.2
2026-07-21T05:08:15+00:00,station3,throughput_in_bps,231.27272727272728
2026-07-21T05:08:30+00:00,station3,throughput_in_bps,190.8181818181818
2026-07-21T05:08:45+00:00,station3,throughput_in_bps,230.18181818181816
2026-07-21T05:09:00+00:00,station3,throughput_in_bps,195.03636363636363
2026-07-21T05:09:15+00:00,station3,throughput_in_bps,235.49090909090907
2026-07-21T05:09:30+00:00,station3,throughput_in_bps,197.83636363636364
2026-07-21T05:09:45+00:00,station3,throughput_in_bps,234.98181818181817
2026-07-21T05:10:00+00:00,station3,throughput_in_bps,181.58181818181816
2026-07-21T05:10:15+00:00,station3,throughput_in_bps,240.43636363636364
2026-07-21T05:10:30+00:00,station3,throughput_in_bps,196.2
2026-07-21T05:10:45+00:00,station3,throughput_in_bps,238.94545454545454
2026-07-21T05:11:00+00:00,station3,throughput_in_bps,202.23636363636362
2026-07-21T05:11:15+00:00,station3,throughput_in_bps,235.67272727272726
2026-07-21T05:11:30+00:00,station3,throughput_in_bps,194.56363636363633
2026-07-21T05:11:45+00:00,station3,throughput_in_bps,235.49090909090907
2026-07-21T05:12:00+00:00,station3,throughput_in_bps,192.38181818181818
2026-07-21T05:12:15+00:00,station3,throughput_in_bps,231.74545454545452
2026-07-21T05:12:30+00:00,station3,throughput_in_bps,195.65454545454543
2026-07-21T05:12:45+00:00,station3,throughput_in_bps,237.19999999999996
2026-07-21T05:13:00+00:00,station3,throughput_in_bps,197.8
2026-07-21T05:13:15+00:00,station3,throughput_in_bps,240.39999999999998
2026-07-21T05:13:30+00:00,station3,throughput_in_bps,202.09090909090907
2026-07-21T05:13:45+00:00,station3,throughput_in_bps,245.89090909090908
2026-07-21T05:14:00+00:00,station3,throughput_in_bps,203.29090909090908
2026-07-21T05:14:15+00:00,station3,throughput_in_bps,243.74545454545452
2026-07-21T05:14:30+00:00,station3,throughput_in_bps,196.7090909090909
2026-07-21T05:14:45+00:00,station3,throughput_in_bps,238.9090909090909
2026-07-21T05:15:00+00:00,station3,throughput_in_bps,197.4
2026-07-21T05:15:15+00:00,station3,throughput_in_bps,236.94545454545454
2026-07-21T05:15:30+00:00,station3,throughput_in_bps,190.45454545454544
2026-07-21T05:15:45+00:00,station3,throughput_in_bps,236.29090909090908
2026-07-21T05:16:00+00:00,station3,throughput_in_bps,195.83636363636364
2026-07-21T05:16:15+00:00,station3,throughput_in_bps,230.18181818181816
2026-07-21T05:16:30+00:00,station3,throughput_in_bps,194.56363636363633
2026-07-21T05:16:45+00:00,station3,throughput_in_bps,233.49090909090907
2026-07-21T05:17:00+00:00,station3,throughput_in_bps,195.2181818181818
2026-07-21T05:17:15+00:00,station3,throughput_in_bps,239.4181818181818
2026-07-21T05:17:30+00:00,station3,throughput_in_bps,194.56363636363633
2026-07-21T05:17:45+00:00,station3,throughput_in_bps,244.87272727272727
2026-07-21T05:18:00+00:00,station3,throughput_in_bps,204.4181818181818
2026-07-21T05:18:15+00:00,station3,throughput_in_bps,245.96363636363634
2026-07-21T05:18:30+00:00,station3,throughput_in_bps,193.98181818181817
2026-07-21T05:18:45+00:00,station3,throughput_in_bps,238.29090909090908
2026-07-21T05:19:00+00:00,station3,throughput_in_bps,196.3090909090909
2026-07-21T05:19:15+00:00,station3,throughput_in_bps,225.05454545454543
2026-07-21T05:19:30+00:00,station3,throughput_in_bps,218.63636363636363
2026-07-21T05:19:45+00:00,station3,throughput_in_bps,262.29090909090905
2026-07-21T05:20:00+00:00,station3,throughput_in_bps,227.07272727272726
2026-07-21T05:20:15+00:00,station3,throughput_in_bps,269.8545454545454
2026-07-21T05:20:30+00:00,station3,throughput_in_bps,188.63636363636363
2026-07-21T05:20:45+00:00,station3,throughput_in_bps,233.89090909090908
2026-07-21T05:21:00+00:00,station3,throughput_in_bps,193.47272727272727
2026-07-21T05:21:15+00:00,station3,throughput_in_bps,240.65454545454543
2026-07-21T05:21:30+00:00,station3,throughput_in_bps,203.94545454545454
2026-07-21T05:21:45+00:00,station3,throughput_in_bps,244.47272727272727
2026-07-21T05:22:00+00:00,station3,throughput_in_bps,199.18181818181816
2026-07-21T05:22:15+00:00,station3,throughput_in_bps,239.49090909090907
2026-07-21T05:22:30+00:00,station3,throughput_in_bps,195.58181818181816
2026-07-21T05:22:45+00:00,station3,throughput_in_bps,225.96363636363634
2026-07-21T05:23:00+00:00,station3,throughput_in_bps,212.5272727272727
2026-07-21T05:23:15+00:00,station3,throughput_in_bps,256.54545454545456
2026-07-21T05:23:30+00:00,station3,throughput_in_bps,218.74545454545452
2026-07-21T05:23:45+00:00,station3,throughput_in_bps,263.3454545454545
2026-07-21T05:24:00+00:00,station3,throughput_in_bps,191.83636363636364
2026-07-21T05:24:15+00:00,station3,throughput_in_bps,237.09090909090907
2026-07-21T05:24:30+00:00,station3,throughput_in_bps,194.56363636363633
2026-07-21T05:24:45+00:00,station3,throughput_in_bps,236.1090909090909
2026-07-21T05:25:00+00:00,station3,throughput_in_bps,202.23636363636362
2026-07-21T05:25:15+00:00,station3,throughput_in_bps,227.99999999999997
2026-07-21T05:25:30+00:00,station3,throughput_in_bps,190.8181818181818
2026-07-21T05:25:45+00:00,station3,throughput_in_bps,241.5272727272727
2026-07-21T05:26:00+00:00,station3,throughput_in_bps,193.6181818181818
2026-07-21T05:26:15+00:00,station3,throughput_in_bps,245.89090909090908
2026-07-21T05:26:30+00:00,station3,throughput_in_bps,198.9272727272727
2026-07-21T05:26:45+00:00,station3,throughput_in_bps,221.78181818181818
2026-07-21T05:27:00+00:00,station3,throughput_in_bps,181.98181818181817
2026-07-21T05:27:15+00:00,station3,throughput_in_bps,238.87272727272727
2026-07-21T05:27:30+00:00,station3,throughput_in_bps,199.36363636363635
2026-07-21T05:27:45+00:00,station3,throughput_in_bps,250.25454545454542
2026-07-21T05:28:00+00:00,station3,throughput_in_bps,199.54545454545453
2026-07-21T05:28:15+00:00,station3,throughput_in_bps,235.8181818181818
2026-07-21T05:28:30+00:00,station3,throughput_in_bps,198.63636363636363
2026-07-21T05:28:45+00:00,station3,throughput_in_bps,233.9272727272727
2026-07-21T05:29:00+00:00,station3,throughput_in_bps,186.05454545454543
2026-07-21T05:29:15+00:00,station3,throughput_in_bps,233.5272727272727
2026-07-21T05:29:30+00:00,station3,throughput_in_bps,194.16363636363633
2026-07-21T05:29:45+00:00,station3,throughput_in_bps,232.43636363636364
2026-07-21T05:30:00+00:00,station3,throughput_in_bps,194.6
2026-07-21T05:30:15+00:00,station3,throughput_in_bps,231.23636363636362
2026-07-21T05:30:30+00:00,station3,throughput_in_bps,204.8181818181818
2026-07-21T05:30:45+00:00,station3,throughput_in_bps,240.54545454545453
2026-07-21T05:31:00+00:00,station3,throughput_in_bps,185.25454545454542
2026-07-21T05:31:15+00:00,station3,throughput_in_bps,249.85454545454544
2026-07-21T05:31:30+00:00,station3,throughput_in_bps,204.4181818181818
2026-07-21T05:31:45+00:00,station3,throughput_in_bps,246.0363636363636
2026-07-21T05:32:00+00:00,station3,throughput_in_bps,206.7090909090909
2026-07-21T05:32:15+00:00,station3,throughput_in_bps,237.74545454545452
2026-07-21T05:32:30+00:00,station3,throughput_in_bps,200.45454545454544
2026-07-21T05:32:45+00:00,station3,throughput_in_bps,239.85454545454544
2026-07-21T05:33:00+00:00,station3,throughput_in_bps,190.34545454545454
2026-07-21T05:33:15+00:00,station3,throughput_in_bps,237.16363636363633
2026-07-21T05:33:30+00:00,station3,throughput_in_bps,193.36363636363635
2026-07-21T05:33:45+00:00,station3,throughput_in_bps,236.1090909090909
2026-07-21T05:34:00+00:00,station3,throughput_in_bps,207.07272727272726
2026-07-21T05:34:15+00:00,station3,throughput_in_bps,236.1090909090909
2026-07-21T05:34:30+00:00,station3,throughput_in_bps,194.56363636363633
2026-07-21T05:34:45+00:00,station3,throughput_in_bps,231.74545454545452
2026-07-21T05:35:00+00:00,station3,throughput_in_bps,189.76363636363632
2026-07-21T05:35:15+00:00,station3,throughput_in_bps,236.54545454545453
2026-07-21T05:35:30+00:00,station3,throughput_in_bps,200.9272727272727
2026-07-21T05:35:45+00:00,station3,throughput_in_bps,233.27272727272728
2026-07-21T05:36:00+00:00,station3,throughput_in_bps,188.0181818181818
2026-07-21T05:36:15+00:00,station3,throughput_in_bps,232.83636363636364
2026-07-21T05:36:30+00:00,station3,throughput_in_bps,205.39999999999998
2026-07-21T05:36:45+00:00,station3,throughput_in_bps,236.65454545454543
2026-07-21T05:37:00+00:00,station3,throughput_in_bps,195.76363636363632
2026-07-21T05:37:15+00:00,station3,throughput_in_bps,229.63636363636363
2026-07-21T05:37:30+00:00,station3,throughput_in_bps,192.38181818181818
2026-07-21T05:37:45+00:00,station3,throughput_in_bps,232.83636363636364
2026-07-21T05:38:00+00:00,station3,throughput_in_bps,200.05454545454543
2026-07-21T05:38:15+00:00,station3,throughput_in_bps,237.67272727272726
2026-07-21T05:38:30+00:00,station3,throughput_in_bps,192.38181818181818
2026-07-21T05:38:45+00:00,station3,throughput_in_bps,231.74545454545452
2026-07-21T05:39:00+00:00,station3,throughput_in_bps,189.76363636363632
2026-07-21T05:39:15+00:00,station3,throughput_in_bps,231.74545454545452
2026-07-21T05:39:30+00:00,station3,throughput_in_bps,192.38181818181818
2026-07-21T05:39:45+00:00,station3,throughput_in_bps,231.74545454545452
2026-07-21T05:40:00+00:00,station3,throughput_in_bps,187.58181818181816
2026-07-21T05:40:15+00:00,station3,throughput_in_bps,231.74545454545452
2026-07-21T05:40:30+00:00,station3,throughput_in_bps,193.43636363636364
2026-07-21T05:40:45+00:00,station3,throughput_in_bps,230.79999999999998
2026-07-21T05:41:00+00:00,station3,throughput_in_bps,203.94545454545454
2026-07-21T05:41:15+00:00,station3,throughput_in_bps,237.8181818181818
2026-07-21T05:41:30+00:00,station3,throughput_in_bps,190.74545454545452
2026-07-21T05:41:45+00:00,station3,throughput_in_bps,225.8181818181818
2026-07-21T05:42:00+00:00,station3,throughput_in_bps,183.83636363636364
2026-07-21T05:42:15+00:00,station3,throughput_in_bps,230.65454545454543
2026-07-21T05:42:30+00:00,station3,throughput_in_bps,196.1272727272727
2026-07-21T05:42:45+00:00,station3,throughput_in_bps,243.59999999999997
2026-07-21T05:43:00+00:00,station3,throughput_in_bps,190.85454545454544
2026-07-21T05:43:15+00:00,station3,throughput_in_bps,236.07272727272726
2026-07-21T05:43:30+00:00,station3,throughput_in_bps,197.8
2026-07-21T05:43:45+00:00,station3,throughput_in_bps,235.09090909090907
2026-07-21T05:44:00+00:00,station3,throughput_in_bps,181.76363636363632
2026-07-21T05:44:15+00:00,station3,throughput_in_bps,237.3090909090909
2026-07-21T05:44:30+00:00,station3,throughput_in_bps,198.9272727272727
2026-07-21T05:44:45+00:00,station3,throughput_in_bps,240.47272727272727
2026-07-21T05:45:00+00:00,station3,throughput_in_bps,200.05454545454543
2026-07-21T05:45:15+00:00,station3,throughput_in_bps,230.7272727272727
2026-07-21T05:45:30+00:00,station3,throughput_in_bps,192.49090909090907
2026-07-21T05:45:45+00:00,station3,throughput_in_bps,242.7272727272727
2026-07-21T05:46:00+00:00,station3,throughput_in_bps,205.2181818181818
2026-07-21T05:46:15+00:00,station3,throughput_in_bps,245.16363636363633
2026-07-21T05:46:30+00:00,station3,throughput_in_bps,206.23636363636362
2026-07-21T05:46:45+00:00,station3,throughput_in_bps,242.76363636363632
2026-07-21T05:47:00+00:00,station3,throughput_in_bps,200.1272727272727
2026-07-21T05:47:15+00:00,station3,throughput_in_bps,241.34545454545454
2026-07-21T05:47:30+00:00,station3,throughput_in_bps,197.2181818181818
2026-07-21T05:47:45+00:00,station3,throughput_in_bps,231.74545454545452
2026-07-21T05:48:00+00:00,station3,throughput_in_bps,181.65454545454543
2026-07-21T05:48:15+00:00,station3,throughput_in_bps,233.9272727272727
2026-07-21T05:48:30+00:00,station3,throughput_in_bps,189.69090909090906
2026-07-21T05:48:45+00:00,station3,throughput_in_bps,237.23636363636362
2026-07-21T05:49:00+00:00,station3,throughput_in_bps,198.49090909090907
2026-07-21T05:49:15+00:00,station3,throughput_in_bps,226.6181818181818
2026-07-21T05:49:30+00:00,station3,throughput_in_bps,202.89090909090908
2026-07-21T05:49:45+00:00,station3,throughput_in_bps,241.4181818181818
2026-07-21T05:50:00+00:00,station3,throughput_in_bps,212.38181818181818
2026-07-21T05:50:15+00:00,station3,throughput_in_bps,248.29090909090908
2026-07-21T05:50:30+00:00,station3,throughput_in_bps,190.8181818181818
2026-07-21T05:50:45+00:00,station3,throughput_in_bps,242.54545454545453
2026-07-21T05:51:00+00:00,station3,throughput_in_bps,194.67272727272726
2026-07-21T05:51:15+00:00,station3,throughput_in_bps,246.29090909090908
2026-07-21T05:51:30+00:00,station3,throughput_in_bps,195.0
2026-07-21T05:51:45+00:00,station3,throughput_in_bps,229.34545454545454
2026-07-21T05:52:00+00:00,station3,throughput_in_bps,187.36363636363635
2026-07-21T05:52:15+00:00,station3,throughput_in_bps,226.07272727272726
2026-07-21T05:52:30+00:00,station3,throughput_in_bps,189.1090909090909
2026-07-21T05:52:45+00:00,station3,throughput_in_bps,227.38181818181818
2026-07-21T05:53:00+00:00,station3,throughput_in_bps,177.29090909090908
2026-07-21T05:53:15+00:00,station3,throughput_in_bps,235.0181818181818
2026-07-21T05:53:30+00:00,station3,throughput_in_bps,194.56363636363633
2026-07-21T05:53:45+00:00,station3,throughput_in_bps,239.9272727272727
2026-07-21T05:54:00+00:00,station3,throughput_in_bps,207.14545454545453
2026-07-21T05:54:15+00:00,station3,throughput_in_bps,237.74545454545452
2026-07-21T05:54:30+00:00,station3,throughput_in_bps,207.5090909090909
2026-07-21T04:06:30+00:00,station1,throughput_out_bps,8873140.49090909
2026-07-21T04:06:45+00:00,station1,throughput_out_bps,11107111.872727271
2026-07-21T04:07:00+00:00,station1,throughput_out_bps,9430238.632024873
2026-07-21T04:07:15+00:00,station1,throughput_out_bps,13165660.163636362
2026-07-21T04:07:30+00:00,station1,throughput_out_bps,9797088.163636362
2026-07-21T04:07:45+00:00,station1,throughput_out_bps,10681970.163636362
2026-07-21T04:08:00+00:00,station1,throughput_out_bps,8445058.218181817
2026-07-21T04:08:15+00:00,station1,throughput_out_bps,10916730.041271977
2026-07-21T04:08:30+00:00,station1,throughput_out_bps,11164211.032526681
2026-07-21T04:08:45+00:00,station1,throughput_out_bps,11102607.152597224
2026-07-21T04:09:00+00:00,station1,throughput_out_bps,8871130.709090909
2026-07-21T04:09:15+00:00,station1,throughput_out_bps,11107348.38181818
2026-07-21T04:09:30+00:00,station1,throughput_out_bps,9243311.872727273
2026-07-21T04:09:45+00:00,station1,throughput_out_bps,13104036.27074887
2026-07-21T04:10:00+00:00,station1,throughput_out_bps,8638195.839924362
2026-07-21T04:10:15+00:00,station1,throughput_out_bps,8881917.654545454
2026-07-21T04:10:30+00:00,station1,throughput_out_bps,6647343.884656643
2026-07-21T04:10:45+00:00,station1,throughput_out_bps,9177969.236922966
2026-07-21T04:11:00+00:00,station1,throughput_out_bps,11168345.67272727
2026-07-21T04:11:15+00:00,station1,throughput_out_bps,10932109.284948094
2026-07-21T04:11:30+00:00,station1,throughput_out_bps,6635020.672727272
2026-07-21T04:11:45+00:00,station1,throughput_out_bps,8872100.781818181
2026-07-21T04:12:00+00:00,station1,throughput_out_bps,6873022.544224861
2026-07-21T04:12:15+00:00,station1,throughput_out_bps,11342082.309090909
2026-07-21T04:12:30+00:00,station1,throughput_out_bps,11011946.272727272
2026-07-21T04:12:45+00:00,station1,throughput_out_bps,8868436.709090909
2026-07-21T04:13:00+00:00,station1,throughput_out_bps,6633939.963636364
2026-07-21T04:13:15+00:00,station1,throughput_out_bps,8866197.461956622
2026-07-21T04:13:30+00:00,station1,throughput_out_bps,9027422.945454543
2026-07-21T04:13:45+00:00,station1,throughput_out_bps,13323337.163636362
2026-07-21T04:14:00+00:00,station1,throughput_out_bps,8855200.559989817
2026-07-21T04:14:15+00:00,station1,throughput_out_bps,8870412.228868566
2026-07-21T04:14:30+00:00,station1,throughput_out_bps,6636850.345454545
2026-07-21T04:14:45+00:00,station1,throughput_out_bps,8952177.014963364
2026-07-21T04:15:00+00:00,station1,throughput_out_bps,11172398.738204759
2026-07-21T04:15:15+00:00,station1,throughput_out_bps,11169613.054545455
2026-07-21T04:15:30+00:00,station1,throughput_out_bps,6895670.381818181
2026-07-21T04:15:45+00:00,station1,throughput_out_bps,9128308.654545454
2026-07-21T04:16:00+00:00,station1,throughput_out_bps,6896558.799999999
2026-07-21T04:16:15+00:00,station1,throughput_out_bps,11364995.27298511
2026-07-21T04:16:30+00:00,station1,throughput_out_bps,10980138.818181816
2026-07-21T04:16:45+00:00,station1,throughput_out_bps,11095590.418181816
2026-07-21T04:17:00+00:00,station1,throughput_out_bps,8860870.143093511
2026-07-21T04:17:15+00:00,station1,throughput_out_bps,11092799.418181816
2026-07-21T04:17:30+00:00,station1,throughput_out_bps,11168663.0
2026-07-21T04:17:45+00:00,station1,throughput_out_bps,11061105.379902184
2026-07-21T04:18:00+00:00,station1,throughput_out_bps,6879675.551353612
2026-07-21T04:18:15+00:00,station1,throughput_out_bps,9114837.418181816
2026-07-21T04:18:30+00:00,station1,throughput_out_bps,6989565.527272727
2026-07-21T04:18:45+00:00,station1,throughput_out_bps,11457077.744041018
2026-07-21T04:19:00+00:00,station1,throughput_out_bps,10889661.884761542
2026-07-21T04:19:15+00:00,station1,throughput_out_bps,11103234.454545455
2026-07-21T04:19:30+00:00,station1,throughput_out_bps,8868130.106725331
2026-07-21T04:19:45+00:00,station1,throughput_out_bps,11101362.545454543
2026-07-21T04:20:00+00:00,station1,throughput_out_bps,11167037.745454544
2026-07-21T04:20:15+00:00,station1,throughput_out_bps,11091007.654545454
2026-07-21T04:20:30+00:00,station1,throughput_out_bps,8857769.98181818
2026-07-21T04:20:45+00:00,station1,throughput_out_bps,11093368.96557994
2026-07-21T04:21:00+00:00,station1,throughput_out_bps,9072015.418181816
2026-07-21T04:21:15+00:00,station1,throughput_out_bps,13271654.745454544
2026-07-21T04:21:30+00:00,station1,throughput_out_bps,9107107.181818182
2026-07-21T04:21:45+00:00,station1,throughput_out_bps,11340796.11279795
2026-07-21T04:22:00+00:00,station1,throughput_out_bps,9107318.781818181
2026-07-21T04:22:15+00:00,station1,throughput_out_bps,11473478.47272727
2026-07-21T04:22:30+00:00,station1,throughput_out_bps,10871131.997600043
2026-07-21T04:22:45+00:00,station1,throughput_out_bps,11103223.28684933
2026-07-21T04:23:00+00:00,station1,throughput_out_bps,8869539.418181818
2026-07-21T04:23:15+00:00,station1,throughput_out_bps,11102631.302387318
2026-07-21T04:23:30+00:00,station1,throughput_out_bps,11169699.018181818
2026-07-21T04:23:45+00:00,station1,throughput_out_bps,11097843.018181818
2026-07-21T04:24:00+00:00,station1,throughput_out_bps,8864114.363636363
2026-07-21T04:24:15+00:00,station1,throughput_out_bps,11098618.643297395
2026-07-21T04:24:30+00:00,station1,throughput_out_bps,9091744.054545455
2026-07-21T04:24:45+00:00,station1,throughput_out_bps,13324410.309090909
2026-07-21T04:25:00+00:00,station1,throughput_out_bps,9793119.911271116
2026-07-21T04:25:15+00:00,station1,throughput_out_bps,10673965.999381807
2026-07-21T04:25:30+00:00,station1,throughput_out_bps,8438920.613851665
2026-07-21T04:25:45+00:00,station1,throughput_out_bps,10753223.309090909
2026-07-21T04:26:00+00:00,station1,throughput_out_bps,11172478.626106879
2026-07-21T04:26:15+00:00,station1,throughput_out_bps,10867580.09090909
2026-07-21T04:26:30+00:00,station1,throughput_out_bps,6650023.782250587
2026-07-21T04:26:45+00:00,station1,throughput_out_bps,8884464.98181818
2026-07-21T04:27:00+00:00,station1,throughput_out_bps,6954100.9654721
2026-07-21T04:27:15+00:00,station1,throughput_out_bps,11422672.0
2026-07-21T04:27:30+00:00,station1,throughput_out_bps,10922459.356762359
2026-07-21T04:27:45+00:00,station1,throughput_out_bps,11095829.766731514
2026-07-21T04:28:00+00:00,station1,throughput_out_bps,8861541.872727271
2026-07-21T04:28:15+00:00,station1,throughput_out_bps,11096029.8
2026-07-21T04:28:30+00:00,station1,throughput_out_bps,11171039.581818182
2026-07-21T04:28:45+00:00,station1,throughput_out_bps,11009058.836363636
2026-07-21T04:29:00+00:00,station1,throughput_out_bps,6639199.8545454545
2026-07-21T04:29:15+00:00,station1,throughput_out_bps,8871266.545454545
2026-07-21T04:29:30+00:00,station1,throughput_out_bps,6799177.018181818
2026-07-21T04:29:45+00:00,station1,throughput_out_bps,11266464.436363636
2026-07-21T04:30:00+00:00,station1,throughput_out_bps,11075982.163636362
2026-07-21T04:30:15+00:00,station1,throughput_out_bps,11095985.727272727
2026-07-21T04:30:30+00:00,station1,throughput_out_bps,8862679.509791443
2026-07-21T04:30:45+00:00,station1,throughput_out_bps,11096301.234612796
2026-07-21T04:31:00+00:00,station1,throughput_out_bps,11168000.254540827
2026-07-21T04:31:15+00:00,station1,throughput_out_bps,11152501.954580992
2026-07-21T04:31:30+00:00,station1,throughput_out_bps,8818104.898538075
2026-07-21T04:31:45+00:00,station1,throughput_out_bps,11051893.218181817
2026-07-21T04:32:00+00:00,station1,throughput_out_bps,8834819.854545454
2026-07-21T04:32:15+00:00,station1,throughput_out_bps,13302584.618181817
2026-07-21T04:32:30+00:00,station1,throughput_out_bps,9043358.472727273
2026-07-21T04:32:45+00:00,station1,throughput_out_bps,11080507.945454543
2026-07-21T04:33:00+00:00,station1,throughput_out_bps,8847309.818181818
2026-07-21T04:33:15+00:00,station1,throughput_out_bps,11082523.135942983
2026-07-21T04:33:30+00:00,station1,throughput_out_bps,11172425.927272728
2026-07-21T04:33:45+00:00,station1,throughput_out_bps,9144646.466299387
2026-07-21T04:34:00+00:00,station1,throughput_out_bps,6628712.2
2026-07-21T04:34:15+00:00,station1,throughput_out_bps,8862917.763636362
2026-07-21T04:34:30+00:00,station1,throughput_out_bps,8656228.145454545
2026-07-21T04:34:45+00:00,station1,throughput_out_bps,13123865.363636363
2026-07-21T04:35:00+00:00,station1,throughput_out_bps,9219419.818181816
2026-07-21T04:35:15+00:00,station1,throughput_out_bps,11101908.145454545
2026-07-21T04:35:30+00:00,station1,throughput_out_bps,8869504.082040839
2026-07-21T04:35:45+00:00,station1,throughput_out_bps,11103769.709090909
2026-07-21T04:36:00+00:00,station1,throughput_out_bps,11171625.106824009
2026-07-21T04:36:15+00:00,station1,throughput_out_bps,11349861.345454544
2026-07-21T04:36:30+00:00,station1,throughput_out_bps,9113762.005200284
2026-07-21T04:36:45+00:00,station1,throughput_out_bps,11348167.654545454
2026-07-21T04:37:00+00:00,station1,throughput_out_bps,10993425.771377662
2026-07-21T04:37:15+00:00,station1,throughput_out_bps,11349169.654545454
2026-07-21T04:37:30+00:00,station1,throughput_out_bps,8852191.745454544
2026-07-21T04:37:45+00:00,station1,throughput_out_bps,11085307.75105002
2026-07-21T04:38:00+00:00,station1,throughput_out_bps,8851148.37912038
2026-07-21T04:38:15+00:00,station1,throughput_out_bps,13135298.0
2026-07-21T04:38:30+00:00,station1,throughput_out_bps,9201696.309090909
2026-07-21T04:38:45+00:00,station1,throughput_out_bps,11093285.340266539
2026-07-21T04:39:00+00:00,station1,throughput_out_bps,8861662.24250468
2026-07-21T04:39:15+00:00,station1,throughput_out_bps,11095459.890909089
2026-07-21T04:39:30+00:00,station1,throughput_out_bps,11169235.47272727
2026-07-21T04:39:45+00:00,station1,throughput_out_bps,9288906.218181817
2026-07-21T04:40:00+00:00,station1,throughput_out_bps,6640907.872727272
2026-07-21T04:40:15+00:00,station1,throughput_out_bps,8876162.436363636
2026-07-21T04:40:30+00:00,station1,throughput_out_bps,8522491.236363636
2026-07-21T04:40:45+00:00,station1,throughput_out_bps,12988831.12137299
2026-07-21T04:41:00+00:00,station1,throughput_out_bps,9355227.618181817
2026-07-21T04:41:15+00:00,station1,throughput_out_bps,11056332.769686723
2026-07-21T04:41:30+00:00,station1,throughput_out_bps,8822894.129197652
2026-07-21T04:41:45+00:00,station1,throughput_out_bps,11058217.236363636
2026-07-21T04:42:00+00:00,station1,throughput_out_bps,11173882.506954672
2026-07-21T04:42:15+00:00,station1,throughput_out_bps,11384993.218181817
2026-07-21T04:42:30+00:00,station1,throughput_out_bps,9149345.2
2026-07-21T04:42:45+00:00,station1,throughput_out_bps,11380023.309090909
2026-07-21T04:43:00+00:00,station1,throughput_out_bps,10526550.22635952
2026-07-21T04:43:15+00:00,station1,throughput_out_bps,11812931.310339812
2026-07-21T04:43:30+00:00,station1,throughput_out_bps,8873175.818181818
2026-07-21T04:43:45+00:00,station1,throughput_out_bps,11109122.018181818
2026-07-21T04:44:00+00:00,station1,throughput_out_bps,8875863.56611698
2026-07-21T04:44:15+00:00,station1,throughput_out_bps,12698324.181818182
2026-07-21T04:44:30+00:00,station1,throughput_out_bps,9649953.072727272
2026-07-21T04:44:45+00:00,station1,throughput_out_bps,11107058.471664151
2026-07-21T04:45:00+00:00,station1,throughput_out_bps,8873399.461808397
2026-07-21T04:45:15+00:00,station1,throughput_out_bps,11107533.956397621
2026-07-21T04:45:30+00:00,station1,throughput_out_bps,11172179.745454544
2026-07-21T04:45:45+00:00,station1,throughput_out_bps,9722887.836363636
2026-07-21T04:46:00+00:00,station1,throughput_out_bps,6642601.698150943
2026-07-21T04:46:15+00:00,station1,throughput_out_bps,8877462.792938568
2026-07-21T04:46:30+00:00,station1,throughput_out_bps,8093099.252740859
2026-07-21T04:46:45+00:00,station1,throughput_out_bps,12561440.436363636
2026-07-21T04:47:00+00:00,station1,throughput_out_bps,9793836.363636363
2026-07-21T04:47:15+00:00,station1,throughput_out_bps,8872577.818181818
2026-07-21T04:47:30+00:00,station1,throughput_out_bps,6637490.7272727275
2026-07-21T04:47:45+00:00,station1,throughput_out_bps,8870201.654545454
2026-07-21T04:48:00+00:00,station1,throughput_out_bps,10248041.781818181
2026-07-21T04:48:15+00:00,station1,throughput_out_bps,12095727.085947016
2026-07-21T04:48:30+00:00,station1,throughput_out_bps,8857007.272859506
2026-07-21T04:48:45+00:00,station1,throughput_out_bps,11089691.636363635
2026-07-21T04:49:00+00:00,station1,throughput_out_bps,8856162.38181818
2026-07-21T04:49:15+00:00,station1,throughput_out_bps,12398212.785687013
2026-07-21T04:49:30+00:00,station1,throughput_out_bps,9944614.520264005
2026-07-21T04:49:45+00:00,station1,throughput_out_bps,11096862.36113384
2026-07-21T04:50:00+00:00,station1,throughput_out_bps,8861071.109090907
2026-07-21T04:50:15+00:00,station1,throughput_out_bps,11096860.818181816
2026-07-21T04:50:30+00:00,station1,throughput_out_bps,11170590.945454543
2026-07-21T04:50:45+00:00,station1,throughput_out_bps,11104951.655424446
2026-07-21T04:51:00+00:00,station1,throughput_out_bps,8870968.290909091
2026-07-21T04:51:15+00:00,station1,throughput_out_bps,11105655.109090907
2026-07-21T04:51:30+00:00,station1,throughput_out_bps,10017827.909090908
2026-07-21T04:51:45+00:00,station1,throughput_out_bps,12334242.75922256
2026-07-21T04:52:00+00:00,station1,throughput_out_bps,7866230.745454545
2026-07-21T04:52:15+00:00,station1,throughput_out_bps,8861760.486554302
2026-07-21T04:52:30+00:00,station1,throughput_out_bps,6627576.163636363
2026-07-21T04:52:45+00:00,station1,throughput_out_bps,9933980.418181816
2026-07-21T04:53:00+00:00,station1,throughput_out_bps,11171585.465190278
2026-07-21T04:53:15+00:00,station1,throughput_out_bps,11087092.145454545
2026-07-21T04:53:30+00:00,station1,throughput_out_bps,8849958.290909091
2026-07-21T04:53:45+00:00,station1,throughput_out_bps,11085807.0
2026-07-21T04:54:00+00:00,station1,throughput_out_bps,9844380.218181817
2026-07-21T04:54:15+00:00,station1,throughput_out_bps,12501359.327272726
2026-07-21T04:54:30+00:00,station1,throughput_out_bps,9116718.714205196
2026-07-21T04:54:45+00:00,station1,throughput_out_bps,11350120.181818182
2026-07-21T04:55:00+00:00,station1,throughput_out_bps,9117417.480317825
2026-07-21T04:55:15+00:00,station1,throughput_out_bps,12253281.594880093
2026-07-21T04:55:30+00:00,station1,throughput_out_bps,10090101.181818182
2026-07-21T04:55:45+00:00,station1,throughput_out_bps,11356662.927272728
2026-07-21T04:56:00+00:00,station1,throughput_out_bps,9123532.336951582
2026-07-21T04:56:15+00:00,station1,throughput_out_bps,11358013.400730949
2026-07-21T04:56:30+00:00,station1,throughput_out_bps,11170618.22082432
2026-07-21T04:56:45+00:00,station1,throughput_out_bps,11094226.98181818
2026-07-21T04:57:00+00:00,station1,throughput_out_bps,8857893.509090908
2026-07-21T04:57:15+00:00,station1,throughput_out_bps,11092686.07272727
2026-07-21T04:57:30+00:00,station1,throughput_out_bps,10119199.185439736
2026-07-21T04:57:45+00:00,station1,throughput_out_bps,12224690.145454545
2026-07-21T04:58:00+00:00,station1,throughput_out_bps,8867069.218181817
2026-07-21T04:58:15+00:00,station1,throughput_out_bps,11101864.254545454
2026-07-21T04:58:30+00:00,station1,throughput_out_bps,8867649.93363757
2026-07-21T04:58:45+00:00,station1,throughput_out_bps,12281031.836363636
2026-07-21T04:59:00+00:00,station1,throughput_out_bps,10274844.945454543
2026-07-21T04:59:15+00:00,station1,throughput_out_bps,10441741.56833512
2026-07-21T04:59:30+00:00,station1,throughput_out_bps,8208810.309090909
2026-07-21T04:59:45+00:00,station1,throughput_out_bps,10443159.054545455
2026-07-21T05:00:00+00:00,station1,throughput_out_bps,10380121.418181816
2026-07-21T05:00:15+00:00,station1,throughput_out_bps,12132292.358320756
2026-07-21T05:00:30+00:00,station1,throughput_out_bps,8863874.690909091
2026-07-21T05:00:45+00:00,station1,throughput_out_bps,11098463.408425607
2026-07-21T05:01:00+00:00,station1,throughput_out_bps,8864440.254545454
2026-07-21T05:01:15+00:00,station1,throughput_out_bps,12370881.60645783
2026-07-21T05:01:30+00:00,station1,throughput_out_bps,9974853.727272727
2026-07-21T05:01:45+00:00,station1,throughput_out_bps,11096284.018181818
2026-07-21T05:02:00+00:00,station1,throughput_out_bps,8860267.91265931
2026-07-21T05:02:15+00:00,station1,throughput_out_bps,11096693.798520083
2026-07-21T05:02:30+00:00,station1,throughput_out_bps,11172398.298150875
2026-07-21T05:02:45+00:00,station1,throughput_out_bps,11104860.49090909
2026-07-21T05:03:00+00:00,station1,throughput_out_bps,8870395.483718477
2026-07-21T05:03:15+00:00,station1,throughput_out_bps,11103726.23311456
2026-07-21T05:03:30+00:00,station1,throughput_out_bps,9986928.222096978
2026-07-21T05:03:45+00:00,station1,throughput_out_bps,12362059.727272727
2026-07-21T05:04:00+00:00,station1,throughput_out_bps,7891679.527272727
2026-07-21T05:04:15+00:00,station1,throughput_out_bps,8856446.236363636
2026-07-21T05:04:30+00:00,station1,throughput_out_bps,6622218.618181818
2026-07-21T05:04:45+00:00,station1,throughput_out_bps,9898613.98181818
2026-07-21T05:05:00+00:00,station1,throughput_out_bps,11169199.374511337
2026-07-21T05:05:15+00:00,station1,throughput_out_bps,10215507.945454543
2026-07-21T05:05:30+00:00,station1,throughput_out_bps,6624328.515063911
2026-07-21T05:05:45+00:00,station1,throughput_out_bps,8858280.927272728
2026-07-21T05:06:00+00:00,station1,throughput_out_bps,7579190.672727272
2026-07-21T05:06:15+00:00,station1,throughput_out_bps,12046768.704885544
2026-07-21T05:06:30+00:00,station1,throughput_out_bps,10301738.927272728
2026-07-21T05:06:45+00:00,station1,throughput_out_bps,8859529.218181817
2026-07-21T05:07:00+00:00,station1,throughput_out_bps,6624635.133906657
2026-07-21T05:07:15+00:00,station1,throughput_out_bps,8851947.454545455
2026-07-21T05:07:30+00:00,station1,throughput_out_bps,9717795.894620096
2026-07-21T05:07:45+00:00,station1,throughput_out_bps,12610329.454545455
2026-07-21T05:08:00+00:00,station1,throughput_out_bps,8863336.739332013
2026-07-21T05:08:15+00:00,station1,throughput_out_bps,11103260.781818181
2026-07-21T05:08:30+00:00,station1,throughput_out_bps,8869906.290909091
2026-07-21T05:08:45+00:00,station1,throughput_out_bps,11888506.899874547
2026-07-21T05:09:00+00:00,station1,throughput_out_bps,10457743.068559896
2026-07-21T05:09:15+00:00,station1,throughput_out_bps,8871661.727272727
2026-07-21T05:09:30+00:00,station1,throughput_out_bps,6638635.806621698
2026-07-21T05:09:45+00:00,station1,throughput_out_bps,8872730.545454545
2026-07-21T05:10:00+00:00,station1,throughput_out_bps,9583591.345454544
2026-07-21T05:10:15+00:00,station1,throughput_out_bps,12767331.69685068
2026-07-21T05:10:30+00:00,station1,throughput_out_bps,8299463.626611394
2026-07-21T05:10:45+00:00,station1,throughput_out_bps,8882015.38181818
2026-07-21T05:11:00+00:00,station1,throughput_out_bps,6649041.182566956
2026-07-21T05:11:15+00:00,station1,throughput_out_bps,9519932.67639947
2026-07-21T05:11:30+00:00,station1,throughput_out_bps,11168487.527272727
2026-07-21T05:11:45+00:00,station1,throughput_out_bps,11106318.163636362
2026-07-21T05:12:00+00:00,station1,throughput_out_bps,8871615.436363636
2026-07-21T05:12:15+00:00,station1,throughput_out_bps,11106344.9755459
2026-07-21T05:12:30+00:00,station1,throughput_out_bps,9455337.945454543
2026-07-21T05:12:45+00:00,station1,throughput_out_bps,12897350.69090909
2026-07-21T05:13:00+00:00,station1,throughput_out_bps,8428704.797920113
2026-07-21T05:13:15+00:00,station1,throughput_out_bps,9123491.49090909
2026-07-21T05:13:30+00:00,station1,throughput_out_bps,6889974.199999999
2026-07-21T05:13:45+00:00,station1,throughput_out_bps,9631565.854545454
2026-07-21T05:14:00+00:00,station1,throughput_out_bps,11169308.927272728
2026-07-21T05:14:15+00:00,station1,throughput_out_bps,11300853.945454543
2026-07-21T05:14:30+00:00,station1,throughput_out_bps,9064341.527272727
2026-07-21T05:14:45+00:00,station1,throughput_out_bps,11297830.054545455
2026-07-21T05:15:00+00:00,station1,throughput_out_bps,9755288.085671168
2026-07-21T05:15:15+00:00,station1,throughput_out_bps,12583192.345454544
2026-07-21T05:15:30+00:00,station1,throughput_out_bps,8872830.16672424
2026-07-21T05:15:45+00:00,station1,throughput_out_bps,11108633.309090909
2026-07-21T05:16:00+00:00,station1,throughput_out_bps,8875209.887092961
2026-07-21T05:16:15+00:00,station1,throughput_out_bps,11926589.327272726
2026-07-21T05:16:30+00:00,station1,throughput_out_bps,10420145.797349138
2026-07-21T05:16:45+00:00,station1,throughput_out_bps,11105318.38181818
2026-07-21T05:17:00+00:00,station1,throughput_out_bps,8872459.98181818
2026-07-21T05:17:15+00:00,station1,throughput_out_bps,11106158.057419227
2026-07-21T05:17:30+00:00,station1,throughput_out_bps,11170145.363636363
2026-07-21T05:17:45+00:00,station1,throughput_out_bps,11429998.490881654
2026-07-21T05:18:00+00:00,station1,throughput_out_bps,9194962.963636363
2026-07-21T05:18:15+00:00,station1,throughput_out_bps,11429387.0
2026-07-21T05:18:30+00:00,station1,throughput_out_bps,9726275.013181578
2026-07-21T05:18:45+00:00,station1,throughput_out_bps,12794049.05365357
2026-07-21T05:19:00+00:00,station1,throughput_out_bps,8871720.38181818
2026-07-21T05:19:15+00:00,station1,throughput_out_bps,11104478.927272728
2026-07-21T05:19:30+00:00,station1,throughput_out_bps,8871369.954178486
2026-07-21T05:19:45+00:00,station1,throughput_out_bps,11715493.09090909
2026-07-21T05:20:00+00:00,station1,throughput_out_bps,10636016.836057525
2026-07-21T05:20:15+00:00,station1,throughput_out_bps,8880855.72464954
2026-07-21T05:20:30+00:00,station1,throughput_out_bps,6645820.527272727
2026-07-21T05:20:45+00:00,station1,throughput_out_bps,8880991.945454545
2026-07-21T05:21:00+00:00,station1,throughput_out_bps,9416381.94280312
2026-07-21T05:21:15+00:00,station1,throughput_out_bps,12933264.1101171
2026-07-21T05:21:30+00:00,station1,throughput_out_bps,8874174.181818182
2026-07-21T05:21:45+00:00,station1,throughput_out_bps,11105860.09090909
2026-07-21T05:22:00+00:00,station1,throughput_out_bps,8868022.327678686
2026-07-21T05:22:15+00:00,station1,throughput_out_bps,11573670.527272727
2026-07-21T05:22:30+00:00,station1,throughput_out_bps,10757932.272727273
2026-07-21T05:22:45+00:00,station1,throughput_out_bps,11099187.2
2026-07-21T05:23:00+00:00,station1,throughput_out_bps,8870547.218181817
2026-07-21T05:23:15+00:00,station1,throughput_out_bps,11105163.74843179
2026-07-21T05:23:30+00:00,station1,throughput_out_bps,11170709.145454545
2026-07-21T05:23:45+00:00,station1,throughput_out_bps,10838114.5979164
2026-07-21T05:24:00+00:00,station1,throughput_out_bps,6639120.672727272
2026-07-21T05:24:15+00:00,station1,throughput_out_bps,8874130.784196077
2026-07-21T05:24:30+00:00,station1,throughput_out_bps,6970914.6893579895
2026-07-21T05:24:45+00:00,station1,throughput_out_bps,11438660.315266995
2026-07-21T05:25:00+00:00,station1,throughput_out_bps,10905806.29090909
2026-07-21T05:25:15+00:00,station1,throughput_out_bps,11087210.454545455
2026-07-21T05:25:30+00:00,station1,throughput_out_bps,8855225.531373298
2026-07-21T05:25:45+00:00,station1,throughput_out_bps,11090692.412589319
2026-07-21T05:26:00+00:00,station1,throughput_out_bps,11172052.01912762
2026-07-21T05:26:15+00:00,station1,throughput_out_bps,11100793.916031783
2026-07-21T05:26:30+00:00,station1,throughput_out_bps,8864966.581210567
2026-07-21T05:26:45+00:00,station1,throughput_out_bps,11096796.367338775
2026-07-21T05:27:00+00:00,station1,throughput_out_bps,9040975.09090909
2026-07-21T05:27:15+00:00,station1,throughput_out_bps,13305909.78345848
2026-07-21T05:27:30+00:00,station1,throughput_out_bps,8839852.654545454
2026-07-21T05:27:45+00:00,station1,throughput_out_bps,8867954.2388597
2026-07-21T05:28:00+00:00,station1,throughput_out_bps,6635322.618181818
2026-07-21T05:28:15+00:00,station1,throughput_out_bps,8966870.883866394
2026-07-21T05:28:30+00:00,station1,throughput_out_bps,11171666.842421047
2026-07-21T05:28:45+00:00,station1,throughput_out_bps,11148226.551279021
2026-07-21T05:29:00+00:00,station1,throughput_out_bps,6679772.581818181
2026-07-21T05:29:15+00:00,station1,throughput_out_bps,8881570.771440519
2026-07-21T05:29:30+00:00,station1,throughput_out_bps,6669218.545454545
2026-07-21T05:29:45+00:00,station1,throughput_out_bps,11134857.054545455
2026-07-21T05:30:00+00:00,station1,throughput_out_bps,11167041.25529555
2026-07-21T05:30:15+00:00,station1,throughput_out_bps,9118459.373465937
2026-07-21T05:30:30+00:00,station1,throughput_out_bps,6889252.831766695
2026-07-21T05:30:45+00:00,station1,throughput_out_bps,9121993.0
2026-07-21T05:31:00+00:00,station1,throughput_out_bps,9080195.27627775
2026-07-21T05:31:15+00:00,station1,throughput_out_bps,13269189.254545454
2026-07-21T05:31:30+00:00,station1,throughput_out_bps,8801664.630266005
2026-07-21T05:31:45+00:00,station1,throughput_out_bps,9115536.007126885
2026-07-21T05:32:00+00:00,station1,throughput_out_bps,6881135.215723351
2026-07-21T05:32:15+00:00,station1,throughput_out_bps,9251932.418181816
2026-07-21T05:32:30+00:00,station1,throughput_out_bps,11171472.645951891
2026-07-21T05:32:45+00:00,station1,throughput_out_bps,10865290.524937723
2026-07-21T05:33:00+00:00,station1,throughput_out_bps,7140512.054545454
2026-07-21T05:33:15+00:00,station1,throughput_out_bps,9374713.831160568
2026-07-21T05:33:30+00:00,station1,throughput_out_bps,7447955.764440646
2026-07-21T05:33:45+00:00,station1,throughput_out_bps,11915346.781818181
2026-07-21T05:34:00+00:00,station1,throughput_out_bps,10430884.420283267
2026-07-21T05:34:15+00:00,station1,throughput_out_bps,11110919.274195014
2026-07-21T05:34:30+00:00,station1,throughput_out_bps,8876356.418181818
2026-07-21T05:34:45+00:00,station1,throughput_out_bps,11110394.363636363
2026-07-21T05:35:00+00:00,station1,throughput_out_bps,11171302.0
2026-07-21T05:35:15+00:00,station1,throughput_out_bps,11345505.436363636
2026-07-21T05:35:30+00:00,station1,throughput_out_bps,9111284.903910838
2026-07-21T05:35:45+00:00,station1,throughput_out_bps,11345916.765149724
2026-07-21T05:36:00+00:00,station1,throughput_out_bps,9787061.871602334
2026-07-21T05:36:15+00:00,station1,throughput_out_bps,12558070.398720022
2026-07-21T05:36:30+00:00,station1,throughput_out_bps,8858879.39342146
2026-07-21T05:36:45+00:00,station1,throughput_out_bps,11094486.172475865
2026-07-21T05:37:00+00:00,station1,throughput_out_bps,8863050.418181818
2026-07-21T05:37:15+00:00,station1,throughput_out_bps,11946568.44669903
2026-07-21T05:37:30+00:00,station1,throughput_out_bps,11075023.363636363
2026-07-21T05:37:45+00:00,station1,throughput_out_bps,12382481.09090909
2026-07-21T05:38:00+00:00,station1,throughput_out_bps,10143003.38181818
2026-07-21T05:38:15+00:00,station1,throughput_out_bps,12371685.473753115
2026-07-21T05:38:30+00:00,station1,throughput_out_bps,11162071.745454544
2026-07-21T05:38:45+00:00,station1,throughput_out_bps,11102234.321872102
2026-07-21T05:39:00+00:00,station1,throughput_out_bps,8869572.519500354
2026-07-21T05:39:15+00:00,station1,throughput_out_bps,11103899.509090908
2026-07-21T05:39:30+00:00,station1,throughput_out_bps,9551047.600865472
2026-07-21T05:39:45+00:00,station1,throughput_out_bps,12786924.001381792
2026-07-21T05:40:00+00:00,station1,throughput_out_bps,8866323.533155149
2026-07-21T05:40:15+00:00,station1,throughput_out_bps,11102870.963636363
2026-07-21T05:40:30+00:00,station1,throughput_out_bps,8868307.969235804
2026-07-21T05:40:45+00:00,station1,throughput_out_bps,11715998.054545455
2026-07-21T05:41:00+00:00,station1,throughput_out_bps,10634899.09090909
2026-07-21T05:41:15+00:00,station1,throughput_out_bps,8868392.854545454
2026-07-21T05:41:30+00:00,station1,throughput_out_bps,6634419.290909091
2026-07-21T05:41:45+00:00,station1,throughput_out_bps,8869528.399999999
2026-07-21T05:42:00+00:00,station1,throughput_out_bps,9405797.309090909
2026-07-21T05:42:15+00:00,station1,throughput_out_bps,12941636.588425664
2026-07-21T05:42:30+00:00,station1,throughput_out_bps,8870372.2
2026-07-21T05:42:45+00:00,station1,throughput_out_bps,11103321.339612007
2026-07-21T05:43:00+00:00,station1,throughput_out_bps,8867069.145454545
2026-07-21T05:43:15+00:00,station1,throughput_out_bps,11563731.727272727
2026-07-21T05:43:30+00:00,station1,throughput_out_bps,10774775.69090909
2026-07-21T05:43:45+00:00,station1,throughput_out_bps,11104012.618181817
2026-07-21T05:44:00+00:00,station1,throughput_out_bps,8870092.236363636
2026-07-21T05:44:15+00:00,station1,throughput_out_bps,11106220.222185858
2026-07-21T05:44:30+00:00,station1,throughput_out_bps,11170546.50084547
2026-07-21T05:44:45+00:00,station1,throughput_out_bps,11103487.317951236
2026-07-21T05:45:00+00:00,station1,throughput_out_bps,8870614.374806816
2026-07-21T05:45:15+00:00,station1,throughput_out_bps,11104889.397989055
2026-07-21T05:45:30+00:00,station1,throughput_out_bps,9196356.848057307
2026-07-21T05:45:45+00:00,station1,throughput_out_bps,13151784.781818181
2026-07-21T05:46:00+00:00,station1,throughput_out_bps,8858167.945454545
2026-07-21T05:46:15+00:00,station1,throughput_out_bps,11090811.523845889
2026-07-21T05:46:30+00:00,station1,throughput_out_bps,8856275.976800421
2026-07-21T05:46:45+00:00,station1,throughput_out_bps,11344239.141106524
2026-07-21T05:47:00+00:00,station1,throughput_out_bps,11004566.4
2026-07-21T05:47:15+00:00,station1,throughput_out_bps,8871036.057167793
2026-07-21T05:47:30+00:00,station1,throughput_out_bps,6636375.418181818
2026-07-21T05:47:45+00:00,station1,throughput_out_bps,8869397.66177567
2026-07-21T05:48:00+00:00,station1,throughput_out_bps,9035254.618181817
2026-07-21T05:48:15+00:00,station1,throughput_out_bps,13309094.819905818
2026-07-21T05:48:30+00:00,station1,throughput_out_bps,9105056.309090909
2026-07-21T05:48:45+00:00,station1,throughput_out_bps,11340835.29090909
2026-07-21T05:49:00+00:00,station1,throughput_out_bps,9106434.6
2026-07-21T05:49:15+00:00,station1,throughput_out_bps,11437390.952562775
2026-07-21T05:49:30+00:00,station1,throughput_out_bps,10917189.38181818
2026-07-21T05:49:45+00:00,station1,throughput_out_bps,9109728.054545455
2026-07-21T05:50:00+00:00,station1,throughput_out_bps,6874806.49090909
2026-07-21T05:50:15+00:00,station1,throughput_out_bps,9106800.832742415
2026-07-21T05:50:30+00:00,station1,throughput_out_bps,9360796.996309023
2026-07-21T05:50:45+00:00,station1,throughput_out_bps,12981694.745454544
2026-07-21T05:51:00+00:00,station1,throughput_out_bps,8515147.854545454
2026-07-21T05:51:15+00:00,station1,throughput_out_bps,9120282.2
2026-07-21T05:51:30+00:00,station1,throughput_out_bps,6889208.0765104825
2026-07-21T05:51:45+00:00,station1,throughput_out_bps,9541185.49090909
2026-07-21T05:52:00+00:00,station1,throughput_out_bps,11169595.13809342
2026-07-21T05:52:15+00:00,station1,throughput_out_bps,11105287.041582575
2026-07-21T05:52:30+00:00,station1,throughput_out_bps,8869830.900132721
2026-07-21T05:52:45+00:00,station1,throughput_out_bps,11103313.163636362
2026-07-21T05:53:00+00:00,station1,throughput_out_bps,9471213.094783543
2026-07-21T05:53:15+00:00,station1,throughput_out_bps,12870415.831863718
2026-07-21T05:53:30+00:00,station1,throughput_out_bps,8873876.161384752
2026-07-21T05:53:45+00:00,station1,throughput_out_bps,11107427.267603585
2026-07-21T05:54:00+00:00,station1,throughput_out_bps,8872832.709090909
2026-07-21T05:54:15+00:00,station1,throughput_out_bps,11640256.73194058
2026-07-21T05:54:30+00:00,station1,throughput_out_bps,10705722.618181817
2026-07-21T04:06:30+00:00,station2,throughput_out_bps,443450.94545454544
2026-07-21T04:06:45+00:00,station2,throughput_out_bps,540377.8545454545
2026-07-21T04:07:00+00:00,station2,throughput_out_bps,465110.19999999995
2026-07-21T04:07:15+00:00,station2,throughput_out_bps,466234.0909090909
2026-07-21T04:07:30+00:00,station2,throughput_out_bps,243193.81818181818
2026-07-21T04:07:45+00:00,station2,throughput_out_bps,333205.34545454546
2026-07-21T04:08:00+00:00,station2,throughput_out_bps,316193.6
2026-07-21T04:08:15+00:00,station2,throughput_out_bps,519899.10909090907
2026-07-21T04:08:30+00:00,station2,throughput_out_bps,555449.7999999999
2026-07-21T04:08:45+00:00,station2,throughput_out_bps,553969.7090909091
2026-07-21T04:09:00+00:00,station2,throughput_out_bps,443663.50909090904
2026-07-21T04:09:15+00:00,station2,throughput_out_bps,555957.9272727272
2026-07-21T04:09:30+00:00,station2,throughput_out_bps,519341.2909090909
2026-07-21T04:09:45+00:00,station2,throughput_out_bps,600152.618181818
2026-07-21T04:10:00+00:00,station2,throughput_out_bps,376863.0363636363
2026-07-21T04:10:15+00:00,station2,throughput_out_bps,446013.5272727272
2026-07-21T04:10:30+00:00,station2,throughput_out_bps,334350.309090909
2026-07-21T04:10:45+00:00,station2,throughput_out_bps,516665.90909090906
2026-07-21T04:11:00+00:00,station2,throughput_out_bps,559248.4181818181
2026-07-21T04:11:15+00:00,station2,throughput_out_bps,492103.39999999997
2026-07-21T04:11:30+00:00,station2,throughput_out_bps,333745.7636363636
2026-07-21T04:11:45+00:00,station2,throughput_out_bps,445565.8181818182
2026-07-21T04:12:00+00:00,station2,throughput_out_bps,401257.309090909
2026-07-21T04:12:15+00:00,station2,throughput_out_bps,624757.3818181817
2026-07-21T04:12:30+00:00,station2,throughput_out_bps,495845.19999999995
2026-07-21T04:12:45+00:00,station2,throughput_out_bps,445550.16363636364
2026-07-21T04:13:00+00:00,station2,throughput_out_bps,333818.70909090905
2026-07-21T04:13:15+00:00,station2,throughput_out_bps,445629.94545454544
2026-07-21T04:13:30+00:00,station2,throughput_out_bps,509048.63636363635
2026-07-21T04:13:45+00:00,station2,throughput_out_bps,611261.2181818181
2026-07-21T04:14:00+00:00,station2,throughput_out_bps,387707.5636363636
2026-07-21T04:14:15+00:00,station2,throughput_out_bps,445222.94545454544
2026-07-21T04:14:30+00:00,station2,throughput_out_bps,333490.0545454545
2026-07-21T04:14:45+00:00,station2,throughput_out_bps,504856.10909090907
2026-07-21T04:15:00+00:00,station2,throughput_out_bps,559004.2727272727
2026-07-21T04:15:15+00:00,station2,throughput_out_bps,503377.39999999997
2026-07-21T04:15:30+00:00,station2,throughput_out_bps,346985.8545454545
2026-07-21T04:15:45+00:00,station2,throughput_out_bps,458754.54545454547
2026-07-21T04:16:00+00:00,station2,throughput_out_bps,402365.70909090905
2026-07-21T04:16:15+00:00,station2,throughput_out_bps,625980.9818181818
2026-07-21T04:16:30+00:00,station2,throughput_out_bps,494002.0181818182
2026-07-21T04:16:45+00:00,station2,throughput_out_bps,549916.7272727272
2026-07-21T04:17:00+00:00,station2,throughput_out_bps,433874.94545454544
2026-07-21T04:17:15+00:00,station2,throughput_out_bps,536506.5272727272
2026-07-21T04:17:30+00:00,station2,throughput_out_bps,536243.9636363636
2026-07-21T04:17:45+00:00,station2,throughput_out_bps,478631.8363636363
2026-07-21T04:18:00+00:00,station2,throughput_out_bps,335657.90909090906
2026-07-21T04:18:15+00:00,station2,throughput_out_bps,451141.8909090909
2026-07-21T04:18:30+00:00,station2,throughput_out_bps,406630.6
2026-07-21T04:18:45+00:00,station2,throughput_out_bps,629789.4363636363
2026-07-21T04:19:00+00:00,station2,throughput_out_bps,489151.41818181815
2026-07-21T04:19:15+00:00,station2,throughput_out_bps,555415.0181818182
2026-07-21T04:19:30+00:00,station2,throughput_out_bps,442743.39999999997
2026-07-21T04:19:45+00:00,station2,throughput_out_bps,553131.6545454545
2026-07-21T04:20:00+00:00,station2,throughput_out_bps,554816.4727272727
2026-07-21T04:20:15+00:00,station2,throughput_out_bps,553030.0181818182
2026-07-21T04:20:30+00:00,station2,throughput_out_bps,443042.309090909
2026-07-21T04:20:45+00:00,station2,throughput_out_bps,556307.7454545455
2026-07-21T04:21:00+00:00,station2,throughput_out_bps,512143.54545454547
2026-07-21T04:21:15+00:00,station2,throughput_out_bps,610169.4727272727
2026-07-21T04:21:30+00:00,station2,throughput_out_bps,458095.10909090907
2026-07-21T04:21:45+00:00,station2,throughput_out_bps,569936.3454545455
2026-07-21T04:22:00+00:00,station2,throughput_out_bps,457337.0181818182
2026-07-21T04:22:15+00:00,station2,throughput_out_bps,631232.9272727272
2026-07-21T04:22:30+00:00,station2,throughput_out_bps,488363.309090909
2026-07-21T04:22:45+00:00,station2,throughput_out_bps,557277.3272727273
2026-07-21T04:23:00+00:00,station2,throughput_out_bps,445526.9636363636
2026-07-21T04:23:15+00:00,station2,throughput_out_bps,557635.9636363636
2026-07-21T04:23:30+00:00,station2,throughput_out_bps,557207.7272727272
2026-07-21T04:23:45+00:00,station2,throughput_out_bps,552894.509090909
2026-07-21T04:24:00+00:00,station2,throughput_out_bps,441189.9272727272
2026-07-21T04:24:15+00:00,station2,throughput_out_bps,553181.8363636363
2026-07-21T04:24:30+00:00,station2,throughput_out_bps,512819.39999999997
2026-07-21T04:24:45+00:00,station2,throughput_out_bps,599613.0727272726
2026-07-21T04:25:00+00:00,station2,throughput_out_bps,376029.4727272727
2026-07-21T04:25:15+00:00,station2,throughput_out_bps,448557.69090909086
2026-07-21T04:25:30+00:00,station2,throughput_out_bps,336685.67272727273
2026-07-21T04:25:45+00:00,station2,throughput_out_bps,520501.98181818175
2026-07-21T04:26:00+00:00,station2,throughput_out_bps,559485.4363636363
2026-07-21T04:26:15+00:00,station2,throughput_out_bps,488796.6545454545
2026-07-21T04:26:30+00:00,station2,throughput_out_bps,334670.50909090904
2026-07-21T04:26:45+00:00,station2,throughput_out_bps,446825.9636363636
2026-07-21T04:27:00+00:00,station2,throughput_out_bps,405889.9636363636
2026-07-21T04:27:15+00:00,station2,throughput_out_bps,629511.8
2026-07-21T04:27:30+00:00,station2,throughput_out_bps,491627.309090909
2026-07-21T04:27:45+00:00,station2,throughput_out_bps,556887.3636363636
2026-07-21T04:28:00+00:00,station2,throughput_out_bps,444905.0545454545
2026-07-21T04:28:15+00:00,station2,throughput_out_bps,557017.2
2026-07-21T04:28:30+00:00,station2,throughput_out_bps,559896.8909090909
2026-07-21T04:28:45+00:00,station2,throughput_out_bps,496090.41818181815
2026-07-21T04:29:00+00:00,station2,throughput_out_bps,333692.14545454545
2026-07-21T04:29:15+00:00,station2,throughput_out_bps,443714.6545454545
2026-07-21T04:29:30+00:00,station2,throughput_out_bps,395050.4909090909
2026-07-21T04:29:45+00:00,station2,throughput_out_bps,616537.6545454545
2026-07-21T04:30:00+00:00,station2,throughput_out_bps,494842.94545454544
2026-07-21T04:30:15+00:00,station2,throughput_out_bps,547378.2727272727
2026-07-21T04:30:30+00:00,station2,throughput_out_bps,432049.14545454545
2026-07-21T04:30:45+00:00,station2,throughput_out_bps,535481.7272727272
2026-07-21T04:31:00+00:00,station2,throughput_out_bps,535412.4181818182
2026-07-21T04:31:15+00:00,station2,throughput_out_bps,532707.0727272726
2026-07-21T04:31:30+00:00,station2,throughput_out_bps,430900.87272727274
2026-07-21T04:31:45+00:00,station2,throughput_out_bps,547351.0909090909
2026-07-21T04:32:00+00:00,station2,throughput_out_bps,499306.47272727266
2026-07-21T04:32:15+00:00,station2,throughput_out_bps,620938.0
2026-07-21T04:32:30+00:00,station2,throughput_out_bps,444480.43636363634
2026-07-21T04:32:45+00:00,station2,throughput_out_bps,556817.7636363636
2026-07-21T04:33:00+00:00,station2,throughput_out_bps,445177.4545454545
2026-07-21T04:33:15+00:00,station2,throughput_out_bps,608136.5818181818
2026-07-21T04:33:30+00:00,station2,throughput_out_bps,514851.23636363633
2026-07-21T04:33:45+00:00,station2,throughput_out_bps,446089.43636363634
2026-07-21T04:34:00+00:00,station2,throughput_out_bps,333989.8363636363
2026-07-21T04:34:15+00:00,station2,throughput_out_bps,445815.18181818177
2026-07-21T04:34:30+00:00,station2,throughput_out_bps,491307.39999999997
2026-07-21T04:34:45+00:00,station2,throughput_out_bps,630474.0727272726
2026-07-21T04:35:00+00:00,station2,throughput_out_bps,445544.8181818182
2026-07-21T04:35:15+00:00,station2,throughput_out_bps,557344.5272727272
2026-07-21T04:35:30+00:00,station2,throughput_out_bps,445642.7636363636
2026-07-21T04:35:45+00:00,station2,throughput_out_bps,599045.5454545454
2026-07-21T04:36:00+00:00,station2,throughput_out_bps,521790.5636363636
2026-07-21T04:36:15+00:00,station2,throughput_out_bps,570407.3818181817
2026-07-21T04:36:30+00:00,station2,throughput_out_bps,458578.4545454545
2026-07-21T04:36:45+00:00,station2,throughput_out_bps,570813.909090909
2026-07-21T04:37:00+00:00,station2,throughput_out_bps,560548.109090909
2026-07-21T04:37:15+00:00,station2,throughput_out_bps,557133.9636363636
2026-07-21T04:37:30+00:00,station2,throughput_out_bps,443460.8545454545
2026-07-21T04:37:45+00:00,station2,throughput_out_bps,553754.0727272726
2026-07-21T04:38:00+00:00,station2,throughput_out_bps,487547.5272727272
2026-07-21T04:38:15+00:00,station2,throughput_out_bps,623553.7818181817
2026-07-21T04:38:30+00:00,station2,throughput_out_bps,441607.4545454545
2026-07-21T04:38:45+00:00,station2,throughput_out_bps,554025.9272727272
2026-07-21T04:39:00+00:00,station2,throughput_out_bps,443720.18181818177
2026-07-21T04:39:15+00:00,station2,throughput_out_bps,598599.4
2026-07-21T04:39:30+00:00,station2,throughput_out_bps,518203.309090909
2026-07-21T04:39:45+00:00,station2,throughput_out_bps,442979.41818181815
2026-07-21T04:40:00+00:00,station2,throughput_out_bps,331662.4
2026-07-21T04:40:15+00:00,station2,throughput_out_bps,443868.3272727272
2026-07-21T04:40:30+00:00,station2,throughput_out_bps,484249.8545454545
2026-07-21T04:40:45+00:00,station2,throughput_out_bps,636873.6363636364
2026-07-21T04:41:00+00:00,station2,throughput_out_bps,441002.8363636363
2026-07-21T04:41:15+00:00,station2,throughput_out_bps,505680.10909090907
2026-07-21T04:41:30+00:00,station2,throughput_out_bps,369997.3636363636
2026-07-21T04:41:45+00:00,station2,throughput_out_bps,469733.34545454546
2026-07-21T04:42:00+00:00,station2,throughput_out_bps,418280.21818181814
2026-07-21T04:42:15+00:00,station2,throughput_out_bps,466426.0727272727
2026-07-21T04:42:30+00:00,station2,throughput_out_bps,401067.0181818182
2026-07-21T04:42:45+00:00,station2,throughput_out_bps,534831.9454545454
2026-07-21T04:43:00+00:00,station2,throughput_out_bps,555780.9818181818
2026-07-21T04:43:15+00:00,station2,throughput_out_bps,553427.7818181817
2026-07-21T04:43:30+00:00,station2,throughput_out_bps,443230.5272727272
2026-07-21T04:43:45+00:00,station2,throughput_out_bps,555755.5818181818
2026-07-21T04:44:00+00:00,station2,throughput_out_bps,468663.8909090909
2026-07-21T04:44:15+00:00,station2,throughput_out_bps,650604.3454545455
2026-07-21T04:44:30+00:00,station2,throughput_out_bps,445013.14545454545
2026-07-21T04:44:45+00:00,station2,throughput_out_bps,557910.0363636364
2026-07-21T04:45:00+00:00,station2,throughput_out_bps,446511.34545454546
2026-07-21T04:45:15+00:00,station2,throughput_out_bps,578831.0181818181
2026-07-21T04:45:30+00:00,station2,throughput_out_bps,543612.1454545454
2026-07-21T04:45:45+00:00,station2,throughput_out_bps,446265.8545454545
2026-07-21T04:46:00+00:00,station2,throughput_out_bps,334257.12727272726
2026-07-21T04:46:15+00:00,station2,throughput_out_bps,445820.98181818175
2026-07-21T04:46:30+00:00,station2,throughput_out_bps,462273.63636363635
2026-07-21T04:46:45+00:00,station2,throughput_out_bps,658226.4909090908
2026-07-21T04:47:00+00:00,station2,throughput_out_bps,434862.7636363636
2026-07-21T04:47:15+00:00,station2,throughput_out_bps,440138.41818181815
2026-07-21T04:47:30+00:00,station2,throughput_out_bps,323178.3636363636
2026-07-21T04:47:45+00:00,station2,throughput_out_bps,437477.0727272727
2026-07-21T04:48:00+00:00,station2,throughput_out_bps,533451.4909090908
2026-07-21T04:48:15+00:00,station2,throughput_out_bps,531636.8363636363
2026-07-21T04:48:30+00:00,station2,throughput_out_bps,430637.1272727272
2026-07-21T04:48:45+00:00,station2,throughput_out_bps,548267.3090909091
2026-07-21T04:49:00+00:00,station2,throughput_out_bps,455065.7454545454
2026-07-21T04:49:15+00:00,station2,throughput_out_bps,667139.8545454546
2026-07-21T04:49:30+00:00,station2,throughput_out_bps,444542.309090909
2026-07-21T04:49:45+00:00,station2,throughput_out_bps,547230.0909090909
2026-07-21T04:50:00+00:00,station2,throughput_out_bps,430840.63636363635
2026-07-21T04:50:15+00:00,station2,throughput_out_bps,539298.5454545454
2026-07-21T04:50:30+00:00,station2,throughput_out_bps,535731.0181818182
2026-07-21T04:50:45+00:00,station2,throughput_out_bps,539704.4181818182
2026-07-21T04:51:00+00:00,station2,throughput_out_bps,437040.4545454545
2026-07-21T04:51:15+00:00,station2,throughput_out_bps,552549.1454545454
2026-07-21T04:51:30+00:00,station2,throughput_out_bps,558275.9090909091
2026-07-21T04:51:45+00:00,station2,throughput_out_bps,561582.6545454545
2026-07-21T04:52:00+00:00,station2,throughput_out_bps,338441.18181818177
2026-07-21T04:52:15+00:00,station2,throughput_out_bps,437143.8181818182
2026-07-21T04:52:30+00:00,station2,throughput_out_bps,320828.50909090904
2026-07-21T04:52:45+00:00,station2,throughput_out_bps,533862.9636363636
2026-07-21T04:53:00+00:00,station2,throughput_out_bps,538652.2727272727
2026-07-21T04:53:15+00:00,station2,throughput_out_bps,539060.7272727272
2026-07-21T04:53:30+00:00,station2,throughput_out_bps,435566.9272727272
2026-07-21T04:53:45+00:00,station2,throughput_out_bps,551898.1272727272
2026-07-21T04:54:00+00:00,station2,throughput_out_bps,549396.2
2026-07-21T04:54:15+00:00,station2,throughput_out_bps,570222.8909090909
2026-07-21T04:54:30+00:00,station2,throughput_out_bps,456838.79999999993
2026-07-21T04:54:45+00:00,station2,throughput_out_bps,567153.2181818181
2026-07-21T04:55:00+00:00,station2,throughput_out_bps,454806.19999999995
2026-07-21T04:55:15+00:00,station2,throughput_out_bps,665879.7818181817
2026-07-21T04:55:30+00:00,station2,throughput_out_bps,454539.3636363636
2026-07-21T04:55:45+00:00,station2,throughput_out_bps,556874.3999999999
2026-07-21T04:56:00+00:00,station2,throughput_out_bps,442459.5999999999
2026-07-21T04:56:15+00:00,station2,throughput_out_bps,545774.2
2026-07-21T04:56:30+00:00,station2,throughput_out_bps,529206.5454545454
2026-07-21T04:56:45+00:00,station2,throughput_out_bps,538543.3818181817
2026-07-21T04:57:00+00:00,station2,throughput_out_bps,435578.16363636364
2026-07-21T04:57:15+00:00,station2,throughput_out_bps,551742.4545454545
2026-07-21T04:57:30+00:00,station2,throughput_out_bps,558975.2181818181
2026-07-21T04:57:45+00:00,station2,throughput_out_bps,556225.9454545454
2026-07-21T04:58:00+00:00,station2,throughput_out_bps,444908.67272727273
2026-07-21T04:58:15+00:00,station2,throughput_out_bps,556576.6909090909
2026-07-21T04:58:30+00:00,station2,throughput_out_bps,448142.0909090909
2026-07-21T04:58:45+00:00,station2,throughput_out_bps,671372.7454545455
2026-07-21T04:59:00+00:00,station2,throughput_out_bps,448421.2727272727
2026-07-21T04:59:15+00:00,station2,throughput_out_bps,457751.94545454544
2026-07-21T04:59:30+00:00,station2,throughput_out_bps,344981.9272727272
2026-07-21T04:59:45+00:00,station2,throughput_out_bps,457244.79999999993
2026-07-21T05:00:00+00:00,station2,throughput_out_bps,558591.9636363636
2026-07-21T05:00:15+00:00,station2,throughput_out_bps,556329.509090909
2026-07-21T05:00:30+00:00,station2,throughput_out_bps,445120.9272727272
2026-07-21T05:00:45+00:00,station2,throughput_out_bps,556910.3636363636
2026-07-21T05:01:00+00:00,station2,throughput_out_bps,452635.39999999997
2026-07-21T05:01:15+00:00,station2,throughput_out_bps,666861.0727272726
2026-07-21T05:01:30+00:00,station2,throughput_out_bps,443512.21818181814
2026-07-21T05:01:45+00:00,station2,throughput_out_bps,547206.0909090909
2026-07-21T05:02:00+00:00,station2,throughput_out_bps,431067.6545454545
2026-07-21T05:02:15+00:00,station2,throughput_out_bps,537310.0909090909
2026-07-21T05:02:30+00:00,station2,throughput_out_bps,534896.0181818182
2026-07-21T05:02:45+00:00,station2,throughput_out_bps,537539.3999999999
2026-07-21T05:03:00+00:00,station2,throughput_out_bps,435173.23636363633
2026-07-21T05:03:15+00:00,station2,throughput_out_bps,552240.9454545454
2026-07-21T05:03:30+00:00,station2,throughput_out_bps,557611.1818181818
2026-07-21T05:03:45+00:00,station2,throughput_out_bps,563837.7272727272
2026-07-21T05:04:00+00:00,station2,throughput_out_bps,340327.50909090904
2026-07-21T05:04:15+00:00,station2,throughput_out_bps,444950.69090909086
2026-07-21T05:04:30+00:00,station2,throughput_out_bps,332674.6
2026-07-21T05:04:45+00:00,station2,throughput_out_bps,552684.4727272727
2026-07-21T05:05:00+00:00,station2,throughput_out_bps,559112.7454545455
2026-07-21T05:05:15+00:00,station2,throughput_out_bps,456141.6545454545
2026-07-21T05:05:30+00:00,station2,throughput_out_bps,328899.2
2026-07-21T05:05:45+00:00,station2,throughput_out_bps,431851.5999999999
2026-07-21T05:06:00+00:00,station2,throughput_out_bps,418489.69090909086
2026-07-21T05:06:15+00:00,station2,throughput_out_bps,632500.618181818
2026-07-21T05:06:30+00:00,station2,throughput_out_bps,440596.79999999993
2026-07-21T05:06:45+00:00,station2,throughput_out_bps,429368.3636363636
2026-07-21T05:07:00+00:00,station2,throughput_out_bps,326859.2909090909
2026-07-21T05:07:15+00:00,station2,throughput_out_bps,441197.98181818175
2026-07-21T05:07:30+00:00,station2,throughput_out_bps,539919.9090909091
2026-07-21T05:07:45+00:00,station2,throughput_out_bps,571947.2363636363
2026-07-21T05:08:00+00:00,station2,throughput_out_bps,443056.5818181818
2026-07-21T05:08:15+00:00,station2,throughput_out_bps,555524.4727272727
2026-07-21T05:08:30+00:00,station2,throughput_out_bps,445123.63636363635
2026-07-21T05:08:45+00:00,station2,throughput_out_bps,651861.8
2026-07-21T05:09:00+00:00,station2,throughput_out_bps,467641.8363636363
2026-07-21T05:09:15+00:00,station2,throughput_out_bps,445544.69090909086
2026-07-21T05:09:30+00:00,station2,throughput_out_bps,334052.8
2026-07-21T05:09:45+00:00,station2,throughput_out_bps,446074.72727272724
2026-07-21T05:10:00+00:00,station2,throughput_out_bps,536989.509090909
2026-07-21T05:10:15+00:00,station2,throughput_out_bps,583465.8727272727
2026-07-21T05:10:30+00:00,station2,throughput_out_bps,359977.9272727272
2026-07-21T05:10:45+00:00,station2,throughput_out_bps,446071.21818181814
2026-07-21T05:11:00+00:00,station2,throughput_out_bps,334671.3818181818
2026-07-21T05:11:15+00:00,station2,throughput_out_bps,534576.6545454545
2026-07-21T05:11:30+00:00,station2,throughput_out_bps,559752.0545454546
2026-07-21T05:11:45+00:00,station2,throughput_out_bps,557849.2545454545
2026-07-21T05:12:00+00:00,station2,throughput_out_bps,445223.9272727272
2026-07-21T05:12:15+00:00,station2,throughput_out_bps,557134.7999999999
2026-07-21T05:12:30+00:00,station2,throughput_out_bps,530061.7272727272
2026-07-21T05:12:45+00:00,station2,throughput_out_bps,589659.0545454546
2026-07-21T05:13:00+00:00,station2,throughput_out_bps,366417.0909090909
2026-07-21T05:13:15+00:00,station2,throughput_out_bps,449262.8909090909
2026-07-21T05:13:30+00:00,station2,throughput_out_bps,332483.70909090905
2026-07-21T05:13:45+00:00,station2,throughput_out_bps,515192.6727272727
2026-07-21T05:14:00+00:00,station2,throughput_out_bps,534087.6363636364
2026-07-21T05:14:15+00:00,station2,throughput_out_bps,545328.509090909
2026-07-21T05:14:30+00:00,station2,throughput_out_bps,442711.5272727272
2026-07-21T05:14:45+00:00,station2,throughput_out_bps,557862.6727272726
2026-07-21T05:15:00+00:00,station2,throughput_out_bps,541148.3818181817
2026-07-21T05:15:15+00:00,station2,throughput_out_bps,570015.0727272726
2026-07-21T05:15:30+00:00,station2,throughput_out_bps,443216.5272727272
2026-07-21T05:15:45+00:00,station2,throughput_out_bps,556108.5818181818
2026-07-21T05:16:00+00:00,station2,throughput_out_bps,445869.4909090909
2026-07-21T05:16:15+00:00,station2,throughput_out_bps,654485.1454545454
2026-07-21T05:16:30+00:00,station2,throughput_out_bps,466198.16363636364
2026-07-21T05:16:45+00:00,station2,throughput_out_bps,536107.7999999999
2026-07-21T05:17:00+00:00,station2,throughput_out_bps,399191.9272727272
2026-07-21T05:17:15+00:00,station2,throughput_out_bps,461404.5272727272
2026-07-21T05:17:30+00:00,station2,throughput_out_bps,442366.41818181815
2026-07-21T05:17:45+00:00,station2,throughput_out_bps,452977.70909090905
2026-07-21T05:18:00+00:00,station2,throughput_out_bps,391122.8363636363
2026-07-21T05:18:15+00:00,station2,throughput_out_bps,527521.2909090909
2026-07-21T05:18:30+00:00,station2,throughput_out_bps,534795.9454545454
2026-07-21T05:18:45+00:00,station2,throughput_out_bps,584946.5272727272
2026-07-21T05:19:00+00:00,station2,throughput_out_bps,445149.18181818177
2026-07-21T05:19:15+00:00,station2,throughput_out_bps,557049.4545454545
2026-07-21T05:19:30+00:00,station2,throughput_out_bps,444952.19999999995
2026-07-21T05:19:45+00:00,station2,throughput_out_bps,643083.7818181817
2026-07-21T05:20:00+00:00,station2,throughput_out_bps,476739.39999999997
2026-07-21T05:20:15+00:00,station2,throughput_out_bps,446245.70909090905
2026-07-21T05:20:30+00:00,station2,throughput_out_bps,334721.2545454545
2026-07-21T05:20:45+00:00,station2,throughput_out_bps,446758.18181818177
2026-07-21T05:21:00+00:00,station2,throughput_out_bps,528766.4181818182
2026-07-21T05:21:15+00:00,station2,throughput_out_bps,592058.7454545455
2026-07-21T05:21:30+00:00,station2,throughput_out_bps,445049.4909090909
2026-07-21T05:21:45+00:00,station2,throughput_out_bps,554791.6727272726
2026-07-21T05:22:00+00:00,station2,throughput_out_bps,442385.0181818182
2026-07-21T05:22:15+00:00,station2,throughput_out_bps,631540.6
2026-07-21T05:22:30+00:00,station2,throughput_out_bps,479316.99999999994
2026-07-21T05:22:45+00:00,station2,throughput_out_bps,547047.7636363636
2026-07-21T05:23:00+00:00,station2,throughput_out_bps,432657.8545454545
2026-07-21T05:23:15+00:00,station2,throughput_out_bps,535606.8727272727
2026-07-21T05:23:30+00:00,station2,throughput_out_bps,535864.1272727272
2026-07-21T05:23:45+00:00,station2,throughput_out_bps,466559.79999999993
2026-07-21T05:24:00+00:00,station2,throughput_out_bps,322203.21818181814
2026-07-21T05:24:15+00:00,station2,throughput_out_bps,439246.8363636363
2026-07-21T05:24:30+00:00,station2,throughput_out_bps,406325.2545454545
2026-07-21T05:24:45+00:00,station2,throughput_out_bps,629464.618181818
2026-07-21T05:25:00+00:00,station2,throughput_out_bps,490329.99999999994
2026-07-21T05:25:15+00:00,station2,throughput_out_bps,549677.5272727272
2026-07-21T05:25:30+00:00,station2,throughput_out_bps,433081.5818181818
2026-07-21T05:25:45+00:00,station2,throughput_out_bps,535334.6727272726
2026-07-21T05:26:00+00:00,station2,throughput_out_bps,536202.8181818181
2026-07-21T05:26:15+00:00,station2,throughput_out_bps,536252.9090909091
2026-07-21T05:26:30+00:00,station2,throughput_out_bps,434123.309090909
2026-07-21T05:26:45+00:00,station2,throughput_out_bps,550744.1454545454
2026-07-21T05:27:00+00:00,station2,throughput_out_bps,509402.94545454544
2026-07-21T05:27:15+00:00,station2,throughput_out_bps,610337.0909090909
2026-07-21T05:27:30+00:00,station2,throughput_out_bps,387069.7454545454
2026-07-21T05:27:45+00:00,station2,throughput_out_bps,439177.3272727272
2026-07-21T05:28:00+00:00,station2,throughput_out_bps,322553.0363636363
2026-07-21T05:28:15+00:00,station2,throughput_out_bps,486329.8363636363
2026-07-21T05:28:30+00:00,station2,throughput_out_bps,537078.9272727272
2026-07-21T05:28:45+00:00,station2,throughput_out_bps,482425.14545454545
2026-07-21T05:29:00+00:00,station2,throughput_out_bps,323502.2727272727
2026-07-21T05:29:15+00:00,station2,throughput_out_bps,438879.0727272727
2026-07-21T05:29:30+00:00,station2,throughput_out_bps,390109.0545454545
2026-07-21T05:29:45+00:00,station2,throughput_out_bps,612851.8545454546
2026-07-21T05:30:00+00:00,station2,throughput_out_bps,504125.9272727272
2026-07-21T05:30:15+00:00,station2,throughput_out_bps,456735.4909090909
2026-07-21T05:30:30+00:00,station2,throughput_out_bps,345479.4909090909
2026-07-21T05:30:45+00:00,station2,throughput_out_bps,457757.4727272727
2026-07-21T05:31:00+00:00,station2,throughput_out_bps,511573.23636363633
2026-07-21T05:31:15+00:00,station2,throughput_out_bps,608327.3272727273
2026-07-21T05:31:30+00:00,station2,throughput_out_bps,385177.63636363635
2026-07-21T05:31:45+00:00,station2,throughput_out_bps,449385.63636363635
2026-07-21T05:32:00+00:00,station2,throughput_out_bps,332737.309090909
2026-07-21T05:32:15+00:00,station2,throughput_out_bps,497718.4545454545
2026-07-21T05:32:30+00:00,station2,throughput_out_bps,534793.5454545454
2026-07-21T05:32:45+00:00,station2,throughput_out_bps,467606.7636363636
2026-07-21T05:33:00+00:00,station2,throughput_out_bps,347590.4
2026-07-21T05:33:15+00:00,station2,throughput_out_bps,464889.3818181818
2026-07-21T05:33:30+00:00,station2,throughput_out_bps,431077.8909090909
2026-07-21T05:33:45+00:00,station2,throughput_out_bps,654400.6545454545
2026-07-21T05:34:00+00:00,station2,throughput_out_bps,467191.99999999994
2026-07-21T05:34:15+00:00,station2,throughput_out_bps,558195.9272727272
2026-07-21T05:34:30+00:00,station2,throughput_out_bps,445799.0727272727
2026-07-21T05:34:45+00:00,station2,throughput_out_bps,557675.8181818181
2026-07-21T05:35:00+00:00,station2,throughput_out_bps,559132.9818181818
2026-07-21T05:35:15+00:00,station2,throughput_out_bps,568878.1272727272
2026-07-21T05:35:30+00:00,station2,throughput_out_bps,457302.4727272727
2026-07-21T05:35:45+00:00,station2,throughput_out_bps,568837.4
2026-07-21T05:36:00+00:00,station2,throughput_out_bps,546374.9636363636
2026-07-21T05:36:15+00:00,station2,throughput_out_bps,572804.0181818181
2026-07-21T05:36:30+00:00,station2,throughput_out_bps,444561.41818181815
2026-07-21T05:36:45+00:00,station2,throughput_out_bps,386633.0909090909
2026-07-21T05:37:00+00:00,station2,throughput_out_bps,180646.4
2026-07-21T05:37:15+00:00,station2,throughput_out_bps,201758.9090909091
2026-07-21T05:37:30+00:00,station2,throughput_out_bps,72985.36363636362
2026-07-21T05:37:45+00:00,station2,throughput_out_bps,257160.7636363636
2026-07-21T05:38:00+00:00,station2,throughput_out_bps,332915.7454545454
2026-07-21T05:38:15+00:00,station2,throughput_out_bps,537397.7999999999
2026-07-21T05:38:30+00:00,station2,throughput_out_bps,554834.8727272727
2026-07-21T05:38:45+00:00,station2,throughput_out_bps,553461.0545454544
2026-07-21T05:39:00+00:00,station2,throughput_out_bps,442742.2545454545
2026-07-21T05:39:15+00:00,station2,throughput_out_bps,553942.7090909091
2026-07-21T05:39:30+00:00,station2,throughput_out_bps,531970.0545454544
2026-07-21T05:39:45+00:00,station2,throughput_out_bps,580700.8
2026-07-21T05:40:00+00:00,station2,throughput_out_bps,443030.9272727272
2026-07-21T05:40:15+00:00,station2,throughput_out_bps,555828.3272727273
2026-07-21T05:40:30+00:00,station2,throughput_out_bps,445899.0727272727
2026-07-21T05:40:45+00:00,station2,throughput_out_bps,644536.7454545455
2026-07-21T05:41:00+00:00,station2,throughput_out_bps,477501.3636363636
2026-07-21T05:41:15+00:00,station2,throughput_out_bps,446037.18181818177
2026-07-21T05:41:30+00:00,station2,throughput_out_bps,333812.7272727273
2026-07-21T05:41:45+00:00,station2,throughput_out_bps,445426.7454545454
2026-07-21T05:42:00+00:00,station2,throughput_out_bps,527415.5818181818
2026-07-21T05:42:15+00:00,station2,throughput_out_bps,591884.7454545455
2026-07-21T05:42:30+00:00,station2,throughput_out_bps,444555.5272727272
2026-07-21T05:42:45+00:00,station2,throughput_out_bps,554863.2181818181
2026-07-21T05:43:00+00:00,station2,throughput_out_bps,441974.16363636364
2026-07-21T05:43:15+00:00,station2,throughput_out_bps,631406.3272727273
2026-07-21T05:43:30+00:00,station2,throughput_out_bps,480177.7454545454
2026-07-21T05:43:45+00:00,station2,throughput_out_bps,554058.0545454544
2026-07-21T05:44:00+00:00,station2,throughput_out_bps,444183.5636363636
2026-07-21T05:44:15+00:00,station2,throughput_out_bps,556989.0909090909
2026-07-21T05:44:30+00:00,station2,throughput_out_bps,559206.509090909
2026-07-21T05:44:45+00:00,station2,throughput_out_bps,557115.9090909091
2026-07-21T05:45:00+00:00,station2,throughput_out_bps,445106.5272727272
2026-07-21T05:45:15+00:00,station2,throughput_out_bps,556859.0545454544
2026-07-21T05:45:30+00:00,station2,throughput_out_bps,517365.6727272727
2026-07-21T05:45:45+00:00,station2,throughput_out_bps,602778.8363636363
2026-07-21T05:46:00+00:00,station2,throughput_out_bps,444721.61818181816
2026-07-21T05:46:15+00:00,station2,throughput_out_bps,556513.2363636363
2026-07-21T05:46:30+00:00,station2,throughput_out_bps,444510.14545454545
2026-07-21T05:46:45+00:00,station2,throughput_out_bps,624556.0181818181
2026-07-21T05:47:00+00:00,station2,throughput_out_bps,494738.72727272724
2026-07-21T05:47:15+00:00,station2,throughput_out_bps,445136.8181818182
2026-07-21T05:47:30+00:00,station2,throughput_out_bps,333616.14545454545
2026-07-21T05:47:45+00:00,station2,throughput_out_bps,445949.309090909
2026-07-21T05:48:00+00:00,station2,throughput_out_bps,510199.07272727264
2026-07-21T05:48:15+00:00,station2,throughput_out_bps,611788.0909090909
2026-07-21T05:48:30+00:00,station2,throughput_out_bps,457886.16363636364
2026-07-21T05:48:45+00:00,station2,throughput_out_bps,569635.8363636363
2026-07-21T05:49:00+00:00,station2,throughput_out_bps,457233.2909090909
2026-07-21T05:49:15+00:00,station2,throughput_out_bps,629479.0727272726
2026-07-21T05:49:30+00:00,station2,throughput_out_bps,490841.0181818182
2026-07-21T05:49:45+00:00,station2,throughput_out_bps,457309.2909090909
2026-07-21T05:50:00+00:00,station2,throughput_out_bps,345364.16363636364
2026-07-21T05:50:15+00:00,station2,throughput_out_bps,457051.0363636363
2026-07-21T05:50:30+00:00,station2,throughput_out_bps,525070.8181818181
2026-07-21T05:50:45+00:00,station2,throughput_out_bps,593346.1454545454
2026-07-21T05:51:00+00:00,station2,throughput_out_bps,370473.8363636363
2026-07-21T05:51:15+00:00,station2,throughput_out_bps,456179.41818181815
2026-07-21T05:51:30+00:00,station2,throughput_out_bps,344017.54545454547
2026-07-21T05:51:45+00:00,station2,throughput_out_bps,531151.3636363636
2026-07-21T05:52:00+00:00,station2,throughput_out_bps,555263.2545454545
2026-07-21T05:52:15+00:00,station2,throughput_out_bps,553650.7272727272
2026-07-21T05:52:30+00:00,station2,throughput_out_bps,443373.7636363636
2026-07-21T05:52:45+00:00,station2,throughput_out_bps,555929.2545454545
2026-07-21T05:53:00+00:00,station2,throughput_out_bps,531021.4363636363
2026-07-21T05:53:15+00:00,station2,throughput_out_bps,588883.2545454545
2026-07-21T05:53:30+00:00,station2,throughput_out_bps,445933.0727272727
2026-07-21T05:53:45+00:00,station2,throughput_out_bps,557815.2545454545
2026-07-21T05:54:00+00:00,station2,throughput_out_bps,445606.18181818177
2026-07-21T05:54:15+00:00,station2,throughput_out_bps,639890.8181818181
2026-07-21T05:54:30+00:00,station2,throughput_out_bps,480590.10909090907
2026-07-21T04:06:30+00:00,station3,throughput_out_bps,1073.4363636363637
2026-07-21T04:06:45+00:00,station3,throughput_out_bps,1290.1636363636362
2026-07-21T04:07:00+00:00,station3,throughput_out_bps,1071.090909090909
2026-07-21T04:07:15+00:00,station3,throughput_out_bps,1291.2363636363634
2026-07-21T04:07:30+00:00,station3,throughput_out_bps,1078.7272727272727
2026-07-21T04:07:45+00:00,station3,throughput_out_bps,1287.9272727272726
2026-07-21T04:08:00+00:00,station3,throughput_out_bps,1068.9636363636362
2026-07-21T04:08:15+00:00,station3,throughput_out_bps,1287.090909090909
2026-07-21T04:08:30+00:00,station3,throughput_out_bps,1072.9999999999998
2026-07-21T04:08:45+00:00,station3,throughput_out_bps,1289.4727272727273
2026-07-21T04:09:00+00:00,station3,throughput_out_bps,1070.2363636363636
2026-07-21T04:09:15+00:00,station3,throughput_out_bps,1286.6363636363635
2026-07-21T04:09:30+00:00,station3,throughput_out_bps,1077.2363636363636
2026-07-21T04:09:45+00:00,station3,throughput_out_bps,1290.0363636363634
2026-07-21T04:10:00+00:00,station3,throughput_out_bps,1072.6
2026-07-21T04:10:15+00:00,station3,throughput_out_bps,1295.4
2026-07-21T04:10:30+00:00,station3,throughput_out_bps,1078.6545454545453
2026-07-21T04:10:45+00:00,station3,throughput_out_bps,1290.7636363636364
2026-07-21T04:11:00+00:00,station3,throughput_out_bps,1069.6727272727271
2026-07-21T04:11:15+00:00,station3,throughput_out_bps,1285.6363636363635
2026-07-21T04:11:30+00:00,station3,throughput_out_bps,1074.9090909090908
2026-07-21T04:11:45+00:00,station3,throughput_out_bps,1296.8181818181815
2026-07-21T04:12:00+00:00,station3,throughput_out_bps,1087.3999999999999
2026-07-21T04:12:15+00:00,station3,throughput_out_bps,1316.1636363636362
2026-07-21T04:12:30+00:00,station3,throughput_out_bps,1098.381818181818
2026-07-21T04:12:45+00:00,station3,throughput_out_bps,1307.3272727272727
2026-07-21T04:13:00+00:00,station3,throughput_out_bps,1070.4363636363637
2026-07-21T04:13:15+00:00,station3,throughput_out_bps,1293.7636363636364
2026-07-21T04:13:30+00:00,station3,throughput_out_bps,1077.6
2026-07-21T04:13:45+00:00,station3,throughput_out_bps,1294.3454545454545
2026-07-21T04:14:00+00:00,station3,throughput_out_bps,1074.290909090909
2026-07-21T04:14:15+00:00,station3,throughput_out_bps,1291.0727272727272
2026-07-21T04:14:30+00:00,station3,throughput_out_bps,1076.0181818181818
2026-07-21T04:14:45+00:00,station3,throughput_out_bps,1292.2545454545455
2026-07-21T04:15:00+00:00,station3,throughput_out_bps,1082.8545454545454
2026-07-21T04:15:15+00:00,station3,throughput_out_bps,1322.7636363636364
2026-07-21T04:15:30+00:00,station3,throughput_out_bps,1112.4545454545453
2026-07-21T04:15:45+00:00,station3,throughput_out_bps,1320.2
2026-07-21T04:16:00+00:00,station3,throughput_out_bps,1069.4363636363637
2026-07-21T04:16:15+00:00,station3,throughput_out_bps,1288.0181818181816
2026-07-21T04:16:30+00:00,station3,throughput_out_bps,1075.9818181818182
2026-07-21T04:16:45+00:00,station3,throughput_out_bps,1291.7636363636364
2026-07-21T04:17:00+00:00,station3,throughput_out_bps,1069.9999999999998
2026-07-21T04:17:15+00:00,station3,throughput_out_bps,1293.5454545454545
2026-07-21T04:17:30+00:00,station3,throughput_out_bps,1072.381818181818
2026-07-21T04:17:45+00:00,station3,throughput_out_bps,1293.4363636363635
2026-07-21T04:18:00+00:00,station3,throughput_out_bps,1069.0727272727272
2026-07-21T04:18:15+00:00,station3,throughput_out_bps,1291.909090909091
2026-07-21T04:18:30+00:00,station3,throughput_out_bps,1072.5636363636363
2026-07-21T04:18:45+00:00,station3,throughput_out_bps,1288.4
2026-07-21T04:19:00+00:00,station3,throughput_out_bps,1067.9818181818182
2026-07-21T04:19:15+00:00,station3,throughput_out_bps,1290.3454545454545
2026-07-21T04:19:30+00:00,station3,throughput_out_bps,1074.3272727272727
2026-07-21T04:19:45+00:00,station3,throughput_out_bps,1291.3090909090909
2026-07-21T04:20:00+00:00,station3,throughput_out_bps,1070.4727272727273
2026-07-21T04:20:15+00:00,station3,throughput_out_bps,1297.7818181818182
2026-07-21T04:20:30+00:00,station3,throughput_out_bps,1080.2181818181818
2026-07-21T04:20:45+00:00,station3,throughput_out_bps,1302.1818181818182
2026-07-21T04:21:00+00:00,station3,throughput_out_bps,1080.3636363636363
2026-07-21T04:21:15+00:00,station3,throughput_out_bps,1299.2727272727273
2026-07-21T04:21:30+00:00,station3,throughput_out_bps,1080.7454545454543
2026-07-21T04:21:45+00:00,station3,throughput_out_bps,1293.5454545454545
2026-07-21T04:22:00+00:00,station3,throughput_out_bps,1075.4181818181817
2026-07-21T04:22:15+00:00,station3,throughput_out_bps,1290.709090909091
2026-07-21T04:22:30+00:00,station3,throughput_out_bps,1070.8
2026-07-21T04:22:45+00:00,station3,throughput_out_bps,1286.6
2026-07-21T04:23:00+00:00,station3,throughput_out_bps,1061.8363636363636
2026-07-21T04:23:15+00:00,station3,throughput_out_bps,1287.381818181818
2026-07-21T04:23:30+00:00,station3,throughput_out_bps,1073.3999999999999
2026-07-21T04:23:45+00:00,station3,throughput_out_bps,1293.0
2026-07-21T04:24:00+00:00,station3,throughput_out_bps,1069.5272727272727
2026-07-21T04:24:15+00:00,station3,throughput_out_bps,1290.2
2026-07-21T04:24:30+00:00,station3,throughput_out_bps,1073.5636363636363
2026-07-21T04:24:45+00:00,station3,throughput_out_bps,1286.4727272727273
2026-07-21T04:25:00+00:00,station3,throughput_out_bps,1063.1818181818182
2026-07-21T04:25:15+00:00,station3,throughput_out_bps,1287.7272727272725
2026-07-21T04:25:30+00:00,station3,throughput_out_bps,1076.2727272727273
2026-07-21T04:25:45+00:00,station3,throughput_out_bps,1291.0181818181816
2026-07-21T04:26:00+00:00,station3,throughput_out_bps,1062.581818181818
2026-07-21T04:26:15+00:00,station3,throughput_out_bps,1285.8727272727272
2026-07-21T04:26:30+00:00,station3,throughput_out_bps,1074.9818181818182
2026-07-21T04:26:45+00:00,station3,throughput_out_bps,1283.6727272727271
2026-07-21T04:27:00+00:00,station3,throughput_out_bps,1063.4727272727273
2026-07-21T04:27:15+00:00,station3,throughput_out_bps,1290.8363636363636
2026-07-21T04:27:30+00:00,station3,throughput_out_bps,1073.2181818181818
2026-07-21T04:27:45+00:00,station3,throughput_out_bps,1285.9454545454544
2026-07-21T04:28:00+00:00,station3,throughput_out_bps,1070.1636363636362
2026-07-21T04:28:15+00:00,station3,throughput_out_bps,1283.2545454545455
2026-07-21T04:28:30+00:00,station3,throughput_out_bps,1070.290909090909
2026-07-21T04:28:45+00:00,station3,throughput_out_bps,1287.7818181818182
2026-07-21T04:29:00+00:00,station3,throughput_out_bps,1063.2545454545455
2026-07-21T04:29:15+00:00,station3,throughput_out_bps,1287.6727272727271
2026-07-21T04:29:30+00:00,station3,throughput_out_bps,1074.7090909090907
2026-07-21T04:29:45+00:00,station3,throughput_out_bps,1290.9818181818182
2026-07-21T04:30:00+00:00,station3,throughput_out_bps,1069.1454545454544
2026-07-21T04:30:15+00:00,station3,throughput_out_bps,1289.7454545454543
2026-07-21T04:30:30+00:00,station3,throughput_out_bps,1071.7636363636364
2026-07-21T04:30:45+00:00,station3,throughput_out_bps,1285.8
2026-07-21T04:31:00+00:00,station3,throughput_out_bps,1064.6181818181817
2026-07-21T04:31:15+00:00,station3,throughput_out_bps,1289.5636363636363
2026-07-21T04:31:30+00:00,station3,throughput_out_bps,1076.1636363636362
2026-07-21T04:31:45+00:00,station3,throughput_out_bps,1292.109090909091
2026-07-21T04:32:00+00:00,station3,throughput_out_bps,1070.2181818181818
2026-07-21T04:32:15+00:00,station3,throughput_out_bps,1287.1818181818182
2026-07-21T04:32:30+00:00,station3,throughput_out_bps,1072.0363636363636
2026-07-21T04:32:45+00:00,station3,throughput_out_bps,1286.509090909091
2026-07-21T04:33:00+00:00,station3,throughput_out_bps,1064.090909090909
2026-07-21T04:33:15+00:00,station3,throughput_out_bps,1290.6909090909091
2026-07-21T04:33:30+00:00,station3,throughput_out_bps,1072.3636363636363
2026-07-21T04:33:45+00:00,station3,throughput_out_bps,1289.290909090909
2026-07-21T04:34:00+00:00,station3,throughput_out_bps,1074.8363636363636
2026-07-21T04:34:15+00:00,station3,throughput_out_bps,1288.8
2026-07-21T04:34:30+00:00,station3,throughput_out_bps,1080.4727272727273
2026-07-21T04:34:45+00:00,station3,throughput_out_bps,1291.2181818181816
2026-07-21T04:35:00+00:00,station3,throughput_out_bps,1067.3272727272727
2026-07-21T04:35:15+00:00,station3,throughput_out_bps,1292.7636363636364
2026-07-21T04:35:30+00:00,station3,throughput_out_bps,1076.9454545454544
2026-07-21T04:35:45+00:00,station3,throughput_out_bps,1290.2727272727273
2026-07-21T04:36:00+00:00,station3,throughput_out_bps,1069.7636363636364
2026-07-21T04:36:15+00:00,station3,throughput_out_bps,1290.6
2026-07-21T04:36:30+00:00,station3,throughput_out_bps,1075.2545454545455
2026-07-21T04:36:45+00:00,station3,throughput_out_bps,1292.381818181818
2026-07-21T04:37:00+00:00,station3,throughput_out_bps,1064.6
2026-07-21T04:37:15+00:00,station3,throughput_out_bps,1287.9636363636362
2026-07-21T04:37:30+00:00,station3,throughput_out_bps,1072.0363636363636
2026-07-21T04:37:45+00:00,station3,throughput_out_bps,1287.4
2026-07-21T04:38:00+00:00,station3,throughput_out_bps,1065.5272727272727
2026-07-21T04:38:15+00:00,station3,throughput_out_bps,1286.0727272727272
2026-07-21T04:38:30+00:00,station3,throughput_out_bps,1072.509090909091
2026-07-21T04:38:45+00:00,station3,throughput_out_bps,1284.090909090909
2026-07-21T04:39:00+00:00,station3,throughput_out_bps,1062.2727272727273
2026-07-21T04:39:15+00:00,station3,throughput_out_bps,1286.6727272727271
2026-07-21T04:39:30+00:00,station3,throughput_out_bps,1074.490909090909
2026-07-21T04:39:45+00:00,station3,throughput_out_bps,1292.8545454545454
2026-07-21T04:40:00+00:00,station3,throughput_out_bps,1071.6181818181817
2026-07-21T04:40:15+00:00,station3,throughput_out_bps,1291.6545454545453
2026-07-21T04:40:30+00:00,station3,throughput_out_bps,1072.1454545454544
2026-07-21T04:40:45+00:00,station3,throughput_out_bps,1283.490909090909
2026-07-21T04:41:00+00:00,station3,throughput_out_bps,1062.3090909090909
2026-07-21T04:41:15+00:00,station3,throughput_out_bps,1282.4727272727273
2026-07-21T04:41:30+00:00,station3,throughput_out_bps,1069.0181818181818
2026-07-21T04:41:45+00:00,station3,throughput_out_bps,1286.2181818181816
2026-07-21T04:42:00+00:00,station3,throughput_out_bps,1065.290909090909
2026-07-21T04:42:15+00:00,station3,throughput_out_bps,1289.4363636363635
2026-07-21T04:42:30+00:00,station3,throughput_out_bps,1073.1090909090908
2026-07-21T04:42:45+00:00,station3,throughput_out_bps,1289.1454545454544
2026-07-21T04:43:00+00:00,station3,throughput_out_bps,1065.4181818181817
2026-07-21T04:43:15+00:00,station3,throughput_out_bps,1289.109090909091
2026-07-21T04:43:30+00:00,station3,throughput_out_bps,1073.6545454545453
2026-07-21T04:43:45+00:00,station3,throughput_out_bps,1286.9636363636362
2026-07-21T04:44:00+00:00,station3,throughput_out_bps,1064.7454545454543
2026-07-21T04:44:15+00:00,station3,throughput_out_bps,1294.3454545454545
2026-07-21T04:44:30+00:00,station3,throughput_out_bps,1081.9818181818182
2026-07-21T04:44:45+00:00,station3,throughput_out_bps,1324.7454545454543
2026-07-21T04:45:00+00:00,station3,throughput_out_bps,1095.1636363636362
2026-07-21T04:45:15+00:00,station3,throughput_out_bps,1314.6727272727271
2026-07-21T04:45:30+00:00,station3,throughput_out_bps,1090.5636363636363
2026-07-21T04:45:45+00:00,station3,throughput_out_bps,1283.509090909091
2026-07-21T04:46:00+00:00,station3,throughput_out_bps,1063.8
2026-07-21T04:46:15+00:00,station3,throughput_out_bps,1289.5636363636363
2026-07-21T04:46:30+00:00,station3,throughput_out_bps,1101.1454545454544
2026-07-21T04:46:45+00:00,station3,throughput_out_bps,1319.1818181818182
2026-07-21T04:47:00+00:00,station3,throughput_out_bps,1097.109090909091
2026-07-21T04:47:15+00:00,station3,throughput_out_bps,1309.0181818181816
2026-07-21T04:47:30+00:00,station3,throughput_out_bps,1071.9454545454544
2026-07-21T04:47:45+00:00,station3,throughput_out_bps,1287.6
2026-07-21T04:48:00+00:00,station3,throughput_out_bps,1072.0181818181818
2026-07-21T04:48:15+00:00,station3,throughput_out_bps,1290.8727272727272
2026-07-21T04:48:30+00:00,station3,throughput_out_bps,1081.2727272727273
2026-07-21T04:48:45+00:00,station3,throughput_out_bps,1296.6727272727271
2026-07-21T04:49:00+00:00,station3,throughput_out_bps,1080.5272727272727
2026-07-21T04:49:15+00:00,station3,throughput_out_bps,1299.2181818181816
2026-07-21T04:49:30+00:00,station3,throughput_out_bps,1079.1272727272726
2026-07-21T04:49:45+00:00,station3,throughput_out_bps,1289.9818181818182
2026-07-21T04:50:00+00:00,station3,throughput_out_bps,1075.1090909090908
2026-07-21T04:50:15+00:00,station3,throughput_out_bps,1289.2181818181816
2026-07-21T04:50:30+00:00,station3,throughput_out_bps,1077.6363636363635
2026-07-21T04:50:45+00:00,station3,throughput_out_bps,1292.6727272727271
2026-07-21T04:51:00+00:00,station3,throughput_out_bps,1074.6181818181817
2026-07-21T04:51:15+00:00,station3,throughput_out_bps,1289.0181818181816
2026-07-21T04:51:30+00:00,station3,throughput_out_bps,1074.6181818181817
2026-07-21T04:51:45+00:00,station3,throughput_out_bps,1289.6727272727271
2026-07-21T04:52:00+00:00,station3,throughput_out_bps,1072.1454545454544
2026-07-21T04:52:15+00:00,station3,throughput_out_bps,1291.3636363636363
2026-07-21T04:52:30+00:00,station3,throughput_out_bps,1074.9999999999998
2026-07-21T04:52:45+00:00,station3,throughput_out_bps,1295.7818181818182
2026-07-21T04:53:00+00:00,station3,throughput_out_bps,1080.8545454545454
2026-07-21T04:53:15+00:00,station3,throughput_out_bps,1291.1454545454544
2026-07-21T04:53:30+00:00,station3,throughput_out_bps,1076.890909090909
2026-07-21T04:53:45+00:00,station3,throughput_out_bps,1288.909090909091
2026-07-21T04:54:00+00:00,station3,throughput_out_bps,1074.0181818181818
2026-07-21T04:54:15+00:00,station3,throughput_out_bps,1289.4181818181817
2026-07-21T04:54:30+00:00,station3,throughput_out_bps,1074.7090909090907
2026-07-21T04:54:45+00:00,station3,throughput_out_bps,1291.6909090909091
2026-07-21T04:55:00+00:00,station3,throughput_out_bps,1079.890909090909
2026-07-21T04:55:15+00:00,station3,throughput_out_bps,1296.9454545454544
2026-07-21T04:55:30+00:00,station3,throughput_out_bps,1077.8545454545454
2026-07-21T04:55:45+00:00,station3,throughput_out_bps,1294.1272727272726
2026-07-21T04:56:00+00:00,station3,throughput_out_bps,1074.581818181818
2026-07-21T04:56:15+00:00,station3,throughput_out_bps,1288.7636363636364
2026-07-21T04:56:30+00:00,station3,throughput_out_bps,1071.3272727272727
2026-07-21T04:56:45+00:00,station3,throughput_out_bps,1290.7818181818182
2026-07-21T04:57:00+00:00,station3,throughput_out_bps,1074.3636363636363
2026-07-21T04:57:15+00:00,station3,throughput_out_bps,1289.0363636363634
2026-07-21T04:57:30+00:00,station3,throughput_out_bps,1072.6909090909091
2026-07-21T04:57:45+00:00,station3,throughput_out_bps,1285.0363636363634
2026-07-21T04:58:00+00:00,station3,throughput_out_bps,1071.4363636363637
2026-07-21T04:58:15+00:00,station3,throughput_out_bps,1316.2
2026-07-21T04:58:30+00:00,station3,throughput_out_bps,1098.7454545454543
2026-07-21T04:58:45+00:00,station3,throughput_out_bps,1315.4545454545453
2026-07-21T04:59:00+00:00,station3,throughput_out_bps,1094.0727272727272
2026-07-21T04:59:15+00:00,station3,throughput_out_bps,1288.1636363636362
2026-07-21T04:59:30+00:00,station3,throughput_out_bps,1073.7090909090907
2026-07-21T04:59:45+00:00,station3,throughput_out_bps,1287.2363636363634
2026-07-21T05:00:00+00:00,station3,throughput_out_bps,1076.4363636363637
2026-07-21T05:00:15+00:00,station3,throughput_out_bps,1291.0
2026-07-21T05:00:30+00:00,station3,throughput_out_bps,1071.2545454545455
2026-07-21T05:00:45+00:00,station3,throughput_out_bps,1288.3454545454545
2026-07-21T05:01:00+00:00,station3,throughput_out_bps,1070.3454545454545
2026-07-21T05:01:15+00:00,station3,throughput_out_bps,1288.7454545454543
2026-07-21T05:01:30+00:00,station3,throughput_out_bps,1076.9999999999998
2026-07-21T05:01:45+00:00,station3,throughput_out_bps,1289.8727272727272
2026-07-21T05:02:00+00:00,station3,throughput_out_bps,1080.890909090909
2026-07-21T05:02:15+00:00,station3,throughput_out_bps,1290.9818181818182
2026-07-21T05:02:30+00:00,station3,throughput_out_bps,1075.2363636363636
2026-07-21T05:02:45+00:00,station3,throughput_out_bps,1292.0545454545454
2026-07-21T05:03:00+00:00,station3,throughput_out_bps,1073.1636363636362
2026-07-21T05:03:15+00:00,station3,throughput_out_bps,1289.0727272727272
2026-07-21T05:03:30+00:00,station3,throughput_out_bps,1074.4545454545453
2026-07-21T05:03:45+00:00,station3,throughput_out_bps,1283.6363636363635
2026-07-21T05:04:00+00:00,station3,throughput_out_bps,1069.2727272727273
2026-07-21T05:04:15+00:00,station3,throughput_out_bps,1284.6545454545453
2026-07-21T05:04:30+00:00,station3,throughput_out_bps,1069.0181818181818
2026-07-21T05:04:45+00:00,station3,throughput_out_bps,1284.109090909091
2026-07-21T05:05:00+00:00,station3,throughput_out_bps,1072.290909090909
2026-07-21T05:05:15+00:00,station3,throughput_out_bps,1284.7272727272725
2026-07-21T05:05:30+00:00,station3,throughput_out_bps,1070.6545454545453
2026-07-21T05:05:45+00:00,station3,throughput_out_bps,1290.1272727272726
2026-07-21T05:06:00+00:00,station3,throughput_out_bps,1071.3272727272727
2026-07-21T05:06:15+00:00,station3,throughput_out_bps,1290.109090909091
2026-07-21T05:06:30+00:00,station3,throughput_out_bps,1077.890909090909
2026-07-21T05:06:45+00:00,station3,throughput_out_bps,1288.6
2026-07-21T05:07:00+00:00,station3,throughput_out_bps,1072.7454545454543
2026-07-21T05:07:15+00:00,station3,throughput_out_bps,1287.3454545454545
2026-07-21T05:07:30+00:00,station3,throughput_out_bps,1071.3272727272727
2026-07-21T05:07:45+00:00,station3,throughput_out_bps,1285.7454545454543
2026-07-21T05:08:00+00:00,station3,throughput_out_bps,1069.9272727272726
2026-07-21T05:08:15+00:00,station3,throughput_out_bps,1290.581818181818
2026-07-21T05:08:30+00:00,station3,throughput_out_bps,1076.2363636363636
2026-07-21T05:08:45+00:00,station3,throughput_out_bps,1291.290909090909
2026-07-21T05:09:00+00:00,station3,throughput_out_bps,1067.2363636363636
2026-07-21T05:09:15+00:00,station3,throughput_out_bps,1286.4
2026-07-21T05:09:30+00:00,station3,throughput_out_bps,1070.9090909090908
2026-07-21T05:09:45+00:00,station3,throughput_out_bps,1291.8
2026-07-21T05:10:00+00:00,station3,throughput_out_bps,1077.2545454545455
2026-07-21T05:10:15+00:00,station3,throughput_out_bps,1287.6181818181817
2026-07-21T05:10:30+00:00,station3,throughput_out_bps,1073.9818181818182
2026-07-21T05:10:45+00:00,station3,throughput_out_bps,1286.3090909090909
2026-07-21T05:11:00+00:00,station3,throughput_out_bps,1071.5272727272727
2026-07-21T05:11:15+00:00,station3,throughput_out_bps,1288.0545454545454
2026-07-21T05:11:30+00:00,station3,throughput_out_bps,1071.1090909090908
2026-07-21T05:11:45+00:00,station3,throughput_out_bps,1285.290909090909
2026-07-21T05:12:00+00:00,station3,throughput_out_bps,1070.2181818181818
2026-07-21T05:12:15+00:00,station3,throughput_out_bps,1285.0181818181816
2026-07-21T05:12:30+00:00,station3,throughput_out_bps,1074.9272727272726
2026-07-21T05:12:45+00:00,station3,throughput_out_bps,1287.3272727272727
2026-07-21T05:13:00+00:00,station3,throughput_out_bps,1075.2545454545455
2026-07-21T05:13:15+00:00,station3,throughput_out_bps,1291.890909090909
2026-07-21T05:13:30+00:00,station3,throughput_out_bps,1076.3454545454545
2026-07-21T05:13:45+00:00,station3,throughput_out_bps,1292.7272727272725
2026-07-21T05:14:00+00:00,station3,throughput_out_bps,1074.9272727272726
2026-07-21T05:14:15+00:00,station3,throughput_out_bps,1290.5454545454545
2026-07-21T05:14:30+00:00,station3,throughput_out_bps,1071.6545454545453
2026-07-21T05:14:45+00:00,station3,throughput_out_bps,1289.7272727272725
2026-07-21T05:15:00+00:00,station3,throughput_out_bps,1074.4363636363637
2026-07-21T05:15:15+00:00,station3,throughput_out_bps,1290.1818181818182
2026-07-21T05:15:30+00:00,station3,throughput_out_bps,1077.8727272727272
2026-07-21T05:15:45+00:00,station3,throughput_out_bps,1288.6545454545453
2026-07-21T05:16:00+00:00,station3,throughput_out_bps,1071.1090909090908
2026-07-21T05:16:15+00:00,station3,throughput_out_bps,1285.4727272727273
2026-07-21T05:16:30+00:00,station3,throughput_out_bps,1069.4727272727273
2026-07-21T05:16:45+00:00,station3,throughput_out_bps,1286.7454545454543
2026-07-21T05:17:00+00:00,station3,throughput_out_bps,1073.3636363636363
2026-07-21T05:17:15+00:00,station3,throughput_out_bps,1289.3636363636363
2026-07-21T05:17:30+00:00,station3,throughput_out_bps,1072.0727272727272
2026-07-21T05:17:45+00:00,station3,throughput_out_bps,1296.8727272727272
2026-07-21T05:18:00+00:00,station3,throughput_out_bps,1081.090909090909
2026-07-21T05:18:15+00:00,station3,throughput_out_bps,1295.5454545454545
2026-07-21T05:18:30+00:00,station3,throughput_out_bps,1082.7818181818182
2026-07-21T05:18:45+00:00,station3,throughput_out_bps,1287.6545454545453
2026-07-21T05:19:00+00:00,station3,throughput_out_bps,1074.0363636363636
2026-07-21T05:19:15+00:00,station3,throughput_out_bps,1292.9272727272726
2026-07-21T05:19:30+00:00,station3,throughput_out_bps,1104.381818181818
2026-07-21T05:19:45+00:00,station3,throughput_out_bps,1319.8727272727272
2026-07-21T05:20:00+00:00,station3,throughput_out_bps,1106.3636363636363
2026-07-21T05:20:15+00:00,station3,throughput_out_bps,1314.8
2026-07-21T05:20:30+00:00,station3,throughput_out_bps,1073.6181818181817
2026-07-21T05:20:45+00:00,station3,throughput_out_bps,1289.3454545454545
2026-07-21T05:21:00+00:00,station3,throughput_out_bps,1073.6363636363635
2026-07-21T05:21:15+00:00,station3,throughput_out_bps,1286.8363636363636
2026-07-21T05:21:30+00:00,station3,throughput_out_bps,1069.890909090909
2026-07-21T05:21:45+00:00,station3,throughput_out_bps,1288.8
2026-07-21T05:22:00+00:00,station3,throughput_out_bps,1074.2727272727273
2026-07-21T05:22:15+00:00,station3,throughput_out_bps,1289.2545454545455
2026-07-21T05:22:30+00:00,station3,throughput_out_bps,1074.1636363636362
2026-07-21T05:22:45+00:00,station3,throughput_out_bps,1288.6181818181817
2026-07-21T05:23:00+00:00,station3,throughput_out_bps,1105.2363636363634
2026-07-21T05:23:15+00:00,station3,throughput_out_bps,1321.2727272727273
2026-07-21T05:23:30+00:00,station3,throughput_out_bps,1099.3090909090909
2026-07-21T05:23:45+00:00,station3,throughput_out_bps,1315.1636363636362
2026-07-21T05:24:00+00:00,station3,throughput_out_bps,1068.4545454545453
2026-07-21T05:24:15+00:00,station3,throughput_out_bps,1288.6545454545453
2026-07-21T05:24:30+00:00,station3,throughput_out_bps,1071.509090909091
2026-07-21T05:24:45+00:00,station3,throughput_out_bps,1288.8545454545454
2026-07-21T05:25:00+00:00,station3,throughput_out_bps,1069.5454545454545
2026-07-21T05:25:15+00:00,station3,throughput_out_bps,1292.1818181818182
2026-07-21T05:25:30+00:00,station3,throughput_out_bps,1076.1454545454544
2026-07-21T05:25:45+00:00,station3,throughput_out_bps,1291.6
2026-07-21T05:26:00+00:00,station3,throughput_out_bps,1076.2363636363636
2026-07-21T05:26:15+00:00,station3,throughput_out_bps,1291.7636363636364
2026-07-21T05:26:30+00:00,station3,throughput_out_bps,1076.6545454545453
2026-07-21T05:26:45+00:00,station3,throughput_out_bps,1291.0545454545454
2026-07-21T05:27:00+00:00,station3,throughput_out_bps,1074.490909090909
2026-07-21T05:27:15+00:00,station3,throughput_out_bps,1286.4181818181817
2026-07-21T05:27:30+00:00,station3,throughput_out_bps,1071.8545454545454
2026-07-21T05:27:45+00:00,station3,throughput_out_bps,1290.2545454545455
2026-07-21T05:28:00+00:00,station3,throughput_out_bps,1069.3272727272727
2026-07-21T05:28:15+00:00,station3,throughput_out_bps,1290.6545454545453
2026-07-21T05:28:30+00:00,station3,throughput_out_bps,1074.0545454545454
2026-07-21T05:28:45+00:00,station3,throughput_out_bps,1284.2545454545455
2026-07-21T05:29:00+00:00,station3,throughput_out_bps,1069.381818181818
2026-07-21T05:29:15+00:00,station3,throughput_out_bps,1280.3090909090909
2026-07-21T05:29:30+00:00,station3,throughput_out_bps,1069.2727272727273
2026-07-21T05:29:45+00:00,station3,throughput_out_bps,1287.0727272727272
2026-07-21T05:30:00+00:00,station3,throughput_out_bps,1068.9272727272726
2026-07-21T05:30:15+00:00,station3,throughput_out_bps,1289.9818181818182
2026-07-21T05:30:30+00:00,station3,throughput_out_bps,1069.9818181818182
2026-07-21T05:30:45+00:00,station3,throughput_out_bps,1286.5454545454545
2026-07-21T05:31:00+00:00,station3,throughput_out_bps,1076.8181818181818
2026-07-21T05:31:15+00:00,station3,throughput_out_bps,1288.709090909091
2026-07-21T05:31:30+00:00,station3,throughput_out_bps,1074.490909090909
2026-07-21T05:31:45+00:00,station3,throughput_out_bps,1293.6181818181817
2026-07-21T05:32:00+00:00,station3,throughput_out_bps,1070.381818181818
2026-07-21T05:32:15+00:00,station3,throughput_out_bps,1291.6545454545453
2026-07-21T05:32:30+00:00,station3,throughput_out_bps,1071.3454545454545
2026-07-21T05:32:45+00:00,station3,throughput_out_bps,1287.581818181818
2026-07-21T05:33:00+00:00,station3,throughput_out_bps,1072.7272727272727
2026-07-21T05:33:15+00:00,station3,throughput_out_bps,1289.709090909091
2026-07-21T05:33:30+00:00,station3,throughput_out_bps,1073.1636363636362
2026-07-21T05:33:45+00:00,station3,throughput_out_bps,1290.4
2026-07-21T05:34:00+00:00,station3,throughput_out_bps,1070.0727272727272
2026-07-21T05:34:15+00:00,station3,throughput_out_bps,1284.9818181818182
2026-07-21T05:34:30+00:00,station3,throughput_out_bps,1069.1999999999998
2026-07-21T05:34:45+00:00,station3,throughput_out_bps,1288.7454545454543
2026-07-21T05:35:00+00:00,station3,throughput_out_bps,1071.6181818181817
2026-07-21T05:35:15+00:00,station3,throughput_out_bps,1316.3454545454545
2026-07-21T05:35:30+00:00,station3,throughput_out_bps,1094.7636363636364
2026-07-21T05:35:45+00:00,station3,throughput_out_bps,1313.381818181818
2026-07-21T05:36:00+00:00,station3,throughput_out_bps,1098.7272727272725
2026-07-21T05:36:15+00:00,station3,throughput_out_bps,1287.6545454545453
2026-07-21T05:36:30+00:00,station3,throughput_out_bps,1073.0363636363636
2026-07-21T05:36:45+00:00,station3,throughput_out_bps,1287.4
2026-07-21T05:37:00+00:00,station3,throughput_out_bps,1070.0545454545454
2026-07-21T05:37:15+00:00,station3,throughput_out_bps,1291.8727272727272
2026-07-21T05:37:30+00:00,station3,throughput_out_bps,1073.0181818181818
2026-07-21T05:37:45+00:00,station3,throughput_out_bps,1287.709090909091
2026-07-21T05:38:00+00:00,station3,throughput_out_bps,1066.4727272727273
2026-07-21T05:38:15+00:00,station3,throughput_out_bps,1282.8727272727272
2026-07-21T05:38:30+00:00,station3,throughput_out_bps,1069.490909090909
2026-07-21T05:38:45+00:00,station3,throughput_out_bps,1282.6545454545453
2026-07-21T05:39:00+00:00,station3,throughput_out_bps,1065.5636363636363
2026-07-21T05:39:15+00:00,station3,throughput_out_bps,1282.8
2026-07-21T05:39:30+00:00,station3,throughput_out_bps,1069.2181818181818
2026-07-21T05:39:45+00:00,station3,throughput_out_bps,1283.6181818181817
2026-07-21T05:40:00+00:00,station3,throughput_out_bps,1068.890909090909
2026-07-21T05:40:15+00:00,station3,throughput_out_bps,1285.2727272727273
2026-07-21T05:40:30+00:00,station3,throughput_out_bps,1075.6363636363635
2026-07-21T05:40:45+00:00,station3,throughput_out_bps,1298.6
2026-07-21T05:41:00+00:00,station3,throughput_out_bps,1077.3272727272727
2026-07-21T05:41:15+00:00,station3,throughput_out_bps,1297.290909090909
2026-07-21T05:41:30+00:00,station3,throughput_out_bps,1076.290909090909
2026-07-21T05:41:45+00:00,station3,throughput_out_bps,1283.090909090909
2026-07-21T05:42:00+00:00,station3,throughput_out_bps,1071.7636363636364
2026-07-21T05:42:15+00:00,station3,throughput_out_bps,1283.0
2026-07-21T05:42:30+00:00,station3,throughput_out_bps,1070.0545454545454
2026-07-21T05:42:45+00:00,station3,throughput_out_bps,1283.6
2026-07-21T05:43:00+00:00,station3,throughput_out_bps,1065.6363636363635
2026-07-21T05:43:15+00:00,station3,throughput_out_bps,1286.4363636363635
2026-07-21T05:43:30+00:00,station3,throughput_out_bps,1073.8727272727272
2026-07-21T05:43:45+00:00,station3,throughput_out_bps,1292.381818181818
2026-07-21T05:44:00+00:00,station3,throughput_out_bps,1072.0545454545454
2026-07-21T05:44:15+00:00,station3,throughput_out_bps,1291.0181818181816
2026-07-21T05:44:30+00:00,station3,throughput_out_bps,1075.0727272727272
2026-07-21T05:44:45+00:00,station3,throughput_out_bps,1291.290909090909
2026-07-21T05:45:00+00:00,station3,throughput_out_bps,1069.4727272727273
2026-07-21T05:45:15+00:00,station3,throughput_out_bps,1290.0545454545454
2026-07-21T05:45:30+00:00,station3,throughput_out_bps,1074.1090909090908
2026-07-21T05:45:45+00:00,station3,throughput_out_bps,1288.581818181818
2026-07-21T05:46:00+00:00,station3,throughput_out_bps,1073.9636363636362
2026-07-21T05:46:15+00:00,station3,throughput_out_bps,1296.0545454545454
2026-07-21T05:46:30+00:00,station3,throughput_out_bps,1080.3999999999999
2026-07-21T05:46:45+00:00,station3,throughput_out_bps,1296.9818181818182
2026-07-21T05:47:00+00:00,station3,throughput_out_bps,1076.290909090909
2026-07-21T05:47:15+00:00,station3,throughput_out_bps,1289.2545454545455
2026-07-21T05:47:30+00:00,station3,throughput_out_bps,1070.1999999999998
2026-07-21T05:47:45+00:00,station3,throughput_out_bps,1282.7454545454543
2026-07-21T05:48:00+00:00,station3,throughput_out_bps,1073.581818181818
2026-07-21T05:48:15+00:00,station3,throughput_out_bps,1283.6363636363635
2026-07-21T05:48:30+00:00,station3,throughput_out_bps,1074.4545454545453
2026-07-21T05:48:45+00:00,station3,throughput_out_bps,1288.2363636363634
2026-07-21T05:49:00+00:00,station3,throughput_out_bps,1068.490909090909
2026-07-21T05:49:15+00:00,station3,throughput_out_bps,1316.9818181818182
2026-07-21T05:49:30+00:00,station3,throughput_out_bps,1101.6
2026-07-21T05:49:45+00:00,station3,throughput_out_bps,1321.7636363636364
2026-07-21T05:50:00+00:00,station3,throughput_out_bps,1098.8363636363636
2026-07-21T05:50:15+00:00,station3,throughput_out_bps,1295.4
2026-07-21T05:50:30+00:00,station3,throughput_out_bps,1074.3272727272727
2026-07-21T05:50:45+00:00,station3,throughput_out_bps,1288.2545454545455
2026-07-21T05:51:00+00:00,station3,throughput_out_bps,1073.0727272727272
2026-07-21T05:51:15+00:00,station3,throughput_out_bps,1285.8181818181815
2026-07-21T05:51:30+00:00,station3,throughput_out_bps,1072.0363636363636
2026-07-21T05:51:45+00:00,station3,throughput_out_bps,1285.8
2026-07-21T05:52:00+00:00,station3,throughput_out_bps,1068.9090909090908
2026-07-21T05:52:15+00:00,station3,throughput_out_bps,1287.381818181818
2026-07-21T05:52:30+00:00,station3,throughput_out_bps,1071.8
2026-07-21T05:52:45+00:00,station3,throughput_out_bps,1285.7454545454543
2026-07-21T05:53:00+00:00,station3,throughput_out_bps,1068.7272727272727
2026-07-21T05:53:15+00:00,station3,throughput_out_bps,1284.890909090909
2026-07-21T05:53:30+00:00,station3,throughput_out_bps,1073.6727272727271
2026-07-21T05:53:45+00:00,station3,throughput_out_bps,1287.9272727272726
2026-07-21T05:54:00+00:00,station3,throughput_out_bps,1070.9090909090908
2026-07-21T05:54:15+00:00,station3,throughput_out_bps,1289.0181818181816
2026-07-21T05:54:30+00:00,station3,throughput_out_bps,1072.9999999999998
2026-07-21T04:06:30+00:00,station1,packet_loss_pct,40.0
2026-07-21T04:06:45+00:00,station1,packet_loss_pct,0.0
2026-07-21T04:07:00+00:00,station1,packet_loss_pct,100.0
2026-07-21T04:07:15+00:00,station1,packet_loss_pct,0.0
2026-07-21T04:07:30+00:00,station1,packet_loss_pct,0.0
2026-07-21T04:07:45+00:00,station1,packet_loss_pct,0.0
2026-07-21T04:08:00+00:00,station1,packet_loss_pct,0.0
2026-07-21T04:08:15+00:00,station1,packet_loss_pct,0.0
2026-07-21T04:08:30+00:00,station1,packet_loss_pct,0.0
2026-07-21T04:08:45+00:00,station1,packet_loss_pct,0.0
2026-07-21T04:09:00+00:00,station1,packet_loss_pct,0.0
2026-07-21T04:09:15+00:00,station1,packet_loss_pct,100.0
2026-07-21T04:09:30+00:00,station1,packet_loss_pct,100.0
2026-07-21T04:09:45+00:00,station1,packet_loss_pct,44.44444444444444
2026-07-21T04:10:00+00:00,station1,packet_loss_pct,0.0
2026-07-21T04:10:15+00:00,station1,packet_loss_pct,0.0
2026-07-21T04:10:30+00:00,station1,packet_loss_pct,0.0
2026-07-21T04:10:45+00:00,station1,packet_loss_pct,0.0
2026-07-21T04:11:00+00:00,station1,packet_loss_pct,0.0
2026-07-21T04:11:15+00:00,station1,packet_loss_pct,0.0
2026-07-21T04:11:30+00:00,station1,packet_loss_pct,0.0
2026-07-21T04:11:45+00:00,station1,packet_loss_pct,100.0
2026-07-21T04:12:00+00:00,station1,packet_loss_pct,100.0
2026-07-21T04:12:15+00:00,station1,packet_loss_pct,80.0
2026-07-21T04:12:30+00:00,station1,packet_loss_pct,20.0
2026-07-21T04:12:45+00:00,station1,packet_loss_pct,0.0
2026-07-21T04:13:00+00:00,station1,packet_loss_pct,0.0
2026-07-21T04:13:15+00:00,station1,packet_loss_pct,0.0
2026-07-21T04:13:30+00:00,station1,packet_loss_pct,0.0
2026-07-21T04:13:45+00:00,station1,packet_loss_pct,20.0
2026-07-21T04:14:00+00:00,station1,packet_loss_pct,0.0
2026-07-21T04:14:15+00:00,station1,packet_loss_pct,80.0
2026-07-21T04:14:30+00:00,station1,packet_loss_pct,0.0
2026-07-21T04:14:45+00:00,station1,packet_loss_pct,0.0
2026-07-21T04:15:00+00:00,station1,packet_loss_pct,100.0
2026-07-21T04:15:15+00:00,station1,packet_loss_pct,0.0
2026-07-21T04:15:30+00:00,station1,packet_loss_pct,0.0
2026-07-21T04:15:45+00:00,station1,packet_loss_pct,0.0
2026-07-21T04:16:00+00:00,station1,packet_loss_pct,16.666666666666664
2026-07-21T04:16:15+00:00,station1,packet_loss_pct,0.0
2026-07-21T04:16:30+00:00,station1,packet_loss_pct,20.0
2026-07-21T04:16:45+00:00,station1,packet_loss_pct,33.33333333333333
2026-07-21T04:17:00+00:00,station1,packet_loss_pct,40.0
2026-07-21T04:17:15+00:00,station1,packet_loss_pct,0.0
2026-07-21T04:17:30+00:00,station1,packet_loss_pct,0.0
2026-07-21T04:17:45+00:00,station1,packet_loss_pct,0.0
2026-07-21T04:18:00+00:00,station1,packet_loss_pct,0.0
2026-07-21T04:18:15+00:00,station1,packet_loss_pct,0.0
2026-07-21T04:18:30+00:00,station1,packet_loss_pct,20.0
2026-07-21T04:18:45+00:00,station1,packet_loss_pct,0.0
2026-07-21T04:19:00+00:00,station1,packet_loss_pct,0.0
2026-07-21T04:19:15+00:00,station1,packet_loss_pct,0.0
2026-07-21T04:19:30+00:00,station1,packet_loss_pct,0.0
2026-07-21T04:19:45+00:00,station1,packet_loss_pct,0.0
2026-07-21T04:20:00+00:00,station1,packet_loss_pct,0.0
2026-07-21T04:20:15+00:00,station1,packet_loss_pct,0.0
2026-07-21T04:20:30+00:00,station1,packet_loss_pct,0.0
2026-07-21T04:20:45+00:00,station1,packet_loss_pct,0.0
2026-07-21T04:21:00+00:00,station1,packet_loss_pct,0.0
2026-07-21T04:21:15+00:00,station1,packet_loss_pct,0.0
2026-07-21T04:21:30+00:00,station1,packet_loss_pct,0.0
2026-07-21T04:21:45+00:00,station1,packet_loss_pct,0.0
2026-07-21T04:22:00+00:00,station1,packet_loss_pct,0.0
2026-07-21T04:22:15+00:00,station1,packet_loss_pct,0.0
2026-07-21T04:22:30+00:00,station1,packet_loss_pct,0.0
2026-07-21T04:22:45+00:00,station1,packet_loss_pct,0.0
2026-07-21T04:23:00+00:00,station1,packet_loss_pct,0.0
2026-07-21T04:23:15+00:00,station1,packet_loss_pct,0.0
2026-07-21T04:23:30+00:00,station1,packet_loss_pct,0.0
2026-07-21T04:23:45+00:00,station1,packet_loss_pct,0.0
2026-07-21T04:24:00+00:00,station1,packet_loss_pct,90.0
2026-07-21T04:24:15+00:00,station1,packet_loss_pct,0.0
2026-07-21T04:24:30+00:00,station1,packet_loss_pct,0.0
2026-07-21T04:24:45+00:00,station1,packet_loss_pct,0.0
2026-07-21T04:25:00+00:00,station1,packet_loss_pct,0.0
2026-07-21T04:25:15+00:00,station1,packet_loss_pct,0.0
2026-07-21T04:25:30+00:00,station1,packet_loss_pct,0.0
2026-07-21T04:25:45+00:00,station1,packet_loss_pct,0.0
2026-07-21T04:26:00+00:00,station1,packet_loss_pct,0.0
2026-07-21T04:26:15+00:00,station1,packet_loss_pct,0.0
2026-07-21T04:26:30+00:00,station1,packet_loss_pct,0.0
2026-07-21T04:26:45+00:00,station1,packet_loss_pct,0.0
2026-07-21T04:27:00+00:00,station1,packet_loss_pct,0.0
2026-07-21T04:27:15+00:00,station1,packet_loss_pct,0.0
2026-07-21T04:27:30+00:00,station1,packet_loss_pct,0.0
2026-07-21T04:27:45+00:00,station1,packet_loss_pct,0.0
2026-07-21T04:28:00+00:00,station1,packet_loss_pct,0.0
2026-07-21T04:28:15+00:00,station1,packet_loss_pct,90.0
2026-07-21T04:28:30+00:00,station1,packet_loss_pct,20.0
2026-07-21T04:28:45+00:00,station1,packet_loss_pct,0.0
2026-07-21T04:29:00+00:00,station1,packet_loss_pct,0.0
2026-07-21T04:29:15+00:00,station1,packet_loss_pct,0.0
2026-07-21T04:29:30+00:00,station1,packet_loss_pct,0.0
2026-07-21T04:29:45+00:00,station1,packet_loss_pct,0.0
2026-07-21T04:30:00+00:00,station1,packet_loss_pct,0.0
2026-07-21T04:30:15+00:00,station1,packet_loss_pct,0.0
2026-07-21T04:30:30+00:00,station1,packet_loss_pct,0.0
2026-07-21T04:30:45+00:00,station1,packet_loss_pct,0.0
2026-07-21T04:31:00+00:00,station1,packet_loss_pct,0.0
2026-07-21T04:31:15+00:00,station1,packet_loss_pct,0.0
2026-07-21T04:31:30+00:00,station1,packet_loss_pct,0.0
2026-07-21T04:31:45+00:00,station1,packet_loss_pct,0.0
2026-07-21T04:32:00+00:00,station1,packet_loss_pct,0.0
2026-07-21T04:32:15+00:00,station1,packet_loss_pct,0.0
2026-07-21T04:32:30+00:00,station1,packet_loss_pct,0.0
2026-07-21T04:32:45+00:00,station1,packet_loss_pct,50.0
2026-07-21T04:33:00+00:00,station1,packet_loss_pct,0.0
2026-07-21T04:33:15+00:00,station1,packet_loss_pct,40.0
2026-07-21T04:33:30+00:00,station1,packet_loss_pct,0.0
2026-07-21T04:33:45+00:00,station1,packet_loss_pct,0.0
2026-07-21T04:34:00+00:00,station1,packet_loss_pct,0.0
2026-07-21T04:34:15+00:00,station1,packet_loss_pct,0.0
2026-07-21T04:34:30+00:00,station1,packet_loss_pct,0.0
2026-07-21T04:34:45+00:00,station1,packet_loss_pct,0.0
2026-07-21T04:35:00+00:00,station1,packet_loss_pct,0.0
2026-07-21T04:35:15+00:00,station1,packet_loss_pct,0.0
2026-07-21T04:35:30+00:00,station1,packet_loss_pct,100.0
2026-07-21T04:35:45+00:00,station1,packet_loss_pct,40.0
2026-07-21T04:36:00+00:00,station1,packet_loss_pct,0.0
2026-07-21T04:36:15+00:00,station1,packet_loss_pct,0.0
2026-07-21T04:36:30+00:00,station1,packet_loss_pct,0.0
2026-07-21T04:36:45+00:00,station1,packet_loss_pct,0.0
2026-07-21T04:37:00+00:00,station1,packet_loss_pct,0.0
2026-07-21T04:37:15+00:00,station1,packet_loss_pct,0.0
2026-07-21T04:37:30+00:00,station1,packet_loss_pct,0.0
2026-07-21T04:37:45+00:00,station1,packet_loss_pct,0.0
2026-07-21T04:38:00+00:00,station1,packet_loss_pct,0.0
2026-07-21T04:38:15+00:00,station1,packet_loss_pct,0.0
2026-07-21T04:38:30+00:00,station1,packet_loss_pct,0.0
2026-07-21T04:38:45+00:00,station1,packet_loss_pct,0.0
2026-07-21T04:39:00+00:00,station1,packet_loss_pct,0.0
2026-07-21T04:39:15+00:00,station1,packet_loss_pct,0.0
2026-07-21T04:39:30+00:00,station1,packet_loss_pct,0.0
2026-07-21T04:39:45+00:00,station1,packet_loss_pct,0.0
2026-07-21T04:40:00+00:00,station1,packet_loss_pct,25.0
2026-07-21T04:40:15+00:00,station1,packet_loss_pct,0.0
2026-07-21T04:40:30+00:00,station1,packet_loss_pct,0.0
2026-07-21T04:40:45+00:00,station1,packet_loss_pct,0.0
2026-07-21T04:41:00+00:00,station1,packet_loss_pct,0.0
2026-07-21T04:41:15+00:00,station1,packet_loss_pct,0.0
2026-07-21T04:41:30+00:00,station1,packet_loss_pct,0.0
2026-07-21T04:41:45+00:00,station1,packet_loss_pct,0.0
2026-07-21T04:42:00+00:00,station1,packet_loss_pct,0.0
2026-07-21T04:42:15+00:00,station1,packet_loss_pct,0.0
2026-07-21T04:42:30+00:00,station1,packet_loss_pct,0.0
2026-07-21T04:42:45+00:00,station1,packet_loss_pct,0.0
2026-07-21T04:43:00+00:00,station1,packet_loss_pct,0.0
2026-07-21T04:43:15+00:00,station1,packet_loss_pct,0.0
2026-07-21T04:43:30+00:00,station1,packet_loss_pct,0.0
2026-07-21T04:43:45+00:00,station1,packet_loss_pct,0.0
2026-07-21T04:44:00+00:00,station1,packet_loss_pct,0.0
2026-07-21T04:44:15+00:00,station1,packet_loss_pct,0.0
2026-07-21T04:44:30+00:00,station1,packet_loss_pct,0.0
2026-07-21T04:44:45+00:00,station1,packet_loss_pct,90.0
2026-07-21T04:45:00+00:00,station1,packet_loss_pct,0.0
2026-07-21T04:45:15+00:00,station1,packet_loss_pct,0.0
2026-07-21T04:45:30+00:00,station1,packet_loss_pct,0.0
2026-07-21T04:45:45+00:00,station1,packet_loss_pct,0.0
2026-07-21T04:46:00+00:00,station1,packet_loss_pct,0.0
2026-07-21T04:46:15+00:00,station1,packet_loss_pct,80.0
2026-07-21T04:46:30+00:00,station1,packet_loss_pct,100.0
2026-07-21T04:46:45+00:00,station1,packet_loss_pct,0.0
2026-07-21T04:47:00+00:00,station1,packet_loss_pct,0.0
2026-07-21T04:47:15+00:00,station1,packet_loss_pct,0.0
2026-07-21T04:47:30+00:00,station1,packet_loss_pct,0.0
2026-07-21T04:47:45+00:00,station1,packet_loss_pct,0.0
2026-07-21T04:48:00+00:00,station1,packet_loss_pct,0.0
2026-07-21T04:48:15+00:00,station1,packet_loss_pct,0.0
2026-07-21T04:48:30+00:00,station1,packet_loss_pct,0.0
2026-07-21T04:48:45+00:00,station1,packet_loss_pct,0.0
2026-07-21T04:49:00+00:00,station1,packet_loss_pct,0.0
2026-07-21T04:49:15+00:00,station1,packet_loss_pct,0.0
2026-07-21T04:49:30+00:00,station1,packet_loss_pct,0.0
2026-07-21T04:49:45+00:00,station1,packet_loss_pct,0.0
2026-07-21T04:50:00+00:00,station1,packet_loss_pct,0.0
2026-07-21T04:50:15+00:00,station1,packet_loss_pct,0.0
2026-07-21T04:50:30+00:00,station1,packet_loss_pct,0.0
2026-07-21T04:50:45+00:00,station1,packet_loss_pct,0.0
2026-07-21T04:51:00+00:00,station1,packet_loss_pct,0.0
2026-07-21T04:51:15+00:00,station1,packet_loss_pct,90.0
2026-07-21T04:51:30+00:00,station1,packet_loss_pct,0.0
2026-07-21T04:51:45+00:00,station1,packet_loss_pct,0.0
2026-07-21T04:52:00+00:00,station1,packet_loss_pct,0.0
2026-07-21T04:52:15+00:00,station1,packet_loss_pct,0.0
2026-07-21T04:52:30+00:00,station1,packet_loss_pct,90.0
2026-07-21T04:52:45+00:00,station1,packet_loss_pct,100.0
2026-07-21T04:53:00+00:00,station1,packet_loss_pct,90.0
2026-07-21T04:53:15+00:00,station1,packet_loss_pct,0.0
2026-07-21T04:53:30+00:00,station1,packet_loss_pct,0.0
2026-07-21T04:53:45+00:00,station1,packet_loss_pct,0.0
2026-07-21T04:54:00+00:00,station1,packet_loss_pct,90.0
2026-07-21T04:54:15+00:00,station1,packet_loss_pct,0.0
2026-07-21T04:54:30+00:00,station1,packet_loss_pct,0.0
2026-07-21T04:54:45+00:00,station1,packet_loss_pct,0.0
2026-07-21T04:55:00+00:00,station1,packet_loss_pct,0.0
2026-07-21T04:55:15+00:00,station1,packet_loss_pct,0.0
2026-07-21T04:55:30+00:00,station1,packet_loss_pct,0.0
2026-07-21T04:55:45+00:00,station1,packet_loss_pct,50.0
2026-07-21T04:56:00+00:00,station1,packet_loss_pct,0.0
2026-07-21T04:56:15+00:00,station1,packet_loss_pct,0.0
2026-07-21T04:56:30+00:00,station1,packet_loss_pct,50.0
2026-07-21T04:56:45+00:00,station1,packet_loss_pct,0.0
2026-07-21T04:57:00+00:00,station1,packet_loss_pct,100.0
2026-07-21T04:57:15+00:00,station1,packet_loss_pct,0.0
2026-07-21T04:57:30+00:00,station1,packet_loss_pct,0.0
2026-07-21T04:57:45+00:00,station1,packet_loss_pct,0.0
2026-07-21T04:58:00+00:00,station1,packet_loss_pct,0.0
2026-07-21T04:58:15+00:00,station1,packet_loss_pct,0.0
2026-07-21T04:58:30+00:00,station1,packet_loss_pct,0.0
2026-07-21T04:58:45+00:00,station1,packet_loss_pct,90.0
2026-07-21T04:59:00+00:00,station1,packet_loss_pct,0.0
2026-07-21T04:59:15+00:00,station1,packet_loss_pct,0.0
2026-07-21T04:59:30+00:00,station1,packet_loss_pct,0.0
2026-07-21T04:59:45+00:00,station1,packet_loss_pct,0.0
2026-07-21T05:00:00+00:00,station1,packet_loss_pct,0.0
2026-07-21T05:00:15+00:00,station1,packet_loss_pct,0.0
2026-07-21T05:00:30+00:00,station1,packet_loss_pct,0.0
2026-07-21T05:00:45+00:00,station1,packet_loss_pct,0.0
2026-07-21T05:01:00+00:00,station1,packet_loss_pct,0.0
2026-07-21T05:01:15+00:00,station1,packet_loss_pct,0.0
2026-07-21T05:01:30+00:00,station1,packet_loss_pct,0.0
2026-07-21T05:01:45+00:00,station1,packet_loss_pct,0.0
2026-07-21T05:02:00+00:00,station1,packet_loss_pct,0.0
2026-07-21T05:02:15+00:00,station1,packet_loss_pct,0.0
2026-07-21T05:02:30+00:00,station1,packet_loss_pct,90.0
2026-07-21T05:02:45+00:00,station1,packet_loss_pct,0.0
2026-07-21T05:03:00+00:00,station1,packet_loss_pct,80.0
2026-07-21T05:03:15+00:00,station1,packet_loss_pct,0.0
2026-07-21T05:03:30+00:00,station1,packet_loss_pct,0.0
2026-07-21T05:03:45+00:00,station1,packet_loss_pct,0.0
2026-07-21T05:04:00+00:00,station1,packet_loss_pct,0.0
2026-07-21T05:04:15+00:00,station1,packet_loss_pct,0.0
2026-07-21T05:04:30+00:00,station1,packet_loss_pct,0.0
2026-07-21T05:04:45+00:00,station1,packet_loss_pct,0.0
2026-07-21T05:05:00+00:00,station1,packet_loss_pct,0.0
2026-07-21T05:05:15+00:00,station1,packet_loss_pct,0.0
2026-07-21T05:05:30+00:00,station1,packet_loss_pct,0.0
2026-07-21T05:05:45+00:00,station1,packet_loss_pct,0.0
2026-07-21T05:06:00+00:00,station1,packet_loss_pct,90.0
2026-07-21T05:06:15+00:00,station1,packet_loss_pct,80.0
2026-07-21T05:06:30+00:00,station1,packet_loss_pct,0.0
2026-07-21T05:06:45+00:00,station1,packet_loss_pct,0.0
2026-07-21T05:07:00+00:00,station1,packet_loss_pct,0.0
2026-07-21T05:07:15+00:00,station1,packet_loss_pct,0.0
2026-07-21T05:07:30+00:00,station1,packet_loss_pct,0.0
2026-07-21T05:07:45+00:00,station1,packet_loss_pct,0.0
2026-07-21T05:08:00+00:00,station1,packet_loss_pct,0.0
2026-07-21T05:08:15+00:00,station1,packet_loss_pct,0.0
2026-07-21T05:08:30+00:00,station1,packet_loss_pct,0.0
2026-07-21T05:08:45+00:00,station1,packet_loss_pct,0.0
2026-07-21T05:09:00+00:00,station1,packet_loss_pct,0.0
2026-07-21T05:09:15+00:00,station1,packet_loss_pct,0.0
2026-07-21T05:09:30+00:00,station1,packet_loss_pct,60.0
2026-07-21T05:09:45+00:00,station1,packet_loss_pct,40.0
2026-07-21T05:10:00+00:00,station1,packet_loss_pct,40.0
2026-07-21T05:10:15+00:00,station1,packet_loss_pct,0.0
2026-07-21T05:10:30+00:00,station1,packet_loss_pct,0.0
2026-07-21T05:10:45+00:00,station1,packet_loss_pct,0.0
2026-07-21T05:11:00+00:00,station1,packet_loss_pct,100.0
2026-07-21T05:11:15+00:00,station1,packet_loss_pct,0.0
2026-07-21T05:11:30+00:00,station1,packet_loss_pct,0.0
2026-07-21T05:11:45+00:00,station1,packet_loss_pct,0.0
2026-07-21T05:12:00+00:00,station1,packet_loss_pct,90.0
2026-07-21T05:12:15+00:00,station1,packet_loss_pct,0.0
2026-07-21T05:12:30+00:00,station1,packet_loss_pct,0.0
2026-07-21T05:12:45+00:00,station1,packet_loss_pct,0.0
2026-07-21T05:13:00+00:00,station1,packet_loss_pct,0.0
2026-07-21T05:13:15+00:00,station1,packet_loss_pct,0.0
2026-07-21T05:13:30+00:00,station1,packet_loss_pct,0.0
2026-07-21T05:13:45+00:00,station1,packet_loss_pct,0.0
2026-07-21T05:14:00+00:00,station1,packet_loss_pct,0.0
2026-07-21T05:14:15+00:00,station1,packet_loss_pct,0.0
2026-07-21T05:14:30+00:00,station1,packet_loss_pct,0.0
2026-07-21T05:14:45+00:00,station1,packet_loss_pct,0.0
2026-07-21T05:15:00+00:00,station1,packet_loss_pct,0.0
2026-07-21T05:15:15+00:00,station1,packet_loss_pct,0.0
2026-07-21T05:15:30+00:00,station1,packet_loss_pct,0.0
2026-07-21T05:15:45+00:00,station1,packet_loss_pct,0.0
2026-07-21T05:16:00+00:00,station1,packet_loss_pct,0.0
2026-07-21T05:16:15+00:00,station1,packet_loss_pct,0.0
2026-07-21T05:16:30+00:00,station1,packet_loss_pct,0.0
2026-07-21T05:16:45+00:00,station1,packet_loss_pct,0.0
2026-07-21T05:17:00+00:00,station1,packet_loss_pct,0.0
2026-07-21T05:17:15+00:00,station1,packet_loss_pct,0.0
2026-07-21T05:17:30+00:00,station1,packet_loss_pct,0.0
2026-07-21T05:17:45+00:00,station1,packet_loss_pct,0.0
2026-07-21T05:18:00+00:00,station1,packet_loss_pct,20.0
2026-07-21T05:18:15+00:00,station1,packet_loss_pct,90.0
2026-07-21T05:18:30+00:00,station1,packet_loss_pct,90.0
2026-07-21T05:18:45+00:00,station1,packet_loss_pct,0.0
2026-07-21T05:19:00+00:00,station1,packet_loss_pct,0.0
2026-07-21T05:19:15+00:00,station1,packet_loss_pct,0.0
2026-07-21T05:19:30+00:00,station1,packet_loss_pct,100.0
2026-07-21T05:19:45+00:00,station1,packet_loss_pct,16.666666666666664
2026-07-21T05:20:00+00:00,station1,packet_loss_pct,0.0
2026-07-21T05:20:15+00:00,station1,packet_loss_pct,0.0
2026-07-21T05:20:30+00:00,station1,packet_loss_pct,90.0
2026-07-21T05:20:45+00:00,station1,packet_loss_pct,62.5
2026-07-21T05:21:00+00:00,station1,packet_loss_pct,70.0
2026-07-21T05:21:15+00:00,station1,packet_loss_pct,0.0
2026-07-21T05:21:30+00:00,station1,packet_loss_pct,0.0
2026-07-21T05:21:45+00:00,station1,packet_loss_pct,0.0
2026-07-21T05:22:00+00:00,station1,packet_loss_pct,0.0
2026-07-21T05:22:15+00:00,station1,packet_loss_pct,0.0
2026-07-21T05:22:30+00:00,station1,packet_loss_pct,0.0
2026-07-21T05:22:45+00:00,station1,packet_loss_pct,0.0
2026-07-21T05:23:00+00:00,station1,packet_loss_pct,100.0
2026-07-21T05:23:15+00:00,station1,packet_loss_pct,0.0
2026-07-21T05:23:30+00:00,station1,packet_loss_pct,0.0
2026-07-21T05:23:45+00:00,station1,packet_loss_pct,0.0
2026-07-21T05:24:00+00:00,station1,packet_loss_pct,0.0
2026-07-21T05:24:15+00:00,station1,packet_loss_pct,0.0
2026-07-21T05:24:30+00:00,station1,packet_loss_pct,0.0
2026-07-21T05:24:45+00:00,station1,packet_loss_pct,0.0
2026-07-21T05:25:00+00:00,station1,packet_loss_pct,0.0
2026-07-21T05:25:15+00:00,station1,packet_loss_pct,0.0
2026-07-21T05:25:30+00:00,station1,packet_loss_pct,90.0
2026-07-21T05:25:45+00:00,station1,packet_loss_pct,30.0
2026-07-21T05:26:00+00:00,station1,packet_loss_pct,0.0
2026-07-21T05:26:15+00:00,station1,packet_loss_pct,0.0
2026-07-21T05:26:30+00:00,station1,packet_loss_pct,0.0
2026-07-21T05:26:45+00:00,station1,packet_loss_pct,90.0
2026-07-21T05:27:00+00:00,station1,packet_loss_pct,90.0
2026-07-21T05:27:15+00:00,station1,packet_loss_pct,0.0
2026-07-21T05:27:30+00:00,station1,packet_loss_pct,0.0
2026-07-21T05:27:45+00:00,station1,packet_loss_pct,0.0
2026-07-21T05:28:00+00:00,station1,packet_loss_pct,0.0
2026-07-21T05:28:15+00:00,station1,packet_loss_pct,0.0
2026-07-21T05:28:30+00:00,station1,packet_loss_pct,0.0
2026-07-21T05:28:45+00:00,station1,packet_loss_pct,0.0
2026-07-21T05:29:00+00:00,station1,packet_loss_pct,0.0
2026-07-21T05:29:15+00:00,station1,packet_loss_pct,0.0
2026-07-21T05:29:30+00:00,station1,packet_loss_pct,0.0
2026-07-21T05:29:45+00:00,station1,packet_loss_pct,0.0
2026-07-21T05:30:00+00:00,station1,packet_loss_pct,0.0
2026-07-21T05:30:15+00:00,station1,packet_loss_pct,0.0
2026-07-21T05:30:30+00:00,station1,packet_loss_pct,0.0
2026-07-21T05:30:45+00:00,station1,packet_loss_pct,20.0
2026-07-21T05:31:00+00:00,station1,packet_loss_pct,20.0
2026-07-21T05:31:15+00:00,station1,packet_loss_pct,0.0
2026-07-21T05:31:30+00:00,station1,packet_loss_pct,0.0
2026-07-21T05:31:45+00:00,station1,packet_loss_pct,0.0
2026-07-21T05:32:00+00:00,station1,packet_loss_pct,0.0
2026-07-21T05:32:15+00:00,station1,packet_loss_pct,0.0
2026-07-21T05:32:30+00:00,station1,packet_loss_pct,0.0
2026-07-21T05:32:45+00:00,station1,packet_loss_pct,0.0
2026-07-21T05:33:00+00:00,station1,packet_loss_pct,0.0
2026-07-21T05:33:15+00:00,station1,packet_loss_pct,0.0
2026-07-21T05:33:30+00:00,station1,packet_loss_pct,0.0
2026-07-21T05:33:45+00:00,station1,packet_loss_pct,0.0
2026-07-21T05:34:00+00:00,station1,packet_loss_pct,0.0
2026-07-21T05:34:15+00:00,station1,packet_loss_pct,0.0
2026-07-21T05:34:30+00:00,station1,packet_loss_pct,0.0
2026-07-21T05:34:45+00:00,station1,packet_loss_pct,0.0
2026-07-21T05:35:00+00:00,station1,packet_loss_pct,0.0
2026-07-21T05:35:15+00:00,station1,packet_loss_pct,0.0
2026-07-21T05:35:30+00:00,station1,packet_loss_pct,0.0
2026-07-21T05:35:45+00:00,station1,packet_loss_pct,100.0
2026-07-21T05:36:00+00:00,station1,packet_loss_pct,0.0
2026-07-21T05:36:15+00:00,station1,packet_loss_pct,0.0
2026-07-21T05:36:30+00:00,station1,packet_loss_pct,0.0
2026-07-21T05:36:45+00:00,station1,packet_loss_pct,0.0
2026-07-21T05:37:00+00:00,station1,packet_loss_pct,0.0
2026-07-21T05:37:15+00:00,station1,packet_loss_pct,25.0
2026-07-21T05:37:30+00:00,station1,packet_loss_pct,0.0
2026-07-21T05:37:45+00:00,station1,packet_loss_pct,0.0
2026-07-21T05:38:00+00:00,station1,packet_loss_pct,0.0
2026-07-21T05:38:15+00:00,station1,packet_loss_pct,0.0
2026-07-21T05:38:30+00:00,station1,packet_loss_pct,0.0
2026-07-21T05:38:45+00:00,station1,packet_loss_pct,0.0
2026-07-21T05:39:00+00:00,station1,packet_loss_pct,0.0
2026-07-21T05:39:15+00:00,station1,packet_loss_pct,0.0
2026-07-21T05:39:30+00:00,station1,packet_loss_pct,0.0
2026-07-21T05:39:45+00:00,station1,packet_loss_pct,0.0
2026-07-21T05:40:00+00:00,station1,packet_loss_pct,0.0
2026-07-21T05:40:15+00:00,station1,packet_loss_pct,90.0
2026-07-21T05:40:30+00:00,station1,packet_loss_pct,0.0
2026-07-21T05:40:45+00:00,station1,packet_loss_pct,0.0
2026-07-21T05:41:00+00:00,station1,packet_loss_pct,100.0
2026-07-21T05:41:15+00:00,station1,packet_loss_pct,0.0
2026-07-21T05:41:30+00:00,station1,packet_loss_pct,0.0
2026-07-21T05:41:45+00:00,station1,packet_loss_pct,0.0
2026-07-21T05:42:00+00:00,station1,packet_loss_pct,0.0
2026-07-21T05:42:15+00:00,station1,packet_loss_pct,0.0
2026-07-21T05:42:30+00:00,station1,packet_loss_pct,0.0
2026-07-21T05:42:45+00:00,station1,packet_loss_pct,0.0
2026-07-21T05:43:00+00:00,station1,packet_loss_pct,0.0
2026-07-21T05:43:15+00:00,station1,packet_loss_pct,0.0
2026-07-21T05:43:30+00:00,station1,packet_loss_pct,0.0
2026-07-21T05:43:45+00:00,station1,packet_loss_pct,0.0
2026-07-21T05:44:00+00:00,station1,packet_loss_pct,0.0
2026-07-21T05:44:15+00:00,station1,packet_loss_pct,0.0
2026-07-21T05:44:30+00:00,station1,packet_loss_pct,0.0
2026-07-21T05:44:45+00:00,station1,packet_loss_pct,0.0
2026-07-21T05:45:00+00:00,station1,packet_loss_pct,0.0
2026-07-21T05:45:15+00:00,station1,packet_loss_pct,0.0
2026-07-21T05:45:30+00:00,station1,packet_loss_pct,0.0
2026-07-21T05:45:45+00:00,station1,packet_loss_pct,0.0
2026-07-21T05:46:00+00:00,station1,packet_loss_pct,0.0
2026-07-21T05:46:15+00:00,station1,packet_loss_pct,40.0
2026-07-21T05:46:30+00:00,station1,packet_loss_pct,40.0
2026-07-21T05:46:45+00:00,station1,packet_loss_pct,0.0
2026-07-21T05:47:00+00:00,station1,packet_loss_pct,0.0
2026-07-21T05:47:15+00:00,station1,packet_loss_pct,0.0
2026-07-21T05:47:30+00:00,station1,packet_loss_pct,0.0
2026-07-21T05:47:45+00:00,station1,packet_loss_pct,0.0
2026-07-21T05:48:00+00:00,station1,packet_loss_pct,0.0
2026-07-21T05:48:15+00:00,station1,packet_loss_pct,0.0
2026-07-21T05:48:30+00:00,station1,packet_loss_pct,0.0
2026-07-21T05:48:45+00:00,station1,packet_loss_pct,0.0
2026-07-21T05:49:00+00:00,station1,packet_loss_pct,0.0
2026-07-21T05:49:15+00:00,station1,packet_loss_pct,90.0
2026-07-21T05:49:30+00:00,station1,packet_loss_pct,11.11111111111111
2026-07-21T05:49:45+00:00,station1,packet_loss_pct,0.0
2026-07-21T05:50:00+00:00,station1,packet_loss_pct,0.0
2026-07-21T05:50:15+00:00,station1,packet_loss_pct,40.0
2026-07-21T05:50:30+00:00,station1,packet_loss_pct,0.0
2026-07-21T05:50:45+00:00,station1,packet_loss_pct,0.0
2026-07-21T05:51:00+00:00,station1,packet_loss_pct,0.0
2026-07-21T05:51:15+00:00,station1,packet_loss_pct,0.0
2026-07-21T05:51:30+00:00,station1,packet_loss_pct,0.0
2026-07-21T05:51:45+00:00,station1,packet_loss_pct,0.0
2026-07-21T05:52:00+00:00,station1,packet_loss_pct,0.0
2026-07-21T05:52:15+00:00,station1,packet_loss_pct,0.0
2026-07-21T05:52:30+00:00,station1,packet_loss_pct,0.0
2026-07-21T05:52:45+00:00,station1,packet_loss_pct,20.0
2026-07-21T05:53:00+00:00,station1,packet_loss_pct,90.0
2026-07-21T05:53:15+00:00,station1,packet_loss_pct,100.0
2026-07-21T05:53:30+00:00,station1,packet_loss_pct,0.0
2026-07-21T05:53:45+00:00,station1,packet_loss_pct,0.0
2026-07-21T05:54:00+00:00,station1,packet_loss_pct,0.0
2026-07-21T05:54:15+00:00,station1,packet_loss_pct,0.0
2026-07-21T05:54:30+00:00,station1,packet_loss_pct,0.0
2026-07-21T04:06:30+00:00,station2,packet_loss_pct,0.0
2026-07-21T04:06:45+00:00,station2,packet_loss_pct,0.0
2026-07-21T04:07:00+00:00,station2,packet_loss_pct,100.0
2026-07-21T04:07:15+00:00,station2,packet_loss_pct,0.0
2026-07-21T04:07:30+00:00,station2,packet_loss_pct,0.0
2026-07-21T04:07:45+00:00,station2,packet_loss_pct,0.0
2026-07-21T04:08:00+00:00,station2,packet_loss_pct,0.0
2026-07-21T04:08:15+00:00,station2,packet_loss_pct,0.0
2026-07-21T04:08:30+00:00,station2,packet_loss_pct,0.0
2026-07-21T04:08:45+00:00,station2,packet_loss_pct,0.0
2026-07-21T04:09:00+00:00,station2,packet_loss_pct,0.0
2026-07-21T04:09:15+00:00,station2,packet_loss_pct,100.0
2026-07-21T04:09:30+00:00,station2,packet_loss_pct,80.0
2026-07-21T04:09:45+00:00,station2,packet_loss_pct,0.0
2026-07-21T04:10:00+00:00,station2,packet_loss_pct,0.0
2026-07-21T04:10:15+00:00,station2,packet_loss_pct,0.0
2026-07-21T04:10:30+00:00,station2,packet_loss_pct,0.0
2026-07-21T04:10:45+00:00,station2,packet_loss_pct,0.0
2026-07-21T04:11:00+00:00,station2,packet_loss_pct,0.0
2026-07-21T04:11:15+00:00,station2,packet_loss_pct,0.0
2026-07-21T04:11:30+00:00,station2,packet_loss_pct,0.0
2026-07-21T04:11:45+00:00,station2,packet_loss_pct,100.0
2026-07-21T04:12:00+00:00,station2,packet_loss_pct,80.0
2026-07-21T04:12:15+00:00,station2,packet_loss_pct,90.0
2026-07-21T04:12:30+00:00,station2,packet_loss_pct,0.0
2026-07-21T04:12:45+00:00,station2,packet_loss_pct,16.666666666666664
2026-07-21T04:13:00+00:00,station2,packet_loss_pct,16.666666666666664
2026-07-21T04:13:15+00:00,station2,packet_loss_pct,0.0
2026-07-21T04:13:30+00:00,station2,packet_loss_pct,90.0
2026-07-21T04:13:45+00:00,station2,packet_loss_pct,0.0
2026-07-21T04:14:00+00:00,station2,packet_loss_pct,0.0
2026-07-21T04:14:15+00:00,station2,packet_loss_pct,80.0
2026-07-21T04:14:30+00:00,station2,packet_loss_pct,40.0
2026-07-21T04:14:45+00:00,station2,packet_loss_pct,100.0
2026-07-21T04:15:00+00:00,station2,packet_loss_pct,100.0
2026-07-21T04:15:15+00:00,station2,packet_loss_pct,0.0
2026-07-21T04:15:30+00:00,station2,packet_loss_pct,0.0
2026-07-21T04:15:45+00:00,station2,packet_loss_pct,0.0
2026-07-21T04:16:00+00:00,station2,packet_loss_pct,0.0
2026-07-21T04:16:15+00:00,station2,packet_loss_pct,0.0
2026-07-21T04:16:30+00:00,station2,packet_loss_pct,0.0
2026-07-21T04:16:45+00:00,station2,packet_loss_pct,40.0
2026-07-21T04:17:00+00:00,station2,packet_loss_pct,40.0
2026-07-21T04:17:15+00:00,station2,packet_loss_pct,0.0
2026-07-21T04:17:30+00:00,station2,packet_loss_pct,40.0
2026-07-21T04:17:45+00:00,station2,packet_loss_pct,0.0
2026-07-21T04:18:00+00:00,station2,packet_loss_pct,0.0
2026-07-21T04:18:15+00:00,station2,packet_loss_pct,40.0
2026-07-21T04:18:30+00:00,station2,packet_loss_pct,20.0
2026-07-21T04:18:45+00:00,station2,packet_loss_pct,0.0
2026-07-21T04:19:00+00:00,station2,packet_loss_pct,0.0
2026-07-21T04:19:15+00:00,station2,packet_loss_pct,0.0
2026-07-21T04:19:30+00:00,station2,packet_loss_pct,0.0
2026-07-21T04:19:45+00:00,station2,packet_loss_pct,0.0
2026-07-21T04:20:00+00:00,station2,packet_loss_pct,0.0
2026-07-21T04:20:15+00:00,station2,packet_loss_pct,0.0
2026-07-21T04:20:30+00:00,station2,packet_loss_pct,0.0
2026-07-21T04:20:45+00:00,station2,packet_loss_pct,0.0
2026-07-21T04:21:00+00:00,station2,packet_loss_pct,0.0
2026-07-21T04:21:15+00:00,station2,packet_loss_pct,0.0
2026-07-21T04:21:30+00:00,station2,packet_loss_pct,40.0
2026-07-21T04:21:45+00:00,station2,packet_loss_pct,0.0
2026-07-21T04:22:00+00:00,station2,packet_loss_pct,0.0
2026-07-21T04:22:15+00:00,station2,packet_loss_pct,16.666666666666664
2026-07-21T04:22:30+00:00,station2,packet_loss_pct,0.0
2026-07-21T04:22:45+00:00,station2,packet_loss_pct,0.0
2026-07-21T04:23:00+00:00,station2,packet_loss_pct,0.0
2026-07-21T04:23:15+00:00,station2,packet_loss_pct,0.0
2026-07-21T04:23:30+00:00,station2,packet_loss_pct,0.0
2026-07-21T04:23:45+00:00,station2,packet_loss_pct,0.0
2026-07-21T04:24:00+00:00,station2,packet_loss_pct,90.0
2026-07-21T04:24:15+00:00,station2,packet_loss_pct,0.0
2026-07-21T04:24:30+00:00,station2,packet_loss_pct,0.0
2026-07-21T04:24:45+00:00,station2,packet_loss_pct,0.0
2026-07-21T04:25:00+00:00,station2,packet_loss_pct,0.0
2026-07-21T04:25:15+00:00,station2,packet_loss_pct,0.0
2026-07-21T04:25:30+00:00,station2,packet_loss_pct,0.0
2026-07-21T04:25:45+00:00,station2,packet_loss_pct,40.0
2026-07-21T04:26:00+00:00,station2,packet_loss_pct,0.0
2026-07-21T04:26:15+00:00,station2,packet_loss_pct,0.0
2026-07-21T04:26:30+00:00,station2,packet_loss_pct,0.0
2026-07-21T04:26:45+00:00,station2,packet_loss_pct,0.0
2026-07-21T04:27:00+00:00,station2,packet_loss_pct,0.0
2026-07-21T04:27:15+00:00,station2,packet_loss_pct,0.0
2026-07-21T04:27:30+00:00,station2,packet_loss_pct,0.0
2026-07-21T04:27:45+00:00,station2,packet_loss_pct,40.0
2026-07-21T04:28:00+00:00,station2,packet_loss_pct,100.0
2026-07-21T04:28:15+00:00,station2,packet_loss_pct,90.0
2026-07-21T04:28:30+00:00,station2,packet_loss_pct,0.0
2026-07-21T04:28:45+00:00,station2,packet_loss_pct,0.0
2026-07-21T04:29:00+00:00,station2,packet_loss_pct,0.0
2026-07-21T04:29:15+00:00,station2,packet_loss_pct,0.0
2026-07-21T04:29:30+00:00,station2,packet_loss_pct,0.0
2026-07-21T04:29:45+00:00,station2,packet_loss_pct,0.0
2026-07-21T04:30:00+00:00,station2,packet_loss_pct,0.0
2026-07-21T04:30:15+00:00,station2,packet_loss_pct,0.0
2026-07-21T04:30:30+00:00,station2,packet_loss_pct,0.0
2026-07-21T04:30:45+00:00,station2,packet_loss_pct,0.0
2026-07-21T04:31:00+00:00,station2,packet_loss_pct,0.0
2026-07-21T04:31:15+00:00,station2,packet_loss_pct,0.0
2026-07-21T04:31:30+00:00,station2,packet_loss_pct,0.0
2026-07-21T04:31:45+00:00,station2,packet_loss_pct,0.0
2026-07-21T04:32:00+00:00,station2,packet_loss_pct,0.0
2026-07-21T04:32:15+00:00,station2,packet_loss_pct,0.0
2026-07-21T04:32:30+00:00,station2,packet_loss_pct,0.0
2026-07-21T04:32:45+00:00,station2,packet_loss_pct,0.0
2026-07-21T04:33:00+00:00,station2,packet_loss_pct,0.0
2026-07-21T04:33:15+00:00,station2,packet_loss_pct,40.0
2026-07-21T04:33:30+00:00,station2,packet_loss_pct,0.0
2026-07-21T04:33:45+00:00,station2,packet_loss_pct,0.0
2026-07-21T04:34:00+00:00,station2,packet_loss_pct,0.0
2026-07-21T04:34:15+00:00,station2,packet_loss_pct,0.0
2026-07-21T04:34:30+00:00,station2,packet_loss_pct,0.0
2026-07-21T04:34:45+00:00,station2,packet_loss_pct,0.0
2026-07-21T04:35:00+00:00,station2,packet_loss_pct,0.0
2026-07-21T04:35:15+00:00,station2,packet_loss_pct,100.0
2026-07-21T04:35:30+00:00,station2,packet_loss_pct,0.0
2026-07-21T04:35:45+00:00,station2,packet_loss_pct,0.0
2026-07-21T04:36:00+00:00,station2,packet_loss_pct,0.0
2026-07-21T04:36:15+00:00,station2,packet_loss_pct,0.0
2026-07-21T04:36:30+00:00,station2,packet_loss_pct,0.0
2026-07-21T04:36:45+00:00,station2,packet_loss_pct,90.0
2026-07-21T04:37:00+00:00,station2,packet_loss_pct,40.0
2026-07-21T04:37:15+00:00,station2,packet_loss_pct,0.0
2026-07-21T04:37:30+00:00,station2,packet_loss_pct,0.0
2026-07-21T04:37:45+00:00,station2,packet_loss_pct,0.0
2026-07-21T04:38:00+00:00,station2,packet_loss_pct,0.0
2026-07-21T04:38:15+00:00,station2,packet_loss_pct,0.0
2026-07-21T04:38:30+00:00,station2,packet_loss_pct,0.0
2026-07-21T04:38:45+00:00,station2,packet_loss_pct,0.0
2026-07-21T04:39:00+00:00,station2,packet_loss_pct,0.0
2026-07-21T04:39:15+00:00,station2,packet_loss_pct,0.0
2026-07-21T04:39:30+00:00,station2,packet_loss_pct,0.0
2026-07-21T04:39:45+00:00,station2,packet_loss_pct,25.0
2026-07-21T04:40:00+00:00,station2,packet_loss_pct,90.0
2026-07-21T04:40:15+00:00,station2,packet_loss_pct,0.0
2026-07-21T04:40:30+00:00,station2,packet_loss_pct,0.0
2026-07-21T04:40:45+00:00,station2,packet_loss_pct,0.0
2026-07-21T04:41:00+00:00,station2,packet_loss_pct,0.0
2026-07-21T04:41:15+00:00,station2,packet_loss_pct,0.0
2026-07-21T04:41:30+00:00,station2,packet_loss_pct,0.0
2026-07-21T04:41:45+00:00,station2,packet_loss_pct,0.0
2026-07-21T04:42:00+00:00,station2,packet_loss_pct,0.0
2026-07-21T04:42:15+00:00,station2,packet_loss_pct,0.0
2026-07-21T04:42:30+00:00,station2,packet_loss_pct,0.0
2026-07-21T04:42:45+00:00,station2,packet_loss_pct,0.0
2026-07-21T04:43:00+00:00,station2,packet_loss_pct,0.0
2026-07-21T04:43:15+00:00,station2,packet_loss_pct,0.0
2026-07-21T04:43:30+00:00,station2,packet_loss_pct,0.0
2026-07-21T04:43:45+00:00,station2,packet_loss_pct,0.0
2026-07-21T04:44:00+00:00,station2,packet_loss_pct,0.0
2026-07-21T04:44:15+00:00,station2,packet_loss_pct,0.0
2026-07-21T04:44:30+00:00,station2,packet_loss_pct,0.0
2026-07-21T04:44:45+00:00,station2,packet_loss_pct,0.0
2026-07-21T04:45:00+00:00,station2,packet_loss_pct,0.0
2026-07-21T04:45:15+00:00,station2,packet_loss_pct,0.0
2026-07-21T04:45:30+00:00,station2,packet_loss_pct,0.0
2026-07-21T04:45:45+00:00,station2,packet_loss_pct,0.0
2026-07-21T04:46:00+00:00,station2,packet_loss_pct,0.0
2026-07-21T04:46:15+00:00,station2,packet_loss_pct,100.0
2026-07-21T04:46:30+00:00,station2,packet_loss_pct,0.0
2026-07-21T04:46:45+00:00,station2,packet_loss_pct,0.0
2026-07-21T04:47:00+00:00,station2,packet_loss_pct,0.0
2026-07-21T04:47:15+00:00,station2,packet_loss_pct,0.0
2026-07-21T04:47:30+00:00,station2,packet_loss_pct,0.0
2026-07-21T04:47:45+00:00,station2,packet_loss_pct,0.0
2026-07-21T04:48:00+00:00,station2,packet_loss_pct,0.0
2026-07-21T04:48:15+00:00,station2,packet_loss_pct,0.0
2026-07-21T04:48:30+00:00,station2,packet_loss_pct,40.0
2026-07-21T04:48:45+00:00,station2,packet_loss_pct,0.0
2026-07-21T04:49:00+00:00,station2,packet_loss_pct,0.0
2026-07-21T04:49:15+00:00,station2,packet_loss_pct,0.0
2026-07-21T04:49:30+00:00,station2,packet_loss_pct,0.0
2026-07-21T04:49:45+00:00,station2,packet_loss_pct,0.0
2026-07-21T04:50:00+00:00,station2,packet_loss_pct,0.0
2026-07-21T04:50:15+00:00,station2,packet_loss_pct,0.0
2026-07-21T04:50:30+00:00,station2,packet_loss_pct,0.0
2026-07-21T04:50:45+00:00,station2,packet_loss_pct,0.0
2026-07-21T04:51:00+00:00,station2,packet_loss_pct,0.0
2026-07-21T04:51:15+00:00,station2,packet_loss_pct,90.0
2026-07-21T04:51:30+00:00,station2,packet_loss_pct,0.0
2026-07-21T04:51:45+00:00,station2,packet_loss_pct,0.0
2026-07-21T04:52:00+00:00,station2,packet_loss_pct,0.0
2026-07-21T04:52:15+00:00,station2,packet_loss_pct,90.0
2026-07-21T04:52:30+00:00,station2,packet_loss_pct,90.0
2026-07-21T04:52:45+00:00,station2,packet_loss_pct,90.0
2026-07-21T04:53:00+00:00,station2,packet_loss_pct,0.0
2026-07-21T04:53:15+00:00,station2,packet_loss_pct,0.0
2026-07-21T04:53:30+00:00,station2,packet_loss_pct,33.33333333333333
2026-07-21T04:53:45+00:00,station2,packet_loss_pct,0.0
2026-07-21T04:54:00+00:00,station2,packet_loss_pct,90.0
2026-07-21T04:54:15+00:00,station2,packet_loss_pct,0.0
2026-07-21T04:54:30+00:00,station2,packet_loss_pct,0.0
2026-07-21T04:54:45+00:00,station2,packet_loss_pct,0.0
2026-07-21T04:55:00+00:00,station2,packet_loss_pct,0.0
2026-07-21T04:55:15+00:00,station2,packet_loss_pct,0.0
2026-07-21T04:55:30+00:00,station2,packet_loss_pct,0.0
2026-07-21T04:55:45+00:00,station2,packet_loss_pct,0.0
2026-07-21T04:56:00+00:00,station2,packet_loss_pct,0.0
2026-07-21T04:56:15+00:00,station2,packet_loss_pct,0.0
2026-07-21T04:56:30+00:00,station2,packet_loss_pct,0.0
2026-07-21T04:56:45+00:00,station2,packet_loss_pct,100.0
2026-07-21T04:57:00+00:00,station2,packet_loss_pct,0.0
2026-07-21T04:57:15+00:00,station2,packet_loss_pct,0.0
2026-07-21T04:57:30+00:00,station2,packet_loss_pct,0.0
2026-07-21T04:57:45+00:00,station2,packet_loss_pct,0.0
2026-07-21T04:58:00+00:00,station2,packet_loss_pct,0.0
2026-07-21T04:58:15+00:00,station2,packet_loss_pct,100.0
2026-07-21T04:58:30+00:00,station2,packet_loss_pct,100.0
2026-07-21T04:58:45+00:00,station2,packet_loss_pct,0.0
2026-07-21T04:59:00+00:00,station2,packet_loss_pct,0.0
2026-07-21T04:59:15+00:00,station2,packet_loss_pct,0.0
2026-07-21T04:59:30+00:00,station2,packet_loss_pct,0.0
2026-07-21T04:59:45+00:00,station2,packet_loss_pct,0.0
2026-07-21T05:00:00+00:00,station2,packet_loss_pct,0.0
2026-07-21T05:00:15+00:00,station2,packet_loss_pct,0.0
2026-07-21T05:00:30+00:00,station2,packet_loss_pct,0.0
2026-07-21T05:00:45+00:00,station2,packet_loss_pct,0.0
2026-07-21T05:01:00+00:00,station2,packet_loss_pct,0.0
2026-07-21T05:01:15+00:00,station2,packet_loss_pct,0.0
2026-07-21T05:01:30+00:00,station2,packet_loss_pct,0.0
2026-07-21T05:01:45+00:00,station2,packet_loss_pct,0.0
2026-07-21T05:02:00+00:00,station2,packet_loss_pct,100.0
2026-07-21T05:02:15+00:00,station2,packet_loss_pct,0.0
2026-07-21T05:02:30+00:00,station2,packet_loss_pct,90.0
2026-07-21T05:02:45+00:00,station2,packet_loss_pct,90.0
2026-07-21T05:03:00+00:00,station2,packet_loss_pct,0.0
2026-07-21T05:03:15+00:00,station2,packet_loss_pct,0.0
2026-07-21T05:03:30+00:00,station2,packet_loss_pct,0.0
2026-07-21T05:03:45+00:00,station2,packet_loss_pct,0.0
2026-07-21T05:04:00+00:00,station2,packet_loss_pct,0.0
2026-07-21T05:04:15+00:00,station2,packet_loss_pct,0.0
2026-07-21T05:04:30+00:00,station2,packet_loss_pct,0.0
2026-07-21T05:04:45+00:00,station2,packet_loss_pct,0.0
2026-07-21T05:05:00+00:00,station2,packet_loss_pct,0.0
2026-07-21T05:05:15+00:00,station2,packet_loss_pct,0.0
2026-07-21T05:05:30+00:00,station2,packet_loss_pct,0.0
2026-07-21T05:05:45+00:00,station2,packet_loss_pct,90.0
2026-07-21T05:06:00+00:00,station2,packet_loss_pct,0.0
2026-07-21T05:06:15+00:00,station2,packet_loss_pct,80.0
2026-07-21T05:06:30+00:00,station2,packet_loss_pct,0.0
2026-07-21T05:06:45+00:00,station2,packet_loss_pct,0.0
2026-07-21T05:07:00+00:00,station2,packet_loss_pct,0.0
2026-07-21T05:07:15+00:00,station2,packet_loss_pct,0.0
2026-07-21T05:07:30+00:00,station2,packet_loss_pct,0.0
2026-07-21T05:07:45+00:00,station2,packet_loss_pct,0.0
2026-07-21T05:08:00+00:00,station2,packet_loss_pct,0.0
2026-07-21T05:08:15+00:00,station2,packet_loss_pct,0.0
2026-07-21T05:08:30+00:00,station2,packet_loss_pct,0.0
2026-07-21T05:08:45+00:00,station2,packet_loss_pct,0.0
2026-07-21T05:09:00+00:00,station2,packet_loss_pct,0.0
2026-07-21T05:09:15+00:00,station2,packet_loss_pct,0.0
2026-07-21T05:09:30+00:00,station2,packet_loss_pct,0.0
2026-07-21T05:09:45+00:00,station2,packet_loss_pct,40.0
2026-07-21T05:10:00+00:00,station2,packet_loss_pct,100.0
2026-07-21T05:10:15+00:00,station2,packet_loss_pct,0.0
2026-07-21T05:10:30+00:00,station2,packet_loss_pct,0.0
2026-07-21T05:10:45+00:00,station2,packet_loss_pct,0.0
2026-07-21T05:11:00+00:00,station2,packet_loss_pct,100.0
2026-07-21T05:11:15+00:00,station2,packet_loss_pct,0.0
2026-07-21T05:11:30+00:00,station2,packet_loss_pct,0.0
2026-07-21T05:11:45+00:00,station2,packet_loss_pct,0.0
2026-07-21T05:12:00+00:00,station2,packet_loss_pct,90.0
2026-07-21T05:12:15+00:00,station2,packet_loss_pct,0.0
2026-07-21T05:12:30+00:00,station2,packet_loss_pct,0.0
2026-07-21T05:12:45+00:00,station2,packet_loss_pct,0.0
2026-07-21T05:13:00+00:00,station2,packet_loss_pct,0.0
2026-07-21T05:13:15+00:00,station2,packet_loss_pct,0.0
2026-07-21T05:13:30+00:00,station2,packet_loss_pct,0.0
2026-07-21T05:13:45+00:00,station2,packet_loss_pct,0.0
2026-07-21T05:14:00+00:00,station2,packet_loss_pct,0.0
2026-07-21T05:14:15+00:00,station2,packet_loss_pct,0.0
2026-07-21T05:14:30+00:00,station2,packet_loss_pct,0.0
2026-07-21T05:14:45+00:00,station2,packet_loss_pct,0.0
2026-07-21T05:15:00+00:00,station2,packet_loss_pct,0.0
2026-07-21T05:15:15+00:00,station2,packet_loss_pct,0.0
2026-07-21T05:15:30+00:00,station2,packet_loss_pct,0.0
2026-07-21T05:15:45+00:00,station2,packet_loss_pct,0.0
2026-07-21T05:16:00+00:00,station2,packet_loss_pct,0.0
2026-07-21T05:16:15+00:00,station2,packet_loss_pct,0.0
2026-07-21T05:16:30+00:00,station2,packet_loss_pct,0.0
2026-07-21T05:16:45+00:00,station2,packet_loss_pct,0.0
2026-07-21T05:17:00+00:00,station2,packet_loss_pct,0.0
2026-07-21T05:17:15+00:00,station2,packet_loss_pct,0.0
2026-07-21T05:17:30+00:00,station2,packet_loss_pct,0.0
2026-07-21T05:17:45+00:00,station2,packet_loss_pct,40.0
2026-07-21T05:18:00+00:00,station2,packet_loss_pct,0.0
2026-07-21T05:18:15+00:00,station2,packet_loss_pct,100.0
2026-07-21T05:18:30+00:00,station2,packet_loss_pct,57.14285714285714
2026-07-21T05:18:45+00:00,station2,packet_loss_pct,0.0
2026-07-21T05:19:00+00:00,station2,packet_loss_pct,0.0
2026-07-21T05:19:15+00:00,station2,packet_loss_pct,100.0
2026-07-21T05:19:30+00:00,station2,packet_loss_pct,100.0
2026-07-21T05:19:45+00:00,station2,packet_loss_pct,33.33333333333333
2026-07-21T05:20:00+00:00,station2,packet_loss_pct,0.0
2026-07-21T05:20:15+00:00,station2,packet_loss_pct,0.0
2026-07-21T05:20:30+00:00,station2,packet_loss_pct,100.0
2026-07-21T05:20:45+00:00,station2,packet_loss_pct,40.0
2026-07-21T05:21:00+00:00,station2,packet_loss_pct,40.0
2026-07-21T05:21:15+00:00,station2,packet_loss_pct,0.0
2026-07-21T05:21:30+00:00,station2,packet_loss_pct,0.0
2026-07-21T05:21:45+00:00,station2,packet_loss_pct,0.0
2026-07-21T05:22:00+00:00,station2,packet_loss_pct,0.0
2026-07-21T05:22:15+00:00,station2,packet_loss_pct,0.0
2026-07-21T05:22:30+00:00,station2,packet_loss_pct,0.0
2026-07-21T05:22:45+00:00,station2,packet_loss_pct,0.0
2026-07-21T05:23:00+00:00,station2,packet_loss_pct,100.0
2026-07-21T05:23:15+00:00,station2,packet_loss_pct,0.0
2026-07-21T05:23:30+00:00,station2,packet_loss_pct,20.0
2026-07-21T05:23:45+00:00,station2,packet_loss_pct,0.0
2026-07-21T05:24:00+00:00,station2,packet_loss_pct,0.0
2026-07-21T05:24:15+00:00,station2,packet_loss_pct,0.0
2026-07-21T05:24:30+00:00,station2,packet_loss_pct,0.0
2026-07-21T05:24:45+00:00,station2,packet_loss_pct,0.0
2026-07-21T05:25:00+00:00,station2,packet_loss_pct,0.0
2026-07-21T05:25:15+00:00,station2,packet_loss_pct,90.0
2026-07-21T05:25:30+00:00,station2,packet_loss_pct,90.0
2026-07-21T05:25:45+00:00,station2,packet_loss_pct,90.0
2026-07-21T05:26:00+00:00,station2,packet_loss_pct,0.0
2026-07-21T05:26:15+00:00,station2,packet_loss_pct,0.0
2026-07-21T05:26:30+00:00,station2,packet_loss_pct,0.0
2026-07-21T05:26:45+00:00,station2,packet_loss_pct,80.0
2026-07-21T05:27:00+00:00,station2,packet_loss_pct,90.0
2026-07-21T05:27:15+00:00,station2,packet_loss_pct,0.0
2026-07-21T05:27:30+00:00,station2,packet_loss_pct,0.0
2026-07-21T05:27:45+00:00,station2,packet_loss_pct,0.0
2026-07-21T05:28:00+00:00,station2,packet_loss_pct,50.0
2026-07-21T05:28:15+00:00,station2,packet_loss_pct,0.0
2026-07-21T05:28:30+00:00,station2,packet_loss_pct,0.0
2026-07-21T05:28:45+00:00,station2,packet_loss_pct,0.0
2026-07-21T05:29:00+00:00,station2,packet_loss_pct,0.0
2026-07-21T05:29:15+00:00,station2,packet_loss_pct,0.0
2026-07-21T05:29:30+00:00,station2,packet_loss_pct,0.0
2026-07-21T05:29:45+00:00,station2,packet_loss_pct,0.0
2026-07-21T05:30:00+00:00,station2,packet_loss_pct,0.0
2026-07-21T05:30:15+00:00,station2,packet_loss_pct,0.0
2026-07-21T05:30:30+00:00,station2,packet_loss_pct,100.0
2026-07-21T05:30:45+00:00,station2,packet_loss_pct,0.0
2026-07-21T05:31:00+00:00,station2,packet_loss_pct,90.0
2026-07-21T05:31:15+00:00,station2,packet_loss_pct,0.0
2026-07-21T05:31:30+00:00,station2,packet_loss_pct,0.0
2026-07-21T05:31:45+00:00,station2,packet_loss_pct,0.0
2026-07-21T05:32:00+00:00,station2,packet_loss_pct,0.0
2026-07-21T05:32:15+00:00,station2,packet_loss_pct,0.0
2026-07-21T05:32:30+00:00,station2,packet_loss_pct,0.0
2026-07-21T05:32:45+00:00,station2,packet_loss_pct,0.0
2026-07-21T05:33:00+00:00,station2,packet_loss_pct,0.0
2026-07-21T05:33:15+00:00,station2,packet_loss_pct,0.0
2026-07-21T05:33:30+00:00,station2,packet_loss_pct,0.0
2026-07-21T05:33:45+00:00,station2,packet_loss_pct,0.0
2026-07-21T05:34:00+00:00,station2,packet_loss_pct,0.0
2026-07-21T05:34:15+00:00,station2,packet_loss_pct,0.0
2026-07-21T05:34:30+00:00,station2,packet_loss_pct,0.0
2026-07-21T05:34:45+00:00,station2,packet_loss_pct,0.0
2026-07-21T05:35:00+00:00,station2,packet_loss_pct,0.0
2026-07-21T05:35:15+00:00,station2,packet_loss_pct,0.0
2026-07-21T05:35:30+00:00,station2,packet_loss_pct,0.0
2026-07-21T05:35:45+00:00,station2,packet_loss_pct,0.0
2026-07-21T05:36:00+00:00,station2,packet_loss_pct,0.0
2026-07-21T05:36:15+00:00,station2,packet_loss_pct,0.0
2026-07-21T05:36:30+00:00,station2,packet_loss_pct,0.0
2026-07-21T05:36:45+00:00,station2,packet_loss_pct,0.0
2026-07-21T05:37:00+00:00,station2,packet_loss_pct,25.0
2026-07-21T05:37:15+00:00,station2,packet_loss_pct,0.0
2026-07-21T05:37:30+00:00,station2,packet_loss_pct,0.0
2026-07-21T05:37:45+00:00,station2,packet_loss_pct,0.0
2026-07-21T05:38:00+00:00,station2,packet_loss_pct,0.0
2026-07-21T05:38:15+00:00,station2,packet_loss_pct,0.0
2026-07-21T05:38:30+00:00,station2,packet_loss_pct,0.0
2026-07-21T05:38:45+00:00,station2,packet_loss_pct,0.0
2026-07-21T05:39:00+00:00,station2,packet_loss_pct,0.0
2026-07-21T05:39:15+00:00,station2,packet_loss_pct,0.0
2026-07-21T05:39:30+00:00,station2,packet_loss_pct,0.0
2026-07-21T05:39:45+00:00,station2,packet_loss_pct,0.0
2026-07-21T05:40:00+00:00,station2,packet_loss_pct,0.0
2026-07-21T05:40:15+00:00,station2,packet_loss_pct,90.0
2026-07-21T05:40:30+00:00,station2,packet_loss_pct,0.0
2026-07-21T05:40:45+00:00,station2,packet_loss_pct,90.0
2026-07-21T05:41:00+00:00,station2,packet_loss_pct,0.0
2026-07-21T05:41:15+00:00,station2,packet_loss_pct,0.0
2026-07-21T05:41:30+00:00,station2,packet_loss_pct,0.0
2026-07-21T05:41:45+00:00,station2,packet_loss_pct,0.0
2026-07-21T05:42:00+00:00,station2,packet_loss_pct,0.0
2026-07-21T05:42:15+00:00,station2,packet_loss_pct,0.0
2026-07-21T05:42:30+00:00,station2,packet_loss_pct,0.0
2026-07-21T05:42:45+00:00,station2,packet_loss_pct,0.0
2026-07-21T05:43:00+00:00,station2,packet_loss_pct,0.0
2026-07-21T05:43:15+00:00,station2,packet_loss_pct,0.0
2026-07-21T05:43:30+00:00,station2,packet_loss_pct,0.0
2026-07-21T05:43:45+00:00,station2,packet_loss_pct,0.0
2026-07-21T05:44:00+00:00,station2,packet_loss_pct,0.0
2026-07-21T05:44:15+00:00,station2,packet_loss_pct,0.0
2026-07-21T05:44:30+00:00,station2,packet_loss_pct,0.0
2026-07-21T05:44:45+00:00,station2,packet_loss_pct,0.0
2026-07-21T05:45:00+00:00,station2,packet_loss_pct,0.0
2026-07-21T05:45:15+00:00,station2,packet_loss_pct,0.0
2026-07-21T05:45:30+00:00,station2,packet_loss_pct,0.0
2026-07-21T05:45:45+00:00,station2,packet_loss_pct,0.0
2026-07-21T05:46:00+00:00,station2,packet_loss_pct,0.0
2026-07-21T05:46:15+00:00,station2,packet_loss_pct,40.0
2026-07-21T05:46:30+00:00,station2,packet_loss_pct,90.0
2026-07-21T05:46:45+00:00,station2,packet_loss_pct,0.0
2026-07-21T05:47:00+00:00,station2,packet_loss_pct,0.0
2026-07-21T05:47:15+00:00,station2,packet_loss_pct,0.0
2026-07-21T05:47:30+00:00,station2,packet_loss_pct,0.0
2026-07-21T05:47:45+00:00,station2,packet_loss_pct,0.0
2026-07-21T05:48:00+00:00,station2,packet_loss_pct,0.0
2026-07-21T05:48:15+00:00,station2,packet_loss_pct,0.0
2026-07-21T05:48:30+00:00,station2,packet_loss_pct,0.0
2026-07-21T05:48:45+00:00,station2,packet_loss_pct,0.0
2026-07-21T05:49:00+00:00,station2,packet_loss_pct,0.0
2026-07-21T05:49:15+00:00,station2,packet_loss_pct,100.0
2026-07-21T05:49:30+00:00,station2,packet_loss_pct,0.0
2026-07-21T05:49:45+00:00,station2,packet_loss_pct,0.0
2026-07-21T05:50:00+00:00,station2,packet_loss_pct,0.0
2026-07-21T05:50:15+00:00,station2,packet_loss_pct,0.0
2026-07-21T05:50:30+00:00,station2,packet_loss_pct,0.0
2026-07-21T05:50:45+00:00,station2,packet_loss_pct,0.0
2026-07-21T05:51:00+00:00,station2,packet_loss_pct,0.0
2026-07-21T05:51:15+00:00,station2,packet_loss_pct,0.0
2026-07-21T05:51:30+00:00,station2,packet_loss_pct,0.0
2026-07-21T05:51:45+00:00,station2,packet_loss_pct,0.0
2026-07-21T05:52:00+00:00,station2,packet_loss_pct,0.0
2026-07-21T05:52:15+00:00,station2,packet_loss_pct,0.0
2026-07-21T05:52:30+00:00,station2,packet_loss_pct,0.0
2026-07-21T05:52:45+00:00,station2,packet_loss_pct,20.0
2026-07-21T05:53:00+00:00,station2,packet_loss_pct,90.0
2026-07-21T05:53:15+00:00,station2,packet_loss_pct,0.0
2026-07-21T05:53:30+00:00,station2,packet_loss_pct,0.0
2026-07-21T05:53:45+00:00,station2,packet_loss_pct,0.0
2026-07-21T05:54:00+00:00,station2,packet_loss_pct,0.0
2026-07-21T05:54:15+00:00,station2,packet_loss_pct,0.0
2026-07-21T05:54:30+00:00,station2,packet_loss_pct,0.0
2026-07-21T04:06:30+00:00,station3,packet_loss_pct,0.0
2026-07-21T04:06:45+00:00,station3,packet_loss_pct,0.0
2026-07-21T04:07:00+00:00,station3,packet_loss_pct,100.0
2026-07-21T04:07:15+00:00,station3,packet_loss_pct,0.0
2026-07-21T04:07:30+00:00,station3,packet_loss_pct,0.0
2026-07-21T04:07:45+00:00,station3,packet_loss_pct,0.0
2026-07-21T04:08:00+00:00,station3,packet_loss_pct,0.0
2026-07-21T04:08:15+00:00,station3,packet_loss_pct,0.0
2026-07-21T04:08:30+00:00,station3,packet_loss_pct,0.0
2026-07-21T04:08:45+00:00,station3,packet_loss_pct,0.0
2026-07-21T04:09:00+00:00,station3,packet_loss_pct,0.0
2026-07-21T04:09:15+00:00,station3,packet_loss_pct,0.0
2026-07-21T04:09:30+00:00,station3,packet_loss_pct,50.0
2026-07-21T04:09:45+00:00,station3,packet_loss_pct,0.0
2026-07-21T04:10:00+00:00,station3,packet_loss_pct,0.0
2026-07-21T04:10:15+00:00,station3,packet_loss_pct,0.0
2026-07-21T04:10:30+00:00,station3,packet_loss_pct,0.0
2026-07-21T04:10:45+00:00,station3,packet_loss_pct,0.0
2026-07-21T04:11:00+00:00,station3,packet_loss_pct,0.0
2026-07-21T04:11:15+00:00,station3,packet_loss_pct,0.0
2026-07-21T04:11:30+00:00,station3,packet_loss_pct,0.0
2026-07-21T04:11:45+00:00,station3,packet_loss_pct,100.0
2026-07-21T04:12:00+00:00,station3,packet_loss_pct,0.0
2026-07-21T04:12:15+00:00,station3,packet_loss_pct,100.0
2026-07-21T04:12:30+00:00,station3,packet_loss_pct,0.0
2026-07-21T04:12:45+00:00,station3,packet_loss_pct,0.0
2026-07-21T04:13:00+00:00,station3,packet_loss_pct,0.0
2026-07-21T04:13:15+00:00,station3,packet_loss_pct,0.0
2026-07-21T04:13:30+00:00,station3,packet_loss_pct,0.0
2026-07-21T04:13:45+00:00,station3,packet_loss_pct,0.0
2026-07-21T04:14:00+00:00,station3,packet_loss_pct,0.0
2026-07-21T04:14:15+00:00,station3,packet_loss_pct,90.0
2026-07-21T04:14:30+00:00,station3,packet_loss_pct,0.0
2026-07-21T04:14:45+00:00,station3,packet_loss_pct,100.0
2026-07-21T04:15:00+00:00,station3,packet_loss_pct,100.0
2026-07-21T04:15:15+00:00,station3,packet_loss_pct,0.0
2026-07-21T04:15:30+00:00,station3,packet_loss_pct,0.0
2026-07-21T04:15:45+00:00,station3,packet_loss_pct,0.0
2026-07-21T04:16:00+00:00,station3,packet_loss_pct,0.0
2026-07-21T04:16:15+00:00,station3,packet_loss_pct,0.0
2026-07-21T04:16:30+00:00,station3,packet_loss_pct,0.0
2026-07-21T04:16:45+00:00,station3,packet_loss_pct,80.0
2026-07-21T04:17:00+00:00,station3,packet_loss_pct,0.0
2026-07-21T04:17:15+00:00,station3,packet_loss_pct,0.0
2026-07-21T04:17:30+00:00,station3,packet_loss_pct,0.0
2026-07-21T04:17:45+00:00,station3,packet_loss_pct,0.0
2026-07-21T04:18:00+00:00,station3,packet_loss_pct,0.0
2026-07-21T04:18:15+00:00,station3,packet_loss_pct,0.0
2026-07-21T04:18:30+00:00,station3,packet_loss_pct,0.0
2026-07-21T04:18:45+00:00,station3,packet_loss_pct,0.0
2026-07-21T04:19:00+00:00,station3,packet_loss_pct,0.0
2026-07-21T04:19:15+00:00,station3,packet_loss_pct,0.0
2026-07-21T04:19:30+00:00,station3,packet_loss_pct,0.0
2026-07-21T04:19:45+00:00,station3,packet_loss_pct,0.0
2026-07-21T04:20:00+00:00,station3,packet_loss_pct,0.0
2026-07-21T04:20:15+00:00,station3,packet_loss_pct,0.0
2026-07-21T04:20:30+00:00,station3,packet_loss_pct,0.0
2026-07-21T04:20:45+00:00,station3,packet_loss_pct,0.0
2026-07-21T04:21:00+00:00,station3,packet_loss_pct,0.0
2026-07-21T04:21:15+00:00,station3,packet_loss_pct,0.0
2026-07-21T04:21:30+00:00,station3,packet_loss_pct,0.0
2026-07-21T04:21:45+00:00,station3,packet_loss_pct,0.0
2026-07-21T04:22:00+00:00,station3,packet_loss_pct,0.0
2026-07-21T04:22:15+00:00,station3,packet_loss_pct,0.0
2026-07-21T04:22:30+00:00,station3,packet_loss_pct,0.0
2026-07-21T04:22:45+00:00,station3,packet_loss_pct,0.0
2026-07-21T04:23:00+00:00,station3,packet_loss_pct,20.0
2026-07-21T04:23:15+00:00,station3,packet_loss_pct,0.0
2026-07-21T04:23:30+00:00,station3,packet_loss_pct,0.0
2026-07-21T04:23:45+00:00,station3,packet_loss_pct,0.0
2026-07-21T04:24:00+00:00,station3,packet_loss_pct,0.0
2026-07-21T04:24:15+00:00,station3,packet_loss_pct,0.0
2026-07-21T04:24:30+00:00,station3,packet_loss_pct,0.0
2026-07-21T04:24:45+00:00,station3,packet_loss_pct,0.0
2026-07-21T04:25:00+00:00,station3,packet_loss_pct,0.0
2026-07-21T04:25:15+00:00,station3,packet_loss_pct,0.0
2026-07-21T04:25:30+00:00,station3,packet_loss_pct,0.0
2026-07-21T04:25:45+00:00,station3,packet_loss_pct,0.0
2026-07-21T04:26:00+00:00,station3,packet_loss_pct,0.0
2026-07-21T04:26:15+00:00,station3,packet_loss_pct,0.0
2026-07-21T04:26:30+00:00,station3,packet_loss_pct,0.0
2026-07-21T04:26:45+00:00,station3,packet_loss_pct,0.0
2026-07-21T04:27:00+00:00,station3,packet_loss_pct,0.0
2026-07-21T04:27:15+00:00,station3,packet_loss_pct,0.0
2026-07-21T04:27:30+00:00,station3,packet_loss_pct,0.0
2026-07-21T04:27:45+00:00,station3,packet_loss_pct,0.0
2026-07-21T04:28:00+00:00,station3,packet_loss_pct,100.0
2026-07-21T04:28:15+00:00,station3,packet_loss_pct,90.0
2026-07-21T04:28:30+00:00,station3,packet_loss_pct,0.0
2026-07-21T04:28:45+00:00,station3,packet_loss_pct,0.0
2026-07-21T04:29:00+00:00,station3,packet_loss_pct,0.0
2026-07-21T04:29:15+00:00,station3,packet_loss_pct,0.0
2026-07-21T04:29:30+00:00,station3,packet_loss_pct,0.0
2026-07-21T04:29:45+00:00,station3,packet_loss_pct,0.0
2026-07-21T04:30:00+00:00,station3,packet_loss_pct,0.0
2026-07-21T04:30:15+00:00,station3,packet_loss_pct,0.0
2026-07-21T04:30:30+00:00,station3,packet_loss_pct,0.0
2026-07-21T04:30:45+00:00,station3,packet_loss_pct,0.0
2026-07-21T04:31:00+00:00,station3,packet_loss_pct,0.0
2026-07-21T04:31:15+00:00,station3,packet_loss_pct,0.0
2026-07-21T04:31:30+00:00,station3,packet_loss_pct,0.0
2026-07-21T04:31:45+00:00,station3,packet_loss_pct,0.0
2026-07-21T04:32:00+00:00,station3,packet_loss_pct,0.0
2026-07-21T04:32:15+00:00,station3,packet_loss_pct,90.0
2026-07-21T04:32:30+00:00,station3,packet_loss_pct,0.0
2026-07-21T04:32:45+00:00,station3,packet_loss_pct,0.0
2026-07-21T04:33:00+00:00,station3,packet_loss_pct,0.0
2026-07-21T04:33:15+00:00,station3,packet_loss_pct,90.0
2026-07-21T04:33:30+00:00,station3,packet_loss_pct,0.0
2026-07-21T04:33:45+00:00,station3,packet_loss_pct,0.0
2026-07-21T04:34:00+00:00,station3,packet_loss_pct,0.0
2026-07-21T04:34:15+00:00,station3,packet_loss_pct,0.0
2026-07-21T04:34:30+00:00,station3,packet_loss_pct,0.0
2026-07-21T04:34:45+00:00,station3,packet_loss_pct,0.0
2026-07-21T04:35:00+00:00,station3,packet_loss_pct,0.0
2026-07-21T04:35:15+00:00,station3,packet_loss_pct,100.0
2026-07-21T04:35:30+00:00,station3,packet_loss_pct,0.0
2026-07-21T04:35:45+00:00,station3,packet_loss_pct,0.0
2026-07-21T04:36:00+00:00,station3,packet_loss_pct,0.0
2026-07-21T04:36:15+00:00,station3,packet_loss_pct,0.0
2026-07-21T04:36:30+00:00,station3,packet_loss_pct,0.0
2026-07-21T04:36:45+00:00,station3,packet_loss_pct,0.0
2026-07-21T04:37:00+00:00,station3,packet_loss_pct,0.0
2026-07-21T04:37:15+00:00,station3,packet_loss_pct,0.0
2026-07-21T04:37:30+00:00,station3,packet_loss_pct,0.0
2026-07-21T04:37:45+00:00,station3,packet_loss_pct,0.0
2026-07-21T04:38:00+00:00,station3,packet_loss_pct,0.0
2026-07-21T04:38:15+00:00,station3,packet_loss_pct,0.0
2026-07-21T04:38:30+00:00,station3,packet_loss_pct,0.0
2026-07-21T04:38:45+00:00,station3,packet_loss_pct,0.0
2026-07-21T04:39:00+00:00,station3,packet_loss_pct,0.0
2026-07-21T04:39:15+00:00,station3,packet_loss_pct,0.0
2026-07-21T04:39:30+00:00,station3,packet_loss_pct,0.0
2026-07-21T04:39:45+00:00,station3,packet_loss_pct,0.0
2026-07-21T04:40:00+00:00,station3,packet_loss_pct,0.0
2026-07-21T04:40:15+00:00,station3,packet_loss_pct,0.0
2026-07-21T04:40:30+00:00,station3,packet_loss_pct,0.0
2026-07-21T04:40:45+00:00,station3,packet_loss_pct,0.0
2026-07-21T04:41:00+00:00,station3,packet_loss_pct,0.0
2026-07-21T04:41:15+00:00,station3,packet_loss_pct,0.0
2026-07-21T04:41:30+00:00,station3,packet_loss_pct,0.0
2026-07-21T04:41:45+00:00,station3,packet_loss_pct,0.0
2026-07-21T04:42:00+00:00,station3,packet_loss_pct,0.0
2026-07-21T04:42:15+00:00,station3,packet_loss_pct,0.0
2026-07-21T04:42:30+00:00,station3,packet_loss_pct,0.0
2026-07-21T04:42:45+00:00,station3,packet_loss_pct,0.0
2026-07-21T04:43:00+00:00,station3,packet_loss_pct,0.0
2026-07-21T04:43:15+00:00,station3,packet_loss_pct,0.0
2026-07-21T04:43:30+00:00,station3,packet_loss_pct,20.0
2026-07-21T04:43:45+00:00,station3,packet_loss_pct,40.0
2026-07-21T04:44:00+00:00,station3,packet_loss_pct,16.666666666666664
2026-07-21T04:44:15+00:00,station3,packet_loss_pct,0.0
2026-07-21T04:44:30+00:00,station3,packet_loss_pct,0.0
2026-07-21T04:44:45+00:00,station3,packet_loss_pct,0.0
2026-07-21T04:45:00+00:00,station3,packet_loss_pct,0.0
2026-07-21T04:45:15+00:00,station3,packet_loss_pct,0.0
2026-07-21T04:45:30+00:00,station3,packet_loss_pct,0.0
2026-07-21T04:45:45+00:00,station3,packet_loss_pct,0.0
2026-07-21T04:46:00+00:00,station3,packet_loss_pct,0.0
2026-07-21T04:46:15+00:00,station3,packet_loss_pct,100.0
2026-07-21T04:46:30+00:00,station3,packet_loss_pct,0.0
2026-07-21T04:46:45+00:00,station3,packet_loss_pct,0.0
2026-07-21T04:47:00+00:00,station3,packet_loss_pct,0.0
2026-07-21T04:47:15+00:00,station3,packet_loss_pct,0.0
2026-07-21T04:47:30+00:00,station3,packet_loss_pct,0.0
2026-07-21T04:47:45+00:00,station3,packet_loss_pct,0.0
2026-07-21T04:48:00+00:00,station3,packet_loss_pct,0.0
2026-07-21T04:48:15+00:00,station3,packet_loss_pct,0.0
2026-07-21T04:48:30+00:00,station3,packet_loss_pct,0.0
2026-07-21T04:48:45+00:00,station3,packet_loss_pct,0.0
2026-07-21T04:49:00+00:00,station3,packet_loss_pct,0.0
2026-07-21T04:49:15+00:00,station3,packet_loss_pct,0.0
2026-07-21T04:49:30+00:00,station3,packet_loss_pct,0.0
2026-07-21T04:49:45+00:00,station3,packet_loss_pct,0.0
2026-07-21T04:50:00+00:00,station3,packet_loss_pct,100.0
2026-07-21T04:50:15+00:00,station3,packet_loss_pct,0.0
2026-07-21T04:50:30+00:00,station3,packet_loss_pct,0.0
2026-07-21T04:50:45+00:00,station3,packet_loss_pct,0.0
2026-07-21T04:51:00+00:00,station3,packet_loss_pct,0.0
2026-07-21T04:51:15+00:00,station3,packet_loss_pct,90.0
2026-07-21T04:51:30+00:00,station3,packet_loss_pct,0.0
2026-07-21T04:51:45+00:00,station3,packet_loss_pct,0.0
2026-07-21T04:52:00+00:00,station3,packet_loss_pct,0.0
2026-07-21T04:52:15+00:00,station3,packet_loss_pct,0.0
2026-07-21T04:52:30+00:00,station3,packet_loss_pct,0.0
2026-07-21T04:52:45+00:00,station3,packet_loss_pct,0.0
2026-07-21T04:53:00+00:00,station3,packet_loss_pct,0.0
2026-07-21T04:53:15+00:00,station3,packet_loss_pct,0.0
2026-07-21T04:53:30+00:00,station3,packet_loss_pct,0.0
2026-07-21T04:53:45+00:00,station3,packet_loss_pct,0.0
2026-07-21T04:54:00+00:00,station3,packet_loss_pct,0.0
2026-07-21T04:54:15+00:00,station3,packet_loss_pct,0.0
2026-07-21T04:54:30+00:00,station3,packet_loss_pct,0.0
2026-07-21T04:54:45+00:00,station3,packet_loss_pct,0.0
2026-07-21T04:55:00+00:00,station3,packet_loss_pct,0.0
2026-07-21T04:55:15+00:00,station3,packet_loss_pct,0.0
2026-07-21T04:55:30+00:00,station3,packet_loss_pct,0.0
2026-07-21T04:55:45+00:00,station3,packet_loss_pct,0.0
2026-07-21T04:56:00+00:00,station3,packet_loss_pct,0.0
2026-07-21T04:56:15+00:00,station3,packet_loss_pct,0.0
2026-07-21T04:56:30+00:00,station3,packet_loss_pct,0.0
2026-07-21T04:56:45+00:00,station3,packet_loss_pct,100.0
2026-07-21T04:57:00+00:00,station3,packet_loss_pct,0.0
2026-07-21T04:57:15+00:00,station3,packet_loss_pct,0.0
2026-07-21T04:57:30+00:00,station3,packet_loss_pct,0.0
2026-07-21T04:57:45+00:00,station3,packet_loss_pct,0.0
2026-07-21T04:58:00+00:00,station3,packet_loss_pct,0.0
2026-07-21T04:58:15+00:00,station3,packet_loss_pct,0.0
2026-07-21T04:58:30+00:00,station3,packet_loss_pct,0.0
2026-07-21T04:58:45+00:00,station3,packet_loss_pct,0.0
2026-07-21T04:59:00+00:00,station3,packet_loss_pct,0.0
2026-07-21T04:59:15+00:00,station3,packet_loss_pct,0.0
2026-07-21T04:59:30+00:00,station3,packet_loss_pct,100.0
2026-07-21T04:59:45+00:00,station3,packet_loss_pct,100.0
2026-07-21T05:00:00+00:00,station3,packet_loss_pct,0.0
2026-07-21T05:00:15+00:00,station3,packet_loss_pct,0.0
2026-07-21T05:00:30+00:00,station3,packet_loss_pct,0.0
2026-07-21T05:00:45+00:00,station3,packet_loss_pct,0.0
2026-07-21T05:01:00+00:00,station3,packet_loss_pct,0.0
2026-07-21T05:01:15+00:00,station3,packet_loss_pct,0.0
2026-07-21T05:01:30+00:00,station3,packet_loss_pct,0.0
2026-07-21T05:01:45+00:00,station3,packet_loss_pct,0.0
2026-07-21T05:02:00+00:00,station3,packet_loss_pct,100.0
2026-07-21T05:02:15+00:00,station3,packet_loss_pct,0.0
2026-07-21T05:02:30+00:00,station3,packet_loss_pct,0.0
2026-07-21T05:02:45+00:00,station3,packet_loss_pct,90.0
2026-07-21T05:03:00+00:00,station3,packet_loss_pct,0.0
2026-07-21T05:03:15+00:00,station3,packet_loss_pct,0.0
2026-07-21T05:03:30+00:00,station3,packet_loss_pct,0.0
2026-07-21T05:03:45+00:00,station3,packet_loss_pct,0.0
2026-07-21T05:04:00+00:00,station3,packet_loss_pct,0.0
2026-07-21T05:04:15+00:00,station3,packet_loss_pct,0.0
2026-07-21T05:04:30+00:00,station3,packet_loss_pct,0.0
2026-07-21T05:04:45+00:00,station3,packet_loss_pct,0.0
2026-07-21T05:05:00+00:00,station3,packet_loss_pct,0.0
2026-07-21T05:05:15+00:00,station3,packet_loss_pct,0.0
2026-07-21T05:05:30+00:00,station3,packet_loss_pct,0.0
2026-07-21T05:05:45+00:00,station3,packet_loss_pct,100.0
2026-07-21T05:06:00+00:00,station3,packet_loss_pct,0.0
2026-07-21T05:06:15+00:00,station3,packet_loss_pct,90.0
2026-07-21T05:06:30+00:00,station3,packet_loss_pct,0.0
2026-07-21T05:06:45+00:00,station3,packet_loss_pct,0.0
2026-07-21T05:07:00+00:00,station3,packet_loss_pct,0.0
2026-07-21T05:07:15+00:00,station3,packet_loss_pct,0.0
2026-07-21T05:07:30+00:00,station3,packet_loss_pct,0.0
2026-07-21T05:07:45+00:00,station3,packet_loss_pct,0.0
2026-07-21T05:08:00+00:00,station3,packet_loss_pct,0.0
2026-07-21T05:08:15+00:00,station3,packet_loss_pct,0.0
2026-07-21T05:08:30+00:00,station3,packet_loss_pct,0.0
2026-07-21T05:08:45+00:00,station3,packet_loss_pct,0.0
2026-07-21T05:09:00+00:00,station3,packet_loss_pct,0.0
2026-07-21T05:09:15+00:00,station3,packet_loss_pct,0.0
2026-07-21T05:09:30+00:00,station3,packet_loss_pct,0.0
2026-07-21T05:09:45+00:00,station3,packet_loss_pct,100.0
2026-07-21T05:10:00+00:00,station3,packet_loss_pct,0.0
2026-07-21T05:10:15+00:00,station3,packet_loss_pct,0.0
2026-07-21T05:10:30+00:00,station3,packet_loss_pct,0.0
2026-07-21T05:10:45+00:00,station3,packet_loss_pct,0.0
2026-07-21T05:11:00+00:00,station3,packet_loss_pct,100.0
2026-07-21T05:11:15+00:00,station3,packet_loss_pct,0.0
2026-07-21T05:11:30+00:00,station3,packet_loss_pct,0.0
2026-07-21T05:11:45+00:00,station3,packet_loss_pct,0.0
2026-07-21T05:12:00+00:00,station3,packet_loss_pct,0.0
2026-07-21T05:12:15+00:00,station3,packet_loss_pct,0.0
2026-07-21T05:12:30+00:00,station3,packet_loss_pct,0.0
2026-07-21T05:12:45+00:00,station3,packet_loss_pct,0.0
2026-07-21T05:13:00+00:00,station3,packet_loss_pct,0.0
2026-07-21T05:13:15+00:00,station3,packet_loss_pct,0.0
2026-07-21T05:13:30+00:00,station3,packet_loss_pct,0.0
2026-07-21T05:13:45+00:00,station3,packet_loss_pct,0.0
2026-07-21T05:14:00+00:00,station3,packet_loss_pct,0.0
2026-07-21T05:14:15+00:00,station3,packet_loss_pct,0.0
2026-07-21T05:14:30+00:00,station3,packet_loss_pct,0.0
2026-07-21T05:14:45+00:00,station3,packet_loss_pct,0.0
2026-07-21T05:15:00+00:00,station3,packet_loss_pct,0.0
2026-07-21T05:15:15+00:00,station3,packet_loss_pct,0.0
2026-07-21T05:15:30+00:00,station3,packet_loss_pct,0.0
2026-07-21T05:15:45+00:00,station3,packet_loss_pct,90.0
2026-07-21T05:16:00+00:00,station3,packet_loss_pct,0.0
2026-07-21T05:16:15+00:00,station3,packet_loss_pct,16.666666666666664
2026-07-21T05:16:30+00:00,station3,packet_loss_pct,0.0
2026-07-21T05:16:45+00:00,station3,packet_loss_pct,0.0
2026-07-21T05:17:00+00:00,station3,packet_loss_pct,0.0
2026-07-21T05:17:15+00:00,station3,packet_loss_pct,0.0
2026-07-21T05:17:30+00:00,station3,packet_loss_pct,0.0
2026-07-21T05:17:45+00:00,station3,packet_loss_pct,0.0
2026-07-21T05:18:00+00:00,station3,packet_loss_pct,0.0
2026-07-21T05:18:15+00:00,station3,packet_loss_pct,0.0
2026-07-21T05:18:30+00:00,station3,packet_loss_pct,0.0
2026-07-21T05:18:45+00:00,station3,packet_loss_pct,0.0
2026-07-21T05:19:00+00:00,station3,packet_loss_pct,0.0
2026-07-21T05:19:15+00:00,station3,packet_loss_pct,100.0
2026-07-21T05:19:30+00:00,station3,packet_loss_pct,100.0
2026-07-21T05:19:45+00:00,station3,packet_loss_pct,0.0
2026-07-21T05:20:00+00:00,station3,packet_loss_pct,0.0
2026-07-21T05:20:15+00:00,station3,packet_loss_pct,0.0
2026-07-21T05:20:30+00:00,station3,packet_loss_pct,100.0
2026-07-21T05:20:45+00:00,station3,packet_loss_pct,0.0
2026-07-21T05:21:00+00:00,station3,packet_loss_pct,0.0
2026-07-21T05:21:15+00:00,station3,packet_loss_pct,0.0
2026-07-21T05:21:30+00:00,station3,packet_loss_pct,0.0
2026-07-21T05:21:45+00:00,station3,packet_loss_pct,0.0
2026-07-21T05:22:00+00:00,station3,packet_loss_pct,0.0
2026-07-21T05:22:15+00:00,station3,packet_loss_pct,0.0
2026-07-21T05:22:30+00:00,station3,packet_loss_pct,0.0
2026-07-21T05:22:45+00:00,station3,packet_loss_pct,0.0
2026-07-21T05:23:00+00:00,station3,packet_loss_pct,100.0
2026-07-21T05:23:15+00:00,station3,packet_loss_pct,0.0
2026-07-21T05:23:30+00:00,station3,packet_loss_pct,0.0
2026-07-21T05:23:45+00:00,station3,packet_loss_pct,0.0
2026-07-21T05:24:00+00:00,station3,packet_loss_pct,0.0
2026-07-21T05:24:15+00:00,station3,packet_loss_pct,20.0
2026-07-21T05:24:30+00:00,station3,packet_loss_pct,0.0
2026-07-21T05:24:45+00:00,station3,packet_loss_pct,0.0
2026-07-21T05:25:00+00:00,station3,packet_loss_pct,0.0
2026-07-21T05:25:15+00:00,station3,packet_loss_pct,90.0
2026-07-21T05:25:30+00:00,station3,packet_loss_pct,90.0
2026-07-21T05:25:45+00:00,station3,packet_loss_pct,0.0
2026-07-21T05:26:00+00:00,station3,packet_loss_pct,0.0
2026-07-21T05:26:15+00:00,station3,packet_loss_pct,0.0
2026-07-21T05:26:30+00:00,station3,packet_loss_pct,0.0
2026-07-21T05:26:45+00:00,station3,packet_loss_pct,90.0
2026-07-21T05:27:00+00:00,station3,packet_loss_pct,0.0
2026-07-21T05:27:15+00:00,station3,packet_loss_pct,0.0
2026-07-21T05:27:30+00:00,station3,packet_loss_pct,0.0
2026-07-21T05:27:45+00:00,station3,packet_loss_pct,0.0
2026-07-21T05:28:00+00:00,station3,packet_loss_pct,0.0
2026-07-21T05:28:15+00:00,station3,packet_loss_pct,0.0
2026-07-21T05:28:30+00:00,station3,packet_loss_pct,0.0
2026-07-21T05:28:45+00:00,station3,packet_loss_pct,0.0
2026-07-21T05:29:00+00:00,station3,packet_loss_pct,0.0
2026-07-21T05:29:15+00:00,station3,packet_loss_pct,0.0
2026-07-21T05:29:30+00:00,station3,packet_loss_pct,0.0
2026-07-21T05:29:45+00:00,station3,packet_loss_pct,0.0
2026-07-21T05:30:00+00:00,station3,packet_loss_pct,0.0
2026-07-21T05:30:15+00:00,station3,packet_loss_pct,0.0
2026-07-21T05:30:30+00:00,station3,packet_loss_pct,0.0
2026-07-21T05:30:45+00:00,station3,packet_loss_pct,0.0
2026-07-21T05:31:00+00:00,station3,packet_loss_pct,0.0
2026-07-21T05:31:15+00:00,station3,packet_loss_pct,0.0
2026-07-21T05:31:30+00:00,station3,packet_loss_pct,0.0
2026-07-21T05:31:45+00:00,station3,packet_loss_pct,0.0
2026-07-21T05:32:00+00:00,station3,packet_loss_pct,0.0
2026-07-21T05:32:15+00:00,station3,packet_loss_pct,0.0
2026-07-21T05:32:30+00:00,station3,packet_loss_pct,25.0
2026-07-21T05:32:45+00:00,station3,packet_loss_pct,0.0
2026-07-21T05:33:00+00:00,station3,packet_loss_pct,70.0
2026-07-21T05:33:15+00:00,station3,packet_loss_pct,0.0
2026-07-21T05:33:30+00:00,station3,packet_loss_pct,0.0
2026-07-21T05:33:45+00:00,station3,packet_loss_pct,0.0
2026-07-21T05:34:00+00:00,station3,packet_loss_pct,0.0
2026-07-21T05:34:15+00:00,station3,packet_loss_pct,0.0
2026-07-21T05:34:30+00:00,station3,packet_loss_pct,25.0
2026-07-21T05:34:45+00:00,station3,packet_loss_pct,0.0
2026-07-21T05:35:00+00:00,station3,packet_loss_pct,0.0
2026-07-21T05:35:15+00:00,station3,packet_loss_pct,0.0
2026-07-21T05:35:30+00:00,station3,packet_loss_pct,0.0
2026-07-21T05:35:45+00:00,station3,packet_loss_pct,0.0
2026-07-21T05:36:00+00:00,station3,packet_loss_pct,0.0
2026-07-21T05:36:15+00:00,station3,packet_loss_pct,0.0
2026-07-21T05:36:30+00:00,station3,packet_loss_pct,0.0
2026-07-21T05:36:45+00:00,station3,packet_loss_pct,0.0
2026-07-21T05:37:00+00:00,station3,packet_loss_pct,0.0
2026-07-21T05:37:15+00:00,station3,packet_loss_pct,0.0
2026-07-21T05:37:30+00:00,station3,packet_loss_pct,0.0
2026-07-21T05:37:45+00:00,station3,packet_loss_pct,0.0
2026-07-21T05:38:00+00:00,station3,packet_loss_pct,0.0
2026-07-21T05:38:15+00:00,station3,packet_loss_pct,0.0
2026-07-21T05:38:30+00:00,station3,packet_loss_pct,0.0
2026-07-21T05:38:45+00:00,station3,packet_loss_pct,0.0
2026-07-21T05:39:00+00:00,station3,packet_loss_pct,0.0
2026-07-21T05:39:15+00:00,station3,packet_loss_pct,0.0
2026-07-21T05:39:30+00:00,station3,packet_loss_pct,0.0
2026-07-21T05:39:45+00:00,station3,packet_loss_pct,0.0
2026-07-21T05:40:00+00:00,station3,packet_loss_pct,0.0
2026-07-21T05:40:15+00:00,station3,packet_loss_pct,100.0
2026-07-21T05:40:30+00:00,station3,packet_loss_pct,0.0
2026-07-21T05:40:45+00:00,station3,packet_loss_pct,100.0
2026-07-21T05:41:00+00:00,station3,packet_loss_pct,0.0
2026-07-21T05:41:15+00:00,station3,packet_loss_pct,0.0
2026-07-21T05:41:30+00:00,station3,packet_loss_pct,0.0
2026-07-21T05:41:45+00:00,station3,packet_loss_pct,100.0
2026-07-21T05:42:00+00:00,station3,packet_loss_pct,0.0
2026-07-21T05:42:15+00:00,station3,packet_loss_pct,0.0
2026-07-21T05:42:30+00:00,station3,packet_loss_pct,0.0
2026-07-21T05:42:45+00:00,station3,packet_loss_pct,0.0
2026-07-21T05:43:00+00:00,station3,packet_loss_pct,0.0
2026-07-21T05:43:15+00:00,station3,packet_loss_pct,0.0
2026-07-21T05:43:30+00:00,station3,packet_loss_pct,0.0
2026-07-21T05:43:45+00:00,station3,packet_loss_pct,0.0
2026-07-21T05:44:00+00:00,station3,packet_loss_pct,100.0
2026-07-21T05:44:15+00:00,station3,packet_loss_pct,0.0
2026-07-21T05:44:30+00:00,station3,packet_loss_pct,0.0
2026-07-21T05:44:45+00:00,station3,packet_loss_pct,0.0
2026-07-21T05:45:00+00:00,station3,packet_loss_pct,0.0
2026-07-21T05:45:15+00:00,station3,packet_loss_pct,0.0
2026-07-21T05:45:30+00:00,station3,packet_loss_pct,0.0
2026-07-21T05:45:45+00:00,station3,packet_loss_pct,0.0
2026-07-21T05:46:00+00:00,station3,packet_loss_pct,0.0
2026-07-21T05:46:15+00:00,station3,packet_loss_pct,0.0
2026-07-21T05:46:30+00:00,station3,packet_loss_pct,0.0
2026-07-21T05:46:45+00:00,station3,packet_loss_pct,0.0
2026-07-21T05:47:00+00:00,station3,packet_loss_pct,0.0
2026-07-21T05:47:15+00:00,station3,packet_loss_pct,0.0
2026-07-21T05:47:30+00:00,station3,packet_loss_pct,90.0
2026-07-21T05:47:45+00:00,station3,packet_loss_pct,0.0
2026-07-21T05:48:00+00:00,station3,packet_loss_pct,100.0
2026-07-21T05:48:15+00:00,station3,packet_loss_pct,0.0
2026-07-21T05:48:30+00:00,station3,packet_loss_pct,40.0
2026-07-21T05:48:45+00:00,station3,packet_loss_pct,0.0
2026-07-21T05:49:00+00:00,station3,packet_loss_pct,0.0
2026-07-21T05:49:15+00:00,station3,packet_loss_pct,100.0
2026-07-21T05:49:30+00:00,station3,packet_loss_pct,0.0
2026-07-21T05:49:45+00:00,station3,packet_loss_pct,0.0
2026-07-21T05:50:00+00:00,station3,packet_loss_pct,0.0
2026-07-21T05:50:15+00:00,station3,packet_loss_pct,0.0
2026-07-21T05:50:30+00:00,station3,packet_loss_pct,0.0
2026-07-21T05:50:45+00:00,station3,packet_loss_pct,0.0
2026-07-21T05:51:00+00:00,station3,packet_loss_pct,0.0
2026-07-21T05:51:15+00:00,station3,packet_loss_pct,0.0
2026-07-21T05:51:30+00:00,station3,packet_loss_pct,0.0
2026-07-21T05:51:45+00:00,station3,packet_loss_pct,0.0
2026-07-21T05:52:00+00:00,station3,packet_loss_pct,0.0
2026-07-21T05:52:15+00:00,station3,packet_loss_pct,0.0
2026-07-21T05:52:30+00:00,station3,packet_loss_pct,0.0
2026-07-21T05:52:45+00:00,station3,packet_loss_pct,0.0
2026-07-21T05:53:00+00:00,station3,packet_loss_pct,90.0
2026-07-21T05:53:15+00:00,station3,packet_loss_pct,0.0
2026-07-21T05:53:30+00:00,station3,packet_loss_pct,0.0
2026-07-21T05:53:45+00:00,station3,packet_loss_pct,0.0
2026-07-21T05:54:00+00:00,station3,packet_loss_pct,0.0
2026-07-21T05:54:15+00:00,station3,packet_loss_pct,100.0
2026-07-21T05:54:30+00:00,station3,packet_loss_pct,0.0
2026-07-21T04:06:30+00:00,station1,jitter_ms,829.709
2026-07-21T04:06:45+00:00,station1,jitter_ms,830.053
2026-07-21T04:07:00+00:00,station1,jitter_ms,830.053
2026-07-21T04:07:15+00:00,station1,jitter_ms,2048.54
2026-07-21T04:07:30+00:00,station1,jitter_ms,1.641
2026-07-21T04:07:45+00:00,station1,jitter_ms,0.174
2026-07-21T04:08:00+00:00,station1,jitter_ms,0.252
2026-07-21T04:08:15+00:00,station1,jitter_ms,0.011
2026-07-21T04:08:30+00:00,station1,jitter_ms,0.448
2026-07-21T04:08:45+00:00,station1,jitter_ms,0.017
2026-07-21T04:09:00+00:00,station1,jitter_ms,1011.33
2026-07-21T04:09:15+00:00,station1,jitter_ms,1445.239
2026-07-21T04:09:30+00:00,station1,jitter_ms,1445.239
2026-07-21T04:09:45+00:00,station1,jitter_ms,2448.643
2026-07-21T04:10:00+00:00,station1,jitter_ms,0.039
2026-07-21T04:10:15+00:00,station1,jitter_ms,2341.806
2026-07-21T04:10:30+00:00,station1,jitter_ms,1443.543
2026-07-21T04:10:45+00:00,station1,jitter_ms,1445.223
2026-07-21T04:11:00+00:00,station1,jitter_ms,1447.003
2026-07-21T04:11:15+00:00,station1,jitter_ms,0.009
2026-07-21T04:11:30+00:00,station1,jitter_ms,0.019
2026-07-21T04:11:45+00:00,station1,jitter_ms,2342.944
2026-07-21T04:12:00+00:00,station1,jitter_ms,2342.944
2026-07-21T04:12:15+00:00,station1,jitter_ms,1914.631
2026-07-21T04:12:30+00:00,station1,jitter_ms,1144.85
2026-07-21T04:12:45+00:00,station1,jitter_ms,0.013
2026-07-21T04:13:00+00:00,station1,jitter_ms,1419.827
2026-07-21T04:13:15+00:00,station1,jitter_ms,834.124
2026-07-21T04:13:30+00:00,station1,jitter_ms,2888.243
2026-07-21T04:13:45+00:00,station1,jitter_ms,1138.289
2026-07-21T04:14:00+00:00,station1,jitter_ms,0.042
2026-07-21T04:14:15+00:00,station1,jitter_ms,291.285
2026-07-21T04:14:30+00:00,station1,jitter_ms,1442.614
2026-07-21T04:14:45+00:00,station1,jitter_ms,1197.489
2026-07-21T04:15:00+00:00,station1,jitter_ms,1197.489
2026-07-21T04:15:15+00:00,station1,jitter_ms,0.031
2026-07-21T04:15:30+00:00,station1,jitter_ms,0.014
2026-07-21T04:15:45+00:00,station1,jitter_ms,1421.957
2026-07-21T04:16:00+00:00,station1,jitter_ms,1655.266
2026-07-21T04:16:15+00:00,station1,jitter_ms,1231.526
2026-07-21T04:16:30+00:00,station1,jitter_ms,1162.924
2026-07-21T04:16:45+00:00,station1,jitter_ms,1507.829
2026-07-21T04:17:00+00:00,station1,jitter_ms,1322.554
2026-07-21T04:17:15+00:00,station1,jitter_ms,1749.24
2026-07-21T04:17:30+00:00,station1,jitter_ms,1439.851
2026-07-21T04:17:45+00:00,station1,jitter_ms,0.031
2026-07-21T04:18:00+00:00,station1,jitter_ms,0.022
2026-07-21T04:18:15+00:00,station1,jitter_ms,1215.952
2026-07-21T04:18:30+00:00,station1,jitter_ms,1927.73
2026-07-21T04:18:45+00:00,station1,jitter_ms,1448.942
2026-07-21T04:19:00+00:00,station1,jitter_ms,1033.265
2026-07-21T04:19:15+00:00,station1,jitter_ms,0.124
2026-07-21T04:19:30+00:00,station1,jitter_ms,0.131
2026-07-21T04:19:45+00:00,station1,jitter_ms,0.315
2026-07-21T04:20:00+00:00,station1,jitter_ms,0.19
2026-07-21T04:20:15+00:00,station1,jitter_ms,0.015
2026-07-21T04:20:30+00:00,station1,jitter_ms,1441.899
2026-07-21T04:20:45+00:00,station1,jitter_ms,933.936
2026-07-21T04:21:00+00:00,station1,jitter_ms,2168.886
2026-07-21T04:21:15+00:00,station1,jitter_ms,1447.433
2026-07-21T04:21:30+00:00,station1,jitter_ms,0.031
2026-07-21T04:21:45+00:00,station1,jitter_ms,2387.935
2026-07-21T04:22:00+00:00,station1,jitter_ms,1234.006
2026-07-21T04:22:15+00:00,station1,jitter_ms,1215.754
2026-07-21T04:22:30+00:00,station1,jitter_ms,1359.975
2026-07-21T04:22:45+00:00,station1,jitter_ms,0.218
2026-07-21T04:23:00+00:00,station1,jitter_ms,0.36
2026-07-21T04:23:15+00:00,station1,jitter_ms,0.307
2026-07-21T04:23:30+00:00,station1,jitter_ms,0.732
2026-07-21T04:23:45+00:00,station1,jitter_ms,0.007
2026-07-21T04:24:00+00:00,station1,jitter_ms,0.0
2026-07-21T04:24:15+00:00,station1,jitter_ms,1001.12
2026-07-21T04:24:30+00:00,station1,jitter_ms,760.987
2026-07-21T04:24:45+00:00,station1,jitter_ms,1261.755
2026-07-21T04:25:00+00:00,station1,jitter_ms,1.281
2026-07-21T04:25:15+00:00,station1,jitter_ms,2942.345
2026-07-21T04:25:30+00:00,station1,jitter_ms,1420.163
2026-07-21T04:25:45+00:00,station1,jitter_ms,1091.525
2026-07-21T04:26:00+00:00,station1,jitter_ms,2517.626
2026-07-21T04:26:15+00:00,station1,jitter_ms,0.024
2026-07-21T04:26:30+00:00,station1,jitter_ms,0.019
2026-07-21T04:26:45+00:00,station1,jitter_ms,0.143
2026-07-21T04:27:00+00:00,station1,jitter_ms,0.387
2026-07-21T04:27:15+00:00,station1,jitter_ms,0.524
2026-07-21T04:27:30+00:00,station1,jitter_ms,0.516
2026-07-21T04:27:45+00:00,station1,jitter_ms,1420.788
2026-07-21T04:28:00+00:00,station1,jitter_ms,1420.788
2026-07-21T04:28:15+00:00,station1,jitter_ms,0.0
2026-07-21T04:28:30+00:00,station1,jitter_ms,1100.896
2026-07-21T04:28:45+00:00,station1,jitter_ms,0.04
2026-07-21T04:29:00+00:00,station1,jitter_ms,0.014
2026-07-21T04:29:15+00:00,station1,jitter_ms,0.212
2026-07-21T04:29:30+00:00,station1,jitter_ms,0.076
2026-07-21T04:29:45+00:00,station1,jitter_ms,0.903
2026-07-21T04:30:00+00:00,station1,jitter_ms,0.749
2026-07-21T04:30:15+00:00,station1,jitter_ms,1.278
2026-07-21T04:30:30+00:00,station1,jitter_ms,0.142
2026-07-21T04:30:45+00:00,station1,jitter_ms,0.227
2026-07-21T04:31:00+00:00,station1,jitter_ms,0.164
2026-07-21T04:31:15+00:00,station1,jitter_ms,0.017
2026-07-21T04:31:30+00:00,station1,jitter_ms,0.33
2026-07-21T04:31:45+00:00,station1,jitter_ms,0.214
2026-07-21T04:32:00+00:00,station1,jitter_ms,0.319
2026-07-21T04:32:15+00:00,station1,jitter_ms,0.587
2026-07-21T04:32:30+00:00,station1,jitter_ms,0.022
2026-07-21T04:32:45+00:00,station1,jitter_ms,1872.229
2026-07-21T04:33:00+00:00,station1,jitter_ms,1449.547
2026-07-21T04:33:15+00:00,station1,jitter_ms,1324.892
2026-07-21T04:33:30+00:00,station1,jitter_ms,779.709
2026-07-21T04:33:45+00:00,station1,jitter_ms,0.017
2026-07-21T04:34:00+00:00,station1,jitter_ms,0.475
2026-07-21T04:34:15+00:00,station1,jitter_ms,0.356
2026-07-21T04:34:30+00:00,station1,jitter_ms,0.265
2026-07-21T04:34:45+00:00,station1,jitter_ms,0.049
2026-07-21T04:35:00+00:00,station1,jitter_ms,0.016
2026-07-21T04:35:15+00:00,station1,jitter_ms,1126.378
2026-07-21T04:35:30+00:00,station1,jitter_ms,1126.378
2026-07-21T04:35:45+00:00,station1,jitter_ms,1698.303
2026-07-21T04:36:00+00:00,station1,jitter_ms,1447.703
2026-07-21T04:36:15+00:00,station1,jitter_ms,1494.553
2026-07-21T04:36:30+00:00,station1,jitter_ms,1405.206
2026-07-21T04:36:45+00:00,station1,jitter_ms,2940.031
2026-07-21T04:37:00+00:00,station1,jitter_ms,1214.989
2026-07-21T04:37:15+00:00,station1,jitter_ms,0.065
2026-07-21T04:37:30+00:00,station1,jitter_ms,1.491
2026-07-21T04:37:45+00:00,station1,jitter_ms,0.042
2026-07-21T04:38:00+00:00,station1,jitter_ms,0.145
2026-07-21T04:38:15+00:00,station1,jitter_ms,1.193
2026-07-21T04:38:30+00:00,station1,jitter_ms,0.029
2026-07-21T04:38:45+00:00,station1,jitter_ms,1443.828
2026-07-21T04:39:00+00:00,station1,jitter_ms,1405.892
2026-07-21T04:39:15+00:00,station1,jitter_ms,475.195
2026-07-21T04:39:30+00:00,station1,jitter_ms,2939.884
2026-07-21T04:39:45+00:00,station1,jitter_ms,0.028
2026-07-21T04:40:00+00:00,station1,jitter_ms,734.033
2026-07-21T04:40:15+00:00,station1,jitter_ms,1048.558
2026-07-21T04:40:30+00:00,station1,jitter_ms,1215.789
2026-07-21T04:40:45+00:00,station1,jitter_ms,1399.856
2026-07-21T04:41:00+00:00,station1,jitter_ms,0.029
2026-07-21T04:41:15+00:00,station1,jitter_ms,0.052
2026-07-21T04:41:30+00:00,station1,jitter_ms,0.336
2026-07-21T04:41:45+00:00,station1,jitter_ms,0.346
2026-07-21T04:42:00+00:00,station1,jitter_ms,0.37
2026-07-21T04:42:15+00:00,station1,jitter_ms,0.092
2026-07-21T04:42:30+00:00,station1,jitter_ms,0.27
2026-07-21T04:42:45+00:00,station1,jitter_ms,4.56
2026-07-21T04:43:00+00:00,station1,jitter_ms,0.125
2026-07-21T04:43:15+00:00,station1,jitter_ms,0.007
2026-07-21T04:43:30+00:00,station1,jitter_ms,0.367
2026-07-21T04:43:45+00:00,station1,jitter_ms,0.262
2026-07-21T04:44:00+00:00,station1,jitter_ms,0.819
2026-07-21T04:44:15+00:00,station1,jitter_ms,0.468
2026-07-21T04:44:30+00:00,station1,jitter_ms,0.009
2026-07-21T04:44:45+00:00,station1,jitter_ms,0.0
2026-07-21T04:45:00+00:00,station1,jitter_ms,1449.911
2026-07-21T04:45:15+00:00,station1,jitter_ms,1749.618
2026-07-21T04:45:30+00:00,station1,jitter_ms,1447.982
2026-07-21T04:45:45+00:00,station1,jitter_ms,0.051
2026-07-21T04:46:00+00:00,station1,jitter_ms,511.975
2026-07-21T04:46:15+00:00,station1,jitter_ms,503.066
2026-07-21T04:46:30+00:00,station1,jitter_ms,503.066
2026-07-21T04:46:45+00:00,station1,jitter_ms,1445.299
2026-07-21T04:47:00+00:00,station1,jitter_ms,0.035
2026-07-21T04:47:15+00:00,station1,jitter_ms,0.079
2026-07-21T04:47:30+00:00,station1,jitter_ms,0.125
2026-07-21T04:47:45+00:00,station1,jitter_ms,0.247
2026-07-21T04:48:00+00:00,station1,jitter_ms,0.094
2026-07-21T04:48:15+00:00,station1,jitter_ms,0.029
2026-07-21T04:48:30+00:00,station1,jitter_ms,0.023
2026-07-21T04:48:45+00:00,station1,jitter_ms,1420.603
2026-07-21T04:49:00+00:00,station1,jitter_ms,892.516
2026-07-21T04:49:15+00:00,station1,jitter_ms,1053.845
2026-07-21T04:49:30+00:00,station1,jitter_ms,0.023
2026-07-21T04:49:45+00:00,station1,jitter_ms,0.153
2026-07-21T04:50:00+00:00,station1,jitter_ms,0.37
2026-07-21T04:50:15+00:00,station1,jitter_ms,0.2
2026-07-21T04:50:30+00:00,station1,jitter_ms,0.222
2026-07-21T04:50:45+00:00,station1,jitter_ms,1419.304
2026-07-21T04:51:00+00:00,station1,jitter_ms,487.246
2026-07-21T04:51:15+00:00,station1,jitter_ms,0.0
2026-07-21T04:51:30+00:00,station1,jitter_ms,514.987
2026-07-21T04:51:45+00:00,station1,jitter_ms,0.493
2026-07-21T04:52:00+00:00,station1,jitter_ms,0.019
2026-07-21T04:52:15+00:00,station1,jitter_ms,1429.587
2026-07-21T04:52:30+00:00,station1,jitter_ms,0.0
2026-07-21T04:52:45+00:00,station1,jitter_ms,0.0
2026-07-21T04:53:00+00:00,station1,jitter_ms,0.0
2026-07-21T04:53:15+00:00,station1,jitter_ms,500.455
2026-07-21T04:53:30+00:00,station1,jitter_ms,1306.15
2026-07-21T04:53:45+00:00,station1,jitter_ms,513.381
2026-07-21T04:54:00+00:00,station1,jitter_ms,0.0
2026-07-21T04:54:15+00:00,station1,jitter_ms,0.483
2026-07-21T04:54:30+00:00,station1,jitter_ms,0.271
2026-07-21T04:54:45+00:00,station1,jitter_ms,0.18
2026-07-21T04:55:00+00:00,station1,jitter_ms,0.539
2026-07-21T04:55:15+00:00,station1,jitter_ms,0.263
2026-07-21T04:55:30+00:00,station1,jitter_ms,0.448
2026-07-21T04:55:45+00:00,station1,jitter_ms,3130.292
2026-07-21T04:56:00+00:00,station1,jitter_ms,1450.278
2026-07-21T04:56:15+00:00,station1,jitter_ms,1450.116
2026-07-21T04:56:30+00:00,station1,jitter_ms,1770.144
2026-07-21T04:56:45+00:00,station1,jitter_ms,0.029
2026-07-21T04:57:00+00:00,station1,jitter_ms,0.029
2026-07-21T04:57:15+00:00,station1,jitter_ms,1447.517
2026-07-21T04:57:30+00:00,station1,jitter_ms,1450.632
2026-07-21T04:57:45+00:00,station1,jitter_ms,0.065
2026-07-21T04:58:00+00:00,station1,jitter_ms,1417.762
2026-07-21T04:58:15+00:00,station1,jitter_ms,2940.911
2026-07-21T04:58:30+00:00,station1,jitter_ms,2938.961
2026-07-21T04:58:45+00:00,station1,jitter_ms,0.0
2026-07-21T04:59:00+00:00,station1,jitter_ms,1449.042
2026-07-21T04:59:15+00:00,station1,jitter_ms,0.324
2026-07-21T04:59:30+00:00,station1,jitter_ms,0.418
2026-07-21T04:59:45+00:00,station1,jitter_ms,0.234
2026-07-21T05:00:00+00:00,station1,jitter_ms,0.225
2026-07-21T05:00:15+00:00,station1,jitter_ms,0.048
2026-07-21T05:00:30+00:00,station1,jitter_ms,0.357
2026-07-21T05:00:45+00:00,station1,jitter_ms,0.196
2026-07-21T05:01:00+00:00,station1,jitter_ms,0.252
2026-07-21T05:01:15+00:00,station1,jitter_ms,0.567
2026-07-21T05:01:30+00:00,station1,jitter_ms,0.026
2026-07-21T05:01:45+00:00,station1,jitter_ms,1444.798
2026-07-21T05:02:00+00:00,station1,jitter_ms,1444.798
2026-07-21T05:02:15+00:00,station1,jitter_ms,1743.975
2026-07-21T05:02:30+00:00,station1,jitter_ms,0.0
2026-07-21T05:02:45+00:00,station1,jitter_ms,0.029
2026-07-21T05:03:00+00:00,station1,jitter_ms,2118.349
2026-07-21T05:03:15+00:00,station1,jitter_ms,1420.4
2026-07-21T05:03:30+00:00,station1,jitter_ms,1423.108
2026-07-21T05:03:45+00:00,station1,jitter_ms,1421.102
2026-07-21T05:04:00+00:00,station1,jitter_ms,0.016
2026-07-21T05:04:15+00:00,station1,jitter_ms,0.305
2026-07-21T05:04:30+00:00,station1,jitter_ms,0.937
2026-07-21T05:04:45+00:00,station1,jitter_ms,0.389
2026-07-21T05:05:00+00:00,station1,jitter_ms,1.098
2026-07-21T05:05:15+00:00,station1,jitter_ms,0.015
2026-07-21T05:05:30+00:00,station1,jitter_ms,1139.917
2026-07-21T05:05:45+00:00,station1,jitter_ms,1420.719
2026-07-21T05:06:00+00:00,station1,jitter_ms,0.0
2026-07-21T05:06:15+00:00,station1,jitter_ms,1601.292
2026-07-21T05:06:30+00:00,station1,jitter_ms,502.296
2026-07-21T05:06:45+00:00,station1,jitter_ms,0.262
2026-07-21T05:07:00+00:00,station1,jitter_ms,0.132
2026-07-21T05:07:15+00:00,station1,jitter_ms,0.054
2026-07-21T05:07:30+00:00,station1,jitter_ms,1.12
2026-07-21T05:07:45+00:00,station1,jitter_ms,0.257
2026-07-21T05:08:00+00:00,station1,jitter_ms,48.823
2026-07-21T05:08:15+00:00,station1,jitter_ms,1613.825
2026-07-21T05:08:30+00:00,station1,jitter_ms,1445.676
2026-07-21T05:08:45+00:00,station1,jitter_ms,1444.244
2026-07-21T05:09:00+00:00,station1,jitter_ms,1424.977
2026-07-21T05:09:15+00:00,station1,jitter_ms,0.054
2026-07-21T05:09:30+00:00,station1,jitter_ms,3183.437
2026-07-21T05:09:45+00:00,station1,jitter_ms,887.586
2026-07-21T05:10:00+00:00,station1,jitter_ms,887.586
2026-07-21T05:10:15+00:00,station1,jitter_ms,1611.819
2026-07-21T05:10:30+00:00,station1,jitter_ms,0.041
2026-07-21T05:10:45+00:00,station1,jitter_ms,1442.346
2026-07-21T05:11:00+00:00,station1,jitter_ms,1442.346
2026-07-21T05:11:15+00:00,station1,jitter_ms,1419.755
2026-07-21T05:11:30+00:00,station1,jitter_ms,430.881
2026-07-21T05:11:45+00:00,station1,jitter_ms,0.055
2026-07-21T05:12:00+00:00,station1,jitter_ms,0.0
2026-07-21T05:12:15+00:00,station1,jitter_ms,1407.055
2026-07-21T05:12:30+00:00,station1,jitter_ms,1407.055
2026-07-21T05:12:45+00:00,station1,jitter_ms,706.3
2026-07-21T05:13:00+00:00,station1,jitter_ms,0.033
2026-07-21T05:13:15+00:00,station1,jitter_ms,0.27
2026-07-21T05:13:30+00:00,station1,jitter_ms,0.173
2026-07-21T05:13:45+00:00,station1,jitter_ms,0.086
2026-07-21T05:14:00+00:00,station1,jitter_ms,0.156
2026-07-21T05:14:15+00:00,station1,jitter_ms,0.363
2026-07-21T05:14:30+00:00,station1,jitter_ms,0.211
2026-07-21T05:14:45+00:00,station1,jitter_ms,0.434
2026-07-21T05:15:00+00:00,station1,jitter_ms,0.024
2026-07-21T05:15:15+00:00,station1,jitter_ms,0.421
2026-07-21T05:15:30+00:00,station1,jitter_ms,0.732
2026-07-21T05:15:45+00:00,station1,jitter_ms,0.419
2026-07-21T05:16:00+00:00,station1,jitter_ms,0.232
2026-07-21T05:16:15+00:00,station1,jitter_ms,0.344
2026-07-21T05:16:30+00:00,station1,jitter_ms,0.812
2026-07-21T05:16:45+00:00,station1,jitter_ms,0.152
2026-07-21T05:17:00+00:00,station1,jitter_ms,0.041
2026-07-21T05:17:15+00:00,station1,jitter_ms,0.134
2026-07-21T05:17:30+00:00,station1,jitter_ms,0.412
2026-07-21T05:17:45+00:00,station1,jitter_ms,0.013
2026-07-21T05:18:00+00:00,station1,jitter_ms,1505.969
2026-07-21T05:18:15+00:00,station1,jitter_ms,0.0
2026-07-21T05:18:30+00:00,station1,jitter_ms,0.0
2026-07-21T05:18:45+00:00,station1,jitter_ms,2185.617
2026-07-21T05:19:00+00:00,station1,jitter_ms,0.014
2026-07-21T05:19:15+00:00,station1,jitter_ms,417.641
2026-07-21T05:19:30+00:00,station1,jitter_ms,417.641
2026-07-21T05:19:45+00:00,station1,jitter_ms,1443.306
2026-07-21T05:20:00+00:00,station1,jitter_ms,656.027
2026-07-21T05:20:15+00:00,station1,jitter_ms,0.02
2026-07-21T05:20:30+00:00,station1,jitter_ms,0.0
2026-07-21T05:20:45+00:00,station1,jitter_ms,2877.59
2026-07-21T05:21:00+00:00,station1,jitter_ms,4016.786
2026-07-21T05:21:15+00:00,station1,jitter_ms,834.101
2026-07-21T05:21:30+00:00,station1,jitter_ms,0.038
2026-07-21T05:21:45+00:00,station1,jitter_ms,0.356
2026-07-21T05:22:00+00:00,station1,jitter_ms,0.21
2026-07-21T05:22:15+00:00,station1,jitter_ms,0.174
2026-07-21T05:22:30+00:00,station1,jitter_ms,0.215
2026-07-21T05:22:45+00:00,station1,jitter_ms,1445.607
2026-07-21T05:23:00+00:00,station1,jitter_ms,1445.607
2026-07-21T05:23:15+00:00,station1,jitter_ms,1062.023
2026-07-21T05:23:30+00:00,station1,jitter_ms,1442.909
2026-07-21T05:23:45+00:00,station1,jitter_ms,0.036
2026-07-21T05:24:00+00:00,station1,jitter_ms,0.033
2026-07-21T05:24:15+00:00,station1,jitter_ms,0.203
2026-07-21T05:24:30+00:00,station1,jitter_ms,0.202
2026-07-21T05:24:45+00:00,station1,jitter_ms,0.18
2026-07-21T05:25:00+00:00,station1,jitter_ms,0.23
2026-07-21T05:25:15+00:00,station1,jitter_ms,379.351
2026-07-21T05:25:30+00:00,station1,jitter_ms,0.0
2026-07-21T05:25:45+00:00,station1,jitter_ms,1830.658
2026-07-21T05:26:00+00:00,station1,jitter_ms,493.478
2026-07-21T05:26:15+00:00,station1,jitter_ms,0.015
2026-07-21T05:26:30+00:00,station1,jitter_ms,1445.658
2026-07-21T05:26:45+00:00,station1,jitter_ms,0.0
2026-07-21T05:27:00+00:00,station1,jitter_ms,0.0
2026-07-21T05:27:15+00:00,station1,jitter_ms,1449.783
2026-07-21T05:27:30+00:00,station1,jitter_ms,0.041
2026-07-21T05:27:45+00:00,station1,jitter_ms,1394.135
2026-07-21T05:28:00+00:00,station1,jitter_ms,1257.429
2026-07-21T05:28:15+00:00,station1,jitter_ms,835.606
2026-07-21T05:28:30+00:00,station1,jitter_ms,1016.113
2026-07-21T05:28:45+00:00,station1,jitter_ms,0.032
2026-07-21T05:29:00+00:00,station1,jitter_ms,0.026
2026-07-21T05:29:15+00:00,station1,jitter_ms,1401.229
2026-07-21T05:29:30+00:00,station1,jitter_ms,515.635
2026-07-21T05:29:45+00:00,station1,jitter_ms,1443.634
2026-07-21T05:30:00+00:00,station1,jitter_ms,1420.563
2026-07-21T05:30:15+00:00,station1,jitter_ms,0.028
2026-07-21T05:30:30+00:00,station1,jitter_ms,2937.66
2026-07-21T05:30:45+00:00,station1,jitter_ms,1449.276
2026-07-21T05:31:00+00:00,station1,jitter_ms,1449.276
2026-07-21T05:31:15+00:00,station1,jitter_ms,1449.967
2026-07-21T05:31:30+00:00,station1,jitter_ms,0.003
2026-07-21T05:31:45+00:00,station1,jitter_ms,0.097
2026-07-21T05:32:00+00:00,station1,jitter_ms,0.494
2026-07-21T05:32:15+00:00,station1,jitter_ms,0.79
2026-07-21T05:32:30+00:00,station1,jitter_ms,0.518
2026-07-21T05:32:45+00:00,station1,jitter_ms,0.054
2026-07-21T05:33:00+00:00,station1,jitter_ms,0.833
2026-07-21T05:33:15+00:00,station1,jitter_ms,0.934
2026-07-21T05:33:30+00:00,station1,jitter_ms,0.197
2026-07-21T05:33:45+00:00,station1,jitter_ms,0.396
2026-07-21T05:34:00+00:00,station1,jitter_ms,1.132
2026-07-21T05:34:15+00:00,station1,jitter_ms,0.219
2026-07-21T05:34:30+00:00,station1,jitter_ms,0.18
2026-07-21T05:34:45+00:00,station1,jitter_ms,0.187
2026-07-21T05:35:00+00:00,station1,jitter_ms,0.572
2026-07-21T05:35:15+00:00,station1,jitter_ms,63.754
2026-07-21T05:35:30+00:00,station1,jitter_ms,1424.485
2026-07-21T05:35:45+00:00,station1,jitter_ms,1424.485
2026-07-21T05:36:00+00:00,station1,jitter_ms,1401.346
2026-07-21T05:36:15+00:00,station1,jitter_ms,1864.682
2026-07-21T05:36:30+00:00,station1,jitter_ms,0.506
2026-07-21T05:36:45+00:00,station1,jitter_ms,12.671
2026-07-21T05:37:00+00:00,station1,jitter_ms,0.681
2026-07-21T05:37:15+00:00,station1,jitter_ms,19.178
2026-07-21T05:37:30+00:00,station1,jitter_ms,12.682
2026-07-21T05:37:45+00:00,station1,jitter_ms,0.125
2026-07-21T05:38:00+00:00,station1,jitter_ms,0.17
2026-07-21T05:38:15+00:00,station1,jitter_ms,0.085
2026-07-21T05:38:30+00:00,station1,jitter_ms,0.038
2026-07-21T05:38:45+00:00,station1,jitter_ms,0.028
2026-07-21T05:39:00+00:00,station1,jitter_ms,0.375
2026-07-21T05:39:15+00:00,station1,jitter_ms,0.086
2026-07-21T05:39:30+00:00,station1,jitter_ms,0.056
2026-07-21T05:39:45+00:00,station1,jitter_ms,0.114
2026-07-21T05:40:00+00:00,station1,jitter_ms,0.029
2026-07-21T05:40:15+00:00,station1,jitter_ms,0.0
2026-07-21T05:40:30+00:00,station1,jitter_ms,430.65
2026-07-21T05:40:45+00:00,station1,jitter_ms,2907.331
2026-07-21T05:41:00+00:00,station1,jitter_ms,2907.331
2026-07-21T05:41:15+00:00,station1,jitter_ms,0.016
2026-07-21T05:41:30+00:00,station1,jitter_ms,0.279
2026-07-21T05:41:45+00:00,station1,jitter_ms,0.426
2026-07-21T05:42:00+00:00,station1,jitter_ms,0.368
2026-07-21T05:42:15+00:00,station1,jitter_ms,0.759
2026-07-21T05:42:30+00:00,station1,jitter_ms,0.032
2026-07-21T05:42:45+00:00,station1,jitter_ms,0.314
2026-07-21T05:43:00+00:00,station1,jitter_ms,1.173
2026-07-21T05:43:15+00:00,station1,jitter_ms,0.183
2026-07-21T05:43:30+00:00,station1,jitter_ms,0.074
2026-07-21T05:43:45+00:00,station1,jitter_ms,0.326
2026-07-21T05:44:00+00:00,station1,jitter_ms,0.473
2026-07-21T05:44:15+00:00,station1,jitter_ms,0.183
2026-07-21T05:44:30+00:00,station1,jitter_ms,0.166
2026-07-21T05:44:45+00:00,station1,jitter_ms,0.035
2026-07-21T05:45:00+00:00,station1,jitter_ms,0.178
2026-07-21T05:45:15+00:00,station1,jitter_ms,0.446
2026-07-21T05:45:30+00:00,station1,jitter_ms,0.528
2026-07-21T05:45:45+00:00,station1,jitter_ms,0.017
2026-07-21T05:46:00+00:00,station1,jitter_ms,0.021
2026-07-21T05:46:15+00:00,station1,jitter_ms,1665.944
2026-07-21T05:46:30+00:00,station1,jitter_ms,1665.944
2026-07-21T05:46:45+00:00,station1,jitter_ms,1445.917
2026-07-21T05:47:00+00:00,station1,jitter_ms,1216.187
2026-07-21T05:47:15+00:00,station1,jitter_ms,0.024
2026-07-21T05:47:30+00:00,station1,jitter_ms,0.103
2026-07-21T05:47:45+00:00,station1,jitter_ms,0.328
2026-07-21T05:48:00+00:00,station1,jitter_ms,0.175
2026-07-21T05:48:15+00:00,station1,jitter_ms,1.182
2026-07-21T05:48:30+00:00,station1,jitter_ms,0.021
2026-07-21T05:48:45+00:00,station1,jitter_ms,1443.086
2026-07-21T05:49:00+00:00,station1,jitter_ms,1423.93
2026-07-21T05:49:15+00:00,station1,jitter_ms,0.0
2026-07-21T05:49:30+00:00,station1,jitter_ms,2344.846
2026-07-21T05:49:45+00:00,station1,jitter_ms,0.018
2026-07-21T05:50:00+00:00,station1,jitter_ms,1449.939
2026-07-21T05:50:15+00:00,station1,jitter_ms,1322.385
2026-07-21T05:50:30+00:00,station1,jitter_ms,2941.072
2026-07-21T05:50:45+00:00,station1,jitter_ms,1139.558
2026-07-21T05:51:00+00:00,station1,jitter_ms,0.049
2026-07-21T05:51:15+00:00,station1,jitter_ms,0.138
2026-07-21T05:51:30+00:00,station1,jitter_ms,0.841
2026-07-21T05:51:45+00:00,station1,jitter_ms,0.298
2026-07-21T05:52:00+00:00,station1,jitter_ms,0.315
2026-07-21T05:52:15+00:00,station1,jitter_ms,0.028
2026-07-21T05:52:30+00:00,station1,jitter_ms,1419.374
2026-07-21T05:52:45+00:00,station1,jitter_ms,1142.271
2026-07-21T05:53:00+00:00,station1,jitter_ms,0.0
2026-07-21T05:53:15+00:00,station1,jitter_ms,0.0
2026-07-21T05:53:30+00:00,station1,jitter_ms,0.458
2026-07-21T05:53:45+00:00,station1,jitter_ms,0.109
2026-07-21T05:54:00+00:00,station1,jitter_ms,0.203
2026-07-21T05:54:15+00:00,station1,jitter_ms,0.141
2026-07-21T05:54:30+00:00,station1,jitter_ms,0.367
2026-07-21T04:06:30+00:00,station2,jitter_ms,1445.971
2026-07-21T04:06:45+00:00,station2,jitter_ms,832.791
2026-07-21T04:07:00+00:00,station2,jitter_ms,832.791
2026-07-21T04:07:15+00:00,station2,jitter_ms,0.445
2026-07-21T04:07:30+00:00,station2,jitter_ms,0.121
2026-07-21T04:07:45+00:00,station2,jitter_ms,0.142
2026-07-21T04:08:00+00:00,station2,jitter_ms,0.198
2026-07-21T04:08:15+00:00,station2,jitter_ms,0.125
2026-07-21T04:08:30+00:00,station2,jitter_ms,0.276
2026-07-21T04:08:45+00:00,station2,jitter_ms,1008.839
2026-07-21T04:09:00+00:00,station2,jitter_ms,1448.545
2026-07-21T04:09:15+00:00,station2,jitter_ms,1448.545
2026-07-21T04:09:30+00:00,station2,jitter_ms,1270.318
2026-07-21T04:09:45+00:00,station2,jitter_ms,0.002
2026-07-21T04:10:00+00:00,station2,jitter_ms,0.036
2026-07-21T04:10:15+00:00,station2,jitter_ms,1082.977
2026-07-21T04:10:30+00:00,station2,jitter_ms,1421.659
2026-07-21T04:10:45+00:00,station2,jitter_ms,1444.216
2026-07-21T04:11:00+00:00,station2,jitter_ms,1419.838
2026-07-21T04:11:15+00:00,station2,jitter_ms,0.034
2026-07-21T04:11:30+00:00,station2,jitter_ms,0.037
2026-07-21T04:11:45+00:00,station2,jitter_ms,2045.96
2026-07-21T04:12:00+00:00,station2,jitter_ms,2098.703
2026-07-21T04:12:15+00:00,station2,jitter_ms,0.0
2026-07-21T04:12:30+00:00,station2,jitter_ms,0.016
2026-07-21T04:12:45+00:00,station2,jitter_ms,1419.738
2026-07-21T04:13:00+00:00,station2,jitter_ms,1419.738
2026-07-21T04:13:15+00:00,station2,jitter_ms,840.548
2026-07-21T04:13:30+00:00,station2,jitter_ms,0.0
2026-07-21T04:13:45+00:00,station2,jitter_ms,0.021
2026-07-21T04:14:00+00:00,station2,jitter_ms,0.035
2026-07-21T04:14:15+00:00,station2,jitter_ms,291.203
2026-07-21T04:14:30+00:00,station2,jitter_ms,832.237
2026-07-21T04:14:45+00:00,station2,jitter_ms,1449.717
2026-07-21T04:15:00+00:00,station2,jitter_ms,1449.717
2026-07-21T04:15:15+00:00,station2,jitter_ms,0.039
2026-07-21T04:15:30+00:00,station2,jitter_ms,1442.781
2026-07-21T04:15:45+00:00,station2,jitter_ms,1440.406
2026-07-21T04:16:00+00:00,station2,jitter_ms,1387.37
2026-07-21T04:16:15+00:00,station2,jitter_ms,1232.465
2026-07-21T04:16:30+00:00,station2,jitter_ms,0.039
2026-07-21T04:16:45+00:00,station2,jitter_ms,1694.021
2026-07-21T04:17:00+00:00,station2,jitter_ms,1694.021
2026-07-21T04:17:15+00:00,station2,jitter_ms,512.12
2026-07-21T04:17:30+00:00,station2,jitter_ms,830.702
2026-07-21T04:17:45+00:00,station2,jitter_ms,0.023
2026-07-21T04:18:00+00:00,station2,jitter_ms,1420.853
2026-07-21T04:18:15+00:00,station2,jitter_ms,1326.28
2026-07-21T04:18:30+00:00,station2,jitter_ms,1927.869
2026-07-21T04:18:45+00:00,station2,jitter_ms,1445.645
2026-07-21T04:19:00+00:00,station2,jitter_ms,0.033
2026-07-21T04:19:15+00:00,station2,jitter_ms,0.358
2026-07-21T04:19:30+00:00,station2,jitter_ms,0.15
2026-07-21T04:19:45+00:00,station2,jitter_ms,0.086
2026-07-21T04:20:00+00:00,station2,jitter_ms,1.047
2026-07-21T04:20:15+00:00,station2,jitter_ms,1448.806
2026-07-21T04:20:30+00:00,station2,jitter_ms,1448.806
2026-07-21T04:20:45+00:00,station2,jitter_ms,932.463
2026-07-21T04:21:00+00:00,station2,jitter_ms,792.605
2026-07-21T04:21:15+00:00,station2,jitter_ms,0.028
2026-07-21T04:21:30+00:00,station2,jitter_ms,830.258
2026-07-21T04:21:45+00:00,station2,jitter_ms,1445.305
2026-07-21T04:22:00+00:00,station2,jitter_ms,1363.678
2026-07-21T04:22:15+00:00,station2,jitter_ms,1273.04
2026-07-21T04:22:30+00:00,station2,jitter_ms,0.028
2026-07-21T04:22:45+00:00,station2,jitter_ms,0.771
2026-07-21T04:23:00+00:00,station2,jitter_ms,1.877
2026-07-21T04:23:15+00:00,station2,jitter_ms,0.045
2026-07-21T04:23:30+00:00,station2,jitter_ms,0.339
2026-07-21T04:23:45+00:00,station2,jitter_ms,0.052
2026-07-21T04:24:00+00:00,station2,jitter_ms,0.0
2026-07-21T04:24:15+00:00,station2,jitter_ms,759.963
2026-07-21T04:24:30+00:00,station2,jitter_ms,1195.336
2026-07-21T04:24:45+00:00,station2,jitter_ms,0.142
2026-07-21T04:25:00+00:00,station2,jitter_ms,0.159
2026-07-21T04:25:15+00:00,station2,jitter_ms,2938.139
2026-07-21T04:25:30+00:00,station2,jitter_ms,1420.182
2026-07-21T04:25:45+00:00,station2,jitter_ms,1752.033
2026-07-21T04:26:00+00:00,station2,jitter_ms,513.423
2026-07-21T04:26:15+00:00,station2,jitter_ms,0.039
2026-07-21T04:26:30+00:00,station2,jitter_ms,0.295
2026-07-21T04:26:45+00:00,station2,jitter_ms,0.432
2026-07-21T04:27:00+00:00,station2,jitter_ms,0.1
2026-07-21T04:27:15+00:00,station2,jitter_ms,0.223
2026-07-21T04:27:30+00:00,station2,jitter_ms,0.042
2026-07-21T04:27:45+00:00,station2,jitter_ms,1697.704
2026-07-21T04:28:00+00:00,station2,jitter_ms,1697.704
2026-07-21T04:28:15+00:00,station2,jitter_ms,0.0
2026-07-21T04:28:30+00:00,station2,jitter_ms,1121.795
2026-07-21T04:28:45+00:00,station2,jitter_ms,0.04
2026-07-21T04:29:00+00:00,station2,jitter_ms,1.102
2026-07-21T04:29:15+00:00,station2,jitter_ms,0.385
2026-07-21T04:29:30+00:00,station2,jitter_ms,0.02
2026-07-21T04:29:45+00:00,station2,jitter_ms,0.155
2026-07-21T04:30:00+00:00,station2,jitter_ms,0.026
2026-07-21T04:30:15+00:00,station2,jitter_ms,0.111
2026-07-21T04:30:30+00:00,station2,jitter_ms,0.11
2026-07-21T04:30:45+00:00,station2,jitter_ms,0.194
2026-07-21T04:31:00+00:00,station2,jitter_ms,0.07
2026-07-21T04:31:15+00:00,station2,jitter_ms,0.855
2026-07-21T04:31:30+00:00,station2,jitter_ms,0.283
2026-07-21T04:31:45+00:00,station2,jitter_ms,0.271
2026-07-21T04:32:00+00:00,station2,jitter_ms,1.286
2026-07-21T04:32:15+00:00,station2,jitter_ms,1.537
2026-07-21T04:32:30+00:00,station2,jitter_ms,1418.883
2026-07-21T04:32:45+00:00,station2,jitter_ms,1448.888
2026-07-21T04:33:00+00:00,station2,jitter_ms,1448.888
2026-07-21T04:33:15+00:00,station2,jitter_ms,1322.677
2026-07-21T04:33:30+00:00,station2,jitter_ms,429.523
2026-07-21T04:33:45+00:00,station2,jitter_ms,0.436
2026-07-21T04:34:00+00:00,station2,jitter_ms,0.405
2026-07-21T04:34:15+00:00,station2,jitter_ms,0.551
2026-07-21T04:34:30+00:00,station2,jitter_ms,0.503
2026-07-21T04:34:45+00:00,station2,jitter_ms,0.608
2026-07-21T04:35:00+00:00,station2,jitter_ms,49.758
2026-07-21T04:35:15+00:00,station2,jitter_ms,1128.3
2026-07-21T04:35:30+00:00,station2,jitter_ms,1443.15
2026-07-21T04:35:45+00:00,station2,jitter_ms,515.597
2026-07-21T04:36:00+00:00,station2,jitter_ms,1449.609
2026-07-21T04:36:15+00:00,station2,jitter_ms,1404.432
2026-07-21T04:36:30+00:00,station2,jitter_ms,1420.938
2026-07-21T04:36:45+00:00,station2,jitter_ms,0.0
2026-07-21T04:37:00+00:00,station2,jitter_ms,1323.161
2026-07-21T04:37:15+00:00,station2,jitter_ms,0.218
2026-07-21T04:37:30+00:00,station2,jitter_ms,0.458
2026-07-21T04:37:45+00:00,station2,jitter_ms,0.02
2026-07-21T04:38:00+00:00,station2,jitter_ms,0.331
2026-07-21T04:38:15+00:00,station2,jitter_ms,0.419
2026-07-21T04:38:30+00:00,station2,jitter_ms,0.023
2026-07-21T04:38:45+00:00,station2,jitter_ms,1420.044
2026-07-21T04:39:00+00:00,station2,jitter_ms,1406.716
2026-07-21T04:39:15+00:00,station2,jitter_ms,514.218
2026-07-21T04:39:30+00:00,station2,jitter_ms,272.53
2026-07-21T04:39:45+00:00,station2,jitter_ms,743.265
2026-07-21T04:40:00+00:00,station2,jitter_ms,0.0
2026-07-21T04:40:15+00:00,station2,jitter_ms,1216.151
2026-07-21T04:40:30+00:00,station2,jitter_ms,829.269
2026-07-21T04:40:45+00:00,station2,jitter_ms,763.165
2026-07-21T04:41:00+00:00,station2,jitter_ms,0.015
2026-07-21T04:41:15+00:00,station2,jitter_ms,0.11
2026-07-21T04:41:30+00:00,station2,jitter_ms,0.194
2026-07-21T04:41:45+00:00,station2,jitter_ms,1.119
2026-07-21T04:42:00+00:00,station2,jitter_ms,0.148
2026-07-21T04:42:15+00:00,station2,jitter_ms,0.2
2026-07-21T04:42:30+00:00,station2,jitter_ms,0.316
2026-07-21T04:42:45+00:00,station2,jitter_ms,0.398
2026-07-21T04:43:00+00:00,station2,jitter_ms,0.103
2026-07-21T04:43:15+00:00,station2,jitter_ms,0.045
2026-07-21T04:43:30+00:00,station2,jitter_ms,0.055
2026-07-21T04:43:45+00:00,station2,jitter_ms,0.301
2026-07-21T04:44:00+00:00,station2,jitter_ms,0.177
2026-07-21T04:44:15+00:00,station2,jitter_ms,0.064
2026-07-21T04:44:30+00:00,station2,jitter_ms,0.034
2026-07-21T04:44:45+00:00,station2,jitter_ms,1444.989
2026-07-21T04:45:00+00:00,station2,jitter_ms,1401.574
2026-07-21T04:45:15+00:00,station2,jitter_ms,1014.864
2026-07-21T04:45:30+00:00,station2,jitter_ms,968.242
2026-07-21T04:45:45+00:00,station2,jitter_ms,0.041
2026-07-21T04:46:00+00:00,station2,jitter_ms,513.88
2026-07-21T04:46:15+00:00,station2,jitter_ms,0.0
2026-07-21T04:46:30+00:00,station2,jitter_ms,1214.864
2026-07-21T04:46:45+00:00,station2,jitter_ms,961.602
2026-07-21T04:47:00+00:00,station2,jitter_ms,0.059
2026-07-21T04:47:15+00:00,station2,jitter_ms,0.205
2026-07-21T04:47:30+00:00,station2,jitter_ms,0.154
2026-07-21T04:47:45+00:00,station2,jitter_ms,0.572
2026-07-21T04:48:00+00:00,station2,jitter_ms,0.169
2026-07-21T04:48:15+00:00,station2,jitter_ms,0.04
2026-07-21T04:48:30+00:00,station2,jitter_ms,1745.959
2026-07-21T04:48:45+00:00,station2,jitter_ms,1120.095
2026-07-21T04:49:00+00:00,station2,jitter_ms,1399.197
2026-07-21T04:49:15+00:00,station2,jitter_ms,1447.698
2026-07-21T04:49:30+00:00,station2,jitter_ms,0.049
2026-07-21T04:49:45+00:00,station2,jitter_ms,0.458
2026-07-21T04:50:00+00:00,station2,jitter_ms,0.24
2026-07-21T04:50:15+00:00,station2,jitter_ms,0.53
2026-07-21T04:50:30+00:00,station2,jitter_ms,0.088
2026-07-21T04:50:45+00:00,station2,jitter_ms,1415.484
2026-07-21T04:51:00+00:00,station2,jitter_ms,1402.526
2026-07-21T04:51:15+00:00,station2,jitter_ms,0.0
2026-07-21T04:51:30+00:00,station2,jitter_ms,511.03
2026-07-21T04:51:45+00:00,station2,jitter_ms,0.04
2026-07-21T04:52:00+00:00,station2,jitter_ms,0.062
2026-07-21T04:52:15+00:00,station2,jitter_ms,0.0
2026-07-21T04:52:30+00:00,station2,jitter_ms,0.0
2026-07-21T04:52:45+00:00,station2,jitter_ms,0.0
2026-07-21T04:53:00+00:00,station2,jitter_ms,1360.32
2026-07-21T04:53:15+00:00,station2,jitter_ms,192.432
2026-07-21T04:53:30+00:00,station2,jitter_ms,1262.156
2026-07-21T04:53:45+00:00,station2,jitter_ms,509.879
2026-07-21T04:54:00+00:00,station2,jitter_ms,0.0
2026-07-21T04:54:15+00:00,station2,jitter_ms,0.052
2026-07-21T04:54:30+00:00,station2,jitter_ms,0.325
2026-07-21T04:54:45+00:00,station2,jitter_ms,0.217
2026-07-21T04:55:00+00:00,station2,jitter_ms,0.174
2026-07-21T04:55:15+00:00,station2,jitter_ms,0.517
2026-07-21T04:55:30+00:00,station2,jitter_ms,0.034
2026-07-21T04:55:45+00:00,station2,jitter_ms,1443.875
2026-07-21T04:56:00+00:00,station2,jitter_ms,1443.875
2026-07-21T04:56:15+00:00,station2,jitter_ms,1442.562
2026-07-21T04:56:30+00:00,station2,jitter_ms,833.109
2026-07-21T04:56:45+00:00,station2,jitter_ms,0.031
2026-07-21T04:57:00+00:00,station2,jitter_ms,1215.35
2026-07-21T04:57:15+00:00,station2,jitter_ms,1447.67
2026-07-21T04:57:30+00:00,station2,jitter_ms,1447.67
2026-07-21T04:57:45+00:00,station2,jitter_ms,0.022
2026-07-21T04:58:00+00:00,station2,jitter_ms,1412.005
2026-07-21T04:58:15+00:00,station2,jitter_ms,1412.005
2026-07-21T04:58:30+00:00,station2,jitter_ms,1412.005
2026-07-21T04:58:45+00:00,station2,jitter_ms,1421.137
2026-07-21T04:59:00+00:00,station2,jitter_ms,0.148
2026-07-21T04:59:15+00:00,station2,jitter_ms,0.887
2026-07-21T04:59:30+00:00,station2,jitter_ms,0.513
2026-07-21T04:59:45+00:00,station2,jitter_ms,0.67
2026-07-21T05:00:00+00:00,station2,jitter_ms,0.213
2026-07-21T05:00:15+00:00,station2,jitter_ms,0.038
2026-07-21T05:00:30+00:00,station2,jitter_ms,0.231
2026-07-21T05:00:45+00:00,station2,jitter_ms,0.418
2026-07-21T05:01:00+00:00,station2,jitter_ms,0.386
2026-07-21T05:01:15+00:00,station2,jitter_ms,0.684
2026-07-21T05:01:30+00:00,station2,jitter_ms,0.036
2026-07-21T05:01:45+00:00,station2,jitter_ms,1446.115
2026-07-21T05:02:00+00:00,station2,jitter_ms,1446.115
2026-07-21T05:02:15+00:00,station2,jitter_ms,1743.702
2026-07-21T05:02:30+00:00,station2,jitter_ms,0.0
2026-07-21T05:02:45+00:00,station2,jitter_ms,0.0
2026-07-21T05:03:00+00:00,station2,jitter_ms,1420.614
2026-07-21T05:03:15+00:00,station2,jitter_ms,1422.372
2026-07-21T05:03:30+00:00,station2,jitter_ms,1422.372
2026-07-21T05:03:45+00:00,station2,jitter_ms,0.007
2026-07-21T05:04:00+00:00,station2,jitter_ms,0.06
2026-07-21T05:04:15+00:00,station2,jitter_ms,0.509
2026-07-21T05:04:30+00:00,station2,jitter_ms,0.829
2026-07-21T05:04:45+00:00,station2,jitter_ms,0.377
2026-07-21T05:05:00+00:00,station2,jitter_ms,0.199
2026-07-21T05:05:15+00:00,station2,jitter_ms,0.037
2026-07-21T05:05:30+00:00,station2,jitter_ms,1420.76
2026-07-21T05:05:45+00:00,station2,jitter_ms,0.0
2026-07-21T05:06:00+00:00,station2,jitter_ms,1388.336
2026-07-21T05:06:15+00:00,station2,jitter_ms,1602.107
2026-07-21T05:06:30+00:00,station2,jitter_ms,0.048
2026-07-21T05:06:45+00:00,station2,jitter_ms,0.164
2026-07-21T05:07:00+00:00,station2,jitter_ms,0.068
2026-07-21T05:07:15+00:00,station2,jitter_ms,0.034
2026-07-21T05:07:30+00:00,station2,jitter_ms,1.099
2026-07-21T05:07:45+00:00,station2,jitter_ms,0.026
2026-07-21T05:08:00+00:00,station2,jitter_ms,59.88
2026-07-21T05:08:15+00:00,station2,jitter_ms,1448.251
2026-07-21T05:08:30+00:00,station2,jitter_ms,1448.251
2026-07-21T05:08:45+00:00,station2,jitter_ms,1443.477
2026-07-21T05:09:00+00:00,station2,jitter_ms,0.039
2026-07-21T05:09:15+00:00,station2,jitter_ms,0.024
2026-07-21T05:09:30+00:00,station2,jitter_ms,2790.323
2026-07-21T05:09:45+00:00,station2,jitter_ms,899.332
2026-07-21T05:10:00+00:00,station2,jitter_ms,899.332
2026-07-21T05:10:15+00:00,station2,jitter_ms,0.016
2026-07-21T05:10:30+00:00,station2,jitter_ms,0.035
2026-07-21T05:10:45+00:00,station2,jitter_ms,1026.71
2026-07-21T05:11:00+00:00,station2,jitter_ms,1026.71
2026-07-21T05:11:15+00:00,station2,jitter_ms,1419.894
2026-07-21T05:11:30+00:00,station2,jitter_ms,1417.903
2026-07-21T05:11:45+00:00,station2,jitter_ms,0.056
2026-07-21T05:12:00+00:00,station2,jitter_ms,0.0
2026-07-21T05:12:15+00:00,station2,jitter_ms,1407.224
2026-07-21T05:12:30+00:00,station2,jitter_ms,2168.23
2026-07-21T05:12:45+00:00,station2,jitter_ms,0.05
2026-07-21T05:13:00+00:00,station2,jitter_ms,0.05
2026-07-21T05:13:15+00:00,station2,jitter_ms,0.124
2026-07-21T05:13:30+00:00,station2,jitter_ms,0.208
2026-07-21T05:13:45+00:00,station2,jitter_ms,0.137
2026-07-21T05:14:00+00:00,station2,jitter_ms,0.102
2026-07-21T05:14:15+00:00,station2,jitter_ms,0.171
2026-07-21T05:14:30+00:00,station2,jitter_ms,0.281
2026-07-21T05:14:45+00:00,station2,jitter_ms,1.065
2026-07-21T05:15:00+00:00,station2,jitter_ms,0.244
2026-07-21T05:15:15+00:00,station2,jitter_ms,0.07
2026-07-21T05:15:30+00:00,station2,jitter_ms,0.219
2026-07-21T05:15:45+00:00,station2,jitter_ms,0.534
2026-07-21T05:16:00+00:00,station2,jitter_ms,0.707
2026-07-21T05:16:15+00:00,station2,jitter_ms,0.418
2026-07-21T05:16:30+00:00,station2,jitter_ms,0.039
2026-07-21T05:16:45+00:00,station2,jitter_ms,1.292
2026-07-21T05:17:00+00:00,station2,jitter_ms,1.311
2026-07-21T05:17:15+00:00,station2,jitter_ms,0.993
2026-07-21T05:17:30+00:00,station2,jitter_ms,0.148
2026-07-21T05:17:45+00:00,station2,jitter_ms,1728.818
2026-07-21T05:18:00+00:00,station2,jitter_ms,1215.24
2026-07-21T05:18:15+00:00,station2,jitter_ms,1215.24
2026-07-21T05:18:30+00:00,station2,jitter_ms,1988.065
2026-07-21T05:18:45+00:00,station2,jitter_ms,0.006
2026-07-21T05:19:00+00:00,station2,jitter_ms,1421.162
2026-07-21T05:19:15+00:00,station2,jitter_ms,516.675
2026-07-21T05:19:30+00:00,station2,jitter_ms,516.675
2026-07-21T05:19:45+00:00,station2,jitter_ms,1143.507
2026-07-21T05:20:00+00:00,station2,jitter_ms,0.028
2026-07-21T05:20:15+00:00,station2,jitter_ms,0.023
2026-07-21T05:20:30+00:00,station2,jitter_ms,0.023
2026-07-21T05:20:45+00:00,station2,jitter_ms,829.258
2026-07-21T05:21:00+00:00,station2,jitter_ms,829.258
2026-07-21T05:21:15+00:00,station2,jitter_ms,0.051
2026-07-21T05:21:30+00:00,station2,jitter_ms,1.326
2026-07-21T05:21:45+00:00,station2,jitter_ms,1.536
2026-07-21T05:22:00+00:00,station2,jitter_ms,0.369
2026-07-21T05:22:15+00:00,station2,jitter_ms,0.107
2026-07-21T05:22:30+00:00,station2,jitter_ms,0.021
2026-07-21T05:22:45+00:00,station2,jitter_ms,1448.377
2026-07-21T05:23:00+00:00,station2,jitter_ms,1448.377
2026-07-21T05:23:15+00:00,station2,jitter_ms,1421.475
2026-07-21T05:23:30+00:00,station2,jitter_ms,1476.265
2026-07-21T05:23:45+00:00,station2,jitter_ms,0.055
2026-07-21T05:24:00+00:00,station2,jitter_ms,0.576
2026-07-21T05:24:15+00:00,station2,jitter_ms,0.261
2026-07-21T05:24:30+00:00,station2,jitter_ms,1.02
2026-07-21T05:24:45+00:00,station2,jitter_ms,0.486
2026-07-21T05:25:00+00:00,station2,jitter_ms,0.062
2026-07-21T05:25:15+00:00,station2,jitter_ms,0.0
2026-07-21T05:25:30+00:00,station2,jitter_ms,0.0
2026-07-21T05:25:45+00:00,station2,jitter_ms,0.0
2026-07-21T05:26:00+00:00,station2,jitter_ms,496.433
2026-07-21T05:26:15+00:00,station2,jitter_ms,1448.002
2026-07-21T05:26:30+00:00,station2,jitter_ms,1421.129
2026-07-21T05:26:45+00:00,station2,jitter_ms,1739.634
2026-07-21T05:27:00+00:00,station2,jitter_ms,0.0
2026-07-21T05:27:15+00:00,station2,jitter_ms,0.02
2026-07-21T05:27:30+00:00,station2,jitter_ms,0.006
2026-07-21T05:27:45+00:00,station2,jitter_ms,1394.262
2026-07-21T05:28:00+00:00,station2,jitter_ms,1545.499
2026-07-21T05:28:15+00:00,station2,jitter_ms,1012.911
2026-07-21T05:28:30+00:00,station2,jitter_ms,1400.818
2026-07-21T05:28:45+00:00,station2,jitter_ms,0.04
2026-07-21T05:29:00+00:00,station2,jitter_ms,1413.511
2026-07-21T05:29:15+00:00,station2,jitter_ms,1401.555
2026-07-21T05:29:30+00:00,station2,jitter_ms,515.555
2026-07-21T05:29:45+00:00,station2,jitter_ms,1445.515
2026-07-21T05:30:00+00:00,station2,jitter_ms,1420.364
2026-07-21T05:30:15+00:00,station2,jitter_ms,0.038
2026-07-21T05:30:30+00:00,station2,jitter_ms,0.038
2026-07-21T05:30:45+00:00,station2,jitter_ms,1400.183
2026-07-21T05:31:00+00:00,station2,jitter_ms,0.0
2026-07-21T05:31:15+00:00,station2,jitter_ms,0.028
2026-07-21T05:31:30+00:00,station2,jitter_ms,0.05
2026-07-21T05:31:45+00:00,station2,jitter_ms,0.438
2026-07-21T05:32:00+00:00,station2,jitter_ms,0.336
2026-07-21T05:32:15+00:00,station2,jitter_ms,0.766
2026-07-21T05:32:30+00:00,station2,jitter_ms,0.239
2026-07-21T05:32:45+00:00,station2,jitter_ms,0.023
2026-07-21T05:33:00+00:00,station2,jitter_ms,0.414
2026-07-21T05:33:15+00:00,station2,jitter_ms,0.346
2026-07-21T05:33:30+00:00,station2,jitter_ms,0.685
2026-07-21T05:33:45+00:00,station2,jitter_ms,0.167
2026-07-21T05:34:00+00:00,station2,jitter_ms,0.028
2026-07-21T05:34:15+00:00,station2,jitter_ms,0.858
2026-07-21T05:34:30+00:00,station2,jitter_ms,0.699
2026-07-21T05:34:45+00:00,station2,jitter_ms,0.839
2026-07-21T05:35:00+00:00,station2,jitter_ms,0.239
2026-07-21T05:35:15+00:00,station2,jitter_ms,512.243
2026-07-21T05:35:30+00:00,station2,jitter_ms,1424.588
2026-07-21T05:35:45+00:00,station2,jitter_ms,1361.696
2026-07-21T05:36:00+00:00,station2,jitter_ms,1420.444
2026-07-21T05:36:15+00:00,station2,jitter_ms,0.037
2026-07-21T05:36:30+00:00,station2,jitter_ms,0.07
2026-07-21T05:36:45+00:00,station2,jitter_ms,16.557
2026-07-21T05:37:00+00:00,station2,jitter_ms,3.158
2026-07-21T05:37:15+00:00,station2,jitter_ms,1.345
2026-07-21T05:37:30+00:00,station2,jitter_ms,0.524
2026-07-21T05:37:45+00:00,station2,jitter_ms,0.204
2026-07-21T05:38:00+00:00,station2,jitter_ms,0.13
2026-07-21T05:38:15+00:00,station2,jitter_ms,0.488
2026-07-21T05:38:30+00:00,station2,jitter_ms,0.374
2026-07-21T05:38:45+00:00,station2,jitter_ms,1.351
2026-07-21T05:39:00+00:00,station2,jitter_ms,0.03
2026-07-21T05:39:15+00:00,station2,jitter_ms,0.043
2026-07-21T05:39:30+00:00,station2,jitter_ms,0.726
2026-07-21T05:39:45+00:00,station2,jitter_ms,0.02
2026-07-21T05:40:00+00:00,station2,jitter_ms,1215.278
2026-07-21T05:40:15+00:00,station2,jitter_ms,0.0
2026-07-21T05:40:30+00:00,station2,jitter_ms,422.395
2026-07-21T05:40:45+00:00,station2,jitter_ms,0.0
2026-07-21T05:41:00+00:00,station2,jitter_ms,0.034
2026-07-21T05:41:15+00:00,station2,jitter_ms,0.524
2026-07-21T05:41:30+00:00,station2,jitter_ms,0.493
2026-07-21T05:41:45+00:00,station2,jitter_ms,0.394
2026-07-21T05:42:00+00:00,station2,jitter_ms,0.423
2026-07-21T05:42:15+00:00,station2,jitter_ms,0.033
2026-07-21T05:42:30+00:00,station2,jitter_ms,0.158
2026-07-21T05:42:45+00:00,station2,jitter_ms,0.337
2026-07-21T05:43:00+00:00,station2,jitter_ms,0.039
2026-07-21T05:43:15+00:00,station2,jitter_ms,0.62
2026-07-21T05:43:30+00:00,station2,jitter_ms,0.011
2026-07-21T05:43:45+00:00,station2,jitter_ms,1.114
2026-07-21T05:44:00+00:00,station2,jitter_ms,0.315
2026-07-21T05:44:15+00:00,station2,jitter_ms,0.205
2026-07-21T05:44:30+00:00,station2,jitter_ms,0.604
2026-07-21T05:44:45+00:00,station2,jitter_ms,0.438
2026-07-21T05:45:00+00:00,station2,jitter_ms,0.391
2026-07-21T05:45:15+00:00,station2,jitter_ms,0.256
2026-07-21T05:45:30+00:00,station2,jitter_ms,0.597
2026-07-21T05:45:45+00:00,station2,jitter_ms,0.025
2026-07-21T05:46:00+00:00,station2,jitter_ms,836.098
2026-07-21T05:46:15+00:00,station2,jitter_ms,1665.954
2026-07-21T05:46:30+00:00,station2,jitter_ms,0.0
2026-07-21T05:46:45+00:00,station2,jitter_ms,1217.511
2026-07-21T05:47:00+00:00,station2,jitter_ms,0.037
2026-07-21T05:47:15+00:00,station2,jitter_ms,0.637
2026-07-21T05:47:30+00:00,station2,jitter_ms,0.485
2026-07-21T05:47:45+00:00,station2,jitter_ms,0.25
2026-07-21T05:48:00+00:00,station2,jitter_ms,0.192
2026-07-21T05:48:15+00:00,station2,jitter_ms,0.054
2026-07-21T05:48:30+00:00,station2,jitter_ms,1444.999
2026-07-21T05:48:45+00:00,station2,jitter_ms,1444.29
2026-07-21T05:49:00+00:00,station2,jitter_ms,1425.245
2026-07-21T05:49:15+00:00,station2,jitter_ms,1425.245
2026-07-21T05:49:30+00:00,station2,jitter_ms,0.043
2026-07-21T05:49:45+00:00,station2,jitter_ms,1717.787
2026-07-21T05:50:00+00:00,station2,jitter_ms,836.199
2026-07-21T05:50:15+00:00,station2,jitter_ms,2941.462
2026-07-21T05:50:30+00:00,station2,jitter_ms,1386.256
2026-07-21T05:50:45+00:00,station2,jitter_ms,0.046
2026-07-21T05:51:00+00:00,station2,jitter_ms,0.033
2026-07-21T05:51:15+00:00,station2,jitter_ms,0.152
2026-07-21T05:51:30+00:00,station2,jitter_ms,0.236
2026-07-21T05:51:45+00:00,station2,jitter_ms,1.004
2026-07-21T05:52:00+00:00,station2,jitter_ms,0.821
2026-07-21T05:52:15+00:00,station2,jitter_ms,1447.641
2026-07-21T05:52:30+00:00,station2,jitter_ms,1420.892
2026-07-21T05:52:45+00:00,station2,jitter_ms,1144.256
2026-07-21T05:53:00+00:00,station2,jitter_ms,0.0
2026-07-21T05:53:15+00:00,station2,jitter_ms,0.02
2026-07-21T05:53:30+00:00,station2,jitter_ms,0.705
2026-07-21T05:53:45+00:00,station2,jitter_ms,0.157
2026-07-21T05:54:00+00:00,station2,jitter_ms,0.096
2026-07-21T05:54:15+00:00,station2,jitter_ms,0.555
2026-07-21T05:54:30+00:00,station2,jitter_ms,0.051
2026-07-21T04:06:30+00:00,station3,jitter_ms,1449.651
2026-07-21T04:06:45+00:00,station3,jitter_ms,838.924
2026-07-21T04:07:00+00:00,station3,jitter_ms,838.924
2026-07-21T04:07:15+00:00,station3,jitter_ms,1.072
2026-07-21T04:07:30+00:00,station3,jitter_ms,0.054
2026-07-21T04:07:45+00:00,station3,jitter_ms,0.577
2026-07-21T04:08:00+00:00,station3,jitter_ms,0.293
2026-07-21T04:08:15+00:00,station3,jitter_ms,0.531
2026-07-21T04:08:30+00:00,station3,jitter_ms,0.411
2026-07-21T04:08:45+00:00,station3,jitter_ms,1414.803
2026-07-21T04:09:00+00:00,station3,jitter_ms,1443.515
2026-07-21T04:09:15+00:00,station3,jitter_ms,2940.279
2026-07-21T04:09:30+00:00,station3,jitter_ms,1449.853
2026-07-21T04:09:45+00:00,station3,jitter_ms,0.011
2026-07-21T04:10:00+00:00,station3,jitter_ms,0.022
2026-07-21T04:10:15+00:00,station3,jitter_ms,1443.693
2026-07-21T04:10:30+00:00,station3,jitter_ms,1447.783
2026-07-21T04:10:45+00:00,station3,jitter_ms,1447.349
2026-07-21T04:11:00+00:00,station3,jitter_ms,1442.81
2026-07-21T04:11:15+00:00,station3,jitter_ms,0.027
2026-07-21T04:11:30+00:00,station3,jitter_ms,0.069
2026-07-21T04:11:45+00:00,station3,jitter_ms,2047.601
2026-07-21T04:12:00+00:00,station3,jitter_ms,1746.061
2026-07-21T04:12:15+00:00,station3,jitter_ms,838.193
2026-07-21T04:12:30+00:00,station3,jitter_ms,0.053
2026-07-21T04:12:45+00:00,station3,jitter_ms,1419.856
2026-07-21T04:13:00+00:00,station3,jitter_ms,1419.856
2026-07-21T04:13:15+00:00,station3,jitter_ms,832.328
2026-07-21T04:13:30+00:00,station3,jitter_ms,2889.332
2026-07-21T04:13:45+00:00,station3,jitter_ms,0.031
2026-07-21T04:14:00+00:00,station3,jitter_ms,0.025
2026-07-21T04:14:15+00:00,station3,jitter_ms,0.0
2026-07-21T04:14:30+00:00,station3,jitter_ms,1449.539
2026-07-21T04:14:45+00:00,station3,jitter_ms,1445.086
2026-07-21T04:15:00+00:00,station3,jitter_ms,1445.086
2026-07-21T04:15:15+00:00,station3,jitter_ms,0.04
2026-07-21T04:15:30+00:00,station3,jitter_ms,1447.336
2026-07-21T04:15:45+00:00,station3,jitter_ms,1422.629
2026-07-21T04:16:00+00:00,station3,jitter_ms,1670.685
2026-07-21T04:16:15+00:00,station3,jitter_ms,1231.006
2026-07-21T04:16:30+00:00,station3,jitter_ms,0.057
2026-07-21T04:16:45+00:00,station3,jitter_ms,4464.233
2026-07-21T04:17:00+00:00,station3,jitter_ms,1147.492
2026-07-21T04:17:15+00:00,station3,jitter_ms,828.342
2026-07-21T04:17:30+00:00,station3,jitter_ms,1449.662
2026-07-21T04:17:45+00:00,station3,jitter_ms,0.047
2026-07-21T04:18:00+00:00,station3,jitter_ms,1419.919
2026-07-21T04:18:15+00:00,station3,jitter_ms,1215.487
2026-07-21T04:18:30+00:00,station3,jitter_ms,2938.743
2026-07-21T04:18:45+00:00,station3,jitter_ms,1449.926
2026-07-21T04:19:00+00:00,station3,jitter_ms,0.039
2026-07-21T04:19:15+00:00,station3,jitter_ms,0.781
2026-07-21T04:19:30+00:00,station3,jitter_ms,1.006
2026-07-21T04:19:45+00:00,station3,jitter_ms,0.901
2026-07-21T04:20:00+00:00,station3,jitter_ms,1.176
2026-07-21T04:20:15+00:00,station3,jitter_ms,1442.162
2026-07-21T04:20:30+00:00,station3,jitter_ms,1442.162
2026-07-21T04:20:45+00:00,station3,jitter_ms,933.422
2026-07-21T04:21:00+00:00,station3,jitter_ms,1215.424
2026-07-21T04:21:15+00:00,station3,jitter_ms,0.027
2026-07-21T04:21:30+00:00,station3,jitter_ms,1447.674
2026-07-21T04:21:45+00:00,station3,jitter_ms,2938.492
2026-07-21T04:22:00+00:00,station3,jitter_ms,1443.57
2026-07-21T04:22:15+00:00,station3,jitter_ms,1437.942
2026-07-21T04:22:30+00:00,station3,jitter_ms,0.032
2026-07-21T04:22:45+00:00,station3,jitter_ms,2789.954
2026-07-21T04:23:00+00:00,station3,jitter_ms,1180.793
2026-07-21T04:23:15+00:00,station3,jitter_ms,1400.599
2026-07-21T04:23:30+00:00,station3,jitter_ms,1400.599
2026-07-21T04:23:45+00:00,station3,jitter_ms,0.046
2026-07-21T04:24:00+00:00,station3,jitter_ms,2896.703
2026-07-21T04:24:15+00:00,station3,jitter_ms,1442.977
2026-07-21T04:24:30+00:00,station3,jitter_ms,1447.617
2026-07-21T04:24:45+00:00,station3,jitter_ms,0.032
2026-07-21T04:25:00+00:00,station3,jitter_ms,0.082
2026-07-21T04:25:15+00:00,station3,jitter_ms,2940.816
2026-07-21T04:25:30+00:00,station3,jitter_ms,1411.806
2026-07-21T04:25:45+00:00,station3,jitter_ms,2942.022
2026-07-21T04:26:00+00:00,station3,jitter_ms,828.829
2026-07-21T04:26:15+00:00,station3,jitter_ms,0.022
2026-07-21T04:26:30+00:00,station3,jitter_ms,1447.522
2026-07-21T04:26:45+00:00,station3,jitter_ms,1024.442
2026-07-21T04:27:00+00:00,station3,jitter_ms,1216.715
2026-07-21T04:27:15+00:00,station3,jitter_ms,1442.796
2026-07-21T04:27:30+00:00,station3,jitter_ms,0.028
2026-07-21T04:27:45+00:00,station3,jitter_ms,1411.672
2026-07-21T04:28:00+00:00,station3,jitter_ms,1411.672
2026-07-21T04:28:15+00:00,station3,jitter_ms,0.0
2026-07-21T04:28:30+00:00,station3,jitter_ms,1403.499
2026-07-21T04:28:45+00:00,station3,jitter_ms,0.049
2026-07-21T04:29:00+00:00,station3,jitter_ms,0.751
2026-07-21T04:29:15+00:00,station3,jitter_ms,0.487
2026-07-21T04:29:30+00:00,station3,jitter_ms,0.558
2026-07-21T04:29:45+00:00,station3,jitter_ms,0.437
2026-07-21T04:30:00+00:00,station3,jitter_ms,0.047
2026-07-21T04:30:15+00:00,station3,jitter_ms,0.374
2026-07-21T04:30:30+00:00,station3,jitter_ms,0.085
2026-07-21T04:30:45+00:00,station3,jitter_ms,0.626
2026-07-21T04:31:00+00:00,station3,jitter_ms,0.156
2026-07-21T04:31:15+00:00,station3,jitter_ms,0.032
2026-07-21T04:31:30+00:00,station3,jitter_ms,1399.204
2026-07-21T04:31:45+00:00,station3,jitter_ms,1447.351
2026-07-21T04:32:00+00:00,station3,jitter_ms,1400.804
2026-07-21T04:32:15+00:00,station3,jitter_ms,0.0
2026-07-21T04:32:30+00:00,station3,jitter_ms,1413.616
2026-07-21T04:32:45+00:00,station3,jitter_ms,1447.447
2026-07-21T04:33:00+00:00,station3,jitter_ms,1447.447
2026-07-21T04:33:15+00:00,station3,jitter_ms,0.0
2026-07-21T04:33:30+00:00,station3,jitter_ms,426.564
2026-07-21T04:33:45+00:00,station3,jitter_ms,46.348
2026-07-21T04:34:00+00:00,station3,jitter_ms,2893.948
2026-07-21T04:34:15+00:00,station3,jitter_ms,2495.353
2026-07-21T04:34:30+00:00,station3,jitter_ms,1059.931
2026-07-21T04:34:45+00:00,station3,jitter_ms,1743.222
2026-07-21T04:35:00+00:00,station3,jitter_ms,54.962
2026-07-21T04:35:15+00:00,station3,jitter_ms,1400.252
2026-07-21T04:35:30+00:00,station3,jitter_ms,1447.282
2026-07-21T04:35:45+00:00,station3,jitter_ms,454.648
2026-07-21T04:36:00+00:00,station3,jitter_ms,1445.37
2026-07-21T04:36:15+00:00,station3,jitter_ms,1404.757
2026-07-21T04:36:30+00:00,station3,jitter_ms,1447.785
2026-07-21T04:36:45+00:00,station3,jitter_ms,2938.496
2026-07-21T04:37:00+00:00,station3,jitter_ms,1213.756
2026-07-21T04:37:15+00:00,station3,jitter_ms,1.107
2026-07-21T04:37:30+00:00,station3,jitter_ms,0.667
2026-07-21T04:37:45+00:00,station3,jitter_ms,0.403
2026-07-21T04:38:00+00:00,station3,jitter_ms,0.447
2026-07-21T04:38:15+00:00,station3,jitter_ms,2.061
2026-07-21T04:38:30+00:00,station3,jitter_ms,0.013
2026-07-21T04:38:45+00:00,station3,jitter_ms,1449.69
2026-07-21T04:39:00+00:00,station3,jitter_ms,1406.27
2026-07-21T04:39:15+00:00,station3,jitter_ms,472.676
2026-07-21T04:39:30+00:00,station3,jitter_ms,344.361
2026-07-21T04:39:45+00:00,station3,jitter_ms,1143.584
2026-07-21T04:40:00+00:00,station3,jitter_ms,1443.046
2026-07-21T04:40:15+00:00,station3,jitter_ms,1217.483
2026-07-21T04:40:30+00:00,station3,jitter_ms,835.409
2026-07-21T04:40:45+00:00,station3,jitter_ms,761.553
2026-07-21T04:41:00+00:00,station3,jitter_ms,0.012
2026-07-21T04:41:15+00:00,station3,jitter_ms,0.379
2026-07-21T04:41:30+00:00,station3,jitter_ms,1.401
2026-07-21T04:41:45+00:00,station3,jitter_ms,0.585
2026-07-21T04:42:00+00:00,station3,jitter_ms,0.557
2026-07-21T04:42:15+00:00,station3,jitter_ms,0.461
2026-07-21T04:42:30+00:00,station3,jitter_ms,0.791
2026-07-21T04:42:45+00:00,station3,jitter_ms,1.35
2026-07-21T04:43:00+00:00,station3,jitter_ms,0.676
2026-07-21T04:43:15+00:00,station3,jitter_ms,0.015
2026-07-21T04:43:30+00:00,station3,jitter_ms,1205.757
2026-07-21T04:43:45+00:00,station3,jitter_ms,1430.108
2026-07-21T04:44:00+00:00,station3,jitter_ms,1484.017
2026-07-21T04:44:15+00:00,station3,jitter_ms,2344.378
2026-07-21T04:44:30+00:00,station3,jitter_ms,0.039
2026-07-21T04:44:45+00:00,station3,jitter_ms,1447.331
2026-07-21T04:45:00+00:00,station3,jitter_ms,1401.956
2026-07-21T04:45:15+00:00,station3,jitter_ms,1442.817
2026-07-21T04:45:30+00:00,station3,jitter_ms,947.093
2026-07-21T04:45:45+00:00,station3,jitter_ms,0.037
2026-07-21T04:46:00+00:00,station3,jitter_ms,505.766
2026-07-21T04:46:15+00:00,station3,jitter_ms,505.766
2026-07-21T04:46:30+00:00,station3,jitter_ms,1214.674
2026-07-21T04:46:45+00:00,station3,jitter_ms,1057.588
2026-07-21T04:47:00+00:00,station3,jitter_ms,0.02
2026-07-21T04:47:15+00:00,station3,jitter_ms,1.422
2026-07-21T04:47:30+00:00,station3,jitter_ms,0.413
2026-07-21T04:47:45+00:00,station3,jitter_ms,0.206
2026-07-21T04:48:00+00:00,station3,jitter_ms,1.104
2026-07-21T04:48:15+00:00,station3,jitter_ms,0.017
2026-07-21T04:48:30+00:00,station3,jitter_ms,2941.985
2026-07-21T04:48:45+00:00,station3,jitter_ms,1213.331
2026-07-21T04:49:00+00:00,station3,jitter_ms,1398.949
2026-07-21T04:49:15+00:00,station3,jitter_ms,1443.106
2026-07-21T04:49:30+00:00,station3,jitter_ms,0.043
2026-07-21T04:49:45+00:00,station3,jitter_ms,1450.038
2026-07-21T04:50:00+00:00,station3,jitter_ms,1450.038
2026-07-21T04:50:15+00:00,station3,jitter_ms,2790.28
2026-07-21T04:50:30+00:00,station3,jitter_ms,1503.019
2026-07-21T04:50:45+00:00,station3,jitter_ms,1413.307
2026-07-21T04:51:00+00:00,station3,jitter_ms,1402.361
2026-07-21T04:51:15+00:00,station3,jitter_ms,0.0
2026-07-21T04:51:30+00:00,station3,jitter_ms,838.309
2026-07-21T04:51:45+00:00,station3,jitter_ms,0.042
2026-07-21T04:52:00+00:00,station3,jitter_ms,0.038
2026-07-21T04:52:15+00:00,station3,jitter_ms,2939.705
2026-07-21T04:52:30+00:00,station3,jitter_ms,2939.705
2026-07-21T04:52:45+00:00,station3,jitter_ms,2942.278
2026-07-21T04:53:00+00:00,station3,jitter_ms,1460.125
2026-07-21T04:53:15+00:00,station3,jitter_ms,192.522
2026-07-21T04:53:30+00:00,station3,jitter_ms,1508.882
2026-07-21T04:53:45+00:00,station3,jitter_ms,512.301
2026-07-21T04:54:00+00:00,station3,jitter_ms,2887.436
2026-07-21T04:54:15+00:00,station3,jitter_ms,0.039
2026-07-21T04:54:30+00:00,station3,jitter_ms,0.485
2026-07-21T04:54:45+00:00,station3,jitter_ms,1.436
2026-07-21T04:55:00+00:00,station3,jitter_ms,0.876
2026-07-21T04:55:15+00:00,station3,jitter_ms,0.371
2026-07-21T04:55:30+00:00,station3,jitter_ms,0.06
2026-07-21T04:55:45+00:00,station3,jitter_ms,1447.79
2026-07-21T04:56:00+00:00,station3,jitter_ms,1447.79
2026-07-21T04:56:15+00:00,station3,jitter_ms,1744.793
2026-07-21T04:56:30+00:00,station3,jitter_ms,1013.837
2026-07-21T04:56:45+00:00,station3,jitter_ms,0.062
2026-07-21T04:57:00+00:00,station3,jitter_ms,1216.583
2026-07-21T04:57:15+00:00,station3,jitter_ms,1442.778
2026-07-21T04:57:30+00:00,station3,jitter_ms,1442.778
2026-07-21T04:57:45+00:00,station3,jitter_ms,0.071
2026-07-21T04:58:00+00:00,station3,jitter_ms,1416.493
2026-07-21T04:58:15+00:00,station3,jitter_ms,2942.36
2026-07-21T04:58:30+00:00,station3,jitter_ms,2938.525
2026-07-21T04:58:45+00:00,station3,jitter_ms,1447.452
2026-07-21T04:59:00+00:00,station3,jitter_ms,0.094
2026-07-21T04:59:15+00:00,station3,jitter_ms,1416.066
2026-07-21T04:59:30+00:00,station3,jitter_ms,1416.066
2026-07-21T04:59:45+00:00,station3,jitter_ms,1416.066
2026-07-21T05:00:00+00:00,station3,jitter_ms,1442.703
2026-07-21T05:00:15+00:00,station3,jitter_ms,0.003
2026-07-21T05:00:30+00:00,station3,jitter_ms,1347.369
2026-07-21T05:00:45+00:00,station3,jitter_ms,1447.008
2026-07-21T05:01:00+00:00,station3,jitter_ms,1447.008
2026-07-21T05:01:15+00:00,station3,jitter_ms,1443.301
2026-07-21T05:01:30+00:00,station3,jitter_ms,0.017
2026-07-21T05:01:45+00:00,station3,jitter_ms,1449.671
2026-07-21T05:02:00+00:00,station3,jitter_ms,1449.671
2026-07-21T05:02:15+00:00,station3,jitter_ms,1749.083
2026-07-21T05:02:30+00:00,station3,jitter_ms,2789.959
2026-07-21T05:02:45+00:00,station3,jitter_ms,0.0
2026-07-21T05:03:00+00:00,station3,jitter_ms,1417.329
2026-07-21T05:03:15+00:00,station3,jitter_ms,1442.753
2026-07-21T05:03:30+00:00,station3,jitter_ms,1748.447
2026-07-21T05:03:45+00:00,station3,jitter_ms,0.054
2026-07-21T05:04:00+00:00,station3,jitter_ms,0.015
2026-07-21T05:04:15+00:00,station3,jitter_ms,1410.133
2026-07-21T05:04:30+00:00,station3,jitter_ms,1124.628
2026-07-21T05:04:45+00:00,station3,jitter_ms,2747.037
2026-07-21T05:05:00+00:00,station3,jitter_ms,2053.547
2026-07-21T05:05:15+00:00,station3,jitter_ms,0.037
2026-07-21T05:05:30+00:00,station3,jitter_ms,1141.35
2026-07-21T05:05:45+00:00,station3,jitter_ms,1445.106
2026-07-21T05:06:00+00:00,station3,jitter_ms,1387.11
2026-07-21T05:06:15+00:00,station3,jitter_ms,0.0
2026-07-21T05:06:30+00:00,station3,jitter_ms,0.063
2026-07-21T05:06:45+00:00,station3,jitter_ms,0.965
2026-07-21T05:07:00+00:00,station3,jitter_ms,1.283
2026-07-21T05:07:15+00:00,station3,jitter_ms,0.322
2026-07-21T05:07:30+00:00,station3,jitter_ms,0.33
2026-07-21T05:07:45+00:00,station3,jitter_ms,0.056
2026-07-21T05:08:00+00:00,station3,jitter_ms,49.296
2026-07-21T05:08:15+00:00,station3,jitter_ms,1443.962
2026-07-21T05:08:30+00:00,station3,jitter_ms,1443.962
2026-07-21T05:08:45+00:00,station3,jitter_ms,1447.529
2026-07-21T05:09:00+00:00,station3,jitter_ms,0.019
2026-07-21T05:09:15+00:00,station3,jitter_ms,0.012
2026-07-21T05:09:30+00:00,station3,jitter_ms,2789.964
2026-07-21T05:09:45+00:00,station3,jitter_ms,1445.103
2026-07-21T05:10:00+00:00,station3,jitter_ms,1443.138
2026-07-21T05:10:15+00:00,station3,jitter_ms,0.021
2026-07-21T05:10:30+00:00,station3,jitter_ms,0.034
2026-07-21T05:10:45+00:00,station3,jitter_ms,1443.035
2026-07-21T05:11:00+00:00,station3,jitter_ms,1443.035
2026-07-21T05:11:15+00:00,station3,jitter_ms,1445.035
2026-07-21T05:11:30+00:00,station3,jitter_ms,1412.48
2026-07-21T05:11:45+00:00,station3,jitter_ms,0.034
2026-07-21T05:12:00+00:00,station3,jitter_ms,2790.588
2026-07-21T05:12:15+00:00,station3,jitter_ms,1406.832
2026-07-21T05:12:30+00:00,station3,jitter_ms,2168.328
2026-07-21T05:12:45+00:00,station3,jitter_ms,0.061
2026-07-21T05:13:00+00:00,station3,jitter_ms,0.011
2026-07-21T05:13:15+00:00,station3,jitter_ms,0.346
2026-07-21T05:13:30+00:00,station3,jitter_ms,0.56
2026-07-21T05:13:45+00:00,station3,jitter_ms,0.432
2026-07-21T05:14:00+00:00,station3,jitter_ms,0.516
2026-07-21T05:14:15+00:00,station3,jitter_ms,1.293
2026-07-21T05:14:30+00:00,station3,jitter_ms,0.23
2026-07-21T05:14:45+00:00,station3,jitter_ms,0.93
2026-07-21T05:15:00+00:00,station3,jitter_ms,0.109
2026-07-21T05:15:15+00:00,station3,jitter_ms,0.027
2026-07-21T05:15:30+00:00,station3,jitter_ms,2728.071
2026-07-21T05:15:45+00:00,station3,jitter_ms,0.0
2026-07-21T05:16:00+00:00,station3,jitter_ms,1414.02
2026-07-21T05:16:15+00:00,station3,jitter_ms,1446.182
2026-07-21T05:16:30+00:00,station3,jitter_ms,0.012
2026-07-21T05:16:45+00:00,station3,jitter_ms,1.075
2026-07-21T05:17:00+00:00,station3,jitter_ms,0.972
2026-07-21T05:17:15+00:00,station3,jitter_ms,0.129
2026-07-21T05:17:30+00:00,station3,jitter_ms,0.599
2026-07-21T05:17:45+00:00,station3,jitter_ms,1508.133
2026-07-21T05:18:00+00:00,station3,jitter_ms,1216.139
2026-07-21T05:18:15+00:00,station3,jitter_ms,2941.115
2026-07-21T05:18:30+00:00,station3,jitter_ms,2942.041
2026-07-21T05:18:45+00:00,station3,jitter_ms,0.005
2026-07-21T05:19:00+00:00,station3,jitter_ms,1442.902
2026-07-21T05:19:15+00:00,station3,jitter_ms,414.624
2026-07-21T05:19:30+00:00,station3,jitter_ms,414.624
2026-07-21T05:19:45+00:00,station3,jitter_ms,1751.398
2026-07-21T05:20:00+00:00,station3,jitter_ms,0.014
2026-07-21T05:20:15+00:00,station3,jitter_ms,0.048
2026-07-21T05:20:30+00:00,station3,jitter_ms,0.048
2026-07-21T05:20:45+00:00,station3,jitter_ms,1447.559
2026-07-21T05:21:00+00:00,station3,jitter_ms,1447.559
2026-07-21T05:21:15+00:00,station3,jitter_ms,0.03
2026-07-21T05:21:30+00:00,station3,jitter_ms,1.595
2026-07-21T05:21:45+00:00,station3,jitter_ms,0.982
2026-07-21T05:22:00+00:00,station3,jitter_ms,0.442
2026-07-21T05:22:15+00:00,station3,jitter_ms,0.585
2026-07-21T05:22:30+00:00,station3,jitter_ms,0.013
2026-07-21T05:22:45+00:00,station3,jitter_ms,1443.076
2026-07-21T05:23:00+00:00,station3,jitter_ms,1443.076
2026-07-21T05:23:15+00:00,station3,jitter_ms,1445.118
2026-07-21T05:23:30+00:00,station3,jitter_ms,1449.367
2026-07-21T05:23:45+00:00,station3,jitter_ms,0.011
2026-07-21T05:24:00+00:00,station3,jitter_ms,481.229
2026-07-21T05:24:15+00:00,station3,jitter_ms,771.176
2026-07-21T05:24:30+00:00,station3,jitter_ms,1402.044
2026-07-21T05:24:45+00:00,station3,jitter_ms,2049.12
2026-07-21T05:25:00+00:00,station3,jitter_ms,0.019
2026-07-21T05:25:15+00:00,station3,jitter_ms,0.0
2026-07-21T05:25:30+00:00,station3,jitter_ms,0.0
2026-07-21T05:25:45+00:00,station3,jitter_ms,2938.395
2026-07-21T05:26:00+00:00,station3,jitter_ms,491.41
2026-07-21T05:26:15+00:00,station3,jitter_ms,1443.87
2026-07-21T05:26:30+00:00,station3,jitter_ms,1447.381
2026-07-21T05:26:45+00:00,station3,jitter_ms,0.0
2026-07-21T05:27:00+00:00,station3,jitter_ms,2905.13
2026-07-21T05:27:15+00:00,station3,jitter_ms,0.003
2026-07-21T05:27:30+00:00,station3,jitter_ms,0.027
2026-07-21T05:27:45+00:00,station3,jitter_ms,1616.58
2026-07-21T05:28:00+00:00,station3,jitter_ms,1616.58
2026-07-21T05:28:15+00:00,station3,jitter_ms,1400.141
2026-07-21T05:28:30+00:00,station3,jitter_ms,1400.42
2026-07-21T05:28:45+00:00,station3,jitter_ms,0.009
2026-07-21T05:29:00+00:00,station3,jitter_ms,1418.079
2026-07-21T05:29:15+00:00,station3,jitter_ms,1401.094
2026-07-21T05:29:30+00:00,station3,jitter_ms,508.753
2026-07-21T05:29:45+00:00,station3,jitter_ms,1419.004
2026-07-21T05:30:00+00:00,station3,jitter_ms,1.867
2026-07-21T05:30:15+00:00,station3,jitter_ms,0.014
2026-07-21T05:30:30+00:00,station3,jitter_ms,2938.747
2026-07-21T05:30:45+00:00,station3,jitter_ms,1450.268
2026-07-21T05:31:00+00:00,station3,jitter_ms,2904.993
2026-07-21T05:31:15+00:00,station3,jitter_ms,0.011
2026-07-21T05:31:30+00:00,station3,jitter_ms,0.051
2026-07-21T05:31:45+00:00,station3,jitter_ms,1413.643
2026-07-21T05:32:00+00:00,station3,jitter_ms,1044.382
2026-07-21T05:32:15+00:00,station3,jitter_ms,1442.771
2026-07-21T05:32:30+00:00,station3,jitter_ms,1257.87
2026-07-21T05:32:45+00:00,station3,jitter_ms,0.024
2026-07-21T05:33:00+00:00,station3,jitter_ms,3751.005
2026-07-21T05:33:15+00:00,station3,jitter_ms,1447.673
2026-07-21T05:33:30+00:00,station3,jitter_ms,2653.627
2026-07-21T05:33:45+00:00,station3,jitter_ms,2893.568
2026-07-21T05:34:00+00:00,station3,jitter_ms,0.028
2026-07-21T05:34:15+00:00,station3,jitter_ms,1445.476
2026-07-21T05:34:30+00:00,station3,jitter_ms,802.841
2026-07-21T05:34:45+00:00,station3,jitter_ms,1413.667
2026-07-21T05:35:00+00:00,station3,jitter_ms,1413.667
2026-07-21T05:35:15+00:00,station3,jitter_ms,408.401
2026-07-21T05:35:30+00:00,station3,jitter_ms,1423.481
2026-07-21T05:35:45+00:00,station3,jitter_ms,1400.354
2026-07-21T05:36:00+00:00,station3,jitter_ms,1443.16
2026-07-21T05:36:15+00:00,station3,jitter_ms,0.042
2026-07-21T05:36:30+00:00,station3,jitter_ms,1840.117
2026-07-21T05:36:45+00:00,station3,jitter_ms,1449.985
2026-07-21T05:37:00+00:00,station3,jitter_ms,1445.081
2026-07-21T05:37:15+00:00,station3,jitter_ms,2941.995
2026-07-21T05:37:30+00:00,station3,jitter_ms,7.742
2026-07-21T05:37:45+00:00,station3,jitter_ms,0.656
2026-07-21T05:38:00+00:00,station3,jitter_ms,0.853
2026-07-21T05:38:15+00:00,station3,jitter_ms,0.623
2026-07-21T05:38:30+00:00,station3,jitter_ms,0.789
2026-07-21T05:38:45+00:00,station3,jitter_ms,0.901
2026-07-21T05:39:00+00:00,station3,jitter_ms,0.128
2026-07-21T05:39:15+00:00,station3,jitter_ms,0.17
2026-07-21T05:39:30+00:00,station3,jitter_ms,0.277
2026-07-21T05:39:45+00:00,station3,jitter_ms,0.029
2026-07-21T05:40:00+00:00,station3,jitter_ms,1216.248
2026-07-21T05:40:15+00:00,station3,jitter_ms,1216.248
2026-07-21T05:40:30+00:00,station3,jitter_ms,426.822
2026-07-21T05:40:45+00:00,station3,jitter_ms,2903.676
2026-07-21T05:41:00+00:00,station3,jitter_ms,0.018
2026-07-21T05:41:15+00:00,station3,jitter_ms,1216.608
2026-07-21T05:41:30+00:00,station3,jitter_ms,1447.789
2026-07-21T05:41:45+00:00,station3,jitter_ms,1447.789
2026-07-21T05:42:00+00:00,station3,jitter_ms,1443.46
2026-07-21T05:42:15+00:00,station3,jitter_ms,0.004
2026-07-21T05:42:30+00:00,station3,jitter_ms,0.897
2026-07-21T05:42:45+00:00,station3,jitter_ms,1.159
2026-07-21T05:43:00+00:00,station3,jitter_ms,1.526
2026-07-21T05:43:15+00:00,station3,jitter_ms,0.71
2026-07-21T05:43:30+00:00,station3,jitter_ms,0.015
2026-07-21T05:43:45+00:00,station3,jitter_ms,1743.474
2026-07-21T05:44:00+00:00,station3,jitter_ms,1743.474
2026-07-21T05:44:15+00:00,station3,jitter_ms,829.672
2026-07-21T05:44:30+00:00,station3,jitter_ms,478.247
2026-07-21T05:44:45+00:00,station3,jitter_ms,1402.385
2026-07-21T05:45:00+00:00,station3,jitter_ms,1400.52
2026-07-21T05:45:15+00:00,station3,jitter_ms,1443.559
2026-07-21T05:45:30+00:00,station3,jitter_ms,1453.58
2026-07-21T05:45:45+00:00,station3,jitter_ms,0.05
2026-07-21T05:46:00+00:00,station3,jitter_ms,828.916
2026-07-21T05:46:15+00:00,station3,jitter_ms,2612.844
2026-07-21T05:46:30+00:00,station3,jitter_ms,1447.04
2026-07-21T05:46:45+00:00,station3,jitter_ms,1214.906
2026-07-21T05:47:00+00:00,station3,jitter_ms,0.003
2026-07-21T05:47:15+00:00,station3,jitter_ms,0.029
2026-07-21T05:47:30+00:00,station3,jitter_ms,0.0
2026-07-21T05:47:45+00:00,station3,jitter_ms,1411.143
2026-07-21T05:48:00+00:00,station3,jitter_ms,1411.143
2026-07-21T05:48:15+00:00,station3,jitter_ms,0.027
2026-07-21T05:48:30+00:00,station3,jitter_ms,835.464
2026-07-21T05:48:45+00:00,station3,jitter_ms,1450.331
2026-07-21T05:49:00+00:00,station3,jitter_ms,1445.795
2026-07-21T05:49:15+00:00,station3,jitter_ms,1445.795
2026-07-21T05:49:30+00:00,station3,jitter_ms,0.033
2026-07-21T05:49:45+00:00,station3,jitter_ms,1448.035
2026-07-21T05:50:00+00:00,station3,jitter_ms,829.999
2026-07-21T05:50:15+00:00,station3,jitter_ms,2939.505
2026-07-21T05:50:30+00:00,station3,jitter_ms,1385.284
2026-07-21T05:50:45+00:00,station3,jitter_ms,0.029
2026-07-21T05:51:00+00:00,station3,jitter_ms,0.049
2026-07-21T05:51:15+00:00,station3,jitter_ms,0.506
2026-07-21T05:51:30+00:00,station3,jitter_ms,0.852
2026-07-21T05:51:45+00:00,station3,jitter_ms,0.118
2026-07-21T05:52:00+00:00,station3,jitter_ms,0.848
2026-07-21T05:52:15+00:00,station3,jitter_ms,1442.712
2026-07-21T05:52:30+00:00,station3,jitter_ms,1403.235
2026-07-21T05:52:45+00:00,station3,jitter_ms,1443.085
2026-07-21T05:53:00+00:00,station3,jitter_ms,0.0
2026-07-21T05:53:15+00:00,station3,jitter_ms,0.022
2026-07-21T05:53:30+00:00,station3,jitter_ms,0.046
2026-07-21T05:53:45+00:00,station3,jitter_ms,493.74
2026-07-21T05:54:00+00:00,station3,jitter_ms,2896.608
2026-07-21T05:54:15+00:00,station3,jitter_ms,2896.608
2026-07-21T05:54:30+00:00,station3,jitter_ms,0.03
2026-07-21T04:06:30+00:00,station1,latency_ms,3982.384
2026-07-21T04:06:45+00:00,station1,latency_ms,1140.659
2026-07-21T04:07:00+00:00,station1,latency_ms,1140.659
2026-07-21T04:07:15+00:00,station1,latency_ms,4074.412
2026-07-21T04:07:30+00:00,station1,latency_ms,1.631
2026-07-21T04:07:45+00:00,station1,latency_ms,0.998
2026-07-21T04:08:00+00:00,station1,latency_ms,0.899
2026-07-21T04:08:15+00:00,station1,latency_ms,0.745
2026-07-21T04:08:30+00:00,station1,latency_ms,1.262
2026-07-21T04:08:45+00:00,station1,latency_ms,0.315
2026-07-21T04:09:00+00:00,station1,latency_ms,1571.605
2026-07-21T04:09:15+00:00,station1,latency_ms,2962.129
2026-07-21T04:09:30+00:00,station1,latency_ms,2962.129
2026-07-21T04:09:45+00:00,station1,latency_ms,5013.691
2026-07-21T04:10:00+00:00,station1,latency_ms,0.259
2026-07-21T04:10:15+00:00,station1,latency_ms,3585.05
2026-07-21T04:10:30+00:00,station1,latency_ms,2958.354
2026-07-21T04:10:45+00:00,station1,latency_ms,2988.351
2026-07-21T04:11:00+00:00,station1,latency_ms,2880.448
2026-07-21T04:11:15+00:00,station1,latency_ms,0.228
2026-07-21T04:11:30+00:00,station1,latency_ms,0.306
2026-07-21T04:11:45+00:00,station1,latency_ms,3588.177
2026-07-21T04:12:00+00:00,station1,latency_ms,3588.177
2026-07-21T04:12:15+00:00,station1,latency_ms,1915.904
2026-07-21T04:12:30+00:00,station1,latency_ms,1730.156
2026-07-21T04:12:45+00:00,station1,latency_ms,0.313
2026-07-21T04:13:00+00:00,station1,latency_ms,2045.743
2026-07-21T04:13:15+00:00,station1,latency_ms,1091.341
2026-07-21T04:13:30+00:00,station1,latency_ms,4440.336
2026-07-21T04:13:45+00:00,station1,latency_ms,3101.29
2026-07-21T04:14:00+00:00,station1,latency_ms,0.238
2026-07-21T04:14:15+00:00,station1,latency_ms,1111.598
2026-07-21T04:14:30+00:00,station1,latency_ms,3034.157
2026-07-21T04:14:45+00:00,station1,latency_ms,2766.187
2026-07-21T04:15:00+00:00,station1,latency_ms,2766.187
2026-07-21T04:15:15+00:00,station1,latency_ms,0.25
2026-07-21T04:15:30+00:00,station1,latency_ms,0.26
2026-07-21T04:15:45+00:00,station1,latency_ms,2032.028
2026-07-21T04:16:00+00:00,station1,latency_ms,2618.661
2026-07-21T04:16:15+00:00,station1,latency_ms,2171.496
2026-07-21T04:16:30+00:00,station1,latency_ms,1576.605
2026-07-21T04:16:45+00:00,station1,latency_ms,2298.608
2026-07-21T04:17:00+00:00,station1,latency_ms,2596.321
2026-07-21T04:17:15+00:00,station1,latency_ms,3226.84
2026-07-21T04:17:30+00:00,station1,latency_ms,2023.12
2026-07-21T04:17:45+00:00,station1,latency_ms,0.261
2026-07-21T04:18:00+00:00,station1,latency_ms,0.274
2026-07-21T04:18:15+00:00,station1,latency_ms,2108.777
2026-07-21T04:18:30+00:00,station1,latency_ms,5805.59
2026-07-21T04:18:45+00:00,station1,latency_ms,2940.039
2026-07-21T04:19:00+00:00,station1,latency_ms,1283.858
2026-07-21T04:19:15+00:00,station1,latency_ms,0.833
2026-07-21T04:19:30+00:00,station1,latency_ms,0.908
2026-07-21T04:19:45+00:00,station1,latency_ms,0.745
2026-07-21T04:20:00+00:00,station1,latency_ms,0.944
2026-07-21T04:20:15+00:00,station1,latency_ms,0.275
2026-07-21T04:20:30+00:00,station1,latency_ms,2956.597
2026-07-21T04:20:45+00:00,station1,latency_ms,1445.708
2026-07-21T04:21:00+00:00,station1,latency_ms,2693.12
2026-07-21T04:21:15+00:00,station1,latency_ms,2356.093
2026-07-21T04:21:30+00:00,station1,latency_ms,0.247
2026-07-21T04:21:45+00:00,station1,latency_ms,3808.381
2026-07-21T04:22:00+00:00,station1,latency_ms,1389.271
2026-07-21T04:22:15+00:00,station1,latency_ms,2139.305
2026-07-21T04:22:30+00:00,station1,latency_ms,1595.812
2026-07-21T04:22:45+00:00,station1,latency_ms,2.158
2026-07-21T04:23:00+00:00,station1,latency_ms,1.934
2026-07-21T04:23:15+00:00,station1,latency_ms,2.054
2026-07-21T04:23:30+00:00,station1,latency_ms,2.565
2026-07-21T04:23:45+00:00,station1,latency_ms,0.305
2026-07-21T04:24:00+00:00,station1,latency_ms,3.227
2026-07-21T04:24:15+00:00,station1,latency_ms,1419.059
2026-07-21T04:24:30+00:00,station1,latency_ms,2149.108
2026-07-21T04:24:45+00:00,station1,latency_ms,1469.677
2026-07-21T04:25:00+00:00,station1,latency_ms,1.098
2026-07-21T04:25:15+00:00,station1,latency_ms,5386.087
2026-07-21T04:25:30+00:00,station1,latency_ms,1967.458
2026-07-21T04:25:45+00:00,station1,latency_ms,2225.434
2026-07-21T04:26:00+00:00,station1,latency_ms,4807.655
2026-07-21T04:26:15+00:00,station1,latency_ms,0.249
2026-07-21T04:26:30+00:00,station1,latency_ms,0.295
2026-07-21T04:26:45+00:00,station1,latency_ms,2.131
2026-07-21T04:27:00+00:00,station1,latency_ms,1.519
2026-07-21T04:27:15+00:00,station1,latency_ms,2.085
2026-07-21T04:27:30+00:00,station1,latency_ms,1.374
2026-07-21T04:27:45+00:00,station1,latency_ms,1969.434
2026-07-21T04:28:00+00:00,station1,latency_ms,1969.434
2026-07-21T04:28:15+00:00,station1,latency_ms,826.408
2026-07-21T04:28:30+00:00,station1,latency_ms,1840.834
2026-07-21T04:28:45+00:00,station1,latency_ms,0.196
2026-07-21T04:29:00+00:00,station1,latency_ms,0.249
2026-07-21T04:29:15+00:00,station1,latency_ms,0.978
2026-07-21T04:29:30+00:00,station1,latency_ms,0.77
2026-07-21T04:29:45+00:00,station1,latency_ms,1.387
2026-07-21T04:30:00+00:00,station1,latency_ms,1.344
2026-07-21T04:30:15+00:00,station1,latency_ms,1.719
2026-07-21T04:30:30+00:00,station1,latency_ms,0.867
2026-07-21T04:30:45+00:00,station1,latency_ms,0.836
2026-07-21T04:31:00+00:00,station1,latency_ms,0.901
2026-07-21T04:31:15+00:00,station1,latency_ms,0.259
2026-07-21T04:31:30+00:00,station1,latency_ms,2.276
2026-07-21T04:31:45+00:00,station1,latency_ms,2.065
2026-07-21T04:32:00+00:00,station1,latency_ms,2.621
2026-07-21T04:32:15+00:00,station1,latency_ms,2.804
2026-07-21T04:32:30+00:00,station1,latency_ms,0.321
2026-07-21T04:32:45+00:00,station1,latency_ms,2584.523
2026-07-21T04:33:00+00:00,station1,latency_ms,2947.037
2026-07-21T04:33:15+00:00,station1,latency_ms,2564.354
2026-07-21T04:33:30+00:00,station1,latency_ms,1727.685
2026-07-21T04:33:45+00:00,station1,latency_ms,0.239
2026-07-21T04:34:00+00:00,station1,latency_ms,2.031
2026-07-21T04:34:15+00:00,station1,latency_ms,1.662
2026-07-21T04:34:30+00:00,station1,latency_ms,1.874
2026-07-21T04:34:45+00:00,station1,latency_ms,1.226
2026-07-21T04:35:00+00:00,station1,latency_ms,0.29
2026-07-21T04:35:15+00:00,station1,latency_ms,1768.837
2026-07-21T04:35:30+00:00,station1,latency_ms,1768.837
2026-07-21T04:35:45+00:00,station1,latency_ms,2332.245
2026-07-21T04:36:00+00:00,station1,latency_ms,2952.57
2026-07-21T04:36:15+00:00,station1,latency_ms,2171.376
2026-07-21T04:36:30+00:00,station1,latency_ms,1961.086
2026-07-21T04:36:45+00:00,station1,latency_ms,5400.637
2026-07-21T04:37:00+00:00,station1,latency_ms,2143.6
2026-07-21T04:37:15+00:00,station1,latency_ms,0.232
2026-07-21T04:37:30+00:00,station1,latency_ms,1.986
2026-07-21T04:37:45+00:00,station1,latency_ms,0.749
2026-07-21T04:38:00+00:00,station1,latency_ms,1.038
2026-07-21T04:38:15+00:00,station1,latency_ms,1.586
2026-07-21T04:38:30+00:00,station1,latency_ms,0.304
2026-07-21T04:38:45+00:00,station1,latency_ms,2965.262
2026-07-21T04:39:00+00:00,station1,latency_ms,2000.97
2026-07-21T04:39:15+00:00,station1,latency_ms,471.41
2026-07-21T04:39:30+00:00,station1,latency_ms,4662.075
2026-07-21T04:39:45+00:00,station1,latency_ms,0.295
2026-07-21T04:40:00+00:00,station1,latency_ms,519.247
2026-07-21T04:40:15+00:00,station1,latency_ms,1320.113
2026-07-21T04:40:30+00:00,station1,latency_ms,2152.794
2026-07-21T04:40:45+00:00,station1,latency_ms,1961.769
2026-07-21T04:41:00+00:00,station1,latency_ms,0.256
2026-07-21T04:41:15+00:00,station1,latency_ms,1.032
2026-07-21T04:41:30+00:00,station1,latency_ms,0.931
2026-07-21T04:41:45+00:00,station1,latency_ms,1.068
2026-07-21T04:42:00+00:00,station1,latency_ms,1.15
2026-07-21T04:42:15+00:00,station1,latency_ms,0.833
2026-07-21T04:42:30+00:00,station1,latency_ms,1.069
2026-07-21T04:42:45+00:00,station1,latency_ms,4.114
2026-07-21T04:43:00+00:00,station1,latency_ms,0.933
2026-07-21T04:43:15+00:00,station1,latency_ms,0.267
2026-07-21T04:43:30+00:00,station1,latency_ms,2.443
2026-07-21T04:43:45+00:00,station1,latency_ms,2.114
2026-07-21T04:44:00+00:00,station1,latency_ms,2.104
2026-07-21T04:44:15+00:00,station1,latency_ms,2.446
2026-07-21T04:44:30+00:00,station1,latency_ms,0.216
2026-07-21T04:44:45+00:00,station1,latency_ms,2.139
2026-07-21T04:45:00+00:00,station1,latency_ms,2946.975
2026-07-21T04:45:15+00:00,station1,latency_ms,3259.983
2026-07-21T04:45:30+00:00,station1,latency_ms,2927.862
2026-07-21T04:45:45+00:00,station1,latency_ms,0.255
2026-07-21T04:46:00+00:00,station1,latency_ms,428.849
2026-07-21T04:46:15+00:00,station1,latency_ms,9492.233
2026-07-21T04:46:30+00:00,station1,latency_ms,9492.233
2026-07-21T04:46:45+00:00,station1,latency_ms,2960.199
2026-07-21T04:47:00+00:00,station1,latency_ms,0.254
2026-07-21T04:47:15+00:00,station1,latency_ms,0.611
2026-07-21T04:47:30+00:00,station1,latency_ms,0.794
2026-07-21T04:47:45+00:00,station1,latency_ms,0.901
2026-07-21T04:48:00+00:00,station1,latency_ms,0.839
2026-07-21T04:48:15+00:00,station1,latency_ms,0.295
2026-07-21T04:48:30+00:00,station1,latency_ms,0.276
2026-07-21T04:48:45+00:00,station1,latency_ms,1982.815
2026-07-21T04:49:00+00:00,station1,latency_ms,1888.772
2026-07-21T04:49:15+00:00,station1,latency_ms,2249.171
2026-07-21T04:49:30+00:00,station1,latency_ms,0.325
2026-07-21T04:49:45+00:00,station1,latency_ms,1.788
2026-07-21T04:50:00+00:00,station1,latency_ms,2.116
2026-07-21T04:50:15+00:00,station1,latency_ms,2.23
2026-07-21T04:50:30+00:00,station1,latency_ms,2.368
2026-07-21T04:50:45+00:00,station1,latency_ms,1966.504
2026-07-21T04:51:00+00:00,station1,latency_ms,447.284
2026-07-21T04:51:15+00:00,station1,latency_ms,14.81
2026-07-21T04:51:30+00:00,station1,latency_ms,423.63
2026-07-21T04:51:45+00:00,station1,latency_ms,0.561
2026-07-21T04:52:00+00:00,station1,latency_ms,0.259
2026-07-21T04:52:15+00:00,station1,latency_ms,1995.41
2026-07-21T04:52:30+00:00,station1,latency_ms,1.804
2026-07-21T04:52:45+00:00,station1,latency_ms,1.804
2026-07-21T04:53:00+00:00,station1,latency_ms,1.132
2026-07-21T04:53:15+00:00,station1,latency_ms,389.367
2026-07-21T04:53:30+00:00,station1,latency_ms,2283.865
2026-07-21T04:53:45+00:00,station1,latency_ms,420.782
2026-07-21T04:54:00+00:00,station1,latency_ms,1.535
2026-07-21T04:54:15+00:00,station1,latency_ms,0.596
2026-07-21T04:54:30+00:00,station1,latency_ms,0.586
2026-07-21T04:54:45+00:00,station1,latency_ms,0.88
2026-07-21T04:55:00+00:00,station1,latency_ms,1.479
2026-07-21T04:55:15+00:00,station1,latency_ms,0.906
2026-07-21T04:55:30+00:00,station1,latency_ms,0.535
2026-07-21T04:55:45+00:00,station1,latency_ms,5986.862
2026-07-21T04:56:00+00:00,station1,latency_ms,2947.438
2026-07-21T04:56:15+00:00,station1,latency_ms,2946.85
2026-07-21T04:56:30+00:00,station1,latency_ms,2508.892
2026-07-21T04:56:45+00:00,station1,latency_ms,0.234
2026-07-21T04:57:00+00:00,station1,latency_ms,0.234
2026-07-21T04:57:15+00:00,station1,latency_ms,2912.775
2026-07-21T04:57:30+00:00,station1,latency_ms,2897.986
2026-07-21T04:57:45+00:00,station1,latency_ms,0.269
2026-07-21T04:58:00+00:00,station1,latency_ms,1976.025
2026-07-21T04:58:15+00:00,station1,latency_ms,5379.917
2026-07-21T04:58:30+00:00,station1,latency_ms,5399.941
2026-07-21T04:58:45+00:00,station1,latency_ms,1.727
2026-07-21T04:59:00+00:00,station1,latency_ms,2948.151
2026-07-21T04:59:15+00:00,station1,latency_ms,2.306
2026-07-21T04:59:30+00:00,station1,latency_ms,2.594
2026-07-21T04:59:45+00:00,station1,latency_ms,2.371
2026-07-21T05:00:00+00:00,station1,latency_ms,2.773
2026-07-21T05:00:15+00:00,station1,latency_ms,0.284
2026-07-21T05:00:30+00:00,station1,latency_ms,2.301
2026-07-21T05:00:45+00:00,station1,latency_ms,2.246
2026-07-21T05:01:00+00:00,station1,latency_ms,2.398
2026-07-21T05:01:15+00:00,station1,latency_ms,1.999
2026-07-21T05:01:30+00:00,station1,latency_ms,0.23
2026-07-21T05:01:45+00:00,station1,latency_ms,2963.477
2026-07-21T05:02:00+00:00,station1,latency_ms,2963.477
2026-07-21T05:02:15+00:00,station1,latency_ms,3257.499
2026-07-21T05:02:30+00:00,station1,latency_ms,215.899
2026-07-21T05:02:45+00:00,station1,latency_ms,0.264
2026-07-21T05:03:00+00:00,station1,latency_ms,2118.666
2026-07-21T05:03:15+00:00,station1,latency_ms,1973.08
2026-07-21T05:03:30+00:00,station1,latency_ms,1987.378
2026-07-21T05:03:45+00:00,station1,latency_ms,1984.54
2026-07-21T05:04:00+00:00,station1,latency_ms,0.278
2026-07-21T05:04:15+00:00,station1,latency_ms,2.188
2026-07-21T05:04:30+00:00,station1,latency_ms,1.733
2026-07-21T05:04:45+00:00,station1,latency_ms,2.109
2026-07-21T05:05:00+00:00,station1,latency_ms,2.391
2026-07-21T05:05:15+00:00,station1,latency_ms,0.273
2026-07-21T05:05:30+00:00,station1,latency_ms,1149.267
2026-07-21T05:05:45+00:00,station1,latency_ms,1977.54
2026-07-21T05:06:00+00:00,station1,latency_ms,1.719
2026-07-21T05:06:15+00:00,station1,latency_ms,2403.921
2026-07-21T05:06:30+00:00,station1,latency_ms,390.206
2026-07-21T05:06:45+00:00,station1,latency_ms,0.494
2026-07-21T05:07:00+00:00,station1,latency_ms,0.911
2026-07-21T05:07:15+00:00,station1,latency_ms,1.048
2026-07-21T05:07:30+00:00,station1,latency_ms,1.612
2026-07-21T05:07:45+00:00,station1,latency_ms,0.621
2026-07-21T05:08:00+00:00,station1,latency_ms,34.804
2026-07-21T05:08:15+00:00,station1,latency_ms,3127.617
2026-07-21T05:08:30+00:00,station1,latency_ms,2966.245
2026-07-21T05:08:45+00:00,station1,latency_ms,2960.676
2026-07-21T05:09:00+00:00,station1,latency_ms,1983.89
2026-07-21T05:09:15+00:00,station1,latency_ms,0.221
2026-07-21T05:09:30+00:00,station1,latency_ms,6194.687
2026-07-21T05:09:45+00:00,station1,latency_ms,2905.348
2026-07-21T05:10:00+00:00,station1,latency_ms,2905.348
2026-07-21T05:10:15+00:00,station1,latency_ms,3160.255
2026-07-21T05:10:30+00:00,station1,latency_ms,0.21
2026-07-21T05:10:45+00:00,station1,latency_ms,2926.413
2026-07-21T05:11:00+00:00,station1,latency_ms,2926.413
2026-07-21T05:11:15+00:00,station1,latency_ms,1975.591
2026-07-21T05:11:30+00:00,station1,latency_ms,698.199
2026-07-21T05:11:45+00:00,station1,latency_ms,0.268
2026-07-21T05:12:00+00:00,station1,latency_ms,0.867
2026-07-21T05:12:15+00:00,station1,latency_ms,1955.575
2026-07-21T05:12:30+00:00,station1,latency_ms,1955.575
2026-07-21T05:12:45+00:00,station1,latency_ms,804.23
2026-07-21T05:13:00+00:00,station1,latency_ms,0.267
2026-07-21T05:13:15+00:00,station1,latency_ms,0.933
2026-07-21T05:13:30+00:00,station1,latency_ms,0.894
2026-07-21T05:13:45+00:00,station1,latency_ms,0.837
2026-07-21T05:14:00+00:00,station1,latency_ms,1.025
2026-07-21T05:14:15+00:00,station1,latency_ms,0.536
2026-07-21T05:14:30+00:00,station1,latency_ms,1.277
2026-07-21T05:14:45+00:00,station1,latency_ms,1.115
2026-07-21T05:15:00+00:00,station1,latency_ms,1.006
2026-07-21T05:15:15+00:00,station1,latency_ms,0.796
2026-07-21T05:15:30+00:00,station1,latency_ms,0.821
2026-07-21T05:15:45+00:00,station1,latency_ms,2.201
2026-07-21T05:16:00+00:00,station1,latency_ms,1.644
2026-07-21T05:16:15+00:00,station1,latency_ms,1.871
2026-07-21T05:16:30+00:00,station1,latency_ms,1.296
2026-07-21T05:16:45+00:00,station1,latency_ms,1.12
2026-07-21T05:17:00+00:00,station1,latency_ms,0.689
2026-07-21T05:17:15+00:00,station1,latency_ms,0.896
2026-07-21T05:17:30+00:00,station1,latency_ms,1.226
2026-07-21T05:17:45+00:00,station1,latency_ms,0.314
2026-07-21T05:18:00+00:00,station1,latency_ms,2288.634
2026-07-21T05:18:15+00:00,station1,latency_ms,9999.855
2026-07-21T05:18:30+00:00,station1,latency_ms,9999.855
2026-07-21T05:18:45+00:00,station1,latency_ms,2804.197
2026-07-21T05:19:00+00:00,station1,latency_ms,0.28
2026-07-21T05:19:15+00:00,station1,latency_ms,620.644
2026-07-21T05:19:30+00:00,station1,latency_ms,620.644
2026-07-21T05:19:45+00:00,station1,latency_ms,3792.332
2026-07-21T05:20:00+00:00,station1,latency_ms,723.045
2026-07-21T05:20:15+00:00,station1,latency_ms,0.291
2026-07-21T05:20:30+00:00,station1,latency_ms,3.068
2026-07-21T05:20:45+00:00,station1,latency_ms,4094.123
2026-07-21T05:21:00+00:00,station1,latency_ms,5659.163
2026-07-21T05:21:15+00:00,station1,latency_ms,1842.823
2026-07-21T05:21:30+00:00,station1,latency_ms,0.251
2026-07-21T05:21:45+00:00,station1,latency_ms,1.129
2026-07-21T05:22:00+00:00,station1,latency_ms,0.896
2026-07-21T05:22:15+00:00,station1,latency_ms,0.972
2026-07-21T05:22:30+00:00,station1,latency_ms,0.923
2026-07-21T05:22:45+00:00,station1,latency_ms,2962.23
2026-07-21T05:23:00+00:00,station1,latency_ms,2962.23
2026-07-21T05:23:15+00:00,station1,latency_ms,2601.095
2026-07-21T05:23:30+00:00,station1,latency_ms,2962.885
2026-07-21T05:23:45+00:00,station1,latency_ms,0.261
2026-07-21T05:24:00+00:00,station1,latency_ms,0.259
2026-07-21T05:24:15+00:00,station1,latency_ms,2.22
2026-07-21T05:24:30+00:00,station1,latency_ms,1.925
2026-07-21T05:24:45+00:00,station1,latency_ms,1.76
2026-07-21T05:25:00+00:00,station1,latency_ms,2.375
2026-07-21T05:25:15+00:00,station1,latency_ms,342.351
2026-07-21T05:25:30+00:00,station1,latency_ms,772.811
2026-07-21T05:25:45+00:00,station1,latency_ms,6048.978
2026-07-21T05:26:00+00:00,station1,latency_ms,452.624
2026-07-21T05:26:15+00:00,station1,latency_ms,0.268
2026-07-21T05:26:30+00:00,station1,latency_ms,2961.772
2026-07-21T05:26:45+00:00,station1,latency_ms,824.259
2026-07-21T05:27:00+00:00,station1,latency_ms,824.259
2026-07-21T05:27:15+00:00,station1,latency_ms,2960.135
2026-07-21T05:27:30+00:00,station1,latency_ms,0.198
2026-07-21T05:27:45+00:00,station1,latency_ms,2001.0
2026-07-21T05:28:00+00:00,station1,latency_ms,1881.603
2026-07-21T05:28:15+00:00,station1,latency_ms,1129.399
2026-07-21T05:28:30+00:00,station1,latency_ms,1396.747
2026-07-21T05:28:45+00:00,station1,latency_ms,0.196
2026-07-21T05:29:00+00:00,station1,latency_ms,0.256
2026-07-21T05:29:15+00:00,station1,latency_ms,1993.238
2026-07-21T05:29:30+00:00,station1,latency_ms,423.458
2026-07-21T05:29:45+00:00,station1,latency_ms,2969.274
2026-07-21T05:30:00+00:00,station1,latency_ms,1975.163
2026-07-21T05:30:15+00:00,station1,latency_ms,0.255
2026-07-21T05:30:30+00:00,station1,latency_ms,5368.574
2026-07-21T05:30:45+00:00,station1,latency_ms,2247.403
2026-07-21T05:31:00+00:00,station1,latency_ms,2247.403
2026-07-21T05:31:15+00:00,station1,latency_ms,2948.142
2026-07-21T05:31:30+00:00,station1,latency_ms,0.248
2026-07-21T05:31:45+00:00,station1,latency_ms,1.811
2026-07-21T05:32:00+00:00,station1,latency_ms,1.53
2026-07-21T05:32:15+00:00,station1,latency_ms,1.672
2026-07-21T05:32:30+00:00,station1,latency_ms,1.614
2026-07-21T05:32:45+00:00,station1,latency_ms,0.272
2026-07-21T05:33:00+00:00,station1,latency_ms,0.83
2026-07-21T05:33:15+00:00,station1,latency_ms,2.702
2026-07-21T05:33:30+00:00,station1,latency_ms,2.113
2026-07-21T05:33:45+00:00,station1,latency_ms,2.43
2026-07-21T05:34:00+00:00,station1,latency_ms,1.866
2026-07-21T05:34:15+00:00,station1,latency_ms,2.45
2026-07-21T05:34:30+00:00,station1,latency_ms,1.802
2026-07-21T05:34:45+00:00,station1,latency_ms,2.094
2026-07-21T05:35:00+00:00,station1,latency_ms,2.018
2026-07-21T05:35:15+00:00,station1,latency_ms,45.416
2026-07-21T05:35:30+00:00,station1,latency_ms,1980.17
2026-07-21T05:35:45+00:00,station1,latency_ms,1980.17
2026-07-21T05:36:00+00:00,station1,latency_ms,1869.443
2026-07-21T05:36:15+00:00,station1,latency_ms,2268.972
2026-07-21T05:36:30+00:00,station1,latency_ms,0.628
2026-07-21T05:36:45+00:00,station1,latency_ms,16.313
2026-07-21T05:37:00+00:00,station1,latency_ms,12.441
2026-07-21T05:37:15+00:00,station1,latency_ms,22.609
2026-07-21T05:37:30+00:00,station1,latency_ms,11.888
2026-07-21T05:37:45+00:00,station1,latency_ms,0.9
2026-07-21T05:38:00+00:00,station1,latency_ms,0.871
2026-07-21T05:38:15+00:00,station1,latency_ms,0.908
2026-07-21T05:38:30+00:00,station1,latency_ms,0.737
2026-07-21T05:38:45+00:00,station1,latency_ms,0.246
2026-07-21T05:39:00+00:00,station1,latency_ms,1.226
2026-07-21T05:39:15+00:00,station1,latency_ms,0.786
2026-07-21T05:39:30+00:00,station1,latency_ms,0.815
2026-07-21T05:39:45+00:00,station1,latency_ms,0.647
2026-07-21T05:40:00+00:00,station1,latency_ms,0.292
2026-07-21T05:40:15+00:00,station1,latency_ms,5075.641
2026-07-21T05:40:30+00:00,station1,latency_ms,699.02
2026-07-21T05:40:45+00:00,station1,latency_ms,4414.405
2026-07-21T05:41:00+00:00,station1,latency_ms,4414.405
2026-07-21T05:41:15+00:00,station1,latency_ms,0.306
2026-07-21T05:41:30+00:00,station1,latency_ms,2.446
2026-07-21T05:41:45+00:00,station1,latency_ms,2.264
2026-07-21T05:42:00+00:00,station1,latency_ms,2.143
2026-07-21T05:42:15+00:00,station1,latency_ms,1.725
2026-07-21T05:42:30+00:00,station1,latency_ms,0.24
2026-07-21T05:42:45+00:00,station1,latency_ms,0.992
2026-07-21T05:43:00+00:00,station1,latency_ms,1.573
2026-07-21T05:43:15+00:00,station1,latency_ms,0.85
2026-07-21T05:43:30+00:00,station1,latency_ms,0.783
2026-07-21T05:43:45+00:00,station1,latency_ms,2.234
2026-07-21T05:44:00+00:00,station1,latency_ms,2.577
2026-07-21T05:44:15+00:00,station1,latency_ms,2.239
2026-07-21T05:44:30+00:00,station1,latency_ms,2.672
2026-07-21T05:44:45+00:00,station1,latency_ms,0.29
2026-07-21T05:45:00+00:00,station1,latency_ms,2.377
2026-07-21T05:45:15+00:00,station1,latency_ms,2.167
2026-07-21T05:45:30+00:00,station1,latency_ms,1.477
2026-07-21T05:45:45+00:00,station1,latency_ms,2.428
2026-07-21T05:46:00+00:00,station1,latency_ms,0.236
2026-07-21T05:46:15+00:00,station1,latency_ms,2291.546
2026-07-21T05:46:30+00:00,station1,latency_ms,2291.546
2026-07-21T05:46:45+00:00,station1,latency_ms,2929.577
2026-07-21T05:47:00+00:00,station1,latency_ms,2139.665
2026-07-21T05:47:15+00:00,station1,latency_ms,0.28
2026-07-21T05:47:30+00:00,station1,latency_ms,2.053
2026-07-21T05:47:45+00:00,station1,latency_ms,1.696
2026-07-21T05:48:00+00:00,station1,latency_ms,2.184
2026-07-21T05:48:15+00:00,station1,latency_ms,2.498
2026-07-21T05:48:30+00:00,station1,latency_ms,0.295
2026-07-21T05:48:45+00:00,station1,latency_ms,3013.933
2026-07-21T05:49:00+00:00,station1,latency_ms,1988.091
2026-07-21T05:49:15+00:00,station1,latency_ms,2474.6
2026-07-21T05:49:30+00:00,station1,latency_ms,5272.302
2026-07-21T05:49:45+00:00,station1,latency_ms,0.297
2026-07-21T05:50:00+00:00,station1,latency_ms,3038.588
2026-07-21T05:50:15+00:00,station1,latency_ms,2600.277
2026-07-21T05:50:30+00:00,station1,latency_ms,5360.6
2026-07-21T05:50:45+00:00,station1,latency_ms,1593.229
2026-07-21T05:51:00+00:00,station1,latency_ms,0.27
2026-07-21T05:51:15+00:00,station1,latency_ms,0.885
2026-07-21T05:51:30+00:00,station1,latency_ms,1.315
2026-07-21T05:51:45+00:00,station1,latency_ms,0.978
2026-07-21T05:52:00+00:00,station1,latency_ms,0.97
2026-07-21T05:52:15+00:00,station1,latency_ms,0.271
2026-07-21T05:52:30+00:00,station1,latency_ms,1981.017
2026-07-21T05:52:45+00:00,station1,latency_ms,3531.901
2026-07-21T05:53:00+00:00,station1,latency_ms,6.389
2026-07-21T05:53:15+00:00,station1,latency_ms,6.389
2026-07-21T05:53:30+00:00,station1,latency_ms,2.254
2026-07-21T05:53:45+00:00,station1,latency_ms,1.967
2026-07-21T05:54:00+00:00,station1,latency_ms,1.849
2026-07-21T05:54:15+00:00,station1,latency_ms,2.03
2026-07-21T05:54:30+00:00,station1,latency_ms,2.321
2026-07-21T04:06:30+00:00,station2,latency_ms,2953.717
2026-07-21T04:06:45+00:00,station2,latency_ms,1136.787
2026-07-21T04:07:00+00:00,station2,latency_ms,1136.787
2026-07-21T04:07:15+00:00,station2,latency_ms,0.471
2026-07-21T04:07:30+00:00,station2,latency_ms,0.325
2026-07-21T04:07:45+00:00,station2,latency_ms,0.815
2026-07-21T04:08:00+00:00,station2,latency_ms,0.952
2026-07-21T04:08:15+00:00,station2,latency_ms,0.845
2026-07-21T04:08:30+00:00,station2,latency_ms,0.998
2026-07-21T04:08:45+00:00,station2,latency_ms,1567.317
2026-07-21T04:09:00+00:00,station2,latency_ms,2957.285
2026-07-21T04:09:15+00:00,station2,latency_ms,2957.285
2026-07-21T04:09:30+00:00,station2,latency_ms,1274.869
2026-07-21T04:09:45+00:00,station2,latency_ms,0.253
2026-07-21T04:10:00+00:00,station2,latency_ms,0.204
2026-07-21T04:10:15+00:00,station2,latency_ms,2632.602
2026-07-21T04:10:30+00:00,station2,latency_ms,1967.673
2026-07-21T04:10:45+00:00,station2,latency_ms,2964.825
2026-07-21T04:11:00+00:00,station2,latency_ms,1977.489
2026-07-21T04:11:15+00:00,station2,latency_ms,0.237
2026-07-21T04:11:30+00:00,station2,latency_ms,0.253
2026-07-21T04:11:45+00:00,station2,latency_ms,4092.093
2026-07-21T04:12:00+00:00,station2,latency_ms,2102.437
2026-07-21T04:12:15+00:00,station2,latency_ms,0.36
2026-07-21T04:12:30+00:00,station2,latency_ms,0.227
2026-07-21T04:12:45+00:00,station2,latency_ms,2059.032
2026-07-21T04:13:00+00:00,station2,latency_ms,2059.032
2026-07-21T04:13:15+00:00,station2,latency_ms,1120.25
2026-07-21T04:13:30+00:00,station2,latency_ms,125.6
2026-07-21T04:13:45+00:00,station2,latency_ms,0.237
2026-07-21T04:14:00+00:00,station2,latency_ms,0.235
2026-07-21T04:14:15+00:00,station2,latency_ms,1114.273
2026-07-21T04:14:30+00:00,station2,latency_ms,4049.747
2026-07-21T04:14:45+00:00,station2,latency_ms,2948.602
2026-07-21T04:15:00+00:00,station2,latency_ms,2948.602
2026-07-21T04:15:15+00:00,station2,latency_ms,0.281
2026-07-21T04:15:30+00:00,station2,latency_ms,3031.592
2026-07-21T04:15:45+00:00,station2,latency_ms,2038.641
2026-07-21T04:16:00+00:00,station2,latency_ms,1568.321
2026-07-21T04:16:15+00:00,station2,latency_ms,2200.251
2026-07-21T04:16:30+00:00,station2,latency_ms,0.282
2026-07-21T04:16:45+00:00,station2,latency_ms,2326.038
2026-07-21T04:17:00+00:00,station2,latency_ms,2326.038
2026-07-21T04:17:15+00:00,station2,latency_ms,429.149
2026-07-21T04:17:30+00:00,station2,latency_ms,4047.518
2026-07-21T04:17:45+00:00,station2,latency_ms,0.208
2026-07-21T04:18:00+00:00,station2,latency_ms,1979.414
2026-07-21T04:18:15+00:00,station2,latency_ms,2611.79
2026-07-21T04:18:30+00:00,station2,latency_ms,5797.55
2026-07-21T04:18:45+00:00,station2,latency_ms,2961.282
2026-07-21T04:19:00+00:00,station2,latency_ms,0.253
2026-07-21T04:19:15+00:00,station2,latency_ms,1.106
2026-07-21T04:19:30+00:00,station2,latency_ms,1.088
2026-07-21T04:19:45+00:00,station2,latency_ms,0.772
2026-07-21T04:20:00+00:00,station2,latency_ms,1.496
2026-07-21T04:20:15+00:00,station2,latency_ms,2950.364
2026-07-21T04:20:30+00:00,station2,latency_ms,2950.364
2026-07-21T04:20:45+00:00,station2,latency_ms,1471.247
2026-07-21T04:21:00+00:00,station2,latency_ms,1756.663
2026-07-21T04:21:15+00:00,station2,latency_ms,0.245
2026-07-21T04:21:30+00:00,station2,latency_ms,3989.453
2026-07-21T04:21:45+00:00,station2,latency_ms,2959.199
2026-07-21T04:22:00+00:00,station2,latency_ms,2020.675
2026-07-21T04:22:15+00:00,station2,latency_ms,1905.793
2026-07-21T04:22:30+00:00,station2,latency_ms,0.234
2026-07-21T04:22:45+00:00,station2,latency_ms,2.059
2026-07-21T04:23:00+00:00,station2,latency_ms,3.53
2026-07-21T04:23:15+00:00,station2,latency_ms,2.084
2026-07-21T04:23:30+00:00,station2,latency_ms,2.103
2026-07-21T04:23:45+00:00,station2,latency_ms,0.25
2026-07-21T04:24:00+00:00,station2,latency_ms,3.449
2026-07-21T04:24:15+00:00,station2,latency_ms,2143.099
2026-07-21T04:24:30+00:00,station2,latency_ms,2162.204
2026-07-21T04:24:45+00:00,station2,latency_ms,0.384
2026-07-21T04:25:00+00:00,station2,latency_ms,0.407
2026-07-21T04:25:15+00:00,station2,latency_ms,5404.264
2026-07-21T04:25:30+00:00,station2,latency_ms,1982.517
2026-07-21T04:25:45+00:00,station2,latency_ms,6425.423
2026-07-21T04:26:00+00:00,station2,latency_ms,429.955
2026-07-21T04:26:15+00:00,station2,latency_ms,0.227
2026-07-21T04:26:30+00:00,station2,latency_ms,1.922
2026-07-21T04:26:45+00:00,station2,latency_ms,1.721
2026-07-21T04:27:00+00:00,station2,latency_ms,2.219
2026-07-21T04:27:15+00:00,station2,latency_ms,1.97
2026-07-21T04:27:30+00:00,station2,latency_ms,0.316
2026-07-21T04:27:45+00:00,station2,latency_ms,2334.484
2026-07-21T04:28:00+00:00,station2,latency_ms,2334.484
2026-07-21T04:28:15+00:00,station2,latency_ms,0.332
2026-07-21T04:28:30+00:00,station2,latency_ms,1225.728
2026-07-21T04:28:45+00:00,station2,latency_ms,0.24
2026-07-21T04:29:00+00:00,station2,latency_ms,1.475
2026-07-21T04:29:15+00:00,station2,latency_ms,1.017
2026-07-21T04:29:30+00:00,station2,latency_ms,0.795
2026-07-21T04:29:45+00:00,station2,latency_ms,0.826
2026-07-21T04:30:00+00:00,station2,latency_ms,0.232
2026-07-21T04:30:15+00:00,station2,latency_ms,0.9
2026-07-21T04:30:30+00:00,station2,latency_ms,0.871
2026-07-21T04:30:45+00:00,station2,latency_ms,0.904
2026-07-21T04:31:00+00:00,station2,latency_ms,0.803
2026-07-21T04:31:15+00:00,station2,latency_ms,1.568
2026-07-21T04:31:30+00:00,station2,latency_ms,2.271
2026-07-21T04:31:45+00:00,station2,latency_ms,2.153
2026-07-21T04:32:00+00:00,station2,latency_ms,3.169
2026-07-21T04:32:15+00:00,station2,latency_ms,1.374
2026-07-21T04:32:30+00:00,station2,latency_ms,1964.577
2026-07-21T04:32:45+00:00,station2,latency_ms,2937.926
2026-07-21T04:33:00+00:00,station2,latency_ms,2937.926
2026-07-21T04:33:15+00:00,station2,latency_ms,2600.194
2026-07-21T04:33:30+00:00,station2,latency_ms,303.962
2026-07-21T04:33:45+00:00,station2,latency_ms,0.644
2026-07-21T04:34:00+00:00,station2,latency_ms,1.897
2026-07-21T04:34:15+00:00,station2,latency_ms,1.899
2026-07-21T04:34:30+00:00,station2,latency_ms,1.943
2026-07-21T04:34:45+00:00,station2,latency_ms,1.228
2026-07-21T04:35:00+00:00,station2,latency_ms,35.402
2026-07-21T04:35:15+00:00,station2,latency_ms,1784.398
2026-07-21T04:35:30+00:00,station2,latency_ms,2967.888
2026-07-21T04:35:45+00:00,station2,latency_ms,422.769
2026-07-21T04:36:00+00:00,station2,latency_ms,2945.277
2026-07-21T04:36:15+00:00,station2,latency_ms,1989.538
2026-07-21T04:36:30+00:00,station2,latency_ms,1968.37
2026-07-21T04:36:45+00:00,station2,latency_ms,1.145
2026-07-21T04:37:00+00:00,station2,latency_ms,2602.164
2026-07-21T04:37:15+00:00,station2,latency_ms,0.41
2026-07-21T04:37:30+00:00,station2,latency_ms,0.98
2026-07-21T04:37:45+00:00,station2,latency_ms,0.687
2026-07-21T04:38:00+00:00,station2,latency_ms,0.985
2026-07-21T04:38:15+00:00,station2,latency_ms,0.714
2026-07-21T04:38:30+00:00,station2,latency_ms,0.245
2026-07-21T04:38:45+00:00,station2,latency_ms,1981.784
2026-07-21T04:39:00+00:00,station2,latency_ms,1996.52
2026-07-21T04:39:15+00:00,station2,latency_ms,427.016
2026-07-21T04:39:30+00:00,station2,latency_ms,193.695
2026-07-21T04:39:45+00:00,station2,latency_ms,525.823
2026-07-21T04:40:00+00:00,station2,latency_ms,2.789
2026-07-21T04:40:15+00:00,station2,latency_ms,2146.263
2026-07-21T04:40:30+00:00,station2,latency_ms,1137.289
2026-07-21T04:40:45+00:00,station2,latency_ms,908.893
2026-07-21T04:41:00+00:00,station2,latency_ms,0.275
2026-07-21T04:41:15+00:00,station2,latency_ms,0.783
2026-07-21T04:41:30+00:00,station2,latency_ms,0.794
2026-07-21T04:41:45+00:00,station2,latency_ms,1.516
2026-07-21T04:42:00+00:00,station2,latency_ms,0.919
2026-07-21T04:42:15+00:00,station2,latency_ms,1.054
2026-07-21T04:42:30+00:00,station2,latency_ms,0.9
2026-07-21T04:42:45+00:00,station2,latency_ms,1.11
2026-07-21T04:43:00+00:00,station2,latency_ms,0.817
2026-07-21T04:43:15+00:00,station2,latency_ms,0.244
2026-07-21T04:43:30+00:00,station2,latency_ms,2.593
2026-07-21T04:43:45+00:00,station2,latency_ms,2.363
2026-07-21T04:44:00+00:00,station2,latency_ms,2.299
2026-07-21T04:44:15+00:00,station2,latency_ms,2.429
2026-07-21T04:44:30+00:00,station2,latency_ms,0.323
2026-07-21T04:44:45+00:00,station2,latency_ms,2965.471
2026-07-21T04:45:00+00:00,station2,latency_ms,1988.711
2026-07-21T04:45:15+00:00,station2,latency_ms,2400.6
2026-07-21T04:45:30+00:00,station2,latency_ms,1110.499
2026-07-21T04:45:45+00:00,station2,latency_ms,0.261
2026-07-21T04:46:00+00:00,station2,latency_ms,426.644
2026-07-21T04:46:15+00:00,station2,latency_ms,4.125
2026-07-21T04:46:30+00:00,station2,latency_ms,2152.645
2026-07-21T04:46:45+00:00,station2,latency_ms,1276.388
2026-07-21T04:47:00+00:00,station2,latency_ms,0.214
2026-07-21T04:47:15+00:00,station2,latency_ms,0.833
2026-07-21T04:47:30+00:00,station2,latency_ms,0.819
2026-07-21T04:47:45+00:00,station2,latency_ms,1.128
2026-07-21T04:48:00+00:00,station2,latency_ms,0.878
2026-07-21T04:48:15+00:00,station2,latency_ms,0.268
2026-07-21T04:48:30+00:00,station2,latency_ms,7445.908
2026-07-21T04:48:45+00:00,station2,latency_ms,1725.74
2026-07-21T04:49:00+00:00,station2,latency_ms,1994.193
2026-07-21T04:49:15+00:00,station2,latency_ms,2463.708
2026-07-21T04:49:30+00:00,station2,latency_ms,0.289
2026-07-21T04:49:45+00:00,station2,latency_ms,2.035
2026-07-21T04:50:00+00:00,station2,latency_ms,2.027
2026-07-21T04:50:15+00:00,station2,latency_ms,2.623
2026-07-21T04:50:30+00:00,station2,latency_ms,2.234
2026-07-21T04:50:45+00:00,station2,latency_ms,1958.341
2026-07-21T04:51:00+00:00,station2,latency_ms,1989.355
2026-07-21T04:51:15+00:00,station2,latency_ms,16.295
2026-07-21T04:51:30+00:00,station2,latency_ms,432.558
2026-07-21T04:51:45+00:00,station2,latency_ms,0.208
2026-07-21T04:52:00+00:00,station2,latency_ms,0.201
2026-07-21T04:52:15+00:00,station2,latency_ms,3.508
2026-07-21T04:52:30+00:00,station2,latency_ms,3.508
2026-07-21T04:52:45+00:00,station2,latency_ms,0.268
2026-07-21T04:53:00+00:00,station2,latency_ms,2162.966
2026-07-21T04:53:15+00:00,station2,latency_ms,226.389
2026-07-21T04:53:30+00:00,station2,latency_ms,2857.384
2026-07-21T04:53:45+00:00,station2,latency_ms,429.283
2026-07-21T04:54:00+00:00,station2,latency_ms,2.494
2026-07-21T04:54:15+00:00,station2,latency_ms,0.256
2026-07-21T04:54:30+00:00,station2,latency_ms,1.058
2026-07-21T04:54:45+00:00,station2,latency_ms,0.931
2026-07-21T04:55:00+00:00,station2,latency_ms,0.959
2026-07-21T04:55:15+00:00,station2,latency_ms,1.465
2026-07-21T04:55:30+00:00,station2,latency_ms,0.223
2026-07-21T04:55:45+00:00,station2,latency_ms,2965.688
2026-07-21T04:56:00+00:00,station2,latency_ms,2965.688
2026-07-21T04:56:15+00:00,station2,latency_ms,2964.042
2026-07-21T04:56:30+00:00,station2,latency_ms,897.156
2026-07-21T04:56:45+00:00,station2,latency_ms,0.236
2026-07-21T04:57:00+00:00,station2,latency_ms,2142.009
2026-07-21T04:57:15+00:00,station2,latency_ms,2951.122
2026-07-21T04:57:30+00:00,station2,latency_ms,2951.122
2026-07-21T04:57:45+00:00,station2,latency_ms,0.323
2026-07-21T04:58:00+00:00,station2,latency_ms,1947.325
2026-07-21T04:58:15+00:00,station2,latency_ms,1947.325
2026-07-21T04:58:30+00:00,station2,latency_ms,1947.325
2026-07-21T04:58:45+00:00,station2,latency_ms,1988.197
2026-07-21T04:59:00+00:00,station2,latency_ms,0.385
2026-07-21T04:59:15+00:00,station2,latency_ms,2.724
2026-07-21T04:59:30+00:00,station2,latency_ms,2.25
2026-07-21T04:59:45+00:00,station2,latency_ms,2.647
2026-07-21T05:00:00+00:00,station2,latency_ms,2.685
2026-07-21T05:00:15+00:00,station2,latency_ms,0.259
2026-07-21T05:00:30+00:00,station2,latency_ms,2.534
2026-07-21T05:00:45+00:00,station2,latency_ms,2.126
2026-07-21T05:01:00+00:00,station2,latency_ms,2.047
2026-07-21T05:01:15+00:00,station2,latency_ms,2.599
2026-07-21T05:01:30+00:00,station2,latency_ms,0.31
2026-07-21T05:01:45+00:00,station2,latency_ms,2953.95
2026-07-21T05:02:00+00:00,station2,latency_ms,2953.95
2026-07-21T05:02:15+00:00,station2,latency_ms,3279.522
2026-07-21T05:02:30+00:00,station2,latency_ms,217.645
2026-07-21T05:02:45+00:00,station2,latency_ms,0.288
2026-07-21T05:03:00+00:00,station2,latency_ms,1975.794
2026-07-21T05:03:15+00:00,station2,latency_ms,1982.734
2026-07-21T05:03:30+00:00,station2,latency_ms,1982.734
2026-07-21T05:03:45+00:00,station2,latency_ms,0.267
2026-07-21T05:04:00+00:00,station2,latency_ms,0.286
2026-07-21T05:04:15+00:00,station2,latency_ms,1.942
2026-07-21T05:04:30+00:00,station2,latency_ms,2.504
2026-07-21T05:04:45+00:00,station2,latency_ms,1.489
2026-07-21T05:05:00+00:00,station2,latency_ms,2.242
2026-07-21T05:05:15+00:00,station2,latency_ms,0.251
2026-07-21T05:05:30+00:00,station2,latency_ms,1968.572
2026-07-21T05:05:45+00:00,station2,latency_ms,2.438
2026-07-21T05:06:00+00:00,station2,latency_ms,2003.2
2026-07-21T05:06:15+00:00,station2,latency_ms,2428.777
2026-07-21T05:06:30+00:00,station2,latency_ms,0.23
2026-07-21T05:06:45+00:00,station2,latency_ms,0.779
2026-07-21T05:07:00+00:00,station2,latency_ms,0.775
2026-07-21T05:07:15+00:00,station2,latency_ms,0.84
2026-07-21T05:07:30+00:00,station2,latency_ms,1.794
2026-07-21T05:07:45+00:00,station2,latency_ms,0.302
2026-07-21T05:08:00+00:00,station2,latency_ms,42.622
2026-07-21T05:08:15+00:00,station2,latency_ms,2958.443
2026-07-21T05:08:30+00:00,station2,latency_ms,2958.443
2026-07-21T05:08:45+00:00,station2,latency_ms,2980.126
2026-07-21T05:09:00+00:00,station2,latency_ms,0.211
2026-07-21T05:09:15+00:00,station2,latency_ms,0.222
2026-07-21T05:09:30+00:00,station2,latency_ms,4502.333
2026-07-21T05:09:45+00:00,station2,latency_ms,1857.218
2026-07-21T05:10:00+00:00,station2,latency_ms,1857.218
2026-07-21T05:10:15+00:00,station2,latency_ms,0.215
2026-07-21T05:10:30+00:00,station2,latency_ms,0.227
2026-07-21T05:10:45+00:00,station2,latency_ms,2545.754
2026-07-21T05:11:00+00:00,station2,latency_ms,2545.754
2026-07-21T05:11:15+00:00,station2,latency_ms,1970.945
2026-07-21T05:11:30+00:00,station2,latency_ms,1963.555
2026-07-21T05:11:45+00:00,station2,latency_ms,0.268
2026-07-21T05:12:00+00:00,station2,latency_ms,826.026
2026-07-21T05:12:15+00:00,station2,latency_ms,1976.515
2026-07-21T05:12:30+00:00,station2,latency_ms,2705.955
2026-07-21T05:12:45+00:00,station2,latency_ms,0.233
2026-07-21T05:13:00+00:00,station2,latency_ms,0.26
2026-07-21T05:13:15+00:00,station2,latency_ms,0.963
2026-07-21T05:13:30+00:00,station2,latency_ms,1.023
2026-07-21T05:13:45+00:00,station2,latency_ms,0.854
2026-07-21T05:14:00+00:00,station2,latency_ms,0.983
2026-07-21T05:14:15+00:00,station2,latency_ms,0.957
2026-07-21T05:14:30+00:00,station2,latency_ms,0.998
2026-07-21T05:14:45+00:00,station2,latency_ms,1.689
2026-07-21T05:15:00+00:00,station2,latency_ms,0.84
2026-07-21T05:15:15+00:00,station2,latency_ms,0.268
2026-07-21T05:15:30+00:00,station2,latency_ms,1.634
2026-07-21T05:15:45+00:00,station2,latency_ms,2.533
2026-07-21T05:16:00+00:00,station2,latency_ms,2.284
2026-07-21T05:16:15+00:00,station2,latency_ms,1.807
2026-07-21T05:16:30+00:00,station2,latency_ms,0.248
2026-07-21T05:16:45+00:00,station2,latency_ms,1.69
2026-07-21T05:17:00+00:00,station2,latency_ms,1.598
2026-07-21T05:17:15+00:00,station2,latency_ms,1.455
2026-07-21T05:17:30+00:00,station2,latency_ms,0.869
2026-07-21T05:17:45+00:00,station2,latency_ms,2372.289
2026-07-21T05:18:00+00:00,station2,latency_ms,2142.023
2026-07-21T05:18:15+00:00,station2,latency_ms,2142.023
2026-07-21T05:18:30+00:00,station2,latency_ms,1547.173
2026-07-21T05:18:45+00:00,station2,latency_ms,0.34
2026-07-21T05:19:00+00:00,station2,latency_ms,1979.147
2026-07-21T05:19:15+00:00,station2,latency_ms,424.747
2026-07-21T05:19:30+00:00,station2,latency_ms,424.747
2026-07-21T05:19:45+00:00,station2,latency_ms,4295.763
2026-07-21T05:20:00+00:00,station2,latency_ms,0.197
2026-07-21T05:20:15+00:00,station2,latency_ms,0.218
2026-07-21T05:20:30+00:00,station2,latency_ms,0.218
2026-07-21T05:20:45+00:00,station2,latency_ms,4000.701
2026-07-21T05:21:00+00:00,station2,latency_ms,4000.701
2026-07-21T05:21:15+00:00,station2,latency_ms,0.258
2026-07-21T05:21:30+00:00,station2,latency_ms,1.94
2026-07-21T05:21:45+00:00,station2,latency_ms,1.842
2026-07-21T05:22:00+00:00,station2,latency_ms,0.94
2026-07-21T05:22:15+00:00,station2,latency_ms,0.892
2026-07-21T05:22:30+00:00,station2,latency_ms,0.321
2026-07-21T05:22:45+00:00,station2,latency_ms,2955.241
2026-07-21T05:23:00+00:00,station2,latency_ms,2955.241
2026-07-21T05:23:15+00:00,station2,latency_ms,1973.237
2026-07-21T05:23:30+00:00,station2,latency_ms,2235.492
2026-07-21T05:23:45+00:00,station2,latency_ms,0.277
2026-07-21T05:24:00+00:00,station2,latency_ms,2.424
2026-07-21T05:24:15+00:00,station2,latency_ms,2.118
2026-07-21T05:24:30+00:00,station2,latency_ms,3.289
2026-07-21T05:24:45+00:00,station2,latency_ms,2.705
2026-07-21T05:25:00+00:00,station2,latency_ms,0.276
2026-07-21T05:25:15+00:00,station2,latency_ms,2.032
2026-07-21T05:25:30+00:00,station2,latency_ms,2.032
2026-07-21T05:25:45+00:00,station2,latency_ms,3917.662
2026-07-21T05:26:00+00:00,station2,latency_ms,451.657
2026-07-21T05:26:15+00:00,station2,latency_ms,2955.136
2026-07-21T05:26:30+00:00,station2,latency_ms,1968.914
2026-07-21T05:26:45+00:00,station2,latency_ms,2566.854
2026-07-21T05:27:00+00:00,station2,latency_ms,7.413
2026-07-21T05:27:15+00:00,station2,latency_ms,0.178
2026-07-21T05:27:30+00:00,station2,latency_ms,0.322
2026-07-21T05:27:45+00:00,station2,latency_ms,1996.213
2026-07-21T05:28:00+00:00,station2,latency_ms,2087.928
2026-07-21T05:28:15+00:00,station2,latency_ms,1391.83
2026-07-21T05:28:30+00:00,station2,latency_ms,1981.326
2026-07-21T05:28:45+00:00,station2,latency_ms,0.275
2026-07-21T05:29:00+00:00,station2,latency_ms,1951.787
2026-07-21T05:29:15+00:00,station2,latency_ms,1988.475
2026-07-21T05:29:30+00:00,station2,latency_ms,423.639
2026-07-21T05:29:45+00:00,station2,latency_ms,2957.033
2026-07-21T05:30:00+00:00,station2,latency_ms,1970.521
2026-07-21T05:30:15+00:00,station2,latency_ms,0.266
2026-07-21T05:30:30+00:00,station2,latency_ms,0.266
2026-07-21T05:30:45+00:00,station2,latency_ms,1997.225
2026-07-21T05:31:00+00:00,station2,latency_ms,5.238
2026-07-21T05:31:15+00:00,station2,latency_ms,0.193
2026-07-21T05:31:30+00:00,station2,latency_ms,0.269
2026-07-21T05:31:45+00:00,station2,latency_ms,1.94
2026-07-21T05:32:00+00:00,station2,latency_ms,2.061
2026-07-21T05:32:15+00:00,station2,latency_ms,2.825
2026-07-21T05:32:30+00:00,station2,latency_ms,2.313
2026-07-21T05:32:45+00:00,station2,latency_ms,0.294
2026-07-21T05:33:00+00:00,station2,latency_ms,1.914
2026-07-21T05:33:15+00:00,station2,latency_ms,1.851
2026-07-21T05:33:30+00:00,station2,latency_ms,2.288
2026-07-21T05:33:45+00:00,station2,latency_ms,1.799
2026-07-21T05:34:00+00:00,station2,latency_ms,0.21
2026-07-21T05:34:15+00:00,station2,latency_ms,2.578
2026-07-21T05:34:30+00:00,station2,latency_ms,2.394
2026-07-21T05:34:45+00:00,station2,latency_ms,2.236
2026-07-21T05:35:00+00:00,station2,latency_ms,1.873
2026-07-21T05:35:15+00:00,station2,latency_ms,428.379
2026-07-21T05:35:30+00:00,station2,latency_ms,1992.233
2026-07-21T05:35:45+00:00,station2,latency_ms,1867.971
2026-07-21T05:36:00+00:00,station2,latency_ms,1978.886
2026-07-21T05:36:15+00:00,station2,latency_ms,0.211
2026-07-21T05:36:30+00:00,station2,latency_ms,2.34
2026-07-21T05:36:45+00:00,station2,latency_ms,21.803
2026-07-21T05:37:00+00:00,station2,latency_ms,8.295
2026-07-21T05:37:15+00:00,station2,latency_ms,11.207
2026-07-21T05:37:30+00:00,station2,latency_ms,1.325
2026-07-21T05:37:45+00:00,station2,latency_ms,0.956
2026-07-21T05:38:00+00:00,station2,latency_ms,0.98
2026-07-21T05:38:15+00:00,station2,latency_ms,1.028
2026-07-21T05:38:30+00:00,station2,latency_ms,1.121
2026-07-21T05:38:45+00:00,station2,latency_ms,1.659
2026-07-21T05:39:00+00:00,station2,latency_ms,1.004
2026-07-21T05:39:15+00:00,station2,latency_ms,1.091
2026-07-21T05:39:30+00:00,station2,latency_ms,1.378
2026-07-21T05:39:45+00:00,station2,latency_ms,0.234
2026-07-21T05:40:00+00:00,station2,latency_ms,2142.625
2026-07-21T05:40:15+00:00,station2,latency_ms,5072.469
2026-07-21T05:40:30+00:00,station2,latency_ms,705.769
2026-07-21T05:40:45+00:00,station2,latency_ms,2.601
2026-07-21T05:41:00+00:00,station2,latency_ms,0.202
2026-07-21T05:41:15+00:00,station2,latency_ms,2.398
2026-07-21T05:41:30+00:00,station2,latency_ms,2.472
2026-07-21T05:41:45+00:00,station2,latency_ms,2.157
2026-07-21T05:42:00+00:00,station2,latency_ms,2.28
2026-07-21T05:42:15+00:00,station2,latency_ms,0.244
2026-07-21T05:42:30+00:00,station2,latency_ms,0.911
2026-07-21T05:42:45+00:00,station2,latency_ms,1.13
2026-07-21T05:43:00+00:00,station2,latency_ms,0.969
2026-07-21T05:43:15+00:00,station2,latency_ms,1.36
2026-07-21T05:43:30+00:00,station2,latency_ms,0.324
2026-07-21T05:43:45+00:00,station2,latency_ms,3.477
2026-07-21T05:44:00+00:00,station2,latency_ms,2.291
2026-07-21T05:44:15+00:00,station2,latency_ms,2.531
2026-07-21T05:44:30+00:00,station2,latency_ms,2.156
2026-07-21T05:44:45+00:00,station2,latency_ms,2.224
2026-07-21T05:45:00+00:00,station2,latency_ms,2.016
2026-07-21T05:45:15+00:00,station2,latency_ms,2.414
2026-07-21T05:45:30+00:00,station2,latency_ms,2.747
2026-07-21T05:45:45+00:00,station2,latency_ms,0.279
2026-07-21T05:46:00+00:00,station2,latency_ms,1127.453
2026-07-21T05:46:15+00:00,station2,latency_ms,2348.702
2026-07-21T05:46:30+00:00,station2,latency_ms,6652.564
2026-07-21T05:46:45+00:00,station2,latency_ms,2131.041
2026-07-21T05:47:00+00:00,station2,latency_ms,0.205
2026-07-21T05:47:15+00:00,station2,latency_ms,2.465
2026-07-21T05:47:30+00:00,station2,latency_ms,1.746
2026-07-21T05:47:45+00:00,station2,latency_ms,1.654
2026-07-21T05:48:00+00:00,station2,latency_ms,1.853
2026-07-21T05:48:15+00:00,station2,latency_ms,0.219
2026-07-21T05:48:30+00:00,station2,latency_ms,2964.836
2026-07-21T05:48:45+00:00,station2,latency_ms,3006.31
2026-07-21T05:49:00+00:00,station2,latency_ms,1982.53
2026-07-21T05:49:15+00:00,station2,latency_ms,1982.53
2026-07-21T05:49:30+00:00,station2,latency_ms,0.218
2026-07-21T05:49:45+00:00,station2,latency_ms,2529.942
2026-07-21T05:50:00+00:00,station2,latency_ms,1126.73
2026-07-21T05:50:15+00:00,station2,latency_ms,5384.105
2026-07-21T05:50:30+00:00,station2,latency_ms,1994.477
2026-07-21T05:50:45+00:00,station2,latency_ms,0.212
2026-07-21T05:51:00+00:00,station2,latency_ms,0.246
2026-07-21T05:51:15+00:00,station2,latency_ms,0.846
2026-07-21T05:51:30+00:00,station2,latency_ms,1.342
2026-07-21T05:51:45+00:00,station2,latency_ms,1.495
2026-07-21T05:52:00+00:00,station2,latency_ms,1.393
2026-07-21T05:52:15+00:00,station2,latency_ms,2950.838
2026-07-21T05:52:30+00:00,station2,latency_ms,1968.226
2026-07-21T05:52:45+00:00,station2,latency_ms,3524.861
2026-07-21T05:53:00+00:00,station2,latency_ms,74.812
2026-07-21T05:53:15+00:00,station2,latency_ms,0.225
2026-07-21T05:53:30+00:00,station2,latency_ms,1.784
2026-07-21T05:53:45+00:00,station2,latency_ms,1.935
2026-07-21T05:54:00+00:00,station2,latency_ms,1.923
2026-07-21T05:54:15+00:00,station2,latency_ms,2.126
2026-07-21T05:54:30+00:00,station2,latency_ms,0.282
2026-07-21T04:06:30+00:00,station3,latency_ms,2936.231
2026-07-21T04:06:45+00:00,station3,latency_ms,1121.043
2026-07-21T04:07:00+00:00,station3,latency_ms,1121.043
2026-07-21T04:07:15+00:00,station3,latency_ms,0.952
2026-07-21T04:07:30+00:00,station3,latency_ms,0.269
2026-07-21T04:07:45+00:00,station3,latency_ms,3.503
2026-07-21T04:08:00+00:00,station3,latency_ms,3.976
2026-07-21T04:08:15+00:00,station3,latency_ms,3.272
2026-07-21T04:08:30+00:00,station3,latency_ms,3.562
2026-07-21T04:08:45+00:00,station3,latency_ms,1952.81
2026-07-21T04:09:00+00:00,station3,latency_ms,2961.42
2026-07-21T04:09:15+00:00,station3,latency_ms,5390.438
2026-07-21T04:09:30+00:00,station3,latency_ms,7943.24
2026-07-21T04:09:45+00:00,station3,latency_ms,0.198
2026-07-21T04:10:00+00:00,station3,latency_ms,0.32
2026-07-21T04:10:15+00:00,station3,latency_ms,2962.596
2026-07-21T04:10:30+00:00,station3,latency_ms,2948.448
2026-07-21T04:10:45+00:00,station3,latency_ms,2948.591
2026-07-21T04:11:00+00:00,station3,latency_ms,2962.474
2026-07-21T04:11:15+00:00,station3,latency_ms,0.302
2026-07-21T04:11:30+00:00,station3,latency_ms,0.274
2026-07-21T04:11:45+00:00,station3,latency_ms,4074.64
2026-07-21T04:12:00+00:00,station3,latency_ms,2647.01
2026-07-21T04:12:15+00:00,station3,latency_ms,1116.505
2026-07-21T04:12:30+00:00,station3,latency_ms,0.225
2026-07-21T04:12:45+00:00,station3,latency_ms,2045.0
2026-07-21T04:13:00+00:00,station3,latency_ms,2045.0
2026-07-21T04:13:15+00:00,station3,latency_ms,1127.909
2026-07-21T04:13:30+00:00,station3,latency_ms,4418.108
2026-07-21T04:13:45+00:00,station3,latency_ms,0.213
2026-07-21T04:14:00+00:00,station3,latency_ms,0.33
2026-07-21T04:14:15+00:00,station3,latency_ms,817.264
2026-07-21T04:14:30+00:00,station3,latency_ms,3011.896
2026-07-21T04:14:45+00:00,station3,latency_ms,2956.342
2026-07-21T04:15:00+00:00,station3,latency_ms,2956.342
2026-07-21T04:15:15+00:00,station3,latency_ms,0.29
2026-07-21T04:15:30+00:00,station3,latency_ms,3015.949
2026-07-21T04:15:45+00:00,station3,latency_ms,2038.032
2026-07-21T04:16:00+00:00,station3,latency_ms,2328.616
2026-07-21T04:16:15+00:00,station3,latency_ms,2206.085
2026-07-21T04:16:30+00:00,station3,latency_ms,0.268
2026-07-21T04:16:45+00:00,station3,latency_ms,4532.858
2026-07-21T04:17:00+00:00,station3,latency_ms,2660.25
2026-07-21T04:17:15+00:00,station3,latency_ms,1133.714
2026-07-21T04:17:30+00:00,station3,latency_ms,3012.801
2026-07-21T04:17:45+00:00,station3,latency_ms,0.289
2026-07-21T04:18:00+00:00,station3,latency_ms,1964.794
2026-07-21T04:18:15+00:00,station3,latency_ms,2140.791
2026-07-21T04:18:30+00:00,station3,latency_ms,5398.694
2026-07-21T04:18:45+00:00,station3,latency_ms,2942.71
2026-07-21T04:19:00+00:00,station3,latency_ms,0.321
2026-07-21T04:19:15+00:00,station3,latency_ms,3.331
2026-07-21T04:19:30+00:00,station3,latency_ms,4.367
2026-07-21T04:19:45+00:00,station3,latency_ms,3.421
2026-07-21T04:20:00+00:00,station3,latency_ms,3.223
2026-07-21T04:20:15+00:00,station3,latency_ms,2960.743
2026-07-21T04:20:30+00:00,station3,latency_ms,2960.743
2026-07-21T04:20:45+00:00,station3,latency_ms,1482.38
2026-07-21T04:21:00+00:00,station3,latency_ms,2124.707
2026-07-21T04:21:15+00:00,station3,latency_ms,0.3
2026-07-21T04:21:30+00:00,station3,latency_ms,2948.477
2026-07-21T04:21:45+00:00,station3,latency_ms,5402.638
2026-07-21T04:22:00+00:00,station3,latency_ms,2962.285
2026-07-21T04:22:15+00:00,station3,latency_ms,2019.315
2026-07-21T04:22:30+00:00,station3,latency_ms,0.243
2026-07-21T04:22:45+00:00,station3,latency_ms,4512.838
2026-07-21T04:23:00+00:00,station3,latency_ms,2446.454
2026-07-21T04:23:15+00:00,station3,latency_ms,1977.497
2026-07-21T04:23:30+00:00,station3,latency_ms,1977.497
2026-07-21T04:23:45+00:00,station3,latency_ms,0.238
2026-07-21T04:24:00+00:00,station3,latency_ms,4423.285
2026-07-21T04:24:15+00:00,station3,latency_ms,2960.93
2026-07-21T04:24:30+00:00,station3,latency_ms,2943.65
2026-07-21T04:24:45+00:00,station3,latency_ms,0.303
2026-07-21T04:25:00+00:00,station3,latency_ms,0.362
2026-07-21T04:25:15+00:00,station3,latency_ms,5387.733
2026-07-21T04:25:30+00:00,station3,latency_ms,1944.171
2026-07-21T04:25:45+00:00,station3,latency_ms,5380.921
2026-07-21T04:26:00+00:00,station3,latency_ms,1135.319
2026-07-21T04:26:15+00:00,station3,latency_ms,0.292
2026-07-21T04:26:30+00:00,station3,latency_ms,2952.044
2026-07-21T04:26:45+00:00,station3,latency_ms,2605.564
2026-07-21T04:27:00+00:00,station3,latency_ms,2130.374
2026-07-21T04:27:15+00:00,station3,latency_ms,2962.994
2026-07-21T04:27:30+00:00,station3,latency_ms,0.198
2026-07-21T04:27:45+00:00,station3,latency_ms,1944.007
2026-07-21T04:28:00+00:00,station3,latency_ms,1944.007
2026-07-21T04:28:15+00:00,station3,latency_ms,820.423
2026-07-21T04:28:30+00:00,station3,latency_ms,1983.439
2026-07-21T04:28:45+00:00,station3,latency_ms,0.288
2026-07-21T04:29:00+00:00,station3,latency_ms,3.617
2026-07-21T04:29:15+00:00,station3,latency_ms,3.533
2026-07-21T04:29:30+00:00,station3,latency_ms,4.073
2026-07-21T04:29:45+00:00,station3,latency_ms,3.439
2026-07-21T04:30:00+00:00,station3,latency_ms,0.322
2026-07-21T04:30:15+00:00,station3,latency_ms,4.37
2026-07-21T04:30:30+00:00,station3,latency_ms,3.973
2026-07-21T04:30:45+00:00,station3,latency_ms,4.242
2026-07-21T04:31:00+00:00,station3,latency_ms,3.719
2026-07-21T04:31:15+00:00,station3,latency_ms,0.265
2026-07-21T04:31:30+00:00,station3,latency_ms,1988.511
2026-07-21T04:31:45+00:00,station3,latency_ms,2951.216
2026-07-21T04:32:00+00:00,station3,latency_ms,1979.02
2026-07-21T04:32:15+00:00,station3,latency_ms,75.378
2026-07-21T04:32:30+00:00,station3,latency_ms,1949.477
2026-07-21T04:32:45+00:00,station3,latency_ms,2949.727
2026-07-21T04:33:00+00:00,station3,latency_ms,2949.727
2026-07-21T04:33:15+00:00,station3,latency_ms,821.98
2026-07-21T04:33:30+00:00,station3,latency_ms,301.804
2026-07-21T04:33:45+00:00,station3,latency_ms,33.119
2026-07-21T04:34:00+00:00,station3,latency_ms,4432.98
2026-07-21T04:34:15+00:00,station3,latency_ms,4904.105
2026-07-21T04:34:30+00:00,station3,latency_ms,1555.748
2026-07-21T04:34:45+00:00,station3,latency_ms,2558.309
2026-07-21T04:35:00+00:00,station3,latency_ms,39.145
2026-07-21T04:35:15+00:00,station3,latency_ms,1984.204
2026-07-21T04:35:30+00:00,station3,latency_ms,2950.335
2026-07-21T04:35:45+00:00,station3,latency_ms,502.962
2026-07-21T04:36:00+00:00,station3,latency_ms,2955.276
2026-07-21T04:36:15+00:00,station3,latency_ms,1973.835
2026-07-21T04:36:30+00:00,station3,latency_ms,2950.514
2026-07-21T04:36:45+00:00,station3,latency_ms,5403.929
2026-07-21T04:37:00+00:00,station3,latency_ms,2142.316
2026-07-21T04:37:15+00:00,station3,latency_ms,1.1
2026-07-21T04:37:30+00:00,station3,latency_ms,4.429
2026-07-21T04:37:45+00:00,station3,latency_ms,4.068
2026-07-21T04:38:00+00:00,station3,latency_ms,4.382
2026-07-21T04:38:15+00:00,station3,latency_ms,3.124
2026-07-21T04:38:30+00:00,station3,latency_ms,0.228
2026-07-21T04:38:45+00:00,station3,latency_ms,2942.338
2026-07-21T04:39:00+00:00,station3,latency_ms,2000.783
2026-07-21T04:39:15+00:00,station3,latency_ms,472.222
2026-07-21T04:39:30+00:00,station3,latency_ms,466.085
2026-07-21T04:39:45+00:00,station3,latency_ms,1154.656
2026-07-21T04:40:00+00:00,station3,latency_ms,2960.605
2026-07-21T04:40:15+00:00,station3,latency_ms,2132.835
2026-07-21T04:40:30+00:00,station3,latency_ms,1121.851
2026-07-21T04:40:45+00:00,station3,latency_ms,900.886
2026-07-21T04:41:00+00:00,station3,latency_ms,0.345
2026-07-21T04:41:15+00:00,station3,latency_ms,4.089
2026-07-21T04:41:30+00:00,station3,latency_ms,3.939
2026-07-21T04:41:45+00:00,station3,latency_ms,4.35
2026-07-21T04:42:00+00:00,station3,latency_ms,4.947
2026-07-21T04:42:15+00:00,station3,latency_ms,2.935
2026-07-21T04:42:30+00:00,station3,latency_ms,3.677
2026-07-21T04:42:45+00:00,station3,latency_ms,4.635
2026-07-21T04:43:00+00:00,station3,latency_ms,3.551
2026-07-21T04:43:15+00:00,station3,latency_ms,0.274
2026-07-21T04:43:30+00:00,station3,latency_ms,2492.233
2026-07-21T04:43:45+00:00,station3,latency_ms,2522.567
2026-07-21T04:44:00+00:00,station3,latency_ms,2394.82
2026-07-21T04:44:15+00:00,station3,latency_ms,4602.217
2026-07-21T04:44:30+00:00,station3,latency_ms,0.225
2026-07-21T04:44:45+00:00,station3,latency_ms,2948.814
2026-07-21T04:45:00+00:00,station3,latency_ms,1975.903
2026-07-21T04:45:15+00:00,station3,latency_ms,2956.405
2026-07-21T04:45:30+00:00,station3,latency_ms,1132.654
2026-07-21T04:45:45+00:00,station3,latency_ms,0.245
2026-07-21T04:46:00+00:00,station3,latency_ms,428.84
2026-07-21T04:46:15+00:00,station3,latency_ms,428.84
2026-07-21T04:46:30+00:00,station3,latency_ms,2139.511
2026-07-21T04:46:45+00:00,station3,latency_ms,1352.209
2026-07-21T04:47:00+00:00,station3,latency_ms,0.253
2026-07-21T04:47:15+00:00,station3,latency_ms,3.528
2026-07-21T04:47:30+00:00,station3,latency_ms,3.868
2026-07-21T04:47:45+00:00,station3,latency_ms,3.337
2026-07-21T04:48:00+00:00,station3,latency_ms,5.686
2026-07-21T04:48:15+00:00,station3,latency_ms,0.297
2026-07-21T04:48:30+00:00,station3,latency_ms,5381.546
2026-07-21T04:48:45+00:00,station3,latency_ms,2137.261
2026-07-21T04:49:00+00:00,station3,latency_ms,1979.71
2026-07-21T04:49:15+00:00,station3,latency_ms,2473.384
2026-07-21T04:49:30+00:00,station3,latency_ms,0.244
2026-07-21T04:49:45+00:00,station3,latency_ms,2941.732
2026-07-21T04:50:00+00:00,station3,latency_ms,2941.732
2026-07-21T04:50:15+00:00,station3,latency_ms,4499.262
2026-07-21T04:50:30+00:00,station3,latency_ms,2455.168
2026-07-21T04:50:45+00:00,station3,latency_ms,1948.495
2026-07-21T04:51:00+00:00,station3,latency_ms,1975.895
2026-07-21T04:51:15+00:00,station3,latency_ms,9.614
2026-07-21T04:51:30+00:00,station3,latency_ms,1116.382
2026-07-21T04:51:45+00:00,station3,latency_ms,0.214
2026-07-21T04:52:00+00:00,station3,latency_ms,0.304
2026-07-21T04:52:15+00:00,station3,latency_ms,5398.144
2026-07-21T04:52:30+00:00,station3,latency_ms,5398.144
2026-07-21T04:52:45+00:00,station3,latency_ms,5383.164
2026-07-21T04:53:00+00:00,station3,latency_ms,2237.15
2026-07-21T04:53:15+00:00,station3,latency_ms,221.196
2026-07-21T04:53:30+00:00,station3,latency_ms,2450.775
2026-07-21T04:53:45+00:00,station3,latency_ms,422.391
2026-07-21T04:54:00+00:00,station3,latency_ms,4432.317
2026-07-21T04:54:15+00:00,station3,latency_ms,0.294
2026-07-21T04:54:30+00:00,station3,latency_ms,4.367
2026-07-21T04:54:45+00:00,station3,latency_ms,5.901
2026-07-21T04:55:00+00:00,station3,latency_ms,4.357
2026-07-21T04:55:15+00:00,station3,latency_ms,3.837
2026-07-21T04:55:30+00:00,station3,latency_ms,0.219
2026-07-21T04:55:45+00:00,station3,latency_ms,2949.443
2026-07-21T04:56:00+00:00,station3,latency_ms,2949.443
2026-07-21T04:56:15+00:00,station3,latency_ms,3278.199
2026-07-21T04:56:30+00:00,station3,latency_ms,1795.741
2026-07-21T04:56:45+00:00,station3,latency_ms,0.281
2026-07-21T04:57:00+00:00,station3,latency_ms,2128.938
2026-07-21T04:57:15+00:00,station3,latency_ms,2961.417
2026-07-21T04:57:30+00:00,station3,latency_ms,2961.417
2026-07-21T04:57:45+00:00,station3,latency_ms,0.256
2026-07-21T04:58:00+00:00,station3,latency_ms,1957.693
2026-07-21T04:58:15+00:00,station3,latency_ms,5384.945
2026-07-21T04:58:30+00:00,station3,latency_ms,5398.945
2026-07-21T04:58:45+00:00,station3,latency_ms,2948.377
2026-07-21T04:59:00+00:00,station3,latency_ms,0.395
2026-07-21T04:59:15+00:00,station3,latency_ms,1956.481
2026-07-21T04:59:30+00:00,station3,latency_ms,1956.481
2026-07-21T04:59:45+00:00,station3,latency_ms,1956.481
2026-07-21T05:00:00+00:00,station3,latency_ms,2962.334
2026-07-21T05:00:15+00:00,station3,latency_ms,0.308
2026-07-21T05:00:30+00:00,station3,latency_ms,2021.545
2026-07-21T05:00:45+00:00,station3,latency_ms,2942.176
2026-07-21T05:01:00+00:00,station3,latency_ms,2942.176
2026-07-21T05:01:15+00:00,station3,latency_ms,2602.002
2026-07-21T05:01:30+00:00,station3,latency_ms,0.235
2026-07-21T05:01:45+00:00,station3,latency_ms,2937.464
2026-07-21T05:02:00+00:00,station3,latency_ms,2937.464
2026-07-21T05:02:15+00:00,station3,latency_ms,3264.037
2026-07-21T05:02:30+00:00,station3,latency_ms,4512.959
2026-07-21T05:02:45+00:00,station3,latency_ms,0.317
2026-07-21T05:03:00+00:00,station3,latency_ms,1965.006
2026-07-21T05:03:15+00:00,station3,latency_ms,2968.015
2026-07-21T05:03:30+00:00,station3,latency_ms,3262.002
2026-07-21T05:03:45+00:00,station3,latency_ms,0.233
2026-07-21T05:04:00+00:00,station3,latency_ms,0.32
2026-07-21T05:04:15+00:00,station3,latency_ms,1972.447
2026-07-21T05:04:30+00:00,station3,latency_ms,1228.903
2026-07-21T05:04:45+00:00,station3,latency_ms,4541.918
2026-07-21T05:05:00+00:00,station3,latency_ms,2804.664
2026-07-21T05:05:15+00:00,station3,latency_ms,0.292
2026-07-21T05:05:30+00:00,station3,latency_ms,1151.285
2026-07-21T05:05:45+00:00,station3,latency_ms,2955.07
2026-07-21T05:06:00+00:00,station3,latency_ms,1988.461
2026-07-21T05:06:15+00:00,station3,latency_ms,822.734
2026-07-21T05:06:30+00:00,station3,latency_ms,0.234
2026-07-21T05:06:45+00:00,station3,latency_ms,4.483
2026-07-21T05:07:00+00:00,station3,latency_ms,4.906
2026-07-21T05:07:15+00:00,station3,latency_ms,3.258
2026-07-21T05:07:30+00:00,station3,latency_ms,3.182
2026-07-21T05:07:45+00:00,station3,latency_ms,0.273
2026-07-21T05:08:00+00:00,station3,latency_ms,35.175
2026-07-21T05:08:15+00:00,station3,latency_ms,2968.369
2026-07-21T05:08:30+00:00,station3,latency_ms,2968.369
2026-07-21T05:08:45+00:00,station3,latency_ms,2963.616
2026-07-21T05:09:00+00:00,station3,latency_ms,0.252
2026-07-21T05:09:15+00:00,station3,latency_ms,0.302
2026-07-21T05:09:30+00:00,station3,latency_ms,4512.421
2026-07-21T05:09:45+00:00,station3,latency_ms,3078.69
2026-07-21T05:10:00+00:00,station3,latency_ms,2964.093
2026-07-21T05:10:15+00:00,station3,latency_ms,0.264
2026-07-21T05:10:30+00:00,station3,latency_ms,0.229
2026-07-21T05:10:45+00:00,station3,latency_ms,2961.389
2026-07-21T05:11:00+00:00,station3,latency_ms,2961.389
2026-07-21T05:11:15+00:00,station3,latency_ms,2954.31
2026-07-21T05:11:30+00:00,station3,latency_ms,1946.053
2026-07-21T05:11:45+00:00,station3,latency_ms,0.273
2026-07-21T05:12:00+00:00,station3,latency_ms,4500.643
2026-07-21T05:12:15+00:00,station3,latency_ms,1981.434
2026-07-21T05:12:30+00:00,station3,latency_ms,2690.687
2026-07-21T05:12:45+00:00,station3,latency_ms,0.236
2026-07-21T05:13:00+00:00,station3,latency_ms,0.322
2026-07-21T05:13:15+00:00,station3,latency_ms,3.408
2026-07-21T05:13:30+00:00,station3,latency_ms,3.463
2026-07-21T05:13:45+00:00,station3,latency_ms,4.12
2026-07-21T05:14:00+00:00,station3,latency_ms,3.862
2026-07-21T05:14:15+00:00,station3,latency_ms,4.655
2026-07-21T05:14:30+00:00,station3,latency_ms,3.257
2026-07-21T05:14:45+00:00,station3,latency_ms,2.511
2026-07-21T05:15:00+00:00,station3,latency_ms,3.799
2026-07-21T05:15:15+00:00,station3,latency_ms,0.323
2026-07-21T05:15:30+00:00,station3,latency_ms,3486.544
2026-07-21T05:15:45+00:00,station3,latency_ms,79.799
2026-07-21T05:16:00+00:00,station3,latency_ms,1983.141
2026-07-21T05:16:15+00:00,station3,latency_ms,3781.541
2026-07-21T05:16:30+00:00,station3,latency_ms,0.221
2026-07-21T05:16:45+00:00,station3,latency_ms,3.95
2026-07-21T05:17:00+00:00,station3,latency_ms,3.006
2026-07-21T05:17:15+00:00,station3,latency_ms,4.137
2026-07-21T05:17:30+00:00,station3,latency_ms,5.114
2026-07-21T05:17:45+00:00,station3,latency_ms,2454.569
2026-07-21T05:18:00+00:00,station3,latency_ms,2127.833
2026-07-21T05:18:15+00:00,station3,latency_ms,5388.982
2026-07-21T05:18:30+00:00,station3,latency_ms,5380.641
2026-07-21T05:18:45+00:00,station3,latency_ms,0.242
2026-07-21T05:19:00+00:00,station3,latency_ms,2961.559
2026-07-21T05:19:15+00:00,station3,latency_ms,619.432
2026-07-21T05:19:30+00:00,station3,latency_ms,619.432
2026-07-21T05:19:45+00:00,station3,latency_ms,3256.407
2026-07-21T05:20:00+00:00,station3,latency_ms,0.265
2026-07-21T05:20:15+00:00,station3,latency_ms,0.306
2026-07-21T05:20:30+00:00,station3,latency_ms,0.306
2026-07-21T05:20:45+00:00,station3,latency_ms,2962.949
2026-07-21T05:21:00+00:00,station3,latency_ms,2962.949
2026-07-21T05:21:15+00:00,station3,latency_ms,0.286
2026-07-21T05:21:30+00:00,station3,latency_ms,2.505
2026-07-21T05:21:45+00:00,station3,latency_ms,2.898
2026-07-21T05:22:00+00:00,station3,latency_ms,4.6
2026-07-21T05:22:15+00:00,station3,latency_ms,3.424
2026-07-21T05:22:30+00:00,station3,latency_ms,0.233
2026-07-21T05:22:45+00:00,station3,latency_ms,2963.802
2026-07-21T05:23:00+00:00,station3,latency_ms,2963.802
2026-07-21T05:23:15+00:00,station3,latency_ms,2953.834
2026-07-21T05:23:30+00:00,station3,latency_ms,2936.182
2026-07-21T05:23:45+00:00,station3,latency_ms,0.238
2026-07-21T05:24:00+00:00,station3,latency_ms,407.8
2026-07-21T05:24:15+00:00,station3,latency_ms,1417.185
2026-07-21T05:24:30+00:00,station3,latency_ms,1982.824
2026-07-21T05:24:45+00:00,station3,latency_ms,4012.014
2026-07-21T05:25:00+00:00,station3,latency_ms,0.292
2026-07-21T05:25:15+00:00,station3,latency_ms,822.259
2026-07-21T05:25:30+00:00,station3,latency_ms,822.259
2026-07-21T05:25:45+00:00,station3,latency_ms,5404.62
2026-07-21T05:26:00+00:00,station3,latency_ms,452.068
2026-07-21T05:26:15+00:00,station3,latency_ms,2962.549
2026-07-21T05:26:30+00:00,station3,latency_ms,2948.749
2026-07-21T05:26:45+00:00,station3,latency_ms,822.595
2026-07-21T05:27:00+00:00,station3,latency_ms,4397.774
2026-07-21T05:27:15+00:00,station3,latency_ms,0.26
2026-07-21T05:27:30+00:00,station3,latency_ms,0.257
2026-07-21T05:27:45+00:00,station3,latency_ms,2261.625
2026-07-21T05:28:00+00:00,station3,latency_ms,2261.625
2026-07-21T05:28:15+00:00,station3,latency_ms,1978.413
2026-07-21T05:28:30+00:00,station3,latency_ms,1986.919
2026-07-21T05:28:45+00:00,station3,latency_ms,0.24
2026-07-21T05:29:00+00:00,station3,latency_ms,1962.365
2026-07-21T05:29:15+00:00,station3,latency_ms,1993.726
2026-07-21T05:29:30+00:00,station3,latency_ms,427.763
2026-07-21T05:29:45+00:00,station3,latency_ms,1973.511
2026-07-21T05:30:00+00:00,station3,latency_ms,1.58
2026-07-21T05:30:15+00:00,station3,latency_ms,0.307
2026-07-21T05:30:30+00:00,station3,latency_ms,5403.556
2026-07-21T05:30:45+00:00,station3,latency_ms,2943.637
2026-07-21T05:31:00+00:00,station3,latency_ms,4396.942
2026-07-21T05:31:15+00:00,station3,latency_ms,0.257
2026-07-21T05:31:30+00:00,station3,latency_ms,0.265
2026-07-21T05:31:45+00:00,station3,latency_ms,1949.481
2026-07-21T05:32:00+00:00,station3,latency_ms,2631.707
2026-07-21T05:32:15+00:00,station3,latency_ms,2957.093
2026-07-21T05:32:30+00:00,station3,latency_ms,1707.081
2026-07-21T05:32:45+00:00,station3,latency_ms,0.255
2026-07-21T05:33:00+00:00,station3,latency_ms,2652.659
2026-07-21T05:33:15+00:00,station3,latency_ms,2949.552
2026-07-21T05:33:30+00:00,station3,latency_ms,4626.103
2026-07-21T05:33:45+00:00,station3,latency_ms,4413.773
2026-07-21T05:34:00+00:00,station3,latency_ms,0.326
2026-07-21T05:34:15+00:00,station3,latency_ms,2955.911
2026-07-21T05:34:30+00:00,station3,latency_ms,1794.86
2026-07-21T05:34:45+00:00,station3,latency_ms,1949.822
2026-07-21T05:35:00+00:00,station3,latency_ms,1949.822
2026-07-21T05:35:15+00:00,station3,latency_ms,644.481
2026-07-21T05:35:30+00:00,station3,latency_ms,1981.257
2026-07-21T05:35:45+00:00,station3,latency_ms,1869.727
2026-07-21T05:36:00+00:00,station3,latency_ms,2961.568
2026-07-21T05:36:15+00:00,station3,latency_ms,0.277
2026-07-21T05:36:30+00:00,station3,latency_ms,2173.084
2026-07-21T05:36:45+00:00,station3,latency_ms,2938.924
2026-07-21T05:37:00+00:00,station3,latency_ms,3012.698
2026-07-21T05:37:15+00:00,station3,latency_ms,5379.886
2026-07-21T05:37:30+00:00,station3,latency_ms,5.913
2026-07-21T05:37:45+00:00,station3,latency_ms,4.315
2026-07-21T05:38:00+00:00,station3,latency_ms,3.292
2026-07-21T05:38:15+00:00,station3,latency_ms,4.208
2026-07-21T05:38:30+00:00,station3,latency_ms,3.979
2026-07-21T05:38:45+00:00,station3,latency_ms,2.528
2026-07-21T05:39:00+00:00,station3,latency_ms,3.436
2026-07-21T05:39:15+00:00,station3,latency_ms,3.022
2026-07-21T05:39:30+00:00,station3,latency_ms,3.404
2026-07-21T05:39:45+00:00,station3,latency_ms,0.265
2026-07-21T05:40:00+00:00,station3,latency_ms,2128.87
2026-07-21T05:40:15+00:00,station3,latency_ms,2128.87
2026-07-21T05:40:30+00:00,station3,latency_ms,697.213
2026-07-21T05:40:45+00:00,station3,latency_ms,4389.057
2026-07-21T05:41:00+00:00,station3,latency_ms,0.274
2026-07-21T05:41:15+00:00,station3,latency_ms,2128.737
2026-07-21T05:41:30+00:00,station3,latency_ms,2962.487
2026-07-21T05:41:45+00:00,station3,latency_ms,2962.487
2026-07-21T05:42:00+00:00,station3,latency_ms,2961.507
2026-07-21T05:42:15+00:00,station3,latency_ms,0.311
2026-07-21T05:42:30+00:00,station3,latency_ms,4.255
2026-07-21T05:42:45+00:00,station3,latency_ms,3.929
2026-07-21T05:43:00+00:00,station3,latency_ms,3.445
2026-07-21T05:43:15+00:00,station3,latency_ms,3.797
2026-07-21T05:43:30+00:00,station3,latency_ms,0.233
2026-07-21T05:43:45+00:00,station3,latency_ms,3276.392
2026-07-21T05:44:00+00:00,station3,latency_ms,3276.392
2026-07-21T05:44:15+00:00,station3,latency_ms,1131.082
2026-07-21T05:44:30+00:00,station3,latency_ms,465.952
2026-07-21T05:44:45+00:00,station3,latency_ms,1994.887
2026-07-21T05:45:00+00:00,station3,latency_ms,1979.413
2026-07-21T05:45:15+00:00,station3,latency_ms,2962.238
2026-07-21T05:45:30+00:00,station3,latency_ms,2005.654
2026-07-21T05:45:45+00:00,station3,latency_ms,0.256
2026-07-21T05:46:00+00:00,station3,latency_ms,1131.416
2026-07-21T05:46:15+00:00,station3,latency_ms,4219.319
2026-07-21T05:46:30+00:00,station3,latency_ms,2950.5
2026-07-21T05:46:45+00:00,station3,latency_ms,2137.931
2026-07-21T05:47:00+00:00,station3,latency_ms,0.262
2026-07-21T05:47:15+00:00,station3,latency_ms,0.298
2026-07-21T05:47:30+00:00,station3,latency_ms,1.199
2026-07-21T05:47:45+00:00,station3,latency_ms,2008.947
2026-07-21T05:48:00+00:00,station3,latency_ms,2008.947
2026-07-21T05:48:15+00:00,station3,latency_ms,0.267
2026-07-21T05:48:30+00:00,station3,latency_ms,3973.395
2026-07-21T05:48:45+00:00,station3,latency_ms,2991.611
2026-07-21T05:49:00+00:00,station3,latency_ms,2970.674
2026-07-21T05:49:15+00:00,station3,latency_ms,2970.674
2026-07-21T05:49:30+00:00,station3,latency_ms,0.223
2026-07-21T05:49:45+00:00,station3,latency_ms,3037.047
2026-07-21T05:50:00+00:00,station3,latency_ms,1131.506
2026-07-21T05:50:15+00:00,station3,latency_ms,5395.915
2026-07-21T05:50:30+00:00,station3,latency_ms,1999.854
2026-07-21T05:50:45+00:00,station3,latency_ms,0.217
2026-07-21T05:51:00+00:00,station3,latency_ms,0.296
2026-07-21T05:51:15+00:00,station3,latency_ms,3.997
2026-07-21T05:51:30+00:00,station3,latency_ms,4.523
2026-07-21T05:51:45+00:00,station3,latency_ms,3.038
2026-07-21T05:52:00+00:00,station3,latency_ms,3.885
2026-07-21T05:52:15+00:00,station3,latency_ms,2960.516
2026-07-21T05:52:30+00:00,station3,latency_ms,1986.052
2026-07-21T05:52:45+00:00,station3,latency_ms,3023.549
2026-07-21T05:53:00+00:00,station3,latency_ms,68.931
2026-07-21T05:53:15+00:00,station3,latency_ms,0.323
2026-07-21T05:53:30+00:00,station3,latency_ms,0.296
2026-07-21T05:53:45+00:00,station3,latency_ms,390.116
2026-07-21T05:54:00+00:00,station3,latency_ms,4429.801
2026-07-21T05:54:15+00:00,station3,latency_ms,4429.801
2026-07-21T05:54:30+00:00,station3,latency_ms,0.25
2026-07-21T04:06:30+00:00,station1,drop_out_rate,0.0
2026-07-21T04:06:45+00:00,station1,drop_out_rate,0.0
2026-07-21T04:07:00+00:00,station1,drop_out_rate,0.0
2026-07-21T04:07:15+00:00,station1,drop_out_rate,0.0
2026-07-21T04:07:30+00:00,station1,drop_out_rate,0.0
2026-07-21T04:07:45+00:00,station1,drop_out_rate,0.0
2026-07-21T04:08:00+00:00,station1,drop_out_rate,0.0
2026-07-21T04:08:15+00:00,station1,drop_out_rate,0.0
2026-07-21T04:08:30+00:00,station1,drop_out_rate,0.0
2026-07-21T04:08:45+00:00,station1,drop_out_rate,0.0
2026-07-21T04:09:00+00:00,station1,drop_out_rate,0.0
2026-07-21T04:09:15+00:00,station1,drop_out_rate,0.0
2026-07-21T04:09:30+00:00,station1,drop_out_rate,0.0
2026-07-21T04:09:45+00:00,station1,drop_out_rate,0.0
2026-07-21T04:10:00+00:00,station1,drop_out_rate,0.0
2026-07-21T04:10:15+00:00,station1,drop_out_rate,0.0
2026-07-21T04:10:30+00:00,station1,drop_out_rate,0.0
2026-07-21T04:10:45+00:00,station1,drop_out_rate,0.0
2026-07-21T04:11:00+00:00,station1,drop_out_rate,0.0
2026-07-21T04:11:15+00:00,station1,drop_out_rate,0.0
2026-07-21T04:11:30+00:00,station1,drop_out_rate,0.0
2026-07-21T04:11:45+00:00,station1,drop_out_rate,0.0
2026-07-21T04:12:00+00:00,station1,drop_out_rate,0.0
2026-07-21T04:12:15+00:00,station1,drop_out_rate,0.0
2026-07-21T04:12:30+00:00,station1,drop_out_rate,0.0
2026-07-21T04:12:45+00:00,station1,drop_out_rate,0.0
2026-07-21T04:13:00+00:00,station1,drop_out_rate,0.0
2026-07-21T04:13:15+00:00,station1,drop_out_rate,0.0
2026-07-21T04:13:30+00:00,station1,drop_out_rate,0.0
2026-07-21T04:13:45+00:00,station1,drop_out_rate,0.0
2026-07-21T04:14:00+00:00,station1,drop_out_rate,0.0
2026-07-21T04:14:15+00:00,station1,drop_out_rate,0.0
2026-07-21T04:14:30+00:00,station1,drop_out_rate,0.0
2026-07-21T04:14:45+00:00,station1,drop_out_rate,0.0
2026-07-21T04:15:00+00:00,station1,drop_out_rate,0.0
2026-07-21T04:15:15+00:00,station1,drop_out_rate,0.0
2026-07-21T04:15:30+00:00,station1,drop_out_rate,0.0
2026-07-21T04:15:45+00:00,station1,drop_out_rate,0.0
2026-07-21T04:16:00+00:00,station1,drop_out_rate,0.0
2026-07-21T04:16:15+00:00,station1,drop_out_rate,0.0
2026-07-21T04:16:30+00:00,station1,drop_out_rate,0.0
2026-07-21T04:16:45+00:00,station1,drop_out_rate,0.0
2026-07-21T04:17:00+00:00,station1,drop_out_rate,0.0
2026-07-21T04:17:15+00:00,station1,drop_out_rate,0.0
2026-07-21T04:17:30+00:00,station1,drop_out_rate,0.0
2026-07-21T04:17:45+00:00,station1,drop_out_rate,0.0
2026-07-21T04:18:00+00:00,station1,drop_out_rate,0.0
2026-07-21T04:18:15+00:00,station1,drop_out_rate,0.0
2026-07-21T04:18:30+00:00,station1,drop_out_rate,0.0
2026-07-21T04:18:45+00:00,station1,drop_out_rate,0.0
2026-07-21T04:19:00+00:00,station1,drop_out_rate,0.0
2026-07-21T04:19:15+00:00,station1,drop_out_rate,0.0
2026-07-21T04:19:30+00:00,station1,drop_out_rate,0.0
2026-07-21T04:19:45+00:00,station1,drop_out_rate,0.0
2026-07-21T04:20:00+00:00,station1,drop_out_rate,0.0
2026-07-21T04:20:15+00:00,station1,drop_out_rate,0.0
2026-07-21T04:20:30+00:00,station1,drop_out_rate,0.0
2026-07-21T04:20:45+00:00,station1,drop_out_rate,0.0
2026-07-21T04:21:00+00:00,station1,drop_out_rate,0.0
2026-07-21T04:21:15+00:00,station1,drop_out_rate,0.0
2026-07-21T04:21:30+00:00,station1,drop_out_rate,0.0
2026-07-21T04:21:45+00:00,station1,drop_out_rate,0.0
2026-07-21T04:22:00+00:00,station1,drop_out_rate,0.0
2026-07-21T04:22:15+00:00,station1,drop_out_rate,0.0
2026-07-21T04:22:30+00:00,station1,drop_out_rate,0.0
2026-07-21T04:22:45+00:00,station1,drop_out_rate,0.0
2026-07-21T04:23:00+00:00,station1,drop_out_rate,0.0
2026-07-21T04:23:15+00:00,station1,drop_out_rate,0.0
2026-07-21T04:23:30+00:00,station1,drop_out_rate,0.0
2026-07-21T04:23:45+00:00,station1,drop_out_rate,0.0
2026-07-21T04:24:00+00:00,station1,drop_out_rate,0.0
2026-07-21T04:24:15+00:00,station1,drop_out_rate,0.0
2026-07-21T04:24:30+00:00,station1,drop_out_rate,0.0
2026-07-21T04:24:45+00:00,station1,drop_out_rate,0.0
2026-07-21T04:25:00+00:00,station1,drop_out_rate,0.0
2026-07-21T04:25:15+00:00,station1,drop_out_rate,0.0
2026-07-21T04:25:30+00:00,station1,drop_out_rate,0.0
2026-07-21T04:25:45+00:00,station1,drop_out_rate,0.0
2026-07-21T04:26:00+00:00,station1,drop_out_rate,0.0
2026-07-21T04:26:15+00:00,station1,drop_out_rate,0.0
2026-07-21T04:26:30+00:00,station1,drop_out_rate,0.0
2026-07-21T04:26:45+00:00,station1,drop_out_rate,0.0
2026-07-21T04:27:00+00:00,station1,drop_out_rate,0.0
2026-07-21T04:27:15+00:00,station1,drop_out_rate,0.0
2026-07-21T04:27:30+00:00,station1,drop_out_rate,0.0
2026-07-21T04:27:45+00:00,station1,drop_out_rate,0.0
2026-07-21T04:28:00+00:00,station1,drop_out_rate,0.0
2026-07-21T04:28:15+00:00,station1,drop_out_rate,0.0
2026-07-21T04:28:30+00:00,station1,drop_out_rate,0.0
2026-07-21T04:28:45+00:00,station1,drop_out_rate,0.0
2026-07-21T04:29:00+00:00,station1,drop_out_rate,0.0
2026-07-21T04:29:15+00:00,station1,drop_out_rate,0.0
2026-07-21T04:29:30+00:00,station1,drop_out_rate,0.0
2026-07-21T04:29:45+00:00,station1,drop_out_rate,0.0
2026-07-21T04:30:00+00:00,station1,drop_out_rate,0.0
2026-07-21T04:30:15+00:00,station1,drop_out_rate,0.0
2026-07-21T04:30:30+00:00,station1,drop_out_rate,0.0
2026-07-21T04:30:45+00:00,station1,drop_out_rate,0.0
2026-07-21T04:31:00+00:00,station1,drop_out_rate,0.0
2026-07-21T04:31:15+00:00,station1,drop_out_rate,0.0
2026-07-21T04:31:30+00:00,station1,drop_out_rate,0.0
2026-07-21T04:31:45+00:00,station1,drop_out_rate,0.0
2026-07-21T04:32:00+00:00,station1,drop_out_rate,0.0
2026-07-21T04:32:15+00:00,station1,drop_out_rate,0.0
2026-07-21T04:32:30+00:00,station1,drop_out_rate,0.0
2026-07-21T04:32:45+00:00,station1,drop_out_rate,0.0
2026-07-21T04:33:00+00:00,station1,drop_out_rate,0.0
2026-07-21T04:33:15+00:00,station1,drop_out_rate,0.0
2026-07-21T04:33:30+00:00,station1,drop_out_rate,0.0
2026-07-21T04:33:45+00:00,station1,drop_out_rate,0.0
2026-07-21T04:34:00+00:00,station1,drop_out_rate,0.0
2026-07-21T04:34:15+00:00,station1,drop_out_rate,0.0
2026-07-21T04:34:30+00:00,station1,drop_out_rate,0.0
2026-07-21T04:34:45+00:00,station1,drop_out_rate,0.0
2026-07-21T04:35:00+00:00,station1,drop_out_rate,0.0
2026-07-21T04:35:15+00:00,station1,drop_out_rate,0.0
2026-07-21T04:35:30+00:00,station1,drop_out_rate,0.0
2026-07-21T04:35:45+00:00,station1,drop_out_rate,0.0
2026-07-21T04:36:00+00:00,station1,drop_out_rate,0.0
2026-07-21T04:36:15+00:00,station1,drop_out_rate,0.0
2026-07-21T04:36:30+00:00,station1,drop_out_rate,0.0
2026-07-21T04:36:45+00:00,station1,drop_out_rate,0.0
2026-07-21T04:37:00+00:00,station1,drop_out_rate,0.0
2026-07-21T04:37:15+00:00,station1,drop_out_rate,0.0
2026-07-21T04:37:30+00:00,station1,drop_out_rate,0.0
2026-07-21T04:37:45+00:00,station1,drop_out_rate,0.0
2026-07-21T04:38:00+00:00,station1,drop_out_rate,0.0
2026-07-21T04:38:15+00:00,station1,drop_out_rate,0.0
2026-07-21T04:38:30+00:00,station1,drop_out_rate,0.0
2026-07-21T04:38:45+00:00,station1,drop_out_rate,0.0
2026-07-21T04:39:00+00:00,station1,drop_out_rate,0.0
2026-07-21T04:39:15+00:00,station1,drop_out_rate,0.0
2026-07-21T04:39:30+00:00,station1,drop_out_rate,0.0
2026-07-21T04:39:45+00:00,station1,drop_out_rate,0.0
2026-07-21T04:40:00+00:00,station1,drop_out_rate,0.0
2026-07-21T04:40:15+00:00,station1,drop_out_rate,0.0
2026-07-21T04:40:30+00:00,station1,drop_out_rate,0.0
2026-07-21T04:40:45+00:00,station1,drop_out_rate,0.0
2026-07-21T04:41:00+00:00,station1,drop_out_rate,0.0
2026-07-21T04:41:15+00:00,station1,drop_out_rate,0.0
2026-07-21T04:41:30+00:00,station1,drop_out_rate,0.0
2026-07-21T04:41:45+00:00,station1,drop_out_rate,0.0
2026-07-21T04:42:00+00:00,station1,drop_out_rate,0.0
2026-07-21T04:42:15+00:00,station1,drop_out_rate,0.0
2026-07-21T04:42:30+00:00,station1,drop_out_rate,0.0
2026-07-21T04:42:45+00:00,station1,drop_out_rate,0.0
2026-07-21T04:43:00+00:00,station1,drop_out_rate,0.0
2026-07-21T04:43:15+00:00,station1,drop_out_rate,0.0
2026-07-21T04:43:30+00:00,station1,drop_out_rate,0.0
2026-07-21T04:43:45+00:00,station1,drop_out_rate,0.0
2026-07-21T04:44:00+00:00,station1,drop_out_rate,0.0
2026-07-21T04:44:15+00:00,station1,drop_out_rate,0.0
2026-07-21T04:44:30+00:00,station1,drop_out_rate,0.0
2026-07-21T04:44:45+00:00,station1,drop_out_rate,0.0
2026-07-21T04:45:00+00:00,station1,drop_out_rate,0.0
2026-07-21T04:45:15+00:00,station1,drop_out_rate,0.0
2026-07-21T04:45:30+00:00,station1,drop_out_rate,0.0
2026-07-21T04:45:45+00:00,station1,drop_out_rate,0.0
2026-07-21T04:46:00+00:00,station1,drop_out_rate,0.0
2026-07-21T04:46:15+00:00,station1,drop_out_rate,0.0
2026-07-21T04:46:30+00:00,station1,drop_out_rate,0.0
2026-07-21T04:46:45+00:00,station1,drop_out_rate,0.0
2026-07-21T04:47:00+00:00,station1,drop_out_rate,0.0
2026-07-21T04:47:15+00:00,station1,drop_out_rate,0.0
2026-07-21T04:47:30+00:00,station1,drop_out_rate,0.0
2026-07-21T04:47:45+00:00,station1,drop_out_rate,0.0
2026-07-21T04:48:00+00:00,station1,drop_out_rate,0.0
2026-07-21T04:48:15+00:00,station1,drop_out_rate,0.0
2026-07-21T04:48:30+00:00,station1,drop_out_rate,0.0
2026-07-21T04:48:45+00:00,station1,drop_out_rate,0.0
2026-07-21T04:49:00+00:00,station1,drop_out_rate,0.0
2026-07-21T04:49:15+00:00,station1,drop_out_rate,0.0
2026-07-21T04:49:30+00:00,station1,drop_out_rate,0.0
2026-07-21T04:49:45+00:00,station1,drop_out_rate,0.0
2026-07-21T04:50:00+00:00,station1,drop_out_rate,0.0
2026-07-21T04:50:15+00:00,station1,drop_out_rate,0.0
2026-07-21T04:50:30+00:00,station1,drop_out_rate,0.0
2026-07-21T04:50:45+00:00,station1,drop_out_rate,0.0
2026-07-21T04:51:00+00:00,station1,drop_out_rate,0.0
2026-07-21T04:51:15+00:00,station1,drop_out_rate,0.0
2026-07-21T04:51:30+00:00,station1,drop_out_rate,0.0
2026-07-21T04:51:45+00:00,station1,drop_out_rate,0.0
2026-07-21T04:52:00+00:00,station1,drop_out_rate,0.0
2026-07-21T04:52:15+00:00,station1,drop_out_rate,0.0
2026-07-21T04:52:30+00:00,station1,drop_out_rate,0.0
2026-07-21T04:52:45+00:00,station1,drop_out_rate,0.0
2026-07-21T04:53:00+00:00,station1,drop_out_rate,0.0
2026-07-21T04:53:15+00:00,station1,drop_out_rate,0.0
2026-07-21T04:53:30+00:00,station1,drop_out_rate,0.0
2026-07-21T04:53:45+00:00,station1,drop_out_rate,0.0
2026-07-21T04:54:00+00:00,station1,drop_out_rate,0.0
2026-07-21T04:54:15+00:00,station1,drop_out_rate,0.0
2026-07-21T04:54:30+00:00,station1,drop_out_rate,0.0
2026-07-21T04:54:45+00:00,station1,drop_out_rate,0.0
2026-07-21T04:55:00+00:00,station1,drop_out_rate,0.0
2026-07-21T04:55:15+00:00,station1,drop_out_rate,0.0
2026-07-21T04:55:30+00:00,station1,drop_out_rate,0.0
2026-07-21T04:55:45+00:00,station1,drop_out_rate,0.0
2026-07-21T04:56:00+00:00,station1,drop_out_rate,0.0
2026-07-21T04:56:15+00:00,station1,drop_out_rate,0.0
2026-07-21T04:56:30+00:00,station1,drop_out_rate,0.0
2026-07-21T04:56:45+00:00,station1,drop_out_rate,0.0
2026-07-21T04:57:00+00:00,station1,drop_out_rate,0.0
2026-07-21T04:57:15+00:00,station1,drop_out_rate,0.0
2026-07-21T04:57:30+00:00,station1,drop_out_rate,0.0
2026-07-21T04:57:45+00:00,station1,drop_out_rate,0.0
2026-07-21T04:58:00+00:00,station1,drop_out_rate,0.0
2026-07-21T04:58:15+00:00,station1,drop_out_rate,0.0
2026-07-21T04:58:30+00:00,station1,drop_out_rate,0.0
2026-07-21T04:58:45+00:00,station1,drop_out_rate,0.0
2026-07-21T04:59:00+00:00,station1,drop_out_rate,0.0
2026-07-21T04:59:15+00:00,station1,drop_out_rate,0.0
2026-07-21T04:59:30+00:00,station1,drop_out_rate,0.0
2026-07-21T04:59:45+00:00,station1,drop_out_rate,0.0
2026-07-21T05:00:00+00:00,station1,drop_out_rate,0.0
2026-07-21T05:00:15+00:00,station1,drop_out_rate,0.0
2026-07-21T05:00:30+00:00,station1,drop_out_rate,0.0
2026-07-21T05:00:45+00:00,station1,drop_out_rate,0.0
2026-07-21T05:01:00+00:00,station1,drop_out_rate,0.0
2026-07-21T05:01:15+00:00,station1,drop_out_rate,0.0
2026-07-21T05:01:30+00:00,station1,drop_out_rate,0.0
2026-07-21T05:01:45+00:00,station1,drop_out_rate,0.0
2026-07-21T05:02:00+00:00,station1,drop_out_rate,0.0
2026-07-21T05:02:15+00:00,station1,drop_out_rate,0.0
2026-07-21T05:02:30+00:00,station1,drop_out_rate,0.0
2026-07-21T05:02:45+00:00,station1,drop_out_rate,0.0
2026-07-21T05:03:00+00:00,station1,drop_out_rate,0.0
2026-07-21T05:03:15+00:00,station1,drop_out_rate,0.0
2026-07-21T05:03:30+00:00,station1,drop_out_rate,0.0
2026-07-21T05:03:45+00:00,station1,drop_out_rate,0.0
2026-07-21T05:04:00+00:00,station1,drop_out_rate,0.0
2026-07-21T05:04:15+00:00,station1,drop_out_rate,0.0
2026-07-21T05:04:30+00:00,station1,drop_out_rate,0.0
2026-07-21T05:04:45+00:00,station1,drop_out_rate,0.0
2026-07-21T05:05:00+00:00,station1,drop_out_rate,0.0
2026-07-21T05:05:15+00:00,station1,drop_out_rate,0.0
2026-07-21T05:05:30+00:00,station1,drop_out_rate,0.0
2026-07-21T05:05:45+00:00,station1,drop_out_rate,0.0
2026-07-21T05:06:00+00:00,station1,drop_out_rate,0.0
2026-07-21T05:06:15+00:00,station1,drop_out_rate,0.0
2026-07-21T05:06:30+00:00,station1,drop_out_rate,0.0
2026-07-21T05:06:45+00:00,station1,drop_out_rate,0.0
2026-07-21T05:07:00+00:00,station1,drop_out_rate,0.0
2026-07-21T05:07:15+00:00,station1,drop_out_rate,0.0
2026-07-21T05:07:30+00:00,station1,drop_out_rate,0.0
2026-07-21T05:07:45+00:00,station1,drop_out_rate,0.0
2026-07-21T05:08:00+00:00,station1,drop_out_rate,0.0
2026-07-21T05:08:15+00:00,station1,drop_out_rate,0.0
2026-07-21T05:08:30+00:00,station1,drop_out_rate,0.0
2026-07-21T05:08:45+00:00,station1,drop_out_rate,0.0
2026-07-21T05:09:00+00:00,station1,drop_out_rate,0.0
2026-07-21T05:09:15+00:00,station1,drop_out_rate,0.0
2026-07-21T05:09:30+00:00,station1,drop_out_rate,0.0
2026-07-21T05:09:45+00:00,station1,drop_out_rate,0.0
2026-07-21T05:10:00+00:00,station1,drop_out_rate,0.0
2026-07-21T05:10:15+00:00,station1,drop_out_rate,0.0
2026-07-21T05:10:30+00:00,station1,drop_out_rate,0.0
2026-07-21T05:10:45+00:00,station1,drop_out_rate,0.0
2026-07-21T05:11:00+00:00,station1,drop_out_rate,0.0
2026-07-21T05:11:15+00:00,station1,drop_out_rate,0.0
2026-07-21T05:11:30+00:00,station1,drop_out_rate,0.0
2026-07-21T05:11:45+00:00,station1,drop_out_rate,0.0
2026-07-21T05:12:00+00:00,station1,drop_out_rate,0.0
2026-07-21T05:12:15+00:00,station1,drop_out_rate,0.0
2026-07-21T05:12:30+00:00,station1,drop_out_rate,0.0
2026-07-21T05:12:45+00:00,station1,drop_out_rate,0.0
2026-07-21T05:13:00+00:00,station1,drop_out_rate,0.0
2026-07-21T05:13:15+00:00,station1,drop_out_rate,0.0
2026-07-21T05:13:30+00:00,station1,drop_out_rate,0.0
2026-07-21T05:13:45+00:00,station1,drop_out_rate,0.0
2026-07-21T05:14:00+00:00,station1,drop_out_rate,0.0
2026-07-21T05:14:15+00:00,station1,drop_out_rate,0.0
2026-07-21T05:14:30+00:00,station1,drop_out_rate,0.0
2026-07-21T05:14:45+00:00,station1,drop_out_rate,0.0
2026-07-21T05:15:00+00:00,station1,drop_out_rate,0.0
2026-07-21T05:15:15+00:00,station1,drop_out_rate,0.0
2026-07-21T05:15:30+00:00,station1,drop_out_rate,0.0
2026-07-21T05:15:45+00:00,station1,drop_out_rate,0.0
2026-07-21T05:16:00+00:00,station1,drop_out_rate,0.0
2026-07-21T05:16:15+00:00,station1,drop_out_rate,0.0
2026-07-21T05:16:30+00:00,station1,drop_out_rate,0.0
2026-07-21T05:16:45+00:00,station1,drop_out_rate,0.0
2026-07-21T05:17:00+00:00,station1,drop_out_rate,0.0
2026-07-21T05:17:15+00:00,station1,drop_out_rate,0.0
2026-07-21T05:17:30+00:00,station1,drop_out_rate,0.0
2026-07-21T05:17:45+00:00,station1,drop_out_rate,0.0
2026-07-21T05:18:00+00:00,station1,drop_out_rate,0.0
2026-07-21T05:18:15+00:00,station1,drop_out_rate,0.0
2026-07-21T05:18:30+00:00,station1,drop_out_rate,0.0
2026-07-21T05:18:45+00:00,station1,drop_out_rate,0.0
2026-07-21T05:19:00+00:00,station1,drop_out_rate,0.0
2026-07-21T05:19:15+00:00,station1,drop_out_rate,0.0
2026-07-21T05:19:30+00:00,station1,drop_out_rate,0.0
2026-07-21T05:19:45+00:00,station1,drop_out_rate,0.0
2026-07-21T05:20:00+00:00,station1,drop_out_rate,0.0
2026-07-21T05:20:15+00:00,station1,drop_out_rate,0.0
2026-07-21T05:20:30+00:00,station1,drop_out_rate,0.0
2026-07-21T05:20:45+00:00,station1,drop_out_rate,0.0
2026-07-21T05:21:00+00:00,station1,drop_out_rate,0.0
2026-07-21T05:21:15+00:00,station1,drop_out_rate,0.0
2026-07-21T05:21:30+00:00,station1,drop_out_rate,0.0
2026-07-21T05:21:45+00:00,station1,drop_out_rate,0.0
2026-07-21T05:22:00+00:00,station1,drop_out_rate,0.0
2026-07-21T05:22:15+00:00,station1,drop_out_rate,0.0
2026-07-21T05:22:30+00:00,station1,drop_out_rate,0.0
2026-07-21T05:22:45+00:00,station1,drop_out_rate,0.0
2026-07-21T05:23:00+00:00,station1,drop_out_rate,0.0
2026-07-21T05:23:15+00:00,station1,drop_out_rate,0.0
2026-07-21T05:23:30+00:00,station1,drop_out_rate,0.0
2026-07-21T05:23:45+00:00,station1,drop_out_rate,0.0
2026-07-21T05:24:00+00:00,station1,drop_out_rate,0.0
2026-07-21T05:24:15+00:00,station1,drop_out_rate,0.0
2026-07-21T05:24:30+00:00,station1,drop_out_rate,0.0
2026-07-21T05:24:45+00:00,station1,drop_out_rate,0.0
2026-07-21T05:25:00+00:00,station1,drop_out_rate,0.0
2026-07-21T05:25:15+00:00,station1,drop_out_rate,0.0
2026-07-21T05:25:30+00:00,station1,drop_out_rate,0.0
2026-07-21T05:25:45+00:00,station1,drop_out_rate,0.0
2026-07-21T05:26:00+00:00,station1,drop_out_rate,0.0
2026-07-21T05:26:15+00:00,station1,drop_out_rate,0.0
2026-07-21T05:26:30+00:00,station1,drop_out_rate,0.0
2026-07-21T05:26:45+00:00,station1,drop_out_rate,0.0
2026-07-21T05:27:00+00:00,station1,drop_out_rate,0.0
2026-07-21T05:27:15+00:00,station1,drop_out_rate,0.0
2026-07-21T05:27:30+00:00,station1,drop_out_rate,0.0
2026-07-21T05:27:45+00:00,station1,drop_out_rate,0.0
2026-07-21T05:28:00+00:00,station1,drop_out_rate,0.0
2026-07-21T05:28:15+00:00,station1,drop_out_rate,0.0
2026-07-21T05:28:30+00:00,station1,drop_out_rate,0.0
2026-07-21T05:28:45+00:00,station1,drop_out_rate,0.0
2026-07-21T05:29:00+00:00,station1,drop_out_rate,0.0
2026-07-21T05:29:15+00:00,station1,drop_out_rate,0.0
2026-07-21T05:29:30+00:00,station1,drop_out_rate,0.0
2026-07-21T05:29:45+00:00,station1,drop_out_rate,0.0
2026-07-21T05:30:00+00:00,station1,drop_out_rate,0.0
2026-07-21T05:30:15+00:00,station1,drop_out_rate,0.0
2026-07-21T05:30:30+00:00,station1,drop_out_rate,0.0
2026-07-21T05:30:45+00:00,station1,drop_out_rate,0.0
2026-07-21T05:31:00+00:00,station1,drop_out_rate,0.0
2026-07-21T05:31:15+00:00,station1,drop_out_rate,0.0
2026-07-21T05:31:30+00:00,station1,drop_out_rate,0.0
2026-07-21T05:31:45+00:00,station1,drop_out_rate,0.0
2026-07-21T05:32:00+00:00,station1,drop_out_rate,0.0
2026-07-21T05:32:15+00:00,station1,drop_out_rate,0.0
2026-07-21T05:32:30+00:00,station1,drop_out_rate,0.0
2026-07-21T05:32:45+00:00,station1,drop_out_rate,0.0
2026-07-21T05:33:00+00:00,station1,drop_out_rate,0.0
2026-07-21T05:33:15+00:00,station1,drop_out_rate,0.0
2026-07-21T05:33:30+00:00,station1,drop_out_rate,0.0
2026-07-21T05:33:45+00:00,station1,drop_out_rate,0.0
2026-07-21T05:34:00+00:00,station1,drop_out_rate,0.0
2026-07-21T05:34:15+00:00,station1,drop_out_rate,0.0
2026-07-21T05:34:30+00:00,station1,drop_out_rate,0.0
2026-07-21T05:34:45+00:00,station1,drop_out_rate,0.0
2026-07-21T05:35:00+00:00,station1,drop_out_rate,0.0
2026-07-21T05:35:15+00:00,station1,drop_out_rate,0.0
2026-07-21T05:35:30+00:00,station1,drop_out_rate,0.0
2026-07-21T05:35:45+00:00,station1,drop_out_rate,0.0
2026-07-21T05:36:00+00:00,station1,drop_out_rate,0.0
2026-07-21T05:36:15+00:00,station1,drop_out_rate,0.0
2026-07-21T05:36:30+00:00,station1,drop_out_rate,0.0
2026-07-21T05:36:45+00:00,station1,drop_out_rate,0.0
2026-07-21T05:37:00+00:00,station1,drop_out_rate,0.0
2026-07-21T05:37:15+00:00,station1,drop_out_rate,0.0
2026-07-21T05:37:30+00:00,station1,drop_out_rate,0.0
2026-07-21T05:37:45+00:00,station1,drop_out_rate,0.0
2026-07-21T05:38:00+00:00,station1,drop_out_rate,0.0
2026-07-21T05:38:15+00:00,station1,drop_out_rate,0.0
2026-07-21T05:38:30+00:00,station1,drop_out_rate,0.0
2026-07-21T05:38:45+00:00,station1,drop_out_rate,0.0
2026-07-21T05:39:00+00:00,station1,drop_out_rate,0.0
2026-07-21T05:39:15+00:00,station1,drop_out_rate,0.0
2026-07-21T05:39:30+00:00,station1,drop_out_rate,0.0
2026-07-21T05:39:45+00:00,station1,drop_out_rate,0.0
2026-07-21T05:40:00+00:00,station1,drop_out_rate,0.0
2026-07-21T05:40:15+00:00,station1,drop_out_rate,0.0
2026-07-21T05:40:30+00:00,station1,drop_out_rate,0.0
2026-07-21T05:40:45+00:00,station1,drop_out_rate,0.0
2026-07-21T05:41:00+00:00,station1,drop_out_rate,0.0
2026-07-21T05:41:15+00:00,station1,drop_out_rate,0.0
2026-07-21T05:41:30+00:00,station1,drop_out_rate,0.0
2026-07-21T05:41:45+00:00,station1,drop_out_rate,0.0
2026-07-21T05:42:00+00:00,station1,drop_out_rate,0.0
2026-07-21T05:42:15+00:00,station1,drop_out_rate,0.0
2026-07-21T05:42:30+00:00,station1,drop_out_rate,0.0
2026-07-21T05:42:45+00:00,station1,drop_out_rate,0.0
2026-07-21T05:43:00+00:00,station1,drop_out_rate,0.0
2026-07-21T05:43:15+00:00,station1,drop_out_rate,0.0
2026-07-21T05:43:30+00:00,station1,drop_out_rate,0.0
2026-07-21T05:43:45+00:00,station1,drop_out_rate,0.0
2026-07-21T05:44:00+00:00,station1,drop_out_rate,0.0
2026-07-21T05:44:15+00:00,station1,drop_out_rate,0.0
2026-07-21T05:44:30+00:00,station1,drop_out_rate,0.0
2026-07-21T05:44:45+00:00,station1,drop_out_rate,0.0
2026-07-21T05:45:00+00:00,station1,drop_out_rate,0.0
2026-07-21T05:45:15+00:00,station1,drop_out_rate,0.0
2026-07-21T05:45:30+00:00,station1,drop_out_rate,0.0
2026-07-21T05:45:45+00:00,station1,drop_out_rate,0.0
2026-07-21T05:46:00+00:00,station1,drop_out_rate,0.0
2026-07-21T05:46:15+00:00,station1,drop_out_rate,0.0
2026-07-21T05:46:30+00:00,station1,drop_out_rate,0.0
2026-07-21T05:46:45+00:00,station1,drop_out_rate,0.0
2026-07-21T05:47:00+00:00,station1,drop_out_rate,0.0
2026-07-21T05:47:15+00:00,station1,drop_out_rate,0.0
2026-07-21T05:47:30+00:00,station1,drop_out_rate,0.0
2026-07-21T05:47:45+00:00,station1,drop_out_rate,0.0
2026-07-21T05:48:00+00:00,station1,drop_out_rate,0.0
2026-07-21T05:48:15+00:00,station1,drop_out_rate,0.0
2026-07-21T05:48:30+00:00,station1,drop_out_rate,0.0
2026-07-21T05:48:45+00:00,station1,drop_out_rate,0.0
2026-07-21T05:49:00+00:00,station1,drop_out_rate,0.0
2026-07-21T05:49:15+00:00,station1,drop_out_rate,0.0
2026-07-21T05:49:30+00:00,station1,drop_out_rate,0.0
2026-07-21T05:49:45+00:00,station1,drop_out_rate,0.0
2026-07-21T05:50:00+00:00,station1,drop_out_rate,0.0
2026-07-21T05:50:15+00:00,station1,drop_out_rate,0.0
2026-07-21T05:50:30+00:00,station1,drop_out_rate,0.0
2026-07-21T05:50:45+00:00,station1,drop_out_rate,0.0
2026-07-21T05:51:00+00:00,station1,drop_out_rate,0.0
2026-07-21T05:51:15+00:00,station1,drop_out_rate,0.0
2026-07-21T05:51:30+00:00,station1,drop_out_rate,0.0
2026-07-21T05:51:45+00:00,station1,drop_out_rate,0.0
2026-07-21T05:52:00+00:00,station1,drop_out_rate,0.0
2026-07-21T05:52:15+00:00,station1,drop_out_rate,0.0
2026-07-21T05:52:30+00:00,station1,drop_out_rate,0.0
2026-07-21T05:52:45+00:00,station1,drop_out_rate,0.0
2026-07-21T05:53:00+00:00,station1,drop_out_rate,0.0
2026-07-21T05:53:15+00:00,station1,drop_out_rate,0.0
2026-07-21T05:53:30+00:00,station1,drop_out_rate,0.0
2026-07-21T05:53:45+00:00,station1,drop_out_rate,0.0
2026-07-21T05:54:00+00:00,station1,drop_out_rate,0.0
2026-07-21T05:54:15+00:00,station1,drop_out_rate,0.0
2026-07-21T05:54:30+00:00,station1,drop_out_rate,0.0
2026-07-21T04:06:30+00:00,station2,drop_out_rate,0.0
2026-07-21T04:06:45+00:00,station2,drop_out_rate,0.0
2026-07-21T04:07:00+00:00,station2,drop_out_rate,0.0
2026-07-21T04:07:15+00:00,station2,drop_out_rate,0.0
2026-07-21T04:07:30+00:00,station2,drop_out_rate,0.0
2026-07-21T04:07:45+00:00,station2,drop_out_rate,0.0
2026-07-21T04:08:00+00:00,station2,drop_out_rate,0.0
2026-07-21T04:08:15+00:00,station2,drop_out_rate,0.0
2026-07-21T04:08:30+00:00,station2,drop_out_rate,0.0
2026-07-21T04:08:45+00:00,station2,drop_out_rate,0.0
2026-07-21T04:09:00+00:00,station2,drop_out_rate,0.0
2026-07-21T04:09:15+00:00,station2,drop_out_rate,0.0
2026-07-21T04:09:30+00:00,station2,drop_out_rate,0.0
2026-07-21T04:09:45+00:00,station2,drop_out_rate,0.0
2026-07-21T04:10:00+00:00,station2,drop_out_rate,0.0
2026-07-21T04:10:15+00:00,station2,drop_out_rate,0.0
2026-07-21T04:10:30+00:00,station2,drop_out_rate,0.0
2026-07-21T04:10:45+00:00,station2,drop_out_rate,0.0
2026-07-21T04:11:00+00:00,station2,drop_out_rate,0.0
2026-07-21T04:11:15+00:00,station2,drop_out_rate,0.0
2026-07-21T04:11:30+00:00,station2,drop_out_rate,0.0
2026-07-21T04:11:45+00:00,station2,drop_out_rate,0.0
2026-07-21T04:12:00+00:00,station2,drop_out_rate,0.0
2026-07-21T04:12:15+00:00,station2,drop_out_rate,0.0
2026-07-21T04:12:30+00:00,station2,drop_out_rate,0.0
2026-07-21T04:12:45+00:00,station2,drop_out_rate,0.0
2026-07-21T04:13:00+00:00,station2,drop_out_rate,0.0
2026-07-21T04:13:15+00:00,station2,drop_out_rate,0.0
2026-07-21T04:13:30+00:00,station2,drop_out_rate,0.0
2026-07-21T04:13:45+00:00,station2,drop_out_rate,0.0
2026-07-21T04:14:00+00:00,station2,drop_out_rate,0.0
2026-07-21T04:14:15+00:00,station2,drop_out_rate,0.0
2026-07-21T04:14:30+00:00,station2,drop_out_rate,0.0
2026-07-21T04:14:45+00:00,station2,drop_out_rate,0.0
2026-07-21T04:15:00+00:00,station2,drop_out_rate,0.0
2026-07-21T04:15:15+00:00,station2,drop_out_rate,0.0
2026-07-21T04:15:30+00:00,station2,drop_out_rate,0.0
2026-07-21T04:15:45+00:00,station2,drop_out_rate,0.0
2026-07-21T04:16:00+00:00,station2,drop_out_rate,0.0
2026-07-21T04:16:15+00:00,station2,drop_out_rate,0.0
2026-07-21T04:16:30+00:00,station2,drop_out_rate,0.0
2026-07-21T04:16:45+00:00,station2,drop_out_rate,0.0
2026-07-21T04:17:00+00:00,station2,drop_out_rate,0.0
2026-07-21T04:17:15+00:00,station2,drop_out_rate,0.0
2026-07-21T04:17:30+00:00,station2,drop_out_rate,0.0
2026-07-21T04:17:45+00:00,station2,drop_out_rate,0.0
2026-07-21T04:18:00+00:00,station2,drop_out_rate,0.0
2026-07-21T04:18:15+00:00,station2,drop_out_rate,0.0
2026-07-21T04:18:30+00:00,station2,drop_out_rate,0.0
2026-07-21T04:18:45+00:00,station2,drop_out_rate,0.0
2026-07-21T04:19:00+00:00,station2,drop_out_rate,0.0
2026-07-21T04:19:15+00:00,station2,drop_out_rate,0.0
2026-07-21T04:19:30+00:00,station2,drop_out_rate,0.0
2026-07-21T04:19:45+00:00,station2,drop_out_rate,0.0
2026-07-21T04:20:00+00:00,station2,drop_out_rate,0.0
2026-07-21T04:20:15+00:00,station2,drop_out_rate,0.0
2026-07-21T04:20:30+00:00,station2,drop_out_rate,0.0
2026-07-21T04:20:45+00:00,station2,drop_out_rate,0.0
2026-07-21T04:21:00+00:00,station2,drop_out_rate,0.0
2026-07-21T04:21:15+00:00,station2,drop_out_rate,0.0
2026-07-21T04:21:30+00:00,station2,drop_out_rate,0.0
2026-07-21T04:21:45+00:00,station2,drop_out_rate,0.0
2026-07-21T04:22:00+00:00,station2,drop_out_rate,0.0
2026-07-21T04:22:15+00:00,station2,drop_out_rate,0.0
2026-07-21T04:22:30+00:00,station2,drop_out_rate,0.0
2026-07-21T04:22:45+00:00,station2,drop_out_rate,0.0
2026-07-21T04:23:00+00:00,station2,drop_out_rate,0.0
2026-07-21T04:23:15+00:00,station2,drop_out_rate,0.0
2026-07-21T04:23:30+00:00,station2,drop_out_rate,0.0
2026-07-21T04:23:45+00:00,station2,drop_out_rate,0.0
2026-07-21T04:24:00+00:00,station2,drop_out_rate,0.0
2026-07-21T04:24:15+00:00,station2,drop_out_rate,0.0
2026-07-21T04:24:30+00:00,station2,drop_out_rate,0.0
2026-07-21T04:24:45+00:00,station2,drop_out_rate,0.0
2026-07-21T04:25:00+00:00,station2,drop_out_rate,0.0
2026-07-21T04:25:15+00:00,station2,drop_out_rate,0.0
2026-07-21T04:25:30+00:00,station2,drop_out_rate,0.0
2026-07-21T04:25:45+00:00,station2,drop_out_rate,0.0
2026-07-21T04:26:00+00:00,station2,drop_out_rate,0.0
2026-07-21T04:26:15+00:00,station2,drop_out_rate,0.0
2026-07-21T04:26:30+00:00,station2,drop_out_rate,0.0
2026-07-21T04:26:45+00:00,station2,drop_out_rate,0.0
2026-07-21T04:27:00+00:00,station2,drop_out_rate,0.0
2026-07-21T04:27:15+00:00,station2,drop_out_rate,0.0
2026-07-21T04:27:30+00:00,station2,drop_out_rate,0.0
2026-07-21T04:27:45+00:00,station2,drop_out_rate,0.0
2026-07-21T04:28:00+00:00,station2,drop_out_rate,0.0
2026-07-21T04:28:15+00:00,station2,drop_out_rate,0.0
2026-07-21T04:28:30+00:00,station2,drop_out_rate,0.0
2026-07-21T04:28:45+00:00,station2,drop_out_rate,0.0
2026-07-21T04:29:00+00:00,station2,drop_out_rate,0.0
2026-07-21T04:29:15+00:00,station2,drop_out_rate,0.0
2026-07-21T04:29:30+00:00,station2,drop_out_rate,0.0
2026-07-21T04:29:45+00:00,station2,drop_out_rate,0.0
2026-07-21T04:30:00+00:00,station2,drop_out_rate,0.0
2026-07-21T04:30:15+00:00,station2,drop_out_rate,0.0
2026-07-21T04:30:30+00:00,station2,drop_out_rate,0.0
2026-07-21T04:30:45+00:00,station2,drop_out_rate,0.0
2026-07-21T04:31:00+00:00,station2,drop_out_rate,0.0
2026-07-21T04:31:15+00:00,station2,drop_out_rate,0.0
2026-07-21T04:31:30+00:00,station2,drop_out_rate,0.0
2026-07-21T04:31:45+00:00,station2,drop_out_rate,0.0
2026-07-21T04:32:00+00:00,station2,drop_out_rate,0.0
2026-07-21T04:32:15+00:00,station2,drop_out_rate,0.0
2026-07-21T04:32:30+00:00,station2,drop_out_rate,0.0
2026-07-21T04:32:45+00:00,station2,drop_out_rate,0.0
2026-07-21T04:33:00+00:00,station2,drop_out_rate,0.0
2026-07-21T04:33:15+00:00,station2,drop_out_rate,0.0
2026-07-21T04:33:30+00:00,station2,drop_out_rate,0.0
2026-07-21T04:33:45+00:00,station2,drop_out_rate,0.0
2026-07-21T04:34:00+00:00,station2,drop_out_rate,0.0
2026-07-21T04:34:15+00:00,station2,drop_out_rate,0.0
2026-07-21T04:34:30+00:00,station2,drop_out_rate,0.0
2026-07-21T04:34:45+00:00,station2,drop_out_rate,0.0
2026-07-21T04:35:00+00:00,station2,drop_out_rate,0.0
2026-07-21T04:35:15+00:00,station2,drop_out_rate,0.0
2026-07-21T04:35:30+00:00,station2,drop_out_rate,0.0
2026-07-21T04:35:45+00:00,station2,drop_out_rate,0.0
2026-07-21T04:36:00+00:00,station2,drop_out_rate,0.0
2026-07-21T04:36:15+00:00,station2,drop_out_rate,0.0
2026-07-21T04:36:30+00:00,station2,drop_out_rate,0.0
2026-07-21T04:36:45+00:00,station2,drop_out_rate,0.0
2026-07-21T04:37:00+00:00,station2,drop_out_rate,0.0
2026-07-21T04:37:15+00:00,station2,drop_out_rate,0.0
2026-07-21T04:37:30+00:00,station2,drop_out_rate,0.0
2026-07-21T04:37:45+00:00,station2,drop_out_rate,0.0
2026-07-21T04:38:00+00:00,station2,drop_out_rate,0.0
2026-07-21T04:38:15+00:00,station2,drop_out_rate,0.0
2026-07-21T04:38:30+00:00,station2,drop_out_rate,0.0
2026-07-21T04:38:45+00:00,station2,drop_out_rate,0.0
2026-07-21T04:39:00+00:00,station2,drop_out_rate,0.0
2026-07-21T04:39:15+00:00,station2,drop_out_rate,0.0
2026-07-21T04:39:30+00:00,station2,drop_out_rate,0.0
2026-07-21T04:39:45+00:00,station2,drop_out_rate,0.0
2026-07-21T04:40:00+00:00,station2,drop_out_rate,0.0
2026-07-21T04:40:15+00:00,station2,drop_out_rate,0.0
2026-07-21T04:40:30+00:00,station2,drop_out_rate,0.0
2026-07-21T04:40:45+00:00,station2,drop_out_rate,0.0
2026-07-21T04:41:00+00:00,station2,drop_out_rate,0.0
2026-07-21T04:41:15+00:00,station2,drop_out_rate,0.0
2026-07-21T04:41:30+00:00,station2,drop_out_rate,0.0
2026-07-21T04:41:45+00:00,station2,drop_out_rate,0.0
2026-07-21T04:42:00+00:00,station2,drop_out_rate,0.0
2026-07-21T04:42:15+00:00,station2,drop_out_rate,0.0
2026-07-21T04:42:30+00:00,station2,drop_out_rate,0.0
2026-07-21T04:42:45+00:00,station2,drop_out_rate,0.0
2026-07-21T04:43:00+00:00,station2,drop_out_rate,0.0
2026-07-21T04:43:15+00:00,station2,drop_out_rate,0.0
2026-07-21T04:43:30+00:00,station2,drop_out_rate,0.0
2026-07-21T04:43:45+00:00,station2,drop_out_rate,0.0
2026-07-21T04:44:00+00:00,station2,drop_out_rate,0.0
2026-07-21T04:44:15+00:00,station2,drop_out_rate,0.0
2026-07-21T04:44:30+00:00,station2,drop_out_rate,0.0
2026-07-21T04:44:45+00:00,station2,drop_out_rate,0.0
2026-07-21T04:45:00+00:00,station2,drop_out_rate,0.0
2026-07-21T04:45:15+00:00,station2,drop_out_rate,0.0
2026-07-21T04:45:30+00:00,station2,drop_out_rate,0.0
2026-07-21T04:45:45+00:00,station2,drop_out_rate,0.0
2026-07-21T04:46:00+00:00,station2,drop_out_rate,0.0
2026-07-21T04:46:15+00:00,station2,drop_out_rate,0.0
2026-07-21T04:46:30+00:00,station2,drop_out_rate,0.0
2026-07-21T04:46:45+00:00,station2,drop_out_rate,0.0
2026-07-21T04:47:00+00:00,station2,drop_out_rate,0.0
2026-07-21T04:47:15+00:00,station2,drop_out_rate,0.0
2026-07-21T04:47:30+00:00,station2,drop_out_rate,0.0
2026-07-21T04:47:45+00:00,station2,drop_out_rate,0.0
2026-07-21T04:48:00+00:00,station2,drop_out_rate,0.0
2026-07-21T04:48:15+00:00,station2,drop_out_rate,0.0
2026-07-21T04:48:30+00:00,station2,drop_out_rate,0.0
2026-07-21T04:48:45+00:00,station2,drop_out_rate,0.0
2026-07-21T04:49:00+00:00,station2,drop_out_rate,0.0
2026-07-21T04:49:15+00:00,station2,drop_out_rate,0.0
2026-07-21T04:49:30+00:00,station2,drop_out_rate,0.0
2026-07-21T04:49:45+00:00,station2,drop_out_rate,0.0
2026-07-21T04:50:00+00:00,station2,drop_out_rate,0.0
2026-07-21T04:50:15+00:00,station2,drop_out_rate,0.0
2026-07-21T04:50:30+00:00,station2,drop_out_rate,0.0
2026-07-21T04:50:45+00:00,station2,drop_out_rate,0.0
2026-07-21T04:51:00+00:00,station2,drop_out_rate,0.0
2026-07-21T04:51:15+00:00,station2,drop_out_rate,0.0
2026-07-21T04:51:30+00:00,station2,drop_out_rate,0.0
2026-07-21T04:51:45+00:00,station2,drop_out_rate,0.0
2026-07-21T04:52:00+00:00,station2,drop_out_rate,0.0
2026-07-21T04:52:15+00:00,station2,drop_out_rate,0.0
2026-07-21T04:52:30+00:00,station2,drop_out_rate,0.0
2026-07-21T04:52:45+00:00,station2,drop_out_rate,0.0
2026-07-21T04:53:00+00:00,station2,drop_out_rate,0.0
2026-07-21T04:53:15+00:00,station2,drop_out_rate,0.0
2026-07-21T04:53:30+00:00,station2,drop_out_rate,0.0
2026-07-21T04:53:45+00:00,station2,drop_out_rate,0.0
2026-07-21T04:54:00+00:00,station2,drop_out_rate,0.0
2026-07-21T04:54:15+00:00,station2,drop_out_rate,0.0
2026-07-21T04:54:30+00:00,station2,drop_out_rate,0.0
2026-07-21T04:54:45+00:00,station2,drop_out_rate,0.0
2026-07-21T04:55:00+00:00,station2,drop_out_rate,0.0
2026-07-21T04:55:15+00:00,station2,drop_out_rate,0.0
2026-07-21T04:55:30+00:00,station2,drop_out_rate,0.0
2026-07-21T04:55:45+00:00,station2,drop_out_rate,0.0
2026-07-21T04:56:00+00:00,station2,drop_out_rate,0.0
2026-07-21T04:56:15+00:00,station2,drop_out_rate,0.0
2026-07-21T04:56:30+00:00,station2,drop_out_rate,0.0
2026-07-21T04:56:45+00:00,station2,drop_out_rate,0.0
2026-07-21T04:57:00+00:00,station2,drop_out_rate,0.0
2026-07-21T04:57:15+00:00,station2,drop_out_rate,0.0
2026-07-21T04:57:30+00:00,station2,drop_out_rate,0.0
2026-07-21T04:57:45+00:00,station2,drop_out_rate,0.0
2026-07-21T04:58:00+00:00,station2,drop_out_rate,0.0
2026-07-21T04:58:15+00:00,station2,drop_out_rate,0.0
2026-07-21T04:58:30+00:00,station2,drop_out_rate,0.0
2026-07-21T04:58:45+00:00,station2,drop_out_rate,0.0
2026-07-21T04:59:00+00:00,station2,drop_out_rate,0.0
2026-07-21T04:59:15+00:00,station2,drop_out_rate,0.0
2026-07-21T04:59:30+00:00,station2,drop_out_rate,0.0
2026-07-21T04:59:45+00:00,station2,drop_out_rate,0.0
2026-07-21T05:00:00+00:00,station2,drop_out_rate,0.0
2026-07-21T05:00:15+00:00,station2,drop_out_rate,0.0
2026-07-21T05:00:30+00:00,station2,drop_out_rate,0.0
2026-07-21T05:00:45+00:00,station2,drop_out_rate,0.0
2026-07-21T05:01:00+00:00,station2,drop_out_rate,0.0
2026-07-21T05:01:15+00:00,station2,drop_out_rate,0.0
2026-07-21T05:01:30+00:00,station2,drop_out_rate,0.0
2026-07-21T05:01:45+00:00,station2,drop_out_rate,0.0
2026-07-21T05:02:00+00:00,station2,drop_out_rate,0.0
2026-07-21T05:02:15+00:00,station2,drop_out_rate,0.0
2026-07-21T05:02:30+00:00,station2,drop_out_rate,0.0
2026-07-21T05:02:45+00:00,station2,drop_out_rate,0.0
2026-07-21T05:03:00+00:00,station2,drop_out_rate,0.0
2026-07-21T05:03:15+00:00,station2,drop_out_rate,0.0
2026-07-21T05:03:30+00:00,station2,drop_out_rate,0.0
2026-07-21T05:03:45+00:00,station2,drop_out_rate,0.0
2026-07-21T05:04:00+00:00,station2,drop_out_rate,0.0
2026-07-21T05:04:15+00:00,station2,drop_out_rate,0.0
2026-07-21T05:04:30+00:00,station2,drop_out_rate,0.0
2026-07-21T05:04:45+00:00,station2,drop_out_rate,0.0
2026-07-21T05:05:00+00:00,station2,drop_out_rate,0.0
2026-07-21T05:05:15+00:00,station2,drop_out_rate,0.0
2026-07-21T05:05:30+00:00,station2,drop_out_rate,0.0
2026-07-21T05:05:45+00:00,station2,drop_out_rate,0.0
2026-07-21T05:06:00+00:00,station2,drop_out_rate,0.0
2026-07-21T05:06:15+00:00,station2,drop_out_rate,0.0
2026-07-21T05:06:30+00:00,station2,drop_out_rate,0.0
2026-07-21T05:06:45+00:00,station2,drop_out_rate,0.0
2026-07-21T05:07:00+00:00,station2,drop_out_rate,0.0
2026-07-21T05:07:15+00:00,station2,drop_out_rate,0.0
2026-07-21T05:07:30+00:00,station2,drop_out_rate,0.0
2026-07-21T05:07:45+00:00,station2,drop_out_rate,0.0
2026-07-21T05:08:00+00:00,station2,drop_out_rate,0.0
2026-07-21T05:08:15+00:00,station2,drop_out_rate,0.0
2026-07-21T05:08:30+00:00,station2,drop_out_rate,0.0
2026-07-21T05:08:45+00:00,station2,drop_out_rate,0.0
2026-07-21T05:09:00+00:00,station2,drop_out_rate,0.0
2026-07-21T05:09:15+00:00,station2,drop_out_rate,0.0
2026-07-21T05:09:30+00:00,station2,drop_out_rate,0.0
2026-07-21T05:09:45+00:00,station2,drop_out_rate,0.0
2026-07-21T05:10:00+00:00,station2,drop_out_rate,0.0
2026-07-21T05:10:15+00:00,station2,drop_out_rate,0.0
2026-07-21T05:10:30+00:00,station2,drop_out_rate,0.0
2026-07-21T05:10:45+00:00,station2,drop_out_rate,0.0
2026-07-21T05:11:00+00:00,station2,drop_out_rate,0.0
2026-07-21T05:11:15+00:00,station2,drop_out_rate,0.0
2026-07-21T05:11:30+00:00,station2,drop_out_rate,0.0
2026-07-21T05:11:45+00:00,station2,drop_out_rate,0.0
2026-07-21T05:12:00+00:00,station2,drop_out_rate,0.0
2026-07-21T05:12:15+00:00,station2,drop_out_rate,0.0
2026-07-21T05:12:30+00:00,station2,drop_out_rate,0.0
2026-07-21T05:12:45+00:00,station2,drop_out_rate,0.0
2026-07-21T05:13:00+00:00,station2,drop_out_rate,0.0
2026-07-21T05:13:15+00:00,station2,drop_out_rate,0.0
2026-07-21T05:13:30+00:00,station2,drop_out_rate,0.0
2026-07-21T05:13:45+00:00,station2,drop_out_rate,0.0
2026-07-21T05:14:00+00:00,station2,drop_out_rate,0.0
2026-07-21T05:14:15+00:00,station2,drop_out_rate,0.0
2026-07-21T05:14:30+00:00,station2,drop_out_rate,0.0
2026-07-21T05:14:45+00:00,station2,drop_out_rate,0.0
2026-07-21T05:15:00+00:00,station2,drop_out_rate,0.0
2026-07-21T05:15:15+00:00,station2,drop_out_rate,0.0
2026-07-21T05:15:30+00:00,station2,drop_out_rate,0.0
2026-07-21T05:15:45+00:00,station2,drop_out_rate,0.0
2026-07-21T05:16:00+00:00,station2,drop_out_rate,0.0
2026-07-21T05:16:15+00:00,station2,drop_out_rate,0.0
2026-07-21T05:16:30+00:00,station2,drop_out_rate,0.0
2026-07-21T05:16:45+00:00,station2,drop_out_rate,0.0
2026-07-21T05:17:00+00:00,station2,drop_out_rate,0.0
2026-07-21T05:17:15+00:00,station2,drop_out_rate,0.0
2026-07-21T05:17:30+00:00,station2,drop_out_rate,0.0
2026-07-21T05:17:45+00:00,station2,drop_out_rate,0.0
2026-07-21T05:18:00+00:00,station2,drop_out_rate,0.0
2026-07-21T05:18:15+00:00,station2,drop_out_rate,0.0
2026-07-21T05:18:30+00:00,station2,drop_out_rate,0.0
2026-07-21T05:18:45+00:00,station2,drop_out_rate,0.0
2026-07-21T05:19:00+00:00,station2,drop_out_rate,0.0
2026-07-21T05:19:15+00:00,station2,drop_out_rate,0.0
2026-07-21T05:19:30+00:00,station2,drop_out_rate,0.0
2026-07-21T05:19:45+00:00,station2,drop_out_rate,0.0
2026-07-21T05:20:00+00:00,station2,drop_out_rate,0.0
2026-07-21T05:20:15+00:00,station2,drop_out_rate,0.0
2026-07-21T05:20:30+00:00,station2,drop_out_rate,0.0
2026-07-21T05:20:45+00:00,station2,drop_out_rate,0.0
2026-07-21T05:21:00+00:00,station2,drop_out_rate,0.0
2026-07-21T05:21:15+00:00,station2,drop_out_rate,0.0
2026-07-21T05:21:30+00:00,station2,drop_out_rate,0.0
2026-07-21T05:21:45+00:00,station2,drop_out_rate,0.0
2026-07-21T05:22:00+00:00,station2,drop_out_rate,0.0
2026-07-21T05:22:15+00:00,station2,drop_out_rate,0.0
2026-07-21T05:22:30+00:00,station2,drop_out_rate,0.0
2026-07-21T05:22:45+00:00,station2,drop_out_rate,0.0
2026-07-21T05:23:00+00:00,station2,drop_out_rate,0.0
2026-07-21T05:23:15+00:00,station2,drop_out_rate,0.0
2026-07-21T05:23:30+00:00,station2,drop_out_rate,0.0
2026-07-21T05:23:45+00:00,station2,drop_out_rate,0.0
2026-07-21T05:24:00+00:00,station2,drop_out_rate,0.0
2026-07-21T05:24:15+00:00,station2,drop_out_rate,0.0
2026-07-21T05:24:30+00:00,station2,drop_out_rate,0.0
2026-07-21T05:24:45+00:00,station2,drop_out_rate,0.0
2026-07-21T05:25:00+00:00,station2,drop_out_rate,0.0
2026-07-21T05:25:15+00:00,station2,drop_out_rate,0.0
2026-07-21T05:25:30+00:00,station2,drop_out_rate,0.0
2026-07-21T05:25:45+00:00,station2,drop_out_rate,0.0
2026-07-21T05:26:00+00:00,station2,drop_out_rate,0.0
2026-07-21T05:26:15+00:00,station2,drop_out_rate,0.0
2026-07-21T05:26:30+00:00,station2,drop_out_rate,0.0
2026-07-21T05:26:45+00:00,station2,drop_out_rate,0.0
2026-07-21T05:27:00+00:00,station2,drop_out_rate,0.0
2026-07-21T05:27:15+00:00,station2,drop_out_rate,0.0
2026-07-21T05:27:30+00:00,station2,drop_out_rate,0.0
2026-07-21T05:27:45+00:00,station2,drop_out_rate,0.0
2026-07-21T05:28:00+00:00,station2,drop_out_rate,0.0
2026-07-21T05:28:15+00:00,station2,drop_out_rate,0.0
2026-07-21T05:28:30+00:00,station2,drop_out_rate,0.0
2026-07-21T05:28:45+00:00,station2,drop_out_rate,0.0
2026-07-21T05:29:00+00:00,station2,drop_out_rate,0.0
2026-07-21T05:29:15+00:00,station2,drop_out_rate,0.0
2026-07-21T05:29:30+00:00,station2,drop_out_rate,0.0
2026-07-21T05:29:45+00:00,station2,drop_out_rate,0.0
2026-07-21T05:30:00+00:00,station2,drop_out_rate,0.0
2026-07-21T05:30:15+00:00,station2,drop_out_rate,0.0
2026-07-21T05:30:30+00:00,station2,drop_out_rate,0.0
2026-07-21T05:30:45+00:00,station2,drop_out_rate,0.0
2026-07-21T05:31:00+00:00,station2,drop_out_rate,0.0
2026-07-21T05:31:15+00:00,station2,drop_out_rate,0.0
2026-07-21T05:31:30+00:00,station2,drop_out_rate,0.0
2026-07-21T05:31:45+00:00,station2,drop_out_rate,0.0
2026-07-21T05:32:00+00:00,station2,drop_out_rate,0.0
2026-07-21T05:32:15+00:00,station2,drop_out_rate,0.0
2026-07-21T05:32:30+00:00,station2,drop_out_rate,0.0
2026-07-21T05:32:45+00:00,station2,drop_out_rate,0.0
2026-07-21T05:33:00+00:00,station2,drop_out_rate,0.0
2026-07-21T05:33:15+00:00,station2,drop_out_rate,0.0
2026-07-21T05:33:30+00:00,station2,drop_out_rate,0.0
2026-07-21T05:33:45+00:00,station2,drop_out_rate,0.0
2026-07-21T05:34:00+00:00,station2,drop_out_rate,0.0
2026-07-21T05:34:15+00:00,station2,drop_out_rate,0.0
2026-07-21T05:34:30+00:00,station2,drop_out_rate,0.0
2026-07-21T05:34:45+00:00,station2,drop_out_rate,0.0
2026-07-21T05:35:00+00:00,station2,drop_out_rate,0.0
2026-07-21T05:35:15+00:00,station2,drop_out_rate,0.0
2026-07-21T05:35:30+00:00,station2,drop_out_rate,0.0
2026-07-21T05:35:45+00:00,station2,drop_out_rate,0.0
2026-07-21T05:36:00+00:00,station2,drop_out_rate,0.0
2026-07-21T05:36:15+00:00,station2,drop_out_rate,0.0
2026-07-21T05:36:30+00:00,station2,drop_out_rate,0.0
2026-07-21T05:36:45+00:00,station2,drop_out_rate,0.0
2026-07-21T05:37:00+00:00,station2,drop_out_rate,0.0
2026-07-21T05:37:15+00:00,station2,drop_out_rate,0.0
2026-07-21T05:37:30+00:00,station2,drop_out_rate,0.0
2026-07-21T05:37:45+00:00,station2,drop_out_rate,0.0
2026-07-21T05:38:00+00:00,station2,drop_out_rate,0.0
2026-07-21T05:38:15+00:00,station2,drop_out_rate,0.0
2026-07-21T05:38:30+00:00,station2,drop_out_rate,0.0
2026-07-21T05:38:45+00:00,station2,drop_out_rate,0.0
2026-07-21T05:39:00+00:00,station2,drop_out_rate,0.0
2026-07-21T05:39:15+00:00,station2,drop_out_rate,0.0
2026-07-21T05:39:30+00:00,station2,drop_out_rate,0.0
2026-07-21T05:39:45+00:00,station2,drop_out_rate,0.0
2026-07-21T05:40:00+00:00,station2,drop_out_rate,0.0
2026-07-21T05:40:15+00:00,station2,drop_out_rate,0.0
2026-07-21T05:40:30+00:00,station2,drop_out_rate,0.0
2026-07-21T05:40:45+00:00,station2,drop_out_rate,0.0
2026-07-21T05:41:00+00:00,station2,drop_out_rate,0.0
2026-07-21T05:41:15+00:00,station2,drop_out_rate,0.0
2026-07-21T05:41:30+00:00,station2,drop_out_rate,0.0
2026-07-21T05:41:45+00:00,station2,drop_out_rate,0.0
2026-07-21T05:42:00+00:00,station2,drop_out_rate,0.0
2026-07-21T05:42:15+00:00,station2,drop_out_rate,0.0
2026-07-21T05:42:30+00:00,station2,drop_out_rate,0.0
2026-07-21T05:42:45+00:00,station2,drop_out_rate,0.0
2026-07-21T05:43:00+00:00,station2,drop_out_rate,0.0
2026-07-21T05:43:15+00:00,station2,drop_out_rate,0.0
2026-07-21T05:43:30+00:00,station2,drop_out_rate,0.0
2026-07-21T05:43:45+00:00,station2,drop_out_rate,0.0
2026-07-21T05:44:00+00:00,station2,drop_out_rate,0.0
2026-07-21T05:44:15+00:00,station2,drop_out_rate,0.0
2026-07-21T05:44:30+00:00,station2,drop_out_rate,0.0
2026-07-21T05:44:45+00:00,station2,drop_out_rate,0.0
2026-07-21T05:45:00+00:00,station2,drop_out_rate,0.0
2026-07-21T05:45:15+00:00,station2,drop_out_rate,0.0
2026-07-21T05:45:30+00:00,station2,drop_out_rate,0.0
2026-07-21T05:45:45+00:00,station2,drop_out_rate,0.0
2026-07-21T05:46:00+00:00,station2,drop_out_rate,0.0
2026-07-21T05:46:15+00:00,station2,drop_out_rate,0.0
2026-07-21T05:46:30+00:00,station2,drop_out_rate,0.0
2026-07-21T05:46:45+00:00,station2,drop_out_rate,0.0
2026-07-21T05:47:00+00:00,station2,drop_out_rate,0.0
2026-07-21T05:47:15+00:00,station2,drop_out_rate,0.0
2026-07-21T05:47:30+00:00,station2,drop_out_rate,0.0
2026-07-21T05:47:45+00:00,station2,drop_out_rate,0.0
2026-07-21T05:48:00+00:00,station2,drop_out_rate,0.0
2026-07-21T05:48:15+00:00,station2,drop_out_rate,0.0
2026-07-21T05:48:30+00:00,station2,drop_out_rate,0.0
2026-07-21T05:48:45+00:00,station2,drop_out_rate,0.0
2026-07-21T05:49:00+00:00,station2,drop_out_rate,0.0
2026-07-21T05:49:15+00:00,station2,drop_out_rate,0.0
2026-07-21T05:49:30+00:00,station2,drop_out_rate,0.0
2026-07-21T05:49:45+00:00,station2,drop_out_rate,0.0
2026-07-21T05:50:00+00:00,station2,drop_out_rate,0.0
2026-07-21T05:50:15+00:00,station2,drop_out_rate,0.0
2026-07-21T05:50:30+00:00,station2,drop_out_rate,0.0
2026-07-21T05:50:45+00:00,station2,drop_out_rate,0.0
2026-07-21T05:51:00+00:00,station2,drop_out_rate,0.0
2026-07-21T05:51:15+00:00,station2,drop_out_rate,0.0
2026-07-21T05:51:30+00:00,station2,drop_out_rate,0.0
2026-07-21T05:51:45+00:00,station2,drop_out_rate,0.0
2026-07-21T05:52:00+00:00,station2,drop_out_rate,0.0
2026-07-21T05:52:15+00:00,station2,drop_out_rate,0.0
2026-07-21T05:52:30+00:00,station2,drop_out_rate,0.0
2026-07-21T05:52:45+00:00,station2,drop_out_rate,0.0
2026-07-21T05:53:00+00:00,station2,drop_out_rate,0.0
2026-07-21T05:53:15+00:00,station2,drop_out_rate,0.0
2026-07-21T05:53:30+00:00,station2,drop_out_rate,0.0
2026-07-21T05:53:45+00:00,station2,drop_out_rate,0.0
2026-07-21T05:54:00+00:00,station2,drop_out_rate,0.0
2026-07-21T05:54:15+00:00,station2,drop_out_rate,0.0
2026-07-21T05:54:30+00:00,station2,drop_out_rate,0.0
2026-07-21T04:06:30+00:00,station3,drop_out_rate,0.0
2026-07-21T04:06:45+00:00,station3,drop_out_rate,0.0
2026-07-21T04:07:00+00:00,station3,drop_out_rate,0.0
2026-07-21T04:07:15+00:00,station3,drop_out_rate,0.0
2026-07-21T04:07:30+00:00,station3,drop_out_rate,0.0
2026-07-21T04:07:45+00:00,station3,drop_out_rate,0.0
2026-07-21T04:08:00+00:00,station3,drop_out_rate,0.0
2026-07-21T04:08:15+00:00,station3,drop_out_rate,0.0
2026-07-21T04:08:30+00:00,station3,drop_out_rate,0.0
2026-07-21T04:08:45+00:00,station3,drop_out_rate,0.0
2026-07-21T04:09:00+00:00,station3,drop_out_rate,0.0
2026-07-21T04:09:15+00:00,station3,drop_out_rate,0.0
2026-07-21T04:09:30+00:00,station3,drop_out_rate,0.0
2026-07-21T04:09:45+00:00,station3,drop_out_rate,0.0
2026-07-21T04:10:00+00:00,station3,drop_out_rate,0.0
2026-07-21T04:10:15+00:00,station3,drop_out_rate,0.0
2026-07-21T04:10:30+00:00,station3,drop_out_rate,0.0
2026-07-21T04:10:45+00:00,station3,drop_out_rate,0.0
2026-07-21T04:11:00+00:00,station3,drop_out_rate,0.0
2026-07-21T04:11:15+00:00,station3,drop_out_rate,0.0
2026-07-21T04:11:30+00:00,station3,drop_out_rate,0.0
2026-07-21T04:11:45+00:00,station3,drop_out_rate,0.0
2026-07-21T04:12:00+00:00,station3,drop_out_rate,0.0
2026-07-21T04:12:15+00:00,station3,drop_out_rate,0.0
2026-07-21T04:12:30+00:00,station3,drop_out_rate,0.0
2026-07-21T04:12:45+00:00,station3,drop_out_rate,0.0
2026-07-21T04:13:00+00:00,station3,drop_out_rate,0.0
2026-07-21T04:13:15+00:00,station3,drop_out_rate,0.0
2026-07-21T04:13:30+00:00,station3,drop_out_rate,0.0
2026-07-21T04:13:45+00:00,station3,drop_out_rate,0.0
2026-07-21T04:14:00+00:00,station3,drop_out_rate,0.0
2026-07-21T04:14:15+00:00,station3,drop_out_rate,0.0
2026-07-21T04:14:30+00:00,station3,drop_out_rate,0.0
2026-07-21T04:14:45+00:00,station3,drop_out_rate,0.0
2026-07-21T04:15:00+00:00,station3,drop_out_rate,0.0
2026-07-21T04:15:15+00:00,station3,drop_out_rate,0.0
2026-07-21T04:15:30+00:00,station3,drop_out_rate,0.0
2026-07-21T04:15:45+00:00,station3,drop_out_rate,0.0
2026-07-21T04:16:00+00:00,station3,drop_out_rate,0.0
2026-07-21T04:16:15+00:00,station3,drop_out_rate,0.0
2026-07-21T04:16:30+00:00,station3,drop_out_rate,0.0
2026-07-21T04:16:45+00:00,station3,drop_out_rate,0.0
2026-07-21T04:17:00+00:00,station3,drop_out_rate,0.0
2026-07-21T04:17:15+00:00,station3,drop_out_rate,0.0
2026-07-21T04:17:30+00:00,station3,drop_out_rate,0.0
2026-07-21T04:17:45+00:00,station3,drop_out_rate,0.0
2026-07-21T04:18:00+00:00,station3,drop_out_rate,0.0
2026-07-21T04:18:15+00:00,station3,drop_out_rate,0.0
2026-07-21T04:18:30+00:00,station3,drop_out_rate,0.0
2026-07-21T04:18:45+00:00,station3,drop_out_rate,0.0
2026-07-21T04:19:00+00:00,station3,drop_out_rate,0.0
2026-07-21T04:19:15+00:00,station3,drop_out_rate,0.0
2026-07-21T04:19:30+00:00,station3,drop_out_rate,0.0
2026-07-21T04:19:45+00:00,station3,drop_out_rate,0.0
2026-07-21T04:20:00+00:00,station3,drop_out_rate,0.0
2026-07-21T04:20:15+00:00,station3,drop_out_rate,0.0
2026-07-21T04:20:30+00:00,station3,drop_out_rate,0.0
2026-07-21T04:20:45+00:00,station3,drop_out_rate,0.0
2026-07-21T04:21:00+00:00,station3,drop_out_rate,0.0
2026-07-21T04:21:15+00:00,station3,drop_out_rate,0.0
2026-07-21T04:21:30+00:00,station3,drop_out_rate,0.0
2026-07-21T04:21:45+00:00,station3,drop_out_rate,0.0
2026-07-21T04:22:00+00:00,station3,drop_out_rate,0.0
2026-07-21T04:22:15+00:00,station3,drop_out_rate,0.0
2026-07-21T04:22:30+00:00,station3,drop_out_rate,0.0
2026-07-21T04:22:45+00:00,station3,drop_out_rate,0.0
2026-07-21T04:23:00+00:00,station3,drop_out_rate,0.0
2026-07-21T04:23:15+00:00,station3,drop_out_rate,0.0
2026-07-21T04:23:30+00:00,station3,drop_out_rate,0.0
2026-07-21T04:23:45+00:00,station3,drop_out_rate,0.0
2026-07-21T04:24:00+00:00,station3,drop_out_rate,0.0
2026-07-21T04:24:15+00:00,station3,drop_out_rate,0.0
2026-07-21T04:24:30+00:00,station3,drop_out_rate,0.0
2026-07-21T04:24:45+00:00,station3,drop_out_rate,0.0
2026-07-21T04:25:00+00:00,station3,drop_out_rate,0.0
2026-07-21T04:25:15+00:00,station3,drop_out_rate,0.0
2026-07-21T04:25:30+00:00,station3,drop_out_rate,0.0
2026-07-21T04:25:45+00:00,station3,drop_out_rate,0.0
2026-07-21T04:26:00+00:00,station3,drop_out_rate,0.0
2026-07-21T04:26:15+00:00,station3,drop_out_rate,0.0
2026-07-21T04:26:30+00:00,station3,drop_out_rate,0.0
2026-07-21T04:26:45+00:00,station3,drop_out_rate,0.0
2026-07-21T04:27:00+00:00,station3,drop_out_rate,0.0
2026-07-21T04:27:15+00:00,station3,drop_out_rate,0.0
2026-07-21T04:27:30+00:00,station3,drop_out_rate,0.0
2026-07-21T04:27:45+00:00,station3,drop_out_rate,0.0
2026-07-21T04:28:00+00:00,station3,drop_out_rate,0.0
2026-07-21T04:28:15+00:00,station3,drop_out_rate,0.0
2026-07-21T04:28:30+00:00,station3,drop_out_rate,0.0
2026-07-21T04:28:45+00:00,station3,drop_out_rate,0.0
2026-07-21T04:29:00+00:00,station3,drop_out_rate,0.0
2026-07-21T04:29:15+00:00,station3,drop_out_rate,0.0
2026-07-21T04:29:30+00:00,station3,drop_out_rate,0.0
2026-07-21T04:29:45+00:00,station3,drop_out_rate,0.0
2026-07-21T04:30:00+00:00,station3,drop_out_rate,0.0
2026-07-21T04:30:15+00:00,station3,drop_out_rate,0.0
2026-07-21T04:30:30+00:00,station3,drop_out_rate,0.0
2026-07-21T04:30:45+00:00,station3,drop_out_rate,0.0
2026-07-21T04:31:00+00:00,station3,drop_out_rate,0.0
2026-07-21T04:31:15+00:00,station3,drop_out_rate,0.0
2026-07-21T04:31:30+00:00,station3,drop_out_rate,0.0
2026-07-21T04:31:45+00:00,station3,drop_out_rate,0.0
2026-07-21T04:32:00+00:00,station3,drop_out_rate,0.0
2026-07-21T04:32:15+00:00,station3,drop_out_rate,0.0
2026-07-21T04:32:30+00:00,station3,drop_out_rate,0.0
2026-07-21T04:32:45+00:00,station3,drop_out_rate,0.0
2026-07-21T04:33:00+00:00,station3,drop_out_rate,0.0
2026-07-21T04:33:15+00:00,station3,drop_out_rate,0.0
2026-07-21T04:33:30+00:00,station3,drop_out_rate,0.0
2026-07-21T04:33:45+00:00,station3,drop_out_rate,0.0
2026-07-21T04:34:00+00:00,station3,drop_out_rate,0.0
2026-07-21T04:34:15+00:00,station3,drop_out_rate,0.0
2026-07-21T04:34:30+00:00,station3,drop_out_rate,0.0
2026-07-21T04:34:45+00:00,station3,drop_out_rate,0.0
2026-07-21T04:35:00+00:00,station3,drop_out_rate,0.0
2026-07-21T04:35:15+00:00,station3,drop_out_rate,0.0
2026-07-21T04:35:30+00:00,station3,drop_out_rate,0.0
2026-07-21T04:35:45+00:00,station3,drop_out_rate,0.0
2026-07-21T04:36:00+00:00,station3,drop_out_rate,0.0
2026-07-21T04:36:15+00:00,station3,drop_out_rate,0.0
2026-07-21T04:36:30+00:00,station3,drop_out_rate,0.0
2026-07-21T04:36:45+00:00,station3,drop_out_rate,0.0
2026-07-21T04:37:00+00:00,station3,drop_out_rate,0.0
2026-07-21T04:37:15+00:00,station3,drop_out_rate,0.0
2026-07-21T04:37:30+00:00,station3,drop_out_rate,0.0
2026-07-21T04:37:45+00:00,station3,drop_out_rate,0.0
2026-07-21T04:38:00+00:00,station3,drop_out_rate,0.0
2026-07-21T04:38:15+00:00,station3,drop_out_rate,0.0
2026-07-21T04:38:30+00:00,station3,drop_out_rate,0.0
2026-07-21T04:38:45+00:00,station3,drop_out_rate,0.0
2026-07-21T04:39:00+00:00,station3,drop_out_rate,0.0
2026-07-21T04:39:15+00:00,station3,drop_out_rate,0.0
2026-07-21T04:39:30+00:00,station3,drop_out_rate,0.0
2026-07-21T04:39:45+00:00,station3,drop_out_rate,0.0
2026-07-21T04:40:00+00:00,station3,drop_out_rate,0.0
2026-07-21T04:40:15+00:00,station3,drop_out_rate,0.0
2026-07-21T04:40:30+00:00,station3,drop_out_rate,0.0
2026-07-21T04:40:45+00:00,station3,drop_out_rate,0.0
2026-07-21T04:41:00+00:00,station3,drop_out_rate,0.0
2026-07-21T04:41:15+00:00,station3,drop_out_rate,0.0
2026-07-21T04:41:30+00:00,station3,drop_out_rate,0.0
2026-07-21T04:41:45+00:00,station3,drop_out_rate,0.0
2026-07-21T04:42:00+00:00,station3,drop_out_rate,0.0
2026-07-21T04:42:15+00:00,station3,drop_out_rate,0.0
2026-07-21T04:42:30+00:00,station3,drop_out_rate,0.0
2026-07-21T04:42:45+00:00,station3,drop_out_rate,0.0
2026-07-21T04:43:00+00:00,station3,drop_out_rate,0.0
2026-07-21T04:43:15+00:00,station3,drop_out_rate,0.0
2026-07-21T04:43:30+00:00,station3,drop_out_rate,0.0
2026-07-21T04:43:45+00:00,station3,drop_out_rate,0.0
2026-07-21T04:44:00+00:00,station3,drop_out_rate,0.0
2026-07-21T04:44:15+00:00,station3,drop_out_rate,0.0
2026-07-21T04:44:30+00:00,station3,drop_out_rate,0.0
2026-07-21T04:44:45+00:00,station3,drop_out_rate,0.0
2026-07-21T04:45:00+00:00,station3,drop_out_rate,0.0
2026-07-21T04:45:15+00:00,station3,drop_out_rate,0.0
2026-07-21T04:45:30+00:00,station3,drop_out_rate,0.0
2026-07-21T04:45:45+00:00,station3,drop_out_rate,0.0
2026-07-21T04:46:00+00:00,station3,drop_out_rate,0.0
2026-07-21T04:46:15+00:00,station3,drop_out_rate,0.0
2026-07-21T04:46:30+00:00,station3,drop_out_rate,0.0
2026-07-21T04:46:45+00:00,station3,drop_out_rate,0.0
2026-07-21T04:47:00+00:00,station3,drop_out_rate,0.0
2026-07-21T04:47:15+00:00,station3,drop_out_rate,0.0
2026-07-21T04:47:30+00:00,station3,drop_out_rate,0.0
2026-07-21T04:47:45+00:00,station3,drop_out_rate,0.0
2026-07-21T04:48:00+00:00,station3,drop_out_rate,0.0
2026-07-21T04:48:15+00:00,station3,drop_out_rate,0.0
2026-07-21T04:48:30+00:00,station3,drop_out_rate,0.0
2026-07-21T04:48:45+00:00,station3,drop_out_rate,0.0
2026-07-21T04:49:00+00:00,station3,drop_out_rate,0.0
2026-07-21T04:49:15+00:00,station3,drop_out_rate,0.0
2026-07-21T04:49:30+00:00,station3,drop_out_rate,0.0
2026-07-21T04:49:45+00:00,station3,drop_out_rate,0.0
2026-07-21T04:50:00+00:00,station3,drop_out_rate,0.0
2026-07-21T04:50:15+00:00,station3,drop_out_rate,0.0
2026-07-21T04:50:30+00:00,station3,drop_out_rate,0.0
2026-07-21T04:50:45+00:00,station3,drop_out_rate,0.0
2026-07-21T04:51:00+00:00,station3,drop_out_rate,0.0
2026-07-21T04:51:15+00:00,station3,drop_out_rate,0.0
2026-07-21T04:51:30+00:00,station3,drop_out_rate,0.0
2026-07-21T04:51:45+00:00,station3,drop_out_rate,0.0
2026-07-21T04:52:00+00:00,station3,drop_out_rate,0.0
2026-07-21T04:52:15+00:00,station3,drop_out_rate,0.0
2026-07-21T04:52:30+00:00,station3,drop_out_rate,0.0
2026-07-21T04:52:45+00:00,station3,drop_out_rate,0.0
2026-07-21T04:53:00+00:00,station3,drop_out_rate,0.0
2026-07-21T04:53:15+00:00,station3,drop_out_rate,0.0
2026-07-21T04:53:30+00:00,station3,drop_out_rate,0.0
2026-07-21T04:53:45+00:00,station3,drop_out_rate,0.0
2026-07-21T04:54:00+00:00,station3,drop_out_rate,0.0
2026-07-21T04:54:15+00:00,station3,drop_out_rate,0.0
2026-07-21T04:54:30+00:00,station3,drop_out_rate,0.0
2026-07-21T04:54:45+00:00,station3,drop_out_rate,0.0
2026-07-21T04:55:00+00:00,station3,drop_out_rate,0.0
2026-07-21T04:55:15+00:00,station3,drop_out_rate,0.0
2026-07-21T04:55:30+00:00,station3,drop_out_rate,0.0
2026-07-21T04:55:45+00:00,station3,drop_out_rate,0.0
2026-07-21T04:56:00+00:00,station3,drop_out_rate,0.0
2026-07-21T04:56:15+00:00,station3,drop_out_rate,0.0
2026-07-21T04:56:30+00:00,station3,drop_out_rate,0.0
2026-07-21T04:56:45+00:00,station3,drop_out_rate,0.0
2026-07-21T04:57:00+00:00,station3,drop_out_rate,0.0
2026-07-21T04:57:15+00:00,station3,drop_out_rate,0.0
2026-07-21T04:57:30+00:00,station3,drop_out_rate,0.0
2026-07-21T04:57:45+00:00,station3,drop_out_rate,0.0
2026-07-21T04:58:00+00:00,station3,drop_out_rate,0.0
2026-07-21T04:58:15+00:00,station3,drop_out_rate,0.0
2026-07-21T04:58:30+00:00,station3,drop_out_rate,0.0
2026-07-21T04:58:45+00:00,station3,drop_out_rate,0.0
2026-07-21T04:59:00+00:00,station3,drop_out_rate,0.0
2026-07-21T04:59:15+00:00,station3,drop_out_rate,0.0
2026-07-21T04:59:30+00:00,station3,drop_out_rate,0.0
2026-07-21T04:59:45+00:00,station3,drop_out_rate,0.0
2026-07-21T05:00:00+00:00,station3,drop_out_rate,0.0
2026-07-21T05:00:15+00:00,station3,drop_out_rate,0.0
2026-07-21T05:00:30+00:00,station3,drop_out_rate,0.0
2026-07-21T05:00:45+00:00,station3,drop_out_rate,0.0
2026-07-21T05:01:00+00:00,station3,drop_out_rate,0.0
2026-07-21T05:01:15+00:00,station3,drop_out_rate,0.0
2026-07-21T05:01:30+00:00,station3,drop_out_rate,0.0
2026-07-21T05:01:45+00:00,station3,drop_out_rate,0.0
2026-07-21T05:02:00+00:00,station3,drop_out_rate,0.0
2026-07-21T05:02:15+00:00,station3,drop_out_rate,0.0
2026-07-21T05:02:30+00:00,station3,drop_out_rate,0.0
2026-07-21T05:02:45+00:00,station3,drop_out_rate,0.0
2026-07-21T05:03:00+00:00,station3,drop_out_rate,0.0
2026-07-21T05:03:15+00:00,station3,drop_out_rate,0.0
2026-07-21T05:03:30+00:00,station3,drop_out_rate,0.0
2026-07-21T05:03:45+00:00,station3,drop_out_rate,0.0
2026-07-21T05:04:00+00:00,station3,drop_out_rate,0.0
2026-07-21T05:04:15+00:00,station3,drop_out_rate,0.0
2026-07-21T05:04:30+00:00,station3,drop_out_rate,0.0
2026-07-21T05:04:45+00:00,station3,drop_out_rate,0.0
2026-07-21T05:05:00+00:00,station3,drop_out_rate,0.0
2026-07-21T05:05:15+00:00,station3,drop_out_rate,0.0
2026-07-21T05:05:30+00:00,station3,drop_out_rate,0.0
2026-07-21T05:05:45+00:00,station3,drop_out_rate,0.0
2026-07-21T05:06:00+00:00,station3,drop_out_rate,0.0
2026-07-21T05:06:15+00:00,station3,drop_out_rate,0.0
2026-07-21T05:06:30+00:00,station3,drop_out_rate,0.0
2026-07-21T05:06:45+00:00,station3,drop_out_rate,0.0
2026-07-21T05:07:00+00:00,station3,drop_out_rate,0.0
2026-07-21T05:07:15+00:00,station3,drop_out_rate,0.0
2026-07-21T05:07:30+00:00,station3,drop_out_rate,0.0
2026-07-21T05:07:45+00:00,station3,drop_out_rate,0.0
2026-07-21T05:08:00+00:00,station3,drop_out_rate,0.0
2026-07-21T05:08:15+00:00,station3,drop_out_rate,0.0
2026-07-21T05:08:30+00:00,station3,drop_out_rate,0.0
2026-07-21T05:08:45+00:00,station3,drop_out_rate,0.0
2026-07-21T05:09:00+00:00,station3,drop_out_rate,0.0
2026-07-21T05:09:15+00:00,station3,drop_out_rate,0.0
2026-07-21T05:09:30+00:00,station3,drop_out_rate,0.0
2026-07-21T05:09:45+00:00,station3,drop_out_rate,0.0
2026-07-21T05:10:00+00:00,station3,drop_out_rate,0.0
2026-07-21T05:10:15+00:00,station3,drop_out_rate,0.0
2026-07-21T05:10:30+00:00,station3,drop_out_rate,0.0
2026-07-21T05:10:45+00:00,station3,drop_out_rate,0.0
2026-07-21T05:11:00+00:00,station3,drop_out_rate,0.0
2026-07-21T05:11:15+00:00,station3,drop_out_rate,0.0
2026-07-21T05:11:30+00:00,station3,drop_out_rate,0.0
2026-07-21T05:11:45+00:00,station3,drop_out_rate,0.0
2026-07-21T05:12:00+00:00,station3,drop_out_rate,0.0
2026-07-21T05:12:15+00:00,station3,drop_out_rate,0.0
2026-07-21T05:12:30+00:00,station3,drop_out_rate,0.0
2026-07-21T05:12:45+00:00,station3,drop_out_rate,0.0
2026-07-21T05:13:00+00:00,station3,drop_out_rate,0.0
2026-07-21T05:13:15+00:00,station3,drop_out_rate,0.0
2026-07-21T05:13:30+00:00,station3,drop_out_rate,0.0
2026-07-21T05:13:45+00:00,station3,drop_out_rate,0.0
2026-07-21T05:14:00+00:00,station3,drop_out_rate,0.0
2026-07-21T05:14:15+00:00,station3,drop_out_rate,0.0
2026-07-21T05:14:30+00:00,station3,drop_out_rate,0.0
2026-07-21T05:14:45+00:00,station3,drop_out_rate,0.0
2026-07-21T05:15:00+00:00,station3,drop_out_rate,0.0
2026-07-21T05:15:15+00:00,station3,drop_out_rate,0.0
2026-07-21T05:15:30+00:00,station3,drop_out_rate,0.0
2026-07-21T05:15:45+00:00,station3,drop_out_rate,0.0
2026-07-21T05:16:00+00:00,station3,drop_out_rate,0.0
2026-07-21T05:16:15+00:00,station3,drop_out_rate,0.0
2026-07-21T05:16:30+00:00,station3,drop_out_rate,0.0
2026-07-21T05:16:45+00:00,station3,drop_out_rate,0.0
2026-07-21T05:17:00+00:00,station3,drop_out_rate,0.0
2026-07-21T05:17:15+00:00,station3,drop_out_rate,0.0
2026-07-21T05:17:30+00:00,station3,drop_out_rate,0.0
2026-07-21T05:17:45+00:00,station3,drop_out_rate,0.0
2026-07-21T05:18:00+00:00,station3,drop_out_rate,0.0
2026-07-21T05:18:15+00:00,station3,drop_out_rate,0.0
2026-07-21T05:18:30+00:00,station3,drop_out_rate,0.0
2026-07-21T05:18:45+00:00,station3,drop_out_rate,0.0
2026-07-21T05:19:00+00:00,station3,drop_out_rate,0.0
2026-07-21T05:19:15+00:00,station3,drop_out_rate,0.0
2026-07-21T05:19:30+00:00,station3,drop_out_rate,0.0
2026-07-21T05:19:45+00:00,station3,drop_out_rate,0.0
2026-07-21T05:20:00+00:00,station3,drop_out_rate,0.0
2026-07-21T05:20:15+00:00,station3,drop_out_rate,0.0
2026-07-21T05:20:30+00:00,station3,drop_out_rate,0.0
2026-07-21T05:20:45+00:00,station3,drop_out_rate,0.0
2026-07-21T05:21:00+00:00,station3,drop_out_rate,0.0
2026-07-21T05:21:15+00:00,station3,drop_out_rate,0.0
2026-07-21T05:21:30+00:00,station3,drop_out_rate,0.0
2026-07-21T05:21:45+00:00,station3,drop_out_rate,0.0
2026-07-21T05:22:00+00:00,station3,drop_out_rate,0.0
2026-07-21T05:22:15+00:00,station3,drop_out_rate,0.0
2026-07-21T05:22:30+00:00,station3,drop_out_rate,0.0
2026-07-21T05:22:45+00:00,station3,drop_out_rate,0.0
2026-07-21T05:23:00+00:00,station3,drop_out_rate,0.0
2026-07-21T05:23:15+00:00,station3,drop_out_rate,0.0
2026-07-21T05:23:30+00:00,station3,drop_out_rate,0.0
2026-07-21T05:23:45+00:00,station3,drop_out_rate,0.0
2026-07-21T05:24:00+00:00,station3,drop_out_rate,0.0
2026-07-21T05:24:15+00:00,station3,drop_out_rate,0.0
2026-07-21T05:24:30+00:00,station3,drop_out_rate,0.0
2026-07-21T05:24:45+00:00,station3,drop_out_rate,0.0
2026-07-21T05:25:00+00:00,station3,drop_out_rate,0.0
2026-07-21T05:25:15+00:00,station3,drop_out_rate,0.0
2026-07-21T05:25:30+00:00,station3,drop_out_rate,0.0
2026-07-21T05:25:45+00:00,station3,drop_out_rate,0.0
2026-07-21T05:26:00+00:00,station3,drop_out_rate,0.0
2026-07-21T05:26:15+00:00,station3,drop_out_rate,0.0
2026-07-21T05:26:30+00:00,station3,drop_out_rate,0.0
2026-07-21T05:26:45+00:00,station3,drop_out_rate,0.0
2026-07-21T05:27:00+00:00,station3,drop_out_rate,0.0
2026-07-21T05:27:15+00:00,station3,drop_out_rate,0.0
2026-07-21T05:27:30+00:00,station3,drop_out_rate,0.0
2026-07-21T05:27:45+00:00,station3,drop_out_rate,0.0
2026-07-21T05:28:00+00:00,station3,drop_out_rate,0.0
2026-07-21T05:28:15+00:00,station3,drop_out_rate,0.0
2026-07-21T05:28:30+00:00,station3,drop_out_rate,0.0
2026-07-21T05:28:45+00:00,station3,drop_out_rate,0.0
2026-07-21T05:29:00+00:00,station3,drop_out_rate,0.0
2026-07-21T05:29:15+00:00,station3,drop_out_rate,0.0
2026-07-21T05:29:30+00:00,station3,drop_out_rate,0.0
2026-07-21T05:29:45+00:00,station3,drop_out_rate,0.0
2026-07-21T05:30:00+00:00,station3,drop_out_rate,0.0
2026-07-21T05:30:15+00:00,station3,drop_out_rate,0.0
2026-07-21T05:30:30+00:00,station3,drop_out_rate,0.0
2026-07-21T05:30:45+00:00,station3,drop_out_rate,0.0
2026-07-21T05:31:00+00:00,station3,drop_out_rate,0.0
2026-07-21T05:31:15+00:00,station3,drop_out_rate,0.0
2026-07-21T05:31:30+00:00,station3,drop_out_rate,0.0
2026-07-21T05:31:45+00:00,station3,drop_out_rate,0.0
2026-07-21T05:32:00+00:00,station3,drop_out_rate,0.0
2026-07-21T05:32:15+00:00,station3,drop_out_rate,0.0
2026-07-21T05:32:30+00:00,station3,drop_out_rate,0.0
2026-07-21T05:32:45+00:00,station3,drop_out_rate,0.0
2026-07-21T05:33:00+00:00,station3,drop_out_rate,0.0
2026-07-21T05:33:15+00:00,station3,drop_out_rate,0.0
2026-07-21T05:33:30+00:00,station3,drop_out_rate,0.0
2026-07-21T05:33:45+00:00,station3,drop_out_rate,0.0
2026-07-21T05:34:00+00:00,station3,drop_out_rate,0.0
2026-07-21T05:34:15+00:00,station3,drop_out_rate,0.0
2026-07-21T05:34:30+00:00,station3,drop_out_rate,0.0
2026-07-21T05:34:45+00:00,station3,drop_out_rate,0.0
2026-07-21T05:35:00+00:00,station3,drop_out_rate,0.0
2026-07-21T05:35:15+00:00,station3,drop_out_rate,0.0
2026-07-21T05:35:30+00:00,station3,drop_out_rate,0.0
2026-07-21T05:35:45+00:00,station3,drop_out_rate,0.0
2026-07-21T05:36:00+00:00,station3,drop_out_rate,0.0
2026-07-21T05:36:15+00:00,station3,drop_out_rate,0.0
2026-07-21T05:36:30+00:00,station3,drop_out_rate,0.0
2026-07-21T05:36:45+00:00,station3,drop_out_rate,0.0
2026-07-21T05:37:00+00:00,station3,drop_out_rate,0.0
2026-07-21T05:37:15+00:00,station3,drop_out_rate,0.0
2026-07-21T05:37:30+00:00,station3,drop_out_rate,0.0
2026-07-21T05:37:45+00:00,station3,drop_out_rate,0.0
2026-07-21T05:38:00+00:00,station3,drop_out_rate,0.0
2026-07-21T05:38:15+00:00,station3,drop_out_rate,0.0
2026-07-21T05:38:30+00:00,station3,drop_out_rate,0.0
2026-07-21T05:38:45+00:00,station3,drop_out_rate,0.0
2026-07-21T05:39:00+00:00,station3,drop_out_rate,0.0
2026-07-21T05:39:15+00:00,station3,drop_out_rate,0.0
2026-07-21T05:39:30+00:00,station3,drop_out_rate,0.0
2026-07-21T05:39:45+00:00,station3,drop_out_rate,0.0
2026-07-21T05:40:00+00:00,station3,drop_out_rate,0.0
2026-07-21T05:40:15+00:00,station3,drop_out_rate,0.0
2026-07-21T05:40:30+00:00,station3,drop_out_rate,0.0
2026-07-21T05:40:45+00:00,station3,drop_out_rate,0.0
2026-07-21T05:41:00+00:00,station3,drop_out_rate,0.0
2026-07-21T05:41:15+00:00,station3,drop_out_rate,0.0
2026-07-21T05:41:30+00:00,station3,drop_out_rate,0.0
2026-07-21T05:41:45+00:00,station3,drop_out_rate,0.0
2026-07-21T05:42:00+00:00,station3,drop_out_rate,0.0
2026-07-21T05:42:15+00:00,station3,drop_out_rate,0.0
2026-07-21T05:42:30+00:00,station3,drop_out_rate,0.0
2026-07-21T05:42:45+00:00,station3,drop_out_rate,0.0
2026-07-21T05:43:00+00:00,station3,drop_out_rate,0.0
2026-07-21T05:43:15+00:00,station3,drop_out_rate,0.0
2026-07-21T05:43:30+00:00,station3,drop_out_rate,0.0
2026-07-21T05:43:45+00:00,station3,drop_out_rate,0.0
2026-07-21T05:44:00+00:00,station3,drop_out_rate,0.0
2026-07-21T05:44:15+00:00,station3,drop_out_rate,0.0
2026-07-21T05:44:30+00:00,station3,drop_out_rate,0.0
2026-07-21T05:44:45+00:00,station3,drop_out_rate,0.0
2026-07-21T05:45:00+00:00,station3,drop_out_rate,0.0
2026-07-21T05:45:15+00:00,station3,drop_out_rate,0.0
2026-07-21T05:45:30+00:00,station3,drop_out_rate,0.0
2026-07-21T05:45:45+00:00,station3,drop_out_rate,0.0
2026-07-21T05:46:00+00:00,station3,drop_out_rate,0.0
2026-07-21T05:46:15+00:00,station3,drop_out_rate,0.0
2026-07-21T05:46:30+00:00,station3,drop_out_rate,0.0
2026-07-21T05:46:45+00:00,station3,drop_out_rate,0.0
2026-07-21T05:47:00+00:00,station3,drop_out_rate,0.0
2026-07-21T05:47:15+00:00,station3,drop_out_rate,0.0
2026-07-21T05:47:30+00:00,station3,drop_out_rate,0.0
2026-07-21T05:47:45+00:00,station3,drop_out_rate,0.0
2026-07-21T05:48:00+00:00,station3,drop_out_rate,0.0
2026-07-21T05:48:15+00:00,station3,drop_out_rate,0.0
2026-07-21T05:48:30+00:00,station3,drop_out_rate,0.0
2026-07-21T05:48:45+00:00,station3,drop_out_rate,0.0
2026-07-21T05:49:00+00:00,station3,drop_out_rate,0.0
2026-07-21T05:49:15+00:00,station3,drop_out_rate,0.0
2026-07-21T05:49:30+00:00,station3,drop_out_rate,0.0
2026-07-21T05:49:45+00:00,station3,drop_out_rate,0.0
2026-07-21T05:50:00+00:00,station3,drop_out_rate,0.0
2026-07-21T05:50:15+00:00,station3,drop_out_rate,0.0
2026-07-21T05:50:30+00:00,station3,drop_out_rate,0.0
2026-07-21T05:50:45+00:00,station3,drop_out_rate,0.0
2026-07-21T05:51:00+00:00,station3,drop_out_rate,0.0
2026-07-21T05:51:15+00:00,station3,drop_out_rate,0.0
2026-07-21T05:51:30+00:00,station3,drop_out_rate,0.0
2026-07-21T05:51:45+00:00,station3,drop_out_rate,0.0
2026-07-21T05:52:00+00:00,station3,drop_out_rate,0.0
2026-07-21T05:52:15+00:00,station3,drop_out_rate,0.0
2026-07-21T05:52:30+00:00,station3,drop_out_rate,0.0
2026-07-21T05:52:45+00:00,station3,drop_out_rate,0.0
2026-07-21T05:53:00+00:00,station3,drop_out_rate,0.0
2026-07-21T05:53:15+00:00,station3,drop_out_rate,0.0
2026-07-21T05:53:30+00:00,station3,drop_out_rate,0.0
2026-07-21T05:53:45+00:00,station3,drop_out_rate,0.0
2026-07-21T05:54:00+00:00,station3,drop_out_rate,0.0
2026-07-21T05:54:15+00:00,station3,drop_out_rate,0.0
2026-07-21T05:54:30+00:00,station3,drop_out_rate,0.0
2026-07-21T04:06:30+00:00,station1,vrf_route_count,0.0
2026-07-21T04:06:45+00:00,station1,vrf_route_count,0.0
2026-07-21T04:07:00+00:00,station1,vrf_route_count,0.0
2026-07-21T04:07:15+00:00,station1,vrf_route_count,0.0
2026-07-21T04:07:30+00:00,station1,vrf_route_count,0.0
2026-07-21T04:07:45+00:00,station1,vrf_route_count,0.0
2026-07-21T04:08:00+00:00,station1,vrf_route_count,0.0
2026-07-21T04:08:15+00:00,station1,vrf_route_count,0.0
2026-07-21T04:08:30+00:00,station1,vrf_route_count,0.0
2026-07-21T04:08:45+00:00,station1,vrf_route_count,0.0
2026-07-21T04:09:00+00:00,station1,vrf_route_count,0.0
2026-07-21T04:09:15+00:00,station1,vrf_route_count,0.0
2026-07-21T04:09:30+00:00,station1,vrf_route_count,0.0
2026-07-21T04:09:45+00:00,station1,vrf_route_count,0.0
2026-07-21T04:10:00+00:00,station1,vrf_route_count,0.0
2026-07-21T04:10:15+00:00,station1,vrf_route_count,0.0
2026-07-21T04:10:30+00:00,station1,vrf_route_count,0.0
2026-07-21T04:10:45+00:00,station1,vrf_route_count,0.0
2026-07-21T04:11:00+00:00,station1,vrf_route_count,0.0
2026-07-21T04:11:15+00:00,station1,vrf_route_count,0.0
2026-07-21T04:11:30+00:00,station1,vrf_route_count,0.0
2026-07-21T04:11:45+00:00,station1,vrf_route_count,0.0
2026-07-21T04:12:00+00:00,station1,vrf_route_count,0.0
2026-07-21T04:12:15+00:00,station1,vrf_route_count,0.0
2026-07-21T04:12:30+00:00,station1,vrf_route_count,0.0
2026-07-21T04:12:45+00:00,station1,vrf_route_count,0.0
2026-07-21T04:13:00+00:00,station1,vrf_route_count,0.0
2026-07-21T04:13:15+00:00,station1,vrf_route_count,0.0
2026-07-21T04:13:30+00:00,station1,vrf_route_count,0.0
2026-07-21T04:13:45+00:00,station1,vrf_route_count,0.0
2026-07-21T04:14:00+00:00,station1,vrf_route_count,0.0
2026-07-21T04:14:15+00:00,station1,vrf_route_count,0.0
2026-07-21T04:14:30+00:00,station1,vrf_route_count,0.0
2026-07-21T04:14:45+00:00,station1,vrf_route_count,0.0
2026-07-21T04:15:00+00:00,station1,vrf_route_count,0.0
2026-07-21T04:15:15+00:00,station1,vrf_route_count,0.0
2026-07-21T04:15:30+00:00,station1,vrf_route_count,0.0
2026-07-21T04:15:45+00:00,station1,vrf_route_count,0.0
2026-07-21T04:16:00+00:00,station1,vrf_route_count,0.0
2026-07-21T04:16:15+00:00,station1,vrf_route_count,0.0
2026-07-21T04:16:30+00:00,station1,vrf_route_count,0.0
2026-07-21T04:16:45+00:00,station1,vrf_route_count,0.0
2026-07-21T04:17:00+00:00,station1,vrf_route_count,0.0
2026-07-21T04:17:15+00:00,station1,vrf_route_count,0.0
2026-07-21T04:17:30+00:00,station1,vrf_route_count,0.0
2026-07-21T04:17:45+00:00,station1,vrf_route_count,0.0
2026-07-21T04:18:00+00:00,station1,vrf_route_count,0.0
2026-07-21T04:18:15+00:00,station1,vrf_route_count,0.0
2026-07-21T04:18:30+00:00,station1,vrf_route_count,0.0
2026-07-21T04:18:45+00:00,station1,vrf_route_count,0.0
2026-07-21T04:19:00+00:00,station1,vrf_route_count,0.0
2026-07-21T04:19:15+00:00,station1,vrf_route_count,0.0
2026-07-21T04:19:30+00:00,station1,vrf_route_count,0.0
2026-07-21T04:19:45+00:00,station1,vrf_route_count,0.0
2026-07-21T04:20:00+00:00,station1,vrf_route_count,0.0
2026-07-21T04:20:15+00:00,station1,vrf_route_count,0.0
2026-07-21T04:20:30+00:00,station1,vrf_route_count,0.0
2026-07-21T04:20:45+00:00,station1,vrf_route_count,0.0
2026-07-21T04:21:00+00:00,station1,vrf_route_count,0.0
2026-07-21T04:21:15+00:00,station1,vrf_route_count,0.0
2026-07-21T04:21:30+00:00,station1,vrf_route_count,0.0
2026-07-21T04:21:45+00:00,station1,vrf_route_count,0.0
2026-07-21T04:22:00+00:00,station1,vrf_route_count,0.0
2026-07-21T04:22:15+00:00,station1,vrf_route_count,0.0
2026-07-21T04:22:30+00:00,station1,vrf_route_count,0.0
2026-07-21T04:22:45+00:00,station1,vrf_route_count,0.0
2026-07-21T04:23:00+00:00,station1,vrf_route_count,0.0
2026-07-21T04:23:15+00:00,station1,vrf_route_count,0.0
2026-07-21T04:23:30+00:00,station1,vrf_route_count,0.0
2026-07-21T04:23:45+00:00,station1,vrf_route_count,0.0
2026-07-21T04:24:00+00:00,station1,vrf_route_count,0.0
2026-07-21T04:24:15+00:00,station1,vrf_route_count,0.0
2026-07-21T04:24:30+00:00,station1,vrf_route_count,0.0
2026-07-21T04:24:45+00:00,station1,vrf_route_count,0.0
2026-07-21T04:25:00+00:00,station1,vrf_route_count,0.0
2026-07-21T04:25:15+00:00,station1,vrf_route_count,0.0
2026-07-21T04:25:30+00:00,station1,vrf_route_count,0.0
2026-07-21T04:25:45+00:00,station1,vrf_route_count,0.0
2026-07-21T04:26:00+00:00,station1,vrf_route_count,0.0
2026-07-21T04:26:15+00:00,station1,vrf_route_count,0.0
2026-07-21T04:26:30+00:00,station1,vrf_route_count,0.0
2026-07-21T04:26:45+00:00,station1,vrf_route_count,0.0
2026-07-21T04:27:00+00:00,station1,vrf_route_count,0.0
2026-07-21T04:27:15+00:00,station1,vrf_route_count,0.0
2026-07-21T04:27:30+00:00,station1,vrf_route_count,0.0
2026-07-21T04:27:45+00:00,station1,vrf_route_count,0.0
2026-07-21T04:28:00+00:00,station1,vrf_route_count,0.0
2026-07-21T04:28:15+00:00,station1,vrf_route_count,0.0
2026-07-21T04:28:30+00:00,station1,vrf_route_count,0.0
2026-07-21T04:28:45+00:00,station1,vrf_route_count,0.0
2026-07-21T04:29:00+00:00,station1,vrf_route_count,0.0
2026-07-21T04:29:15+00:00,station1,vrf_route_count,0.0
2026-07-21T04:29:30+00:00,station1,vrf_route_count,0.0
2026-07-21T04:29:45+00:00,station1,vrf_route_count,0.0
2026-07-21T04:30:00+00:00,station1,vrf_route_count,0.0
2026-07-21T04:30:15+00:00,station1,vrf_route_count,0.0
2026-07-21T04:30:30+00:00,station1,vrf_route_count,0.0
2026-07-21T04:30:45+00:00,station1,vrf_route_count,0.0
2026-07-21T04:31:00+00:00,station1,vrf_route_count,0.0
2026-07-21T04:31:15+00:00,station1,vrf_route_count,0.0
2026-07-21T04:31:30+00:00,station1,vrf_route_count,0.0
2026-07-21T04:31:45+00:00,station1,vrf_route_count,0.0
2026-07-21T04:32:00+00:00,station1,vrf_route_count,0.0
2026-07-21T04:32:15+00:00,station1,vrf_route_count,0.0
2026-07-21T04:32:30+00:00,station1,vrf_route_count,0.0
2026-07-21T04:32:45+00:00,station1,vrf_route_count,0.0
2026-07-21T04:33:00+00:00,station1,vrf_route_count,0.0
2026-07-21T04:33:15+00:00,station1,vrf_route_count,0.0
2026-07-21T04:33:30+00:00,station1,vrf_route_count,0.0
2026-07-21T04:33:45+00:00,station1,vrf_route_count,0.0
2026-07-21T04:34:00+00:00,station1,vrf_route_count,0.0
2026-07-21T04:34:15+00:00,station1,vrf_route_count,0.0
2026-07-21T04:34:30+00:00,station1,vrf_route_count,0.0
2026-07-21T04:34:45+00:00,station1,vrf_route_count,0.0
2026-07-21T04:35:00+00:00,station1,vrf_route_count,0.0
2026-07-21T04:35:15+00:00,station1,vrf_route_count,0.0
2026-07-21T04:35:30+00:00,station1,vrf_route_count,0.0
2026-07-21T04:35:45+00:00,station1,vrf_route_count,0.0
2026-07-21T04:36:00+00:00,station1,vrf_route_count,0.0
2026-07-21T04:36:15+00:00,station1,vrf_route_count,0.0
2026-07-21T04:36:30+00:00,station1,vrf_route_count,0.0
2026-07-21T04:36:45+00:00,station1,vrf_route_count,0.0
2026-07-21T04:37:00+00:00,station1,vrf_route_count,0.0
2026-07-21T04:37:15+00:00,station1,vrf_route_count,0.0
2026-07-21T04:37:30+00:00,station1,vrf_route_count,0.0
2026-07-21T04:37:45+00:00,station1,vrf_route_count,0.0
2026-07-21T04:38:00+00:00,station1,vrf_route_count,0.0
2026-07-21T04:38:15+00:00,station1,vrf_route_count,0.0
2026-07-21T04:38:30+00:00,station1,vrf_route_count,0.0
2026-07-21T04:38:45+00:00,station1,vrf_route_count,0.0
2026-07-21T04:39:00+00:00,station1,vrf_route_count,0.0
2026-07-21T04:39:15+00:00,station1,vrf_route_count,0.0
2026-07-21T04:39:30+00:00,station1,vrf_route_count,0.0
2026-07-21T04:39:45+00:00,station1,vrf_route_count,0.0
2026-07-21T04:40:00+00:00,station1,vrf_route_count,0.0
2026-07-21T04:40:15+00:00,station1,vrf_route_count,0.0
2026-07-21T04:40:30+00:00,station1,vrf_route_count,0.0
2026-07-21T04:40:45+00:00,station1,vrf_route_count,0.0
2026-07-21T04:41:00+00:00,station1,vrf_route_count,0.0
2026-07-21T04:41:15+00:00,station1,vrf_route_count,0.0
2026-07-21T04:41:30+00:00,station1,vrf_route_count,0.0
2026-07-21T04:41:45+00:00,station1,vrf_route_count,0.0
2026-07-21T04:42:00+00:00,station1,vrf_route_count,0.0
2026-07-21T04:42:15+00:00,station1,vrf_route_count,0.0
2026-07-21T04:42:30+00:00,station1,vrf_route_count,0.0
2026-07-21T04:42:45+00:00,station1,vrf_route_count,0.0
2026-07-21T04:43:00+00:00,station1,vrf_route_count,0.0
2026-07-21T04:43:15+00:00,station1,vrf_route_count,0.0
2026-07-21T04:43:30+00:00,station1,vrf_route_count,0.0
2026-07-21T04:43:45+00:00,station1,vrf_route_count,0.0
2026-07-21T04:44:00+00:00,station1,vrf_route_count,0.0
2026-07-21T04:44:15+00:00,station1,vrf_route_count,0.0
2026-07-21T04:44:30+00:00,station1,vrf_route_count,0.0
2026-07-21T04:44:45+00:00,station1,vrf_route_count,0.0
2026-07-21T04:45:00+00:00,station1,vrf_route_count,0.0
2026-07-21T04:45:15+00:00,station1,vrf_route_count,0.0
2026-07-21T04:45:30+00:00,station1,vrf_route_count,0.0
2026-07-21T04:45:45+00:00,station1,vrf_route_count,0.0
2026-07-21T04:46:00+00:00,station1,vrf_route_count,0.0
2026-07-21T04:46:15+00:00,station1,vrf_route_count,0.0
2026-07-21T04:46:30+00:00,station1,vrf_route_count,0.0
2026-07-21T04:46:45+00:00,station1,vrf_route_count,0.0
2026-07-21T04:47:00+00:00,station1,vrf_route_count,0.0
2026-07-21T04:47:15+00:00,station1,vrf_route_count,0.0
2026-07-21T04:47:30+00:00,station1,vrf_route_count,0.0
2026-07-21T04:47:45+00:00,station1,vrf_route_count,0.0
2026-07-21T04:48:00+00:00,station1,vrf_route_count,0.0
2026-07-21T04:48:15+00:00,station1,vrf_route_count,0.0
2026-07-21T04:48:30+00:00,station1,vrf_route_count,0.0
2026-07-21T04:48:45+00:00,station1,vrf_route_count,0.0
2026-07-21T04:49:00+00:00,station1,vrf_route_count,0.0
2026-07-21T04:49:15+00:00,station1,vrf_route_count,0.0
2026-07-21T04:49:30+00:00,station1,vrf_route_count,0.0
2026-07-21T04:49:45+00:00,station1,vrf_route_count,0.0
2026-07-21T04:50:00+00:00,station1,vrf_route_count,0.0
2026-07-21T04:50:15+00:00,station1,vrf_route_count,0.0
2026-07-21T04:50:30+00:00,station1,vrf_route_count,0.0
2026-07-21T04:50:45+00:00,station1,vrf_route_count,0.0
2026-07-21T04:51:00+00:00,station1,vrf_route_count,0.0
2026-07-21T04:51:15+00:00,station1,vrf_route_count,0.0
2026-07-21T04:51:30+00:00,station1,vrf_route_count,0.0
2026-07-21T04:51:45+00:00,station1,vrf_route_count,0.0
2026-07-21T04:52:00+00:00,station1,vrf_route_count,0.0
2026-07-21T04:52:15+00:00,station1,vrf_route_count,0.0
2026-07-21T04:52:30+00:00,station1,vrf_route_count,0.0
2026-07-21T04:52:45+00:00,station1,vrf_route_count,0.0
2026-07-21T04:53:00+00:00,station1,vrf_route_count,0.0
2026-07-21T04:53:15+00:00,station1,vrf_route_count,0.0
2026-07-21T04:53:30+00:00,station1,vrf_route_count,0.0
2026-07-21T04:53:45+00:00,station1,vrf_route_count,0.0
2026-07-21T04:54:00+00:00,station1,vrf_route_count,0.0
2026-07-21T04:54:15+00:00,station1,vrf_route_count,0.0
2026-07-21T04:54:30+00:00,station1,vrf_route_count,0.0
2026-07-21T04:54:45+00:00,station1,vrf_route_count,0.0
2026-07-21T04:55:00+00:00,station1,vrf_route_count,0.0
2026-07-21T04:55:15+00:00,station1,vrf_route_count,0.0
2026-07-21T04:55:30+00:00,station1,vrf_route_count,0.0
2026-07-21T04:55:45+00:00,station1,vrf_route_count,0.0
2026-07-21T04:56:00+00:00,station1,vrf_route_count,0.0
2026-07-21T04:56:15+00:00,station1,vrf_route_count,0.0
2026-07-21T04:56:30+00:00,station1,vrf_route_count,0.0
2026-07-21T04:56:45+00:00,station1,vrf_route_count,0.0
2026-07-21T04:57:00+00:00,station1,vrf_route_count,0.0
2026-07-21T04:57:15+00:00,station1,vrf_route_count,0.0
2026-07-21T04:57:30+00:00,station1,vrf_route_count,0.0
2026-07-21T04:57:45+00:00,station1,vrf_route_count,0.0
2026-07-21T04:58:00+00:00,station1,vrf_route_count,0.0
2026-07-21T04:58:15+00:00,station1,vrf_route_count,0.0
2026-07-21T04:58:30+00:00,station1,vrf_route_count,0.0
2026-07-21T04:58:45+00:00,station1,vrf_route_count,0.0
2026-07-21T04:59:00+00:00,station1,vrf_route_count,0.0
2026-07-21T04:59:15+00:00,station1,vrf_route_count,0.0
2026-07-21T04:59:30+00:00,station1,vrf_route_count,0.0
2026-07-21T04:59:45+00:00,station1,vrf_route_count,0.0
2026-07-21T05:00:00+00:00,station1,vrf_route_count,0.0
2026-07-21T05:00:15+00:00,station1,vrf_route_count,0.0
2026-07-21T05:00:30+00:00,station1,vrf_route_count,0.0
2026-07-21T05:00:45+00:00,station1,vrf_route_count,0.0
2026-07-21T05:01:00+00:00,station1,vrf_route_count,0.0
2026-07-21T05:01:15+00:00,station1,vrf_route_count,0.0
2026-07-21T05:01:30+00:00,station1,vrf_route_count,0.0
2026-07-21T05:01:45+00:00,station1,vrf_route_count,0.0
2026-07-21T05:02:00+00:00,station1,vrf_route_count,0.0
2026-07-21T05:02:15+00:00,station1,vrf_route_count,0.0
2026-07-21T05:02:30+00:00,station1,vrf_route_count,0.0
2026-07-21T05:02:45+00:00,station1,vrf_route_count,0.0
2026-07-21T05:03:00+00:00,station1,vrf_route_count,0.0
2026-07-21T05:03:15+00:00,station1,vrf_route_count,0.0
2026-07-21T05:03:30+00:00,station1,vrf_route_count,0.0
2026-07-21T05:03:45+00:00,station1,vrf_route_count,0.0
2026-07-21T05:04:00+00:00,station1,vrf_route_count,0.0
2026-07-21T05:04:15+00:00,station1,vrf_route_count,0.0
2026-07-21T05:04:30+00:00,station1,vrf_route_count,0.0
2026-07-21T05:04:45+00:00,station1,vrf_route_count,0.0
2026-07-21T05:05:00+00:00,station1,vrf_route_count,0.0
2026-07-21T05:05:15+00:00,station1,vrf_route_count,0.0
2026-07-21T05:05:30+00:00,station1,vrf_route_count,0.0
2026-07-21T05:05:45+00:00,station1,vrf_route_count,0.0
2026-07-21T05:06:00+00:00,station1,vrf_route_count,0.0
2026-07-21T05:06:15+00:00,station1,vrf_route_count,0.0
2026-07-21T05:06:30+00:00,station1,vrf_route_count,0.0
2026-07-21T05:06:45+00:00,station1,vrf_route_count,0.0
2026-07-21T05:07:00+00:00,station1,vrf_route_count,0.0
2026-07-21T05:07:15+00:00,station1,vrf_route_count,0.0
2026-07-21T05:07:30+00:00,station1,vrf_route_count,0.0
2026-07-21T05:07:45+00:00,station1,vrf_route_count,0.0
2026-07-21T05:08:00+00:00,station1,vrf_route_count,0.0
2026-07-21T05:08:15+00:00,station1,vrf_route_count,0.0
2026-07-21T05:08:30+00:00,station1,vrf_route_count,0.0
2026-07-21T05:08:45+00:00,station1,vrf_route_count,0.0
2026-07-21T05:09:00+00:00,station1,vrf_route_count,0.0
2026-07-21T05:09:15+00:00,station1,vrf_route_count,0.0
2026-07-21T05:09:30+00:00,station1,vrf_route_count,0.0
2026-07-21T05:09:45+00:00,station1,vrf_route_count,0.0
2026-07-21T05:10:00+00:00,station1,vrf_route_count,0.0
2026-07-21T05:10:15+00:00,station1,vrf_route_count,0.0
2026-07-21T05:10:30+00:00,station1,vrf_route_count,0.0
2026-07-21T05:10:45+00:00,station1,vrf_route_count,0.0
2026-07-21T05:11:00+00:00,station1,vrf_route_count,0.0
2026-07-21T05:11:15+00:00,station1,vrf_route_count,0.0
2026-07-21T05:11:30+00:00,station1,vrf_route_count,0.0
2026-07-21T05:11:45+00:00,station1,vrf_route_count,0.0
2026-07-21T05:12:00+00:00,station1,vrf_route_count,0.0
2026-07-21T05:12:15+00:00,station1,vrf_route_count,0.0
2026-07-21T05:12:30+00:00,station1,vrf_route_count,0.0
2026-07-21T05:12:45+00:00,station1,vrf_route_count,0.0
2026-07-21T05:13:00+00:00,station1,vrf_route_count,0.0
2026-07-21T05:13:15+00:00,station1,vrf_route_count,0.0
2026-07-21T05:13:30+00:00,station1,vrf_route_count,0.0
2026-07-21T05:13:45+00:00,station1,vrf_route_count,0.0
2026-07-21T05:14:00+00:00,station1,vrf_route_count,0.0
2026-07-21T05:14:15+00:00,station1,vrf_route_count,0.0
2026-07-21T05:14:30+00:00,station1,vrf_route_count,0.0
2026-07-21T05:14:45+00:00,station1,vrf_route_count,0.0
2026-07-21T05:15:00+00:00,station1,vrf_route_count,0.0
2026-07-21T05:15:15+00:00,station1,vrf_route_count,0.0
2026-07-21T05:15:30+00:00,station1,vrf_route_count,0.0
2026-07-21T05:15:45+00:00,station1,vrf_route_count,0.0
2026-07-21T05:16:00+00:00,station1,vrf_route_count,0.0
2026-07-21T05:16:15+00:00,station1,vrf_route_count,0.0
2026-07-21T05:16:30+00:00,station1,vrf_route_count,0.0
2026-07-21T05:16:45+00:00,station1,vrf_route_count,0.0
2026-07-21T05:17:00+00:00,station1,vrf_route_count,0.0
2026-07-21T05:17:15+00:00,station1,vrf_route_count,0.0
2026-07-21T05:17:30+00:00,station1,vrf_route_count,0.0
2026-07-21T05:17:45+00:00,station1,vrf_route_count,0.0
2026-07-21T05:18:00+00:00,station1,vrf_route_count,0.0
2026-07-21T05:18:15+00:00,station1,vrf_route_count,0.0
2026-07-21T05:18:30+00:00,station1,vrf_route_count,0.0
2026-07-21T05:18:45+00:00,station1,vrf_route_count,0.0
2026-07-21T05:19:00+00:00,station1,vrf_route_count,0.0
2026-07-21T05:19:15+00:00,station1,vrf_route_count,0.0
2026-07-21T05:19:30+00:00,station1,vrf_route_count,0.0
2026-07-21T05:19:45+00:00,station1,vrf_route_count,0.0
2026-07-21T05:20:00+00:00,station1,vrf_route_count,0.0
2026-07-21T05:20:15+00:00,station1,vrf_route_count,0.0
2026-07-21T05:20:30+00:00,station1,vrf_route_count,0.0
2026-07-21T05:20:45+00:00,station1,vrf_route_count,0.0
2026-07-21T05:21:00+00:00,station1,vrf_route_count,0.0
2026-07-21T05:21:15+00:00,station1,vrf_route_count,0.0
2026-07-21T05:21:30+00:00,station1,vrf_route_count,0.0
2026-07-21T05:21:45+00:00,station1,vrf_route_count,0.0
2026-07-21T05:22:00+00:00,station1,vrf_route_count,0.0
2026-07-21T05:22:15+00:00,station1,vrf_route_count,0.0
2026-07-21T05:22:30+00:00,station1,vrf_route_count,0.0
2026-07-21T05:22:45+00:00,station1,vrf_route_count,0.0
2026-07-21T05:23:00+00:00,station1,vrf_route_count,0.0
2026-07-21T05:23:15+00:00,station1,vrf_route_count,0.0
2026-07-21T05:23:30+00:00,station1,vrf_route_count,0.0
2026-07-21T05:23:45+00:00,station1,vrf_route_count,0.0
2026-07-21T05:24:00+00:00,station1,vrf_route_count,0.0
2026-07-21T05:24:15+00:00,station1,vrf_route_count,0.0
2026-07-21T05:24:30+00:00,station1,vrf_route_count,0.0
2026-07-21T05:24:45+00:00,station1,vrf_route_count,0.0
2026-07-21T05:25:00+00:00,station1,vrf_route_count,0.0
2026-07-21T05:25:15+00:00,station1,vrf_route_count,0.0
2026-07-21T05:25:30+00:00,station1,vrf_route_count,0.0
2026-07-21T05:25:45+00:00,station1,vrf_route_count,0.0
2026-07-21T05:26:00+00:00,station1,vrf_route_count,0.0
2026-07-21T05:26:15+00:00,station1,vrf_route_count,0.0
2026-07-21T05:26:30+00:00,station1,vrf_route_count,0.0
2026-07-21T05:26:45+00:00,station1,vrf_route_count,0.0
2026-07-21T05:27:00+00:00,station1,vrf_route_count,0.0
2026-07-21T05:27:15+00:00,station1,vrf_route_count,0.0
2026-07-21T05:27:30+00:00,station1,vrf_route_count,0.0
2026-07-21T05:27:45+00:00,station1,vrf_route_count,0.0
2026-07-21T05:28:00+00:00,station1,vrf_route_count,0.0
2026-07-21T05:28:15+00:00,station1,vrf_route_count,0.0
2026-07-21T05:28:30+00:00,station1,vrf_route_count,0.0
2026-07-21T05:28:45+00:00,station1,vrf_route_count,0.0
2026-07-21T05:29:00+00:00,station1,vrf_route_count,0.0
2026-07-21T05:29:15+00:00,station1,vrf_route_count,0.0
2026-07-21T05:29:30+00:00,station1,vrf_route_count,0.0
2026-07-21T05:29:45+00:00,station1,vrf_route_count,0.0
2026-07-21T05:30:00+00:00,station1,vrf_route_count,0.0
2026-07-21T05:30:15+00:00,station1,vrf_route_count,0.0
2026-07-21T05:30:30+00:00,station1,vrf_route_count,0.0
2026-07-21T05:30:45+00:00,station1,vrf_route_count,0.0
2026-07-21T05:31:00+00:00,station1,vrf_route_count,0.0
2026-07-21T05:31:15+00:00,station1,vrf_route_count,0.0
2026-07-21T05:31:30+00:00,station1,vrf_route_count,0.0
2026-07-21T05:31:45+00:00,station1,vrf_route_count,0.0
2026-07-21T05:32:00+00:00,station1,vrf_route_count,0.0
2026-07-21T05:32:15+00:00,station1,vrf_route_count,0.0
2026-07-21T05:32:30+00:00,station1,vrf_route_count,0.0
2026-07-21T05:32:45+00:00,station1,vrf_route_count,0.0
2026-07-21T05:33:00+00:00,station1,vrf_route_count,0.0
2026-07-21T05:33:15+00:00,station1,vrf_route_count,0.0
2026-07-21T05:33:30+00:00,station1,vrf_route_count,0.0
2026-07-21T05:33:45+00:00,station1,vrf_route_count,0.0
2026-07-21T05:34:00+00:00,station1,vrf_route_count,0.0
2026-07-21T05:34:15+00:00,station1,vrf_route_count,0.0
2026-07-21T05:34:30+00:00,station1,vrf_route_count,0.0
2026-07-21T05:34:45+00:00,station1,vrf_route_count,0.0
2026-07-21T05:35:00+00:00,station1,vrf_route_count,0.0
2026-07-21T05:35:15+00:00,station1,vrf_route_count,0.0
2026-07-21T05:35:30+00:00,station1,vrf_route_count,0.0
2026-07-21T05:35:45+00:00,station1,vrf_route_count,0.0
2026-07-21T05:36:00+00:00,station1,vrf_route_count,0.0
2026-07-21T05:36:15+00:00,station1,vrf_route_count,0.0
2026-07-21T05:36:30+00:00,station1,vrf_route_count,0.0
2026-07-21T05:36:45+00:00,station1,vrf_route_count,0.0
2026-07-21T05:37:00+00:00,station1,vrf_route_count,0.0
2026-07-21T05:37:15+00:00,station1,vrf_route_count,0.0
2026-07-21T05:37:30+00:00,station1,vrf_route_count,0.0
2026-07-21T05:37:45+00:00,station1,vrf_route_count,0.0
2026-07-21T05:38:00+00:00,station1,vrf_route_count,0.0
2026-07-21T05:38:15+00:00,station1,vrf_route_count,0.0
2026-07-21T05:38:30+00:00,station1,vrf_route_count,0.0
2026-07-21T05:38:45+00:00,station1,vrf_route_count,0.0
2026-07-21T05:39:00+00:00,station1,vrf_route_count,0.0
2026-07-21T05:39:15+00:00,station1,vrf_route_count,0.0
2026-07-21T05:39:30+00:00,station1,vrf_route_count,0.0
2026-07-21T05:39:45+00:00,station1,vrf_route_count,0.0
2026-07-21T05:40:00+00:00,station1,vrf_route_count,0.0
2026-07-21T05:40:15+00:00,station1,vrf_route_count,0.0
2026-07-21T05:40:30+00:00,station1,vrf_route_count,0.0
2026-07-21T05:40:45+00:00,station1,vrf_route_count,0.0
2026-07-21T05:41:00+00:00,station1,vrf_route_count,0.0
2026-07-21T05:41:15+00:00,station1,vrf_route_count,0.0
2026-07-21T05:41:30+00:00,station1,vrf_route_count,0.0
2026-07-21T05:41:45+00:00,station1,vrf_route_count,0.0
2026-07-21T05:42:00+00:00,station1,vrf_route_count,0.0
2026-07-21T05:42:15+00:00,station1,vrf_route_count,0.0
2026-07-21T05:42:30+00:00,station1,vrf_route_count,0.0
2026-07-21T05:42:45+00:00,station1,vrf_route_count,0.0
2026-07-21T05:43:00+00:00,station1,vrf_route_count,0.0
2026-07-21T05:43:15+00:00,station1,vrf_route_count,0.0
2026-07-21T05:43:30+00:00,station1,vrf_route_count,0.0
2026-07-21T05:43:45+00:00,station1,vrf_route_count,0.0
2026-07-21T05:44:00+00:00,station1,vrf_route_count,0.0
2026-07-21T05:44:15+00:00,station1,vrf_route_count,0.0
2026-07-21T05:44:30+00:00,station1,vrf_route_count,0.0
2026-07-21T05:44:45+00:00,station1,vrf_route_count,0.0
2026-07-21T05:45:00+00:00,station1,vrf_route_count,0.0
2026-07-21T05:45:15+00:00,station1,vrf_route_count,0.0
2026-07-21T05:45:30+00:00,station1,vrf_route_count,0.0
2026-07-21T05:45:45+00:00,station1,vrf_route_count,0.0
2026-07-21T05:46:00+00:00,station1,vrf_route_count,0.0
2026-07-21T05:46:15+00:00,station1,vrf_route_count,0.0
2026-07-21T05:46:30+00:00,station1,vrf_route_count,0.0
2026-07-21T05:46:45+00:00,station1,vrf_route_count,0.0
2026-07-21T05:47:00+00:00,station1,vrf_route_count,0.0
2026-07-21T05:47:15+00:00,station1,vrf_route_count,0.0
2026-07-21T05:47:30+00:00,station1,vrf_route_count,0.0
2026-07-21T05:47:45+00:00,station1,vrf_route_count,0.0
2026-07-21T05:48:00+00:00,station1,vrf_route_count,0.0
2026-07-21T05:48:15+00:00,station1,vrf_route_count,0.0
2026-07-21T05:48:30+00:00,station1,vrf_route_count,0.0
2026-07-21T05:48:45+00:00,station1,vrf_route_count,0.0
2026-07-21T05:49:00+00:00,station1,vrf_route_count,0.0
2026-07-21T05:49:15+00:00,station1,vrf_route_count,0.0
2026-07-21T05:49:30+00:00,station1,vrf_route_count,0.0
2026-07-21T05:49:45+00:00,station1,vrf_route_count,0.0
2026-07-21T05:50:00+00:00,station1,vrf_route_count,0.0
2026-07-21T05:50:15+00:00,station1,vrf_route_count,0.0
2026-07-21T05:50:30+00:00,station1,vrf_route_count,0.0
2026-07-21T05:50:45+00:00,station1,vrf_route_count,0.0
2026-07-21T05:51:00+00:00,station1,vrf_route_count,0.0
2026-07-21T05:51:15+00:00,station1,vrf_route_count,0.0
2026-07-21T05:51:30+00:00,station1,vrf_route_count,0.0
2026-07-21T05:51:45+00:00,station1,vrf_route_count,0.0
2026-07-21T05:52:00+00:00,station1,vrf_route_count,0.0
2026-07-21T05:52:15+00:00,station1,vrf_route_count,0.0
2026-07-21T05:52:30+00:00,station1,vrf_route_count,0.0
2026-07-21T05:52:45+00:00,station1,vrf_route_count,0.0
2026-07-21T05:53:00+00:00,station1,vrf_route_count,0.0
2026-07-21T05:53:15+00:00,station1,vrf_route_count,0.0
2026-07-21T05:53:30+00:00,station1,vrf_route_count,0.0
2026-07-21T05:53:45+00:00,station1,vrf_route_count,0.0
2026-07-21T05:54:00+00:00,station1,vrf_route_count,0.0
2026-07-21T05:54:15+00:00,station1,vrf_route_count,0.0
2026-07-21T05:54:30+00:00,station1,vrf_route_count,0.0
2026-07-21T04:06:30+00:00,station2,vrf_route_count,0.0
2026-07-21T04:06:45+00:00,station2,vrf_route_count,0.0
2026-07-21T04:07:00+00:00,station2,vrf_route_count,0.0
2026-07-21T04:07:15+00:00,station2,vrf_route_count,0.0
2026-07-21T04:07:30+00:00,station2,vrf_route_count,0.0
2026-07-21T04:07:45+00:00,station2,vrf_route_count,0.0
2026-07-21T04:08:00+00:00,station2,vrf_route_count,0.0
2026-07-21T04:08:15+00:00,station2,vrf_route_count,0.0
2026-07-21T04:08:30+00:00,station2,vrf_route_count,0.0
2026-07-21T04:08:45+00:00,station2,vrf_route_count,0.0
2026-07-21T04:09:00+00:00,station2,vrf_route_count,0.0
2026-07-21T04:09:15+00:00,station2,vrf_route_count,0.0
2026-07-21T04:09:30+00:00,station2,vrf_route_count,0.0
2026-07-21T04:09:45+00:00,station2,vrf_route_count,0.0
2026-07-21T04:10:00+00:00,station2,vrf_route_count,0.0
2026-07-21T04:10:15+00:00,station2,vrf_route_count,0.0
2026-07-21T04:10:30+00:00,station2,vrf_route_count,0.0
2026-07-21T04:10:45+00:00,station2,vrf_route_count,0.0
2026-07-21T04:11:00+00:00,station2,vrf_route_count,0.0
2026-07-21T04:11:15+00:00,station2,vrf_route_count,0.0
2026-07-21T04:11:30+00:00,station2,vrf_route_count,0.0
2026-07-21T04:11:45+00:00,station2,vrf_route_count,0.0
2026-07-21T04:12:00+00:00,station2,vrf_route_count,0.0
2026-07-21T04:12:15+00:00,station2,vrf_route_count,0.0
2026-07-21T04:12:30+00:00,station2,vrf_route_count,0.0
2026-07-21T04:12:45+00:00,station2,vrf_route_count,0.0
2026-07-21T04:13:00+00:00,station2,vrf_route_count,0.0
2026-07-21T04:13:15+00:00,station2,vrf_route_count,0.0
2026-07-21T04:13:30+00:00,station2,vrf_route_count,0.0
2026-07-21T04:13:45+00:00,station2,vrf_route_count,0.0
2026-07-21T04:14:00+00:00,station2,vrf_route_count,0.0
2026-07-21T04:14:15+00:00,station2,vrf_route_count,0.0
2026-07-21T04:14:30+00:00,station2,vrf_route_count,0.0
2026-07-21T04:14:45+00:00,station2,vrf_route_count,0.0
2026-07-21T04:15:00+00:00,station2,vrf_route_count,0.0
2026-07-21T04:15:15+00:00,station2,vrf_route_count,0.0
2026-07-21T04:15:30+00:00,station2,vrf_route_count,0.0
2026-07-21T04:15:45+00:00,station2,vrf_route_count,0.0
2026-07-21T04:16:00+00:00,station2,vrf_route_count,0.0
2026-07-21T04:16:15+00:00,station2,vrf_route_count,0.0
2026-07-21T04:16:30+00:00,station2,vrf_route_count,0.0
2026-07-21T04:16:45+00:00,station2,vrf_route_count,0.0
2026-07-21T04:17:00+00:00,station2,vrf_route_count,0.0
2026-07-21T04:17:15+00:00,station2,vrf_route_count,0.0
2026-07-21T04:17:30+00:00,station2,vrf_route_count,0.0
2026-07-21T04:17:45+00:00,station2,vrf_route_count,0.0
2026-07-21T04:18:00+00:00,station2,vrf_route_count,0.0
2026-07-21T04:18:15+00:00,station2,vrf_route_count,0.0
2026-07-21T04:18:30+00:00,station2,vrf_route_count,0.0
2026-07-21T04:18:45+00:00,station2,vrf_route_count,0.0
2026-07-21T04:19:00+00:00,station2,vrf_route_count,0.0
2026-07-21T04:19:15+00:00,station2,vrf_route_count,0.0
2026-07-21T04:19:30+00:00,station2,vrf_route_count,0.0
2026-07-21T04:19:45+00:00,station2,vrf_route_count,0.0
2026-07-21T04:20:00+00:00,station2,vrf_route_count,0.0
2026-07-21T04:20:15+00:00,station2,vrf_route_count,0.0
2026-07-21T04:20:30+00:00,station2,vrf_route_count,0.0
2026-07-21T04:20:45+00:00,station2,vrf_route_count,0.0
2026-07-21T04:21:00+00:00,station2,vrf_route_count,0.0
2026-07-21T04:21:15+00:00,station2,vrf_route_count,0.0
2026-07-21T04:21:30+00:00,station2,vrf_route_count,0.0
2026-07-21T04:21:45+00:00,station2,vrf_route_count,0.0
2026-07-21T04:22:00+00:00,station2,vrf_route_count,0.0
2026-07-21T04:22:15+00:00,station2,vrf_route_count,0.0
2026-07-21T04:22:30+00:00,station2,vrf_route_count,0.0
2026-07-21T04:22:45+00:00,station2,vrf_route_count,0.0
2026-07-21T04:23:00+00:00,station2,vrf_route_count,0.0
2026-07-21T04:23:15+00:00,station2,vrf_route_count,0.0
2026-07-21T04:23:30+00:00,station2,vrf_route_count,0.0
2026-07-21T04:23:45+00:00,station2,vrf_route_count,0.0
2026-07-21T04:24:00+00:00,station2,vrf_route_count,0.0
2026-07-21T04:24:15+00:00,station2,vrf_route_count,0.0
2026-07-21T04:24:30+00:00,station2,vrf_route_count,0.0
2026-07-21T04:24:45+00:00,station2,vrf_route_count,0.0
2026-07-21T04:25:00+00:00,station2,vrf_route_count,0.0
2026-07-21T04:25:15+00:00,station2,vrf_route_count,0.0
2026-07-21T04:25:30+00:00,station2,vrf_route_count,0.0
2026-07-21T04:25:45+00:00,station2,vrf_route_count,0.0
2026-07-21T04:26:00+00:00,station2,vrf_route_count,0.0
2026-07-21T04:26:15+00:00,station2,vrf_route_count,0.0
2026-07-21T04:26:30+00:00,station2,vrf_route_count,0.0
2026-07-21T04:26:45+00:00,station2,vrf_route_count,0.0
2026-07-21T04:27:00+00:00,station2,vrf_route_count,0.0
2026-07-21T04:27:15+00:00,station2,vrf_route_count,0.0
2026-07-21T04:27:30+00:00,station2,vrf_route_count,0.0
2026-07-21T04:27:45+00:00,station2,vrf_route_count,0.0
2026-07-21T04:28:00+00:00,station2,vrf_route_count,0.0
2026-07-21T04:28:15+00:00,station2,vrf_route_count,0.0
2026-07-21T04:28:30+00:00,station2,vrf_route_count,0.0
2026-07-21T04:28:45+00:00,station2,vrf_route_count,0.0
2026-07-21T04:29:00+00:00,station2,vrf_route_count,0.0
2026-07-21T04:29:15+00:00,station2,vrf_route_count,0.0
2026-07-21T04:29:30+00:00,station2,vrf_route_count,0.0
2026-07-21T04:29:45+00:00,station2,vrf_route_count,0.0
2026-07-21T04:30:00+00:00,station2,vrf_route_count,0.0
2026-07-21T04:30:15+00:00,station2,vrf_route_count,0.0
2026-07-21T04:30:30+00:00,station2,vrf_route_count,0.0
2026-07-21T04:30:45+00:00,station2,vrf_route_count,0.0
2026-07-21T04:31:00+00:00,station2,vrf_route_count,0.0
2026-07-21T04:31:15+00:00,station2,vrf_route_count,0.0
2026-07-21T04:31:30+00:00,station2,vrf_route_count,0.0
2026-07-21T04:31:45+00:00,station2,vrf_route_count,0.0
2026-07-21T04:32:00+00:00,station2,vrf_route_count,0.0
2026-07-21T04:32:15+00:00,station2,vrf_route_count,0.0
2026-07-21T04:32:30+00:00,station2,vrf_route_count,0.0
2026-07-21T04:32:45+00:00,station2,vrf_route_count,0.0
2026-07-21T04:33:00+00:00,station2,vrf_route_count,0.0
2026-07-21T04:33:15+00:00,station2,vrf_route_count,0.0
2026-07-21T04:33:30+00:00,station2,vrf_route_count,0.0
2026-07-21T04:33:45+00:00,station2,vrf_route_count,0.0
2026-07-21T04:34:00+00:00,station2,vrf_route_count,0.0
2026-07-21T04:34:15+00:00,station2,vrf_route_count,0.0
2026-07-21T04:34:30+00:00,station2,vrf_route_count,0.0
2026-07-21T04:34:45+00:00,station2,vrf_route_count,0.0
2026-07-21T04:35:00+00:00,station2,vrf_route_count,0.0
2026-07-21T04:35:15+00:00,station2,vrf_route_count,0.0
2026-07-21T04:35:30+00:00,station2,vrf_route_count,0.0
2026-07-21T04:35:45+00:00,station2,vrf_route_count,0.0
2026-07-21T04:36:00+00:00,station2,vrf_route_count,0.0
2026-07-21T04:36:15+00:00,station2,vrf_route_count,0.0
2026-07-21T04:36:30+00:00,station2,vrf_route_count,0.0
2026-07-21T04:36:45+00:00,station2,vrf_route_count,0.0
2026-07-21T04:37:00+00:00,station2,vrf_route_count,0.0
2026-07-21T04:37:15+00:00,station2,vrf_route_count,0.0
2026-07-21T04:37:30+00:00,station2,vrf_route_count,0.0
2026-07-21T04:37:45+00:00,station2,vrf_route_count,0.0
2026-07-21T04:38:00+00:00,station2,vrf_route_count,0.0
2026-07-21T04:38:15+00:00,station2,vrf_route_count,0.0
2026-07-21T04:38:30+00:00,station2,vrf_route_count,0.0
2026-07-21T04:38:45+00:00,station2,vrf_route_count,0.0
2026-07-21T04:39:00+00:00,station2,vrf_route_count,0.0
2026-07-21T04:39:15+00:00,station2,vrf_route_count,0.0
2026-07-21T04:39:30+00:00,station2,vrf_route_count,0.0
2026-07-21T04:39:45+00:00,station2,vrf_route_count,0.0
2026-07-21T04:40:00+00:00,station2,vrf_route_count,0.0
2026-07-21T04:40:15+00:00,station2,vrf_route_count,0.0
2026-07-21T04:40:30+00:00,station2,vrf_route_count,0.0
2026-07-21T04:40:45+00:00,station2,vrf_route_count,0.0
2026-07-21T04:41:00+00:00,station2,vrf_route_count,0.0
2026-07-21T04:41:15+00:00,station2,vrf_route_count,0.0
2026-07-21T04:41:30+00:00,station2,vrf_route_count,0.0
2026-07-21T04:41:45+00:00,station2,vrf_route_count,0.0
2026-07-21T04:42:00+00:00,station2,vrf_route_count,0.0
2026-07-21T04:42:15+00:00,station2,vrf_route_count,0.0
2026-07-21T04:42:30+00:00,station2,vrf_route_count,0.0
2026-07-21T04:42:45+00:00,station2,vrf_route_count,0.0
2026-07-21T04:43:00+00:00,station2,vrf_route_count,0.0
2026-07-21T04:43:15+00:00,station2,vrf_route_count,0.0
2026-07-21T04:43:30+00:00,station2,vrf_route_count,0.0
2026-07-21T04:43:45+00:00,station2,vrf_route_count,0.0
2026-07-21T04:44:00+00:00,station2,vrf_route_count,0.0
2026-07-21T04:44:15+00:00,station2,vrf_route_count,0.0
2026-07-21T04:44:30+00:00,station2,vrf_route_count,0.0
2026-07-21T04:44:45+00:00,station2,vrf_route_count,0.0
2026-07-21T04:45:00+00:00,station2,vrf_route_count,0.0
2026-07-21T04:45:15+00:00,station2,vrf_route_count,0.0
2026-07-21T04:45:30+00:00,station2,vrf_route_count,0.0
2026-07-21T04:45:45+00:00,station2,vrf_route_count,0.0
2026-07-21T04:46:00+00:00,station2,vrf_route_count,0.0
2026-07-21T04:46:15+00:00,station2,vrf_route_count,0.0
2026-07-21T04:46:30+00:00,station2,vrf_route_count,0.0
2026-07-21T04:46:45+00:00,station2,vrf_route_count,0.0
2026-07-21T04:47:00+00:00,station2,vrf_route_count,0.0
2026-07-21T04:47:15+00:00,station2,vrf_route_count,0.0
2026-07-21T04:47:30+00:00,station2,vrf_route_count,0.0
2026-07-21T04:47:45+00:00,station2,vrf_route_count,0.0
2026-07-21T04:48:00+00:00,station2,vrf_route_count,0.0
2026-07-21T04:48:15+00:00,station2,vrf_route_count,0.0
2026-07-21T04:48:30+00:00,station2,vrf_route_count,0.0
2026-07-21T04:48:45+00:00,station2,vrf_route_count,0.0
2026-07-21T04:49:00+00:00,station2,vrf_route_count,0.0
2026-07-21T04:49:15+00:00,station2,vrf_route_count,0.0
2026-07-21T04:49:30+00:00,station2,vrf_route_count,0.0
2026-07-21T04:49:45+00:00,station2,vrf_route_count,0.0
2026-07-21T04:50:00+00:00,station2,vrf_route_count,0.0
2026-07-21T04:50:15+00:00,station2,vrf_route_count,0.0
2026-07-21T04:50:30+00:00,station2,vrf_route_count,0.0
2026-07-21T04:50:45+00:00,station2,vrf_route_count,0.0
2026-07-21T04:51:00+00:00,station2,vrf_route_count,0.0
2026-07-21T04:51:15+00:00,station2,vrf_route_count,0.0
2026-07-21T04:51:30+00:00,station2,vrf_route_count,0.0
2026-07-21T04:51:45+00:00,station2,vrf_route_count,0.0
2026-07-21T04:52:00+00:00,station2,vrf_route_count,0.0
2026-07-21T04:52:15+00:00,station2,vrf_route_count,0.0
2026-07-21T04:52:30+00:00,station2,vrf_route_count,0.0
2026-07-21T04:52:45+00:00,station2,vrf_route_count,0.0
2026-07-21T04:53:00+00:00,station2,vrf_route_count,0.0
2026-07-21T04:53:15+00:00,station2,vrf_route_count,0.0
2026-07-21T04:53:30+00:00,station2,vrf_route_count,0.0
2026-07-21T04:53:45+00:00,station2,vrf_route_count,0.0
2026-07-21T04:54:00+00:00,station2,vrf_route_count,0.0
2026-07-21T04:54:15+00:00,station2,vrf_route_count,0.0
2026-07-21T04:54:30+00:00,station2,vrf_route_count,0.0
2026-07-21T04:54:45+00:00,station2,vrf_route_count,0.0
2026-07-21T04:55:00+00:00,station2,vrf_route_count,0.0
2026-07-21T04:55:15+00:00,station2,vrf_route_count,0.0
2026-07-21T04:55:30+00:00,station2,vrf_route_count,0.0
2026-07-21T04:55:45+00:00,station2,vrf_route_count,0.0
2026-07-21T04:56:00+00:00,station2,vrf_route_count,0.0
2026-07-21T04:56:15+00:00,station2,vrf_route_count,0.0
2026-07-21T04:56:30+00:00,station2,vrf_route_count,0.0
2026-07-21T04:56:45+00:00,station2,vrf_route_count,0.0
2026-07-21T04:57:00+00:00,station2,vrf_route_count,0.0
2026-07-21T04:57:15+00:00,station2,vrf_route_count,0.0
2026-07-21T04:57:30+00:00,station2,vrf_route_count,0.0
2026-07-21T04:57:45+00:00,station2,vrf_route_count,0.0
2026-07-21T04:58:00+00:00,station2,vrf_route_count,0.0
2026-07-21T04:58:15+00:00,station2,vrf_route_count,0.0
2026-07-21T04:58:30+00:00,station2,vrf_route_count,0.0
2026-07-21T04:58:45+00:00,station2,vrf_route_count,0.0
2026-07-21T04:59:00+00:00,station2,vrf_route_count,0.0
2026-07-21T04:59:15+00:00,station2,vrf_route_count,0.0
2026-07-21T04:59:30+00:00,station2,vrf_route_count,0.0
2026-07-21T04:59:45+00:00,station2,vrf_route_count,0.0
2026-07-21T05:00:00+00:00,station2,vrf_route_count,0.0
2026-07-21T05:00:15+00:00,station2,vrf_route_count,0.0
2026-07-21T05:00:30+00:00,station2,vrf_route_count,0.0
2026-07-21T05:00:45+00:00,station2,vrf_route_count,0.0
2026-07-21T05:01:00+00:00,station2,vrf_route_count,0.0
2026-07-21T05:01:15+00:00,station2,vrf_route_count,0.0
2026-07-21T05:01:30+00:00,station2,vrf_route_count,0.0
2026-07-21T05:01:45+00:00,station2,vrf_route_count,0.0
2026-07-21T05:02:00+00:00,station2,vrf_route_count,0.0
2026-07-21T05:02:15+00:00,station2,vrf_route_count,0.0
2026-07-21T05:02:30+00:00,station2,vrf_route_count,0.0
2026-07-21T05:02:45+00:00,station2,vrf_route_count,0.0
2026-07-21T05:03:00+00:00,station2,vrf_route_count,0.0
2026-07-21T05:03:15+00:00,station2,vrf_route_count,0.0
2026-07-21T05:03:30+00:00,station2,vrf_route_count,0.0
2026-07-21T05:03:45+00:00,station2,vrf_route_count,0.0
2026-07-21T05:04:00+00:00,station2,vrf_route_count,0.0
2026-07-21T05:04:15+00:00,station2,vrf_route_count,0.0
2026-07-21T05:04:30+00:00,station2,vrf_route_count,0.0
2026-07-21T05:04:45+00:00,station2,vrf_route_count,0.0
2026-07-21T05:05:00+00:00,station2,vrf_route_count,0.0
2026-07-21T05:05:15+00:00,station2,vrf_route_count,0.0
2026-07-21T05:05:30+00:00,station2,vrf_route_count,0.0
2026-07-21T05:05:45+00:00,station2,vrf_route_count,0.0
2026-07-21T05:06:00+00:00,station2,vrf_route_count,0.0
2026-07-21T05:06:15+00:00,station2,vrf_route_count,0.0
2026-07-21T05:06:30+00:00,station2,vrf_route_count,0.0
2026-07-21T05:06:45+00:00,station2,vrf_route_count,0.0
2026-07-21T05:07:00+00:00,station2,vrf_route_count,0.0
2026-07-21T05:07:15+00:00,station2,vrf_route_count,0.0
2026-07-21T05:07:30+00:00,station2,vrf_route_count,0.0
2026-07-21T05:07:45+00:00,station2,vrf_route_count,0.0
2026-07-21T05:08:00+00:00,station2,vrf_route_count,0.0
2026-07-21T05:08:15+00:00,station2,vrf_route_count,0.0
2026-07-21T05:08:30+00:00,station2,vrf_route_count,0.0
2026-07-21T05:08:45+00:00,station2,vrf_route_count,0.0
2026-07-21T05:09:00+00:00,station2,vrf_route_count,0.0
2026-07-21T05:09:15+00:00,station2,vrf_route_count,0.0
2026-07-21T05:09:30+00:00,station2,vrf_route_count,0.0
2026-07-21T05:09:45+00:00,station2,vrf_route_count,0.0
2026-07-21T05:10:00+00:00,station2,vrf_route_count,0.0
2026-07-21T05:10:15+00:00,station2,vrf_route_count,0.0
2026-07-21T05:10:30+00:00,station2,vrf_route_count,0.0
2026-07-21T05:10:45+00:00,station2,vrf_route_count,0.0
2026-07-21T05:11:00+00:00,station2,vrf_route_count,0.0
2026-07-21T05:11:15+00:00,station2,vrf_route_count,0.0
2026-07-21T05:11:30+00:00,station2,vrf_route_count,0.0
2026-07-21T05:11:45+00:00,station2,vrf_route_count,0.0
2026-07-21T05:12:00+00:00,station2,vrf_route_count,0.0
2026-07-21T05:12:15+00:00,station2,vrf_route_count,0.0
2026-07-21T05:12:30+00:00,station2,vrf_route_count,0.0
2026-07-21T05:12:45+00:00,station2,vrf_route_count,0.0
2026-07-21T05:13:00+00:00,station2,vrf_route_count,0.0
2026-07-21T05:13:15+00:00,station2,vrf_route_count,0.0
2026-07-21T05:13:30+00:00,station2,vrf_route_count,0.0
2026-07-21T05:13:45+00:00,station2,vrf_route_count,0.0
2026-07-21T05:14:00+00:00,station2,vrf_route_count,0.0
2026-07-21T05:14:15+00:00,station2,vrf_route_count,0.0
2026-07-21T05:14:30+00:00,station2,vrf_route_count,0.0
2026-07-21T05:14:45+00:00,station2,vrf_route_count,0.0
2026-07-21T05:15:00+00:00,station2,vrf_route_count,0.0
2026-07-21T05:15:15+00:00,station2,vrf_route_count,0.0
2026-07-21T05:15:30+00:00,station2,vrf_route_count,0.0
2026-07-21T05:15:45+00:00,station2,vrf_route_count,0.0
2026-07-21T05:16:00+00:00,station2,vrf_route_count,0.0
2026-07-21T05:16:15+00:00,station2,vrf_route_count,0.0
2026-07-21T05:16:30+00:00,station2,vrf_route_count,0.0
2026-07-21T05:16:45+00:00,station2,vrf_route_count,0.0
2026-07-21T05:17:00+00:00,station2,vrf_route_count,0.0
2026-07-21T05:17:15+00:00,station2,vrf_route_count,0.0
2026-07-21T05:17:30+00:00,station2,vrf_route_count,0.0
2026-07-21T05:17:45+00:00,station2,vrf_route_count,0.0
2026-07-21T05:18:00+00:00,station2,vrf_route_count,0.0
2026-07-21T05:18:15+00:00,station2,vrf_route_count,0.0
2026-07-21T05:18:30+00:00,station2,vrf_route_count,0.0
2026-07-21T05:18:45+00:00,station2,vrf_route_count,0.0
2026-07-21T05:19:00+00:00,station2,vrf_route_count,0.0
2026-07-21T05:19:15+00:00,station2,vrf_route_count,0.0
2026-07-21T05:19:30+00:00,station2,vrf_route_count,0.0
2026-07-21T05:19:45+00:00,station2,vrf_route_count,0.0
2026-07-21T05:20:00+00:00,station2,vrf_route_count,0.0
2026-07-21T05:20:15+00:00,station2,vrf_route_count,0.0
2026-07-21T05:20:30+00:00,station2,vrf_route_count,0.0
2026-07-21T05:20:45+00:00,station2,vrf_route_count,0.0
2026-07-21T05:21:00+00:00,station2,vrf_route_count,0.0
2026-07-21T05:21:15+00:00,station2,vrf_route_count,0.0
2026-07-21T05:21:30+00:00,station2,vrf_route_count,0.0
2026-07-21T05:21:45+00:00,station2,vrf_route_count,0.0
2026-07-21T05:22:00+00:00,station2,vrf_route_count,0.0
2026-07-21T05:22:15+00:00,station2,vrf_route_count,0.0
2026-07-21T05:22:30+00:00,station2,vrf_route_count,0.0
2026-07-21T05:22:45+00:00,station2,vrf_route_count,0.0
2026-07-21T05:23:00+00:00,station2,vrf_route_count,0.0
2026-07-21T05:23:15+00:00,station2,vrf_route_count,0.0
2026-07-21T05:23:30+00:00,station2,vrf_route_count,0.0
2026-07-21T05:23:45+00:00,station2,vrf_route_count,0.0
2026-07-21T05:24:00+00:00,station2,vrf_route_count,0.0
2026-07-21T05:24:15+00:00,station2,vrf_route_count,0.0
2026-07-21T05:24:30+00:00,station2,vrf_route_count,0.0
2026-07-21T05:24:45+00:00,station2,vrf_route_count,0.0
2026-07-21T05:25:00+00:00,station2,vrf_route_count,0.0
2026-07-21T05:25:15+00:00,station2,vrf_route_count,0.0
2026-07-21T05:25:30+00:00,station2,vrf_route_count,0.0
2026-07-21T05:25:45+00:00,station2,vrf_route_count,0.0
2026-07-21T05:26:00+00:00,station2,vrf_route_count,0.0
2026-07-21T05:26:15+00:00,station2,vrf_route_count,0.0
2026-07-21T05:26:30+00:00,station2,vrf_route_count,0.0
2026-07-21T05:26:45+00:00,station2,vrf_route_count,0.0
2026-07-21T05:27:00+00:00,station2,vrf_route_count,0.0
2026-07-21T05:27:15+00:00,station2,vrf_route_count,0.0
2026-07-21T05:27:30+00:00,station2,vrf_route_count,0.0
2026-07-21T05:27:45+00:00,station2,vrf_route_count,0.0
2026-07-21T05:28:00+00:00,station2,vrf_route_count,0.0
2026-07-21T05:28:15+00:00,station2,vrf_route_count,0.0
2026-07-21T05:28:30+00:00,station2,vrf_route_count,0.0
2026-07-21T05:28:45+00:00,station2,vrf_route_count,0.0
2026-07-21T05:29:00+00:00,station2,vrf_route_count,0.0
2026-07-21T05:29:15+00:00,station2,vrf_route_count,0.0
2026-07-21T05:29:30+00:00,station2,vrf_route_count,0.0
2026-07-21T05:29:45+00:00,station2,vrf_route_count,0.0
2026-07-21T05:30:00+00:00,station2,vrf_route_count,0.0
2026-07-21T05:30:15+00:00,station2,vrf_route_count,0.0
2026-07-21T05:30:30+00:00,station2,vrf_route_count,0.0
2026-07-21T05:30:45+00:00,station2,vrf_route_count,0.0
2026-07-21T05:31:00+00:00,station2,vrf_route_count,0.0
2026-07-21T05:31:15+00:00,station2,vrf_route_count,0.0
2026-07-21T05:31:30+00:00,station2,vrf_route_count,0.0
2026-07-21T05:31:45+00:00,station2,vrf_route_count,0.0
2026-07-21T05:32:00+00:00,station2,vrf_route_count,0.0
2026-07-21T05:32:15+00:00,station2,vrf_route_count,0.0
2026-07-21T05:32:30+00:00,station2,vrf_route_count,0.0
2026-07-21T05:32:45+00:00,station2,vrf_route_count,0.0
2026-07-21T05:33:00+00:00,station2,vrf_route_count,0.0
2026-07-21T05:33:15+00:00,station2,vrf_route_count,0.0
2026-07-21T05:33:30+00:00,station2,vrf_route_count,0.0
2026-07-21T05:33:45+00:00,station2,vrf_route_count,0.0
2026-07-21T05:34:00+00:00,station2,vrf_route_count,0.0
2026-07-21T05:34:15+00:00,station2,vrf_route_count,0.0
2026-07-21T05:34:30+00:00,station2,vrf_route_count,0.0
2026-07-21T05:34:45+00:00,station2,vrf_route_count,0.0
2026-07-21T05:35:00+00:00,station2,vrf_route_count,0.0
2026-07-21T05:35:15+00:00,station2,vrf_route_count,0.0
2026-07-21T05:35:30+00:00,station2,vrf_route_count,0.0
2026-07-21T05:35:45+00:00,station2,vrf_route_count,0.0
2026-07-21T05:36:00+00:00,station2,vrf_route_count,0.0
2026-07-21T05:36:15+00:00,station2,vrf_route_count,0.0
2026-07-21T05:36:30+00:00,station2,vrf_route_count,0.0
2026-07-21T05:36:45+00:00,station2,vrf_route_count,0.0
2026-07-21T05:37:00+00:00,station2,vrf_route_count,0.0
2026-07-21T05:37:15+00:00,station2,vrf_route_count,0.0
2026-07-21T05:37:30+00:00,station2,vrf_route_count,0.0
2026-07-21T05:37:45+00:00,station2,vrf_route_count,0.0
2026-07-21T05:38:00+00:00,station2,vrf_route_count,0.0
2026-07-21T05:38:15+00:00,station2,vrf_route_count,0.0
2026-07-21T05:38:30+00:00,station2,vrf_route_count,0.0
2026-07-21T05:38:45+00:00,station2,vrf_route_count,0.0
2026-07-21T05:39:00+00:00,station2,vrf_route_count,0.0
2026-07-21T05:39:15+00:00,station2,vrf_route_count,0.0
2026-07-21T05:39:30+00:00,station2,vrf_route_count,0.0
2026-07-21T05:39:45+00:00,station2,vrf_route_count,0.0
2026-07-21T05:40:00+00:00,station2,vrf_route_count,0.0
2026-07-21T05:40:15+00:00,station2,vrf_route_count,0.0
2026-07-21T05:40:30+00:00,station2,vrf_route_count,0.0
2026-07-21T05:40:45+00:00,station2,vrf_route_count,0.0
2026-07-21T05:41:00+00:00,station2,vrf_route_count,0.0
2026-07-21T05:41:15+00:00,station2,vrf_route_count,0.0
2026-07-21T05:41:30+00:00,station2,vrf_route_count,0.0
2026-07-21T05:41:45+00:00,station2,vrf_route_count,0.0
2026-07-21T05:42:00+00:00,station2,vrf_route_count,0.0
2026-07-21T05:42:15+00:00,station2,vrf_route_count,0.0
2026-07-21T05:42:30+00:00,station2,vrf_route_count,0.0
2026-07-21T05:42:45+00:00,station2,vrf_route_count,0.0
2026-07-21T05:43:00+00:00,station2,vrf_route_count,0.0
2026-07-21T05:43:15+00:00,station2,vrf_route_count,0.0
2026-07-21T05:43:30+00:00,station2,vrf_route_count,0.0
2026-07-21T05:43:45+00:00,station2,vrf_route_count,0.0
2026-07-21T05:44:00+00:00,station2,vrf_route_count,0.0
2026-07-21T05:44:15+00:00,station2,vrf_route_count,0.0
2026-07-21T05:44:30+00:00,station2,vrf_route_count,0.0
2026-07-21T05:44:45+00:00,station2,vrf_route_count,0.0
2026-07-21T05:45:00+00:00,station2,vrf_route_count,0.0
2026-07-21T05:45:15+00:00,station2,vrf_route_count,0.0
2026-07-21T05:45:30+00:00,station2,vrf_route_count,0.0
2026-07-21T05:45:45+00:00,station2,vrf_route_count,0.0
2026-07-21T05:46:00+00:00,station2,vrf_route_count,0.0
2026-07-21T05:46:15+00:00,station2,vrf_route_count,0.0
2026-07-21T05:46:30+00:00,station2,vrf_route_count,0.0
2026-07-21T05:46:45+00:00,station2,vrf_route_count,0.0
2026-07-21T05:47:00+00:00,station2,vrf_route_count,0.0
2026-07-21T05:47:15+00:00,station2,vrf_route_count,0.0
2026-07-21T05:47:30+00:00,station2,vrf_route_count,0.0
2026-07-21T05:47:45+00:00,station2,vrf_route_count,0.0
2026-07-21T05:48:00+00:00,station2,vrf_route_count,0.0
2026-07-21T05:48:15+00:00,station2,vrf_route_count,0.0
2026-07-21T05:48:30+00:00,station2,vrf_route_count,0.0
2026-07-21T05:48:45+00:00,station2,vrf_route_count,0.0
2026-07-21T05:49:00+00:00,station2,vrf_route_count,0.0
2026-07-21T05:49:15+00:00,station2,vrf_route_count,0.0
2026-07-21T05:49:30+00:00,station2,vrf_route_count,0.0
2026-07-21T05:49:45+00:00,station2,vrf_route_count,0.0
2026-07-21T05:50:00+00:00,station2,vrf_route_count,0.0
2026-07-21T05:50:15+00:00,station2,vrf_route_count,0.0
2026-07-21T05:50:30+00:00,station2,vrf_route_count,0.0
2026-07-21T05:50:45+00:00,station2,vrf_route_count,0.0
2026-07-21T05:51:00+00:00,station2,vrf_route_count,0.0
2026-07-21T05:51:15+00:00,station2,vrf_route_count,0.0
2026-07-21T05:51:30+00:00,station2,vrf_route_count,0.0
2026-07-21T05:51:45+00:00,station2,vrf_route_count,0.0
2026-07-21T05:52:00+00:00,station2,vrf_route_count,0.0
2026-07-21T05:52:15+00:00,station2,vrf_route_count,0.0
2026-07-21T05:52:30+00:00,station2,vrf_route_count,0.0
2026-07-21T05:52:45+00:00,station2,vrf_route_count,0.0
2026-07-21T05:53:00+00:00,station2,vrf_route_count,0.0
2026-07-21T05:53:15+00:00,station2,vrf_route_count,0.0
2026-07-21T05:53:30+00:00,station2,vrf_route_count,0.0
2026-07-21T05:53:45+00:00,station2,vrf_route_count,0.0
2026-07-21T05:54:00+00:00,station2,vrf_route_count,0.0
2026-07-21T05:54:15+00:00,station2,vrf_route_count,0.0
2026-07-21T05:54:30+00:00,station2,vrf_route_count,0.0
2026-07-21T04:06:30+00:00,station1,bgp_flap_count,60.0
2026-07-21T04:06:45+00:00,station1,bgp_flap_count,60.0
2026-07-21T04:07:00+00:00,station1,bgp_flap_count,60.0
2026-07-21T04:07:15+00:00,station1,bgp_flap_count,60.0
2026-07-21T04:07:30+00:00,station1,bgp_flap_count,60.0
2026-07-21T04:07:45+00:00,station1,bgp_flap_count,60.0
2026-07-21T04:08:00+00:00,station1,bgp_flap_count,60.0
2026-07-21T04:08:15+00:00,station1,bgp_flap_count,60.0
2026-07-21T04:08:30+00:00,station1,bgp_flap_count,60.0
2026-07-21T04:08:45+00:00,station1,bgp_flap_count,60.0
2026-07-21T04:09:00+00:00,station1,bgp_flap_count,60.0
2026-07-21T04:09:15+00:00,station1,bgp_flap_count,60.0
2026-07-21T04:09:30+00:00,station1,bgp_flap_count,60.0
2026-07-21T04:09:45+00:00,station1,bgp_flap_count,60.0
2026-07-21T04:10:00+00:00,station1,bgp_flap_count,60.0
2026-07-21T04:10:15+00:00,station1,bgp_flap_count,60.0
2026-07-21T04:10:30+00:00,station1,bgp_flap_count,60.0
2026-07-21T04:10:45+00:00,station1,bgp_flap_count,63.0
2026-07-21T04:11:00+00:00,station1,bgp_flap_count,63.0
2026-07-21T04:11:15+00:00,station1,bgp_flap_count,63.0
2026-07-21T04:11:30+00:00,station1,bgp_flap_count,63.0
2026-07-21T04:11:45+00:00,station1,bgp_flap_count,64.0
2026-07-21T04:12:00+00:00,station1,bgp_flap_count,64.0
2026-07-21T04:12:15+00:00,station1,bgp_flap_count,64.0
2026-07-21T04:12:30+00:00,station1,bgp_flap_count,64.0
2026-07-21T04:12:45+00:00,station1,bgp_flap_count,64.0
2026-07-21T04:13:00+00:00,station1,bgp_flap_count,64.0
2026-07-21T04:13:15+00:00,station1,bgp_flap_count,67.0
2026-07-21T04:13:30+00:00,station1,bgp_flap_count,67.0
2026-07-21T04:13:45+00:00,station1,bgp_flap_count,68.0
2026-07-21T04:14:00+00:00,station1,bgp_flap_count,68.0
2026-07-21T04:14:15+00:00,station1,bgp_flap_count,68.0
2026-07-21T04:14:30+00:00,station1,bgp_flap_count,68.0
2026-07-21T04:14:45+00:00,station1,bgp_flap_count,68.0
2026-07-21T04:15:00+00:00,station1,bgp_flap_count,68.0
2026-07-21T04:15:15+00:00,station1,bgp_flap_count,68.0
2026-07-21T04:15:30+00:00,station1,bgp_flap_count,71.0
2026-07-21T04:15:45+00:00,station1,bgp_flap_count,72.0
2026-07-21T04:16:00+00:00,station1,bgp_flap_count,72.0
2026-07-21T04:16:15+00:00,station1,bgp_flap_count,72.0
2026-07-21T04:16:30+00:00,station1,bgp_flap_count,72.0
2026-07-21T04:16:45+00:00,station1,bgp_flap_count,72.0
2026-07-21T04:17:00+00:00,station1,bgp_flap_count,72.0
2026-07-21T04:17:15+00:00,station1,bgp_flap_count,72.0
2026-07-21T04:17:30+00:00,station1,bgp_flap_count,72.0
2026-07-21T04:17:45+00:00,station1,bgp_flap_count,75.0
2026-07-21T04:18:00+00:00,station1,bgp_flap_count,75.0
2026-07-21T04:18:15+00:00,station1,bgp_flap_count,75.0
2026-07-21T04:18:30+00:00,station1,bgp_flap_count,75.0
2026-07-21T04:18:45+00:00,station1,bgp_flap_count,76.0
2026-07-21T04:19:00+00:00,station1,bgp_flap_count,76.0
2026-07-21T04:19:15+00:00,station1,bgp_flap_count,76.0
2026-07-21T04:19:30+00:00,station1,bgp_flap_count,76.0
2026-07-21T04:19:45+00:00,station1,bgp_flap_count,76.0
2026-07-21T04:20:00+00:00,station1,bgp_flap_count,79.0
2026-07-21T04:20:15+00:00,station1,bgp_flap_count,79.0
2026-07-21T04:20:30+00:00,station1,bgp_flap_count,82.0
2026-07-21T04:20:45+00:00,station1,bgp_flap_count,86.0
2026-07-21T04:21:00+00:00,station1,bgp_flap_count,86.0
2026-07-21T04:21:15+00:00,station1,bgp_flap_count,89.0
2026-07-21T04:21:30+00:00,station1,bgp_flap_count,92.0
2026-07-21T04:21:45+00:00,station1,bgp_flap_count,93.0
2026-07-21T04:22:00+00:00,station1,bgp_flap_count,93.0
2026-07-21T04:22:15+00:00,station1,bgp_flap_count,93.0
2026-07-21T04:22:30+00:00,station1,bgp_flap_count,93.0
2026-07-21T04:22:45+00:00,station1,bgp_flap_count,93.0
2026-07-21T04:23:00+00:00,station1,bgp_flap_count,93.0
2026-07-21T04:23:15+00:00,station1,bgp_flap_count,93.0
2026-07-21T04:23:30+00:00,station1,bgp_flap_count,93.0
2026-07-21T04:23:45+00:00,station1,bgp_flap_count,93.0
2026-07-21T04:24:00+00:00,station1,bgp_flap_count,93.0
2026-07-21T04:24:15+00:00,station1,bgp_flap_count,93.0
2026-07-21T04:24:30+00:00,station1,bgp_flap_count,93.0
2026-07-21T04:24:45+00:00,station1,bgp_flap_count,93.0
2026-07-21T04:25:00+00:00,station1,bgp_flap_count,93.0
2026-07-21T04:25:15+00:00,station1,bgp_flap_count,93.0
2026-07-21T04:25:30+00:00,station1,bgp_flap_count,93.0
2026-07-21T04:25:45+00:00,station1,bgp_flap_count,93.0
2026-07-21T04:26:00+00:00,station1,bgp_flap_count,93.0
2026-07-21T04:26:15+00:00,station1,bgp_flap_count,93.0
2026-07-21T04:26:30+00:00,station1,bgp_flap_count,93.0
2026-07-21T04:26:45+00:00,station1,bgp_flap_count,93.0
2026-07-21T04:27:00+00:00,station1,bgp_flap_count,93.0
2026-07-21T04:27:15+00:00,station1,bgp_flap_count,93.0
2026-07-21T04:27:30+00:00,station1,bgp_flap_count,93.0
2026-07-21T04:27:45+00:00,station1,bgp_flap_count,93.0
2026-07-21T04:28:00+00:00,station1,bgp_flap_count,93.0
2026-07-21T04:28:15+00:00,station1,bgp_flap_count,93.0
2026-07-21T04:28:30+00:00,station1,bgp_flap_count,93.0
2026-07-21T04:28:45+00:00,station1,bgp_flap_count,93.0
2026-07-21T04:29:00+00:00,station1,bgp_flap_count,93.0
2026-07-21T04:29:15+00:00,station1,bgp_flap_count,96.0
2026-07-21T04:29:30+00:00,station1,bgp_flap_count,96.0
2026-07-21T04:29:45+00:00,station1,bgp_flap_count,97.0
2026-07-21T04:30:00+00:00,station1,bgp_flap_count,97.0
2026-07-21T04:30:15+00:00,station1,bgp_flap_count,97.0
2026-07-21T04:30:30+00:00,station1,bgp_flap_count,97.0
2026-07-21T04:30:45+00:00,station1,bgp_flap_count,97.0
2026-07-21T04:31:00+00:00,station1,bgp_flap_count,97.0
2026-07-21T04:31:15+00:00,station1,bgp_flap_count,100.0
2026-07-21T04:31:30+00:00,station1,bgp_flap_count,100.0
2026-07-21T04:31:45+00:00,station1,bgp_flap_count,101.0
2026-07-21T04:32:00+00:00,station1,bgp_flap_count,101.0
2026-07-21T04:32:15+00:00,station1,bgp_flap_count,101.0
2026-07-21T04:32:30+00:00,station1,bgp_flap_count,101.0
2026-07-21T04:32:45+00:00,station1,bgp_flap_count,101.0
2026-07-21T04:33:00+00:00,station1,bgp_flap_count,101.0
2026-07-21T04:33:15+00:00,station1,bgp_flap_count,101.0
2026-07-21T04:33:30+00:00,station1,bgp_flap_count,104.0
2026-07-21T04:33:45+00:00,station1,bgp_flap_count,105.0
2026-07-21T04:34:00+00:00,station1,bgp_flap_count,105.0
2026-07-21T04:34:15+00:00,station1,bgp_flap_count,105.0
2026-07-21T04:34:30+00:00,station1,bgp_flap_count,105.0
2026-07-21T04:34:45+00:00,station1,bgp_flap_count,105.0
2026-07-21T04:35:00+00:00,station1,bgp_flap_count,105.0
2026-07-21T04:35:15+00:00,station1,bgp_flap_count,105.0
2026-07-21T04:35:30+00:00,station1,bgp_flap_count,108.0
2026-07-21T04:35:45+00:00,station1,bgp_flap_count,112.0
2026-07-21T04:36:00+00:00,station1,bgp_flap_count,112.0
2026-07-21T04:36:15+00:00,station1,bgp_flap_count,115.0
2026-07-21T04:36:30+00:00,station1,bgp_flap_count,118.0
2026-07-21T04:36:45+00:00,station1,bgp_flap_count,122.0
2026-07-21T04:37:00+00:00,station1,bgp_flap_count,122.0
2026-07-21T04:37:15+00:00,station1,bgp_flap_count,125.0
2026-07-21T04:37:30+00:00,station1,bgp_flap_count,125.0
2026-07-21T04:37:45+00:00,station1,bgp_flap_count,126.0
2026-07-21T04:38:00+00:00,station1,bgp_flap_count,126.0
2026-07-21T04:38:15+00:00,station1,bgp_flap_count,126.0
2026-07-21T04:38:30+00:00,station1,bgp_flap_count,126.0
2026-07-21T04:38:45+00:00,station1,bgp_flap_count,126.0
2026-07-21T04:39:00+00:00,station1,bgp_flap_count,126.0
2026-07-21T04:39:15+00:00,station1,bgp_flap_count,126.0
2026-07-21T04:39:30+00:00,station1,bgp_flap_count,126.0
2026-07-21T04:39:45+00:00,station1,bgp_flap_count,126.0
2026-07-21T04:40:00+00:00,station1,bgp_flap_count,126.0
2026-07-21T04:40:15+00:00,station1,bgp_flap_count,126.0
2026-07-21T04:40:30+00:00,station1,bgp_flap_count,126.0
2026-07-21T04:40:45+00:00,station1,bgp_flap_count,126.0
2026-07-21T04:41:00+00:00,station1,bgp_flap_count,126.0
2026-07-21T04:41:15+00:00,station1,bgp_flap_count,126.0
2026-07-21T04:41:30+00:00,station1,bgp_flap_count,126.0
2026-07-21T04:41:45+00:00,station1,bgp_flap_count,126.0
2026-07-21T04:42:00+00:00,station1,bgp_flap_count,126.0
2026-07-21T04:42:15+00:00,station1,bgp_flap_count,126.0
2026-07-21T04:42:30+00:00,station1,bgp_flap_count,126.0
2026-07-21T04:42:45+00:00,station1,bgp_flap_count,126.0
2026-07-21T04:43:00+00:00,station1,bgp_flap_count,126.0
2026-07-21T04:43:15+00:00,station1,bgp_flap_count,126.0
2026-07-21T04:43:30+00:00,station1,bgp_flap_count,126.0
2026-07-21T04:43:45+00:00,station1,bgp_flap_count,126.0
2026-07-21T04:44:00+00:00,station1,bgp_flap_count,126.0
2026-07-21T04:44:15+00:00,station1,bgp_flap_count,126.0
2026-07-21T04:44:30+00:00,station1,bgp_flap_count,126.0
2026-07-21T04:44:45+00:00,station1,bgp_flap_count,126.0
2026-07-21T04:45:00+00:00,station1,bgp_flap_count,126.0
2026-07-21T04:45:15+00:00,station1,bgp_flap_count,126.0
2026-07-21T04:45:30+00:00,station1,bgp_flap_count,126.0
2026-07-21T04:45:45+00:00,station1,bgp_flap_count,126.0
2026-07-21T04:46:00+00:00,station1,bgp_flap_count,126.0
2026-07-21T04:46:15+00:00,station1,bgp_flap_count,126.0
2026-07-21T04:46:30+00:00,station1,bgp_flap_count,126.0
2026-07-21T04:46:45+00:00,station1,bgp_flap_count,130.0
2026-07-21T04:47:00+00:00,station1,bgp_flap_count,130.0
2026-07-21T04:47:15+00:00,station1,bgp_flap_count,130.0
2026-07-21T04:47:30+00:00,station1,bgp_flap_count,130.0
2026-07-21T04:47:45+00:00,station1,bgp_flap_count,130.0
2026-07-21T04:48:00+00:00,station1,bgp_flap_count,130.0
2026-07-21T04:48:15+00:00,station1,bgp_flap_count,130.0
2026-07-21T04:48:30+00:00,station1,bgp_flap_count,130.0
2026-07-21T04:48:45+00:00,station1,bgp_flap_count,134.0
2026-07-21T04:49:00+00:00,station1,bgp_flap_count,134.0
2026-07-21T04:49:15+00:00,station1,bgp_flap_count,134.0
2026-07-21T04:49:30+00:00,station1,bgp_flap_count,134.0
2026-07-21T04:49:45+00:00,station1,bgp_flap_count,134.0
2026-07-21T04:50:00+00:00,station1,bgp_flap_count,134.0
2026-07-21T04:50:15+00:00,station1,bgp_flap_count,134.0
2026-07-21T04:50:30+00:00,station1,bgp_flap_count,137.0
2026-07-21T04:50:45+00:00,station1,bgp_flap_count,138.0
2026-07-21T04:51:00+00:00,station1,bgp_flap_count,138.0
2026-07-21T04:51:15+00:00,station1,bgp_flap_count,138.0
2026-07-21T04:51:30+00:00,station1,bgp_flap_count,138.0
2026-07-21T04:51:45+00:00,station1,bgp_flap_count,138.0
2026-07-21T04:52:00+00:00,station1,bgp_flap_count,138.0
2026-07-21T04:52:15+00:00,station1,bgp_flap_count,138.0
2026-07-21T04:52:30+00:00,station1,bgp_flap_count,141.0
2026-07-21T04:52:45+00:00,station1,bgp_flap_count,142.0
2026-07-21T04:53:00+00:00,station1,bgp_flap_count,142.0
2026-07-21T04:53:15+00:00,station1,bgp_flap_count,142.0
2026-07-21T04:53:30+00:00,station1,bgp_flap_count,142.0
2026-07-21T04:53:45+00:00,station1,bgp_flap_count,142.0
2026-07-21T04:54:00+00:00,station1,bgp_flap_count,142.0
2026-07-21T04:54:15+00:00,station1,bgp_flap_count,145.0
2026-07-21T04:54:30+00:00,station1,bgp_flap_count,148.0
2026-07-21T04:54:45+00:00,station1,bgp_flap_count,152.0
2026-07-21T04:55:00+00:00,station1,bgp_flap_count,155.0
2026-07-21T04:55:15+00:00,station1,bgp_flap_count,161.0
2026-07-21T04:55:30+00:00,station1,bgp_flap_count,164.0
2026-07-21T04:55:45+00:00,station1,bgp_flap_count,165.0
2026-07-21T04:56:00+00:00,station1,bgp_flap_count,165.0
2026-07-21T04:56:15+00:00,station1,bgp_flap_count,165.0
2026-07-21T04:56:30+00:00,station1,bgp_flap_count,165.0
2026-07-21T04:56:45+00:00,station1,bgp_flap_count,165.0
2026-07-21T04:57:00+00:00,station1,bgp_flap_count,165.0
2026-07-21T04:57:15+00:00,station1,bgp_flap_count,165.0
2026-07-21T04:57:30+00:00,station1,bgp_flap_count,165.0
2026-07-21T04:57:45+00:00,station1,bgp_flap_count,165.0
2026-07-21T04:58:00+00:00,station1,bgp_flap_count,165.0
2026-07-21T04:58:15+00:00,station1,bgp_flap_count,165.0
2026-07-21T04:58:30+00:00,station1,bgp_flap_count,165.0
2026-07-21T04:58:45+00:00,station1,bgp_flap_count,165.0
2026-07-21T04:59:00+00:00,station1,bgp_flap_count,165.0
2026-07-21T04:59:15+00:00,station1,bgp_flap_count,165.0
2026-07-21T04:59:30+00:00,station1,bgp_flap_count,165.0
2026-07-21T04:59:45+00:00,station1,bgp_flap_count,165.0
2026-07-21T05:00:00+00:00,station1,bgp_flap_count,165.0
2026-07-21T05:00:15+00:00,station1,bgp_flap_count,165.0
2026-07-21T05:00:30+00:00,station1,bgp_flap_count,165.0
2026-07-21T05:00:45+00:00,station1,bgp_flap_count,165.0
2026-07-21T05:01:00+00:00,station1,bgp_flap_count,165.0
2026-07-21T05:01:15+00:00,station1,bgp_flap_count,165.0
2026-07-21T05:01:30+00:00,station1,bgp_flap_count,165.0
2026-07-21T05:01:45+00:00,station1,bgp_flap_count,165.0
2026-07-21T05:02:00+00:00,station1,bgp_flap_count,165.0
2026-07-21T05:02:15+00:00,station1,bgp_flap_count,165.0
2026-07-21T05:02:30+00:00,station1,bgp_flap_count,165.0
2026-07-21T05:02:45+00:00,station1,bgp_flap_count,165.0
2026-07-21T05:03:00+00:00,station1,bgp_flap_count,168.0
2026-07-21T05:03:15+00:00,station1,bgp_flap_count,168.0
2026-07-21T05:03:30+00:00,station1,bgp_flap_count,168.0
2026-07-21T05:03:45+00:00,station1,bgp_flap_count,169.0
2026-07-21T05:04:00+00:00,station1,bgp_flap_count,169.0
2026-07-21T05:04:15+00:00,station1,bgp_flap_count,169.0
2026-07-21T05:04:30+00:00,station1,bgp_flap_count,169.0
2026-07-21T05:04:45+00:00,station1,bgp_flap_count,169.0
2026-07-21T05:05:00+00:00,station1,bgp_flap_count,169.0
2026-07-21T05:05:15+00:00,station1,bgp_flap_count,169.0
2026-07-21T05:05:30+00:00,station1,bgp_flap_count,169.0
2026-07-21T05:05:45+00:00,station1,bgp_flap_count,169.0
2026-07-21T05:06:00+00:00,station1,bgp_flap_count,169.0
2026-07-21T05:06:15+00:00,station1,bgp_flap_count,172.0
2026-07-21T05:06:30+00:00,station1,bgp_flap_count,172.0
2026-07-21T05:06:45+00:00,station1,bgp_flap_count,173.0
2026-07-21T05:07:00+00:00,station1,bgp_flap_count,173.0
2026-07-21T05:07:15+00:00,station1,bgp_flap_count,173.0
2026-07-21T05:07:30+00:00,station1,bgp_flap_count,173.0
2026-07-21T05:07:45+00:00,station1,bgp_flap_count,173.0
2026-07-21T05:08:00+00:00,station1,bgp_flap_count,173.0
2026-07-21T05:08:15+00:00,station1,bgp_flap_count,173.0
2026-07-21T05:08:30+00:00,station1,bgp_flap_count,173.0
2026-07-21T05:08:45+00:00,station1,bgp_flap_count,173.0
2026-07-21T05:09:00+00:00,station1,bgp_flap_count,173.0
2026-07-21T05:09:15+00:00,station1,bgp_flap_count,173.0
2026-07-21T05:09:30+00:00,station1,bgp_flap_count,173.0
2026-07-21T05:09:45+00:00,station1,bgp_flap_count,176.0
2026-07-21T05:10:00+00:00,station1,bgp_flap_count,176.0
2026-07-21T05:10:15+00:00,station1,bgp_flap_count,176.0
2026-07-21T05:10:30+00:00,station1,bgp_flap_count,176.0
2026-07-21T05:10:45+00:00,station1,bgp_flap_count,177.0
2026-07-21T05:11:00+00:00,station1,bgp_flap_count,177.0
2026-07-21T05:11:15+00:00,station1,bgp_flap_count,177.0
2026-07-21T05:11:30+00:00,station1,bgp_flap_count,177.0
2026-07-21T05:11:45+00:00,station1,bgp_flap_count,177.0
2026-07-21T05:12:00+00:00,station1,bgp_flap_count,177.0
2026-07-21T05:12:15+00:00,station1,bgp_flap_count,177.0
2026-07-21T05:12:30+00:00,station1,bgp_flap_count,177.0
2026-07-21T05:12:45+00:00,station1,bgp_flap_count,177.0
2026-07-21T05:13:00+00:00,station1,bgp_flap_count,180.0
2026-07-21T05:13:15+00:00,station1,bgp_flap_count,183.0
2026-07-21T05:13:30+00:00,station1,bgp_flap_count,186.0
2026-07-21T05:13:45+00:00,station1,bgp_flap_count,190.0
2026-07-21T05:14:00+00:00,station1,bgp_flap_count,193.0
2026-07-21T05:14:15+00:00,station1,bgp_flap_count,193.0
2026-07-21T05:14:30+00:00,station1,bgp_flap_count,193.0
2026-07-21T05:14:45+00:00,station1,bgp_flap_count,194.0
2026-07-21T05:15:00+00:00,station1,bgp_flap_count,194.0
2026-07-21T05:15:15+00:00,station1,bgp_flap_count,194.0
2026-07-21T05:15:30+00:00,station1,bgp_flap_count,194.0
2026-07-21T05:15:45+00:00,station1,bgp_flap_count,194.0
2026-07-21T05:16:00+00:00,station1,bgp_flap_count,194.0
2026-07-21T05:16:15+00:00,station1,bgp_flap_count,194.0
2026-07-21T05:16:30+00:00,station1,bgp_flap_count,194.0
2026-07-21T05:16:45+00:00,station1,bgp_flap_count,194.0
2026-07-21T05:17:00+00:00,station1,bgp_flap_count,194.0
2026-07-21T05:17:15+00:00,station1,bgp_flap_count,194.0
2026-07-21T05:17:30+00:00,station1,bgp_flap_count,194.0
2026-07-21T05:17:45+00:00,station1,bgp_flap_count,194.0
2026-07-21T05:18:00+00:00,station1,bgp_flap_count,194.0
2026-07-21T05:18:15+00:00,station1,bgp_flap_count,194.0
2026-07-21T05:18:30+00:00,station1,bgp_flap_count,194.0
2026-07-21T05:18:45+00:00,station1,bgp_flap_count,194.0
2026-07-21T05:19:00+00:00,station1,bgp_flap_count,194.0
2026-07-21T05:19:15+00:00,station1,bgp_flap_count,194.0
2026-07-21T05:19:30+00:00,station1,bgp_flap_count,194.0
2026-07-21T05:19:45+00:00,station1,bgp_flap_count,194.0
2026-07-21T05:20:00+00:00,station1,bgp_flap_count,194.0
2026-07-21T05:20:15+00:00,station1,bgp_flap_count,194.0
2026-07-21T05:20:30+00:00,station1,bgp_flap_count,194.0
2026-07-21T05:20:45+00:00,station1,bgp_flap_count,194.0
2026-07-21T05:21:00+00:00,station1,bgp_flap_count,194.0
2026-07-21T05:21:15+00:00,station1,bgp_flap_count,194.0
2026-07-21T05:21:30+00:00,station1,bgp_flap_count,194.0
2026-07-21T05:21:45+00:00,station1,bgp_flap_count,198.0
2026-07-21T05:22:00+00:00,station1,bgp_flap_count,198.0
2026-07-21T05:22:15+00:00,station1,bgp_flap_count,198.0
2026-07-21T05:22:30+00:00,station1,bgp_flap_count,198.0
2026-07-21T05:22:45+00:00,station1,bgp_flap_count,198.0
2026-07-21T05:23:00+00:00,station1,bgp_flap_count,198.0
2026-07-21T05:23:15+00:00,station1,bgp_flap_count,198.0
2026-07-21T05:23:30+00:00,station1,bgp_flap_count,198.0
2026-07-21T05:23:45+00:00,station1,bgp_flap_count,198.0
2026-07-21T05:24:00+00:00,station1,bgp_flap_count,198.0
2026-07-21T05:24:15+00:00,station1,bgp_flap_count,198.0
2026-07-21T05:24:30+00:00,station1,bgp_flap_count,198.0
2026-07-21T05:24:45+00:00,station1,bgp_flap_count,198.0
2026-07-21T05:25:00+00:00,station1,bgp_flap_count,198.0
2026-07-21T05:25:15+00:00,station1,bgp_flap_count,198.0
2026-07-21T05:25:30+00:00,station1,bgp_flap_count,198.0
2026-07-21T05:25:45+00:00,station1,bgp_flap_count,198.0
2026-07-21T05:26:00+00:00,station1,bgp_flap_count,201.0
2026-07-21T05:26:15+00:00,station1,bgp_flap_count,201.0
2026-07-21T05:26:30+00:00,station1,bgp_flap_count,201.0
2026-07-21T05:26:45+00:00,station1,bgp_flap_count,202.0
2026-07-21T05:27:00+00:00,station1,bgp_flap_count,202.0
2026-07-21T05:27:15+00:00,station1,bgp_flap_count,202.0
2026-07-21T05:27:30+00:00,station1,bgp_flap_count,202.0
2026-07-21T05:27:45+00:00,station1,bgp_flap_count,202.0
2026-07-21T05:28:00+00:00,station1,bgp_flap_count,202.0
2026-07-21T05:28:15+00:00,station1,bgp_flap_count,202.0
2026-07-21T05:28:30+00:00,station1,bgp_flap_count,202.0
2026-07-21T05:28:45+00:00,station1,bgp_flap_count,202.0
2026-07-21T05:29:00+00:00,station1,bgp_flap_count,202.0
2026-07-21T05:29:15+00:00,station1,bgp_flap_count,202.0
2026-07-21T05:29:30+00:00,station1,bgp_flap_count,202.0
2026-07-21T05:29:45+00:00,station1,bgp_flap_count,202.0
2026-07-21T05:30:00+00:00,station1,bgp_flap_count,202.0
2026-07-21T05:30:15+00:00,station1,bgp_flap_count,205.0
2026-07-21T05:30:30+00:00,station1,bgp_flap_count,205.0
2026-07-21T05:30:45+00:00,station1,bgp_flap_count,206.0
2026-07-21T05:31:00+00:00,station1,bgp_flap_count,206.0
2026-07-21T05:31:15+00:00,station1,bgp_flap_count,206.0
2026-07-21T05:31:30+00:00,station1,bgp_flap_count,206.0
2026-07-21T05:31:45+00:00,station1,bgp_flap_count,210.0
2026-07-21T05:32:00+00:00,station1,bgp_flap_count,213.0
2026-07-21T05:32:15+00:00,station1,bgp_flap_count,216.0
2026-07-21T05:32:30+00:00,station1,bgp_flap_count,219.0
2026-07-21T05:32:45+00:00,station1,bgp_flap_count,220.0
2026-07-21T05:33:00+00:00,station1,bgp_flap_count,220.0
2026-07-21T05:33:15+00:00,station1,bgp_flap_count,220.0
2026-07-21T05:33:30+00:00,station1,bgp_flap_count,220.0
2026-07-21T05:33:45+00:00,station1,bgp_flap_count,220.0
2026-07-21T05:34:00+00:00,station1,bgp_flap_count,220.0
2026-07-21T05:34:15+00:00,station1,bgp_flap_count,220.0
2026-07-21T05:34:30+00:00,station1,bgp_flap_count,220.0
2026-07-21T05:34:45+00:00,station1,bgp_flap_count,220.0
2026-07-21T05:35:00+00:00,station1,bgp_flap_count,220.0
2026-07-21T05:35:15+00:00,station1,bgp_flap_count,220.0
2026-07-21T05:35:30+00:00,station1,bgp_flap_count,220.0
2026-07-21T05:35:45+00:00,station1,bgp_flap_count,220.0
2026-07-21T05:36:00+00:00,station1,bgp_flap_count,220.0
2026-07-21T05:36:15+00:00,station1,bgp_flap_count,220.0
2026-07-21T05:36:30+00:00,station1,bgp_flap_count,220.0
2026-07-21T05:36:45+00:00,station1,bgp_flap_count,220.0
2026-07-21T05:37:00+00:00,station1,bgp_flap_count,220.0
2026-07-21T05:37:15+00:00,station1,bgp_flap_count,220.0
2026-07-21T05:37:30+00:00,station1,bgp_flap_count,220.0
2026-07-21T05:37:45+00:00,station1,bgp_flap_count,220.0
2026-07-21T05:38:00+00:00,station1,bgp_flap_count,220.0
2026-07-21T05:38:15+00:00,station1,bgp_flap_count,220.0
2026-07-21T05:38:30+00:00,station1,bgp_flap_count,220.0
2026-07-21T05:38:45+00:00,station1,bgp_flap_count,220.0
2026-07-21T05:39:00+00:00,station1,bgp_flap_count,220.0
2026-07-21T05:39:15+00:00,station1,bgp_flap_count,220.0
2026-07-21T05:39:30+00:00,station1,bgp_flap_count,220.0
2026-07-21T05:39:45+00:00,station1,bgp_flap_count,220.0
2026-07-21T05:40:00+00:00,station1,bgp_flap_count,220.0
2026-07-21T05:40:15+00:00,station1,bgp_flap_count,220.0
2026-07-21T05:40:30+00:00,station1,bgp_flap_count,223.0
2026-07-21T05:40:45+00:00,station1,bgp_flap_count,224.0
2026-07-21T05:41:00+00:00,station1,bgp_flap_count,224.0
2026-07-21T05:41:15+00:00,station1,bgp_flap_count,224.0
2026-07-21T05:41:30+00:00,station1,bgp_flap_count,224.0
2026-07-21T05:41:45+00:00,station1,bgp_flap_count,224.0
2026-07-21T05:42:00+00:00,station1,bgp_flap_count,224.0
2026-07-21T05:42:15+00:00,station1,bgp_flap_count,224.0
2026-07-21T05:42:30+00:00,station1,bgp_flap_count,224.0
2026-07-21T05:42:45+00:00,station1,bgp_flap_count,224.0
2026-07-21T05:43:00+00:00,station1,bgp_flap_count,224.0
2026-07-21T05:43:15+00:00,station1,bgp_flap_count,227.0
2026-07-21T05:43:30+00:00,station1,bgp_flap_count,227.0
2026-07-21T05:43:45+00:00,station1,bgp_flap_count,228.0
2026-07-21T05:44:00+00:00,station1,bgp_flap_count,228.0
2026-07-21T05:44:15+00:00,station1,bgp_flap_count,228.0
2026-07-21T05:44:30+00:00,station1,bgp_flap_count,228.0
2026-07-21T05:44:45+00:00,station1,bgp_flap_count,228.0
2026-07-21T05:45:00+00:00,station1,bgp_flap_count,228.0
2026-07-21T05:45:15+00:00,station1,bgp_flap_count,228.0
2026-07-21T05:45:30+00:00,station1,bgp_flap_count,228.0
2026-07-21T05:45:45+00:00,station1,bgp_flap_count,231.0
2026-07-21T05:46:00+00:00,station1,bgp_flap_count,231.0
2026-07-21T05:46:15+00:00,station1,bgp_flap_count,231.0
2026-07-21T05:46:30+00:00,station1,bgp_flap_count,231.0
2026-07-21T05:46:45+00:00,station1,bgp_flap_count,232.0
2026-07-21T05:47:00+00:00,station1,bgp_flap_count,232.0
2026-07-21T05:47:15+00:00,station1,bgp_flap_count,232.0
2026-07-21T05:47:30+00:00,station1,bgp_flap_count,232.0
2026-07-21T05:47:45+00:00,station1,bgp_flap_count,232.0
2026-07-21T05:48:00+00:00,station1,bgp_flap_count,232.0
2026-07-21T05:48:15+00:00,station1,bgp_flap_count,232.0
2026-07-21T05:48:30+00:00,station1,bgp_flap_count,235.0
2026-07-21T05:48:45+00:00,station1,bgp_flap_count,239.0
2026-07-21T05:49:00+00:00,station1,bgp_flap_count,239.0
2026-07-21T05:49:15+00:00,station1,bgp_flap_count,245.0
2026-07-21T05:49:30+00:00,station1,bgp_flap_count,245.0
2026-07-21T05:49:45+00:00,station1,bgp_flap_count,249.0
2026-07-21T05:50:00+00:00,station1,bgp_flap_count,252.0
2026-07-21T05:50:15+00:00,station1,bgp_flap_count,252.0
2026-07-21T05:50:30+00:00,station1,bgp_flap_count,252.0
2026-07-21T05:50:45+00:00,station1,bgp_flap_count,253.0
2026-07-21T05:51:00+00:00,station1,bgp_flap_count,253.0
2026-07-21T05:51:15+00:00,station1,bgp_flap_count,253.0
2026-07-21T05:51:30+00:00,station1,bgp_flap_count,253.0
2026-07-21T05:51:45+00:00,station1,bgp_flap_count,253.0
2026-07-21T05:52:00+00:00,station1,bgp_flap_count,253.0
2026-07-21T05:52:15+00:00,station1,bgp_flap_count,253.0
2026-07-21T05:52:30+00:00,station1,bgp_flap_count,253.0
2026-07-21T05:52:45+00:00,station1,bgp_flap_count,253.0
2026-07-21T05:53:00+00:00,station1,bgp_flap_count,253.0
2026-07-21T05:53:15+00:00,station1,bgp_flap_count,253.0
2026-07-21T05:53:30+00:00,station1,bgp_flap_count,253.0
2026-07-21T05:53:45+00:00,station1,bgp_flap_count,253.0
2026-07-21T05:54:00+00:00,station1,bgp_flap_count,253.0
2026-07-21T05:54:15+00:00,station1,bgp_flap_count,253.0
2026-07-21T05:54:30+00:00,station1,bgp_flap_count,253.0
