timestamp,host,bgp_flap_count,drop_out_rate,jitter_ms,latency_ms,packet_loss_pct,throughput_in_bps,throughput_out_bps,vrf_route_count,throughput_in_mbps,throughput_out_mbps,fault_type,run_id
2026-07-21T04:06:30+00:00,station1,60.0,0.0,829.709,3982.384,40.0,442007.41818181815,8873140.49090909,0.0,3.5360593454545453,70.98512392727272,none,
2026-07-21T04:06:30+00:00,station2,,0.0,1445.971,2953.717,0.0,8869959.109090907,443450.94545454544,0.0,70.95967287272725,3.5476075636363635,none,
2026-07-21T04:06:30+00:00,station3,,0.0,1449.651,2936.231,0.0,192.38181818181818,1073.4363636363637,,0.0015390545454545454,0.00858749090909091,none,
2026-07-21T04:06:45+00:00,station1,60.0,0.0,830.053,1140.659,0.0,553733.3636363636,11107111.872727271,0.0,4.429866909090909,88.85689498181817,none,
2026-07-21T04:06:45+00:00,station2,,0.0,832.791,1136.787,0.0,11105663.272727272,540377.8545454545,0.0,88.84530618181817,4.323022836363636,none,
2026-07-21T04:06:45+00:00,station3,,0.0,838.924,1121.043,0.0,227.45454545454544,1290.1636363636362,,0.0018196363636363636,0.01032130909090909,none,
2026-07-21T04:07:00+00:00,station1,60.0,0.0,830.053,1140.659,100.0,432223.21412337956,9430238.632024873,0.0,3.4577857129870364,75.44190905619898,none,
2026-07-21T04:07:00+00:00,station2,,0.0,832.791,1136.787,100.0,10546753.545454543,465110.19999999995,0.0,84.37402836363634,3.7208816,none,
2026-07-21T04:07:00+00:00,station3,,0.0,838.924,1121.043,100.0,190.3090909090909,1071.090909090909,,0.0015224727272727273,0.008568727272727271,none,
2026-07-21T04:07:15+00:00,station1,60.0,0.0,2048.54,4074.412,0.0,520639.8727272727,13165660.163636362,0.0,4.165118981818181,105.3252813090909,none,
2026-07-21T04:07:15+00:00,station2,,0.0,0.445,0.471,0.0,12597039.49090909,466234.0909090909,0.0,100.77631592727272,3.7298727272727272,none,
2026-07-21T04:07:15+00:00,station3,,0.0,1.072,0.952,0.0,234.47272727272727,1291.2363636363634,,0.001875781818181818,0.010329890909090908,none,
2026-07-21T04:07:30+00:00,station1,60.0,0.0,1.641,1.631,0.0,297826.8,9797088.163636362,0.0,2.3826144,78.3767053090909,none,
2026-07-21T04:07:30+00:00,station2,,0.0,0.121,0.325,0.0,9190189.545454543,243193.81818181818,0.0,73.52151636363635,1.9455505454545454,none,
2026-07-21T04:07:30+00:00,station3,,0.0,0.054,0.269,0.0,197.29090909090908,1078.7272727272727,,0.0015783272727272727,0.008629818181818181,none,
2026-07-21T04:07:45+00:00,station1,60.0,0.0,0.174,0.998,0.0,317235.2,10681970.163636362,0.0,2.5378816,85.4557613090909,none,
2026-07-21T04:07:45+00:00,station2,,0.0,0.142,0.815,0.0,10679691.127272727,333205.34545454546,0.0,85.43752901818182,2.6656427636363635,none,
2026-07-21T04:07:45+00:00,station3,,0.0,0.577,3.503,0.0,239.85454545454544,1287.9272727272726,,0.0019188363636363636,0.01030341818181818,none,
2026-07-21T04:08:00+00:00,station1,60.0,0.0,0.252,0.899,0.0,291743.67272727273,8445058.218181817,0.0,2.333949381818182,67.56046574545454,none,
2026-07-21T04:08:00+00:00,station2,,0.0,0.198,0.952,0.0,8442734.127272727,316193.6,0.0,67.54187301818182,2.5295487999999997,none,
2026-07-21T04:08:00+00:00,station3,,0.0,0.293,3.976,0.0,197.3272727272727,1068.9636363636362,,0.0015786181818181818,0.008551709090909089,none,
2026-07-21T04:08:15+00:00,station1,60.0,0.0,0.011,0.745,0.0,463027.47222777765,10916730.041271977,0.0,3.704219777822221,87.33384033017582,none,
2026-07-21T04:08:15+00:00,station2,,0.0,0.125,0.845,0.0,11483048.872727271,519899.10909090907,0.0,91.86439098181818,4.159192872727273,none,
2026-07-21T04:08:15+00:00,station3,,0.0,0.531,3.272,0.0,234.47272727272727,1287.090909090909,,0.001875781818181818,0.010296727272727272,none,
2026-07-21T04:08:30+00:00,station1,60.0,0.0,0.448,1.262,0.0,554300.1763604298,11164211.032526681,0.0,4.434401410883439,89.31368826021345,none,
2026-07-21T04:08:30+00:00,station2,,0.0,0.276,0.998,0.0,11163252.563636363,555449.7999999999,0.0,89.3060205090909,4.443598399999999,none,
2026-07-21T04:08:30+00:00,station3,,0.0,0.411,3.562,0.0,195.1090909090909,1072.9999999999998,,0.001560872727272727,0.008583999999999998,none,
2026-07-21T04:08:45+00:00,station1,60.0,0.0,0.017,0.315,0.0,552426.2649770004,11102607.152597224,0.0,4.419410119816003,88.8208572207778,none,
2026-07-21T04:08:45+00:00,station2,,0.0,1008.839,1567.317,0.0,11101035.4,553969.7090909091,0.0,88.8082832,4.431757672727273,none,
2026-07-21T04:08:45+00:00,station3,,0.0,1414.803,1952.81,0.0,232.29090909090908,1289.4727272727273,,0.0018583272727272727,0.010315781818181819,none,
2026-07-21T04:09:00+00:00,station1,60.0,0.0,1011.33,1571.605,0.0,442221.2545454545,8871130.709090909,0.0,3.537770036363636,70.96904567272728,none,
2026-07-21T04:09:00+00:00,station2,,0.0,1448.545,2957.285,0.0,8871203.49090909,443663.50909090904,0.0,70.96962792727273,3.549308072727272,none,
2026-07-21T04:09:00+00:00,station3,,0.0,1443.515,2961.42,0.0,182.4181818181818,1070.2363636363636,,0.0014593454545454544,0.00856189090909091,none,
2026-07-21T04:09:15+00:00,station1,60.0,0.0,1445.239,2962.129,100.0,554502.4545454545,11107348.38181818,0.0,4.4360196363636355,88.85878705454545,none,
2026-07-21T04:09:15+00:00,station2,,0.0,1448.545,2957.285,100.0,11104852.418181816,555957.9272727272,0.0,88.83881934545452,4.4476634181818175,none,
2026-07-21T04:09:15+00:00,station3,,0.0,2940.279,5390.438,0.0,231.85454545454544,1286.6363636363635,,0.0018548363636363635,0.010293090909090908,none,
2026-07-21T04:09:30+00:00,station1,60.0,0.0,1445.239,2962.129,100.0,462334.0727272727,9243311.872727273,0.0,3.6986725818181814,73.94649498181819,none,
2026-07-21T04:09:30+00:00,station2,,0.0,1270.318,1274.869,80.0,10358627.109090907,519341.2909090909,0.0,82.86901687272726,4.154730327272727,none,
2026-07-21T04:09:30+00:00,station3,,0.0,1449.853,7943.24,50.0,184.38181818181818,1077.2363636363636,,0.0014750545454545454,0.00861789090909091,none,
2026-07-21T04:09:45+00:00,station1,60.0,0.0,2448.643,5013.691,44.44444444444444,654458.9022416959,13104036.27074887,0.0,5.235671217933567,104.83229016599097,none,
2026-07-21T04:09:45+00:00,station2,,0.0,0.002,0.253,0.0,11987224.272727272,600152.618181818,0.0,95.89779418181817,4.801220945454545,none,
2026-07-21T04:09:45+00:00,station3,,0.0,0.011,0.198,0.0,239.9272727272727,1290.0363636363634,,0.0019194181818181816,0.010320290909090908,none,
2026-07-21T04:10:00+00:00,station1,60.0,0.0,0.039,0.259,0.0,431572.3740431645,8638195.839924362,0.0,3.452578992345316,69.10556671939489,none,
2026-07-21T04:10:00+00:00,station2,,0.0,0.036,0.204,0.0,7519925.49090909,376863.0363636363,0.0,60.15940392727272,3.0149042909090906,none,
2026-07-21T04:10:00+00:00,station3,,0.0,0.022,0.32,0.0,201.58181818181816,1072.6,,0.0016126545454545453,0.0085808,none,
2026-07-21T04:10:15+00:00,station1,60.0,0.0,2341.806,3585.05,0.0,444601.18181818177,8881917.654545454,0.0,3.556809454545454,71.05534123636363,none,
2026-07-21T04:10:15+00:00,station2,,0.0,1082.977,2632.602,0.0,8881391.763636362,446013.5272727272,0.0,71.0511341090909,3.568108218181818,none,
2026-07-21T04:10:15+00:00,station3,,0.0,1443.693,2962.596,0.0,236.6181818181818,1295.4,,0.0018929454545454543,0.010363200000000001,none,
2026-07-21T04:10:30+00:00,station1,60.0,0.0,1443.543,2958.354,0.0,333165.25154088106,6647343.884656643,0.0,2.6653220123270485,53.17875107725314,bgp_route_flap,real_bgp_flap_recall_001
2026-07-21T04:10:30+00:00,station2,,0.0,1421.659,1967.673,0.0,6646062.6,334350.309090909,0.0,53.1685008,2.674802472727272,bgp_route_flap,real_bgp_flap_recall_001
2026-07-21T04:10:30+00:00,station3,,0.0,1447.783,2948.448,0.0,197.29090909090908,1078.6545454545453,,0.0015783272727272727,0.008629236363636363,bgp_route_flap,real_bgp_flap_recall_001
2026-07-21T04:10:45+00:00,station1,63.0,0.0,1445.223,2988.351,0.0,459658.2607588953,9177969.236922966,0.0,3.6772660860711626,73.42375389538373,bgp_route_flap,real_bgp_flap_recall_001
2026-07-21T04:10:45+00:00,station2,,0.0,1444.216,2964.825,0.0,10293877.327272726,516665.90909090906,0.0,82.35101861818181,4.133327272727272,bgp_route_flap,real_bgp_flap_recall_001
2026-07-21T04:10:45+00:00,station3,,0.0,1447.349,2948.591,0.0,230.69090909090906,1290.7636363636364,,0.0018455272727272724,0.010326109090909091,bgp_route_flap,real_bgp_flap_recall_001
2026-07-21T04:11:00+00:00,station1,63.0,0.0,1447.003,2880.448,0.0,558116.4363636363,11168345.67272727,0.0,4.46493149090909,89.34676538181816,bgp_route_flap,real_bgp_flap_recall_001
2026-07-21T04:11:00+00:00,station2,,0.0,1419.838,1977.489,0.0,11166645.163636362,559248.4181818181,0.0,89.3331613090909,4.473987345454545,bgp_route_flap,real_bgp_flap_recall_001
2026-07-21T04:11:00+00:00,station3,,0.0,1442.81,2962.474,0.0,189.7272727272727,1069.6727272727271,,0.0015178181818181816,0.008557381818181817,bgp_route_flap,real_bgp_flap_recall_001
2026-07-21T04:11:15+00:00,station1,63.0,0.0,0.009,0.228,0.0,546623.8568805339,10932109.284948094,0.0,4.372990855044271,87.45687427958475,bgp_route_flap,real_bgp_flap_recall_001
2026-07-21T04:11:15+00:00,station2,,0.0,0.034,0.237,0.0,9814094.418181816,492103.39999999997,0.0,78.51275534545452,3.9368271999999997,bgp_route_flap,real_bgp_flap_recall_001
2026-07-21T04:11:15+00:00,station3,,0.0,0.027,0.302,0.0,237.09090909090907,1285.6363636363635,,0.0018967272727272726,0.010285090909090909,bgp_route_flap,real_bgp_flap_recall_001
2026-07-21T04:11:30+00:00,station1,63.0,0.0,0.019,0.306,0.0,332538.5636363636,6635020.672727272,0.0,2.6603085090909087,53.080165381818176,bgp_route_flap,real_bgp_flap_recall_001
2026-07-21T04:11:30+00:00,station2,,0.0,0.037,0.253,0.0,6634443.509090909,333745.7636363636,0.0,53.07554807272727,2.669966109090909,bgp_route_flap,real_bgp_flap_recall_001
2026-07-21T04:11:30+00:00,station3,,0.0,0.069,0.274,0.0,191.98181818181817,1074.9090909090908,,0.0015358545454545454,0.008599272727272726,bgp_route_flap,real_bgp_flap_recall_001
2026-07-21T04:11:45+00:00,station1,64.0,0.0,2342.944,3588.177,100.0,444258.0727272727,8872100.781818181,0.0,3.5540645818181815,70.97680625454545,bgp_route_flap,real_bgp_flap_recall_001
2026-07-21T04:11:45+00:00,station2,,0.0,2045.96,4092.093,100.0,8870747.218181817,445565.8181818182,0.0,70.96597774545454,3.5645265454545454,bgp_route_flap,real_bgp_flap_recall_001
2026-07-21T04:11:45+00:00,station3,,0.0,2047.601,4074.64,100.0,227.38181818181818,1296.8181818181815,,0.0018190545454545453,0.010374545454545452,bgp_route_flap,real_bgp_flap_recall_001
2026-07-21T04:12:00+00:00,station1,64.0,0.0,2342.944,3588.177,100.0,344350.8899514572,6873022.544224861,0.0,2.7548071196116575,54.98418035379889,bgp_route_flap,real_bgp_flap_recall_001
2026-07-21T04:12:00+00:00,station2,,0.0,2098.703,2102.437,80.0,7989366.290909091,401257.309090909,0.0,63.91493032727273,3.210058472727272,bgp_route_flap,real_bgp_flap_recall_001
2026-07-21T04:12:00+00:00,station3,,0.0,1746.061,2647.01,0.0,204.4181818181818,1087.3999999999999,,0.0016353454545454545,0.008699199999999999,bgp_route_flap,real_bgp_flap_recall_001
2026-07-21T04:12:15+00:00,station1,64.0,0.0,1914.631,1915.904,80.0,567645.8909090909,11342082.309090909,0.0,4.541167127272727,90.73665847272727,bgp_route_flap,real_bgp_flap_recall_001
2026-07-21T04:12:15+00:00,station2,,0.0,0.0,0.36,90.0,12457545.327272726,624757.3818181817,0.0,99.66036261818181,4.998059054545454,bgp_route_flap,real_bgp_flap_recall_001
2026-07-21T04:12:15+00:00,station3,,0.0,838.193,1116.505,100.0,246.0363636363636,1316.1636363636362,,0.001968290909090909,0.01052930909090909,bgp_route_flap,real_bgp_flap_recall_001
2026-07-21T04:12:30+00:00,station1,64.0,0.0,1144.85,1730.156,20.0,550504.5818181818,11011946.272727272,0.0,4.404036654545454,88.09557018181818,bgp_route_flap,real_bgp_flap_recall_001
2026-07-21T04:12:30+00:00,station2,,0.0,0.016,0.227,0.0,9893308.054545455,495845.19999999995,0.0,79.14646443636364,3.9667615999999994,bgp_route_flap,real_bgp_flap_recall_001
2026-07-21T04:12:30+00:00,station3,,0.0,0.053,0.225,0.0,226.9272727272727,1098.381818181818,,0.0018154181818181817,0.008787054545454545,bgp_route_flap,real_bgp_flap_recall_001
2026-07-21T04:12:45+00:00,station1,64.0,0.0,0.013,0.313,0.0,444362.8545454545,8868436.709090909,0.0,3.554902836363636,70.94749367272728,bgp_route_flap,real_bgp_flap_recall_001
2026-07-21T04:12:45+00:00,station2,,0.0,1419.738,2059.032,16.666666666666664,8865985.327272726,445550.16363636364,0.0,70.92788261818181,3.564401309090909,bgp_route_flap,real_bgp_flap_recall_001
2026-07-21T04:12:45+00:00,station3,,0.0,1419.856,2045.0,0.0,268.25454545454545,1307.3272727272727,,0.0021460363636363637,0.010458618181818181,bgp_route_flap,real_bgp_flap_recall_001
2026-07-21T04:13:00+00:00,station1,64.0,0.0,1419.827,2045.743,0.0,332846.9272727273,6633939.963636364,0.0,2.6627754181818184,53.071519709090914,bgp_route_flap,real_bgp_flap_recall_001
2026-07-21T04:13:00+00:00,station2,,0.0,1419.738,2059.032,16.666666666666664,6631846.218181818,333818.70909090905,0.0,53.05476974545454,2.6705496727272724,bgp_route_flap,real_bgp_flap_recall_001
2026-07-21T04:13:00+00:00,station3,,0.0,1419.856,2045.0,0.0,196.16363636363633,1070.4363636363637,,0.0015693090909090907,0.00856349090909091,bgp_route_flap,real_bgp_flap_recall_001
2026-07-21T04:13:15+00:00,station1,67.0,0.0,834.124,1091.341,0.0,444458.4477210334,8866197.461956622,0.0,3.5556675817682675,70.92957969565298,bgp_route_flap,real_bgp_flap_recall_001
2026-07-21T04:13:15+00:00,station2,,0.0,840.548,1120.25,0.0,8864750.745454544,445629.94545454544,0.0,70.91800596363635,3.5650395636363634,bgp_route_flap,real_bgp_flap_recall_001
2026-07-21T04:13:15+00:00,station3,,0.0,832.328,1127.909,0.0,251.7090909090909,1293.7636363636364,,0.002013672727272727,0.01035010909090909,bgp_route_flap,real_bgp_flap_recall_001
2026-07-21T04:13:30+00:00,station1,67.0,0.0,2888.243,4440.336,0.0,452300.0909090909,9027422.945454543,0.0,3.618400727272727,72.21938356363634,bgp_route_flap,real_bgp_flap_recall_001
2026-07-21T04:13:30+00:00,station2,,0.0,0.0,125.6,90.0,10142775.581818182,509048.63636363635,0.0,81.14220465454545,4.072389090909091,bgp_route_flap,real_bgp_flap_recall_001
2026-07-21T04:13:30+00:00,station3,,0.0,2889.332,4418.108,0.0,197.9090909090909,1077.6,,0.0015832727272727272,0.0086208,bgp_route_flap,real_bgp_flap_recall_001
2026-07-21T04:13:45+00:00,station1,68.0,0.0,1138.289,3101.29,20.0,665756.2,13323337.163636362,0.0,5.326049599999999,106.5866973090909,bgp_route_flap,real_bgp_flap_recall_001
2026-07-21T04:13:45+00:00,station2,,0.0,0.021,0.237,0.0,12205233.47272727,611261.2181818181,0.0,97.64186778181816,4.890089745454545,bgp_route_flap,real_bgp_flap_recall_001
2026-07-21T04:13:45+00:00,station3,,0.0,0.031,0.213,0.0,244.79999999999998,1294.3454545454545,,0.0019584,0.010354763636363635,bgp_route_flap,real_bgp_flap_recall_001
2026-07-21T04:14:00+00:00,station1,68.0,0.0,0.042,0.238,0.0,442475.48226395884,8855200.559989817,0.0,3.5398038581116706,70.84160447991854,bgp_route_flap,real_bgp_flap_recall_001
2026-07-21T04:14:00+00:00,station2,,0.0,0.035,0.235,0.0,7737433.781818181,387707.5636363636,0.0,61.89947025454545,3.101660509090909,bgp_route_flap,real_bgp_flap_recall_001
2026-07-21T04:14:00+00:00,station3,,0.0,0.025,0.33,0.0,196.09090909090907,1074.290909090909,,0.0015687272727272724,0.008594327272727272,bgp_route_flap,real_bgp_flap_recall_001
2026-07-21T04:14:15+00:00,station1,68.0,0.0,291.285,1111.598,80.0,443896.98369120556,8870412.228868566,0.0,3.5511758695296445,70.96329783094853,bgp_route_flap,real_bgp_flap_recall_001
2026-07-21T04:14:15+00:00,station2,,0.0,291.203,1114.273,80.0,8870009.654545454,445222.94545454544,0.0,70.96007723636363,3.5617835636363635,bgp_route_flap,real_bgp_flap_recall_001
2026-07-21T04:14:15+00:00,station3,,0.0,0.0,817.264,90.0,226.58181818181816,1291.0727272727272,,0.0018126545454545454,0.010328581818181817,bgp_route_flap,real_bgp_flap_recall_001
2026-07-21T04:14:30+00:00,station1,68.0,0.0,1442.614,3034.157,0.0,332308.0,6636850.345454545,0.0,2.658464,53.09480276363636,bgp_route_flap,real_bgp_flap_recall_001
2026-07-21T04:14:30+00:00,station2,,0.0,832.237,4049.747,40.0,6635332.018181818,333490.0545454545,0.0,53.08265614545454,2.667920436363636,bgp_route_flap,real_bgp_flap_recall_001
2026-07-21T04:14:30+00:00,station3,,0.0,1449.539,3011.896,0.0,195.76363636363632,1076.0181818181818,,0.0015661090909090906,0.008608145454545454,bgp_route_flap,real_bgp_flap_recall_001
2026-07-21T04:14:45+00:00,station1,68.0,0.0,1197.489,2766.187,0.0,447712.09614370647,8952177.014963364,0.0,3.581696769149652,71.61741611970692,bgp_route_flap,real_bgp_flap_recall_001
2026-07-21T04:14:45+00:00,station2,,0.0,1449.717,2948.602,100.0,10068123.218181817,504856.10909090907,0.0,80.54498574545454,4.038848872727272,bgp_route_flap,real_bgp_flap_recall_001
2026-07-21T04:14:45+00:00,station3,,0.0,1445.086,2956.342,100.0,222.2181818181818,1292.2545454545455,,0.0017777454545454543,0.010338036363636364,bgp_route_flap,real_bgp_flap_recall_001
2026-07-21T04:15:00+00:00,station1,68.0,0.0,1197.489,2766.187,100.0,558489.1001981782,11172398.738204759,0.0,4.467912801585426,89.37918990563807,bgp_route_flap,real_bgp_flap_recall_001
2026-07-21T04:15:00+00:00,station2,,0.0,1449.717,2948.602,100.0,11171552.654545454,559004.2727272727,0.0,89.37242123636364,4.472034181818182,bgp_route_flap,real_bgp_flap_recall_001
2026-07-21T04:15:00+00:00,station3,,0.0,1445.086,2956.342,100.0,181.65454545454543,1082.8545454545454,,0.0014532363636363633,0.008662836363636362,bgp_route_flap,real_bgp_flap_recall_001
2026-07-21T04:15:15+00:00,station1,68.0,0.0,0.031,0.25,0.0,557916.4545454545,11169613.054545455,0.0,4.463331636363636,89.35690443636364,bgp_route_flap,real_bgp_flap_recall_001
2026-07-21T04:15:15+00:00,station2,,0.0,0.039,0.281,0.0,10050480.745454544,503377.39999999997,0.0,80.40384596363636,4.0270192,bgp_route_flap,real_bgp_flap_recall_001
2026-07-21T04:15:15+00:00,station3,,0.0,0.04,0.29,0.0,279.6,1322.7636363636364,,0.0022368,0.01058210909090909,bgp_route_flap,real_bgp_flap_recall_001
2026-07-21T04:15:30+00:00,station1,71.0,0.0,0.014,0.26,0.0,345758.2,6895670.381818181,0.0,2.7660656,55.165363054545445,bgp_route_flap,real_bgp_flap_recall_001
2026-07-21T04:15:30+00:00,station2,,0.0,1442.781,3031.592,0.0,6895623.072727272,346985.8545454545,0.0,55.16498458181818,2.775886836363636,bgp_route_flap,real_bgp_flap_recall_001
2026-07-21T04:15:30+00:00,station3,,0.0,1447.336,3015.949,0.0,224.7090909090909,1112.4545454545453,,0.001797672727272727,0.008899636363636361,bgp_route_flap,real_bgp_flap_recall_001
2026-07-21T04:15:45+00:00,station1,72.0,0.0,1421.957,2032.028,0.0,457577.54545454547,9128308.654545454,0.0,3.660620363636364,73.02646923636364,bgp_route_flap,real_bgp_flap_recall_001
2026-07-21T04:15:45+00:00,station2,,0.0,1440.406,2038.641,0.0,9126989.618181817,458754.54545454547,0.0,73.01591694545453,3.6700363636363638,bgp_route_flap,real_bgp_flap_recall_001
2026-07-21T04:15:45+00:00,station3,,0.0,1422.629,2038.032,0.0,277.52727272727276,1320.2,,0.002220218181818182,0.0105616,bgp_route_flap,real_bgp_flap_recall_001
2026-07-21T04:16:00+00:00,station1,72.0,0.0,1655.266,2618.661,16.666666666666664,345524.2727272727,6896558.799999999,0.0,2.7641941818181817,55.172470399999995,bgp_route_flap,real_bgp_flap_recall_001
2026-07-21T04:16:00+00:00,station2,,0.0,1387.37,1568.321,0.0,8012201.054545454,402365.70909090905,0.0,64.09760843636363,3.2189256727272726,bgp_route_flap,real_bgp_flap_recall_001
2026-07-21T04:16:00+00:00,station3,,0.0,1670.685,2328.616,0.0,190.8181818181818,1069.4363636363637,,0.0015265454545454545,0.008555490909090909,bgp_route_flap,real_bgp_flap_recall_001
2026-07-21T04:16:15+00:00,station1,72.0,0.0,1231.526,2171.496,0.0,568896.4056506009,11364995.27298511,0.0,4.551171245204808,90.91996218388088,bgp_route_flap,real_bgp_flap_recall_001
2026-07-21T04:16:15+00:00,station2,,0.0,1232.465,2200.251,0.0,12480676.127272727,625980.9818181818,0.0,99.84540901818181,5.007847854545455,bgp_route_flap,real_bgp_flap_recall_001
2026-07-21T04:16:15+00:00,station3,,0.0,1231.006,2206.085,0.0,230.87272727272727,1288.0181818181816,,0.0018469818181818182,0.010304145454545452,bgp_route_flap,real_bgp_flap_recall_001
2026-07-21T04:16:30+00:00,station1,72.0,0.0,1162.924,1576.605,20.0,548543.2363636363,10980138.818181816,0.0,4.388345890909091,87.84111054545453,bgp_route_flap,real_bgp_flap_recall_001
2026-07-21T04:16:30+00:00,station2,,0.0,0.039,0.282,0.0,9862307.69090909,494002.0181818182,0.0,78.89846152727272,3.9520161454545457,bgp_route_flap,real_bgp_flap_recall_001
2026-07-21T04:16:30+00:00,station3,,0.0,0.057,0.268,0.0,196.2,1075.9818181818182,,0.0015696,0.008607854545454546,bgp_route_flap,real_bgp_flap_recall_001
2026-07-21T04:16:45+00:00,station1,72.0,0.0,1507.829,2298.608,33.33333333333333,551246.2,11095590.418181816,0.0,4.409969599999999,88.76472334545453,bgp_route_flap,real_bgp_flap_recall_001
2026-07-21T04:16:45+00:00,station2,,0.0,1694.021,2326.038,40.0,11093249.727272727,549916.7272727272,0.0,88.7459978181818,4.399333818181818,bgp_route_flap,real_bgp_flap_recall_001
2026-07-21T04:16:45+00:00,station3,,0.0,4464.233,4532.858,80.0,239.27272727272728,1291.7636363636364,,0.0019141818181818183,0.01033410909090909,bgp_route_flap,real_bgp_flap_recall_001
2026-07-21T04:17:00+00:00,station1,72.0,0.0,1322.554,2596.321,40.0,435192.0762195677,8860870.143093511,0.0,3.4815366097565414,70.88696114474808,bgp_route_flap,real_bgp_flap_recall_001
2026-07-21T04:17:00+00:00,station2,,0.0,1694.021,2326.038,40.0,8858394.763636362,433874.94545454544,0.0,70.8671581090909,3.4709995636363633,bgp_route_flap,real_bgp_flap_recall_001
2026-07-21T04:17:00+00:00,station3,,0.0,1147.492,2660.25,0.0,189.2181818181818,1069.9999999999998,,0.0015137454545454544,0.008559999999999998,bgp_route_flap,real_bgp_flap_recall_001
2026-07-21T04:17:15+00:00,station1,72.0,0.0,1749.24,3226.84,0.0,537349.0727272726,11092799.418181816,0.0,4.298792581818181,88.74239534545453,bgp_route_flap,real_bgp_flap_recall_001
2026-07-21T04:17:15+00:00,station2,,0.0,512.12,429.149,0.0,11090314.963636363,536506.5272727272,0.0,88.7225197090909,4.2920522181818175,bgp_route_flap,real_bgp_flap_recall_001
2026-07-21T04:17:15+00:00,station3,,0.0,828.342,1133.714,0.0,240.36363636363635,1293.5454545454545,,0.0019229090909090908,0.010348363636363636,bgp_route_flap,real_bgp_flap_recall_001
2026-07-21T04:17:30+00:00,station1,72.0,0.0,1439.851,2023.12,0.0,535756.3999999999,11168663.0,0.0,4.286051199999999,89.349304,bgp_route_flap,real_bgp_flap_recall_001
2026-07-21T04:17:30+00:00,station2,,0.0,830.702,4047.518,40.0,11165715.47272727,536243.9636363636,0.0,89.32572378181817,4.289951709090909,bgp_route_flap,real_bgp_flap_recall_001
2026-07-21T04:17:30+00:00,station3,,0.0,1449.662,3012.801,0.0,196.74545454545452,1072.381818181818,,0.001573963636363636,0.008579054545454545,bgp_route_flap,real_bgp_flap_recall_001
2026-07-21T04:17:45+00:00,station1,75.0,0.0,0.031,0.261,0.0,530558.2443955564,11061105.379902184,0.0,4.2444659551644515,88.48884303921747,bgp_route_flap,real_bgp_flap_recall_001
2026-07-21T04:17:45+00:00,station2,,0.0,0.023,0.208,0.0,9943051.181818182,478631.8363636363,0.0,79.54440945454546,3.8290546909090906,bgp_route_flap,real_bgp_flap_recall_001
2026-07-21T04:17:45+00:00,station3,,0.0,0.047,0.289,0.0,239.89090909090908,1293.4363636363635,,0.0019191272727272727,0.010347490909090908,bgp_route_flap,real_bgp_flap_recall_001
2026-07-21T04:18:00+00:00,station1,75.0,0.0,0.022,0.274,0.0,331960.5098089126,6879675.551353612,0.0,2.6556840784713005,55.0374044108289,bgp_route_flap,real_bgp_flap_recall_001
2026-07-21T04:18:00+00:00,station2,,0.0,1420.853,1979.414,0.0,6878335.818181817,335657.90909090906,0.0,55.02668654545454,2.6852632727272723,bgp_route_flap,real_bgp_flap_recall_001
2026-07-21T04:18:00+00:00,station3,,0.0,1419.919,1964.794,0.0,198.8181818181818,1069.0727272727272,,0.0015905454545454545,0.008552581818181818,bgp_route_flap,real_bgp_flap_recall_001
2026-07-21T04:18:15+00:00,station1,75.0,0.0,1215.952,2108.777,0.0,447773.0545454545,9114837.418181816,0.0,3.582184436363636,72.91869934545453,bgp_route_flap,real_bgp_flap_recall_001
2026-07-21T04:18:15+00:00,station2,,0.0,1326.28,2611.79,40.0,9114759.836363636,451141.8909090909,0.0,72.91807869090908,3.609135127272727,bgp_route_flap,real_bgp_flap_recall_001
2026-07-21T04:18:15+00:00,station3,,0.0,1215.487,2140.791,0.0,228.7272727272727,1291.909090909091,,0.0018298181818181816,0.010335272727272728,bgp_route_flap,real_bgp_flap_recall_001
2026-07-21T04:18:30+00:00,station1,75.0,0.0,1927.73,5805.59,20.0,349788.63636363635,6989565.527272727,0.0,2.7983090909090906,55.91652421818182,bgp_route_flap,real_bgp_flap_recall_001
2026-07-21T04:18:30+00:00,station2,,0.0,1927.869,5797.55,20.0,8104806.090909091,406630.6,0.0,64.83844872727272,3.2530447999999996,bgp_route_flap,real_bgp_flap_recall_001
2026-07-21T04:18:30+00:00,station3,,0.0,2938.743,5398.694,0.0,192.38181818181818,1072.5636363636363,,0.0015390545454545454,0.008580509090909091,bgp_route_flap,real_bgp_flap_recall_001
2026-07-21T04:18:45+00:00,station1,76.0,0.0,1448.942,2940.039,0.0,572881.2930673988,11457077.744041018,0.0,4.583050344539191,91.65662195232815,bgp_route_flap,real_bgp_flap_recall_001
2026-07-21T04:18:45+00:00,station2,,0.0,1445.645,2961.282,0.0,12572001.545454543,629789.4363636363,0.0,100.57601236363635,5.03831549090909,bgp_route_flap,real_bgp_flap_recall_001
2026-07-21T04:18:45+00:00,station3,,0.0,1449.926,2942.71,0.0,232.39999999999998,1288.4,,0.0018591999999999999,0.0103072,bgp_route_flap,real_bgp_flap_recall_001
2026-07-21T04:19:00+00:00,station1,76.0,0.0,1033.265,1283.858,0.0,543639.7025400462,10889661.884761542,0.0,4.34911762032037,87.11729507809234,bgp_route_flap,real_bgp_flap_recall_001
2026-07-21T04:19:00+00:00,station2,,0.0,0.033,0.253,0.0,9770957.236363636,489151.41818181815,0.0,78.16765789090908,3.9132113454545454,bgp_route_flap,real_bgp_flap_recall_001
2026-07-21T04:19:00+00:00,station3,,0.0,0.039,0.321,0.0,191.94545454545454,1067.9818181818182,,0.0015355636363636363,0.008543854545454546,bgp_route_flap,real_bgp_flap_recall_001
2026-07-21T04:19:15+00:00,station1,76.0,0.0,0.124,0.833,0.0,554595.9272727272,11103234.454545455,0.0,4.436767418181818,88.82587563636363,bgp_route_flap,real_bgp_flap_recall_001
2026-07-21T04:19:15+00:00,station2,,0.0,0.358,1.106,0.0,11100635.145454545,555415.0181818182,0.0,88.80508116363636,4.443320145454545,bgp_route_flap,real_bgp_flap_recall_001
2026-07-21T04:19:15+00:00,station3,,0.0,0.781,3.331,0.0,245.9272727272727,1290.3454545454545,,0.0019674181818181815,0.010322763636363636,bgp_route_flap,real_bgp_flap_recall_001
2026-07-21T04:19:30+00:00,station1,76.0,0.0,0.131,0.908,0.0,442090.43471936876,8868130.106725331,0.0,3.53672347775495,70.94504085380265,bgp_route_flap,real_bgp_flap_recall_001
2026-07-21T04:19:30+00:00,station2,,0.0,0.15,1.088,0.0,8866456.49090909,442743.39999999997,0.0,70.93165192727272,3.5419471999999996,bgp_route_flap,real_bgp_flap_recall_001
2026-07-21T04:19:30+00:00,station3,,0.0,1.006,4.367,0.0,197.36363636363635,1074.3272727272727,,0.0015789090909090907,0.008594618181818182,bgp_route_flap,real_bgp_flap_recall_001
2026-07-21T04:19:45+00:00,station1,76.0,0.0,0.315,0.745,0.0,552247.2909090909,11101362.545454543,0.0,4.417978327272727,88.81090036363635,bgp_route_flap,real_bgp_flap_recall_001
2026-07-21T04:19:45+00:00,station2,,0.0,0.086,0.772,0.0,11099082.454545455,553131.6545454545,0.0,88.79265963636364,4.425053236363636,bgp_route_flap,real_bgp_flap_recall_001
2026-07-21T04:19:45+00:00,station3,,0.0,0.901,3.421,0.0,239.1272727272727,1291.3090909090909,,0.0019130181818181817,0.010330472727272727,bgp_route_flap,real_bgp_flap_recall_001
2026-07-21T04:20:00+00:00,station1,79.0,0.0,0.19,0.944,0.0,553973.2727272727,11167037.745454544,0.0,4.431786181818182,89.33630196363636,bgp_route_flap,real_bgp_flap_recall_001
2026-07-21T04:20:00+00:00,station2,,0.0,1.047,1.496,0.0,11164974.545454543,554816.4727272727,0.0,89.31979636363634,4.438531781818181,bgp_route_flap,real_bgp_flap_recall_001
2026-07-21T04:20:00+00:00,station3,,0.0,1.176,3.223,0.0,198.2,1070.4727272727273,,0.0015856,0.008563781818181819,bgp_route_flap,real_bgp_flap_recall_001
2026-07-21T04:20:15+00:00,station1,79.0,0.0,0.015,0.275,0.0,551352.4727272727,11091007.654545454,0.0,4.410819781818181,88.72806123636363,bgp_route_flap,real_bgp_flap_recall_001
2026-07-21T04:20:15+00:00,station2,,0.0,1448.806,2950.364,0.0,11090105.872727271,553030.0181818182,0.0,88.72084698181817,4.4242401454545455,bgp_route_flap,real_bgp_flap_recall_001
2026-07-21T04:20:15+00:00,station3,,0.0,1442.162,2960.743,0.0,244.65454545454543,1297.7818181818182,,0.0019572363636363634,0.010382254545454545,bgp_route_flap,real_bgp_flap_recall_001
2026-07-21T04:20:30+00:00,station1,82.0,0.0,1441.899,2956.597,0.0,441709.4545454545,8857769.98181818,0.0,3.5336756363636357,70.86215985454544,bgp_route_flap,real_bgp_flap_recall_001
2026-07-21T04:20:30+00:00,station2,,0.0,1448.806,2950.364,0.0,8856196.127272727,443042.309090909,0.0,70.84956901818181,3.544338472727272,bgp_route_flap,real_bgp_flap_recall_001
2026-07-21T04:20:30+00:00,station3,,0.0,1442.162,2960.743,0.0,201.83636363636364,1080.2181818181818,,0.0016146909090909091,0.008641745454545454,bgp_route_flap,real_bgp_flap_recall_001
2026-07-21T04:20:45+00:00,station1,86.0,0.0,933.936,1445.708,0.0,554692.0559303234,11093368.96557994,0.0,4.437536447442588,88.74695172463952,bgp_route_flap,real_bgp_flap_recall_001
2026-07-21T04:20:45+00:00,station2,,0.0,932.463,1471.247,0.0,11091945.581818182,556307.7454545455,0.0,88.73556465454546,4.450461963636364,bgp_route_flap,real_bgp_flap_recall_001
2026-07-21T04:20:45+00:00,station3,,0.0,933.422,1482.38,0.0,255.19999999999996,1302.1818181818182,,0.0020415999999999998,0.010417454545454546,bgp_route_flap,real_bgp_flap_recall_001
2026-07-21T04:21:00+00:00,station1,86.0,0.0,2168.886,2693.12,0.0,455232.3636363636,9072015.418181816,0.0,3.641858909090909,72.57612334545453,bgp_route_flap,real_bgp_flap_recall_001
2026-07-21T04:21:00+00:00,station2,,0.0,792.605,1756.663,0.0,10187612.872727273,512143.54545454547,0.0,81.50090298181819,4.0971483636363635,bgp_route_flap,real_bgp_flap_recall_001
2026-07-21T04:21:00+00:00,station3,,0.0,1215.424,2124.707,0.0,206.45454545454544,1080.3636363636363,,0.0016516363636363636,0.00864290909090909,bgp_route_flap,real_bgp_flap_recall_001
2026-07-21T04:21:15+00:00,station1,89.0,0.0,1447.433,2356.093,0.0,664994.9272727272,13271654.745454544,0.0,5.319959418181818,106.17323796363635,bgp_route_flap,real_bgp_flap_recall_001
2026-07-21T04:21:15+00:00,station2,,0.0,0.028,0.245,0.0,12153041.181818182,610169.4727272727,0.0,97.22432945454545,4.881355781818181,bgp_route_flap,real_bgp_flap_recall_001
2026-07-21T04:21:15+00:00,station3,,0.0,0.027,0.3,0.0,257.05454545454546,1299.2727272727273,,0.0020564363636363637,0.010394181818181818,bgp_route_flap,real_bgp_flap_recall_001
2026-07-21T04:21:30+00:00,station1,92.0,0.0,0.031,0.247,0.0,457292.63636363635,9107107.181818182,0.0,3.658341090909091,72.85685745454545,bgp_route_flap,real_bgp_flap_recall_001
2026-07-21T04:21:30+00:00,station2,,0.0,830.258,3989.453,40.0,9105710.672727274,458095.10909090907,0.0,72.84568538181819,3.6647608727272725,bgp_route_flap,real_bgp_flap_recall_001
2026-07-21T04:21:30+00:00,station3,,0.0,1447.674,2948.477,0.0,197.83636363636364,1080.7454545454543,,0.0015826909090909092,0.008645963636363635,bgp_route_flap,real_bgp_flap_recall_001
2026-07-21T04:21:45+00:00,station1,93.0,0.0,2387.935,3808.381,0.0,568682.0966891511,11340796.11279795,0.0,4.549456773513209,90.7263689023836,bgp_route_flap,real_bgp_flap_recall_001
2026-07-21T04:21:45+00:00,station2,,0.0,1445.305,2959.199,0.0,11339544.454545455,569936.3454545455,0.0,90.71635563636364,4.559490763636363,bgp_route_flap,real_bgp_flap_recall_001
2026-07-21T04:21:45+00:00,station3,,0.0,2938.492,5402.638,0.0,243.78181818181818,1293.5454545454545,,0.0019502545454545455,0.010348363636363636,bgp_route_flap,real_bgp_flap_recall_001
2026-07-21T04:22:00+00:00,station1,93.0,0.0,1234.006,1389.271,0.0,456429.3636363636,9107318.781818181,0.0,3.651434909090909,72.85855025454545,bgp_route_flap,real_bgp_flap_recall_001
2026-07-21T04:22:00+00:00,station2,,0.0,1363.678,2020.675,0.0,9107109.563636363,457337.0181818182,0.0,72.8568765090909,3.6586961454545457,bgp_route_flap,real_bgp_flap_recall_001
2026-07-21T04:22:00+00:00,station3,,0.0,1443.57,2962.285,0.0,189.8,1075.4181818181817,,0.0015184,0.008603345454545453,bgp_route_flap,real_bgp_flap_recall_001
2026-07-21T04:22:15+00:00,station1,93.0,0.0,1215.754,2139.305,0.0,574224.4545454546,11473478.47272727,0.0,4.5937956363636365,91.78782778181817,bgp_route_flap,real_bgp_flap_recall_001
2026-07-21T04:22:15+00:00,station2,,0.0,1273.04,1905.793,16.666666666666664,12588701.98181818,631232.9272727272,0.0,100.70961585454545,5.049863418181818,bgp_route_flap,real_bgp_flap_recall_001
2026-07-21T04:22:15+00:00,station3,,0.0,1437.942,2019.315,0.0,232.94545454545454,1290.709090909091,,0.0018635636363636362,0.010325672727272727,bgp_route_flap,real_bgp_flap_recall_001
2026-07-21T04:22:30+00:00,station1,93.0,0.0,1359.975,1595.812,0.0,543068.1623970473,10871131.997600043,0.0,4.344545299176378,86.96905598080035,bgp_route_flap,real_bgp_flap_recall_001
2026-07-21T04:22:30+00:00,station2,,0.0,0.028,0.234,0.0,9753011.29090909,488363.309090909,0.0,78.02409032727272,3.906906472727272,bgp_route_flap,real_bgp_flap_recall_001
2026-07-21T04:22:30+00:00,station3,,0.0,0.032,0.243,0.0,197.83636363636364,1070.8,,0.0015826909090909092,0.0085664,bgp_route_flap,real_bgp_flap_recall_001
2026-07-21T04:22:45+00:00,station1,93.0,0.0,0.218,2.158,0.0,556269.4314648825,11103223.28684933,0.0,4.45015545171906,88.82578629479464,bgp_route_flap,real_bgp_flap_recall_001
2026-07-21T04:22:45+00:00,station2,,0.0,0.771,2.059,0.0,11101007.98181818,557277.3272727273,0.0,88.80806385454544,4.458218618181818,bgp_route_flap,real_bgp_flap_recall_001
2026-07-21T04:22:45+00:00,station3,,0.0,2789.954,4512.838,0.0,235.0181818181818,1286.6,,0.0018801454545454544,0.0102928,bgp_route_flap,real_bgp_flap_recall_001
2026-07-21T04:23:00+00:00,station1,93.0,0.0,0.36,1.934,0.0,444435.21818181814,8869539.418181818,0.0,3.555481745454545,70.95631534545454,bgp_route_flap,real_bgp_flap_recall_001
2026-07-21T04:23:00+00:00,station2,,0.0,1.877,3.53,0.0,8868172.509090908,445526.9636363636,0.0,70.94538007272726,3.564215709090909,bgp_route_flap,real_bgp_flap_recall_001
2026-07-21T04:23:00+00:00,station3,,0.0,1180.793,2446.454,20.0,187.36363636363635,1061.8363636363636,,0.0014989090909090907,0.008494690909090908,bgp_route_flap,real_bgp_flap_recall_001
2026-07-21T04:23:15+00:00,station1,93.0,0.0,0.307,2.054,0.0,556103.1109656539,11102631.302387318,0.0,4.448824887725231,88.82105041909854,bgp_route_flap,real_bgp_flap_recall_001
2026-07-21T04:23:15+00:00,station2,,0.0,0.045,2.084,0.0,11101707.909090908,557635.9636363636,0.0,88.81366327272727,4.461087709090909,bgp_route_flap,real_bgp_flap_recall_001
2026-07-21T04:23:15+00:00,station3,,0.0,1400.599,1977.497,0.0,232.18181818181816,1287.381818181818,,0.0018574545454545452,0.010299054545454545,bgp_route_flap,real_bgp_flap_recall_001
2026-07-21T04:23:30+00:00,station1,93.0,0.0,0.732,2.565,0.0,558625.6727272726,11169699.018181818,0.0,4.469005381818181,89.35759214545455,bgp_route_flap,real_bgp_flap_recall_001
2026-07-21T04:23:30+00:00,station2,,0.0,0.339,2.103,0.0,11169127.07272727,557207.7272727272,0.0,89.35301658181817,4.457661818181817,bgp_route_flap,real_bgp_flap_recall_001
2026-07-21T04:23:30+00:00,station3,,0.0,1400.599,1977.497,0.0,189.07272727272726,1073.3999999999999,,0.0015125818181818181,0.0085872,bgp_route_flap,real_bgp_flap_recall_001
2026-07-21T04:23:45+00:00,station1,93.0,0.0,0.007,0.305,0.0,551267.5454545454,11097843.018181818,0.0,4.410140363636363,88.78274414545454,bgp_route_flap,real_bgp_flap_recall_001
2026-07-21T04:23:45+00:00,station2,,0.0,0.052,0.25,0.0,11097112.2,552894.509090909,0.0,88.7768976,4.423156072727272,bgp_route_flap,real_bgp_flap_recall_001
2026-07-21T04:23:45+00:00,station3,,0.0,0.046,0.238,0.0,233.27272727272728,1293.0,,0.0018661818181818183,0.010344,bgp_route_flap,real_bgp_flap_recall_001
2026-07-21T04:24:00+00:00,station1,93.0,0.0,0.0,3.227,90.0,439983.3272727272,8864114.363636363,0.0,3.5198666181818177,70.9129149090909,bgp_route_flap,real_bgp_flap_recall_001
2026-07-21T04:24:00+00:00,station2,,0.0,0.0,3.449,90.0,8862734.181818182,441189.9272727272,0.0,70.90187345454545,3.5295194181818177,bgp_route_flap,real_bgp_flap_recall_001
2026-07-21T04:24:00+00:00,station3,,0.0,2896.703,4423.285,0.0,191.29090909090908,1069.5272727272727,,0.0015303272727272726,0.008556218181818181,bgp_route_flap,real_bgp_flap_recall_001
2026-07-21T04:24:15+00:00,station1,93.0,0.0,1001.12,1419.059,0.0,551986.454791731,11098618.643297395,0.0,4.415891638333847,88.78894914637915,bgp_route_flap,real_bgp_flap_recall_001
2026-07-21T04:24:15+00:00,station2,,0.0,759.963,2143.099,0.0,11096827.581818182,553181.8363636363,0.0,88.77462065454546,4.42545469090909,bgp_route_flap,real_bgp_flap_recall_001
2026-07-21T04:24:15+00:00,station3,,0.0,1442.977,2960.93,0.0,234.54545454545453,1290.2,,0.0018763636363636363,0.0103216,bgp_route_flap,real_bgp_flap_recall_001
2026-07-21T04:24:30+00:00,station1,93.0,0.0,760.987,2149.108,0.0,455880.79999999993,9091744.054545455,0.0,3.6470463999999994,72.73395243636364,bgp_route_flap,real_bgp_flap_recall_001
2026-07-21T04:24:30+00:00,station2,,0.0,1195.336,2162.204,0.0,10207607.0,512819.39999999997,0.0,81.660856,4.102555199999999,bgp_route_flap,real_bgp_flap_recall_001
2026-07-21T04:24:30+00:00,station3,,0.0,1447.617,2943.65,0.0,187.54545454545453,1073.5636363636363,,0.0015003636363636363,0.00858850909090909,bgp_route_flap,real_bgp_flap_recall_001
2026-07-21T04:24:45+00:00,station1,93.0,0.0,1261.755,1469.677,0.0,654286.2727272727,13324410.309090909,0.0,5.2342901818181815,106.59528247272726,bgp_route_flap,real_bgp_flap_recall_001
2026-07-21T04:24:45+00:00,station2,,0.0,0.142,0.384,0.0,12673994.8,599613.0727272726,0.0,101.39195840000001,4.796904581818181,bgp_route_flap,real_bgp_flap_recall_001
2026-07-21T04:24:45+00:00,station3,,0.0,0.032,0.303,0.0,237.38181818181818,1286.4727272727273,,0.0018990545454545453,0.010291781818181819,bgp_route_flap,real_bgp_flap_recall_001
2026-07-21T04:25:00+00:00,station1,93.0,0.0,1.281,1.098,0.0,430818.6512482045,9793119.911271116,0.0,3.446549209985636,78.34495929016893,bgp_route_flap,real_bgp_flap_recall_001
2026-07-21T04:25:00+00:00,station2,,0.0,0.159,0.407,0.0,9142280.454545455,376029.4727272727,0.0,73.13824363636364,3.0082357818181817,bgp_route_flap,real_bgp_flap_recall_001
2026-07-21T04:25:00+00:00,station3,,0.0,0.082,0.362,0.0,190.38181818181818,1063.1818181818182,,0.0015230545454545455,0.008505454545454545,bgp_route_flap,real_bgp_flap_recall_001
2026-07-21T04:25:15+00:00,station1,93.0,0.0,2942.345,5386.087,0.0,447485.88156148297,10673965.999381807,0.0,3.5798870524918636,85.39172799505445,bgp_route_flap,real_bgp_flap_recall_001
2026-07-21T04:25:15+00:00,station2,,0.0,2938.139,5404.264,0.0,10671373.618181817,448557.69090909086,0.0,85.37098894545454,3.588461527272727,bgp_route_flap,real_bgp_flap_recall_001
2026-07-21T04:25:15+00:00,station3,,0.0,2940.816,5387.733,0.0,242.76363636363632,1287.7272727272725,,0.0019421090909090906,0.01030181818181818,bgp_route_flap,real_bgp_flap_recall_001
2026-07-21T04:25:30+00:00,station1,93.0,0.0,1420.163,1967.458,0.0,335465.47993526916,8438920.613851665,0.0,2.683723839482153,67.51136491081331,bgp_route_flap,real_bgp_flap_recall_001
2026-07-21T04:25:30+00:00,station2,,0.0,1420.182,1982.517,0.0,8437779.509090908,336685.67272727273,0.0,67.50223607272726,2.693485381818182,bgp_route_flap,real_bgp_flap_recall_001
2026-07-21T04:25:30+00:00,station3,,0.0,1411.806,1944.171,0.0,198.38181818181818,1076.2727272727273,,0.0015870545454545453,0.008610181818181817,bgp_route_flap,real_bgp_flap_recall_001
2026-07-21T04:25:45+00:00,station1,93.0,0.0,1091.525,2225.434,0.0,463398.5818181818,10753223.309090909,0.0,3.707188654545454,86.02578647272726,bgp_route_flap,real_bgp_flap_recall_001
2026-07-21T04:25:45+00:00,station2,,0.0,1752.033,6425.423,40.0,11401253.781818181,520501.98181818175,0.0,91.21003025454544,4.164015854545454,bgp_route_flap,real_bgp_flap_recall_001
2026-07-21T04:25:45+00:00,station3,,0.0,2942.022,5380.921,0.0,226.36363636363635,1291.0181818181816,,0.0018109090909090907,0.010328145454545452,bgp_route_flap,real_bgp_flap_recall_001
2026-07-21T04:26:00+00:00,station1,93.0,0.0,2517.626,4807.655,0.0,558516.7736421986,11172478.626106879,0.0,4.468134189137589,89.37982900885503,bgp_route_flap,real_bgp_flap_recall_001
2026-07-21T04:26:00+00:00,station2,,0.0,513.423,429.955,0.0,11169772.545454543,559485.4363636363,0.0,89.35818036363635,4.47588349090909,bgp_route_flap,real_bgp_flap_recall_001
2026-07-21T04:26:00+00:00,station3,,0.0,828.829,1135.319,0.0,191.76363636363632,1062.581818181818,,0.0015341090909090907,0.008500654545454544,bgp_route_flap,real_bgp_flap_recall_001
2026-07-21T04:26:15+00:00,station1,93.0,0.0,0.024,0.249,0.0,543236.2363636363,10867580.09090909,0.0,4.345889890909091,86.94064072727272,bgp_route_flap,real_bgp_flap_recall_001
2026-07-21T04:26:15+00:00,station2,,0.0,0.039,0.227,0.0,9749927.363636363,488796.6545454545,0.0,77.9994189090909,3.9103732363636357,bgp_route_flap,real_bgp_flap_recall_001
2026-07-21T04:26:15+00:00,station3,,0.0,0.022,0.292,0.0,232.83636363636364,1285.8727272727272,,0.001862690909090909,0.010286981818181818,bgp_route_flap,real_bgp_flap_recall_001
2026-07-21T04:26:30+00:00,station1,93.0,0.0,0.019,0.295,0.0,333376.53411880217,6650023.782250587,0.0,2.6670122729504175,53.200190258004696,bgp_route_flap,real_bgp_flap_recall_001
2026-07-21T04:26:30+00:00,station2,,0.0,0.295,1.922,0.0,6649536.672727272,334670.50909090904,0.0,53.19629338181817,2.6773640727272725,bgp_route_flap,real_bgp_flap_recall_001
2026-07-21T04:26:30+00:00,station3,,0.0,1447.522,2952.044,0.0,189.7272727272727,1074.9818181818182,,0.0015178181818181816,0.008599854545454545,bgp_route_flap,real_bgp_flap_recall_001
2026-07-21T04:26:45+00:00,station1,93.0,0.0,0.143,2.131,0.0,445454.4545454545,8884464.98181818,0.0,3.5636356363636357,71.07571985454544,bgp_route_flap,real_bgp_flap_recall_001
2026-07-21T04:26:45+00:00,station2,,0.0,0.432,1.721,0.0,8883126.745454544,446825.9636363636,0.0,71.06501396363636,3.574607709090909,bgp_route_flap,real_bgp_flap_recall_001
2026-07-21T04:26:45+00:00,station3,,0.0,1024.442,2605.564,0.0,237.67272727272726,1283.6727272727271,,0.001901381818181818,0.010269381818181817,bgp_route_flap,real_bgp_flap_recall_001
2026-07-21T04:27:00+00:00,station1,93.0,0.0,0.387,1.519,0.0,348974.14498445427,6954100.9654721,0.0,2.7917931598756343,55.6328077237768,bgp_route_flap,real_bgp_flap_recall_001
2026-07-21T04:27:00+00:00,station2,,0.0,0.1,2.219,0.0,8070149.309090909,405889.9636363636,0.0,64.56119447272727,3.247119709090909,bgp_route_flap,real_bgp_flap_recall_001
2026-07-21T04:27:00+00:00,station3,,0.0,1216.715,2130.374,0.0,180.38181818181818,1063.4727272727273,,0.0014430545454545455,0.008507781818181818,bgp_route_flap,real_bgp_flap_recall_001
2026-07-21T04:27:15+00:00,station1,93.0,0.0,0.524,2.085,0.0,572455.9818181818,11422672.0,0.0,4.579647854545454,91.381376,bgp_route_flap,real_bgp_flap_recall_001
2026-07-21T04:27:15+00:00,station2,,0.0,0.223,1.97,0.0,12538464.38181818,629511.8,0.0,100.30771505454544,5.0360944000000005,bgp_route_flap,real_bgp_flap_recall_001
2026-07-21T04:27:15+00:00,station3,,0.0,1442.796,2962.994,0.0,221.99999999999997,1290.8363636363636,,0.0017759999999999998,0.010326690909090908,bgp_route_flap,real_bgp_flap_recall_001
2026-07-21T04:27:30+00:00,station1,93.0,0.0,0.516,1.374,0.0,546197.661945712,10922459.356762359,0.0,4.3695812955656965,87.37967485409887,bgp_route_flap,real_bgp_flap_recall_001
2026-07-21T04:27:30+00:00,station2,,0.0,0.042,0.316,0.0,9805149.4,491627.309090909,0.0,78.44119520000001,3.933018472727272,bgp_route_flap,real_bgp_flap_recall_001
2026-07-21T04:27:30+00:00,station3,,0.0,0.028,0.198,0.0,197.29090909090908,1073.2181818181818,,0.0015783272727272727,0.008585745454545456,bgp_route_flap,real_bgp_flap_recall_001
2026-07-21T04:27:45+00:00,station1,93.0,0.0,1420.788,1969.434,0.0,555749.5136452065,11095829.766731514,0.0,4.445996109161651,88.76663813385211,bgp_route_flap,real_bgp_flap_recall_001
2026-07-21T04:27:45+00:00,station2,,0.0,1697.704,2334.484,40.0,11093738.545454543,556887.3636363636,0.0,88.74990836363635,4.455098909090909,bgp_route_flap,real_bgp_flap_recall_001
2026-07-21T04:27:45+00:00,station3,,0.0,1411.672,1944.007,0.0,240.2181818181818,1285.9454545454544,,0.0019217454545454543,0.010287563636363635,bgp_route_flap,real_bgp_flap_recall_001
2026-07-21T04:28:00+00:00,station1,93.0,0.0,1420.788,1969.434,0.0,443718.10909090907,8861541.872727271,0.0,3.5497448727272727,70.89233498181817,bgp_route_flap,real_bgp_flap_recall_001
2026-07-21T04:28:00+00:00,station2,,0.0,1697.704,2334.484,100.0,8860294.345454546,444905.0545454545,0.0,70.88235476363637,3.559240436363636,bgp_route_flap,real_bgp_flap_recall_001
2026-07-21T04:28:00+00:00,station3,,0.0,1411.672,1944.007,100.0,188.38181818181818,1070.1636363636362,,0.0015070545454545453,0.008561309090909089,bgp_route_flap,real_bgp_flap_recall_001
2026-07-21T04:28:15+00:00,station1,93.0,0.0,0.0,826.408,90.0,555733.8909090909,11096029.8,0.0,4.445871127272727,88.7682384,bgp_route_flap,real_bgp_flap_recall_001
2026-07-21T04:28:15+00:00,station2,,0.0,0.0,0.332,90.0,11094684.836363636,557017.2,0.0,88.75747869090908,4.4561376,bgp_route_flap,real_bgp_flap_recall_001
2026-07-21T04:28:15+00:00,station3,,0.0,0.0,820.423,90.0,236.39999999999998,1283.2545454545455,,0.0018911999999999998,0.010266036363636363,bgp_route_flap,real_bgp_flap_recall_001
2026-07-21T04:28:30+00:00,station1,93.0,0.0,1100.896,1840.834,20.0,558548.2,11171039.581818182,0.0,4.4683855999999995,89.36831665454545,bgp_route_flap,real_bgp_flap_recall_001
2026-07-21T04:28:30+00:00,station2,,0.0,1121.795,1225.728,0.0,11170728.145454545,559896.8909090909,0.0,89.36582516363636,4.479175127272727,bgp_route_flap,real_bgp_flap_recall_001
2026-07-21T04:28:30+00:00,station3,,0.0,1403.499,1983.439,0.0,195.9090909090909,1070.290909090909,,0.0015672727272727273,0.008562327272727273,bgp_route_flap,real_bgp_flap_recall_001
2026-07-21T04:28:45+00:00,station1,93.0,0.0,0.04,0.196,0.0,550521.9999999999,11009058.836363636,0.0,4.404175999999999,88.07247069090909,bgp_route_flap,real_bgp_flap_recall_001
2026-07-21T04:28:45+00:00,station2,,0.0,0.04,0.24,0.0,9891036.709090909,496090.41818181815,0.0,79.12829367272727,3.968723345454545,bgp_route_flap,real_bgp_flap_recall_001
2026-07-21T04:28:45+00:00,station3,,0.0,0.049,0.288,0.0,235.0181818181818,1287.7818181818182,,0.0018801454545454544,0.010302254545454545,bgp_route_flap,real_bgp_flap_recall_001
2026-07-21T04:29:00+00:00,station1,93.0,0.0,0.014,0.249,0.0,333084.8545454545,6639199.8545454545,0.0,2.664678836363636,53.113598836363636,bgp_route_flap,real_bgp_flap_recall_002
2026-07-21T04:29:00+00:00,station2,,0.0,1.102,1.475,0.0,6637363.2,333692.14545454545,0.0,53.0989056,2.6695371636363636,bgp_route_flap,real_bgp_flap_recall_002
2026-07-21T04:29:00+00:00,station3,,0.0,0.751,3.617,0.0,190.2,1063.2545454545455,,0.0015216,0.008506036363636364,bgp_route_flap,real_bgp_flap_recall_002
2026-07-21T04:29:15+00:00,station1,96.0,0.0,0.212,0.978,0.0,443021.4727272727,8871266.545454545,0.0,3.5441717818181817,70.97013236363635,bgp_route_flap,real_bgp_flap_recall_002
2026-07-21T04:29:15+00:00,station2,,0.0,0.385,1.017,0.0,8868276.799999999,443714.6545454545,0.0,70.94621439999999,3.549717236363636,bgp_route_flap,real_bgp_flap_recall_002
2026-07-21T04:29:15+00:00,station3,,0.0,0.487,3.533,0.0,250.76363636363632,1287.6727272727271,,0.0020061090909090904,0.010301381818181818,bgp_route_flap,real_bgp_flap_recall_002
2026-07-21T04:29:30+00:00,station1,96.0,0.0,0.076,0.77,0.0,338639.5636363636,6799177.018181818,0.0,2.709116509090909,54.39341614545454,bgp_route_flap,real_bgp_flap_recall_002
2026-07-21T04:29:30+00:00,station2,,0.0,0.02,0.795,0.0,7914823.527272727,395050.4909090909,0.0,63.318588218181816,3.160403927272727,bgp_route_flap,real_bgp_flap_recall_002
2026-07-21T04:29:30+00:00,station3,,0.0,0.558,4.073,0.0,200.56363636363633,1074.7090909090907,,0.0016045090909090906,0.008597672727272725,bgp_route_flap,real_bgp_flap_recall_002
2026-07-21T04:29:45+00:00,station1,97.0,0.0,0.903,1.387,0.0,559889.4909090908,11266464.436363636,0.0,4.479115927272726,90.13171549090909,bgp_route_flap,real_bgp_flap_recall_002
2026-07-21T04:29:45+00:00,station2,,0.0,0.155,0.826,0.0,12382179.67272727,616537.6545454545,0.0,99.05743738181816,4.932301236363636,bgp_route_flap,real_bgp_flap_recall_002
2026-07-21T04:29:45+00:00,station3,,0.0,0.437,3.439,0.0,241.1272727272727,1290.9818181818182,,0.0019290181818181816,0.010327854545454545,bgp_route_flap,real_bgp_flap_recall_002
2026-07-21T04:30:00+00:00,station1,97.0,0.0,0.749,1.344,0.0,549045.9272727272,11075982.163636362,0.0,4.392367418181818,88.6078573090909,bgp_route_flap,real_bgp_flap_recall_002
2026-07-21T04:30:00+00:00,station2,,0.0,0.026,0.232,0.0,9958417.218181817,494842.94545454544,0.0,79.66733774545453,3.9587435636363635,bgp_route_flap,real_bgp_flap_recall_002
2026-07-21T04:30:00+00:00,station3,,0.0,0.047,0.322,0.0,195.2181818181818,1069.1454545454544,,0.0015617454545454542,0.008553163636363634,bgp_route_flap,real_bgp_flap_recall_002
2026-07-21T04:30:15+00:00,station1,97.0,0.0,1.278,1.719,0.0,547807.6727272726,11095985.727272727,0.0,4.382461381818181,88.76788581818181,bgp_route_flap,real_bgp_flap_recall_002
2026-07-21T04:30:15+00:00,station2,,0.0,0.111,0.9,0.0,11094977.763636362,547378.2727272727,0.0,88.75982210909089,4.3790261818181815,bgp_route_flap,real_bgp_flap_recall_002
2026-07-21T04:30:15+00:00,station3,,0.0,0.374,4.37,0.0,234.58181818181816,1289.7454545454543,,0.0018766545454545454,0.010317963636363635,bgp_route_flap,real_bgp_flap_recall_002
2026-07-21T04:30:30+00:00,station1,97.0,0.0,0.142,0.867,0.0,433149.2626870556,8862679.509791443,0.0,3.465194101496445,70.90143607833154,bgp_route_flap,real_bgp_flap_recall_002
2026-07-21T04:30:30+00:00,station2,,0.0,0.11,0.871,0.0,8861760.818181818,432049.14545454545,0.0,70.89408654545454,3.4563931636363634,bgp_route_flap,real_bgp_flap_recall_002
2026-07-21T04:30:30+00:00,station3,,0.0,0.085,3.973,0.0,192.38181818181818,1071.7636363636364,,0.0015390545454545454,0.008574109090909091,bgp_route_flap,real_bgp_flap_recall_002
2026-07-21T04:30:45+00:00,station1,97.0,0.0,0.227,0.836,0.0,536362.4015855411,11096301.234612796,0.0,4.290899212684328,88.77040987690238,bgp_route_flap,real_bgp_flap_recall_002
2026-07-21T04:30:45+00:00,station2,,0.0,0.194,0.904,0.0,11092963.29090909,535481.7272727272,0.0,88.74370632727272,4.283853818181817,bgp_route_flap,real_bgp_flap_recall_002
2026-07-21T04:30:45+00:00,station3,,0.0,0.626,4.242,0.0,231.74545454545452,1285.8,,0.0018539636363636362,0.0102864,bgp_route_flap,real_bgp_flap_recall_002
2026-07-21T04:31:00+00:00,station1,97.0,0.0,0.164,0.901,0.0,535289.2674678642,11168000.254540827,0.0,4.282314139742914,89.34400203632661,bgp_route_flap,real_bgp_flap_recall_002
2026-07-21T04:31:00+00:00,station2,,0.0,0.07,0.803,0.0,11167595.818181816,535412.4181818182,0.0,89.34076654545453,4.283299345454545,bgp_route_flap,real_bgp_flap_recall_002
2026-07-21T04:31:00+00:00,station3,,0.0,0.156,3.719,0.0,185.83636363636364,1064.6181818181817,,0.0014866909090909093,0.008516945454545453,bgp_route_flap,real_bgp_flap_recall_002
2026-07-21T04:31:15+00:00,station1,100.0,0.0,0.017,0.259,0.0,533541.3189330715,11152501.954580992,0.0,4.2683305514645715,89.22001563664794,bgp_route_flap,real_bgp_flap_recall_002
2026-07-21T04:31:15+00:00,station2,,0.0,0.855,1.568,0.0,11048371.145454545,532707.0727272726,0.0,88.38696916363635,4.2616565818181815,bgp_route_flap,real_bgp_flap_recall_002
2026-07-21T04:31:15+00:00,station3,,0.0,0.032,0.265,0.0,238.98181818181817,1289.5636363636363,,0.0019118545454545454,0.01031650909090909,bgp_route_flap,real_bgp_flap_recall_002
2026-07-21T04:31:30+00:00,station1,100.0,0.0,0.33,2.276,0.0,427639.26467379445,8818104.898538075,0.0,3.4211141173903554,70.5448391883046,bgp_route_flap,real_bgp_flap_recall_002
2026-07-21T04:31:30+00:00,station2,,0.0,0.283,2.271,0.0,8815776.672727272,430900.87272727274,0.0,70.52621338181818,3.447206981818182,bgp_route_flap,real_bgp_flap_recall_002
2026-07-21T04:31:30+00:00,station3,,0.0,1399.204,1988.511,0.0,199.6181818181818,1076.1636363636362,,0.0015969454545454544,0.00860930909090909,bgp_route_flap,real_bgp_flap_recall_002
2026-07-21T04:31:45+00:00,station1,101.0,0.0,0.214,2.065,0.0,543656.5272727272,11051893.218181817,0.0,4.349252218181817,88.41514574545454,bgp_route_flap,real_bgp_flap_recall_002
2026-07-21T04:31:45+00:00,station2,,0.0,0.271,2.153,0.0,11051156.345454544,547351.0909090909,0.0,88.40925076363635,4.378808727272728,bgp_route_flap,real_bgp_flap_recall_002
2026-07-21T04:31:45+00:00,station3,,0.0,1447.351,2951.216,0.0,238.54545454545453,1292.109090909091,,0.0019083636363636362,0.010336872727272729,bgp_route_flap,real_bgp_flap_recall_002
2026-07-21T04:32:00+00:00,station1,101.0,0.0,0.319,2.621,0.0,442574.23636363633,8834819.854545454,0.0,3.540593890909091,70.67855883636364,bgp_route_flap,real_bgp_flap_recall_002
2026-07-21T04:32:00+00:00,station2,,0.0,1.286,3.169,0.0,9949901.672727274,499306.47272727266,0.0,79.59921338181819,3.994451781818181,bgp_route_flap,real_bgp_flap_recall_002
2026-07-21T04:32:00+00:00,station3,,0.0,1400.804,1979.02,0.0,192.63636363636363,1070.2181818181818,,0.001541090909090909,0.008561745454545454,bgp_route_flap,real_bgp_flap_recall_002
2026-07-21T04:32:15+00:00,station1,101.0,0.0,0.587,2.804,0.0,665732.8909090909,13302584.618181817,0.0,5.325863127272727,106.42067694545453,bgp_route_flap,real_bgp_flap_recall_002
2026-07-21T04:32:15+00:00,station2,,0.0,1.537,1.374,0.0,12393710.563636363,620938.0,0.0,99.1496845090909,4.967504,bgp_route_flap,real_bgp_flap_recall_002
2026-07-21T04:32:15+00:00,station3,,0.0,0.0,75.378,90.0,233.49090909090907,1287.1818181818182,,0.0018679272727272725,0.010297454545454545,bgp_route_flap,real_bgp_flap_recall_002
2026-07-21T04:32:30+00:00,station1,101.0,0.0,0.022,0.321,0.0,452226.54545454547,9043358.472727273,0.0,3.617812363636364,72.34686778181818,bgp_route_flap,real_bgp_flap_recall_002
2026-07-21T04:32:30+00:00,station2,,0.0,1418.883,1964.577,0.0,8846933.763636362,444480.43636363634,0.0,70.77547010909089,3.5558434909090906,bgp_route_flap,real_bgp_flap_recall_002
2026-07-21T04:32:30+00:00,station3,,0.0,1413.616,1949.477,0.0,191.29090909090908,1072.0363636363636,,0.0015303272727272726,0.008576290909090909,bgp_route_flap,real_bgp_flap_recall_002
2026-07-21T04:32:45+00:00,station1,101.0,0.0,1872.229,2584.523,50.0,555470.5272727272,11080507.945454543,0.0,4.443764218181818,88.64406356363635,bgp_route_flap,real_bgp_flap_recall_002
2026-07-21T04:32:45+00:00,station2,,0.0,1448.888,2937.926,0.0,11079833.545454543,556817.7636363636,0.0,88.63866836363634,4.454542109090909,bgp_route_flap,real_bgp_flap_recall_002
2026-07-21T04:32:45+00:00,station3,,0.0,1447.447,2949.727,0.0,227.99999999999997,1286.509090909091,,0.0018239999999999997,0.010292072727272727,bgp_route_flap,real_bgp_flap_recall_002
2026-07-21T04:33:00+00:00,station1,101.0,0.0,1449.547,2947.037,0.0,444060.4545454545,8847309.818181818,0.0,3.5524836363636356,70.77847854545455,bgp_route_flap,real_bgp_flap_recall_002
2026-07-21T04:33:00+00:00,station2,,0.0,1448.888,2937.926,0.0,8847403.49090909,445177.4545454545,0.0,70.77922792727273,3.561419636363636,bgp_route_flap,real_bgp_flap_recall_002
2026-07-21T04:33:00+00:00,station3,,0.0,1447.447,2949.727,0.0,182.09090909090907,1064.090909090909,,0.0014567272727272725,0.008512727272727273,bgp_route_flap,real_bgp_flap_recall_002
2026-07-21T04:33:15+00:00,station1,101.0,0.0,1324.892,2564.354,40.0,556294.3764658824,11082523.135942983,0.0,4.450355011727059,88.66018508754387,bgp_route_flap,real_bgp_flap_recall_002
2026-07-21T04:33:15+00:00,station2,,0.0,1322.677,2600.194,40.0,12091379.509090908,608136.5818181818,0.0,96.73103607272726,4.865092654545454,bgp_route_flap,real_bgp_flap_recall_002
2026-07-21T04:33:15+00:00,station3,,0.0,0.0,821.98,90.0,226.87272727272727,1290.6909090909091,,0.001814981818181818,0.010325527272727272,bgp_route_flap,real_bgp_flap_recall_002
2026-07-21T04:33:30+00:00,station1,104.0,0.0,779.709,1727.685,0.0,559672.6,11172425.927272728,0.0,4.4773808,89.37940741818183,bgp_route_flap,real_bgp_flap_recall_002
2026-07-21T04:33:30+00:00,station2,,0.0,429.523,303.962,0.0,10259550.563636363,514851.23636363633,0.0,82.0764045090909,4.11880989090909,bgp_route_flap,real_bgp_flap_recall_002
2026-07-21T04:33:30+00:00,station3,,0.0,426.564,301.804,0.0,198.89090909090908,1072.3636363636363,,0.0015911272727272725,0.00857890909090909,bgp_route_flap,real_bgp_flap_recall_002
2026-07-21T04:33:45+00:00,station1,105.0,0.0,0.017,0.239,0.0,458098.8563428426,9144646.466299387,0.0,3.664790850742741,73.15717173039509,bgp_route_flap,real_bgp_flap_recall_002
2026-07-21T04:33:45+00:00,station2,,0.0,0.436,0.644,0.0,8862281.945454545,446089.43636363634,0.0,70.89825556363637,3.568715490909091,bgp_route_flap,real_bgp_flap_recall_002
2026-07-21T04:33:45+00:00,station3,,0.0,46.348,33.119,0.0,243.74545454545452,1289.290909090909,,0.0019499636363636361,0.010314327272727273,bgp_route_flap,real_bgp_flap_recall_002
2026-07-21T04:34:00+00:00,station1,105.0,0.0,0.475,2.031,0.0,332910.0545454545,6628712.2,0.0,2.663280436363636,53.0296976,bgp_route_flap,real_bgp_flap_recall_002
2026-07-21T04:34:00+00:00,station2,,0.0,0.405,1.897,0.0,6626984.509090909,333989.8363636363,0.0,53.01587607272727,2.6719186909090906,bgp_route_flap,real_bgp_flap_recall_002
2026-07-21T04:34:00+00:00,station3,,0.0,2893.948,4432.98,0.0,200.0181818181818,1074.8363636363636,,0.0016001454545454543,0.00859869090909091,bgp_route_flap,real_bgp_flap_recall_002
2026-07-21T04:34:15+00:00,station1,105.0,0.0,0.356,1.662,0.0,444672.4545454545,8862917.763636362,0.0,3.5573796363636356,70.9033421090909,bgp_route_flap,real_bgp_flap_recall_002
2026-07-21T04:34:15+00:00,station2,,0.0,0.551,1.899,0.0,8861766.854545454,445815.18181818177,0.0,70.89413483636363,3.566521454545454,bgp_route_flap,real_bgp_flap_recall_002
2026-07-21T04:34:15+00:00,station3,,0.0,2495.353,4904.105,0.0,244.87272727272727,1288.8,,0.001958981818181818,0.010310399999999999,bgp_route_flap,real_bgp_flap_recall_002
2026-07-21T04:34:30+00:00,station1,105.0,0.0,0.265,1.874,0.0,434296.50909090904,8656228.145454545,0.0,3.4743720727272724,69.24982516363636,bgp_route_flap,real_bgp_flap_recall_002
2026-07-21T04:34:30+00:00,station2,,0.0,0.503,1.943,0.0,9772012.418181816,491307.39999999997,0.0,78.17609934545453,3.9304591999999996,bgp_route_flap,real_bgp_flap_recall_002
2026-07-21T04:34:30+00:00,station3,,0.0,1059.931,1555.748,0.0,195.1090909090909,1080.4727272727273,,0.001560872727272727,0.008643781818181819,bgp_route_flap,real_bgp_flap_recall_002
2026-07-21T04:34:45+00:00,station1,105.0,0.0,0.049,1.226,0.0,657680.1636363636,13123865.363636363,0.0,5.261441309090909,104.99092290909091,bgp_route_flap,real_bgp_flap_recall_002
2026-07-21T04:34:45+00:00,station2,,0.0,0.608,1.228,0.0,12568459.727272727,630474.0727272726,0.0,100.54767781818181,5.043792581818181,bgp_route_flap,real_bgp_flap_recall_002
2026-07-21T04:34:45+00:00,station3,,0.0,1743.222,2558.309,0.0,237.19999999999996,1291.2181818181816,,0.0018975999999999997,0.010329745454545453,bgp_route_flap,real_bgp_flap_recall_002
2026-07-21T04:35:00+00:00,station1,105.0,0.0,0.016,0.29,0.0,461322.8909090909,9219419.818181816,0.0,3.6905831272727267,73.75535854545453,bgp_route_flap,real_bgp_flap_recall_002
2026-07-21T04:35:00+00:00,station2,,0.0,49.758,35.402,0.0,8866316.690909091,445544.8181818182,0.0,70.93053352727273,3.5643585454545454,bgp_route_flap,real_bgp_flap_recall_002
2026-07-21T04:35:00+00:00,station3,,0.0,54.962,39.145,0.0,195.03636363636363,1067.3272727272727,,0.001560290909090909,0.008538618181818182,bgp_route_flap,real_bgp_flap_recall_002
2026-07-21T04:35:15+00:00,station1,105.0,0.0,1126.378,1768.837,0.0,555936.0545454544,11101908.145454545,0.0,4.447488436363636,88.81526516363635,bgp_route_flap,real_bgp_flap_recall_002
2026-07-21T04:35:15+00:00,station2,,0.0,1128.3,1784.398,100.0,11100244.563636363,557344.5272727272,0.0,88.8019565090909,4.458756218181818,bgp_route_flap,real_bgp_flap_recall_002
2026-07-21T04:35:15+00:00,station3,,0.0,1400.252,1984.204,100.0,225.8181818181818,1292.7636363636364,,0.0018065454545454546,0.010342109090909091,bgp_route_flap,real_bgp_flap_recall_002
2026-07-21T04:35:30+00:00,station1,108.0,0.0,1126.378,1768.837,100.0,444464.6617088205,8869504.082040839,0.0,3.555717293670564,70.95603265632671,bgp_route_flap,real_bgp_flap_recall_002
2026-07-21T04:35:30+00:00,station2,,0.0,1443.15,2967.888,0.0,8868973.399999999,445642.7636363636,0.0,70.95178719999998,3.565142109090909,bgp_route_flap,real_bgp_flap_recall_002
2026-07-21T04:35:30+00:00,station3,,0.0,1447.282,2950.335,0.0,192.34545454545454,1076.9454545454544,,0.0015387636363636363,0.008615563636363635,bgp_route_flap,real_bgp_flap_recall_002
2026-07-21T04:35:45+00:00,station1,112.0,0.0,1698.303,2332.245,40.0,556417.5636363636,11103769.709090909,0.0,4.451340509090909,88.83015767272727,bgp_route_flap,real_bgp_flap_recall_002
2026-07-21T04:35:45+00:00,station2,,0.0,515.597,422.769,0.0,11934812.454545455,599045.5454545454,0.0,95.47849963636364,4.792364363636363,bgp_route_flap,real_bgp_flap_recall_002
2026-07-21T04:35:45+00:00,station3,,0.0,454.648,502.962,0.0,237.23636363636362,1290.2727272727273,,0.001897890909090909,0.010322181818181817,bgp_route_flap,real_bgp_flap_recall_002
2026-07-21T04:36:00+00:00,station1,112.0,0.0,1447.703,2952.57,0.0,559036.2019746532,11171625.106824009,0.0,4.472289615797226,89.37300085459206,bgp_route_flap,real_bgp_flap_recall_002
2026-07-21T04:36:00+00:00,station2,,0.0,1449.609,2945.277,0.0,10407985.636363635,521790.5636363636,0.0,83.26388509090908,4.1743245090909085,bgp_route_flap,real_bgp_flap_recall_002
2026-07-21T04:36:00+00:00,station3,,0.0,1445.37,2955.276,0.0,192.96363636363634,1069.7636363636364,,0.0015437090909090907,0.00855810909090909,bgp_route_flap,real_bgp_flap_recall_002
2026-07-21T04:36:15+00:00,station1,115.0,0.0,1494.553,2171.376,0.0,569471.9454545454,11349861.345454544,0.0,4.555775563636363,90.79889076363635,bgp_route_flap,real_bgp_flap_recall_002
2026-07-21T04:36:15+00:00,station2,,0.0,1404.432,1989.538,0.0,11345880.2,570407.3818181817,0.0,90.7670416,4.563259054545454,bgp_route_flap,real_bgp_flap_recall_002
2026-07-21T04:36:15+00:00,station3,,0.0,1404.757,1973.835,0.0,248.0363636363636,1290.6,,0.001984290909090909,0.010324799999999999,bgp_route_flap,real_bgp_flap_recall_002
2026-07-21T04:36:30+00:00,station1,118.0,0.0,1405.206,1961.086,0.0,457623.2339945815,9113762.005200284,0.0,3.660985871956652,72.91009604160227,bgp_route_flap,real_bgp_flap_recall_002
2026-07-21T04:36:30+00:00,station2,,0.0,1420.938,1968.37,0.0,9111646.054545455,458578.4545454545,0.0,72.89316843636364,3.668627636363636,bgp_route_flap,real_bgp_flap_recall_002
2026-07-21T04:36:30+00:00,station3,,0.0,1447.785,2950.514,0.0,200.45454545454544,1075.2545454545455,,0.0016036363636363635,0.008602036363636363,bgp_route_flap,real_bgp_flap_recall_002
2026-07-21T04:36:45+00:00,station1,122.0,0.0,2940.031,5400.637,0.0,569786.0181818181,11348167.654545454,0.0,4.5582881454545445,90.78534123636364,bgp_route_flap,real_bgp_flap_recall_002
2026-07-21T04:36:45+00:00,station2,,0.0,0.0,1.145,90.0,11347726.2,570813.909090909,0.0,90.78180959999999,4.566511272727271,bgp_route_flap,real_bgp_flap_recall_002
2026-07-21T04:36:45+00:00,station3,,0.0,2938.496,5403.929,0.0,242.1090909090909,1292.381818181818,,0.0019368727272727271,0.010339054545454545,bgp_route_flap,real_bgp_flap_recall_002
2026-07-21T04:37:00+00:00,station1,122.0,0.0,1214.989,2143.6,0.0,551833.087874325,10993425.771377662,0.0,4.4146647029946,87.9474061710213,bgp_route_flap,real_bgp_flap_recall_002
2026-07-21T04:37:00+00:00,station2,,0.0,1323.161,2602.164,40.0,11167253.09090909,560548.109090909,0.0,89.33802472727272,4.484384872727272,bgp_route_flap,real_bgp_flap_recall_002
2026-07-21T04:37:00+00:00,station3,,0.0,1213.756,2142.316,0.0,193.5090909090909,1064.6,,0.0015480727272727272,0.0085168,bgp_route_flap,real_bgp_flap_recall_002
2026-07-21T04:37:15+00:00,station1,125.0,0.0,0.065,0.232,0.0,568762.5272727272,11349169.654545454,0.0,4.550100218181818,90.79335723636363,bgp_route_flap,real_bgp_flap_recall_002
2026-07-21T04:37:15+00:00,station2,,0.0,0.218,0.41,0.0,11086109.98181818,557133.9636363636,0.0,88.68887985454545,4.457071709090909,bgp_route_flap,real_bgp_flap_recall_002
2026-07-21T04:37:15+00:00,station3,,0.0,1.107,1.1,0.0,242.65454545454543,1287.9636363636362,,0.0019412363636363635,0.010303709090909089,bgp_route_flap,real_bgp_flap_recall_002
2026-07-21T04:37:30+00:00,station1,125.0,0.0,1.491,1.986,0.0,443090.21818181814,8852191.745454544,0.0,3.544721745454545,70.81753396363635,bgp_route_flap,real_bgp_flap_recall_002
2026-07-21T04:37:30+00:00,station2,,0.0,0.458,0.98,0.0,8850208.963636363,443460.8545454545,0.0,70.8016717090909,3.547686836363636,bgp_route_flap,real_bgp_flap_recall_002
2026-07-21T04:37:30+00:00,station3,,0.0,0.667,4.429,0.0,202.1272727272727,1072.0363636363636,,0.0016170181818181816,0.008576290909090909,bgp_route_flap,real_bgp_flap_recall_002
2026-07-21T04:37:45+00:00,station1,126.0,0.0,0.042,0.749,0.0,552796.6508481973,11085307.75105002,0.0,4.422373206785578,88.68246200840015,bgp_route_flap,real_bgp_flap_recall_002
2026-07-21T04:37:45+00:00,station2,,0.0,0.02,0.687,0.0,11083701.109090907,553754.0727272726,0.0,88.66960887272727,4.430032581818181,bgp_route_flap,real_bgp_flap_recall_002
2026-07-21T04:37:45+00:00,station3,,0.0,0.403,4.068,0.0,235.09090909090907,1287.4,,0.0018807272727272724,0.010299200000000001,bgp_route_flap,real_bgp_flap_recall_002
2026-07-21T04:38:00+00:00,station1,126.0,0.0,0.145,1.038,0.0,440014.0361084344,8851148.37912038,0.0,3.520112288867475,70.80918703296304,bgp_route_flap,real_bgp_flap_recall_002
2026-07-21T04:38:00+00:00,station2,,0.0,0.331,0.985,0.0,9786252.654545454,487547.5272727272,0.0,78.29002123636363,3.9003802181818177,bgp_route_flap,real_bgp_flap_recall_002
2026-07-21T04:38:00+00:00,station3,,0.0,0.447,4.382,0.0,187.03636363636363,1065.5272727272727,,0.001496290909090909,0.008524218181818182,bgp_route_flap,real_bgp_flap_recall_002
2026-07-21T04:38:15+00:00,station1,126.0,0.0,1.193,1.586,0.0,652164.4,13135298.0,0.0,5.2173152,105.082384,bgp_route_flap,real_bgp_flap_recall_002
2026-07-21T04:38:15+00:00,station2,,0.0,0.419,0.714,0.0,12549654.163636362,623553.7818181817,0.0,100.3972333090909,4.988430254545454,bgp_route_flap,real_bgp_flap_recall_002
2026-07-21T04:38:15+00:00,station3,,0.0,2.061,3.124,0.0,232.94545454545454,1286.0727272727272,,0.0018635636363636362,0.010288581818181817,bgp_route_flap,real_bgp_flap_recall_002
2026-07-21T04:38:30+00:00,station1,126.0,0.0,0.029,0.304,0.0,456400.50909090904,9201696.309090909,0.0,3.651204072727272,73.61357047272728,bgp_route_flap,real_bgp_flap_recall_002
2026-07-21T04:38:30+00:00,station2,,0.0,0.023,0.245,0.0,8856810.38181818,441607.4545454545,0.0,70.85448305454544,3.5328596363636358,bgp_route_flap,real_bgp_flap_recall_002
2026-07-21T04:38:30+00:00,station3,,0.0,0.013,0.228,0.0,191.29090909090908,1072.509090909091,,0.0015303272727272726,0.008580072727272728,bgp_route_flap,real_bgp_flap_recall_002
2026-07-21T04:38:45+00:00,station1,126.0,0.0,1443.828,2965.262,0.0,552471.3550662715,11093285.340266539,0.0,4.419770840530172,88.7462827221323,bgp_route_flap,real_bgp_flap_recall_002
2026-07-21T04:38:45+00:00,station2,,0.0,1420.044,1981.784,0.0,11091030.527272727,554025.9272727272,0.0,88.72824421818181,4.432207418181818,bgp_route_flap,real_bgp_flap_recall_002
2026-07-21T04:38:45+00:00,station3,,0.0,1449.69,2942.338,0.0,230.2181818181818,1284.090909090909,,0.0018417454545454543,0.010272727272727272,bgp_route_flap,real_bgp_flap_recall_002
2026-07-21T04:39:00+00:00,station1,126.0,0.0,1405.892,2000.97,0.0,442394.0473809567,8861662.24250468,0.0,3.539152379047654,70.89329794003744,bgp_route_flap,real_bgp_flap_recall_002
2026-07-21T04:39:00+00:00,station2,,0.0,1406.716,1996.52,0.0,8861155.6,443720.18181818177,0.0,70.8892448,3.5497614545454543,bgp_route_flap,real_bgp_flap_recall_002
2026-07-21T04:39:00+00:00,station3,,0.0,1406.27,2000.783,0.0,183.2181818181818,1062.2727272727273,,0.0014657454545454543,0.008498181818181818,bgp_route_flap,real_bgp_flap_recall_002
2026-07-21T04:39:15+00:00,station1,126.0,0.0,475.195,471.41,0.0,554712.0909090909,11095459.890909089,0.0,4.437696727272727,88.76367912727271,bgp_route_flap,real_bgp_flap_recall_002
2026-07-21T04:39:15+00:00,station2,,0.0,514.218,427.016,0.0,11941353.363636363,598599.4,0.0,95.5308269090909,4.7887952,bgp_route_flap,real_bgp_flap_recall_002
2026-07-21T04:39:15+00:00,station3,,0.0,472.676,472.222,0.0,223.19999999999996,1286.6727272727271,,0.0017855999999999996,0.010293381818181816,bgp_route_flap,real_bgp_flap_recall_002
2026-07-21T04:39:30+00:00,station1,126.0,0.0,2939.884,4662.075,0.0,555805.4181818182,11169235.47272727,0.0,4.446443345454545,89.35388378181817,bgp_route_flap,real_bgp_flap_recall_002
2026-07-21T04:39:30+00:00,station2,,0.0,272.53,193.695,0.0,10404696.2,518203.309090909,0.0,83.2375696,4.1456264727272725,bgp_route_flap,real_bgp_flap_recall_002
2026-07-21T04:39:30+00:00,station3,,0.0,344.361,466.085,0.0,205.29090909090908,1074.490909090909,,0.0016423272727272727,0.008595927272727273,bgp_route_flap,real_bgp_flap_recall_002
2026-07-21T04:39:45+00:00,station1,126.0,0.0,0.028,0.295,0.0,461282.23636363633,9288906.218181817,0.0,3.690257890909091,74.31124974545453,bgp_route_flap,real_bgp_flap_recall_002
2026-07-21T04:39:45+00:00,station2,,0.0,743.265,525.823,25.0,8873783.109090907,442979.41818181815,0.0,70.99026487272727,3.543835345454545,bgp_route_flap,real_bgp_flap_recall_002
2026-07-21T04:39:45+00:00,station3,,0.0,1143.584,1154.656,0.0,235.45454545454544,1292.8545454545454,,0.0018836363636363636,0.010342836363636363,bgp_route_flap,real_bgp_flap_recall_002
2026-07-21T04:40:00+00:00,station1,126.0,0.0,734.033,519.247,25.0,330261.54545454547,6640907.872727272,0.0,2.6420923636363636,53.12726298181818,bgp_route_flap,real_bgp_flap_recall_002
2026-07-21T04:40:00+00:00,station2,,0.0,0.0,2.789,90.0,6641813.163636363,331662.4,0.0,53.134505309090905,2.6532992,bgp_route_flap,real_bgp_flap_recall_002
2026-07-21T04:40:00+00:00,station3,,0.0,1443.046,2960.605,0.0,185.36363636363635,1071.6181818181817,,0.0014829090909090907,0.008572945454545454,bgp_route_flap,real_bgp_flap_recall_002
2026-07-21T04:40:15+00:00,station1,126.0,0.0,1048.558,1320.113,0.0,442599.87272727274,8876162.436363636,0.0,3.540798981818182,71.00929949090909,bgp_route_flap,real_bgp_flap_recall_002
2026-07-21T04:40:15+00:00,station2,,0.0,1216.151,2146.263,0.0,8874513.872727271,443868.3272727272,0.0,70.99611098181816,3.550946618181818,bgp_route_flap,real_bgp_flap_recall_002
2026-07-21T04:40:15+00:00,station3,,0.0,1217.483,2132.835,0.0,240.83636363636364,1291.6545454545453,,0.001926690909090909,0.010333236363636363,bgp_route_flap,real_bgp_flap_recall_002
2026-07-21T04:40:30+00:00,station1,126.0,0.0,1215.789,2152.794,0.0,427450.69090909086,8522491.236363636,0.0,3.419605527272727,68.1799298909091,bgp_route_flap,real_bgp_flap_recall_002
2026-07-21T04:40:30+00:00,station2,,0.0,829.269,1137.289,0.0,9637584.38181818,484249.8545454545,0.0,77.10067505454545,3.873998836363636,bgp_route_flap,real_bgp_flap_recall_002
2026-07-21T04:40:30+00:00,station3,,0.0,835.409,1121.851,0.0,190.74545454545452,1072.1454545454544,,0.0015259636363636362,0.008577163636363636,bgp_route_flap,real_bgp_flap_recall_002
2026-07-21T04:40:45+00:00,station1,126.0,0.0,1399.856,1961.769,0.0,650601.7562359101,12988831.12137299,0.0,5.204814049887281,103.91064897098393,bgp_route_flap,real_bgp_flap_recall_002
2026-07-21T04:40:45+00:00,station2,,0.0,763.165,908.893,0.0,12704041.4,636873.6363636364,0.0,101.63233120000001,5.094989090909091,bgp_route_flap,real_bgp_flap_recall_002
2026-07-21T04:40:45+00:00,station3,,0.0,761.553,900.886,0.0,230.1090909090909,1283.490909090909,,0.0018408727272727272,0.010267927272727273,bgp_route_flap,real_bgp_flap_recall_002
2026-07-21T04:41:00+00:00,station1,126.0,0.0,0.029,0.256,0.0,467728.3818181818,9355227.618181817,0.0,3.741827054545454,74.84182094545454,bgp_route_flap,real_bgp_flap_recall_002
2026-07-21T04:41:00+00:00,station2,,0.0,0.015,0.275,0.0,8819467.909090908,441002.8363636363,0.0,70.55574327272727,3.5280226909090904,bgp_route_flap,real_bgp_flap_recall_002
2026-07-21T04:41:00+00:00,station3,,0.0,0.012,0.345,0.0,186.38181818181818,1062.3090909090909,,0.0014910545454545454,0.008498472727272726,bgp_route_flap,real_bgp_flap_recall_002
2026-07-21T04:41:15+00:00,station1,126.0,0.0,0.052,1.032,0.0,516357.55195549014,11056332.769686723,0.0,4.130860415643921,88.45066215749378,bgp_route_flap,real_bgp_flap_recall_002
2026-07-21T04:41:15+00:00,station2,,0.0,0.11,0.783,0.0,11054974.145454545,505680.10909090907,0.0,88.43979316363635,4.045440872727273,bgp_route_flap,real_bgp_flap_recall_002
2026-07-21T04:41:15+00:00,station3,,0.0,0.379,4.089,0.0,231.74545454545452,1282.4727272727273,,0.0018539636363636362,0.010259781818181818,bgp_route_flap,real_bgp_flap_recall_002
2026-07-21T04:41:30+00:00,station1,126.0,0.0,0.336,0.931,0.0,381039.3629206742,8822894.129197652,0.0,3.0483149033653936,70.58315303358121,bgp_route_flap,real_bgp_flap_recall_002
2026-07-21T04:41:30+00:00,station2,,0.0,0.194,0.794,0.0,8821700.472727273,369997.3636363636,0.0,70.57360378181818,2.9599789090909088,bgp_route_flap,real_bgp_flap_recall_002
2026-07-21T04:41:30+00:00,station3,,0.0,1.401,3.939,0.0,194.56363636363633,1069.0181818181818,,0.0015565090909090908,0.008552145454545454,bgp_route_flap,real_bgp_flap_recall_002
2026-07-21T04:41:45+00:00,station1,126.0,0.0,0.346,1.068,0.0,445371.3636363636,11058217.236363636,0.0,3.5629709090909087,88.4657378909091,bgp_route_flap,real_bgp_flap_recall_002
2026-07-21T04:41:45+00:00,station2,,0.0,1.119,1.516,0.0,11756690.836363636,469733.34545454546,0.0,94.05352669090908,3.757866763636364,bgp_route_flap,real_bgp_flap_recall_002
2026-07-21T04:41:45+00:00,station3,,0.0,0.585,4.35,0.0,232.83636363636364,1286.2181818181816,,0.001862690909090909,0.010289745454545453,bgp_route_flap,real_bgp_flap_recall_002
2026-07-21T04:42:00+00:00,station1,126.0,0.0,0.37,1.15,0.0,439993.47260859294,11173882.506954672,0.0,3.5199477808687436,89.39106005563737,bgp_route_flap,real_bgp_flap_recall_002
2026-07-21T04:42:00+00:00,station2,,0.0,0.148,0.919,0.0,10713694.509090908,418280.21818181814,0.0,85.70955607272727,3.3462417454545452,bgp_route_flap,real_bgp_flap_recall_002
2026-07-21T04:42:00+00:00,station3,,0.0,0.557,4.947,0.0,186.9272727272727,1065.290909090909,,0.0014954181818181817,0.008522327272727273,bgp_route_flap,real_bgp_flap_recall_002
2026-07-21T04:42:15+00:00,station1,126.0,0.0,0.092,0.833,0.0,453538.8363636363,11384993.218181817,0.0,3.6283106909090903,91.07994574545454,bgp_route_flap,real_bgp_flap_recall_002
2026-07-21T04:42:15+00:00,station2,,0.0,0.2,1.054,0.0,11383335.127272727,466426.0727272727,0.0,91.06668101818181,3.7314085818181817,bgp_route_flap,real_bgp_flap_recall_002
2026-07-21T04:42:15+00:00,station3,,0.0,0.461,2.935,0.0,235.0181818181818,1289.4363636363635,,0.0018801454545454544,0.010315490909090909,bgp_route_flap,real_bgp_flap_recall_002
2026-07-21T04:42:30+00:00,station1,126.0,0.0,0.27,1.069,0.0,388522.5272727272,9149345.2,0.0,3.108180218181818,73.19476159999999,bgp_route_flap,real_bgp_flap_recall_002
2026-07-21T04:42:30+00:00,station2,,0.0,0.316,0.9,0.0,9147377.163636362,401067.0181818182,0.0,73.1790173090909,3.2085361454545454,bgp_route_flap,real_bgp_flap_recall_002
2026-07-21T04:42:30+00:00,station3,,0.0,0.791,3.677,0.0,194.56363636363633,1073.1090909090908,,0.0015565090909090908,0.008584872727272727,bgp_route_flap,real_bgp_flap_recall_002
2026-07-21T04:42:45+00:00,station1,126.0,0.0,4.56,4.114,0.0,522264.18181818177,11380023.309090909,0.0,4.178113454545454,91.04018647272727,bgp_route_flap,real_bgp_flap_recall_002
2026-07-21T04:42:45+00:00,station2,,0.0,0.398,1.11,0.0,11376077.09090909,534831.9454545454,0.0,91.00861672727272,4.278655563636364,bgp_route_flap,real_bgp_flap_recall_002
2026-07-21T04:42:45+00:00,station3,,0.0,1.35,4.635,0.0,235.0181818181818,1289.1454545454544,,0.0018801454545454544,0.010313163636363636,bgp_route_flap,real_bgp_flap_recall_002
2026-07-21T04:43:00+00:00,station1,126.0,0.0,0.125,0.933,0.0,523802.85812985216,10526550.22635952,0.0,4.190422865038817,84.21240181087616,bgp_route_flap,real_bgp_flap_recall_002
2026-07-21T04:43:00+00:00,station2,,0.0,0.103,0.817,0.0,11166361.781818181,555780.9818181818,0.0,89.33089425454546,4.4462478545454545,bgp_route_flap,real_bgp_flap_recall_002
2026-07-21T04:43:00+00:00,station3,,0.0,0.676,3.551,0.0,186.9272727272727,1065.4181818181817,,0.0014954181818181817,0.008523345454545453,bgp_route_flap,real_bgp_flap_recall_002
2026-07-21T04:43:15+00:00,station1,126.0,0.0,0.007,0.267,0.0,586366.2297049145,11812931.310339812,0.0,4.690929837639316,94.50345048271849,bgp_route_flap,real_bgp_flap_recall_002
2026-07-21T04:43:15+00:00,station2,,0.0,0.045,0.244,0.0,11103588.890909089,553427.7818181817,0.0,88.82871112727271,4.427422254545454,bgp_route_flap,real_bgp_flap_recall_002
2026-07-21T04:43:15+00:00,station3,,0.0,0.015,0.274,0.0,235.0181818181818,1289.109090909091,,0.0018801454545454544,0.010312872727272729,bgp_route_flap,real_bgp_flap_recall_002
2026-07-21T04:43:30+00:00,station1,126.0,0.0,0.367,2.443,0.0,441803.19999999995,8873175.818181818,0.0,3.5344255999999996,70.98540654545455,bgp_route_flap,real_bgp_flap_recall_002
2026-07-21T04:43:30+00:00,station2,,0.0,0.055,2.593,0.0,8871946.49090909,443230.5272727272,0.0,70.97557192727272,3.5458442181818177,bgp_route_flap,real_bgp_flap_recall_002
2026-07-21T04:43:30+00:00,station3,,0.0,1205.757,2492.233,20.0,194.56363636363633,1073.6545454545453,,0.0015565090909090908,0.008589236363636362,bgp_route_flap,real_bgp_flap_recall_002
2026-07-21T04:43:45+00:00,station1,126.0,0.0,0.262,2.114,0.0,553968.1272727272,11109122.018181818,0.0,4.431745018181817,88.87297614545454,bgp_route_flap,real_bgp_flap_recall_002
2026-07-21T04:43:45+00:00,station2,,0.0,0.301,2.363,0.0,11108820.963636363,555755.5818181818,0.0,88.8705677090909,4.446044654545454,bgp_route_flap,real_bgp_flap_recall_002
2026-07-21T04:43:45+00:00,station3,,0.0,1430.108,2522.567,40.0,231.74545454545452,1286.9636363636362,,0.0018539636363636362,0.01029570909090909,bgp_route_flap,real_bgp_flap_recall_002
2026-07-21T04:44:00+00:00,station1,126.0,0.0,0.819,2.104,0.0,443854.5299176378,8875863.56611698,0.0,3.5508362393411024,71.00690852893584,bgp_route_flap,real_bgp_flap_recall_002
2026-07-21T04:44:00+00:00,station2,,0.0,0.177,2.299,0.0,9346188.509090908,468663.8909090909,0.0,74.76950807272726,3.749311127272727,bgp_route_flap,real_bgp_flap_recall_002
2026-07-21T04:44:00+00:00,station3,,0.0,1484.017,2394.82,16.666666666666664,181.0,1064.7454545454543,,0.001448,0.008517963636363635,bgp_route_flap,real_bgp_flap_recall_002
2026-07-21T04:44:15+00:00,station1,126.0,0.0,0.468,2.446,0.0,634977.6909090909,12698324.181818182,0.0,5.079821527272728,101.58659345454545,bgp_route_flap,real_bgp_flap_recall_002
2026-07-21T04:44:15+00:00,station2,,0.0,0.064,2.429,0.0,13000277.763636362,650604.3454545455,0.0,104.0022221090909,5.204834763636364,bgp_route_flap,real_bgp_flap_recall_002
2026-07-21T04:44:15+00:00,station3,,0.0,2344.378,4602.217,0.0,237.19999999999996,1294.3454545454545,,0.0018975999999999997,0.010354763636363635,bgp_route_flap,real_bgp_flap_recall_002
2026-07-21T04:44:30+00:00,station1,126.0,0.0,0.009,0.216,0.0,481623.7454545454,9649953.072727272,0.0,3.8529899636363636,77.19962458181818,bgp_route_flap,real_bgp_flap_recall_002
2026-07-21T04:44:30+00:00,station2,,0.0,0.034,0.323,0.0,8871867.509090908,445013.14545454545,0.0,70.97494007272726,3.5601051636363636,bgp_route_flap,real_bgp_flap_recall_002
2026-07-21T04:44:30+00:00,station3,,0.0,0.039,0.225,0.0,197.7272727272727,1081.9818181818182,,0.0015818181818181816,0.008655854545454545,bgp_route_flap,real_bgp_flap_recall_002
2026-07-21T04:44:45+00:00,station1,126.0,0.0,0.0,2.139,90.0,556341.5028817657,11107058.471664151,0.0,4.450732023054126,88.85646777331321,bgp_route_flap,real_bgp_flap_recall_002
2026-07-21T04:44:45+00:00,station2,,0.0,1444.989,2965.471,0.0,11105618.09090909,557910.0363636364,0.0,88.84494472727272,4.463280290909091,bgp_route_flap,real_bgp_flap_recall_002
2026-07-21T04:44:45+00:00,station3,,0.0,1447.331,2948.814,0.0,237.16363636363633,1324.7454545454543,,0.0018973090909090906,0.010597963636363634,bgp_route_flap,real_bgp_flap_recall_002
2026-07-21T04:45:00+00:00,station1,126.0,0.0,1449.911,2946.975,0.0,445204.80372370407,8873399.461808397,0.0,3.5616384297896326,70.98719569446718,bgp_route_flap,real_bgp_flap_recall_002
2026-07-21T04:45:00+00:00,station2,,0.0,1401.574,1988.711,0.0,8872086.363636363,446511.34545454546,0.0,70.9766909090909,3.5720907636363637,bgp_route_flap,real_bgp_flap_recall_002
2026-07-21T04:45:00+00:00,station3,,0.0,1401.956,1975.903,0.0,196.56363636363633,1095.1636363636362,,0.0015725090909090907,0.00876130909090909,bgp_route_flap,real_bgp_flap_recall_002
2026-07-21T04:45:15+00:00,station1,126.0,0.0,1749.618,3259.983,0.0,557120.6974925905,11107533.956397621,0.0,4.456965579940724,88.86027165118097,bgp_route_flap,real_bgp_flap_recall_002
2026-07-21T04:45:15+00:00,station2,,0.0,1014.864,2400.6,0.0,11512228.127272727,578831.0181818181,0.0,92.09782501818182,4.630648145454544,bgp_route_flap,real_bgp_flap_recall_002
2026-07-21T04:45:15+00:00,station3,,0.0,1442.817,2956.405,0.0,229.5272727272727,1314.6727272727271,,0.0018362181818181815,0.010517381818181817,bgp_route_flap,real_bgp_flap_recall_002
2026-07-21T04:45:30+00:00,station1,126.0,0.0,1447.982,2927.862,0.0,559492.3636363635,11172179.745454544,0.0,4.4759389090909085,89.37743796363635,bgp_route_flap,real_bgp_flap_recall_002
2026-07-21T04:45:30+00:00,station2,,0.0,968.242,1110.499,0.0,10838593.618181817,543612.1454545454,0.0,86.70874894545454,4.348897163636363,bgp_route_flap,real_bgp_flap_recall_002
2026-07-21T04:45:30+00:00,station3,,0.0,947.093,1132.654,0.0,200.49090909090907,1090.5636363636363,,0.0016039272727272726,0.008724509090909091,bgp_route_flap,real_bgp_flap_recall_002
2026-07-21T04:45:45+00:00,station1,126.0,0.0,0.051,0.255,0.0,486555.94545454544,9722887.836363636,0.0,3.8924475636363636,77.78310269090909,bgp_route_flap,real_bgp_flap_recall_002
2026-07-21T04:45:45+00:00,station2,,0.0,0.041,0.261,0.0,8876357.727272727,446265.8545454545,0.0,71.01086181818181,3.570126836363636,bgp_route_flap,real_bgp_flap_recall_002
2026-07-21T04:45:45+00:00,station3,,0.0,0.037,0.245,0.0,237.67272727272726,1283.509090909091,,0.001901381818181818,0.010268072727272728,bgp_route_flap,real_bgp_flap_recall_002
2026-07-21T04:46:00+00:00,station1,126.0,0.0,511.975,428.849,0.0,333128.76129524916,6642601.698150943,0.0,2.6650300903619932,53.140813585207546,bgp_route_flap,real_bgp_flap_recall_002
2026-07-21T04:46:00+00:00,station2,,0.0,513.88,426.644,0.0,6641197.090909091,334257.12727272726,0.0,53.12957672727273,2.674057018181818,bgp_route_flap,real_bgp_flap_recall_002
2026-07-21T04:46:00+00:00,station3,,0.0,505.766,428.84,0.0,186.96363636363634,1063.8,,0.0014957090909090908,0.0085104,bgp_route_flap,real_bgp_flap_recall_002
2026-07-21T04:46:15+00:00,station1,126.0,0.0,503.066,9492.233,80.0,444813.9737832482,8877462.792938568,0.0,3.5585117902659857,71.01970234350854,bgp_route_flap,real_bgp_flap_recall_002
2026-07-21T04:46:15+00:00,station2,,0.0,0.0,4.125,100.0,8875208.963636363,445820.98181818175,0.0,71.0016717090909,3.566567854545454,bgp_route_flap,real_bgp_flap_recall_002
2026-07-21T04:46:15+00:00,station3,,0.0,505.766,428.84,100.0,216.2181818181818,1289.5636363636363,,0.0017297454545454544,0.01031650909090909,bgp_route_flap,real_bgp_flap_recall_002
2026-07-21T04:46:30+00:00,station1,126.0,0.0,503.066,9492.233,100.0,405296.9582371229,8093099.252740859,0.0,3.2423756658969833,64.74479402192688,bgp_route_flap,real_bgp_flap_recall_003
2026-07-21T04:46:30+00:00,station2,,0.0,1214.864,2152.645,0.0,9208883.98181818,462273.63636363635,0.0,73.67107185454545,3.6981890909090906,bgp_route_flap,real_bgp_flap_recall_003
2026-07-21T04:46:30+00:00,station3,,0.0,1214.674,2139.511,0.0,214.19999999999996,1101.1454545454544,,0.0017135999999999996,0.008809163636363635,bgp_route_flap,real_bgp_flap_recall_003
2026-07-21T04:46:45+00:00,station1,130.0,0.0,1445.299,2960.199,0.0,629115.7272727272,12561440.436363636,0.0,5.032925818181817,100.49152349090909,bgp_route_flap,real_bgp_flap_recall_003
2026-07-21T04:46:45+00:00,station2,,0.0,961.602,1276.388,0.0,13143114.309090909,658226.4909090908,0.0,105.14491447272727,5.265811927272726,bgp_route_flap,real_bgp_flap_recall_003
2026-07-21T04:46:45+00:00,station3,,0.0,1057.588,1352.209,0.0,261.96363636363634,1319.1818181818182,,0.002095709090909091,0.010553454545454546,bgp_route_flap,real_bgp_flap_recall_003
2026-07-21T04:47:00+00:00,station1,130.0,0.0,0.035,0.254,0.0,489627.4727272727,9793836.363636363,0.0,3.9170197818181816,78.3506909090909,bgp_route_flap,real_bgp_flap_recall_003
2026-07-21T04:47:00+00:00,station2,,0.0,0.059,0.214,0.0,8675789.49090909,434862.7636363636,0.0,69.40631592727273,3.478902109090909,bgp_route_flap,real_bgp_flap_recall_003
2026-07-21T04:47:00+00:00,station3,,0.0,0.02,0.253,0.0,228.96363636363634,1097.109090909091,,0.0018317090909090907,0.008776872727272728,bgp_route_flap,real_bgp_flap_recall_003
2026-07-21T04:47:15+00:00,station1,130.0,0.0,0.079,0.611,0.0,441378.16363636364,8872577.818181818,0.0,3.531025309090909,70.98062254545455,bgp_route_flap,real_bgp_flap_recall_003
2026-07-21T04:47:15+00:00,station2,,0.0,0.205,0.833,0.0,8869167.763636362,440138.41818181815,0.0,70.9533421090909,3.521107345454545,bgp_route_flap,real_bgp_flap_recall_003
2026-07-21T04:47:15+00:00,station3,,0.0,1.422,3.528,0.0,281.2363636363636,1309.0181818181816,,0.002249890909090909,0.010472145454545452,bgp_route_flap,real_bgp_flap_recall_003
2026-07-21T04:47:30+00:00,station1,130.0,0.0,0.125,0.794,0.0,324743.7818181818,6637490.7272727275,0.0,2.5979502545454545,53.09992581818182,bgp_route_flap,real_bgp_flap_recall_003
2026-07-21T04:47:30+00:00,station2,,0.0,0.154,0.819,0.0,6635134.636363636,323178.3636363636,0.0,53.08107709090908,2.5854269090909088,bgp_route_flap,real_bgp_flap_recall_003
2026-07-21T04:47:30+00:00,station3,,0.0,0.413,3.868,0.0,204.63636363636363,1071.9454545454544,,0.001637090909090909,0.008575563636363635,bgp_route_flap,real_bgp_flap_recall_003
2026-07-21T04:47:45+00:00,station1,130.0,0.0,0.247,0.901,0.0,425344.23636363633,8870201.654545454,0.0,3.4027538909090906,70.96161323636363,bgp_route_flap,real_bgp_flap_recall_003
2026-07-21T04:47:45+00:00,station2,,0.0,0.572,1.128,0.0,9130431.509090908,437477.0727272727,0.0,73.04345207272726,3.4998165818181817,bgp_route_flap,real_bgp_flap_recall_003
2026-07-21T04:47:45+00:00,station3,,0.0,0.206,3.337,0.0,236.1090909090909,1287.6,,0.001888872727272727,0.010300799999999999,bgp_route_flap,real_bgp_flap_recall_003
2026-07-21T04:48:00+00:00,station1,130.0,0.0,0.094,0.839,0.0,489362.5272727272,10248041.781818181,0.0,3.9149002181818178,81.98433425454544,bgp_route_flap,real_bgp_flap_recall_003
2026-07-21T04:48:00+00:00,station2,,0.0,0.169,0.878,0.0,11167630.0,533451.4909090908,0.0,89.34104,4.267611927272727,bgp_route_flap,real_bgp_flap_recall_003
2026-07-21T04:48:00+00:00,station3,,0.0,1.104,5.686,0.0,195.65454545454543,1072.0181818181818,,0.0015652363636363634,0.008576145454545454,bgp_route_flap,real_bgp_flap_recall_003
2026-07-21T04:48:15+00:00,station1,130.0,0.0,0.029,0.295,0.0,577232.7315042092,12095727.085947016,0.0,4.617861852033673,96.76581668757613,bgp_route_flap,real_bgp_flap_recall_003
2026-07-21T04:48:15+00:00,station2,,0.0,0.04,0.268,0.0,11088921.69090909,531636.8363636363,0.0,88.71137352727271,4.253094690909091,bgp_route_flap,real_bgp_flap_recall_003
2026-07-21T04:48:15+00:00,station3,,0.0,0.017,0.297,0.0,238.94545454545454,1290.8727272727272,,0.0019115636363636363,0.010326981818181818,bgp_route_flap,real_bgp_flap_recall_003
2026-07-21T04:48:30+00:00,station1,130.0,0.0,0.023,0.276,0.0,426688.6670666739,8857007.272859506,0.0,3.4135093365333913,70.85605818287605,bgp_route_flap,real_bgp_flap_recall_003
2026-07-21T04:48:30+00:00,station2,,0.0,1745.959,7445.908,40.0,8856748.999999998,430637.1272727272,0.0,70.85399199999999,3.4450970181818175,bgp_route_flap,real_bgp_flap_recall_003
2026-07-21T04:48:30+00:00,station3,,0.0,2941.985,5381.546,0.0,194.7090909090909,1081.2727272727273,,0.001557672727272727,0.008650181818181817,bgp_route_flap,real_bgp_flap_recall_003
2026-07-21T04:48:45+00:00,station1,134.0,0.0,1420.603,1982.815,0.0,544374.0909090909,11089691.636363635,0.0,4.354992727272728,88.71753309090907,bgp_route_flap,real_bgp_flap_recall_003
2026-07-21T04:48:45+00:00,station2,,0.0,1120.095,1725.74,0.0,11088123.69090909,548267.3090909091,0.0,88.70498952727272,4.386138472727272,bgp_route_flap,real_bgp_flap_recall_003
2026-07-21T04:48:45+00:00,station3,,0.0,1213.331,2137.261,0.0,244.0363636363636,1296.6727272727271,,0.0019522909090909089,0.010373381818181817,bgp_route_flap,real_bgp_flap_recall_003
2026-07-21T04:49:00+00:00,station1,134.0,0.0,892.516,1888.772,0.0,442873.54545454547,8856162.38181818,0.0,3.542988363636364,70.84929905454544,bgp_route_flap,real_bgp_flap_recall_003
2026-07-21T04:49:00+00:00,station2,,0.0,1399.197,1994.193,0.0,9046509.927272728,455065.7454545454,0.0,72.37207941818183,3.6405259636363634,bgp_route_flap,real_bgp_flap_recall_003
2026-07-21T04:49:00+00:00,station3,,0.0,1398.949,1979.71,0.0,203.03636363636363,1080.5272727272727,,0.0016242909090909091,0.008644218181818182,bgp_route_flap,real_bgp_flap_recall_003
2026-07-21T04:49:15+00:00,station1,134.0,0.0,1053.845,2249.171,0.0,621783.0687830688,12398212.785687013,0.0,4.97426455026455,99.1857022854961,bgp_route_flap,real_bgp_flap_recall_003
2026-07-21T04:49:15+00:00,station2,,0.0,1447.698,2463.708,0.0,13294983.29090909,667139.8545454546,0.0,106.35986632727271,5.337118836363637,bgp_route_flap,real_bgp_flap_recall_003
2026-07-21T04:49:15+00:00,station3,,0.0,1443.106,2473.384,0.0,254.18181818181816,1299.2181818181816,,0.0020334545454545453,0.010393745454545453,bgp_route_flap,real_bgp_flap_recall_003
2026-07-21T04:49:30+00:00,station1,134.0,0.0,0.023,0.325,0.0,497671.6667575774,9944614.520264005,0.0,3.981373334060619,79.55691616211205,bgp_route_flap,real_bgp_flap_recall_003
2026-07-21T04:49:30+00:00,station2,,0.0,0.049,0.289,0.0,8858869.218181817,444542.309090909,0.0,70.87095374545453,3.556338472727272,bgp_route_flap,real_bgp_flap_recall_003
2026-07-21T04:49:30+00:00,station3,,0.0,0.043,0.244,0.0,211.47272727272727,1079.1272727272726,,0.0016917818181818181,0.008633018181818181,bgp_route_flap,real_bgp_flap_recall_003
2026-07-21T04:49:45+00:00,station1,134.0,0.0,0.153,1.788,0.0,548328.7877961418,11096862.36113384,0.0,4.386630302369134,88.77489888907071,bgp_route_flap,real_bgp_flap_recall_003
2026-07-21T04:49:45+00:00,station2,,0.0,0.458,2.035,0.0,11094916.890909089,547230.0909090909,0.0,88.7593351272727,4.377840727272727,bgp_route_flap,real_bgp_flap_recall_003
2026-07-21T04:49:45+00:00,station3,,0.0,1450.038,2941.732,0.0,246.9090909090909,1289.9818181818182,,0.0019752727272727274,0.010319854545454546,bgp_route_flap,real_bgp_flap_recall_003
2026-07-21T04:50:00+00:00,station1,134.0,0.0,0.37,2.116,0.0,431851.6545454545,8861071.109090907,0.0,3.454813236363636,70.88856887272726,bgp_route_flap,real_bgp_flap_recall_003
2026-07-21T04:50:00+00:00,station2,,0.0,0.24,2.027,0.0,8860022.945454545,430840.63636363635,0.0,70.88018356363636,3.4467250909090907,bgp_route_flap,real_bgp_flap_recall_003
2026-07-21T04:50:00+00:00,station3,,0.0,1450.038,2941.732,100.0,194.7090909090909,1075.1090909090908,,0.001557672727272727,0.008600872727272727,bgp_route_flap,real_bgp_flap_recall_003
2026-07-21T04:50:15+00:00,station1,134.0,0.0,0.2,2.23,0.0,534821.4363636363,11096860.818181816,0.0,4.278571490909091,88.77488654545454,bgp_route_flap,real_bgp_flap_recall_003
2026-07-21T04:50:15+00:00,station2,,0.0,0.53,2.623,0.0,11201454.09090909,539298.5454545454,0.0,89.61163272727272,4.314388363636363,bgp_route_flap,real_bgp_flap_recall_003
2026-07-21T04:50:15+00:00,station3,,0.0,2790.28,4499.262,0.0,236.1090909090909,1289.2181818181816,,0.001888872727272727,0.010313745454545453,bgp_route_flap,real_bgp_flap_recall_003
2026-07-21T04:50:30+00:00,station1,137.0,0.0,0.222,2.368,0.0,535739.3636363636,11170590.945454543,0.0,4.285914909090909,89.36472756363635,bgp_route_flap,real_bgp_flap_recall_003
2026-07-21T04:50:30+00:00,station2,,0.0,0.088,2.234,0.0,11140437.145454545,535731.0181818182,0.0,89.12349716363636,4.285848145454546,bgp_route_flap,real_bgp_flap_recall_003
2026-07-21T04:50:30+00:00,station3,,0.0,1503.019,2455.168,0.0,199.98181818181817,1077.6363636363635,,0.0015998545454545454,0.008621090909090908,bgp_route_flap,real_bgp_flap_recall_003
2026-07-21T04:50:45+00:00,station1,138.0,0.0,1419.304,1966.504,0.0,536188.3056671696,11104951.655424446,0.0,4.289506445337357,88.83961324339556,bgp_route_flap,real_bgp_flap_recall_003
2026-07-21T04:50:45+00:00,station2,,0.0,1415.484,1958.341,0.0,11103611.509090908,539704.4181818182,0.0,88.82889207272726,4.317635345454546,bgp_route_flap,real_bgp_flap_recall_003
2026-07-21T04:50:45+00:00,station3,,0.0,1413.307,1948.495,0.0,239.0181818181818,1292.6727272727271,,0.0019121454545454545,0.010341381818181818,bgp_route_flap,real_bgp_flap_recall_003
2026-07-21T04:51:00+00:00,station1,138.0,0.0,487.246,447.284,0.0,433734.41818181815,8870968.290909091,0.0,3.469875345454545,70.96774632727274,bgp_route_flap,real_bgp_flap_recall_003
2026-07-21T04:51:00+00:00,station2,,0.0,1402.526,1989.355,0.0,8869614.763636362,437040.4545454545,0.0,70.95691810909089,3.496323636363636,bgp_route_flap,real_bgp_flap_recall_003
2026-07-21T04:51:00+00:00,station3,,0.0,1402.361,1975.895,0.0,197.47272727272727,1074.6181818181817,,0.0015797818181818182,0.008596945454545453,bgp_route_flap,real_bgp_flap_recall_003
2026-07-21T04:51:15+00:00,station1,138.0,0.0,0.0,14.81,90.0,549402.9636363636,11105655.109090907,0.0,4.395223709090909,88.84524087272726,bgp_route_flap,real_bgp_flap_recall_003
2026-07-21T04:51:15+00:00,station2,,0.0,0.0,16.295,90.0,11105671.4,552549.1454545454,0.0,88.8453712,4.420393163636363,bgp_route_flap,real_bgp_flap_recall_003
2026-07-21T04:51:15+00:00,station3,,0.0,0.0,9.614,90.0,234.18181818181816,1289.0181818181816,,0.0018734545454545453,0.010312145454545453,bgp_route_flap,real_bgp_flap_recall_003
2026-07-21T04:51:30+00:00,station1,138.0,0.0,514.987,423.63,0.0,501487.5636363636,10017827.909090908,0.0,4.011900509090909,80.14262327272726,bgp_route_flap,real_bgp_flap_recall_003
2026-07-21T04:51:30+00:00,station2,,0.0,511.03,432.558,0.0,11133801.836363636,558275.9090909091,0.0,89.07041469090909,4.466207272727273,bgp_route_flap,real_bgp_flap_recall_003
2026-07-21T04:51:30+00:00,station3,,0.0,838.309,1116.382,0.0,188.2,1074.6181818181817,,0.0015056,0.008596945454545453,bgp_route_flap,real_bgp_flap_recall_003
2026-07-21T04:51:45+00:00,station1,138.0,0.0,0.493,0.561,0.0,616147.433683024,12334242.75922256,0.0,4.929179469464192,98.67394207378048,bgp_route_flap,real_bgp_flap_recall_003
2026-07-21T04:51:45+00:00,station2,,0.0,0.04,0.208,0.0,11215978.018181818,561582.6545454545,0.0,89.72782414545453,4.492661236363636,bgp_route_flap,real_bgp_flap_recall_003
2026-07-21T04:51:45+00:00,station3,,0.0,0.042,0.214,0.0,237.63636363636363,1289.6727272727271,,0.001901090909090909,0.010317381818181816,bgp_route_flap,real_bgp_flap_recall_003
2026-07-21T04:52:00+00:00,station1,138.0,0.0,0.019,0.259,0.0,392983.54545454547,7866230.745454545,0.0,3.1438683636363636,62.92984596363636,bgp_route_flap,real_bgp_flap_recall_003
2026-07-21T04:52:00+00:00,station2,,0.0,0.062,0.201,0.0,6748049.236363635,338441.18181818177,0.0,53.98439389090908,2.7075294545454542,bgp_route_flap,real_bgp_flap_recall_003
2026-07-21T04:52:00+00:00,station3,,0.0,0.038,0.304,0.0,200.45454545454544,1072.1454545454544,,0.0016036363636363635,0.008577163636363636,bgp_route_flap,real_bgp_flap_recall_003
2026-07-21T04:52:15+00:00,station1,138.0,0.0,1429.587,1995.41,0.0,437635.5024636812,8861760.486554302,0.0,3.5010840197094497,70.89408389243442,bgp_route_flap,real_bgp_flap_recall_003
2026-07-21T04:52:15+00:00,station2,,0.0,0.0,3.508,90.0,8859870.563636363,437143.8181818182,0.0,70.8789645090909,3.4971505454545455,bgp_route_flap,real_bgp_flap_recall_003
2026-07-21T04:52:15+00:00,station3,,0.0,2939.705,5398.144,0.0,231.05454545454543,1291.3636363636363,,0.0018484363636363634,0.01033090909090909,bgp_route_flap,real_bgp_flap_recall_003
2026-07-21T04:52:30+00:00,station1,141.0,0.0,0.0,1.804,90.0,322239.61818181816,6627576.163636363,0.0,2.5779169454545454,53.02060930909091,bgp_route_flap,real_bgp_flap_recall_003
2026-07-21T04:52:30+00:00,station2,,0.0,0.0,3.508,90.0,6626916.018181818,320828.50909090904,0.0,53.01532814545454,2.5666280727272723,bgp_route_flap,real_bgp_flap_recall_003
2026-07-21T04:52:30+00:00,station3,,0.0,2939.705,5398.144,0.0,193.87272727272727,1074.9999999999998,,0.0015509818181818182,0.008599999999999998,bgp_route_flap,real_bgp_flap_recall_003
2026-07-21T04:52:45+00:00,station1,142.0,0.0,0.0,1.804,100.0,478934.2727272727,9933980.418181816,0.0,3.8314741818181814,79.47184334545453,bgp_route_flap,real_bgp_flap_recall_003
2026-07-21T04:52:45+00:00,station2,,0.0,0.0,0.268,90.0,11049873.763636362,533862.9636363636,0.0,88.39899010909089,4.270903709090909,bgp_route_flap,real_bgp_flap_recall_003
2026-07-21T04:52:45+00:00,station3,,0.0,2942.278,5383.164,0.0,229.16363636363633,1295.7818181818182,,0.0018333090909090906,0.010366254545454544,bgp_route_flap,real_bgp_flap_recall_003
2026-07-21T04:53:00+00:00,station1,142.0,0.0,0.0,1.132,90.0,537626.3750250005,11171585.465190278,0.0,4.301011000200004,89.37268372152222,bgp_route_flap,real_bgp_flap_recall_003
2026-07-21T04:53:00+00:00,station2,,0.0,1360.32,2162.966,0.0,11170570.218181817,538652.2727272727,0.0,89.36456174545454,4.309218181818181,bgp_route_flap,real_bgp_flap_recall_003
2026-07-21T04:53:00+00:00,station3,,0.0,1460.125,2237.15,0.0,197.9090909090909,1080.8545454545454,,0.0015832727272727272,0.008646836363636362,bgp_route_flap,real_bgp_flap_recall_003
2026-07-21T04:53:15+00:00,station1,142.0,0.0,500.455,389.367,0.0,536136.6,11087092.145454545,0.0,4.2890928,88.69673716363636,bgp_route_flap,real_bgp_flap_recall_003
2026-07-21T04:53:15+00:00,station2,,0.0,192.432,226.389,0.0,11084888.67272727,539060.7272727272,0.0,88.67910938181817,4.312485818181817,bgp_route_flap,real_bgp_flap_recall_003
2026-07-21T04:53:15+00:00,station3,,0.0,192.522,221.196,0.0,247.05454545454543,1291.1454545454544,,0.0019764363636363635,0.010329163636363636,bgp_route_flap,real_bgp_flap_recall_003
2026-07-21T04:53:30+00:00,station1,142.0,0.0,1306.15,2283.865,0.0,432573.4909090909,8849958.290909091,0.0,3.4605879272727273,70.79966632727273,bgp_route_flap,real_bgp_flap_recall_003
2026-07-21T04:53:30+00:00,station2,,0.0,1262.156,2857.384,33.33333333333333,8850415.290909091,435566.9272727272,0.0,70.80332232727272,3.4845354181818173,bgp_route_flap,real_bgp_flap_recall_003
2026-07-21T04:53:30+00:00,station3,,0.0,1508.882,2450.775,0.0,208.23636363636362,1076.890909090909,,0.001665890909090909,0.008615127272727272,bgp_route_flap,real_bgp_flap_recall_003
2026-07-21T04:53:45+00:00,station1,142.0,0.0,513.381,420.782,0.0,548603.8727272727,11085807.0,0.0,4.388830981818182,88.686456,bgp_route_flap,real_bgp_flap_recall_003
2026-07-21T04:53:45+00:00,station2,,0.0,509.879,429.283,0.0,11083639.8,551898.1272727272,0.0,88.6691184,4.415185018181818,bgp_route_flap,real_bgp_flap_recall_003
2026-07-21T04:53:45+00:00,station3,,0.0,512.301,422.391,0.0,241.05454545454543,1288.909090909091,,0.0019284363636363634,0.010311272727272728,bgp_route_flap,real_bgp_flap_recall_003
2026-07-21T04:54:00+00:00,station1,142.0,0.0,0.0,1.535,90.0,492757.69090909086,9844380.218181817,0.0,3.942061527272727,78.75504174545453,bgp_route_flap,real_bgp_flap_recall_003
2026-07-21T04:54:00+00:00,station2,,0.0,0.0,2.494,90.0,10958828.072727272,549396.2,0.0,87.67062458181817,4.3951696,bgp_route_flap,real_bgp_flap_recall_003
2026-07-21T04:54:00+00:00,station3,,0.0,2887.436,4432.317,0.0,195.65454545454543,1074.0181818181818,,0.0015652363636363634,0.008592145454545454,bgp_route_flap,real_bgp_flap_recall_003
2026-07-21T04:54:15+00:00,station1,145.0,0.0,0.483,0.596,0.0,624585.8545454546,12501359.327272726,0.0,4.9966868363636365,100.01087461818182,bgp_route_flap,real_bgp_flap_recall_003
2026-07-21T04:54:15+00:00,station2,,0.0,0.052,0.256,0.0,11383235.436363636,570222.8909090909,0.0,91.06588349090909,4.561783127272727,bgp_route_flap,real_bgp_flap_recall_003
2026-07-21T04:54:15+00:00,station3,,0.0,0.039,0.294,0.0,236.07272727272726,1289.4181818181817,,0.0018885818181818182,0.010315345454545453,bgp_route_flap,real_bgp_flap_recall_003
2026-07-21T04:54:30+00:00,station1,148.0,0.0,0.271,0.586,0.0,456413.6652060871,9116718.714205196,0.0,3.651309321648697,72.93374971364157,bgp_route_flap,real_bgp_flap_recall_003
2026-07-21T04:54:30+00:00,station2,,0.0,0.325,1.058,0.0,9115583.472727273,456838.79999999993,0.0,72.92466778181819,3.6547103999999995,bgp_route_flap,real_bgp_flap_recall_003
2026-07-21T04:54:30+00:00,station3,,0.0,0.485,4.367,0.0,200.38181818181818,1074.7090909090907,,0.0016030545454545455,0.008597672727272725,bgp_route_flap,real_bgp_flap_recall_003
2026-07-21T04:54:45+00:00,station1,152.0,0.0,0.18,0.88,0.0,566630.8181818181,11350120.181818182,0.0,4.533046545454545,90.80096145454546,bgp_route_flap,real_bgp_flap_recall_003
2026-07-21T04:54:45+00:00,station2,,0.0,0.217,0.931,0.0,11348545.109090907,567153.2181818181,0.0,90.78836087272725,4.5372257454545455,bgp_route_flap,real_bgp_flap_recall_003
2026-07-21T04:54:45+00:00,station3,,0.0,1.436,5.901,0.0,249.59999999999997,1291.6909090909091,,0.0019967999999999995,0.010333527272727273,bgp_route_flap,real_bgp_flap_recall_003
2026-07-21T04:55:00+00:00,station1,155.0,0.0,0.539,1.479,0.0,454514.591174385,9117417.480317825,0.0,3.63611672939508,72.93933984254261,bgp_route_flap,real_bgp_flap_recall_003
2026-07-21T04:55:00+00:00,station2,,0.0,0.174,0.959,0.0,9114651.49090909,454806.19999999995,0.0,72.91721192727272,3.6384495999999995,bgp_route_flap,real_bgp_flap_recall_003
2026-07-21T04:55:00+00:00,station3,,0.0,0.876,4.357,0.0,211.29090909090908,1079.890909090909,,0.0016903272727272726,0.008639127272727271,bgp_route_flap,real_bgp_flap_recall_003
2026-07-21T04:55:15+00:00,station1,161.0,0.0,0.263,0.906,0.0,609878.4203923565,12253281.594880093,0.0,4.879027363138852,98.02625275904074,bgp_route_flap,real_bgp_flap_recall_003
2026-07-21T04:55:15+00:00,station2,,0.0,0.517,1.465,0.0,13367439.618181817,665879.7818181817,0.0,106.93951694545454,5.327038254545454,bgp_route_flap,real_bgp_flap_recall_003
2026-07-21T04:55:15+00:00,station3,,0.0,0.371,3.837,0.0,252.36363636363635,1296.9454545454544,,0.0020189090909090907,0.010375563636363635,bgp_route_flap,real_bgp_flap_recall_003
2026-07-21T04:55:30+00:00,station1,164.0,0.0,0.448,0.535,0.0,501043.6727272727,10090101.181818182,0.0,4.0083493818181815,80.72080945454546,bgp_route_flap,real_bgp_flap_recall_003
2026-07-21T04:55:30+00:00,station2,,0.0,0.034,0.223,0.0,9120094.854545454,454539.3636363636,0.0,72.96075883636362,3.636314909090909,bgp_route_flap,real_bgp_flap_recall_003
2026-07-21T04:55:30+00:00,station3,,0.0,0.06,0.219,0.0,205.3272727272727,1077.8545454545454,,0.0016426181818181818,0.008622836363636362,bgp_route_flap,real_bgp_flap_recall_003
2026-07-21T04:55:45+00:00,station1,165.0,0.0,3130.292,5986.862,50.0,557839.2,11356662.927272728,0.0,4.4627136,90.85330341818182,bgp_route_flap,real_bgp_flap_recall_003
2026-07-21T04:55:45+00:00,station2,,0.0,1443.875,2965.688,0.0,11355412.49090909,556874.3999999999,0.0,90.84329992727272,4.454995199999999,bgp_route_flap,real_bgp_flap_recall_003
2026-07-21T04:55:45+00:00,station3,,0.0,1447.79,2949.443,0.0,238.9090909090909,1294.1272727272726,,0.0019112727272727272,0.01035301818181818,bgp_route_flap,real_bgp_flap_recall_003
2026-07-21T04:56:00+00:00,station1,165.0,0.0,1450.278,2947.438,0.0,443035.40064364806,9123532.336951582,0.0,3.5442832051491844,72.98825869561266,bgp_route_flap,real_bgp_flap_recall_003
2026-07-21T04:56:00+00:00,station2,,0.0,1443.875,2965.688,0.0,9121933.563636363,442459.5999999999,0.0,72.9754685090909,3.539676799999999,bgp_route_flap,real_bgp_flap_recall_003
2026-07-21T04:56:00+00:00,station3,,0.0,1447.79,2949.443,0.0,191.98181818181817,1074.581818181818,,0.0015358545454545454,0.008596654545454545,bgp_route_flap,real_bgp_flap_recall_003
2026-07-21T04:56:15+00:00,station1,165.0,0.0,1450.116,2946.85,0.0,546391.6395439751,11358013.400730949,0.0,4.371133116351801,90.86410720584759,bgp_route_flap,real_bgp_flap_recall_003
2026-07-21T04:56:15+00:00,station2,,0.0,1442.562,2964.042,0.0,11357038.309090909,545774.2,0.0,90.85630647272727,4.3661936,bgp_route_flap,real_bgp_flap_recall_003
2026-07-21T04:56:15+00:00,station3,,0.0,1744.793,3278.199,0.0,229.67272727272726,1288.7636363636364,,0.001837381818181818,0.01031010909090909,bgp_route_flap,real_bgp_flap_recall_003
2026-07-21T04:56:30+00:00,station1,165.0,0.0,1770.144,2508.892,50.0,534902.7143973965,11170618.22082432,0.0,4.2792217151791725,89.36494576659456,bgp_route_flap,real_bgp_flap_recall_003
2026-07-21T04:56:30+00:00,station2,,0.0,833.109,897.156,0.0,11026291.545454543,529206.5454545454,0.0,88.21033236363634,4.233652363636363,bgp_route_flap,real_bgp_flap_recall_003
2026-07-21T04:56:30+00:00,station3,,0.0,1013.837,1795.741,0.0,203.76363636363632,1071.3272727272727,,0.0016301090909090906,0.00857061818181818,bgp_route_flap,real_bgp_flap_recall_003
2026-07-21T04:56:45+00:00,station1,165.0,0.0,0.029,0.234,0.0,534794.0909090909,11094226.98181818,0.0,4.278352727272727,88.75381585454545,bgp_route_flap,real_bgp_flap_recall_003
2026-07-21T04:56:45+00:00,station2,,0.0,0.031,0.236,100.0,11092290.454545455,538543.3818181817,0.0,88.73832363636365,4.308347054545454,bgp_route_flap,real_bgp_flap_recall_003
2026-07-21T04:56:45+00:00,station3,,0.0,0.062,0.281,100.0,231.74545454545452,1290.7818181818182,,0.0018539636363636362,0.010326254545454544,bgp_route_flap,real_bgp_flap_recall_003
2026-07-21T04:57:00+00:00,station1,165.0,0.0,0.029,0.234,100.0,432145.2909090909,8857893.509090908,0.0,3.457162327272727,70.86314807272726,bgp_route_flap,real_bgp_flap_recall_003
2026-07-21T04:57:00+00:00,station2,,0.0,1215.35,2142.009,0.0,8858491.018181818,435578.16363636364,0.0,70.86792814545454,3.484625309090909,bgp_route_flap,real_bgp_flap_recall_003
2026-07-21T04:57:00+00:00,station3,,0.0,1216.583,2128.938,0.0,199.4,1074.3636363636363,,0.0015952,0.00859490909090909,bgp_route_flap,real_bgp_flap_recall_003
2026-07-21T04:57:15+00:00,station1,165.0,0.0,1447.517,2912.775,0.0,547959.9090909091,11092686.07272727,0.0,4.383679272727273,88.74148858181816,bgp_route_flap,real_bgp_flap_recall_003
2026-07-21T04:57:15+00:00,station2,,0.0,1447.67,2951.122,0.0,11091287.763636362,551742.4545454545,0.0,88.7303021090909,4.413939636363636,bgp_route_flap,real_bgp_flap_recall_003
2026-07-21T04:57:15+00:00,station3,,0.0,1442.778,2961.417,0.0,234.54545454545453,1289.0363636363634,,0.0018763636363636363,0.010312290909090907,bgp_route_flap,real_bgp_flap_recall_003
2026-07-21T04:57:30+00:00,station1,165.0,0.0,1450.632,2897.986,0.0,506054.29189621634,10119199.185439736,0.0,4.0484343351697305,80.95359348351789,bgp_route_flap,real_bgp_flap_recall_003
2026-07-21T04:57:30+00:00,station2,,0.0,1447.67,2951.122,0.0,11168913.109090907,558975.2181818181,0.0,89.35130487272725,4.471801745454545,bgp_route_flap,real_bgp_flap_recall_003
2026-07-21T04:57:30+00:00,station3,,0.0,1442.778,2961.417,0.0,190.2,1072.6909090909091,,0.0015216,0.008581527272727273,bgp_route_flap,real_bgp_flap_recall_003
2026-07-21T04:57:45+00:00,station1,165.0,0.0,0.065,0.269,0.0,610560.709090909,12224690.145454545,0.0,4.884485672727272,97.79752116363636,bgp_route_flap,real_bgp_flap_recall_003
2026-07-21T04:57:45+00:00,station2,,0.0,0.022,0.323,0.0,11106152.563636363,556225.9454545454,0.0,88.8492205090909,4.449807563636363,bgp_route_flap,real_bgp_flap_recall_003
2026-07-21T04:57:45+00:00,station3,,0.0,0.071,0.256,0.0,244.2181818181818,1285.0363636363634,,0.0019537454545454544,0.010280290909090908,bgp_route_flap,real_bgp_flap_recall_003
2026-07-21T04:58:00+00:00,station1,165.0,0.0,1417.762,1976.025,0.0,443990.19999999995,8867069.218181817,0.0,3.5519215999999996,70.93655374545453,bgp_route_flap,real_bgp_flap_recall_003
2026-07-21T04:58:00+00:00,station2,,0.0,1412.005,1947.325,0.0,8865272.290909091,444908.67272727273,0.0,70.92217832727273,3.559269381818182,bgp_route_flap,real_bgp_flap_recall_003
2026-07-21T04:58:00+00:00,station3,,0.0,1416.493,1957.693,0.0,200.05454545454543,1071.4363636363637,,0.0016004363636363634,0.00857149090909091,bgp_route_flap,real_bgp_flap_recall_003
2026-07-21T04:58:15+00:00,station1,165.0,0.0,2940.911,5379.917,0.0,555552.4545454545,11101864.254545454,0.0,4.4444196363636355,88.81491403636363,bgp_route_flap,real_bgp_flap_recall_003
2026-07-21T04:58:15+00:00,station2,,0.0,1412.005,1947.325,100.0,11100529.618181817,556576.6909090909,0.0,88.80423694545453,4.452613527272727,bgp_route_flap,real_bgp_flap_recall_003
2026-07-21T04:58:15+00:00,station3,,0.0,2942.36,5384.945,0.0,251.09090909090907,1316.2,,0.0020087272727272727,0.0105296,bgp_route_flap,real_bgp_flap_recall_003
2026-07-21T04:58:30+00:00,station1,165.0,0.0,2938.961,5399.941,0.0,443965.6733513936,8867649.93363757,0.0,3.5517253868111487,70.94119946910057,bgp_route_flap,real_bgp_flap_recall_003
2026-07-21T04:58:30+00:00,station2,,0.0,1412.005,1947.325,100.0,8928102.309090909,448142.0909090909,0.0,71.42481847272727,3.5851367272727273,bgp_route_flap,real_bgp_flap_recall_003
2026-07-21T04:58:30+00:00,station3,,0.0,2938.525,5398.945,0.0,210.09090909090907,1098.7454545454543,,0.0016807272727272725,0.008789963636363635,bgp_route_flap,real_bgp_flap_recall_003
2026-07-21T04:58:45+00:00,station1,165.0,0.0,0.0,1.727,90.0,614136.0181818181,12281031.836363636,0.0,4.9130881454545445,98.24825469090909,bgp_route_flap,real_bgp_flap_recall_003
2026-07-21T04:58:45+00:00,station2,,0.0,1421.137,1988.197,0.0,13396389.145454545,671372.7454545455,0.0,107.17111316363636,5.370981963636364,bgp_route_flap,real_bgp_flap_recall_003
2026-07-21T04:58:45+00:00,station3,,0.0,1447.452,2948.377,0.0,247.27272727272728,1315.4545454545453,,0.001978181818181818,0.010523636363636362,bgp_route_flap,real_bgp_flap_recall_003
2026-07-21T04:59:00+00:00,station1,165.0,0.0,1449.042,2948.151,0.0,503241.94545454544,10274844.945454543,0.0,4.025935563636364,82.19875956363634,bgp_route_flap,real_bgp_flap_recall_003
2026-07-21T04:59:00+00:00,station2,,0.0,0.148,0.385,0.0,9635271.872727273,448421.2727272727,0.0,77.08217498181818,3.587370181818182,bgp_route_flap,real_bgp_flap_recall_003
2026-07-21T04:59:00+00:00,station3,,0.0,0.094,0.395,0.0,224.3090909090909,1094.0727272727272,,0.0017944727272727274,0.008752581818181818,bgp_route_flap,real_bgp_flap_recall_003
2026-07-21T04:59:15+00:00,station1,165.0,0.0,0.324,2.306,0.0,456490.9365284267,10441741.56833512,0.0,3.6519274922274136,83.53393254668096,bgp_route_flap,real_bgp_flap_recall_003
2026-07-21T04:59:15+00:00,station2,,0.0,0.887,2.724,0.0,10439381.436363636,457751.94545454544,0.0,83.51505149090909,3.6620155636363636,bgp_route_flap,real_bgp_flap_recall_003
2026-07-21T04:59:15+00:00,station3,,0.0,1416.066,1956.481,0.0,244.76363636363632,1288.1636363636362,,0.0019581090909090906,0.01030530909090909,bgp_route_flap,real_bgp_flap_recall_003
2026-07-21T04:59:30+00:00,station1,165.0,0.0,0.418,2.594,0.0,344349.14545454545,8208810.309090909,0.0,2.7547931636363634,65.67048247272727,bgp_route_flap,real_bgp_flap_recall_003
2026-07-21T04:59:30+00:00,station2,,0.0,0.513,2.25,0.0,8206523.763636363,344981.9272727272,0.0,65.6521901090909,2.7598554181818176,bgp_route_flap,real_bgp_flap_recall_003
2026-07-21T04:59:30+00:00,station3,,0.0,1416.066,1956.481,100.0,193.47272727272727,1073.7090909090907,,0.0015477818181818181,0.008589672727272726,bgp_route_flap,real_bgp_flap_recall_003
2026-07-21T04:59:45+00:00,station1,165.0,0.0,0.234,2.371,0.0,456312.5818181818,10443159.054545455,0.0,3.6505006545454544,83.54527243636363,bgp_route_flap,real_bgp_flap_recall_003
2026-07-21T04:59:45+00:00,station2,,0.0,0.67,2.647,0.0,10441671.69090909,457244.79999999993,0.0,83.53337352727272,3.6579583999999996,bgp_route_flap,real_bgp_flap_recall_003
2026-07-21T04:59:45+00:00,station3,,0.0,1416.066,1956.481,100.0,227.34545454545454,1287.2363636363634,,0.0018187636363636364,0.010297890909090907,bgp_route_flap,real_bgp_flap_recall_003
2026-07-21T05:00:00+00:00,station1,165.0,0.0,0.225,2.773,0.0,510575.7818181818,10380121.418181816,0.0,4.084606254545454,83.04097134545452,bgp_route_flap,real_bgp_flap_recall_003
2026-07-21T05:00:00+00:00,station2,,0.0,0.213,2.685,0.0,11170541.781818181,558591.9636363636,0.0,89.36433425454545,4.468735709090909,bgp_route_flap,real_bgp_flap_recall_003
2026-07-21T05:00:00+00:00,station3,,0.0,1442.703,2962.334,0.0,190.8181818181818,1076.4363636363637,,0.0015265454545454545,0.00861149090909091,bgp_route_flap,real_bgp_flap_recall_003
2026-07-21T05:00:15+00:00,station1,165.0,0.0,0.048,0.284,0.0,605722.0232359412,12132292.358320756,0.0,4.845776185887529,97.05833886656605,bgp_route_flap,real_bgp_flap_recall_003
2026-07-21T05:00:15+00:00,station2,,0.0,0.038,0.259,0.0,11097633.29090909,556329.509090909,0.0,88.78106632727271,4.4506360727272725,bgp_route_flap,real_bgp_flap_recall_003
2026-07-21T05:00:15+00:00,station3,,0.0,0.003,0.308,0.0,237.19999999999996,1291.0,,0.0018975999999999997,0.010328,bgp_route_flap,real_bgp_flap_recall_003
2026-07-21T05:00:30+00:00,station1,165.0,0.0,0.357,2.301,0.0,443814.0363636363,8863874.690909091,0.0,3.5505122909090905,70.91099752727273,bgp_route_flap,real_bgp_flap_recall_003
2026-07-21T05:00:30+00:00,station2,,0.0,0.231,2.534,0.0,8862175.181818182,445120.9272727272,0.0,70.89740145454546,3.5609674181818174,bgp_route_flap,real_bgp_flap_recall_003
2026-07-21T05:00:30+00:00,station3,,0.0,1347.369,2021.545,0.0,197.83636363636364,1071.2545454545455,,0.0015826909090909092,0.008570036363636364,bgp_route_flap,real_bgp_flap_recall_003
2026-07-21T05:00:45+00:00,station1,165.0,0.0,0.196,2.246,0.0,555635.0660921108,11098463.408425607,0.0,4.445080528736886,88.78770726740485,bgp_route_flap,real_bgp_flap_recall_003
2026-07-21T05:00:45+00:00,station2,,0.0,0.418,2.126,0.0,11096318.418181816,556910.3636363636,0.0,88.77054734545453,4.455282909090909,bgp_route_flap,real_bgp_flap_recall_003
2026-07-21T05:00:45+00:00,station3,,0.0,1447.008,2942.176,0.0,239.38181818181818,1288.3454545454545,,0.0019150545454545455,0.010306763636363635,bgp_route_flap,real_bgp_flap_recall_003
2026-07-21T05:01:00+00:00,station1,165.0,0.0,0.252,2.398,0.0,443896.0545454545,8864440.254545454,0.0,3.551168436363636,70.91552203636363,bgp_route_flap,real_bgp_flap_recall_003
2026-07-21T05:01:00+00:00,station2,,0.0,0.386,2.047,0.0,9019590.98181818,452635.39999999997,0.0,72.15672785454545,3.6210831999999997,bgp_route_flap,real_bgp_flap_recall_003
2026-07-21T05:01:00+00:00,station3,,0.0,1447.008,2942.176,0.0,185.36363636363635,1070.3454545454545,,0.0014829090909090907,0.008562763636363636,bgp_route_flap,real_bgp_flap_recall_003
2026-07-21T05:01:15+00:00,station1,165.0,0.0,0.567,1.999,0.0,618717.6154027962,12370881.60645783,0.0,4.94974092322237,98.96705285166263,bgp_route_flap,real_bgp_flap_recall_003
2026-07-21T05:01:15+00:00,station2,,0.0,0.684,2.599,0.0,13324433.654545454,666861.0727272726,0.0,106.59546923636364,5.3348885818181815,bgp_route_flap,real_bgp_flap_recall_003
2026-07-21T05:01:15+00:00,station3,,0.0,1443.301,2602.002,0.0,235.0181818181818,1288.7454545454543,,0.0018801454545454544,0.010309963636363634,bgp_route_flap,real_bgp_flap_recall_003
2026-07-21T05:01:30+00:00,station1,165.0,0.0,0.026,0.23,0.0,497945.41818181815,9974853.727272727,0.0,3.983563345454545,79.79882981818182,bgp_route_flap,real_bgp_flap_recall_003
2026-07-21T05:01:30+00:00,station2,,0.0,0.036,0.31,0.0,8861891.036363635,443512.21818181814,0.0,70.89512829090908,3.548097745454545,bgp_route_flap,real_bgp_flap_recall_003
2026-07-21T05:01:30+00:00,station3,,0.0,0.017,0.235,0.0,196.74545454545452,1076.9999999999998,,0.001573963636363636,0.008615999999999999,bgp_route_flap,real_bgp_flap_recall_003
2026-07-21T05:01:45+00:00,station1,165.0,0.0,1444.798,2963.477,0.0,548161.0363636364,11096284.018181818,0.0,4.385288290909091,88.77027214545454,bgp_route_flap,real_bgp_flap_recall_003
2026-07-21T05:01:45+00:00,station2,,0.0,1446.115,2953.95,0.0,11094613.47272727,547206.0909090909,0.0,88.75690778181817,4.377648727272727,bgp_route_flap,real_bgp_flap_recall_003
2026-07-21T05:01:45+00:00,station3,,0.0,1449.671,2937.464,0.0,241.49090909090907,1289.8727272727272,,0.0019319272727272726,0.010318981818181817,bgp_route_flap,real_bgp_flap_recall_003
2026-07-21T05:02:00+00:00,station1,165.0,0.0,1444.798,2963.477,0.0,431827.70030725596,8860267.91265931,0.0,3.454621602458048,70.88214330127448,bgp_route_flap,real_bgp_flap_recall_003
2026-07-21T05:02:00+00:00,station2,,0.0,1446.115,2953.95,100.0,8861017.38181818,431067.6545454545,0.0,70.88813905454545,3.448541236363636,bgp_route_flap,real_bgp_flap_recall_003
2026-07-21T05:02:00+00:00,station3,,0.0,1449.671,2937.464,100.0,189.18181818181816,1080.890909090909,,0.0015134545454545453,0.008647127272727272,bgp_route_flap,real_bgp_flap_recall_003
2026-07-21T05:02:15+00:00,station1,165.0,0.0,1743.975,3257.499,0.0,534535.8434994456,11096693.798520083,0.0,4.276286747995565,88.77355038816066,bgp_route_flap,real_bgp_flap_recall_003
2026-07-21T05:02:15+00:00,station2,,0.0,1743.702,3279.522,0.0,11176824.818181816,537310.0909090909,0.0,89.41459854545454,4.298480727272728,bgp_route_flap,real_bgp_flap_recall_003
2026-07-21T05:02:15+00:00,station3,,0.0,1749.083,3264.037,0.0,232.29090909090908,1290.9818181818182,,0.0018583272727272727,0.010327854545454545,bgp_route_flap,real_bgp_flap_recall_003
2026-07-21T05:02:30+00:00,station1,165.0,0.0,0.0,215.899,90.0,534250.0772741323,11172398.298150875,0.0,4.2740006181930585,89.37918638520699,bgp_route_flap,real_bgp_flap_recall_003
2026-07-21T05:02:30+00:00,station2,,0.0,0.0,217.645,90.0,11169163.581818182,534896.0181818182,0.0,89.35330865454546,4.279168145454546,bgp_route_flap,real_bgp_flap_recall_003
2026-07-21T05:02:30+00:00,station3,,0.0,2789.959,4512.959,0.0,196.2,1075.2363636363636,,0.0015696,0.00860189090909091,bgp_route_flap,real_bgp_flap_recall_003
2026-07-21T05:02:45+00:00,station1,165.0,0.0,0.029,0.264,0.0,533861.9818181818,11104860.49090909,0.0,4.270895854545454,88.83888392727272,bgp_route_flap,real_bgp_flap_recall_004
2026-07-21T05:02:45+00:00,station2,,0.0,0.0,0.288,90.0,11103840.854545454,537539.3999999999,0.0,88.83072683636362,4.300315199999999,bgp_route_flap,real_bgp_flap_recall_004
2026-07-21T05:02:45+00:00,station3,,0.0,0.0,0.317,90.0,227.99999999999997,1292.0545454545454,,0.0018239999999999997,0.010336436363636363,bgp_route_flap,real_bgp_flap_recall_004
2026-07-21T05:03:00+00:00,station1,168.0,0.0,2118.349,2118.666,80.0,431882.11123434117,8870395.483718477,0.0,3.4550568898747294,70.96316386974782,bgp_route_flap,real_bgp_flap_recall_004
2026-07-21T05:03:00+00:00,station2,,0.0,1420.614,1975.794,0.0,8868702.109090907,435173.23636363633,0.0,70.94961687272726,3.4813858909090905,bgp_route_flap,real_bgp_flap_recall_004
2026-07-21T05:03:00+00:00,station3,,0.0,1417.329,1965.006,0.0,214.0181818181818,1073.1636363636362,,0.0017121454545454544,0.00858530909090909,bgp_route_flap,real_bgp_flap_recall_004
2026-07-21T05:03:15+00:00,station1,168.0,0.0,1420.4,1973.08,0.0,548491.8640801411,11103726.23311456,0.0,4.3879349126411284,88.82980986491647,bgp_route_flap,real_bgp_flap_recall_004
2026-07-21T05:03:15+00:00,station2,,0.0,1422.372,1982.734,0.0,11100599.363636363,552240.9454545454,0.0,88.8047949090909,4.417927563636363,bgp_route_flap,real_bgp_flap_recall_004
2026-07-21T05:03:15+00:00,station3,,0.0,1442.753,2968.015,0.0,237.16363636363633,1289.0727272727272,,0.0018973090909090906,0.010312581818181817,bgp_route_flap,real_bgp_flap_recall_004
2026-07-21T05:03:30+00:00,station1,168.0,0.0,1423.108,1987.378,0.0,500612.85748050106,9986928.222096978,0.0,4.004902859844009,79.89542577677582,bgp_route_flap,real_bgp_flap_recall_004
2026-07-21T05:03:30+00:00,station2,,0.0,1422.372,1982.734,0.0,11103402.781818181,557611.1818181818,0.0,88.82722225454545,4.4608894545454545,bgp_route_flap,real_bgp_flap_recall_004
2026-07-21T05:03:30+00:00,station3,,0.0,1748.447,3262.002,0.0,191.87272727272727,1074.4545454545453,,0.0015349818181818182,0.008595636363636363,bgp_route_flap,real_bgp_flap_recall_004
2026-07-21T05:03:45+00:00,station1,169.0,0.0,1421.102,1984.54,0.0,618541.2909090909,12362059.727272727,0.0,4.9483303272727275,98.89647781818181,bgp_route_flap,real_bgp_flap_recall_004
2026-07-21T05:03:45+00:00,station2,,0.0,0.007,0.267,0.0,11243332.018181818,563837.7272727272,0.0,89.94665614545454,4.5107018181818175,bgp_route_flap,real_bgp_flap_recall_004
2026-07-21T05:03:45+00:00,station3,,0.0,0.054,0.233,0.0,243.19999999999996,1283.6363636363635,,0.0019455999999999996,0.010269090909090908,bgp_route_flap,real_bgp_flap_recall_004
2026-07-21T05:04:00+00:00,station1,169.0,0.0,0.016,0.278,0.0,395038.0363636363,7891679.527272727,0.0,3.1603042909090906,63.13343621818182,bgp_route_flap,real_bgp_flap_recall_004
2026-07-21T05:04:00+00:00,station2,,0.0,0.06,0.286,0.0,6775494.981818181,340327.50909090904,0.0,54.20395985454545,2.7226200727272722,bgp_route_flap,real_bgp_flap_recall_004
2026-07-21T05:04:00+00:00,station3,,0.0,0.015,0.32,0.0,196.85454545454544,1069.2727272727273,,0.0015748363636363635,0.008554181818181818,bgp_route_flap,real_bgp_flap_recall_004
2026-07-21T05:04:15+00:00,station1,169.0,0.0,0.305,2.188,0.0,443724.43636363634,8856446.236363636,0.0,3.5497954909090907,70.85156989090909,bgp_route_flap,real_bgp_flap_recall_004
2026-07-21T05:04:15+00:00,station2,,0.0,0.509,1.942,0.0,8854466.309090909,444950.69090909086,0.0,70.83573047272726,3.5596055272727267,bgp_route_flap,real_bgp_flap_recall_004
2026-07-21T05:04:15+00:00,station3,,0.0,1410.133,1972.447,0.0,232.94545454545454,1284.6545454545453,,0.0018635636363636362,0.010277236363636363,bgp_route_flap,real_bgp_flap_recall_004
2026-07-21T05:04:30+00:00,station1,169.0,0.0,0.937,1.733,0.0,331548.21818181814,6622218.618181818,0.0,2.652385745454545,52.97774894545454,bgp_route_flap,real_bgp_flap_recall_004
2026-07-21T05:04:30+00:00,station2,,0.0,0.829,2.504,0.0,6620944.5636363635,332674.6,0.0,52.967556509090905,2.6613968,bgp_route_flap,real_bgp_flap_recall_004
2026-07-21T05:04:30+00:00,station3,,0.0,1124.628,1228.903,0.0,192.38181818181818,1069.0181818181818,,0.0015390545454545454,0.008552145454545454,bgp_route_flap,real_bgp_flap_recall_004
2026-07-21T05:04:45+00:00,station1,169.0,0.0,0.389,2.109,0.0,495588.5636363636,9898613.98181818,0.0,3.964708509090909,79.18891185454544,bgp_route_flap,real_bgp_flap_recall_004
2026-07-21T05:04:45+00:00,station2,,0.0,0.377,1.489,0.0,11014464.745454544,552684.4727272727,0.0,88.11571796363636,4.421475781818181,bgp_route_flap,real_bgp_flap_recall_004
2026-07-21T05:04:45+00:00,station3,,0.0,2747.037,4541.918,0.0,231.74545454545452,1284.109090909091,,0.0018539636363636362,0.010272872727272729,bgp_route_flap,real_bgp_flap_recall_004
2026-07-21T05:05:00+00:00,station1,169.0,0.0,1.098,2.391,0.0,558148.8262996164,11169199.374511337,0.0,4.465190610396931,89.35359499609069,bgp_route_flap,real_bgp_flap_recall_004
2026-07-21T05:05:00+00:00,station2,,0.0,0.199,2.242,0.0,11168483.527272727,559112.7454545455,0.0,89.34786821818182,4.472901963636364,bgp_route_flap,real_bgp_flap_recall_004
2026-07-21T05:05:00+00:00,station3,,0.0,2053.547,2804.664,0.0,195.65454545454543,1072.290909090909,,0.0015652363636363634,0.008578327272727273,bgp_route_flap,real_bgp_flap_recall_004
2026-07-21T05:05:15+00:00,station1,169.0,0.0,0.015,0.273,0.0,510422.7454545454,10215507.945454543,0.0,4.083381963636364,81.72406356363635,bgp_route_flap,real_bgp_flap_recall_004
2026-07-21T05:05:15+00:00,station2,,0.0,0.037,0.251,0.0,9098152.672727274,456141.6545454545,0.0,72.78522138181819,3.6491332363636357,bgp_route_flap,real_bgp_flap_recall_004
2026-07-21T05:05:15+00:00,station3,,0.0,0.037,0.292,0.0,236.1090909090909,1284.7272727272725,,0.001888872727272727,0.01027781818181818,bgp_route_flap,real_bgp_flap_recall_004
2026-07-21T05:05:30+00:00,station1,169.0,0.0,1139.917,1149.267,0.0,330480.117820324,6624328.515063911,0.0,2.6438409425625924,52.99462812051129,bgp_route_flap,real_bgp_flap_recall_004
2026-07-21T05:05:30+00:00,station2,,0.0,1420.76,1968.572,0.0,6624653.327272727,328899.2,0.0,52.99722661818182,2.6311936,bgp_route_flap,real_bgp_flap_recall_004
2026-07-21T05:05:30+00:00,station3,,0.0,1141.35,1151.285,0.0,197.83636363636364,1070.6545454545453,,0.0015826909090909092,0.008565236363636363,bgp_route_flap,real_bgp_flap_recall_004
2026-07-21T05:05:45+00:00,station1,169.0,0.0,1420.719,1977.54,0.0,432874.5636363636,8858280.927272728,0.0,3.462996509090909,70.86624741818183,bgp_route_flap,real_bgp_flap_recall_004
2026-07-21T05:05:45+00:00,station2,,0.0,0.0,2.438,90.0,8856643.109090907,431851.5999999999,0.0,70.85314487272726,3.454812799999999,bgp_route_flap,real_bgp_flap_recall_004
2026-07-21T05:05:45+00:00,station3,,0.0,1445.106,2955.07,100.0,224.7272727272727,1290.1272727272726,,0.0017978181818181815,0.010321018181818182,bgp_route_flap,real_bgp_flap_recall_004
2026-07-21T05:06:00+00:00,station1,169.0,0.0,0.0,1.719,90.0,364262.70909090905,7579190.672727272,0.0,2.914101672727272,60.633525381818174,bgp_route_flap,real_bgp_flap_recall_004
2026-07-21T05:06:00+00:00,station2,,0.0,1388.336,2003.2,0.0,8695052.290909091,418489.69090909086,0.0,69.56041832727273,3.347917527272727,bgp_route_flap,real_bgp_flap_recall_004
2026-07-21T05:06:00+00:00,station3,,0.0,1387.11,1988.461,0.0,190.2,1071.3272727272727,,0.0015216,0.00857061818181818,bgp_route_flap,real_bgp_flap_recall_004
2026-07-21T05:06:15+00:00,station1,172.0,0.0,1601.292,2403.921,80.0,577784.1778941435,12046768.704885544,0.0,4.622273423153148,96.37414963908435,bgp_route_flap,real_bgp_flap_recall_004
2026-07-21T05:06:15+00:00,station2,,0.0,1602.107,2428.777,80.0,13162096.38181818,632500.618181818,0.0,105.29677105454545,5.060004945454544,bgp_route_flap,real_bgp_flap_recall_004
2026-07-21T05:06:15+00:00,station3,,0.0,0.0,822.734,90.0,226.3272727272727,1290.109090909091,,0.0018106181818181818,0.010320872727272728,bgp_route_flap,real_bgp_flap_recall_004
2026-07-21T05:06:30+00:00,station1,172.0,0.0,502.296,390.206,0.0,493131.79999999993,10301738.927272728,0.0,3.9450543999999996,82.41391141818183,bgp_route_flap,real_bgp_flap_recall_004
2026-07-21T05:06:30+00:00,station2,,0.0,0.048,0.23,0.0,9185045.0,440596.79999999993,0.0,73.48036,3.5247743999999996,bgp_route_flap,real_bgp_flap_recall_004
2026-07-21T05:06:30+00:00,station3,,0.0,0.063,0.234,0.0,200.5272727272727,1077.890909090909,,0.0016042181818181815,0.00862312727272727,bgp_route_flap,real_bgp_flap_recall_004
2026-07-21T05:06:45+00:00,station1,173.0,0.0,0.262,0.494,0.0,426240.16363636364,8859529.218181817,0.0,3.409921309090909,70.87623374545454,bgp_route_flap,real_bgp_flap_recall_004
2026-07-21T05:06:45+00:00,station2,,0.0,0.164,0.779,0.0,8857240.709090909,429368.3636363636,0.0,70.85792567272728,3.434946909090909,bgp_route_flap,real_bgp_flap_recall_004
2026-07-21T05:06:45+00:00,station3,,0.0,0.965,4.483,0.0,249.19999999999996,1288.6,,0.0019936,0.0103088,bgp_route_flap,real_bgp_flap_recall_004
2026-07-21T05:07:00+00:00,station1,173.0,0.0,0.132,0.911,0.0,324066.0169815094,6624635.133906657,0.0,2.592528135852075,52.997081071253255,bgp_route_flap,real_bgp_flap_recall_004
2026-07-21T05:07:00+00:00,station2,,0.0,0.068,0.775,0.0,6622930.836363635,326859.2909090909,0.0,52.98344669090908,2.614874327272727,bgp_route_flap,real_bgp_flap_recall_004
2026-07-21T05:07:00+00:00,station3,,0.0,1.283,4.906,0.0,201.18181818181816,1072.7454545454543,,0.0016094545454545452,0.008581963636363635,bgp_route_flap,real_bgp_flap_recall_004
2026-07-21T05:07:15+00:00,station1,173.0,0.0,0.054,1.048,0.0,438156.3636363636,8851947.454545455,0.0,3.5052509090909085,70.81557963636364,bgp_route_flap,real_bgp_flap_recall_004
2026-07-21T05:07:15+00:00,station2,,0.0,0.034,0.84,0.0,8849285.38181818,441197.98181818175,0.0,70.79428305454545,3.529583854545454,bgp_route_flap,real_bgp_flap_recall_004
2026-07-21T05:07:15+00:00,station3,,0.0,0.322,3.258,0.0,246.5090909090909,1287.3454545454545,,0.0019720727272727273,0.010298763636363636,bgp_route_flap,real_bgp_flap_recall_004
2026-07-21T05:07:30+00:00,station1,173.0,0.0,1.12,1.612,0.0,483454.5917346958,9717795.894620096,0.0,3.8676367338775663,77.74236715696077,bgp_route_flap,real_bgp_flap_recall_004
2026-07-21T05:07:30+00:00,station2,,0.0,1.099,1.794,0.0,10832868.836363636,539919.9090909091,0.0,86.66295069090908,4.319359272727272,bgp_route_flap,real_bgp_flap_recall_004
2026-07-21T05:07:30+00:00,station3,,0.0,0.33,3.182,0.0,194.56363636363633,1071.3272727272727,,0.0015565090909090908,0.00857061818181818,bgp_route_flap,real_bgp_flap_recall_004
2026-07-21T05:07:45+00:00,station1,173.0,0.0,0.257,0.621,0.0,625931.4363636363,12610329.454545455,0.0,5.00745149090909,100.88263563636364,bgp_route_flap,real_bgp_flap_recall_004
2026-07-21T05:07:45+00:00,station2,,0.0,0.026,0.302,0.0,11492483.163636362,571947.2363636363,0.0,91.93986530909089,4.5755778909090905,bgp_route_flap,real_bgp_flap_recall_004
2026-07-21T05:07:45+00:00,station3,,0.0,0.056,0.273,0.0,233.9272727272727,1285.7454545454543,,0.0018714181818181817,0.010285963636363634,bgp_route_flap,real_bgp_flap_recall_004
2026-07-21T05:08:00+00:00,station1,173.0,0.0,48.823,34.804,0.0,441053.30812167044,8863336.739332013,0.0,3.5284264649733634,70.9066939146561,bgp_route_flap,real_bgp_flap_recall_004
2026-07-21T05:08:00+00:00,station2,,0.0,59.88,42.622,0.0,8869204.872727271,443056.5818181818,0.0,70.95363898181817,3.5444526545454544,bgp_route_flap,real_bgp_flap_recall_004
2026-07-21T05:08:00+00:00,station3,,0.0,49.296,35.175,0.0,190.2,1069.9272727272726,,0.0015216,0.008559418181818181,bgp_route_flap,real_bgp_flap_recall_004
2026-07-21T05:08:15+00:00,station1,173.0,0.0,1613.825,3127.617,0.0,553830.4181818182,11103260.781818181,0.0,4.430643345454546,88.82608625454544,bgp_route_flap,real_bgp_flap_recall_004
2026-07-21T05:08:15+00:00,station2,,0.0,1448.251,2958.443,0.0,11102988.345454544,555524.4727272727,0.0,88.82390676363634,4.444195781818181,bgp_route_flap,real_bgp_flap_recall_004
2026-07-21T05:08:15+00:00,station3,,0.0,1443.962,2968.369,0.0,231.27272727272728,1290.581818181818,,0.0018501818181818183,0.010324654545454545,bgp_route_flap,real_bgp_flap_recall_004
2026-07-21T05:08:30+00:00,station1,173.0,0.0,1445.676,2966.245,0.0,443720.14545454545,8869906.290909091,0.0,3.5497611636363637,70.95925032727273,bgp_route_flap,real_bgp_flap_recall_004
2026-07-21T05:08:30+00:00,station2,,0.0,1448.251,2958.443,0.0,8868636.672727272,445123.63636363635,0.0,70.94909338181817,3.5609890909090907,bgp_route_flap,real_bgp_flap_recall_004
2026-07-21T05:08:30+00:00,station3,,0.0,1443.962,2968.369,0.0,190.8181818181818,1076.2363636363636,,0.0015265454545454545,0.008609890909090909,bgp_route_flap,real_bgp_flap_recall_004
2026-07-21T05:08:45+00:00,station1,173.0,0.0,1444.244,2960.676,0.0,594700.4418101489,11888506.899874547,0.0,4.757603534481191,95.10805519899638,bgp_route_flap,real_bgp_flap_recall_004
2026-07-21T05:08:45+00:00,station2,,0.0,1443.477,2980.126,0.0,13004687.327272726,651861.8,0.0,104.03749861818181,5.2148944,bgp_route_flap,real_bgp_flap_recall_004
2026-07-21T05:08:45+00:00,station3,,0.0,1447.529,2963.616,0.0,230.18181818181816,1291.290909090909,,0.0018414545454545452,0.010330327272727272,bgp_route_flap,real_bgp_flap_recall_004
2026-07-21T05:09:00+00:00,station1,173.0,0.0,1424.977,1983.89,0.0,522323.41872261517,10457743.068559896,0.0,4.178587349780921,83.66194454847917,bgp_route_flap,real_bgp_flap_recall_004
2026-07-21T05:09:00+00:00,station2,,0.0,0.039,0.211,0.0,9339995.272727273,467641.8363636363,0.0,74.71996218181819,3.7411346909090906,bgp_route_flap,real_bgp_flap_recall_004
2026-07-21T05:09:00+00:00,station3,,0.0,0.019,0.252,0.0,195.03636363636363,1067.2363636363636,,0.001560290909090909,0.00853789090909091,bgp_route_flap,real_bgp_flap_recall_004
2026-07-21T05:09:15+00:00,station1,173.0,0.0,0.054,0.221,0.0,443950.63636363635,8871661.727272727,0.0,3.551605090909091,70.97329381818182,bgp_route_flap,real_bgp_flap_recall_004
2026-07-21T05:09:15+00:00,station2,,0.0,0.024,0.222,0.0,8869707.654545454,445544.69090909086,0.0,70.95766123636363,3.564357527272727,bgp_route_flap,real_bgp_flap_recall_004
2026-07-21T05:09:15+00:00,station3,,0.0,0.012,0.302,0.0,235.49090909090907,1286.4,,0.0018839272727272725,0.0102912,bgp_route_flap,real_bgp_flap_recall_004
2026-07-21T05:09:30+00:00,station1,173.0,0.0,3183.437,6194.687,60.0,332679.4421919602,6638635.806621698,0.0,2.6614355375356813,53.109086452973585,bgp_route_flap,real_bgp_flap_recall_004
2026-07-21T05:09:30+00:00,station2,,0.0,2790.323,4502.333,0.0,6636389.509090909,334052.8,0.0,53.09111607272727,2.6724224,bgp_route_flap,real_bgp_flap_recall_004
2026-07-21T05:09:30+00:00,station3,,0.0,2789.964,4512.421,0.0,197.83636363636364,1070.9090909090908,,0.0015826909090909092,0.008567272727272725,bgp_route_flap,real_bgp_flap_recall_004
2026-07-21T05:09:45+00:00,station1,176.0,0.0,887.586,2905.348,40.0,444938.54545454547,8872730.545454545,0.0,3.559508363636364,70.98184436363636,bgp_route_flap,real_bgp_flap_recall_004
2026-07-21T05:09:45+00:00,station2,,0.0,899.332,1857.218,40.0,8872410.454545455,446074.72727272724,0.0,70.97928363636365,3.568597818181818,bgp_route_flap,real_bgp_flap_recall_004
2026-07-21T05:09:45+00:00,station3,,0.0,1445.103,3078.69,100.0,234.98181818181817,1291.8,,0.0018798545454545453,0.010334399999999999,bgp_route_flap,real_bgp_flap_recall_004
2026-07-21T05:10:00+00:00,station1,176.0,0.0,887.586,2905.348,40.0,480229.63636363635,9583591.345454544,0.0,3.841837090909091,76.66873076363635,bgp_route_flap,real_bgp_flap_recall_004
2026-07-21T05:10:00+00:00,station2,,0.0,899.332,1857.218,100.0,10699679.890909089,536989.509090909,0.0,85.59743912727271,4.295916072727272,bgp_route_flap,real_bgp_flap_recall_004
2026-07-21T05:10:00+00:00,station3,,0.0,1443.138,2964.093,0.0,181.58181818181816,1077.2545454545455,,0.0014526545454545453,0.008618036363636363,bgp_route_flap,real_bgp_flap_recall_004
2026-07-21T05:10:15+00:00,station1,176.0,0.0,1611.819,3160.255,0.0,638320.9324314495,12767331.69685068,0.0,5.106567459451596,102.13865357480545,bgp_route_flap,real_bgp_flap_recall_004
2026-07-21T05:10:15+00:00,station2,,0.0,0.016,0.215,0.0,11648006.236363636,583465.8727272727,0.0,93.1840498909091,4.6677269818181815,bgp_route_flap,real_bgp_flap_recall_004
2026-07-21T05:10:15+00:00,station3,,0.0,0.021,0.264,0.0,240.43636363636364,1287.6181818181817,,0.001923490909090909,0.010300945454545454,bgp_route_flap,real_bgp_flap_recall_004
2026-07-21T05:10:30+00:00,station1,176.0,0.0,0.041,0.21,0.0,414686.1579301442,8299463.626611394,0.0,3.317489263441154,66.39570901289115,bgp_route_flap,real_bgp_flap_recall_004
2026-07-21T05:10:30+00:00,station2,,0.0,0.035,0.227,0.0,7181151.036363635,359977.9272727272,0.0,57.449208290909084,2.8798234181818176,bgp_route_flap,real_bgp_flap_recall_004
2026-07-21T05:10:30+00:00,station3,,0.0,0.034,0.229,0.0,196.2,1073.9818181818182,,0.0015696,0.008591854545454546,bgp_route_flap,real_bgp_flap_recall_004
2026-07-21T05:10:45+00:00,station1,177.0,0.0,1442.346,2926.413,0.0,444791.0181818182,8882015.38181818,0.0,3.5583281454545457,71.05612305454545,bgp_route_flap,real_bgp_flap_recall_004
2026-07-21T05:10:45+00:00,station2,,0.0,1026.71,2545.754,0.0,8879240.454545455,446071.21818181814,0.0,71.03392363636364,3.5685697454545453,bgp_route_flap,real_bgp_flap_recall_004
2026-07-21T05:10:45+00:00,station3,,0.0,1443.035,2961.389,0.0,238.94545454545454,1286.3090909090909,,0.0019115636363636363,0.010290472727272727,bgp_route_flap,real_bgp_flap_recall_004
2026-07-21T05:11:00+00:00,station1,177.0,0.0,1442.346,2926.413,100.0,333470.8994708995,6649041.182566956,0.0,2.667767195767196,53.192329460535646,bgp_route_flap,real_bgp_flap_recall_004
2026-07-21T05:11:00+00:00,station2,,0.0,1026.71,2545.754,100.0,6646600.109090908,334671.3818181818,0.0,53.172800872727265,2.6773710545454543,bgp_route_flap,real_bgp_flap_recall_004
2026-07-21T05:11:00+00:00,station3,,0.0,1443.035,2961.389,100.0,202.23636363636362,1071.5272727272727,,0.001617890909090909,0.008572218181818182,bgp_route_flap,real_bgp_flap_recall_004
2026-07-21T05:11:15+00:00,station1,177.0,0.0,1419.755,1975.591,0.0,477358.1077395779,9519932.67639947,0.0,3.818864861916623,76.15946141119575,bgp_route_flap,real_bgp_flap_recall_004
2026-07-21T05:11:15+00:00,station2,,0.0,1419.894,1970.945,0.0,10637373.872727273,534576.6545454545,0.0,85.09899098181819,4.276613236363636,bgp_route_flap,real_bgp_flap_recall_004
2026-07-21T05:11:15+00:00,station3,,0.0,1445.035,2954.31,0.0,235.67272727272726,1288.0545454545454,,0.001885381818181818,0.010304436363636362,bgp_route_flap,real_bgp_flap_recall_004
2026-07-21T05:11:30+00:00,station1,177.0,0.0,430.881,698.199,0.0,558743.0181818182,11168487.527272727,0.0,4.469944145454545,89.34790021818182,bgp_route_flap,real_bgp_flap_recall_004
2026-07-21T05:11:30+00:00,station2,,0.0,1417.903,1963.555,0.0,11166728.854545454,559752.0545454546,0.0,89.33383083636363,4.478016436363636,bgp_route_flap,real_bgp_flap_recall_004
2026-07-21T05:11:30+00:00,station3,,0.0,1412.48,1946.053,0.0,194.56363636363633,1071.1090909090908,,0.0015565090909090908,0.008568872727272726,bgp_route_flap,real_bgp_flap_recall_004
2026-07-21T05:11:45+00:00,station1,177.0,0.0,0.055,0.268,0.0,556523.9454545454,11106318.163636362,0.0,4.452191563636363,88.8505453090909,bgp_route_flap,real_bgp_flap_recall_004
2026-07-21T05:11:45+00:00,station2,,0.0,0.056,0.268,0.0,11103949.327272726,557849.2545454545,0.0,88.83159461818181,4.462794036363636,bgp_route_flap,real_bgp_flap_recall_004
2026-07-21T05:11:45+00:00,station3,,0.0,0.034,0.273,0.0,235.49090909090907,1285.290909090909,,0.0018839272727272725,0.010282327272727272,bgp_route_flap,real_bgp_flap_recall_004
2026-07-21T05:12:00+00:00,station1,177.0,0.0,0.0,0.867,90.0,444309.79999999993,8871615.436363636,0.0,3.5544783999999994,70.97292349090908,bgp_route_flap,real_bgp_flap_recall_004
2026-07-21T05:12:00+00:00,station2,,0.0,0.0,826.026,90.0,8870393.672727272,445223.9272727272,0.0,70.96314938181817,3.5617914181818175,bgp_route_flap,real_bgp_flap_recall_004
2026-07-21T05:12:00+00:00,station3,,0.0,2790.588,4500.643,0.0,192.38181818181818,1070.2181818181818,,0.0015390545454545454,0.008561745454545454,bgp_route_flap,real_bgp_flap_recall_004
2026-07-21T05:12:15+00:00,station1,177.0,0.0,1407.055,1955.575,0.0,555994.4910092544,11106344.9755459,0.0,4.447955928074035,88.8507598043672,bgp_route_flap,real_bgp_flap_recall_004
2026-07-21T05:12:15+00:00,station2,,0.0,1407.224,1976.515,0.0,11103739.327272726,557134.7999999999,0.0,88.8299146181818,4.457078399999999,bgp_route_flap,real_bgp_flap_recall_004
2026-07-21T05:12:15+00:00,station3,,0.0,1406.832,1981.434,0.0,231.74545454545452,1285.0181818181816,,0.0018539636363636362,0.010280145454545453,bgp_route_flap,real_bgp_flap_recall_004
2026-07-21T05:12:30+00:00,station1,177.0,0.0,1407.055,1955.575,0.0,473262.3636363636,9455337.945454543,0.0,3.7860989090909087,75.64270356363635,bgp_route_flap,real_bgp_flap_recall_004
2026-07-21T05:12:30+00:00,station2,,0.0,2168.23,2705.955,0.0,10571048.672727274,530061.7272727272,0.0,84.56838938181819,4.240493818181817,bgp_route_flap,real_bgp_flap_recall_004
2026-07-21T05:12:30+00:00,station3,,0.0,2168.328,2690.687,0.0,195.65454545454543,1074.9272727272726,,0.0015652363636363634,0.008599418181818181,bgp_route_flap,real_bgp_flap_recall_004
2026-07-21T05:12:45+00:00,station1,177.0,0.0,706.3,804.23,0.0,644181.5818181818,12897350.69090909,0.0,5.153452654545454,103.17880552727271,bgp_route_flap,real_bgp_flap_recall_004
2026-07-21T05:12:45+00:00,station2,,0.0,0.05,0.233,0.0,11779130.38181818,589659.0545454546,0.0,94.23304305454545,4.717272436363636,bgp_route_flap,real_bgp_flap_recall_004
2026-07-21T05:12:45+00:00,station3,,0.0,0.061,0.236,0.0,237.19999999999996,1287.3272727272727,,0.0018975999999999997,0.010298618181818181,bgp_route_flap,real_bgp_flap_recall_004
2026-07-21T05:13:00+00:00,station1,180.0,0.0,0.033,0.267,0.0,421194.4439394215,8428704.797920113,0.0,3.369555551515372,67.42963838336091,bgp_route_flap,real_bgp_flap_recall_004
2026-07-21T05:13:00+00:00,station2,,0.0,0.05,0.26,0.0,7311037.636363636,366417.0909090909,0.0,58.48830109090908,2.931336727272727,bgp_route_flap,real_bgp_flap_recall_004
2026-07-21T05:13:00+00:00,station3,,0.0,0.011,0.322,0.0,197.8,1075.2545454545455,,0.0015824,0.008602036363636363,bgp_route_flap,real_bgp_flap_recall_004
2026-07-21T05:13:15+00:00,station1,183.0,0.0,0.27,0.933,0.0,450398.309090909,9123491.49090909,0.0,3.603186472727272,72.98793192727273,bgp_route_flap,real_bgp_flap_recall_004
2026-07-21T05:13:15+00:00,station2,,0.0,0.124,0.963,0.0,9122135.872727273,449262.8909090909,0.0,72.97708698181819,3.594103127272727,bgp_route_flap,real_bgp_flap_recall_004
2026-07-21T05:13:15+00:00,station3,,0.0,0.346,3.408,0.0,240.39999999999998,1291.890909090909,,0.0019232,0.010335127272727273,bgp_route_flap,real_bgp_flap_recall_004
2026-07-21T05:13:30+00:00,station1,186.0,0.0,0.173,0.894,0.0,333998.41818181815,6889974.199999999,0.0,2.671987345454545,55.119793599999994,bgp_route_flap,real_bgp_flap_recall_004
2026-07-21T05:13:30+00:00,station2,,0.0,0.208,1.023,0.0,6889538.454545454,332483.70909090905,0.0,55.116307636363636,2.6598696727272726,bgp_route_flap,real_bgp_flap_recall_004
2026-07-21T05:13:30+00:00,station3,,0.0,0.56,3.463,0.0,202.09090909090907,1076.3454545454545,,0.0016167272727272725,0.008610763636363636,bgp_route_flap,real_bgp_flap_recall_004
2026-07-21T05:13:45+00:00,station1,190.0,0.0,0.086,0.837,0.0,460909.8545454545,9631565.854545454,0.0,3.6872788363636357,77.05252683636363,bgp_route_flap,real_bgp_flap_recall_004
2026-07-21T05:13:45+00:00,station2,,0.0,0.137,0.854,0.0,10746564.781818181,515192.6727272727,0.0,85.97251825454545,4.121541381818181,bgp_route_flap,real_bgp_flap_recall_004
2026-07-21T05:13:45+00:00,station3,,0.0,0.432,4.12,0.0,245.89090909090908,1292.7272727272725,,0.0019671272727272726,0.01034181818181818,bgp_route_flap,real_bgp_flap_recall_004
2026-07-21T05:14:00+00:00,station1,193.0,0.0,0.156,1.025,0.0,533675.6363636364,11169308.927272728,0.0,4.269405090909091,89.35447141818182,bgp_route_flap,real_bgp_flap_recall_004
2026-07-21T05:14:00+00:00,station2,,0.0,0.102,0.983,0.0,11167733.127272727,534087.6363636364,0.0,89.34186501818182,4.272701090909091,bgp_route_flap,real_bgp_flap_recall_004
2026-07-21T05:14:00+00:00,station3,,0.0,0.516,3.862,0.0,203.29090909090908,1074.9272727272726,,0.0016263272727272727,0.008599418181818181,bgp_route_flap,real_bgp_flap_recall_004
2026-07-21T05:14:15+00:00,station1,193.0,0.0,0.363,0.536,0.0,542294.0545454544,11300853.945454543,0.0,4.338352436363635,90.40683156363635,bgp_route_flap,real_bgp_flap_recall_004
2026-07-21T05:14:15+00:00,station2,,0.0,0.171,0.957,0.0,11297256.890909089,545328.509090909,0.0,90.37805512727272,4.362628072727272,bgp_route_flap,real_bgp_flap_recall_004
2026-07-21T05:14:15+00:00,station3,,0.0,1.293,4.655,0.0,243.74545454545452,1290.5454545454545,,0.0019499636363636361,0.010324363636363637,bgp_route_flap,real_bgp_flap_recall_004
2026-07-21T05:14:30+00:00,station1,193.0,0.0,0.211,1.277,0.0,439910.0363636363,9064341.527272727,0.0,3.5192802909090903,72.51473221818182,bgp_route_flap,real_bgp_flap_recall_004
2026-07-21T05:14:30+00:00,station2,,0.0,0.281,0.998,0.0,9063165.218181817,442711.5272727272,0.0,72.50532174545454,3.541692218181818,bgp_route_flap,real_bgp_flap_recall_004
2026-07-21T05:14:30+00:00,station3,,0.0,0.23,3.257,0.0,196.7090909090909,1071.6545454545453,,0.0015736727272727272,0.008573236363636362,bgp_route_flap,real_bgp_flap_recall_004
2026-07-21T05:14:45+00:00,station1,194.0,0.0,0.434,1.115,0.0,554335.9818181818,11297830.054545455,0.0,4.434687854545454,90.38264043636364,bgp_route_flap,real_bgp_flap_recall_004
2026-07-21T05:14:45+00:00,station2,,0.0,1.065,1.689,0.0,11296224.527272727,557862.6727272726,0.0,90.36979621818182,4.462901381818181,bgp_route_flap,real_bgp_flap_recall_004
2026-07-21T05:14:45+00:00,station3,,0.0,0.93,2.511,0.0,238.9090909090909,1289.7272727272725,,0.0019112727272727272,0.01031781818181818,bgp_route_flap,real_bgp_flap_recall_004
2026-07-21T05:15:00+00:00,station1,194.0,0.0,0.024,1.006,0.0,484976.92769222375,9755288.085671168,0.0,3.87981542153779,78.04230468536934,bgp_route_flap,real_bgp_flap_recall_004
2026-07-21T05:15:00+00:00,station2,,0.0,0.244,0.84,0.0,10870576.909090908,541148.3818181817,0.0,86.96461527272727,4.329187054545454,bgp_route_flap,real_bgp_flap_recall_004
2026-07-21T05:15:00+00:00,station3,,0.0,0.109,3.799,0.0,197.4,1074.4363636363637,,0.0015792,0.00859549090909091,bgp_route_flap,real_bgp_flap_recall_004
2026-07-21T05:15:15+00:00,station1,194.0,0.0,0.421,0.796,0.0,624011.3454545455,12583192.345454544,0.0,4.992090763636364,100.66553876363635,bgp_route_flap,real_bgp_flap_recall_004
2026-07-21T05:15:15+00:00,station2,,0.0,0.07,0.268,0.0,11466275.327272726,570015.0727272726,0.0,91.7302026181818,4.560120581818181,bgp_route_flap,real_bgp_flap_recall_004
2026-07-21T05:15:15+00:00,station3,,0.0,0.027,0.323,0.0,236.94545454545454,1290.1818181818182,,0.0018955636363636363,0.010321454545454545,bgp_route_flap,real_bgp_flap_recall_004
2026-07-21T05:15:30+00:00,station1,194.0,0.0,0.732,0.821,0.0,441214.6688242032,8872830.16672424,0.0,3.5297173505936255,70.98264133379392,bgp_route_flap,real_bgp_flap_recall_004
2026-07-21T05:15:30+00:00,station2,,0.0,0.219,1.634,0.0,8872195.581818182,443216.5272727272,0.0,70.97756465454546,3.5457322181818176,bgp_route_flap,real_bgp_flap_recall_004
2026-07-21T05:15:30+00:00,station3,,0.0,2728.071,3486.544,0.0,190.45454545454544,1077.8727272727272,,0.0015236363636363635,0.008622981818181817,bgp_route_flap,real_bgp_flap_recall_004
2026-07-21T05:15:45+00:00,station1,194.0,0.0,0.419,2.201,0.0,554518.5272727272,11108633.309090909,0.0,4.436148218181818,88.86906647272727,bgp_route_flap,real_bgp_flap_recall_004
2026-07-21T05:15:45+00:00,station2,,0.0,0.534,2.533,0.0,11106623.98181818,556108.5818181818,0.0,88.85299185454545,4.448868654545454,bgp_route_flap,real_bgp_flap_recall_004
2026-07-21T05:15:45+00:00,station3,,0.0,0.0,79.799,90.0,236.29090909090908,1288.6545454545453,,0.0018903272727272726,0.010309236363636362,bgp_route_flap,real_bgp_flap_recall_004
2026-07-21T05:16:00+00:00,station1,194.0,0.0,0.232,1.644,0.0,444295.7582589407,8875209.887092961,0.0,3.5543660660715255,71.00167909674369,bgp_route_flap,real_bgp_flap_recall_004
2026-07-21T05:16:00+00:00,station2,,0.0,0.707,2.284,0.0,8873848.872727271,445869.4909090909,0.0,70.99079098181817,3.566955927272727,bgp_route_flap,real_bgp_flap_recall_004
2026-07-21T05:16:00+00:00,station3,,0.0,1414.02,1983.141,0.0,195.83636363636364,1071.1090909090908,,0.0015666909090909092,0.008568872727272726,bgp_route_flap,real_bgp_flap_recall_004
2026-07-21T05:16:15+00:00,station1,194.0,0.0,0.344,1.871,0.0,597417.4727272727,11926589.327272726,0.0,4.779339781818181,95.41271461818181,bgp_route_flap,real_bgp_flap_recall_004
2026-07-21T05:16:15+00:00,station2,,0.0,0.418,1.807,0.0,13042251.98181818,654485.1454545454,0.0,104.33801585454545,5.235881163636363,bgp_route_flap,real_bgp_flap_recall_004
2026-07-21T05:16:15+00:00,station3,,0.0,1446.182,3781.541,16.666666666666664,230.18181818181816,1285.4727272727273,,0.0018414545454545452,0.010283781818181818,bgp_route_flap,real_bgp_flap_recall_004
2026-07-21T05:16:30+00:00,station1,194.0,0.0,0.812,1.296,0.0,520875.1113616116,10420145.797349138,0.0,4.167000890892893,83.3611663787931,bgp_route_flap,real_bgp_flap_recall_004
2026-07-21T05:16:30+00:00,station2,,0.0,0.039,0.248,0.0,9301722.745454544,466198.16363636364,0.0,74.41378196363635,3.729585309090909,bgp_route_flap,real_bgp_flap_recall_004
2026-07-21T05:16:30+00:00,station3,,0.0,0.012,0.221,0.0,194.56363636363633,1069.4727272727273,,0.0015565090909090908,0.008555781818181818,bgp_route_flap,real_bgp_flap_recall_004
2026-07-21T05:16:45+00:00,station1,194.0,0.0,0.152,1.12,0.0,547357.3272727273,11105318.38181818,0.0,4.378858618181818,88.84254705454545,bgp_route_flap,real_bgp_flap_recall_004
2026-07-21T05:16:45+00:00,station2,,0.0,1.292,1.69,0.0,11104532.07272727,536107.7999999999,0.0,88.83625658181816,4.288862399999999,bgp_route_flap,real_bgp_flap_recall_004
2026-07-21T05:16:45+00:00,station3,,0.0,1.075,3.95,0.0,233.49090909090907,1286.7454545454543,,0.0018679272727272725,0.010293963636363635,bgp_route_flap,real_bgp_flap_recall_004
2026-07-21T05:17:00+00:00,station1,194.0,0.0,0.041,0.689,0.0,410892.8909090909,8872459.98181818,0.0,3.287143127272727,70.97967985454544,bgp_route_flap,real_bgp_flap_recall_004
2026-07-21T05:17:00+00:00,station2,,0.0,1.311,1.598,0.0,8871275.909090908,399191.9272727272,0.0,70.97020727272727,3.1935354181818174,bgp_route_flap,real_bgp_flap_recall_004
2026-07-21T05:17:00+00:00,station3,,0.0,0.972,3.006,0.0,195.2181818181818,1073.3636363636363,,0.0015617454545454542,0.00858690909090909,bgp_route_flap,real_bgp_flap_recall_004
2026-07-21T05:17:15+00:00,station1,194.0,0.0,0.134,0.896,0.0,472659.8119965818,11106158.057419227,0.0,3.7812784959726544,88.84926445935382,bgp_route_flap,real_bgp_flap_recall_004
2026-07-21T05:17:15+00:00,station2,,0.0,0.993,1.455,0.0,11104728.363636363,461404.5272727272,0.0,88.83782690909091,3.691236218181818,bgp_route_flap,real_bgp_flap_recall_004
2026-07-21T05:17:15+00:00,station3,,0.0,0.129,4.137,0.0,239.4181818181818,1289.3636363636363,,0.0019153454545454544,0.01031490909090909,bgp_route_flap,real_bgp_flap_recall_004
2026-07-21T05:17:30+00:00,station1,194.0,0.0,0.412,1.226,0.0,451382.7636363636,11170145.363636363,0.0,3.6110621090909087,89.36116290909091,bgp_route_flap,real_bgp_flap_recall_004
2026-07-21T05:17:30+00:00,station2,,0.0,0.148,0.869,0.0,11169700.0,442366.41818181815,0.0,89.3576,3.5389313454545452,bgp_route_flap,real_bgp_flap_recall_004
2026-07-21T05:17:30+00:00,station3,,0.0,0.599,5.114,0.0,194.56363636363633,1072.0727272727272,,0.0015565090909090908,0.008576581818181817,bgp_route_flap,real_bgp_flap_recall_004
2026-07-21T05:17:45+00:00,station1,194.0,0.0,0.013,0.314,0.0,439332.424225895,11429998.490881654,0.0,3.51465939380716,91.43998792705322,bgp_route_flap,real_bgp_flap_recall_004
2026-07-21T05:17:45+00:00,station2,,0.0,1728.818,2372.289,40.0,11427743.163636362,452977.70909090905,0.0,91.4219453090909,3.6238216727272725,bgp_route_flap,real_bgp_flap_recall_004
2026-07-21T05:17:45+00:00,station3,,0.0,1508.133,2454.569,0.0,244.87272727272727,1296.8727272727272,,0.001958981818181818,0.010374981818181818,bgp_route_flap,real_bgp_flap_recall_004
2026-07-21T05:18:00+00:00,station1,194.0,0.0,1505.969,2288.634,20.0,377707.8545454545,9194962.963636363,0.0,3.0216628363636358,73.5597037090909,bgp_route_flap,real_bgp_flap_recall_004
2026-07-21T05:18:00+00:00,station2,,0.0,1215.24,2142.023,0.0,9193342.418181816,391122.8363636363,0.0,73.54673934545453,3.1289826909090905,bgp_route_flap,real_bgp_flap_recall_004
2026-07-21T05:18:00+00:00,station3,,0.0,1216.139,2127.833,0.0,204.4181818181818,1081.090909090909,,0.0016353454545454545,0.008648727272727271,bgp_route_flap,real_bgp_flap_recall_004
2026-07-21T05:18:15+00:00,station1,194.0,0.0,0.0,9999.855,90.0,513926.39999999997,11429387.0,0.0,4.1114112,91.435096,bgp_route_flap,real_bgp_flap_recall_004
2026-07-21T05:18:15+00:00,station2,,0.0,1215.24,2142.023,100.0,11427499.963636363,527521.2909090909,0.0,91.4199997090909,4.220170327272728,bgp_route_flap,real_bgp_flap_recall_004
2026-07-21T05:18:15+00:00,station3,,0.0,2941.115,5388.982,0.0,245.96363636363634,1295.5454545454545,,0.001967709090909091,0.010364363636363637,bgp_route_flap,real_bgp_flap_recall_004
2026-07-21T05:18:30+00:00,station1,194.0,0.0,0.0,9999.855,90.0,477963.5097543681,9726275.013181578,0.0,3.8237080780349446,77.81020010545262,bgp_route_flap,real_bgp_flap_recall_004
2026-07-21T05:18:30+00:00,station2,,0.0,1988.065,1547.173,57.14285714285714,10665973.872727273,534795.9454545454,0.0,85.32779098181818,4.278367563636364,bgp_route_flap,real_bgp_flap_recall_004
2026-07-21T05:18:30+00:00,station3,,0.0,2942.041,5380.641,0.0,193.98181818181817,1082.7818181818182,,0.0015518545454545453,0.008662254545454546,bgp_route_flap,real_bgp_flap_recall_004
2026-07-21T05:18:45+00:00,station1,194.0,0.0,2185.617,2804.197,0.0,639357.2298685479,12794049.05365357,0.0,5.114857838948383,102.35239242922856,bgp_route_flap,real_bgp_flap_recall_004
2026-07-21T05:18:45+00:00,station2,,0.0,0.006,0.34,0.0,11676486.38181818,584946.5272727272,0.0,93.41189105454545,4.679572218181818,bgp_route_flap,real_bgp_flap_recall_004
2026-07-21T05:18:45+00:00,station3,,0.0,0.005,0.242,0.0,238.29090909090908,1287.6545454545453,,0.0019063272727272726,0.010301236363636362,bgp_route_flap,real_bgp_flap_recall_004
2026-07-21T05:19:00+00:00,station1,194.0,0.0,0.014,0.28,0.0,444286.1272727272,8871720.38181818,0.0,3.5542890181818176,70.97376305454544,bgp_route_flap,real_bgp_flap_recall_004
2026-07-21T05:19:00+00:00,station2,,0.0,1421.162,1979.147,0.0,8869780.363636363,445149.18181818177,0.0,70.95824290909091,3.561193454545454,bgp_route_flap,real_bgp_flap_recall_004
2026-07-21T05:19:00+00:00,station3,,0.0,1442.902,2961.559,0.0,196.3090909090909,1074.0363636363636,,0.0015704727272727273,0.00859229090909091,bgp_route_flap,real_bgp_flap_recall_004
2026-07-21T05:19:15+00:00,station1,194.0,0.0,417.641,620.644,0.0,555539.2181818181,11104478.927272728,0.0,4.444313745454545,88.83583141818183,bgp_route_flap,real_bgp_flap_recall_004
2026-07-21T05:19:15+00:00,station2,,0.0,516.675,424.747,100.0,11103105.036363635,557049.4545454545,0.0,88.82484029090908,4.456395636363636,bgp_route_flap,real_bgp_flap_recall_004
2026-07-21T05:19:15+00:00,station3,,0.0,414.624,619.432,100.0,225.05454545454543,1292.9272727272726,,0.0018004363636363635,0.01034341818181818,bgp_route_flap,real_bgp_flap_recall_004
2026-07-21T05:19:30+00:00,station1,194.0,0.0,417.641,620.644,100.0,444004.87308167864,8871369.954178486,0.0,3.552038984653429,70.97095963342788,bgp_route_flap,real_bgp_flap_recall_004
2026-07-21T05:19:30+00:00,station2,,0.0,516.675,424.747,100.0,8870495.509090908,444952.19999999995,0.0,70.96396407272726,3.5596175999999997,bgp_route_flap,real_bgp_flap_recall_004
2026-07-21T05:19:30+00:00,station3,,0.0,414.624,619.432,100.0,218.63636363636363,1104.381818181818,,0.001749090909090909,0.008835054545454545,bgp_route_flap,real_bgp_flap_recall_004
2026-07-21T05:19:45+00:00,station1,194.0,0.0,1443.306,3792.332,16.666666666666664,585948.4,11715493.09090909,0.0,4.6875872,93.72394472727272,bgp_route_flap,real_bgp_flap_recall_004
2026-07-21T05:19:45+00:00,station2,,0.0,1143.507,4295.763,33.33333333333333,12830968.163636362,643083.7818181817,0.0,102.6477453090909,5.144670254545454,bgp_route_flap,real_bgp_flap_recall_004
2026-07-21T05:19:45+00:00,station3,,0.0,1751.398,3256.407,0.0,262.29090909090905,1319.8727272727272,,0.0020983272727272723,0.010558981818181818,bgp_route_flap,real_bgp_flap_recall_004
2026-07-21T05:20:00+00:00,station1,194.0,0.0,656.027,723.045,0.0,531363.2479409465,10636016.836057525,0.0,4.250905983527572,85.0881346884602,bgp_route_flap,real_bgp_flap_recall_004
2026-07-21T05:20:00+00:00,station2,,0.0,0.028,0.197,0.0,9517523.163636362,476739.39999999997,0.0,76.1401853090909,3.8139152,bgp_route_flap,real_bgp_flap_recall_004
2026-07-21T05:20:00+00:00,station3,,0.0,0.014,0.265,0.0,227.07272727272726,1106.3636363636363,,0.0018165818181818181,0.00885090909090909,bgp_route_flap,real_bgp_flap_recall_004
2026-07-21T05:20:15+00:00,station1,194.0,0.0,0.02,0.291,0.0,444868.2703321878,8880855.72464954,0.0,3.5589461626575027,71.04684579719631,bgp_route_flap,real_bgp_flap_recall_004
2026-07-21T05:20:15+00:00,station2,,0.0,0.023,0.218,0.0,8878944.309090909,446245.70909090905,0.0,71.03155447272727,3.5699656727272724,bgp_route_flap,real_bgp_flap_recall_004
2026-07-21T05:20:15+00:00,station3,,0.0,0.048,0.306,0.0,269.8545454545454,1314.8,,0.002158836363636363,0.010518399999999999,bgp_route_flap,real_bgp_flap_recall_004
2026-07-21T05:20:30+00:00,station1,194.0,0.0,0.0,3.068,90.0,333467.4909090909,6645820.527272727,0.0,2.667739927272727,53.16656421818182,bgp_route_flap,real_bgp_flap_recall_004
2026-07-21T05:20:30+00:00,station2,,0.0,0.023,0.218,100.0,6645435.181818182,334721.2545454545,0.0,53.163481454545455,2.6777700363636363,bgp_route_flap,real_bgp_flap_recall_004
2026-07-21T05:20:30+00:00,station3,,0.0,0.048,0.306,100.0,188.63636363636363,1073.6181818181817,,0.001509090909090909,0.008588945454545454,bgp_route_flap,real_bgp_flap_recall_004
2026-07-21T05:20:45+00:00,station1,194.0,0.0,2877.59,4094.123,62.5,445620.9636363636,8880991.945454545,0.0,3.564967709090909,71.04793556363636,bgp_route_flap,real_bgp_flap_recall_004
2026-07-21T05:20:45+00:00,station2,,0.0,829.258,4000.701,40.0,8879677.618181817,446758.18181818177,0.0,71.03742094545454,3.574065454545454,bgp_route_flap,real_bgp_flap_recall_004
2026-07-21T05:20:45+00:00,station3,,0.0,1447.559,2962.949,0.0,233.89090909090908,1289.3454545454545,,0.0018711272727272726,0.010314763636363636,bgp_route_flap,real_bgp_flap_recall_004
2026-07-21T05:21:00+00:00,station1,194.0,0.0,4016.786,5659.163,70.0,472050.12453866156,9416381.94280312,0.0,3.7764009963092926,75.33105554242496,bgp_route_flap,real_bgp_flap_recall_004
2026-07-21T05:21:00+00:00,station2,,0.0,829.258,4000.701,40.0,10532784.618181817,528766.4181818182,0.0,84.26227694545454,4.230131345454546,bgp_route_flap,real_bgp_flap_recall_004
2026-07-21T05:21:00+00:00,station3,,0.0,1447.559,2962.949,0.0,193.47272727272727,1073.6363636363635,,0.0015477818181818181,0.008589090909090907,bgp_route_flap,real_bgp_flap_recall_004
2026-07-21T05:21:15+00:00,station1,194.0,0.0,834.101,1842.823,0.0,646729.453051131,12933264.1101171,0.0,5.1738356244090475,103.4661128809368,bgp_route_flap,real_bgp_flap_recall_004
2026-07-21T05:21:15+00:00,station2,,0.0,0.051,0.258,0.0,11813807.07272727,592058.7454545455,0.0,94.51045658181816,4.736469963636364,bgp_route_flap,real_bgp_flap_recall_004
2026-07-21T05:21:15+00:00,station3,,0.0,0.03,0.286,0.0,240.65454545454543,1286.8363636363636,,0.0019252363636363635,0.010294690909090909,bgp_route_flap,real_bgp_flap_recall_004
2026-07-21T05:21:30+00:00,station1,194.0,0.0,0.038,0.251,0.0,444426.39999999997,8874174.181818182,0.0,3.5554111999999995,70.99339345454545,bgp_route_flap,real_bgp_flap_recall_005
2026-07-21T05:21:30+00:00,station2,,0.0,1.326,1.94,0.0,8871754.89090909,445049.4909090909,0.0,70.97403912727272,3.5603959272727272,bgp_route_flap,real_bgp_flap_recall_005
2026-07-21T05:21:30+00:00,station3,,0.0,1.595,2.505,0.0,203.94545454545454,1069.890909090909,,0.0016315636363636362,0.008559127272727271,bgp_route_flap,real_bgp_flap_recall_005
2026-07-21T05:21:45+00:00,station1,198.0,0.0,0.356,1.129,0.0,554090.3454545455,11105860.09090909,0.0,4.432722763636364,88.84688072727272,bgp_route_flap,real_bgp_flap_recall_005
2026-07-21T05:21:45+00:00,station2,,0.0,1.536,1.842,0.0,11102415.4,554791.6727272726,0.0,88.8193232,4.438333381818181,bgp_route_flap,real_bgp_flap_recall_005
2026-07-21T05:21:45+00:00,station3,,0.0,0.982,2.898,0.0,244.47272727272727,1288.8,,0.001955781818181818,0.010310399999999999,bgp_route_flap,real_bgp_flap_recall_005
2026-07-21T05:22:00+00:00,station1,198.0,0.0,0.21,0.896,0.0,441765.6139202531,8868022.327678686,0.0,3.534124911362025,70.94417862142949,bgp_route_flap,real_bgp_flap_recall_005
2026-07-21T05:22:00+00:00,station2,,0.0,0.369,0.94,0.0,8865574.545454545,442385.0181818182,0.0,70.92459636363635,3.5390801454545455,bgp_route_flap,real_bgp_flap_recall_005
2026-07-21T05:22:00+00:00,station3,,0.0,0.442,4.6,0.0,199.18181818181816,1074.2727272727273,,0.0015934545454545453,0.008594181818181819,bgp_route_flap,real_bgp_flap_recall_005
2026-07-21T05:22:15+00:00,station1,198.0,0.0,0.174,0.972,0.0,575006.1636363636,11573670.527272727,0.0,4.600049309090909,92.58936421818181,bgp_route_flap,real_bgp_flap_recall_005
2026-07-21T05:22:15+00:00,station2,,0.0,0.107,0.892,0.0,12688209.29090909,631540.6,0.0,101.50567432727271,5.0523248,bgp_route_flap,real_bgp_flap_recall_005
2026-07-21T05:22:15+00:00,station3,,0.0,0.585,3.424,0.0,239.49090909090907,1289.2545454545455,,0.0019159272727272726,0.010314036363636364,bgp_route_flap,real_bgp_flap_recall_005
2026-07-21T05:22:30+00:00,station1,198.0,0.0,0.215,0.923,0.0,533529.8909090909,10757932.272727273,0.0,4.268239127272727,86.06345818181819,bgp_route_flap,real_bgp_flap_recall_005
2026-07-21T05:22:30+00:00,station2,,0.0,0.021,0.321,0.0,9640589.0,479316.99999999994,0.0,77.124712,3.8345359999999995,bgp_route_flap,real_bgp_flap_recall_005
2026-07-21T05:22:30+00:00,station3,,0.0,0.013,0.233,0.0,195.58181818181816,1074.1636363636362,,0.0015646545454545454,0.00859330909090909,bgp_route_flap,real_bgp_flap_recall_005
2026-07-21T05:22:45+00:00,station1,198.0,0.0,1445.607,2962.23,0.0,547381.2909090909,11099187.2,0.0,4.3790503272727275,88.7934976,bgp_route_flap,real_bgp_flap_recall_005
2026-07-21T05:22:45+00:00,station2,,0.0,1448.377,2955.241,0.0,11099490.418181816,547047.7636363636,0.0,88.79592334545453,4.376382109090908,bgp_route_flap,real_bgp_flap_recall_005
2026-07-21T05:22:45+00:00,station3,,0.0,1443.076,2963.802,0.0,225.96363636363634,1288.6181818181817,,0.0018077090909090908,0.010308945454545453,bgp_route_flap,real_bgp_flap_recall_005
2026-07-21T05:23:00+00:00,station1,198.0,0.0,1445.607,2962.23,100.0,433601.72727272724,8870547.218181817,0.0,3.4688138181818178,70.96437774545454,bgp_route_flap,real_bgp_flap_recall_005
2026-07-21T05:23:00+00:00,station2,,0.0,1448.377,2955.241,100.0,8869019.345454546,432657.8545454545,0.0,70.95215476363637,3.4612628363636357,bgp_route_flap,real_bgp_flap_recall_005
2026-07-21T05:23:00+00:00,station3,,0.0,1443.076,2963.802,100.0,212.5272727272727,1105.2363636363634,,0.0017002181818181817,0.008841890909090907,bgp_route_flap,real_bgp_flap_recall_005
2026-07-21T05:23:15+00:00,station1,198.0,0.0,1062.023,2601.095,0.0,536305.7691958036,11105163.74843179,0.0,4.290446153566428,88.84130998745432,bgp_route_flap,real_bgp_flap_recall_005
2026-07-21T05:23:15+00:00,station2,,0.0,1421.475,1973.237,0.0,11105109.309090909,535606.8727272727,0.0,88.84087447272726,4.284854981818182,bgp_route_flap,real_bgp_flap_recall_005
2026-07-21T05:23:15+00:00,station3,,0.0,1445.118,2953.834,0.0,256.54545454545456,1321.2727272727273,,0.0020523636363636365,0.010570181818181819,bgp_route_flap,real_bgp_flap_recall_005
2026-07-21T05:23:30+00:00,station1,198.0,0.0,1442.909,2962.885,0.0,534788.1818181818,11170709.145454545,0.0,4.278305454545454,89.36567316363636,bgp_route_flap,real_bgp_flap_recall_005
2026-07-21T05:23:30+00:00,station2,,0.0,1476.265,2235.492,20.0,11168357.563636363,535864.1272727272,0.0,89.3468605090909,4.286913018181818,bgp_route_flap,real_bgp_flap_recall_005
2026-07-21T05:23:30+00:00,station3,,0.0,1449.367,2936.182,0.0,218.74545454545452,1099.3090909090909,,0.0017499636363636363,0.008794472727272728,bgp_route_flap,real_bgp_flap_recall_005
2026-07-21T05:23:45+00:00,station1,198.0,0.0,0.036,0.261,0.0,518838.6211159797,10838114.5979164,0.0,4.150708968927837,86.7049167833312,bgp_route_flap,real_bgp_flap_recall_005
2026-07-21T05:23:45+00:00,station2,,0.0,0.055,0.277,0.0,9719591.418181816,466559.79999999993,0.0,77.75673134545453,3.7324783999999993,bgp_route_flap,real_bgp_flap_recall_005
2026-07-21T05:23:45+00:00,station3,,0.0,0.011,0.238,0.0,263.3454545454545,1315.1636363636362,,0.002106763636363636,0.01052130909090909,bgp_route_flap,real_bgp_flap_recall_005
2026-07-21T05:24:00+00:00,station1,198.0,0.0,0.033,0.259,0.0,318774.5636363636,6639120.672727272,0.0,2.5501965090909087,53.11296538181818,bgp_route_flap,real_bgp_flap_recall_005
2026-07-21T05:24:00+00:00,station2,,0.0,0.576,2.424,0.0,6637150.618181818,322203.21818181814,0.0,53.09720494545454,2.577625745454545,bgp_route_flap,real_bgp_flap_recall_005
2026-07-21T05:24:00+00:00,station3,,0.0,481.229,407.8,0.0,191.83636363636364,1068.4545454545453,,0.0015346909090909091,0.008547636363636361,bgp_route_flap,real_bgp_flap_recall_005
2026-07-21T05:24:15+00:00,station1,198.0,0.0,0.203,2.22,0.0,435556.95558101055,8874130.784196077,0.0,3.4844556446480843,70.99304627356861,bgp_route_flap,real_bgp_flap_recall_005
2026-07-21T05:24:15+00:00,station2,,0.0,0.261,2.118,0.0,8871147.581818182,439246.8363636363,0.0,70.96918065454545,3.5139746909090905,bgp_route_flap,real_bgp_flap_recall_005
2026-07-21T05:24:15+00:00,station3,,0.0,771.176,1417.185,20.0,237.09090909090907,1288.6545454545453,,0.0018967272727272726,0.010309236363636362,bgp_route_flap,real_bgp_flap_recall_005
2026-07-21T05:24:30+00:00,station1,198.0,0.0,0.202,1.925,0.0,349396.02538227965,6970914.6893579895,0.0,2.795168203058237,55.76731751486392,bgp_route_flap,real_bgp_flap_recall_005
2026-07-21T05:24:30+00:00,station2,,0.0,1.02,3.289,0.0,8086266.709090908,406325.2545454545,0.0,64.69013367272727,3.2506020363636363,bgp_route_flap,real_bgp_flap_recall_005
2026-07-21T05:24:30+00:00,station3,,0.0,1402.044,1982.824,0.0,194.56363636363633,1071.509090909091,,0.0015565090909090908,0.008572072727272726,bgp_route_flap,real_bgp_flap_recall_005
2026-07-21T05:24:45+00:00,station1,198.0,0.0,0.18,1.76,0.0,572781.458518936,11438660.315266995,0.0,4.582251668151487,91.50928252213596,bgp_route_flap,real_bgp_flap_recall_005
2026-07-21T05:24:45+00:00,station2,,0.0,0.486,2.705,0.0,12554264.67272727,629464.618181818,0.0,100.43411738181815,5.035716945454545,bgp_route_flap,real_bgp_flap_recall_005
2026-07-21T05:24:45+00:00,station3,,0.0,2049.12,4012.014,0.0,236.1090909090909,1288.8545454545454,,0.001888872727272727,0.010310836363636363,bgp_route_flap,real_bgp_flap_recall_005
2026-07-21T05:25:00+00:00,station1,198.0,0.0,0.23,2.375,0.0,545092.2727272727,10905806.29090909,0.0,4.360738181818181,87.24645032727271,bgp_route_flap,real_bgp_flap_recall_005
2026-07-21T05:25:00+00:00,station2,,0.0,0.062,0.276,0.0,9787143.49090909,490329.99999999994,0.0,78.29714792727272,3.9226399999999995,bgp_route_flap,real_bgp_flap_recall_005
2026-07-21T05:25:00+00:00,station3,,0.0,0.019,0.292,0.0,202.23636363636362,1069.5454545454545,,0.001617890909090909,0.008556363636363636,bgp_route_flap,real_bgp_flap_recall_005
2026-07-21T05:25:15+00:00,station1,198.0,0.0,379.351,342.351,0.0,550454.9999999999,11087210.454545455,0.0,4.403639999999999,88.69768363636364,bgp_route_flap,real_bgp_flap_recall_005
2026-07-21T05:25:15+00:00,station2,,0.0,0.0,2.032,90.0,11086475.909090908,549677.5272727272,0.0,88.69180727272726,4.397420218181818,bgp_route_flap,real_bgp_flap_recall_005
2026-07-21T05:25:15+00:00,station3,,0.0,0.0,822.259,90.0,227.99999999999997,1292.1818181818182,,0.0018239999999999997,0.010337454545454546,bgp_route_flap,real_bgp_flap_recall_005
2026-07-21T05:25:30+00:00,station1,198.0,0.0,0.0,772.811,90.0,434552.91914398444,8855225.531373298,0.0,3.4764233531518753,70.84180425098639,bgp_route_flap,real_bgp_flap_recall_005
2026-07-21T05:25:30+00:00,station2,,0.0,0.0,2.032,90.0,8854406.2,433081.5818181818,0.0,70.8352496,3.4646526545454543,bgp_route_flap,real_bgp_flap_recall_005
2026-07-21T05:25:30+00:00,station3,,0.0,0.0,822.259,90.0,190.8181818181818,1076.1454545454544,,0.0015265454545454545,0.008609163636363635,bgp_route_flap,real_bgp_flap_recall_005
2026-07-21T05:25:45+00:00,station1,198.0,0.0,1830.658,6048.978,30.0,536027.9459626538,11090692.412589319,0.0,4.28822356770123,88.72553930071456,bgp_route_flap,real_bgp_flap_recall_005
2026-07-21T05:25:45+00:00,station2,,0.0,0.0,3917.662,90.0,11089213.545454543,535334.6727272726,0.0,88.71370836363634,4.282677381818181,bgp_route_flap,real_bgp_flap_recall_005
2026-07-21T05:25:45+00:00,station3,,0.0,2938.395,5404.62,0.0,241.5272727272727,1291.6,,0.0019322181818181817,0.0103328,bgp_route_flap,real_bgp_flap_recall_005
2026-07-21T05:26:00+00:00,station1,201.0,0.0,493.478,452.624,0.0,535339.660721104,11172052.01912762,0.0,4.2827172857688325,89.37641615302097,bgp_route_flap,real_bgp_flap_recall_005
2026-07-21T05:26:00+00:00,station2,,0.0,496.433,451.657,0.0,11172476.4,536202.8181818181,0.0,89.3798112,4.289622545454545,bgp_route_flap,real_bgp_flap_recall_005
2026-07-21T05:26:00+00:00,station3,,0.0,491.41,452.068,0.0,193.6181818181818,1076.2363636363636,,0.0015489454545454544,0.008609890909090909,bgp_route_flap,real_bgp_flap_recall_005
2026-07-21T05:26:15+00:00,station1,201.0,0.0,0.015,0.268,0.0,533083.8409367783,11100793.916031783,0.0,4.264670727494226,88.80635132825427,bgp_route_flap,real_bgp_flap_recall_005
2026-07-21T05:26:15+00:00,station2,,0.0,1448.002,2955.136,0.0,11098302.6,536252.9090909091,0.0,88.7864208,4.2900232727272725,bgp_route_flap,real_bgp_flap_recall_005
2026-07-21T05:26:15+00:00,station3,,0.0,1443.87,2962.549,0.0,245.89090909090908,1291.7636363636364,,0.0019671272727272726,0.01033410909090909,bgp_route_flap,real_bgp_flap_recall_005
2026-07-21T05:26:30+00:00,station1,201.0,0.0,1445.658,2961.772,0.0,430124.9659084711,8864966.581210567,0.0,3.440999727267769,70.91973264968453,bgp_route_flap,real_bgp_flap_recall_005
2026-07-21T05:26:30+00:00,station2,,0.0,1421.129,1968.914,0.0,8863395.363636363,434123.309090909,0.0,70.9071629090909,3.472986472727272,bgp_route_flap,real_bgp_flap_recall_005
2026-07-21T05:26:30+00:00,station3,,0.0,1447.381,2948.749,0.0,198.9272727272727,1076.6545454545453,,0.0015914181818181816,0.008613236363636362,bgp_route_flap,real_bgp_flap_recall_005
2026-07-21T05:26:45+00:00,station1,202.0,0.0,0.0,824.259,90.0,547167.0515081544,11096796.367338775,0.0,4.377336412065235,88.77437093871019,bgp_route_flap,real_bgp_flap_recall_005
2026-07-21T05:26:45+00:00,station2,,0.0,1739.634,2566.854,80.0,11095604.818181816,550744.1454545454,0.0,88.76483854545454,4.405953163636363,bgp_route_flap,real_bgp_flap_recall_005
2026-07-21T05:26:45+00:00,station3,,0.0,0.0,822.595,90.0,221.78181818181818,1291.0545454545454,,0.0017742545454545455,0.010328436363636364,bgp_route_flap,real_bgp_flap_recall_005
2026-07-21T05:27:00+00:00,station1,202.0,0.0,0.0,824.259,90.0,452552.43636363634,9040975.09090909,0.0,3.6204194909090908,72.32780072727272,bgp_route_flap,real_bgp_flap_recall_005
2026-07-21T05:27:00+00:00,station2,,0.0,0.0,7.413,90.0,10156773.672727274,509402.94545454544,0.0,81.2541893818182,4.075223563636364,bgp_route_flap,real_bgp_flap_recall_005
2026-07-21T05:27:00+00:00,station3,,0.0,2905.13,4397.774,0.0,181.98181818181817,1074.490909090909,,0.0014558545454545454,0.008595927272727273,bgp_route_flap,real_bgp_flap_recall_005
2026-07-21T05:27:15+00:00,station1,202.0,0.0,1449.783,2960.135,0.0,664771.0405265358,13305909.78345848,0.0,5.318168324212286,106.44727826766784,bgp_route_flap,real_bgp_flap_recall_005
2026-07-21T05:27:15+00:00,station2,,0.0,0.02,0.178,0.0,12187620.818181816,610337.0909090909,0.0,97.50096654545453,4.8826967272727275,bgp_route_flap,real_bgp_flap_recall_005
2026-07-21T05:27:15+00:00,station3,,0.0,0.003,0.26,0.0,238.87272727272727,1286.4181818181817,,0.0019109818181818183,0.010291345454545454,bgp_route_flap,real_bgp_flap_recall_005
2026-07-21T05:27:30+00:00,station1,202.0,0.0,0.041,0.198,0.0,441641.8545454545,8839852.654545454,0.0,3.533134836363636,70.71882123636364,bgp_route_flap,real_bgp_flap_recall_005
2026-07-21T05:27:30+00:00,station2,,0.0,0.006,0.322,0.0,7721790.672727272,387069.7454545454,0.0,61.77432538181817,3.0965579636363634,bgp_route_flap,real_bgp_flap_recall_005
2026-07-21T05:27:30+00:00,station3,,0.0,0.027,0.257,0.0,199.36363636363635,1071.8545454545454,,0.0015949090909090908,0.008574836363636363,bgp_route_flap,real_bgp_flap_recall_005
2026-07-21T05:27:45+00:00,station1,202.0,0.0,1394.135,2001.0,0.0,439694.79846553825,8867954.2388597,0.0,3.517558387724306,70.9436339108776,bgp_route_flap,real_bgp_flap_recall_005
2026-07-21T05:27:45+00:00,station2,,0.0,1394.262,1996.213,0.0,8866657.454545455,439177.3272727272,0.0,70.93325963636364,3.513418618181818,bgp_route_flap,real_bgp_flap_recall_005
2026-07-21T05:27:45+00:00,station3,,0.0,1616.58,2261.625,0.0,250.25454545454542,1290.2545454545455,,0.002002036363636363,0.010322036363636364,bgp_route_flap,real_bgp_flap_recall_005
2026-07-21T05:28:00+00:00,station1,202.0,0.0,1257.429,1881.603,0.0,324096.18181818177,6635322.618181818,0.0,2.5927694545454543,53.082580945454545,bgp_route_flap,real_bgp_flap_recall_005
2026-07-21T05:28:00+00:00,station2,,0.0,1545.499,2087.928,50.0,6633910.818181817,322553.0363636363,0.0,53.07128654545454,2.5804242909090904,bgp_route_flap,real_bgp_flap_recall_005
2026-07-21T05:28:00+00:00,station3,,0.0,1616.58,2261.625,0.0,199.54545454545453,1069.3272727272727,,0.0015963636363636362,0.008554618181818182,bgp_route_flap,real_bgp_flap_recall_005
2026-07-21T05:28:15+00:00,station1,202.0,0.0,835.606,1129.399,0.0,431277.3060348746,8966870.883866394,0.0,3.4502184482789966,71.73496707093115,bgp_route_flap,real_bgp_flap_recall_005
2026-07-21T05:28:15+00:00,station2,,0.0,1012.911,1391.83,0.0,10081494.763636362,486329.8363636363,0.0,80.6519581090909,3.8906386909090904,bgp_route_flap,real_bgp_flap_recall_005
2026-07-21T05:28:15+00:00,station3,,0.0,1400.141,1978.413,0.0,235.8181818181818,1290.6545454545453,,0.0018865454545454545,0.010325236363636362,bgp_route_flap,real_bgp_flap_recall_005
2026-07-21T05:28:30+00:00,station1,202.0,0.0,1016.113,1396.747,0.0,536847.7118597843,11171666.842421047,0.0,4.294781694878274,89.37333473936837,bgp_route_flap,real_bgp_flap_recall_005
2026-07-21T05:28:30+00:00,station2,,0.0,1400.818,1981.326,0.0,11170390.8,537078.9272727272,0.0,89.36312640000001,4.296631418181818,bgp_route_flap,real_bgp_flap_recall_005
2026-07-21T05:28:30+00:00,station3,,0.0,1400.42,1986.919,0.0,198.63636363636363,1074.0545454545454,,0.001589090909090909,0.008592436363636363,bgp_route_flap,real_bgp_flap_recall_005
2026-07-21T05:28:45+00:00,station1,202.0,0.0,0.032,0.196,0.0,535052.9607475956,11148226.551279021,0.0,4.280423685980765,89.18581241023217,bgp_route_flap,real_bgp_flap_recall_005
2026-07-21T05:28:45+00:00,station2,,0.0,0.04,0.275,0.0,10030250.127272727,482425.14545454545,0.0,80.24200101818181,3.8594011636363637,bgp_route_flap,real_bgp_flap_recall_005
2026-07-21T05:28:45+00:00,station3,,0.0,0.009,0.24,0.0,233.9272727272727,1284.2545454545455,,0.0018714181818181817,0.010274036363636364,bgp_route_flap,real_bgp_flap_recall_005
2026-07-21T05:29:00+00:00,station1,202.0,0.0,0.026,0.256,0.0,320817.94545454544,6679772.581818181,0.0,2.5665435636363636,53.43818065454545,bgp_route_flap,real_bgp_flap_recall_005
2026-07-21T05:29:00+00:00,station2,,0.0,1413.511,1951.787,0.0,6646369.381818181,323502.2727272727,0.0,53.170955054545445,2.5880181818181818,bgp_route_flap,real_bgp_flap_recall_005
2026-07-21T05:29:00+00:00,station3,,0.0,1418.079,1962.365,0.0,186.05454545454543,1069.381818181818,,0.0014884363636363635,0.008555054545454544,bgp_route_flap,real_bgp_flap_recall_005
2026-07-21T05:29:15+00:00,station1,202.0,0.0,1401.229,1993.238,0.0,435600.98907292594,8881570.771440519,0.0,3.4848079125834075,71.05256617152415,bgp_route_flap,real_bgp_flap_recall_005
2026-07-21T05:29:15+00:00,station2,,0.0,1401.555,1988.475,0.0,8880473.89090909,438879.0727272727,0.0,71.04379112727273,3.5110325818181813,bgp_route_flap,real_bgp_flap_recall_005
2026-07-21T05:29:15+00:00,station3,,0.0,1401.094,1993.726,0.0,233.5272727272727,1280.3090909090909,,0.0018682181818181817,0.010242472727272727,bgp_route_flap,real_bgp_flap_recall_005
2026-07-21T05:29:30+00:00,station1,202.0,0.0,515.635,423.458,0.0,333628.23636363633,6669218.545454545,0.0,2.6690258909090905,53.353748363636356,bgp_route_flap,real_bgp_flap_recall_005
2026-07-21T05:29:30+00:00,station2,,0.0,515.555,423.639,0.0,7782609.890909091,390109.0545454545,0.0,62.26087912727272,3.120872436363636,bgp_route_flap,real_bgp_flap_recall_005
2026-07-21T05:29:30+00:00,station3,,0.0,508.753,427.763,0.0,194.16363636363633,1069.2727272727273,,0.0015533090909090907,0.008554181818181818,bgp_route_flap,real_bgp_flap_recall_005
2026-07-21T05:29:45+00:00,station1,202.0,0.0,1443.634,2969.274,0.0,555713.8545454545,11134857.054545455,0.0,4.445710836363636,89.07885643636364,bgp_route_flap,real_bgp_flap_recall_005
2026-07-21T05:29:45+00:00,station2,,0.0,1445.515,2957.033,0.0,12249473.018181818,612851.8545454546,0.0,97.99578414545454,4.902814836363637,bgp_route_flap,real_bgp_flap_recall_005
2026-07-21T05:29:45+00:00,station3,,0.0,1419.004,1973.511,0.0,232.43636363636364,1287.0727272727272,,0.0018594909090909092,0.010296581818181818,bgp_route_flap,real_bgp_flap_recall_005
2026-07-21T05:30:00+00:00,station1,202.0,0.0,1420.563,1975.163,0.0,556772.9231440572,11167041.25529555,0.0,4.454183385152457,89.33633004236441,bgp_route_flap,real_bgp_flap_recall_005
2026-07-21T05:30:00+00:00,station2,,0.0,1420.364,1970.521,0.0,10090385.072727272,504125.9272727272,0.0,80.72308058181818,4.033007418181818,bgp_route_flap,real_bgp_flap_recall_005
2026-07-21T05:30:00+00:00,station3,,0.0,1.867,1.58,0.0,194.6,1068.9272727272726,,0.0015568,0.00855141818181818,bgp_route_flap,real_bgp_flap_recall_005
2026-07-21T05:30:15+00:00,station1,205.0,0.0,0.028,0.255,0.0,455532.2630497627,9118459.373465937,0.0,3.6442581043981015,72.9476749877275,bgp_route_flap,real_bgp_flap_recall_005
2026-07-21T05:30:15+00:00,station2,,0.0,0.038,0.266,0.0,9117403.036363635,456735.4909090909,0.0,72.93922429090908,3.653883927272727,bgp_route_flap,real_bgp_flap_recall_005
2026-07-21T05:30:15+00:00,station3,,0.0,0.014,0.307,0.0,231.23636363636362,1289.9818181818182,,0.001849890909090909,0.010319854545454546,bgp_route_flap,real_bgp_flap_recall_005
2026-07-21T05:30:30+00:00,station1,205.0,0.0,2937.66,5368.574,0.0,344456.1553426301,6889252.831766695,0.0,2.755649242741041,55.11402265413356,bgp_route_flap,real_bgp_flap_recall_005
2026-07-21T05:30:30+00:00,station2,,0.0,0.038,0.266,100.0,6886911.363636363,345479.4909090909,0.0,55.095290909090906,2.7638359272727273,bgp_route_flap,real_bgp_flap_recall_005
2026-07-21T05:30:30+00:00,station3,,0.0,2938.747,5403.556,0.0,204.8181818181818,1069.9818181818182,,0.0016385454545454546,0.008559854545454545,bgp_route_flap,real_bgp_flap_recall_005
2026-07-21T05:30:45+00:00,station1,206.0,0.0,1449.276,2247.403,20.0,456668.34545454546,9121993.0,0.0,3.6533467636363635,72.975944,bgp_route_flap,real_bgp_flap_recall_005
2026-07-21T05:30:45+00:00,station2,,0.0,1400.183,1997.225,0.0,9121156.163636362,457757.4727272727,0.0,72.9692493090909,3.662059781818182,bgp_route_flap,real_bgp_flap_recall_005
2026-07-21T05:30:45+00:00,station3,,0.0,1450.268,2943.637,0.0,240.54545454545453,1286.5454545454545,,0.0019243636363636362,0.010292363636363636,bgp_route_flap,real_bgp_flap_recall_005
2026-07-21T05:31:00+00:00,station1,206.0,0.0,1449.276,2247.403,20.0,454669.0667103038,9080195.27627775,0.0,3.6373525336824306,72.641562210222,bgp_route_flap,real_bgp_flap_recall_005
2026-07-21T05:31:00+00:00,station2,,0.0,0.0,5.238,90.0,10195896.509090908,511573.23636363633,0.0,81.56717207272726,4.09258589090909,bgp_route_flap,real_bgp_flap_recall_005
2026-07-21T05:31:00+00:00,station3,,0.0,2904.993,4396.942,0.0,185.25454545454542,1076.8181818181818,,0.0014820363636363634,0.008614545454545455,bgp_route_flap,real_bgp_flap_recall_005
2026-07-21T05:31:15+00:00,station1,206.0,0.0,1449.967,2948.142,0.0,662847.0909090909,13269189.254545454,0.0,5.302776727272727,106.15351403636363,bgp_route_flap,real_bgp_flap_recall_005
2026-07-21T05:31:15+00:00,station2,,0.0,0.028,0.193,0.0,12150426.127272727,608327.3272727273,0.0,97.20340901818182,4.8666186181818185,bgp_route_flap,real_bgp_flap_recall_005
2026-07-21T05:31:15+00:00,station3,,0.0,0.011,0.257,0.0,249.85454545454544,1288.709090909091,,0.0019988363636363636,0.010309672727272727,bgp_route_flap,real_bgp_flap_recall_005
2026-07-21T05:31:30+00:00,station1,206.0,0.0,0.003,0.248,0.0,439768.1412389316,8801664.630266005,0.0,3.518145129911453,70.41331704212804,bgp_route_flap,real_bgp_flap_recall_005
2026-07-21T05:31:30+00:00,station2,,0.0,0.05,0.269,0.0,7683676.818181817,385177.63636363635,0.0,61.46941454545454,3.0814210909090907,bgp_route_flap,real_bgp_flap_recall_005
2026-07-21T05:31:30+00:00,station3,,0.0,0.051,0.265,0.0,204.4181818181818,1074.490909090909,,0.0016353454545454545,0.008595927272727273,bgp_route_flap,real_bgp_flap_recall_005
2026-07-21T05:31:45+00:00,station1,210.0,0.0,0.097,1.811,0.0,450330.7637765213,9115536.007126885,0.0,3.6026461102121705,72.92428805701508,bgp_route_flap,real_bgp_flap_recall_005
2026-07-21T05:31:45+00:00,station2,,0.0,0.438,1.94,0.0,9113758.818181816,449385.63636363635,0.0,72.91007054545453,3.595085090909091,bgp_route_flap,real_bgp_flap_recall_005
2026-07-21T05:31:45+00:00,station3,,0.0,1413.643,1949.481,0.0,246.0363636363636,1293.6181818181817,,0.001968290909090909,0.010348945454545453,bgp_route_flap,real_bgp_flap_recall_005
2026-07-21T05:32:00+00:00,station1,213.0,0.0,0.494,1.53,0.0,334103.7435682987,6881135.215723351,0.0,2.6728299485463896,55.049081725786806,bgp_route_flap,real_bgp_flap_recall_005
2026-07-21T05:32:00+00:00,station2,,0.0,0.336,2.061,0.0,6880053.5636363635,332737.309090909,0.0,55.04042850909091,2.6618984727272723,bgp_route_flap,real_bgp_flap_recall_005
2026-07-21T05:32:00+00:00,station3,,0.0,1044.382,2631.707,0.0,206.7090909090909,1070.381818181818,,0.0016536727272727272,0.008563054545454545,bgp_route_flap,real_bgp_flap_recall_005
2026-07-21T05:32:15+00:00,station1,216.0,0.0,0.79,1.672,0.0,443349.54545454547,9251932.418181816,0.0,3.5467963636363637,74.01545934545453,bgp_route_flap,real_bgp_flap_recall_005
2026-07-21T05:32:15+00:00,station2,,0.0,0.766,2.825,0.0,10367125.509090908,497718.4545454545,0.0,82.93700407272726,3.981747636363636,bgp_route_flap,real_bgp_flap_recall_005
2026-07-21T05:32:15+00:00,station3,,0.0,1442.771,2957.093,0.0,237.74545454545452,1291.6545454545453,,0.0019019636363636363,0.010333236363636363,bgp_route_flap,real_bgp_flap_recall_005
2026-07-21T05:32:30+00:00,station1,219.0,0.0,0.518,1.614,0.0,533660.1698150943,11171472.645951891,0.0,4.269281358520755,89.37178116761513,bgp_route_flap,real_bgp_flap_recall_005
2026-07-21T05:32:30+00:00,station2,,0.0,0.239,2.313,0.0,11170539.47272727,534793.5454545454,0.0,89.36431578181816,4.278348363636363,bgp_route_flap,real_bgp_flap_recall_005
2026-07-21T05:32:30+00:00,station3,,0.0,1257.87,1707.081,25.0,200.45454545454544,1071.3454545454545,,0.0016036363636363635,0.008570763636363636,bgp_route_flap,real_bgp_flap_recall_005
2026-07-21T05:32:45+00:00,station1,220.0,0.0,0.054,0.272,0.0,520101.0055093914,10865290.524937723,0.0,4.160808044075131,86.92232419950179,bgp_route_flap,real_bgp_flap_recall_005
2026-07-21T05:32:45+00:00,station2,,0.0,0.023,0.294,0.0,9746885.036363635,467606.7636363636,0.0,77.97508029090908,3.740854109090909,bgp_route_flap,real_bgp_flap_recall_005
2026-07-21T05:32:45+00:00,station3,,0.0,0.024,0.255,0.0,239.85454545454544,1287.581818181818,,0.0019188363636363636,0.010300654545454545,bgp_route_flap,real_bgp_flap_recall_005
2026-07-21T05:33:00+00:00,station1,220.0,0.0,0.833,0.83,0.0,344309.0545454545,7140512.054545454,0.0,2.754472436363636,57.12409643636363,bgp_route_flap,real_bgp_flap_recall_005
2026-07-21T05:33:00+00:00,station2,,0.0,0.414,1.914,0.0,7139655.8545454545,347590.4,0.0,57.117246836363634,2.7807232,bgp_route_flap,real_bgp_flap_recall_005
2026-07-21T05:33:00+00:00,station3,,0.0,3751.005,2652.659,70.0,190.34545454545454,1072.7272727272727,,0.0015227636363636364,0.008581818181818182,bgp_route_flap,real_bgp_flap_recall_005
2026-07-21T05:33:15+00:00,station1,220.0,0.0,0.934,2.702,0.0,460950.3263695704,9374713.831160568,0.0,3.687602610956563,74.99771064928454,bgp_route_flap,real_bgp_flap_recall_005
2026-07-21T05:33:15+00:00,station2,,0.0,0.346,1.851,0.0,9373549.072727272,464889.3818181818,0.0,74.98839258181818,3.7191150545454543,bgp_route_flap,real_bgp_flap_recall_005
2026-07-21T05:33:15+00:00,station3,,0.0,1447.673,2949.552,0.0,237.16363636363633,1289.709090909091,,0.0018973090909090906,0.010317672727272728,bgp_route_flap,real_bgp_flap_recall_005
2026-07-21T05:33:30+00:00,station1,220.0,0.0,0.197,2.113,0.0,374006.98169124196,7447955.764440646,0.0,2.9920558535299357,59.58364611552517,bgp_route_flap,real_bgp_flap_recall_005
2026-07-21T05:33:30+00:00,station2,,0.0,0.685,2.288,0.0,8563459.545454545,431077.8909090909,0.0,68.50767636363636,3.448623127272727,bgp_route_flap,real_bgp_flap_recall_005
2026-07-21T05:33:30+00:00,station3,,0.0,2653.627,4626.103,0.0,193.36363636363635,1073.1636363636362,,0.0015469090909090908,0.00858530909090909,bgp_route_flap,real_bgp_flap_recall_005
2026-07-21T05:33:45+00:00,station1,220.0,0.0,0.396,2.43,0.0,597419.8,11915346.781818181,0.0,4.7793584000000005,95.32277425454545,bgp_route_flap,real_bgp_flap_recall_005
2026-07-21T05:33:45+00:00,station2,,0.0,0.167,1.799,0.0,13030961.109090907,654400.6545454545,0.0,104.24768887272727,5.235205236363637,bgp_route_flap,real_bgp_flap_recall_005
2026-07-21T05:33:45+00:00,station3,,0.0,2893.568,4413.773,0.0,236.1090909090909,1290.4,,0.001888872727272727,0.010323200000000001,bgp_route_flap,real_bgp_flap_recall_005
2026-07-21T05:34:00+00:00,station1,220.0,0.0,1.132,1.866,0.0,521843.91192887403,10430884.420283267,0.0,4.174751295430992,83.44707536226613,bgp_route_flap,real_bgp_flap_recall_005
2026-07-21T05:34:00+00:00,station2,,0.0,0.028,0.21,0.0,9312393.309090909,467191.99999999994,0.0,74.49914647272728,3.7375359999999995,bgp_route_flap,real_bgp_flap_recall_005
2026-07-21T05:34:00+00:00,station3,,0.0,0.028,0.326,0.0,207.07272727272726,1070.0727272727272,,0.0016565818181818182,0.008560581818181817,bgp_route_flap,real_bgp_flap_recall_005
2026-07-21T05:34:15+00:00,station1,220.0,0.0,0.219,2.45,0.0,556980.6548971836,11110919.274195014,0.0,4.455845239177469,88.88735419356011,bgp_route_flap,real_bgp_flap_recall_005
2026-07-21T05:34:15+00:00,station2,,0.0,0.858,2.578,0.0,11108975.654545454,558195.9272727272,0.0,88.87180523636363,4.465567418181818,bgp_route_flap,real_bgp_flap_recall_005
2026-07-21T05:34:15+00:00,station3,,0.0,1445.476,2955.911,0.0,236.1090909090909,1284.9818181818182,,0.001888872727272727,0.010279854545454546,bgp_route_flap,real_bgp_flap_recall_005
2026-07-21T05:34:30+00:00,station1,220.0,0.0,0.18,1.802,0.0,444891.19999999995,8876356.418181818,0.0,3.5591295999999994,71.01085134545454,bgp_route_flap,real_bgp_flap_recall_005
2026-07-21T05:34:30+00:00,station2,,0.0,0.699,2.394,0.0,8874627.799999999,445799.0727272727,0.0,70.99702239999999,3.5663925818181816,bgp_route_flap,real_bgp_flap_recall_005
2026-07-21T05:34:30+00:00,station3,,0.0,802.841,1794.86,25.0,194.56363636363633,1069.1999999999998,,0.0015565090909090908,0.008553599999999998,bgp_route_flap,real_bgp_flap_recall_005
2026-07-21T05:34:45+00:00,station1,220.0,0.0,0.187,2.094,0.0,556296.6363636364,11110394.363636363,0.0,4.450373090909091,88.8831549090909,bgp_route_flap,real_bgp_flap_recall_005
2026-07-21T05:34:45+00:00,station2,,0.0,0.839,2.236,0.0,11110164.345454544,557675.8181818181,0.0,88.88131476363635,4.461406545454545,bgp_route_flap,real_bgp_flap_recall_005
2026-07-21T05:34:45+00:00,station3,,0.0,1413.667,1949.822,0.0,231.74545454545452,1288.7454545454543,,0.0018539636363636362,0.010309963636363634,bgp_route_flap,real_bgp_flap_recall_005
2026-07-21T05:35:00+00:00,station1,220.0,0.0,0.572,2.018,0.0,558353.6181818182,11171302.0,0.0,4.466828945454545,89.370416,bgp_route_flap,real_bgp_flap_recall_005
2026-07-21T05:35:00+00:00,station2,,0.0,0.239,1.873,0.0,11169407.09090909,559132.9818181818,0.0,89.35525672727272,4.473063854545455,bgp_route_flap,real_bgp_flap_recall_005
2026-07-21T05:35:00+00:00,station3,,0.0,1413.667,1949.822,0.0,189.76363636363632,1071.6181818181817,,0.0015181090909090905,0.008572945454545454,bgp_route_flap,real_bgp_flap_recall_005
2026-07-21T05:35:15+00:00,station1,220.0,0.0,63.754,45.416,0.0,567758.309090909,11345505.436363636,0.0,4.542066472727272,90.76404349090909,bgp_route_flap,real_bgp_flap_recall_005
2026-07-21T05:35:15+00:00,station2,,0.0,512.243,428.379,0.0,11343437.145454545,568878.1272727272,0.0,90.74749716363635,4.551025018181818,bgp_route_flap,real_bgp_flap_recall_005
2026-07-21T05:35:15+00:00,station3,,0.0,408.401,644.481,0.0,236.54545454545453,1316.3454545454545,,0.0018923636363636363,0.010530763636363636,bgp_route_flap,real_bgp_flap_recall_005
2026-07-21T05:35:30+00:00,station1,220.0,0.0,1424.485,1980.17,0.0,456297.885492991,9111284.903910838,0.0,3.650383083943928,72.8902792312867,bgp_route_flap,real_bgp_flap_recall_005
2026-07-21T05:35:30+00:00,station2,,0.0,1424.588,1992.233,0.0,9109960.890909089,457302.4727272727,0.0,72.8796871272727,3.6584197818181816,bgp_route_flap,real_bgp_flap_recall_005
2026-07-21T05:35:30+00:00,station3,,0.0,1423.481,1981.257,0.0,200.9272727272727,1094.7636363636364,,0.0016074181818181816,0.008758109090909091,bgp_route_flap,real_bgp_flap_recall_005
2026-07-21T05:35:45+00:00,station1,220.0,0.0,1424.485,1980.17,100.0,567566.3533390302,11345916.765149724,0.0,4.540530826712241,90.76733412119779,bgp_route_flap,real_bgp_flap_recall_005
2026-07-21T05:35:45+00:00,station2,,0.0,1361.696,1867.971,0.0,11342785.509090908,568837.4,0.0,90.74228407272726,4.5506992,bgp_route_flap,real_bgp_flap_recall_005
2026-07-21T05:35:45+00:00,station3,,0.0,1400.354,1869.727,0.0,233.27272727272728,1313.381818181818,,0.0018661818181818183,0.010507054545454544,bgp_route_flap,real_bgp_flap_recall_005
2026-07-21T05:36:00+00:00,station1,220.0,0.0,1401.346,1869.443,0.0,489694.7510045272,9787061.871602334,0.0,3.9175580080362176,78.29649497281868,bgp_route_flap,real_bgp_flap_recall_005
2026-07-21T05:36:00+00:00,station2,,0.0,1420.444,1978.886,0.0,10902641.636363635,546374.9636363636,0.0,87.22113309090908,4.370999709090909,bgp_route_flap,real_bgp_flap_recall_005
2026-07-21T05:36:00+00:00,station3,,0.0,1443.16,2961.568,0.0,188.0181818181818,1098.7272727272725,,0.0015041454545454544,0.00878981818181818,bgp_route_flap,real_bgp_flap_recall_005
2026-07-21T05:36:15+00:00,station1,220.0,0.0,1864.682,2268.972,0.0,627152.9426737695,12558070.398720022,0.0,5.017223541390156,100.46456318976018,bgp_route_flap,real_bgp_flap_recall_005
2026-07-21T05:36:15+00:00,station2,,0.0,0.037,0.211,0.0,11440627.945454543,572804.0181818181,0.0,91.52502356363635,4.582432145454544,bgp_route_flap,real_bgp_flap_recall_005
2026-07-21T05:36:15+00:00,station3,,0.0,0.042,0.277,0.0,232.83636363636364,1287.6545454545453,,0.001862690909090909,0.010301236363636362,bgp_route_flap,real_bgp_flap_recall_005
2026-07-21T05:36:30+00:00,station1,220.0,0.0,0.506,0.628,0.0,443601.941924105,8858879.39342146,0.0,3.54881553539284,70.87103514737169,bgp_route_flap,real_bgp_flap_recall_005
2026-07-21T05:36:30+00:00,station2,,0.0,0.07,2.34,0.0,8856431.872727271,444561.41818181815,0.0,70.85145498181816,3.5564913454545453,bgp_route_flap,real_bgp_flap_recall_005
2026-07-21T05:36:30+00:00,station3,,0.0,1840.117,2173.084,0.0,205.39999999999998,1073.0363636363636,,0.0016431999999999998,0.008584290909090908,bgp_route_flap,real_bgp_flap_recall_005
2026-07-21T05:36:45+00:00,station1,220.0,0.0,12.671,16.313,0.0,432764.46844488085,11094486.172475865,0.0,3.462115747559047,88.75588937980692,bgp_route_flap,real_bgp_flap_recall_005
2026-07-21T05:36:45+00:00,station2,,0.0,16.557,21.803,0.0,11093398.07272727,386633.0909090909,0.0,88.74718458181816,3.093064727272727,bgp_route_flap,real_bgp_flap_recall_005
2026-07-21T05:36:45+00:00,station3,,0.0,1449.985,2938.924,0.0,236.65454545454543,1287.4,,0.0018932363636363634,0.010299200000000001,bgp_route_flap,real_bgp_flap_recall_005
2026-07-21T05:37:00+00:00,station1,220.0,0.0,0.681,12.441,0.0,226946.9636363636,8863050.418181818,0.0,1.8155757090909088,70.90440334545454,bgp_route_flap,real_bgp_flap_recall_005
2026-07-21T05:37:00+00:00,station2,,0.0,3.158,8.295,25.0,8862021.218181817,180646.4,0.0,70.89616974545453,1.4451711999999999,bgp_route_flap,real_bgp_flap_recall_005
2026-07-21T05:37:00+00:00,station3,,0.0,1445.081,3012.698,0.0,195.76363636363632,1070.0545454545454,,0.0015661090909090906,0.008560436363636363,bgp_route_flap,real_bgp_flap_recall_005
2026-07-21T05:37:15+00:00,station1,220.0,0.0,19.178,22.609,25.0,192061.61930216913,11946568.44669903,0.0,1.5364929544173531,95.57254757359225,bgp_route_flap,real_bgp_flap_recall_005
2026-07-21T05:37:15+00:00,station2,,0.0,1.345,11.207,0.0,13062912.47272727,201758.9090909091,0.0,104.50329978181817,1.6140712727272728,bgp_route_flap,real_bgp_flap_recall_005
2026-07-21T05:37:15+00:00,station3,,0.0,2941.995,5379.886,0.0,229.63636363636363,1291.8727272727272,,0.001837090909090909,0.010334981818181817,bgp_route_flap,real_bgp_flap_recall_005
2026-07-21T05:37:30+00:00,station1,220.0,0.0,12.682,11.888,0.0,80545.70909090908,11075023.363636363,0.0,0.6443656727272726,88.60018690909091,bgp_route_flap,real_bgp_flap_recall_005
2026-07-21T05:37:30+00:00,station2,,0.0,0.524,1.325,0.0,10579964.654545454,72985.36363636362,0.0,84.63971723636364,0.5838829090909089,bgp_route_flap,real_bgp_flap_recall_005
2026-07-21T05:37:30+00:00,station3,,0.0,7.742,5.913,0.0,192.38181818181818,1073.0181818181818,,0.0015390545454545454,0.008584145454545455,bgp_route_flap,real_bgp_flap_recall_005
2026-07-21T05:37:45+00:00,station1,220.0,0.0,0.125,0.9,0.0,209013.70909090908,12382481.09090909,0.0,1.6721096727272726,99.05984872727272,bgp_route_flap,real_bgp_flap_recall_005
2026-07-21T05:37:45+00:00,station2,,0.0,0.204,0.956,0.0,12380202.07272727,257160.7636363636,0.0,99.04161658181816,2.0572861090909087,bgp_route_flap,real_bgp_flap_recall_005
2026-07-21T05:37:45+00:00,station3,,0.0,0.656,4.315,0.0,232.83636363636364,1287.709090909091,,0.001862690909090909,0.010301672727272728,bgp_route_flap,real_bgp_flap_recall_005
2026-07-21T05:38:00+00:00,station1,220.0,0.0,0.17,0.871,0.0,285053.2,10143003.38181818,0.0,2.2804256,81.14402705454545,bgp_route_flap,real_bgp_flap_recall_005
2026-07-21T05:38:00+00:00,station2,,0.0,0.13,0.98,0.0,10139219.836363636,332915.7454545454,0.0,81.1137586909091,2.6633259636363635,bgp_route_flap,real_bgp_flap_recall_005
2026-07-21T05:38:00+00:00,station3,,0.0,0.853,3.292,0.0,200.05454545454543,1066.4727272727273,,0.0016004363636363634,0.008531781818181818,bgp_route_flap,real_bgp_flap_recall_005
2026-07-21T05:38:15+00:00,station1,220.0,0.0,0.085,0.908,0.0,489422.1139334873,12371685.473753115,0.0,3.9153769114678982,98.97348379002491,bgp_route_flap,real_bgp_flap_recall_005
2026-07-21T05:38:15+00:00,station2,,0.0,0.488,1.028,0.0,12368273.454545455,537397.7999999999,0.0,98.94618763636365,4.299182399999999,bgp_route_flap,real_bgp_flap_recall_005
2026-07-21T05:38:15+00:00,station3,,0.0,0.623,4.208,0.0,237.67272727272726,1282.8727272727272,,0.001901381818181818,0.010262981818181817,bgp_route_flap,real_bgp_flap_recall_005
2026-07-21T05:38:30+00:00,station1,220.0,0.0,0.038,0.737,0.0,553713.7818181817,11162071.745454544,0.0,4.429710254545454,89.29657396363635,bgp_route_flap,real_bgp_flap_recall_005
2026-07-21T05:38:30+00:00,station2,,0.0,0.374,1.121,0.0,11162785.763636362,554834.8727272727,0.0,89.3022861090909,4.438678981818182,bgp_route_flap,real_bgp_flap_recall_005
2026-07-21T05:38:30+00:00,station3,,0.0,0.789,3.979,0.0,192.38181818181818,1069.490909090909,,0.0015390545454545454,0.008555927272727273,bgp_route_flap,real_bgp_flap_recall_005
2026-07-21T05:38:45+00:00,station1,220.0,0.0,0.028,0.246,0.0,551923.9413058894,11102234.321872102,0.0,4.415391530447115,88.81787457497681,bgp_route_flap,real_bgp_flap_recall_005
2026-07-21T05:38:45+00:00,station2,,0.0,1.351,1.659,0.0,11098973.945454543,553461.0545454544,0.0,88.79179156363635,4.427688436363636,bgp_route_flap,real_bgp_flap_recall_005
2026-07-21T05:38:45+00:00,station3,,0.0,0.901,2.528,0.0,231.74545454545452,1282.6545454545453,,0.0018539636363636362,0.010261236363636362,bgp_route_flap,real_bgp_flap_recall_005
2026-07-21T05:39:00+00:00,station1,220.0,0.0,0.375,1.226,0.0,441593.3198785433,8869572.519500354,0.0,3.5327465590283467,70.95658015600283,bgp_route_flap,real_bgp_flap_recall_005
2026-07-21T05:39:00+00:00,station2,,0.0,0.03,1.004,0.0,8870367.563636363,442742.2545454545,0.0,70.9629405090909,3.541938036363636,bgp_route_flap,real_bgp_flap_recall_005
2026-07-21T05:39:00+00:00,station3,,0.0,0.128,3.436,0.0,189.76363636363632,1065.5636363636363,,0.0015181090909090905,0.00852450909090909,bgp_route_flap,real_bgp_flap_recall_005
2026-07-21T05:39:15+00:00,station1,220.0,0.0,0.086,0.786,0.0,552296.8545454545,11103899.509090908,0.0,4.418374836363636,88.83119607272727,bgp_route_flap,real_bgp_flap_recall_005
2026-07-21T05:39:15+00:00,station2,,0.0,0.043,1.091,0.0,11102506.054545455,553942.7090909091,0.0,88.82004843636363,4.431541672727273,bgp_route_flap,real_bgp_flap_recall_005
2026-07-21T05:39:15+00:00,station3,,0.0,0.17,3.022,0.0,231.74545454545452,1282.8,,0.0018539636363636362,0.0102624,bgp_route_flap,real_bgp_flap_recall_005
2026-07-21T05:39:30+00:00,station1,220.0,0.0,0.056,0.815,0.0,475434.0260732014,9551047.600865472,0.0,3.803472208585611,76.40838080692377,bgp_route_flap,real_bgp_flap_recall_005
2026-07-21T05:39:30+00:00,station2,,0.0,0.726,1.378,0.0,10666955.4,531970.0545454544,0.0,85.3356432,4.255760436363635,bgp_route_flap,real_bgp_flap_recall_005
2026-07-21T05:39:30+00:00,station3,,0.0,0.277,3.404,0.0,192.38181818181818,1069.2181818181818,,0.0015390545454545454,0.008553745454545455,bgp_route_flap,real_bgp_flap_recall_005
2026-07-21T05:39:45+00:00,station1,220.0,0.0,0.114,0.647,0.0,634902.0017817857,12786924.001381792,0.0,5.079216014254286,102.29539201105433,bgp_route_flap,real_bgp_flap_recall_005
2026-07-21T05:39:45+00:00,station2,,0.0,0.02,0.234,0.0,11670368.636363635,580700.8,0.0,93.36294909090908,4.6456064,bgp_route_flap,real_bgp_flap_recall_005
2026-07-21T05:39:45+00:00,station3,,0.0,0.029,0.265,0.0,231.74545454545452,1283.6181818181817,,0.0018539636363636362,0.010268945454545453,bgp_route_flap,real_bgp_flap_recall_005
2026-07-21T05:40:00+00:00,station1,220.0,0.0,0.029,0.292,0.0,441300.91456208297,8866323.533155149,0.0,3.530407316496664,70.93058826524118,bgp_route_flap,real_bgp_flap_recall_005
2026-07-21T05:40:00+00:00,station2,,0.0,1215.278,2142.625,0.0,8866261.163636362,443030.9272727272,0.0,70.9300893090909,3.5442474181818175,bgp_route_flap,real_bgp_flap_recall_005
2026-07-21T05:40:00+00:00,station3,,0.0,1216.248,2128.87,0.0,187.58181818181816,1068.890909090909,,0.0015006545454545454,0.008551127272727272,bgp_route_flap,real_bgp_flap_recall_005
2026-07-21T05:40:15+00:00,station1,220.0,0.0,0.0,5075.641,90.0,554208.5636363636,11102870.963636363,0.0,4.433668509090909,88.8229677090909,bgp_route_flap,real_bgp_flap_recall_006
2026-07-21T05:40:15+00:00,station2,,0.0,0.0,5072.469,90.0,11101085.327272726,555828.3272727273,0.0,88.8086826181818,4.446626618181818,bgp_route_flap,real_bgp_flap_recall_006
2026-07-21T05:40:15+00:00,station3,,0.0,1216.248,2128.87,100.0,231.74545454545452,1285.2727272727273,,0.0018539636363636362,0.010282181818181819,bgp_route_flap,real_bgp_flap_recall_006
2026-07-21T05:40:30+00:00,station1,223.0,0.0,430.65,699.02,0.0,444238.9316169385,8868307.969235804,0.0,3.553911452935508,70.94646375388643,bgp_route_flap,real_bgp_flap_recall_006
2026-07-21T05:40:30+00:00,station2,,0.0,422.395,705.769,0.0,8866964.6,445899.0727272727,0.0,70.9357168,3.5671925818181816,bgp_route_flap,real_bgp_flap_recall_006
2026-07-21T05:40:30+00:00,station3,,0.0,426.822,697.213,0.0,193.43636363636364,1075.6363636363635,,0.001547490909090909,0.008605090909090908,bgp_route_flap,real_bgp_flap_recall_006
2026-07-21T05:40:45+00:00,station1,224.0,0.0,2907.331,4414.405,0.0,587460.0545454546,11715998.054545455,0.0,4.699680436363637,93.72798443636364,bgp_route_flap,real_bgp_flap_recall_006
2026-07-21T05:40:45+00:00,station2,,0.0,0.0,2.601,90.0,12832094.563636363,644536.7454545455,0.0,102.6567565090909,5.156293963636364,bgp_route_flap,real_bgp_flap_recall_006
2026-07-21T05:40:45+00:00,station3,,0.0,2903.676,4389.057,100.0,230.79999999999998,1298.6,,0.0018463999999999998,0.0103888,bgp_route_flap,real_bgp_flap_recall_006
2026-07-21T05:41:00+00:00,station1,224.0,0.0,2907.331,4414.405,100.0,532542.7090909091,10634899.09090909,0.0,4.2603416727272725,85.07919272727271,bgp_route_flap,real_bgp_flap_recall_006
2026-07-21T05:41:00+00:00,station2,,0.0,0.034,0.202,0.0,9516088.69090909,477501.3636363636,0.0,76.12870952727272,3.8200109090909087,bgp_route_flap,real_bgp_flap_recall_006
2026-07-21T05:41:00+00:00,station3,,0.0,0.018,0.274,0.0,203.94545454545454,1077.3272727272727,,0.0016315636363636362,0.008618618181818182,bgp_route_flap,real_bgp_flap_recall_006
2026-07-21T05:41:15+00:00,station1,224.0,0.0,0.016,0.306,0.0,445119.2909090909,8868392.854545454,0.0,3.5609543272727273,70.94714283636362,bgp_route_flap,real_bgp_flap_recall_006
2026-07-21T05:41:15+00:00,station2,,0.0,0.524,2.398,0.0,8866433.436363636,446037.18181818177,0.0,70.93146749090909,3.568297454545454,bgp_route_flap,real_bgp_flap_recall_006
2026-07-21T05:41:15+00:00,station3,,0.0,1216.608,2128.737,0.0,237.8181818181818,1297.290909090909,,0.0019025454545454545,0.010378327272727273,bgp_route_flap,real_bgp_flap_recall_006
2026-07-21T05:41:30+00:00,station1,224.0,0.0,0.279,2.446,0.0,332842.0727272727,6634419.290909091,0.0,2.6627365818181814,53.07535432727273,bgp_route_flap,real_bgp_flap_recall_006
2026-07-21T05:41:30+00:00,station2,,0.0,0.493,2.472,0.0,6633241.945454544,333812.7272727273,0.0,53.06593556363636,2.6705018181818185,bgp_route_flap,real_bgp_flap_recall_006
2026-07-21T05:41:30+00:00,station3,,0.0,1447.789,2962.487,0.0,190.74545454545452,1076.290909090909,,0.0015259636363636362,0.008610327272727272,bgp_route_flap,real_bgp_flap_recall_006
2026-07-21T05:41:45+00:00,station1,224.0,0.0,0.426,2.264,0.0,444301.14545454545,8869528.399999999,0.0,3.5544091636363637,70.95622719999999,bgp_route_flap,real_bgp_flap_recall_006
2026-07-21T05:41:45+00:00,station2,,0.0,0.394,2.157,0.0,8867394.527272727,445426.7454545454,0.0,70.93915621818182,3.5634139636363633,bgp_route_flap,real_bgp_flap_recall_006
2026-07-21T05:41:45+00:00,station3,,0.0,1447.789,2962.487,100.0,225.8181818181818,1283.090909090909,,0.0018065454545454546,0.010264727272727273,bgp_route_flap,real_bgp_flap_recall_006
2026-07-21T05:42:00+00:00,station1,224.0,0.0,0.368,2.143,0.0,470754.67272727273,9405797.309090909,0.0,3.766037381818182,75.24637847272727,bgp_route_flap,real_bgp_flap_recall_006
2026-07-21T05:42:00+00:00,station2,,0.0,0.423,2.28,0.0,10521459.163636362,527415.5818181818,0.0,84.17167330909089,4.219324654545455,bgp_route_flap,real_bgp_flap_recall_006
2026-07-21T05:42:00+00:00,station3,,0.0,1443.46,2961.507,0.0,183.83636363636364,1071.7636363636364,,0.001470690909090909,0.008574109090909091,bgp_route_flap,real_bgp_flap_recall_006
2026-07-21T05:42:15+00:00,station1,224.0,0.0,0.759,1.725,0.0,646201.0690714715,12941636.588425664,0.0,5.169608552571772,103.53309270740532,bgp_route_flap,real_bgp_flap_recall_006
2026-07-21T05:42:15+00:00,station2,,0.0,0.033,0.244,0.0,11824028.272727272,591884.7454545455,0.0,94.59222618181818,4.735077963636364,bgp_route_flap,real_bgp_flap_recall_006
2026-07-21T05:42:15+00:00,station3,,0.0,0.004,0.311,0.0,230.65454545454543,1283.0,,0.0018452363636363635,0.010264,bgp_route_flap,real_bgp_flap_recall_006
2026-07-21T05:42:30+00:00,station1,224.0,0.0,0.032,0.24,0.0,443793.8545454545,8870372.2,0.0,3.550350836363636,70.96297759999999,bgp_route_flap,real_bgp_flap_recall_006
2026-07-21T05:42:30+00:00,station2,,0.0,0.158,0.911,0.0,8868645.254545454,444555.5272727272,0.0,70.94916203636363,3.556444218181818,bgp_route_flap,real_bgp_flap_recall_006
2026-07-21T05:42:30+00:00,station3,,0.0,0.897,4.255,0.0,196.1272727272727,1070.0545454545454,,0.0015690181818181815,0.008560436363636363,bgp_route_flap,real_bgp_flap_recall_006
2026-07-21T05:42:45+00:00,station1,224.0,0.0,0.314,0.992,0.0,554053.0717623315,11103321.339612007,0.0,4.432424574098652,88.82657071689606,bgp_route_flap,real_bgp_flap_recall_006
2026-07-21T05:42:45+00:00,station2,,0.0,0.337,1.13,0.0,11101294.709090909,554863.2181818181,0.0,88.81035767272728,4.438905745454545,bgp_route_flap,real_bgp_flap_recall_006
2026-07-21T05:42:45+00:00,station3,,0.0,1.159,3.929,0.0,243.59999999999997,1283.6,,0.0019487999999999997,0.0102688,bgp_route_flap,real_bgp_flap_recall_006
2026-07-21T05:43:00+00:00,station1,224.0,0.0,1.173,1.573,0.0,441463.0727272727,8867069.145454545,0.0,3.5317045818181816,70.93655316363636,bgp_route_flap,real_bgp_flap_recall_006
2026-07-21T05:43:00+00:00,station2,,0.0,0.039,0.969,0.0,8865492.072727272,441974.16363636364,0.0,70.92393658181818,3.5357933090909093,bgp_route_flap,real_bgp_flap_recall_006
2026-07-21T05:43:00+00:00,station3,,0.0,1.526,3.445,0.0,190.85454545454544,1065.6363636363635,,0.0015268363636363636,0.008525090909090908,bgp_route_flap,real_bgp_flap_recall_006
2026-07-21T05:43:15+00:00,station1,227.0,0.0,0.183,0.85,0.0,574908.8363636363,11563731.727272727,0.0,4.599270690909091,92.50985381818181,bgp_route_flap,real_bgp_flap_recall_006
2026-07-21T05:43:15+00:00,station2,,0.0,0.62,1.36,0.0,12678317.945454543,631406.3272727273,0.0,101.42654356363634,5.051250618181818,bgp_route_flap,real_bgp_flap_recall_006
2026-07-21T05:43:15+00:00,station3,,0.0,0.71,3.797,0.0,236.07272727272726,1286.4363636363635,,0.0018885818181818182,0.010291490909090907,bgp_route_flap,real_bgp_flap_recall_006
2026-07-21T05:43:30+00:00,station1,227.0,0.0,0.074,0.783,0.0,534542.2363636363,10774775.69090909,0.0,4.27633789090909,86.19820552727272,bgp_route_flap,real_bgp_flap_recall_006
2026-07-21T05:43:30+00:00,station2,,0.0,0.011,0.324,0.0,9655888.127272727,480177.7454545454,0.0,77.24710501818181,3.8414219636363636,bgp_route_flap,real_bgp_flap_recall_006
2026-07-21T05:43:30+00:00,station3,,0.0,0.015,0.233,0.0,197.8,1073.8727272727272,,0.0015824,0.008590981818181817,bgp_route_flap,real_bgp_flap_recall_006
2026-07-21T05:43:45+00:00,station1,228.0,0.0,0.326,2.234,0.0,552488.7090909091,11104012.618181817,0.0,4.419909672727273,88.83210094545454,bgp_route_flap,real_bgp_flap_recall_006
2026-07-21T05:43:45+00:00,station2,,0.0,1.114,3.477,0.0,11100508.709090909,554058.0545454544,0.0,88.80406967272727,4.432464436363635,bgp_route_flap,real_bgp_flap_recall_006
2026-07-21T05:43:45+00:00,station3,,0.0,1743.474,3276.392,0.0,235.09090909090907,1292.381818181818,,0.0018807272727272724,0.010339054545454545,bgp_route_flap,real_bgp_flap_recall_006
2026-07-21T05:44:00+00:00,station1,228.0,0.0,0.473,2.577,0.0,442671.5636363636,8870092.236363636,0.0,3.541372509090909,70.96073789090909,bgp_route_flap,real_bgp_flap_recall_006
2026-07-21T05:44:00+00:00,station2,,0.0,0.315,2.291,0.0,8870764.727272727,444183.5636363636,0.0,70.96611781818181,3.5534685090909086,bgp_route_flap,real_bgp_flap_recall_006
2026-07-21T05:44:00+00:00,station3,,0.0,1743.474,3276.392,100.0,181.76363636363632,1072.0545454545454,,0.0014541090909090907,0.008576436363636364,bgp_route_flap,real_bgp_flap_recall_006
2026-07-21T05:44:15+00:00,station1,228.0,0.0,0.183,2.239,0.0,555189.2943508064,11106220.222185858,0.0,4.4415143548064515,88.84976177748686,bgp_route_flap,real_bgp_flap_recall_006
2026-07-21T05:44:15+00:00,station2,,0.0,0.205,2.531,0.0,11104967.327272726,556989.0909090909,0.0,88.83973861818181,4.455912727272728,bgp_route_flap,real_bgp_flap_recall_006
2026-07-21T05:44:15+00:00,station3,,0.0,829.672,1131.082,0.0,237.3090909090909,1291.0181818181816,,0.0018984727272727273,0.010328145454545452,bgp_route_flap,real_bgp_flap_recall_006
2026-07-21T05:44:30+00:00,station1,228.0,0.0,0.166,2.672,0.0,558322.0058546519,11170546.50084547,0.0,4.466576046837215,89.36437200676376,bgp_route_flap,real_bgp_flap_recall_006
2026-07-21T05:44:30+00:00,station2,,0.0,0.604,2.156,0.0,11168715.581818182,559206.509090909,0.0,89.34972465454545,4.473652072727273,bgp_route_flap,real_bgp_flap_recall_006
2026-07-21T05:44:30+00:00,station3,,0.0,478.247,465.952,0.0,198.9272727272727,1075.0727272727272,,0.0015914181818181816,0.008600581818181817,bgp_route_flap,real_bgp_flap_recall_006
2026-07-21T05:44:45+00:00,station1,228.0,0.0,0.035,0.29,0.0,555723.7222494954,11103487.317951236,0.0,4.445789777995963,88.82789854360989,bgp_route_flap,real_bgp_flap_recall_006
2026-07-21T05:44:45+00:00,station2,,0.0,0.438,2.224,0.0,11103793.509090908,557115.9090909091,0.0,88.83034807272726,4.456927272727272,bgp_route_flap,real_bgp_flap_recall_006
2026-07-21T05:44:45+00:00,station3,,0.0,1402.385,1994.887,0.0,240.47272727272727,1291.290909090909,,0.0019237818181818181,0.010330327272727272,bgp_route_flap,real_bgp_flap_recall_006
2026-07-21T05:45:00+00:00,station1,228.0,0.0,0.178,2.377,0.0,443860.70655830106,8870614.374806816,0.0,3.5508856524664085,70.96491499845453,bgp_route_flap,real_bgp_flap_recall_006
2026-07-21T05:45:00+00:00,station2,,0.0,0.391,2.016,0.0,8868975.272727272,445106.5272727272,0.0,70.95180218181817,3.5608522181818176,bgp_route_flap,real_bgp_flap_recall_006
2026-07-21T05:45:00+00:00,station3,,0.0,1400.52,1979.413,0.0,200.05454545454543,1069.4727272727273,,0.0016004363636363634,0.008555781818181818,bgp_route_flap,real_bgp_flap_recall_006
2026-07-21T05:45:15+00:00,station1,228.0,0.0,0.446,2.167,0.0,555708.0128729613,11104889.397989055,0.0,4.445664102983691,88.83911518391244,bgp_route_flap,real_bgp_flap_recall_006
2026-07-21T05:45:15+00:00,station2,,0.0,0.256,2.414,0.0,11103895.07272727,556859.0545454544,0.0,88.83116058181817,4.454872436363636,bgp_route_flap,real_bgp_flap_recall_006
2026-07-21T05:45:15+00:00,station3,,0.0,1443.559,2962.238,0.0,230.7272727272727,1290.0545454545454,,0.0018458181818181815,0.010320436363636363,bgp_route_flap,real_bgp_flap_recall_006
2026-07-21T05:45:30+00:00,station1,228.0,0.0,0.528,1.477,0.0,460413.1924874093,9196356.848057307,0.0,3.6833055398992745,73.57085478445846,bgp_route_flap,real_bgp_flap_recall_006
2026-07-21T05:45:30+00:00,station2,,0.0,0.597,2.747,0.0,10312266.709090909,517365.6727272727,0.0,82.49813367272728,4.138925381818181,bgp_route_flap,real_bgp_flap_recall_006
2026-07-21T05:45:30+00:00,station3,,0.0,1453.58,2005.654,0.0,192.49090909090907,1074.1090909090908,,0.0015399272727272726,0.008592872727272726,bgp_route_flap,real_bgp_flap_recall_006
2026-07-21T05:45:45+00:00,station1,231.0,0.0,0.017,2.428,0.0,657312.9454545454,13151784.781818181,0.0,5.2585035636363635,105.21427825454545,bgp_route_flap,real_bgp_flap_recall_006
2026-07-21T05:45:45+00:00,station2,,0.0,0.025,0.279,0.0,12033752.745454544,602778.8363636363,0.0,96.27002196363635,4.82223069090909,bgp_route_flap,real_bgp_flap_recall_006
2026-07-21T05:45:45+00:00,station3,,0.0,0.05,0.256,0.0,242.7272727272727,1288.581818181818,,0.0019418181818181815,0.010308654545454545,bgp_route_flap,real_bgp_flap_recall_006
2026-07-21T05:46:00+00:00,station1,231.0,0.0,0.021,0.236,0.0,443688.2909090909,8858167.945454545,0.0,3.549506327272727,70.86534356363636,bgp_route_flap,real_bgp_flap_recall_006
2026-07-21T05:46:00+00:00,station2,,0.0,836.098,1127.453,0.0,8854465.163636362,444721.61818181816,0.0,70.8357213090909,3.5577729454545453,bgp_route_flap,real_bgp_flap_recall_006
2026-07-21T05:46:00+00:00,station3,,0.0,828.916,1131.416,0.0,205.2181818181818,1073.9636363636362,,0.0016417454545454542,0.008591709090909089,bgp_route_flap,real_bgp_flap_recall_006
2026-07-21T05:46:15+00:00,station1,231.0,0.0,1665.944,2291.546,40.0,555209.3674430444,11090811.523845889,0.0,4.441674939544355,88.7264921907671,bgp_route_flap,real_bgp_flap_recall_006
2026-07-21T05:46:15+00:00,station2,,0.0,1665.954,2348.702,40.0,11089077.181818182,556513.2363636363,0.0,88.71261745454545,4.452105890909091,bgp_route_flap,real_bgp_flap_recall_006
2026-07-21T05:46:15+00:00,station3,,0.0,2612.844,4219.319,0.0,245.16363636363633,1296.0545454545454,,0.0019613090909090906,0.010368436363636364,bgp_route_flap,real_bgp_flap_recall_006
2026-07-21T05:46:30+00:00,station1,231.0,0.0,1665.944,2291.546,40.0,443515.6269886002,8856275.976800421,0.0,3.5481250159088016,70.85020781440338,bgp_route_flap,real_bgp_flap_recall_006
2026-07-21T05:46:30+00:00,station2,,0.0,0.0,6652.564,90.0,8854506.236363636,444510.14545454545,0.0,70.8360498909091,3.5560811636363634,bgp_route_flap,real_bgp_flap_recall_006
2026-07-21T05:46:30+00:00,station3,,0.0,1447.04,2950.5,0.0,206.23636363636362,1080.3999999999999,,0.0016498909090909089,0.008643199999999998,bgp_route_flap,real_bgp_flap_recall_006
2026-07-21T05:46:45+00:00,station1,232.0,0.0,1445.917,2929.577,0.0,567489.9365466082,11344239.141106524,0.0,4.539919492372865,90.75391312885219,bgp_route_flap,real_bgp_flap_recall_006
2026-07-21T05:46:45+00:00,station2,,0.0,1217.511,2131.041,0.0,12459687.218181817,624556.0181818181,0.0,99.67749774545453,4.996448145454544,bgp_route_flap,real_bgp_flap_recall_006
2026-07-21T05:46:45+00:00,station3,,0.0,1214.906,2137.931,0.0,242.76363636363632,1296.9818181818182,,0.0019421090909090906,0.010375854545454546,bgp_route_flap,real_bgp_flap_recall_006
2026-07-21T05:47:00+00:00,station1,232.0,0.0,1216.187,2139.665,0.0,549569.8181818181,11004566.4,0.0,4.396558545454545,88.0365312,bgp_route_flap,real_bgp_flap_recall_006
2026-07-21T05:47:00+00:00,station2,,0.0,0.037,0.205,0.0,9886365.054545455,494738.72727272724,0.0,79.09092043636363,3.9579098181818178,bgp_route_flap,real_bgp_flap_recall_006
2026-07-21T05:47:00+00:00,station3,,0.0,0.003,0.262,0.0,200.1272727272727,1076.290909090909,,0.0016010181818181817,0.008610327272727272,bgp_route_flap,real_bgp_flap_recall_006
2026-07-21T05:47:15+00:00,station1,232.0,0.0,0.024,0.28,0.0,443924.7581642301,8871036.057167793,0.0,3.551398065313841,70.96828845734234,bgp_route_flap,real_bgp_flap_recall_006
2026-07-21T05:47:15+00:00,station2,,0.0,0.637,2.465,0.0,8867498.49090909,445136.8181818182,0.0,70.93998792727272,3.5610945454545453,bgp_route_flap,real_bgp_flap_recall_006
2026-07-21T05:47:15+00:00,station3,,0.0,0.029,0.298,0.0,241.34545454545454,1289.2545454545455,,0.0019307636363636363,0.010314036363636364,bgp_route_flap,real_bgp_flap_recall_006
2026-07-21T05:47:30+00:00,station1,232.0,0.0,0.103,2.053,0.0,332371.3818181818,6636375.418181818,0.0,2.658971054545454,53.091003345454546,bgp_route_flap,real_bgp_flap_recall_006
2026-07-21T05:47:30+00:00,station2,,0.0,0.485,1.746,0.0,6633790.527272727,333616.14545454545,0.0,53.07032421818182,2.6689291636363635,bgp_route_flap,real_bgp_flap_recall_006
2026-07-21T05:47:30+00:00,station3,,0.0,0.0,1.199,90.0,197.2181818181818,1070.1999999999998,,0.0015777454545454544,0.008561599999999999,bgp_route_flap,real_bgp_flap_recall_006
2026-07-21T05:47:45+00:00,station1,232.0,0.0,0.328,1.696,0.0,444620.3203694613,8869397.66177567,0.0,3.5569625629556905,70.95518129420535,bgp_route_flap,real_bgp_flap_recall_006
2026-07-21T05:47:45+00:00,station2,,0.0,0.25,1.654,0.0,8866922.745454544,445949.309090909,0.0,70.93538196363636,3.567594472727272,bgp_route_flap,real_bgp_flap_recall_006
2026-07-21T05:47:45+00:00,station3,,0.0,1411.143,2008.947,0.0,231.74545454545452,1282.7454545454543,,0.0018539636363636362,0.010261963636363634,bgp_route_flap,real_bgp_flap_recall_006
2026-07-21T05:48:00+00:00,station1,232.0,0.0,0.175,2.184,0.0,453218.5999999999,9035254.618181817,0.0,3.6257487999999993,72.28203694545454,bgp_route_flap,real_bgp_flap_recall_006
2026-07-21T05:48:00+00:00,station2,,0.0,0.192,1.853,0.0,10151224.109090907,510199.07272727264,0.0,81.20979287272726,4.081592581818181,bgp_route_flap,real_bgp_flap_recall_006
2026-07-21T05:48:00+00:00,station3,,0.0,1411.143,2008.947,100.0,181.65454545454543,1073.581818181818,,0.0014532363636363633,0.008588654545454545,bgp_route_flap,real_bgp_flap_recall_006
2026-07-21T05:48:15+00:00,station1,232.0,0.0,1.182,2.498,0.0,666250.1681848761,13309094.819905818,0.0,5.330001345479009,106.47275855924654,bgp_route_flap,real_bgp_flap_recall_006
2026-07-21T05:48:15+00:00,station2,,0.0,0.054,0.219,0.0,12191355.436363636,611788.0909090909,0.0,97.53084349090908,4.894304727272727,bgp_route_flap,real_bgp_flap_recall_006
2026-07-21T05:48:15+00:00,station3,,0.0,0.027,0.267,0.0,233.9272727272727,1283.6363636363635,,0.0018714181818181817,0.010269090909090908,bgp_route_flap,real_bgp_flap_recall_006
2026-07-21T05:48:30+00:00,station1,235.0,0.0,0.021,0.295,0.0,457014.70909090905,9105056.309090909,0.0,3.656117672727272,72.84045047272727,bgp_route_flap,real_bgp_flap_recall_006
2026-07-21T05:48:30+00:00,station2,,0.0,1444.999,2964.836,0.0,9104927.036363635,457886.16363636364,0.0,72.83941629090909,3.663089309090909,bgp_route_flap,real_bgp_flap_recall_006
2026-07-21T05:48:30+00:00,station3,,0.0,835.464,3973.395,40.0,189.69090909090906,1074.4545454545453,,0.0015175272727272725,0.008595636363636363,bgp_route_flap,real_bgp_flap_recall_006
2026-07-21T05:48:45+00:00,station1,239.0,0.0,1443.086,3013.933,0.0,568479.6363636364,11340835.29090909,0.0,4.54783709090909,90.72668232727271,bgp_route_flap,real_bgp_flap_recall_006
2026-07-21T05:48:45+00:00,station2,,0.0,1444.29,3006.31,0.0,11340336.236363636,569635.8363636363,0.0,90.7226898909091,4.557086690909091,bgp_route_flap,real_bgp_flap_recall_006
2026-07-21T05:48:45+00:00,station3,,0.0,1450.331,2991.611,0.0,237.23636363636362,1288.2363636363634,,0.001897890909090909,0.010305890909090907,bgp_route_flap,real_bgp_flap_recall_006
2026-07-21T05:49:00+00:00,station1,239.0,0.0,1423.93,1988.091,0.0,456357.7818181818,9106434.6,0.0,3.6508622545454545,72.8514768,bgp_route_flap,real_bgp_flap_recall_006
2026-07-21T05:49:00+00:00,station2,,0.0,1425.245,1982.53,0.0,9105154.4,457233.2909090909,0.0,72.8412352,3.657866327272727,bgp_route_flap,real_bgp_flap_recall_006
2026-07-21T05:49:00+00:00,station3,,0.0,1445.795,2970.674,0.0,198.49090909090907,1068.490909090909,,0.0015879272727272727,0.008547927272727273,bgp_route_flap,real_bgp_flap_recall_006
2026-07-21T05:49:15+00:00,station1,245.0,0.0,0.0,2474.6,90.0,572944.6353570066,11437390.952562775,0.0,4.583557082856053,91.49912762050221,bgp_route_flap,real_bgp_flap_recall_006
2026-07-21T05:49:15+00:00,station2,,0.0,1425.245,1982.53,100.0,12552482.272727272,629479.0727272726,0.0,100.41985818181817,5.035832581818181,bgp_route_flap,real_bgp_flap_recall_006
2026-07-21T05:49:15+00:00,station3,,0.0,1445.795,2970.674,100.0,226.6181818181818,1316.9818181818182,,0.0018129454545454543,0.010535854545454545,bgp_route_flap,real_bgp_flap_recall_006
2026-07-21T05:49:30+00:00,station1,245.0,0.0,2344.846,5272.302,11.11111111111111,545734.6727272726,10917189.38181818,0.0,4.365877381818181,87.33751505454545,bgp_route_flap,real_bgp_flap_recall_006
2026-07-21T05:49:30+00:00,station2,,0.0,0.043,0.218,0.0,9799170.09090909,490841.0181818182,0.0,78.39336072727272,3.9267281454545455,bgp_route_flap,real_bgp_flap_recall_006
2026-07-21T05:49:30+00:00,station3,,0.0,0.033,0.223,0.0,202.89090909090908,1101.6,,0.0016231272727272727,0.008812799999999999,bgp_route_flap,real_bgp_flap_recall_006
2026-07-21T05:49:45+00:00,station1,249.0,0.0,0.018,0.297,0.0,456370.4545454545,9109728.054545455,0.0,3.650963636363636,72.87782443636364,bgp_route_flap,real_bgp_flap_recall_006
2026-07-21T05:49:45+00:00,station2,,0.0,1717.787,2529.942,0.0,9108028.49090909,457309.2909090909,0.0,72.86422792727272,3.658474327272727,bgp_route_flap,real_bgp_flap_recall_006
2026-07-21T05:49:45+00:00,station3,,0.0,1448.035,3037.047,0.0,241.4181818181818,1321.7636363636364,,0.0019313454545454546,0.010574109090909091,bgp_route_flap,real_bgp_flap_recall_006
2026-07-21T05:50:00+00:00,station1,252.0,0.0,1449.939,3038.588,0.0,344690.5272727272,6874806.49090909,0.0,2.7575242181818176,54.998451927272725,bgp_route_flap,real_bgp_flap_recall_006
2026-07-21T05:50:00+00:00,station2,,0.0,836.199,1126.73,0.0,6872171.781818181,345364.16363636364,0.0,54.97737425454545,2.762913309090909,bgp_route_flap,real_bgp_flap_recall_006
2026-07-21T05:50:00+00:00,station3,,0.0,829.999,1131.506,0.0,212.38181818181818,1098.8363636363636,,0.0016990545454545454,0.008790690909090909,bgp_route_flap,real_bgp_flap_recall_006
2026-07-21T05:50:15+00:00,station1,252.0,0.0,1322.385,2600.277,40.0,455862.3974981363,9106800.832742415,0.0,3.6468991799850907,72.85440666193932,bgp_route_flap,real_bgp_flap_recall_006
2026-07-21T05:50:15+00:00,station2,,0.0,2941.462,5384.105,0.0,9105315.109090907,457051.0363636363,0.0,72.84252087272726,3.6564082909090905,bgp_route_flap,real_bgp_flap_recall_006
2026-07-21T05:50:15+00:00,station3,,0.0,2939.505,5395.915,0.0,248.29090909090908,1295.4,,0.0019863272727272726,0.010363200000000001,bgp_route_flap,real_bgp_flap_recall_006
2026-07-21T05:50:30+00:00,station1,252.0,0.0,2941.072,5360.6,0.0,468504.7909962,9360796.996309023,0.0,3.7480383279696,74.88637597047219,bgp_route_flap,real_bgp_flap_recall_006
2026-07-21T05:50:30+00:00,station2,,0.0,1386.256,1994.477,0.0,10475224.927272728,525070.8181818181,0.0,83.80179941818182,4.200566545454545,bgp_route_flap,real_bgp_flap_recall_006
2026-07-21T05:50:30+00:00,station3,,0.0,1385.284,1999.854,0.0,190.8181818181818,1074.3272727272727,,0.0015265454545454545,0.008594618181818182,bgp_route_flap,real_bgp_flap_recall_006
2026-07-21T05:50:45+00:00,station1,253.0,0.0,1139.558,1593.229,0.0,647909.4727272727,12981694.745454544,0.0,5.183275781818181,103.85355796363635,bgp_route_flap,real_bgp_flap_recall_006
2026-07-21T05:50:45+00:00,station2,,0.0,0.046,0.212,0.0,11862933.509090908,593346.1454545454,0.0,94.90346807272726,4.746769163636363,bgp_route_flap,real_bgp_flap_recall_006
2026-07-21T05:50:45+00:00,station3,,0.0,0.029,0.217,0.0,242.54545454545453,1288.2545454545455,,0.0019403636363636363,0.010306036363636363,bgp_route_flap,real_bgp_flap_recall_006
2026-07-21T05:51:00+00:00,station1,253.0,0.0,0.049,0.27,0.0,424797.0909090909,8515147.854545454,0.0,3.398376727272727,68.12118283636363,bgp_route_flap,real_bgp_flap_recall_006
2026-07-21T05:51:00+00:00,station2,,0.0,0.033,0.246,0.0,7398109.018181818,370473.8363636363,0.0,59.18487214545454,2.9637906909090903,bgp_route_flap,real_bgp_flap_recall_006
2026-07-21T05:51:00+00:00,station3,,0.0,0.049,0.296,0.0,194.67272727272726,1073.0727272727272,,0.0015573818181818181,0.008584581818181818,bgp_route_flap,real_bgp_flap_recall_006
2026-07-21T05:51:15+00:00,station1,253.0,0.0,0.138,0.885,0.0,455172.72727272724,9120282.2,0.0,3.641381818181818,72.9622576,bgp_route_flap,real_bgp_flap_recall_006
2026-07-21T05:51:15+00:00,station2,,0.0,0.152,0.846,0.0,9118009.763636362,456179.41818181815,0.0,72.9440781090909,3.6494353454545454,bgp_route_flap,real_bgp_flap_recall_006
2026-07-21T05:51:15+00:00,station3,,0.0,0.506,3.997,0.0,246.29090909090908,1285.8181818181815,,0.0019703272727272726,0.010286545454545453,bgp_route_flap,real_bgp_flap_recall_006
2026-07-21T05:51:30+00:00,station1,253.0,0.0,0.841,1.315,0.0,343034.6006291024,6889208.0765104825,0.0,2.7442768050328192,55.11366461208386,bgp_route_flap,real_bgp_flap_recall_006
2026-07-21T05:51:30+00:00,station2,,0.0,0.236,1.342,0.0,6887325.581818181,344017.54545454547,0.0,55.09860465454545,2.752140363636364,bgp_route_flap,real_bgp_flap_recall_006
2026-07-21T05:51:30+00:00,station3,,0.0,0.852,4.523,0.0,195.0,1072.0363636363636,,0.00156,0.008576290909090909,bgp_route_flap,real_bgp_flap_recall_006
2026-07-21T05:51:45+00:00,station1,253.0,0.0,0.298,0.978,0.0,474239.8363636363,9541185.49090909,0.0,3.7939186909090905,76.32948392727272,bgp_route_flap,real_bgp_flap_recall_006
2026-07-21T05:51:45+00:00,station2,,0.0,1.004,1.495,0.0,10656998.745454544,531151.3636363636,0.0,85.25598996363635,4.249210909090909,bgp_route_flap,real_bgp_flap_recall_006
2026-07-21T05:51:45+00:00,station3,,0.0,0.118,3.038,0.0,229.34545454545454,1285.8,,0.0018347636363636364,0.0102864,bgp_route_flap,real_bgp_flap_recall_006
2026-07-21T05:52:00+00:00,station1,253.0,0.0,0.315,0.97,0.0,554040.1280023273,11169595.13809342,0.0,4.432321024018618,89.35676110474735,bgp_route_flap,real_bgp_flap_recall_006
2026-07-21T05:52:00+00:00,station2,,0.0,0.821,1.393,0.0,11167165.163636362,555263.2545454545,0.0,89.3373213090909,4.442106036363636,bgp_route_flap,real_bgp_flap_recall_006
2026-07-21T05:52:00+00:00,station3,,0.0,0.848,3.885,0.0,187.36363636363635,1068.9090909090908,,0.0014989090909090907,0.008551272727272727,bgp_route_flap,real_bgp_flap_recall_006
2026-07-21T05:52:15+00:00,station1,253.0,0.0,0.028,0.271,0.0,551968.6721576756,11105287.041582575,0.0,4.415749377261405,88.8422963326606,bgp_route_flap,real_bgp_flap_recall_006
2026-07-21T05:52:15+00:00,station2,,0.0,1447.641,2950.838,0.0,11103532.963636363,553650.7272727272,0.0,88.8282637090909,4.429205818181817,bgp_route_flap,real_bgp_flap_recall_006
2026-07-21T05:52:15+00:00,station3,,0.0,1442.712,2960.516,0.0,226.07272727272726,1287.381818181818,,0.0018085818181818182,0.010299054545454545,bgp_route_flap,real_bgp_flap_recall_006
2026-07-21T05:52:30+00:00,station1,253.0,0.0,1419.374,1981.017,0.0,442200.53451629914,8869830.900132721,0.0,3.537604276130393,70.95864720106177,bgp_route_flap,real_bgp_flap_recall_006
2026-07-21T05:52:30+00:00,station2,,0.0,1420.892,1968.226,0.0,8868201.581818182,443373.7636363636,0.0,70.94561265454546,3.546990109090909,bgp_route_flap,real_bgp_flap_recall_006
2026-07-21T05:52:30+00:00,station3,,0.0,1403.235,1986.052,0.0,189.1090909090909,1071.8,,0.0015128727272727272,0.0085744,bgp_route_flap,real_bgp_flap_recall_006
2026-07-21T05:52:45+00:00,station1,253.0,0.0,1142.271,3531.901,20.0,554406.9999999999,11103313.163636362,0.0,4.435255999999999,88.82650530909089,bgp_route_flap,real_bgp_flap_recall_006
2026-07-21T05:52:45+00:00,station2,,0.0,1144.256,3524.861,20.0,11100627.254545454,555929.2545454545,0.0,88.80501803636363,4.447434036363636,bgp_route_flap,real_bgp_flap_recall_006
2026-07-21T05:52:45+00:00,station3,,0.0,1443.085,3023.549,0.0,227.38181818181818,1285.7454545454543,,0.0018190545454545453,0.010285963636363634,bgp_route_flap,real_bgp_flap_recall_006
2026-07-21T05:53:00+00:00,station1,253.0,0.0,0.0,6.389,90.0,474182.34876997763,9471213.094783543,0.0,3.793458790159821,75.76970475826835,bgp_route_flap,real_bgp_flap_recall_006
2026-07-21T05:53:00+00:00,station2,,0.0,0.0,74.812,90.0,10587039.927272728,531021.4363636363,0.0,84.69631941818182,4.24817149090909,bgp_route_flap,real_bgp_flap_recall_006
2026-07-21T05:53:00+00:00,station3,,0.0,0.0,68.931,90.0,177.29090909090908,1068.7272727272727,,0.0014183272727272727,0.008549818181818183,bgp_route_flap,real_bgp_flap_recall_006
2026-07-21T05:53:15+00:00,station1,253.0,0.0,0.0,6.389,100.0,643271.5488246096,12870415.831863718,0.0,5.146172390596877,102.96332665490975,bgp_route_flap,real_bgp_flap_recall_006
2026-07-21T05:53:15+00:00,station2,,0.0,0.02,0.225,0.0,11753071.109090907,588883.2545454545,0.0,94.02456887272726,4.711066036363636,bgp_route_flap,real_bgp_flap_recall_006
2026-07-21T05:53:15+00:00,station3,,0.0,0.022,0.323,0.0,235.0181818181818,1284.890909090909,,0.0018801454545454544,0.010279127272727272,bgp_route_flap,real_bgp_flap_recall_006
2026-07-21T05:53:30+00:00,station1,253.0,0.0,0.458,2.254,0.0,444695.64901180024,8873876.161384752,0.0,3.557565192094402,70.99100929107802,bgp_route_flap,real_bgp_flap_recall_006
2026-07-21T05:53:30+00:00,station2,,0.0,0.705,1.784,0.0,8872251.909090908,445933.0727272727,0.0,70.97801527272726,3.5674645818181814,bgp_route_flap,real_bgp_flap_recall_006
2026-07-21T05:53:30+00:00,station3,,0.0,0.046,0.296,0.0,194.56363636363633,1073.6727272727271,,0.0015565090909090908,0.008589381818181818,bgp_route_flap,real_bgp_flap_recall_006
2026-07-21T05:53:45+00:00,station1,253.0,0.0,0.109,1.967,0.0,556607.475955857,11107427.267603585,0.0,4.452859807646855,88.85941814082868,bgp_route_flap,real_bgp_flap_recall_006
2026-07-21T05:53:45+00:00,station2,,0.0,0.157,1.935,0.0,11106716.67272727,557815.2545454545,0.0,88.85373338181816,4.462522036363636,bgp_route_flap,real_bgp_flap_recall_006
2026-07-21T05:53:45+00:00,station3,,0.0,493.74,390.116,0.0,239.9272727272727,1287.9272727272726,,0.0019194181818181816,0.01030341818181818,bgp_route_flap,real_bgp_flap_recall_006
2026-07-21T05:54:00+00:00,station1,253.0,0.0,0.203,1.849,0.0,444506.0909090909,8872832.709090909,0.0,3.556048727272727,70.98266167272728,bgp_route_flap,real_bgp_flap_recall_006
2026-07-21T05:54:00+00:00,station2,,0.0,0.096,1.923,0.0,8871561.49090909,445606.18181818177,0.0,70.97249192727273,3.5648494545454543,bgp_route_flap,real_bgp_flap_recall_006
2026-07-21T05:54:00+00:00,station3,,0.0,2896.608,4429.801,0.0,207.14545454545453,1070.9090909090908,,0.0016571636363636362,0.008567272727272725,bgp_route_flap,real_bgp_flap_recall_006
2026-07-21T05:54:15+00:00,station1,253.0,0.0,0.141,2.03,0.0,582805.5601010927,11640256.73194058,0.0,4.662444480808741,93.12205385552464,bgp_route_flap,real_bgp_flap_recall_006
2026-07-21T05:54:15+00:00,station2,,0.0,0.555,2.126,0.0,12755173.0,639890.8181818181,0.0,102.041384,5.119126545454545,bgp_route_flap,real_bgp_flap_recall_006
2026-07-21T05:54:15+00:00,station3,,0.0,2896.608,4429.801,100.0,237.74545454545452,1289.0181818181816,,0.0019019636363636363,0.010312145454545453,bgp_route_flap,real_bgp_flap_recall_006
2026-07-21T05:54:30+00:00,station1,253.0,0.0,0.367,2.321,0.0,535213.4181818182,10705722.618181817,0.0,4.281707345454546,85.64578094545453,bgp_route_flap,real_bgp_flap_recall_006
2026-07-21T05:54:30+00:00,station2,,0.0,0.051,0.282,0.0,9587388.418181816,480590.10909090907,0.0,76.69910734545454,3.8447208727272724,bgp_route_flap,real_bgp_flap_recall_006
2026-07-21T05:54:30+00:00,station3,,0.0,0.03,0.25,0.0,207.5090909090909,1072.9999999999998,,0.0016600727272727271,0.008583999999999998,bgp_route_flap,real_bgp_flap_recall_006
