ts_unix,latency_gre_ms,latency_eth0_ms,jitter_gre_ms,loss_gre_pct,util_gre_mbps,net_bytes_recv_eth0,net_bytes_sent_eth0,cpu_usage_system,cpu_usage_user,mem_used_percent,bgp_flap_count,netflow_bulk_bytes,netflow_voice_bytes,ipsec_rekey_events_1h,ipsec_rekey_anomaly,htb_payload_ceil_mbps,path_asymmetry
1700430000,0.253653075074986,0.23024485366635905,0.05886401155356033,0.0,0.2480136087390341,1043926719.8836484,510132448.1451586,14.822925379787312,12.066629202304188,8.781726417776847,6515.0,0.0,0.0,49.0,1.0,34.0,0.023408221408626972
1700430001,0.2677654616839087,0.27929925847824255,0.03292085872121284,0.0,0.12409621203027454,1044168518.0664473,510308178.86189884,11.535329121197812,12.106256596962163,9.030587950630299,6515.0,0.0,0.0,52.0,1.0,34.0,0.011533796794333862
1700430002,0.2272833644821814,0.30098645577222344,0.001012187044991085,0.0,0.03454920420134386,1044377921.8689033,510377099.4822478,17.926880567570567,13.057514543302883,8.883295552833818,6515.0,0.0,0.0,54.0,1.0,34.0,0.07370309129004204
1700430003,0.30585170268986445,0.25484006724876496,0.046757425002941944,0.0,0.3139219523072342,1044515964.133527,510502782.2446208,7.282838553131404,7.103935197039098,8.866146086640198,6515.0,0.0,0.0,44.0,1.0,34.0,0.05101163544109949
1700430004,0.2574929991185655,0.3152829374602412,0.05251681409289005,0.0,0.11716902294067533,1044687615.1825285,510680397.59206015,19.605262669972852,7.160639176080671,8.714230433650103,6515.0,0.0,0.0,46.0,1.0,34.0,0.05778993834167573
1700430005,0.2686854965599392,0.30921745049196936,0.014212761003953918,0.0,0.13679941432856038,1044910939.175811,510798660.9897534,13.642161788287614,13.344082765778678,8.834944516679467,6515.0,0.0,0.0,49.0,1.0,34.0,0.040531953932030185
1700430006,0.34066444869175716,0.25641124329489556,0.04049721164419904,0.0,0.14197623089054998,1045094045.0493653,510933638.63443863,14.723388253932349,11.598773820772685,8.954250668477997,6515.0,0.0,0.0,51.0,1.0,34.0,0.0842532053968616
1700430007,0.3738425417084522,0.24933424875182492,0.019719926413610925,0.0,0.1795977389345512,1045288637.9002274,511082474.4954041,14.342970623665526,15.038559583942963,8.930576609482348,6515.0,0.0,0.0,46.0,1.0,34.0,0.1245082929566273
1700430008,0.29852223477938056,0.2757272360842451,0.03715602316063588,0.0,0.34562557263081484,1045508966.9400929,511207876.630113,15.431056940449627,12.104974356296404,9.078750465107433,6515.0,0.0,0.0,49.0,1.0,34.0,0.02279499869513546
1700430009,0.24959670629518568,0.20714709061203845,0.048671392807193875,0.0,0.20846557868985405,1045757815.3590385,511359806.25809836,11.245337779871189,18.200063238168493,8.71566120559732,6515.0,0.0,0.0,47.0,1.0,34.0,0.04244961568314723
1700430010,0.19569933718292593,0.2743891089040037,0.030691897109585312,0.0,0.23517863768819441,1045872138.4279615,511442569.14057505,9.903830890080965,10.94135857041516,8.688725066838337,6515.0,0.0,0.0,51.0,1.0,34.0,0.07868977172107777
1700430011,0.34112247211397306,0.27350214609430057,0.040708129486146424,0.0,0.16856463565532312,1046108366.654847,511604697.00392133,14.747440922844598,19.20386845663151,8.787011435006185,6515.0,0.0,0.0,48.0,1.0,34.0,0.0676203260196725
1700430012,0.3270218817673388,0.2512575904206171,0.0224377337807065,0.0,0.06919865253190839,1046285495.3772784,511727199.4471303,13.782353366128167,8.84734179295966,8.786322193969001,6515.0,0.0,0.0,46.0,1.0,34.0,0.07576429134672169
1700430013,0.2591932935998156,0.31719369360881605,0.036735859253665654,0.0,0.02,1046390096.5235208,511792123.73384875,11.269135098299039,13.28238097789606,8.815465205014341,6515.0,0.0,0.0,40.0,1.0,34.0,0.058000400009000475
1700430014,0.2331680683698752,0.3070507927965271,0.011883185662498484,0.0,0.23056486383701882,1046491753.377304,511986095.46613604,16.24508224473908,11.085748522693963,8.933491666254254,6515.0,0.0,0.0,52.0,1.0,34.0,0.07388272442665189
1700430015,0.35758477450511583,0.2636953693892567,0.036781823498305936,0.0,0.19948297474254534,1046600316.8526657,512049775.40192074,11.764190734664993,6.787198120525096,8.935917377387069,6515.0,0.0,0.0,45.0,1.0,34.0,0.09388940511585914
1700430016,0.26597752939357516,0.33019176033793673,0.014821834794741529,0.0,0.18960480259921716,1046848438.4966148,512158679.3536894,8.457653914334218,18.88605243407794,8.628639055599589,6515.0,0.0,0.0,48.0,1.0,34.0,0.06421423094436157
1700430017,0.32431013025685507,0.3149182906659905,0.021087877070400357,0.0,0.231691707204345,1046995042.5455915,512220915.4164952,9.198394726940137,14.140692834306966,8.890015884291143,6515.0,0.0,0.0,44.0,1.0,34.0,0.009391839590864592
1700430018,0.3823280729608643,0.32604415511751,0.0335143442458442,0.0,0.09535458349987391,1047142921.041521,512388628.38704866,15.982036039498274,14.651896299531991,8.788690759989734,6515.0,0.0,0.0,41.0,1.0,34.0,0.05628391784335429
1700430019,0.3098040049316467,0.30288906519680914,0.024514426933657272,0.0,0.20040394300275335,1047279047.2831438,512525723.2889558,17.752043104738064,13.250457483125441,9.01720677917073,6515.0,0.0,0.0,51.0,1.0,34.0,0.0069149397348375885
1700430020,0.3119005274981302,0.2815362566404951,0.030790992738523728,0.0,0.23705982017407745,1047466674.27834,512649795.72961175,7.799509658364475,14.710096800641459,8.80473528527444,6515.0,0.0,0.0,52.0,1.0,34.0,0.0303642708576351
1700430021,0.3588146631516442,0.22650514270362768,0.03741551946705,0.0,0.15505152112740278,1047622467.4649498,512774616.44737595,16.6694719395332,14.729953133633005,8.730615659227144,6515.0,0.0,0.0,50.0,1.0,34.0,0.1323095204480165
1700430022,0.2844883283605359,0.2905418624773156,0.02549046251448324,0.0,0.1933732602437095,1047782366.0447261,512846457.6895881,16.070393510706282,6.762203462976934,8.979742713718515,6515.0,0.0,0.0,54.0,1.0,34.0,0.006053534116779724
1700430023,0.29151598706973764,0.34792836249829695,0.011438763038638906,0.0,0.023619887368880904,1047994199.4496528,512911286.20888746,17.439965465817803,17.48935413281842,8.831887422781818,6515.0,0.0,0.0,45.0,1.0,34.0,0.056412375428559314
1700430024,0.31428790152407404,0.2786440538932568,0.04624284894712225,0.0,0.22535659607155148,1048082391.9980643,513011661.10217315,12.637011624324492,10.33911340758124,9.177465537305721,6515.0,0.0,0.0,41.0,1.0,34.0,0.03564384763081724
1700430025,0.3238778700342151,0.24549758874537822,0.018192378597961644,0.0,0.23617942735305886,1048197575.71805,513070148.96147233,12.895316933261377,7.644785263215625,8.724188693816515,6515.0,0.0,0.0,41.0,1.0,34.0,0.07838028128883687
1700430026,0.29563655521496685,0.2877944985312293,0.07724562323205844,0.0,0.1727075379082153,1048312203.7115804,513203682.4331201,16.169808463551544,18.82528529734762,9.009736790623785,6515.0,0.0,0.0,45.0,1.0,34.0,0.007842056683737553
1700430027,0.24779816009980293,0.305843885965469,0.03262905054849768,0.0,0.23416860533618603,1048414520.1520143,513284234.9118655,13.435595493453484,15.854773584485493,8.625038578933069,6515.0,0.0,0.0,44.0,1.0,34.0,0.05804572586566609
1700430028,0.2692211623570899,0.2620195093069015,0.05019937465781511,0.0,0.20067363433987365,1048521509.9630198,513397094.14892834,11.254972396650572,12.427125149502164,8.79594912844231,6515.0,0.0,0.0,54.0,1.0,34.0,0.007201653050188439
1700430029,0.29869599380128775,0.278568243852533,0.08153355128575518,0.0,0.13313867981555172,1048657795.8162884,513495829.5244785,7.715332852324041,13.020272293995761,8.900769553161288,6515.0,0.0,0.0,54.0,1.0,34.0,0.02012774994875477
1700430030,0.26588421673777957,0.3055763171524654,0.02465694362139227,0.0,0.21239425538451967,1048868334.6297419,513597069.49797505,17.358436091034516,13.724530470598205,8.7694842417274,6515.0,0.0,0.0,53.0,1.0,34.0,0.03969210041468585
1700430031,0.31478062102320903,0.26659906724070365,0.01728047377040753,0.0,0.18303792185696754,1049102797.2030168,513767611.60850835,14.4228175664102,18.139970068089895,8.750262708820644,6515.0,0.0,0.0,41.0,1.0,34.0,0.04818155378250538
1700430032,0.25919763219683695,0.2977335527729331,0.04747543829613461,0.0,0.17511079765932874,1049191834.4040271,513913337.5210859,8.312456317825948,18.269447429672308,8.882791123832963,6515.0,0.0,0.0,50.0,1.0,34.0,0.03853592057609617
1700430033,0.3069373242573323,0.3325741554215079,0.03126452498793256,0.0,0.2270381817011572,1049369913.3702652,514100278.4173924,8.219690855732484,6.87639823647613,8.957305361230421,6515.0,0.0,0.0,53.0,1.0,34.0,0.025636831164175644
1700430034,0.3343639454391056,0.32446092469622984,0.04545114640974118,0.0,0.1821823663334819,1049484368.2869173,514216396.5454422,19.15228401462793,9.915148328770172,8.994624542438185,6515.0,0.0,0.0,51.0,1.0,34.0,0.009903020742875746
1700430035,0.30435419887038867,0.29063452226097963,0.010351291954384573,0.0,0.25386188868589155,1049630243.2931575,514266729.62000185,16.249608468629056,10.479640111563988,8.7993742276577,6515.0,0.0,0.0,51.0,1.0,34.0,0.013719676609409037
1700430036,0.3112000040591683,0.3610925495540602,0.03369612397518032,0.0,0.16417467553349843,1049763025.2250216,514401437.70042855,18.03480901351692,15.665659027245034,8.734024586602276,6515.0,0.0,0.0,46.0,1.0,34.0,0.049892545494891916
1700430037,0.3228181429537029,0.27332245812837036,0.0116304697517772,0.0,0.14440058923631172,1049992431.0194293,514485361.881456,19.159336579471994,15.03201327819789,8.784772289292318,6515.0,0.0,0.0,52.0,1.0,34.0,0.049495684825332564
1700430038,0.25627799440603627,0.3093363185563211,0.02689498725081305,0.0,0.19974903703297028,1050173025.4597747,514621766.4053368,18.740071017172134,13.143533562356767,8.880752015385776,6515.0,0.0,0.0,50.0,1.0,34.0,0.05305832415028483
1700430039,0.2779569476777318,0.34970417331896664,0.027894544178216508,0.0,0.25741013694679615,1050290546.4753656,514676262.3727631,10.975919161584535,8.717364236579494,8.69862110708467,6515.0,0.0,0.0,53.0,1.0,34.0,0.07174722564123481
1700430040,0.32558859247988203,0.2675913147808542,0.06871016646545597,0.0,0.11659188279673292,1050500430.3582218,514772311.3242938,15.61902147776217,4.454099156844048,8.831070063651161,6515.0,0.0,0.0,51.0,1.0,34.0,0.05799727769902785
1700430041,0.276226075502994,0.24188653007435132,0.05242329740054416,0.0,0.18753592803504002,1050746453.0173553,514948591.0481955,15.028095693759687,13.410129173415859,8.741516255291085,6515.0,0.0,0.0,42.0,1.0,34.0,0.034339545428642676
1700430042,0.2131900750322153,0.29969365403144566,0.039577868525868566,0.0,0.15595542722529473,1050906931.0119723,515060912.98126256,21.896929508720344,7.4783476064130125,8.6138086952899,6515.0,0.0,0.0,53.0,1.0,34.0,0.08650357899923036
1700430043,0.2892320453892336,0.3040959164367797,0.03801508702336591,0.0,0.17241757360273285,1051046531.5090375,515129575.16793215,14.746786058226977,11.858942941023937,8.95106424212569,6515.0,0.0,0.0,47.0,1.0,34.0,0.014863871047546107
1700430044,0.2622258294300872,0.3536249306740086,0.026202815189951552,0.0,0.25988789373846355,1051135521.3525046,515323971.9654487,13.591489143276156,2.7201919560390895,8.806437202149771,6515.0,0.0,0.0,44.0,1.0,34.0,0.09139910124392137
1700430045,0.2847239314964578,0.2511558085653942,0.05962275663494511,0.0,0.10396111879608332,1051306161.1293782,515480138.75406986,13.638542235729084,3.7592737359420916,8.8147718517326,6515.0,0.0,0.0,42.0,1.0,34.0,0.03356812293106359
1700430046,0.3756093087755649,0.262201908906369,0.00758752631034651,0.0,0.08502408957987792,1051400975.5694288,515612337.23736113,14.77824733459116,10.153315444516391,8.909982667049105,6515.0,0.0,0.0,47.0,1.0,34.0,0.1134073998691959
1700430047,0.2719307059318741,0.2579293301067605,0.040881192407183804,0.0,0.11610768354335765,1051603405.2427381,515663656.1468145,6.929425397095158,12.52381361169362,8.956963434347113,6515.0,0.0,0.0,44.0,1.0,34.0,0.014001375825113571
1700430048,0.29234321382722267,0.28733847251189304,0.021932226361679345,0.0,0.21338924278749374,1051812271.4309242,515805190.8312958,9.592962826513638,21.76940605182638,9.041786275962346,6515.0,0.0,0.0,53.0,1.0,34.0,0.0050047413153296305
1700430049,0.29309027646379354,0.32084652925505247,0.03227300391358098,0.0,0.2191793345674016,1051938570.1839424,515937882.3224857,10.430249308140697,13.268041658950784,8.637000047993793,6515.0,0.0,0.0,46.0,1.0,34.0,0.02775625279125893
1700430050,0.34653595751682703,0.33786747786631577,0.0413201172923388,0.0,0.12964068527054473,1052100816.8594656,516032484.8802422,18.964979257146176,11.911230089385205,8.892566291153168,6515.0,0.0,0.0,44.0,1.0,34.0,0.008668479650511263
1700430051,0.2456489678789512,0.26945235635785286,0.04847695273643256,0.0,0.23355206050072091,1052269050.6370944,516099595.34515846,15.849124674905784,12.805156109349015,8.994816015424501,6515.0,0.0,0.0,48.0,1.0,34.0,0.02380338847890165
1700430052,0.3193299166891382,0.2618622125592116,0.051070625174826044,0.0,0.16254621581719397,1052445735.4305304,516247605.0367482,11.97985136485411,10.18469489873886,8.926917335795267,6515.0,0.0,0.0,51.0,1.0,34.0,0.05746770412992658
1700430053,0.3621375384703451,0.2952731818997665,0.0312571707064879,0.0,0.21284890257511824,1052587353.5949577,516399047.05341834,7.550872564339581,12.727012591521998,8.792632144100299,6515.0,0.0,0.0,50.0,1.0,34.0,0.0668643565705786
1700430054,0.3015786325793872,0.2811537291218765,0.034048428419928334,0.0,0.1931887351746888,1052699207.6739821,516476723.13822216,7.506129919382001,12.775509908413088,8.730884770917974,6515.0,0.0,0.0,54.0,1.0,34.0,0.020424903457510746
1700430055,0.331365418400015,0.29330075331930755,0.040796477750350287,0.0,0.2474887548017704,1052869505.574806,516568780.5751921,13.913450810296437,12.824579942004464,8.838981717147428,6515.0,0.0,0.0,54.0,1.0,34.0,0.03806466508070744
1700430056,0.3464295772044113,0.29913551783178216,0.07153231485399242,0.0,0.10255871463351693,1053041446.4669077,516736335.38968545,7.272016758629019,17.96102951820783,8.925777938866375,6515.0,0.0,0.0,42.0,1.0,34.0,0.04729405937262915
1700430057,0.2435030611186767,0.32026460133495555,0.055586023060498535,0.0,0.03895933801275578,1053173723.0539433,516915244.0528702,13.83136429784376,15.35343697133081,8.829580508322028,6515.0,0.0,0.0,49.0,1.0,34.0,0.07676154021627885
1700430058,0.3063069466083799,0.27950335968055456,0.02670824551151805,0.0,0.2195243541914564,1053347173.2581246,517062741.19493526,3.0,4.568610469094884,8.638414472664433,6515.0,0.0,0.0,48.0,1.0,34.0,0.026803586927825362
1700430059,0.34290813130123743,0.27465145134414276,0.025705339113968405,0.0,0.13782660698564633,1053468028.4073722,517154162.31045604,17.19781904298992,8.13184950389936,8.778437785628256,6515.0,0.0,0.0,48.0,1.0,34.0,0.06825667995709467
1700430060,0.270537259763462,0.2817214684979488,0.03117807968676167,0.0,0.049145385589907664,1053680005.0350107,517283536.14790964,9.774636506146791,9.807528368151653,8.823420283602346,6515.0,0.0,0.0,53.0,1.0,34.0,0.011184208734486834
1700430061,0.25398735274892914,0.2559285565301069,0.0650248280463149,0.0,0.02,1053847461.0546607,517389456.0396134,13.96605136681354,11.692127408483111,8.95533018165451,6515.0,0.0,0.0,51.0,1.0,34.0,0.001941203781177736
1700430062,0.36099085780096185,0.28104797990575875,0.042439365693299896,0.0,0.12158592416390607,1053993885.3656368,517513231.4423599,13.644803687954488,10.368169929533966,8.90436598564564,6515.0,0.0,0.0,46.0,1.0,34.0,0.0799428778952031
1700430063,0.32608921099962873,0.3026720009218495,0.0023752551035179995,0.0,0.3131875776409224,1054115729.8246471,517610598.0116489,11.43774305917623,10.598681902592386,8.890787624217152,6515.0,0.0,0.0,45.0,1.0,34.0,0.02341721007777925
1700430064,0.31518698993124294,0.3002156236442405,0.04918003122767538,0.0,0.09482239545096634,1054318968.6234076,517785513.01321155,10.860821114905733,20.331923856252825,8.636246384305927,6515.0,0.0,0.0,40.0,1.0,34.0,0.014971366287002463
1700430065,0.32154932075353054,0.29367273215597783,0.04586545068172995,0.0,0.1660903492003355,1054422614.775898,517910164.2841509,14.345899697505084,7.750198385335414,8.656753389074296,6515.0,0.0,0.0,52.0,1.0,34.0,0.02787658859755271
1700430066,0.2539978266813992,0.2787878016918299,0.048306637345463484,0.0,0.1462166206627981,1054644350.6161339,518108088.24677426,12.081769585355845,10.38358505670829,8.875396767769868,6515.0,0.0,0.0,40.0,1.0,34.0,0.024789975010430676
1700430067,0.34116139819138613,0.2727776068282365,0.08873408541401787,0.0,0.20791548133796747,1054800060.0472047,518205107.15219426,10.4548129245422,9.689355518030576,9.1509129123845,6515.0,0.0,0.0,54.0,1.0,34.0,0.06838379136314965
1700430068,0.3252294628568968,0.26361640940639774,0.04443899032879345,0.0,0.2173698494905792,1054987954.4237531,518264044.98082995,3.7147841771189825,12.623953852013095,9.079600887374843,6515.0,0.0,0.0,41.0,1.0,34.0,0.061613053450499056
1700430069,0.26019975139249363,0.3464724466262547,0.044394329639280423,0.0,0.17766590612506772,1055212049.7795868,518392596.7116915,16.143179287784534,6.677787425906974,8.815551532772467,6515.0,0.0,0.0,41.0,1.0,34.0,0.08627269523376108
1700430070,0.3712431807041454,0.34710158861821105,0.05653534066605084,0.0,0.28489845910239947,1055364026.5910603,518475947.49094045,14.407699435111075,13.724456359952992,8.626382913878771,6515.0,0.0,0.0,41.0,1.0,34.0,0.02414159208593436
1700430071,0.2714943731984972,0.30067334013169733,0.02226608743468076,0.0,0.14162497865248058,1055483838.150593,518610548.06040543,22.082856189571835,14.82184461044842,8.948151866189917,6515.0,0.0,0.0,42.0,1.0,34.0,0.029178966933200157
1700430072,0.2706986249129432,0.2696692268765661,0.05270373640589024,0.0,0.16449491904617838,1055590583.9827905,518767939.9751999,18.35892633111597,13.33479240619562,8.922415334517472,6515.0,0.0,0.0,44.0,1.0,34.0,0.0010293980363771382
1700430073,0.3241017646843812,0.27010043531547323,0.06721686836830996,0.0,0.168884555791899,1055752117.6715113,518828135.2833644,17.53779226508748,10.268760166388383,8.729841899104924,6515.0,0.0,0.0,53.0,1.0,34.0,0.05400132936890795
1700430074,0.3230379618552122,0.23321821727767475,0.04525491863424167,0.0,0.11917351384745856,1055989306.0460508,518954519.8365858,7.1325619250345405,19.747592092294838,9.047287079325693,6515.0,0.0,0.0,47.0,1.0,34.0,0.08981974457753747
1700430075,0.25060296317234926,0.2938146322144753,0.03962048313448659,0.0,0.23351354013868297,1056075988.7871925,519075837.34346443,10.361857528148402,10.734261846064904,8.962537339984644,6515.0,0.0,0.0,51.0,1.0,34.0,0.04321166904212603
1700430076,0.31663732561381197,0.22899413908144514,0.020588348218980253,0.0,0.04844166268635702,1056290641.5865532,519155562.9810255,13.255476865743955,16.969440869296463,8.975166488907506,6515.0,0.0,0.0,50.0,1.0,34.0,0.08764318653236683
1700430077,0.28761936609176025,0.3088155530276824,0.0507245102419972,0.0,0.18073514883783906,1056432666.438514,519254905.12151027,11.711472968232075,16.6400779523685,8.837224618682617,6515.0,0.0,0.0,42.0,1.0,34.0,0.021196186935922123
1700430078,0.3367375388437592,0.2712811188730808,0.009699173539473697,0.0,0.09686715483018572,1056562547.9297798,519446841.95672333,11.144509346174681,15.440868065194955,8.698209539541782,6515.0,0.0,0.0,45.0,1.0,34.0,0.06545641997067836
1700430079,0.37843370485091515,0.30382292561856156,0.08076273906572384,0.0,0.15946230837514377,1056729369.137266,519580428.3341329,14.895691462184798,10.300359995940918,8.74983586132763,6515.0,0.0,0.0,54.0,1.0,34.0,0.0746107792323536
1700430080,0.21254145897451004,0.2966199198254435,0.01241026661301996,0.0,0.12857076627996464,1056817834.5195125,519743350.36950034,8.613675266439254,14.095844134538908,9.2721731924863,6515.0,0.0,0.0,45.0,1.0,34.0,0.08407846085093346
1700430081,0.3367436364088333,0.31484553761163886,0.018831089673210736,0.0,0.2076470400148451,1057006795.2340223,519795874.9164812,13.413146420428879,14.035096599057248,8.771659644468373,6515.0,0.0,0.0,52.0,1.0,34.0,0.021898098797194454
1700430082,0.3032067843970078,0.33931695913992044,0.06474988170807668,0.0,0.25152214159123715,1057240185.8444228,519888393.16130567,14.934122153263305,21.17802407442737,8.737068099809992,6515.0,0.0,0.0,54.0,1.0,34.0,0.036110174742912615
1700430083,0.31653022733302655,0.23880983407204864,0.03573820781120273,0.0,0.14803589946643964,1057463134.2771504,520075886.4655343,16.1413540878337,17.83028926700021,8.547358701046306,6515.0,0.0,0.0,41.0,1.0,34.0,0.0777203932609779
1700430084,0.3236388393543792,0.2834459550277743,0.032844929595203076,0.0,0.18737898430023137,1057607403.7072405,520270124.04031473,10.606953272405711,8.209291081268866,8.907528078792394,6515.0,0.0,0.0,53.0,1.0,34.0,0.040192884326604894
1700430085,0.33686748345046325,0.2758073139535414,0.026579565492904328,0.0,0.09919912448863107,1057722007.4603288,520419843.22093225,15.005715023621109,2.9909668555971933,8.762837180256225,6515.0,0.0,0.0,45.0,1.0,34.0,0.061060169496921834
1700430086,0.27546284297350854,0.32086506300423717,0.06304349975697697,0.0,0.12469495032450649,1057877367.0243495,520517647.3786832,12.362396685082894,9.453374876316586,8.5310813207851,6515.0,0.0,0.0,48.0,1.0,34.0,0.045402220030728635
1700430087,0.2829942786353841,0.30039842070473505,0.03820394259206655,0.0,0.07435038862170593,1058025849.2646861,520681141.48886126,17.315773733509452,13.465096665800925,8.796892094633979,6515.0,0.0,0.0,41.0,1.0,34.0,0.017404142069350925
1700430088,0.2794474402017648,0.2752085562589557,0.03654139533613135,0.0,0.24090413480941616,1058186143.5089401,520765591.76866645,18.21908948074357,14.372221949913596,8.660997601146473,6515.0,0.0,0.0,50.0,1.0,34.0,0.004238883942809135
1700430089,0.3207146499953298,0.29999290186864186,0.03581458641691196,0.0,0.10413122640147957,1058348571.9788072,520887656.73394585,16.556466226233898,11.058629485480873,8.877250968303565,6515.0,0.0,0.0,42.0,1.0,34.0,0.020721748126687922
1700430090,0.35392995746890377,0.271620835634902,0.03529031605857716,0.0,0.13907671497474533,1058493911.6688027,521065072.02878267,16.19666942083473,11.039927174147717,9.04670911020122,6515.0,0.0,0.0,48.0,1.0,34.0,0.08230912183400174
1700430091,0.2818719831566895,0.2901919927029479,0.044295966770915046,0.0,0.06856376123435344,1058695550.6596016,521152192.9492149,15.179267310266457,8.779255969893535,8.746453322447618,6515.0,0.0,0.0,54.0,1.0,34.0,0.008320009546258389
1700430092,0.35696995430154493,0.3134576148224733,0.005461908536853202,0.0,0.04700229353479177,1058911732.2546102,521228169.5852904,17.67448322461532,10.325490732858597,8.7116982389609,6515.0,0.0,0.0,45.0,1.0,34.0,0.04351233947907163
1700430093,0.29441101901694855,0.3117837269261453,0.051420336100959446,0.0,0.1462004901953589,1059014759.1096805,521369226.79723924,8.043636324182959,15.706655098961525,8.564157152362583,6515.0,0.0,0.0,54.0,1.0,34.0,0.01737270790919676
1700430094,0.30167011285296885,0.25677528876274525,0.003982315135648416,0.0,0.218731410621542,1059150505.212141,521535593.74972993,11.39194771777599,8.650864232646255,8.83234638515787,6515.0,0.0,0.0,52.0,1.0,34.0,0.044894824090223606
1700430095,0.3640863291384051,0.276610524326473,0.07044177209710378,0.0,0.02,1059359836.8309487,521605067.2844306,13.720697974031086,10.079080735936655,8.771684060758968,6515.0,0.0,0.0,46.0,1.0,34.0,0.08747580481193212
1700430096,0.3039525829580929,0.3033359471156688,0.04233378468034503,0.0,0.16502598011147304,1059585474.5962372,521764955.4999604,11.393264722107059,11.023149725128084,8.933133771463403,6515.0,0.0,0.0,40.0,1.0,34.0,0.000616635842424107
1700430097,0.2877304496701093,0.23772143869379359,0.05861308115187151,0.0,0.168459490703031,1059762956.7635018,521866842.2185969,14.908957377362869,14.907576301041368,8.822871979805155,6515.0,0.0,0.0,50.0,1.0,34.0,0.050009010976315715
1700430098,0.2782938912858714,0.2446327813033078,0.011532585598532635,0.0,0.16829801023863186,1059983027.3649478,522055899.65482414,7.7063497713419515,12.269947952548884,8.702272499863609,6515.0,0.0,0.0,51.0,1.0,34.0,0.03366110998256361
1700430099,0.24096479587593858,0.2508308312142025,0.02694416243690672,0.0,0.21081785340611908,1060175856.0253545,522246463.34874654,13.1143696201041,12.360788084719628,8.740016643667554,6515.0,0.0,0.0,45.0,1.0,34.0,0.00986603533826394
1700430100,0.29071549450763357,0.3053315188755517,0.02580663204727275,0.0,0.12863259226614554,1060326180.9639221,522396803.55059135,11.692139727966824,10.825020845099408,8.776641467830661,6515.0,0.0,0.0,40.0,1.0,34.0,0.014616024367918146
1700430101,0.2490960552735017,0.31109533100984427,0.053105811042145755,0.0,0.25707499117237853,1060424403.1812559,522511761.43913746,21.746417991256553,12.678544607148012,8.56615114520681,6515.0,0.0,0.0,44.0,1.0,34.0,0.06199927573634256
1700430102,0.2928530408186185,0.28252450125270695,0.04887937912236742,0.0,0.17681253420642076,1060674062.605771,522670200.5411799,18.332608067071426,15.397658745453604,8.623454893288326,6515.0,0.0,0.0,52.0,1.0,34.0,0.010328539565911565
1700430103,0.36642507385637724,0.28690356872330414,0.0472930630120112,0.0,0.19613482822778122,1060772494.4719163,522829862.43744195,12.528750503046911,11.293791758787236,8.497371534931252,6515.0,0.0,0.0,44.0,1.0,34.0,0.0795215051330731
1700430104,0.3112222570597771,0.30259086952719855,0.05088004539791874,0.0,0.2659782577046282,1060897113.1002113,522902172.2755141,12.98209502191806,13.075026423327097,8.703997871336814,6515.0,0.0,0.0,53.0,1.0,34.0,0.008631387532578527
1700430105,0.2769640612445593,0.3070883687767357,0.06446881254015907,0.0,0.1900690572951982,1061050035.4361106,523067571.053316,17.357239683830045,11.580203223720092,8.798916782224477,6515.0,0.0,0.0,47.0,1.0,34.0,0.030124307532176375
1700430106,0.24771403384558927,0.2789943538221519,0.0384588374442867,0.0,0.1336942483756317,1061222038.5003319,523267185.5970151,12.958448706010909,15.999340101430239,8.882762447794152,6515.0,0.0,0.0,40.0,1.0,34.0,0.03128031997656261
1700430107,0.2756260546985659,0.30160259737821,0.014730022328246193,0.0,0.16768406108096942,1061403336.1747148,523383676.10027903,14.927414972464815,17.144255119698087,8.88091097559381,6515.0,0.0,0.0,54.0,1.0,34.0,0.02597654267964411
1700430108,0.3002876104272471,0.27484357229464534,0.04913889180828498,0.0,0.10028153967145441,1061619581.6256924,523474322.2067738,11.333515458178622,11.8150167604005,8.728034056352179,6515.0,0.0,0.0,48.0,1.0,34.0,0.025444038132601765
1700430109,0.3337532956010431,0.25952534071322086,0.04940483731044984,0.0,0.15515886917574653,1061863830.1121742,523628621.8757976,20.70471049323906,14.320451198274075,9.036927720227244,6515.0,0.0,0.0,50.0,1.0,34.0,0.07422795488782225
1700430110,0.3186576130255731,0.257991494283512,0.008701246675212,0.0,0.1983363821956891,1061971425.4107382,523695169.8248513,14.850987920407494,14.044203951737417,8.494418039836503,6515.0,0.0,0.0,41.0,1.0,34.0,0.060666118742061126
1700430111,0.2424141295115545,0.29259218139367754,0.058680292878295084,0.0,0.15274257324894877,1062181193.981319,523827398.8981395,20.48000582681872,6.665832912830558,9.119495008932098,6515.0,0.0,0.0,40.0,1.0,34.0,0.05017805188212304
1700430112,0.2974152700941803,0.2526412305556411,0.058947055771196355,0.0,0.17665748846959517,1062374491.5039324,523957936.9742094,12.186197205455459,6.957380180226331,8.837691377661942,6515.0,0.0,0.0,41.0,1.0,34.0,0.0447740395385392
1700430113,0.3366213808999699,0.26053083983395964,0.02489368200465377,0.0,0.2651596065203446,1062588144.2556112,524119974.23908037,12.490063471094915,9.711993840568178,8.872185713460787,6515.0,0.0,0.0,53.0,1.0,34.0,0.07609054106601026
1700430114,0.29388480247963544,0.26628235003124584,0.05907925590470445,0.0,0.0997676261559154,1062726196.209746,524281208.3707582,18.34843357544522,7.391281020914411,8.89195627684928,6515.0,0.0,0.0,41.0,1.0,34.0,0.027602452448389603
1700430115,0.2884959326191934,0.27401710815716634,0.08089185661594586,0.0,0.02,1062816110.6340158,524361585.0608,13.27563087445261,8.849713613067554,8.54230685165711,6515.0,0.0,0.0,45.0,1.0,34.0,0.014478824462027029
1700430116,0.2573160395223624,0.2951889095037675,0.021318101530703678,0.0,0.09356220624990565,1063063122.9543185,524478686.1209063,12.567517254737968,16.703340894059288,8.645131107196152,6515.0,0.0,0.0,49.0,1.0,34.0,0.0378728699814051
1700430117,0.23659616276378298,0.2594025568825009,0.03413459486095306,0.0,0.2645611127235084,1063215996.8500972,524643486.9176352,11.538322646492295,18.427465521343674,8.774968922463641,6515.0,0.0,0.0,40.0,1.0,34.0,0.022806394118717932
1700430118,0.20871264616805765,0.278405026454642,0.04700022012845829,0.0,0.1356284947129403,1063461296.8311507,524832008.2023791,16.936071654600077,15.214747739048637,8.675688413303881,6515.0,0.0,0.0,46.0,1.0,34.0,0.06969238028658434
1700430119,0.3002645811896185,0.27870935045437173,0.0779757681763466,0.0,0.14285864095011383,1063697874.3520366,525013759.88640606,18.323596952774665,3.0612231277204387,8.93616702356217,6515.0,0.0,0.0,50.0,1.0,34.0,0.02155523073524679
1700430120,0.39051645499113685,0.32152553188972455,0.015885872281000836,0.0,0.12116902512329633,1063791234.056414,525164347.46944445,18.202956028512663,10.177260074356436,8.786555023798476,6515.0,0.0,0.0,48.0,1.0,34.0,0.0689909231014123
1700430121,0.32441761145580555,0.3474855698083017,0.0320316695647965,0.0,0.1920991100646199,1063962491.591108,525229297.29451424,13.162894210582792,11.244394000028809,8.782233753034397,6515.0,0.0,0.0,47.0,1.0,34.0,0.023067958352496143
1700430122,0.2875631247791916,0.2827479306620054,0.0317162853984842,0.0,0.14519994159675845,1064113324.6350691,525428936.3938741,16.13813408396656,12.325453329278947,8.893380321790286,6515.0,0.0,0.0,43.0,1.0,34.0,0.004815194117186228
1700430123,0.22920146476988834,0.28035165257516886,0.009376531758566831,0.0,0.28049878505459447,1064328783.7807679,525484564.88497734,16.862840969066685,8.478068859501061,9.066461505116868,6515.0,0.0,0.0,46.0,1.0,34.0,0.05115018780528052
1700430124,0.26172048947734206,0.25971576663725415,0.020860390695488566,0.0,0.06787051294350248,1064566854.682247,525674292.57696193,14.909225499358906,12.98025574322832,8.965942907355533,6515.0,0.0,0.0,48.0,1.0,34.0,0.0020047228400879025
1700430125,0.3539423525886295,0.2815947572027207,0.053029641375684666,0.0,0.14090019806898674,1064769544.2226627,525829901.81254834,12.559761575589182,11.235633328507255,8.757976838581074,6515.0,0.0,0.0,47.0,1.0,34.0,0.07234759538590879
1700430126,0.3319925698576738,0.30972524234292526,0.03362202638045253,0.0,0.1970090578199161,1065003865.0832441,525909950.114578,18.703950355889067,13.513820287059817,9.088935599250483,6515.0,0.0,0.0,40.0,1.0,34.0,0.022267327514748525
1700430127,0.25929733694191737,0.32762073626717153,0.048837594247021485,0.0,0.10501415948408391,1065136709.0472697,525982457.7237128,16.78914964132886,12.251005055067152,8.648444177129942,6515.0,0.0,0.0,41.0,1.0,34.0,0.06832339932525416
1700430128,0.26757757287583633,0.3055708433843363,0.017485040208401737,0.0,0.14084357953573712,1065253349.7356331,526081342.8922452,13.548677888828767,11.62994801311115,8.58730656419507,6515.0,0.0,0.0,50.0,1.0,34.0,0.03799327050849999
1700430129,0.24383682599674675,0.2655698861738315,0.031448325882744904,0.0,0.2550054764823293,1065434561.9133089,526191938.53256613,18.46081985274561,12.727636709997432,8.570330981388187,6515.0,0.0,0.0,44.0,1.0,34.0,0.021733060177084734
1700430130,0.24706740690611495,0.2531082292605072,0.02825800210723384,0.0,0.20159167864120658,1065542723.8750161,526350410.24646467,17.269355584941994,16.173522954564262,8.549505047188577,6515.0,0.0,0.0,41.0,1.0,34.0,0.006040822354392239
1700430131,0.31242379916087304,0.2797412714726927,0.06252297838459751,0.0,0.22478762262795546,1065625525.5302626,526426613.55595285,18.34028155163176,19.694316639954963,8.96358785560095,6515.0,0.0,0.0,40.0,1.0,34.0,0.03268252768818036
1700430132,0.3015767906155407,0.26389278547144335,0.05452550882719729,0.0,0.20156209346449505,1065755704.0532142,526494469.8178087,11.36942112508731,17.233063696622427,8.899063947785276,6515.0,0.0,0.0,48.0,1.0,34.0,0.037684005144097366
1700430133,0.2988806530965799,0.31411629742387226,0.02467931130093605,0.0,0.40005208481854226,1065902537.1634002,526691968.9700302,11.487679669548854,9.292756655661114,8.660308806821662,6515.0,0.0,0.0,40.0,1.0,34.0,0.015235644327292353
1700430134,0.2100372789258526,0.2701607308178064,0.05111984274823911,0.0,0.10092537850998257,1066096575.7333263,526823825.6489803,15.883686588421792,10.41000094363487,8.755615816168415,6515.0,0.0,0.0,40.0,1.0,34.0,0.06012345189195378
1700430135,0.2869322566552705,0.26727830226802546,0.008674183633863256,0.0,0.19063822468058728,1066240664.8936813,526907506.87053573,7.329468154038279,10.653787914438857,8.809756261125512,6515.0,0.0,0.0,42.0,1.0,34.0,0.019653954387245043
1700430136,0.3523603832815658,0.3460854553935916,0.03880346374743761,0.0,0.25538456523911257,1066460645.2793055,527080981.03703475,13.282067706272287,17.938945065706047,8.93429199781386,6515.0,0.0,0.0,54.0,1.0,34.0,0.006274927887974235
1700430137,0.30757874898501153,0.2829200298660301,0.014220793945853898,0.0,0.29807419757043546,1066571623.3722589,527242155.99990124,10.660569377878668,6.852599424233068,8.77929558790268,6515.0,0.0,0.0,47.0,1.0,34.0,0.02465871911898143
1700430138,0.3143069585657579,0.325602294699494,0.0539407845697177,0.0,0.21688737121827487,1066710597.8984903,527412411.9151741,12.370893195078631,8.197837967416177,8.7324967293466,6515.0,0.0,0.0,54.0,1.0,34.0,0.011295336133736067
1700430139,0.2227197811980369,0.29533188403537586,0.04000830537543508,0.0,0.074154328963246,1066902048.3144364,527605667.37613785,14.582619848489992,7.6737940524887955,8.848634629817683,6515.0,0.0,0.0,53.0,1.0,34.0,0.07261210283733896
1700430140,0.3190181517554227,0.2674089520172402,0.03748694009947514,0.0,0.14684388316222022,1067112928.1349232,527762556.2575727,17.214720089444572,13.166694412985898,9.012293369857488,6515.0,0.0,0.0,41.0,1.0,34.0,0.05160919973818251
1700430141,0.2906914507721015,0.22992961916089527,0.056368208091000134,0.0,0.3714062505947351,1067286705.1726984,527851652.5750752,12.055867229124322,10.595882392957334,8.812007581750597,6515.0,0.0,0.0,40.0,1.0,34.0,0.06076183161120624
1700430142,0.258621960203166,0.2197183970698539,0.04945324726683231,0.0,0.20558357006359526,1067438441.0476321,527922003.6333894,7.663490915551899,7.768329266011628,8.957203792216637,6515.0,0.0,0.0,53.0,1.0,34.0,0.03890356313331211
1700430143,0.282068972276217,0.24122652552323498,0.059962666102473944,0.0,0.23349467603248236,1067685649.1584779,528100591.4682376,9.676856017997427,14.394500151258018,8.903592477731788,6515.0,0.0,0.0,50.0,1.0,34.0,0.04084244675298204
1700430144,0.27032101104040335,0.3080214577068627,0.05770658423693449,0.0,0.2526918196790042,1067828014.8537123,528216663.1386813,11.38143689670744,9.1683291609276,8.781587191164455,6515.0,0.0,0.0,46.0,1.0,34.0,0.03770044666645933
1700430145,0.2382291279936765,0.284621075481589,0.05942405727142685,0.0,0.1790918189427945,1068043960.595712,528366942.2024575,6.724073025500118,13.878885025064035,8.882124892097709,6515.0,0.0,0.0,40.0,1.0,34.0,0.046391947487912505
1700430146,0.28962858768439953,0.2750892276249326,0.05346104017024432,0.0,0.19240629357229386,1068171818.262997,528527420.22151184,12.116805562248507,8.670749985909858,8.528282020278787,6515.0,0.0,0.0,44.0,1.0,34.0,0.014539360059466933
1700430147,0.3079094509973667,0.34601587654251853,0.07208886681803753,0.0,0.1499818988011563,1068291055.235502,528686118.6108606,12.349689065692882,13.675012674039062,9.128505801657269,6515.0,0.0,0.0,50.0,1.0,34.0,0.03810642554515181
1700430148,0.2563585887404837,0.3137583632522943,0.03869984823362977,0.0,0.1142749093508114,1068383101.115253,528815137.9466909,14.032802267486591,13.128332513277591,9.061242548791894,6515.0,0.0,0.0,53.0,1.0,34.0,0.05739977451181061
1700430149,0.33504075389209165,0.2923086259296947,0.041013961640128486,0.0,0.08942959248873222,1068478192.2291052,528917760.353502,18.225615824959288,8.059092239858058,8.684217981480213,6515.0,0.0,0.0,40.0,1.0,34.0,0.04273212796239695
1700430150,0.22147886027548408,0.28577150155961534,0.05362377887276156,0.0,0.17611078254241627,1068667185.7153113,528992699.36173636,8.97793497394251,10.394781769473628,8.831863813921013,6515.0,0.0,0.0,41.0,1.0,34.0,0.06429264128413126
1700430151,0.2716929198245688,0.317004379840865,0.042233955895867856,0.0,0.12737438741520704,1068890473.9016223,529105025.2114678,14.208019371703678,9.195309645673028,8.839843803159125,6515.0,0.0,0.0,45.0,1.0,34.0,0.04531146001629621
1700430152,0.3001696286536182,0.2965380909592551,0.04288672396360284,0.0,0.06266011531607027,1069015650.5770131,529299329.033553,19.79087721598486,17.198970713893633,8.919711958799033,6515.0,0.0,0.0,53.0,1.0,34.0,0.003631537694363085
1700430153,0.3303067795712677,0.2779755747470804,0.05251807663732653,0.0,0.21362853511934018,1069110935.0650066,529361446.9895248,18.42052312852014,17.579247760229705,8.664412035597616,6515.0,0.0,0.0,52.0,1.0,34.0,0.052331204824187294
1700430154,0.32811400737741764,0.3167812389765825,0.021754514737977744,0.0,0.1417483549397005,1069352070.6196641,529519189.9756703,11.949066130663274,15.153371860232367,8.745342151299571,6515.0,0.0,0.0,52.0,1.0,34.0,0.011332768400835136
1700430155,0.2942250877961257,0.3298120365309766,0.04043019942885408,0.0,0.4118019802212528,1069541896.9173304,529699247.44693,14.559225327903809,14.07086770876235,8.826259110337347,6515.0,0.0,0.0,45.0,1.0,34.0,0.03558694873485091
1700430156,0.2079092730379376,0.288103244017842,0.03708245583458826,0.0,0.19653366039038797,1069710779.2832675,529774645.897226,19.00476362872208,7.075767820206589,8.750713172141253,6515.0,0.0,0.0,46.0,1.0,34.0,0.08019397097990438
1700430157,0.22538711538705408,0.311155899200468,0.035492352059695365,0.0,0.2529121533746125,1069838975.1051533,529870208.8853437,10.763570977437194,14.426953174570823,9.011152750522378,6515.0,0.0,0.0,41.0,1.0,34.0,0.0857687838134139
1700430158,0.2620683719692133,0.24579310345479222,0.035343788514459344,0.0,0.19786970353966282,1070055606.302043,530063289.74334157,13.073444742587702,13.845015706862746,8.653339236376823,6515.0,0.0,0.0,44.0,1.0,34.0,0.01627526851442107
1700430159,0.2993444877506755,0.30238253432862505,0.07525626175292585,0.0,0.19785254140426112,1070244512.0866396,530207243.78705305,19.188552229030122,12.4873689077335,8.586854881029819,6515.0,0.0,0.0,41.0,1.0,34.0,0.003038046577949538
1700430160,0.3101347350098859,0.2833021020232038,0.041965601830110215,0.0,0.3135669358030815,1070396021.9699696,530388010.66175044,17.02369727124181,15.850242190884527,9.107548361290673,6515.0,0.0,0.0,50.0,1.0,34.0,0.026832632986682148
1700430161,0.23991855945937474,0.28873524419506136,0.06697711322126469,0.0,0.1070089166816352,1070553049.0970666,530513648.7450127,17.65353382279561,14.403725084524787,8.812180978269112,6515.0,0.0,0.0,42.0,1.0,34.0,0.04881668473568662
1700430162,0.3080108470921801,0.34861316990965124,0.05160357665227401,0.0,0.08323858255453634,1070660493.5659639,530623152.69805324,12.819718049821038,10.208517211696556,9.07815264973042,6515.0,0.0,0.0,45.0,1.0,34.0,0.04060232281747117
1700430163,0.28796233638552987,0.26473125590563373,0.03627620059561657,0.0,0.18592833443918425,1070860957.1775742,530675540.59268874,13.28535055452889,18.00809196945797,8.73828895664975,6515.0,0.0,0.0,40.0,1.0,34.0,0.023231080479896138
1700430164,0.2695718940126047,0.28384210981004027,0.013657462700293645,0.0,0.06146528307782548,1071070411.7434102,530734404.9907139,13.214394452683974,11.081674887872552,8.848888065469563,6515.0,0.0,0.0,52.0,1.0,34.0,0.014270215797435593
1700430165,0.3113010221610127,0.2684063352049419,0.018853523381751055,0.0,0.19382370706567342,1071151517.4858875,530849046.5978097,13.097179570077966,9.983905009884348,9.078864268771246,6515.0,0.0,0.0,50.0,1.0,34.0,0.04289468695607079
1700430166,0.29694487762237404,0.3278108401078201,0.05592369196509245,0.0,0.25470198472339156,1071375879.8591392,531011902.3663272,11.866500653449219,7.964470980469806,8.840578683379663,6515.0,0.0,0.0,40.0,1.0,34.0,0.03086596248544604
1700430167,0.27999392842479465,0.2908620087824148,0.002422290956830067,0.0,0.19734386598323642,1071593261.0639211,531131979.6240519,3.5158719045459392,13.270696154258623,8.659231567149387,6515.0,0.0,0.0,49.0,1.0,34.0,0.010868080357620158
1700430168,0.36006201169218377,0.27401158754750643,0.03743042330377243,0.0,0.14226708660036508,1071808188.7042421,531299427.8757033,12.8940518837143,14.83600169978238,8.741554542882392,6515.0,0.0,0.0,50.0,1.0,34.0,0.08605042414467734
1700430169,0.323366686956323,0.2722385023525367,0.0269070407647811,0.0,0.02,1071943252.0524385,531438254.11436206,17.74357202593627,12.088933924973816,8.44441374470752,6515.0,0.0,0.0,50.0,1.0,34.0,0.051128184603786264
1700430170,0.25776976055092315,0.30972395157777693,0.018252465868870416,0.0,0.14393947831381068,1072170067.4019507,531574867.5789146,8.388313667788001,14.695333638202722,8.990619040549923,6515.0,0.0,0.0,43.0,1.0,34.0,0.05195419102685378
1700430171,0.24343767355424764,0.2969451864669203,0.020359028099224116,0.0,0.37480439679704924,1072356360.4178989,531653977.1473749,6.080383913308696,9.704797684378224,8.869978460764585,6515.0,0.0,0.0,44.0,1.0,34.0,0.05350751291267267
1700430172,0.3046188064108214,0.2990549613171391,0.02048276447216401,0.0,0.07045283837544249,1072492855.4761022,531731353.39493275,17.029959760683237,9.675498820674266,8.926662296197216,6515.0,0.0,0.0,43.0,1.0,34.0,0.005563845093682296
1700430173,0.25125694578329316,0.3114899033234131,0.08138375539477553,0.0,0.22999801654147015,1072740436.1090329,531892488.9769375,13.074317771723848,11.913417522988267,8.665349622544655,6515.0,0.0,0.0,52.0,1.0,34.0,0.060232957540119925
1700430174,0.29931765261100446,0.2724319366886447,0.06226170771842385,0.0,0.1823113163803758,1072896473.5233763,532038242.9002239,8.859438252392753,11.656390631109804,8.731823847494733,6515.0,0.0,0.0,46.0,1.0,34.0,0.026885715922359776
1700430175,0.2961629821099129,0.3105463369545999,0.043711659169609306,0.0,0.13309877977466267,1073002965.4358364,532205363.3555697,11.404617715975435,8.561641975019253,8.599422952591727,6515.0,0.0,0.0,42.0,1.0,34.0,0.014383354844687002
1700430176,0.28965684203590286,0.2802820991783796,0.050379701477202096,0.0,0.22215277241416068,1073238524.0062637,532347575.6789061,13.274680999520633,14.40893214834226,8.75725593015853,6515.0,0.0,0.0,54.0,1.0,34.0,0.009374742857523266
1700430177,0.2451476414448755,0.2559534632449714,0.01781321576651971,0.0,0.12011345099223178,1073324848.8359029,532493750.9450731,8.767767288884112,9.278790105165168,8.532102060986771,6515.0,0.0,0.0,42.0,1.0,34.0,0.010805821800095927
1700430178,0.3169462009252775,0.27834920415849596,0.02985213112458318,0.0,0.17806761123076698,1073413380.022808,532641999.61537075,16.604225469597356,12.33342524391451,8.676644255550336,6515.0,0.0,0.0,44.0,1.0,34.0,0.03859699676678152
1700430179,0.3090422460902999,0.3421285131381403,0.025884001290733892,0.0,0.1828512379137461,1073601566.7290137,532746337.98129004,18.341790189530066,14.959618393817344,8.945220639434426,6515.0,0.0,0.0,47.0,1.0,34.0,0.0330862670478404
1700430180,0.333275990706129,0.26315621697667996,0.011785892421445027,0.0,0.21591671723562803,1073709694.893461,532919022.2680583,11.068596857792835,8.858251508722805,8.906406610084872,6515.0,0.0,0.0,43.0,1.0,34.0,0.07011977372944905
1700430181,0.2925306048417488,0.3097547520205315,0.003685035006070869,0.0,0.23170623019012174,1073878521.5797367,533061343.6641394,17.954953435961944,12.82947422338798,8.775682725342893,6515.0,0.0,0.0,46.0,1.0,34.0,0.01722414717878268
1700430182,0.2915861224920809,0.3321728958347477,0.04460685284170734,0.0,0.27601015507971904,1074102482.2330413,533212934.59235364,14.46120903306118,16.051015992157353,8.724709798692128,6515.0,0.0,0.0,53.0,1.0,34.0,0.040586773342666804
1700430183,0.26985339665105756,0.341060671472517,0.025598799653289643,0.0,0.2604252731932948,1074337728.246361,533338359.86278826,17.392187900874934,10.187394966723906,8.81559523019327,6515.0,0.0,0.0,41.0,1.0,34.0,0.07120727482145944
1700430184,0.21477162830261814,0.2883362149348067,0.053065316834730314,0.0,0.29639095287259065,1074533984.1307533,533492855.43499804,16.18656594598902,7.154983122219469,9.109151931970098,6515.0,0.0,0.0,49.0,1.0,34.0,0.07356458663218857
1700430185,0.3072893945602476,0.2948106723760485,0.03150989725678034,0.0,0.18203118576012844,1074710381.8397474,533547138.9316374,15.79708661963094,16.14161093730951,8.93443570965969,6515.0,0.0,0.0,52.0,1.0,34.0,0.012478722184199098
1700430186,0.3403218379342387,0.3140754835148901,0.0021677156685706786,0.0,0.12548106983229382,1074846633.9767272,533656931.6561463,11.710497235726459,14.284891873964959,9.191256095320988,6515.0,0.0,0.0,52.0,1.0,34.0,0.026246354419348583
1700430187,0.3068323912633949,0.2846594563724624,0.024507480741908817,0.0,0.21525150767921827,1074987186.252557,533761234.6022603,12.594298522685486,5.345154260977605,8.913329222821691,6515.0,0.0,0.0,54.0,1.0,34.0,0.022172934890932472
1700430188,0.2882662970741123,0.27096287493230825,0.03823984675796237,0.0,0.1478989905184377,1075187752.4565866,533849869.87826294,15.307897701403457,10.055918413272403,8.923410424701173,6515.0,0.0,0.0,40.0,1.0,34.0,0.017303422141804026
1700430189,0.3274367178191611,0.2790204344544013,0.04803722116910131,0.0,0.16422005131356787,1075435722.5677497,534005891.81048286,19.731039563534722,14.9614947945532,8.638668305928416,6515.0,0.0,0.0,41.0,1.0,34.0,0.04841628336475984
1700430190,0.2984027595154017,0.2808454125773807,0.007542034201426011,0.0,0.21334571126307764,1075637829.6799738,534172226.6504982,17.64268179180562,13.66894471877758,8.748856616569647,6515.0,0.0,0.0,48.0,1.0,34.0,0.017557346938020968
1700430191,0.3305424037143449,0.2619825834401924,0.03253760082269938,0.0,0.1680418744336677,1075756112.5667257,534259317.1448299,15.00011019347202,7.430342256168512,8.896428963323098,6515.0,0.0,0.0,49.0,1.0,34.0,0.06855982027415253
1700430192,0.3073346722440601,0.31582839598514767,0.02448483895072471,0.0,0.12095070713350134,1075932295.4372563,534424110.94683856,13.011105320228078,12.755643355699803,8.643774992503571,6515.0,0.0,0.0,41.0,1.0,34.0,0.008493723741087589
1700430193,0.29718123077643765,0.3472960378070814,0.05012087811287772,0.0,0.08921422378957834,1076092861.5183265,534484266.62706345,15.024243361599499,7.247652238450469,8.705093928553506,6515.0,0.0,0.0,46.0,1.0,34.0,0.05011480703064375
1700430194,0.3551230697485793,0.3079899307277218,0.04997537857375027,0.0,0.08151726447824519,1076194994.1512973,534677696.98369986,20.945699645598406,9.581992503414252,8.877995101164954,6515.0,0.0,0.0,41.0,1.0,34.0,0.04713313902085753
1700430195,0.3636883215278312,0.3033570895256507,0.03804473520531655,0.0,0.23853157864998104,1076347716.989186,534789719.6675823,7.665369221602664,17.263131715677932,8.772161602351293,6515.0,0.0,0.0,43.0,1.0,34.0,0.06033123200218049
1700430196,0.3265859864843649,0.2754065835842033,0.07827494962967609,0.0,0.2733374796556608,1076591150.4406874,534963877.2132109,11.516956481660724,8.097646396853005,8.616491484727604,6515.0,0.0,0.0,52.0,1.0,34.0,0.0511794029001616
1700430197,0.29377397604088146,0.31036009930417235,0.06102463371447148,0.0,0.20911730224890485,1076758616.3173275,535136598.6032732,23.499911772414418,17.616774643897593,8.699540036350523,6515.0,0.0,0.0,52.0,1.0,34.0,0.016586123263290897
1700430198,0.3024812633384988,0.26958864524458653,0.10025768561551947,0.0,0.14634830418901676,1076883547.0808725,535232130.641552,12.949089115440584,9.38790751428173,8.454091831643673,6515.0,0.0,0.0,41.0,1.0,34.0,0.03289261809391225
1700430199,0.3430549142953656,0.2806077233918708,0.03496501500567878,0.0,0.12876212034568402,1077094623.401807,535304635.48641133,17.934082707058412,11.039429507447595,8.668086268818199,6515.0,0.0,0.0,52.0,1.0,34.0,0.06244719090349482
1700430200,0.31605682077625874,0.2959179259069903,0.05092524572235,0.0,0.25105799673255264,1077308213.7277112,535411689.3864999,15.201554077083554,15.723754450529407,8.979811492014854,6515.0,0.0,0.0,43.0,1.0,34.0,0.020138894869268453
1700430201,0.29056465703452655,0.3116255070284721,0.021946951528773864,0.0,0.22334574430190288,1077547879.454485,535466184.57610494,8.747599762055295,6.018064184472215,9.021048751655727,6515.0,0.0,0.0,45.0,1.0,34.0,0.02106084999394553
1700430202,0.3395196246484703,0.3104534742485858,0.043872769627879164,0.0,0.1993462518446667,1077698929.0055892,535567236.99502647,17.04168317817728,8.304196840046885,8.832350964190262,6515.0,0.0,0.0,46.0,1.0,34.0,0.02906615039988447
1700430203,0.2521302495009565,0.25040719340030354,0.04210140370726126,0.0,0.16259861946812293,1077838400.4767985,535734698.0996145,12.47058741711885,14.343930398656623,8.809502223105927,6515.0,0.0,0.0,47.0,1.0,34.0,0.0017230561006529865
1700430204,0.23821688653298048,0.26853959059105265,0.045890038008460546,0.0,0.1699998467460229,1078026699.2117217,535913700.0728076,14.949481726783906,15.06907451488257,8.682805028518107,6515.0,0.0,0.0,43.0,1.0,34.0,0.030322704058072164
1700430205,0.29814788433256845,0.2111188129899514,0.03413314518519681,0.0,0.17536138745079213,1078233922.0317905,536085446.8913108,7.713942143747654,11.181245752722173,8.716819085014919,6515.0,0.0,0.0,51.0,1.0,34.0,0.08702907134261706
1700430206,0.30096830351043397,0.3125956492253627,0.05583912119913438,0.0,0.1388548391403942,1078451105.60383,536198888.7611416,22.25480649032545,12.487028614606094,8.898646844267933,6515.0,0.0,0.0,53.0,1.0,34.0,0.011627345714928738
1700430207,0.3673048697500679,0.28435184672890784,0.0012338869314647213,0.0,0.19900574919423936,1078559156.6394432,536296962.6586651,15.790287920979937,15.6239939675493,8.814838244005953,6515.0,0.0,0.0,51.0,1.0,34.0,0.08295302302116003
1700430208,0.2399531572400251,0.30289567153330726,0.0022728893194954858,0.0,0.1576732030254304,1078675229.6227908,536408050.32057774,12.38067057679009,9.033889114517006,8.863561394386517,6515.0,0.0,0.0,49.0,1.0,34.0,0.06294251429328215
1700430209,0.2933982927102444,0.27418919059374003,0.019315152286217812,0.0,0.16861876804118514,1078855454.5248692,536499751.3465653,15.57846319812834,8.23463200229885,9.022067528862127,6515.0,0.0,0.0,52.0,1.0,34.0,0.019209102116504395
1700430210,0.2767993807663704,0.19787736206939316,0.07154028824333751,0.0,0.19595043385324262,1079033361.5808766,536658253.8636321,15.532799445795243,7.575071344059272,8.682703521035481,6515.0,0.0,0.0,54.0,1.0,34.0,0.07892201869697724
1700430211,0.34001960259415,0.30786321710526665,0.021917093270903642,0.0,0.19818292523326508,1079180587.3801076,536779195.5922579,12.877877047747164,8.359697906834162,8.831804250072821,6515.0,0.0,0.0,51.0,1.0,34.0,0.03215638548888333
1700430212,0.32266609717607997,0.3048558238993927,0.030739649741089108,0.0,0.20407678783549538,1079314250.2251916,536966558.5380234,11.801804234333542,13.37206698610001,8.707798902461969,6515.0,0.0,0.0,52.0,1.0,34.0,0.017810273276687272
1700430213,0.33268998937763106,0.2740499365369965,0.044511161645498,0.0,0.2222648731656202,1079471671.8481178,537100830.9191163,11.51064325152775,9.292491481382159,8.79994395575129,6515.0,0.0,0.0,43.0,1.0,34.0,0.05864005284063456
1700430214,0.25702754401042205,0.2957693014023653,0.03231406304313807,0.0,0.14593262624812706,1079598568.000567,537221476.7666721,20.76010222988357,6.166652426292783,8.654090461298619,6515.0,0.0,0.0,51.0,1.0,34.0,0.03874175739194324
1700430215,0.277813933449994,0.20735568864374654,0.013684355004515363,0.0,0.19944208186831228,1079847958.0902019,537280517.158469,6.17069901754369,5.323304092673347,8.970800854904851,6515.0,0.0,0.0,47.0,1.0,34.0,0.07045824480624746
1700430216,0.2852732757116106,0.2858575070401903,0.05024969269933988,0.0,0.11107712312297245,1079972366.7790074,537357127.7176604,22.96709404540922,10.231061252228795,8.836383525028433,6515.0,0.0,0.0,47.0,1.0,34.0,0.0005842313285797096
1700430217,0.24884410953782954,0.27848991721326777,0.0698955500726331,0.0,0.09896084151203051,1080177562.9453957,537538401.2633666,16.106540153819633,19.24646039610303,8.843989847819138,6515.0,0.0,0.0,46.0,1.0,34.0,0.02964580767543823
1700430218,0.3024715795048982,0.25871743227355887,0.05182819258328944,0.0,0.2162446161360665,1080275790.7050643,537590150.9322312,15.50371251894359,7.014034897795363,8.702728018331388,6515.0,0.0,0.0,40.0,1.0,34.0,0.04375414723133936
1700430219,0.30553424355639897,0.25999137304154124,0.03760523188562889,0.0,0.02,1080402628.6612837,537779110.9384849,16.508241537999915,12.573171628271801,8.86943704884017,6515.0,0.0,0.0,53.0,1.0,34.0,0.045542870514857725
1700430220,0.3265616074277462,0.309061482269938,0.07471084827926344,0.0,0.12289876605250669,1080527599.642457,537969734.2150092,3.9571380848486744,9.521803580710104,8.356582011516574,6515.0,0.0,0.0,45.0,1.0,34.0,0.01750012515780819
1700430221,0.27575505240506964,0.24707115152051173,0.04217124138468711,0.0,0.1700952588747355,1080755474.953816,538098268.4698769,23.090748050415158,9.015917838421759,8.449698899113034,6515.0,0.0,0.0,46.0,1.0,34.0,0.02868390088455791
1700430222,0.27283593715723126,0.3109619539934872,0.05181585932954136,0.0,0.12820306644632337,1080841470.914114,538196496.0812907,18.502275092038154,7.557480910262594,9.092097707619462,6515.0,0.0,0.0,53.0,1.0,34.0,0.03812601683625594
1700430223,0.2916138545956116,0.2983773062771954,0.010412503970414853,0.0,0.24530794889006907,1080946415.896212,538353622.4346907,10.33110716626717,16.852555815605463,8.890764587200229,6515.0,0.0,0.0,44.0,1.0,34.0,0.006763451681583765
1700430224,0.18042901954202342,0.28818480184040585,0.02798233571280999,0.0,0.1427674929767732,1081154803.3057961,538483400.0676771,15.023424090976965,14.09806776190306,8.640235868833823,6515.0,0.0,0.0,54.0,1.0,34.0,0.10775578229838242
1700430225,0.22283410092215156,0.2930269226701423,0.06879328703960558,0.0,0.3322311474523957,1081378421.7365868,538541689.7939698,14.65621993314722,14.661653362362147,8.714579543895708,6515.0,0.0,0.0,40.0,1.0,34.0,0.07019282174799074
1700430226,0.22832402903637197,0.2422869379438481,0.03309931083592338,0.0,0.1994648829673402,1081606384.352228,538593828.3067522,15.348619064149311,15.73527612092929,8.747609585622483,6515.0,0.0,0.0,41.0,1.0,34.0,0.013962908907476118
1700430227,0.2858387266321688,0.3560886379481023,0.020869594120072752,0.0,0.22201190522941494,1081781900.5183766,538677156.9300668,20.239635855354607,15.173707051140719,8.916749044272386,6515.0,0.0,0.0,44.0,1.0,34.0,0.0702499113159335
1700430228,0.2983722944476328,0.3073144822331382,0.04588045801042537,0.0,0.1527330376497976,1082001291.001099,538748671.0427054,14.894256588423524,10.126956827234169,8.898378145830145,6515.0,0.0,0.0,48.0,1.0,34.0,0.008942187785505373
1700430229,0.2967054109135309,0.2561727859086524,0.04328939139776436,0.0,0.17158491892390368,1082119270.3300555,538897768.7158511,15.18736540084278,9.214998431971452,8.864479077289543,6515.0,0.0,0.0,53.0,1.0,34.0,0.04053262500487853
1700430230,0.3539765139551446,0.32464058459101364,0.017631501243939255,0.0,0.12866385224361415,1082333298.4087012,539060559.9507046,15.806576440707442,11.423133309417931,8.955629618131974,6515.0,0.0,0.0,49.0,1.0,34.0,0.029335929364130986
1700430231,0.30969550243894156,0.281341237322132,0.05935179786714683,0.0,0.15366619724309744,1082414538.5488715,539233574.2555935,7.541196723478755,8.005023386556198,8.834528113881857,6515.0,0.0,0.0,52.0,1.0,34.0,0.02835426511680955
1700430232,0.29043461762290523,0.24613392329056125,0.04899453212527414,0.0,0.04022037753989646,1082525522.4387228,539360358.74883,9.714232373927508,16.2961942467918,8.79078200657472,6515.0,0.0,0.0,52.0,1.0,34.0,0.04430069433234399
1700430233,0.35395412318466213,0.2949122167871937,0.0005514001518546335,0.0,0.1606173498446916,1082614208.497221,539469712.0551494,18.56549851699051,15.57229093636927,8.864599659462572,6515.0,0.0,0.0,40.0,1.0,34.0,0.059041906397468424
1700430234,0.2742313295327097,0.30343293081621553,0.07219610312926818,0.0,0.21059497814838513,1082751163.6775384,539529373.1120543,13.808686112790276,19.627135106855327,8.830672058030467,6515.0,0.0,0.0,40.0,1.0,34.0,0.02920160128350585
1700430235,0.2190466774589263,0.2602465798514832,0.0018971030787589688,0.0,0.20540628249181297,1082971329.722294,539663613.0951732,17.52581884797813,20.277203488333214,8.832306971568913,6515.0,0.0,0.0,48.0,1.0,34.0,0.041199902392556886
1700430236,0.21604876365845094,0.3039795805339574,0.037641067941464774,0.0,0.20434395521251655,1083124771.2567487,539730434.0015926,14.247298333831115,10.996137231929438,8.614343155942041,6515.0,0.0,0.0,40.0,1.0,34.0,0.08793081687550647
1700430237,0.312759573053078,0.23240603138306914,0.059806098768751134,0.0,0.2083957733999895,1083216770.9593046,539885816.920102,11.538315249949813,10.741656412478783,8.798760887572582,6515.0,0.0,0.0,49.0,1.0,34.0,0.08035354167000885
1700430238,0.2783832900822691,0.3154111805251702,0.06723654030962108,0.0,0.16713168018420527,1083436504.4416344,539982148.391409,15.480053482645914,6.5485696919216405,8.962547567392896,6515.0,0.0,0.0,45.0,1.0,34.0,0.03702789044290111
1700430239,0.3329266558388413,0.3434097909258582,0.023664393067942185,0.0,0.13840827207307113,1083599957.6448176,540084788.5002499,18.504840017900154,9.947919053180184,8.817225824291524,6515.0,0.0,0.0,40.0,1.0,34.0,0.010483135087016926
1700430240,0.252313913067559,0.2693581836495749,0.04728267750792044,0.0,0.13425662362061172,1083772572.0983021,540226471.1103551,19.69616391376134,4.307489116518215,8.887063049946079,6515.0,0.0,0.0,41.0,1.0,34.0,0.017044270582015908
1700430241,0.29066424743613706,0.2512267384767763,0.05952379418012416,0.0,0.28306606538094997,1083872388.8707175,540382644.6211393,18.348176035072907,11.61857294045789,8.560916712908856,6515.0,0.0,0.0,48.0,1.0,34.0,0.03943750895936077
1700430242,0.2534253145510118,0.30295302156887594,0.07051955707267449,0.0,0.08862122769008002,1083973717.7581544,540449053.8588338,23.274436628324978,14.216134119032429,8.735156338316212,6515.0,0.0,0.0,47.0,1.0,34.0,0.04952770701786413
1700430243,0.319265344037466,0.28361670533975736,0.0499902207432897,0.0,0.15130662374540463,1084191675.2281458,540506206.7810328,15.028456326882477,14.82093487586924,8.94690378794332,6515.0,0.0,0.0,47.0,1.0,34.0,0.03564863869770862
1700430244,0.31615948266680655,0.23017550174985202,0.012901521721884794,0.0,0.2094183033412823,1084294611.727932,540691916.4352188,11.314966382313097,2.1961330990424965,8.866448260265948,6515.0,0.0,0.0,42.0,1.0,34.0,0.08598398091695453
1700430245,0.331302751241662,0.2758651969279768,0.059792272585165555,0.0,0.22900638440851723,1084408954.5847695,540888169.241198,11.463769596366392,18.363555630452122,9.067777275722358,6515.0,0.0,0.0,45.0,1.0,34.0,0.05543755431368519
1700430246,0.316615530624852,0.2402405592713226,0.011773562218826514,0.0,0.3437637720572777,1084617117.6481225,540949471.1438642,16.822463518645073,12.2814974773069,8.624986877259257,6515.0,0.0,0.0,47.0,1.0,34.0,0.07637497135352939
1700430247,0.25636894610790434,0.26555998305083994,0.03385370314013345,0.0,0.0851513588728426,1084789939.832662,541057377.3223938,17.344899504698766,10.870274178598525,9.05798763672969,6515.0,0.0,0.0,40.0,1.0,34.0,0.009191036942935604
1700430248,0.2996004414218577,0.31553266575008665,0.04857827583820664,0.0,0.18882501855617498,1084976955.8906574,541166838.0328734,10.849111373106636,3.76301687219069,8.735744815403514,6515.0,0.0,0.0,51.0,1.0,34.0,0.01593222432822894
1700430249,0.2456512725227202,0.2658999463980647,0.02917689470075842,0.0,0.09202213409944783,1085060522.1053169,541355520.8292388,16.760910014260855,11.378175324111496,8.80484560583117,6515.0,0.0,0.0,46.0,1.0,34.0,0.020248673875344486
1700430250,0.22144255639698962,0.31926243921183145,0.017784131237899074,0.0,0.26965255545405636,1085233353.8467655,541433945.3159958,11.228829738393767,8.692061867698468,8.717732454930099,6515.0,0.0,0.0,53.0,1.0,34.0,0.09781988281484183
1700430251,0.2244566100485795,0.26214614044701917,0.05405501560533226,0.0,0.23946688765272614,1085341691.517042,541512553.6306659,11.319147470713359,10.813116739609454,8.538883148658165,6515.0,0.0,0.0,45.0,1.0,34.0,0.03768953039843967
1700430252,0.30182433314583557,0.24294974033401057,0.050784606123908324,0.0,0.2512392795655539,1085528941.0187852,541690935.3337452,9.462388852791317,11.546380620366495,8.715695035716033,6515.0,0.0,0.0,53.0,1.0,34.0,0.058874592811825
1700430253,0.2583200536089606,0.2641296270279743,0.030753645933263213,0.0,0.18818740223881436,1085669581.601193,541784914.2413477,10.199391368378102,12.899863403757891,8.81713136008816,6515.0,0.0,0.0,52.0,1.0,34.0,0.005809573419013725
1700430254,0.2972258362206909,0.31742112571156045,0.045595081971236996,0.0,0.1294008040138096,1085819754.0998354,541861157.1214862,11.92514456827196,10.213744522384271,9.025039623075065,6515.0,0.0,0.0,40.0,1.0,34.0,0.020195289490869572
1700430255,0.3087886211405278,0.2848353930149696,0.032379231564700295,0.0,0.08145083887186869,1085984862.1444879,542003517.8723595,12.454072148537916,16.2429792679545,8.886203237112113,6515.0,0.0,0.0,52.0,1.0,34.0,0.023953228125558224
1700430256,0.32969941856533,0.3087347842251691,0.007630394373685963,0.0,0.2532026039801068,1086216452.5629284,542096163.6354171,15.943239068435425,7.405051534874533,8.825884415722385,6515.0,0.0,0.0,45.0,1.0,34.0,0.020964634340160937
1700430257,0.30124330541018063,0.3137261846407623,0.0663880917302521,0.0,0.25043717498568335,1086351937.8976507,542199829.7911882,7.751648535655015,7.771627091344644,9.022628597166932,6515.0,0.0,0.0,47.0,1.0,34.0,0.012482879230581667
1700430258,0.3385236897612353,0.2820945088248636,0.003146896714545433,0.0,0.1880854054546895,1086525364.5343735,542388416.2593883,11.808643569525632,15.209875482755788,8.894261269221918,6515.0,0.0,0.0,48.0,1.0,34.0,0.056429180936371726
1700430259,0.28705449219034,0.33549676224878394,0.013323764997377589,0.0,0.21023745832854526,1086612361.3909402,542511175.6404178,17.97825096745024,18.84706852843606,8.957792478035993,6515.0,0.0,0.0,41.0,1.0,34.0,0.048442270058443926
1700430260,0.24439587304041366,0.2546094767977115,0.05059931603666381,0.0,0.23776575318873944,1086755269.6082735,542656372.0356412,12.16679863351431,12.98509214122746,8.636703716818442,6515.0,0.0,0.0,53.0,1.0,34.0,0.010213603757297851
1700430261,0.26626333321575196,0.2605836955255449,0.026650312488636387,0.0,0.25497800659445385,1086898790.1466925,542778004.6191026,12.317213171298214,12.055693262044477,8.928222573688892,6515.0,0.0,0.0,41.0,1.0,34.0,0.005679637690207073
1700430262,0.2770863680746465,0.30795504428812864,0.03317675374550807,0.0,0.17704564497368752,1086981531.342875,542860584.3107715,10.790797567561627,8.291904850384935,8.817472604254029,6515.0,0.0,0.0,44.0,1.0,34.0,0.03086867621348216
1700430263,0.3271751671675222,0.32225121082755404,0.06729168296605324,0.0,0.09507439228123182,1087068115.3914344,542944651.7918336,17.954082810212043,22.760190891332627,8.689398332797017,6515.0,0.0,0.0,45.0,1.0,34.0,0.004923956339968172
1700430264,0.2680485456162748,0.24825198499144496,0.03320430566965801,0.0,0.15394340515299998,1087299283.3550076,542995513.0927044,9.246163052788587,11.146371581156455,8.895789789466644,6515.0,0.0,0.0,51.0,1.0,34.0,0.019796560624829818
1700430265,0.2440684206233719,0.3059080977914532,0.03657398846310213,0.0,0.02,1087433028.5725439,543072710.6694503,13.974868989353258,20.854199622763588,8.764584521325707,6515.0,0.0,0.0,49.0,1.0,34.0,0.061839677168081336
1700430266,0.313807733600943,0.2553560758231465,0.03745343063548198,0.0,0.23054882922836323,1087589400.0087204,543136964.0247904,16.316930145415213,10.166195576619426,8.6370718574604,6515.0,0.0,0.0,43.0,1.0,34.0,0.058451657777796484
1700430267,0.2650842467395037,0.31322727852585763,0.005564580789485095,0.0,0.22942762841317874,1087674476.5000875,543236705.4342575,12.95964790039876,9.651825755223811,8.64616118620423,6515.0,0.0,0.0,43.0,1.0,34.0,0.04814303178635393
1700430268,0.35740825674389254,0.30134711628884414,0.06136908703211447,0.0,0.08907725277999498,1087854641.4602761,543322909.4375013,15.588753327764795,13.374532980366643,8.991603961400857,6515.0,0.0,0.0,43.0,1.0,34.0,0.0560611404550484
1700430269,0.26275377409632333,0.28134538097983564,0.04841366914329459,0.0,0.18315629835762431,1088047340.0126505,543514324.7731616,13.978363929725322,15.353523383163513,9.083390335333522,6515.0,0.0,0.0,52.0,1.0,34.0,0.0185916068835123
1700430270,0.318835822359301,0.2663253484408361,0.0764795507829426,0.0,0.1833788923947894,1088151137.326785,543636143.6298033,20.61928065690106,15.532033573693493,8.804270677881071,6515.0,0.0,0.0,47.0,1.0,34.0,0.05251047391846492
1700430271,0.34248290715051444,0.335922807699362,0.016235978192106166,0.0,0.16843328041319658,1088294809.983524,543757282.0444305,6.78732011768199,15.176231127848444,8.848819698221979,6515.0,0.0,0.0,45.0,1.0,34.0,0.006560099451152435
1700430272,0.2185745179761443,0.28329945045032656,0.059922746281086264,0.0,0.1694992807786723,1088501529.5208333,543882760.2234267,12.698020319855605,6.979532463025391,8.92457861876014,6515.0,0.0,0.0,47.0,1.0,34.0,0.06472493247418226
1700430273,0.3133742986569961,0.2867298688084665,0.017366848662432842,0.0,0.2031446666729339,1088750424.3736095,543987621.0046595,19.046723319490955,7.88520335208346,8.796107164861283,6515.0,0.0,0.0,47.0,1.0,34.0,0.026644429848529605
1700430274,0.3127296572898859,0.2524746763554586,0.031885201357268834,0.0,0.34353876271076433,1088838397.468515,544185449.6896251,16.850909158171508,19.827569136519827,8.659630887484445,6515.0,0.0,0.0,41.0,1.0,34.0,0.06025498093442727
1700430275,0.21094636559618185,0.263658745718997,0.02783664548233298,0.0,0.2884275441041065,1088961115.1910431,544287170.1808015,16.42924768938971,17.895513223983272,8.723791348641909,6515.0,0.0,0.0,43.0,1.0,34.0,0.05271238012281515
1700430276,0.2525752860359927,0.3113504436303996,0.02430700248454143,0.0,0.13037409975191394,1089069427.3397045,544421970.0721503,16.38910045089491,9.618435119663626,8.92968255541208,6515.0,0.0,0.0,40.0,1.0,34.0,0.05877515759440688
1700430277,0.22173625404296485,0.2818753655098819,0.06627691176329056,0.0,0.10444660108320052,1089191892.4858036,544503599.0576096,19.27931952497254,11.29428326984705,8.984485557856125,6515.0,0.0,0.0,54.0,1.0,34.0,0.060139111466917056
1700430278,0.2555319585702225,0.29841577950355,0.05201883062898393,0.0,0.046007971427566186,1089392328.1906323,544580770.2862803,21.382546029378524,17.353674047851257,8.675983730577586,6515.0,0.0,0.0,44.0,1.0,34.0,0.04288382093332754
1700430279,0.26195428455213343,0.31224612111266514,0.01622725823125849,0.0,0.1769615667004898,1089615862.0857756,544709317.1752715,19.89803279038943,14.684416633569628,8.949830086494076,6515.0,0.0,0.0,45.0,1.0,34.0,0.05029183656053171
1700430280,0.2972871852071976,0.3323092466459517,0.030375588299869527,0.0,0.0746260414158533,1089762760.5265872,544865489.8233572,9.48949137608009,13.399160333628632,8.731211354497761,6515.0,0.0,0.0,42.0,1.0,34.0,0.03502206143875408
1700430281,0.33816096521613004,0.3018161669780158,0.02981503619062734,0.0,0.09453710683437135,1089933325.3273616,545049156.7173289,18.2849065604572,9.154095599666785,8.930143032203567,6515.0,0.0,0.0,52.0,1.0,34.0,0.03634479823811426
1700430282,0.3788073418065674,0.26974352070622243,0.06190803108040635,0.0,0.13314829876690681,1090045109.135505,545200535.7479869,12.39085645635314,12.571733844176185,8.579259533118854,6515.0,0.0,0.0,40.0,1.0,34.0,0.10906382110034496
1700430283,0.2702977894785798,0.3245175728885241,0.04891097793642616,0.0,0.02626378947673097,1090173500.7578878,545330454.0484824,14.714606981557536,12.519901025339761,8.581211109918472,6515.0,0.0,0.0,54.0,1.0,34.0,0.05421978340994432
1700430284,0.28099458043046466,0.33500092798179565,0.031085411285708686,0.0,0.0806644809112811,1090392879.8909307,545397783.6982161,10.822256320934304,10.00339815772637,8.796254176330685,6515.0,0.0,0.0,54.0,1.0,34.0,0.05400634755133099
1700430285,0.2839698439962638,0.27414693036521437,0.034997234978816016,0.0,0.13370428039465515,1090500503.473129,545586641.2124408,10.914457033465286,14.666441523550443,8.84265847759627,6515.0,0.0,0.0,50.0,1.0,34.0,0.009822913631049424
1700430286,0.28345794738729085,0.23975038253480202,0.05495643704093759,0.0,0.11730761278349348,1090690959.2289872,545775540.7728932,19.563082662747583,12.953712677767138,8.676040675416981,6515.0,0.0,0.0,42.0,1.0,34.0,0.043707564852488834
1700430287,0.278120610357755,0.27704069274273596,0.01742395946553181,0.0,0.056567257308085594,1090875826.7681446,545904367.9225259,15.454272408613964,6.429368515211155,8.946130728883821,6515.0,0.0,0.0,40.0,1.0,34.0,0.0010799176150190215
1700430288,0.23558194700805785,0.30877533454945066,0.05100100787382812,0.0,0.22825226438214524,1091030149.7655056,546034322.2648486,12.375208745065015,19.252139720230446,9.046142926721286,6515.0,0.0,0.0,51.0,1.0,34.0,0.07319338754139282
1700430289,0.306883729340754,0.3168042116061478,0.027166692262223614,0.0,0.2699753150801981,1091125008.1664581,546104883.2005221,11.722098553665276,16.894405348033345,8.808821528820014,6515.0,0.0,0.0,41.0,1.0,34.0,0.009920482265393826
1700430290,0.26579855109895895,0.31642472791844445,0.035745186968488656,0.0,0.1608411436503764,1091246500.7659075,546261877.1886045,8.348901369466528,21.167706120545137,8.856956567600285,6515.0,0.0,0.0,41.0,1.0,34.0,0.0506261768194855
1700430291,0.23496448418980578,0.22777145614871439,0.035394054585778434,0.0,0.14306345116807764,1091469697.135348,546405292.4131788,6.218780233290335,16.64560079366462,8.809387913815092,6515.0,0.0,0.0,43.0,1.0,34.0,0.007193028041091398
1700430292,0.3015419433254627,0.299168297035325,0.03067756254738134,0.0,0.23971544543288384,1091579482.9477844,546483873.1462253,13.55959090300119,15.354561924287928,8.905981744839213,6515.0,0.0,0.0,52.0,1.0,34.0,0.0023736462901376987
1700430293,0.21576488501841734,0.25202515665439457,0.06484016558974645,0.0,0.13173797340728105,1091679782.0648441,546668234.3478404,15.648947936957782,14.150233451586898,8.9901307052445,6515.0,0.0,0.0,48.0,1.0,34.0,0.036260271635977226
1700430294,0.2716964753596678,0.3187836666994595,0.03044516060126067,0.0,0.2608096339098197,1091854254.7504396,546792062.5825406,12.688886533068715,10.442199298256236,8.575325380001372,6515.0,0.0,0.0,51.0,1.0,34.0,0.04708719133979172
1700430295,0.2746581582803279,0.3129145508525023,0.04445941980340793,0.0,0.02,1092005515.5042212,546938823.5693889,15.545765705825023,7.992051372825513,8.79571334208054,6515.0,0.0,0.0,42.0,1.0,34.0,0.03825639257217439
1700430296,0.26324278185425837,0.32172669529416176,0.039324438297940724,0.0,0.2672926140402815,1092147425.0016527,547131793.3423564,18.484489228493764,16.8345654377923,9.097150246241908,6515.0,0.0,0.0,44.0,1.0,34.0,0.05848391343990339
1700430297,0.23655936439538972,0.26216717854820315,0.020543849563355636,0.0,0.17015063798986135,1092279154.2429597,547246577.5539483,18.849696724348682,9.684760844479795,8.764158610736635,6515.0,0.0,0.0,43.0,1.0,34.0,0.025607814152813435
1700430298,0.28035697586152203,0.2851909552503871,0.05971089871219678,0.0,0.1742493605347752,1092483940.7177043,547397280.6926965,12.332104076280132,13.7880179549592,8.871463998979523,6515.0,0.0,0.0,47.0,1.0,34.0,0.004833979388865095
1700430299,0.2909684043624782,0.277245429637453,0.05694305306862686,0.0,0.15720048694328786,1092618896.2358196,547587541.3475224,20.944631910137737,12.383803583943482,8.734915105306284,6515.0,0.0,0.0,48.0,1.0,34.0,0.01372297472502515
1700430300,0.3368028117938401,0.2805159995033536,0.03793774889032192,0.0,0.2108741943551228,1092800861.878898,547752946.8906369,12.521758273446167,15.209813413916763,8.64481279066944,6515.0,0.0,0.0,41.0,1.0,34.0,0.05628681229048649
1700430301,0.35057354599195234,0.35128585455446637,0.019435513386830094,0.0,0.24548836862593218,1092903654.3848095,547867351.47828,19.400462111611684,7.114246194947521,8.883669224528727,6515.0,0.0,0.0,41.0,1.0,34.0,0.0007123085625140302
1700430302,0.2810099752569412,0.3414656732848001,0.0302044645112505,0.0,0.07956922171628984,1093045222.3881137,547939672.2298019,13.782149350680767,6.578225408934967,8.866059551436132,6515.0,0.0,0.0,44.0,1.0,34.0,0.060455698027858884
1700430303,0.31274074630786697,0.2648324883079214,0.04898403973627645,0.0,0.11510535468265728,1093181012.7199051,548110509.0193565,17.073334296478976,10.671218178368155,8.974048681215837,6515.0,0.0,0.0,50.0,1.0,34.0,0.04790825799994558
1700430304,0.3154688094079969,0.2787141803631051,0.041205238315926256,0.0,0.11736790117213196,1093316519.365202,548238986.7841436,22.04884033445358,11.35432874089253,8.840505120075308,6515.0,0.0,0.0,51.0,1.0,34.0,0.036754629044891796
1700430305,0.33895431430778533,0.295942438503872,0.039951484214214614,0.0,0.1859766237135559,1093489603.892759,548293873.3573831,14.53994534085061,13.886853193552733,8.973000569339954,6515.0,0.0,0.0,44.0,1.0,34.0,0.04301187580391336
1700430306,0.2737653873110207,0.2815593907620637,0.009981126379433866,0.0,0.15478920581930056,1093601159.4098303,548478026.2689499,16.099394041737344,5.81702909150967,8.55508585818128,6515.0,0.0,0.0,49.0,1.0,34.0,0.00779400345104303
1700430307,0.2243219062530861,0.28815158763797444,0.033041260300759163,0.0,0.3399505078570193,1093685325.6304188,548547351.298237,13.430775615185734,13.018862938464409,8.972838049971445,6515.0,0.0,0.0,42.0,1.0,34.0,0.06382968138488834
1700430308,0.3191468442078961,0.31750725801330915,0.0343102088130247,0.0,0.05840310117318352,1093930344.5121539,548669423.4877797,17.958326846377208,10.225445667462862,8.734313427511504,6515.0,0.0,0.0,46.0,1.0,34.0,0.0016395861945869283
1700430309,0.32603171571351,0.3054712003857541,0.040127772774670646,0.0,0.18515203765410637,1094159265.2818139,548807350.1317081,17.755902073227553,10.253167461026257,8.701497707190578,6515.0,0.0,0.0,46.0,1.0,34.0,0.02056051532775588
1700430310,0.3242334760061481,0.2596797899605445,0.04122580596975356,0.0,0.2501908724669589,1094307201.5165336,548904282.0103452,14.96765521740952,13.927810678709601,8.61722648831469,6515.0,0.0,0.0,45.0,1.0,34.0,0.06455368604560358
1700430311,0.2967573251089866,0.2928886143899534,0.06767121524585915,0.0,0.12132254075184548,1094410985.2279463,548957748.6032082,9.656933607187089,11.75517244509848,8.92932244594087,6515.0,0.0,0.0,41.0,1.0,34.0,0.0038687107190332193
1700430312,0.23274493899448645,0.3494068059115438,0.01821101088816221,0.0,0.2650267770969269,1094551448.0144136,549058996.8783782,13.156075935149122,10.958760303042403,8.651517230737074,6515.0,0.0,0.0,40.0,1.0,34.0,0.11666186691705738
1700430313,0.2138044277028826,0.312205578120448,0.06657050892689578,0.0,0.2376519170287273,1094730909.8104095,549164275.722312,13.591827161913203,17.959975940500314,8.594567185205928,6515.0,0.0,0.0,51.0,1.0,34.0,0.09840115041756542
1700430314,0.23209631776422315,0.2808240265574929,0.02217670506483484,0.0,0.08577085583358278,1094824456.3261535,549223223.9552119,11.670039934519192,17.270467322909944,8.903872564979848,6515.0,0.0,0.0,41.0,1.0,34.0,0.048727708793269736
1700430315,0.26694819160373434,0.2808057483403381,0.0542783491979912,0.0,0.03601029633052874,1095029765.5350387,549368102.3261847,16.816693971148233,9.30236917178021,8.990166697295368,6515.0,0.0,0.0,48.0,1.0,34.0,0.013857556736603771
1700430316,0.3554409102324697,0.26869658518582046,0.044821970342185685,0.0,0.05396440217885187,1095135332.5713336,549462093.5136921,12.459176169557088,9.98455499770579,8.526081659974833,6515.0,0.0,0.0,42.0,1.0,34.0,0.08674432504664925
1700430317,0.28808742512617974,0.24793559662852044,0.05181672931309309,0.0,0.20866461677283826,1095361571.0900722,549549150.6214269,19.212343565843277,13.178005519197333,8.60268090829122,6515.0,0.0,0.0,51.0,1.0,34.0,0.0401518284976593
1700430318,0.3169636663056796,0.3268865911049687,0.028517350597998377,0.0,0.22848819656022026,1095485212.5979607,549654457.7135334,22.10582921990843,11.550871121901165,8.958305040613695,6515.0,0.0,0.0,53.0,1.0,34.0,0.009922924799289079
1700430319,0.29915099027719133,0.2854302684635486,0.040377224531796735,0.0,0.13255639149659287,1095580258.2766032,549789509.9882734,13.057239142753597,12.896201810535624,8.964804499147002,6515.0,0.0,0.0,45.0,1.0,34.0,0.013720721813642756
1700430320,0.3207734961422867,0.30292418359104023,0.06265322480672082,0.0,0.16479463209875908,1095741023.799228,549946337.6465904,11.285857698844843,15.713982975637714,8.663087577017489,6515.0,0.0,0.0,40.0,1.0,34.0,0.017849312551246443
1700430321,0.26556943432465835,0.3297901891560792,0.06151772353285532,0.0,0.20740866128376975,1095962580.449516,550097755.6390431,13.079210243586392,14.749398521806246,8.78686133713041,6515.0,0.0,0.0,44.0,1.0,34.0,0.06422075483142087
1700430322,0.27902717134765664,0.28516089277015805,0.026564842500245992,0.0,0.20373099061239303,1096062304.6607058,550208386.4182467,9.025073073988377,6.067046134955381,8.552383413524668,6515.0,0.0,0.0,54.0,1.0,34.0,0.006133721422501404
1700430323,0.3456497886015282,0.30471372768842464,0.033270129660343616,0.0,0.16995065122672617,1096231943.8644955,550385240.5120485,23.42862070147973,12.632577921510835,8.90002146046587,6515.0,0.0,0.0,47.0,1.0,34.0,0.040936060913103534
1700430324,0.20756905368737266,0.3008519065261835,0.02506857131141698,0.0,0.163270377945158,1096398437.0454526,550506620.8654505,13.133795804266315,9.733160582330907,8.917153614381556,6515.0,0.0,0.0,45.0,1.0,34.0,0.09328285283881083
1700430325,0.2853315038524752,0.30291202102219034,0.04931802936727042,0.0,0.16872846854189844,1096523782.3382823,550602290.6731098,17.916178697312574,2.1975747432436954,8.677426063155316,6515.0,0.0,0.0,49.0,1.0,34.0,0.01758051716971515
1700430326,0.2801527913544056,0.30406995922806607,0.00915275044695505,0.0,0.08071028575805526,1096686867.182617,550667460.0314449,18.346736202579596,9.03653381448057,9.099477956203915,6515.0,0.0,0.0,42.0,1.0,34.0,0.023917167873660494
1700430327,0.2741392891568987,0.2798620189699856,0.023813948445777725,0.0,0.20912857512002572,1096868092.3031876,550767658.9802194,10.243386560624353,15.687395879968738,8.656010895180154,6515.0,0.0,0.0,50.0,1.0,34.0,0.005722729813086858
1700430328,0.2793605674401032,0.30207819253841595,0.06703946632708913,0.0,0.18836632981059653,1097089443.7542765,550851766.8816262,15.563874274788311,7.267473107734997,9.16738899930294,6515.0,0.0,0.0,42.0,1.0,34.0,0.022717625098312766
1700430329,0.32907169863164265,0.33446039071779077,0.010280261486416916,0.0,0.2414451926780276,1097201142.5033956,550989964.5095611,17.159480553552537,15.635162636212488,8.705417450612348,6515.0,0.0,0.0,53.0,1.0,34.0,0.005388692086148117
1700430330,0.3893089359239948,0.31293016180376765,0.035245104697494936,0.0,0.21711573485054111,1097408661.992363,551157729.6650879,19.205168638587672,12.764562003135254,8.655893158356676,6515.0,0.0,0.0,42.0,1.0,34.0,0.07637877412022714
1700430331,0.28556078503346555,0.3048521136880679,0.031207736721936573,0.0,0.2071741372612922,1097553351.8149076,551210839.688377,12.214547996522128,12.574238636730067,8.663669184592957,6515.0,0.0,0.0,53.0,1.0,34.0,0.01929132865460237
1700430332,0.332765023475384,0.2970542904817518,0.03206471336138513,0.0,0.273463853761016,1097759075.5403035,551356353.6933838,18.49901790714811,11.703612376069607,8.825090936667793,6515.0,0.0,0.0,45.0,1.0,34.0,0.0357107329936322
1700430333,0.23124451119117956,0.2426245457999394,0.058581021990075303,0.0,0.2599434070248038,1097853238.1146977,551515134.0885518,19.076779774863713,11.878929433872168,8.928354381645425,6515.0,0.0,0.0,49.0,1.0,34.0,0.011380034608759831
1700430334,0.30903486743229563,0.3159259372473103,0.04964421199714201,0.0,0.2337242394814853,1098039186.5860329,551649208.2937037,13.085484545528148,11.66424297861406,8.684014297403479,6515.0,0.0,0.0,50.0,1.0,34.0,0.006891069815014639
1700430335,0.30247816608228856,0.26477918041388854,0.024216887894669976,0.0,0.15407408914845372,1098231393.5042188,551707157.4613922,11.066646844470537,18.989590352635727,8.923427514587308,6515.0,0.0,0.0,50.0,1.0,34.0,0.03769898566840002
1700430336,0.27546440007188866,0.30986300684596246,0.0486035784344587,0.0,0.2630318730182256,1098408013.9606824,551806350.4016201,15.746922339076738,18.049124938053023,9.025632771288441,6515.0,0.0,0.0,50.0,1.0,34.0,0.0343986067740738
1700430337,0.2681188031989615,0.25734523740137666,0.024174429019051744,0.0,0.14219431561244952,1098538080.8460262,551857494.7222455,10.312033376171556,15.03370628698324,8.60697064939848,6515.0,0.0,0.0,42.0,1.0,34.0,0.010773565797584816
1700430338,0.29637250543034205,0.2720917744669939,0.07127801450606722,0.0,0.1886537671668994,1098619726.6731777,552049745.8867704,14.916944705836176,9.613790359409464,8.662734380979428,6515.0,0.0,0.0,50.0,1.0,34.0,0.02428073096334815
1700430339,0.2419264010817242,0.31410324595410893,0.039630932919232024,0.0,0.20432534258883428,1098712972.5209303,552248782.3563604,8.548957533278038,20.2341351474728,8.831977486626267,6515.0,0.0,0.0,42.0,1.0,34.0,0.07217684487238474
1700430340,0.2686507177824167,0.30105332531126033,0.05026583116505081,0.0,0.20648727024931895,1098801042.2822142,552343908.3632401,18.49775142895103,12.518423399140989,8.738020879515057,6515.0,0.0,0.0,46.0,1.0,34.0,0.03240260752884361
1700430341,0.22926538915077582,0.321744768183027,0.07074155169631313,0.0,0.32595683325622926,1098899630.0419285,552454829.826014,15.593768228917755,22.821605737698675,8.790012018199247,6515.0,0.0,0.0,51.0,1.0,34.0,0.09247937903225117
1700430342,0.26037170335292703,0.32272859122025876,0.03541799051064812,0.0,0.17871379968488654,1099008511.470199,552515913.855302,17.13674716643504,7.759644611571696,8.871443511917956,6515.0,0.0,0.0,40.0,1.0,34.0,0.062356887867331734
1700430343,0.29185783581840374,0.2710517798717272,0.01099344108198539,0.0,0.11534878642159242,1099160040.379875,552572586.8915302,12.105974499806301,12.50657423659165,8.886457236449422,6515.0,0.0,0.0,41.0,1.0,34.0,0.02080605594667656
1700430344,0.23764869490723597,0.36473623496819935,0.04665754596526081,0.0,0.2575599722734714,1099357838.0199068,552624890.5327693,14.268676556135642,15.460193404978426,8.946689359639665,6515.0,0.0,0.0,49.0,1.0,34.0,0.12708754006096337
1700430345,0.2980022142844275,0.2804401481454707,0.032761376987971325,0.0,0.15100994837929307,1099485873.9911473,552758630.3253311,10.123670056434891,12.206630942574384,8.890374435119291,6515.0,0.0,0.0,51.0,1.0,34.0,0.017562066138956833
1700430346,0.3667545634949491,0.27873812608470816,0.07255855505300615,0.0,0.1659692984989219,1099713980.9811447,552934463.050219,9.361007525815117,9.773558467171766,8.743971768263156,6515.0,0.0,0.0,52.0,1.0,34.0,0.08801643741024096
1700430347,0.2899180820291903,0.3333734918206712,0.024651950856632136,0.0,0.19597278902834045,1099820569.669408,553011338.1706153,14.57726028395186,5.711447231905312,8.696078806245279,6515.0,0.0,0.0,53.0,1.0,34.0,0.04345540979148094
1700430348,0.25234842728385476,0.321242683947368,0.02021082414926353,0.0,0.13564678185280674,1099995672.2505746,553183451.2415978,14.465899743533019,19.13287895796449,8.636041443517474,6515.0,0.0,0.0,51.0,1.0,34.0,0.06889425666351323
1700430349,0.2709945251735292,0.3260403864970343,0.048829810161742926,0.0,0.2151335578015077,1100210841.5069885,553254722.9379212,14.512348117945347,17.158368886528237,8.776919808592886,6515.0,0.0,0.0,44.0,1.0,34.0,0.05504586132350514
1700430350,0.3264820982484933,0.3593102509525564,0.030690970698348592,0.0,0.0827503979984281,1100445692.663607,553378824.406702,6.740029231919045,12.88654307643606,8.855665771210713,6515.0,0.0,0.0,51.0,1.0,34.0,0.03282815270406314
1700430351,0.29888729411138515,0.2608862273116125,0.04091139970707679,0.0,0.14847275079885064,1100542789.403219,553511201.7975334,12.355946260138307,9.551632665281513,8.920954079193114,6515.0,0.0,0.0,49.0,1.0,34.0,0.038001066799772665
1700430352,0.3166583779662741,0.24846240507175105,0.004740645606069405,0.0,0.21568207284744179,1100661162.9264092,553580859.1544424,21.168445292727842,17.111285957393626,8.966092448530723,6515.0,0.0,0.0,51.0,1.0,34.0,0.06819597289452306
1700430353,0.302767652983385,0.23981635535939905,0.04579992864215019,0.0,0.09621631047034297,1100835648.634141,553763219.2521583,15.982805634955232,7.954978589851669,8.852352149815312,6515.0,0.0,0.0,49.0,1.0,34.0,0.06295129762398594
1700430354,0.26873126488619514,0.3140376216512181,0.0634587605693529,0.0,0.11712877513997616,1100979193.9518182,553905941.6434997,9.617298474649424,10.771078633013433,8.951429502279554,6515.0,0.0,0.0,49.0,1.0,34.0,0.04530635676502298
1700430355,0.3192110098770388,0.29305173802903406,0.043523761971868496,0.0,0.19382664788080117,1101094131.6706436,554083546.2628819,5.509582305178517,9.49036439060836,8.760021851186792,6515.0,0.0,0.0,44.0,1.0,34.0,0.02615927184800476
1700430356,0.3305021784014251,0.26178881030561585,0.04534246358155711,0.0,0.1881324626629454,1101343526.2524478,554139645.0107228,10.925384977858354,9.385669940410784,8.883646348613524,6515.0,0.0,0.0,49.0,1.0,34.0,0.06871336809580925
1700430357,0.23505300062560416,0.27397849959960796,0.031628947425583975,0.0,0.18601741915406503,1101523082.172941,554262794.9811599,11.659942284624613,10.425343345891221,8.853423673235469,6515.0,0.0,0.0,48.0,1.0,34.0,0.0389254989740038
1700430358,0.3486709798839508,0.3875615131008403,0.024088570145496268,0.0,0.286655356200499,1101707849.193583,554341053.720992,19.53485117243102,11.861288534510454,8.937693152671399,6515.0,0.0,0.0,51.0,1.0,34.0,0.03889053321688951
1700430359,0.2940262379572551,0.21133872470375292,0.041851994756290714,0.0,0.21011482788278618,1101871992.923398,554401716.8317416,14.725943086960237,14.124111572835915,8.80027710542493,6515.0,0.0,0.0,41.0,1.0,34.0,0.08268751325350215
1700430360,0.22528123828662705,0.2979960453578358,0.02358249543403936,0.0,0.20111041652633685,1102110316.0281835,554540505.6869789,16.826372927092144,12.583346547180412,8.783524595988645,6515.0,0.0,0.0,51.0,1.0,34.0,0.07271480707120875
1700430361,0.27227214955958273,0.31457306171001836,0.011281361452556472,0.0,0.13084862559979926,1102232863.121941,554716596.1538725,13.77805091445268,10.592389256520507,8.759456106382796,6515.0,0.0,0.0,52.0,1.0,34.0,0.04230091215043563
1700430362,0.3276390533687977,0.26531473113279674,0.05366328656447344,0.0,0.23608645416914212,1102314572.9044662,554913971.7416962,17.530631173751228,11.787649992503725,8.747114759954954,6515.0,0.0,0.0,45.0,1.0,34.0,0.06232432223600093
1700430363,0.2873095644439661,0.2875981693647263,0.02260537967601991,0.0,0.27543858098979535,1102460366.4967356,555101825.6782627,16.43229793032008,19.085214355958975,8.809329416553426,6515.0,0.0,0.0,48.0,1.0,34.0,0.00028860492076021593
1700430364,0.2186030971573633,0.3188212473435762,0.017786232167265936,0.0,0.2368923983298754,1102634064.096312,555202953.9381043,12.554430141556285,13.965235162801896,8.83616717757502,6515.0,0.0,0.0,50.0,1.0,34.0,0.10021815018621288
1700430365,0.35564454777192395,0.29975662303952794,0.047768904519910754,0.0,0.11868982678721476,1102876468.9280655,555302453.3827258,20.119167516555155,12.030721657769634,8.907599413968436,6515.0,0.0,0.0,44.0,1.0,34.0,0.05588792473239601
1700430366,0.23490525769757434,0.273277857256226,0.02813068340779938,0.0,0.12913335486437558,1103004487.6428454,555364254.0943778,7.360973145045817,6.947091237747718,8.577229470948458,6515.0,0.0,0.0,51.0,1.0,34.0,0.03837259955865166
1700430367,0.2940412527787045,0.2907644703839491,0.05584012687136827,0.0,0.10398868716557605,1103146070.3407402,555421594.0440515,11.656978231311848,10.096920512523887,8.941445529283428,6515.0,0.0,0.0,49.0,1.0,34.0,0.0032767823947554287
1700430368,0.306938157260222,0.21344114841908085,0.032806305753139434,0.0,0.1809266657534522,1103366151.7138407,555586684.9264194,10.42808430615287,13.178496886028178,9.125545217216883,6515.0,0.0,0.0,44.0,1.0,34.0,0.09349700884114115
1700430369,0.2780188194639824,0.30890309512311015,0.0489965099342972,0.0,0.3381635376170176,1103587815.0516632,555785922.8717104,10.633697162707687,15.81350397965372,8.868804018617679,6515.0,0.0,0.0,44.0,1.0,34.0,0.03088427565912777
1700430370,0.2987635178363004,0.2855131275601378,0.0808776482609775,0.0,0.1738400053395903,1103768507.4629326,555971133.3787127,11.568131697420554,17.69432863447574,8.676179701615625,6515.0,0.0,0.0,45.0,1.0,34.0,0.013250390276162594
1700430371,0.2831409234812187,0.2768706566145827,0.00655250104886497,0.0,0.21093583431370638,1103897643.8205886,556022220.6609857,15.40022947004736,11.501763454165483,8.487416203176974,6515.0,0.0,0.0,40.0,1.0,34.0,0.0062702668666360095
1700430372,0.2993256305520406,0.2674379995732465,0.019703157774600664,0.0,0.2681517730125919,1104067284.0058205,556131452.7652868,11.96047009341709,11.06867067843167,8.625116014022483,6515.0,0.0,0.0,40.0,1.0,34.0,0.0318876309787941
1700430373,0.4157093656048706,0.32320758263246285,0.04729687844254628,0.0,0.15792280044704005,1104248458.5540721,556183592.9075687,15.047152302894895,14.897157817483079,9.089093482637297,6515.0,0.0,0.0,41.0,1.0,34.0,0.09250178297240774
1700430374,0.34130649155437454,0.24322195499949095,0.04224456608163593,0.0,0.25702594770675424,1104352520.420643,556313550.664412,12.615209085383947,4.687521537537156,8.748650731551093,6515.0,0.0,0.0,41.0,1.0,34.0,0.09808453655488358
1700430375,0.20721756356236473,0.3354369846349668,0.03559830660303362,0.0,0.15941102218825376,1104530144.1617584,556433355.8393973,9.84634182861427,12.459707085657044,8.652100529787136,6515.0,0.0,0.0,48.0,1.0,34.0,0.12821942107260206
1700430376,0.283266772743673,0.30621755754176705,0.03888324134503785,0.0,0.16770716858428547,1104747554.6644177,556506972.2128788,20.43776351632329,7.467363458602457,8.643978897722516,6515.0,0.0,0.0,42.0,1.0,34.0,0.022950784798094037
1700430377,0.3264165775084029,0.27034571032735943,0.04532085332575875,0.0,0.22670895042716396,1104970046.3154037,556665605.2038326,15.325939984585784,12.581580120280478,8.761976745063487,6515.0,0.0,0.0,54.0,1.0,34.0,0.05607086718104348
1700430378,0.2755880827270811,0.3446883842491275,0.040206470120219086,0.0,0.22303320798803078,1105077646.4336388,556853077.1908175,15.081585678955314,13.914115537570563,8.600077857502797,6515.0,0.0,0.0,51.0,1.0,34.0,0.06910030152204644
1700430379,0.3036154048756279,0.28995512866572326,0.04558021302488821,0.0,0.17419014256962764,1105299753.7000308,556993658.115339,18.643172915029975,8.918687545044085,8.74206456994324,6515.0,0.0,0.0,43.0,1.0,34.0,0.01366027620990462
1700430380,0.3166120836938824,0.32680152935854256,0.01067121934458418,0.0,0.1653538719435739,1105388509.3335714,557103189.0130996,15.819970166681259,6.833780473357847,8.7860155360138,6515.0,0.0,0.0,53.0,1.0,34.0,0.01018944566466018
1700430381,0.3350633931087517,0.27714374469594105,0.03799811121494825,0.0,0.15773059983702167,1105503571.1354394,557255668.1285286,14.29209830477907,10.929459690346722,8.966689092537539,6515.0,0.0,0.0,43.0,1.0,34.0,0.057919648412810665
1700430382,0.28005991147159814,0.24938311847455302,0.04977426011408828,0.0,0.0864429914782608,1105748530.7462764,557372828.4447098,7.1046078324429205,10.724131120147103,8.743032323814301,6515.0,0.0,0.0,46.0,1.0,34.0,0.03067679299704512
1700430383,0.2766122083449674,0.3306476319200695,0.0053282478585818735,0.0,0.2508172932931413,1105940287.8164916,557564734.3303419,14.829227553760404,12.472180927994113,8.628897882776064,6515.0,0.0,0.0,47.0,1.0,34.0,0.054035423575102104
1700430384,0.22192531849533387,0.3218195469872211,0.06746229902293288,0.0,0.3590357401785742,1106118651.8947058,557718381.933764,14.927064414452433,14.374753357067897,8.710383983268443,6515.0,0.0,0.0,48.0,1.0,34.0,0.09989422849188723
1700430385,0.2917277203400484,0.2755252999683243,0.026965840254584615,0.0,0.12936628455010124,1106285994.7305717,557803291.3096024,12.220589720441557,5.538037756354634,8.843029807860416,6515.0,0.0,0.0,41.0,1.0,34.0,0.01620242037172409
1700430386,0.2774128256564215,0.32925189291563395,0.045609022721746585,0.0,0.12281853210128493,1106450224.358097,557916882.9643878,8.352241849679526,19.174899153834993,9.07394023101181,6515.0,0.0,0.0,44.0,1.0,34.0,0.051839067259212446
1700430387,0.2167862634933916,0.2822958965246343,0.026208891267926998,0.0,0.1639976334425855,1106571478.5403724,557998436.4960967,17.922666278991407,18.591095100653195,8.873411602975878,6515.0,0.0,0.0,52.0,1.0,34.0,0.06550963303124271
1700430388,0.2687873719665161,0.281552126943826,0.07335701426519521,0.0,0.16618531162074618,1106749956.0859494,558123160.3271785,12.138487674560228,8.247011976496509,8.821371718922556,6515.0,0.0,0.0,40.0,1.0,34.0,0.012764754977309889
1700430389,0.3296790595499784,0.2799435174223748,0.05245871247213203,0.0,0.2388354668282469,1106932734.0667634,558182130.1165118,13.034036447879354,15.64227933572162,8.944297986706767,6515.0,0.0,0.0,54.0,1.0,34.0,0.049735542127603616
1700430390,0.3320009782005412,0.34833082581649066,0.02179684218996878,0.0,0.1577005553402306,1107095874.904375,558247785.9495927,15.001369809541835,14.779484736429076,9.13565814955518,6515.0,0.0,0.0,51.0,1.0,34.0,0.016329847615949467
1700430391,0.2189209940059695,0.29390441199689643,0.0138028576353975,0.0,0.2759141720439481,1107228384.4934843,558368887.7656437,14.190478329250276,14.066964978634548,8.372987137292247,6515.0,0.0,0.0,46.0,1.0,34.0,0.07498341799092692
1700430392,0.2834856734933809,0.2859029337642354,0.04825404413534552,0.0,0.227212878726734,1107385882.9632616,558495032.8865677,17.310523302531745,18.280753996405288,8.796278591630246,6515.0,0.0,0.0,42.0,1.0,34.0,0.0024172602708545377
1700430393,0.24618613199656916,0.3161706044128389,0.057229845337445746,0.0,0.13926836075532234,1107635864.036454,558690151.6714151,15.625413811313061,10.297732885497402,8.733250835032713,6515.0,0.0,0.0,47.0,1.0,34.0,0.06998447241626973
1700430394,0.2954536278605804,0.31517811689314496,0.015142929124284082,0.0,0.10825289208129385,1107781764.4664583,558857490.2628338,10.909042185269147,6.761426895414705,8.95136103812102,6515.0,0.0,0.0,51.0,1.0,34.0,0.019724489032564574
1700430395,0.22442281484074605,0.24743253217538005,0.040985429786081225,0.0,0.1043052739131139,1107884850.759742,559051965.0113647,9.752275471658507,15.063670587881301,8.614856925822913,6515.0,0.0,0.0,51.0,1.0,34.0,0.023009717334634
1700430396,0.330715600538474,0.3435736004568335,0.019866916774776068,0.0,0.16443844019591983,1108004367.375668,559206391.953614,8.610706694076917,8.078780191988407,8.741543246332037,6515.0,0.0,0.0,43.0,1.0,34.0,0.012857999918359508
1700430397,0.303910732874103,0.2771929047447912,0.021809996267688713,0.0,0.277439116283702,1108252800.780748,559302496.2225815,7.342304118085384,17.52115228169548,8.754924917483082,6515.0,0.0,0.0,45.0,1.0,34.0,0.026717828129311783
1700430398,0.2873873561803206,0.2630880392581086,0.0548094623984848,0.0,0.13863559408111928,1108444506.9815288,559460908.7378217,11.047976446315484,10.20617261269594,8.816495776188564,6515.0,0.0,0.0,40.0,1.0,34.0,0.02429931692221199
1700430399,0.2677964963453133,0.2501324671083369,0.04482020115376705,0.0,0.02,1108614714.4241538,559637056.8878969,7.716729159460279,17.24148687657662,8.5726908768282,6515.0,0.0,0.0,49.0,1.0,34.0,0.017664029236976353
1700430400,0.2386429525427125,0.3116210648776182,0.06907574027160343,0.0,0.20428311365047314,1108714565.209009,559715510.1485709,9.515176588694125,2.0,8.715853716916692,6515.0,0.0,0.0,42.0,1.0,34.0,0.0729781123349057
1700430401,0.2367130037357341,0.24866054366044077,0.008362296653338146,0.0,0.1508318550315607,1108894400.5884895,559852224.5267961,14.503957937648776,8.985818378542128,8.6476018524627,6515.0,0.0,0.0,49.0,1.0,34.0,0.01194753992470668
1700430402,0.339237146188464,0.32641577891258877,0.033473610814517094,0.0,0.1930810644482534,1109065610.5809789,560020848.3310003,7.978850111851924,14.21009864688136,8.937279162506202,6515.0,0.0,0.0,45.0,1.0,34.0,0.01282136727587524
1700430403,0.3004155015649605,0.28987031481091063,0.06443047347917012,0.0,0.16381930035429068,1109166255.9275587,560137219.124745,14.87907894540559,11.409235327969506,8.60715522497456,6515.0,0.0,0.0,51.0,1.0,34.0,0.010545186754049862
1700430404,0.28569702044149015,0.3310230695611992,0.03610033088294359,0.0,0.17019009162093693,1109414797.0908458,560337152.3919213,10.303619714787274,9.72050479890247,8.731200967692997,6515.0,0.0,0.0,43.0,1.0,34.0,0.045326049119709055
1700430405,0.37875078374202764,0.29836487122975436,0.03568144202683836,0.0,0.07009671447485055,1109533085.6878188,560533089.4036914,13.82406056388645,7.9652237364485305,8.849825443756089,6515.0,0.0,0.0,52.0,1.0,34.0,0.08038591251227328
1700430406,0.34370675801389866,0.27396666121899804,0.05975923258880443,0.0,0.16166160466147286,1109701818.3207011,560721198.4222262,9.736141778323779,11.265108875902884,8.582751809265526,6515.0,0.0,0.0,42.0,1.0,34.0,0.06974009679490062
1700430407,0.2706333064848801,0.23938996899665446,0.02471691182128826,0.0,0.08551952940825952,1109881076.188234,560917773.7023139,10.377139376347099,10.185138029433348,8.771611259741833,6515.0,0.0,0.0,51.0,1.0,34.0,0.031243337488225637
1700430408,0.2936461068890559,0.27938206283691147,0.05863321319120789,0.0,0.29013837975225387,1110073411.5048788,561085205.1617782,16.35538531795719,10.236249224802613,8.769064846493755,6515.0,0.0,0.0,45.0,1.0,34.0,0.014264044052144431
1700430409,0.3375511738760822,0.2814344576032921,0.0234275621190767,0.0,0.19252035455868627,1110280768.5029857,561244311.7554836,18.248859589848415,12.401347354659435,8.66406147803022,6515.0,0.0,0.0,45.0,1.0,34.0,0.05611671627279008
1700430410,0.25838635952302613,0.2528582416547164,0.012744880969056169,0.0,0.15284491858066995,1110501695.908921,561441904.6151667,15.074179454436447,15.17202124497243,8.660218442728914,6515.0,0.0,0.0,41.0,1.0,34.0,0.0055281178683097565
1700430411,0.2637485572939487,0.2834183351893688,0.021894127719428433,0.0,0.18280260708110935,1110686435.198249,561570584.4291257,23.09702060686631,9.053321132104063,8.713193162361891,6515.0,0.0,0.0,54.0,1.0,34.0,0.019669777895420126
1700430412,0.3010952006843143,0.25768563857133925,0.02974762627131386,0.0,0.13059342412393074,1110893229.4058774,561631694.3150483,15.986111841002629,7.7398730228645105,8.843895849815622,6515.0,0.0,0.0,54.0,1.0,34.0,0.04340956211297503
1700430413,0.25133552952501037,0.3016125118605555,0.022430058057983676,0.0,0.22089677399915608,1111004887.1259263,561732152.0854763,12.43322085256047,3.2718135292307977,9.12999383638775,6515.0,0.0,0.0,46.0,1.0,34.0,0.05027698233554512
1700430414,0.24826113335491523,0.2743456767142056,0.029722956022183174,0.0,0.1251825938023314,1111148773.5105894,561906904.3834748,10.465304635089375,10.08987765436106,8.897177791113945,6515.0,0.0,0.0,52.0,1.0,34.0,0.02608454335929039
1700430415,0.3217115729512101,0.2276881106143419,0.04155808895320834,0.0,0.22356966236845593,1111347680.1979194,562094318.4334037,18.402491492255294,9.077842768972353,8.921505967054733,6515.0,0.0,0.0,50.0,1.0,34.0,0.0940234623368682
1700430416,0.25742878307953915,0.2657732106303482,0.05756607800931497,0.0,0.2547964934419017,1111542048.1817598,562212757.3690879,20.912448477384846,9.449890368998169,8.843073234291227,6515.0,0.0,0.0,50.0,1.0,34.0,0.008344427550809053
1700430417,0.2837554111230431,0.27796751739882325,0.043652090170099814,0.0,0.23323636881161036,1111656464.3311315,562287913.0258124,10.902572060773245,8.63394667808843,8.842487295203059,6515.0,0.0,0.0,52.0,1.0,34.0,0.005787893724219839
1700430418,0.373518861698955,0.3107048228452993,0.01645994774991556,0.0,0.14822183706879943,1111818452.7505355,562453771.3289806,13.91556396213804,12.761905661552467,8.82993356071317,6515.0,0.0,0.0,47.0,1.0,34.0,0.06281403885365566
1700430419,0.2780597770010277,0.24372868820172544,0.05016653142955246,0.0,0.2324733912139032,1112018059.1452587,562638956.0087204,18.277005870496772,14.08170881482213,9.133733521107397,6515.0,0.0,0.0,50.0,1.0,34.0,0.034331088799302245
1700430420,0.2718678341579792,0.26615378166670317,0.05157164948741273,0.0,0.2760626118641595,1112123328.4033082,562776986.4730151,12.973670424772582,16.67298769952878,8.694479917659036,6515.0,0.0,0.0,45.0,1.0,34.0,0.005714052491276045
1700430421,0.2791962834512569,0.29791687382926235,0.05517172328075994,0.0,0.3162989947301469,1112267936.4298298,562956852.904303,15.999855120532928,5.5640035656848035,8.78770909839461,6515.0,0.0,0.0,48.0,1.0,34.0,0.01872059037800544
1700430422,0.28583425630823234,0.30311816605563086,0.03171649005716155,0.0,0.22575098886650202,1112500748.1544368,563027599.8245173,11.788944410912851,8.193756814875346,8.506872073182652,6515.0,0.0,0.0,47.0,1.0,34.0,0.017283909747398518
1700430423,0.25535035033982273,0.27875590325794336,0.0551765716294502,0.0,0.14877236344531114,1112630983.8752003,563146210.7871716,12.195247822526609,16.398870417627577,8.608170397303455,6515.0,0.0,0.0,50.0,1.0,34.0,0.02340555291812063
1700430424,0.3243423344601907,0.27094750119702926,0.011998547876949369,0.0,0.09340251406959932,1112750054.1909952,563199646.7254847,13.103679767536851,14.912978523447013,8.831202479696291,6515.0,0.0,0.0,50.0,1.0,34.0,0.05339483326316141
1700430425,0.32058471541982114,0.2966012815625214,0.01338374148968419,0.0,0.2050048181052826,1112863128.153284,563285568.0718348,15.482655045031217,10.50243183238881,8.821630168619766,6515.0,0.0,0.0,51.0,1.0,34.0,0.02398343385729973
1700430426,0.271060514644566,0.2832047462942232,0.02093380107420519,0.0,0.11422743777241628,1113104756.4936044,563372143.7268635,15.213702148594912,15.528571891113474,8.503722996318366,6515.0,0.0,0.0,41.0,1.0,34.0,0.012144231649657222
1700430427,0.23770880427629087,0.27318835975609723,0.024990494580390012,0.0,0.18861045449260944,1113301754.7593925,563503398.3953727,11.347367476767833,14.099195389044967,9.064565305407939,6515.0,0.0,0.0,40.0,1.0,34.0,0.03547955547980636
1700430428,0.2851214933840239,0.31484786017994937,0.04997872110934551,0.0,0.16001628185688,1113469766.1603541,563587059.9619486,12.221654753585963,11.630897349155294,8.81298429920292,6515.0,0.0,0.0,47.0,1.0,34.0,0.02972636679592544
1700430429,0.3246478984564314,0.3230509443112458,0.06048799379273749,0.0,0.1985197868073617,1113631530.1771355,563715860.9415587,11.564707605744221,13.161821114855355,8.909176231690317,6515.0,0.0,0.0,52.0,1.0,34.0,0.0015969541451855696
1700430430,0.27622234214132557,0.2812085857659072,0.0486073656732028,0.0,0.11282322571277979,1113800579.6054437,563819555.0600923,16.08603062109793,11.626135949122405,8.624250921026226,6515.0,0.0,0.0,45.0,1.0,34.0,0.00498624362458161
1700430431,0.25946989652407204,0.28271437819938827,0.03606609453486387,0.0,0.3128416201808265,1114014329.0980985,563879063.1194347,18.127945997766,13.426679536808539,8.86306154615569,6515.0,0.0,0.0,52.0,1.0,34.0,0.02324448167531623
1700430432,0.2825416421495999,0.3279780887320186,0.043921806789093645,0.0,0.21635495639478608,1114249550.697191,564024453.6634167,23.797714640243075,9.347466663646127,8.818776712144674,6515.0,0.0,0.0,42.0,1.0,34.0,0.04543644658241869
1700430433,0.21655143878807503,0.2731616344093114,0.03476515202115524,0.0,0.22022517999967708,1114354601.3342998,564167302.8948697,16.511294524326022,13.459915883481536,8.760583262500035,6515.0,0.0,0.0,49.0,1.0,34.0,0.05661019562123637
1700430434,0.2721309441782615,0.3802846627535842,0.04838518427820421,0.0,0.16578244124850516,1114507459.8675115,564328881.0608052,19.15191464706506,12.022140873820556,8.748135374173106,6515.0,0.0,0.0,40.0,1.0,34.0,0.10815371857532269
1700430435,0.3094582906911567,0.2969940686260257,0.028508256345455223,0.0,0.23064736431286448,1114627886.8402169,564477984.9695704,12.644734327748118,9.643537740296265,8.756777970544963,6515.0,0.0,0.0,45.0,1.0,34.0,0.012464222065131036
1700430436,0.2603963759989377,0.31198405913930277,0.04200887395197175,0.0,0.20149988434023366,1114729635.9121015,564569305.2131311,10.969603901247268,5.478165603476596,8.630691090920596,6515.0,0.0,0.0,41.0,1.0,34.0,0.05158768314036505
1700430437,0.261369640404048,0.31794405218603233,0.037876510425623976,0.0,0.1470291870531401,1114852285.7221785,564697486.9092077,11.325338401500451,7.803773508315687,8.734430921249883,6515.0,0.0,0.0,40.0,1.0,34.0,0.05657441178198436
1700430438,0.3109952915062468,0.24885700784389556,0.06380932508361954,0.0,0.3466475815667292,1114939308.8374798,564825696.9673649,14.01295003338556,16.2024613490328,8.764207381362882,6515.0,0.0,0.0,44.0,1.0,34.0,0.06213828366235122
1700430439,0.26739153775601704,0.2901106211991551,0.020642483051659923,0.0,0.07639675833424125,1115097204.61021,564909166.3325185,13.779509241834301,2.0,8.690884450404784,6515.0,0.0,0.0,46.0,1.0,34.0,0.022719083443138055
1700430440,0.3305858940024825,0.30216629906750614,0.006629944182839569,0.0,0.1686634223979109,1115228405.5063941,565101246.8248533,17.430198237118933,13.007906654342472,9.078595094960184,6515.0,0.0,0.0,44.0,1.0,34.0,0.028419594934976367
1700430441,0.20600138789089856,0.3412726052372395,0.0258190564807793,0.0,0.18037981264765912,1115418118.0061789,565272357.8104862,15.925030929148209,14.50578473078659,8.865656236785783,6515.0,0.0,0.0,53.0,1.0,34.0,0.13527121734634096
1700430442,0.3314333566174621,0.23735877354997884,0.04545293267400043,0.0,0.12852496285216802,1115665787.2790563,565357642.4145596,20.751063714920576,14.432759358231067,8.713918444392897,6515.0,0.0,0.0,43.0,1.0,34.0,0.09407458306748326
1700430443,0.2923430150618581,0.3445430777757771,0.05087243379173303,0.0,0.2093647472983578,1115849564.8148134,565447353.9751692,7.745279495361324,10.998023231603277,8.819551714761259,6515.0,0.0,0.0,47.0,1.0,34.0,0.05220006271391897
1700430444,0.32283773686324185,0.2591512011347551,0.0014409606424775762,0.0,0.16791913274355882,1116039901.3164747,565602506.2671394,10.332197940165585,17.259108381637493,8.819792872028872,6515.0,0.0,0.0,43.0,1.0,34.0,0.06368653572848676
1700430445,0.2971035381230942,0.23626388479504512,0.00011716999780547743,0.0,0.19718796781977482,1116185376.8580625,565726343.3548018,19.886271231055897,5.0543888384206355,9.077416503361786,6515.0,0.0,0.0,47.0,1.0,34.0,0.06083965332804908
1700430446,0.359705792035643,0.23999903493824695,0.03397887172506535,0.0,0.20110137424451177,1116324773.2732065,565870748.9745965,12.794463710910366,14.062869356078721,8.987361602898654,6515.0,0.0,0.0,49.0,1.0,34.0,0.11970675709739606
1700430447,0.2732951583309326,0.2883760860115014,0.08111811181188691,0.0,0.18874643670811786,1116425229.5031607,566045356.1396621,16.525884890028482,17.97980661853586,8.596649986603094,6515.0,0.0,0.0,46.0,1.0,34.0,0.01508092768056879
1700430448,0.23621283854773534,0.3212889100017269,0.0035985122346033002,0.0,0.12105034257232655,1116555149.0452735,566178650.4573817,12.498983406329163,5.874449419532597,8.546084948419121,6515.0,0.0,0.0,49.0,1.0,34.0,0.08507607145399154
1700430449,0.2915432818449519,0.3328274674048534,0.05972560668192467,0.0,0.22756472919831808,1116718247.1161163,566336735.3871529,7.075013619443907,6.74066071410009,8.884587251265097,6515.0,0.0,0.0,51.0,1.0,34.0,0.04128418555990154
1700430450,0.2796373753727226,0.2749306070047994,0.06880075895134338,0.0,0.13680488868592453,1116914499.435383,566520509.2402116,15.227741737385026,16.597771078538848,8.43692402958644,6515.0,0.0,0.0,48.0,1.0,34.0,0.00470676836792322
1700430451,0.23666396842400514,0.2651523064948071,0.03540350666335645,0.0,0.13265439313423721,1117147722.3435385,566599468.5433595,15.904896129723051,10.416601749357877,8.71432554963212,6515.0,0.0,0.0,43.0,1.0,34.0,0.02848833807080195
1700430452,0.31925608379732195,0.31718979174643896,0.03435788104315947,0.0,0.23739281097894815,1117317516.3148677,566692460.8930308,15.189554858946103,5.875000097518086,8.983606023728301,6515.0,0.0,0.0,54.0,1.0,34.0,0.0020662920508829896
1700430453,0.31839975731071957,0.2951890990940349,0.049782472561195404,0.0,0.12296477656682855,1117504894.6853952,566844214.8707726,18.860786205072923,2.0,8.803243672681527,6515.0,0.0,0.0,40.0,1.0,34.0,0.023210658216684665
1700430454,0.2638537504000524,0.3313495454946768,0.03267607513656794,0.0,0.313386531296449,1117624636.466034,566940610.0152886,11.146274184653908,15.374443996099913,8.636243980691479,6515.0,0.0,0.0,46.0,1.0,34.0,0.06749579509462444
1700430455,0.2963533128943575,0.32029916058742286,0.04902981046106607,0.0,0.21261476773555965,1117706148.290674,567085066.010963,21.77808277274327,14.101369185960994,8.732571814500176,6515.0,0.0,0.0,41.0,1.0,34.0,0.023945847693065347
1700430456,0.3750082430463718,0.2967857600969005,0.058301845991181746,0.0,0.2088533341964709,1117928009.8790488,567189328.7548968,8.865333516585299,8.420246153797574,8.843443087185232,6515.0,0.0,0.0,44.0,1.0,34.0,0.07822248294947132
1700430457,0.33318392134130875,0.22973182881079374,0.05813894243024685,0.0,0.2381391385929759,1118129867.4033828,567327754.3435142,12.726731954462544,17.397540452118974,9.172470782135859,6515.0,0.0,0.0,52.0,1.0,34.0,0.10345209253051502
1700430458,0.3219752517249448,0.2826169501096206,0.04979211903376887,0.0,0.1047190905763531,1118364696.6197412,567442528.0964277,11.314227913896328,11.789756521700669,8.92072761117061,6515.0,0.0,0.0,43.0,1.0,34.0,0.039358301615324165
1700430459,0.2798370427376067,0.37006799303787946,0.07538060743105315,0.0,0.11947149513835839,1118450082.2176135,567524815.9664276,12.604778055775192,4.773643566529515,8.860188877348017,6515.0,0.0,0.0,40.0,1.0,34.0,0.09023095030027278
1700430460,0.2224672245854693,0.34047258826381344,0.06603232774399548,0.0,0.07076906042179452,1118555733.4826365,567614009.4936376,10.265386312560992,14.190204166794674,8.770694448404186,6515.0,0.0,0.0,52.0,1.0,34.0,0.11800536367834413
1700430461,0.26192014494822885,0.28295816296611975,0.014225617747541098,0.0,0.10479337136156107,1118769717.9884992,567697045.5561484,13.786308684631694,15.916907591700383,8.907360151626992,6515.0,0.0,0.0,51.0,1.0,34.0,0.021038018017890903
1700430462,0.2748040311206148,0.29163592920305176,0.031056792150870986,0.0,0.10523911397703832,1118935871.0523725,567874188.4372959,13.371965596897393,5.835049022056142,8.645833527823115,6515.0,0.0,0.0,40.0,1.0,34.0,0.016831898082436958
1700430463,0.28905279646755844,0.2600441431461592,0.04613639463225297,0.0,0.2678867753927984,1119087194.8577902,567964024.949791,16.101205159340438,11.404157187412851,8.799629261976571,6515.0,0.0,0.0,51.0,1.0,34.0,0.029008653321399236
1700430464,0.29468510740196296,0.2913598940460645,0.05544248737892897,0.0,0.20703282065873183,1119208540.0568688,568148457.3085499,17.98144423315753,7.2918837456250385,9.007092172668148,6515.0,0.0,0.0,42.0,1.0,34.0,0.003325213355898471
1700430465,0.3016718953845348,0.318374231961138,0.06838579079191827,0.0,0.15858863499928777,1119308557.9352086,568273159.4956646,15.192169399101868,12.960803595881952,8.831595114575062,6515.0,0.0,0.0,49.0,1.0,34.0,0.016702336576603194
1700430466,0.2054055610669573,0.2586517473137443,0.024919478062340912,0.0,0.1898029414693685,1119487432.3117273,568348571.4349992,15.473248309235075,4.724533873821752,8.801208335710115,6515.0,0.0,0.0,52.0,1.0,34.0,0.05324618624678701
1700430467,0.27584865276574255,0.2983244525818223,0.06810544475116793,0.0,0.26817291727415815,1119711871.8124063,568436279.1427974,18.91698105890484,8.051183479966534,8.577346625500123,6515.0,0.0,0.0,52.0,1.0,34.0,0.022475799816079722
1700430468,0.23548944092817525,0.28355480587395987,0.03947445997596853,0.0,0.1646662230362468,1119866031.3913488,568550302.7534285,17.61077628269461,13.852409561425073,8.885085603614892,6515.0,0.0,0.0,53.0,1.0,34.0,0.04806536494578462
1700430469,0.29411499307066835,0.2904940799690434,0.003525299025026754,0.0,0.34722334230798024,1119964081.965143,568609083.9415721,14.566647216151948,9.948877680447199,9.151965719806311,6515.0,0.0,0.0,54.0,1.0,34.0,0.003620913101624934
1700430470,0.22081203417460138,0.31348270037881126,0.02740673975136136,0.0,0.24267714098903198,1120200076.1847894,568733147.7090179,17.318564322212218,8.474648497994291,9.068564525598815,6515.0,0.0,0.0,49.0,1.0,34.0,0.09267066620420988
1700430471,0.3054083271015991,0.3291535545791525,0.031219232853860274,0.0,0.23582251148599104,1120351297.1871946,568878990.1801047,8.311690755826255,10.401927885806689,8.670214409367413,6515.0,0.0,0.0,41.0,1.0,34.0,0.02374522747755342
1700430472,0.2568887063921195,0.2877778387578901,0.05269417068747982,0.0,0.27011929298415727,1120523413.9322145,569009034.8079817,14.381669791988893,12.554964325756512,8.764797585379254,6515.0,0.0,0.0,48.0,1.0,34.0,0.030889132365770566
1700430473,0.2927365205050737,0.32427807044792994,0.0290934647159077,0.0,0.1991732068558297,1120748463.6639006,569059413.6981318,15.624087214189409,12.180369525388913,8.78236509113955,6515.0,0.0,0.0,47.0,1.0,34.0,0.03154154994285624
1700430474,0.3008337768095291,0.2360863498092738,0.033501603479224824,0.0,0.23872248906357202,1120886055.2990515,569229766.4598235,11.696888295912983,10.853595378220756,8.584812838405865,6515.0,0.0,0.0,50.0,1.0,34.0,0.06474742700025532
1700430475,0.21632108378914788,0.27375938524450183,0.005555214886347894,0.0,0.13842528684870725,1120974087.0865037,569388377.8583548,19.45832004307866,5.893385617387656,8.749708513286413,6515.0,0.0,0.0,51.0,1.0,34.0,0.057438301455353946
1700430476,0.2788739372284525,0.27830380691264117,0.02891159350976963,0.0,0.39207123444615966,1121178043.7970688,569539341.7869368,21.79464958071562,17.799804472128034,8.94040161336293,6515.0,0.0,0.0,48.0,1.0,34.0,0.0005701303158113236
1700430477,0.20114173832504412,0.27649596336226545,0.06073325317581767,0.0,0.13201766126723863,1121358472.7592878,569644353.1360819,10.473212334947533,5.012463870693075,8.728494793751738,6515.0,0.0,0.0,41.0,1.0,34.0,0.07535422503722133
1700430478,0.34806003542922037,0.2417018031198619,0.04061178769679264,0.0,0.211750785273564,1121566650.0703251,569769188.2120323,21.794180631643805,12.35461225667026,8.825346502918816,6515.0,0.0,0.0,47.0,1.0,34.0,0.10635823230935848
1700430479,0.25594702116959483,0.310610400794056,0.05734127733607097,0.0,0.22787716589454843,1121698505.5563624,569820757.5672741,9.77491847004352,8.215422170262237,8.901632749645204,6515.0,0.0,0.0,43.0,1.0,34.0,0.05466337962446116
1700430480,0.30994728515301856,0.2974622003411611,0.061165565373129414,0.0,0.14789077998348132,1121924978.770639,569972102.2804343,16.124405588019748,13.669793537265639,8.948150172459776,6515.0,0.0,0.0,48.0,1.0,34.0,0.01248508481185745
1700430481,0.36551255606316,0.239028089757782,0.03202580713433889,0.0,0.20866454767764978,1122005444.450878,570167492.355117,16.873523371186202,12.068269146423788,8.819758881586557,6515.0,0.0,0.0,46.0,1.0,34.0,0.12648446630537802
1700430482,0.2106172445069909,0.2881305022639495,0.02577749159320459,0.0,0.056395353588610295,1122147515.6717417,570363823.4724034,7.868350112621978,15.426093476109752,8.621836777197567,6515.0,0.0,0.0,40.0,1.0,34.0,0.07751325775695858
1700430483,0.3045058975530527,0.2852057758661378,0.03710834669989145,0.0,0.24758862062762776,1122296389.6856039,570457533.7919616,13.593691000999433,12.011348388680632,8.545260565569631,6515.0,0.0,0.0,43.0,1.0,34.0,0.019300121686914862
1700430484,0.3877619733021206,0.2531509456562131,0.0011791148002645163,0.0,0.12038762841681899,1122522134.3687305,570635719.3356364,17.55173866447303,8.802624262932248,8.894011956853811,6515.0,0.0,0.0,42.0,1.0,34.0,0.1346110276459075
1700430485,0.3293137549265392,0.2878949457821731,0.0046964993386686,0.0,0.1520237021398228,1122724132.8822203,570706690.4081483,17.24388976946003,10.816472143030374,8.882888956812094,6515.0,0.0,0.0,43.0,1.0,34.0,0.041418809144366076
1700430486,0.2508736820103516,0.28935874846933063,0.048447669850371425,0.0,0.21174470282184865,1122939267.7871003,570804371.5339894,15.537090275231485,2.673215884665911,8.886131310013214,6515.0,0.0,0.0,47.0,1.0,34.0,0.038485066458979034
1700430487,0.2851440706517739,0.28863764245799783,0.04467538143122924,0.0,0.11533682704923812,1123096536.5764384,570976951.0733186,13.42560524690429,8.061530950901686,8.735348437014329,6515.0,0.0,0.0,42.0,1.0,34.0,0.0034935718062239496
1700430488,0.29545403709597073,0.3215078050669917,0.04725978438179385,0.0,0.02,1123215531.1659424,571037451.4517497,21.064716285703685,14.592243231008226,8.708199876152705,6515.0,0.0,0.0,49.0,1.0,34.0,0.02605376797102099
1700430489,0.3133668013622177,0.22189280753641002,0.04704260631080829,0.0,0.19548418522742103,1123457630.1141274,571096713.2718853,17.60931532349805,11.439612872901888,8.761024024661438,6515.0,0.0,0.0,46.0,1.0,34.0,0.09147399382580765
1700430490,0.29353100253147024,0.32332278902554185,0.020852431395747956,0.0,0.2859003856354604,1123661346.9521315,571256318.0867871,12.630707727643687,15.745410591624827,8.647466583005826,6515.0,0.0,0.0,40.0,1.0,34.0,0.029791786494071604
1700430491,0.31043825083512894,0.2649644419418187,0.03672019799599494,0.0,0.23197327701953835,1123833743.413117,571448195.1953449,8.668643670509859,2.3318058358631966,8.916496858678924,6515.0,0.0,0.0,47.0,1.0,34.0,0.045473808893310264
1700430492,0.3129394337013653,0.2544214913811854,0.011030573560073968,0.0,0.2235247460748907,1123917982.2766123,571503815.4700153,18.137618297989746,13.26596157275848,9.057566180469745,6515.0,0.0,0.0,52.0,1.0,34.0,0.05851794232017987
1700430493,0.25182238636074317,0.31124538620507125,0.047441231152051164,0.0,0.25563565985686293,1124127454.5182662,571556052.6238985,14.230150910384015,9.812225874141083,8.762407187770526,6515.0,0.0,0.0,53.0,1.0,34.0,0.059422999844328084
1700430494,0.3336138361846255,0.25254612574146806,0.0376792024185624,0.0,0.18494391235344967,1124366661.188514,571704980.8913386,12.090834403018059,9.099309956448804,8.505267509082401,6515.0,0.0,0.0,46.0,1.0,34.0,0.08106771044315741
1700430495,0.2878441695410492,0.2528985773285172,0.09092380214219914,0.0,0.18559836873553265,1124494672.0729342,571819504.3057444,6.696135733859711,9.70452686533831,8.510851111093798,6515.0,0.0,0.0,52.0,1.0,34.0,0.03494559221253196
1700430496,0.2659894613609819,0.3083606695843713,0.032749686745521055,0.0,0.20754855354358157,1124726340.905828,571939773.2902092,19.205296327364266,8.971609222565691,8.594553096536128,6515.0,0.0,0.0,41.0,1.0,34.0,0.04237120822338941
1700430497,0.312923710001276,0.2846239799029344,0.01658820216853323,0.0,0.11894950953757498,1124846586.651731,572012022.831279,11.567379347442664,14.996289108869352,8.699434618224847,6515.0,0.0,0.0,42.0,1.0,34.0,0.02829973009834158
1700430498,0.30142418675642685,0.231339292278645,0.06593392760855826,0.0,0.22759349913187277,1124946841.21848,572171539.9681258,13.124639157605671,12.993611032249959,8.671722365707755,6515.0,0.0,0.0,51.0,1.0,34.0,0.07008489447778185
1700430499,0.29360870794019034,0.2718151444395162,0.042040285670216324,0.0,0.2642397591724247,1125123897.281628,572354400.6338471,10.294539881846717,13.912122821636093,8.624413958286215,6515.0,0.0,0.0,46.0,1.0,34.0,0.02179356350067413
1700430500,0.28919421126857525,0.289694705350903,0.04432890492976313,0.0,0.27578679492617175,1125288451.7241633,572473996.2832606,11.81766973269344,11.044324560033619,8.892750501595868,6515.0,0.0,0.0,50.0,1.0,34.0,0.0005004940823277737
1700430501,0.21410646760174562,0.2757915549825657,0.016235545807565383,0.0,0.1348373770951337,1125374135.491492,572569138.2736267,12.29138409433036,16.149226558793924,8.882583585731005,6515.0,0.0,0.0,54.0,1.0,34.0,0.06168508738082007
1700430502,0.26926940347750883,0.27396972804281516,0.03760957459050855,0.0,0.1379651823610413,1125577871.8203697,572728243.4924304,12.306700888440815,9.097215439904257,8.97426491777932,6515.0,0.0,0.0,52.0,1.0,34.0,0.004700324565306335
1700430503,0.29631337364793253,0.2996892806109777,0.04275890566325798,0.0,0.11789076944685423,1125703618.7278814,572801692.4436504,11.373337698815291,12.569366465501222,8.820591645857062,6515.0,0.0,0.0,49.0,1.0,34.0,0.0033759069630451832
1700430504,0.2385480383479674,0.3027893944131851,0.01903706089444544,0.0,0.24758657212670773,1125894584.7595167,572978076.9333798,12.80326387427332,16.00559687654017,8.931369235245356,6515.0,0.0,0.0,40.0,1.0,34.0,0.06424135606521769
1700430505,0.3345993036625825,0.2808631358429014,0.03406401354506856,0.0,0.0668993601482185,1126139154.9052806,573031670.7782792,15.262429536697688,15.961645523718834,8.77478562042506,6515.0,0.0,0.0,52.0,1.0,34.0,0.0537361678196811
1700430506,0.31168210493457815,0.2994057948405269,0.032953283369606456,0.0,0.2268764383971682,1126363967.6644323,573211996.6073061,9.849813155211628,9.977694952801418,8.896131063880649,6515.0,0.0,0.0,50.0,1.0,34.0,0.01227631009405128
1700430507,0.2836745570001815,0.26989820587451063,0.04852745363020813,0.0,0.1688189138439406,1126490158.1858907,573375710.5595032,7.352662409602328,13.666193772425267,8.866900421693185,6515.0,0.0,0.0,47.0,1.0,34.0,0.013776351125670883
1700430508,0.2372863643940646,0.25568629342240756,0.03251800085187437,0.0,0.1889124036315801,1126583263.5284321,573433566.1125818,13.713657853324015,17.885664832622833,8.64578168885678,6515.0,0.0,0.0,53.0,1.0,34.0,0.018399929028342976
1700430509,0.32086728543562737,0.2827381556154352,0.03259049924956815,0.0,0.24255405207540756,1126754450.9851348,573518662.3900273,22.151085642481796,7.5529831372977485,8.921016820079661,6515.0,0.0,0.0,51.0,1.0,34.0,0.038129129820192176
1700430510,0.26611759714463323,0.23959249349194717,0.048646278011702564,0.0,0.29240218011802754,1126978841.0092976,573660393.492718,21.57988661876502,7.999373730492915,8.647958096426365,6515.0,0.0,0.0,51.0,1.0,34.0,0.026525103652686066
1700430511,0.27138719839463105,0.28121768717085527,0.039138880475751286,0.0,0.14755556238105147,1127120609.8132944,573855315.0273702,11.94054954639541,10.108116041609915,8.646694525706199,6515.0,0.0,0.0,43.0,1.0,34.0,0.009830488776224222
1700430512,0.2859902765306225,0.32686507972351037,0.04317695723152071,0.0,0.14604594961691264,1127222835.7898352,574035987.3505414,18.776490120790726,10.24781220633507,8.824834397585837,6515.0,0.0,0.0,40.0,1.0,34.0,0.04087480319288789
1700430513,0.3062798613817719,0.3234792095674869,0.06447042194525829,0.0,0.17379606949010268,1127431984.5215971,574141573.2811863,11.77016418960541,16.73034935596333,8.666012759066122,6515.0,0.0,0.0,44.0,1.0,34.0,0.017199348185715002
1700430514,0.3091495528094323,0.307717025263433,0.046371615229585744,0.0,0.2012530923248627,1127520300.8089986,574291442.7693841,19.67946594158741,15.48728711175536,8.738928317675903,6515.0,0.0,0.0,53.0,1.0,34.0,0.001432527545999318
1700430515,0.2951596328494278,0.24534215827274047,0.06388845742111532,0.0,0.07069849724421569,1127665051.9969583,574472224.9840704,13.358320991447846,14.268464730055594,8.867532610695234,6515.0,0.0,0.0,43.0,1.0,34.0,0.04981747457668734
1700430516,0.2528400062270975,0.24527659290908715,0.004064291826831219,0.0,0.17462717074048276,1127859340.1949773,574669800.461581,8.452010885759147,11.113982850668704,8.807335952810035,6515.0,0.0,0.0,54.0,1.0,34.0,0.007563413318010359
1700430517,0.2750052675245345,0.306485492864364,0.01682599729299104,0.0,0.04224035043910404,1128105644.2100492,574838952.0550159,16.607253981598816,9.957075753740618,8.811058544383904,6515.0,0.0,0.0,49.0,1.0,34.0,0.03148022533982947
1700430518,0.3359219707840584,0.3046785920164151,0.03135636302244081,0.0,0.1326131383891696,1128267219.287425,574996444.7181411,5.258688494921309,14.483553003319509,8.77851140102294,6515.0,0.0,0.0,43.0,1.0,34.0,0.03124337876764327
1700430519,0.3625420736938637,0.2881481990380523,0.041724302807103215,0.0,0.21672795811722137,1128428630.6050649,575066679.5404247,14.32638893710127,6.8019616599201465,8.765756713363308,6515.0,0.0,0.0,53.0,1.0,34.0,0.07439387465581143
1700430520,0.29243959775149664,0.3342114450192714,0.023408553033878964,0.0,0.14953131765316158,1128586594.735855,575210411.1299314,15.924878441380303,14.51124257723491,8.69937653650224,6515.0,0.0,0.0,51.0,1.0,34.0,0.041771847267774775
1700430521,0.21292018849856706,0.3385653039958038,0.06749247040907852,0.0,0.22907390329954103,1128745404.3760529,575318074.3180671,14.204328577677463,12.193190117602,8.801199795239317,6515.0,0.0,0.0,43.0,1.0,34.0,0.12564511549723675
1700430522,0.3025080539253082,0.3099766792916489,0.07708839129331402,0.0,0.04528244952543345,1128932559.451481,575466074.7445291,11.033870491415545,9.310530088737107,8.782413332485437,6515.0,0.0,0.0,51.0,1.0,34.0,0.0074686253663406865
1700430523,0.251677208046361,0.25953513662963806,0.0328182281711771,0.0,0.19332589454823723,1129028208.3395147,575591661.6084471,16.916829772586517,14.097506234260322,8.912666501923203,6515.0,0.0,0.0,42.0,1.0,34.0,0.007857928583277052
1700430524,0.33578980853094853,0.3155871044319325,0.033032444641474035,0.0,0.08672097749618678,1129190798.094083,575645440.518379,14.888097436150442,7.933752925470202,8.885275748751365,6515.0,0.0,0.0,44.0,1.0,34.0,0.020202704099016033
1700430525,0.2813116082479797,0.26917267208851536,0.038603454507322436,0.0,0.2124005139436081,1129393376.228233,575728870.9642152,12.53195014844053,13.615238714294621,8.82425400292271,6515.0,0.0,0.0,42.0,1.0,34.0,0.01213893615946432
1700430526,0.26989322256936843,0.3059136168579736,0.047641922068595174,0.0,0.18764017760392226,1129551902.5095341,575921034.0997972,13.258680230434338,12.469676963710251,8.627521837201932,6515.0,0.0,0.0,54.0,1.0,34.0,0.03602039428860515
1700430527,0.24996889713206055,0.3080958022205706,0.050300654498540834,0.0,0.08142139649874433,1129757086.827611,576069150.3210341,17.574634336627636,17.95999983204794,8.589281667326155,6515.0,0.0,0.0,43.0,1.0,34.0,0.05812690508851004
1700430528,0.24695006784268736,0.26267149483578245,0.05273626636175802,0.0,0.2943720615351968,1129995357.6329384,576195012.414898,16.36153800236241,11.479053326677372,8.642781882983424,6515.0,0.0,0.0,41.0,1.0,34.0,0.01572142699309509
1700430529,0.34560357946701625,0.35358591471754874,0.05478339402672401,0.0,0.1624319842041639,1130201167.5659585,576267035.305271,19.23649035844915,13.161246074095546,8.54114551582941,6515.0,0.0,0.0,54.0,1.0,34.0,0.00798233525053249
1700430530,0.2581033596311769,0.29512430983115434,0.03309622012038842,0.0,0.3128033453957245,1130393819.1754785,576423752.1276319,20.643887618200015,15.043072207925885,8.812417446989004,6515.0,0.0,0.0,54.0,1.0,34.0,0.03702095019997742
1700430531,0.38414323758463537,0.2819350981716939,0.02678660896541233,0.0,0.19714387228544455,1130478213.2183752,576601847.1369996,8.409264560694943,16.972175213594824,8.758409241608005,6515.0,0.0,0.0,45.0,1.0,34.0,0.10220813941294149
1700430532,0.2804032832415672,0.27454326038532656,0.08680758359213522,0.0,0.02846793821566626,1130676794.5317416,576683787.4120051,16.87669406583681,11.288084221036936,8.496631966280011,6515.0,0.0,0.0,43.0,1.0,34.0,0.005860022856240654
1700430533,0.2958157449670441,0.31384991250759936,0.06816418076281187,0.0,0.128048730914186,1130828908.3114257,576875769.1165603,11.362972975975715,10.117324385621199,9.034446313885638,6515.0,0.0,0.0,54.0,1.0,34.0,0.018034167540555257
1700430534,0.28841664280628015,0.29010080533105775,0.04854638705865111,0.0,0.1958514098695082,1130956421.9612784,577020019.5211663,13.727006110273084,21.924649811151326,8.791304609604499,6515.0,0.0,0.0,49.0,1.0,34.0,0.0016841625247775993
1700430535,0.31907315217954146,0.29390890580275875,0.03696299907254369,0.0,0.11884114097241923,1131115748.6983783,577123142.7736344,15.428255670600938,6.62997268409469,8.775531713786044,6515.0,0.0,0.0,44.0,1.0,34.0,0.025164246376782717
1700430536,0.3068869257868616,0.25726163428903687,0.010157693755157834,0.0,0.09616999875842965,1131329694.8893538,577216312.6648487,11.903942065579319,9.28522175841824,8.633287745869149,6515.0,0.0,0.0,44.0,1.0,34.0,0.04962529149782474
1700430537,0.28377944303481795,0.2618022309443902,0.02757369719577965,0.0,0.16886874249310302,1131482600.079305,577357436.97169,14.582241151563279,15.919973325060894,8.735101112263926,6515.0,0.0,0.0,47.0,1.0,34.0,0.021977212090427745
1700430538,0.25328169858472926,0.301205887985408,0.02449797467955194,0.0,0.2789252228952755,1131565443.6147897,577538224.085432,13.26091908422514,9.747393829110134,8.844362846258818,6515.0,0.0,0.0,41.0,1.0,34.0,0.04792418940067872
1700430539,0.27562646031544474,0.24911694128531425,0.030529983945284868,0.0,0.1537948362520978,1131700502.7410958,577690010.4203527,18.855791329273984,6.983244366254729,8.811269809435103,6515.0,0.0,0.0,43.0,1.0,34.0,0.02650951903013049
1700430540,0.27824042198912946,0.30736847915919174,0.00595964917876575,0.0,0.12520511294649328,1131894130.4666448,577835600.9774123,18.034976887273636,12.609993341660747,8.901718202848482,6515.0,0.0,0.0,52.0,1.0,34.0,0.029128057170062283
1700430541,0.41211756487889856,0.3116294401556876,0.013713803047076242,0.0,0.20088017153812407,1132093014.6031103,577907629.7308729,17.90377048979064,16.207357951984264,8.866093289888768,6515.0,0.0,0.0,43.0,1.0,34.0,0.10048812472321095
1700430542,0.3278467398657357,0.2936336419246287,0.015633301775990004,0.0,0.1246197534035214,1132285211.6861677,578026804.6913781,9.845894482521416,12.481928499036966,8.793057942686593,6515.0,0.0,0.0,48.0,1.0,34.0,0.034213097941106996
1700430543,0.27484372035478705,0.30401338014622076,0.058325242436977856,0.0,0.32331951691276556,1132459948.5804586,578225567.4764724,16.699949251510432,14.280988768876005,8.830092757995189,6515.0,0.0,0.0,46.0,1.0,34.0,0.02916965979143371
1700430544,0.3801292765573656,0.29243148718567036,0.053747519472355586,0.0,0.08131132400410225,1132572320.3140867,578307411.8151617,13.920271618863513,10.391780117775006,8.681365758434495,6515.0,0.0,0.0,54.0,1.0,34.0,0.08769778937169526
1700430545,0.2939353963708451,0.2788877382315454,0.047768166402463015,0.0,0.04075531727315271,1132663551.1674514,578460313.062948,10.222735680057298,15.42893354287917,8.851006719663996,6515.0,0.0,0.0,44.0,1.0,34.0,0.015047658139299702
1700430546,0.32997706974869884,0.23846578764084886,0.0209875598398542,0.0,0.1968242746246004,1132895173.9228804,578577460.9873439,3.8102824987960275,14.666907724538287,8.749821720230457,6515.0,0.0,0.0,49.0,1.0,34.0,0.09151128210784998
1700430547,0.3099679127889667,0.3303620219711381,0.060053636788035686,0.0,0.043985201422404,1132986377.8604457,578648707.1261843,21.04040340904148,2.6215134354013365,8.899130270910568,6515.0,0.0,0.0,46.0,1.0,34.0,0.020394109182171438
1700430548,0.28853035297033686,0.290266242856325,0.015004424358036218,0.0,0.19292009571048438,1133199529.6315846,578808085.7744914,10.188100809353521,15.139684031428292,8.854851209905211,6515.0,0.0,0.0,42.0,1.0,34.0,0.0017358898859881622
1700430549,0.3467111509275047,0.31288580053648446,0.05809662762642964,0.0,0.10295550279956489,1133290292.7066917,578972900.0679384,13.90134067777818,15.02789886587744,8.341924341231403,6515.0,0.0,0.0,51.0,1.0,34.0,0.03382535039102025
1700430550,0.2813707988503262,0.2623959928707526,0.05188814347650768,0.0,0.05477185532355916,1133431019.039804,579147306.5828302,12.65195253242995,13.035958405856569,8.523005726542014,6515.0,0.0,0.0,50.0,1.0,34.0,0.018974805979573572
1700430551,0.2307242143648084,0.33024141345871105,0.03967581718979838,0.0,0.11820738544411691,1133657167.4429321,579228332.7871764,10.971289536197155,8.898290316944369,9.039820577067383,6515.0,0.0,0.0,49.0,1.0,34.0,0.09951719909390266
1700430552,0.2511046796303391,0.28438853312461015,0.042091322586313526,0.0,0.28396446229748296,1133803305.1653352,579291391.2794766,17.398283262564025,17.125177648565934,8.711966328893949,6515.0,0.0,0.0,52.0,1.0,34.0,0.03328385349427104
1700430553,0.2705556088819796,0.3130725655248851,0.034574438584957914,0.0,0.37197996770558867,1133994543.998588,579352814.5687796,8.080283002115767,11.175934481577736,8.634350815891136,6515.0,0.0,0.0,53.0,1.0,34.0,0.0425169566429055
1700430554,0.2768217308024546,0.33648369319718663,0.01859198791371427,0.0,0.18414841538189994,1134135364.499906,579461293.1151232,10.0539915402317,10.959469321037632,8.96921891433163,6515.0,0.0,0.0,51.0,1.0,34.0,0.05966196239473204
1700430555,0.2880487405936772,0.2999341059949139,0.06902485866022012,0.0,0.22083966053447487,1134220399.816134,579652706.72266,13.599028778763584,15.011489650382002,8.602927566689132,6515.0,0.0,0.0,44.0,1.0,34.0,0.011885365401236692
1700430556,0.3372322762279912,0.36550517931961896,0.06696370541202032,0.0,0.19653033299865377,1134439574.6743696,579846788.4067876,7.28919807668039,11.574301429756112,8.881361544548495,6515.0,0.0,0.0,41.0,1.0,34.0,0.028272903091627777
1700430557,0.3601571348215846,0.31108289210913087,0.06176578848265925,0.0,0.2799505853628498,1134686769.943704,579952876.6016797,13.888142801204326,18.28083017404112,8.79466025898966,6515.0,0.0,0.0,41.0,1.0,34.0,0.04907424271245375
1700430558,0.2547038207695909,0.2739621577998284,0.051735987964188164,0.0,0.24590138480674045,1134859457.3109176,580092249.438254,6.169298561907662,12.823030760455335,8.817456488638152,6515.0,0.0,0.0,44.0,1.0,34.0,0.019258337030237493
1700430559,0.30262654665737687,0.26841152715669603,0.011130315484548684,0.0,0.053125234585700676,1134945579.927756,580234990.4888893,12.832188872520986,7.982626448831492,8.610165478745838,6515.0,0.0,0.0,49.0,1.0,34.0,0.03421501950068084
1700430560,0.25983606949202803,0.3166118727549254,0.035782781762239084,0.0,0.11882573877031585,1135026443.2589445,580324988.062672,11.49247752392698,10.03421316467521,8.763285336596622,6515.0,0.0,0.0,43.0,1.0,34.0,0.056775803262897384
1700430561,0.24688341830244936,0.3018411132225261,0.008300565530295158,0.0,0.3324977438786687,1135117075.7909522,580421695.7383636,9.852870339798459,10.786782399733012,8.747819110610168,6515.0,0.0,0.0,42.0,1.0,34.0,0.05495769492007674
1700430562,0.255435901913147,0.27562121411271817,0.025516732709913205,0.0,0.20018077867799067,1135214290.3293397,580563946.8532722,12.77853811828354,10.352430780350524,8.669164462459468,6515.0,0.0,0.0,45.0,1.0,34.0,0.020185312199571148
1700430563,0.3166055327195335,0.27491275755525607,0.022031339371102555,0.0,0.2457836980799454,1135409674.5349567,580744714.3290609,14.109436831406237,13.96650703134057,9.042450163739918,6515.0,0.0,0.0,47.0,1.0,34.0,0.04169277516427744
1700430564,0.212985273583479,0.3186564303284237,0.06168348561426345,0.0,0.09538551853632377,1135492658.2461698,580833628.2551311,9.785470512184702,11.798382321603192,8.871672747808477,6515.0,0.0,0.0,51.0,1.0,34.0,0.10567115674494473
1700430565,0.26151988437722445,0.2997020892932039,0.04866957486787167,0.0,0.13591048874696027,1135630458.1841922,581029454.6728653,17.97015002662799,12.166816483446706,8.836553428506551,6515.0,0.0,0.0,54.0,1.0,34.0,0.038182204915979456
1700430566,0.313663635361236,0.2923156218519824,0.056731625978868314,0.0,0.17952864483104125,1135875319.662621,581164468.7399334,11.38705412316034,3.806526913814496,8.596367223673667,6515.0,0.0,0.0,47.0,1.0,34.0,0.021348013509253583
1700430567,0.39728827418658363,0.20226264616458167,0.06161529947645074,0.0,0.33221596739943726,1136005392.0391285,581252825.0757517,21.712479570908876,9.995601794506635,8.905928227656636,6515.0,0.0,0.0,47.0,1.0,34.0,0.19502562802200196
1700430568,0.26361731788273235,0.2725545940448807,0.014138861373065081,0.0,0.15929270490403336,1136131764.3455777,581312946.9633887,16.449372959716236,13.735857550526465,8.643622778215883,6515.0,0.0,0.0,53.0,1.0,34.0,0.008937276162148344
1700430569,0.2760776181986013,0.2847108854595427,0.040614759472945766,0.0,0.08926182451264224,1136370871.9822357,581391369.008487,9.163249528921515,9.58856111182193,8.798424954972095,6515.0,0.0,0.0,48.0,1.0,34.0,0.00863326726094138
1700430570,0.3139090126662243,0.2964886631072931,0.06173849469736443,0.0,0.02,1136477047.9643195,581518808.2441992,18.367379271646236,10.375076742918845,8.875861235081883,6515.0,0.0,0.0,40.0,1.0,34.0,0.01742034955893118
1700430571,0.34061732813949525,0.2623546578936828,0.012894654186820384,0.0,0.25376029394005634,1136627955.4096596,581668025.0059396,7.691178239750994,14.195984833004886,8.643506108602391,6515.0,0.0,0.0,53.0,1.0,34.0,0.07826267024581246
1700430572,0.40361498142875907,0.25989400540420093,0.03014831627688968,0.0,0.25079550495319763,1136876634.2789428,581819818.7870151,10.303321895736094,11.525689161035436,8.705414543552092,6515.0,0.0,0.0,46.0,1.0,34.0,0.14372097602455813
1700430573,0.28865756398315534,0.24978470713652262,0.05324032846809727,0.0,0.12255628255300191,1137076330.3068538,581880864.8200024,18.9940263443979,9.36279370013467,8.785165606794585,6515.0,0.0,0.0,49.0,1.0,34.0,0.03887285684663272
1700430574,0.2501868971905894,0.29569269769960677,0.058313607099592886,0.0,0.20263934986441398,1137298581.563868,581963351.9938339,10.950077785614335,8.971982590447034,8.672317574825204,6515.0,0.0,0.0,41.0,1.0,34.0,0.04550580050901737
1700430575,0.3342822310959061,0.3102307125263515,0.028132820450127327,0.0,0.2585174969486923,1137463308.9441965,582108845.1874079,12.472119098068458,16.77195268198608,8.88054825832925,6515.0,0.0,0.0,43.0,1.0,34.0,0.02405151856955462
1700430576,0.3713225992833459,0.21978686960116772,0.016749235015827552,0.0,0.23086598266386163,1137686058.7392979,582209179.5885521,14.403890291415662,13.245136227558822,8.874875508933524,6515.0,0.0,0.0,52.0,1.0,34.0,0.15153572968217816
1700430577,0.3151267109047052,0.2459111365990742,0.033756786086840115,0.0,0.18464548752164348,1137825025.2422786,582400501.0536102,11.417077697137938,13.20027952640791,8.445163604492564,6515.0,0.0,0.0,46.0,1.0,34.0,0.06921557430563097
1700430578,0.21459086407764988,0.3222583999962343,0.08954998960913563,0.0,0.23169452333184634,1138056711.8508763,582521094.2490706,10.739900279031762,13.487817964929695,8.851994257529658,6515.0,0.0,0.0,48.0,1.0,34.0,0.10766753591858441
1700430579,0.35864236897320667,0.29552503253299506,0.056896274541150565,0.0,0.16892463517211667,1138292419.4908996,582679260.5518993,15.282683748548221,12.125242594141184,8.978730551351333,6515.0,0.0,0.0,44.0,1.0,34.0,0.06311733644021161
1700430580,0.25700342314050395,0.26919748617730627,0.024990579589084218,0.0,0.18345477697602153,1138498020.9354231,582825951.3070813,5.670921676735031,5.664774970521665,8.840892941572358,6515.0,0.0,0.0,49.0,1.0,34.0,0.012194063036802316
1700430581,0.23039185040312724,0.30947745767547236,0.03271958089820342,0.0,0.13475570694795616,1138605721.5183,582993210.7873505,16.39683728041578,5.724067548482494,8.772007914075619,6515.0,0.0,0.0,48.0,1.0,34.0,0.07908560727234512
1700430582,0.3287262703071453,0.27711269097692287,0.03128164546465351,0.0,0.1569960477124581,1138718963.9472942,583065424.4576709,17.744002609226197,15.195684227777786,9.078536762753734,6515.0,0.0,0.0,40.0,1.0,34.0,0.051613579330222426
1700430583,0.2704544806353011,0.2703442082557741,0.004468892010408537,0.0,0.08524610940416448,1138846883.9341984,583204884.9050658,18.60230841865577,10.287696163374989,8.805227123134001,6515.0,0.0,0.0,52.0,1.0,34.0,0.00011027237952698776
1700430584,0.4118575918705153,0.30495743744385573,0.05819738499047783,0.0,0.2788221751800512,1138949246.6723924,583392633.0756131,12.355192907068052,10.519849985759436,8.737532416926978,6515.0,0.0,0.0,47.0,1.0,34.0,0.10690015442665957
1700430585,0.3162857056163895,0.2983144244644828,0.026266611573957592,0.0,0.11831642650143734,1139169039.4634464,583591214.8168695,11.36234590391235,13.888854781861033,8.53912158391868,6515.0,0.0,0.0,50.0,1.0,34.0,0.017971281151906715
1700430586,0.40181325168541976,0.2726155657473763,0.056280580330164344,0.0,0.07267971282104406,1139304692.534173,583772144.0414723,13.214780868530532,15.119926429797744,8.95660840729509,6515.0,0.0,0.0,44.0,1.0,34.0,0.12919768593804348
1700430587,0.24344783483255863,0.30087888546383396,0.05103052909838231,0.0,0.06043296764924583,1139426060.6011448,583881013.1045142,8.439457807493469,18.46515422918226,8.673472584333638,6515.0,0.0,0.0,43.0,1.0,34.0,0.05743105063127532
1700430588,0.33988978969910244,0.2307835248864066,0.010700716101344786,0.0,0.27193499471867205,1139547767.4054801,584002691.9039764,19.932748293273633,9.334484037716162,8.873045698304148,6515.0,0.0,0.0,49.0,1.0,34.0,0.10910626481269584
1700430589,0.3180031344699145,0.26604622724776894,0.031969325034738205,0.0,0.10183163568939675,1139672721.0120287,584160421.652389,15.006719040302645,14.710851771102837,8.69128060526016,6515.0,0.0,0.0,49.0,1.0,34.0,0.051956907222145576
1700430590,0.27436542233639744,0.3267223570310042,0.07715322879249549,0.0,0.23808014440311825,1139861827.6758149,584328089.9598246,18.397245848246545,17.5648362816398,9.088084070818644,6515.0,0.0,0.0,42.0,1.0,34.0,0.05235693469460678
1700430591,0.34017943323004485,0.32134480482253414,0.016177568606927203,0.0,0.28482750712002386,1140041527.1793096,584441955.6957916,17.12298515430325,8.050371769851916,8.794011105677916,6515.0,0.0,0.0,49.0,1.0,34.0,0.018834628407510712
1700430592,0.21419052317627463,0.2691361090335425,0.015003375705107659,0.0,0.3304021476063254,1140261949.4313154,584553881.0805069,21.544735372268722,10.75956770081211,8.655097570033924,6515.0,0.0,0.0,50.0,1.0,34.0,0.05494558585726789
1700430593,0.2849700929492188,0.27882235488599827,0.07181558286915948,0.0,0.09261450998871179,1140477834.652484,584660908.2786353,18.990052357478017,15.915080929707745,8.922608679490502,6515.0,0.0,0.0,54.0,1.0,34.0,0.006147738063220554
1700430594,0.2665995312896249,0.26798450622962683,0.0277818653833678,0.0,0.22835069090722782,1140576855.9484017,584778830.3053036,8.30153843382103,17.207739884653826,8.516685703318482,6515.0,0.0,0.0,44.0,1.0,34.0,0.0013849749400019484
1700430595,0.2538295991649916,0.2781984998825437,0.026576380594097677,0.0,0.22930582145263312,1140803802.6450136,584908028.4523461,12.59185596498031,7.309780771072846,8.770471361445178,6515.0,0.0,0.0,47.0,1.0,34.0,0.0243689007175521
1700430596,0.34492633259334343,0.2571189444741374,0.026629838033013,0.0,0.20991362575784714,1140915500.3611312,585084843.3318295,15.748692790927825,2.2065824514995267,8.521825403367385,6515.0,0.0,0.0,53.0,1.0,34.0,0.08780738811920602
1700430597,0.3162659157100954,0.26585779647993324,0.0142173058532458,0.0,0.27930526593211275,1141063861.8664134,585257707.2030747,10.779951053687322,11.181835792800355,8.605621525612234,6515.0,0.0,0.0,50.0,1.0,34.0,0.05040811923016214
1700430598,0.3037155846316988,0.2835129979467917,0.004868988572839399,0.0,0.28406910866394264,1141199416.688033,585342993.7771444,12.375730847523394,15.604797126973885,8.817174000876761,6515.0,0.0,0.0,41.0,1.0,34.0,0.020202586684907098
1700430599,0.18636731060738138,0.3108799037112637,0.019135622582281377,0.0,0.13317171195630584,1141420550.5490549,585401583.8246168,13.271313197457182,10.062037708407388,9.048524620515074,6515.0,0.0,0.0,54.0,1.0,34.0,0.12451259310388235
